<?xml version = '1.0' encoding = 'UTF-8'?>
<SchemaSqlServerv2k5 class="oracle.dbtools.crest.model.design.storage.sqlserver.v2k5.SchemaSqlServerv2k5" name="maxdat" directorySegmentName="seg_0" id="5">
<sourceConnName>UK_HWS rk50472</sourceConnName>
<sourceObjSchema>UK_HWS</sourceObjSchema>
<sourceObjName>maxdat</sourceObjName>
<createdBy>50472</createdBy>
<createdTime>2014-11-20 22:42:08 UTC</createdTime>
<ownerDesignName>UK_HWS_Assessments_data_model_diagram12172014</ownerDesignName>
<schemaObject>128B294F-19A7-C2B3-7880-62BFDF1A5481</schemaObject>
<database>9E5DB530-24AB-88CE-E991-EFC5690BE626</database>
<uid>16384</uid>
</SchemaSqlServerv2k5>