<?xml version = '1.0' encoding = 'UTF-8'?>
<TableProxyOraclev11g class="oracle.dbtools.crest.model.design.storage.oracle.v11g.TableProxyOraclev11g" name="D_MFDOC_DOCUMENT_STATUS" directorySegmentName="seg_0" id="07FBF2B6-F0EA-ADCA-AD12-C315F41BFC9D">
<createdBy>mb56142</createdBy>
<createdTime>2014-06-25 02:27:49 UTC</createdTime>
<ownerDesignName>TXEB_BPM_Semantic_data_model_diagram</ownerDesignName>
<schemaObject>121AEE1F-FD79-403A-F17D-FF8859EA2228</schemaObject>
<logging>YES</logging>
<partitionedRowMovement>DISABLE</partitionedRowMovement>
<segment>E000C611-2E9F-DA34-F329-A6B5C6F33EE0</segment>
<tableSpace>593E9FBA-648C-CE17-93AD-BE603B2C2E28</tableSpace>
<temporaryChanged>false</temporaryChanged>
<indexProxies>
<IndexProxy class="oracle.dbtools.crest.model.design.storage.oracle.v10g.IndexProxyOraclev10g" name="DMFDOCDS_UIX1" id="B5A439BA-CDAC-C830-688A-D1875EB7C199">
<createdBy>mb56142</createdBy>
<createdTime>2014-06-25 02:27:49 UTC</createdTime>
<ownerDesignName>TXEB_BPM_Semantic_data_model_diagram</ownerDesignName>
<schemaObject>121AEE1F-FD79-403A-F17D-FF8859EA2228</schemaObject>
<parallel>YES</parallel>
<segment>004D47FE-86B3-05E6-C429-34018ED24267</segment>
<tableSpace>642E83AF-B691-22DC-5B5D-10BC6C17C55A</tableSpace>
</IndexProxy>
<IndexProxy class="oracle.dbtools.crest.model.design.storage.oracle.v10g.IndexProxyOraclev10g" name="DMFDOCDS_PK" id="FE129448-FFDF-72B4-2852-8BE764BC995C">
<createdBy>mb56142</createdBy>
<createdTime>2014-06-25 02:27:49 UTC</createdTime>
<ownerDesignName>TXEB_BPM_Semantic_data_model_diagram</ownerDesignName>
<schemaObject>121AEE1F-FD79-403A-F17D-FF8859EA2228</schemaObject>
<parallel>YES</parallel>
<segment>004D47FE-86B3-05E6-C429-34018ED24267</segment>
<tableSpace>642E83AF-B691-22DC-5B5D-10BC6C17C55A</tableSpace>
</IndexProxy>
</indexProxies>
<columnProxies itemClass="oracle.dbtools.crest.model.design.storage.oracle.v12c.ColumnProxyOraclev12c">
<ColumnProxy name="DMFDOCDS_ID" id="1A8F4D7A-544A-1AEC-102E-19D8193979BC">
<createdBy>mb56142</createdBy>
<createdTime>2014-06-25 02:27:49 UTC</createdTime>
<ownerDesignName>TXEB_BPM_Semantic_data_model_diagram</ownerDesignName>
</ColumnProxy>
<ColumnProxy name="Document Status" id="BD40A769-F8CD-A142-5B95-9F37A2DD0063">
<createdBy>mb56142</createdBy>
<createdTime>2014-06-25 02:27:49 UTC</createdTime>
<ownerDesignName>TXEB_BPM_Semantic_data_model_diagram</ownerDesignName>
<nameHasQuotes>true</nameHasQuotes>
</ColumnProxy>
</columnProxies>
<primaryKeys>
<PrimaryKey class="oracle.dbtools.crest.model.design.storage.oracle.v10g.PKProxyOraclev10g" name="DMFDOCDS_PK" id="3F1DBB44-3C91-8FD3-C7FD-8B89CD0C96C3">
<createdBy>mb56142</createdBy>
<createdTime>2014-06-25 02:27:50 UTC</createdTime>
<ownerDesignName>TXEB_BPM_Semantic_data_model_diagram</ownerDesignName>
<segment>004D47FE-86B3-05E6-C429-34018ED24267</segment>
<tableSpace>642E83AF-B691-22DC-5B5D-10BC6C17C55A</tableSpace>
<existingIndex>FE129448-FFDF-72B4-2852-8BE764BC995C</existingIndex>
<indexSegment>004D47FE-86B3-05E6-C429-34018ED24267</indexSegment>
<indexSort>SORTED</indexSort>
<usingIndex>BY INDEX NAME</usingIndex>
</PrimaryKey>
</primaryKeys>
</TableProxyOraclev11g>