<?xml version = '1.0' encoding = 'UTF-8'?>
<TableProxyOraclev11g class="oracle.dbtools.crest.model.design.storage.oracle.v11g.TableProxyOraclev11g" name="D_MFDOC_CURRENT" directorySegmentName="seg_0" id="0B45A501-CFA1-F65E-7DB2-1B7A5E877BC4">
<createdBy>mb56142</createdBy>
<createdTime>2014-06-25 02:25:30 UTC</createdTime>
<ownerDesignName>TXEB_BPM_Semantic_data_model_diagram</ownerDesignName>
<schemaObject>121AEE1F-FD79-403A-F17D-FF8859EA2228</schemaObject>
<logging>YES</logging>
<parallel>YES</parallel>
<partitionedRowMovement>DISABLE</partitionedRowMovement>
<segment>E000C611-2E9F-DA34-F329-A6B5C6F33EE0</segment>
<tableSpace>593E9FBA-648C-CE17-93AD-BE603B2C2E28</tableSpace>
<temporaryChanged>false</temporaryChanged>
<indexProxies>
<IndexProxy class="oracle.dbtools.crest.model.design.storage.oracle.v10g.IndexProxyOraclev10g" name="DMFDOCCUR_PK" id="1D02FCBE-148F-331E-7E77-C4E1F492FBE2">
<createdBy>mb56142</createdBy>
<createdTime>2014-06-25 02:25:30 UTC</createdTime>
<ownerDesignName>TXEB_BPM_Semantic_data_model_diagram</ownerDesignName>
<schemaObject>121AEE1F-FD79-403A-F17D-FF8859EA2228</schemaObject>
<parallel>YES</parallel>
<segment>004D47FE-86B3-05E6-C429-34018ED24267</segment>
<tableSpace>642E83AF-B691-22DC-5B5D-10BC6C17C55A</tableSpace>
</IndexProxy>
</indexProxies>
<columnProxies itemClass="oracle.dbtools.crest.model.design.storage.oracle.v12c.ColumnProxyOraclev12c">
<ColumnProxy name="Link Via" id="01B9BA72-97A1-34B9-1CB7-AB602917099C">
<createdBy>mb56142</createdBy>
<createdTime>2014-06-25 02:25:30 UTC</createdTime>
<ownerDesignName>TXEB_BPM_Semantic_data_model_diagram</ownerDesignName>
<nameHasQuotes>true</nameHasQuotes>
</ColumnProxy>
<ColumnProxy name="Original DCN" id="037B4481-1CF8-692E-E86C-C20F2AB3A1A5">
<createdBy>mb56142</createdBy>
<createdTime>2014-06-25 02:25:30 UTC</createdTime>
<ownerDesignName>TXEB_BPM_Semantic_data_model_diagram</ownerDesignName>
<nameHasQuotes>true</nameHasQuotes>
</ColumnProxy>
<ColumnProxy name="Manual Classify Form Doc Start" id="04BE1EB0-430E-4B1D-B567-B49D385C0374">
<createdBy>mb56142</createdBy>
<createdTime>2014-06-25 02:25:30 UTC</createdTime>
<ownerDesignName>TXEB_BPM_Semantic_data_model_diagram</ownerDesignName>
<nameHasQuotes>true</nameHasQuotes>
</ColumnProxy>
<ColumnProxy name="Cancel By" id="0DB2AD7F-BE2F-3489-0F0B-B33BF4F2A22A">
<createdBy>mb56142</createdBy>
<createdTime>2014-06-25 02:25:30 UTC</createdTime>
<ownerDesignName>TXEB_BPM_Semantic_data_model_diagram</ownerDesignName>
<nameHasQuotes>true</nameHasQuotes>
</ColumnProxy>
<ColumnProxy name="Manual Classify Form Doc End" id="0F1AC84F-CDB0-744C-336A-B964B83A1D4D">
<createdBy>mb56142</createdBy>
<createdTime>2014-06-25 02:25:30 UTC</createdTime>
<ownerDesignName>TXEB_BPM_Semantic_data_model_diagram</ownerDesignName>
<nameHasQuotes>true</nameHasQuotes>
</ColumnProxy>
<ColumnProxy name="Instance Status" id="0F564B2C-95EF-F6FC-C11C-0CF4CABC3357">
<createdBy>mb56142</createdBy>
<createdTime>2014-06-25 02:25:30 UTC</createdTime>
<ownerDesignName>TXEB_BPM_Semantic_data_model_diagram</ownerDesignName>
<nameHasQuotes>true</nameHasQuotes>
</ColumnProxy>
<ColumnProxy name="RESCANNED" id="14A524FC-F1E4-1CBF-D8F1-69FFC8F851F8">
<createdBy>mb56142</createdBy>
<createdTime>2014-06-25 02:25:30 UTC</createdTime>
<ownerDesignName>TXEB_BPM_Semantic_data_model_diagram</ownerDesignName>
</ColumnProxy>
<ColumnProxy name="Create Route Work Flag" id="2C192A3E-3320-E947-3B10-B4D5A4362C05">
<createdBy>mb56142</createdBy>
<createdTime>2014-06-25 02:25:30 UTC</createdTime>
<ownerDesignName>TXEB_BPM_Semantic_data_model_diagram</ownerDesignName>
<nameHasQuotes>true</nameHasQuotes>
</ColumnProxy>
<ColumnProxy name="Create and Route Work Start" id="2CC0F887-133C-634A-80C0-B9AE3230B018">
<createdBy>mb56142</createdBy>
<createdTime>2014-06-25 02:25:30 UTC</createdTime>
<ownerDesignName>TXEB_BPM_Semantic_data_model_diagram</ownerDesignName>
<nameHasQuotes>true</nameHasQuotes>
</ColumnProxy>
<ColumnProxy name="Link Number" id="316E28E7-B1F1-CD7A-3395-99AF6FB3AF8B">
<createdBy>mb56142</createdBy>
<createdTime>2014-06-25 02:25:30 UTC</createdTime>
<ownerDesignName>TXEB_BPM_Semantic_data_model_diagram</ownerDesignName>
<nameHasQuotes>true</nameHasQuotes>
</ColumnProxy>
<ColumnProxy name="Cancel Reason" id="36770AC2-FE9F-C8FA-EDD5-1E83E6DE1485">
<createdBy>mb56142</createdBy>
<createdTime>2014-06-25 02:25:30 UTC</createdTime>
<ownerDesignName>TXEB_BPM_Semantic_data_model_diagram</ownerDesignName>
<nameHasQuotes>true</nameHasQuotes>
</ColumnProxy>
<ColumnProxy name="DCN Jeopardy Status Date" id="3F09D757-0647-49F4-ECF4-C8040C5896D1">
<createdBy>mb56142</createdBy>
<createdTime>2014-06-25 02:25:30 UTC</createdTime>
<ownerDesignName>TXEB_BPM_Semantic_data_model_diagram</ownerDesignName>
<nameHasQuotes>true</nameHasQuotes>
</ColumnProxy>
<ColumnProxy name="DCN Timeliness Status" id="4160133C-28E3-CE13-C526-7C8E6A94B1B0">
<createdBy>mb56142</createdBy>
<createdTime>2014-06-25 02:25:30 UTC</createdTime>
<ownerDesignName>TXEB_BPM_Semantic_data_model_diagram</ownerDesignName>
<nameHasQuotes>true</nameHasQuotes>
</ColumnProxy>
<ColumnProxy name="Cancel Document Processing End" id="4355EB76-F4FA-505C-316E-E96ACDE403AD">
<createdBy>mb56142</createdBy>
<createdTime>2014-06-25 02:25:30 UTC</createdTime>
<ownerDesignName>TXEB_BPM_Semantic_data_model_diagram</ownerDesignName>
<nameHasQuotes>true</nameHasQuotes>
</ColumnProxy>
<ColumnProxy name="DCN" id="44CE2E44-4DBB-C6AA-3EAA-FDF3FD02C933">
<createdBy>mb56142</createdBy>
<createdTime>2014-06-25 02:25:30 UTC</createdTime>
<ownerDesignName>TXEB_BPM_Semantic_data_model_diagram</ownerDesignName>
</ColumnProxy>
<ColumnProxy name="IA Manual Link Task ID" id="4600D0B4-949C-0F89-80B6-921371648C0E">
<createdBy>mb56142</createdBy>
<createdTime>2014-06-25 02:25:30 UTC</createdTime>
<ownerDesignName>TXEB_BPM_Semantic_data_model_diagram</ownerDesignName>
<nameHasQuotes>true</nameHasQuotes>
</ColumnProxy>
<ColumnProxy name="Document Page Count" id="493AA6C6-AF1F-28FF-B4D9-442E6D5E858C">
<createdBy>mb56142</createdBy>
<createdTime>2014-06-25 02:25:30 UTC</createdTime>
<ownerDesignName>TXEB_BPM_Semantic_data_model_diagram</ownerDesignName>
<nameHasQuotes>true</nameHasQuotes>
</ColumnProxy>
<ColumnProxy name="Document Form Type" id="51C9AAF5-A534-89A7-D606-6ECA6BC400C4">
<createdBy>mb56142</createdBy>
<createdTime>2014-06-25 02:25:30 UTC</createdTime>
<ownerDesignName>TXEB_BPM_Semantic_data_model_diagram</ownerDesignName>
<nameHasQuotes>true</nameHasQuotes>
</ColumnProxy>
<ColumnProxy name="Manual Link Image End Flag" id="5BE3E3FE-234C-DD77-02F1-94EDDCFDEB8C">
<createdBy>mb56142</createdBy>
<createdTime>2014-06-25 02:25:30 UTC</createdTime>
<ownerDesignName>TXEB_BPM_Semantic_data_model_diagram</ownerDesignName>
<nameHasQuotes>true</nameHasQuotes>
</ColumnProxy>
<ColumnProxy name="Create IA Task End" id="67286ABB-9529-5F79-2C92-483951C3E508">
<createdBy>mb56142</createdBy>
<createdTime>2014-06-25 02:25:30 UTC</createdTime>
<ownerDesignName>TXEB_BPM_Semantic_data_model_diagram</ownerDesignName>
<nameHasQuotes>true</nameHasQuotes>
</ColumnProxy>
<ColumnProxy name="DCN Create Date" id="67DFE063-D116-0B95-62A7-D88A4C256C16">
<createdBy>mb56142</createdBy>
<createdTime>2014-06-25 02:25:30 UTC</createdTime>
<ownerDesignName>TXEB_BPM_Semantic_data_model_diagram</ownerDesignName>
<nameHasQuotes>true</nameHasQuotes>
</ColumnProxy>
<ColumnProxy name="DCN Jeopardy Status" id="6868BF09-1A19-6FB0-15AD-B96458EEDEB1">
<createdBy>mb56142</createdBy>
<createdTime>2014-06-25 02:25:30 UTC</createdTime>
<ownerDesignName>TXEB_BPM_Semantic_data_model_diagram</ownerDesignName>
<nameHasQuotes>true</nameHasQuotes>
</ColumnProxy>
<ColumnProxy name="Doc Class Present Flag" id="6B613EEB-D3AF-C0E4-27D4-F19A11864C78">
<createdBy>mb56142</createdBy>
<createdTime>2014-06-25 02:25:30 UTC</createdTime>
<ownerDesignName>TXEB_BPM_Semantic_data_model_diagram</ownerDesignName>
<nameHasQuotes>true</nameHasQuotes>
</ColumnProxy>
<ColumnProxy name="MFDOC_BI_ID" id="6D992897-D015-65F7-6BD6-AEDBF7F535AB">
<createdBy>mb56142</createdBy>
<createdTime>2014-06-25 02:25:30 UTC</createdTime>
<ownerDesignName>TXEB_BPM_Semantic_data_model_diagram</ownerDesignName>
</ColumnProxy>
<ColumnProxy name="Link Method" id="7540412C-AE85-D2A9-5647-F3552ECE5AF7">
<createdBy>mb56142</createdBy>
<createdTime>2014-06-25 02:25:30 UTC</createdTime>
<ownerDesignName>TXEB_BPM_Semantic_data_model_diagram</ownerDesignName>
<nameHasQuotes>true</nameHasQuotes>
</ColumnProxy>
<ColumnProxy name="Rescan Required Flag" id="7A56F153-5F63-F0BD-DAE0-9A645A275AC4">
<createdBy>mb56142</createdBy>
<createdTime>2014-06-25 02:25:30 UTC</createdTime>
<ownerDesignName>TXEB_BPM_Semantic_data_model_diagram</ownerDesignName>
<nameHasQuotes>true</nameHasQuotes>
</ColumnProxy>
<ColumnProxy name="Document Status Date" id="7C5BA6A5-D27B-4C04-054A-4D80AAA13BE4">
<createdBy>mb56142</createdBy>
<createdTime>2014-06-25 02:25:30 UTC</createdTime>
<ownerDesignName>TXEB_BPM_Semantic_data_model_diagram</ownerDesignName>
<nameHasQuotes>true</nameHasQuotes>
</ColumnProxy>
<ColumnProxy name="ECN" id="80DC151A-8B00-FACC-5BBA-E33B556FBC0E">
<createdBy>mb56142</createdBy>
<createdTime>2014-06-25 02:25:30 UTC</createdTime>
<ownerDesignName>TXEB_BPM_Semantic_data_model_diagram</ownerDesignName>
</ColumnProxy>
<ColumnProxy name="Age in Business Days" id="80E777AC-03C7-FFC3-1DF1-2EA5F5BB8E70">
<createdBy>mb56142</createdBy>
<createdTime>2014-06-25 02:25:30 UTC</createdTime>
<ownerDesignName>TXEB_BPM_Semantic_data_model_diagram</ownerDesignName>
<nameHasQuotes>true</nameHasQuotes>
</ColumnProxy>
<ColumnProxy name="Work Identified Flag" id="8138C81F-9E73-D63E-9F5A-EB8ACCD04B22">
<createdBy>mb56142</createdBy>
<createdTime>2014-06-25 02:25:30 UTC</createdTime>
<ownerDesignName>TXEB_BPM_Semantic_data_model_diagram</ownerDesignName>
<nameHasQuotes>true</nameHasQuotes>
</ColumnProxy>
<ColumnProxy name="Instance Complete Date" id="818BB94C-D987-2756-888A-C4F98738EC8A">
<createdBy>mb56142</createdBy>
<createdTime>2014-06-25 02:25:30 UTC</createdTime>
<ownerDesignName>TXEB_BPM_Semantic_data_model_diagram</ownerDesignName>
<nameHasQuotes>true</nameHasQuotes>
</ColumnProxy>
<ColumnProxy name="Document Type" id="8CFB090A-A3C7-C659-9A62-7E2F5819F97B">
<createdBy>mb56142</createdBy>
<createdTime>2014-06-25 02:25:30 UTC</createdTime>
<ownerDesignName>TXEB_BPM_Semantic_data_model_diagram</ownerDesignName>
<nameHasQuotes>true</nameHasQuotes>
</ColumnProxy>
<ColumnProxy name="Autolink Failure Reason" id="9032E558-08F0-155E-E433-C41771C52533">
<createdBy>mb56142</createdBy>
<createdTime>2014-06-25 02:25:30 UTC</createdTime>
<ownerDesignName>TXEB_BPM_Semantic_data_model_diagram</ownerDesignName>
<nameHasQuotes>true</nameHasQuotes>
</ColumnProxy>
<ColumnProxy name="Batch Name" id="962B6972-F222-9E3E-7644-5037964B3592">
<createdBy>mb56142</createdBy>
<createdTime>2014-06-25 02:25:30 UTC</createdTime>
<ownerDesignName>TXEB_BPM_Semantic_data_model_diagram</ownerDesignName>
<nameHasQuotes>true</nameHasQuotes>
</ColumnProxy>
<ColumnProxy name="DCN Count" id="99CC3179-D0DD-BECE-0526-9FCAA8CED081">
<createdBy>mb56142</createdBy>
<createdTime>2014-06-25 02:25:30 UTC</createdTime>
<ownerDesignName>TXEB_BPM_Semantic_data_model_diagram</ownerDesignName>
<nameHasQuotes>true</nameHasQuotes>
</ColumnProxy>
<ColumnProxy name="Cancel Method" id="9C33745F-964F-2B21-4842-9B3DB709FFBE">
<createdBy>mb56142</createdBy>
<createdTime>2014-06-25 02:25:30 UTC</createdTime>
<ownerDesignName>TXEB_BPM_Semantic_data_model_diagram</ownerDesignName>
<nameHasQuotes>true</nameHasQuotes>
</ColumnProxy>
<ColumnProxy name="Manual Classify Form Doc Flag" id="A54E3C71-C5CF-4D28-2541-DB8106FF7537">
<createdBy>mb56142</createdBy>
<createdTime>2014-06-25 02:25:30 UTC</createdTime>
<ownerDesignName>TXEB_BPM_Semantic_data_model_diagram</ownerDesignName>
<nameHasQuotes>true</nameHasQuotes>
</ColumnProxy>
<ColumnProxy name="Work Task Type" id="A9B917CE-5ACC-3FC1-6ABD-A83EE3DE4EB7">
<createdBy>mb56142</createdBy>
<createdTime>2014-06-25 02:25:30 UTC</createdTime>
<ownerDesignName>TXEB_BPM_Semantic_data_model_diagram</ownerDesignName>
<nameHasQuotes>true</nameHasQuotes>
</ColumnProxy>
<ColumnProxy name="Manual Link Image End" id="BA6B1655-677F-FC5A-AF0D-0EE1821E88A5">
<createdBy>mb56142</createdBy>
<createdTime>2014-06-25 02:25:30 UTC</createdTime>
<ownerDesignName>TXEB_BPM_Semantic_data_model_diagram</ownerDesignName>
<nameHasQuotes>true</nameHasQuotes>
</ColumnProxy>
<ColumnProxy name="Autolink Outcome Flag" id="BBCFF646-3F19-7279-CF6C-1D6253FFB2D5">
<createdBy>mb56142</createdBy>
<createdTime>2014-06-25 02:25:30 UTC</createdTime>
<ownerDesignName>TXEB_BPM_Semantic_data_model_diagram</ownerDesignName>
<nameHasQuotes>true</nameHasQuotes>
</ColumnProxy>
<ColumnProxy name="Age in Calendar Days" id="BE633825-ADD7-BA2E-3F98-287249C4EEE4">
<createdBy>mb56142</createdBy>
<createdTime>2014-06-25 02:25:30 UTC</createdTime>
<ownerDesignName>TXEB_BPM_Semantic_data_model_diagram</ownerDesignName>
<nameHasQuotes>true</nameHasQuotes>
</ColumnProxy>
<ColumnProxy name="Create and Route Work End" id="C3704111-BD8E-1022-417B-6573E330F5C2">
<createdBy>mb56142</createdBy>
<createdTime>2014-06-25 02:25:30 UTC</createdTime>
<ownerDesignName>TXEB_BPM_Semantic_data_model_diagram</ownerDesignName>
<nameHasQuotes>true</nameHasQuotes>
</ColumnProxy>
<ColumnProxy name="IA Manual Classify Task ID" id="C6A8D95F-0AD6-462A-39A4-C57EF4351904">
<createdBy>mb56142</createdBy>
<createdTime>2014-06-25 02:25:30 UTC</createdTime>
<ownerDesignName>TXEB_BPM_Semantic_data_model_diagram</ownerDesignName>
<nameHasQuotes>true</nameHasQuotes>
</ColumnProxy>
<ColumnProxy name="Create IA Task Start" id="DA5CD9F9-434F-4E14-A01A-D19DBB528953">
<createdBy>mb56142</createdBy>
<createdTime>2014-06-25 02:25:30 UTC</createdTime>
<ownerDesignName>TXEB_BPM_Semantic_data_model_diagram</ownerDesignName>
<nameHasQuotes>true</nameHasQuotes>
</ColumnProxy>
<ColumnProxy name="Create IA Task End Flag" id="DE99DE11-8FFE-FAC8-705C-F64F6873AD44">
<createdBy>mb56142</createdBy>
<createdTime>2014-06-25 02:25:30 UTC</createdTime>
<ownerDesignName>TXEB_BPM_Semantic_data_model_diagram</ownerDesignName>
<nameHasQuotes>true</nameHasQuotes>
</ColumnProxy>
<ColumnProxy name="Manual Link Image Start" id="E1C17070-6BEA-1589-9854-49A4EF0F3616">
<createdBy>mb56142</createdBy>
<createdTime>2014-06-25 02:25:30 UTC</createdTime>
<ownerDesignName>TXEB_BPM_Semantic_data_model_diagram</ownerDesignName>
<nameHasQuotes>true</nameHasQuotes>
</ColumnProxy>
<ColumnProxy name="Work Task ID" id="E4EEB21F-6491-30EB-CEAA-4D29083DD77A">
<createdBy>mb56142</createdBy>
<createdTime>2014-06-25 02:25:30 UTC</createdTime>
<ownerDesignName>TXEB_BPM_Semantic_data_model_diagram</ownerDesignName>
<nameHasQuotes>true</nameHasQuotes>
</ColumnProxy>
<ColumnProxy name="Document Barcode Flag" id="EBF16DF8-E8F8-34BA-A907-E119E84DC652">
<createdBy>mb56142</createdBy>
<createdTime>2014-06-25 02:25:30 UTC</createdTime>
<ownerDesignName>TXEB_BPM_Semantic_data_model_diagram</ownerDesignName>
<nameHasQuotes>true</nameHasQuotes>
</ColumnProxy>
<ColumnProxy name="Document Status" id="F58FABFD-278B-D028-5EFD-8549D7911AD2">
<createdBy>mb56142</createdBy>
<createdTime>2014-06-25 02:25:30 UTC</createdTime>
<ownerDesignName>TXEB_BPM_Semantic_data_model_diagram</ownerDesignName>
<nameHasQuotes>true</nameHasQuotes>
</ColumnProxy>
<ColumnProxy name="CHANNEL" id="F869D297-3832-1B77-7BC5-AEB5B2E90ECC">
<createdBy>mb56142</createdBy>
<createdTime>2014-06-25 02:25:30 UTC</createdTime>
<ownerDesignName>TXEB_BPM_Semantic_data_model_diagram</ownerDesignName>
</ColumnProxy>
</columnProxies>
<primaryKeys>
<PrimaryKey class="oracle.dbtools.crest.model.design.storage.oracle.v10g.PKProxyOraclev10g" name="DMFDOCCUR_PK" id="8E692F98-0902-F1C1-1ADC-E25A24608B08">
<createdBy>mb56142</createdBy>
<createdTime>2014-06-25 02:25:31 UTC</createdTime>
<ownerDesignName>TXEB_BPM_Semantic_data_model_diagram</ownerDesignName>
<segment>004D47FE-86B3-05E6-C429-34018ED24267</segment>
<tableSpace>642E83AF-B691-22DC-5B5D-10BC6C17C55A</tableSpace>
<existingIndex>1D02FCBE-148F-331E-7E77-C4E1F492FBE2</existingIndex>
<indexSegment>004D47FE-86B3-05E6-C429-34018ED24267</indexSegment>
<indexSort>SORTED</indexSort>
<usingIndex>BY INDEX NAME</usingIndex>
</PrimaryKey>
</primaryKeys>
</TableProxyOraclev11g>