<?xml version = '1.0' encoding = 'UTF-8'?>
<TableProxyOraclev11g class="oracle.dbtools.crest.model.design.storage.oracle.v11g.TableProxyOraclev11g" name="D_ME_ENRL_STATUS_CODE" directorySegmentName="seg_0" id="23FD517B-844C-5B5B-3898-C38E7BE59AD3">
<createdBy>mb56142</createdBy>
<createdTime>2014-06-24 02:17:14 UTC</createdTime>
<ownerDesignName>TXEB_BPM_Semantic_data_model_diagram</ownerDesignName>
<schemaObject>121AEE1F-FD79-403A-F17D-FF8859EA2228</schemaObject>
<logging>YES</logging>
<partitionedRowMovement>DISABLE</partitionedRowMovement>
<segment>5EBDB890-BCE9-79FC-60ED-CB550A579DD9</segment>
<tableSpace>6560DC7E-F38B-CE25-B481-D9F08410DEF2</tableSpace>
<temporaryChanged>false</temporaryChanged>
<indexProxies>
<IndexProxy class="oracle.dbtools.crest.model.design.storage.oracle.v10g.IndexProxyOraclev10g" name="DMESC_UIX1" id="188A9AF8-6F0E-B798-6BB8-58F7AFBE1402">
<createdBy>mb56142</createdBy>
<createdTime>2014-06-24 02:17:15 UTC</createdTime>
<ownerDesignName>TXEB_BPM_Semantic_data_model_diagram</ownerDesignName>
<schemaObject>121AEE1F-FD79-403A-F17D-FF8859EA2228</schemaObject>
<parallel>YES</parallel>
<segment>2729010F-E1CF-C120-8F90-87D2FE39B2D0</segment>
<tableSpace>23FF6B16-BFF5-D978-D7A1-98D117D1467C</tableSpace>
</IndexProxy>
<IndexProxy class="oracle.dbtools.crest.model.design.storage.oracle.v10g.IndexProxyOraclev10g" name="DMESC_PK" id="57D14C08-5121-7854-BF31-A7FB4D3EF0F6">
<createdBy>mb56142</createdBy>
<createdTime>2014-06-24 02:17:15 UTC</createdTime>
<ownerDesignName>TXEB_BPM_Semantic_data_model_diagram</ownerDesignName>
<schemaObject>121AEE1F-FD79-403A-F17D-FF8859EA2228</schemaObject>
<parallel>YES</parallel>
<segment>2729010F-E1CF-C120-8F90-87D2FE39B2D0</segment>
<tableSpace>23FF6B16-BFF5-D978-D7A1-98D117D1467C</tableSpace>
</IndexProxy>
</indexProxies>
<columnProxies itemClass="oracle.dbtools.crest.model.design.storage.oracle.v12c.ColumnProxyOraclev12c">
<ColumnProxy name="DMESC_ID" id="9CE44A4E-93A5-ACD4-CB47-0DD09AB9D14B">
<createdBy>mb56142</createdBy>
<createdTime>2014-06-24 02:17:14 UTC</createdTime>
<ownerDesignName>TXEB_BPM_Semantic_data_model_diagram</ownerDesignName>
</ColumnProxy>
<ColumnProxy name="ENROLLMENT_STATUS_CODE" id="BB27FED3-C002-3518-693A-5C969F21CE5B">
<createdBy>mb56142</createdBy>
<createdTime>2014-06-24 02:17:14 UTC</createdTime>
<ownerDesignName>TXEB_BPM_Semantic_data_model_diagram</ownerDesignName>
</ColumnProxy>
</columnProxies>
<primaryKeys>
<PrimaryKey class="oracle.dbtools.crest.model.design.storage.oracle.v10g.PKProxyOraclev10g" name="DMESC_PK" id="7873BF60-06AE-9046-5E29-DACA3884AE27">
<createdBy>mb56142</createdBy>
<createdTime>2014-06-24 02:17:15 UTC</createdTime>
<ownerDesignName>TXEB_BPM_Semantic_data_model_diagram</ownerDesignName>
<segment>2729010F-E1CF-C120-8F90-87D2FE39B2D0</segment>
<tableSpace>23FF6B16-BFF5-D978-D7A1-98D117D1467C</tableSpace>
<existingIndex>57D14C08-5121-7854-BF31-A7FB4D3EF0F6</existingIndex>
<indexSegment>2729010F-E1CF-C120-8F90-87D2FE39B2D0</indexSegment>
<indexSort>SORTED</indexSort>
<usingIndex>BY INDEX NAME</usingIndex>
</PrimaryKey>
</primaryKeys>
</TableProxyOraclev11g>