<?xml version = '1.0' encoding = 'UTF-8'?>
<TableProxyOraclev11g class="oracle.dbtools.crest.model.design.storage.oracle.v11g.TableProxyOraclev11g" name="D_PI_INCIDENT_REASON" directorySegmentName="seg_0" id="3AE3600F-B330-7E98-E9FF-EA4397B14372">
<createdBy>mb56142</createdBy>
<createdTime>2014-06-25 01:58:20 UTC</createdTime>
<ownerDesignName>TXEB_BPM_Semantic_data_model_diagram</ownerDesignName>
<schemaObject>121AEE1F-FD79-403A-F17D-FF8859EA2228</schemaObject>
<logging>YES</logging>
<partitionedRowMovement>DISABLE</partitionedRowMovement>
<segment>E000C611-2E9F-DA34-F329-A6B5C6F33EE0</segment>
<tableSpace>593E9FBA-648C-CE17-93AD-BE603B2C2E28</tableSpace>
<temporaryChanged>false</temporaryChanged>
<indexProxies>
<IndexProxy class="oracle.dbtools.crest.model.design.storage.oracle.v10g.IndexProxyOraclev10g" name="DPIIR_UIX1" id="7EEE6971-9D40-731B-312F-D8F415D240A1">
<createdBy>mb56142</createdBy>
<createdTime>2014-06-25 01:58:21 UTC</createdTime>
<ownerDesignName>TXEB_BPM_Semantic_data_model_diagram</ownerDesignName>
<schemaObject>121AEE1F-FD79-403A-F17D-FF8859EA2228</schemaObject>
<parallel>YES</parallel>
<segment>004D47FE-86B3-05E6-C429-34018ED24267</segment>
<tableSpace>642E83AF-B691-22DC-5B5D-10BC6C17C55A</tableSpace>
</IndexProxy>
<IndexProxy class="oracle.dbtools.crest.model.design.storage.oracle.v10g.IndexProxyOraclev10g" name="DPIIR_PK" id="9131A199-2EA0-B84F-E0BE-61A1926CB92B">
<createdBy>mb56142</createdBy>
<createdTime>2014-06-25 01:58:21 UTC</createdTime>
<ownerDesignName>TXEB_BPM_Semantic_data_model_diagram</ownerDesignName>
<schemaObject>121AEE1F-FD79-403A-F17D-FF8859EA2228</schemaObject>
<parallel>YES</parallel>
<segment>004D47FE-86B3-05E6-C429-34018ED24267</segment>
<tableSpace>642E83AF-B691-22DC-5B5D-10BC6C17C55A</tableSpace>
</IndexProxy>
</indexProxies>
<columnProxies itemClass="oracle.dbtools.crest.model.design.storage.oracle.v12c.ColumnProxyOraclev12c">
<ColumnProxy name="Incident Reason" id="30C511C1-6A14-E7B6-5947-BD9D9E1247BC">
<createdBy>mb56142</createdBy>
<createdTime>2014-06-25 01:58:20 UTC</createdTime>
<ownerDesignName>TXEB_BPM_Semantic_data_model_diagram</ownerDesignName>
<nameHasQuotes>true</nameHasQuotes>
</ColumnProxy>
<ColumnProxy name="DPIIR_ID" id="DADDF39A-4B89-C08A-96E3-063152404DC1">
<createdBy>mb56142</createdBy>
<createdTime>2014-06-25 01:58:20 UTC</createdTime>
<ownerDesignName>TXEB_BPM_Semantic_data_model_diagram</ownerDesignName>
</ColumnProxy>
</columnProxies>
<primaryKeys>
<PrimaryKey class="oracle.dbtools.crest.model.design.storage.oracle.v10g.PKProxyOraclev10g" name="DPIIR_PK" id="5428E327-325D-CB2B-91AB-D7CBEE4B2778">
<createdBy>mb56142</createdBy>
<createdTime>2014-06-25 01:58:21 UTC</createdTime>
<ownerDesignName>TXEB_BPM_Semantic_data_model_diagram</ownerDesignName>
<segment>004D47FE-86B3-05E6-C429-34018ED24267</segment>
<tableSpace>642E83AF-B691-22DC-5B5D-10BC6C17C55A</tableSpace>
<existingIndex>9131A199-2EA0-B84F-E0BE-61A1926CB92B</existingIndex>
<indexSegment>004D47FE-86B3-05E6-C429-34018ED24267</indexSegment>
<indexSort>SORTED</indexSort>
<usingIndex>BY INDEX NAME</usingIndex>
</PrimaryKey>
</primaryKeys>
</TableProxyOraclev11g>