<?xml version = '1.0' encoding = 'UTF-8'?>
<TableProxyOraclev11g class="oracle.dbtools.crest.model.design.storage.oracle.v11g.TableProxyOraclev11g" name="D_MJ_LAST_UPDATE_BY" directorySegmentName="seg_0" id="3C9E8FFD-9B16-F286-BB07-F66069B7483F">
<createdBy>mb56142</createdBy>
<createdTime>2014-06-24 16:21:15 UTC</createdTime>
<ownerDesignName>TXEB_BPM_Semantic_data_model_diagram</ownerDesignName>
<schemaObject>121AEE1F-FD79-403A-F17D-FF8859EA2228</schemaObject>
<logging>YES</logging>
<partitionedRowMovement>DISABLE</partitionedRowMovement>
<segment>8770CB12-1E45-9850-2F24-68F6151CEC0A</segment>
<tableSpace>BB94A302-085D-5D1C-DD11-3263C7B283E5</tableSpace>
<temporaryChanged>false</temporaryChanged>
<indexProxies>
<IndexProxy class="oracle.dbtools.crest.model.design.storage.oracle.v10g.IndexProxyOraclev10g" name="DIMJLUB_UIX1" id="078F1C74-1653-6278-2023-E66A829E9752">
<createdBy>mb56142</createdBy>
<createdTime>2014-06-24 16:21:15 UTC</createdTime>
<ownerDesignName>TXEB_BPM_Semantic_data_model_diagram</ownerDesignName>
<schemaObject>121AEE1F-FD79-403A-F17D-FF8859EA2228</schemaObject>
<parallel>YES</parallel>
<segment>E073BA1D-7AA4-B4BA-BDD2-907831991CC9</segment>
<tableSpace>6BD388E5-BCF5-0591-0A50-0B8B4B7E80FD</tableSpace>
</IndexProxy>
<IndexProxy class="oracle.dbtools.crest.model.design.storage.oracle.v10g.IndexProxyOraclev10g" name="DIMJLUB_PK" id="774533F1-185C-CDC4-7EDB-956BF7E43F34">
<createdBy>mb56142</createdBy>
<createdTime>2014-06-24 16:21:15 UTC</createdTime>
<ownerDesignName>TXEB_BPM_Semantic_data_model_diagram</ownerDesignName>
<schemaObject>121AEE1F-FD79-403A-F17D-FF8859EA2228</schemaObject>
<parallel>YES</parallel>
<segment>E073BA1D-7AA4-B4BA-BDD2-907831991CC9</segment>
<tableSpace>6BD388E5-BCF5-0591-0A50-0B8B4B7E80FD</tableSpace>
</IndexProxy>
</indexProxies>
<columnProxies itemClass="oracle.dbtools.crest.model.design.storage.oracle.v12c.ColumnProxyOraclev12c">
<ColumnProxy name="DIMJLUB_ID" id="63395616-9C18-BC96-BDA6-4E8003D3D5FF">
<createdBy>mb56142</createdBy>
<createdTime>2014-06-24 16:21:15 UTC</createdTime>
<ownerDesignName>TXEB_BPM_Semantic_data_model_diagram</ownerDesignName>
</ColumnProxy>
<ColumnProxy name="LAST_UPDATE_BY_NAME" id="7805D77B-5FF4-9204-A1B2-A100D2CA82B8">
<createdBy>mb56142</createdBy>
<createdTime>2014-06-24 16:21:15 UTC</createdTime>
<ownerDesignName>TXEB_BPM_Semantic_data_model_diagram</ownerDesignName>
</ColumnProxy>
</columnProxies>
<primaryKeys>
<PrimaryKey class="oracle.dbtools.crest.model.design.storage.oracle.v10g.PKProxyOraclev10g" name="DIMJLUB_PK" id="E8D6CE45-693D-8557-273F-FB93F821BD58">
<createdBy>mb56142</createdBy>
<createdTime>2014-06-24 16:21:15 UTC</createdTime>
<ownerDesignName>TXEB_BPM_Semantic_data_model_diagram</ownerDesignName>
<segment>E073BA1D-7AA4-B4BA-BDD2-907831991CC9</segment>
<tableSpace>6BD388E5-BCF5-0591-0A50-0B8B4B7E80FD</tableSpace>
<existingIndex>774533F1-185C-CDC4-7EDB-956BF7E43F34</existingIndex>
<indexSegment>E073BA1D-7AA4-B4BA-BDD2-907831991CC9</indexSegment>
<indexSort>SORTED</indexSort>
<usingIndex>BY INDEX NAME</usingIndex>
</PrimaryKey>
</primaryKeys>
</TableProxyOraclev11g>