<?xml version = '1.0' encoding = 'UTF-8'?>
<TableProxyOraclev11g class="oracle.dbtools.crest.model.design.storage.oracle.v11g.TableProxyOraclev11g" name="D_COR_SURVEY_ID" directorySegmentName="seg_0" id="3D51AF4F-C919-9991-450A-0D9E9135BCE9">
<createdBy>mb56142</createdBy>
<createdTime>2014-06-24 01:55:07 UTC</createdTime>
<ownerDesignName>TXEB_BPM_Semantic_data_model_diagram</ownerDesignName>
<schemaObject>121AEE1F-FD79-403A-F17D-FF8859EA2228</schemaObject>
<logging>YES</logging>
<parallel>YES</parallel>
<partitionedRowMovement>DISABLE</partitionedRowMovement>
<segment>5EBDB890-BCE9-79FC-60ED-CB550A579DD9</segment>
<tableSpace>6560DC7E-F38B-CE25-B481-D9F08410DEF2</tableSpace>
<temporaryChanged>false</temporaryChanged>
<indexProxies>
<IndexProxy class="oracle.dbtools.crest.model.design.storage.oracle.v10g.IndexProxyOraclev10g" name="DCORSI_PK" id="02E74F0D-0CDD-1539-EF90-4C9A23F456A2">
<createdBy>mb56142</createdBy>
<createdTime>2014-06-24 01:55:07 UTC</createdTime>
<ownerDesignName>TXEB_BPM_Semantic_data_model_diagram</ownerDesignName>
<schemaObject>121AEE1F-FD79-403A-F17D-FF8859EA2228</schemaObject>
<parallel>YES</parallel>
<segment>2729010F-E1CF-C120-8F90-87D2FE39B2D0</segment>
<tableSpace>23FF6B16-BFF5-D978-D7A1-98D117D1467C</tableSpace>
</IndexProxy>
<IndexProxy class="oracle.dbtools.crest.model.design.storage.oracle.v10g.IndexProxyOraclev10g" name="DCORSI_UIX1" id="99C289A6-605E-26E0-9532-C8DDDDD1ED53">
<createdBy>mb56142</createdBy>
<createdTime>2014-06-24 01:55:07 UTC</createdTime>
<ownerDesignName>TXEB_BPM_Semantic_data_model_diagram</ownerDesignName>
<schemaObject>121AEE1F-FD79-403A-F17D-FF8859EA2228</schemaObject>
<parallel>YES</parallel>
<segment>2729010F-E1CF-C120-8F90-87D2FE39B2D0</segment>
<tableSpace>23FF6B16-BFF5-D978-D7A1-98D117D1467C</tableSpace>
</IndexProxy>
</indexProxies>
<columnProxies itemClass="oracle.dbtools.crest.model.design.storage.oracle.v12c.ColumnProxyOraclev12c">
<ColumnProxy name="SURVEY_ID" id="9B7FBDA0-271D-8BE3-7281-CDA5779821FC">
<createdBy>mb56142</createdBy>
<createdTime>2014-06-24 01:55:07 UTC</createdTime>
<ownerDesignName>TXEB_BPM_Semantic_data_model_diagram</ownerDesignName>
</ColumnProxy>
<ColumnProxy name="DCORSI_ID" id="B5F49537-470A-A1B5-9D94-B250AF9FFB1E">
<createdBy>mb56142</createdBy>
<createdTime>2014-06-24 01:55:07 UTC</createdTime>
<ownerDesignName>TXEB_BPM_Semantic_data_model_diagram</ownerDesignName>
</ColumnProxy>
</columnProxies>
<primaryKeys>
<PrimaryKey class="oracle.dbtools.crest.model.design.storage.oracle.v10g.PKProxyOraclev10g" name="DCORSI_PK" id="01C5E105-D092-C3AB-97E0-6D75983BD911">
<createdBy>mb56142</createdBy>
<createdTime>2014-06-24 01:55:07 UTC</createdTime>
<ownerDesignName>TXEB_BPM_Semantic_data_model_diagram</ownerDesignName>
<segment>2729010F-E1CF-C120-8F90-87D2FE39B2D0</segment>
<tableSpace>23FF6B16-BFF5-D978-D7A1-98D117D1467C</tableSpace>
<existingIndex>02E74F0D-0CDD-1539-EF90-4C9A23F456A2</existingIndex>
<indexSegment>2729010F-E1CF-C120-8F90-87D2FE39B2D0</indexSegment>
<indexSort>SORTED</indexSort>
<usingIndex>BY INDEX NAME</usingIndex>
</PrimaryKey>
</primaryKeys>
</TableProxyOraclev11g>