<?xml version = '1.0' encoding = 'UTF-8'?>
<TableProxyOraclev11g class="oracle.dbtools.crest.model.design.storage.oracle.v11g.TableProxyOraclev11g" name="D_SCI_CURRENT" directorySegmentName="seg_0" id="43D0B4E9-2C90-4088-2452-99E99EDBFA6B">
<createdBy>mb56142</createdBy>
<createdTime>2014-06-25 15:59:53 UTC</createdTime>
<ownerDesignName>TXEB_BPM_Semantic_data_model_diagram</ownerDesignName>
<schemaObject>121AEE1F-FD79-403A-F17D-FF8859EA2228</schemaObject>
<logging>YES</logging>
<parallel>YES</parallel>
<partitionedRowMovement>DISABLE</partitionedRowMovement>
<segment>6B20ADB2-54AB-7003-CFA5-1ECF101F6EDB</segment>
<tableSpace>57CA492E-201A-3870-082C-2207527CDCD1</tableSpace>
<temporaryChanged>false</temporaryChanged>
<indexProxies>
<IndexProxy class="oracle.dbtools.crest.model.design.storage.oracle.v10g.IndexProxyOraclev10g" name="DSCICUR_UIX1" id="6A1C4980-4442-51D7-FE93-3FF332F2A287">
<createdBy>mb56142</createdBy>
<createdTime>2014-06-25 15:59:53 UTC</createdTime>
<ownerDesignName>TXEB_BPM_Semantic_data_model_diagram</ownerDesignName>
<schemaObject>121AEE1F-FD79-403A-F17D-FF8859EA2228</schemaObject>
<parallel>YES</parallel>
<segment>1F294823-AC05-8A46-1700-4CB2726355E7</segment>
<tableSpace>846EAC2D-3514-ABCB-B24D-FE3D0AD89ED6</tableSpace>
</IndexProxy>
<IndexProxy class="oracle.dbtools.crest.model.design.storage.oracle.v10g.IndexProxyOraclev10g" name="DSCICUR_PK" id="7982EAFE-6584-EDC2-9ECF-1761A4C811A7">
<createdBy>mb56142</createdBy>
<createdTime>2014-06-25 15:59:54 UTC</createdTime>
<ownerDesignName>TXEB_BPM_Semantic_data_model_diagram</ownerDesignName>
<schemaObject>121AEE1F-FD79-403A-F17D-FF8859EA2228</schemaObject>
<parallel>YES</parallel>
<segment>1F294823-AC05-8A46-1700-4CB2726355E7</segment>
<tableSpace>846EAC2D-3514-ABCB-B24D-FE3D0AD89ED6</tableSpace>
</IndexProxy>
</indexProxies>
<columnProxies itemClass="oracle.dbtools.crest.model.design.storage.oracle.v12c.ColumnProxyOraclev12c">
<ColumnProxy name="CONTACT_RECORD_ID" id="03FA8A1E-BCF1-A2A7-CEA9-5DB6205162BB">
<createdBy>mb56142</createdBy>
<createdTime>2014-06-25 15:59:53 UTC</createdTime>
<ownerDesignName>TXEB_BPM_Semantic_data_model_diagram</ownerDesignName>
</ColumnProxy>
<ColumnProxy name="HANDLE_CONTACT_FLAG" id="072515EE-5391-F278-8343-2CB154BF84B3">
<createdBy>mb56142</createdBy>
<createdTime>2014-06-25 15:59:53 UTC</createdTime>
<ownerDesignName>TXEB_BPM_Semantic_data_model_diagram</ownerDesignName>
</ColumnProxy>
<ColumnProxy name="CONTACT_RECORD_FIELD_2" id="07EF9EE1-C7F5-E592-BAC4-0BC0B3D62E9B">
<createdBy>mb56142</createdBy>
<createdTime>2014-06-25 15:59:53 UTC</createdTime>
<ownerDesignName>TXEB_BPM_Semantic_data_model_diagram</ownerDesignName>
</ColumnProxy>
<ColumnProxy name="NOTE_CATEGORY" id="0BEB4FB0-407C-894F-031C-AFF1BA8F4A4A">
<createdBy>mb56142</createdBy>
<createdTime>2014-06-25 15:59:53 UTC</createdTime>
<ownerDesignName>TXEB_BPM_Semantic_data_model_diagram</ownerDesignName>
</ColumnProxy>
<ColumnProxy name="TRANSLATION_REQUIRED" id="0CDEE073-E6CC-B844-D610-8B286CBFD974">
<createdBy>mb56142</createdBy>
<createdTime>2014-06-25 15:59:53 UTC</createdTime>
<ownerDesignName>TXEB_BPM_Semantic_data_model_diagram</ownerDesignName>
</ColumnProxy>
<ColumnProxy name="CREATED_BY_ROLE" id="10E38F10-1028-FB27-0B47-7F8DB536A159">
<createdBy>mb56142</createdBy>
<createdTime>2014-06-25 15:59:53 UTC</createdTime>
<ownerDesignName>TXEB_BPM_Semantic_data_model_diagram</ownerDesignName>
</ColumnProxy>
<ColumnProxy name="CANCEL_DATE" id="1F52B797-7FFE-BBEB-55B2-DA510D5958AF">
<createdBy>mb56142</createdBy>
<createdTime>2014-06-25 15:59:53 UTC</createdTime>
<ownerDesignName>TXEB_BPM_Semantic_data_model_diagram</ownerDesignName>
</ColumnProxy>
<ColumnProxy name="CREATE_ROUTE_WORK_FLAG" id="2D6FB5C0-08B8-E6E4-A660-9E47191CC103">
<createdBy>mb56142</createdBy>
<createdTime>2014-06-25 15:59:53 UTC</createdTime>
<ownerDesignName>TXEB_BPM_Semantic_data_model_diagram</ownerDesignName>
</ColumnProxy>
<ColumnProxy name="WORK_IDENTIFIED_FLAG" id="348F23B6-0326-2016-DF80-A04F79377D32">
<createdBy>mb56142</createdBy>
<createdTime>2014-06-25 15:59:53 UTC</createdTime>
<ownerDesignName>TXEB_BPM_Semantic_data_model_diagram</ownerDesignName>
</ColumnProxy>
<ColumnProxy name="CANCEL_BY" id="3625D915-B84B-EC84-7A7F-09ECEAD44362">
<createdBy>mb56142</createdBy>
<createdTime>2014-06-25 15:59:53 UTC</createdTime>
<ownerDesignName>TXEB_BPM_Semantic_data_model_diagram</ownerDesignName>
</ColumnProxy>
<ColumnProxy name="CONTACT_RECORD_FIELD_5" id="37067CE0-965A-2C9F-9D8B-F7D2BD00D080">
<createdBy>mb56142</createdBy>
<createdTime>2014-06-25 15:59:53 UTC</createdTime>
<ownerDesignName>TXEB_BPM_Semantic_data_model_diagram</ownerDesignName>
</ColumnProxy>
<ColumnProxy name="CANCEL_CONTACT_FLAG" id="397D7651-8870-F122-ED06-DE41B329E685">
<createdBy>mb56142</createdBy>
<createdTime>2014-06-25 15:59:53 UTC</createdTime>
<ownerDesignName>TXEB_BPM_Semantic_data_model_diagram</ownerDesignName>
</ColumnProxy>
<ColumnProxy name="INSTANCE_STATUS" id="3ECC86A5-5B92-5B84-FD71-0840EB10B48D">
<createdBy>mb56142</createdBy>
<createdTime>2014-06-25 15:59:53 UTC</createdTime>
<ownerDesignName>TXEB_BPM_Semantic_data_model_diagram</ownerDesignName>
</ColumnProxy>
<ColumnProxy name="CONTACT_START_TIME" id="415B70E2-58E4-222C-5F33-B4444BC146D1">
<createdBy>mb56142</createdBy>
<createdTime>2014-06-25 15:59:53 UTC</createdTime>
<ownerDesignName>TXEB_BPM_Semantic_data_model_diagram</ownerDesignName>
</ColumnProxy>
<ColumnProxy name="CONTACT_END_TIME" id="4C2EA751-D787-5A08-B1C0-4890A12EAD3A">
<createdBy>mb56142</createdBy>
<createdTime>2014-06-25 15:59:53 UTC</createdTime>
<ownerDesignName>TXEB_BPM_Semantic_data_model_diagram</ownerDesignName>
</ColumnProxy>
<ColumnProxy name="HANDLE_CALL_WEBCHAT_END_DATE" id="4CBB051C-B5DC-5833-23EE-BD9FB0ED9030">
<createdBy>mb56142</createdBy>
<createdTime>2014-06-25 15:59:53 UTC</createdTime>
<ownerDesignName>TXEB_BPM_Semantic_data_model_diagram</ownerDesignName>
</ColumnProxy>
<ColumnProxy name="LAST_UPDATE_BY_NAME" id="4DC1FD06-990F-3E6F-B503-6AA3E3D4653C">
<createdBy>mb56142</createdBy>
<createdTime>2014-06-25 15:59:53 UTC</createdTime>
<ownerDesignName>TXEB_BPM_Semantic_data_model_diagram</ownerDesignName>
</ColumnProxy>
<ColumnProxy name="HANDLE_TIME" id="62AC89A0-83BF-0AB3-8312-4B8FA69A8817">
<createdBy>mb56142</createdBy>
<createdTime>2014-06-25 15:59:53 UTC</createdTime>
<ownerDesignName>TXEB_BPM_Semantic_data_model_diagram</ownerDesignName>
</ColumnProxy>
<ColumnProxy name="LANGUAGE" id="6315A6BE-FE78-2032-8B5E-BA37C3F17DF6">
<createdBy>mb56142</createdBy>
<createdTime>2014-06-25 15:59:53 UTC</createdTime>
<ownerDesignName>TXEB_BPM_Semantic_data_model_diagram</ownerDesignName>
</ColumnProxy>
<ColumnProxy name="CONTACT_GROUP" id="63AEBEE3-A6DD-5DF9-B45C-F21750400BF7">
<createdBy>mb56142</createdBy>
<createdTime>2014-06-25 15:59:53 UTC</createdTime>
<ownerDesignName>TXEB_BPM_Semantic_data_model_diagram</ownerDesignName>
</ColumnProxy>
<ColumnProxy name="CREATED_BY_UNIT" id="6A3F93B5-2BE3-CACE-E467-11A67B636C13">
<createdBy>mb56142</createdBy>
<createdTime>2014-06-25 15:59:53 UTC</createdTime>
<ownerDesignName>TXEB_BPM_Semantic_data_model_diagram</ownerDesignName>
</ColumnProxy>
<ColumnProxy name="CANCEL_METHOD" id="8DDD862C-8E5C-1D33-EF90-B675F1518B2D">
<createdBy>mb56142</createdBy>
<createdTime>2014-06-25 15:59:53 UTC</createdTime>
<ownerDesignName>TXEB_BPM_Semantic_data_model_diagram</ownerDesignName>
</ColumnProxy>
<ColumnProxy name="CREATED_BY_NAME" id="907B1ECD-A990-5301-0E82-4FF4E97238E6">
<createdBy>mb56142</createdBy>
<createdTime>2014-06-25 15:59:53 UTC</createdTime>
<ownerDesignName>TXEB_BPM_Semantic_data_model_diagram</ownerDesignName>
</ColumnProxy>
<ColumnProxy name="CONTACT_RECORD_FIELD_4" id="9DC551B8-6572-7162-68F9-B212B05972D5">
<createdBy>mb56142</createdBy>
<createdTime>2014-06-25 15:59:53 UTC</createdTime>
<ownerDesignName>TXEB_BPM_Semantic_data_model_diagram</ownerDesignName>
</ColumnProxy>
<ColumnProxy name="CONTACT_TYPE" id="A2FE1ECF-BEFC-6C1F-874D-EA6CDBD4A8F1">
<createdBy>mb56142</createdBy>
<createdTime>2014-06-25 15:59:53 UTC</createdTime>
<ownerDesignName>TXEB_BPM_Semantic_data_model_diagram</ownerDesignName>
</ColumnProxy>
<ColumnProxy name="EXT_TELEPHONY_REF" id="AA55BDC9-E109-FF6D-6DAB-6F4A7A5882B8">
<createdBy>mb56142</createdBy>
<createdTime>2014-06-25 15:59:53 UTC</createdTime>
<ownerDesignName>TXEB_BPM_Semantic_data_model_diagram</ownerDesignName>
</ColumnProxy>
<ColumnProxy name="CONTACT_RECORD_FIELD_1" id="B03EAF67-3AEA-3862-3196-5E2D423F50FF">
<createdBy>mb56142</createdBy>
<createdTime>2014-06-25 15:59:53 UTC</createdTime>
<ownerDesignName>TXEB_BPM_Semantic_data_model_diagram</ownerDesignName>
</ColumnProxy>
<ColumnProxy name="SCI_BI_ID" id="B4923EBA-13DE-ACAE-6F46-E174FEC957C3">
<createdBy>mb56142</createdBy>
<createdTime>2014-06-25 15:59:53 UTC</createdTime>
<ownerDesignName>TXEB_BPM_Semantic_data_model_diagram</ownerDesignName>
</ColumnProxy>
<ColumnProxy name="PARENT_RECORD_ID" id="B4E2BD07-3299-A316-5631-FDBAAA1F4E7F">
<createdBy>mb56142</createdBy>
<createdTime>2014-06-25 15:59:53 UTC</createdTime>
<ownerDesignName>TXEB_BPM_Semantic_data_model_diagram</ownerDesignName>
</ColumnProxy>
<ColumnProxy name="COMPLETE_DATE" id="BE0B5727-8195-36B3-AB85-F83C33701010">
<createdBy>mb56142</createdBy>
<createdTime>2014-06-25 15:59:53 UTC</createdTime>
<ownerDesignName>TXEB_BPM_Semantic_data_model_diagram</ownerDesignName>
</ColumnProxy>
<ColumnProxy name="PARTICIPANT_STATUS" id="C2A15C97-2CD0-975E-D263-66874002BA65">
<createdBy>mb56142</createdBy>
<createdTime>2014-06-25 15:59:53 UTC</createdTime>
<ownerDesignName>TXEB_BPM_Semantic_data_model_diagram</ownerDesignName>
</ColumnProxy>
<ColumnProxy name="TRACKING_NUMBER" id="C96575A4-E025-356B-4747-145E79612718">
<createdBy>mb56142</createdBy>
<createdTime>2014-06-25 15:59:53 UTC</createdTime>
<ownerDesignName>TXEB_BPM_Semantic_data_model_diagram</ownerDesignName>
</ColumnProxy>
<ColumnProxy name="LAST_UPDATE_DATE" id="CD5E6F32-F34F-56A4-1993-65A46861A8A0">
<createdBy>mb56142</createdBy>
<createdTime>2014-06-25 15:59:53 UTC</createdTime>
<ownerDesignName>TXEB_BPM_Semantic_data_model_diagram</ownerDesignName>
</ColumnProxy>
<ColumnProxy name="CREATE_ROUTE_WORK_END_DATE" id="D1252D5D-47C2-07D8-227B-E21805FBE9D6">
<createdBy>mb56142</createdBy>
<createdTime>2014-06-25 15:59:53 UTC</createdTime>
<ownerDesignName>TXEB_BPM_Semantic_data_model_diagram</ownerDesignName>
</ColumnProxy>
<ColumnProxy name="CONTACT_RECORD_FIELD_3" id="D79A0E07-5F04-FCD5-6649-A47E618F4E48">
<createdBy>mb56142</createdBy>
<createdTime>2014-06-25 15:59:53 UTC</createdTime>
<ownerDesignName>TXEB_BPM_Semantic_data_model_diagram</ownerDesignName>
</ColumnProxy>
<ColumnProxy name="HANDLE_CALL_WEBCHAT_START_DATE" id="D911C2A9-36D2-DFED-6971-5D1A18955B25">
<createdBy>mb56142</createdBy>
<createdTime>2014-06-25 15:59:53 UTC</createdTime>
<ownerDesignName>TXEB_BPM_Semantic_data_model_diagram</ownerDesignName>
</ColumnProxy>
<ColumnProxy name="CANCEL_REASON" id="DE6BE77C-3BD5-30B3-E72D-370FACD28286">
<createdBy>mb56142</createdBy>
<createdTime>2014-06-25 15:59:53 UTC</createdTime>
<ownerDesignName>TXEB_BPM_Semantic_data_model_diagram</ownerDesignName>
</ColumnProxy>
<ColumnProxy name="CREATE_ROUTE_WORK_START_DATE" id="E59314E0-0959-EF62-9DC9-1EAA000CB353">
<createdBy>mb56142</createdBy>
<createdTime>2014-06-25 15:59:53 UTC</createdTime>
<ownerDesignName>TXEB_BPM_Semantic_data_model_diagram</ownerDesignName>
</ColumnProxy>
<ColumnProxy name="CREATE_DATE" id="E94CF7E5-D798-281B-D3C0-8783E1A293AA">
<createdBy>mb56142</createdBy>
<createdTime>2014-06-25 15:59:53 UTC</createdTime>
<ownerDesignName>TXEB_BPM_Semantic_data_model_diagram</ownerDesignName>
</ColumnProxy>
<ColumnProxy name="NOTE_TYPE" id="EB6F1100-DEB6-B62B-E93F-51427D5EC3D6">
<createdBy>mb56142</createdBy>
<createdTime>2014-06-25 15:59:53 UTC</createdTime>
<ownerDesignName>TXEB_BPM_Semantic_data_model_diagram</ownerDesignName>
</ColumnProxy>
<ColumnProxy name="HANDLE_CALL_WEBCHAT_PERF_BY" id="F44F2BB7-D313-0BE4-3971-0ACE73AC2411">
<createdBy>mb56142</createdBy>
<createdTime>2014-06-25 15:59:53 UTC</createdTime>
<ownerDesignName>TXEB_BPM_Semantic_data_model_diagram</ownerDesignName>
</ColumnProxy>
<ColumnProxy name="NOTE_SOURCE" id="FB2955FF-EFFC-D699-4917-7BC6526D7A42">
<createdBy>mb56142</createdBy>
<createdTime>2014-06-25 15:59:53 UTC</createdTime>
<ownerDesignName>TXEB_BPM_Semantic_data_model_diagram</ownerDesignName>
</ColumnProxy>
<ColumnProxy name="NOTE_PRESENT" id="FD3FC164-F20A-2E81-B61F-09E636516034">
<createdBy>mb56142</createdBy>
<createdTime>2014-06-25 15:59:53 UTC</createdTime>
<ownerDesignName>TXEB_BPM_Semantic_data_model_diagram</ownerDesignName>
</ColumnProxy>
</columnProxies>
<primaryKeys>
<PrimaryKey class="oracle.dbtools.crest.model.design.storage.oracle.v10g.PKProxyOraclev10g" name="DSCICUR_PK" id="1E430320-B0F5-176F-3B96-868E53B843FF">
<createdBy>mb56142</createdBy>
<createdTime>2014-06-25 15:59:54 UTC</createdTime>
<ownerDesignName>TXEB_BPM_Semantic_data_model_diagram</ownerDesignName>
<segment>1F294823-AC05-8A46-1700-4CB2726355E7</segment>
<tableSpace>846EAC2D-3514-ABCB-B24D-FE3D0AD89ED6</tableSpace>
<existingIndex>7982EAFE-6584-EDC2-9ECF-1761A4C811A7</existingIndex>
<indexSegment>1F294823-AC05-8A46-1700-4CB2726355E7</indexSegment>
<indexSort>SORTED</indexSort>
<usingIndex>BY INDEX NAME</usingIndex>
</PrimaryKey>
</primaryKeys>
</TableProxyOraclev11g>