<?xml version = '1.0' encoding = 'UTF-8'?>
<TableProxyOraclev11g class="oracle.dbtools.crest.model.design.storage.oracle.v11g.TableProxyOraclev11g" name="D_COR_CURRENT" directorySegmentName="seg_0" id="627EA8B3-C812-D80A-BA2A-6702EC08C1B7">
<createdBy>mb56142</createdBy>
<createdTime>2014-06-24 01:52:15 UTC</createdTime>
<ownerDesignName>TXEB_BPM_Semantic_data_model_diagram</ownerDesignName>
<schemaObject>121AEE1F-FD79-403A-F17D-FF8859EA2228</schemaObject>
<logging>YES</logging>
<parallel>YES</parallel>
<partitionedRowMovement>DISABLE</partitionedRowMovement>
<segment>5EBDB890-BCE9-79FC-60ED-CB550A579DD9</segment>
<tableSpace>6560DC7E-F38B-CE25-B481-D9F08410DEF2</tableSpace>
<temporaryChanged>false</temporaryChanged>
<indexProxies>
<IndexProxy class="oracle.dbtools.crest.model.design.storage.oracle.v10g.IndexProxyOraclev10g" name="DCORCUR_UIX1" id="3DA3711C-B793-9A0D-1FDE-54EEC202A3C8">
<createdBy>mb56142</createdBy>
<createdTime>2014-06-24 01:52:16 UTC</createdTime>
<ownerDesignName>TXEB_BPM_Semantic_data_model_diagram</ownerDesignName>
<schemaObject>121AEE1F-FD79-403A-F17D-FF8859EA2228</schemaObject>
<parallel>YES</parallel>
<segment>2729010F-E1CF-C120-8F90-87D2FE39B2D0</segment>
<tableSpace>23FF6B16-BFF5-D978-D7A1-98D117D1467C</tableSpace>
</IndexProxy>
<IndexProxy class="oracle.dbtools.crest.model.design.storage.oracle.v10g.IndexProxyOraclev10g" name="DCORCUR_PK" id="BCFEE2C6-5997-39D6-6594-BA178E731521">
<createdBy>mb56142</createdBy>
<createdTime>2014-06-24 01:52:16 UTC</createdTime>
<ownerDesignName>TXEB_BPM_Semantic_data_model_diagram</ownerDesignName>
<schemaObject>121AEE1F-FD79-403A-F17D-FF8859EA2228</schemaObject>
<segment>2729010F-E1CF-C120-8F90-87D2FE39B2D0</segment>
<tableSpace>23FF6B16-BFF5-D978-D7A1-98D117D1467C</tableSpace>
</IndexProxy>
</indexProxies>
<columnProxies itemClass="oracle.dbtools.crest.model.design.storage.oracle.v12c.ColumnProxyOraclev12c">
<ColumnProxy name="DELAY_DAYS_1_UNIT" id="03C1981D-8BCE-D87D-D603-E8CA1C1A58F1">
<createdBy>mb56142</createdBy>
<createdTime>2014-06-24 01:52:16 UTC</createdTime>
<ownerDesignName>TXEB_BPM_Semantic_data_model_diagram</ownerDesignName>
</ColumnProxy>
<ColumnProxy name="PERFORM_OR_STEP6_PERFORM_BY" id="03E17A42-2110-22A2-662A-712EE5338E90">
<createdBy>mb56142</createdBy>
<createdTime>2014-06-24 01:52:16 UTC</createdTime>
<ownerDesignName>TXEB_BPM_Semantic_data_model_diagram</ownerDesignName>
</ColumnProxy>
<ColumnProxy name="LAST_UPDATE_BY" id="0484546A-2401-060E-FF31-D1D3DEEB8F9D">
<createdBy>mb56142</createdBy>
<createdTime>2014-06-24 01:52:16 UTC</createdTime>
<ownerDesignName>TXEB_BPM_Semantic_data_model_diagram</ownerDesignName>
</ColumnProxy>
<ColumnProxy name="WAIT_FOR_TT_END_DATE" id="060F113A-C433-2016-A160-F6230FC0459D">
<createdBy>mb56142</createdBy>
<createdTime>2014-06-24 01:52:16 UTC</createdTime>
<ownerDesignName>TXEB_BPM_Semantic_data_model_diagram</ownerDesignName>
</ColumnProxy>
<ColumnProxy name="EE_TRANSPORTATION_INDICATOR" id="06D49D9B-197A-0B9A-748F-F52EA31034DD">
<createdBy>mb56142</createdBy>
<createdTime>2014-06-24 01:52:16 UTC</createdTime>
<ownerDesignName>TXEB_BPM_Semantic_data_model_diagram</ownerDesignName>
</ColumnProxy>
<ColumnProxy name="CANCEL_REASON" id="07452181-CEFB-B42F-C12D-5DB69EB54E6E">
<createdBy>mb56142</createdBy>
<createdTime>2014-06-24 01:52:16 UTC</createdTime>
<ownerDesignName>TXEB_BPM_Semantic_data_model_diagram</ownerDesignName>
</ColumnProxy>
<ColumnProxy name="PROVREF_OTHER_COMMENT" id="0A486FA3-1C07-9EF7-2026-C12A3DE20814">
<createdBy>mb56142</createdBy>
<createdTime>2014-06-24 01:52:16 UTC</createdTime>
<ownerDesignName>TXEB_BPM_Semantic_data_model_diagram</ownerDesignName>
</ColumnProxy>
<ColumnProxy name="FINAL_WAIT_INDICATOR" id="0A654329-FFD0-F277-916A-1841090D27D3">
<createdBy>mb56142</createdBy>
<createdTime>2014-06-24 01:52:16 UTC</createdTime>
<ownerDesignName>TXEB_BPM_Semantic_data_model_diagram</ownerDesignName>
</ColumnProxy>
<ColumnProxy name="PERFORM_OR_STEP2_END_DATE" id="0B1512E2-DEB8-D605-F34F-9309510696C0">
<createdBy>mb56142</createdBy>
<createdTime>2014-06-24 01:52:16 UTC</createdTime>
<ownerDesignName>TXEB_BPM_Semantic_data_model_diagram</ownerDesignName>
</ColumnProxy>
<ColumnProxy name="CPW_REFERRAL_DATE" id="0CC229C2-997D-F8E0-8319-0A56F1267AC5">
<createdBy>mb56142</createdBy>
<createdTime>2014-06-24 01:52:16 UTC</createdTime>
<ownerDesignName>TXEB_BPM_Semantic_data_model_diagram</ownerDesignName>
</ColumnProxy>
<ColumnProxy name="PERFORM_OR_STEP2_START_DATE" id="0F046410-FA20-B663-F4F0-CFD62480636B">
<createdBy>mb56142</createdBy>
<createdTime>2014-06-24 01:52:16 UTC</createdTime>
<ownerDesignName>TXEB_BPM_Semantic_data_model_diagram</ownerDesignName>
</ColumnProxy>
<ColumnProxy name="SURVEY_ID" id="1099F253-7B48-6E1C-EE23-98848CAF4838">
<createdBy>mb56142</createdBy>
<createdTime>2014-06-24 01:52:16 UTC</createdTime>
<ownerDesignName>TXEB_BPM_Semantic_data_model_diagram</ownerDesignName>
</ColumnProxy>
<ColumnProxy name="CANCEL_BY" id="111A6F49-2AFB-76AF-883A-C2FD71DCDBD1">
<createdBy>mb56142</createdBy>
<createdTime>2014-06-24 01:52:16 UTC</createdTime>
<ownerDesignName>TXEB_BPM_Semantic_data_model_diagram</ownerDesignName>
</ColumnProxy>
<ColumnProxy name="PERFORM_OUTREACH_END_DATE" id="1160C145-5302-0098-0526-6F5CBC43E753">
<createdBy>mb56142</createdBy>
<createdTime>2014-06-24 01:52:16 UTC</createdTime>
<ownerDesignName>TXEB_BPM_Semantic_data_model_diagram</ownerDesignName>
</ColumnProxy>
<ColumnProxy name="GENERIC_FIELD_1" id="1417DCF9-2296-ECE7-EC13-7B6F2F2BE1F2">
<createdBy>mb56142</createdBy>
<createdTime>2014-06-24 01:52:16 UTC</createdTime>
<ownerDesignName>TXEB_BPM_Semantic_data_model_diagram</ownerDesignName>
</ColumnProxy>
<ColumnProxy name="PERFORM_HV_PERFORM_BY" id="1614630C-5036-DC3B-61EF-94BE6FE8C3AF">
<createdBy>mb56142</createdBy>
<createdTime>2014-06-24 01:52:16 UTC</createdTime>
<ownerDesignName>TXEB_BPM_Semantic_data_model_diagram</ownerDesignName>
</ColumnProxy>
<ColumnProxy name="VALIDATE_OR_PERFORM_BY" id="16AAD887-932F-66E8-1089-DDD459C3232F">
<createdBy>mb56142</createdBy>
<createdTime>2014-06-24 01:52:16 UTC</createdTime>
<ownerDesignName>TXEB_BPM_Semantic_data_model_diagram</ownerDesignName>
</ColumnProxy>
<ColumnProxy name="VALIDATE_REQUEST_FLAG" id="16C0A50D-AB25-166C-3D3C-2C31DCB46943">
<createdBy>mb56142</createdBy>
<createdTime>2014-06-24 01:52:16 UTC</createdTime>
<ownerDesignName>TXEB_BPM_Semantic_data_model_diagram</ownerDesignName>
</ColumnProxy>
<ColumnProxy name="COMPLETE_DATE" id="18030873-3A2C-E345-1D8C-C8FB4B076848">
<createdBy>mb56142</createdBy>
<createdTime>2014-06-24 01:52:16 UTC</createdTime>
<ownerDesignName>TXEB_BPM_Semantic_data_model_diagram</ownerDesignName>
</ColumnProxy>
<ColumnProxy name="OUTREACH_STEP_4_FLAG" id="183EF4E0-B9E7-D4BE-6064-C576AE406FE8">
<createdBy>mb56142</createdBy>
<createdTime>2014-06-24 01:52:16 UTC</createdTime>
<ownerDesignName>TXEB_BPM_Semantic_data_model_diagram</ownerDesignName>
</ColumnProxy>
<ColumnProxy name="CLIENT_NOTIFICATION_ID" id="19D1D8CE-EF3A-ED64-557D-728C9108A479">
<createdBy>mb56142</createdBy>
<createdTime>2014-06-24 01:52:16 UTC</createdTime>
<ownerDesignName>TXEB_BPM_Semantic_data_model_diagram</ownerDesignName>
</ColumnProxy>
<ColumnProxy name="UNSUCCESSFUL_FLAG" id="1A8529CD-9983-E79C-EE09-98DE1C2AE710">
<createdBy>mb56142</createdBy>
<createdTime>2014-06-24 01:52:16 UTC</createdTime>
<ownerDesignName>TXEB_BPM_Semantic_data_model_diagram</ownerDesignName>
</ColumnProxy>
<ColumnProxy name="EE_NEED_MORE_INFO_MEDICAL" id="1C152E44-FACC-DAFA-EF9C-F62F7E92CA73">
<createdBy>mb56142</createdBy>
<createdTime>2014-06-24 01:52:16 UTC</createdTime>
<ownerDesignName>TXEB_BPM_Semantic_data_model_diagram</ownerDesignName>
</ColumnProxy>
<ColumnProxy name="TIMELINESS_STATUS" id="1F1DA7FE-D326-A7F6-A996-F3A4CA9725FA">
<createdBy>mb56142</createdBy>
<createdTime>2014-06-24 01:52:16 UTC</createdTime>
<ownerDesignName>TXEB_BPM_Semantic_data_model_diagram</ownerDesignName>
</ColumnProxy>
<ColumnProxy name="DELAY_DAYS_3_UNIT" id="20F984DD-0B21-3106-49A1-680418F7F67F">
<createdBy>mb56142</createdBy>
<createdTime>2014-06-24 01:52:16 UTC</createdTime>
<ownerDesignName>TXEB_BPM_Semantic_data_model_diagram</ownerDesignName>
</ColumnProxy>
<ColumnProxy name="TRACKING_NUMBER" id="218DA91A-7314-28DD-20BA-4CDDF5BAFDDF">
<createdBy>mb56142</createdBy>
<createdTime>2014-06-24 01:52:16 UTC</createdTime>
<ownerDesignName>TXEB_BPM_Semantic_data_model_diagram</ownerDesignName>
</ColumnProxy>
<ColumnProxy name="CHECKUP_CARETAKER_RPTS_CHKUP" id="23D1EBD7-99CC-505E-2090-6399357908CC">
<createdBy>mb56142</createdBy>
<createdTime>2014-06-24 01:52:16 UTC</createdTime>
<ownerDesignName>TXEB_BPM_Semantic_data_model_diagram</ownerDesignName>
</ColumnProxy>
<ColumnProxy name="NOTIFY_CLIENT_PERFORM_BY" id="23E31AF7-D87F-3E8C-E422-CBCE8846514D">
<createdBy>mb56142</createdBy>
<createdTime>2014-06-24 01:52:16 UTC</createdTime>
<ownerDesignName>TXEB_BPM_Semantic_data_model_diagram</ownerDesignName>
</ColumnProxy>
<ColumnProxy name="SLA_JEOPARDY_DATE" id="241A4E3E-7DEB-A655-C755-4A0BF5C015E4">
<createdBy>mb56142</createdBy>
<createdTime>2014-06-24 01:52:16 UTC</createdTime>
<ownerDesignName>TXEB_BPM_Semantic_data_model_diagram</ownerDesignName>
</ColumnProxy>
<ColumnProxy name="CPW_REFERRAL_SOURCE_TYPE" id="25508F4A-9FC2-0070-1B32-93015DA0448B">
<createdBy>mb56142</createdBy>
<createdTime>2014-06-24 01:52:16 UTC</createdTime>
<ownerDesignName>TXEB_BPM_Semantic_data_model_diagram</ownerDesignName>
</ColumnProxy>
<ColumnProxy name="HOME_VISIT_FLAG" id="268E0133-D04B-E2F9-FEDE-DF81ECB8850A">
<createdBy>mb56142</createdBy>
<createdTime>2014-06-24 01:52:16 UTC</createdTime>
<ownerDesignName>TXEB_BPM_Semantic_data_model_diagram</ownerDesignName>
</ColumnProxy>
<ColumnProxy name="VALIDATE_OR_END_DATE" id="27564CB7-5DCF-CF43-CD9A-1DCD1F421DE4">
<createdBy>mb56142</createdBy>
<createdTime>2014-06-24 01:52:16 UTC</createdTime>
<ownerDesignName>TXEB_BPM_Semantic_data_model_diagram</ownerDesignName>
</ColumnProxy>
<ColumnProxy name="CPW_PRIORITY_STATUS_REFERRAL" id="285E708C-7F5B-BB1A-57D2-7A5411204D32">
<createdBy>mb56142</createdBy>
<createdTime>2014-06-24 01:52:16 UTC</createdTime>
<ownerDesignName>TXEB_BPM_Semantic_data_model_diagram</ownerDesignName>
</ColumnProxy>
<ColumnProxy name="CASE_ID" id="28AA11B6-47B5-6B53-2F84-B2D069BB8B77">
<createdBy>mb56142</createdBy>
<createdTime>2014-06-24 01:52:16 UTC</createdTime>
<ownerDesignName>TXEB_BPM_Semantic_data_model_diagram</ownerDesignName>
</ColumnProxy>
<ColumnProxy name="NOTIFY_INVALID_INDICATOR" id="28FFD6C9-7881-9DEC-C825-78F1ECB7F0F6">
<createdBy>mb56142</createdBy>
<createdTime>2014-06-24 01:52:16 UTC</createdTime>
<ownerDesignName>TXEB_BPM_Semantic_data_model_diagram</ownerDesignName>
</ColumnProxy>
<ColumnProxy name="PERFORM_OR_STEP4_PERFORM_BY" id="2A4D4E54-2881-DCB0-99CD-23BCA769E5AE">
<createdBy>mb56142</createdBy>
<createdTime>2014-06-24 01:52:16 UTC</createdTime>
<ownerDesignName>TXEB_BPM_Semantic_data_model_diagram</ownerDesignName>
</ColumnProxy>
<ColumnProxy name="DELAY_DAYS_2" id="3064A715-570E-BDD2-9AEC-3A3D24C57029">
<createdBy>mb56142</createdBy>
<createdTime>2014-06-24 01:52:16 UTC</createdTime>
<ownerDesignName>TXEB_BPM_Semantic_data_model_diagram</ownerDesignName>
</ColumnProxy>
<ColumnProxy name="PERFORM_OR_STEP6_START_DATE" id="325D8653-4B59-1D8C-4208-542641E6B8F0">
<createdBy>mb56142</createdBy>
<createdTime>2014-06-24 01:52:16 UTC</createdTime>
<ownerDesignName>TXEB_BPM_Semantic_data_model_diagram</ownerDesignName>
</ColumnProxy>
<ColumnProxy name="OUTREACH_STEP_4_TYPE" id="32C17AC0-6E35-4DFC-B6F6-E12D919940D3">
<createdBy>mb56142</createdBy>
<createdTime>2014-06-24 01:52:16 UTC</createdTime>
<ownerDesignName>TXEB_BPM_Semantic_data_model_diagram</ownerDesignName>
</ColumnProxy>
<ColumnProxy name="NOTIFY_CLIENT_FLAG" id="36CFCBE0-B595-F4C2-EE9E-5EFBCD23E225">
<createdBy>mb56142</createdBy>
<createdTime>2014-06-24 01:52:16 UTC</createdTime>
<ownerDesignName>TXEB_BPM_Semantic_data_model_diagram</ownerDesignName>
</ColumnProxy>
<ColumnProxy name="AGE_IN_CALENDAR_DAYS" id="387A9082-3222-C988-C25B-77CF09869AC3">
<createdBy>mb56142</createdBy>
<createdTime>2014-06-24 01:52:16 UTC</createdTime>
<ownerDesignName>TXEB_BPM_Semantic_data_model_diagram</ownerDesignName>
</ColumnProxy>
<ColumnProxy name="CHECKUP_TEXAS_WORKS_ADV_NAME" id="3C436BB0-9BC8-1916-5A31-A6DF10B9B907">
<createdBy>mb56142</createdBy>
<createdTime>2014-06-24 01:52:16 UTC</createdTime>
<ownerDesignName>TXEB_BPM_Semantic_data_model_diagram</ownerDesignName>
</ColumnProxy>
<ColumnProxy name="SLA_JEOPARDY_DAYS" id="3D13A546-B553-4315-F59E-5319F8BC0E1C">
<createdBy>mb56142</createdBy>
<createdTime>2014-06-24 01:52:16 UTC</createdTime>
<ownerDesignName>TXEB_BPM_Semantic_data_model_diagram</ownerDesignName>
</ColumnProxy>
<ColumnProxy name="PROVREF_MISSED_APPT_REASON" id="3E96AAC5-392F-306E-A63A-3CCAA0EFC276">
<createdBy>mb56142</createdBy>
<createdTime>2014-06-24 01:52:16 UTC</createdTime>
<ownerDesignName>TXEB_BPM_Semantic_data_model_diagram</ownerDesignName>
</ColumnProxy>
<ColumnProxy name="WAIT_FOR_TT_START_DATE" id="3F6674FD-FCD9-9A5C-2846-08C021A9857F">
<createdBy>mb56142</createdBy>
<createdTime>2014-06-24 01:52:16 UTC</createdTime>
<ownerDesignName>TXEB_BPM_Semantic_data_model_diagram</ownerDesignName>
</ColumnProxy>
<ColumnProxy name="NOTIFY_SOURCE_FLAG" id="3F8F9C46-3517-79AB-A9FC-69D3BAC77580">
<createdBy>mb56142</createdBy>
<createdTime>2014-06-24 01:52:16 UTC</createdTime>
<ownerDesignName>TXEB_BPM_Semantic_data_model_diagram</ownerDesignName>
</ColumnProxy>
<ColumnProxy name="PROVREF_MISSED_APPT_DATE" id="41F85262-9D5A-92C1-A177-61582F310665">
<createdBy>mb56142</createdBy>
<createdTime>2014-06-24 01:52:16 UTC</createdTime>
<ownerDesignName>TXEB_BPM_Semantic_data_model_diagram</ownerDesignName>
</ColumnProxy>
<ColumnProxy name="DELAY_DAYS_3" id="43244B5C-2AC8-5443-D343-E6A47DD4F46E">
<createdBy>mb56142</createdBy>
<createdTime>2014-06-24 01:52:16 UTC</createdTime>
<ownerDesignName>TXEB_BPM_Semantic_data_model_diagram</ownerDesignName>
</ColumnProxy>
<ColumnProxy name="INVALID_FLAG" id="4DB13DE4-ABAC-6E80-E7FB-2D0EFF15DF4C">
<createdBy>mb56142</createdBy>
<createdTime>2014-06-24 01:52:16 UTC</createdTime>
<ownerDesignName>TXEB_BPM_Semantic_data_model_diagram</ownerDesignName>
</ColumnProxy>
<ColumnProxy name="PERFORM_OR_STEP1_PERFORM_BY" id="4DC64E10-5AC6-1793-78F4-58EA5A9707D3">
<createdBy>mb56142</createdBy>
<createdTime>2014-06-24 01:52:16 UTC</createdTime>
<ownerDesignName>TXEB_BPM_Semantic_data_model_diagram</ownerDesignName>
</ColumnProxy>
<ColumnProxy name="EE_NEED_MORE_INFO_DENTAL" id="4F1371C9-6FB7-0BF5-1BC6-8D919BCD1F13">
<createdBy>mb56142</createdBy>
<createdTime>2014-06-24 01:52:16 UTC</createdTime>
<ownerDesignName>TXEB_BPM_Semantic_data_model_diagram</ownerDesignName>
</ColumnProxy>
<ColumnProxy name="PERFORM_OR_STEP3_END_DATE" id="51F4267E-329B-2A5A-D0B8-EAA48297C5E8">
<createdBy>mb56142</createdBy>
<createdTime>2014-06-24 01:52:16 UTC</createdTime>
<ownerDesignName>TXEB_BPM_Semantic_data_model_diagram</ownerDesignName>
</ColumnProxy>
<ColumnProxy name="PERFORM_OR_STEP1_FLAG" id="52FACA31-65DF-531A-4362-0FED93CBDEFB">
<createdBy>mb56142</createdBy>
<createdTime>2014-06-24 01:52:16 UTC</createdTime>
<ownerDesignName>TXEB_BPM_Semantic_data_model_diagram</ownerDesignName>
</ColumnProxy>
<ColumnProxy name="PERFORM_OR_STEP3_START_DATE" id="557DBCDF-6872-0660-EE09-50E9E60C6695">
<createdBy>mb56142</createdBy>
<createdTime>2014-06-24 01:52:16 UTC</createdTime>
<ownerDesignName>TXEB_BPM_Semantic_data_model_diagram</ownerDesignName>
</ColumnProxy>
<ColumnProxy name="GENERIC_FIELD_4" id="55E4BB30-1EDB-7AF3-A464-D3B98EDA95FF">
<createdBy>mb56142</createdBy>
<createdTime>2014-06-24 01:52:16 UTC</createdTime>
<ownerDesignName>TXEB_BPM_Semantic_data_model_diagram</ownerDesignName>
</ColumnProxy>
<ColumnProxy name="PROVREF_PROVIDER_ZIP_CODE" id="56AFE886-3696-C14B-EEC3-B4776D964A64">
<createdBy>mb56142</createdBy>
<createdTime>2014-06-24 01:52:16 UTC</createdTime>
<ownerDesignName>TXEB_BPM_Semantic_data_model_diagram</ownerDesignName>
</ColumnProxy>
<ColumnProxy name="PROVREF_MISSED_APPT_IND" id="574FC3BB-81C5-D456-382C-AEEF7E97CD04">
<createdBy>mb56142</createdBy>
<createdTime>2014-06-24 01:52:16 UTC</createdTime>
<ownerDesignName>TXEB_BPM_Semantic_data_model_diagram</ownerDesignName>
</ColumnProxy>
<ColumnProxy name="GENERIC_FIELD_3" id="578C0A36-7299-C2F9-0421-349AF6A572E8">
<createdBy>mb56142</createdBy>
<createdTime>2014-06-24 01:52:16 UTC</createdTime>
<ownerDesignName>TXEB_BPM_Semantic_data_model_diagram</ownerDesignName>
</ColumnProxy>
<ColumnProxy name="PERFORM_OR_STEP3_PERFORM_BY" id="5C869DB3-5860-E0B9-4E57-AB36F95A6C1E">
<createdBy>mb56142</createdBy>
<createdTime>2014-06-24 01:52:16 UTC</createdTime>
<ownerDesignName>TXEB_BPM_Semantic_data_model_diagram</ownerDesignName>
</ColumnProxy>
<ColumnProxy name="TERMINATION_TIMER_FLAG" id="5D284571-E8FC-01C2-277F-C6066441BA9C">
<createdBy>mb56142</createdBy>
<createdTime>2014-06-24 01:52:16 UTC</createdTime>
<ownerDesignName>TXEB_BPM_Semantic_data_model_diagram</ownerDesignName>
</ColumnProxy>
<ColumnProxy name="CREATE_DATE" id="5F4D7DC4-DD1C-86D9-269D-29D26D7EA3CB">
<createdBy>mb56142</createdBy>
<createdTime>2014-06-24 01:52:16 UTC</createdTime>
<ownerDesignName>TXEB_BPM_Semantic_data_model_diagram</ownerDesignName>
</ColumnProxy>
<ColumnProxy name="OUTREACH_STEP_3_TYPE" id="5FA5B633-FD16-969B-B1D3-860A7BD257C6">
<createdBy>mb56142</createdBy>
<createdTime>2014-06-24 01:52:16 UTC</createdTime>
<ownerDesignName>TXEB_BPM_Semantic_data_model_diagram</ownerDesignName>
</ColumnProxy>
<ColumnProxy name="NOTIFY_REF_SOURCE_END_DATE" id="5FC0398F-9945-A31D-3CDE-663E23039907">
<createdBy>mb56142</createdBy>
<createdTime>2014-06-24 01:52:16 UTC</createdTime>
<ownerDesignName>TXEB_BPM_Semantic_data_model_diagram</ownerDesignName>
</ColumnProxy>
<ColumnProxy name="HV_REQUEST_REASON" id="60F7F351-8284-8E0A-F95F-808A7BC5BDCE">
<createdBy>mb56142</createdBy>
<createdTime>2014-06-24 01:52:16 UTC</createdTime>
<ownerDesignName>TXEB_BPM_Semantic_data_model_diagram</ownerDesignName>
</ColumnProxy>
<ColumnProxy name="CURRENT_TASK_ID" id="6308340D-E362-E229-592C-44535A7BDE20">
<createdBy>mb56142</createdBy>
<createdTime>2014-06-24 01:52:16 UTC</createdTime>
<ownerDesignName>TXEB_BPM_Semantic_data_model_diagram</ownerDesignName>
</ColumnProxy>
<ColumnProxy name="OUTCOME_NOTIFICATION_TASK_ID" id="636E0BCB-8EF7-B84A-85FA-BF504AEDB0C0">
<createdBy>mb56142</createdBy>
<createdTime>2014-06-24 01:52:16 UTC</createdTime>
<ownerDesignName>TXEB_BPM_Semantic_data_model_diagram</ownerDesignName>
</ColumnProxy>
<ColumnProxy name="OUTREACH_STEP_6_TYPE" id="66224627-71A9-BC04-12FB-1C10E8CD94A7">
<createdBy>mb56142</createdBy>
<createdTime>2014-06-24 01:52:16 UTC</createdTime>
<ownerDesignName>TXEB_BPM_Semantic_data_model_diagram</ownerDesignName>
</ColumnProxy>
<ColumnProxy name="PERFORM_OR_STEP6_END_DATE" id="67844F1F-5FC3-FE9B-26E8-4F1E4F3D06E4">
<createdBy>mb56142</createdBy>
<createdTime>2014-06-24 01:52:16 UTC</createdTime>
<ownerDesignName>TXEB_BPM_Semantic_data_model_diagram</ownerDesignName>
</ColumnProxy>
<ColumnProxy name="PROVREF_ASSIST_WITH_TRANS" id="684C8EAF-8713-BAAD-E769-4375D22B3D08">
<createdBy>mb56142</createdBy>
<createdTime>2014-06-24 01:52:16 UTC</createdTime>
<ownerDesignName>TXEB_BPM_Semantic_data_model_diagram</ownerDesignName>
</ColumnProxy>
<ColumnProxy name="OUTREACH_REQUEST_TYPE" id="68B22E7E-819B-2E02-D1DD-A23AAB092742">
<createdBy>mb56142</createdBy>
<createdTime>2014-06-24 01:52:16 UTC</createdTime>
<ownerDesignName>TXEB_BPM_Semantic_data_model_diagram</ownerDesignName>
</ColumnProxy>
<ColumnProxy name="GENERIC_FIELD_5" id="6A314465-8B86-45A9-ADC4-6499234ADFDC">
<createdBy>mb56142</createdBy>
<createdTime>2014-06-24 01:52:16 UTC</createdTime>
<ownerDesignName>TXEB_BPM_Semantic_data_model_diagram</ownerDesignName>
</ColumnProxy>
<ColumnProxy name="OUTREACH_STEP_3_FLAG" id="6A9B1A71-5D3E-F5B5-EB57-8A6DC36C159A">
<createdBy>mb56142</createdBy>
<createdTime>2014-06-24 01:52:16 UTC</createdTime>
<ownerDesignName>TXEB_BPM_Semantic_data_model_diagram</ownerDesignName>
</ColumnProxy>
<ColumnProxy name="PERFORM_OR_STEP6_FLAG" id="6B3C792D-986C-751D-702E-2FC06B24AEFE">
<createdBy>mb56142</createdBy>
<createdTime>2014-06-24 01:52:16 UTC</createdTime>
<ownerDesignName>TXEB_BPM_Semantic_data_model_diagram</ownerDesignName>
</ColumnProxy>
<ColumnProxy name="OUTREACH_REQUEST_CATEGORY" id="6B4584FE-DF66-77B9-846D-C8CD1622B497">
<createdBy>mb56142</createdBy>
<createdTime>2014-06-24 01:52:16 UTC</createdTime>
<ownerDesignName>TXEB_BPM_Semantic_data_model_diagram</ownerDesignName>
</ColumnProxy>
<ColumnProxy name="CURRENT_TASK_STATUS" id="6EB02C8A-847E-8535-894B-787202946F8A">
<createdBy>mb56142</createdBy>
<createdTime>2014-06-24 01:52:16 UTC</createdTime>
<ownerDesignName>TXEB_BPM_Semantic_data_model_diagram</ownerDesignName>
</ColumnProxy>
<ColumnProxy name="PERFORM_OR_STEP5_END_DATE" id="70DEB1A1-963C-8E6C-F689-01892C17EA66">
<createdBy>mb56142</createdBy>
<createdTime>2014-06-24 01:52:16 UTC</createdTime>
<ownerDesignName>TXEB_BPM_Semantic_data_model_diagram</ownerDesignName>
</ColumnProxy>
<ColumnProxy name="PROVREF_PROVIDER_TYPE" id="76A6DCF1-F83B-10ED-43A0-C9A9A9FE518A">
<createdBy>mb56142</createdBy>
<createdTime>2014-06-24 01:52:16 UTC</createdTime>
<ownerDesignName>TXEB_BPM_Semantic_data_model_diagram</ownerDesignName>
</ColumnProxy>
<ColumnProxy name="OUTREACH_STEP_5_TYPE" id="7707A354-5B8D-7273-F3C4-BCC4117DBD91">
<createdBy>mb56142</createdBy>
<createdTime>2014-06-24 01:52:16 UTC</createdTime>
<ownerDesignName>TXEB_BPM_Semantic_data_model_diagram</ownerDesignName>
</ColumnProxy>
<ColumnProxy name="HV_LANGUAGE" id="7711F84C-4DF6-1B0D-8E2A-25B3884D9B6C">
<createdBy>mb56142</createdBy>
<createdTime>2014-06-24 01:52:16 UTC</createdTime>
<ownerDesignName>TXEB_BPM_Semantic_data_model_diagram</ownerDesignName>
</ColumnProxy>
<ColumnProxy name="EE_PHONE_INDICATOR" id="790B3847-F026-ED7A-C5C3-2AE35CFCFA4F">
<createdBy>mb56142</createdBy>
<createdTime>2014-06-24 01:52:16 UTC</createdTime>
<ownerDesignName>TXEB_BPM_Semantic_data_model_diagram</ownerDesignName>
</ColumnProxy>
<ColumnProxy name="PROVREF_PROVIDER_CLINIC_NAME" id="7D8CC5E3-FC66-74B0-51E6-86578F44A81F">
<createdBy>mb56142</createdBy>
<createdTime>2014-06-24 01:52:16 UTC</createdTime>
<ownerDesignName>TXEB_BPM_Semantic_data_model_diagram</ownerDesignName>
</ColumnProxy>
<ColumnProxy name="EE_HV_INDICATOR" id="7F42BDEB-2A2F-22A2-A19C-08C77C31A125">
<createdBy>mb56142</createdBy>
<createdTime>2014-06-24 01:52:16 UTC</createdTime>
<ownerDesignName>TXEB_BPM_Semantic_data_model_diagram</ownerDesignName>
</ColumnProxy>
<ColumnProxy name="PROVREF_MISSED_APPT_TYPE" id="808898F5-D829-946E-DD37-E6C0AFA2D603">
<createdBy>mb56142</createdBy>
<createdTime>2014-06-24 01:52:16 UTC</createdTime>
<ownerDesignName>TXEB_BPM_Semantic_data_model_diagram</ownerDesignName>
</ColumnProxy>
<ColumnProxy name="REMINDER_APPOINTMENT_DATE" id="80F34FEB-4BC0-FC4C-09FE-C035CD49ACD1">
<createdBy>mb56142</createdBy>
<createdTime>2014-06-24 01:52:16 UTC</createdTime>
<ownerDesignName>TXEB_BPM_Semantic_data_model_diagram</ownerDesignName>
</ColumnProxy>
<ColumnProxy name="FINAL_WAIT_FLAG" id="813DADCC-E8D3-FE48-F54B-271FEF19EBF3">
<createdBy>mb56142</createdBy>
<createdTime>2014-06-24 01:52:16 UTC</createdTime>
<ownerDesignName>TXEB_BPM_Semantic_data_model_diagram</ownerDesignName>
</ColumnProxy>
<ColumnProxy name="PERFORM_OR_STEP1_END_DATE" id="819618B5-9DCB-74BD-886E-4B3F31838C78">
<createdBy>mb56142</createdBy>
<createdTime>2014-06-24 01:52:16 UTC</createdTime>
<ownerDesignName>TXEB_BPM_Semantic_data_model_diagram</ownerDesignName>
</ColumnProxy>
<ColumnProxy name="SERVICE_AREA" id="8327E5F4-E725-F501-7A89-693EBD3B3060">
<createdBy>mb56142</createdBy>
<createdTime>2014-06-24 01:52:16 UTC</createdTime>
<ownerDesignName>TXEB_BPM_Semantic_data_model_diagram</ownerDesignName>
</ColumnProxy>
<ColumnProxy name="PROVREF_PROVIDER_CITY" id="85D8F735-E84F-D7D7-1149-52E90046AAF6">
<createdBy>mb56142</createdBy>
<createdTime>2014-06-24 01:52:16 UTC</createdTime>
<ownerDesignName>TXEB_BPM_Semantic_data_model_diagram</ownerDesignName>
</ColumnProxy>
<ColumnProxy name="REMINDER_PROV_CLINIC_NAME" id="86C87A7D-EF0B-8430-7FFA-16330F74E620">
<createdBy>mb56142</createdBy>
<createdTime>2014-06-24 01:52:16 UTC</createdTime>
<ownerDesignName>TXEB_BPM_Semantic_data_model_diagram</ownerDesignName>
</ColumnProxy>
<ColumnProxy name="NOTIFY_REFERRAL_SOURCE_FLAG" id="88AD561D-4352-6F28-6E62-686E7E5DBA31">
<createdBy>mb56142</createdBy>
<createdTime>2014-06-24 01:52:16 UTC</createdTime>
<ownerDesignName>TXEB_BPM_Semantic_data_model_diagram</ownerDesignName>
</ColumnProxy>
<ColumnProxy name="PROVREF_ASST_SCHEDULING_APPT" id="893B65FF-7569-FFE6-E664-D0FC148DCD1D">
<createdBy>mb56142</createdBy>
<createdTime>2014-06-24 01:52:16 UTC</createdTime>
<ownerDesignName>TXEB_BPM_Semantic_data_model_diagram</ownerDesignName>
</ColumnProxy>
<ColumnProxy name="VALIDATION_ERROR" id="8C5666CD-DE06-CC5B-77AC-56BC57B5DBFA">
<createdBy>mb56142</createdBy>
<createdTime>2014-06-24 01:52:16 UTC</createdTime>
<ownerDesignName>TXEB_BPM_Semantic_data_model_diagram</ownerDesignName>
</ColumnProxy>
<ColumnProxy name="ORIGIN_ID" id="8CF01F62-E81A-208E-71D8-EBE915663FCE">
<createdBy>mb56142</createdBy>
<createdTime>2014-06-24 01:52:16 UTC</createdTime>
<ownerDesignName>TXEB_BPM_Semantic_data_model_diagram</ownerDesignName>
</ColumnProxy>
<ColumnProxy name="HV_INTERPRETER_NEEDED_IND" id="8F0B4F80-BA48-21D5-7670-C14A38B0FCD0">
<createdBy>mb56142</createdBy>
<createdTime>2014-06-24 01:52:16 UTC</createdTime>
<ownerDesignName>TXEB_BPM_Semantic_data_model_diagram</ownerDesignName>
</ColumnProxy>
<ColumnProxy name="CHECKUP_DATE_REPORTED_CHKP" id="966162EB-B17A-2AD1-C5EE-28DACCFADB8E">
<createdBy>mb56142</createdBy>
<createdTime>2014-06-24 01:52:16 UTC</createdTime>
<ownerDesignName>TXEB_BPM_Semantic_data_model_diagram</ownerDesignName>
</ColumnProxy>
<ColumnProxy name="HV_LANG_OTHER_THAN_ENG_IND" id="97DE7441-7E52-77DE-018F-909817DDE351">
<createdBy>mb56142</createdBy>
<createdTime>2014-06-24 01:52:16 UTC</createdTime>
<ownerDesignName>TXEB_BPM_Semantic_data_model_diagram</ownerDesignName>
</ColumnProxy>
<ColumnProxy name="PERFORM_OR_STEP5_START_DATE" id="98AE7F2D-1C11-A9AB-ED07-F51FD61075C5">
<createdBy>mb56142</createdBy>
<createdTime>2014-06-24 01:52:16 UTC</createdTime>
<ownerDesignName>TXEB_BPM_Semantic_data_model_diagram</ownerDesignName>
</ColumnProxy>
<ColumnProxy name="OUTREACH_STEP_6_FLAG" id="991FDE6A-9250-D193-47B3-8483F62415F8">
<createdBy>mb56142</createdBy>
<createdTime>2014-06-24 01:52:16 UTC</createdTime>
<ownerDesignName>TXEB_BPM_Semantic_data_model_diagram</ownerDesignName>
</ColumnProxy>
<ColumnProxy name="PROGRAM_TYPE" id="998A5EA1-8DB5-DB91-F68D-31EBE7BA4DF8">
<createdBy>mb56142</createdBy>
<createdTime>2014-06-24 01:52:16 UTC</createdTime>
<ownerDesignName>TXEB_BPM_Semantic_data_model_diagram</ownerDesignName>
</ColumnProxy>
<ColumnProxy name="PROVREF_LEAD_TEST_IND" id="9A5FFEA7-963D-A7DE-E82B-1C4826861EB2">
<createdBy>mb56142</createdBy>
<createdTime>2014-06-24 01:52:16 UTC</createdTime>
<ownerDesignName>TXEB_BPM_Semantic_data_model_diagram</ownerDesignName>
</ColumnProxy>
<ColumnProxy name="CREATED_BY" id="9A8BEF11-4510-FD69-EFE6-F2BC0E32CBAA">
<createdBy>mb56142</createdBy>
<createdTime>2014-06-24 01:52:16 UTC</createdTime>
<ownerDesignName>TXEB_BPM_Semantic_data_model_diagram</ownerDesignName>
</ColumnProxy>
<ColumnProxy name="PERFORM_OR_STEP4_END_DATE" id="9AE4443B-ED3E-165A-7036-37CBF5F99432">
<createdBy>mb56142</createdBy>
<createdTime>2014-06-24 01:52:16 UTC</createdTime>
<ownerDesignName>TXEB_BPM_Semantic_data_model_diagram</ownerDesignName>
</ColumnProxy>
<ColumnProxy name="EE_OTHER_INDICATOR" id="9C747879-C422-0499-ADA7-1EA2B4D30AB6">
<createdBy>mb56142</createdBy>
<createdTime>2014-06-24 01:52:16 UTC</createdTime>
<ownerDesignName>TXEB_BPM_Semantic_data_model_diagram</ownerDesignName>
</ColumnProxy>
<ColumnProxy name="EE_MAIL_INDICATOR" id="9D901C5B-7C53-2998-B644-5C6DA05E5BD0">
<createdBy>mb56142</createdBy>
<createdTime>2014-06-24 01:52:16 UTC</createdTime>
<ownerDesignName>TXEB_BPM_Semantic_data_model_diagram</ownerDesignName>
</ColumnProxy>
<ColumnProxy name="OUTREACH_REQUEST_ID" id="9DE2B58F-7865-DA3B-DA68-5916D9EBB115">
<createdBy>mb56142</createdBy>
<createdTime>2014-06-24 01:52:16 UTC</createdTime>
<ownerDesignName>TXEB_BPM_Semantic_data_model_diagram</ownerDesignName>
</ColumnProxy>
<ColumnProxy name="PERFORM_HV_END_DATE" id="9FE7184D-6E71-EF63-87D1-785DC56B47A2">
<createdBy>mb56142</createdBy>
<createdTime>2014-06-24 01:52:16 UTC</createdTime>
<ownerDesignName>TXEB_BPM_Semantic_data_model_diagram</ownerDesignName>
</ColumnProxy>
<ColumnProxy name="NOTIFY_REF_SOURCE_PERFORM_BY" id="A50244F4-0547-A021-1CF7-BD01273A11AA">
<createdBy>mb56142</createdBy>
<createdTime>2014-06-24 01:52:16 UTC</createdTime>
<ownerDesignName>TXEB_BPM_Semantic_data_model_diagram</ownerDesignName>
</ColumnProxy>
<ColumnProxy name="GENERIC_FIELD_2" id="A5E6360B-0E37-51FD-40F2-509FD511E5F8">
<createdBy>mb56142</createdBy>
<createdTime>2014-06-24 01:52:16 UTC</createdTime>
<ownerDesignName>TXEB_BPM_Semantic_data_model_diagram</ownerDesignName>
</ColumnProxy>
<ColumnProxy name="PERFORM_OR_STEP2_FLAG" id="A915CA44-FC91-68CA-53B7-2174BED5D75C">
<createdBy>mb56142</createdBy>
<createdTime>2014-06-24 01:52:16 UTC</createdTime>
<ownerDesignName>TXEB_BPM_Semantic_data_model_diagram</ownerDesignName>
</ColumnProxy>
<ColumnProxy name="CPW_REFERRAL_REASON" id="A9E5FF6B-331A-98A9-A294-2F0A293C3D09">
<createdBy>mb56142</createdBy>
<createdTime>2014-06-24 01:52:16 UTC</createdTime>
<ownerDesignName>TXEB_BPM_Semantic_data_model_diagram</ownerDesignName>
</ColumnProxy>
<ColumnProxy name="DELAY_DAYS_1" id="AAFE5234-1E7B-9252-491D-E4D30023AD4E">
<createdBy>mb56142</createdBy>
<createdTime>2014-06-24 01:52:16 UTC</createdTime>
<ownerDesignName>TXEB_BPM_Semantic_data_model_diagram</ownerDesignName>
</ColumnProxy>
<ColumnProxy name="LAST_UPDATE_DATE" id="AC52ADE2-8F9F-9DA7-9817-746EBF0F9FEC">
<createdBy>mb56142</createdBy>
<createdTime>2014-06-24 01:52:16 UTC</createdTime>
<ownerDesignName>TXEB_BPM_Semantic_data_model_diagram</ownerDesignName>
</ColumnProxy>
<ColumnProxy name="CLIENT_ID" id="ACF8C1A5-A916-B6DF-EA27-7E29F3E83E8C">
<createdBy>mb56142</createdBy>
<createdTime>2014-06-24 01:52:16 UTC</createdTime>
<ownerDesignName>TXEB_BPM_Semantic_data_model_diagram</ownerDesignName>
</ColumnProxy>
<ColumnProxy name="PERFORM_OUTREACH_PERFORM_BY" id="AE6E977A-F8A4-5B02-03E1-C6E866AAD634">
<createdBy>mb56142</createdBy>
<createdTime>2014-06-24 01:52:16 UTC</createdTime>
<ownerDesignName>TXEB_BPM_Semantic_data_model_diagram</ownerDesignName>
</ColumnProxy>
<ColumnProxy name="PERFORM_OR_STEP5_FLAG" id="AF172C48-E38B-E460-BCE7-242DA1478897">
<createdBy>mb56142</createdBy>
<createdTime>2014-06-24 01:52:16 UTC</createdTime>
<ownerDesignName>TXEB_BPM_Semantic_data_model_diagram</ownerDesignName>
</ColumnProxy>
<ColumnProxy name="DELAY_DAYS_2_UNIT" id="B30E5633-FC5C-E6F7-9AD9-3FC2F824DB17">
<createdBy>mb56142</createdBy>
<createdTime>2014-06-24 01:52:16 UTC</createdTime>
<ownerDesignName>TXEB_BPM_Semantic_data_model_diagram</ownerDesignName>
</ColumnProxy>
<ColumnProxy name="PERFORM_OR_STEP5_PERFORM_BY" id="B362C059-B807-B7A4-9BE9-FD1ED2BDAF13">
<createdBy>mb56142</createdBy>
<createdTime>2014-06-24 01:52:16 UTC</createdTime>
<ownerDesignName>TXEB_BPM_Semantic_data_model_diagram</ownerDesignName>
</ColumnProxy>
<ColumnProxy name="PERFORM_HV_START_DATE" id="B414F291-9C89-99B0-3145-CA5E3012696B">
<createdBy>mb56142</createdBy>
<createdTime>2014-06-24 01:52:16 UTC</createdTime>
<ownerDesignName>TXEB_BPM_Semantic_data_model_diagram</ownerDesignName>
</ColumnProxy>
<ColumnProxy name="LETTER_DEFINITION_1" id="B493EF44-BEE2-3E37-8454-D9DF653B7945">
<createdBy>mb56142</createdBy>
<createdTime>2014-06-24 01:52:16 UTC</createdTime>
<ownerDesignName>TXEB_BPM_Semantic_data_model_diagram</ownerDesignName>
</ColumnProxy>
<ColumnProxy name="CYCLE_TIME" id="B5323CAE-7E9E-DB25-366C-0FAEF8756560">
<createdBy>mb56142</createdBy>
<createdTime>2014-06-24 01:52:16 UTC</createdTime>
<ownerDesignName>TXEB_BPM_Semantic_data_model_diagram</ownerDesignName>
</ColumnProxy>
<ColumnProxy name="FINAL_WAIT" id="B61535C6-F542-4577-C909-417B172D606F">
<createdBy>mb56142</createdBy>
<createdTime>2014-06-24 01:52:16 UTC</createdTime>
<ownerDesignName>TXEB_BPM_Semantic_data_model_diagram</ownerDesignName>
</ColumnProxy>
<ColumnProxy name="PROVREF_PROV_DATE_REFERRED" id="B93BFD66-8512-2C6B-7FC7-9654FC8C92B8">
<createdBy>mb56142</createdBy>
<createdTime>2014-06-24 01:52:16 UTC</createdTime>
<ownerDesignName>TXEB_BPM_Semantic_data_model_diagram</ownerDesignName>
</ColumnProxy>
<ColumnProxy name="FINAL_WAIT_UNIT" id="BA1DF5BF-F06A-4BAB-7377-FF4A8312B96F">
<createdBy>mb56142</createdBy>
<createdTime>2014-06-24 01:52:16 UTC</createdTime>
<ownerDesignName>TXEB_BPM_Semantic_data_model_diagram</ownerDesignName>
</ColumnProxy>
<ColumnProxy name="PERFORM_OR_STEP1_START_DATE" id="BB7392EE-03D7-A066-EA08-69872E2400D1">
<createdBy>mb56142</createdBy>
<createdTime>2014-06-24 01:52:16 UTC</createdTime>
<ownerDesignName>TXEB_BPM_Semantic_data_model_diagram</ownerDesignName>
</ColumnProxy>
<ColumnProxy name="RECEIPT_DATE" id="BF2B6E21-5210-30AA-86D4-467A8D861CC1">
<createdBy>mb56142</createdBy>
<createdTime>2014-06-24 01:52:16 UTC</createdTime>
<ownerDesignName>TXEB_BPM_Semantic_data_model_diagram</ownerDesignName>
</ColumnProxy>
<ColumnProxy name="LETTER_DEFINITION_3" id="C03C6F03-E810-82F5-9FF1-465E629C8E29">
<createdBy>mb56142</createdBy>
<createdTime>2014-06-24 01:52:16 UTC</createdTime>
<ownerDesignName>TXEB_BPM_Semantic_data_model_diagram</ownerDesignName>
</ColumnProxy>
<ColumnProxy name="CANCEL_METHOD" id="C0B555BF-23AC-5411-EFCF-20DE0FD98F5B">
<createdBy>mb56142</createdBy>
<createdTime>2014-06-24 01:52:16 UTC</createdTime>
<ownerDesignName>TXEB_BPM_Semantic_data_model_diagram</ownerDesignName>
</ColumnProxy>
<ColumnProxy name="PERFORM_OR_STEP4_START_DATE" id="C15C602F-F2E9-944E-5850-FE8BDB63ACCA">
<createdBy>mb56142</createdBy>
<createdTime>2014-06-24 01:52:16 UTC</createdTime>
<ownerDesignName>TXEB_BPM_Semantic_data_model_diagram</ownerDesignName>
</ColumnProxy>
<ColumnProxy name="INSTANCE_STATUS" id="C1B6C4F6-8CEA-D723-ECAA-C5222648F0D0">
<createdBy>mb56142</createdBy>
<createdTime>2014-06-24 01:52:16 UTC</createdTime>
<ownerDesignName>TXEB_BPM_Semantic_data_model_diagram</ownerDesignName>
</ColumnProxy>
<ColumnProxy name="OUTREACH_STEP_2_FLAG" id="C53D0143-00F7-E580-44CD-C2554C11B7FC">
<createdBy>mb56142</createdBy>
<createdTime>2014-06-24 01:52:16 UTC</createdTime>
<ownerDesignName>TXEB_BPM_Semantic_data_model_diagram</ownerDesignName>
</ColumnProxy>
<ColumnProxy name="EE_HELP_FINDING_PROVIDER_IND" id="C7472862-DFDD-1F55-A656-7C35D46DA375">
<createdBy>mb56142</createdBy>
<createdTime>2014-06-24 01:52:16 UTC</createdTime>
<ownerDesignName>TXEB_BPM_Semantic_data_model_diagram</ownerDesignName>
</ColumnProxy>
<ColumnProxy name="EE_SCHEDULE_THSTEPS_APPT_IND" id="C8C1BFDD-59FC-6E1B-FB54-C32CC857AC86">
<createdBy>mb56142</createdBy>
<createdTime>2014-06-24 01:52:16 UTC</createdTime>
<ownerDesignName>TXEB_BPM_Semantic_data_model_diagram</ownerDesignName>
</ColumnProxy>
<ColumnProxy name="CANCEL_DATE" id="CA177B0C-63BD-C836-E47B-DA903DFCB62D">
<createdBy>mb56142</createdBy>
<createdTime>2014-06-24 01:52:16 UTC</createdTime>
<ownerDesignName>TXEB_BPM_Semantic_data_model_diagram</ownerDesignName>
</ColumnProxy>
<ColumnProxy name="OUTREACH_STEP_2_TYPE" id="CA67BD61-BDD0-CC02-ABDB-2825FA208EC2">
<createdBy>mb56142</createdBy>
<createdTime>2014-06-24 01:52:16 UTC</createdTime>
<ownerDesignName>TXEB_BPM_Semantic_data_model_diagram</ownerDesignName>
</ColumnProxy>
<ColumnProxy name="PROVREF_UPD_PATIENT_ADDRESS" id="CAA5940C-8034-C771-01A7-2F244EA95828">
<createdBy>mb56142</createdBy>
<createdTime>2014-06-24 01:52:16 UTC</createdTime>
<ownerDesignName>TXEB_BPM_Semantic_data_model_diagram</ownerDesignName>
</ColumnProxy>
<ColumnProxy name="ORIGIN" id="CD3AABB8-8013-D9F4-3BD4-F3913711352D">
<createdBy>mb56142</createdBy>
<createdTime>2014-06-24 01:52:16 UTC</createdTime>
<ownerDesignName>TXEB_BPM_Semantic_data_model_diagram</ownerDesignName>
</ColumnProxy>
<ColumnProxy name="PROVREF_MISSED_APPT_OUTCOME" id="D0714D00-CAF6-00F0-52D2-9252A0E7135B">
<createdBy>mb56142</createdBy>
<createdTime>2014-06-24 01:52:16 UTC</createdTime>
<ownerDesignName>TXEB_BPM_Semantic_data_model_diagram</ownerDesignName>
</ColumnProxy>
<ColumnProxy name="CPW_REFERRAL_SOURCE_NAME" id="D2229422-01C5-F7E5-5E99-267F7361E265">
<createdBy>mb56142</createdBy>
<createdTime>2014-06-24 01:52:16 UTC</createdTime>
<ownerDesignName>TXEB_BPM_Semantic_data_model_diagram</ownerDesignName>
</ColumnProxy>
<ColumnProxy name="EE_INTERPRETER_NEEDED_IND" id="D223355A-26AC-8F03-33B3-7ED189BBC7B9">
<createdBy>mb56142</createdBy>
<createdTime>2014-06-24 01:52:16 UTC</createdTime>
<ownerDesignName>TXEB_BPM_Semantic_data_model_diagram</ownerDesignName>
</ColumnProxy>
<ColumnProxy name="PROVREF_OTHER" id="D379271A-21DA-6222-C6A5-1F725909D8A9">
<createdBy>mb56142</createdBy>
<createdTime>2014-06-24 01:52:16 UTC</createdTime>
<ownerDesignName>TXEB_BPM_Semantic_data_model_diagram</ownerDesignName>
</ColumnProxy>
<ColumnProxy name="NOTIFY_CLIENT_START_DATE" id="D3A1B225-6B79-176D-BF9A-19BC82B6F66F">
<createdBy>mb56142</createdBy>
<createdTime>2014-06-24 01:52:16 UTC</createdTime>
<ownerDesignName>TXEB_BPM_Semantic_data_model_diagram</ownerDesignName>
</ColumnProxy>
<ColumnProxy name="PERFORM_OR_STEP4_FLAG" id="D4238123-3043-EC13-6E73-4F480C007399">
<createdBy>mb56142</createdBy>
<createdTime>2014-06-24 01:52:16 UTC</createdTime>
<ownerDesignName>TXEB_BPM_Semantic_data_model_diagram</ownerDesignName>
</ColumnProxy>
<ColumnProxy name="NOTIFY_CLIENT_END_DATE" id="D49D68C1-93D1-B150-15AA-F28C4D42781D">
<createdBy>mb56142</createdBy>
<createdTime>2014-06-24 01:52:16 UTC</createdTime>
<ownerDesignName>TXEB_BPM_Semantic_data_model_diagram</ownerDesignName>
</ColumnProxy>
<ColumnProxy name="SEND_CLIENT_NOTFICATION_FLAG" id="D7EE932B-80DA-1C89-113D-5A6AED59FBC8">
<createdBy>mb56142</createdBy>
<createdTime>2014-06-24 01:52:16 UTC</createdTime>
<ownerDesignName>TXEB_BPM_Semantic_data_model_diagram</ownerDesignName>
</ColumnProxy>
<ColumnProxy name="PERFORM_OUTREACH_START_DATE" id="DC6D6D74-DE5D-220B-EF3C-BE044BB513D3">
<createdBy>mb56142</createdBy>
<createdTime>2014-06-24 01:52:16 UTC</createdTime>
<ownerDesignName>TXEB_BPM_Semantic_data_model_diagram</ownerDesignName>
</ColumnProxy>
<ColumnProxy name="SUBPROGRAM_TYPE" id="DD15911E-6A20-E042-0DF6-4661541ADACF">
<createdBy>mb56142</createdBy>
<createdTime>2014-06-24 01:52:16 UTC</createdTime>
<ownerDesignName>TXEB_BPM_Semantic_data_model_diagram</ownerDesignName>
</ColumnProxy>
<ColumnProxy name="NOTIFY_REF_SOURCE_START_DATE" id="DE2EC902-8B3E-1C5C-BD1C-5995E5B674BA">
<createdBy>mb56142</createdBy>
<createdTime>2014-06-24 01:52:16 UTC</createdTime>
<ownerDesignName>TXEB_BPM_Semantic_data_model_diagram</ownerDesignName>
</ColumnProxy>
<ColumnProxy name="NOTIFY_OUTCOME_INDICATOR" id="DE33B4BF-4A3C-5678-8D12-AAA4F93EB5E4">
<createdBy>mb56142</createdBy>
<createdTime>2014-06-24 01:52:16 UTC</createdTime>
<ownerDesignName>TXEB_BPM_Semantic_data_model_diagram</ownerDesignName>
</ColumnProxy>
<ColumnProxy name="CURRENT_TASK_TYPE" id="DF4D53BF-F161-6917-5ADD-038EDEC5475C">
<createdBy>mb56142</createdBy>
<createdTime>2014-06-24 01:52:16 UTC</createdTime>
<ownerDesignName>TXEB_BPM_Semantic_data_model_diagram</ownerDesignName>
</ColumnProxy>
<ColumnProxy name="EE_NEED_MORE_INFO_INDICATOR" id="E056B88F-02B7-1E5F-58AC-D6E4EB6F29CA">
<createdBy>mb56142</createdBy>
<createdTime>2014-06-24 01:52:16 UTC</createdTime>
<ownerDesignName>TXEB_BPM_Semantic_data_model_diagram</ownerDesignName>
</ColumnProxy>
<ColumnProxy name="OUTREACH_STEP_1_TYPE" id="E3EFB275-7611-3CED-3723-847B7FAD9AD8">
<createdBy>mb56142</createdBy>
<createdTime>2014-06-24 01:52:16 UTC</createdTime>
<ownerDesignName>TXEB_BPM_Semantic_data_model_diagram</ownerDesignName>
</ColumnProxy>
<ColumnProxy name="HUMAN_TASK_TYPE_2" id="E534C73D-467E-4392-31EE-C9CAFE2E4424">
<createdBy>mb56142</createdBy>
<createdTime>2014-06-24 01:52:16 UTC</createdTime>
<ownerDesignName>TXEB_BPM_Semantic_data_model_diagram</ownerDesignName>
</ColumnProxy>
<ColumnProxy name="SLA_DAYS" id="E759D105-8D85-642D-D4D2-A6A8D4897F70">
<createdBy>mb56142</createdBy>
<createdTime>2014-06-24 01:52:16 UTC</createdTime>
<ownerDesignName>TXEB_BPM_Semantic_data_model_diagram</ownerDesignName>
</ColumnProxy>
<ColumnProxy name="OUTREACH_STEP_5_FLAG" id="E83BE889-3160-4B49-713F-5ACDA8CA1D40">
<createdBy>mb56142</createdBy>
<createdTime>2014-06-24 01:52:16 UTC</createdTime>
<ownerDesignName>TXEB_BPM_Semantic_data_model_diagram</ownerDesignName>
</ColumnProxy>
<ColumnProxy name="PROVREF_PROVIDER_COUNTY" id="E897E8FC-ED6A-2165-327C-126706097F8B">
<createdBy>mb56142</createdBy>
<createdTime>2014-06-24 01:52:16 UTC</createdTime>
<ownerDesignName>TXEB_BPM_Semantic_data_model_diagram</ownerDesignName>
</ColumnProxy>
<ColumnProxy name="SLA_DAYS_TYPE" id="EA6871FD-ECF0-BB27-7FB4-0FBB9032ABD6">
<createdBy>mb56142</createdBy>
<createdTime>2014-06-24 01:52:16 UTC</createdTime>
<ownerDesignName>TXEB_BPM_Semantic_data_model_diagram</ownerDesignName>
</ColumnProxy>
<ColumnProxy name="CPW_CALL_BACK_INDICATOR" id="EA7699CE-B1AF-EEE1-DDDF-7189BD0CB016">
<createdBy>mb56142</createdBy>
<createdTime>2014-06-24 01:52:16 UTC</createdTime>
<ownerDesignName>TXEB_BPM_Semantic_data_model_diagram</ownerDesignName>
</ColumnProxy>
<ColumnProxy name="PERFORM_OR_STEP3_FLAG" id="EAAEC5FA-0541-39F0-A007-AC4C511ACC64">
<createdBy>mb56142</createdBy>
<createdTime>2014-06-24 01:52:16 UTC</createdTime>
<ownerDesignName>TXEB_BPM_Semantic_data_model_diagram</ownerDesignName>
</ColumnProxy>
<ColumnProxy name="SURVEY_TEMPLATE_NAME" id="EAF08509-67CF-A930-AEF2-B341AD47E481">
<createdBy>mb56142</createdBy>
<createdTime>2014-06-24 01:52:16 UTC</createdTime>
<ownerDesignName>TXEB_BPM_Semantic_data_model_diagram</ownerDesignName>
</ColumnProxy>
<ColumnProxy name="COR_BI_ID" id="EC048D50-C0DA-B9A6-090B-B0319DD3B0D0">
<createdBy>mb56142</createdBy>
<createdTime>2014-06-24 01:52:16 UTC</createdTime>
<ownerDesignName>TXEB_BPM_Semantic_data_model_diagram</ownerDesignName>
</ColumnProxy>
<ColumnProxy name="PERFORM_OR_STEP2_PERFORM_BY" id="F019520F-D0EE-C41B-60B8-CC35C394BCA2">
<createdBy>mb56142</createdBy>
<createdTime>2014-06-24 01:52:16 UTC</createdTime>
<ownerDesignName>TXEB_BPM_Semantic_data_model_diagram</ownerDesignName>
</ColumnProxy>
<ColumnProxy name="REMINDER_APPOINTMENT_TYPE" id="F03D3EE9-3CF2-141D-B9BE-C19BDAC570A1">
<createdBy>mb56142</createdBy>
<createdTime>2014-06-24 01:52:16 UTC</createdTime>
<ownerDesignName>TXEB_BPM_Semantic_data_model_diagram</ownerDesignName>
</ColumnProxy>
<ColumnProxy name="VALIDATE_OR_START_DATE" id="F0E40980-A083-C179-09C8-BE864CBF374B">
<createdBy>mb56142</createdBy>
<createdTime>2014-06-24 01:52:16 UTC</createdTime>
<ownerDesignName>TXEB_BPM_Semantic_data_model_diagram</ownerDesignName>
</ColumnProxy>
<ColumnProxy name="COUNTY" id="F120BAA3-F137-1D49-4920-11D06E89E619">
<createdBy>mb56142</createdBy>
<createdTime>2014-06-24 01:52:16 UTC</createdTime>
<ownerDesignName>TXEB_BPM_Semantic_data_model_diagram</ownerDesignName>
</ColumnProxy>
<ColumnProxy name="OUTREACH_REQUEST_STATUS" id="F42F7F55-E3DD-1B04-B518-E08D0D1090F1">
<createdBy>mb56142</createdBy>
<createdTime>2014-06-24 01:52:16 UTC</createdTime>
<ownerDesignName>TXEB_BPM_Semantic_data_model_diagram</ownerDesignName>
</ColumnProxy>
<ColumnProxy name="CHECKUP_TYPE" id="F658F633-44FA-A7A7-398C-3C0B4E58E036">
<createdBy>mb56142</createdBy>
<createdTime>2014-06-24 01:52:16 UTC</createdTime>
<ownerDesignName>TXEB_BPM_Semantic_data_model_diagram</ownerDesignName>
</ColumnProxy>
<ColumnProxy name="OUTREACH_REQUEST_STATUS_DATE" id="F6896BA3-D05D-3E11-C266-FD05B5820347">
<createdBy>mb56142</createdBy>
<createdTime>2014-06-24 01:52:16 UTC</createdTime>
<ownerDesignName>TXEB_BPM_Semantic_data_model_diagram</ownerDesignName>
</ColumnProxy>
<ColumnProxy name="LETTER_DEFINITION_2" id="F8DA7770-0047-3D83-B2DD-92B1736F15D9">
<createdBy>mb56142</createdBy>
<createdTime>2014-06-24 01:52:16 UTC</createdTime>
<ownerDesignName>TXEB_BPM_Semantic_data_model_diagram</ownerDesignName>
</ColumnProxy>
<ColumnProxy name="EE_LANGUAGE" id="F9276354-B6BF-36E7-BEBA-969D6C35F3AB">
<createdBy>mb56142</createdBy>
<createdTime>2014-06-24 01:52:16 UTC</createdTime>
<ownerDesignName>TXEB_BPM_Semantic_data_model_diagram</ownerDesignName>
</ColumnProxy>
<ColumnProxy name="EE_OTHER_LANGUAGE_INDICATOR" id="F9970B91-4040-F27B-E509-A75AE1B23325">
<createdBy>mb56142</createdBy>
<createdTime>2014-06-24 01:52:16 UTC</createdTime>
<ownerDesignName>TXEB_BPM_Semantic_data_model_diagram</ownerDesignName>
</ColumnProxy>
<ColumnProxy name="PERFORM_OUTREACH_FLAG" id="F9D46C0F-89FF-FBB4-07B4-BB16270EC2DA">
<createdBy>mb56142</createdBy>
<createdTime>2014-06-24 01:52:16 UTC</createdTime>
<ownerDesignName>TXEB_BPM_Semantic_data_model_diagram</ownerDesignName>
</ColumnProxy>
<ColumnProxy name="CHECKUP_PROVIDER_NAME" id="FB0BDF98-5EF6-EF5F-F582-6FE0C7A976A9">
<createdBy>mb56142</createdBy>
<createdTime>2014-06-24 01:52:16 UTC</createdTime>
<ownerDesignName>TXEB_BPM_Semantic_data_model_diagram</ownerDesignName>
</ColumnProxy>
<ColumnProxy name="PRIORITY" id="FB70A0C6-648D-EA54-FF41-200E73C7A25D">
<createdBy>mb56142</createdBy>
<createdTime>2014-06-24 01:52:16 UTC</createdTime>
<ownerDesignName>TXEB_BPM_Semantic_data_model_diagram</ownerDesignName>
</ColumnProxy>
<ColumnProxy name="JEOPARDY_FLAG" id="FC5510A6-22B3-E926-F6FF-AF936656D4A3">
<createdBy>mb56142</createdBy>
<createdTime>2014-06-24 01:52:16 UTC</createdTime>
<ownerDesignName>TXEB_BPM_Semantic_data_model_diagram</ownerDesignName>
</ColumnProxy>
<ColumnProxy name="HUMAN_TASK_TYPE_1" id="FDB94AEF-F8A6-B338-C6D3-003AB980143C">
<createdBy>mb56142</createdBy>
<createdTime>2014-06-24 01:52:16 UTC</createdTime>
<ownerDesignName>TXEB_BPM_Semantic_data_model_diagram</ownerDesignName>
</ColumnProxy>
<ColumnProxy name="EE_NEED_MORE_INFO_CASE_MGMT" id="FE13C2B0-1256-8F27-4706-47F212BCB6EA">
<createdBy>mb56142</createdBy>
<createdTime>2014-06-24 01:52:16 UTC</createdTime>
<ownerDesignName>TXEB_BPM_Semantic_data_model_diagram</ownerDesignName>
</ColumnProxy>
<ColumnProxy name="AGE_IN_BUSINESS_DAYS" id="FF00D6BF-B45E-AC89-3E3C-24427BCED023">
<createdBy>mb56142</createdBy>
<createdTime>2014-06-24 01:52:16 UTC</createdTime>
<ownerDesignName>TXEB_BPM_Semantic_data_model_diagram</ownerDesignName>
</ColumnProxy>
</columnProxies>
<primaryKeys>
<PrimaryKey class="oracle.dbtools.crest.model.design.storage.oracle.v10g.PKProxyOraclev10g" name="DCORCUR_PK" id="C6EB8C56-5FD8-F410-81F1-7C43E68D6136">
<createdBy>mb56142</createdBy>
<createdTime>2014-06-24 01:52:17 UTC</createdTime>
<ownerDesignName>TXEB_BPM_Semantic_data_model_diagram</ownerDesignName>
<segment>2729010F-E1CF-C120-8F90-87D2FE39B2D0</segment>
<tableSpace>23FF6B16-BFF5-D978-D7A1-98D117D1467C</tableSpace>
<existingIndex>BCFEE2C6-5997-39D6-6594-BA178E731521</existingIndex>
<indexSegment>2729010F-E1CF-C120-8F90-87D2FE39B2D0</indexSegment>
<indexSort>SORTED</indexSort>
<usingIndex>BY INDEX NAME</usingIndex>
</PrimaryKey>
</primaryKeys>
</TableProxyOraclev11g>