<?xml version = '1.0' encoding = 'UTF-8'?>
<TableProxyOraclev11g class="oracle.dbtools.crest.model.design.storage.oracle.v11g.TableProxyOraclev11g" name="D_PI_LAST_UPDATE_BY" directorySegmentName="seg_0" id="76B6B92A-5836-3410-2380-2A2A929F815A">
<createdBy>mb56142</createdBy>
<createdTime>2014-06-25 02:10:40 UTC</createdTime>
<ownerDesignName>TXEB_BPM_Semantic_data_model_diagram</ownerDesignName>
<schemaObject>121AEE1F-FD79-403A-F17D-FF8859EA2228</schemaObject>
<logging>YES</logging>
<partitionedRowMovement>DISABLE</partitionedRowMovement>
<segment>E000C611-2E9F-DA34-F329-A6B5C6F33EE0</segment>
<tableSpace>593E9FBA-648C-CE17-93AD-BE603B2C2E28</tableSpace>
<temporaryChanged>false</temporaryChanged>
<indexProxies>
<IndexProxy class="oracle.dbtools.crest.model.design.storage.oracle.v10g.IndexProxyOraclev10g" name="DPIUB_UIX1" id="D3A4A75F-56C4-FF3A-42B1-612597AEB85D">
<createdBy>mb56142</createdBy>
<createdTime>2014-06-25 02:10:41 UTC</createdTime>
<ownerDesignName>TXEB_BPM_Semantic_data_model_diagram</ownerDesignName>
<schemaObject>121AEE1F-FD79-403A-F17D-FF8859EA2228</schemaObject>
<parallel>YES</parallel>
<segment>004D47FE-86B3-05E6-C429-34018ED24267</segment>
<tableSpace>642E83AF-B691-22DC-5B5D-10BC6C17C55A</tableSpace>
</IndexProxy>
<IndexProxy class="oracle.dbtools.crest.model.design.storage.oracle.v10g.IndexProxyOraclev10g" name="DPIUB_PK" id="FDB3ABAA-9651-11ED-DD2A-7908C4465BC7">
<createdBy>mb56142</createdBy>
<createdTime>2014-06-25 02:10:41 UTC</createdTime>
<ownerDesignName>TXEB_BPM_Semantic_data_model_diagram</ownerDesignName>
<schemaObject>121AEE1F-FD79-403A-F17D-FF8859EA2228</schemaObject>
<parallel>YES</parallel>
<segment>004D47FE-86B3-05E6-C429-34018ED24267</segment>
<tableSpace>642E83AF-B691-22DC-5B5D-10BC6C17C55A</tableSpace>
</IndexProxy>
</indexProxies>
<columnProxies itemClass="oracle.dbtools.crest.model.design.storage.oracle.v12c.ColumnProxyOraclev12c">
<ColumnProxy name="Last Update By Name" id="27365B5F-6C26-F76F-D7B2-6747AEFCD630">
<createdBy>mb56142</createdBy>
<createdTime>2014-06-25 02:10:41 UTC</createdTime>
<ownerDesignName>TXEB_BPM_Semantic_data_model_diagram</ownerDesignName>
<nameHasQuotes>true</nameHasQuotes>
</ColumnProxy>
<ColumnProxy name="DPIUB_ID" id="7C8BBCD0-2E0E-D174-BC0B-E4FAD85E2712">
<createdBy>mb56142</createdBy>
<createdTime>2014-06-25 02:10:41 UTC</createdTime>
<ownerDesignName>TXEB_BPM_Semantic_data_model_diagram</ownerDesignName>
</ColumnProxy>
</columnProxies>
<primaryKeys>
<PrimaryKey class="oracle.dbtools.crest.model.design.storage.oracle.v10g.PKProxyOraclev10g" name="DPILUB_PK" id="C255BF67-AF0E-F6BB-A4B5-735C0449216E">
<createdBy>mb56142</createdBy>
<createdTime>2014-06-25 02:10:41 UTC</createdTime>
<ownerDesignName>TXEB_BPM_Semantic_data_model_diagram</ownerDesignName>
<segment>004D47FE-86B3-05E6-C429-34018ED24267</segment>
<tableSpace>642E83AF-B691-22DC-5B5D-10BC6C17C55A</tableSpace>
<existingIndex>FDB3ABAA-9651-11ED-DD2A-7908C4465BC7</existingIndex>
<indexSegment>004D47FE-86B3-05E6-C429-34018ED24267</indexSegment>
<indexSort>SORTED</indexSort>
<usingIndex>BY INDEX NAME</usingIndex>
</PrimaryKey>
</primaryKeys>
</TableProxyOraclev11g>