<?xml version = '1.0' encoding = 'UTF-8'?>
<TableProxyOraclev11g class="oracle.dbtools.crest.model.design.storage.oracle.v11g.TableProxyOraclev11g" name="D_MW_TASK_TYPE" directorySegmentName="seg_0" id="7786A681-0864-CC00-2F5A-AEC17B81F0BC">
<createdBy>mb56142</createdBy>
<createdTime>2014-06-24 02:11:19 UTC</createdTime>
<ownerDesignName>TXEB_BPM_Semantic_data_model_diagram</ownerDesignName>
<schemaObject>121AEE1F-FD79-403A-F17D-FF8859EA2228</schemaObject>
<logging>YES</logging>
<partitionedRowMovement>DISABLE</partitionedRowMovement>
<segment>5EBDB890-BCE9-79FC-60ED-CB550A579DD9</segment>
<tableSpace>6560DC7E-F38B-CE25-B481-D9F08410DEF2</tableSpace>
<temporaryChanged>false</temporaryChanged>
<indexProxies>
<IndexProxy class="oracle.dbtools.crest.model.design.storage.oracle.v10g.IndexProxyOraclev10g" name="DMWTT_UIX1" id="36F709F9-79C4-69DE-A8A8-C27316A2496C">
<createdBy>mb56142</createdBy>
<createdTime>2014-06-24 02:11:19 UTC</createdTime>
<ownerDesignName>TXEB_BPM_Semantic_data_model_diagram</ownerDesignName>
<schemaObject>121AEE1F-FD79-403A-F17D-FF8859EA2228</schemaObject>
<parallel>YES</parallel>
<segment>2729010F-E1CF-C120-8F90-87D2FE39B2D0</segment>
<tableSpace>23FF6B16-BFF5-D978-D7A1-98D117D1467C</tableSpace>
</IndexProxy>
<IndexProxy class="oracle.dbtools.crest.model.design.storage.oracle.v10g.IndexProxyOraclev10g" name="DMWH_PK" id="EE6BDD7D-1810-BCAF-E0EC-71602FCB906B">
<createdBy>mb56142</createdBy>
<createdTime>2014-06-24 02:11:19 UTC</createdTime>
<ownerDesignName>TXEB_BPM_Semantic_data_model_diagram</ownerDesignName>
<schemaObject>121AEE1F-FD79-403A-F17D-FF8859EA2228</schemaObject>
<parallel>YES</parallel>
<segment>2729010F-E1CF-C120-8F90-87D2FE39B2D0</segment>
<tableSpace>23FF6B16-BFF5-D978-D7A1-98D117D1467C</tableSpace>
</IndexProxy>
</indexProxies>
<columnProxies itemClass="oracle.dbtools.crest.model.design.storage.oracle.v12c.ColumnProxyOraclev12c">
<ColumnProxy name="Group Parent Name" id="000229B9-C130-E6A2-B147-0E6E2E055F9D">
<createdBy>mb56142</createdBy>
<createdTime>2014-06-24 02:11:19 UTC</createdTime>
<ownerDesignName>TXEB_BPM_Semantic_data_model_diagram</ownerDesignName>
<nameHasQuotes>true</nameHasQuotes>
</ColumnProxy>
<ColumnProxy name="Group Name" id="00F956BD-65DE-EE62-A969-C03DBAA96AFD">
<createdBy>mb56142</createdBy>
<createdTime>2014-06-24 02:11:19 UTC</createdTime>
<ownerDesignName>TXEB_BPM_Semantic_data_model_diagram</ownerDesignName>
<nameHasQuotes>true</nameHasQuotes>
</ColumnProxy>
<ColumnProxy name="Group Supervisor Name" id="276BFBDD-282E-5074-8845-A6B66D1BA6F6">
<createdBy>mb56142</createdBy>
<createdTime>2014-06-24 02:11:19 UTC</createdTime>
<ownerDesignName>TXEB_BPM_Semantic_data_model_diagram</ownerDesignName>
<nameHasQuotes>true</nameHasQuotes>
</ColumnProxy>
<ColumnProxy name="Team Parent Name" id="4947F1A0-FF08-B2AE-D1B6-2392D488DD9D">
<createdBy>mb56142</createdBy>
<createdTime>2014-06-24 02:11:19 UTC</createdTime>
<ownerDesignName>TXEB_BPM_Semantic_data_model_diagram</ownerDesignName>
<nameHasQuotes>true</nameHasQuotes>
</ColumnProxy>
<ColumnProxy name="Team Supervisor Name" id="4D376E8E-C064-5C6F-A5F3-23ECA59FCC83">
<createdBy>mb56142</createdBy>
<createdTime>2014-06-24 02:11:19 UTC</createdTime>
<ownerDesignName>TXEB_BPM_Semantic_data_model_diagram</ownerDesignName>
<nameHasQuotes>true</nameHasQuotes>
</ColumnProxy>
<ColumnProxy name="Task Type" id="89ADE3DD-7C16-1D99-8719-3246AF05C322">
<createdBy>mb56142</createdBy>
<createdTime>2014-06-24 02:11:19 UTC</createdTime>
<ownerDesignName>TXEB_BPM_Semantic_data_model_diagram</ownerDesignName>
<nameHasQuotes>true</nameHasQuotes>
</ColumnProxy>
<ColumnProxy name="DMWTT_ID" id="8DC47A74-575B-9777-8575-80562E534F71">
<createdBy>mb56142</createdBy>
<createdTime>2014-06-24 02:11:19 UTC</createdTime>
<ownerDesignName>TXEB_BPM_Semantic_data_model_diagram</ownerDesignName>
</ColumnProxy>
<ColumnProxy name="Team Name" id="CBEB75A6-DB2C-C637-CD00-5FA8A592026B">
<createdBy>mb56142</createdBy>
<createdTime>2014-06-24 02:11:19 UTC</createdTime>
<ownerDesignName>TXEB_BPM_Semantic_data_model_diagram</ownerDesignName>
<nameHasQuotes>true</nameHasQuotes>
</ColumnProxy>
</columnProxies>
<primaryKeys>
<PrimaryKey class="oracle.dbtools.crest.model.design.storage.oracle.v10g.PKProxyOraclev10g" name="DMWTT_PK" id="EE2F65A9-890E-CCC5-76F3-79034B069A7E">
<createdBy>mb56142</createdBy>
<createdTime>2014-06-24 02:11:19 UTC</createdTime>
<ownerDesignName>TXEB_BPM_Semantic_data_model_diagram</ownerDesignName>
<segment>2729010F-E1CF-C120-8F90-87D2FE39B2D0</segment>
<tableSpace>23FF6B16-BFF5-D978-D7A1-98D117D1467C</tableSpace>
<existingIndex>EE6BDD7D-1810-BCAF-E0EC-71602FCB906B</existingIndex>
<indexSegment>2729010F-E1CF-C120-8F90-87D2FE39B2D0</indexSegment>
<indexSort>SORTED</indexSort>
<usingIndex>BY INDEX NAME</usingIndex>
</PrimaryKey>
</primaryKeys>
</TableProxyOraclev11g>