<?xml version = '1.0' encoding = 'UTF-8'?>
<TableProxyOraclev11g class="oracle.dbtools.crest.model.design.storage.oracle.v11g.TableProxyOraclev11g" name="D_MFDOC_INSTANCE_STATUS" directorySegmentName="seg_0" id="8689B214-0CBA-AF5E-54D4-6046745F16F2">
<createdBy>mb56142</createdBy>
<createdTime>2014-06-25 02:29:42 UTC</createdTime>
<ownerDesignName>TXEB_BPM_Semantic_data_model_diagram</ownerDesignName>
<schemaObject>121AEE1F-FD79-403A-F17D-FF8859EA2228</schemaObject>
<logging>YES</logging>
<partitionedRowMovement>DISABLE</partitionedRowMovement>
<segment>E000C611-2E9F-DA34-F329-A6B5C6F33EE0</segment>
<tableSpace>593E9FBA-648C-CE17-93AD-BE603B2C2E28</tableSpace>
<temporaryChanged>false</temporaryChanged>
<indexProxies>
<IndexProxy class="oracle.dbtools.crest.model.design.storage.oracle.v10g.IndexProxyOraclev10g" name="DMFDOCIS_UIX1" id="27662D58-F7C3-5327-ECA7-F8865D8C67C4">
<createdBy>mb56142</createdBy>
<createdTime>2014-06-25 02:29:42 UTC</createdTime>
<ownerDesignName>TXEB_BPM_Semantic_data_model_diagram</ownerDesignName>
<schemaObject>121AEE1F-FD79-403A-F17D-FF8859EA2228</schemaObject>
<parallel>YES</parallel>
<segment>004D47FE-86B3-05E6-C429-34018ED24267</segment>
<tableSpace>642E83AF-B691-22DC-5B5D-10BC6C17C55A</tableSpace>
</IndexProxy>
<IndexProxy class="oracle.dbtools.crest.model.design.storage.oracle.v10g.IndexProxyOraclev10g" name="DMFDOCIS_PK" id="9D7DD084-AA12-2E4F-3171-301D5E607DD9">
<createdBy>mb56142</createdBy>
<createdTime>2014-06-25 02:29:42 UTC</createdTime>
<ownerDesignName>TXEB_BPM_Semantic_data_model_diagram</ownerDesignName>
<schemaObject>121AEE1F-FD79-403A-F17D-FF8859EA2228</schemaObject>
<parallel>YES</parallel>
<segment>004D47FE-86B3-05E6-C429-34018ED24267</segment>
<tableSpace>642E83AF-B691-22DC-5B5D-10BC6C17C55A</tableSpace>
</IndexProxy>
</indexProxies>
<columnProxies itemClass="oracle.dbtools.crest.model.design.storage.oracle.v12c.ColumnProxyOraclev12c">
<ColumnProxy name="DMFDOCIS_ID" id="2AC5E35D-7084-A77B-C92A-FA0B4E3B2752">
<createdBy>mb56142</createdBy>
<createdTime>2014-06-25 02:29:42 UTC</createdTime>
<ownerDesignName>TXEB_BPM_Semantic_data_model_diagram</ownerDesignName>
</ColumnProxy>
<ColumnProxy name="Instance Status" id="6AAB2B2D-666B-2B17-CA56-ED9D4E8075B2">
<createdBy>mb56142</createdBy>
<createdTime>2014-06-25 02:29:42 UTC</createdTime>
<ownerDesignName>TXEB_BPM_Semantic_data_model_diagram</ownerDesignName>
<nameHasQuotes>true</nameHasQuotes>
</ColumnProxy>
</columnProxies>
<primaryKeys>
<PrimaryKey class="oracle.dbtools.crest.model.design.storage.oracle.v10g.PKProxyOraclev10g" name="DMFDOCIS_PK" id="411DF076-A6CE-182D-A7C9-84B01E549E1F">
<createdBy>mb56142</createdBy>
<createdTime>2014-06-25 02:29:42 UTC</createdTime>
<ownerDesignName>TXEB_BPM_Semantic_data_model_diagram</ownerDesignName>
<segment>004D47FE-86B3-05E6-C429-34018ED24267</segment>
<tableSpace>642E83AF-B691-22DC-5B5D-10BC6C17C55A</tableSpace>
<existingIndex>9D7DD084-AA12-2E4F-3171-301D5E607DD9</existingIndex>
<indexSegment>004D47FE-86B3-05E6-C429-34018ED24267</indexSegment>
<indexSort>SORTED</indexSort>
<usingIndex>BY INDEX NAME</usingIndex>
</PrimaryKey>
</primaryKeys>
</TableProxyOraclev11g>