<?xml version = '1.0' encoding = 'UTF-8'?>
<TableProxyOraclev11g class="oracle.dbtools.crest.model.design.storage.oracle.v11g.TableProxyOraclev11g" name="D_MFDOC_BATCH" directorySegmentName="seg_0" id="8A420213-91EC-1771-0293-F49A57916DBD">
<createdBy>mb56142</createdBy>
<createdTime>2014-06-25 02:28:44 UTC</createdTime>
<ownerDesignName>TXEB_BPM_Semantic_data_model_diagram</ownerDesignName>
<schemaObject>121AEE1F-FD79-403A-F17D-FF8859EA2228</schemaObject>
<logging>YES</logging>
<partitionedRowMovement>DISABLE</partitionedRowMovement>
<segment>E000C611-2E9F-DA34-F329-A6B5C6F33EE0</segment>
<tableSpace>593E9FBA-648C-CE17-93AD-BE603B2C2E28</tableSpace>
<temporaryChanged>false</temporaryChanged>
<indexProxies>
<IndexProxy class="oracle.dbtools.crest.model.design.storage.oracle.v10g.IndexProxyOraclev10g" name="DMFDOCB_PK" id="8086653E-992B-F2EA-00C9-F0089104E085">
<createdBy>mb56142</createdBy>
<createdTime>2014-06-25 02:28:44 UTC</createdTime>
<ownerDesignName>TXEB_BPM_Semantic_data_model_diagram</ownerDesignName>
<schemaObject>121AEE1F-FD79-403A-F17D-FF8859EA2228</schemaObject>
<parallel>YES</parallel>
<segment>004D47FE-86B3-05E6-C429-34018ED24267</segment>
<tableSpace>642E83AF-B691-22DC-5B5D-10BC6C17C55A</tableSpace>
</IndexProxy>
<IndexProxy class="oracle.dbtools.crest.model.design.storage.oracle.v10g.IndexProxyOraclev10g" name="DMFDOCB_UIX1" id="CD6EAC5C-F9A2-540D-877C-5C031DF721C8">
<createdBy>mb56142</createdBy>
<createdTime>2014-06-25 02:28:44 UTC</createdTime>
<ownerDesignName>TXEB_BPM_Semantic_data_model_diagram</ownerDesignName>
<schemaObject>121AEE1F-FD79-403A-F17D-FF8859EA2228</schemaObject>
<parallel>YES</parallel>
<segment>004D47FE-86B3-05E6-C429-34018ED24267</segment>
<tableSpace>642E83AF-B691-22DC-5B5D-10BC6C17C55A</tableSpace>
</IndexProxy>
</indexProxies>
<columnProxies itemClass="oracle.dbtools.crest.model.design.storage.oracle.v12c.ColumnProxyOraclev12c">
<ColumnProxy name="DMFDOCB_ID" id="19EB598C-B538-CEE8-C623-B09C8B910EB3">
<createdBy>mb56142</createdBy>
<createdTime>2014-06-25 02:28:44 UTC</createdTime>
<ownerDesignName>TXEB_BPM_Semantic_data_model_diagram</ownerDesignName>
</ColumnProxy>
<ColumnProxy name="Batch Name" id="96C98F5E-CA4A-55AC-EDBC-64E063F6A25D">
<createdBy>mb56142</createdBy>
<createdTime>2014-06-25 02:28:44 UTC</createdTime>
<ownerDesignName>TXEB_BPM_Semantic_data_model_diagram</ownerDesignName>
<nameHasQuotes>true</nameHasQuotes>
</ColumnProxy>
<ColumnProxy name="CHANNEL" id="F10AC167-48C7-306A-5697-799BEDB5D54F">
<createdBy>mb56142</createdBy>
<createdTime>2014-06-25 02:28:44 UTC</createdTime>
<ownerDesignName>TXEB_BPM_Semantic_data_model_diagram</ownerDesignName>
</ColumnProxy>
</columnProxies>
<primaryKeys>
<PrimaryKey class="oracle.dbtools.crest.model.design.storage.oracle.v10g.PKProxyOraclev10g" name="DMFDOCB_PK" id="16B27968-0E87-0D02-C8A9-06FC0DE698A7">
<createdBy>mb56142</createdBy>
<createdTime>2014-06-25 02:28:45 UTC</createdTime>
<ownerDesignName>TXEB_BPM_Semantic_data_model_diagram</ownerDesignName>
<segment>004D47FE-86B3-05E6-C429-34018ED24267</segment>
<tableSpace>642E83AF-B691-22DC-5B5D-10BC6C17C55A</tableSpace>
<existingIndex>8086653E-992B-F2EA-00C9-F0089104E085</existingIndex>
<indexSegment>004D47FE-86B3-05E6-C429-34018ED24267</indexSegment>
<indexSort>SORTED</indexSort>
<usingIndex>BY INDEX NAME</usingIndex>
</PrimaryKey>
</primaryKeys>
</TableProxyOraclev11g>