<?xml version = '1.0' encoding = 'UTF-8'?>
<TableProxyOraclev11g class="oracle.dbtools.crest.model.design.storage.oracle.v11g.TableProxyOraclev11g" name="D_CMOR_CURRENT" directorySegmentName="seg_0" id="B49F9DEF-7F3A-1A82-2FC8-D3020B0C35BB">
<createdBy>mb56142</createdBy>
<createdTime>2014-06-24 01:26:20 UTC</createdTime>
<ownerDesignName>TXEB_BPM_Semantic_data_model_diagram</ownerDesignName>
<schemaObject>121AEE1F-FD79-403A-F17D-FF8859EA2228</schemaObject>
<logging>YES</logging>
<parallel>YES</parallel>
<partitionedRowMovement>DISABLE</partitionedRowMovement>
<segment>5EBDB890-BCE9-79FC-60ED-CB550A579DD9</segment>
<tableSpace>6560DC7E-F38B-CE25-B481-D9F08410DEF2</tableSpace>
<temporaryChanged>false</temporaryChanged>
<indexProxies>
<IndexProxy class="oracle.dbtools.crest.model.design.storage.oracle.v10g.IndexProxyOraclev10g" name="DCMORCUR_PK" id="A15AC3EF-C6F6-6A25-7768-1E6860F746DD">
<createdBy>mb56142</createdBy>
<createdTime>2014-06-24 01:26:22 UTC</createdTime>
<ownerDesignName>TXEB_BPM_Semantic_data_model_diagram</ownerDesignName>
<schemaObject>121AEE1F-FD79-403A-F17D-FF8859EA2228</schemaObject>
<segment>2729010F-E1CF-C120-8F90-87D2FE39B2D0</segment>
<tableSpace>23FF6B16-BFF5-D978-D7A1-98D117D1467C</tableSpace>
</IndexProxy>
</indexProxies>
<columnProxies itemClass="oracle.dbtools.crest.model.design.storage.oracle.v12c.ColumnProxyOraclev12c">
<ColumnProxy name="MULTILINGUAL_INDICATOR" id="00156B7C-4555-C61B-6476-D503A92C5811">
<createdBy>mb56142</createdBy>
<createdTime>2014-06-24 01:26:21 UTC</createdTime>
<ownerDesignName>TXEB_BPM_Semantic_data_model_diagram</ownerDesignName>
</ColumnProxy>
<ColumnProxy name="RECURRING_FREQUENCY" id="00A2292B-7AB1-F7B1-FEEC-810083D3E354">
<createdBy>mb56142</createdBy>
<createdTime>2014-06-24 01:26:21 UTC</createdTime>
<ownerDesignName>TXEB_BPM_Semantic_data_model_diagram</ownerDesignName>
</ColumnProxy>
<ColumnProxy name="AGE_IN_BUSINESS_DAYS" id="01BAE03F-779D-57D7-945D-0B10BF90F9F6">
<createdBy>mb56142</createdBy>
<createdTime>2014-06-24 01:26:21 UTC</createdTime>
<ownerDesignName>TXEB_BPM_Semantic_data_model_diagram</ownerDesignName>
</ColumnProxy>
<ColumnProxy name="INSTANCE_STATUS" id="041E0445-F15C-F800-21E4-623DD32475F8">
<createdBy>mb56142</createdBy>
<createdTime>2014-06-24 01:26:21 UTC</createdTime>
<ownerDesignName>TXEB_BPM_Semantic_data_model_diagram</ownerDesignName>
</ColumnProxy>
<ColumnProxy name="RECORD_OUTCOME_START_DATE" id="07155782-6A83-D0B5-C482-4FB54055B588">
<createdBy>mb56142</createdBy>
<createdTime>2014-06-24 01:26:21 UTC</createdTime>
<ownerDesignName>TXEB_BPM_Semantic_data_model_diagram</ownerDesignName>
</ColumnProxy>
<ColumnProxy name="SCHOOL_AGED_FAMILIES_INDICATOR" id="0B61073F-E6F8-A45C-C14D-00C6B8049C34">
<createdBy>mb56142</createdBy>
<createdTime>2014-06-24 01:26:21 UTC</createdTime>
<ownerDesignName>TXEB_BPM_Semantic_data_model_diagram</ownerDesignName>
</ColumnProxy>
<ColumnProxy name="PLANS_TO_ATTEND" id="138BC6D8-FFB8-F1FF-0DFB-9B59B32A5386">
<createdBy>mb56142</createdBy>
<createdTime>2014-06-24 01:26:21 UTC</createdTime>
<ownerDesignName>TXEB_BPM_Semantic_data_model_diagram</ownerDesignName>
</ColumnProxy>
<ColumnProxy name="CLIENT_REG_REQ_INDICATOR" id="143D8794-21F4-89D4-EA64-E6D339A7AD2A">
<createdBy>mb56142</createdBy>
<createdTime>2014-06-24 01:26:21 UTC</createdTime>
<ownerDesignName>TXEB_BPM_Semantic_data_model_diagram</ownerDesignName>
</ColumnProxy>
<ColumnProxy name="RECURRING_GROUP_ID" id="16D34429-5801-AEFE-BAD1-C474FBE91D29">
<createdBy>mb56142</createdBy>
<createdTime>2014-06-24 01:26:21 UTC</createdTime>
<ownerDesignName>TXEB_BPM_Semantic_data_model_diagram</ownerDesignName>
</ColumnProxy>
<ColumnProxy name="STAR_PLUS_EVENT_INDICATOR" id="19FB3343-B0CC-7E13-3A82-8EEF3F85712F">
<createdBy>mb56142</createdBy>
<createdTime>2014-06-24 01:26:21 UTC</createdTime>
<ownerDesignName>TXEB_BPM_Semantic_data_model_diagram</ownerDesignName>
</ColumnProxy>
<ColumnProxy name="CANCEL_REASON" id="1A5F1AC1-5E8C-9E9B-4250-B8504EC47289">
<createdBy>mb56142</createdBy>
<createdTime>2014-06-24 01:26:21 UTC</createdTime>
<ownerDesignName>TXEB_BPM_Semantic_data_model_diagram</ownerDesignName>
</ColumnProxy>
<ColumnProxy name="EVENT_TYPE" id="1B5FCDA0-8F3A-DEE8-12E5-6F9917E1A1B9">
<createdBy>mb56142</createdBy>
<createdTime>2014-06-24 01:26:21 UTC</createdTime>
<ownerDesignName>TXEB_BPM_Semantic_data_model_diagram</ownerDesignName>
</ColumnProxy>
<ColumnProxy name="DURATION" id="201AD5D4-8765-4051-FB1A-B540A80105BA">
<createdBy>mb56142</createdBy>
<createdTime>2014-06-24 01:26:21 UTC</createdTime>
<ownerDesignName>TXEB_BPM_Semantic_data_model_diagram</ownerDesignName>
</ColumnProxy>
<ColumnProxy name="OUTREACH_SESSION_ID" id="20BDD807-3C29-22FA-572C-3BCD4C3C27EF">
<createdBy>mb56142</createdBy>
<createdTime>2014-06-24 01:26:21 UTC</createdTime>
<ownerDesignName>TXEB_BPM_Semantic_data_model_diagram</ownerDesignName>
</ColumnProxy>
<ColumnProxy name="SESSION_STATUS_DATE" id="242486E9-5339-3C0C-C250-645551C2F06B">
<createdBy>mb56142</createdBy>
<createdTime>2014-06-24 01:26:21 UTC</createdTime>
<ownerDesignName>TXEB_BPM_Semantic_data_model_diagram</ownerDesignName>
</ColumnProxy>
<ColumnProxy name="CMOR_BI_ID" id="290344DE-8AF5-5A24-B922-1F11241210B8">
<createdBy>mb56142</createdBy>
<createdTime>2014-06-24 01:26:21 UTC</createdTime>
<ownerDesignName>TXEB_BPM_Semantic_data_model_diagram</ownerDesignName>
</ColumnProxy>
<ColumnProxy name="SURVEY_NAME" id="29310E19-1282-6216-B364-C1F60607A0FE">
<createdBy>mb56142</createdBy>
<createdTime>2014-06-24 01:26:21 UTC</createdTime>
<ownerDesignName>TXEB_BPM_Semantic_data_model_diagram</ownerDesignName>
</ColumnProxy>
<ColumnProxy name="DENTAL_EVENT_INDICATOR" id="2A781916-F710-80CA-1CDB-4216246786D3">
<createdBy>mb56142</createdBy>
<createdTime>2014-06-24 01:26:21 UTC</createdTime>
<ownerDesignName>TXEB_BPM_Semantic_data_model_diagram</ownerDesignName>
</ColumnProxy>
<ColumnProxy name="REVIEW_EVENT_PERFORMED_BY" id="2B512004-6603-578E-F825-C827A3CA2C45">
<createdBy>mb56142</createdBy>
<createdTime>2014-06-24 01:26:21 UTC</createdTime>
<ownerDesignName>TXEB_BPM_Semantic_data_model_diagram</ownerDesignName>
</ColumnProxy>
<ColumnProxy name="CANCEL_BY" id="35914FF7-E716-6E10-84EB-9B9140F227CA">
<createdBy>mb56142</createdBy>
<createdTime>2014-06-24 01:26:21 UTC</createdTime>
<ownerDesignName>TXEB_BPM_Semantic_data_model_diagram</ownerDesignName>
</ColumnProxy>
<ColumnProxy name="REQUEST_METHOD" id="3C0A680F-EBD8-7E28-7408-128936316DF8">
<createdBy>mb56142</createdBy>
<createdTime>2014-06-24 01:26:21 UTC</createdTime>
<ownerDesignName>TXEB_BPM_Semantic_data_model_diagram</ownerDesignName>
</ColumnProxy>
<ColumnProxy name="SESSION_CREATED_BY" id="4128CB78-C8D1-5F50-267B-AD50C083BB50">
<createdBy>mb56142</createdBy>
<createdTime>2014-06-24 01:26:21 UTC</createdTime>
<ownerDesignName>TXEB_BPM_Semantic_data_model_diagram</ownerDesignName>
</ColumnProxy>
<ColumnProxy name="STAR_INVITED_INDICATOR" id="4624B4E5-292F-D170-619F-B5A3EAC04EBA">
<createdBy>mb56142</createdBy>
<createdTime>2014-06-24 01:26:21 UTC</createdTime>
<ownerDesignName>TXEB_BPM_Semantic_data_model_diagram</ownerDesignName>
</ColumnProxy>
<ColumnProxy name="RCRD_OUTCOME_TIMELY_STATUS" id="4627FC97-AC83-A62A-1800-B42CE222A30A">
<createdBy>mb56142</createdBy>
<createdTime>2014-06-24 01:26:21 UTC</createdTime>
<ownerDesignName>TXEB_BPM_Semantic_data_model_diagram</ownerDesignName>
</ColumnProxy>
<ColumnProxy name="EVENT_RECEIVED_VIA" id="46770F98-F6BD-1635-E62D-FB5B5393FA39">
<createdBy>mb56142</createdBy>
<createdTime>2014-06-24 01:26:21 UTC</createdTime>
<ownerDesignName>TXEB_BPM_Semantic_data_model_diagram</ownerDesignName>
</ColumnProxy>
<ColumnProxy name="JEOPARDY_FLAG" id="4946ED76-2E01-9D62-BA88-E021085212D9">
<createdBy>mb56142</createdBy>
<createdTime>2014-06-24 01:26:21 UTC</createdTime>
<ownerDesignName>TXEB_BPM_Semantic_data_model_diagram</ownerDesignName>
</ColumnProxy>
<ColumnProxy name="SENIORS_INDICATOR" id="514D3CE6-4A08-200E-943E-3A09F9490F50">
<createdBy>mb56142</createdBy>
<createdTime>2014-06-24 01:26:21 UTC</createdTime>
<ownerDesignName>TXEB_BPM_Semantic_data_model_diagram</ownerDesignName>
</ColumnProxy>
<ColumnProxy name="DETAILS_SURVEY_ID" id="51EF2583-B105-8F3C-5FD6-1F38675DEF64">
<createdBy>mb56142</createdBy>
<createdTime>2014-06-24 01:26:21 UTC</createdTime>
<ownerDesignName>TXEB_BPM_Semantic_data_model_diagram</ownerDesignName>
</ColumnProxy>
<ColumnProxy name="REVIEW_EVENT_START_DATE" id="567103F9-AC9B-59C9-1BDB-12E111420E97">
<createdBy>mb56142</createdBy>
<createdTime>2014-06-24 01:26:21 UTC</createdTime>
<ownerDesignName>TXEB_BPM_Semantic_data_model_diagram</ownerDesignName>
</ColumnProxy>
<ColumnProxy name="SITE_ID" id="57916B63-0E80-BC22-F567-DC389421E786">
<createdBy>mb56142</createdBy>
<createdTime>2014-06-24 01:26:21 UTC</createdTime>
<ownerDesignName>TXEB_BPM_Semantic_data_model_diagram</ownerDesignName>
</ColumnProxy>
<ColumnProxy name="STARPLUS_INVITED_INDICATOR" id="5D6DBD01-1F69-D834-F948-6A95B4C51901">
<createdBy>mb56142</createdBy>
<createdTime>2014-06-24 01:26:21 UTC</createdTime>
<ownerDesignName>TXEB_BPM_Semantic_data_model_diagram</ownerDesignName>
</ColumnProxy>
<ColumnProxy name="PLAN_EXCLUSIVE_INDICATOR" id="60361D1B-0E67-DF3F-5BF0-3CCADC4636D5">
<createdBy>mb56142</createdBy>
<createdTime>2014-06-24 01:26:21 UTC</createdTime>
<ownerDesignName>TXEB_BPM_Semantic_data_model_diagram</ownerDesignName>
</ColumnProxy>
<ColumnProxy name="SESSION_UPDATED_DT" id="606D35DD-FF4B-1B95-32B6-989F4A75DBA9">
<createdBy>mb56142</createdBy>
<createdTime>2014-06-24 01:26:21 UTC</createdTime>
<ownerDesignName>TXEB_BPM_Semantic_data_model_diagram</ownerDesignName>
</ColumnProxy>
<ColumnProxy name="WAIT_FOR_EVENT_END_DATE" id="6689D351-6FD8-4479-5AEA-E3F421588C11">
<createdBy>mb56142</createdBy>
<createdTime>2014-06-24 01:26:21 UTC</createdTime>
<ownerDesignName>TXEB_BPM_Semantic_data_model_diagram</ownerDesignName>
</ColumnProxy>
<ColumnProxy name="MIGRANTS_INDICATOR" id="66D1345C-C986-5862-40D9-C0309B0134A6">
<createdBy>mb56142</createdBy>
<createdTime>2014-06-24 01:26:21 UTC</createdTime>
<ownerDesignName>TXEB_BPM_Semantic_data_model_diagram</ownerDesignName>
</ColumnProxy>
<ColumnProxy name="COMPLETE_DATE" id="75E8CCFD-3329-3414-A118-9797884A8AC6">
<createdBy>mb56142</createdBy>
<createdTime>2014-06-24 01:26:21 UTC</createdTime>
<ownerDesignName>TXEB_BPM_Semantic_data_model_diagram</ownerDesignName>
</ColumnProxy>
<ColumnProxy name="SITE_STATUS" id="75E9F727-CFA8-9414-F53B-6D0A4E84DA37">
<createdBy>mb56142</createdBy>
<createdTime>2014-06-24 01:26:21 UTC</createdTime>
<ownerDesignName>TXEB_BPM_Semantic_data_model_diagram</ownerDesignName>
</ColumnProxy>
<ColumnProxy name="PUBLIC_ALLOWED_INDICATOR" id="78148B9F-FD29-A403-3C70-1A1F5603C4AE">
<createdBy>mb56142</createdBy>
<createdTime>2014-06-24 01:26:21 UTC</createdTime>
<ownerDesignName>TXEB_BPM_Semantic_data_model_diagram</ownerDesignName>
</ColumnProxy>
<ColumnProxy name="SESSION_UPDATED_BY" id="7C2145CC-2F98-C43A-008B-0759B4932203">
<createdBy>mb56142</createdBy>
<createdTime>2014-06-24 01:26:21 UTC</createdTime>
<ownerDesignName>TXEB_BPM_Semantic_data_model_diagram</ownerDesignName>
</ColumnProxy>
<ColumnProxy name="EVENT_DATE" id="7CA52C3E-CD6D-AE9C-C30C-EFF47DDFCEB1">
<createdBy>mb56142</createdBy>
<createdTime>2014-06-24 01:26:21 UTC</createdTime>
<ownerDesignName>TXEB_BPM_Semantic_data_model_diagram</ownerDesignName>
</ColumnProxy>
<ColumnProxy name="GROUP_INDIVIDUAL_INDICATOR" id="7E56BCE1-C481-8735-446D-3BD2D01D95AA">
<createdBy>mb56142</createdBy>
<createdTime>2014-06-24 01:26:21 UTC</createdTime>
<ownerDesignName>TXEB_BPM_Semantic_data_model_diagram</ownerDesignName>
</ColumnProxy>
<ColumnProxy name="SITE_CAPACITY" id="859FF128-39EF-B9BA-E0AE-FACB8BB38537">
<createdBy>mb56142</createdBy>
<createdTime>2014-06-24 01:26:21 UTC</createdTime>
<ownerDesignName>TXEB_BPM_Semantic_data_model_diagram</ownerDesignName>
</ColumnProxy>
<ColumnProxy name="EVENT_RECEIVED_FROM" id="884F9953-D7BA-5F5E-66FB-13F2666498CD">
<createdBy>mb56142</createdBy>
<createdTime>2014-06-24 01:26:21 UTC</createdTime>
<ownerDesignName>TXEB_BPM_Semantic_data_model_diagram</ownerDesignName>
</ColumnProxy>
<ColumnProxy name="STAR_EVENT_INDICATOR" id="88C7AF16-BC45-412C-F230-96073F6CDEBC">
<createdBy>mb56142</createdBy>
<createdTime>2014-06-24 01:26:21 UTC</createdTime>
<ownerDesignName>TXEB_BPM_Semantic_data_model_diagram</ownerDesignName>
</ColumnProxy>
<ColumnProxy name="WAIT_FOR_EVENT_START_DATE" id="8A05D25A-AC03-E4ED-CBFB-4573904EEA60">
<createdBy>mb56142</createdBy>
<createdTime>2014-06-24 01:26:21 UTC</createdTime>
<ownerDesignName>TXEB_BPM_Semantic_data_model_diagram</ownerDesignName>
</ColumnProxy>
<ColumnProxy name="SITE_NAME" id="8E4AE715-C821-C6EB-D505-2FEC326281F3">
<createdBy>mb56142</createdBy>
<createdTime>2014-06-24 01:26:21 UTC</createdTime>
<ownerDesignName>TXEB_BPM_Semantic_data_model_diagram</ownerDesignName>
</ColumnProxy>
<ColumnProxy name="SESSION_END_TIME" id="8F000264-4F66-4834-8EC3-187A0099E06C">
<createdBy>mb56142</createdBy>
<createdTime>2014-06-24 01:26:21 UTC</createdTime>
<ownerDesignName>TXEB_BPM_Semantic_data_model_diagram</ownerDesignName>
</ColumnProxy>
<ColumnProxy name="PREGNANT_WOMEN_TEENS_INDICATOR" id="92AC7695-CAD8-4E7F-A4EB-1D6DA0DFC7D8">
<createdBy>mb56142</createdBy>
<createdTime>2014-06-24 01:26:21 UTC</createdTime>
<ownerDesignName>TXEB_BPM_Semantic_data_model_diagram</ownerDesignName>
</ColumnProxy>
<ColumnProxy name="OUTREACH_CYCLE_TIME" id="974DBC72-7900-CDF6-985D-38E1115F1478">
<createdBy>mb56142</createdBy>
<createdTime>2014-06-24 01:26:21 UTC</createdTime>
<ownerDesignName>TXEB_BPM_Semantic_data_model_diagram</ownerDesignName>
</ColumnProxy>
<ColumnProxy name="CANCEL_METHOD" id="98D6B88A-0E93-97AE-0829-4A5FDD35F965">
<createdBy>mb56142</createdBy>
<createdTime>2014-06-24 01:26:21 UTC</createdTime>
<ownerDesignName>TXEB_BPM_Semantic_data_model_diagram</ownerDesignName>
</ColumnProxy>
<ColumnProxy name="PLAN_SPONSORED_INDICATOR" id="9B4B2D2A-7486-F50C-957A-7F493074ECF7">
<createdBy>mb56142</createdBy>
<createdTime>2014-06-24 01:26:21 UTC</createdTime>
<ownerDesignName>TXEB_BPM_Semantic_data_model_diagram</ownerDesignName>
</ColumnProxy>
<ColumnProxy name="REVIEW_EVENT_END_DATE" id="9C9E1DA0-ECB9-4F2D-1909-C92E5152D5E2">
<createdBy>mb56142</createdBy>
<createdTime>2014-06-24 01:26:21 UTC</createdTime>
<ownerDesignName>TXEB_BPM_Semantic_data_model_diagram</ownerDesignName>
</ColumnProxy>
<ColumnProxy name="AGE_IN_CALENDAR_DAYS" id="A0B32A29-3850-1B0C-AAB9-39B35AB3E4A4">
<createdBy>mb56142</createdBy>
<createdTime>2014-06-24 01:26:21 UTC</createdTime>
<ownerDesignName>TXEB_BPM_Semantic_data_model_diagram</ownerDesignName>
</ColumnProxy>
<ColumnProxy name="RECORD_OUTCOME_PERFORMED_BY" id="A1039172-9A27-F6EF-A3ED-60E9112B7067">
<createdBy>mb56142</createdBy>
<createdTime>2014-06-24 01:26:21 UTC</createdTime>
<ownerDesignName>TXEB_BPM_Semantic_data_model_diagram</ownerDesignName>
</ColumnProxy>
<ColumnProxy name="OTHER_GROUPS_INDICATOR" id="A1309E0E-2321-C08A-656F-E868D88B43F8">
<createdBy>mb56142</createdBy>
<createdTime>2014-06-24 01:26:21 UTC</createdTime>
<ownerDesignName>TXEB_BPM_Semantic_data_model_diagram</ownerDesignName>
</ColumnProxy>
<ColumnProxy name="PLAN_RSVP_INDICATOR" id="A3705B72-83C7-FE2F-0C9C-31457DB55C34">
<createdBy>mb56142</createdBy>
<createdTime>2014-06-24 01:26:21 UTC</createdTime>
<ownerDesignName>TXEB_BPM_Semantic_data_model_diagram</ownerDesignName>
</ColumnProxy>
<ColumnProxy name="SITE_SERVICE_AREA" id="A55707DF-7F7B-01A4-DA4D-B2E7F2F9C54C">
<createdBy>mb56142</createdBy>
<createdTime>2014-06-24 01:26:21 UTC</createdTime>
<ownerDesignName>TXEB_BPM_Semantic_data_model_diagram</ownerDesignName>
</ColumnProxy>
<ColumnProxy name="ALTERNATIVE_DATE_2" id="A79F8780-B5B4-7760-87A3-66B30D5CAD57">
<createdBy>mb56142</createdBy>
<createdTime>2014-06-24 01:26:21 UTC</createdTime>
<ownerDesignName>TXEB_BPM_Semantic_data_model_diagram</ownerDesignName>
</ColumnProxy>
<ColumnProxy name="SESSION_CREATE_DATE" id="A8366F74-6F11-B1B6-468F-A6251DB1479E">
<createdBy>mb56142</createdBy>
<createdTime>2014-06-24 01:26:21 UTC</createdTime>
<ownerDesignName>TXEB_BPM_Semantic_data_model_diagram</ownerDesignName>
</ColumnProxy>
<ColumnProxy name="SESSION_START_TIME" id="AEC58CAF-0338-E354-4446-23CBB740FBD7">
<createdBy>mb56142</createdBy>
<createdTime>2014-06-24 01:26:21 UTC</createdTime>
<ownerDesignName>TXEB_BPM_Semantic_data_model_diagram</ownerDesignName>
</ColumnProxy>
<ColumnProxy name="REQUESTED_BY" id="AEFF592C-A7B9-90DE-0F42-22B000A1A000">
<createdBy>mb56142</createdBy>
<createdTime>2014-06-24 01:26:21 UTC</createdTime>
<ownerDesignName>TXEB_BPM_Semantic_data_model_diagram</ownerDesignName>
</ColumnProxy>
<ColumnProxy name="SITE_ZIP_CODE" id="AF390BF2-DE7C-2768-07EC-5A605986FB81">
<createdBy>mb56142</createdBy>
<createdTime>2014-06-24 01:26:21 UTC</createdTime>
<ownerDesignName>TXEB_BPM_Semantic_data_model_diagram</ownerDesignName>
</ColumnProxy>
<ColumnProxy name="SITE_CITY" id="B119AF3B-C346-C274-46AC-CD63D54301DD">
<createdBy>mb56142</createdBy>
<createdTime>2014-06-24 01:26:21 UTC</createdTime>
<ownerDesignName>TXEB_BPM_Semantic_data_model_diagram</ownerDesignName>
</ColumnProxy>
<ColumnProxy name="TRAVEL_TIME" id="B296B416-B436-B88D-6731-25FE8052024D">
<createdBy>mb56142</createdBy>
<createdTime>2014-06-24 01:26:21 UTC</createdTime>
<ownerDesignName>TXEB_BPM_Semantic_data_model_diagram</ownerDesignName>
</ColumnProxy>
<ColumnProxy name="GENERAL_PUBLIC_INDICATOR" id="B363639E-5E5B-30FF-5B41-BB3919276095">
<createdBy>mb56142</createdBy>
<createdTime>2014-06-24 01:26:21 UTC</createdTime>
<ownerDesignName>TXEB_BPM_Semantic_data_model_diagram</ownerDesignName>
</ColumnProxy>
<ColumnProxy name="ALL_PLANS_INVITED_INDICATOR" id="B4F694F9-9AC8-DAB4-7892-02FEDA3A7765">
<createdBy>mb56142</createdBy>
<createdTime>2014-06-24 01:26:21 UTC</createdTime>
<ownerDesignName>TXEB_BPM_Semantic_data_model_diagram</ownerDesignName>
</ColumnProxy>
<ColumnProxy name="INSTANCE_START_DATE" id="B8DE73EE-AA92-BC07-F330-733B7443DB91">
<createdBy>mb56142</createdBy>
<createdTime>2014-06-24 01:26:21 UTC</createdTime>
<ownerDesignName>TXEB_BPM_Semantic_data_model_diagram</ownerDesignName>
</ColumnProxy>
<ColumnProxy name="SITE_LANGUAGE" id="B9E535F6-0DD2-C792-D582-0D9DAAC264D6">
<createdBy>mb56142</createdBy>
<createdTime>2014-06-24 01:26:21 UTC</createdTime>
<ownerDesignName>TXEB_BPM_Semantic_data_model_diagram</ownerDesignName>
</ColumnProxy>
<ColumnProxy name="ALTERNATIVE_DATE_3" id="BBFD6346-01A3-A105-9FB3-B7E92CBFE58C">
<createdBy>mb56142</createdBy>
<createdTime>2014-06-24 01:26:21 UTC</createdTime>
<ownerDesignName>TXEB_BPM_Semantic_data_model_diagram</ownerDesignName>
</ColumnProxy>
<ColumnProxy name="REQUEST_DATE" id="BCF74FC6-CC23-D62A-464B-2EEF0D15DC08">
<createdBy>mb56142</createdBy>
<createdTime>2014-06-24 01:26:21 UTC</createdTime>
<ownerDesignName>TXEB_BPM_Semantic_data_model_diagram</ownerDesignName>
</ColumnProxy>
<ColumnProxy name="SURVEY_COMMENTS" id="BF35044A-D565-EB01-E727-5DE81E3EC473">
<createdBy>mb56142</createdBy>
<createdTime>2014-06-24 01:26:21 UTC</createdTime>
<ownerDesignName>TXEB_BPM_Semantic_data_model_diagram</ownerDesignName>
</ColumnProxy>
<ColumnProxy name="RESCHEDULE_INDICATOR" id="C9ADE378-4C56-F501-9121-69F1B686EBD3">
<createdBy>mb56142</createdBy>
<createdTime>2014-06-24 01:26:21 UTC</createdTime>
<ownerDesignName>TXEB_BPM_Semantic_data_model_diagram</ownerDesignName>
</ColumnProxy>
<ColumnProxy name="ESTIMATED_ATTENDEES" id="D1668D7A-873A-CD6F-345C-DDF43E7663A0">
<createdBy>mb56142</createdBy>
<createdTime>2014-06-24 01:26:21 UTC</createdTime>
<ownerDesignName>TXEB_BPM_Semantic_data_model_diagram</ownerDesignName>
</ColumnProxy>
<ColumnProxy name="SITE_STATE" id="D1D75C8B-0504-4845-6A15-D0EC0A73AFB2">
<createdBy>mb56142</createdBy>
<createdTime>2014-06-24 01:26:21 UTC</createdTime>
<ownerDesignName>TXEB_BPM_Semantic_data_model_diagram</ownerDesignName>
</ColumnProxy>
<ColumnProxy name="RSVP_DEADLINE" id="D237F790-A299-7553-6C0A-1823E0A367CA">
<createdBy>mb56142</createdBy>
<createdTime>2014-06-24 01:26:21 UTC</createdTime>
<ownerDesignName>TXEB_BPM_Semantic_data_model_diagram</ownerDesignName>
</ColumnProxy>
<ColumnProxy name="PRESENTER_NAME" id="D3D65C96-5378-50F6-2A45-CDCE65A11F8B">
<createdBy>mb56142</createdBy>
<createdTime>2014-06-24 01:26:21 UTC</createdTime>
<ownerDesignName>TXEB_BPM_Semantic_data_model_diagram</ownerDesignName>
</ColumnProxy>
<ColumnProxy name="RECORD_OUTCOME_END_DATE" id="D41D8747-8CC1-9C15-8163-50EA15EA698D">
<createdBy>mb56142</createdBy>
<createdTime>2014-06-24 01:26:21 UTC</createdTime>
<ownerDesignName>TXEB_BPM_Semantic_data_model_diagram</ownerDesignName>
</ColumnProxy>
<ColumnProxy name="SITE_COUNTY" id="D47643CB-63E8-A6C5-8022-5B035645BD0C">
<createdBy>mb56142</createdBy>
<createdTime>2014-06-24 01:26:21 UTC</createdTime>
<ownerDesignName>TXEB_BPM_Semantic_data_model_diagram</ownerDesignName>
</ColumnProxy>
<ColumnProxy name="ALTERNATIVE_DATE_1" id="D7FC43BE-4DCA-4993-8FC2-D0C68A9644E4">
<createdBy>mb56142</createdBy>
<createdTime>2014-06-24 01:26:21 UTC</createdTime>
<ownerDesignName>TXEB_BPM_Semantic_data_model_diagram</ownerDesignName>
</ColumnProxy>
<ColumnProxy name="SITE_TYPE" id="D8B64C7D-5E2E-BF5C-1A03-7A2E583FBB70">
<createdBy>mb56142</createdBy>
<createdTime>2014-06-24 01:26:21 UTC</createdTime>
<ownerDesignName>TXEB_BPM_Semantic_data_model_diagram</ownerDesignName>
</ColumnProxy>
<ColumnProxy name="DENTAL_INVITED_INDICATOR" id="D957871A-0DDD-D694-74EE-2240B5F585E1">
<createdBy>mb56142</createdBy>
<createdTime>2014-06-24 01:26:21 UTC</createdTime>
<ownerDesignName>TXEB_BPM_Semantic_data_model_diagram</ownerDesignName>
</ColumnProxy>
<ColumnProxy name="NOTE_REF_ID" id="DEAD06BB-C3C8-B6B0-73C7-A1ACF10D0D52">
<createdBy>mb56142</createdBy>
<createdTime>2014-06-24 01:26:21 UTC</createdTime>
<ownerDesignName>TXEB_BPM_Semantic_data_model_diagram</ownerDesignName>
</ColumnProxy>
<ColumnProxy name="REVIEW_TIMELINESS_STATUS" id="E151BB4E-3D59-721C-32A2-71E51639BCCA">
<createdBy>mb56142</createdBy>
<createdTime>2014-06-24 01:26:21 UTC</createdTime>
<ownerDesignName>TXEB_BPM_Semantic_data_model_diagram</ownerDesignName>
</ColumnProxy>
<ColumnProxy name="CONTACT_NAME" id="E2167224-9356-E540-4CA7-1F4EF18C0B21">
<createdBy>mb56142</createdBy>
<createdTime>2014-06-24 01:26:21 UTC</createdTime>
<ownerDesignName>TXEB_BPM_Semantic_data_model_diagram</ownerDesignName>
</ColumnProxy>
<ColumnProxy name="LANGUAGES_SUPPORTED" id="E473862D-F551-5519-1B0C-63EAC41E6268">
<createdBy>mb56142</createdBy>
<createdTime>2014-06-24 01:26:21 UTC</createdTime>
<ownerDesignName>TXEB_BPM_Semantic_data_model_diagram</ownerDesignName>
</ColumnProxy>
<ColumnProxy name="NUMBER_OF_OCCURENCES" id="E497A2C0-B4CA-59AC-830E-E814CB773158">
<createdBy>mb56142</createdBy>
<createdTime>2014-06-24 01:26:21 UTC</createdTime>
<ownerDesignName>TXEB_BPM_Semantic_data_model_diagram</ownerDesignName>
</ColumnProxy>
<ColumnProxy name="PREPARATION_TIME" id="E758C4E1-7AFB-BF07-85D8-B0EF29450D90">
<createdBy>mb56142</createdBy>
<createdTime>2014-06-24 01:26:21 UTC</createdTime>
<ownerDesignName>TXEB_BPM_Semantic_data_model_diagram</ownerDesignName>
</ColumnProxy>
<ColumnProxy name="NORTHSTAR_INVITED_INDICATOR" id="EAB4E9D3-27FB-CA68-95EA-45C76DFF4E98">
<createdBy>mb56142</createdBy>
<createdTime>2014-06-24 01:26:21 UTC</createdTime>
<ownerDesignName>TXEB_BPM_Semantic_data_model_diagram</ownerDesignName>
</ColumnProxy>
<ColumnProxy name="EVENT_TITLE" id="EC986B34-6B6B-8483-5A35-879371025C9A">
<createdBy>mb56142</createdBy>
<createdTime>2014-06-24 01:26:21 UTC</createdTime>
<ownerDesignName>TXEB_BPM_Semantic_data_model_diagram</ownerDesignName>
</ColumnProxy>
<ColumnProxy name="PUBLISH_TO_CAL_TIMELY_STATUS" id="EE65C0E1-2FDB-DA96-8847-DE03B8C614AB">
<createdBy>mb56142</createdBy>
<createdTime>2014-06-24 01:26:21 UTC</createdTime>
<ownerDesignName>TXEB_BPM_Semantic_data_model_diagram</ownerDesignName>
</ColumnProxy>
<ColumnProxy name="INSTANCE_END_DATE" id="F8ED5B00-F9D0-7ACC-2F48-C9ECB2621DC6">
<createdBy>mb56142</createdBy>
<createdTime>2014-06-24 01:26:21 UTC</createdTime>
<ownerDesignName>TXEB_BPM_Semantic_data_model_diagram</ownerDesignName>
</ColumnProxy>
<ColumnProxy name="RESTRICTED_TO_AGENCY_INDICATOR" id="F9EAB6BB-5AB2-5159-9E3F-A0247A7F29CF">
<createdBy>mb56142</createdBy>
<createdTime>2014-06-24 01:26:21 UTC</createdTime>
<ownerDesignName>TXEB_BPM_Semantic_data_model_diagram</ownerDesignName>
</ColumnProxy>
<ColumnProxy name="CUR_SESSION_STATUS" id="FC2CEEC5-E822-5C7A-3620-45E69E0F3B61">
<createdBy>mb56142</createdBy>
<createdTime>2014-06-24 01:26:21 UTC</createdTime>
<ownerDesignName>TXEB_BPM_Semantic_data_model_diagram</ownerDesignName>
</ColumnProxy>
<ColumnProxy name="NORTHSTAR_EVENT_INDICATOR" id="FDE60E76-E862-DE35-CA4F-910556E7D9A2">
<createdBy>mb56142</createdBy>
<createdTime>2014-06-24 01:26:21 UTC</createdTime>
<ownerDesignName>TXEB_BPM_Semantic_data_model_diagram</ownerDesignName>
</ColumnProxy>
<ColumnProxy name="CANCEL_DATE" id="FDF11410-721F-7E45-F50D-181F4760BC0F">
<createdBy>mb56142</createdBy>
<createdTime>2014-06-24 01:26:21 UTC</createdTime>
<ownerDesignName>TXEB_BPM_Semantic_data_model_diagram</ownerDesignName>
</ColumnProxy>
</columnProxies>
<primaryKeys>
<PrimaryKey class="oracle.dbtools.crest.model.design.storage.oracle.v10g.PKProxyOraclev10g" name="DCMORCUR_PK" id="6C86729C-D63B-5888-9436-74C5A8A453F9">
<createdBy>mb56142</createdBy>
<createdTime>2014-06-24 01:26:23 UTC</createdTime>
<ownerDesignName>TXEB_BPM_Semantic_data_model_diagram</ownerDesignName>
<segment>2729010F-E1CF-C120-8F90-87D2FE39B2D0</segment>
<tableSpace>23FF6B16-BFF5-D978-D7A1-98D117D1467C</tableSpace>
<existingIndex>A15AC3EF-C6F6-6A25-7768-1E6860F746DD</existingIndex>
<indexSegment>2729010F-E1CF-C120-8F90-87D2FE39B2D0</indexSegment>
<indexSort>SORTED</indexSort>
<usingIndex>BY INDEX NAME</usingIndex>
</PrimaryKey>
</primaryKeys>
</TableProxyOraclev11g>