<?xml version = '1.0' encoding = 'UTF-8'?>
<TableProxyOraclev11g class="oracle.dbtools.crest.model.design.storage.oracle.v11g.TableProxyOraclev11g" name="D_CMOR_SESSION_STATUS" directorySegmentName="seg_0" id="C74D7534-02DB-B983-1451-CD3009C42CE3">
<createdBy>mb56142</createdBy>
<createdTime>2014-06-24 01:29:01 UTC</createdTime>
<ownerDesignName>TXEB_BPM_Semantic_data_model_diagram</ownerDesignName>
<schemaObject>121AEE1F-FD79-403A-F17D-FF8859EA2228</schemaObject>
<logging>YES</logging>
<partitionedRowMovement>DISABLE</partitionedRowMovement>
<segment>5EBDB890-BCE9-79FC-60ED-CB550A579DD9</segment>
<tableSpace>6560DC7E-F38B-CE25-B481-D9F08410DEF2</tableSpace>
<temporaryChanged>false</temporaryChanged>
<indexProxies>
<IndexProxy class="oracle.dbtools.crest.model.design.storage.oracle.v10g.IndexProxyOraclev10g" name="DCMORSS_PK" id="8214E655-B45C-0ABC-2046-D01277BF15E0">
<createdBy>mb56142</createdBy>
<createdTime>2014-06-24 01:29:02 UTC</createdTime>
<ownerDesignName>TXEB_BPM_Semantic_data_model_diagram</ownerDesignName>
<schemaObject>121AEE1F-FD79-403A-F17D-FF8859EA2228</schemaObject>
<segment>2729010F-E1CF-C120-8F90-87D2FE39B2D0</segment>
<tableSpace>23FF6B16-BFF5-D978-D7A1-98D117D1467C</tableSpace>
</IndexProxy>
<IndexProxy class="oracle.dbtools.crest.model.design.storage.oracle.v10g.IndexProxyOraclev10g" name="DCMORSS_UIX1" id="A8E6F3A9-3C81-150E-4B3A-F2B91872BE0E">
<createdBy>mb56142</createdBy>
<createdTime>2014-06-24 01:29:02 UTC</createdTime>
<ownerDesignName>TXEB_BPM_Semantic_data_model_diagram</ownerDesignName>
<schemaObject>121AEE1F-FD79-403A-F17D-FF8859EA2228</schemaObject>
<parallel>YES</parallel>
<segment>2729010F-E1CF-C120-8F90-87D2FE39B2D0</segment>
<tableSpace>23FF6B16-BFF5-D978-D7A1-98D117D1467C</tableSpace>
</IndexProxy>
</indexProxies>
<columnProxies itemClass="oracle.dbtools.crest.model.design.storage.oracle.v12c.ColumnProxyOraclev12c">
<ColumnProxy name="DCMORSS_ID" id="0197CCF4-1545-1BD5-283A-FDD9571DAB18">
<createdBy>mb56142</createdBy>
<createdTime>2014-06-24 01:29:02 UTC</createdTime>
<ownerDesignName>TXEB_BPM_Semantic_data_model_diagram</ownerDesignName>
</ColumnProxy>
<ColumnProxy name="SESSION_STATUS" id="63F9AA4D-8597-4C9F-3DAB-236BA695BB95">
<createdBy>mb56142</createdBy>
<createdTime>2014-06-24 01:29:02 UTC</createdTime>
<ownerDesignName>TXEB_BPM_Semantic_data_model_diagram</ownerDesignName>
</ColumnProxy>
</columnProxies>
<primaryKeys>
<PrimaryKey class="oracle.dbtools.crest.model.design.storage.oracle.v10g.PKProxyOraclev10g" name="DCMORSS_PK" id="696AE44A-AE57-4632-2F4E-181A52C4AF3E">
<createdBy>mb56142</createdBy>
<createdTime>2014-06-24 01:29:02 UTC</createdTime>
<ownerDesignName>TXEB_BPM_Semantic_data_model_diagram</ownerDesignName>
<segment>2729010F-E1CF-C120-8F90-87D2FE39B2D0</segment>
<tableSpace>23FF6B16-BFF5-D978-D7A1-98D117D1467C</tableSpace>
<existingIndex>8214E655-B45C-0ABC-2046-D01277BF15E0</existingIndex>
<indexSegment>2729010F-E1CF-C120-8F90-87D2FE39B2D0</indexSegment>
<indexSort>SORTED</indexSort>
<usingIndex>BY INDEX NAME</usingIndex>
</PrimaryKey>
</primaryKeys>
</TableProxyOraclev11g>