<?xml version = '1.0' encoding = 'UTF-8'?>
<TableProxyOraclev11g class="oracle.dbtools.crest.model.design.storage.oracle.v11g.TableProxyOraclev11g" name="D_PL_LETTER_STATUS" directorySegmentName="seg_0" id="CCE06162-706E-411C-A431-EFF1ABC281BA">
<createdBy>mb56142</createdBy>
<createdTime>2014-06-24 19:30:46 UTC</createdTime>
<ownerDesignName>TXEB_BPM_Semantic_data_model_diagram</ownerDesignName>
<schemaObject>121AEE1F-FD79-403A-F17D-FF8859EA2228</schemaObject>
<logging>YES</logging>
<partitionedRowMovement>DISABLE</partitionedRowMovement>
<segment>B5FE8622-BF88-CE1B-9D2B-689FFEEE1115</segment>
<tableSpace>85438061-276A-D915-6793-875F1921F4A8</tableSpace>
<temporaryChanged>false</temporaryChanged>
<indexProxies>
<IndexProxy class="oracle.dbtools.crest.model.design.storage.oracle.v10g.IndexProxyOraclev10g" name="DPLLS_UIX1" id="5280968F-21CC-4607-EFA9-B74AFEF87098">
<createdBy>mb56142</createdBy>
<createdTime>2014-06-24 19:30:47 UTC</createdTime>
<ownerDesignName>TXEB_BPM_Semantic_data_model_diagram</ownerDesignName>
<schemaObject>121AEE1F-FD79-403A-F17D-FF8859EA2228</schemaObject>
<parallel>YES</parallel>
<segment>ED1AF6A3-6C3F-61F1-888E-B215E95424F2</segment>
<tableSpace>23BDD7D1-3D79-7714-97E8-B0A861307B2A</tableSpace>
</IndexProxy>
<IndexProxy class="oracle.dbtools.crest.model.design.storage.oracle.v10g.IndexProxyOraclev10g" name="DPLLS_PK" id="724BE960-9E10-0744-CF24-974657566ECF">
<createdBy>mb56142</createdBy>
<createdTime>2014-06-24 19:30:46 UTC</createdTime>
<ownerDesignName>TXEB_BPM_Semantic_data_model_diagram</ownerDesignName>
<schemaObject>121AEE1F-FD79-403A-F17D-FF8859EA2228</schemaObject>
<parallel>YES</parallel>
<segment>ED1AF6A3-6C3F-61F1-888E-B215E95424F2</segment>
<tableSpace>23BDD7D1-3D79-7714-97E8-B0A861307B2A</tableSpace>
</IndexProxy>
</indexProxies>
<columnProxies itemClass="oracle.dbtools.crest.model.design.storage.oracle.v12c.ColumnProxyOraclev12c">
<ColumnProxy name="LETTER_STATUS" id="5FD0746C-7DD4-885B-61C2-F0DB6EAE5578">
<createdBy>mb56142</createdBy>
<createdTime>2014-06-24 19:30:46 UTC</createdTime>
<ownerDesignName>TXEB_BPM_Semantic_data_model_diagram</ownerDesignName>
</ColumnProxy>
<ColumnProxy name="DPLLS_ID" id="7BA6ACBD-AAFA-8649-418B-D5608D4766CA">
<createdBy>mb56142</createdBy>
<createdTime>2014-06-24 19:30:46 UTC</createdTime>
<ownerDesignName>TXEB_BPM_Semantic_data_model_diagram</ownerDesignName>
</ColumnProxy>
</columnProxies>
<primaryKeys>
<PrimaryKey class="oracle.dbtools.crest.model.design.storage.oracle.v10g.PKProxyOraclev10g" name="DPLLS_PK" id="734154F0-D231-A485-FDD9-4936E9F2896B">
<createdBy>mb56142</createdBy>
<createdTime>2014-06-24 19:30:47 UTC</createdTime>
<ownerDesignName>TXEB_BPM_Semantic_data_model_diagram</ownerDesignName>
<segment>ED1AF6A3-6C3F-61F1-888E-B215E95424F2</segment>
<tableSpace>23BDD7D1-3D79-7714-97E8-B0A861307B2A</tableSpace>
<existingIndex>724BE960-9E10-0744-CF24-974657566ECF</existingIndex>
<indexSegment>ED1AF6A3-6C3F-61F1-888E-B215E95424F2</indexSegment>
<indexSort>SORTED</indexSort>
<usingIndex>BY INDEX NAME</usingIndex>
</PrimaryKey>
</primaryKeys>
</TableProxyOraclev11g>