<?xml version = '1.0' encoding = 'UTF-8'?>
<TableProxyOraclev11g class="oracle.dbtools.crest.model.design.storage.oracle.v11g.TableProxyOraclev11g" name="F_MJ_BY_DATE" directorySegmentName="seg_0" id="CDB2F369-DC41-5333-A6DD-10C38F173F90">
<createdBy>mb56142</createdBy>
<createdTime>2014-06-24 16:21:32 UTC</createdTime>
<ownerDesignName>TXEB_BPM_Semantic_data_model_diagram</ownerDesignName>
<schemaObject>121AEE1F-FD79-403A-F17D-FF8859EA2228</schemaObject>
<logging>YES</logging>
<parallel>YES</parallel>
<partitionedRowMovement>DISABLE</partitionedRowMovement>
<segment>8770CB12-1E45-9850-2F24-68F6151CEC0A</segment>
<tableSpace>BB94A302-085D-5D1C-DD11-3263C7B283E5</tableSpace>
<temporaryChanged>false</temporaryChanged>
<indexProxies>
<IndexProxy class="oracle.dbtools.crest.model.design.storage.oracle.v10g.IndexProxyOraclev10g" name="FMJBD_UIX2" id="1DC4BFCA-2D93-1029-4E50-75D71C769371">
<createdBy>mb56142</createdBy>
<createdTime>2014-06-24 16:21:33 UTC</createdTime>
<ownerDesignName>TXEB_BPM_Semantic_data_model_diagram</ownerDesignName>
<schemaObject>121AEE1F-FD79-403A-F17D-FF8859EA2228</schemaObject>
<parallel>YES</parallel>
<segment>E073BA1D-7AA4-B4BA-BDD2-907831991CC9</segment>
<tableSpace>6BD388E5-BCF5-0591-0A50-0B8B4B7E80FD</tableSpace>
</IndexProxy>
<IndexProxy class="oracle.dbtools.crest.model.design.storage.oracle.v10g.IndexProxyOraclev10g" name="FMJBD_IX1" id="39CEBB46-E4C8-D82B-94F0-827E7D39B265">
<createdBy>mb56142</createdBy>
<createdTime>2014-06-24 16:21:33 UTC</createdTime>
<ownerDesignName>TXEB_BPM_Semantic_data_model_diagram</ownerDesignName>
<schemaObject>121AEE1F-FD79-403A-F17D-FF8859EA2228</schemaObject>
<parallel>YES</parallel>
<segment>E073BA1D-7AA4-B4BA-BDD2-907831991CC9</segment>
<tableSpace>6BD388E5-BCF5-0591-0A50-0B8B4B7E80FD</tableSpace>
</IndexProxy>
<IndexProxy class="oracle.dbtools.crest.model.design.storage.oracle.v10g.IndexProxyOraclev10g" name="FMJBD_UIX1" id="4DC73275-50DB-E26A-F929-D5A869560015">
<createdBy>mb56142</createdBy>
<createdTime>2014-06-24 16:21:33 UTC</createdTime>
<ownerDesignName>TXEB_BPM_Semantic_data_model_diagram</ownerDesignName>
<schemaObject>121AEE1F-FD79-403A-F17D-FF8859EA2228</schemaObject>
<parallel>YES</parallel>
<segment>E073BA1D-7AA4-B4BA-BDD2-907831991CC9</segment>
<tableSpace>6BD388E5-BCF5-0591-0A50-0B8B4B7E80FD</tableSpace>
</IndexProxy>
<IndexProxy class="oracle.dbtools.crest.model.design.storage.oracle.v10g.IndexProxyOraclev10g" name="FNMRBD_UIX1" id="6311C449-D726-17FC-4ADD-F07E14DBBAC2">
<createdBy>mb56142</createdBy>
<createdTime>2014-06-24 16:21:33 UTC</createdTime>
<ownerDesignName>TXEB_BPM_Semantic_data_model_diagram</ownerDesignName>
<schemaObject>121AEE1F-FD79-403A-F17D-FF8859EA2228</schemaObject>
<parallel>YES</parallel>
<segment>E073BA1D-7AA4-B4BA-BDD2-907831991CC9</segment>
<tableSpace>6BD388E5-BCF5-0591-0A50-0B8B4B7E80FD</tableSpace>
</IndexProxy>
<IndexProxy class="oracle.dbtools.crest.model.design.storage.oracle.v10g.IndexProxyOraclev10g" name="FNMRBD_UIX3" id="72B023F4-98A4-71D4-48C2-B4EB96149DE0">
<createdBy>mb56142</createdBy>
<createdTime>2014-06-24 16:21:33 UTC</createdTime>
<ownerDesignName>TXEB_BPM_Semantic_data_model_diagram</ownerDesignName>
<schemaObject>121AEE1F-FD79-403A-F17D-FF8859EA2228</schemaObject>
<parallel>YES</parallel>
<segment>E073BA1D-7AA4-B4BA-BDD2-907831991CC9</segment>
<tableSpace>6BD388E5-BCF5-0591-0A50-0B8B4B7E80FD</tableSpace>
</IndexProxy>
<IndexProxy class="oracle.dbtools.crest.model.design.storage.oracle.v10g.IndexProxyOraclev10g" name="FIMJBD_PK" id="759FCCC1-4E39-9154-5E3A-D77A64603D12">
<createdBy>mb56142</createdBy>
<createdTime>2014-06-24 16:21:33 UTC</createdTime>
<ownerDesignName>TXEB_BPM_Semantic_data_model_diagram</ownerDesignName>
<schemaObject>121AEE1F-FD79-403A-F17D-FF8859EA2228</schemaObject>
<parallel>YES</parallel>
<segment>E073BA1D-7AA4-B4BA-BDD2-907831991CC9</segment>
<tableSpace>6BD388E5-BCF5-0591-0A50-0B8B4B7E80FD</tableSpace>
</IndexProxy>
<IndexProxy class="oracle.dbtools.crest.model.design.storage.oracle.v10g.IndexProxyOraclev10g" name="FMJBD_IXT3" id="774C7DD1-4894-356D-34F7-63CE2D0CC25F">
<createdBy>mb56142</createdBy>
<createdTime>2014-06-24 16:21:33 UTC</createdTime>
<ownerDesignName>TXEB_BPM_Semantic_data_model_diagram</ownerDesignName>
<schemaObject>121AEE1F-FD79-403A-F17D-FF8859EA2228</schemaObject>
<parallel>YES</parallel>
<segment>E073BA1D-7AA4-B4BA-BDD2-907831991CC9</segment>
<tableSpace>6BD388E5-BCF5-0591-0A50-0B8B4B7E80FD</tableSpace>
</IndexProxy>
<IndexProxy class="oracle.dbtools.crest.model.design.storage.oracle.v10g.IndexProxyOraclev10g" name="FNMRBD_UIX2" id="A0BCCE3C-B615-C1ED-A7D6-5DD397C2A79B">
<createdBy>mb56142</createdBy>
<createdTime>2014-06-24 16:21:33 UTC</createdTime>
<ownerDesignName>TXEB_BPM_Semantic_data_model_diagram</ownerDesignName>
<schemaObject>121AEE1F-FD79-403A-F17D-FF8859EA2228</schemaObject>
<parallel>YES</parallel>
<segment>E073BA1D-7AA4-B4BA-BDD2-907831991CC9</segment>
<tableSpace>6BD388E5-BCF5-0591-0A50-0B8B4B7E80FD</tableSpace>
</IndexProxy>
<IndexProxy class="oracle.dbtools.crest.model.design.storage.oracle.v10g.IndexProxyOraclev10g" name="FMJBD_IXT4" id="B859735B-FAE3-2043-6C28-DC84A6297CFB">
<createdBy>mb56142</createdBy>
<createdTime>2014-06-24 16:21:34 UTC</createdTime>
<ownerDesignName>TXEB_BPM_Semantic_data_model_diagram</ownerDesignName>
<schemaObject>121AEE1F-FD79-403A-F17D-FF8859EA2228</schemaObject>
<parallel>YES</parallel>
<segment>E073BA1D-7AA4-B4BA-BDD2-907831991CC9</segment>
<tableSpace>6BD388E5-BCF5-0591-0A50-0B8B4B7E80FD</tableSpace>
</IndexProxy>
<IndexProxy class="oracle.dbtools.crest.model.design.storage.oracle.v10g.IndexProxyOraclev10g" name="FMJBD_IXT1" id="C2B33A37-A06A-32CA-D0FB-E99E2F57B464">
<createdBy>mb56142</createdBy>
<createdTime>2014-06-24 16:21:33 UTC</createdTime>
<ownerDesignName>TXEB_BPM_Semantic_data_model_diagram</ownerDesignName>
<schemaObject>121AEE1F-FD79-403A-F17D-FF8859EA2228</schemaObject>
<parallel>YES</parallel>
<segment>E073BA1D-7AA4-B4BA-BDD2-907831991CC9</segment>
<tableSpace>6BD388E5-BCF5-0591-0A50-0B8B4B7E80FD</tableSpace>
</IndexProxy>
<IndexProxy class="oracle.dbtools.crest.model.design.storage.oracle.v10g.IndexProxyOraclev10g" name="FMJBD_IXT2" id="EEB95A28-F13D-48D2-C4FA-BCA4276D20F9">
<createdBy>mb56142</createdBy>
<createdTime>2014-06-24 16:21:33 UTC</createdTime>
<ownerDesignName>TXEB_BPM_Semantic_data_model_diagram</ownerDesignName>
<schemaObject>121AEE1F-FD79-403A-F17D-FF8859EA2228</schemaObject>
<parallel>YES</parallel>
<segment>E073BA1D-7AA4-B4BA-BDD2-907831991CC9</segment>
<tableSpace>6BD388E5-BCF5-0591-0A50-0B8B4B7E80FD</tableSpace>
</IndexProxy>
</indexProxies>
<columnProxies itemClass="oracle.dbtools.crest.model.design.storage.oracle.v12c.ColumnProxyOraclev12c">
<ColumnProxy name="CREATION_COUNT" id="02970B66-1C30-5F2A-B79B-3B7476DDDAA3">
<createdBy>mb56142</createdBy>
<createdTime>2014-06-24 16:21:32 UTC</createdTime>
<ownerDesignName>TXEB_BPM_Semantic_data_model_diagram</ownerDesignName>
</ColumnProxy>
<ColumnProxy name="MJ_BI_ID" id="198F7E9F-C5C6-3BF0-6C5B-D4DFDBBFD03F">
<createdBy>mb56142</createdBy>
<createdTime>2014-06-24 16:21:32 UTC</createdTime>
<ownerDesignName>TXEB_BPM_Semantic_data_model_diagram</ownerDesignName>
</ColumnProxy>
<ColumnProxy name="LAST_UPDATE_BY_DATE" id="3DEF689A-D336-A2AB-9183-E0BD326F8E73">
<createdBy>mb56142</createdBy>
<createdTime>2014-06-24 16:21:32 UTC</createdTime>
<ownerDesignName>TXEB_BPM_Semantic_data_model_diagram</ownerDesignName>
</ColumnProxy>
<ColumnProxy name="BUCKET_END_DATE" id="47F33D24-CF79-C2DE-7522-52EA4525BCC3">
<createdBy>mb56142</createdBy>
<createdTime>2014-06-24 16:21:32 UTC</createdTime>
<ownerDesignName>TXEB_BPM_Semantic_data_model_diagram</ownerDesignName>
</ColumnProxy>
<ColumnProxy name="DIMJLUB_ID" id="7CC6756E-E210-6A7B-4E97-3BCCFFF65971">
<createdBy>mb56142</createdBy>
<createdTime>2014-06-24 16:21:32 UTC</createdTime>
<ownerDesignName>TXEB_BPM_Semantic_data_model_diagram</ownerDesignName>
</ColumnProxy>
<ColumnProxy name="BUCKET_START_DATE" id="9AEB3789-D8CF-7FDE-ADF0-1212A5A5257E">
<createdBy>mb56142</createdBy>
<createdTime>2014-06-24 16:21:32 UTC</createdTime>
<ownerDesignName>TXEB_BPM_Semantic_data_model_diagram</ownerDesignName>
</ColumnProxy>
<ColumnProxy name="D_DATE" id="CDBEE478-B822-A375-36FB-9B85553D2FFA">
<createdBy>mb56142</createdBy>
<createdTime>2014-06-24 16:21:32 UTC</createdTime>
<ownerDesignName>TXEB_BPM_Semantic_data_model_diagram</ownerDesignName>
</ColumnProxy>
<ColumnProxy name="COMPLETION_COUNT" id="D01E559C-0B44-FD0A-56E9-B0DDCFC6E4A9">
<createdBy>mb56142</createdBy>
<createdTime>2014-06-24 16:21:32 UTC</createdTime>
<ownerDesignName>TXEB_BPM_Semantic_data_model_diagram</ownerDesignName>
</ColumnProxy>
<ColumnProxy name="INVENTORY_COUNT" id="DE6D7B71-38FD-1284-FF8A-CB01DA71E7DA">
<createdBy>mb56142</createdBy>
<createdTime>2014-06-24 16:21:32 UTC</createdTime>
<ownerDesignName>TXEB_BPM_Semantic_data_model_diagram</ownerDesignName>
</ColumnProxy>
<ColumnProxy name="FIMJBD_ID" id="F7EEED26-3BD2-9778-4EE1-B264EDE395B9">
<createdBy>mb56142</createdBy>
<createdTime>2014-06-24 16:21:32 UTC</createdTime>
<ownerDesignName>TXEB_BPM_Semantic_data_model_diagram</ownerDesignName>
</ColumnProxy>
</columnProxies>
<foreignKeys>
<ForeignKey class="oracle.dbtools.crest.model.design.storage.oracle.v10g.FKProxyOraclev10g" name="FIMJBD_DIMJLUB_FK" id="E9CF8C3B-6AF1-08F4-963C-B6433F343532">
<createdBy>mb56142</createdBy>
<createdTime>2014-06-24 16:21:34 UTC</createdTime>
<ownerDesignName>TXEB_BPM_Semantic_data_model_diagram</ownerDesignName>
</ForeignKey>
<ForeignKey class="oracle.dbtools.crest.model.design.storage.oracle.v10g.FKProxyOraclev10g" name="FIMJBD_DIMJCUR_FK" id="FB20C030-DE21-8F82-9FDD-4FB0E312D954">
<createdBy>mb56142</createdBy>
<createdTime>2014-06-24 16:22:26 UTC</createdTime>
<ownerDesignName>TXEB_BPM_Semantic_data_model_diagram</ownerDesignName>
</ForeignKey>
</foreignKeys>
<primaryKeys>
<PrimaryKey class="oracle.dbtools.crest.model.design.storage.oracle.v10g.PKProxyOraclev10g" name="FIMJBD_PK" id="38210C1D-B8F3-501A-6CDA-283BE2D864B2">
<createdBy>mb56142</createdBy>
<createdTime>2014-06-24 16:21:34 UTC</createdTime>
<ownerDesignName>TXEB_BPM_Semantic_data_model_diagram</ownerDesignName>
<segment>E073BA1D-7AA4-B4BA-BDD2-907831991CC9</segment>
<tableSpace>6BD388E5-BCF5-0591-0A50-0B8B4B7E80FD</tableSpace>
<existingIndex>759FCCC1-4E39-9154-5E3A-D77A64603D12</existingIndex>
<indexSegment>E073BA1D-7AA4-B4BA-BDD2-907831991CC9</indexSegment>
<indexSort>SORTED</indexSort>
<usingIndex>BY INDEX NAME</usingIndex>
</PrimaryKey>
</primaryKeys>
</TableProxyOraclev11g>