<?xml version = '1.0' encoding = 'UTF-8'?>
<TableProxyOraclev11g class="oracle.dbtools.crest.model.design.storage.oracle.v11g.TableProxyOraclev11g" name="D_MJ_CURRENT" directorySegmentName="seg_0" id="D6F42B2D-2356-B325-C4A9-CB1D95F5F190">
<createdBy>mb56142</createdBy>
<createdTime>2014-06-24 16:22:20 UTC</createdTime>
<ownerDesignName>TXEB_BPM_Semantic_data_model_diagram</ownerDesignName>
<schemaObject>121AEE1F-FD79-403A-F17D-FF8859EA2228</schemaObject>
<logging>YES</logging>
<parallel>YES</parallel>
<partitionedRowMovement>DISABLE</partitionedRowMovement>
<segment>8770CB12-1E45-9850-2F24-68F6151CEC0A</segment>
<tableSpace>BB94A302-085D-5D1C-DD11-3263C7B283E5</tableSpace>
<temporaryChanged>false</temporaryChanged>
<indexProxies>
<IndexProxy class="oracle.dbtools.crest.model.design.storage.oracle.v10g.IndexProxyOraclev10g" name="DIMJCUR_PK" id="11A70233-B408-8961-4AE0-34A9537F2E72">
<createdBy>mb56142</createdBy>
<createdTime>2014-06-24 16:22:20 UTC</createdTime>
<ownerDesignName>TXEB_BPM_Semantic_data_model_diagram</ownerDesignName>
<schemaObject>121AEE1F-FD79-403A-F17D-FF8859EA2228</schemaObject>
<parallel>YES</parallel>
<segment>E073BA1D-7AA4-B4BA-BDD2-907831991CC9</segment>
<tableSpace>6BD388E5-BCF5-0591-0A50-0B8B4B7E80FD</tableSpace>
</IndexProxy>
</indexProxies>
<columnProxies itemClass="oracle.dbtools.crest.model.design.storage.oracle.v12c.ColumnProxyOraclev12c">
<ColumnProxy name="CANCEL_METHOD" id="027BFE5F-BECC-79BF-2089-E8E1EFF075B3">
<createdBy>mb56142</createdBy>
<createdTime>2014-06-24 16:22:20 UTC</createdTime>
<ownerDesignName>TXEB_BPM_Semantic_data_model_diagram</ownerDesignName>
</ColumnProxy>
<ColumnProxy name="JOB_END_DATE" id="05FA5DB9-3594-3EB3-C0FD-1C2834E1FA42">
<createdBy>mb56142</createdBy>
<createdTime>2014-06-24 16:22:20 UTC</createdTime>
<ownerDesignName>TXEB_BPM_Semantic_data_model_diagram</ownerDesignName>
</ColumnProxy>
<ColumnProxy name="JOB_STATUS" id="06B8A771-AE52-58A6-2DE4-E143DC605C33">
<createdBy>mb56142</createdBy>
<createdTime>2014-06-24 16:22:20 UTC</createdTime>
<ownerDesignName>TXEB_BPM_Semantic_data_model_diagram</ownerDesignName>
</ColumnProxy>
<ColumnProxy name="FILE_PROCESS_TIME" id="0C9F21F0-448D-64E5-8A5B-0D849873676B">
<createdBy>mb56142</createdBy>
<createdTime>2014-06-24 16:22:20 UTC</createdTime>
<ownerDesignName>TXEB_BPM_Semantic_data_model_diagram</ownerDesignName>
</ColumnProxy>
<ColumnProxy name="RECORD_ERROR_COUNT" id="12926A43-D4B5-D536-3E39-ADD56D139ED3">
<createdBy>mb56142</createdBy>
<createdTime>2014-06-24 16:22:20 UTC</createdTime>
<ownerDesignName>TXEB_BPM_Semantic_data_model_diagram</ownerDesignName>
</ColumnProxy>
<ColumnProxy name="CREATE_DATE" id="164AA455-2BF0-6E6A-CAE1-6595960EF7E7">
<createdBy>mb56142</createdBy>
<createdTime>2014-06-24 16:22:20 UTC</createdTime>
<ownerDesignName>TXEB_BPM_Semantic_data_model_diagram</ownerDesignName>
</ColumnProxy>
<ColumnProxy name="TRANSMIT_DATE" id="1CD5CD7A-CF8C-07C2-C6A7-0E52CBD121C3">
<createdBy>mb56142</createdBy>
<createdTime>2014-06-24 16:22:20 UTC</createdTime>
<ownerDesignName>TXEB_BPM_Semantic_data_model_diagram</ownerDesignName>
</ColumnProxy>
<ColumnProxy name="CANCEL_BY" id="262C24E1-F1C4-F785-9B72-8D287C533C7D">
<createdBy>mb56142</createdBy>
<createdTime>2014-06-24 16:22:20 UTC</createdTime>
<ownerDesignName>TXEB_BPM_Semantic_data_model_diagram</ownerDesignName>
</ColumnProxy>
<ColumnProxy name="CREATE_OUTBOUND_END_DATE" id="31F8AE47-3800-8045-B420-3D0937C05ABB">
<createdBy>mb56142</createdBy>
<createdTime>2014-06-24 16:22:20 UTC</createdTime>
<ownerDesignName>TXEB_BPM_Semantic_data_model_diagram</ownerDesignName>
</ColumnProxy>
<ColumnProxy name="COMPLETE_DATE" id="3547D93F-78A5-54A7-176A-9F5B77C0752D">
<createdBy>mb56142</createdBy>
<createdTime>2014-06-24 16:22:20 UTC</createdTime>
<ownerDesignName>TXEB_BPM_Semantic_data_model_diagram</ownerDesignName>
</ColumnProxy>
<ColumnProxy name="FILE_NAME" id="373F57D1-EFD2-5130-D187-FB8ED4E26B7E">
<createdBy>mb56142</createdBy>
<createdTime>2014-06-24 16:22:20 UTC</createdTime>
<ownerDesignName>TXEB_BPM_Semantic_data_model_diagram</ownerDesignName>
</ColumnProxy>
<ColumnProxy name="FILE_RECEIVED_TIMELY" id="4460C988-B2E2-DD63-0491-B94BBB2C29DC">
<createdBy>mb56142</createdBy>
<createdTime>2014-06-24 16:22:20 UTC</createdTime>
<ownerDesignName>TXEB_BPM_Semantic_data_model_diagram</ownerDesignName>
</ColumnProxy>
<ColumnProxy name="CREATE_RESPONSE_FILE_END_DATE" id="4662047A-BFD2-3081-6D75-497FC4098F50">
<createdBy>mb56142</createdBy>
<createdTime>2014-06-24 16:22:20 UTC</createdTime>
<ownerDesignName>TXEB_BPM_Semantic_data_model_diagram</ownerDesignName>
</ColumnProxy>
<ColumnProxy name="RECORD_ERROR_PERCENTAGE" id="48F61712-3C81-DEEC-67C8-26B38F02F07D">
<createdBy>mb56142</createdBy>
<createdTime>2014-06-24 16:22:20 UTC</createdTime>
<ownerDesignName>TXEB_BPM_Semantic_data_model_diagram</ownerDesignName>
</ColumnProxy>
<ColumnProxy name="HEALTH_PLAN_NAME" id="570945C5-0F02-6385-4568-BDD59943FECB">
<createdBy>mb56142</createdBy>
<createdTime>2014-06-24 16:22:20 UTC</createdTime>
<ownerDesignName>TXEB_BPM_Semantic_data_model_diagram</ownerDesignName>
</ColumnProxy>
<ColumnProxy name="PROCESS_JOB_FLAG" id="5B3867A0-A2A2-246A-E02B-B15FE0E2AF71">
<createdBy>mb56142</createdBy>
<createdTime>2014-06-24 16:22:20 UTC</createdTime>
<ownerDesignName>TXEB_BPM_Semantic_data_model_diagram</ownerDesignName>
</ColumnProxy>
<ColumnProxy name="PER_ERR_ALERT" id="5C4A5052-D28B-0A32-BB40-C2D3BF38B461">
<createdBy>mb56142</createdBy>
<createdTime>2014-06-24 16:22:20 UTC</createdTime>
<ownerDesignName>TXEB_BPM_Semantic_data_model_diagram</ownerDesignName>
</ColumnProxy>
<ColumnProxy name="JOB_ID" id="629519B1-57C0-4560-C840-11E1C74E2E86">
<createdBy>mb56142</createdBy>
<createdTime>2014-06-24 16:22:20 UTC</createdTime>
<ownerDesignName>TXEB_BPM_Semantic_data_model_diagram</ownerDesignName>
</ColumnProxy>
<ColumnProxy name="OUTBOUND_FILE_FLAG" id="6435DA74-0C97-61F6-FF5E-098680F52B97">
<createdBy>mb56142</createdBy>
<createdTime>2014-06-24 16:22:20 UTC</createdTime>
<ownerDesignName>TXEB_BPM_Semantic_data_model_diagram</ownerDesignName>
</ColumnProxy>
<ColumnProxy name="JOB_NAME" id="646359D2-B652-B5D6-9215-2EBC66AB6833">
<createdBy>mb56142</createdBy>
<createdTime>2014-06-24 16:22:20 UTC</createdTime>
<ownerDesignName>TXEB_BPM_Semantic_data_model_diagram</ownerDesignName>
</ColumnProxy>
<ColumnProxy name="RECORD_ERROR_THRESHOLD" id="652414E0-F1A1-B5F6-9636-3194F20A4807">
<createdBy>mb56142</createdBy>
<createdTime>2014-06-24 16:22:20 UTC</createdTime>
<ownerDesignName>TXEB_BPM_Semantic_data_model_diagram</ownerDesignName>
</ColumnProxy>
<ColumnProxy name="LAST_UPDATE_BY_DATE" id="665FC402-86F2-71C0-E610-4ECD61FEB597">
<createdBy>mb56142</createdBy>
<createdTime>2014-06-24 16:22:20 UTC</createdTime>
<ownerDesignName>TXEB_BPM_Semantic_data_model_diagram</ownerDesignName>
</ColumnProxy>
<ColumnProxy name="PROCESSED_OK_FLAG" id="6CF309B5-074B-4008-996F-136C0F88C8E8">
<createdBy>mb56142</createdBy>
<createdTime>2014-06-24 16:22:20 UTC</createdTime>
<ownerDesignName>TXEB_BPM_Semantic_data_model_diagram</ownerDesignName>
</ColumnProxy>
<ColumnProxy name="JOB_TYPE_FLAG" id="6DAF479B-B10F-1747-91D7-6310D4FC4609">
<createdBy>mb56142</createdBy>
<createdTime>2014-06-24 16:22:20 UTC</createdTime>
<ownerDesignName>TXEB_BPM_Semantic_data_model_diagram</ownerDesignName>
</ColumnProxy>
<ColumnProxy name="INSTANCE_STATUS" id="73D5D1F4-DB1E-07D2-2983-C84298DBE956">
<createdBy>mb56142</createdBy>
<createdTime>2014-06-24 16:22:20 UTC</createdTime>
<ownerDesignName>TXEB_BPM_Semantic_data_model_diagram</ownerDesignName>
</ColumnProxy>
<ColumnProxy name="CANCEL_REASON" id="77C01F6D-1B06-91C2-BD99-77C41018AB14">
<createdBy>mb56142</createdBy>
<createdTime>2014-06-24 16:22:20 UTC</createdTime>
<ownerDesignName>TXEB_BPM_Semantic_data_model_diagram</ownerDesignName>
</ColumnProxy>
<ColumnProxy name="JOB_GROUP" id="7B3A02F8-62BE-B783-B529-77FA810C4EB4">
<createdBy>mb56142</createdBy>
<createdTime>2014-06-24 16:22:20 UTC</createdTime>
<ownerDesignName>TXEB_BPM_Semantic_data_model_diagram</ownerDesignName>
</ColumnProxy>
<ColumnProxy name="RESPONSE_FILE_REQUIRED" id="7C6D8994-F4CC-BDA6-7FE0-8A0B8AF05266">
<createdBy>mb56142</createdBy>
<createdTime>2014-06-24 16:22:20 UTC</createdTime>
<ownerDesignName>TXEB_BPM_Semantic_data_model_diagram</ownerDesignName>
</ColumnProxy>
<ColumnProxy name="RECORD_COUNT_THRESHOLD_MET" id="840738A7-F44D-E9C2-56B6-4765D320ED33">
<createdBy>mb56142</createdBy>
<createdTime>2014-06-24 16:22:20 UTC</createdTime>
<ownerDesignName>TXEB_BPM_Semantic_data_model_diagram</ownerDesignName>
</ColumnProxy>
<ColumnProxy name="CREATE_OUTBOUND_START_DATE" id="85710602-718A-FF92-4432-09C36FA5D76F">
<createdBy>mb56142</createdBy>
<createdTime>2014-06-24 16:22:20 UTC</createdTime>
<ownerDesignName>TXEB_BPM_Semantic_data_model_diagram</ownerDesignName>
</ColumnProxy>
<ColumnProxy name="RESPONSE_FILE_FLAG" id="8E58F6EA-22EC-3B4F-0B2B-F2968A20F48D">
<createdBy>mb56142</createdBy>
<createdTime>2014-06-24 16:22:20 UTC</createdTime>
<ownerDesignName>TXEB_BPM_Semantic_data_model_diagram</ownerDesignName>
</ColumnProxy>
<ColumnProxy name="IDENTIFY_JOB_END_DATE" id="8F550E4E-7D02-A165-FC0C-70CFA328CF89">
<createdBy>mb56142</createdBy>
<createdTime>2014-06-24 16:22:20 UTC</createdTime>
<ownerDesignName>TXEB_BPM_Semantic_data_model_diagram</ownerDesignName>
</ColumnProxy>
<ColumnProxy name="FILE_SOURCE" id="A15946FF-CE50-8544-C5B0-7EE5D8427D40">
<createdBy>mb56142</createdBy>
<createdTime>2014-06-24 16:22:20 UTC</createdTime>
<ownerDesignName>TXEB_BPM_Semantic_data_model_diagram</ownerDesignName>
</ColumnProxy>
<ColumnProxy name="CREATE_REPONSE_FILE_START_DATE" id="AAB3EA3F-1D21-B83A-5CA5-1319CE0C80A4">
<createdBy>mb56142</createdBy>
<createdTime>2014-06-24 16:22:20 UTC</createdTime>
<ownerDesignName>TXEB_BPM_Semantic_data_model_diagram</ownerDesignName>
</ColumnProxy>
<ColumnProxy name="PROCESS_JOB_END_DATE" id="ABE1D46A-D5F3-4E7A-D632-B7B757F226F5">
<createdBy>mb56142</createdBy>
<createdTime>2014-06-24 16:22:20 UTC</createdTime>
<ownerDesignName>TXEB_BPM_Semantic_data_model_diagram</ownerDesignName>
</ColumnProxy>
<ColumnProxy name="MJ_BI_ID" id="AC418FF5-B701-D2AF-4C6A-C195A5E085C4">
<createdBy>mb56142</createdBy>
<createdTime>2014-06-24 16:22:20 UTC</createdTime>
<ownerDesignName>TXEB_BPM_Semantic_data_model_diagram</ownerDesignName>
</ColumnProxy>
<ColumnProxy name="IDENTIFY_JOB_START_DATE" id="B86B6261-74CA-D607-331E-92A766759567">
<createdBy>mb56142</createdBy>
<createdTime>2014-06-24 16:22:20 UTC</createdTime>
<ownerDesignName>TXEB_BPM_Semantic_data_model_diagram</ownerDesignName>
</ColumnProxy>
<ColumnProxy name="RECORD_COUNT_MAX_THRESHOLD" id="BAA288C8-80E6-E47C-1BD8-240D309C50AE">
<createdBy>mb56142</createdBy>
<createdTime>2014-06-24 16:22:20 UTC</createdTime>
<ownerDesignName>TXEB_BPM_Semantic_data_model_diagram</ownerDesignName>
</ColumnProxy>
<ColumnProxy name="RECORD_COUNT_MIN_THRESHOLD" id="BDA60166-48A2-EBD2-6573-3BAD46EFFDAC">
<createdBy>mb56142</createdBy>
<createdTime>2014-06-24 16:22:20 UTC</createdTime>
<ownerDesignName>TXEB_BPM_Semantic_data_model_diagram</ownerDesignName>
</ColumnProxy>
<ColumnProxy name="RESPONSE_FILE_GTW_FLAG" id="BF01C08E-865E-95B6-9DB4-DCE056C6BE7C">
<createdBy>mb56142</createdBy>
<createdTime>2014-06-24 16:22:20 UTC</createdTime>
<ownerDesignName>TXEB_BPM_Semantic_data_model_diagram</ownerDesignName>
</ColumnProxy>
<ColumnProxy name="IDENTIFY_JOB_TYPE_FLAG" id="C2BDC4FC-06E2-24D6-1A56-FD7F9FE4397C">
<createdBy>mb56142</createdBy>
<createdTime>2014-06-24 16:22:20 UTC</createdTime>
<ownerDesignName>TXEB_BPM_Semantic_data_model_diagram</ownerDesignName>
</ColumnProxy>
<ColumnProxy name="JOB_TYPE" id="C82CCC04-5DFF-48E0-B995-0737338786A1">
<createdBy>mb56142</createdBy>
<createdTime>2014-06-24 16:22:20 UTC</createdTime>
<ownerDesignName>TXEB_BPM_Semantic_data_model_diagram</ownerDesignName>
</ColumnProxy>
<ColumnProxy name="LAST_UPDATE_BY_NAME" id="CC75A3B7-F816-6FF4-A8D8-47602BF0954F">
<createdBy>mb56142</createdBy>
<createdTime>2014-06-24 16:22:20 UTC</createdTime>
<ownerDesignName>TXEB_BPM_Semantic_data_model_diagram</ownerDesignName>
</ColumnProxy>
<ColumnProxy name="PROCESS_JOB_START_DATE" id="D5BB520A-314C-7420-641A-ECC85A6697E7">
<createdBy>mb56142</createdBy>
<createdTime>2014-06-24 16:22:20 UTC</createdTime>
<ownerDesignName>TXEB_BPM_Semantic_data_model_diagram</ownerDesignName>
</ColumnProxy>
<ColumnProxy name="CANCEL_DATE" id="D605B4FB-FE0A-6356-D0D0-0267AEDF3FA3">
<createdBy>mb56142</createdBy>
<createdTime>2014-06-24 16:22:20 UTC</createdTime>
<ownerDesignName>TXEB_BPM_Semantic_data_model_diagram</ownerDesignName>
</ColumnProxy>
<ColumnProxy name="CREATED_BY" id="D6FB0112-168C-E742-05CA-1ECFADEF0F83">
<createdBy>mb56142</createdBy>
<createdTime>2014-06-24 16:22:20 UTC</createdTime>
<ownerDesignName>TXEB_BPM_Semantic_data_model_diagram</ownerDesignName>
</ColumnProxy>
<ColumnProxy name="FILE_TYPE" id="D84FEEE9-C928-5704-4341-1D19284497BF">
<createdBy>mb56142</createdBy>
<createdTime>2014-06-24 16:22:20 UTC</createdTime>
<ownerDesignName>TXEB_BPM_Semantic_data_model_diagram</ownerDesignName>
</ColumnProxy>
<ColumnProxy name="JOB_START_DATE" id="DF742E0E-9656-FBA2-4605-639C6FC9675D">
<createdBy>mb56142</createdBy>
<createdTime>2014-06-24 16:22:20 UTC</createdTime>
<ownerDesignName>TXEB_BPM_Semantic_data_model_diagram</ownerDesignName>
</ColumnProxy>
<ColumnProxy name="RECORD_COUNT" id="E2185ADE-583D-48F7-DCE1-B8A6A4C8DE4C">
<createdBy>mb56142</createdBy>
<createdTime>2014-06-24 16:22:20 UTC</createdTime>
<ownerDesignName>TXEB_BPM_Semantic_data_model_diagram</ownerDesignName>
</ColumnProxy>
<ColumnProxy name="RESPONSE_FILE_NAME" id="F1342C8E-8574-70B4-53C2-C51E9A5611EC">
<createdBy>mb56142</createdBy>
<createdTime>2014-06-24 16:22:20 UTC</createdTime>
<ownerDesignName>TXEB_BPM_Semantic_data_model_diagram</ownerDesignName>
</ColumnProxy>
<ColumnProxy name="FILE_DESTINATION" id="F4CA87C9-9E3F-F681-1D42-ED4461F365E4">
<createdBy>mb56142</createdBy>
<createdTime>2014-06-24 16:22:20 UTC</createdTime>
<ownerDesignName>TXEB_BPM_Semantic_data_model_diagram</ownerDesignName>
</ColumnProxy>
<ColumnProxy name="RECEIPT_DATE" id="FA6B5ACC-E5AA-F858-C001-53D1188DDC70">
<createdBy>mb56142</createdBy>
<createdTime>2014-06-24 16:22:20 UTC</createdTime>
<ownerDesignName>TXEB_BPM_Semantic_data_model_diagram</ownerDesignName>
</ColumnProxy>
<ColumnProxy name="JOB_DETAIL" id="FBEF1E4D-C22C-82C4-850D-DFE83ADD7C82">
<createdBy>mb56142</createdBy>
<createdTime>2014-06-24 16:22:20 UTC</createdTime>
<ownerDesignName>TXEB_BPM_Semantic_data_model_diagram</ownerDesignName>
</ColumnProxy>
<ColumnProxy name="FILE_PROCESSED_TIMELY" id="FE878063-1892-5DE3-33E5-01BD519A7C6E">
<createdBy>mb56142</createdBy>
<createdTime>2014-06-24 16:22:20 UTC</createdTime>
<ownerDesignName>TXEB_BPM_Semantic_data_model_diagram</ownerDesignName>
</ColumnProxy>
</columnProxies>
<primaryKeys>
<PrimaryKey class="oracle.dbtools.crest.model.design.storage.oracle.v10g.PKProxyOraclev10g" name="DMJCUR_PK" id="C08B35E2-BDB7-15AA-2969-66E8A3CA595D">
<createdBy>mb56142</createdBy>
<createdTime>2014-06-24 16:22:20 UTC</createdTime>
<ownerDesignName>TXEB_BPM_Semantic_data_model_diagram</ownerDesignName>
<segment>E073BA1D-7AA4-B4BA-BDD2-907831991CC9</segment>
<tableSpace>6BD388E5-BCF5-0591-0A50-0B8B4B7E80FD</tableSpace>
<existingIndex>11A70233-B408-8961-4AE0-34A9537F2E72</existingIndex>
<indexSegment>E073BA1D-7AA4-B4BA-BDD2-907831991CC9</indexSegment>
<indexSort>SORTED</indexSort>
<usingIndex>BY INDEX NAME</usingIndex>
</PrimaryKey>
</primaryKeys>
</TableProxyOraclev11g>