<?xml version = '1.0' encoding = 'UTF-8'?>
<TableProxyOraclev11g class="oracle.dbtools.crest.model.design.storage.oracle.v11g.TableProxyOraclev11g" name="D_PI_CURRENT" directorySegmentName="seg_0" id="DE22F01F-42E1-4EDC-2767-72B31C7773AF">
<createdBy>mb56142</createdBy>
<createdTime>2014-06-25 01:57:01 UTC</createdTime>
<ownerDesignName>TXEB_BPM_Semantic_data_model_diagram</ownerDesignName>
<schemaObject>121AEE1F-FD79-403A-F17D-FF8859EA2228</schemaObject>
<logging>YES</logging>
<parallel>YES</parallel>
<partitionedRowMovement>DISABLE</partitionedRowMovement>
<segment>E000C611-2E9F-DA34-F329-A6B5C6F33EE0</segment>
<tableSpace>593E9FBA-648C-CE17-93AD-BE603B2C2E28</tableSpace>
<temporaryChanged>false</temporaryChanged>
<indexProxies>
<IndexProxy class="oracle.dbtools.crest.model.design.storage.oracle.v10g.IndexProxyOraclev10g" name="DPICUR_UIX1" id="0B162EC8-5DE9-2516-35EC-B3C356D08882">
<createdBy>mb56142</createdBy>
<createdTime>2014-06-25 01:57:04 UTC</createdTime>
<ownerDesignName>TXEB_BPM_Semantic_data_model_diagram</ownerDesignName>
<schemaObject>121AEE1F-FD79-403A-F17D-FF8859EA2228</schemaObject>
<parallel>YES</parallel>
<segment>004D47FE-86B3-05E6-C429-34018ED24267</segment>
<tableSpace>642E83AF-B691-22DC-5B5D-10BC6C17C55A</tableSpace>
</IndexProxy>
<IndexProxy class="oracle.dbtools.crest.model.design.storage.oracle.v10g.IndexProxyOraclev10g" name="DPICUR_PK" id="CED5242D-53B8-8191-A552-556C367D5DBA">
<createdBy>mb56142</createdBy>
<createdTime>2014-06-25 01:57:05 UTC</createdTime>
<ownerDesignName>TXEB_BPM_Semantic_data_model_diagram</ownerDesignName>
<schemaObject>121AEE1F-FD79-403A-F17D-FF8859EA2228</schemaObject>
<parallel>YES</parallel>
<segment>004D47FE-86B3-05E6-C429-34018ED24267</segment>
<tableSpace>642E83AF-B691-22DC-5B5D-10BC6C17C55A</tableSpace>
</IndexProxy>
</indexProxies>
<columnProxies itemClass="oracle.dbtools.crest.model.design.storage.oracle.v12c.ColumnProxyOraclev12c">
<ColumnProxy name="CANCEL_METHOD" id="00F0AF2A-F213-A6F4-0460-EF8C9B576F8B">
<createdBy>mb56142</createdBy>
<createdTime>2014-06-25 01:57:04 UTC</createdTime>
<ownerDesignName>TXEB_BPM_Semantic_data_model_diagram</ownerDesignName>
</ColumnProxy>
<ColumnProxy name="ENROLLEE_RIN" id="0637A10D-A972-3C66-F21C-7E8CE5BCEB6B">
<createdBy>mb56142</createdBy>
<createdTime>2014-06-25 01:57:04 UTC</createdTime>
<ownerDesignName>TXEB_BPM_Semantic_data_model_diagram</ownerDesignName>
</ColumnProxy>
<ColumnProxy name="Cur Incident Reason" id="0785119B-8714-0620-C6AB-56490BFD9352">
<createdBy>mb56142</createdBy>
<createdTime>2014-06-25 01:57:03 UTC</createdTime>
<ownerDesignName>TXEB_BPM_Semantic_data_model_diagram</ownerDesignName>
<nameHasQuotes>true</nameHasQuotes>
</ColumnProxy>
<ColumnProxy name="PRIORITY" id="0B92830A-AEC5-0611-BAD6-DDBFEB38B951">
<createdBy>mb56142</createdBy>
<createdTime>2014-06-25 01:57:03 UTC</createdTime>
<ownerDesignName>TXEB_BPM_Semantic_data_model_diagram</ownerDesignName>
</ColumnProxy>
<ColumnProxy name="State Received Appeal Date" id="0D37FCDA-AE62-99A6-8996-35526A9A2131">
<createdBy>mb56142</createdBy>
<createdTime>2014-06-25 01:57:03 UTC</createdTime>
<ownerDesignName>TXEB_BPM_Semantic_data_model_diagram</ownerDesignName>
<nameHasQuotes>true</nameHasQuotes>
</ColumnProxy>
<ColumnProxy name="Cur Last Update By Name" id="10827AFA-6F26-7639-ED45-7BAE19227ACE">
<createdBy>mb56142</createdBy>
<createdTime>2014-06-25 01:57:03 UTC</createdTime>
<ownerDesignName>TXEB_BPM_Semantic_data_model_diagram</ownerDesignName>
<nameHasQuotes>true</nameHasQuotes>
</ColumnProxy>
<ColumnProxy name="Generic Field 5" id="1278D17F-7E11-0E6F-E32B-939E17E8AA99">
<createdBy>mb56142</createdBy>
<createdTime>2014-06-25 01:57:04 UTC</createdTime>
<ownerDesignName>TXEB_BPM_Semantic_data_model_diagram</ownerDesignName>
<nameHasQuotes>true</nameHasQuotes>
</ColumnProxy>
<ColumnProxy name="Process Incident End Dt" id="1381AA2D-97C3-EAA4-7A1C-055ACD4E55F7">
<createdBy>mb56142</createdBy>
<createdTime>2014-06-25 01:57:04 UTC</createdTime>
<ownerDesignName>TXEB_BPM_Semantic_data_model_diagram</ownerDesignName>
<nameHasQuotes>true</nameHasQuotes>
</ColumnProxy>
<ColumnProxy name="Escalate to State Dt" id="1391800F-1975-012F-CADF-80433086B73E">
<createdBy>mb56142</createdBy>
<createdTime>2014-06-25 01:57:03 UTC</createdTime>
<ownerDesignName>TXEB_BPM_Semantic_data_model_diagram</ownerDesignName>
<nameHasQuotes>true</nameHasQuotes>
</ColumnProxy>
<ColumnProxy name="RESOLUTION_DESCRIPTION" id="1549F705-DA06-C166-384F-EC95E85B41CB">
<createdBy>mb56142</createdBy>
<createdTime>2014-06-25 01:57:04 UTC</createdTime>
<ownerDesignName>TXEB_BPM_Semantic_data_model_diagram</ownerDesignName>
</ColumnProxy>
<ColumnProxy name="CHANNEL" id="164772F3-A42E-CA52-13F6-2D1005DFE0E0">
<createdBy>mb56142</createdBy>
<createdTime>2014-06-25 01:57:02 UTC</createdTime>
<ownerDesignName>TXEB_BPM_Semantic_data_model_diagram</ownerDesignName>
</ColumnProxy>
<ColumnProxy name="EB Follow-Up Needed Flag" id="1EFAA2A8-9A79-4D43-6C43-1D6847901526">
<createdBy>mb56142</createdBy>
<createdTime>2014-06-25 01:57:03 UTC</createdTime>
<ownerDesignName>TXEB_BPM_Semantic_data_model_diagram</ownerDesignName>
<nameHasQuotes>true</nameHasQuotes>
</ColumnProxy>
<ColumnProxy name="Return Incident Flag" id="26993332-4A8D-0F05-0EF1-73B908A6CCD7">
<createdBy>mb56142</createdBy>
<createdTime>2014-06-25 01:57:04 UTC</createdTime>
<ownerDesignName>TXEB_BPM_Semantic_data_model_diagram</ownerDesignName>
<nameHasQuotes>true</nameHasQuotes>
</ColumnProxy>
<ColumnProxy name="ACTION_COMMENTS" id="2B6A17D8-40E5-7C10-BE35-5DDCEAB6D4EC">
<createdBy>mb56142</createdBy>
<createdTime>2014-06-25 01:57:04 UTC</createdTime>
<ownerDesignName>TXEB_BPM_Semantic_data_model_diagram</ownerDesignName>
</ColumnProxy>
<ColumnProxy name="Provider ID" id="2C3BF53B-5E58-28F7-ADB8-425DEED7A463">
<createdBy>mb56142</createdBy>
<createdTime>2014-06-25 01:57:03 UTC</createdTime>
<ownerDesignName>TXEB_BPM_Semantic_data_model_diagram</ownerDesignName>
<nameHasQuotes>true</nameHasQuotes>
</ColumnProxy>
<ColumnProxy name="Generic Field 1" id="362C3BEE-970B-E0E5-41C8-9704D81A665D">
<createdBy>mb56142</createdBy>
<createdTime>2014-06-25 01:57:04 UTC</createdTime>
<ownerDesignName>TXEB_BPM_Semantic_data_model_diagram</ownerDesignName>
<nameHasQuotes>true</nameHasQuotes>
</ColumnProxy>
<ColumnProxy name="Cur Instance Status" id="37598973-904C-4DC9-512C-E51D7FFC8D19">
<createdBy>mb56142</createdBy>
<createdTime>2014-06-25 01:57:03 UTC</createdTime>
<ownerDesignName>TXEB_BPM_Semantic_data_model_diagram</ownerDesignName>
<nameHasQuotes>true</nameHasQuotes>
</ColumnProxy>
<ColumnProxy name="Plan Code" id="38E1B42A-23AC-5F79-A4FA-FE91FCD9E978">
<createdBy>mb56142</createdBy>
<createdTime>2014-06-25 01:57:03 UTC</createdTime>
<ownerDesignName>TXEB_BPM_Semantic_data_model_diagram</ownerDesignName>
<nameHasQuotes>true</nameHasQuotes>
</ColumnProxy>
<ColumnProxy name="Cur Incident About" id="3BEC1E3E-7B94-4613-159D-9A8071BB5AAF">
<createdBy>mb56142</createdBy>
<createdTime>2014-06-25 01:57:03 UTC</createdTime>
<ownerDesignName>TXEB_BPM_Semantic_data_model_diagram</ownerDesignName>
<nameHasQuotes>true</nameHasQuotes>
</ColumnProxy>
<ColumnProxy name="Process Clnt Notify Flag" id="3CEAC922-3E33-70E2-644B-512C359EFFFD">
<createdBy>mb56142</createdBy>
<createdTime>2014-06-25 01:57:03 UTC</createdTime>
<ownerDesignName>TXEB_BPM_Semantic_data_model_diagram</ownerDesignName>
<nameHasQuotes>true</nameHasQuotes>
</ColumnProxy>
<ColumnProxy name="Reporter Relationship" id="417C2794-284A-F5AF-23B6-B7607C8A061C">
<createdBy>mb56142</createdBy>
<createdTime>2014-06-25 01:57:03 UTC</createdTime>
<ownerDesignName>TXEB_BPM_Semantic_data_model_diagram</ownerDesignName>
<nameHasQuotes>true</nameHasQuotes>
</ColumnProxy>
<ColumnProxy name="Resolution Type" id="4492BF54-0583-47BD-55BC-BAB3BFADA2BB">
<createdBy>mb56142</createdBy>
<createdTime>2014-06-25 01:57:03 UTC</createdTime>
<ownerDesignName>TXEB_BPM_Semantic_data_model_diagram</ownerDesignName>
<nameHasQuotes>true</nameHasQuotes>
</ColumnProxy>
<ColumnProxy name="Cur Enrollment Status" id="44B86993-375E-66AB-558D-AC2D2079FA98">
<createdBy>mb56142</createdBy>
<createdTime>2014-06-25 01:57:03 UTC</createdTime>
<ownerDesignName>TXEB_BPM_Semantic_data_model_diagram</ownerDesignName>
<nameHasQuotes>true</nameHasQuotes>
</ColumnProxy>
<ColumnProxy name="Incident Type" id="4584152F-8C2C-6D6B-50AF-A4B168BC8739">
<createdBy>mb56142</createdBy>
<createdTime>2014-06-25 01:57:03 UTC</createdTime>
<ownerDesignName>TXEB_BPM_Semantic_data_model_diagram</ownerDesignName>
<nameHasQuotes>true</nameHasQuotes>
</ColumnProxy>
<ColumnProxy name="CANCEL_REASON" id="46BBDDE5-63E5-020B-A993-DB6A3331C303">
<createdBy>mb56142</createdBy>
<createdTime>2014-06-25 01:57:04 UTC</createdTime>
<ownerDesignName>TXEB_BPM_Semantic_data_model_diagram</ownerDesignName>
</ColumnProxy>
<ColumnProxy name="Timeliness Status" id="4803A913-75C7-2445-AD7F-5E8D80B8EB43">
<createdBy>mb56142</createdBy>
<createdTime>2014-06-25 01:57:03 UTC</createdTime>
<ownerDesignName>TXEB_BPM_Semantic_data_model_diagram</ownerDesignName>
<nameHasQuotes>true</nameHasQuotes>
</ColumnProxy>
<ColumnProxy name="Created By Name" id="4F3A9022-01E0-02F2-8108-18A6F5A7A753">
<createdBy>mb56142</createdBy>
<createdTime>2014-06-25 01:57:04 UTC</createdTime>
<ownerDesignName>TXEB_BPM_Semantic_data_model_diagram</ownerDesignName>
<nameHasQuotes>true</nameHasQuotes>
</ColumnProxy>
<ColumnProxy name="PI_BI_ID" id="4FFDB37D-D692-B7B7-1AF7-6D0A6FBA09BA">
<createdBy>mb56142</createdBy>
<createdTime>2014-06-25 01:57:02 UTC</createdTime>
<ownerDesignName>TXEB_BPM_Semantic_data_model_diagram</ownerDesignName>
</ColumnProxy>
<ColumnProxy name="Process Clnt Notify Start Dt" id="530353E2-C989-AF53-0001-3C4A7A78C6F9">
<createdBy>mb56142</createdBy>
<createdTime>2014-06-25 01:57:03 UTC</createdTime>
<ownerDesignName>TXEB_BPM_Semantic_data_model_diagram</ownerDesignName>
<nameHasQuotes>true</nameHasQuotes>
</ColumnProxy>
<ColumnProxy name="Origin ID" id="5375E8A1-1AFD-7D8B-1385-6218A025154C">
<createdBy>mb56142</createdBy>
<createdTime>2014-06-25 01:57:02 UTC</createdTime>
<ownerDesignName>TXEB_BPM_Semantic_data_model_diagram</ownerDesignName>
<nameHasQuotes>true</nameHasQuotes>
</ColumnProxy>
<ColumnProxy name="Research Incident End Dt" id="55116B1A-18EF-4E89-0035-8C3BE5E006AD">
<createdBy>mb56142</createdBy>
<createdTime>2014-06-25 01:57:04 UTC</createdTime>
<ownerDesignName>TXEB_BPM_Semantic_data_model_diagram</ownerDesignName>
<nameHasQuotes>true</nameHasQuotes>
</ColumnProxy>
<ColumnProxy name="Create Date" id="56AC8C3D-CDFE-2EB2-BBED-25CDF3C42EBB">
<createdBy>mb56142</createdBy>
<createdTime>2014-06-25 01:57:02 UTC</createdTime>
<ownerDesignName>TXEB_BPM_Semantic_data_model_diagram</ownerDesignName>
<nameHasQuotes>true</nameHasQuotes>
</ColumnProxy>
<ColumnProxy name="CANCEL_BY" id="574C22C2-8089-B52E-340B-53ACE33E6B50">
<createdBy>mb56142</createdBy>
<createdTime>2014-06-25 01:57:04 UTC</createdTime>
<ownerDesignName>TXEB_BPM_Semantic_data_model_diagram</ownerDesignName>
</ColumnProxy>
<ColumnProxy name="Process Clnt Notify End Dt" id="60206CD8-2B74-46D0-EA34-5A2ECE255D9E">
<createdBy>mb56142</createdBy>
<createdTime>2014-06-25 01:57:03 UTC</createdTime>
<ownerDesignName>TXEB_BPM_Semantic_data_model_diagram</ownerDesignName>
<nameHasQuotes>true</nameHasQuotes>
</ColumnProxy>
<ColumnProxy name="Return to MMS Dt" id="60B21720-50CF-371E-6C96-9D48CC237624">
<createdBy>mb56142</createdBy>
<createdTime>2014-06-25 01:57:04 UTC</createdTime>
<ownerDesignName>TXEB_BPM_Semantic_data_model_diagram</ownerDesignName>
<nameHasQuotes>true</nameHasQuotes>
</ColumnProxy>
<ColumnProxy name="Incident Tracking Number" id="62C7E312-057F-E613-B64C-CC217B21ED4A">
<createdBy>mb56142</createdBy>
<createdTime>2014-06-25 01:57:02 UTC</createdTime>
<ownerDesignName>TXEB_BPM_Semantic_data_model_diagram</ownerDesignName>
<nameHasQuotes>true</nameHasQuotes>
</ColumnProxy>
<ColumnProxy name="Reported By" id="66C73A97-8E68-C50D-6480-ACB7CCC66192">
<createdBy>mb56142</createdBy>
<createdTime>2014-06-25 01:57:03 UTC</createdTime>
<ownerDesignName>TXEB_BPM_Semantic_data_model_diagram</ownerDesignName>
<nameHasQuotes>true</nameHasQuotes>
</ColumnProxy>
<ColumnProxy name="Process Incident Flag" id="6A9AF59A-E978-570A-2EC4-BBA9206776AE">
<createdBy>mb56142</createdBy>
<createdTime>2014-06-25 01:57:04 UTC</createdTime>
<ownerDesignName>TXEB_BPM_Semantic_data_model_diagram</ownerDesignName>
<nameHasQuotes>true</nameHasQuotes>
</ColumnProxy>
<ColumnProxy name="Sub-Program" id="6E3067D8-04FD-E540-777A-A1EFE4A747E0">
<createdBy>mb56142</createdBy>
<createdTime>2014-06-25 01:57:03 UTC</createdTime>
<ownerDesignName>TXEB_BPM_Semantic_data_model_diagram</ownerDesignName>
<nameHasQuotes>true</nameHasQuotes>
</ColumnProxy>
<ColumnProxy name="Process Client Notification ID" id="7554E3D1-A83F-5C91-5A91-C13283FA0C67">
<createdBy>mb56142</createdBy>
<createdTime>2014-06-25 01:57:03 UTC</createdTime>
<ownerDesignName>TXEB_BPM_Semantic_data_model_diagram</ownerDesignName>
<nameHasQuotes>true</nameHasQuotes>
</ColumnProxy>
<ColumnProxy name="Status Age in Calendar Days" id="75DCD8A0-3F4B-8285-A7FC-65BCABEFBC80">
<createdBy>mb56142</createdBy>
<createdTime>2014-06-25 01:57:03 UTC</createdTime>
<ownerDesignName>TXEB_BPM_Semantic_data_model_diagram</ownerDesignName>
<nameHasQuotes>true</nameHasQuotes>
</ColumnProxy>
<ColumnProxy name="Generic Field 2" id="766C1133-4576-A210-53B5-C319CEB0C10F">
<createdBy>mb56142</createdBy>
<createdTime>2014-06-25 01:57:04 UTC</createdTime>
<ownerDesignName>TXEB_BPM_Semantic_data_model_diagram</ownerDesignName>
<nameHasQuotes>true</nameHasQuotes>
</ColumnProxy>
<ColumnProxy name="Complete Incident St Dt" id="783E5D9B-A009-70CF-1BFC-80B2F2AF5E40">
<createdBy>mb56142</createdBy>
<createdTime>2014-06-25 01:57:04 UTC</createdTime>
<ownerDesignName>TXEB_BPM_Semantic_data_model_diagram</ownerDesignName>
<nameHasQuotes>true</nameHasQuotes>
</ColumnProxy>
<ColumnProxy name="Incident ID" id="7881D565-7556-DDE9-926E-6D305FB93597">
<createdBy>mb56142</createdBy>
<createdTime>2014-06-25 01:57:02 UTC</createdTime>
<ownerDesignName>TXEB_BPM_Semantic_data_model_diagram</ownerDesignName>
<nameHasQuotes>true</nameHasQuotes>
</ColumnProxy>
<ColumnProxy name="Cur Task ID" id="794D4E1B-E973-A941-3099-0E5C02D32FD3">
<createdBy>mb56142</createdBy>
<createdTime>2014-06-25 01:57:03 UTC</createdTime>
<ownerDesignName>TXEB_BPM_Semantic_data_model_diagram</ownerDesignName>
<nameHasQuotes>true</nameHasQuotes>
</ColumnProxy>
<ColumnProxy name="Cur Incident Status" id="79D19875-1201-86B5-29B5-4DDF5EE6B109">
<createdBy>mb56142</createdBy>
<createdTime>2014-06-25 01:57:03 UTC</createdTime>
<ownerDesignName>TXEB_BPM_Semantic_data_model_diagram</ownerDesignName>
<nameHasQuotes>true</nameHasQuotes>
</ColumnProxy>
<ColumnProxy name="Complete Incident Flag" id="7C2DFFF2-C1B0-1487-E8DF-A853EBC9A1DB">
<createdBy>mb56142</createdBy>
<createdTime>2014-06-25 01:57:04 UTC</createdTime>
<ownerDesignName>TXEB_BPM_Semantic_data_model_diagram</ownerDesignName>
<nameHasQuotes>true</nameHasQuotes>
</ColumnProxy>
<ColumnProxy name="PROGRAM" id="7D7B2CDD-029B-67B9-6138-277039AFC36B">
<createdBy>mb56142</createdBy>
<createdTime>2014-06-25 01:57:03 UTC</createdTime>
<ownerDesignName>TXEB_BPM_Semantic_data_model_diagram</ownerDesignName>
</ColumnProxy>
<ColumnProxy name="Other Party Name" id="7FA75456-CD75-9A91-7D16-2809ED525924">
<createdBy>mb56142</createdBy>
<createdTime>2014-06-25 01:57:04 UTC</createdTime>
<ownerDesignName>TXEB_BPM_Semantic_data_model_diagram</ownerDesignName>
<nameHasQuotes>true</nameHasQuotes>
</ColumnProxy>
<ColumnProxy name="Created By Group" id="8028AA37-6C1A-BCEA-7643-11C61954316C">
<createdBy>mb56142</createdBy>
<createdTime>2014-06-25 01:57:02 UTC</createdTime>
<ownerDesignName>TXEB_BPM_Semantic_data_model_diagram</ownerDesignName>
<nameHasQuotes>true</nameHasQuotes>
</ColumnProxy>
<ColumnProxy name="Escalate Incident Flag" id="80DF9342-B0D0-DA93-0FD3-28D4ABD9DE1E">
<createdBy>mb56142</createdBy>
<createdTime>2014-06-25 01:57:03 UTC</createdTime>
<ownerDesignName>TXEB_BPM_Semantic_data_model_diagram</ownerDesignName>
<nameHasQuotes>true</nameHasQuotes>
</ColumnProxy>
<ColumnProxy name="COUNTY_NAME" id="8582F9FC-995C-9297-20E1-C673F18B08F6">
<createdBy>mb56142</createdBy>
<createdTime>2014-06-25 01:57:04 UTC</createdTime>
<ownerDesignName>TXEB_BPM_Semantic_data_model_diagram</ownerDesignName>
</ColumnProxy>
<ColumnProxy name="Complete Incident End Dt" id="8AD5CC9A-59D6-B3CD-F4A2-6BFF1B0BDB8C">
<createdBy>mb56142</createdBy>
<createdTime>2014-06-25 01:57:04 UTC</createdTime>
<ownerDesignName>TXEB_BPM_Semantic_data_model_diagram</ownerDesignName>
<nameHasQuotes>true</nameHasQuotes>
</ColumnProxy>
<ColumnProxy name="About Plan Code" id="8DE2BEC6-D3D1-1579-F56F-7259FCF679EA">
<createdBy>mb56142</createdBy>
<createdTime>2014-06-25 01:57:03 UTC</createdTime>
<ownerDesignName>TXEB_BPM_Semantic_data_model_diagram</ownerDesignName>
<nameHasQuotes>true</nameHasQuotes>
</ColumnProxy>
<ColumnProxy name="Cur Jeopardy Status" id="A7270569-E2D6-ED0C-B9A1-68E48FB04515">
<createdBy>mb56142</createdBy>
<createdTime>2014-06-25 01:57:03 UTC</createdTime>
<ownerDesignName>TXEB_BPM_Semantic_data_model_diagram</ownerDesignName>
<nameHasQuotes>true</nameHasQuotes>
</ColumnProxy>
<ColumnProxy name="Research Incident St Dt" id="AD0E51AC-8865-D729-07CF-AAB9D07C4B42">
<createdBy>mb56142</createdBy>
<createdTime>2014-06-25 01:57:04 UTC</createdTime>
<ownerDesignName>TXEB_BPM_Semantic_data_model_diagram</ownerDesignName>
<nameHasQuotes>true</nameHasQuotes>
</ColumnProxy>
<ColumnProxy name="Enrollee RIN" id="B1405B9C-7916-2FD9-69B4-6CC32115E7FD">
<createdBy>mb56142</createdBy>
<createdTime>2014-06-25 01:57:04 UTC</createdTime>
<ownerDesignName>TXEB_BPM_Semantic_data_model_diagram</ownerDesignName>
<nameHasQuotes>true</nameHasQuotes>
</ColumnProxy>
<ColumnProxy name="INCIDENT_DESCRIPTION" id="B3BB51D8-BEFB-4432-419F-DD056C264C2D">
<createdBy>mb56142</createdBy>
<createdTime>2014-06-25 01:57:04 UTC</createdTime>
<ownerDesignName>TXEB_BPM_Semantic_data_model_diagram</ownerDesignName>
</ColumnProxy>
<ColumnProxy name="Case ID" id="B8BD400C-2EE2-1B83-FC91-BC6300FD2FB7">
<createdBy>mb56142</createdBy>
<createdTime>2014-06-25 01:57:03 UTC</createdTime>
<ownerDesignName>TXEB_BPM_Semantic_data_model_diagram</ownerDesignName>
<nameHasQuotes>true</nameHasQuotes>
</ColumnProxy>
<ColumnProxy name="Hearing Date" id="BB3AE872-24C7-400F-ECE1-153DE65DE53B">
<createdBy>mb56142</createdBy>
<createdTime>2014-06-25 01:57:03 UTC</createdTime>
<ownerDesignName>TXEB_BPM_Semantic_data_model_diagram</ownerDesignName>
<nameHasQuotes>true</nameHasQuotes>
</ColumnProxy>
<ColumnProxy name="Cur Last Update Date" id="BBC27E03-D065-665F-0134-E7805B371BEF">
<createdBy>mb56142</createdBy>
<createdTime>2014-06-25 01:57:03 UTC</createdTime>
<ownerDesignName>TXEB_BPM_Semantic_data_model_diagram</ownerDesignName>
<nameHasQuotes>true</nameHasQuotes>
</ColumnProxy>
<ColumnProxy name="Research Incident Flag" id="BC62321C-2FA5-7CAB-8EBE-0FC8E734EAA4">
<createdBy>mb56142</createdBy>
<createdTime>2014-06-25 01:57:04 UTC</createdTime>
<ownerDesignName>TXEB_BPM_Semantic_data_model_diagram</ownerDesignName>
<nameHasQuotes>true</nameHasQuotes>
</ColumnProxy>
<ColumnProxy name="Jeopardy Status Date" id="C1B7D4F2-689E-30FE-6063-124C679D2F49">
<createdBy>mb56142</createdBy>
<createdTime>2014-06-25 01:57:03 UTC</createdTime>
<ownerDesignName>TXEB_BPM_Semantic_data_model_diagram</ownerDesignName>
<nameHasQuotes>true</nameHasQuotes>
</ColumnProxy>
<ColumnProxy name="Process Incident St Dt" id="C2F2F9DF-7F0C-14D4-88ED-80C15345E685">
<createdBy>mb56142</createdBy>
<createdTime>2014-06-25 01:57:04 UTC</createdTime>
<ownerDesignName>TXEB_BPM_Semantic_data_model_diagram</ownerDesignName>
<nameHasQuotes>true</nameHasQuotes>
</ColumnProxy>
<ColumnProxy name="Generic Field 4" id="C3FE2257-7C2E-6973-E6F8-BADC0D14AFC0">
<createdBy>mb56142</createdBy>
<createdTime>2014-06-25 01:57:04 UTC</createdTime>
<ownerDesignName>TXEB_BPM_Semantic_data_model_diagram</ownerDesignName>
<nameHasQuotes>true</nameHasQuotes>
</ColumnProxy>
<ColumnProxy name="Action Type" id="C65835FA-60D5-8899-068F-9169F8F8CA2A">
<createdBy>mb56142</createdBy>
<createdTime>2014-06-25 01:57:03 UTC</createdTime>
<ownerDesignName>TXEB_BPM_Semantic_data_model_diagram</ownerDesignName>
<nameHasQuotes>true</nameHasQuotes>
</ColumnProxy>
<ColumnProxy name="About Provider ID" id="C73640E0-0BEF-D145-515B-25411E338585">
<createdBy>mb56142</createdBy>
<createdTime>2014-06-25 01:57:03 UTC</createdTime>
<ownerDesignName>TXEB_BPM_Semantic_data_model_diagram</ownerDesignName>
<nameHasQuotes>true</nameHasQuotes>
</ColumnProxy>
<ColumnProxy name="Complete Date" id="C74BCB44-6211-7017-3B61-DF83C520880D">
<createdBy>mb56142</createdBy>
<createdTime>2014-06-25 01:57:03 UTC</createdTime>
<ownerDesignName>TXEB_BPM_Semantic_data_model_diagram</ownerDesignName>
<nameHasQuotes>true</nameHasQuotes>
</ColumnProxy>
<ColumnProxy name="Age in Business Days" id="D13FD0D6-9A6E-E2DA-8710-427A2A17B487">
<createdBy>mb56142</createdBy>
<createdTime>2014-06-25 01:57:02 UTC</createdTime>
<ownerDesignName>TXEB_BPM_Semantic_data_model_diagram</ownerDesignName>
<nameHasQuotes>true</nameHasQuotes>
</ColumnProxy>
<ColumnProxy name="Cur Incident Status Date" id="D551D6E9-AC0E-659B-1E10-71E808CAB645">
<createdBy>mb56142</createdBy>
<createdTime>2014-06-25 01:57:03 UTC</createdTime>
<ownerDesignName>TXEB_BPM_Semantic_data_model_diagram</ownerDesignName>
<nameHasQuotes>true</nameHasQuotes>
</ColumnProxy>
<ColumnProxy name="Cancel Date" id="DC55028B-044F-4EAD-7FAB-675031E0BDC0">
<createdBy>mb56142</createdBy>
<createdTime>2014-06-25 01:57:03 UTC</createdTime>
<ownerDesignName>TXEB_BPM_Semantic_data_model_diagram</ownerDesignName>
<nameHasQuotes>true</nameHasQuotes>
</ColumnProxy>
<ColumnProxy name="REPORTER_NAME" id="E3A9E782-287B-473D-129E-0B8D04609177">
<createdBy>mb56142</createdBy>
<createdTime>2014-06-25 01:57:04 UTC</createdTime>
<ownerDesignName>TXEB_BPM_Semantic_data_model_diagram</ownerDesignName>
</ColumnProxy>
<ColumnProxy name="Status Age in Business Days" id="E51EC953-65FC-2BD8-4C63-58625A3AFD5B">
<createdBy>mb56142</createdBy>
<createdTime>2014-06-25 01:57:03 UTC</createdTime>
<ownerDesignName>TXEB_BPM_Semantic_data_model_diagram</ownerDesignName>
<nameHasQuotes>true</nameHasQuotes>
</ColumnProxy>
<ColumnProxy name="COUNTY_CODE" id="E6874ACF-6EDD-9056-E127-C477AC8C816E">
<createdBy>mb56142</createdBy>
<createdTime>2014-06-25 01:57:04 UTC</createdTime>
<ownerDesignName>TXEB_BPM_Semantic_data_model_diagram</ownerDesignName>
</ColumnProxy>
<ColumnProxy name="Reporter Name" id="EAD3984C-B0CB-8221-026D-3BC71DE2AF1C">
<createdBy>mb56142</createdBy>
<createdTime>2014-06-25 01:57:04 UTC</createdTime>
<ownerDesignName>TXEB_BPM_Semantic_data_model_diagram</ownerDesignName>
<nameHasQuotes>true</nameHasQuotes>
</ColumnProxy>
<ColumnProxy name="Selection ID" id="EC8848E3-83D0-1FA6-832A-23299F67DD14">
<createdBy>mb56142</createdBy>
<createdTime>2014-06-25 01:57:03 UTC</createdTime>
<ownerDesignName>TXEB_BPM_Semantic_data_model_diagram</ownerDesignName>
<nameHasQuotes>true</nameHasQuotes>
</ColumnProxy>
<ColumnProxy name="Generic Field 3" id="EC9D5A44-D020-BA58-7A8D-EA654342C3D2">
<createdBy>mb56142</createdBy>
<createdTime>2014-06-25 01:57:04 UTC</createdTime>
<ownerDesignName>TXEB_BPM_Semantic_data_model_diagram</ownerDesignName>
<nameHasQuotes>true</nameHasQuotes>
</ColumnProxy>
<ColumnProxy name="Notify Client Flag" id="EFC72111-1DD2-500F-0F2C-6C442E1FE744">
<createdBy>mb56142</createdBy>
<createdTime>2014-06-25 01:57:03 UTC</createdTime>
<ownerDesignName>TXEB_BPM_Semantic_data_model_diagram</ownerDesignName>
<nameHasQuotes>true</nameHasQuotes>
</ColumnProxy>
<ColumnProxy name="Receipt Date" id="F0F924EB-4DBB-ADFD-AF07-083B710A208F">
<createdBy>mb56142</createdBy>
<createdTime>2014-06-25 01:57:02 UTC</createdTime>
<ownerDesignName>TXEB_BPM_Semantic_data_model_diagram</ownerDesignName>
<nameHasQuotes>true</nameHasQuotes>
</ColumnProxy>
<ColumnProxy name="Age in Calendar Days" id="FBA33361-4A88-18EE-096E-9DF632DF6979">
<createdBy>mb56142</createdBy>
<createdTime>2014-06-25 01:57:03 UTC</createdTime>
<ownerDesignName>TXEB_BPM_Semantic_data_model_diagram</ownerDesignName>
<nameHasQuotes>true</nameHasQuotes>
</ColumnProxy>
</columnProxies>
<primaryKeys>
<PrimaryKey class="oracle.dbtools.crest.model.design.storage.oracle.v10g.PKProxyOraclev10g" name="DPICUR_PK" id="C4A744E4-4607-4D3E-E8C1-05102F7008E5">
<createdBy>mb56142</createdBy>
<createdTime>2014-06-25 01:57:07 UTC</createdTime>
<ownerDesignName>TXEB_BPM_Semantic_data_model_diagram</ownerDesignName>
<segment>004D47FE-86B3-05E6-C429-34018ED24267</segment>
<tableSpace>642E83AF-B691-22DC-5B5D-10BC6C17C55A</tableSpace>
<existingIndex>CED5242D-53B8-8191-A552-556C367D5DBA</existingIndex>
<indexSegment>004D47FE-86B3-05E6-C429-34018ED24267</indexSegment>
<indexSort>SORTED</indexSort>
<usingIndex>BY INDEX NAME</usingIndex>
</PrimaryKey>
</primaryKeys>
</TableProxyOraclev11g>