<?xml version = '1.0' encoding = 'UTF-8'?>
<TableProxyOraclev11g class="oracle.dbtools.crest.model.design.storage.oracle.v11g.TableProxyOraclev11g" name="D_SCID_CURRENT" directorySegmentName="seg_0" id="E0E2CD26-B041-8B15-4581-D39714DF6160">
<createdBy>mb56142</createdBy>
<createdTime>2014-06-24 01:16:36 UTC</createdTime>
<ownerDesignName>TXEB_BPM_Semantic_data_model_diagram</ownerDesignName>
<schemaObject>121AEE1F-FD79-403A-F17D-FF8859EA2228</schemaObject>
<logging>YES</logging>
<partitionedRowMovement>DISABLE</partitionedRowMovement>
<temporaryChanged>false</temporaryChanged>
<indexProxies>
<IndexProxy class="oracle.dbtools.crest.model.design.storage.oracle.v10g.IndexProxyOraclev10g" name="DSCIDCUR_UIX1" id="7DC1A1B3-5C6D-22BA-6753-C6C52257A59C">
<createdBy>mb56142</createdBy>
<createdTime>2014-06-24 01:16:36 UTC</createdTime>
<ownerDesignName>TXEB_BPM_Semantic_data_model_diagram</ownerDesignName>
<schemaObject>121AEE1F-FD79-403A-F17D-FF8859EA2228</schemaObject>
</IndexProxy>
</indexProxies>
<columnProxies itemClass="oracle.dbtools.crest.model.design.storage.oracle.v12c.ColumnProxyOraclev12c">
<ColumnProxy name="PROGRAM" id="2E47CD77-0B25-039D-397B-7F30C15E25A1">
<createdBy>mb56142</createdBy>
<createdTime>2014-06-24 01:16:36 UTC</createdTime>
<ownerDesignName>TXEB_BPM_Semantic_data_model_diagram</ownerDesignName>
</ColumnProxy>
<ColumnProxy name="SCID_BI_ID" id="3D2156E2-7EB3-0B08-A3CA-0D9D60C56DC1">
<createdBy>mb56142</createdBy>
<createdTime>2014-06-24 01:16:36 UTC</createdTime>
<ownerDesignName>TXEB_BPM_Semantic_data_model_diagram</ownerDesignName>
</ColumnProxy>
<ColumnProxy name="CONTACT_RECORD_LINK_ID" id="4B0ABDC4-E862-9BFC-E30C-22E25B97A430">
<createdBy>mb56142</createdBy>
<createdTime>2014-06-24 01:16:36 UTC</createdTime>
<ownerDesignName>TXEB_BPM_Semantic_data_model_diagram</ownerDesignName>
</ColumnProxy>
<ColumnProxy name="CASE_ID" id="602CEFC7-CBA4-6B45-7478-E502BB775D9F">
<createdBy>mb56142</createdBy>
<createdTime>2014-06-24 01:16:36 UTC</createdTime>
<ownerDesignName>TXEB_BPM_Semantic_data_model_diagram</ownerDesignName>
</ColumnProxy>
<ColumnProxy name="CLIENT_ID" id="7416954E-BF50-1D81-B5E8-0E9FB5139B12">
<createdBy>mb56142</createdBy>
<createdTime>2014-06-24 01:16:36 UTC</createdTime>
<ownerDesignName>TXEB_BPM_Semantic_data_model_diagram</ownerDesignName>
</ColumnProxy>
<ColumnProxy name="SUBPROGRAM" id="CDF582BB-B73D-DFE6-197E-C9AD2D8B8EF3">
<createdBy>mb56142</createdBy>
<createdTime>2014-06-24 01:16:36 UTC</createdTime>
<ownerDesignName>TXEB_BPM_Semantic_data_model_diagram</ownerDesignName>
</ColumnProxy>
</columnProxies>
<primaryKeys>
<PrimaryKey class="oracle.dbtools.crest.model.design.storage.oracle.v10g.PKProxyOraclev10g" name="DSCIDCUR_PK" id="C978D2B4-6F9B-9341-2A4C-5D12A9979330">
<createdBy>mb56142</createdBy>
<createdTime>2014-06-24 01:16:36 UTC</createdTime>
<ownerDesignName>TXEB_BPM_Semantic_data_model_diagram</ownerDesignName>
<schemaObject>121AEE1F-FD79-403A-F17D-FF8859EA2228</schemaObject>
<indexSort>SORTED</indexSort>
</PrimaryKey>
</primaryKeys>
</TableProxyOraclev11g>