<?xml version = '1.0' encoding = 'UTF-8'?>
<TableProxyOraclev11g class="oracle.dbtools.crest.model.design.storage.oracle.v11g.TableProxyOraclev11g" name="D_MW_OWNER" directorySegmentName="seg_0" id="F8E1586C-C590-62D4-511B-9D426325A5F1">
<createdBy>mb56142</createdBy>
<createdTime>2014-06-24 01:39:52 UTC</createdTime>
<ownerDesignName>TXEB_BPM_Semantic_data_model_diagram</ownerDesignName>
<schemaObject>121AEE1F-FD79-403A-F17D-FF8859EA2228</schemaObject>
<logging>YES</logging>
<partitionedRowMovement>DISABLE</partitionedRowMovement>
<segment>5EBDB890-BCE9-79FC-60ED-CB550A579DD9</segment>
<tableSpace>6560DC7E-F38B-CE25-B481-D9F08410DEF2</tableSpace>
<temporaryChanged>false</temporaryChanged>
<indexProxies>
<IndexProxy class="oracle.dbtools.crest.model.design.storage.oracle.v10g.IndexProxyOraclev10g" name="DMWO_UIX1" id="43BA3E5C-7F54-2D37-6748-E1AE4AF44AEB">
<createdBy>mb56142</createdBy>
<createdTime>2014-06-24 01:39:53 UTC</createdTime>
<ownerDesignName>TXEB_BPM_Semantic_data_model_diagram</ownerDesignName>
<schemaObject>121AEE1F-FD79-403A-F17D-FF8859EA2228</schemaObject>
<parallel>YES</parallel>
<segment>2729010F-E1CF-C120-8F90-87D2FE39B2D0</segment>
<tableSpace>23FF6B16-BFF5-D978-D7A1-98D117D1467C</tableSpace>
</IndexProxy>
<IndexProxy class="oracle.dbtools.crest.model.design.storage.oracle.v10g.IndexProxyOraclev10g" name="DMWO_PK" id="95B4AB7D-1A7E-B23D-96D3-0730C3AB862E">
<createdBy>mb56142</createdBy>
<createdTime>2014-06-24 01:39:53 UTC</createdTime>
<ownerDesignName>TXEB_BPM_Semantic_data_model_diagram</ownerDesignName>
<schemaObject>121AEE1F-FD79-403A-F17D-FF8859EA2228</schemaObject>
<parallel>YES</parallel>
<segment>2729010F-E1CF-C120-8F90-87D2FE39B2D0</segment>
<tableSpace>23FF6B16-BFF5-D978-D7A1-98D117D1467C</tableSpace>
</IndexProxy>
</indexProxies>
<columnProxies itemClass="oracle.dbtools.crest.model.design.storage.oracle.v12c.ColumnProxyOraclev12c">
<ColumnProxy name="DMWO_ID" id="4BAC8A75-CE06-9F63-1724-D7B5717DFDD9">
<createdBy>mb56142</createdBy>
<createdTime>2014-06-24 01:39:53 UTC</createdTime>
<ownerDesignName>TXEB_BPM_Semantic_data_model_diagram</ownerDesignName>
</ColumnProxy>
<ColumnProxy name="Owner Name" id="78F54A02-04A2-7472-399F-950542F69F23">
<createdBy>mb56142</createdBy>
<createdTime>2014-06-24 01:39:53 UTC</createdTime>
<ownerDesignName>TXEB_BPM_Semantic_data_model_diagram</ownerDesignName>
<nameHasQuotes>true</nameHasQuotes>
</ColumnProxy>
</columnProxies>
<primaryKeys>
<PrimaryKey class="oracle.dbtools.crest.model.design.storage.oracle.v10g.PKProxyOraclev10g" name="DMWO_PK" id="FB125A31-C172-994B-29C3-AA9EBAE91A4F">
<createdBy>mb56142</createdBy>
<createdTime>2014-06-24 01:39:53 UTC</createdTime>
<ownerDesignName>TXEB_BPM_Semantic_data_model_diagram</ownerDesignName>
<segment>2729010F-E1CF-C120-8F90-87D2FE39B2D0</segment>
<tableSpace>23FF6B16-BFF5-D978-D7A1-98D117D1467C</tableSpace>
<existingIndex>95B4AB7D-1A7E-B23D-96D3-0730C3AB862E</existingIndex>
<indexSegment>2729010F-E1CF-C120-8F90-87D2FE39B2D0</indexSegment>
<indexSort>SORTED</indexSort>
<usingIndex>BY INDEX NAME</usingIndex>
</PrimaryKey>
</primaryKeys>
</TableProxyOraclev11g>