<?xml version = '1.0' encoding = 'UTF-8'?>
<TableProxyOraclev11g class="oracle.dbtools.crest.model.design.storage.oracle.v11g.TableProxyOraclev11g" name="D_PL_CURRENT" directorySegmentName="seg_0" id="FC36493F-9561-84AA-F75A-1CC2567D9F2F">
<createdBy>mb56142</createdBy>
<createdTime>2014-06-24 19:29:13 UTC</createdTime>
<ownerDesignName>TXEB_BPM_Semantic_data_model_diagram</ownerDesignName>
<schemaObject>121AEE1F-FD79-403A-F17D-FF8859EA2228</schemaObject>
<logging>YES</logging>
<parallel>YES</parallel>
<partitionedRowMovement>DISABLE</partitionedRowMovement>
<segment>B5FE8622-BF88-CE1B-9D2B-689FFEEE1115</segment>
<tableSpace>85438061-276A-D915-6793-875F1921F4A8</tableSpace>
<temporaryChanged>false</temporaryChanged>
<indexProxies>
<IndexProxy class="oracle.dbtools.crest.model.design.storage.oracle.v10g.IndexProxyOraclev10g" name="DPLCUR_UIX1" id="78FAC884-ACB4-246B-913E-D83AC3F44C87">
<createdBy>mb56142</createdBy>
<createdTime>2014-06-24 19:29:15 UTC</createdTime>
<ownerDesignName>TXEB_BPM_Semantic_data_model_diagram</ownerDesignName>
<schemaObject>121AEE1F-FD79-403A-F17D-FF8859EA2228</schemaObject>
<parallel>YES</parallel>
<segment>ED1AF6A3-6C3F-61F1-888E-B215E95424F2</segment>
<tableSpace>23BDD7D1-3D79-7714-97E8-B0A861307B2A</tableSpace>
</IndexProxy>
<IndexProxy class="oracle.dbtools.crest.model.design.storage.oracle.v10g.IndexProxyOraclev10g" name="DPLCUR_PK" id="B736D72E-A6B8-9534-BF5B-6287786756FA">
<createdBy>mb56142</createdBy>
<createdTime>2014-06-24 19:29:16 UTC</createdTime>
<ownerDesignName>TXEB_BPM_Semantic_data_model_diagram</ownerDesignName>
<schemaObject>121AEE1F-FD79-403A-F17D-FF8859EA2228</schemaObject>
<parallel>YES</parallel>
<segment>ED1AF6A3-6C3F-61F1-888E-B215E95424F2</segment>
<tableSpace>23BDD7D1-3D79-7714-97E8-B0A861307B2A</tableSpace>
</IndexProxy>
</indexProxies>
<columnProxies itemClass="oracle.dbtools.crest.model.design.storage.oracle.v12c.ColumnProxyOraclev12c">
<ColumnProxy name="LETTER_STATUS" id="0A86B64E-CDCA-73EC-667D-9B50FEB39D27">
<createdBy>mb56142</createdBy>
<createdTime>2014-06-24 19:29:14 UTC</createdTime>
<ownerDesignName>TXEB_BPM_Semantic_data_model_diagram</ownerDesignName>
</ColumnProxy>
<ColumnProxy name="INSTANCE_STATUS" id="0C97DE1A-B8DE-A6DE-F304-55FE82EB27F5">
<createdBy>mb56142</createdBy>
<createdTime>2014-06-24 19:29:14 UTC</createdTime>
<ownerDesignName>TXEB_BPM_Semantic_data_model_diagram</ownerDesignName>
</ColumnProxy>
<ColumnProxy name="COMPLETE_DATE" id="0E1E84C8-3AB8-ADF4-512A-0F97159BAAFE">
<createdBy>mb56142</createdBy>
<createdTime>2014-06-24 19:29:14 UTC</createdTime>
<ownerDesignName>TXEB_BPM_Semantic_data_model_diagram</ownerDesignName>
</ColumnProxy>
<ColumnProxy name="REPRINT" id="0EBB4453-6EE2-69E3-A189-290102B41A2C">
<createdBy>mb56142</createdBy>
<createdTime>2014-06-24 19:29:14 UTC</createdTime>
<ownerDesignName>TXEB_BPM_Semantic_data_model_diagram</ownerDesignName>
</ColumnProxy>
<ColumnProxy name="TRANSMITTED_FILE_NAME" id="15810F9E-DC39-2082-49C1-28F91F5D95AF">
<createdBy>mb56142</createdBy>
<createdTime>2014-06-24 19:29:14 UTC</createdTime>
<ownerDesignName>TXEB_BPM_Semantic_data_model_diagram</ownerDesignName>
</ColumnProxy>
<ColumnProxy name="CANCEL_METHOD" id="15BAC619-77CB-52B3-E6CB-7F8259CDFE6E">
<createdBy>mb56142</createdBy>
<createdTime>2014-06-24 19:29:14 UTC</createdTime>
<ownerDesignName>TXEB_BPM_Semantic_data_model_diagram</ownerDesignName>
</ColumnProxy>
<ColumnProxy name="VALIDATION_FLAG" id="1F1B5F96-BFB7-5914-D86F-B0A880D9F292">
<createdBy>mb56142</createdBy>
<createdTime>2014-06-24 19:29:14 UTC</createdTime>
<ownerDesignName>TXEB_BPM_Semantic_data_model_diagram</ownerDesignName>
</ColumnProxy>
<ColumnProxy name="SLA_JEOPARDY_DAYS" id="20796296-25E7-8C5D-08A1-0EE7659BF4F6">
<createdBy>mb56142</createdBy>
<createdTime>2014-06-24 19:29:14 UTC</createdTime>
<ownerDesignName>TXEB_BPM_Semantic_data_model_diagram</ownerDesignName>
</ColumnProxy>
<ColumnProxy name="AGE_IN_CALENDAR_DAYS" id="2164D526-0431-2780-E0EB-2B5B7FCCA2A3">
<createdBy>mb56142</createdBy>
<createdTime>2014-06-24 19:29:14 UTC</createdTime>
<ownerDesignName>TXEB_BPM_Semantic_data_model_diagram</ownerDesignName>
</ColumnProxy>
<ColumnProxy name="MAILED_DATE" id="21BD9ECC-8249-E45E-8DCA-FF350C95F746">
<createdBy>mb56142</createdBy>
<createdTime>2014-06-24 19:29:14 UTC</createdTime>
<ownerDesignName>TXEB_BPM_Semantic_data_model_diagram</ownerDesignName>
</ColumnProxy>
<ColumnProxy name="PL_BI_ID" id="2812E974-9197-EBE1-FBD4-B62C57475187">
<createdBy>mb56142</createdBy>
<createdTime>2014-06-24 19:29:14 UTC</createdTime>
<ownerDesignName>TXEB_BPM_Semantic_data_model_diagram</ownerDesignName>
</ColumnProxy>
<ColumnProxy name="LANGUAGE" id="2A047B75-117B-C6A1-91CD-99CCFDC7C7DE">
<createdBy>mb56142</createdBy>
<createdTime>2014-06-24 19:29:14 UTC</createdTime>
<ownerDesignName>TXEB_BPM_Semantic_data_model_diagram</ownerDesignName>
</ColumnProxy>
<ColumnProxy name="LETTER_RESPONSE_FILE_DATE" id="2CEE8C53-E85E-0365-F0C9-3A323EBEC001">
<createdBy>mb56142</createdBy>
<createdTime>2014-06-24 19:29:14 UTC</createdTime>
<ownerDesignName>TXEB_BPM_Semantic_data_model_diagram</ownerDesignName>
</ColumnProxy>
<ColumnProxy name="NEWBORN_FLAG" id="2D660EA1-3E74-F286-7EE9-58A2181F6996">
<createdBy>mb56142</createdBy>
<createdTime>2014-06-24 19:29:14 UTC</createdTime>
<ownerDesignName>TXEB_BPM_Semantic_data_model_diagram</ownerDesignName>
</ColumnProxy>
<ColumnProxy name="SLA_DAYS" id="32BE3806-C4AD-02F2-5B01-51148C47C20D">
<createdBy>mb56142</createdBy>
<createdTime>2014-06-24 19:29:14 UTC</createdTime>
<ownerDesignName>TXEB_BPM_Semantic_data_model_diagram</ownerDesignName>
</ColumnProxy>
<ColumnProxy name="LETTER_TYPE" id="3350DB89-8734-2D77-4B79-AFE7BF2609A9">
<createdBy>mb56142</createdBy>
<createdTime>2014-06-24 19:29:14 UTC</createdTime>
<ownerDesignName>TXEB_BPM_Semantic_data_model_diagram</ownerDesignName>
</ColumnProxy>
<ColumnProxy name="WORK_REQUIRED_FLAG" id="3E037142-2F73-6F3E-327C-759E4F2867CD">
<createdBy>mb56142</createdBy>
<createdTime>2014-06-24 19:29:14 UTC</createdTime>
<ownerDesignName>TXEB_BPM_Semantic_data_model_diagram</ownerDesignName>
</ColumnProxy>
<ColumnProxy name="REQUEST_DRIVER_TYPE" id="3E44468F-D7D5-95BA-D2E8-1EE08AF6B5AD">
<createdBy>mb56142</createdBy>
<createdTime>2014-06-24 19:29:14 UTC</createdTime>
<ownerDesignName>TXEB_BPM_Semantic_data_model_diagram</ownerDesignName>
</ColumnProxy>
<ColumnProxy name="PROCESS_LTR_REQUEST_START_DATE" id="423A2C18-4A84-3252-B0E7-C68CCD9E6265">
<createdBy>mb56142</createdBy>
<createdTime>2014-06-24 19:29:14 UTC</createdTime>
<ownerDesignName>TXEB_BPM_Semantic_data_model_diagram</ownerDesignName>
</ColumnProxy>
<ColumnProxy name="LAST_UPDATE_DATE" id="43D47CEA-D3B9-C919-191F-56156382726F">
<createdBy>mb56142</createdBy>
<createdTime>2014-06-24 19:29:14 UTC</createdTime>
<ownerDesignName>TXEB_BPM_Semantic_data_model_diagram</ownerDesignName>
</ColumnProxy>
<ColumnProxy name="CREATE_ROUTE_WORK_FLAG" id="4A155E0C-9824-4AB6-25FA-BA524584EDF2">
<createdBy>mb56142</createdBy>
<createdTime>2014-06-24 19:29:14 UTC</createdTime>
<ownerDesignName>TXEB_BPM_Semantic_data_model_diagram</ownerDesignName>
</ColumnProxy>
<ColumnProxy name="RECEIVE_CONFIRM_START_DATE" id="61862A00-8E35-641A-3631-6B3F114C8460">
<createdBy>mb56142</createdBy>
<createdTime>2014-06-24 19:29:14 UTC</createdTime>
<ownerDesignName>TXEB_BPM_Semantic_data_model_diagram</ownerDesignName>
</ColumnProxy>
<ColumnProxy name="REQUEST_ERROR_REASON" id="6758BDBA-60A5-A13A-AF1E-EA0A3B635AA7">
<createdBy>mb56142</createdBy>
<createdTime>2014-06-24 19:29:14 UTC</createdTime>
<ownerDesignName>TXEB_BPM_Semantic_data_model_diagram</ownerDesignName>
</ColumnProxy>
<ColumnProxy name="SLA_CATEGORY" id="67F2B32F-159B-A223-6822-9EA6BDCF9773">
<createdBy>mb56142</createdBy>
<createdTime>2014-06-24 19:29:14 UTC</createdTime>
<ownerDesignName>TXEB_BPM_Semantic_data_model_diagram</ownerDesignName>
</ColumnProxy>
<ColumnProxy name="CANCEL_REASON" id="6ACA68E7-CDD0-CB63-AE43-24466B075737">
<createdBy>mb56142</createdBy>
<createdTime>2014-06-24 19:29:14 UTC</createdTime>
<ownerDesignName>TXEB_BPM_Semantic_data_model_diagram</ownerDesignName>
</ColumnProxy>
<ColumnProxy name="PRINT_DATE" id="6C442A85-91C1-C16A-18C1-B3CFB88FA027">
<createdBy>mb56142</createdBy>
<createdTime>2014-06-24 19:29:14 UTC</createdTime>
<ownerDesignName>TXEB_BPM_Semantic_data_model_diagram</ownerDesignName>
</ColumnProxy>
<ColumnProxy name="SEND_TO_MAIL_HOUSE_START_DATE" id="6CDD1844-C0DA-81A4-4AD1-B365239391E6">
<createdBy>mb56142</createdBy>
<createdTime>2014-06-24 19:29:14 UTC</createdTime>
<ownerDesignName>TXEB_BPM_Semantic_data_model_diagram</ownerDesignName>
</ColumnProxy>
<ColumnProxy name="ZIP_CODE" id="6D2FF32D-3DFD-E047-5EE3-5679E7C8CBCA">
<createdBy>mb56142</createdBy>
<createdTime>2014-06-24 19:29:14 UTC</createdTime>
<ownerDesignName>TXEB_BPM_Semantic_data_model_diagram</ownerDesignName>
</ColumnProxy>
<ColumnProxy name="REQUEST_DATE" id="6FAC9F85-7606-5D94-2D4B-6CB7CA886162">
<createdBy>mb56142</createdBy>
<createdTime>2014-06-24 19:29:14 UTC</createdTime>
<ownerDesignName>TXEB_BPM_Semantic_data_model_diagram</ownerDesignName>
</ColumnProxy>
<ColumnProxy name="LAST_UPDATED_BY_NAME" id="76189E85-C6C7-A0FA-894A-8FE076804D8E">
<createdBy>mb56142</createdBy>
<createdTime>2014-06-24 19:29:14 UTC</createdTime>
<ownerDesignName>TXEB_BPM_Semantic_data_model_diagram</ownerDesignName>
</ColumnProxy>
<ColumnProxy name="TRANSMIT_FLAG" id="7BC2C89A-1F65-BB3A-346A-FF4ED04A3EEA">
<createdBy>mb56142</createdBy>
<createdTime>2014-06-24 19:29:14 UTC</createdTime>
<ownerDesignName>TXEB_BPM_Semantic_data_model_diagram</ownerDesignName>
</ColumnProxy>
<ColumnProxy name="TASK_ID" id="7DB684D0-4D71-53CC-E88E-F9FC5E1BDAFE">
<createdBy>mb56142</createdBy>
<createdTime>2014-06-24 19:29:14 UTC</createdTime>
<ownerDesignName>TXEB_BPM_Semantic_data_model_diagram</ownerDesignName>
</ColumnProxy>
<ColumnProxy name="LETTER_STATUS_DATE" id="8317B738-C0DA-E157-5E76-D6064C42CBC4">
<createdBy>mb56142</createdBy>
<createdTime>2014-06-24 19:29:14 UTC</createdTime>
<ownerDesignName>TXEB_BPM_Semantic_data_model_diagram</ownerDesignName>
</ColumnProxy>
<ColumnProxy name="OUTCOME_FLAG" id="89C039FD-01A0-5503-3C7E-F446F18AF5E9">
<createdBy>mb56142</createdBy>
<createdTime>2014-06-24 19:29:14 UTC</createdTime>
<ownerDesignName>TXEB_BPM_Semantic_data_model_diagram</ownerDesignName>
</ColumnProxy>
<ColumnProxy name="CREATE_ROUTE_WORK_START_DATE" id="8A839E3A-9423-3826-6FFB-DA4E4E57FAB0">
<createdBy>mb56142</createdBy>
<createdTime>2014-06-24 19:29:14 UTC</createdTime>
<ownerDesignName>TXEB_BPM_Semantic_data_model_diagram</ownerDesignName>
</ColumnProxy>
<ColumnProxy name="CREATE_DATE" id="922C145D-E7D8-D97D-6F81-956499C12390">
<createdBy>mb56142</createdBy>
<createdTime>2014-06-24 19:29:14 UTC</createdTime>
<ownerDesignName>TXEB_BPM_Semantic_data_model_diagram</ownerDesignName>
</ColumnProxy>
<ColumnProxy name="PROCESS_LETTERS_FLAG" id="98A82481-F24F-B9DF-8929-BF47E3F591E7">
<createdBy>mb56142</createdBy>
<createdTime>2014-06-24 19:29:14 UTC</createdTime>
<ownerDesignName>TXEB_BPM_Semantic_data_model_diagram</ownerDesignName>
</ColumnProxy>
<ColumnProxy name="TIMELINESS_STATUS" id="9C65D9F6-6811-50C7-D0E4-F6855EFA1321">
<createdBy>mb56142</createdBy>
<createdTime>2014-06-24 19:29:14 UTC</createdTime>
<ownerDesignName>TXEB_BPM_Semantic_data_model_diagram</ownerDesignName>
</ColumnProxy>
<ColumnProxy name="SLA_JEOPARDY_DATE" id="9D596814-7DA9-B5BC-86E3-DE8CEC209EF7">
<createdBy>mb56142</createdBy>
<createdTime>2014-06-24 19:29:14 UTC</createdTime>
<ownerDesignName>TXEB_BPM_Semantic_data_model_diagram</ownerDesignName>
</ColumnProxy>
<ColumnProxy name="REQUEST_DRIVER_TABLE" id="9F1A39F4-DBE1-B882-46C6-7E76CCA367C7">
<createdBy>mb56142</createdBy>
<createdTime>2014-06-24 19:29:14 UTC</createdTime>
<ownerDesignName>TXEB_BPM_Semantic_data_model_diagram</ownerDesignName>
</ColumnProxy>
<ColumnProxy name="COUNTY_CODE" id="A1826BFC-3179-A517-EA3E-67568F7EFD53">
<createdBy>mb56142</createdBy>
<createdTime>2014-06-24 19:29:14 UTC</createdTime>
<ownerDesignName>TXEB_BPM_Semantic_data_model_diagram</ownerDesignName>
</ColumnProxy>
<ColumnProxy name="LETTER_REQUEST_ID" id="A1B4D7F3-AEC5-C217-C7EF-C9F8838E9398">
<createdBy>mb56142</createdBy>
<createdTime>2014-06-24 19:29:14 UTC</createdTime>
<ownerDesignName>TXEB_BPM_Semantic_data_model_diagram</ownerDesignName>
</ColumnProxy>
<ColumnProxy name="CONFIRMATION_FLAG" id="A5C5217F-E60E-D9C2-8C31-574237DCFA6E">
<createdBy>mb56142</createdBy>
<createdTime>2014-06-24 19:29:14 UTC</createdTime>
<ownerDesignName>TXEB_BPM_Semantic_data_model_diagram</ownerDesignName>
</ColumnProxy>
<ColumnProxy name="RECEIVE_CONFIRM_END_DATE" id="A7B021BF-0CA5-73EC-F2F6-BDD4FBDACF75">
<createdBy>mb56142</createdBy>
<createdTime>2014-06-24 19:29:14 UTC</createdTime>
<ownerDesignName>TXEB_BPM_Semantic_data_model_diagram</ownerDesignName>
</ColumnProxy>
<ColumnProxy name="RETURN_DATE" id="AA9BCD23-2531-4966-2FF4-A9A81A701B14">
<createdBy>mb56142</createdBy>
<createdTime>2014-06-24 19:29:14 UTC</createdTime>
<ownerDesignName>TXEB_BPM_Semantic_data_model_diagram</ownerDesignName>
</ColumnProxy>
<ColumnProxy name="RETURN_REASON" id="B08D39D6-04CC-46D5-1154-D32EBEDFFA75">
<createdBy>mb56142</createdBy>
<createdTime>2014-06-24 19:29:14 UTC</createdTime>
<ownerDesignName>TXEB_BPM_Semantic_data_model_diagram</ownerDesignName>
</ColumnProxy>
<ColumnProxy name="AGE_IN_BUSINESS_DAYS" id="B5EE22C4-A51E-24A7-AF7D-2711C0A3F510">
<createdBy>mb56142</createdBy>
<createdTime>2014-06-24 19:29:14 UTC</createdTime>
<ownerDesignName>TXEB_BPM_Semantic_data_model_diagram</ownerDesignName>
</ColumnProxy>
<ColumnProxy name="TRANSMITTED_FILE_DATE" id="BA9FFBDC-99F0-18A0-C663-643BCEDF8804">
<createdBy>mb56142</createdBy>
<createdTime>2014-06-24 19:29:14 UTC</createdTime>
<ownerDesignName>TXEB_BPM_Semantic_data_model_diagram</ownerDesignName>
</ColumnProxy>
<ColumnProxy name="CANCEL_BY" id="BF0D5540-1D24-493C-0F72-DA280D121ED9">
<createdBy>mb56142</createdBy>
<createdTime>2014-06-24 19:29:14 UTC</createdTime>
<ownerDesignName>TXEB_BPM_Semantic_data_model_diagram</ownerDesignName>
</ColumnProxy>
<ColumnProxy name="LETTER_RESPONSE_FILE_NAME" id="C0DB198C-4E6B-F949-E87F-B13C12885F65">
<createdBy>mb56142</createdBy>
<createdTime>2014-06-24 19:29:14 UTC</createdTime>
<ownerDesignName>TXEB_BPM_Semantic_data_model_diagram</ownerDesignName>
</ColumnProxy>
<ColumnProxy name="SOURCE_COMPLETE_DATE" id="C87E6855-3F94-DD59-3CD1-0CFD79D536C0">
<createdBy>mb56142</createdBy>
<createdTime>2014-06-24 19:29:14 UTC</createdTime>
<ownerDesignName>TXEB_BPM_Semantic_data_model_diagram</ownerDesignName>
</ColumnProxy>
<ColumnProxy name="PROCESS_LTR_REQUEST_END_DATE" id="C966CE92-0668-4387-1D3A-FE2F7274F40C">
<createdBy>mb56142</createdBy>
<createdTime>2014-06-24 19:29:14 UTC</createdTime>
<ownerDesignName>TXEB_BPM_Semantic_data_model_diagram</ownerDesignName>
</ColumnProxy>
<ColumnProxy name="CREATE_ROUTE_WORK_END_DATE" id="CDEF2C37-FE56-C7A7-55FB-3B0ACA6AF121">
<createdBy>mb56142</createdBy>
<createdTime>2014-06-24 19:29:14 UTC</createdTime>
<ownerDesignName>TXEB_BPM_Semantic_data_model_diagram</ownerDesignName>
</ColumnProxy>
<ColumnProxy name="JEOPARDY_STATUS" id="E11D9F6F-3995-299C-DDDD-90862924CF70">
<createdBy>mb56142</createdBy>
<createdTime>2014-06-24 19:29:14 UTC</createdTime>
<ownerDesignName>TXEB_BPM_Semantic_data_model_diagram</ownerDesignName>
</ColumnProxy>
<ColumnProxy name="SLA_TARGET_DAYS" id="E296ACD7-1FC6-A504-4163-CA6466739062">
<createdBy>mb56142</createdBy>
<createdTime>2014-06-24 19:29:14 UTC</createdTime>
<ownerDesignName>TXEB_BPM_Semantic_data_model_diagram</ownerDesignName>
</ColumnProxy>
<ColumnProxy name="SLA_DAYS_TYPE" id="E56BA09A-30E0-5254-A1A3-00368C627444">
<createdBy>mb56142</createdBy>
<createdTime>2014-06-24 19:29:14 UTC</createdTime>
<ownerDesignName>TXEB_BPM_Semantic_data_model_diagram</ownerDesignName>
</ColumnProxy>
<ColumnProxy name="CASE_ID" id="EAB0206A-A725-0EA4-9A45-D52838CEDD80">
<createdBy>mb56142</createdBy>
<createdTime>2014-06-24 19:29:14 UTC</createdTime>
<ownerDesignName>TXEB_BPM_Semantic_data_model_diagram</ownerDesignName>
</ColumnProxy>
<ColumnProxy name="SENT_DATE" id="EBE3D05E-0637-A34C-F501-07F70FA447B8">
<createdBy>mb56142</createdBy>
<createdTime>2014-06-24 19:29:14 UTC</createdTime>
<ownerDesignName>TXEB_BPM_Semantic_data_model_diagram</ownerDesignName>
</ColumnProxy>
<ColumnProxy name="CANCEL_DATE" id="ED7A8CF4-8ADC-F43C-24F7-BCB77FB9A777">
<createdBy>mb56142</createdBy>
<createdTime>2014-06-24 19:29:14 UTC</createdTime>
<ownerDesignName>TXEB_BPM_Semantic_data_model_diagram</ownerDesignName>
</ColumnProxy>
<ColumnProxy name="CREATED_BY" id="F24FA036-CE59-67E6-FD3D-36A39219B81A">
<createdBy>mb56142</createdBy>
<createdTime>2014-06-24 19:29:14 UTC</createdTime>
<ownerDesignName>TXEB_BPM_Semantic_data_model_diagram</ownerDesignName>
</ColumnProxy>
<ColumnProxy name="REJECTION_REASON" id="F8F69641-3397-B16A-D10F-C7FBE14B89A9">
<createdBy>mb56142</createdBy>
<createdTime>2014-06-24 19:29:14 UTC</createdTime>
<ownerDesignName>TXEB_BPM_Semantic_data_model_diagram</ownerDesignName>
</ColumnProxy>
<ColumnProxy name="SEND_TO_MAIL_HOUSE_END_DATE" id="F8FFF87E-3F4F-B8D0-C00A-AE2E8A0323C8">
<createdBy>mb56142</createdBy>
<createdTime>2014-06-24 19:29:14 UTC</createdTime>
<ownerDesignName>TXEB_BPM_Semantic_data_model_diagram</ownerDesignName>
</ColumnProxy>
<ColumnProxy name="PROGRAM" id="FB5C5BEE-307B-FC02-332E-3B79F51CCEDF">
<createdBy>mb56142</createdBy>
<createdTime>2014-06-24 19:29:14 UTC</createdTime>
<ownerDesignName>TXEB_BPM_Semantic_data_model_diagram</ownerDesignName>
</ColumnProxy>
</columnProxies>
<primaryKeys>
<PrimaryKey class="oracle.dbtools.crest.model.design.storage.oracle.v10g.PKProxyOraclev10g" name="DPLCUR_PK" id="C3EF7F2C-7DF1-CD42-A596-7F4B86E392E6">
<createdBy>mb56142</createdBy>
<createdTime>2014-06-24 19:29:16 UTC</createdTime>
<ownerDesignName>TXEB_BPM_Semantic_data_model_diagram</ownerDesignName>
<segment>ED1AF6A3-6C3F-61F1-888E-B215E95424F2</segment>
<tableSpace>23BDD7D1-3D79-7714-97E8-B0A861307B2A</tableSpace>
<existingIndex>B736D72E-A6B8-9534-BF5B-6287786756FA</existingIndex>
<indexSegment>ED1AF6A3-6C3F-61F1-888E-B215E95424F2</indexSegment>
<indexSort>SORTED</indexSort>
<usingIndex>BY INDEX NAME</usingIndex>
</PrimaryKey>
</primaryKeys>
</TableProxyOraclev11g>