<?xml version = '1.0' encoding = 'UTF-8'?>
<Diagram class="oracle.dbtools.crest.swingui.relational.DPVRelational" name="Relational_1" id="3BA78FD7-73B2-D749-352C-C295685F0DD1">
<createdBy>50472</createdBy>
<createdTime>2014-11-20 22:42:08 UTC</createdTime>
<autoRoute>false</autoRoute>
<boxInbox>true</boxInbox>
<showLegend>false</showLegend>
<showLabels>false</showLabels>
<showRelAttributes>false</showRelAttributes>
<showGrid>false</showGrid>
<diagramColor>-1</diagramColor>
<display>false</display>
<notation>1</notation>
<objectViews>
<OView class="oracle.dbtools.crest.swingui.relational.TVTable" oid="242E58F2-048E-516E-11B1-A2651077149F" otype="Table" vid="ECF861FF-E703-D102-8331-2B984D5AFE59">
<hideElementsInCurrentOnly>false</hideElementsInCurrentOnly>
<bounds x="881" y="697" width="345" height="124"/>
</OView>
<OView class="oracle.dbtools.crest.swingui.relational.TVTable" oid="38B8BAE7-2F61-6B14-F2F6-7D7BD5D5DE04" otype="Table" vid="6F5E8A73-07E8-659A-ACAE-9945652A7BCE">
<hideElementsInCurrentOnly>false</hideElementsInCurrentOnly>
<bounds x="760" y="26" width="312" height="402"/>
</OView>
<OView class="oracle.dbtools.crest.swingui.relational.TVTable" oid="4F585CA6-C4FE-DFBD-E4EF-31E83DDA7ECB" otype="Table" vid="662F4845-F40B-0400-B959-035DB95F14D2">
<hideElementsInCurrentOnly>false</hideElementsInCurrentOnly>
<bounds x="51" y="0" width="351" height="1427"/>
</OView>
<OView class="oracle.dbtools.crest.swingui.relational.TVTable" oid="504306A6-7DC3-08E3-7C7B-5D2385284BBF" otype="Table" vid="A6619911-2E4C-8A51-EDDC-E9645EA2867D">
<hideElementsInCurrentOnly>false</hideElementsInCurrentOnly>
<bounds x="883" y="886" width="411" height="122"/>
</OView>
<OView class="oracle.dbtools.crest.swingui.relational.TVTable" oid="541B55D7-D9D3-51AE-84F3-274CAE8C0B37" otype="Table" vid="851CD1D6-2A42-9D7B-220E-931FF81BFBE2">
<hideElementsInCurrentOnly>false</hideElementsInCurrentOnly>
<bounds x="1068" y="1038" width="239" height="152"/>
</OView>
<OView class="oracle.dbtools.crest.swingui.relational.TVTable" oid="59B1705A-9AE1-63E0-8D2F-7B54B5789D4E" otype="Table" vid="FB033E45-4C8F-ACEE-2A53-8AF81A6BE375">
<hideElementsInCurrentOnly>false</hideElementsInCurrentOnly>
<bounds x="1293" y="509" width="366" height="164"/>
</OView>
<OView class="oracle.dbtools.crest.swingui.relational.TVTable" oid="61E4675E-C5E4-27B2-7B22-13E87B510DCC" otype="Table" vid="4C1EB3FC-16A0-DD0B-E209-1C2DF1A361E0">
<hideElementsInCurrentOnly>false</hideElementsInCurrentOnly>
<bounds x="1143" y="48" width="449" height="136"/>
</OView>
<OView class="oracle.dbtools.crest.swingui.relational.TVTable" oid="6B7F1952-B96E-6EFE-4306-C47BC06F5C64" otype="Table" vid="EA2CEC4C-BF31-83D8-8FB2-75363F6214F4">
<hideElementsInCurrentOnly>false</hideElementsInCurrentOnly>
<bounds x="469" y="66" width="233" height="115"/>
</OView>
<OView class="oracle.dbtools.crest.swingui.relational.TVTable" oid="6CFB361F-E101-E33D-1DA2-35904E3E0008" otype="Table" vid="D077284A-E3A2-71DB-926E-5FB491B28CE2">
<hideElementsInCurrentOnly>false</hideElementsInCurrentOnly>
<bounds x="466" y="1274" width="401" height="136"/>
</OView>
<OView class="oracle.dbtools.crest.swingui.relational.TVTable" oid="7C584638-CD67-7BC8-566D-DC86737B90A0" otype="Table" vid="BF9F2C1B-1B26-A66A-64F4-B82EBA623873">
<hideElementsInCurrentOnly>false</hideElementsInCurrentOnly>
<bounds x="436" y="1103" width="533" height="136"/>
</OView>
<OView class="oracle.dbtools.crest.swingui.relational.TVTable" oid="B1666379-E856-DE31-90D1-62981B93FF04" otype="Table" vid="CB3F1956-768B-EF79-2A35-5FE0706D5F2C">
<hideElementsInCurrentOnly>false</hideElementsInCurrentOnly>
<bounds x="442" y="510" width="333" height="532"/>
</OView>
<OView class="oracle.dbtools.crest.swingui.relational.TVTable" oid="D3501D41-EA89-E240-4476-0DC00F1A3B00" otype="Table" vid="212C2E3C-D03B-60B9-21C9-F6D199C51AD0">
<hideElementsInCurrentOnly>false</hideElementsInCurrentOnly>
<bounds x="1321" y="787" width="333" height="122"/>
</OView>
<OView class="oracle.dbtools.crest.swingui.relational.TVTable" oid="D932BC3C-9882-CD80-E60A-7AE386B645A5" otype="Table" vid="0F5CCD76-24A3-5812-66AE-D6D11FA956DB">
<hideElementsInCurrentOnly>false</hideElementsInCurrentOnly>
<bounds x="895" y="481" width="299" height="178"/>
</OView>
<OView class="oracle.dbtools.crest.swingui.relational.TVTable" oid="E7BDCBA0-067A-61E7-AB1E-5229EFD09A26" otype="Table" vid="7B307FE9-B3A6-94A9-FBA0-2EB71147D768">
<hideElementsInCurrentOnly>false</hideElementsInCurrentOnly>
<bounds x="1144" y="202" width="450" height="164"/>
</OView>
</objectViews>
<connectors>
<Connector class="oracle.dbtools.crest.swingui.relational.TVFKRelation" oid="0601B92F-1942-7C4B-2DC8-FEF96BD8CAAD" otype="FKIndexAssociation" vid_source="EA2CEC4C-BF31-83D8-8FB2-75363F6214F4" vid_target="662F4845-F40B-0400-B959-035DB95F14D2">
<hideElementsInCurrentOnly>false</hideElementsInCurrentOnly>
<lineWidth>1</lineWidth>
<points>
<point x="469" y="123"/>
<point x="402" y="123"/>
</points>
</Connector>
<Connector class="oracle.dbtools.crest.swingui.relational.TVFKRelation" oid="15CCF012-F2EC-63F9-1B08-180271800614" otype="FKIndexAssociation" vid_source="662F4845-F40B-0400-B959-035DB95F14D2" vid_target="6F5E8A73-07E8-659A-ACAE-9945652A7BCE">
<hideElementsInCurrentOnly>false</hideElementsInCurrentOnly>
<lineWidth>1</lineWidth>
<points>
<point x="402" y="227"/>
<point x="760" y="227"/>
</points>
</Connector>
<Connector class="oracle.dbtools.crest.swingui.relational.TVFKRelation" oid="19A04C7C-FA93-5263-0F55-D609441FB847" otype="FKIndexAssociation" vid_source="0F5CCD76-24A3-5812-66AE-D6D11FA956DB" vid_target="FB033E45-4C8F-ACEE-2A53-8AF81A6BE375">
<hideElementsInCurrentOnly>false</hideElementsInCurrentOnly>
<lineWidth>1</lineWidth>
<points>
<point x="1194" y="584"/>
<point x="1293" y="584"/>
</points>
</Connector>
<Connector class="oracle.dbtools.crest.swingui.relational.TVFKRelation" oid="352E1185-A852-658A-04DD-AE1AE7C05A68" otype="FKIndexAssociation" vid_source="CB3F1956-768B-EF79-2A35-5FE0706D5F2C" vid_target="BF9F2C1B-1B26-A66A-64F4-B82EBA623873">
<hideElementsInCurrentOnly>false</hideElementsInCurrentOnly>
<lineWidth>1</lineWidth>
<points>
<point x="608" y="1042"/>
<point x="608" y="1103"/>
</points>
</Connector>
<Connector class="oracle.dbtools.crest.swingui.relational.TVFKRelation" oid="3950A375-4157-482B-8E04-82B6911AD25B" otype="FKIndexAssociation" vid_source="CB3F1956-768B-EF79-2A35-5FE0706D5F2C" vid_target="A6619911-2E4C-8A51-EDDC-E9645EA2867D">
<hideElementsInCurrentOnly>false</hideElementsInCurrentOnly>
<lineWidth>1</lineWidth>
<points>
<point x="775" y="947"/>
<point x="883" y="947"/>
</points>
</Connector>
<Connector class="oracle.dbtools.crest.swingui.relational.TVFKRelation" oid="3BFD2825-898C-4526-BEB5-628F43CE7707" otype="FKIndexAssociation" vid_source="EA2CEC4C-BF31-83D8-8FB2-75363F6214F4" vid_target="6F5E8A73-07E8-659A-ACAE-9945652A7BCE">
<hideElementsInCurrentOnly>false</hideElementsInCurrentOnly>
<lineWidth>1</lineWidth>
<points>
<point x="702" y="123"/>
<point x="760" y="123"/>
</points>
</Connector>
<Connector class="oracle.dbtools.crest.swingui.relational.TVFKRelation" oid="4EBA79C7-38C9-7F34-AAF3-6A280353AB23" otype="FKIndexAssociation" vid_source="662F4845-F40B-0400-B959-035DB95F14D2" vid_target="D077284A-E3A2-71DB-926E-5FB491B28CE2">
<hideElementsInCurrentOnly>false</hideElementsInCurrentOnly>
<lineWidth>1</lineWidth>
<points>
<point x="402" y="1342"/>
<point x="466" y="1342"/>
</points>
</Connector>
<Connector class="oracle.dbtools.crest.swingui.relational.TVFKRelation" oid="5385F4AF-1DA8-0E73-C898-32B4420E8A5B" otype="FKIndexAssociation" vid_source="CB3F1956-768B-EF79-2A35-5FE0706D5F2C" vid_target="212C2E3C-D03B-60B9-21C9-F6D199C51AD0">
<hideElementsInCurrentOnly>false</hideElementsInCurrentOnly>
<lineWidth>1</lineWidth>
<points>
<point x="775" y="848"/>
<point x="1321" y="848"/>
</points>
</Connector>
<Connector class="oracle.dbtools.crest.swingui.relational.TVFKRelation" oid="54C8D905-3498-48E5-40E4-C83C6E62F9E2" otype="FKIndexAssociation" vid_source="CB3F1956-768B-EF79-2A35-5FE0706D5F2C" vid_target="ECF861FF-E703-D102-8331-2B984D5AFE59">
<hideElementsInCurrentOnly>false</hideElementsInCurrentOnly>
<lineWidth>1</lineWidth>
<points>
<point x="775" y="759"/>
<point x="881" y="759"/>
</points>
</Connector>
<Connector class="oracle.dbtools.crest.swingui.relational.TVFKRelation" oid="5C208EE9-0921-09FC-BEF9-81DF0CE55BF7" otype="FKIndexAssociation" vid_source="6F5E8A73-07E8-659A-ACAE-9945652A7BCE" vid_target="7B307FE9-B3A6-94A9-FBA0-2EB71147D768">
<hideElementsInCurrentOnly>false</hideElementsInCurrentOnly>
<lineWidth>1</lineWidth>
<points>
<point x="1072" y="284"/>
<point x="1144" y="284"/>
</points>
</Connector>
<Connector class="oracle.dbtools.crest.swingui.relational.TVFKRelation" oid="71B49B9B-7691-4041-CFB1-72F17DB61EF6" otype="FKIndexAssociation" vid_source="CB3F1956-768B-EF79-2A35-5FE0706D5F2C" vid_target="0F5CCD76-24A3-5812-66AE-D6D11FA956DB">
<hideElementsInCurrentOnly>false</hideElementsInCurrentOnly>
<lineWidth>1</lineWidth>
<points>
<point x="775" y="584"/>
<point x="895" y="584"/>
</points>
</Connector>
<Connector class="oracle.dbtools.crest.swingui.relational.TVFKRelation" oid="9E32468A-9EA7-B902-A9B8-5EB08C4E4984" otype="FKIndexAssociation" vid_source="6F5E8A73-07E8-659A-ACAE-9945652A7BCE" vid_target="4C1EB3FC-16A0-DD0B-E209-1C2DF1A361E0">
<hideElementsInCurrentOnly>false</hideElementsInCurrentOnly>
<lineWidth>1</lineWidth>
<points>
<point x="1072" y="116"/>
<point x="1143" y="116"/>
</points>
</Connector>
<Connector class="oracle.dbtools.crest.swingui.relational.TVFKRelation" oid="F7C44D8C-ABA4-6CAB-DFF2-1A2326DF6853" otype="FKIndexAssociation" vid_source="662F4845-F40B-0400-B959-035DB95F14D2" vid_target="CB3F1956-768B-EF79-2A35-5FE0706D5F2C">
<hideElementsInCurrentOnly>false</hideElementsInCurrentOnly>
<lineWidth>1</lineWidth>
<points>
<point x="402" y="776"/>
<point x="442" y="776"/>
</points>
</Connector>
<Connector class="oracle.dbtools.crest.swingui.relational.TVFKRelation" oid="FEE6E940-39F2-0B90-E51A-FBB492A37526" otype="FKIndexAssociation" vid_source="CB3F1956-768B-EF79-2A35-5FE0706D5F2C" vid_target="6F5E8A73-07E8-659A-ACAE-9945652A7BCE">
<hideElementsInCurrentOnly>false</hideElementsInCurrentOnly>
<lineWidth>1</lineWidth>
<points>
<point x="607" y="510"/>
<point x="607" y="352"/>
<point x="760" y="352"/>
</points>
</Connector>
</connectors>
</Diagram>