SOURCE_CALL_ID,ANI,LOGIN_ID,CALLER_TYPE,CALL_START,CALL_END,CALL_LENGTH_SECONDS,CALL_TYPE,CALL_SEGMENT_ID,QUEUE,LANGUAGE,RING_TIME_SECONDS,TALK_TIME_SECONDS,HOLD_TIME_SECONDS,AFTER_CALL_WORK_SECONDS,DNIS,TRANSFER,DISPOSITION,QUEUE_TIME_SECONDS,IVR_TIME_SECONDS,CALL_ABANDONED,VOICEMAIL,TRANSFER_TO
73185923735940758,8082143000,AngelaFontanilla,Individual,2013-11-16 09:38:35.770000000,2013-11-16 09:42:56.770000000,261,Inbound,1,MAXHIHIX_English_Individual_Plans_vcall,English,3,244,14,10,8776285076,N,General Information - Medicaid,0,85,0,N,
73185923735944595,8088544056,AngelaFontanilla,Individual,2013-11-16 10:55:56.607000000,2013-11-16 11:06:57.607000000,661,Inbound,1,MAXHIHIX_English_Individual_Plans_vcall,English,3,658,0,11,8776285076,N,General Information - Medicaid,35,67,0,N,
73185923735936687,8082128285,AngelaFontanilla,Individual,2013-11-16 08:15:29.747000000,2013-11-16 09:05:55.747000000,3026,Inbound,1,MAXHIHIX_English_Individual_Plans_vcall,English,3,3023,0,3,8776285076,N,Complete Application,64,67,0,N,
73185923735940990,8085449883,AngelaFontanilla,Individual,2013-11-16 09:43:21.490000000,2013-11-16 10:15:58.490000000,1957,Inbound,1,MAXHIHIX_English_Individual_Plans_vcall,English,3,1954,0,7,8776285076,N,Complete Application,38,67,0,N,
72904446286048757,2103002,AngelaFontanilla,,2013-11-16 14:43:13.907000000,2013-11-16 14:44:46.907000000,93,Outbound,1,Outbound,English,7,86,0,0,8085467575,N,,0,0,0,N,
72904446286049143,2103002,AngelaFontanilla,,2013-11-16 15:12:12.473000000,2013-11-16 15:12:58.473000000,46,Outbound,1,Outbound,English,12,34,0,0,8086710491,N,,0,0,0,N,
34342374476793742,8086824122,AngelaFontanilla,Individual,2013-11-16 10:45:27.137000000,2013-11-16 10:55:43.137000000,616,Inbound,1,MAXHIHIX_English_Individual_vcall,English,2,614,0,2,8776285076,N,General Information - Medicaid,130,62,0,N,
34342374476790068,8086529359,AngelaFontanilla,Individual,2013-11-16 09:07:49.517000000,2013-11-16 09:16:37.517000000,528,Inbound,1,MAXHIHIX_English_Individual_vcall,English,3,525,0,37,8776285076,N,General Information - Individual,0,59,0,N,
34342374476789111,8087470296,ChadFujihara,Individual,2013-11-16 08:44:54.813000000,2013-11-16 09:11:04.813000000,1570,Inbound,1,MAXHIHIX_English_Individual_Plans_vcall,English,3,1567,0,2,8776285076,N,Complete Application,0,83,0,N,
34342374476787870,8084697066,ChadFujihara,Individual,2013-11-16 08:22:15.483000000,2013-11-16 08:22:49.483000000,34,Consult,2,MAXHIHIX_English_Individual_vcall,English,5,0,0,51,8776285076,N,Status Inquiry - Medicaid,0,0,0,N,18003168005
34342374476787870,8084697066,ChadFujihara,Individual,2013-11-16 08:12:16.560000000,2013-11-16 08:23:40.560000000,684,Inbound,1,MAXHIHIX_English_Individual_vcall,English,3,645,36,0,8776285076,N,Status Inquiry - Medicaid,41,76,0,N,
55725888,konamaria@gmail.com,ChadFujihara,Webchat,2013-11-16 15:39:45,2013-11-16 15:44:21,276,2,1,Webchat,English,0,271,0,0,,N,,5,0,0,N,
55725893,konamaria@gmail.com,ChadFujihara,Webchat,2013-11-16 15:45:42,2013-11-16 16:13:14,1652,2,1,Webchat,English,0,1648,0,0,,N,,4,0,0,N,
55725874,,ChadFujihara,Webchat,2013-11-16 15:00:29,2013-11-16 15:06:53,384,2,1,Webchat,English,0,379,0,0,,N,,5,0,0,N,
55725801,kelly99@hawaii.edu,ChadFujihara,Webchat,2013-11-16 09:43:28,2013-11-16 10:19:47,2179,2,1,Webchat,English,0,553,0,0,,N,,1626,0,0,N,
55725777,,ChadFujihara,Webchat,2013-11-16 08:25:11,2013-11-16 08:36:04,653,2,1,Webchat,English,0,648,0,0,,N,,5,0,0,N,
55725781,,ChadFujihara,Webchat,2013-11-16 08:36:47,2013-11-16 08:38:38,111,2,1,Webchat,English,0,106,0,0,,N,,5,0,0,N,
55725829,gbaker@hawaii.rr.com,ChadFujihara,Webchat,2013-11-16 11:50:06,2013-11-16 12:24:30,2064,2,1,Webchat,English,0,2059,0,0,,N,,5,0,0,N,
55725845,,ChadFujihara,Webchat,2013-11-16 12:56:07,2013-11-16 13:03:18,431,2,1,Webchat,English,0,426,0,0,,N,,5,0,0,N,
55725863,fromgracetoyou@gmail.com,ChadFujihara,Webchat,2013-11-16 14:29:13,2013-11-16 14:47:07,1074,2,1,Webchat,English,0,830,0,0,,N,,244,0,0,N,
34342374476793844,3216141470,ChadFujihara,Individual,2013-11-16 10:46:47.103000000,2013-11-16 10:50:54.103000000,247,Inbound,1,MAXHIHIX_English_Individual_vcall,English,2,89,156,645,8776285076,N,Status Inquiry - Medicaid,91,32,0,N,
34342374476794652,8086800225,ChadFujihara,Individual,2013-11-16 11:08:50.480000000,2013-11-16 11:21:16.480000000,746,Inbound,1,MAXHIHIX_English_Individual_Tech_Diff_vcall,English,2,744,0,23,8776285076,N,Status Inquiry - Medicaid,0,47,0,N,
34342374476804396,8087358939,ChadFujihara,Individual,2013-11-16 16:35:49.607000000,2013-11-16 16:47:58.607000000,729,Inbound,1,MAXHIHIX_English_Individual_vcall,English,3,726,0,151,8776285076,N,Status Inquiry - Medicaid,0,49,0,N,
34342374476801674,8082050499,ChadFujihara,Individual,2013-11-16 14:48:47.877000000,2013-11-16 14:59:01.877000000,614,Inbound,1,MAXHIHIX_English_Individual_vcall,English,2,612,0,74,8776285076,N,Eligibility Status Inquiry,223,72,0,N,
34342374476799343,8082690846,ChadFujihara,Shop,2013-11-16 13:22:26.277000000,2013-11-16 13:28:43.277000000,377,Inbound,1,MAXHIHIX_English_Shop_Tech_Difficulties_vcall,English,2,362,13,2,8776285076,N,General Information - SHOP,0,67,0,N,
72904446286044556,2103004,ChadFujihara,,2013-11-16 09:41:30.943000000,2013-11-16 09:41:57.943000000,27,Outbound,1,Outbound,English,26,1,0,27,8082143000,N,,0,0,0,N,
73185923735937719,8088845215,ChadFujihara,Individual,2013-11-16 08:39:09.780000000,2013-11-16 08:44:26.780000000,317,Inbound,1,MAXHIHIX_English_Individual_vcall,English,3,314,0,2,8776285076,N,General Information - Medicaid,79,71,0,N,
73185923735940209,8083928490,ChadFujihara,General,2013-11-16 09:27:17.223000000,2013-11-16 09:30:16.223000000,179,Inbound,1,MAXHIHIX_Other_General_vcall,Other,2,177,0,3,8776285076,N,General Information - Medicaid,1,39,0,N,
73185923735940351,8086529359,ChadFujihara,Individual,2013-11-16 09:30:44.910000000,2013-11-16 09:40:54.910000000,610,Inbound,1,MAXHIHIX_English_Individual_vcall,English,3,607,0,15,8776285076,N,General Information - Individual,0,89,0,N,
73185923735940758,8082143000,ChadFujihara,Individual,2013-11-16 09:42:43.880000000,2013-11-16 10:10:18.880000000,1655,Inbound,2,MAXHIHIX_English_Individual_Plans_vcall,English,3,1652,0,2177,8776285076,N,General Information - Medicaid,0,1,0,N,2103004
73185923735953198,8087788801,ChadFujihara,Individual,2013-11-16 14:12:02.843000000,2013-11-16 14:16:25.843000000,263,Inbound,1,MAXHIHIX_English_Individual_vcall,English,3,260,0,3,8776285076,N,Status Inquiry - Medicaid,0,63,0,N,
73185923735953540,8082380733,ChadFujihara,Individual,2013-11-16 14:21:44.517000000,2013-11-16 14:33:03.517000000,679,Inbound,1,MAXHIHIX_English_Individual_Plans_vcall,English,3,676,0,99,8776285076,N,General Information - Medicaid,0,66,0,N,
73185923735955643,8085617785,ChadFujihara,Individual,2013-11-16 15:22:04.503000000,2013-11-16 15:33:09.503000000,665,Inbound,1,MAXHIHIX_English_Individual_vcall,English,3,662,0,345,8776285076,N,Status Inquiry - Medicaid,0,64,0,N,
73185923735941466,8089828218,ChaniceOasay,Individual,2013-11-16 09:52:43.523000000,2013-11-16 09:55:31.523000000,168,Inbound,1,MAXHIHIX_English_Individual_Plans_vcall,English,3,165,0,1,8776285076,N,General Information - Individual,0,67,0,N,
73185923735936407,8082488458,ChaniceOasay,Individual,2013-11-16 08:08:32.203000000,2013-11-16 08:54:01.203000000,2729,Inbound,1,MAXHIHIX_English_Individual_Plans_vcall,English,2,2727,0,1,8776285076,N,General Information - Medicaid,1,60,0,N,
72904446286049555,2103026,ChaniceOasay,,2013-11-16 15:47:42.197000000,2013-11-16 15:48:06.197000000,24,Outbound,1,Outbound,English,24,0,0,0,98089448585,N,,0,0,0,N,
72904446286049563,2103026,ChaniceOasay,,2013-11-16 15:48:23.057000000,2013-11-16 15:49:43.057000000,80,Outbound,1,Outbound,English,28,52,0,0,98089448585,N,,0,0,0,N,
72904446286049407,2103026,ChaniceOasay,,2013-11-16 15:36:09.570000000,2013-11-16 15:41:00.570000000,291,Outbound,1,Outbound,English,18,273,0,0,98086450770,N,,0,0,0,N,
72904446286048248,2103026,ChaniceOasay,,2013-11-16 14:02:05.217000000,2013-11-16 14:03:15.217000000,70,Outbound,1,Outbound,English,28,42,0,0,96193957958,N,,0,0,0,N,
72904446286048323,2103026,ChaniceOasay,,2013-11-16 14:08:34.187000000,2013-11-16 14:08:41.187000000,7,Outbound,1,Outbound,English,7,0,0,0,98087788801,N,,0,0,0,N,
72904446286048325,2103026,ChaniceOasay,,2013-11-16 14:08:50.327000000,2013-11-16 14:09:52.327000000,62,Outbound,1,Outbound,English,35,27,0,0,98087788801,N,,0,0,0,N,
72904446286048452,2103026,ChaniceOasay,,2013-11-16 14:17:56,2013-11-16 14:18:58,62,Outbound,1,Outbound,English,36,26,0,0,98083844838,N,,0,0,0,N,
72904446286048486,2103026,ChaniceOasay,,2013-11-16 14:20:14.440000000,2013-11-16 14:26:52.440000000,398,Outbound,1,Outbound,English,24,374,0,0,98082985692,N,,0,0,0,N,
72904446286048599,2103026,ChaniceOasay,,2013-11-16 14:29:24.143000000,2013-11-16 14:32:02.143000000,158,Outbound,1,Outbound,English,18,140,0,0,98089319795,N,,0,0,0,N,
72904446286048654,2103026,ChaniceOasay,,2013-11-16 14:33:55.737000000,2013-11-16 14:34:03.737000000,8,Outbound,1,Outbound,English,8,0,0,0,98087788801,N,,0,0,0,N,
72904446286048660,2103026,ChaniceOasay,,2013-11-16 14:34:10.487000000,2013-11-16 14:37:39.487000000,209,Outbound,1,Outbound,English,28,181,0,0,98087788801,N,,0,0,0,N,
72904446286044374,2103026,ChaniceOasay,,2013-11-16 09:29:21.833000000,2013-11-16 09:29:54.833000000,33,Outbound,1,Outbound,English,30,3,0,0,8082143000,N,,0,0,0,N,
34342374476793844,3216141470,ChaniceOasay,Individual,2013-11-16 10:50:43.933000000,2013-11-16 10:52:41.933000000,118,Inbound,2,MAXHIHIX_English_Individual_vcall,English,4,114,0,3,8776285076,N,Status Inquiry - Medicaid,0,1,0,N,2103026
34342374476789799,8087358662,ChaniceOasay,Individual,2013-11-16 09:01:58.127000000,2013-11-16 09:07:11.127000000,313,Inbound,1,MAXHIHIX_English_Individual_vcall,English,2,311,0,20,8776285076,N,General Information - Individual,1,79,0,N,
34342374476790790,8082143000,ChaniceOasay,Individual,2013-11-16 09:25:41.957000000,2013-11-16 09:28:01.957000000,140,Inbound,1,MAXHIHIX_English_Individual_Plans_vcall,English,3,137,0,5,8776285076,N,Appeals - Individual,1,74,0,N,
34342374476791127,8089828218,ChaniceOasay,Individual,2013-11-16 09:34:04.007000000,2013-11-16 09:44:36.007000000,632,Inbound,1,MAXHIHIX_English_Individual_vcall,English,2,630,0,2,8776285076,N,General Information - Individual,1,64,0,N,
34342374476796518,8083659828,EvelynLee,Individual,2013-11-16 11:59:37.830000000,2013-11-16 12:19:13.830000000,1176,Inbound,1,MAXHIHIX_English_Individual_Tech_Diff_vcall,English,3,1173,0,20,8776285076,N,General Information - Medicaid,0,62,0,N,
34342374476799084,8087781403,EvelynLee,Individual,2013-11-16 13:13:53.027000000,2013-11-16 13:15:24.027000000,91,Inbound,1,MAXHIHIX_English_Individual_Plans_vcall,English,2,89,0,21,8776285076,N,Status Inquiry - Medicaid,1,65,0,N,
34342374476801923,8083875585,EvelynLee,Individual,2013-11-16 14:54:03.597000000,2013-11-16 15:03:51.597000000,588,Inbound,1,MAXHIHIX_English_Individual_Tech_Diff_vcall,English,3,585,0,20,8776285076,N,General Information - Individual,0,108,0,N,
34342374476804459,8087223900,EvelynLee,Individual,2013-11-16 16:38:51.090000000,2013-11-16 16:55:29.090000000,998,Inbound,1,MAXHIHIX_English_Individual_Plans_vcall,English,2,996,0,21,8776285076,N,General Information - Medicaid,1,74,0,N,
72904446286049241,2103027,EvelynLee,,2013-11-16 15:21:34.050000000,2013-11-16 15:21:40.050000000,6,Outbound,1,Outbound,English,6,0,0,0,18083875585,N,,0,0,0,N,
72904446286049244,2103027,EvelynLee,,2013-11-16 15:21:54.490000000,2013-11-16 15:31:34.490000000,580,Outbound,1,Outbound,English,7,573,0,0,18083875585,N,,0,0,0,N,
72904446286051110,2103027,EvelynLee,,2013-11-16 18:59:06.633000000,2013-11-16 19:37:13.633000000,2287,Outbound,1,Outbound,English,17,2270,0,0,19493380015,N,,0,0,0,N,
73185923735958873,8082802996,EvelynLee,Individual,2013-11-16 17:20:53.670000000,2013-11-16 17:22:28.670000000,95,Inbound,1,MAXHIHIX_English_Individual_Plans_vcall,English,3,92,0,2,8776285076,N,Complete Application,0,78,0,N,
73185923735959661,8088360661,EvelynLee,General,2013-11-16 18:01:16.143000000,2013-11-16 18:06:05.143000000,289,Inbound,1,MAXHIHIX_Other_General_vcall,Other,2,287,0,2,8776285076,N,General Information - Medicaid,1,39,0,N,
73185923735955108,8082694218,EvelynLee,Individual,2013-11-16 15:05:27.987000000,2013-11-16 15:13:20.987000000,473,Inbound,1,MAXHIHIX_English_Individual_Plans_vcall,English,3,470,0,20,8776285076,N,Status Inquiry - Medicaid,35,75,0,N,
73185923735953239,8088895113,EvelynLee,Individual,2013-11-16 14:13:23.627000000,2013-11-16 14:15:10.627000000,107,Inbound,1,MAXHIHIX_English_Individual_Plans_vcall,English,3,104,0,20,8776285076,N,General Information - Medicaid,0,60,0,N,
73185923735953495,8082913327,EvelynLee,Individual,2013-11-16 14:20:53.987000000,2013-11-16 14:50:24.987000000,1771,Inbound,1,MAXHIHIX_English_Individual_Tech_Diff_vcall,English,3,1768,0,20,8776285076,N,General Information - Medicaid,1,78,0,N,
73185923735951462,8082596819,EvelynLee,Individual,2013-11-16 13:27:07.293000000,2013-11-16 13:29:32.293000000,145,Inbound,1,MAXHIHIX_English_Individual_vcall,English,2,128,15,20,8776285076,N,General Information - Medicaid,1,63,0,N,
73185923735946358,7024165521,JenilynDerramas,Individual,2013-11-16 11:30:30.483000000,2013-11-16 11:32:39.483000000,129,Inbound,1,MAXHIHIX_English_Individual_vcall,English,3,126,0,20,8776285076,N,Status Inquiry - Medicaid,0,62,0,N,
73185923735954826,7073656535,JenilynDerramas,Individual,2013-11-16 14:57:16.550000000,2013-11-16 15:00:26.550000000,190,Inbound,1,MAXHIHIX_English_Individual_vcall,English,3,187,0,20,8776285076,N,General Information - Individual,0,117,0,N,
73185923735954986,8087541023,JenilynDerramas,Individual,2013-11-16 15:01:31.503000000,2013-11-16 15:03:23.503000000,112,Inbound,1,MAXHIHIX_English_Individual_vcall,English,3,109,0,20,8776285076,N,Status Inquiry - Medicaid,0,103,0,N,
73185923735953838,5172148003,JenilynDerramas,Individual,2013-11-16 14:29:04.300000000,2013-11-16 14:37:37.300000000,513,Inbound,1,MAXHIHIX_English_Individual_Plans_vcall,English,2,511,0,18,8776285076,N,General Information - Individual,1,63,0,N,
73185923735954064,8089651828,JenilynDerramas,Individual,2013-11-16 14:38:12.110000000,2013-11-16 14:49:21.110000000,669,Inbound,1,MAXHIHIX_English_Individual_vcall,English,2,667,0,20,8776285076,N,General Information - Individual,201,56,0,N,
73185923735954474,8082808088,JenilynDerramas,Individual,2013-11-16 14:49:53.800000000,2013-11-16 14:53:28.800000000,215,Inbound,1,MAXHIHIX_English_Individual_vcall,English,3,212,0,20,8776285076,N,Referral,172,63,0,N,
73185923735956260,8082475721,JenilynDerramas,Individual,2013-11-16 15:40:30.413000000,2013-11-16 15:59:41.413000000,1151,Inbound,1,MAXHIHIX_English_Individual_Tech_Diff_vcall,English,2,1149,0,8,8776285076,N,General Information - Medicaid,1,65,0,N,
73185923735960595,2132935043,JenilynDerramas,Individual,2013-11-16 19:08:47.117000000,2013-11-16 19:17:26.117000000,519,Inbound,1,MAXHIHIX_English_Individual_vcall,English,2,517,0,13,8776285076,N,Technical Issues - Medicaid,1,83,0,N,
73185923735960952,8083210104,JenilynDerramas,Individual,2013-11-16 19:45:36.637000000,2013-11-16 19:46:58.637000000,82,Inbound,1,MAXHIHIX_English_Individual_vcall,English,3,73,6,8,8776285076,N,General Information - SHOP,0,125,0,N,
34342374476805057,8086710491,JenilynDerramas,Individual,2013-11-16 17:09:40.280000000,2013-11-16 17:12:27.280000000,167,Inbound,1,MAXHIHIX_English_Individual_vcall,English,2,165,0,2,8776285076,N,Eligibility Status Inquiry,0,79,0,N,
34342374476802233,8083875585,JenilynDerramas,Individual,2013-11-16 15:04:48.627000000,2013-11-16 15:09:44.627000000,296,Inbound,1,MAXHIHIX_English_Individual_Tech_Diff_vcall,English,3,293,0,4,8776285076,N,General Information - Individual,0,50,0,N,
34342374476802606,8082204452,JenilynDerramas,Individual,2013-11-16 15:21:40.800000000,2013-11-16 15:22:55.800000000,75,Inbound,1,MAXHIHIX_English_Individual_vcall,English,3,72,0,21,8776285076,N,Technical Support,0,143,0,N,
34342374476799209,8088224198,JenilynDerramas,Individual,2013-11-16 13:18:07.527000000,2013-11-16 13:21:49.527000000,222,Inbound,1,MAXHIHIX_English_Individual_vcall,English,3,219,0,20,8776285076,N,General Information - Medicaid,0,72,0,N,
34342374476800280,8082596864,JenilynDerramas,Individual,2013-11-16 13:53:45.623000000,2013-11-16 14:07:08.623000000,803,Inbound,1,MAXHIHIX_English_Individual_vcall,English,3,800,0,4,8776285076,N,General Information - Medicaid,0,66,0,N,
34342374476798261,8089537558,JenilynDerramas,Individual,2013-11-16 12:48:23.167000000,2013-11-16 12:48:54.167000000,31,Inbound,1,MAXHIHIX_English_Individual_Plans_vcall,English,2,29,0,21,8776285076,N,General Information - Individual,1,58,0,N,
34342374476806910,8082188324,JenilynDerramas,Individual,2013-11-16 19:18:34.603000000,2013-11-16 19:21:37.603000000,183,Inbound,1,MAXHIHIX_English_Individual_Tech_Diff_vcall,English,3,180,0,1,8776285076,N,Technical Issues - Individual,0,65,0,N,
34342374476807001,8082338778,JenilynDerramas,Individual,2013-11-16 19:28:57.977000000,2013-11-16 19:31:12.977000000,135,Inbound,1,MAXHIHIX_English_Individual_Plans_vcall,English,3,132,0,9,8776285076,N,General Information - Individual,1,59,0,N,
55725911,hairspray24@yahpp.com,MarlaFowler,Webchat,2013-11-16 17:08:32,2013-11-16 17:27:56,1164,2,1,Webchat,English,0,1159,0,0,,N,,5,0,0,N,
55725916,,MarlaFowler,Webchat,2013-11-16 17:16:19,2013-11-16 17:25:40,561,2,1,Webchat,English,0,555,0,0,,N,,6,0,0,N,
73185923735960952,8083210104,MarlaFowler,Individual,2013-11-16 19:46:53.947000000,2013-11-16 19:54:35.947000000,462,Inbound,2,MAXHIHIX_English_Individual_vcall,English,2,460,0,373,8776285076,N,General Information - SHOP,0,1,0,N,2103018
72904446286050603,,MarlaFowler,,2013-11-16 17:43:41.750000000,2013-11-16 18:02:02.750000000,1101,Outbound,1,Outbound,English,14,1087,0,0,918086529359,N,,0,0,0,N,
72904446286051040,2103025,PamelaDaily,,2013-11-16 18:49:20.227000000,2013-11-16 18:50:41.227000000,81,Outbound,1,Outbound,English,16,65,0,0,8083644514,N,,0,0,0,N,
72904446286050465,2103025,PamelaDaily,,2013-11-16 17:24:30.233000000,2013-11-16 17:27:09.233000000,159,Outbound,1,Outbound,English,19,140,0,0,8082802996,N,,0,0,0,N,
72904446286050488,2103025,PamelaDaily,,2013-11-16 17:27:29.297000000,2013-11-16 18:35:42.297000000,4093,Outbound,1,Outbound,English,10,4050,33,0,8082802996,N,,0,0,0,N,
72904446286049955,2103025,PamelaDaily,,2013-11-16 16:23:03.713000000,2013-11-16 16:32:36.713000000,573,Outbound,1,Outbound,English,14,559,0,0,8083644514,N,,0,0,0,N,
72904446286050049,,PamelaDaily,,2013-11-16 16:32:48.653000000,2013-11-16 16:33:23.653000000,35,Inbound,1,No Queue,English,2,33,0,18,2103025,N,,0,0,0,N,
72904446286051162,2103025,PamelaDaily,,2013-11-16 19:08:26.680000000,2013-11-16 19:08:31.680000000,5,Outbound,1,Outbound,English,5,0,0,0,8083644514,N,,0,0,0,N,
72904446286051175,2103025,PamelaDaily,,2013-11-16 19:10:16.147000000,2013-11-16 19:14:47.147000000,271,Outbound,1,Outbound,English,16,255,0,0,8083644514,N,,0,0,0,N,
72904446286051215,2103025,PamelaDaily,,2013-11-16 19:17:29.540000000,2013-11-16 19:17:34.540000000,5,Outbound,1,Outbound,English,5,0,0,0,8085246780,N,,0,0,0,N,
72904446286051218,2103025,PamelaDaily,,2013-11-16 19:18:19.337000000,2013-11-16 19:32:32.337000000,853,Outbound,1,Outbound,English,16,837,0,0,8083644514,N,,0,0,0,N,
72904446286048922,2103025,PamelaDaily,,2013-11-16 14:54:44.893000000,2013-11-16 14:58:49.893000000,245,Outbound,1,Outbound,English,13,232,0,0,8088895113,N,,0,0,0,N,
72904446286047030,,PamelaDaily,,2013-11-16 12:27:49.053000000,2013-11-16 12:28:16.053000000,27,Inbound,1,No Queue,English,1,26,0,11,2103025,N,,0,0,0,N,
72904446286047039,,PamelaDaily,,2013-11-16 12:28:27.053000000,2013-11-16 12:28:49.053000000,22,Inbound,1,No Queue,English,1,21,0,10,2103025,N,,0,0,0,N,
72904446286047043,,PamelaDaily,,2013-11-16 12:28:59.320000000,2013-11-16 12:29:14.320000000,15,Inbound,1,No Queue,English,3,12,0,6,2103025,N,,0,0,0,N,
72904446286047053,,PamelaDaily,,2013-11-16 12:29:20.287000000,2013-11-16 12:30:14.287000000,54,Inbound,1,No Queue,English,3,51,0,4,2103025,N,,0,0,0,N,
72904446286047063,2103025,PamelaDaily,,2013-11-16 12:30:27.413000000,2013-11-16 12:31:29.413000000,62,Outbound,1,Outbound,English,23,39,0,0,8088895113,N,,0,0,0,N,
72904446286047074,,PamelaDaily,,2013-11-16 12:31:35.947000000,2013-11-16 12:32:44.947000000,69,Inbound,1,No Queue,English,4,65,0,5,2103025,N,,0,0,0,N,
72904446286047099,,PamelaDaily,,2013-11-16 12:32:50.803000000,2013-11-16 12:32:57.803000000,7,Inbound,1,No Queue,English,3,4,0,16,2103025,N,,0,0,0,N,
72904446286047103,,PamelaDaily,,2013-11-16 12:33:13.553000000,2013-11-16 12:33:36.553000000,23,Inbound,1,No Queue,English,3,20,0,6,2103025,N,,0,0,0,N,
72904446286047110,,PamelaDaily,,2013-11-16 12:33:42.680000000,2013-11-16 12:34:14.680000000,32,Inbound,1,No Queue,English,2,30,0,6,2103025,N,,0,0,0,N,
72904446286047118,,PamelaDaily,,2013-11-16 12:34:20.647000000,2013-11-16 12:34:30.647000000,10,Inbound,1,No Queue,English,2,8,0,6,2103025,N,,0,0,0,N,
72904446286047122,,PamelaDaily,,2013-11-16 12:34:36.553000000,2013-11-16 12:35:56.553000000,80,Inbound,1,No Queue,English,3,77,0,6,2103025,N,,0,0,0,N,
72904446286047149,,PamelaDaily,,2013-11-16 12:36:02.977000000,2013-11-16 12:39:58.977000000,236,Inbound,1,No Queue,English,5,231,0,7,2103025,N,,0,0,0,N,
72904446286047196,,PamelaDaily,,2013-11-16 12:40:05.400000000,2013-11-16 12:40:34.400000000,29,Inbound,1,No Queue,English,3,26,0,6,2103025,N,,0,0,0,N,
72904446286047208,,PamelaDaily,,2013-11-16 12:40:40.727000000,2013-11-16 12:40:50.727000000,10,Inbound,1,No Queue,English,1,9,0,6,2103025,N,,0,0,0,N,
72904446286047212,,PamelaDaily,,2013-11-16 12:40:56.883000000,2013-11-16 12:41:17.883000000,21,Inbound,1,No Queue,English,1,20,0,6,2103025,N,,0,0,0,N,
72904446286047217,,PamelaDaily,,2013-11-16 12:41:23.587000000,2013-11-16 12:42:14.587000000,51,Inbound,1,No Queue,English,2,49,0,6,2103025,N,,0,0,0,N,
72904446286047236,,PamelaDaily,,2013-11-16 12:42:20.570000000,2013-11-16 12:43:04.570000000,44,Inbound,1,No Queue,English,1,43,0,10,2103025,N,,0,0,0,N,
72904446286047250,,PamelaDaily,,2013-11-16 12:43:14.993000000,2013-11-16 12:45:52.993000000,158,Inbound,1,No Queue,English,2,156,0,14,2103025,N,,0,0,0,N,
72904446286046756,,PamelaDaily,,2013-11-16 12:09:02.440000000,2013-11-16 12:09:37.440000000,35,Inbound,1,No Queue,English,1,34,0,6,2103025,N,,0,0,0,N,
72904446286046810,,PamelaDaily,,2013-11-16 12:12:05.863000000,2013-11-16 12:14:29.863000000,144,Inbound,1,No Queue,English,2,142,0,5,2103025,N,,0,0,0,N,
72904446286047290,,PamelaDaily,,2013-11-16 12:46:06.290000000,2013-11-16 12:46:27.290000000,21,Inbound,1,No Queue,English,1,20,0,6,2103025,N,,0,0,0,N,
72904446286047295,,PamelaDaily,,2013-11-16 12:46:33.713000000,2013-11-16 12:46:58.713000000,25,Inbound,1,No Queue,English,1,24,0,6,2103025,N,,0,0,0,N,
72904446286047296,,PamelaDaily,,2013-11-16 12:47:04.463000000,2013-11-16 12:47:49.463000000,45,Inbound,1,No Queue,English,2,43,0,6,2103025,N,,0,0,0,N,
72904446286047308,,PamelaDaily,,2013-11-16 12:47:55.837000000,2013-11-16 12:48:10.837000000,15,Inbound,1,No Queue,English,2,13,0,10,2103025,N,,0,0,0,N,
72904446286047313,,PamelaDaily,,2013-11-16 12:48:20.790000000,2013-11-16 12:50:26.790000000,126,Inbound,1,No Queue,English,2,124,0,7,2103025,N,,0,0,0,N,
72904446286047356,,PamelaDaily,,2013-11-16 12:51:35.463000000,2013-11-16 12:51:46.463000000,11,Inbound,1,No Queue,English,2,9,0,29,2103025,N,,0,0,0,N,
72904446286047340,,PamelaDaily,,2013-11-16 12:50:33.073000000,2013-11-16 12:51:29.073000000,56,Inbound,1,No Queue,English,2,54,0,6,2103025,N,,0,0,0,N,
55725768,8082488458,PamelaDaily,Individual,2013-11-16 08:07:06,2013-11-16 12:51:29,17063,2,1,Vmail,English,0,57,0,0,IR2GVP01,N,,17006,0,0,Y,
55725813,8089828218,PamelaDaily,Individual,2013-11-16 10:31:54,2013-11-16 12:51:46,8392,2,1,Vmail,English,0,12,0,0,IR2GVP01,N,,8380,0,0,Y,
55725870,7192526861,PamelaDaily,Individual,2013-11-16 14:46:39,2013-11-16 16:33:23,6404,2,1,Vmail,English,0,36,0,0,IR2GVP01,N,,6368,0,0,Y,
72904446286046100,,PamelaDaily,,2013-11-16 11:26:17.420000000,2013-11-16 11:27:05.420000000,48,Inbound,1,No Queue,English,2,46,0,119,2103025,N,,0,0,0,N,
72904446286046149,,PamelaDaily,,2013-11-16 11:29:44.577000000,2013-11-16 11:30:15.577000000,31,Inbound,1,No Queue,English,2,29,0,9,2103025,N,,0,0,0,N,
72904446286046164,,PamelaDaily,,2013-11-16 11:30:24.530000000,2013-11-16 11:30:35.530000000,11,Inbound,1,No Queue,English,3,8,0,6,2103025,N,,0,0,0,N,
72904446286046169,,PamelaDaily,,2013-11-16 11:30:41.513000000,2013-11-16 11:32:26.513000000,105,Inbound,1,No Queue,English,2,103,0,7,2103025,N,,0,0,0,N,
72904446286046202,,PamelaDaily,,2013-11-16 11:32:33.187000000,2013-11-16 11:32:47.187000000,14,Inbound,1,No Queue,English,1,13,0,7,2103025,N,,0,0,0,N,
72904446286046210,,PamelaDaily,,2013-11-16 11:32:54.310000000,2013-11-16 11:33:34.310000000,40,Inbound,1,No Queue,English,1,39,0,6,2103025,N,,0,0,0,N,
72904446286046215,,PamelaDaily,,2013-11-16 11:33:40.717000000,2013-11-16 11:34:03.717000000,23,Inbound,1,No Queue,English,3,20,0,22,2103025,N,,0,0,0,N,
72904446286046224,,PamelaDaily,,2013-11-16 11:34:25.857000000,2013-11-16 11:35:14.857000000,49,Inbound,1,No Queue,English,2,47,0,13,2103025,N,,0,0,0,N,
72904446286046237,,PamelaDaily,,2013-11-16 11:35:27.030000000,2013-11-16 11:35:47.030000000,20,Inbound,1,No Queue,English,1,19,0,11,2103025,N,,0,0,0,N,
72904446286046250,,PamelaDaily,,2013-11-16 11:35:58.030000000,2013-11-16 11:36:50.030000000,52,Inbound,1,No Queue,English,2,50,0,6,2103025,N,,0,0,0,N,
72904446286046258,,PamelaDaily,,2013-11-16 11:36:56.187000000,2013-11-16 11:37:22.187000000,26,Inbound,1,No Queue,English,2,24,0,55,2103025,N,,0,0,0,N,
72904446286046288,,PamelaDaily,,2013-11-16 11:38:17.890000000,2013-11-16 11:38:49.890000000,32,Inbound,1,No Queue,English,4,28,0,7,2103025,N,,0,0,0,N,
72904446286046300,,PamelaDaily,,2013-11-16 11:38:56.343000000,2013-11-16 11:39:10.343000000,14,Inbound,1,No Queue,English,2,12,0,12,2103025,N,,0,0,0,N,
72904446286046313,,PamelaDaily,,2013-11-16 11:39:22.170000000,2013-11-16 11:40:05.170000000,43,Inbound,1,No Queue,English,1,42,0,9,2103025,N,,0,0,0,N,
72904446286046329,,PamelaDaily,,2013-11-16 11:40:14.123000000,2013-11-16 11:41:44.123000000,90,Inbound,1,No Queue,English,5,85,0,6,2103025,N,,0,0,0,N,
72904446286046353,,PamelaDaily,,2013-11-16 11:41:50.530000000,2013-11-16 11:42:13.530000000,23,Inbound,1,No Queue,English,1,22,0,6,2103025,N,,0,0,0,N,
72904446286046357,,PamelaDaily,,2013-11-16 11:42:19.563000000,2013-11-16 11:44:27.563000000,128,Inbound,1,No Queue,English,2,126,0,5,2103025,N,,0,0,0,N,
72904446286046391,2103025,PamelaDaily,,2013-11-16 11:44:52.250000000,2013-11-16 11:46:57.250000000,125,Outbound,1,Outbound,English,19,106,0,0,9716732601,N,,0,0,0,N,
72904446286046416,,PamelaDaily,,2013-11-16 11:47:03.843000000,2013-11-16 11:47:20.843000000,17,Inbound,1,No Queue,English,2,15,0,10,2103025,N,,0,0,0,N,
72904446286046427,,PamelaDaily,,2013-11-16 11:47:31.017000000,2013-11-16 11:48:34.017000000,63,Inbound,1,No Queue,English,2,61,0,4,2103025,N,,0,0,0,N,
72904446286046457,2103025,PamelaDaily,,2013-11-16 11:48:54.313000000,2013-11-16 11:49:07.313000000,13,Outbound,1,Outbound,English,13,0,0,0,8083493029,N,,0,0,0,N,
72904446286046465,2103025,PamelaDaily,,2013-11-16 11:49:21.390000000,2013-11-16 11:58:34.390000000,553,Outbound,1,Outbound,English,9,473,71,0,8083493029,N,,0,0,0,N,
72904446286046143,,PamelaDaily,,2013-11-16 11:29:05.343000000,2013-11-16 11:29:32.343000000,27,Inbound,1,No Queue,English,3,24,0,12,2103025,N,,0,0,0,N,
72904446286046591,,PamelaDaily,,2013-11-16 11:58:41.283000000,2013-11-16 12:00:34.283000000,113,Inbound,1,No Queue,English,16,15,82,0,2103025,N,,0,0,0,N,
72904446286046695,,PamelaDaily,,2013-11-16 12:04:36.427000000,2013-11-16 12:04:47.427000000,11,Inbound,1,No Queue,English,1,10,0,26,2103025,N,,0,0,0,N,
72904446286046705,,PamelaDaily,,2013-11-16 12:05:13.863000000,2013-11-16 12:05:38.863000000,25,Inbound,1,No Queue,English,2,23,0,17,2103025,N,,0,0,0,N,
72904446286046716,,PamelaDaily,,2013-11-16 12:05:55.097000000,2013-11-16 12:06:31.097000000,36,Inbound,1,No Queue,English,1,35,0,10,2103025,N,,0,0,0,N,
72904446286046640,2103025,PamelaDaily,,2013-11-16 12:01:09.550000000,2013-11-16 12:02:27.550000000,78,Outbound,1,Outbound,English,8,70,0,0,8083493029,N,,0,0,0,N,
72904446286046725,,PamelaDaily,,2013-11-16 12:06:41.597000000,2013-11-16 12:08:53.597000000,132,Inbound,1,No Queue,English,1,131,0,9,2103025,N,,0,0,0,N,
72904446286046768,,PamelaDaily,,2013-11-16 12:09:43.333000000,2013-11-16 12:10:10.333000000,27,Inbound,1,No Queue,English,2,25,0,14,2103025,N,,0,0,0,N,
72904446286046779,,PamelaDaily,,2013-11-16 12:10:24.707000000,2013-11-16 12:11:24.707000000,60,Inbound,1,No Queue,English,1,59,0,6,2103025,N,,0,0,0,N,
72904446286046796,,PamelaDaily,,2013-11-16 12:11:30.520000000,2013-11-16 12:11:47.520000000,17,Inbound,1,No Queue,English,1,16,0,18,2103025,N,,0,0,0,N,
72904446286046846,2103025,PamelaDaily,,2013-11-16 12:14:43.427000000,2013-11-16 12:15:05.427000000,22,Outbound,1,Outbound,English,11,11,0,0,8082808088,N,,0,0,0,N,
72904446286046852,,PamelaDaily,,2013-11-16 12:15:12.160000000,2013-11-16 12:15:26.160000000,14,Inbound,1,No Queue,English,1,13,0,3,2103025,N,,0,0,0,N,
72904446286046856,2103025,PamelaDaily,,2013-11-16 12:15:39.083000000,2013-11-16 12:16:39.083000000,60,Outbound,1,Outbound,English,31,29,0,0,8082808088,N,,0,0,0,N,
72904446286046873,,PamelaDaily,,2013-11-16 12:16:46.647000000,2013-11-16 12:17:00.647000000,14,Inbound,1,No Queue,English,5,9,0,11,2103025,N,,0,0,0,N,
72904446286046880,,PamelaDaily,,2013-11-16 12:17:12.163000000,2013-11-16 12:17:43.163000000,31,Inbound,1,No Queue,English,1,30,0,6,2103025,N,,0,0,0,N,
72904446286046887,,PamelaDaily,,2013-11-16 12:17:49.583000000,2013-11-16 12:19:16.583000000,87,Inbound,1,No Queue,English,3,84,0,7,2103025,N,,0,0,0,N,
72904446286046912,,PamelaDaily,,2013-11-16 12:19:23.163000000,2013-11-16 12:21:31.163000000,128,Inbound,1,No Queue,English,1,127,0,7,2103025,N,,0,0,0,N,
72904446286046944,,PamelaDaily,,2013-11-16 12:21:38.163000000,2013-11-16 12:22:30.163000000,52,Inbound,1,No Queue,English,2,50,0,7,2103025,N,,0,0,0,N,
72904446286046965,,PamelaDaily,,2013-11-16 12:22:37.240000000,2013-11-16 12:22:53.240000000,16,Inbound,1,No Queue,English,2,14,0,296,2103025,N,,0,0,0,N,
72904446286046808,2103010,RaymondManlapit,,2013-11-16 12:11:51.147000000,2013-11-16 12:12:50.147000000,59,Outbound,1,Outbound,English,22,37,0,0,8088850705,N,,0,0,0,N,
34342374476796537,8083493029,RaymondManlapit,Individual,2013-11-16 11:59:51.847000000,2013-11-16 12:02:32.847000000,161,Inbound,1,MAXHIHIX_English_Individual_vcall,English,3,158,0,20,8776285076,N,Complete Application,1,53,0,N,
34342374476794727,8082776515,RaymondManlapit,Individual,2013-11-16 11:11:28.747000000,2013-11-16 11:14:10.747000000,162,Inbound,1,MAXHIHIX_English_Individual_Plans_vcall,English,3,159,0,20,8776285076,N,Complete Application,1,89,0,N,
34342374476795305,8083770218,RaymondManlapit,Individual,2013-11-16 11:26:59.623000000,2013-11-16 11:46:11.623000000,1152,Inbound,1,MAXHIHIX_English_Individual_Plans_vcall,English,3,1149,0,20,8776285076,N,Complete Application,0,62,0,N,
34342374476792587,8086758228,RaymondManlapit,Individual,2013-11-16 10:12:44.960000000,2013-11-16 10:15:57.960000000,193,Inbound,1,MAXHIHIX_English_Individual_vcall,English,3,190,0,20,8776285076,N,Complete Application,1,60,0,N,
34342374476793094,8082475721,RaymondManlapit,Individual,2013-11-16 10:26:30.540000000,2013-11-16 10:56:04.540000000,1774,Inbound,1,MAXHIHIX_English_Individual_vcall,English,3,1771,0,20,8776285076,N,Complete Application,0,57,0,N,
34342374476806233,8087790837,RaymondManlapit,Individual,2013-11-16 18:21:13.130000000,2013-11-16 18:24:22.130000000,189,Inbound,1,MAXHIHIX_English_Individual_vcall,English,2,139,48,11,8776285076,N,General Information - Medicaid,1,61,0,N,
34342374476804696,8083513227,RaymondManlapit,Individual,2013-11-16 16:51:04.230000000,2013-11-16 17:03:16.230000000,732,Inbound,1,MAXHIHIX_English_Individual_Tech_Diff_vcall,English,2,730,0,2,8776285076,N,Technical Issues - Medicaid,0,62,0,N,
34342374476803444,8083256438,RaymondManlapit,Individual,2013-11-16 15:53:31.087000000,2013-11-16 16:23:37.087000000,1806,Inbound,1,MAXHIHIX_English_Individual_Plans_vcall,English,2,1804,0,20,8776285076,N,Complete Application,1,58,0,N,
72904446286047499,2103010,RaymondManlapit,,2013-11-16 13:02:27.213000000,2013-11-16 13:03:42.213000000,75,Outbound,1,Outbound,English,30,45,0,0,8082596819,N,,0,0,0,N,
72904446286047316,2103010,RaymondManlapit,,2013-11-16 12:48:33.633000000,2013-11-16 13:00:34.633000000,721,Outbound,1,Outbound,English,20,701,0,0,8089537558,N,,0,0,0,N,
72904446286046831,2103010,RaymondManlapit,,2013-11-16 12:13:53.287000000,2013-11-16 12:41:16.287000000,1643,Outbound,1,Outbound,English,21,1622,0,0,8084890532,N,,0,0,0,N,
72904446286047263,2103010,RaymondManlapit,,2013-11-16 12:43:53.087000000,2013-11-16 12:44:47.087000000,54,Outbound,1,Outbound,English,4,50,0,0,8089537558,N,,0,0,0,N,
72904446286047664,2103010,RaymondManlapit,,2013-11-16 13:15:26.497000000,2013-11-16 13:16:58.497000000,92,Outbound,1,Outbound,English,36,56,0,0,8082684959,N,,0,0,0,N,
72904446286047711,2103010,RaymondManlapit,,2013-11-16 13:19:04.840000000,2013-11-16 13:36:04.840000000,1020,Outbound,1,Outbound,English,24,996,0,0,8083414486,N,,0,0,0,N,
72904446286048060,2103010,RaymondManlapit,,2013-11-16 13:46:07.543000000,2013-11-16 14:10:41.543000000,1474,Outbound,1,Outbound,English,32,1442,0,0,8082596819,N,,0,0,0,N,
72904446286050122,2103010,RaymondManlapit,,2013-11-16 16:41:06.073000000,2013-11-16 16:42:53.073000000,107,Outbound,1,Outbound,English,37,70,0,0,8083927543,N,,0,0,0,N,
72904446286050024,2103010,RaymondManlapit,,2013-11-16 16:29:52.543000000,2013-11-16 16:31:29.543000000,97,Outbound,1,Outbound,English,41,56,0,0,8089278168,N,,0,0,0,N,
72904446286046738,2103010,RaymondManlapit,,2013-11-16 12:07:54.207000000,2013-11-16 12:09:22.207000000,88,Outbound,1,Outbound,English,12,76,0,0,8086731878,N,,0,0,0,N,
72904446286050462,2103010,RaymondManlapit,,2013-11-16 17:23:39.907000000,2013-11-16 17:24:46.907000000,67,Outbound,1,Outbound,English,28,39,0,0,2543197676,N,,0,0,0,N,
73185923735944708,8088717885,RaymondManlapit,Individual,2013-11-16 10:58:38.200000000,2013-11-16 11:03:15.200000000,277,Inbound,1,MAXHIHIX_English_Individual_Plans_vcall,English,2,275,0,2,8776285076,N,Complete Application,1,138,0,N,
73185923735944205,8089823979,RobertDodier,Individual,2013-11-16 10:47:49.683000000,2013-11-16 10:50:55.683000000,186,Inbound,1,MAXHIHIX_English_Individual_Plans_vcall,English,2,184,0,291,8776285076,N,Enrollment Add Member,20,84,0,N,
72904446286048677,2103015,RobertDodier,,2013-11-16 14:35:27.317000000,2013-11-16 14:36:53.317000000,86,Outbound,1,Outbound,English,34,52,0,715,8083589377,N,,0,0,0,N,
72904446286047355,2103015,RobertDodier,,2013-11-16 12:51:34.323000000,2013-11-16 12:53:13.323000000,99,Outbound,1,Outbound,English,16,83,0,0,8082690846,N,,0,0,0,N,
34342374476799343,8082690846,RobertDodier,Shop,2013-11-16 13:28:31.730000000,2013-11-16 13:41:26.730000000,775,Inbound,2,MAXHIHIX_English_Shop_Tech_Difficulties_vcall,English,3,772,0,7,8776285076,N,General Information - SHOP,0,1,0,N,2103015
34342374476788889,8084792248,RobertDodier,Individual,2013-11-16 08:39:55.500000000,2013-11-16 08:52:34.500000000,759,Inbound,1,MAXHIHIX_English_Individual_vcall,English,2,757,0,109,8776285076,N,Eligibility Status Inquiry,45,114,0,N,
72904446286046665,2103015,RobertDodier,,2013-11-16 12:02:29.440000000,2013-11-16 12:06:02.440000000,213,Outbound,1,Outbound,English,11,202,0,0,8082309695,N,,0,0,0,N,
72904446286044824,2103015,RobertDodier,,2013-11-16 10:00:26.460000000,2013-11-16 10:01:41.460000000,75,Outbound,1,Outbound,English,24,51,0,0,8085798848,N,,0,0,0,N,
72904446286044854,2103015,RobertDodier,,2013-11-16 10:01:54.257000000,2013-11-16 10:05:23.257000000,209,Outbound,1,Outbound,English,22,187,0,0,8083570502,N,,0,0,0,N,
72904446286045629,2103015,RobertDodier,,2013-11-16 10:56:08.527000000,2013-11-16 11:42:02.527000000,2754,Outbound,1,Outbound,English,14,2740,0,69,8089823979,N,,0,0,0,N,
72904446286044423,2103015,RobertDodier,,2013-11-16 09:33:01.147000000,2013-11-16 09:34:12.147000000,71,Outbound,1,Outbound,English,23,48,0,0,8089669002,N,,0,0,0,N,
72904446286044013,2103015,RobertDodier,,2013-11-16 09:06:55.487000000,2013-11-16 09:09:15.487000000,140,Outbound,1,Outbound,English,38,102,0,0,8082237222,N,,0,0,0,N,
72904446286044169,2103015,RobertDodier,,2013-11-16 09:16:23.457000000,2013-11-16 09:22:29.457000000,366,Outbound,1,Outbound,English,18,348,0,0,8082221938,N,,0,0,0,N,
72904446286046080,2103029,SenaKoon,,2013-11-16 11:25:10.437000000,2013-11-16 11:26:35.437000000,85,Outbound,1,Outbound,English,32,53,0,0,8086830774,N,,0,0,0,N,
72904446286046123,2103029,SenaKoon,,2013-11-16 11:27:46.297000000,2013-11-16 11:28:57.297000000,71,Outbound,1,Outbound,English,26,45,0,0,8087217986,N,,0,0,0,N,
72904446286046315,2103029,SenaKoon,,2013-11-16 11:39:29.907000000,2013-11-16 11:39:36.907000000,7,Outbound,1,Outbound,English,7,0,0,0,8082233306,N,,0,0,0,N,
72904446286046323,2103029,SenaKoon,,2013-11-16 11:39:53.170000000,2013-11-16 11:44:11.170000000,258,Outbound,1,Outbound,English,18,240,0,0,8082233306,N,,0,0,0,N,
72904446286046269,2103029,SenaKoon,,2013-11-16 11:37:25.343000000,2013-11-16 11:38:20.343000000,55,Outbound,1,Outbound,English,4,51,0,0,8086403195,N,,0,0,0,N,
72904446286046228,2103029,SenaKoon,,2013-11-16 11:34:44.750000000,2013-11-16 11:35:31.750000000,47,Outbound,1,Outbound,English,12,35,0,0,8083233595,N,,0,0,0,N,
72904446286046733,2103029,SenaKoon,,2013-11-16 12:07:29.473000000,2013-11-16 12:08:25.473000000,56,Outbound,1,Outbound,English,14,42,0,0,8084783961,N,,0,0,0,N,
72904446286046966,2103029,SenaKoon,,2013-11-16 12:22:54.083000000,2013-11-16 12:48:53.083000000,1559,Outbound,1,Outbound,English,11,1540,8,0,8087217986,N,,0,0,0,N,
72904446286046722,2103029,SenaKoon,,2013-11-16 12:06:36.270000000,2013-11-16 12:07:16.270000000,40,Outbound,1,Outbound,English,32,8,0,0,8086830774,N,,0,0,0,N,
72904446286046608,2103029,SenaKoon,,2013-11-16 11:59:24.143000000,2013-11-16 12:00:35.143000000,71,Outbound,1,Outbound,English,32,39,0,0,8083935787,N,,0,0,0,N,
72904446286046639,2103029,SenaKoon,,2013-11-16 12:01:02.517000000,2013-11-16 12:04:25.517000000,203,Outbound,1,Outbound,English,23,180,0,0,8088520042,N,,0,0,0,N,
72904446286046144,2103029,SenaKoon,,2013-11-16 11:29:11.670000000,2013-11-16 11:34:14.670000000,303,Outbound,1,Outbound,English,18,285,0,0,8083065799,N,,0,0,0,N,
72904446286046484,2103029,SenaKoon,,2013-11-16 11:50:29.377000000,2013-11-16 11:51:39.377000000,70,Outbound,1,Outbound,English,27,43,0,0,8089383727,N,,0,0,0,N,
72904446286046516,2103029,SenaKoon,,2013-11-16 11:52:39.330000000,2013-11-16 11:53:34.330000000,55,Outbound,1,Outbound,English,16,39,0,0,8086396844,N,,0,0,0,N,
72904446286046551,2103029,SenaKoon,,2013-11-16 11:55:15.047000000,2013-11-16 11:57:25.047000000,130,Outbound,1,Outbound,English,15,115,0,0,8084314536,N,,0,0,0,N,
72904446286046408,2103029,SenaKoon,,2013-11-16 11:46:25.343000000,2013-11-16 11:50:10.343000000,225,Outbound,1,Outbound,English,7,218,0,0,8088773040,N,,0,0,0,N,
34342374476805891,8082338778,SenaKoon,Individual,2013-11-16 17:58:50.533000000,2013-11-16 18:04:09.533000000,319,Inbound,1,MAXHIHIX_English_Individual_Plans_vcall,English,2,317,0,2,8776285076,N,General Information - Individual,0,62,0,N,
34342374476793696,8086255535,SenaKoon,Individual,2013-11-16 10:45:25.917000000,2013-11-16 10:52:05.917000000,400,Inbound,1,MAXHIHIX_English_Individual_vcall,English,3,397,0,2,8776285076,N,General Information - Medicaid,204,71,0,N,
34342374476793942,8086758228,SenaKoon,Individual,2013-11-16 10:52:18.340000000,2013-11-16 10:56:06.340000000,228,Inbound,1,MAXHIHIX_English_Individual_Plans_vcall,English,2,226,0,1,8776285076,N,General Information - Medicaid,180,68,0,N,
34342374476792282,8086264288,SenaKoon,Individual,2013-11-16 10:04:17.633000000,2013-11-16 10:07:19.633000000,182,Inbound,1,MAXHIHIX_English_Individual_Plans_vcall,English,3,179,0,2,8776285076,N,Status Inquiry - Medicaid,0,65,0,N,
34342374476794895,8088782175,SenaKoon,Individual,2013-11-16 11:15:53.937000000,2013-11-16 11:18:13.937000000,140,Inbound,1,MAXHIHIX_English_Individual_vcall,English,3,137,0,1,8776285076,N,General Information - Medicaid,1,58,0,N,
72904446286047506,2103029,SenaKoon,,2013-11-16 13:03:03.073000000,2013-11-16 13:04:15.073000000,72,Outbound,1,Outbound,English,16,56,0,0,8083923868,N,,0,0,0,N,
72904446286047523,2103029,SenaKoon,,2013-11-16 13:04:33.027000000,2013-11-16 13:14:54.027000000,621,Outbound,1,Outbound,English,8,613,0,0,8089498548,N,,0,0,0,N,
72904446286047361,2103029,SenaKoon,,2013-11-16 12:51:54.430000000,2013-11-16 12:52:03.430000000,9,Outbound,1,Outbound,English,9,0,0,0,8083065799,N,,0,0,0,N,
72904446286047442,2103029,SenaKoon,,2013-11-16 12:57:38.557000000,2013-11-16 12:59:02.557000000,84,Outbound,1,Outbound,English,33,51,0,0,8083330505,N,,0,0,0,N,
72904446286047471,2103029,SenaKoon,,2013-11-16 12:59:44.727000000,2013-11-16 13:00:59.727000000,75,Outbound,1,Outbound,English,29,46,0,0,8087790837,N,,0,0,0,N,
72904446286047488,2103029,SenaKoon,,2013-11-16 13:01:38.230000000,2013-11-16 13:01:48.230000000,10,Outbound,1,Outbound,English,10,0,0,0,8086306867,N,,0,0,0,N,
72904446286046759,2103029,SenaKoon,,2013-11-16 12:09:13.097000000,2013-11-16 12:09:51.097000000,38,Outbound,1,Outbound,English,27,11,0,0,8087217986,N,,0,0,0,N,
72904446286048128,2103029,SenaKoon,,2013-11-16 13:52:41.577000000,2013-11-16 13:54:23.577000000,102,Outbound,1,Outbound,English,31,65,6,0,18083589377,N,,0,0,0,N,
72904446286048128,2103029,SenaKoon,,2013-11-16 13:53:44.810000000,2013-11-16 13:53:50.810000000,6,Consult,2,Consult,English,6,0,0,0,8668743972,N,,0,0,0,N,
72904446286048171,2103029,SenaKoon,,2013-11-16 13:55:45.263000000,2013-11-16 13:57:08.263000000,83,Outbound,1,Outbound,English,41,42,0,0,8085978800,N,,0,0,0,N,
72904446286048205,2103029,SenaKoon,,2013-11-16 13:58:00.453000000,2013-11-16 13:59:01.453000000,61,Outbound,1,Outbound,English,24,37,0,0,8087322345,N,,0,0,0,N,
72904446286048224,2103029,SenaKoon,,2013-11-16 13:59:50.983000000,2013-11-16 14:00:46.983000000,56,Outbound,1,Outbound,English,19,37,0,0,8084924722,N,,0,0,0,N,
72904446286047672,2103029,SenaKoon,,2013-11-16 13:16:00.620000000,2013-11-16 13:47:50.620000000,1910,Outbound,1,Outbound,English,14,1878,18,0,8084699919,N,,0,0,0,N,
72904446286048255,2103029,SenaKoon,,2013-11-16 14:02:37.657000000,2013-11-16 14:49:44.657000000,2827,Outbound,1,Outbound,English,22,2635,170,0,8083731415,N,,0,0,0,N,
72904446286048970,2103029,SenaKoon,,2013-11-16 14:57:58.097000000,2013-11-16 14:59:16.097000000,78,Outbound,1,Outbound,English,61,17,0,0,8082935293,N,,0,0,0,N,
72904446286048914,2103029,SenaKoon,,2013-11-16 14:54:19.737000000,2013-11-16 14:56:50.737000000,151,Outbound,1,Outbound,English,25,126,0,0,8082051639,N,,0,0,0,N,
72904446286049400,2103029,SenaKoon,,2013-11-16 15:35:53.960000000,2013-11-16 15:40:04.960000000,251,Outbound,1,Outbound,English,19,232,0,0,8082935293,N,,0,0,0,N,
72904446286049471,2103029,SenaKoon,,2013-11-16 15:40:51.773000000,2013-11-16 15:40:58.773000000,7,Outbound,1,Outbound,English,7,0,0,0,8083569464,N,,0,0,0,N,
72904446286049479,2103029,SenaKoon,,2013-11-16 15:41:21.070000000,2013-11-16 15:41:27.070000000,6,Outbound,1,Outbound,English,6,0,0,0,8083569464,N,,0,0,0,N,
72904446286049499,2103029,SenaKoon,,2013-11-16 15:42:35.303000000,2013-11-16 16:06:17.303000000,1422,Outbound,1,Outbound,English,17,1405,0,0,8086369731,N,,0,0,0,N,
73185923735957951,8083821119,SenaKoon,Individual,2013-11-16 16:43:00.010000000,2013-11-16 16:50:56.010000000,476,Inbound,1,MAXHIHIX_English_Individual_vcall,English,2,474,0,3,8776285076,N,General Information - Individual,1,88,0,N,
73185923735958386,8083644514,SenaKoon,Individual,2013-11-16 17:01:00.607000000,2013-11-16 17:06:03.607000000,303,Inbound,1,MAXHIHIX_English_Individual_Plans_vcall,English,3,300,0,3,8776285076,N,General Information - Individual,0,106,0,N,
73185923735960016,8086919404,SenaKoon,Individual,2013-11-16 18:25:26.503000000,2013-11-16 18:47:34.503000000,1328,Inbound,1,MAXHIHIX_English_Individual_Plans_vcall,English,3,1325,0,1,8776285076,N,General Information - Individual,0,77,0,N,
73185923735944778,8082068441,SenaKoon,Individual,2013-11-16 10:58:36.137000000,2013-11-16 11:04:36.137000000,360,Inbound,1,MAXHIHIX_English_Individual_vcall,English,2,358,0,1,8776285076,N,General Information - Individual,1,62,0,N,
72904446286050355,2103029,SenaKoon,,2013-11-16 17:08:20.217000000,2013-11-16 17:08:41.217000000,21,Internal,1,Internal,English,20,0,0,0,2103025,N,,0,0,0,N,
72904446286050366,2103029,SenaKoon,,2013-11-16 17:09:16.763000000,2013-11-16 17:09:51.763000000,35,Internal,1,Internal,English,34,0,0,0,2103025,N,,0,0,0,N,
72904446286049818,2103029,SenaKoon,,2013-11-16 16:11:54.603000000,2013-11-16 16:12:01.603000000,7,Outbound,1,Outbound,English,7,0,0,0,8083569464,N,,0,0,0,N,
72904446286049829,2103029,SenaKoon,,2013-11-16 16:13:20.090000000,2013-11-16 16:14:27.090000000,67,Outbound,1,Outbound,English,25,42,0,0,8083965890,N,,0,0,0,N,
73185923735943111,8082941163,SenaKoon,Individual,2013-11-16 10:26:33.667000000,2013-11-16 10:33:35.667000000,422,Inbound,1,MAXHIHIX_English_Individual_Tech_Diff_vcall,English,3,419,0,1,8776285076,N,General Information - Individual,0,77,0,N,
73185923735943523,8082770187,SenaKoon,Individual,2013-11-16 10:35:02.540000000,2013-11-16 10:36:03.540000000,61,Inbound,1,MAXHIHIX_English_Individual_Plans_vcall,English,3,58,0,2,8776285076,N,General Information - Medicaid,0,86,0,N,
73185923735943826,8086407204,SenaKoon,Individual,2013-11-16 10:40:06.697000000,2013-11-16 10:45:08.697000000,302,Inbound,1,MAXHIHIX_English_Individual_Tech_Diff_vcall,English,3,299,0,1,8776285076,N,General Information - Individual,0,65,0,N,
73185923735936702,9173068793,VonnetteKeliiwaiwaiole,Individual,2013-11-16 08:16:30.357000000,2013-11-16 08:18:03.357000000,93,Inbound,1,MAXHIHIX_English_Individual_vcall,English,2,91,0,214,8776285076,N,General Information - Individual,122,59,0,N,
73185923735937043,8083320241,VonnetteKeliiwaiwaiole,Individual,2013-11-16 08:22:06.657000000,2013-11-16 08:54:26.657000000,1940,Inbound,1,MAXHIHIX_English_Individual_vcall,English,3,1937,0,3,8776285076,N,Complete Application,8,50,0,N,
72904446286047957,2103023,VonnetteKeliiwaiwaiole,,2013-11-16 13:35:33.137000000,2013-11-16 13:35:40.137000000,7,Outbound,1,Outbound,English,7,0,0,0,8083832755,N,,0,0,0,N,
72904446286047960,2103023,VonnetteKeliiwaiwaiole,,2013-11-16 13:35:44.857000000,2013-11-16 13:35:52.857000000,8,Outbound,1,Outbound,English,8,0,0,0,8083832755,N,,0,0,0,N,
72904446286047962,2103023,VonnetteKeliiwaiwaiole,,2013-11-16 13:35:58.620000000,2013-11-16 13:38:26.620000000,148,Outbound,1,Outbound,English,35,113,0,0,8083832755,N,,0,0,0,N,
34342374476793824,8083391540,VonnetteKeliiwaiwaiole,Shop,2013-11-16 10:45:30.980000000,2013-11-16 11:01:27.980000000,957,Inbound,1,MAXHIHIX_English_Shop_vcall,English,3,954,0,4,8776285076,N,Technical Issues - SHOP,36,32,0,N,
34342374476791469,8083271433,VonnetteKeliiwaiwaiole,Individual,2013-11-16 09:44:08.553000000,2013-11-16 09:48:53.553000000,285,Inbound,1,MAXHIHIX_English_Individual_vcall,English,3,282,0,5,8776285076,N,General Information - Individual,22,117,0,N,
72904446286044560,2103023,VonnetteKeliiwaiwaiole,,2013-11-16 09:42:08.913000000,2013-11-16 09:43:54.913000000,106,Outbound,1,Outbound,English,29,77,0,0,8083391540,N,,0,0,0,N,
55725787,,,Webchat,2013-11-16 08:39:43,2013-11-16 08:39:43,0,2,1,Webchat,English,0,0,0,0,,N,,0,0,0,N,
55725800,,,Webchat,2013-11-16 09:43:10,2013-11-16 09:43:10,0,2,1,Webchat,English,0,0,0,0,,N,,0,0,0,N,
55725806,tlily@ix.netcom.com,,Webchat,2013-11-16 10:14:17,2013-11-16 10:14:17,0,2,1,Webchat,English,0,0,0,0,,N,,0,0,0,N,
55725875,,,Webchat,2013-11-16 15:00:35,2013-11-16 15:00:35,0,2,1,Webchat,English,0,0,0,0,,N,,0,0,0,N,
34342374476778690,8083727929,,,2013-11-16 00:58:36.837000000,2013-11-16 00:59:11.837000000,35,Inbound,1,InboundAban,English,0,0,0,0,8776285076,N,,0,35,0,N,
34342374476786539,8084697066,,,2013-11-16 07:36:14.040000000,2013-11-16 07:37:28.040000000,74,Inbound,1,InboundAban,English,0,0,0,0,8776285076,N,,0,74,0,N,
34342374476786793,8083715893,,,2013-11-16 07:42:56.243000000,2013-11-16 07:43:58.243000000,62,Inbound,1,InboundAban,English,0,0,0,0,8776285076,N,,0,62,0,N,
34342374476786847,8083715893,,,2013-11-16 07:44:12.827000000,2013-11-16 07:44:37.827000000,25,Inbound,1,InboundAban,English,0,0,0,0,8776285076,N,,0,25,0,N,
34342374476787183,8082488458,,,2013-11-16 07:52:52.697000000,2013-11-16 07:53:40.697000000,48,Inbound,1,InboundAban,English,0,0,0,0,8776285076,N,,0,48,0,N,
34342374476787372,8082488458,,,2013-11-16 07:57:22.293000000,2013-11-16 07:58:04.293000000,42,Inbound,1,InboundAban,English,0,0,0,0,8776285076,N,,0,42,0,N,
34342374476787504,8082488458,,Individual,2013-11-16 08:01:01.187000000,2013-11-16 08:07:05.187000000,364,Inbound,1,MAXHIHIX_English_Individual_vcall,English,0,0,0,0,8776285076,N,,277,56,1,N,
34342374476787808,9173068793,,Individual,2013-11-16 08:08:47.847000000,2013-11-16 08:10:44.847000000,117,Inbound,1,MAXHIHIX_English_Individual_Plans_vcall,English,0,0,0,0,8776285076,N,,3,115,1,N,
34342374476787936,9173068793,,,2013-11-16 08:11:41.690000000,2013-11-16 08:12:45.690000000,64,Inbound,1,InboundAban,English,0,0,0,0,8776285076,N,,0,64,0,N,
34342374476791400,8085449883,,General,2013-11-16 09:40:10.967000000,2013-11-16 09:41:17.967000000,67,Inbound,1,MAXHIHIX_Hawaiian_General_vcall,Hawaiian,0,0,0,0,8776285076,N,,39,28,1,N,
34342374476793112,8089828218,,Individual,2013-11-16 10:26:06.533000000,2013-11-16 10:31:52.533000000,346,Inbound,1,MAXHIHIX_English_Individual_Tech_Diff_vcall,English,0,0,0,0,8776285076,N,,276,58,1,N,
34342374476793674,8082812900,,Individual,2013-11-16 10:40:14.103000000,2013-11-16 10:45:04.103000000,290,Inbound,1,MAXHIHIX_English_Individual_Plans_vcall,English,0,0,0,0,8776285076,N,,232,58,1,N,
34342374476796874,8084783961,,,2013-11-16 12:08:12.307000000,2013-11-16 12:08:18.307000000,6,Inbound,1,InboundAban,English,0,0,0,0,8776285076,N,,0,6,0,N,
34342374476797627,5595158764,,,2013-11-16 12:29:33.223000000,2013-11-16 12:30:13.223000000,40,Inbound,1,InboundAban,English,0,0,0,0,8776285076,N,,0,40,0,N,
34342374476800762,8087788801,,,2013-11-16 14:10:07.277000000,2013-11-16 14:10:15.277000000,8,Inbound,1,InboundAban,English,0,0,0,0,8776285076,N,,0,8,0,N,
34342374476801583,7192526861,,Individual,2013-11-16 14:40:37.897000000,2013-11-16 14:46:38.897000000,361,Inbound,1,MAXHIHIX_English_Individual_vcall,English,0,0,0,0,8776285076,N,,276,60,1,N,
34342374476802893,8186385957,,MAXHIHIX_Test,2013-11-16 15:30:26.507000000,2013-11-16 15:38:50.507000000,504,Inbound,1,MAXHIHIX_Test,None,0,0,0,0,8667206234,N,,439,65,1,N,
34342374476803313,8083569464,,,2013-11-16 15:47:05.353000000,2013-11-16 15:47:23.353000000,18,Inbound,1,InboundAban,English,0,0,0,0,8776285076,N,,0,18,0,N,
34342374476806215,8083839500,,,2013-11-16 18:18:35.543000000,2013-11-16 18:18:48.543000000,13,Inbound,1,InboundAban,English,0,0,0,0,8776285076,N,,0,13,0,N,
34342374476807304,8084791583,,,2013-11-16 20:03:36.033000000,2013-11-16 20:04:00.033000000,24,Inbound,1,InboundAban,English,0,0,0,0,8776285076,N,,0,24,0,N,
34342374476807306,8084791583,,,2013-11-16 20:04:12.660000000,2013-11-16 20:04:33.660000000,21,Inbound,1,InboundAban,English,0,0,0,0,8776285076,N,,0,21,0,N,
34342374476806796,8083644514,,,2013-11-16 19:07:13.917000000,2013-11-16 19:07:24.917000000,11,Inbound,1,InboundAban,English,0,0,0,0,8776285076,N,,0,11,0,N,
73185923735926437,8083727929,,,2013-11-16 00:57:57.963000000,2013-11-16 00:58:27.963000000,30,Inbound,1,InboundAban,English,0,0,0,0,8776285076,N,,0,30,0,N,
73185923735935219,8083715893,,,2013-11-16 07:42:13.027000000,2013-11-16 07:42:47.027000000,34,Inbound,1,InboundAban,English,0,0,0,0,8776285076,N,,0,34,0,N,
73185923735935990,8082488458,,,2013-11-16 07:58:14.223000000,2013-11-16 07:58:59.223000000,45,Inbound,1,InboundAban,English,0,0,0,0,8776285076,N,,0,45,0,N,
73185923735936384,9173068793,,,2013-11-16 08:07:01.247000000,2013-11-16 08:07:13.247000000,12,Inbound,1,InboundAban,English,0,0,0,0,8776285076,N,,0,12,0,N,
73185923735945187,8088450377,,,2013-11-16 11:05:49.523000000,2013-11-16 11:05:59.523000000,10,Inbound,1,InboundAban,English,0,0,0,0,8776285076,N,,0,10,0,N,
73185923735946838,8083157551,,,2013-11-16 11:41:14.447000000,2013-11-16 11:41:24.447000000,10,Inbound,1,InboundAban,English,0,0,0,0,8776285076,N,,0,10,0,N,
73185923735949092,5595158214,,,2013-11-16 12:30:22.717000000,2013-11-16 12:30:45.717000000,23,Inbound,1,InboundAban,English,0,0,0,0,8776285076,N,,0,23,0,N,
73185923735954701,7075144324,,,2013-11-16 14:51:28.437000000,2013-11-16 14:52:22.437000000,54,Inbound,1,InboundAban,English,0,0,0,0,8776285076,N,,0,54,0,N,
73185923735955668,8083875585,,,2013-11-16 15:21:53.413000000,2013-11-16 15:22:00.413000000,7,Inbound,1,InboundAban,English,0,0,0,0,8776285076,N,,0,7,0,N,
73185923735957233,8087358939,,Individual,2013-11-16 16:13:56.387000000,2013-11-16 16:17:40.387000000,224,Inbound,1,MAXHIHIX_English_Individual_vcall,English,0,0,0,0,8776285076,N,,164,61,1,N,
73185923735957799,8087358939,,,2013-11-16 16:34:54.493000000,2013-11-16 16:34:59.493000000,5,Inbound,1,InboundAban,English,0,0,0,0,8776285076,N,,0,5,0,N,
73185923735961632,8082143591,,,2013-11-16 22:02:21.713000000,2013-11-16 22:03:09.713000000,48,Inbound,1,InboundAban,English,0,0,0,0,8776285076,N,,0,48,0,N,
