<?xml version = '1.0' encoding = 'UTF-8'?>
<FKIndexAssociation class="oracle.dbtools.crest.model.design.relational.FKIndexAssociation" id="06A73F91-2B1D-F621-C173-D6E895EADBB7" directorySegmentName="seg_0" name="FMFDOCBD_DMFDOCIS_FK">
<createdBy>ro38606</createdBy>
<createdTime>2013-05-09 18:10:04 UTC</createdTime>
<ownerDesignName>ILEB_BPM_Semantic_data_model_diagram</ownerDesignName>
<containerWithKeyObject>5C425949-F273-27ED-90D4-0B2013437206</containerWithKeyObject>
<deleteRule>NO ACTION</deleteRule>
<localFKIndex>666A6F60-908B-8A45-7782-B03FBA53350F</localFKIndex>
<keyObject>2AE3ECF2-5A90-9697-60B3-29E23DC67AD5</keyObject>
<mandatory>true</mandatory>
<transferable>true</transferable>
</FKIndexAssociation>