<?xml version = '1.0' encoding = 'UTF-8'?>
<FKIndexAssociation class="oracle.dbtools.crest.model.design.relational.FKIndexAssociation" id="0DFB1632-A145-D7F5-2930-72846DCFE1B7" directorySegmentName="seg_0" name="FPIBD_DPIIS_FK">
<createdBy>ro38606</createdBy>
<createdTime>2013-05-09 18:10:04 UTC</createdTime>
<ownerDesignName>ILEB_BPM_Semantic_data_model_diagram</ownerDesignName>
<containerWithKeyObject>1CC62694-BC68-EF0D-1F50-8D29BD1B92B6</containerWithKeyObject>
<deleteRule>NO ACTION</deleteRule>
<localFKIndex>C7DB722C-2779-19A3-F640-45BA5FB5BA74</localFKIndex>
<keyObject>62D08379-08A0-74CC-C1CE-ECEBAA6ADB4A</keyObject>
<mandatory>true</mandatory>
<transferable>true</transferable>
</FKIndexAssociation>