<?xml version = '1.0' encoding = 'UTF-8'?>
<FKIndexAssociation class="oracle.dbtools.crest.model.design.relational.FKIndexAssociation" id="101C3647-64EF-C0F1-6027-22CCC54E449C" directorySegmentName="seg_0" name="FPIBD_DPIISS_FK">
<createdBy>ro38606</createdBy>
<createdTime>2013-05-09 18:10:04 UTC</createdTime>
<ownerDesignName>ILEB_BPM_Semantic_data_model_diagram</ownerDesignName>
<containerWithKeyObject>1CC62694-BC68-EF0D-1F50-8D29BD1B92B6</containerWithKeyObject>
<deleteRule>NO ACTION</deleteRule>
<localFKIndex>692BBB6C-CDA7-3763-34E4-7DA014D413E7</localFKIndex>
<keyObject>0909B569-8221-6822-514E-9AFB24B7CF8A</keyObject>
<mandatory>true</mandatory>
<transferable>true</transferable>
</FKIndexAssociation>