<?xml version = '1.0' encoding = 'UTF-8'?>
<FKIndexAssociation class="oracle.dbtools.crest.model.design.relational.FKIndexAssociation" id="1164A5F1-C107-23DE-F61C-9F1A542FB168" directorySegmentName="seg_0" name="FMFDOCBD_DMFDOCB_FK">
<createdBy>ro38606</createdBy>
<createdTime>2013-05-09 18:10:04 UTC</createdTime>
<ownerDesignName>ILEB_BPM_Semantic_data_model_diagram</ownerDesignName>
<containerWithKeyObject>5C425949-F273-27ED-90D4-0B2013437206</containerWithKeyObject>
<deleteRule>NO ACTION</deleteRule>
<localFKIndex>DDA8EF05-64B8-E091-86E7-62D8B2970CBA</localFKIndex>
<keyObject>55516C62-146E-986E-B478-74662D5B02D0</keyObject>
<mandatory>true</mandatory>
<transferable>true</transferable>
</FKIndexAssociation>