<?xml version = '1.0' encoding = 'UTF-8'?>
<FKIndexAssociation class="oracle.dbtools.crest.model.design.relational.FKIndexAssociation" id="1C47CABB-8558-1968-6A8F-F2B8F5DA3543" directorySegmentName="seg_0" name="FSCIRBD_DSCICUR_FK">
<createdBy>ro38606</createdBy>
<createdTime>2013-05-13 19:43:04 UTC</createdTime>
<ownerDesignName>ILEB_BPM_Semantic_data_model_diagram</ownerDesignName>
<containerWithKeyObject>E0850298-A194-AFAB-A8D3-8D19F703A9DD</containerWithKeyObject>
<deleteRule>NO ACTION</deleteRule>
<localFKIndex>BBE23BB6-18BD-6EA0-E706-86979F9E2612</localFKIndex>
<keyObject>BD745DCC-ABCA-6BF0-D290-30723845CB9A</keyObject>
<mandatory>true</mandatory>
<transferable>true</transferable>
</FKIndexAssociation>