<?xml version = '1.0' encoding = 'UTF-8'?>
<FKIndexAssociation class="oracle.dbtools.crest.model.design.relational.FKIndexAssociation" id="21E6EF1F-7C0F-70B0-23C4-9EFEF92B2975" directorySegmentName="seg_0" name="FPLBD_DPLLS_FK">
<createdBy>ro38606</createdBy>
<createdTime>2013-05-09 18:10:04 UTC</createdTime>
<ownerDesignName>ILEB_BPM_Semantic_data_model_diagram</ownerDesignName>
<containerWithKeyObject>3E07923A-9B55-CE1E-6FC2-6E2BC1621C70</containerWithKeyObject>
<deleteRule>NO ACTION</deleteRule>
<localFKIndex>A53BB830-E7C5-8A01-9439-86590C073207</localFKIndex>
<keyObject>8A5219EA-22E0-8347-553A-C8F7A54CABAD</keyObject>
<mandatory>true</mandatory>
<transferable>true</transferable>
</FKIndexAssociation>