<?xml version = '1.0' encoding = 'UTF-8'?>
<FKIndexAssociation class="oracle.dbtools.crest.model.design.relational.FKIndexAssociation" id="364B6882-D16F-4E5F-49B6-EE6052B4EC18" directorySegmentName="seg_0" name="FPIBD_DPIIA_FK">
<createdBy>ro38606</createdBy>
<createdTime>2013-05-09 18:10:04 UTC</createdTime>
<ownerDesignName>ILEB_BPM_Semantic_data_model_diagram</ownerDesignName>
<containerWithKeyObject>1CC62694-BC68-EF0D-1F50-8D29BD1B92B6</containerWithKeyObject>
<deleteRule>NO ACTION</deleteRule>
<localFKIndex>6CE50B6A-0227-A112-5956-940CB9C03396</localFKIndex>
<keyObject>57FBE319-78A7-4481-BE44-48F6E7D911F2</keyObject>
<mandatory>true</mandatory>
<transferable>true</transferable>
</FKIndexAssociation>