<?xml version = '1.0' encoding = 'UTF-8'?>
<FKIndexAssociation class="oracle.dbtools.crest.model.design.relational.FKIndexAssociation" id="3F1D745A-5A7F-9AD7-976E-8EA99AF56CE4" directorySegmentName="seg_0" name="FPLBD_DPLCUR_FK">
<createdBy>mb56142</createdBy>
<createdTime>2013-06-19 23:04:08 UTC</createdTime>
<ownerDesignName>ILEB_BPM_Semantic_data_model_diagram</ownerDesignName>
<containerWithKeyObject>3E07923A-9B55-CE1E-6FC2-6E2BC1621C70</containerWithKeyObject>
<deleteRule>NO ACTION</deleteRule>
<localFKIndex>03418AB0-8325-9F86-762E-DE83FA9B23AD</localFKIndex>
<keyObject>B97799F9-79E0-6B1F-681C-C883AC087CF8</keyObject>
<mandatory>true</mandatory>
<transferable>true</transferable>
</FKIndexAssociation>