<?xml version = '1.0' encoding = 'UTF-8'?>
<FKIndexAssociation class="oracle.dbtools.crest.model.design.relational.FKIndexAssociation" id="6823B6B0-9E35-24E4-2CAF-A65C9B20B820" directorySegmentName="seg_0" name="FMFDOCBD_DMFDOCDS_FK">
<createdBy>ro38606</createdBy>
<createdTime>2013-05-09 18:10:04 UTC</createdTime>
<ownerDesignName>ILEB_BPM_Semantic_data_model_diagram</ownerDesignName>
<containerWithKeyObject>5C425949-F273-27ED-90D4-0B2013437206</containerWithKeyObject>
<deleteRule>NO ACTION</deleteRule>
<localFKIndex>287B33F5-EACF-A36B-AB36-A8225475C7D6</localFKIndex>
<keyObject>BB653C8F-9523-EDF1-6A42-9D0C2AA874A4</keyObject>
<mandatory>true</mandatory>
<transferable>true</transferable>
</FKIndexAssociation>