<?xml version = '1.0' encoding = 'UTF-8'?>
<FKIndexAssociation class="oracle.dbtools.crest.model.design.relational.FKIndexAssociation" id="83E3BF2F-3A8E-00A6-F7F5-7C08E31092E9" directorySegmentName="seg_0" name="FMFDOCBD_DMFDOCTS_FK">
<createdBy>ro38606</createdBy>
<createdTime>2013-05-09 18:10:04 UTC</createdTime>
<ownerDesignName>ILEB_BPM_Semantic_data_model_diagram</ownerDesignName>
<containerWithKeyObject>5C425949-F273-27ED-90D4-0B2013437206</containerWithKeyObject>
<deleteRule>NO ACTION</deleteRule>
<localFKIndex>A772845B-48B6-FE62-D4A4-DEAC50F5E25A</localFKIndex>
<keyObject>454F9DAC-78E9-1A29-6992-5A5C239C46D7</keyObject>
<mandatory>true</mandatory>
<transferable>true</transferable>
</FKIndexAssociation>