<?xml version = '1.0' encoding = 'UTF-8'?>
<FKIndexAssociation class="oracle.dbtools.crest.model.design.relational.FKIndexAssociation" id="C0E2C3F6-A5E5-388F-8287-B179A12C2018" directorySegmentName="seg_0" name="FONLBD_DONLCUR_FK">
<sourceConnName>ILEBMXDD</sourceConnName>
<sourceObjSchema>MAXDAT</sourceObjSchema>
<sourceObjName>FONLBD_DONLCUR_FK</sourceObjName>
<createdBy>mb56142</createdBy>
<createdTime>2013-10-06 20:01:42 UTC</createdTime>
<ownerDesignName>ILEB_BPM_Semantic_data_model_diagram</ownerDesignName>
<containerWithKeyObject>7EFBBB6F-D271-D4C3-700D-50A8E47FDF54</containerWithKeyObject>
<deleteRule>NO ACTION</deleteRule>
<localFKIndex>31EF0E45-848A-9CE3-301D-E9E1E12528F0</localFKIndex>
<keyObject>C36082E5-3611-27E0-04E3-89A0A1C1479B</keyObject>
<mandatory>true</mandatory>
<transferable>true</transferable>
</FKIndexAssociation>