<?xml version = '1.0' encoding = 'UTF-8'?>
<FKIndexAssociation class="oracle.dbtools.crest.model.design.relational.FKIndexAssociation" id="C231D9DA-9853-DF90-7161-2D7109AECC06" directorySegmentName="seg_0" name="FSCIERBD_DSCICUR_FK">
<createdBy>ro38606</createdBy>
<createdTime>2013-05-13 19:44:03 UTC</createdTime>
<ownerDesignName>ILEB_BPM_Semantic_data_model_diagram</ownerDesignName>
<containerWithKeyObject>5B01E99D-6A8D-CF5E-F4F1-4E5BDB0273CF</containerWithKeyObject>
<deleteRule>NO ACTION</deleteRule>
<localFKIndex>884A0687-3CAB-DFE9-3F77-7A670EB8F99A</localFKIndex>
<keyObject>713C84CB-CEB7-3E90-D4C1-DF909F746B40</keyObject>
<mandatory>true</mandatory>
<transferable>true</transferable>
</FKIndexAssociation>