<?xml version = '1.0' encoding = 'UTF-8'?>
<FKIndexAssociation class="oracle.dbtools.crest.model.design.relational.FKIndexAssociation" id="E98E2530-1CCB-3AB8-91FA-3813DED73ED8" directorySegmentName="seg_0" name="FONLBD_DONLIS_FK">
<sourceConnName>ILEBMXDD</sourceConnName>
<sourceObjSchema>MAXDAT</sourceObjSchema>
<sourceObjName>FONLBD_DONLIS_FK</sourceObjName>
<createdBy>mb56142</createdBy>
<createdTime>2013-10-06 20:01:42 UTC</createdTime>
<ownerDesignName>ILEB_BPM_Semantic_data_model_diagram</ownerDesignName>
<containerWithKeyObject>7EFBBB6F-D271-D4C3-700D-50A8E47FDF54</containerWithKeyObject>
<deleteRule>NO ACTION</deleteRule>
<localFKIndex>37811643-6549-A0CE-50BE-A8B5A0EF8518</localFKIndex>
<keyObject>FB31F2F3-14F5-A85F-0E64-70714D341298</keyObject>
<mandatory>true</mandatory>
<transferable>true</transferable>
</FKIndexAssociation>