<?xml version = '1.0' encoding = 'UTF-8'?>
<FKIndexAssociation class="oracle.dbtools.crest.model.design.relational.FKIndexAssociation" id="FE3952F2-4CB8-3074-C536-09046E6BF58A" directorySegmentName="seg_0" name="FPIBD_DPIES_FK">
<createdBy>ro38606</createdBy>
<createdTime>2013-05-09 18:10:04 UTC</createdTime>
<ownerDesignName>ILEB_BPM_Semantic_data_model_diagram</ownerDesignName>
<containerWithKeyObject>1CC62694-BC68-EF0D-1F50-8D29BD1B92B6</containerWithKeyObject>
<deleteRule>NO ACTION</deleteRule>
<localFKIndex>C42593A6-E953-2F58-CBC6-CC42028B4A9C</localFKIndex>
<keyObject>9DB8353F-93DD-FF59-672E-98C7990D558F</keyObject>
<mandatory>true</mandatory>
<transferable>true</transferable>
</FKIndexAssociation>