<?xml version = '1.0' encoding = 'UTF-8'?>
<Table class="oracle.dbtools.crest.model.design.relational.Table" directorySegmentName="seg_0" id="00E04614-0DCB-0544-032A-5214F427F8BB" name="D_PI_INCIDENT_ABOUT">
<sourceConnName>TX_MAXDAT_PROD</sourceConnName>
<sourceObjSchema>MAXDAT</sourceObjSchema>
<sourceObjName>D_PI_INCIDENT_ABOUT</sourceObjName>
<createdBy>mb56142</createdBy>
<createdTime>2014-06-25 02:05:29 UTC</createdTime>
<ownerDesignName>TXEB_BPM_Semantic_data_model_diagram</ownerDesignName>
<schemaObject>121AEE1F-FD79-403A-F17D-FF8859EA2228</schemaObject>
<allowColumnReorder>false</allowColumnReorder>
<existDependencyGenerateInDDl>true</existDependencyGenerateInDDl>
<columns itemClass="oracle.dbtools.crest.model.design.relational.Column">
<Column name="DPIIA_ID" id="C4542B04-BE5A-7656-09E2-7BC0E1D067F7">
<sourceConnName>TX_MAXDAT_PROD</sourceConnName>
<sourceObjSchema>D_PI_INCIDENT_ABOUT</sourceObjSchema>
<sourceObjName>DPIIA_ID</sourceObjName>
<createdBy>mb56142</createdBy>
<createdTime>2014-06-25 02:05:29 UTC</createdTime>
<ownerDesignName>TXEB_BPM_Semantic_data_model_diagram</ownerDesignName>
<useDomainConstraints>false</useDomainConstraints>
<use>1</use>
<logicalDatatype>LOGDT019</logicalDatatype>
<autoIncrementCycle>false</autoIncrementCycle>
</Column>
<Column name="Incident About" id="DB913F0B-3DB4-975F-160B-CB23FF5C80A9">
<sourceConnName>TX_MAXDAT_PROD</sourceConnName>
<sourceObjSchema>D_PI_INCIDENT_ABOUT</sourceObjSchema>
<sourceObjName>Incident About</sourceObjName>
<createdBy>mb56142</createdBy>
<createdTime>2014-06-25 02:05:29 UTC</createdTime>
<ownerDesignName>TXEB_BPM_Semantic_data_model_diagram</ownerDesignName>
<nameHasQuotes>true</nameHasQuotes>
<nullsAllowed>true</nullsAllowed>
<useDomainConstraints>false</useDomainConstraints>
<use>1</use>
<logicalDatatype>LOGDT024</logicalDatatype>
<dataTypeSize>80 BYTE</dataTypeSize>
<autoIncrementCycle>false</autoIncrementCycle>
</Column>
</columns>
<indexes itemClass="oracle.dbtools.crest.model.design.relational.Index">
<ind_PK_UK id="323EC3F6-9E86-CD8F-FCAA-0594BF20EE8F" name="DPIIA_PK">
<sourceConnName>TX_MAXDAT_PROD</sourceConnName>
<sourceObjSchema>MAXDAT</sourceObjSchema>
<sourceObjName>DPIIA_PK</sourceObjName>
<createdBy>mb56142</createdBy>
<createdTime>2014-06-25 02:05:30 UTC</createdTime>
<ownerDesignName>TXEB_BPM_Semantic_data_model_diagram</ownerDesignName>
<pk>true</pk>
<indexState>Primary Constraint</indexState>
<isSurrogateKey>false</isSurrogateKey>
<indexColumnUsage>
<colUsage columnID="C4542B04-BE5A-7656-09E2-7BC0E1D067F7"/>
</indexColumnUsage>
</ind_PK_UK>
<ind_PK_UK id="289A991B-E32C-8EBD-DE42-01CF21343131" name="DPIIA_PK">
<sourceConnName>TX_MAXDAT_PROD</sourceConnName>
<sourceObjSchema>MAXDAT</sourceObjSchema>
<sourceObjName>DPIIA_PK</sourceObjName>
<createdBy>mb56142</createdBy>
<createdTime>2014-06-25 02:05:30 UTC</createdTime>
<ownerDesignName>TXEB_BPM_Semantic_data_model_diagram</ownerDesignName>
<indexState>Unique Plain Index</indexState>
<schemaObject>121AEE1F-FD79-403A-F17D-FF8859EA2228</schemaObject>
<isSurrogateKey>false</isSurrogateKey>
<indexColumnUsage>
<colUsage columnID="C4542B04-BE5A-7656-09E2-7BC0E1D067F7"/>
</indexColumnUsage>
</ind_PK_UK>
<ind_PK_UK id="6ECC0756-EF3F-F2C0-9F58-5E2F3256B798" name="DPIIA_UIX1">
<sourceConnName>TX_MAXDAT_PROD</sourceConnName>
<sourceObjSchema>MAXDAT</sourceObjSchema>
<sourceObjName>DPIIA_UIX1</sourceObjName>
<createdBy>mb56142</createdBy>
<createdTime>2014-06-25 02:05:30 UTC</createdTime>
<ownerDesignName>TXEB_BPM_Semantic_data_model_diagram</ownerDesignName>
<indexState>Unique Plain Index</indexState>
<schemaObject>121AEE1F-FD79-403A-F17D-FF8859EA2228</schemaObject>
<isSurrogateKey>false</isSurrogateKey>
<indexColumnUsage>
<colUsage columnID="DB913F0B-3DB4-975F-160B-CB23FF5C80A9"/>
</indexColumnUsage>
</ind_PK_UK>
</indexes>
</Table>