<?xml version = '1.0' encoding = 'UTF-8'?>
<Table class="oracle.dbtools.crest.model.design.relational.Table" directorySegmentName="seg_0" id="0317F283-8229-0D6D-83D4-0622ED41084B" name="F_MFDOC_BY_DATE">
<sourceConnName>TX_MAXDAT_PROD</sourceConnName>
<sourceObjSchema>MAXDAT</sourceObjSchema>
<sourceObjName>F_MFDOC_BY_DATE</sourceObjName>
<createdBy>mb56142</createdBy>
<createdTime>2014-06-25 02:30:17 UTC</createdTime>
<ownerDesignName>TXEB_BPM_Semantic_data_model_diagram</ownerDesignName>
<schemaObject>121AEE1F-FD79-403A-F17D-FF8859EA2228</schemaObject>
<allowColumnReorder>false</allowColumnReorder>
<existDependencyGenerateInDDl>true</existDependencyGenerateInDDl>
<columns itemClass="oracle.dbtools.crest.model.design.relational.Column">
<Column name="FMFDOCBD_ID" id="A130BAA9-F8E1-C864-8736-883B8BD3EBC0">
<sourceConnName>TX_MAXDAT_PROD</sourceConnName>
<sourceObjSchema>F_MFDOC_BY_DATE</sourceObjSchema>
<sourceObjName>FMFDOCBD_ID</sourceObjName>
<createdBy>mb56142</createdBy>
<createdTime>2014-06-25 02:30:18 UTC</createdTime>
<ownerDesignName>TXEB_BPM_Semantic_data_model_diagram</ownerDesignName>
<useDomainConstraints>false</useDomainConstraints>
<use>1</use>
<logicalDatatype>LOGDT019</logicalDatatype>
<autoIncrementCycle>false</autoIncrementCycle>
</Column>
<Column name="D_DATE" id="65C2C476-7FCF-9BC2-C4C2-491E930FBA38">
<sourceConnName>TX_MAXDAT_PROD</sourceConnName>
<sourceObjSchema>F_MFDOC_BY_DATE</sourceObjSchema>
<sourceObjName>D_DATE</sourceObjName>
<createdBy>mb56142</createdBy>
<createdTime>2014-06-25 02:30:18 UTC</createdTime>
<ownerDesignName>TXEB_BPM_Semantic_data_model_diagram</ownerDesignName>
<useDomainConstraints>false</useDomainConstraints>
<use>1</use>
<logicalDatatype>LOGDT007</logicalDatatype>
<dataTypeSize>7</dataTypeSize>
<autoIncrementCycle>false</autoIncrementCycle>
</Column>
<Column name="BUCKET_START_DATE" id="C8F7AFB0-68A8-E695-E384-05B88A14D74D">
<sourceConnName>TX_MAXDAT_PROD</sourceConnName>
<sourceObjSchema>F_MFDOC_BY_DATE</sourceObjSchema>
<sourceObjName>BUCKET_START_DATE</sourceObjName>
<createdBy>mb56142</createdBy>
<createdTime>2014-06-25 02:30:18 UTC</createdTime>
<ownerDesignName>TXEB_BPM_Semantic_data_model_diagram</ownerDesignName>
<useDomainConstraints>false</useDomainConstraints>
<use>1</use>
<logicalDatatype>LOGDT007</logicalDatatype>
<dataTypeSize>7</dataTypeSize>
<autoIncrementCycle>false</autoIncrementCycle>
</Column>
<Column name="BUCKET_END_DATE" id="951CFC17-430E-7140-B834-5A4BFB7634DE">
<sourceConnName>TX_MAXDAT_PROD</sourceConnName>
<sourceObjSchema>F_MFDOC_BY_DATE</sourceObjSchema>
<sourceObjName>BUCKET_END_DATE</sourceObjName>
<createdBy>mb56142</createdBy>
<createdTime>2014-06-25 02:30:18 UTC</createdTime>
<ownerDesignName>TXEB_BPM_Semantic_data_model_diagram</ownerDesignName>
<useDomainConstraints>false</useDomainConstraints>
<use>1</use>
<logicalDatatype>LOGDT007</logicalDatatype>
<dataTypeSize>7</dataTypeSize>
<autoIncrementCycle>false</autoIncrementCycle>
</Column>
<Column name="MFDOC_BI_ID" id="7D7DB04F-F1B3-F81B-97F0-BF603B63CBFB">
<sourceConnName>TX_MAXDAT_PROD</sourceConnName>
<sourceObjSchema>F_MFDOC_BY_DATE</sourceObjSchema>
<sourceObjName>MFDOC_BI_ID</sourceObjName>
<createdBy>mb56142</createdBy>
<createdTime>2014-06-25 02:30:18 UTC</createdTime>
<ownerDesignName>TXEB_BPM_Semantic_data_model_diagram</ownerDesignName>
<useDomainConstraints>false</useDomainConstraints>
<use>1</use>
<logicalDatatype>LOGDT019</logicalDatatype>
<delegate>6D992897-D015-65F7-6BD6-AEDBF7F535AB</delegate>
<autoIncrementCycle>false</autoIncrementCycle>
<associations>
<colAssociation fkAssociation="9BF38B09-DF93-B018-B4C4-8F8BA286BCEC" referredColumn="6D992897-D015-65F7-6BD6-AEDBF7F535AB"/>
</associations>
</Column>
<Column name="DMFDOCDT_ID" id="6AF46316-73F2-062C-082D-A40AAE42D235">
<sourceConnName>TX_MAXDAT_PROD</sourceConnName>
<sourceObjSchema>F_MFDOC_BY_DATE</sourceObjSchema>
<sourceObjName>DMFDOCDT_ID</sourceObjName>
<createdBy>mb56142</createdBy>
<createdTime>2014-06-25 02:30:18 UTC</createdTime>
<ownerDesignName>TXEB_BPM_Semantic_data_model_diagram</ownerDesignName>
<nullsAllowed>true</nullsAllowed>
<useDomainConstraints>false</useDomainConstraints>
<use>1</use>
<logicalDatatype>LOGDT019</logicalDatatype>
<delegate>D3C56E18-E93E-EC37-1DBA-17DB62FC5547</delegate>
<autoIncrementCycle>false</autoIncrementCycle>
<associations>
<colAssociation fkAssociation="A717C8C3-CFE5-F815-2DA3-BAA44AEAD117" referredColumn="D3C56E18-E93E-EC37-1DBA-17DB62FC5547"/>
</associations>
</Column>
<Column name="DMFDOCB_ID" id="BF63B546-1FEA-CE9D-3B98-FC83A5A41B87">
<sourceConnName>TX_MAXDAT_PROD</sourceConnName>
<sourceObjSchema>F_MFDOC_BY_DATE</sourceObjSchema>
<sourceObjName>DMFDOCB_ID</sourceObjName>
<createdBy>mb56142</createdBy>
<createdTime>2014-06-25 02:30:18 UTC</createdTime>
<ownerDesignName>TXEB_BPM_Semantic_data_model_diagram</ownerDesignName>
<useDomainConstraints>false</useDomainConstraints>
<use>1</use>
<logicalDatatype>LOGDT019</logicalDatatype>
<delegate>19EB598C-B538-CEE8-C623-B09C8B910EB3</delegate>
<autoIncrementCycle>false</autoIncrementCycle>
<associations>
<colAssociation fkAssociation="CF502E3A-2F0B-5667-9435-76F478016D54" referredColumn="19EB598C-B538-CEE8-C623-B09C8B910EB3"/>
</associations>
</Column>
<Column name="DMFDOCTS_ID" id="CB22AAD8-958A-9BD9-AD77-829514E8FB38">
<sourceConnName>TX_MAXDAT_PROD</sourceConnName>
<sourceObjSchema>F_MFDOC_BY_DATE</sourceObjSchema>
<sourceObjName>DMFDOCTS_ID</sourceObjName>
<createdBy>mb56142</createdBy>
<createdTime>2014-06-25 02:30:18 UTC</createdTime>
<ownerDesignName>TXEB_BPM_Semantic_data_model_diagram</ownerDesignName>
<useDomainConstraints>false</useDomainConstraints>
<use>1</use>
<logicalDatatype>LOGDT019</logicalDatatype>
<delegate>3E5CC632-0319-C737-0F55-85D78234B625</delegate>
<autoIncrementCycle>false</autoIncrementCycle>
<associations>
<colAssociation fkAssociation="B5447681-3295-EB2B-B093-5E81C37AA222" referredColumn="3E5CC632-0319-C737-0F55-85D78234B625"/>
</associations>
</Column>
<Column name="DMFDOCDS_ID" id="A5594EF9-9BFF-42CF-8E7A-CC0CC6D6860B">
<sourceConnName>TX_MAXDAT_PROD</sourceConnName>
<sourceObjSchema>F_MFDOC_BY_DATE</sourceObjSchema>
<sourceObjName>DMFDOCDS_ID</sourceObjName>
<createdBy>mb56142</createdBy>
<createdTime>2014-06-25 02:30:18 UTC</createdTime>
<ownerDesignName>TXEB_BPM_Semantic_data_model_diagram</ownerDesignName>
<useDomainConstraints>false</useDomainConstraints>
<use>1</use>
<logicalDatatype>LOGDT019</logicalDatatype>
<delegate>1A8F4D7A-544A-1AEC-102E-19D8193979BC</delegate>
<autoIncrementCycle>false</autoIncrementCycle>
<associations>
<colAssociation fkAssociation="EF6D5369-CD73-8451-2366-96DBCF6B3978" referredColumn="1A8F4D7A-544A-1AEC-102E-19D8193979BC"/>
</associations>
</Column>
<Column name="DMFDOCIS_ID" id="B55B9DF9-9827-6F73-5226-56E8E5731B83">
<sourceConnName>TX_MAXDAT_PROD</sourceConnName>
<sourceObjSchema>F_MFDOC_BY_DATE</sourceObjSchema>
<sourceObjName>DMFDOCIS_ID</sourceObjName>
<createdBy>mb56142</createdBy>
<createdTime>2014-06-25 02:30:18 UTC</createdTime>
<ownerDesignName>TXEB_BPM_Semantic_data_model_diagram</ownerDesignName>
<useDomainConstraints>false</useDomainConstraints>
<use>1</use>
<logicalDatatype>LOGDT019</logicalDatatype>
<delegate>2AC5E35D-7084-A77B-C92A-FA0B4E3B2752</delegate>
<autoIncrementCycle>false</autoIncrementCycle>
<associations>
<colAssociation fkAssociation="6D2BBBEF-18BF-24CF-2DE9-BBE9079A7698" referredColumn="2AC5E35D-7084-A77B-C92A-FA0B4E3B2752"/>
</associations>
</Column>
<Column name="DMFDOCDCNJS_ID" id="BE5A151D-2107-C5B5-9228-79B30BC69308">
<sourceConnName>TX_MAXDAT_PROD</sourceConnName>
<sourceObjSchema>F_MFDOC_BY_DATE</sourceObjSchema>
<sourceObjName>DMFDOCDCNJS_ID</sourceObjName>
<createdBy>mb56142</createdBy>
<createdTime>2014-06-25 02:30:18 UTC</createdTime>
<ownerDesignName>TXEB_BPM_Semantic_data_model_diagram</ownerDesignName>
<useDomainConstraints>false</useDomainConstraints>
<use>1</use>
<logicalDatatype>LOGDT019</logicalDatatype>
<delegate>31BBC4D5-9707-B581-4ABF-7B7C97588FD9</delegate>
<autoIncrementCycle>false</autoIncrementCycle>
<associations>
<colAssociation fkAssociation="FF9DB749-0559-7D6D-D848-C5511BCDFD33" referredColumn="31BBC4D5-9707-B581-4ABF-7B7C97588FD9"/>
</associations>
</Column>
<Column name="CREATION_COUNT" id="9A8BA81A-3B32-29FA-2FB7-DB7F29310289">
<sourceConnName>TX_MAXDAT_PROD</sourceConnName>
<sourceObjSchema>F_MFDOC_BY_DATE</sourceObjSchema>
<sourceObjName>CREATION_COUNT</sourceObjName>
<createdBy>mb56142</createdBy>
<createdTime>2014-06-25 02:30:18 UTC</createdTime>
<ownerDesignName>TXEB_BPM_Semantic_data_model_diagram</ownerDesignName>
<nullsAllowed>true</nullsAllowed>
<useDomainConstraints>false</useDomainConstraints>
<use>1</use>
<logicalDatatype>LOGDT019</logicalDatatype>
<autoIncrementCycle>false</autoIncrementCycle>
</Column>
<Column name="INVENTORY_COUNT" id="EABEA5A9-C015-F251-0B4D-827DF8FB3DB9">
<sourceConnName>TX_MAXDAT_PROD</sourceConnName>
<sourceObjSchema>F_MFDOC_BY_DATE</sourceObjSchema>
<sourceObjName>INVENTORY_COUNT</sourceObjName>
<createdBy>mb56142</createdBy>
<createdTime>2014-06-25 02:30:18 UTC</createdTime>
<ownerDesignName>TXEB_BPM_Semantic_data_model_diagram</ownerDesignName>
<nullsAllowed>true</nullsAllowed>
<useDomainConstraints>false</useDomainConstraints>
<use>1</use>
<logicalDatatype>LOGDT019</logicalDatatype>
<autoIncrementCycle>false</autoIncrementCycle>
</Column>
<Column name="COMPLETION_COUNT" id="C9C144AD-C786-9942-95B0-62B66F937BAF">
<sourceConnName>TX_MAXDAT_PROD</sourceConnName>
<sourceObjSchema>F_MFDOC_BY_DATE</sourceObjSchema>
<sourceObjName>COMPLETION_COUNT</sourceObjName>
<createdBy>mb56142</createdBy>
<createdTime>2014-06-25 02:30:18 UTC</createdTime>
<ownerDesignName>TXEB_BPM_Semantic_data_model_diagram</ownerDesignName>
<nullsAllowed>true</nullsAllowed>
<useDomainConstraints>false</useDomainConstraints>
<use>1</use>
<logicalDatatype>LOGDT019</logicalDatatype>
<autoIncrementCycle>false</autoIncrementCycle>
</Column>
<Column name="Document Status Date" id="D33641DE-5A5A-7F29-AE95-CE5D80A3DF5E">
<sourceConnName>TX_MAXDAT_PROD</sourceConnName>
<sourceObjSchema>F_MFDOC_BY_DATE</sourceObjSchema>
<sourceObjName>Document Status Date</sourceObjName>
<createdBy>mb56142</createdBy>
<createdTime>2014-06-25 02:30:18 UTC</createdTime>
<ownerDesignName>TXEB_BPM_Semantic_data_model_diagram</ownerDesignName>
<nameHasQuotes>true</nameHasQuotes>
<nullsAllowed>true</nullsAllowed>
<useDomainConstraints>false</useDomainConstraints>
<use>1</use>
<logicalDatatype>LOGDT007</logicalDatatype>
<dataTypeSize>7</dataTypeSize>
<autoIncrementCycle>false</autoIncrementCycle>
</Column>
<Column name="DCN Jeopardy Status Date" id="5F0DB737-0CED-DAFB-B0CF-B41BD5D0E776">
<sourceConnName>TX_MAXDAT_PROD</sourceConnName>
<sourceObjSchema>F_MFDOC_BY_DATE</sourceObjSchema>
<sourceObjName>DCN Jeopardy Status Date</sourceObjName>
<createdBy>mb56142</createdBy>
<createdTime>2014-06-25 02:30:18 UTC</createdTime>
<ownerDesignName>TXEB_BPM_Semantic_data_model_diagram</ownerDesignName>
<nameHasQuotes>true</nameHasQuotes>
<nullsAllowed>true</nullsAllowed>
<useDomainConstraints>false</useDomainConstraints>
<use>1</use>
<logicalDatatype>LOGDT007</logicalDatatype>
<dataTypeSize>7</dataTypeSize>
<autoIncrementCycle>false</autoIncrementCycle>
</Column>
</columns>
<indexes itemClass="oracle.dbtools.crest.model.design.relational.Index">
<ind_PK_UK id="84C5AF31-0668-9507-A4D0-D3EDD073FBFB" name="FMFDOCBD_PK">
<sourceConnName>TX_MAXDAT_PROD</sourceConnName>
<sourceObjSchema>MAXDAT</sourceObjSchema>
<sourceObjName>FMFDOCBD_PK</sourceObjName>
<createdBy>mb56142</createdBy>
<createdTime>2014-06-25 02:30:19 UTC</createdTime>
<ownerDesignName>TXEB_BPM_Semantic_data_model_diagram</ownerDesignName>
<pk>true</pk>
<indexState>Primary Constraint</indexState>
<isSurrogateKey>false</isSurrogateKey>
<indexColumnUsage>
<colUsage columnID="A130BAA9-F8E1-C864-8736-883B8BD3EBC0"/>
</indexColumnUsage>
</ind_PK_UK>
<ind_PK_UK id="5CC5D586-104C-27AA-ECF4-4302CB69048C" name="FMFDOCBD_IXL4">
<sourceConnName>TX_MAXDAT_PROD</sourceConnName>
<sourceObjSchema>MAXDAT</sourceObjSchema>
<sourceObjName>FMFDOCBD_IXL4</sourceObjName>
<createdBy>mb56142</createdBy>
<createdTime>2014-06-25 02:30:18 UTC</createdTime>
<ownerDesignName>TXEB_BPM_Semantic_data_model_diagram</ownerDesignName>
<schemaObject>121AEE1F-FD79-403A-F17D-FF8859EA2228</schemaObject>
<isSurrogateKey>false</isSurrogateKey>
<indexColumnUsage>
<colUsage columnID="9A8BA81A-3B32-29FA-2FB7-DB7F29310289"/>
</indexColumnUsage>
</ind_PK_UK>
<ind_PK_UK id="30EB2F33-FA64-24A1-DE83-B8743D2A8EB7" name="FMFDOCBD_IXL3">
<sourceConnName>TX_MAXDAT_PROD</sourceConnName>
<sourceObjSchema>MAXDAT</sourceObjSchema>
<sourceObjName>FMFDOCBD_IXL3</sourceObjName>
<createdBy>mb56142</createdBy>
<createdTime>2014-06-25 02:30:18 UTC</createdTime>
<ownerDesignName>TXEB_BPM_Semantic_data_model_diagram</ownerDesignName>
<schemaObject>121AEE1F-FD79-403A-F17D-FF8859EA2228</schemaObject>
<isSurrogateKey>false</isSurrogateKey>
<indexColumnUsage>
<colUsage columnID="C8F7AFB0-68A8-E695-E384-05B88A14D74D"/>
<colUsage columnID="951CFC17-430E-7140-B834-5A4BFB7634DE"/>
</indexColumnUsage>
</ind_PK_UK>
<ind_PK_UK id="DD814AA2-3B1C-70E1-C650-6E1B11CD5005" name="FMFDOCBD_IXL2">
<sourceConnName>TX_MAXDAT_PROD</sourceConnName>
<sourceObjSchema>MAXDAT</sourceObjSchema>
<sourceObjName>FMFDOCBD_IXL2</sourceObjName>
<createdBy>mb56142</createdBy>
<createdTime>2014-06-25 02:30:18 UTC</createdTime>
<ownerDesignName>TXEB_BPM_Semantic_data_model_diagram</ownerDesignName>
<schemaObject>121AEE1F-FD79-403A-F17D-FF8859EA2228</schemaObject>
<isSurrogateKey>false</isSurrogateKey>
<indexColumnUsage>
<colUsage columnID="7D7DB04F-F1B3-F81B-97F0-BF603B63CBFB"/>
</indexColumnUsage>
</ind_PK_UK>
<ind_PK_UK id="C16EE9CE-2372-3D17-EBBE-04BC18A378DD" name="FMFDOCBD_IXL1">
<sourceConnName>TX_MAXDAT_PROD</sourceConnName>
<sourceObjSchema>MAXDAT</sourceObjSchema>
<sourceObjName>FMFDOCBD_IXL1</sourceObjName>
<createdBy>mb56142</createdBy>
<createdTime>2014-06-25 02:30:19 UTC</createdTime>
<ownerDesignName>TXEB_BPM_Semantic_data_model_diagram</ownerDesignName>
<schemaObject>121AEE1F-FD79-403A-F17D-FF8859EA2228</schemaObject>
<isSurrogateKey>false</isSurrogateKey>
<indexColumnUsage>
<colUsage columnID="951CFC17-430E-7140-B834-5A4BFB7634DE"/>
</indexColumnUsage>
</ind_PK_UK>
<ind_PK_UK id="8E7CB3E9-ECCF-47CB-252C-E4308D6D9CB1" name="FMFDOCBD_PK">
<sourceConnName>TX_MAXDAT_PROD</sourceConnName>
<sourceObjSchema>MAXDAT</sourceObjSchema>
<sourceObjName>FMFDOCBD_PK</sourceObjName>
<createdBy>mb56142</createdBy>
<createdTime>2014-06-25 02:30:19 UTC</createdTime>
<ownerDesignName>TXEB_BPM_Semantic_data_model_diagram</ownerDesignName>
<indexState>Unique Plain Index</indexState>
<schemaObject>121AEE1F-FD79-403A-F17D-FF8859EA2228</schemaObject>
<isSurrogateKey>false</isSurrogateKey>
<indexColumnUsage>
<colUsage columnID="A130BAA9-F8E1-C864-8736-883B8BD3EBC0"/>
</indexColumnUsage>
</ind_PK_UK>
<ind_PK_UK id="A69EE0AE-E3CA-4C98-42C5-2D9F20A5B3BB" name="FMFDOCBD_UIX1">
<sourceConnName>TX_MAXDAT_PROD</sourceConnName>
<sourceObjSchema>MAXDAT</sourceObjSchema>
<sourceObjName>FMFDOCBD_UIX1</sourceObjName>
<createdBy>mb56142</createdBy>
<createdTime>2014-06-25 02:30:19 UTC</createdTime>
<ownerDesignName>TXEB_BPM_Semantic_data_model_diagram</ownerDesignName>
<indexState>Unique Plain Index</indexState>
<schemaObject>121AEE1F-FD79-403A-F17D-FF8859EA2228</schemaObject>
<isSurrogateKey>false</isSurrogateKey>
<indexColumnUsage>
<colUsage columnID="7D7DB04F-F1B3-F81B-97F0-BF603B63CBFB"/>
<colUsage columnID="65C2C476-7FCF-9BC2-C4C2-491E930FBA38"/>
</indexColumnUsage>
</ind_PK_UK>
<ind_PK_UK id="F90096C0-47A8-D3FD-5F13-E09A5228B871" name="FMFDOCBD_UIX2">
<sourceConnName>TX_MAXDAT_PROD</sourceConnName>
<sourceObjSchema>MAXDAT</sourceObjSchema>
<sourceObjName>FMFDOCBD_UIX2</sourceObjName>
<createdBy>mb56142</createdBy>
<createdTime>2014-06-25 02:30:19 UTC</createdTime>
<ownerDesignName>TXEB_BPM_Semantic_data_model_diagram</ownerDesignName>
<indexState>Unique Plain Index</indexState>
<schemaObject>121AEE1F-FD79-403A-F17D-FF8859EA2228</schemaObject>
<isSurrogateKey>false</isSurrogateKey>
<indexColumnUsage>
<colUsage columnID="7D7DB04F-F1B3-F81B-97F0-BF603B63CBFB"/>
<colUsage columnID="C8F7AFB0-68A8-E695-E384-05B88A14D74D"/>
</indexColumnUsage>
</ind_PK_UK>
<ind_PK_UK id="58B98CBD-D4FC-A796-072E-E4F5E30201A1" name="FMFDOCBD_IX1">
<sourceConnName>TX_MAXDAT_PROD</sourceConnName>
<sourceObjSchema>MAXDAT</sourceObjSchema>
<sourceObjName>FMFDOCBD_IX1</sourceObjName>
<createdBy>mb56142</createdBy>
<createdTime>2014-06-25 02:30:19 UTC</createdTime>
<ownerDesignName>TXEB_BPM_Semantic_data_model_diagram</ownerDesignName>
<schemaObject>121AEE1F-FD79-403A-F17D-FF8859EA2228</schemaObject>
<isSurrogateKey>false</isSurrogateKey>
<indexColumnUsage>
<colUsage columnID="D33641DE-5A5A-7F29-AE95-CE5D80A3DF5E"/>
</indexColumnUsage>
</ind_PK_UK>
<ind_PK_UK id="4A26A762-F676-E6DB-5895-4E5DFBF44A61" name="FMFDOCBD_IX2">
<sourceConnName>TX_MAXDAT_PROD</sourceConnName>
<sourceObjSchema>MAXDAT</sourceObjSchema>
<sourceObjName>FMFDOCBD_IX2</sourceObjName>
<createdBy>mb56142</createdBy>
<createdTime>2014-06-25 02:30:19 UTC</createdTime>
<ownerDesignName>TXEB_BPM_Semantic_data_model_diagram</ownerDesignName>
<schemaObject>121AEE1F-FD79-403A-F17D-FF8859EA2228</schemaObject>
<isSurrogateKey>false</isSurrogateKey>
<indexColumnUsage>
<colUsage columnID="5F0DB737-0CED-DAFB-B0CF-B41BD5D0E776"/>
</indexColumnUsage>
</ind_PK_UK>
<ind_PK_UK id="357B0F03-2E5D-DE1F-00F7-A809A461DD3F" name="FMFDOCBD_DMFDOCB_FK">
<createdBy>mb56142</createdBy>
<createdTime>2014-06-25 02:30:20 UTC</createdTime>
<ownerDesignName>TXEB_BPM_Semantic_data_model_diagram</ownerDesignName>
<indexState>Foreign Key</indexState>
<isSurrogateKey>false</isSurrogateKey>
<indexColumnUsage>
<colUsage columnID="BF63B546-1FEA-CE9D-3B98-FC83A5A41B87"/>
</indexColumnUsage>
</ind_PK_UK>
<ind_PK_UK id="C2C756CB-8B05-A982-0B56-72A466AEF4FA" name="FMFDOCBD_DMFDOCCUR_FK">
<createdBy>mb56142</createdBy>
<createdTime>2014-06-25 02:30:20 UTC</createdTime>
<ownerDesignName>TXEB_BPM_Semantic_data_model_diagram</ownerDesignName>
<indexState>Foreign Key</indexState>
<isSurrogateKey>false</isSurrogateKey>
<indexColumnUsage>
<colUsage columnID="7D7DB04F-F1B3-F81B-97F0-BF603B63CBFB"/>
</indexColumnUsage>
</ind_PK_UK>
<ind_PK_UK id="43C5F74E-6F00-8480-18DE-E22937B06AA5" name="FMFDOCBD_DMFDOCDS_FK">
<createdBy>mb56142</createdBy>
<createdTime>2014-06-25 02:30:20 UTC</createdTime>
<ownerDesignName>TXEB_BPM_Semantic_data_model_diagram</ownerDesignName>
<indexState>Foreign Key</indexState>
<isSurrogateKey>false</isSurrogateKey>
<indexColumnUsage>
<colUsage columnID="A5594EF9-9BFF-42CF-8E7A-CC0CC6D6860B"/>
</indexColumnUsage>
</ind_PK_UK>
<ind_PK_UK id="B3144633-4C83-36A9-CE34-2F5833B6D22D" name="FMFDOCBD_DMFDOCDT_FK">
<createdBy>mb56142</createdBy>
<createdTime>2014-06-25 02:30:20 UTC</createdTime>
<ownerDesignName>TXEB_BPM_Semantic_data_model_diagram</ownerDesignName>
<indexState>Foreign Key</indexState>
<isSurrogateKey>false</isSurrogateKey>
<indexColumnUsage>
<colUsage columnID="6AF46316-73F2-062C-082D-A40AAE42D235"/>
</indexColumnUsage>
</ind_PK_UK>
<ind_PK_UK id="95A9ABCD-0AED-07B7-4631-3712D1A31D69" name="FMFDOCBD_DMFDOCIS_FK">
<createdBy>mb56142</createdBy>
<createdTime>2014-06-25 02:30:20 UTC</createdTime>
<ownerDesignName>TXEB_BPM_Semantic_data_model_diagram</ownerDesignName>
<indexState>Foreign Key</indexState>
<isSurrogateKey>false</isSurrogateKey>
<indexColumnUsage>
<colUsage columnID="B55B9DF9-9827-6F73-5226-56E8E5731B83"/>
</indexColumnUsage>
</ind_PK_UK>
<ind_PK_UK id="07916F02-564C-5368-180E-96891304535E" name="FMFDOCBD_DMFDOCJS_FK">
<createdBy>mb56142</createdBy>
<createdTime>2014-06-25 02:30:20 UTC</createdTime>
<ownerDesignName>TXEB_BPM_Semantic_data_model_diagram</ownerDesignName>
<indexState>Foreign Key</indexState>
<isSurrogateKey>false</isSurrogateKey>
<indexColumnUsage>
<colUsage columnID="BE5A151D-2107-C5B5-9228-79B30BC69308"/>
</indexColumnUsage>
</ind_PK_UK>
<ind_PK_UK id="B83B6F71-E0AA-C5F3-56DA-237A26C9C4C5" name="FMFDOCBD_DMFDOCTS_FK">
<createdBy>mb56142</createdBy>
<createdTime>2014-06-25 02:30:20 UTC</createdTime>
<ownerDesignName>TXEB_BPM_Semantic_data_model_diagram</ownerDesignName>
<indexState>Foreign Key</indexState>
<isSurrogateKey>false</isSurrogateKey>
<indexColumnUsage>
<colUsage columnID="CB22AAD8-958A-9BD9-AD77-829514E8FB38"/>
</indexColumnUsage>
</ind_PK_UK>
</indexes>
</Table>