<?xml version = '1.0' encoding = 'UTF-8'?>
<Table class="oracle.dbtools.crest.model.design.relational.Table" directorySegmentName="seg_0" id="07FBF2B6-F0EA-ADCA-AD12-C315F41BFC9D" name="D_MFDOC_DOCUMENT_STATUS">
<sourceConnName>TX_MAXDAT_PROD</sourceConnName>
<sourceObjSchema>MAXDAT</sourceObjSchema>
<sourceObjName>D_MFDOC_DOCUMENT_STATUS</sourceObjName>
<createdBy>mb56142</createdBy>
<createdTime>2014-06-25 02:27:49 UTC</createdTime>
<ownerDesignName>TXEB_BPM_Semantic_data_model_diagram</ownerDesignName>
<schemaObject>121AEE1F-FD79-403A-F17D-FF8859EA2228</schemaObject>
<allowColumnReorder>false</allowColumnReorder>
<existDependencyGenerateInDDl>true</existDependencyGenerateInDDl>
<columns itemClass="oracle.dbtools.crest.model.design.relational.Column">
<Column name="DMFDOCDS_ID" id="1A8F4D7A-544A-1AEC-102E-19D8193979BC">
<sourceConnName>TX_MAXDAT_PROD</sourceConnName>
<sourceObjSchema>D_MFDOC_DOCUMENT_STATUS</sourceObjSchema>
<sourceObjName>DMFDOCDS_ID</sourceObjName>
<createdBy>mb56142</createdBy>
<createdTime>2014-06-25 02:27:49 UTC</createdTime>
<ownerDesignName>TXEB_BPM_Semantic_data_model_diagram</ownerDesignName>
<useDomainConstraints>false</useDomainConstraints>
<use>1</use>
<logicalDatatype>LOGDT019</logicalDatatype>
<autoIncrementCycle>false</autoIncrementCycle>
</Column>
<Column name="Document Status" id="BD40A769-F8CD-A142-5B95-9F37A2DD0063">
<sourceConnName>TX_MAXDAT_PROD</sourceConnName>
<sourceObjSchema>D_MFDOC_DOCUMENT_STATUS</sourceObjSchema>
<sourceObjName>Document Status</sourceObjName>
<createdBy>mb56142</createdBy>
<createdTime>2014-06-25 02:27:49 UTC</createdTime>
<ownerDesignName>TXEB_BPM_Semantic_data_model_diagram</ownerDesignName>
<nameHasQuotes>true</nameHasQuotes>
<useDomainConstraints>false</useDomainConstraints>
<use>1</use>
<logicalDatatype>LOGDT024</logicalDatatype>
<dataTypeSize>32 BYTE</dataTypeSize>
<autoIncrementCycle>false</autoIncrementCycle>
</Column>
</columns>
<indexes itemClass="oracle.dbtools.crest.model.design.relational.Index">
<ind_PK_UK id="3F1DBB44-3C91-8FD3-C7FD-8B89CD0C96C3" name="DMFDOCDS_PK">
<sourceConnName>TX_MAXDAT_PROD</sourceConnName>
<sourceObjSchema>MAXDAT</sourceObjSchema>
<sourceObjName>DMFDOCDS_PK</sourceObjName>
<createdBy>mb56142</createdBy>
<createdTime>2014-06-25 02:27:50 UTC</createdTime>
<ownerDesignName>TXEB_BPM_Semantic_data_model_diagram</ownerDesignName>
<pk>true</pk>
<indexState>Primary Constraint</indexState>
<isSurrogateKey>false</isSurrogateKey>
<indexColumnUsage>
<colUsage columnID="1A8F4D7A-544A-1AEC-102E-19D8193979BC"/>
</indexColumnUsage>
</ind_PK_UK>
<ind_PK_UK id="FE129448-FFDF-72B4-2852-8BE764BC995C" name="DMFDOCDS_PK">
<sourceConnName>TX_MAXDAT_PROD</sourceConnName>
<sourceObjSchema>MAXDAT</sourceObjSchema>
<sourceObjName>DMFDOCDS_PK</sourceObjName>
<createdBy>mb56142</createdBy>
<createdTime>2014-06-25 02:27:49 UTC</createdTime>
<ownerDesignName>TXEB_BPM_Semantic_data_model_diagram</ownerDesignName>
<indexState>Unique Plain Index</indexState>
<schemaObject>121AEE1F-FD79-403A-F17D-FF8859EA2228</schemaObject>
<isSurrogateKey>false</isSurrogateKey>
<indexColumnUsage>
<colUsage columnID="1A8F4D7A-544A-1AEC-102E-19D8193979BC"/>
</indexColumnUsage>
</ind_PK_UK>
<ind_PK_UK id="B5A439BA-CDAC-C830-688A-D1875EB7C199" name="DMFDOCDS_UIX1">
<sourceConnName>TX_MAXDAT_PROD</sourceConnName>
<sourceObjSchema>MAXDAT</sourceObjSchema>
<sourceObjName>DMFDOCDS_UIX1</sourceObjName>
<createdBy>mb56142</createdBy>
<createdTime>2014-06-25 02:27:49 UTC</createdTime>
<ownerDesignName>TXEB_BPM_Semantic_data_model_diagram</ownerDesignName>
<indexState>Unique Plain Index</indexState>
<schemaObject>121AEE1F-FD79-403A-F17D-FF8859EA2228</schemaObject>
<isSurrogateKey>false</isSurrogateKey>
<indexColumnUsage>
<colUsage columnID="BD40A769-F8CD-A142-5B95-9F37A2DD0063"/>
</indexColumnUsage>
</ind_PK_UK>
</indexes>
</Table>