<?xml version = '1.0' encoding = 'UTF-8'?>
<Table class="oracle.dbtools.crest.model.design.relational.Table" directorySegmentName="seg_0" id="0B45A501-CFA1-F65E-7DB2-1B7A5E877BC4" name="D_MFDOC_CURRENT">
<sourceConnName>TX_MAXDAT_PROD</sourceConnName>
<sourceObjSchema>MAXDAT</sourceObjSchema>
<sourceObjName>D_MFDOC_CURRENT</sourceObjName>
<createdBy>mb56142</createdBy>
<createdTime>2014-06-25 02:25:30 UTC</createdTime>
<ownerDesignName>TXEB_BPM_Semantic_data_model_diagram</ownerDesignName>
<schemaObject>121AEE1F-FD79-403A-F17D-FF8859EA2228</schemaObject>
<allowColumnReorder>false</allowColumnReorder>
<existDependencyGenerateInDDl>true</existDependencyGenerateInDDl>
<columns itemClass="oracle.dbtools.crest.model.design.relational.Column">
<Column name="MFDOC_BI_ID" id="6D992897-D015-65F7-6BD6-AEDBF7F535AB">
<sourceConnName>TX_MAXDAT_PROD</sourceConnName>
<sourceObjSchema>D_MFDOC_CURRENT</sourceObjSchema>
<sourceObjName>MFDOC_BI_ID</sourceObjName>
<createdBy>mb56142</createdBy>
<createdTime>2014-06-25 02:25:30 UTC</createdTime>
<ownerDesignName>TXEB_BPM_Semantic_data_model_diagram</ownerDesignName>
<useDomainConstraints>false</useDomainConstraints>
<use>1</use>
<logicalDatatype>LOGDT019</logicalDatatype>
<autoIncrementCycle>false</autoIncrementCycle>
</Column>
<Column name="DCN" id="44CE2E44-4DBB-C6AA-3EAA-FDF3FD02C933">
<sourceConnName>TX_MAXDAT_PROD</sourceConnName>
<sourceObjSchema>D_MFDOC_CURRENT</sourceObjSchema>
<sourceObjName>DCN</sourceObjName>
<createdBy>mb56142</createdBy>
<createdTime>2014-06-25 02:25:30 UTC</createdTime>
<ownerDesignName>TXEB_BPM_Semantic_data_model_diagram</ownerDesignName>
<nullsAllowed>true</nullsAllowed>
<useDomainConstraints>false</useDomainConstraints>
<use>1</use>
<logicalDatatype>LOGDT024</logicalDatatype>
<dataTypeSize>256 BYTE</dataTypeSize>
<autoIncrementCycle>false</autoIncrementCycle>
</Column>
<Column name="DCN Create Date" id="67DFE063-D116-0B95-62A7-D88A4C256C16">
<sourceConnName>TX_MAXDAT_PROD</sourceConnName>
<sourceObjSchema>D_MFDOC_CURRENT</sourceObjSchema>
<sourceObjName>DCN Create Date</sourceObjName>
<createdBy>mb56142</createdBy>
<createdTime>2014-06-25 02:25:30 UTC</createdTime>
<ownerDesignName>TXEB_BPM_Semantic_data_model_diagram</ownerDesignName>
<nameHasQuotes>true</nameHasQuotes>
<nullsAllowed>true</nullsAllowed>
<useDomainConstraints>false</useDomainConstraints>
<use>1</use>
<logicalDatatype>LOGDT007</logicalDatatype>
<dataTypeSize>7</dataTypeSize>
<autoIncrementCycle>false</autoIncrementCycle>
</Column>
<Column name="Instance Status" id="0F564B2C-95EF-F6FC-C11C-0CF4CABC3357">
<sourceConnName>TX_MAXDAT_PROD</sourceConnName>
<sourceObjSchema>D_MFDOC_CURRENT</sourceObjSchema>
<sourceObjName>Instance Status</sourceObjName>
<createdBy>mb56142</createdBy>
<createdTime>2014-06-25 02:25:30 UTC</createdTime>
<ownerDesignName>TXEB_BPM_Semantic_data_model_diagram</ownerDesignName>
<nameHasQuotes>true</nameHasQuotes>
<nullsAllowed>true</nullsAllowed>
<useDomainConstraints>false</useDomainConstraints>
<use>1</use>
<logicalDatatype>LOGDT024</logicalDatatype>
<dataTypeSize>50 BYTE</dataTypeSize>
<autoIncrementCycle>false</autoIncrementCycle>
</Column>
<Column name="Instance Complete Date" id="818BB94C-D987-2756-888A-C4F98738EC8A">
<sourceConnName>TX_MAXDAT_PROD</sourceConnName>
<sourceObjSchema>D_MFDOC_CURRENT</sourceObjSchema>
<sourceObjName>Instance Complete Date</sourceObjName>
<createdBy>mb56142</createdBy>
<createdTime>2014-06-25 02:25:30 UTC</createdTime>
<ownerDesignName>TXEB_BPM_Semantic_data_model_diagram</ownerDesignName>
<nameHasQuotes>true</nameHasQuotes>
<nullsAllowed>true</nullsAllowed>
<useDomainConstraints>false</useDomainConstraints>
<use>1</use>
<logicalDatatype>LOGDT007</logicalDatatype>
<dataTypeSize>7</dataTypeSize>
<autoIncrementCycle>false</autoIncrementCycle>
</Column>
<Column name="Batch Name" id="962B6972-F222-9E3E-7644-5037964B3592">
<sourceConnName>TX_MAXDAT_PROD</sourceConnName>
<sourceObjSchema>D_MFDOC_CURRENT</sourceObjSchema>
<sourceObjName>Batch Name</sourceObjName>
<createdBy>mb56142</createdBy>
<createdTime>2014-06-25 02:25:30 UTC</createdTime>
<ownerDesignName>TXEB_BPM_Semantic_data_model_diagram</ownerDesignName>
<nameHasQuotes>true</nameHasQuotes>
<nullsAllowed>true</nullsAllowed>
<useDomainConstraints>false</useDomainConstraints>
<use>1</use>
<logicalDatatype>LOGDT024</logicalDatatype>
<dataTypeSize>255 BYTE</dataTypeSize>
<autoIncrementCycle>false</autoIncrementCycle>
</Column>
<Column name="CHANNEL" id="F869D297-3832-1B77-7BC5-AEB5B2E90ECC">
<sourceConnName>TX_MAXDAT_PROD</sourceConnName>
<sourceObjSchema>D_MFDOC_CURRENT</sourceObjSchema>
<sourceObjName>CHANNEL</sourceObjName>
<createdBy>mb56142</createdBy>
<createdTime>2014-06-25 02:25:30 UTC</createdTime>
<ownerDesignName>TXEB_BPM_Semantic_data_model_diagram</ownerDesignName>
<nullsAllowed>true</nullsAllowed>
<useDomainConstraints>false</useDomainConstraints>
<use>1</use>
<logicalDatatype>LOGDT024</logicalDatatype>
<dataTypeSize>15 BYTE</dataTypeSize>
<autoIncrementCycle>false</autoIncrementCycle>
</Column>
<Column name="ECN" id="80DC151A-8B00-FACC-5BBA-E33B556FBC0E">
<sourceConnName>TX_MAXDAT_PROD</sourceConnName>
<sourceObjSchema>D_MFDOC_CURRENT</sourceObjSchema>
<sourceObjName>ECN</sourceObjName>
<createdBy>mb56142</createdBy>
<createdTime>2014-06-25 02:25:30 UTC</createdTime>
<ownerDesignName>TXEB_BPM_Semantic_data_model_diagram</ownerDesignName>
<nullsAllowed>true</nullsAllowed>
<useDomainConstraints>false</useDomainConstraints>
<use>1</use>
<logicalDatatype>LOGDT024</logicalDatatype>
<dataTypeSize>256 BYTE</dataTypeSize>
<autoIncrementCycle>false</autoIncrementCycle>
</Column>
<Column name="Original DCN" id="037B4481-1CF8-692E-E86C-C20F2AB3A1A5">
<sourceConnName>TX_MAXDAT_PROD</sourceConnName>
<sourceObjSchema>D_MFDOC_CURRENT</sourceObjSchema>
<sourceObjName>Original DCN</sourceObjName>
<createdBy>mb56142</createdBy>
<createdTime>2014-06-25 02:25:30 UTC</createdTime>
<ownerDesignName>TXEB_BPM_Semantic_data_model_diagram</ownerDesignName>
<nameHasQuotes>true</nameHasQuotes>
<nullsAllowed>true</nullsAllowed>
<useDomainConstraints>false</useDomainConstraints>
<use>1</use>
<logicalDatatype>LOGDT019</logicalDatatype>
<autoIncrementCycle>false</autoIncrementCycle>
</Column>
<Column name="RESCANNED" id="14A524FC-F1E4-1CBF-D8F1-69FFC8F851F8">
<sourceConnName>TX_MAXDAT_PROD</sourceConnName>
<sourceObjSchema>D_MFDOC_CURRENT</sourceObjSchema>
<sourceObjName>RESCANNED</sourceObjName>
<createdBy>mb56142</createdBy>
<createdTime>2014-06-25 02:25:30 UTC</createdTime>
<ownerDesignName>TXEB_BPM_Semantic_data_model_diagram</ownerDesignName>
<nullsAllowed>true</nullsAllowed>
<useDomainConstraints>false</useDomainConstraints>
<use>1</use>
<logicalDatatype>LOGDT024</logicalDatatype>
<dataTypeSize>1 BYTE</dataTypeSize>
<autoIncrementCycle>false</autoIncrementCycle>
</Column>
<Column name="Document Page Count" id="493AA6C6-AF1F-28FF-B4D9-442E6D5E858C">
<sourceConnName>TX_MAXDAT_PROD</sourceConnName>
<sourceObjSchema>D_MFDOC_CURRENT</sourceObjSchema>
<sourceObjName>Document Page Count</sourceObjName>
<createdBy>mb56142</createdBy>
<createdTime>2014-06-25 02:25:30 UTC</createdTime>
<ownerDesignName>TXEB_BPM_Semantic_data_model_diagram</ownerDesignName>
<nameHasQuotes>true</nameHasQuotes>
<nullsAllowed>true</nullsAllowed>
<useDomainConstraints>false</useDomainConstraints>
<use>1</use>
<logicalDatatype>LOGDT019</logicalDatatype>
<autoIncrementCycle>false</autoIncrementCycle>
</Column>
<Column name="Document Status" id="F58FABFD-278B-D028-5EFD-8549D7911AD2">
<sourceConnName>TX_MAXDAT_PROD</sourceConnName>
<sourceObjSchema>D_MFDOC_CURRENT</sourceObjSchema>
<sourceObjName>Document Status</sourceObjName>
<createdBy>mb56142</createdBy>
<createdTime>2014-06-25 02:25:30 UTC</createdTime>
<ownerDesignName>TXEB_BPM_Semantic_data_model_diagram</ownerDesignName>
<nameHasQuotes>true</nameHasQuotes>
<nullsAllowed>true</nullsAllowed>
<useDomainConstraints>false</useDomainConstraints>
<use>1</use>
<logicalDatatype>LOGDT024</logicalDatatype>
<dataTypeSize>32 BYTE</dataTypeSize>
<autoIncrementCycle>false</autoIncrementCycle>
</Column>
<Column name="Document Status Date" id="7C5BA6A5-D27B-4C04-054A-4D80AAA13BE4">
<sourceConnName>TX_MAXDAT_PROD</sourceConnName>
<sourceObjSchema>D_MFDOC_CURRENT</sourceObjSchema>
<sourceObjName>Document Status Date</sourceObjName>
<createdBy>mb56142</createdBy>
<createdTime>2014-06-25 02:25:30 UTC</createdTime>
<ownerDesignName>TXEB_BPM_Semantic_data_model_diagram</ownerDesignName>
<nameHasQuotes>true</nameHasQuotes>
<nullsAllowed>true</nullsAllowed>
<useDomainConstraints>false</useDomainConstraints>
<use>1</use>
<logicalDatatype>LOGDT007</logicalDatatype>
<dataTypeSize>7</dataTypeSize>
<autoIncrementCycle>false</autoIncrementCycle>
</Column>
<Column name="DCN Count" id="99CC3179-D0DD-BECE-0526-9FCAA8CED081">
<sourceConnName>TX_MAXDAT_PROD</sourceConnName>
<sourceObjSchema>D_MFDOC_CURRENT</sourceObjSchema>
<sourceObjName>DCN Count</sourceObjName>
<createdBy>mb56142</createdBy>
<createdTime>2014-06-25 02:25:30 UTC</createdTime>
<ownerDesignName>TXEB_BPM_Semantic_data_model_diagram</ownerDesignName>
<nameHasQuotes>true</nameHasQuotes>
<nullsAllowed>true</nullsAllowed>
<useDomainConstraints>false</useDomainConstraints>
<use>1</use>
<logicalDatatype>LOGDT019</logicalDatatype>
<autoIncrementCycle>false</autoIncrementCycle>
</Column>
<Column name="Document Barcode Flag" id="EBF16DF8-E8F8-34BA-A907-E119E84DC652">
<sourceConnName>TX_MAXDAT_PROD</sourceConnName>
<sourceObjSchema>D_MFDOC_CURRENT</sourceObjSchema>
<sourceObjName>Document Barcode Flag</sourceObjName>
<createdBy>mb56142</createdBy>
<createdTime>2014-06-25 02:25:30 UTC</createdTime>
<ownerDesignName>TXEB_BPM_Semantic_data_model_diagram</ownerDesignName>
<nameHasQuotes>true</nameHasQuotes>
<nullsAllowed>true</nullsAllowed>
<useDomainConstraints>false</useDomainConstraints>
<use>1</use>
<logicalDatatype>LOGDT024</logicalDatatype>
<dataTypeSize>1 BYTE</dataTypeSize>
<autoIncrementCycle>false</autoIncrementCycle>
</Column>
<Column name="Document Form Type" id="51C9AAF5-A534-89A7-D606-6ECA6BC400C4">
<sourceConnName>TX_MAXDAT_PROD</sourceConnName>
<sourceObjSchema>D_MFDOC_CURRENT</sourceObjSchema>
<sourceObjName>Document Form Type</sourceObjName>
<createdBy>mb56142</createdBy>
<createdTime>2014-06-25 02:25:30 UTC</createdTime>
<ownerDesignName>TXEB_BPM_Semantic_data_model_diagram</ownerDesignName>
<nameHasQuotes>true</nameHasQuotes>
<nullsAllowed>true</nullsAllowed>
<useDomainConstraints>false</useDomainConstraints>
<use>1</use>
<logicalDatatype>LOGDT024</logicalDatatype>
<dataTypeSize>255 BYTE</dataTypeSize>
<autoIncrementCycle>false</autoIncrementCycle>
</Column>
<Column name="Document Type" id="8CFB090A-A3C7-C659-9A62-7E2F5819F97B">
<sourceConnName>TX_MAXDAT_PROD</sourceConnName>
<sourceObjSchema>D_MFDOC_CURRENT</sourceObjSchema>
<sourceObjName>Document Type</sourceObjName>
<createdBy>mb56142</createdBy>
<createdTime>2014-06-25 02:25:30 UTC</createdTime>
<ownerDesignName>TXEB_BPM_Semantic_data_model_diagram</ownerDesignName>
<nameHasQuotes>true</nameHasQuotes>
<nullsAllowed>true</nullsAllowed>
<useDomainConstraints>false</useDomainConstraints>
<use>1</use>
<logicalDatatype>LOGDT024</logicalDatatype>
<dataTypeSize>64 BYTE</dataTypeSize>
<autoIncrementCycle>false</autoIncrementCycle>
</Column>
<Column name="Autolink Outcome Flag" id="BBCFF646-3F19-7279-CF6C-1D6253FFB2D5">
<sourceConnName>TX_MAXDAT_PROD</sourceConnName>
<sourceObjSchema>D_MFDOC_CURRENT</sourceObjSchema>
<sourceObjName>Autolink Outcome Flag</sourceObjName>
<createdBy>mb56142</createdBy>
<createdTime>2014-06-25 02:25:30 UTC</createdTime>
<ownerDesignName>TXEB_BPM_Semantic_data_model_diagram</ownerDesignName>
<nameHasQuotes>true</nameHasQuotes>
<nullsAllowed>true</nullsAllowed>
<useDomainConstraints>false</useDomainConstraints>
<use>1</use>
<logicalDatatype>LOGDT024</logicalDatatype>
<dataTypeSize>50 BYTE</dataTypeSize>
<autoIncrementCycle>false</autoIncrementCycle>
</Column>
<Column name="Autolink Failure Reason" id="9032E558-08F0-155E-E433-C41771C52533">
<sourceConnName>TX_MAXDAT_PROD</sourceConnName>
<sourceObjSchema>D_MFDOC_CURRENT</sourceObjSchema>
<sourceObjName>Autolink Failure Reason</sourceObjName>
<createdBy>mb56142</createdBy>
<createdTime>2014-06-25 02:25:30 UTC</createdTime>
<ownerDesignName>TXEB_BPM_Semantic_data_model_diagram</ownerDesignName>
<nameHasQuotes>true</nameHasQuotes>
<nullsAllowed>true</nullsAllowed>
<useDomainConstraints>false</useDomainConstraints>
<use>1</use>
<logicalDatatype>LOGDT024</logicalDatatype>
<dataTypeSize>256 BYTE</dataTypeSize>
<autoIncrementCycle>false</autoIncrementCycle>
</Column>
<Column name="Create IA Task Start" id="DA5CD9F9-434F-4E14-A01A-D19DBB528953">
<sourceConnName>TX_MAXDAT_PROD</sourceConnName>
<sourceObjSchema>D_MFDOC_CURRENT</sourceObjSchema>
<sourceObjName>Create IA Task Start</sourceObjName>
<createdBy>mb56142</createdBy>
<createdTime>2014-06-25 02:25:30 UTC</createdTime>
<ownerDesignName>TXEB_BPM_Semantic_data_model_diagram</ownerDesignName>
<nameHasQuotes>true</nameHasQuotes>
<nullsAllowed>true</nullsAllowed>
<useDomainConstraints>false</useDomainConstraints>
<use>1</use>
<logicalDatatype>LOGDT007</logicalDatatype>
<dataTypeSize>7</dataTypeSize>
<autoIncrementCycle>false</autoIncrementCycle>
</Column>
<Column name="Create IA Task End" id="67286ABB-9529-5F79-2C92-483951C3E508">
<sourceConnName>TX_MAXDAT_PROD</sourceConnName>
<sourceObjSchema>D_MFDOC_CURRENT</sourceObjSchema>
<sourceObjName>Create IA Task End</sourceObjName>
<createdBy>mb56142</createdBy>
<createdTime>2014-06-25 02:25:30 UTC</createdTime>
<ownerDesignName>TXEB_BPM_Semantic_data_model_diagram</ownerDesignName>
<nameHasQuotes>true</nameHasQuotes>
<nullsAllowed>true</nullsAllowed>
<useDomainConstraints>false</useDomainConstraints>
<use>1</use>
<logicalDatatype>LOGDT007</logicalDatatype>
<dataTypeSize>7</dataTypeSize>
<autoIncrementCycle>false</autoIncrementCycle>
</Column>
<Column name="Create IA Task End Flag" id="DE99DE11-8FFE-FAC8-705C-F64F6873AD44">
<sourceConnName>TX_MAXDAT_PROD</sourceConnName>
<sourceObjSchema>D_MFDOC_CURRENT</sourceObjSchema>
<sourceObjName>Create IA Task End Flag</sourceObjName>
<createdBy>mb56142</createdBy>
<createdTime>2014-06-25 02:25:30 UTC</createdTime>
<ownerDesignName>TXEB_BPM_Semantic_data_model_diagram</ownerDesignName>
<nameHasQuotes>true</nameHasQuotes>
<nullsAllowed>true</nullsAllowed>
<useDomainConstraints>false</useDomainConstraints>
<use>1</use>
<logicalDatatype>LOGDT024</logicalDatatype>
<dataTypeSize>1 BYTE</dataTypeSize>
<autoIncrementCycle>false</autoIncrementCycle>
</Column>
<Column name="IA Manual Classify Task ID" id="C6A8D95F-0AD6-462A-39A4-C57EF4351904">
<sourceConnName>TX_MAXDAT_PROD</sourceConnName>
<sourceObjSchema>D_MFDOC_CURRENT</sourceObjSchema>
<sourceObjName>IA Manual Classify Task ID</sourceObjName>
<createdBy>mb56142</createdBy>
<createdTime>2014-06-25 02:25:30 UTC</createdTime>
<ownerDesignName>TXEB_BPM_Semantic_data_model_diagram</ownerDesignName>
<nameHasQuotes>true</nameHasQuotes>
<nullsAllowed>true</nullsAllowed>
<useDomainConstraints>false</useDomainConstraints>
<use>1</use>
<logicalDatatype>LOGDT019</logicalDatatype>
<autoIncrementCycle>false</autoIncrementCycle>
</Column>
<Column name="IA Manual Link Task ID" id="4600D0B4-949C-0F89-80B6-921371648C0E">
<sourceConnName>TX_MAXDAT_PROD</sourceConnName>
<sourceObjSchema>D_MFDOC_CURRENT</sourceObjSchema>
<sourceObjName>IA Manual Link Task ID</sourceObjName>
<createdBy>mb56142</createdBy>
<createdTime>2014-06-25 02:25:30 UTC</createdTime>
<ownerDesignName>TXEB_BPM_Semantic_data_model_diagram</ownerDesignName>
<nameHasQuotes>true</nameHasQuotes>
<nullsAllowed>true</nullsAllowed>
<useDomainConstraints>false</useDomainConstraints>
<use>1</use>
<logicalDatatype>LOGDT019</logicalDatatype>
<autoIncrementCycle>false</autoIncrementCycle>
</Column>
<Column name="Rescan Required Flag" id="7A56F153-5F63-F0BD-DAE0-9A645A275AC4">
<sourceConnName>TX_MAXDAT_PROD</sourceConnName>
<sourceObjSchema>D_MFDOC_CURRENT</sourceObjSchema>
<sourceObjName>Rescan Required Flag</sourceObjName>
<createdBy>mb56142</createdBy>
<createdTime>2014-06-25 02:25:30 UTC</createdTime>
<ownerDesignName>TXEB_BPM_Semantic_data_model_diagram</ownerDesignName>
<nameHasQuotes>true</nameHasQuotes>
<nullsAllowed>true</nullsAllowed>
<useDomainConstraints>false</useDomainConstraints>
<use>1</use>
<logicalDatatype>LOGDT024</logicalDatatype>
<dataTypeSize>1 BYTE</dataTypeSize>
<autoIncrementCycle>false</autoIncrementCycle>
</Column>
<Column name="Doc Class Present Flag" id="6B613EEB-D3AF-C0E4-27D4-F19A11864C78">
<sourceConnName>TX_MAXDAT_PROD</sourceConnName>
<sourceObjSchema>D_MFDOC_CURRENT</sourceObjSchema>
<sourceObjName>Doc Class Present Flag</sourceObjName>
<createdBy>mb56142</createdBy>
<createdTime>2014-06-25 02:25:30 UTC</createdTime>
<ownerDesignName>TXEB_BPM_Semantic_data_model_diagram</ownerDesignName>
<nameHasQuotes>true</nameHasQuotes>
<nullsAllowed>true</nullsAllowed>
<useDomainConstraints>false</useDomainConstraints>
<use>1</use>
<logicalDatatype>LOGDT024</logicalDatatype>
<dataTypeSize>1 BYTE</dataTypeSize>
<autoIncrementCycle>false</autoIncrementCycle>
</Column>
<Column name="Manual Link Image Start" id="E1C17070-6BEA-1589-9854-49A4EF0F3616">
<sourceConnName>TX_MAXDAT_PROD</sourceConnName>
<sourceObjSchema>D_MFDOC_CURRENT</sourceObjSchema>
<sourceObjName>Manual Link Image Start</sourceObjName>
<createdBy>mb56142</createdBy>
<createdTime>2014-06-25 02:25:30 UTC</createdTime>
<ownerDesignName>TXEB_BPM_Semantic_data_model_diagram</ownerDesignName>
<nameHasQuotes>true</nameHasQuotes>
<nullsAllowed>true</nullsAllowed>
<useDomainConstraints>false</useDomainConstraints>
<use>1</use>
<logicalDatatype>LOGDT007</logicalDatatype>
<dataTypeSize>7</dataTypeSize>
<autoIncrementCycle>false</autoIncrementCycle>
</Column>
<Column name="Manual Link Image End" id="BA6B1655-677F-FC5A-AF0D-0EE1821E88A5">
<sourceConnName>TX_MAXDAT_PROD</sourceConnName>
<sourceObjSchema>D_MFDOC_CURRENT</sourceObjSchema>
<sourceObjName>Manual Link Image End</sourceObjName>
<createdBy>mb56142</createdBy>
<createdTime>2014-06-25 02:25:30 UTC</createdTime>
<ownerDesignName>TXEB_BPM_Semantic_data_model_diagram</ownerDesignName>
<nameHasQuotes>true</nameHasQuotes>
<nullsAllowed>true</nullsAllowed>
<useDomainConstraints>false</useDomainConstraints>
<use>1</use>
<logicalDatatype>LOGDT007</logicalDatatype>
<dataTypeSize>7</dataTypeSize>
<autoIncrementCycle>false</autoIncrementCycle>
</Column>
<Column name="Manual Link Image End Flag" id="5BE3E3FE-234C-DD77-02F1-94EDDCFDEB8C">
<sourceConnName>TX_MAXDAT_PROD</sourceConnName>
<sourceObjSchema>D_MFDOC_CURRENT</sourceObjSchema>
<sourceObjName>Manual Link Image End Flag</sourceObjName>
<createdBy>mb56142</createdBy>
<createdTime>2014-06-25 02:25:30 UTC</createdTime>
<ownerDesignName>TXEB_BPM_Semantic_data_model_diagram</ownerDesignName>
<nameHasQuotes>true</nameHasQuotes>
<nullsAllowed>true</nullsAllowed>
<useDomainConstraints>false</useDomainConstraints>
<use>1</use>
<logicalDatatype>LOGDT024</logicalDatatype>
<dataTypeSize>1 BYTE</dataTypeSize>
<autoIncrementCycle>false</autoIncrementCycle>
</Column>
<Column name="Manual Classify Form Doc Start" id="04BE1EB0-430E-4B1D-B567-B49D385C0374">
<sourceConnName>TX_MAXDAT_PROD</sourceConnName>
<sourceObjSchema>D_MFDOC_CURRENT</sourceObjSchema>
<sourceObjName>Manual Classify Form Doc Start</sourceObjName>
<createdBy>mb56142</createdBy>
<createdTime>2014-06-25 02:25:30 UTC</createdTime>
<ownerDesignName>TXEB_BPM_Semantic_data_model_diagram</ownerDesignName>
<nameHasQuotes>true</nameHasQuotes>
<nullsAllowed>true</nullsAllowed>
<useDomainConstraints>false</useDomainConstraints>
<use>1</use>
<logicalDatatype>LOGDT007</logicalDatatype>
<dataTypeSize>7</dataTypeSize>
<autoIncrementCycle>false</autoIncrementCycle>
</Column>
<Column name="Manual Classify Form Doc End" id="0F1AC84F-CDB0-744C-336A-B964B83A1D4D">
<sourceConnName>TX_MAXDAT_PROD</sourceConnName>
<sourceObjSchema>D_MFDOC_CURRENT</sourceObjSchema>
<sourceObjName>Manual Classify Form Doc End</sourceObjName>
<createdBy>mb56142</createdBy>
<createdTime>2014-06-25 02:25:30 UTC</createdTime>
<ownerDesignName>TXEB_BPM_Semantic_data_model_diagram</ownerDesignName>
<nameHasQuotes>true</nameHasQuotes>
<nullsAllowed>true</nullsAllowed>
<useDomainConstraints>false</useDomainConstraints>
<use>1</use>
<logicalDatatype>LOGDT007</logicalDatatype>
<dataTypeSize>7</dataTypeSize>
<autoIncrementCycle>false</autoIncrementCycle>
</Column>
<Column name="Manual Classify Form Doc Flag" id="A54E3C71-C5CF-4D28-2541-DB8106FF7537">
<sourceConnName>TX_MAXDAT_PROD</sourceConnName>
<sourceObjSchema>D_MFDOC_CURRENT</sourceObjSchema>
<sourceObjName>Manual Classify Form Doc Flag</sourceObjName>
<createdBy>mb56142</createdBy>
<createdTime>2014-06-25 02:25:30 UTC</createdTime>
<ownerDesignName>TXEB_BPM_Semantic_data_model_diagram</ownerDesignName>
<nameHasQuotes>true</nameHasQuotes>
<nullsAllowed>true</nullsAllowed>
<useDomainConstraints>false</useDomainConstraints>
<use>1</use>
<logicalDatatype>LOGDT024</logicalDatatype>
<dataTypeSize>1 BYTE</dataTypeSize>
<autoIncrementCycle>false</autoIncrementCycle>
</Column>
<Column name="Create and Route Work Start" id="2CC0F887-133C-634A-80C0-B9AE3230B018">
<sourceConnName>TX_MAXDAT_PROD</sourceConnName>
<sourceObjSchema>D_MFDOC_CURRENT</sourceObjSchema>
<sourceObjName>Create and Route Work Start</sourceObjName>
<createdBy>mb56142</createdBy>
<createdTime>2014-06-25 02:25:30 UTC</createdTime>
<ownerDesignName>TXEB_BPM_Semantic_data_model_diagram</ownerDesignName>
<nameHasQuotes>true</nameHasQuotes>
<nullsAllowed>true</nullsAllowed>
<useDomainConstraints>false</useDomainConstraints>
<use>1</use>
<logicalDatatype>LOGDT007</logicalDatatype>
<dataTypeSize>7</dataTypeSize>
<autoIncrementCycle>false</autoIncrementCycle>
</Column>
<Column name="Create and Route Work End" id="C3704111-BD8E-1022-417B-6573E330F5C2">
<sourceConnName>TX_MAXDAT_PROD</sourceConnName>
<sourceObjSchema>D_MFDOC_CURRENT</sourceObjSchema>
<sourceObjName>Create and Route Work End</sourceObjName>
<createdBy>mb56142</createdBy>
<createdTime>2014-06-25 02:25:30 UTC</createdTime>
<ownerDesignName>TXEB_BPM_Semantic_data_model_diagram</ownerDesignName>
<nameHasQuotes>true</nameHasQuotes>
<nullsAllowed>true</nullsAllowed>
<useDomainConstraints>false</useDomainConstraints>
<use>1</use>
<logicalDatatype>LOGDT007</logicalDatatype>
<dataTypeSize>7</dataTypeSize>
<autoIncrementCycle>false</autoIncrementCycle>
</Column>
<Column name="Create Route Work Flag" id="2C192A3E-3320-E947-3B10-B4D5A4362C05">
<sourceConnName>TX_MAXDAT_PROD</sourceConnName>
<sourceObjSchema>D_MFDOC_CURRENT</sourceObjSchema>
<sourceObjName>Create Route Work Flag</sourceObjName>
<createdBy>mb56142</createdBy>
<createdTime>2014-06-25 02:25:30 UTC</createdTime>
<ownerDesignName>TXEB_BPM_Semantic_data_model_diagram</ownerDesignName>
<nameHasQuotes>true</nameHasQuotes>
<nullsAllowed>true</nullsAllowed>
<useDomainConstraints>false</useDomainConstraints>
<use>1</use>
<logicalDatatype>LOGDT024</logicalDatatype>
<dataTypeSize>1 BYTE</dataTypeSize>
<autoIncrementCycle>false</autoIncrementCycle>
</Column>
<Column name="Work Identified Flag" id="8138C81F-9E73-D63E-9F5A-EB8ACCD04B22">
<sourceConnName>TX_MAXDAT_PROD</sourceConnName>
<sourceObjSchema>D_MFDOC_CURRENT</sourceObjSchema>
<sourceObjName>Work Identified Flag</sourceObjName>
<createdBy>mb56142</createdBy>
<createdTime>2014-06-25 02:25:30 UTC</createdTime>
<ownerDesignName>TXEB_BPM_Semantic_data_model_diagram</ownerDesignName>
<nameHasQuotes>true</nameHasQuotes>
<nullsAllowed>true</nullsAllowed>
<useDomainConstraints>false</useDomainConstraints>
<use>1</use>
<logicalDatatype>LOGDT024</logicalDatatype>
<dataTypeSize>1 BYTE</dataTypeSize>
<autoIncrementCycle>false</autoIncrementCycle>
</Column>
<Column name="Work Task ID" id="E4EEB21F-6491-30EB-CEAA-4D29083DD77A">
<sourceConnName>TX_MAXDAT_PROD</sourceConnName>
<sourceObjSchema>D_MFDOC_CURRENT</sourceObjSchema>
<sourceObjName>Work Task ID</sourceObjName>
<createdBy>mb56142</createdBy>
<createdTime>2014-06-25 02:25:30 UTC</createdTime>
<ownerDesignName>TXEB_BPM_Semantic_data_model_diagram</ownerDesignName>
<nameHasQuotes>true</nameHasQuotes>
<nullsAllowed>true</nullsAllowed>
<useDomainConstraints>false</useDomainConstraints>
<use>1</use>
<logicalDatatype>LOGDT019</logicalDatatype>
<autoIncrementCycle>false</autoIncrementCycle>
</Column>
<Column name="Work Task Type" id="A9B917CE-5ACC-3FC1-6ABD-A83EE3DE4EB7">
<sourceConnName>TX_MAXDAT_PROD</sourceConnName>
<sourceObjSchema>D_MFDOC_CURRENT</sourceObjSchema>
<sourceObjName>Work Task Type</sourceObjName>
<createdBy>mb56142</createdBy>
<createdTime>2014-06-25 02:25:30 UTC</createdTime>
<ownerDesignName>TXEB_BPM_Semantic_data_model_diagram</ownerDesignName>
<nameHasQuotes>true</nameHasQuotes>
<nullsAllowed>true</nullsAllowed>
<useDomainConstraints>false</useDomainConstraints>
<use>1</use>
<logicalDatatype>LOGDT024</logicalDatatype>
<dataTypeSize>50 BYTE</dataTypeSize>
<autoIncrementCycle>false</autoIncrementCycle>
</Column>
<Column name="Cancel Document Processing End" id="4355EB76-F4FA-505C-316E-E96ACDE403AD">
<sourceConnName>TX_MAXDAT_PROD</sourceConnName>
<sourceObjSchema>D_MFDOC_CURRENT</sourceObjSchema>
<sourceObjName>Cancel Document Processing End</sourceObjName>
<createdBy>mb56142</createdBy>
<createdTime>2014-06-25 02:25:30 UTC</createdTime>
<ownerDesignName>TXEB_BPM_Semantic_data_model_diagram</ownerDesignName>
<nameHasQuotes>true</nameHasQuotes>
<nullsAllowed>true</nullsAllowed>
<useDomainConstraints>false</useDomainConstraints>
<use>1</use>
<logicalDatatype>LOGDT007</logicalDatatype>
<dataTypeSize>7</dataTypeSize>
<autoIncrementCycle>false</autoIncrementCycle>
</Column>
<Column name="Link Method" id="7540412C-AE85-D2A9-5647-F3552ECE5AF7">
<sourceConnName>TX_MAXDAT_PROD</sourceConnName>
<sourceObjSchema>D_MFDOC_CURRENT</sourceObjSchema>
<sourceObjName>Link Method</sourceObjName>
<createdBy>mb56142</createdBy>
<createdTime>2014-06-25 02:25:30 UTC</createdTime>
<ownerDesignName>TXEB_BPM_Semantic_data_model_diagram</ownerDesignName>
<nameHasQuotes>true</nameHasQuotes>
<nullsAllowed>true</nullsAllowed>
<useDomainConstraints>false</useDomainConstraints>
<use>1</use>
<logicalDatatype>LOGDT024</logicalDatatype>
<dataTypeSize>15 BYTE</dataTypeSize>
<autoIncrementCycle>false</autoIncrementCycle>
</Column>
<Column name="Link Via" id="01B9BA72-97A1-34B9-1CB7-AB602917099C">
<sourceConnName>TX_MAXDAT_PROD</sourceConnName>
<sourceObjSchema>D_MFDOC_CURRENT</sourceObjSchema>
<sourceObjName>Link Via</sourceObjName>
<createdBy>mb56142</createdBy>
<createdTime>2014-06-25 02:25:30 UTC</createdTime>
<ownerDesignName>TXEB_BPM_Semantic_data_model_diagram</ownerDesignName>
<nameHasQuotes>true</nameHasQuotes>
<nullsAllowed>true</nullsAllowed>
<useDomainConstraints>false</useDomainConstraints>
<use>1</use>
<logicalDatatype>LOGDT024</logicalDatatype>
<dataTypeSize>32 BYTE</dataTypeSize>
<autoIncrementCycle>false</autoIncrementCycle>
</Column>
<Column name="Link Number" id="316E28E7-B1F1-CD7A-3395-99AF6FB3AF8B">
<sourceConnName>TX_MAXDAT_PROD</sourceConnName>
<sourceObjSchema>D_MFDOC_CURRENT</sourceObjSchema>
<sourceObjName>Link Number</sourceObjName>
<createdBy>mb56142</createdBy>
<createdTime>2014-06-25 02:25:30 UTC</createdTime>
<ownerDesignName>TXEB_BPM_Semantic_data_model_diagram</ownerDesignName>
<nameHasQuotes>true</nameHasQuotes>
<nullsAllowed>true</nullsAllowed>
<useDomainConstraints>false</useDomainConstraints>
<use>1</use>
<logicalDatatype>LOGDT019</logicalDatatype>
<autoIncrementCycle>false</autoIncrementCycle>
</Column>
<Column name="Age in Business Days" id="80E777AC-03C7-FFC3-1DF1-2EA5F5BB8E70">
<sourceConnName>TX_MAXDAT_PROD</sourceConnName>
<sourceObjSchema>D_MFDOC_CURRENT</sourceObjSchema>
<sourceObjName>Age in Business Days</sourceObjName>
<createdBy>mb56142</createdBy>
<createdTime>2014-06-25 02:25:30 UTC</createdTime>
<ownerDesignName>TXEB_BPM_Semantic_data_model_diagram</ownerDesignName>
<nameHasQuotes>true</nameHasQuotes>
<nullsAllowed>true</nullsAllowed>
<useDomainConstraints>false</useDomainConstraints>
<use>1</use>
<logicalDatatype>LOGDT019</logicalDatatype>
<autoIncrementCycle>false</autoIncrementCycle>
</Column>
<Column name="Age in Calendar Days" id="BE633825-ADD7-BA2E-3F98-287249C4EEE4">
<sourceConnName>TX_MAXDAT_PROD</sourceConnName>
<sourceObjSchema>D_MFDOC_CURRENT</sourceObjSchema>
<sourceObjName>Age in Calendar Days</sourceObjName>
<createdBy>mb56142</createdBy>
<createdTime>2014-06-25 02:25:30 UTC</createdTime>
<ownerDesignName>TXEB_BPM_Semantic_data_model_diagram</ownerDesignName>
<nameHasQuotes>true</nameHasQuotes>
<nullsAllowed>true</nullsAllowed>
<useDomainConstraints>false</useDomainConstraints>
<use>1</use>
<logicalDatatype>LOGDT019</logicalDatatype>
<autoIncrementCycle>false</autoIncrementCycle>
</Column>
<Column name="DCN Jeopardy Status" id="6868BF09-1A19-6FB0-15AD-B96458EEDEB1">
<sourceConnName>TX_MAXDAT_PROD</sourceConnName>
<sourceObjSchema>D_MFDOC_CURRENT</sourceObjSchema>
<sourceObjName>DCN Jeopardy Status</sourceObjName>
<createdBy>mb56142</createdBy>
<createdTime>2014-06-25 02:25:30 UTC</createdTime>
<ownerDesignName>TXEB_BPM_Semantic_data_model_diagram</ownerDesignName>
<nameHasQuotes>true</nameHasQuotes>
<nullsAllowed>true</nullsAllowed>
<useDomainConstraints>false</useDomainConstraints>
<use>1</use>
<logicalDatatype>LOGDT024</logicalDatatype>
<dataTypeSize>30 BYTE</dataTypeSize>
<autoIncrementCycle>false</autoIncrementCycle>
</Column>
<Column name="DCN Jeopardy Status Date" id="3F09D757-0647-49F4-ECF4-C8040C5896D1">
<sourceConnName>TX_MAXDAT_PROD</sourceConnName>
<sourceObjSchema>D_MFDOC_CURRENT</sourceObjSchema>
<sourceObjName>DCN Jeopardy Status Date</sourceObjName>
<createdBy>mb56142</createdBy>
<createdTime>2014-06-25 02:25:30 UTC</createdTime>
<ownerDesignName>TXEB_BPM_Semantic_data_model_diagram</ownerDesignName>
<nameHasQuotes>true</nameHasQuotes>
<nullsAllowed>true</nullsAllowed>
<useDomainConstraints>false</useDomainConstraints>
<use>1</use>
<logicalDatatype>LOGDT007</logicalDatatype>
<dataTypeSize>7</dataTypeSize>
<autoIncrementCycle>false</autoIncrementCycle>
</Column>
<Column name="DCN Timeliness Status" id="4160133C-28E3-CE13-C526-7C8E6A94B1B0">
<sourceConnName>TX_MAXDAT_PROD</sourceConnName>
<sourceObjSchema>D_MFDOC_CURRENT</sourceObjSchema>
<sourceObjName>DCN Timeliness Status</sourceObjName>
<createdBy>mb56142</createdBy>
<createdTime>2014-06-25 02:25:30 UTC</createdTime>
<ownerDesignName>TXEB_BPM_Semantic_data_model_diagram</ownerDesignName>
<nameHasQuotes>true</nameHasQuotes>
<nullsAllowed>true</nullsAllowed>
<useDomainConstraints>false</useDomainConstraints>
<use>1</use>
<logicalDatatype>LOGDT024</logicalDatatype>
<dataTypeSize>30 BYTE</dataTypeSize>
<autoIncrementCycle>false</autoIncrementCycle>
</Column>
<Column name="Cancel By" id="0DB2AD7F-BE2F-3489-0F0B-B33BF4F2A22A">
<sourceConnName>TX_MAXDAT_PROD</sourceConnName>
<sourceObjSchema>D_MFDOC_CURRENT</sourceObjSchema>
<sourceObjName>Cancel By</sourceObjName>
<createdBy>mb56142</createdBy>
<createdTime>2014-06-25 02:25:30 UTC</createdTime>
<ownerDesignName>TXEB_BPM_Semantic_data_model_diagram</ownerDesignName>
<nameHasQuotes>true</nameHasQuotes>
<nullsAllowed>true</nullsAllowed>
<useDomainConstraints>false</useDomainConstraints>
<use>1</use>
<logicalDatatype>LOGDT024</logicalDatatype>
<dataTypeSize>50 BYTE</dataTypeSize>
<autoIncrementCycle>false</autoIncrementCycle>
</Column>
<Column name="Cancel Reason" id="36770AC2-FE9F-C8FA-EDD5-1E83E6DE1485">
<sourceConnName>TX_MAXDAT_PROD</sourceConnName>
<sourceObjSchema>D_MFDOC_CURRENT</sourceObjSchema>
<sourceObjName>Cancel Reason</sourceObjName>
<createdBy>mb56142</createdBy>
<createdTime>2014-06-25 02:25:30 UTC</createdTime>
<ownerDesignName>TXEB_BPM_Semantic_data_model_diagram</ownerDesignName>
<nameHasQuotes>true</nameHasQuotes>
<nullsAllowed>true</nullsAllowed>
<useDomainConstraints>false</useDomainConstraints>
<use>1</use>
<logicalDatatype>LOGDT024</logicalDatatype>
<dataTypeSize>256 BYTE</dataTypeSize>
<autoIncrementCycle>false</autoIncrementCycle>
</Column>
<Column name="Cancel Method" id="9C33745F-964F-2B21-4842-9B3DB709FFBE">
<sourceConnName>TX_MAXDAT_PROD</sourceConnName>
<sourceObjSchema>D_MFDOC_CURRENT</sourceObjSchema>
<sourceObjName>Cancel Method</sourceObjName>
<createdBy>mb56142</createdBy>
<createdTime>2014-06-25 02:25:30 UTC</createdTime>
<ownerDesignName>TXEB_BPM_Semantic_data_model_diagram</ownerDesignName>
<nameHasQuotes>true</nameHasQuotes>
<nullsAllowed>true</nullsAllowed>
<useDomainConstraints>false</useDomainConstraints>
<use>1</use>
<logicalDatatype>LOGDT024</logicalDatatype>
<dataTypeSize>50 BYTE</dataTypeSize>
<autoIncrementCycle>false</autoIncrementCycle>
</Column>
</columns>
<indexes itemClass="oracle.dbtools.crest.model.design.relational.Index">
<ind_PK_UK id="8E692F98-0902-F1C1-1ADC-E25A24608B08" name="DMFDOCCUR_PK">
<sourceConnName>TX_MAXDAT_PROD</sourceConnName>
<sourceObjSchema>MAXDAT</sourceObjSchema>
<sourceObjName>DMFDOCCUR_PK</sourceObjName>
<createdBy>mb56142</createdBy>
<createdTime>2014-06-25 02:25:31 UTC</createdTime>
<ownerDesignName>TXEB_BPM_Semantic_data_model_diagram</ownerDesignName>
<pk>true</pk>
<indexState>Primary Constraint</indexState>
<isSurrogateKey>false</isSurrogateKey>
<indexColumnUsage>
<colUsage columnID="6D992897-D015-65F7-6BD6-AEDBF7F535AB"/>
</indexColumnUsage>
</ind_PK_UK>
<ind_PK_UK id="1D02FCBE-148F-331E-7E77-C4E1F492FBE2" name="DMFDOCCUR_PK">
<sourceConnName>TX_MAXDAT_PROD</sourceConnName>
<sourceObjSchema>MAXDAT</sourceObjSchema>
<sourceObjName>DMFDOCCUR_PK</sourceObjName>
<createdBy>mb56142</createdBy>
<createdTime>2014-06-25 02:25:30 UTC</createdTime>
<ownerDesignName>TXEB_BPM_Semantic_data_model_diagram</ownerDesignName>
<indexState>Unique Plain Index</indexState>
<schemaObject>121AEE1F-FD79-403A-F17D-FF8859EA2228</schemaObject>
<isSurrogateKey>false</isSurrogateKey>
<indexColumnUsage>
<colUsage columnID="6D992897-D015-65F7-6BD6-AEDBF7F535AB"/>
</indexColumnUsage>
</ind_PK_UK>
</indexes>
</Table>