<?xml version = '1.0' encoding = 'UTF-8'?>
<Table class="oracle.dbtools.crest.model.design.relational.Table" directorySegmentName="seg_0" id="1DBD102D-34C8-2132-0990-937C13EC51AE" name="D_MW_FORWARDED">
<sourceConnName>TX_MAXDAT_PROD</sourceConnName>
<sourceObjSchema>MAXDAT</sourceObjSchema>
<sourceObjName>D_MW_FORWARDED</sourceObjName>
<createdBy>mb56142</createdBy>
<createdTime>2014-06-24 01:38:51 UTC</createdTime>
<ownerDesignName>TXEB_BPM_Semantic_data_model_diagram</ownerDesignName>
<schemaObject>121AEE1F-FD79-403A-F17D-FF8859EA2228</schemaObject>
<allowColumnReorder>false</allowColumnReorder>
<existDependencyGenerateInDDl>true</existDependencyGenerateInDDl>
<columns itemClass="oracle.dbtools.crest.model.design.relational.Column">
<Column name="DMWF_ID" id="6A182DEE-E490-12C8-47DC-E743A5C39B25">
<sourceConnName>TX_MAXDAT_PROD</sourceConnName>
<sourceObjSchema>D_MW_FORWARDED</sourceObjSchema>
<sourceObjName>DMWF_ID</sourceObjName>
<createdBy>mb56142</createdBy>
<createdTime>2014-06-24 01:38:51 UTC</createdTime>
<ownerDesignName>TXEB_BPM_Semantic_data_model_diagram</ownerDesignName>
<useDomainConstraints>false</useDomainConstraints>
<use>1</use>
<logicalDatatype>LOGDT019</logicalDatatype>
<autoIncrementCycle>false</autoIncrementCycle>
</Column>
<Column name="Forwarded By Name" id="E2F4B1A0-BFCB-6E2A-2912-2021390009BF">
<sourceConnName>TX_MAXDAT_PROD</sourceConnName>
<sourceObjSchema>D_MW_FORWARDED</sourceObjSchema>
<sourceObjName>Forwarded By Name</sourceObjName>
<createdBy>mb56142</createdBy>
<createdTime>2014-06-24 01:38:51 UTC</createdTime>
<ownerDesignName>TXEB_BPM_Semantic_data_model_diagram</ownerDesignName>
<nameHasQuotes>true</nameHasQuotes>
<nullsAllowed>true</nullsAllowed>
<useDomainConstraints>false</useDomainConstraints>
<use>1</use>
<logicalDatatype>LOGDT024</logicalDatatype>
<dataTypeSize>100 BYTE</dataTypeSize>
<autoIncrementCycle>false</autoIncrementCycle>
</Column>
<Column name="Forwarded Flag" id="65AC98F3-F9A5-B2B7-2294-B0604AEE941B">
<sourceConnName>TX_MAXDAT_PROD</sourceConnName>
<sourceObjSchema>D_MW_FORWARDED</sourceObjSchema>
<sourceObjName>Forwarded Flag</sourceObjName>
<createdBy>mb56142</createdBy>
<createdTime>2014-06-24 01:38:51 UTC</createdTime>
<ownerDesignName>TXEB_BPM_Semantic_data_model_diagram</ownerDesignName>
<nameHasQuotes>true</nameHasQuotes>
<useDomainConstraints>false</useDomainConstraints>
<use>1</use>
<logicalDatatype>LOGDT024</logicalDatatype>
<dataTypeSize>1 BYTE</dataTypeSize>
<autoIncrementCycle>false</autoIncrementCycle>
</Column>
</columns>
<indexes itemClass="oracle.dbtools.crest.model.design.relational.Index">
<ind_PK_UK id="01992BF4-7B66-D2B2-6D62-3DA41406E476" name="DMWF_PK">
<sourceConnName>TX_MAXDAT_PROD</sourceConnName>
<sourceObjSchema>MAXDAT</sourceObjSchema>
<sourceObjName>DMWF_PK</sourceObjName>
<createdBy>mb56142</createdBy>
<createdTime>2014-06-24 01:38:52 UTC</createdTime>
<ownerDesignName>TXEB_BPM_Semantic_data_model_diagram</ownerDesignName>
<pk>true</pk>
<indexState>Primary Constraint</indexState>
<isSurrogateKey>false</isSurrogateKey>
<indexColumnUsage>
<colUsage columnID="6A182DEE-E490-12C8-47DC-E743A5C39B25"/>
</indexColumnUsage>
</ind_PK_UK>
<ind_PK_UK id="35B30BF8-E1DF-F007-9E35-D5FE76B421EE" name="DMWF_PK">
<sourceConnName>TX_MAXDAT_PROD</sourceConnName>
<sourceObjSchema>MAXDAT</sourceObjSchema>
<sourceObjName>DMWF_PK</sourceObjName>
<createdBy>mb56142</createdBy>
<createdTime>2014-06-24 01:38:51 UTC</createdTime>
<ownerDesignName>TXEB_BPM_Semantic_data_model_diagram</ownerDesignName>
<indexState>Unique Plain Index</indexState>
<schemaObject>121AEE1F-FD79-403A-F17D-FF8859EA2228</schemaObject>
<isSurrogateKey>false</isSurrogateKey>
<indexColumnUsage>
<colUsage columnID="6A182DEE-E490-12C8-47DC-E743A5C39B25"/>
</indexColumnUsage>
</ind_PK_UK>
<ind_PK_UK id="93422D7E-5F71-E462-F961-E286A009960E" name="DMWF_UIX1">
<sourceConnName>TX_MAXDAT_PROD</sourceConnName>
<sourceObjSchema>MAXDAT</sourceObjSchema>
<sourceObjName>DMWF_UIX1</sourceObjName>
<createdBy>mb56142</createdBy>
<createdTime>2014-06-24 01:38:51 UTC</createdTime>
<ownerDesignName>TXEB_BPM_Semantic_data_model_diagram</ownerDesignName>
<indexState>Unique Plain Index</indexState>
<schemaObject>121AEE1F-FD79-403A-F17D-FF8859EA2228</schemaObject>
<isSurrogateKey>false</isSurrogateKey>
<indexColumnUsage>
<colUsage columnID="E2F4B1A0-BFCB-6E2A-2912-2021390009BF"/>
<colUsage columnID="65AC98F3-F9A5-B2B7-2294-B0604AEE941B"/>
</indexColumnUsage>
</ind_PK_UK>
</indexes>
</Table>