<?xml version = '1.0' encoding = 'UTF-8'?>
<Table class="oracle.dbtools.crest.model.design.relational.Table" directorySegmentName="seg_0" id="23FD517B-844C-5B5B-3898-C38E7BE59AD3" name="D_ME_ENRL_STATUS_CODE">
<sourceConnName>TX_MAXDAT_PROD</sourceConnName>
<sourceObjSchema>MAXDAT</sourceObjSchema>
<sourceObjName>D_ME_ENRL_STATUS_CODE</sourceObjName>
<createdBy>mb56142</createdBy>
<createdTime>2014-06-24 02:17:14 UTC</createdTime>
<ownerDesignName>TXEB_BPM_Semantic_data_model_diagram</ownerDesignName>
<schemaObject>121AEE1F-FD79-403A-F17D-FF8859EA2228</schemaObject>
<allowColumnReorder>false</allowColumnReorder>
<existDependencyGenerateInDDl>true</existDependencyGenerateInDDl>
<columns itemClass="oracle.dbtools.crest.model.design.relational.Column">
<Column name="DMESC_ID" id="9CE44A4E-93A5-ACD4-CB47-0DD09AB9D14B">
<sourceConnName>TX_MAXDAT_PROD</sourceConnName>
<sourceObjSchema>D_ME_ENRL_STATUS_CODE</sourceObjSchema>
<sourceObjName>DMESC_ID</sourceObjName>
<createdBy>mb56142</createdBy>
<createdTime>2014-06-24 02:17:14 UTC</createdTime>
<ownerDesignName>TXEB_BPM_Semantic_data_model_diagram</ownerDesignName>
<useDomainConstraints>false</useDomainConstraints>
<use>1</use>
<logicalDatatype>LOGDT019</logicalDatatype>
<autoIncrementCycle>false</autoIncrementCycle>
</Column>
<Column name="ENROLLMENT_STATUS_CODE" id="BB27FED3-C002-3518-693A-5C969F21CE5B">
<sourceConnName>TX_MAXDAT_PROD</sourceConnName>
<sourceObjSchema>D_ME_ENRL_STATUS_CODE</sourceObjSchema>
<sourceObjName>ENROLLMENT_STATUS_CODE</sourceObjName>
<createdBy>mb56142</createdBy>
<createdTime>2014-06-24 02:17:14 UTC</createdTime>
<ownerDesignName>TXEB_BPM_Semantic_data_model_diagram</ownerDesignName>
<nullsAllowed>true</nullsAllowed>
<useDomainConstraints>false</useDomainConstraints>
<use>1</use>
<logicalDatatype>LOGDT024</logicalDatatype>
<dataTypeSize>32 BYTE</dataTypeSize>
<autoIncrementCycle>false</autoIncrementCycle>
</Column>
</columns>
<indexes itemClass="oracle.dbtools.crest.model.design.relational.Index">
<ind_PK_UK id="7873BF60-06AE-9046-5E29-DACA3884AE27" name="DMESC_PK">
<sourceConnName>TX_MAXDAT_PROD</sourceConnName>
<sourceObjSchema>MAXDAT</sourceObjSchema>
<sourceObjName>DMESC_PK</sourceObjName>
<createdBy>mb56142</createdBy>
<createdTime>2014-06-24 02:17:15 UTC</createdTime>
<ownerDesignName>TXEB_BPM_Semantic_data_model_diagram</ownerDesignName>
<pk>true</pk>
<indexState>Primary Constraint</indexState>
<isSurrogateKey>false</isSurrogateKey>
<indexColumnUsage>
<colUsage columnID="9CE44A4E-93A5-ACD4-CB47-0DD09AB9D14B"/>
</indexColumnUsage>
</ind_PK_UK>
<ind_PK_UK id="57D14C08-5121-7854-BF31-A7FB4D3EF0F6" name="DMESC_PK">
<sourceConnName>TX_MAXDAT_PROD</sourceConnName>
<sourceObjSchema>MAXDAT</sourceObjSchema>
<sourceObjName>DMESC_PK</sourceObjName>
<createdBy>mb56142</createdBy>
<createdTime>2014-06-24 02:17:15 UTC</createdTime>
<ownerDesignName>TXEB_BPM_Semantic_data_model_diagram</ownerDesignName>
<indexState>Unique Plain Index</indexState>
<schemaObject>121AEE1F-FD79-403A-F17D-FF8859EA2228</schemaObject>
<isSurrogateKey>false</isSurrogateKey>
<indexColumnUsage>
<colUsage columnID="9CE44A4E-93A5-ACD4-CB47-0DD09AB9D14B"/>
</indexColumnUsage>
</ind_PK_UK>
<ind_PK_UK id="188A9AF8-6F0E-B798-6BB8-58F7AFBE1402" name="DMESC_UIX1">
<sourceConnName>TX_MAXDAT_PROD</sourceConnName>
<sourceObjSchema>MAXDAT</sourceObjSchema>
<sourceObjName>DMESC_UIX1</sourceObjName>
<createdBy>mb56142</createdBy>
<createdTime>2014-06-24 02:17:15 UTC</createdTime>
<ownerDesignName>TXEB_BPM_Semantic_data_model_diagram</ownerDesignName>
<indexState>Unique Plain Index</indexState>
<schemaObject>121AEE1F-FD79-403A-F17D-FF8859EA2228</schemaObject>
<isSurrogateKey>false</isSurrogateKey>
<indexColumnUsage>
<colUsage columnID="BB27FED3-C002-3518-693A-5C969F21CE5B"/>
</indexColumnUsage>
</ind_PK_UK>
</indexes>
</Table>