<?xml version = '1.0' encoding = 'UTF-8'?>
<Table class="oracle.dbtools.crest.model.design.relational.Table" directorySegmentName="seg_0" id="309B789B-4EAD-F595-7B45-A8D9666783FF" name="D_PI_INCIDENT_STATUS">
<sourceConnName>TX_MAXDAT_PROD</sourceConnName>
<sourceObjSchema>MAXDAT</sourceObjSchema>
<sourceObjName>D_PI_INCIDENT_STATUS</sourceObjName>
<createdBy>mb56142</createdBy>
<createdTime>2014-06-25 01:57:50 UTC</createdTime>
<ownerDesignName>TXEB_BPM_Semantic_data_model_diagram</ownerDesignName>
<schemaObject>121AEE1F-FD79-403A-F17D-FF8859EA2228</schemaObject>
<allowColumnReorder>false</allowColumnReorder>
<existDependencyGenerateInDDl>true</existDependencyGenerateInDDl>
<columns itemClass="oracle.dbtools.crest.model.design.relational.Column">
<Column name="DPIISS_ID" id="A36ACFC7-F44E-346C-BE40-FB71BAA745A7">
<sourceConnName>TX_MAXDAT_PROD</sourceConnName>
<sourceObjSchema>D_PI_INCIDENT_STATUS</sourceObjSchema>
<sourceObjName>DPIISS_ID</sourceObjName>
<createdBy>mb56142</createdBy>
<createdTime>2014-06-25 01:57:50 UTC</createdTime>
<ownerDesignName>TXEB_BPM_Semantic_data_model_diagram</ownerDesignName>
<useDomainConstraints>false</useDomainConstraints>
<use>1</use>
<logicalDatatype>LOGDT019</logicalDatatype>
<autoIncrementCycle>false</autoIncrementCycle>
</Column>
<Column name="Incident Status" id="4F22A734-6169-3A04-3964-F4F9C78A29E9">
<sourceConnName>TX_MAXDAT_PROD</sourceConnName>
<sourceObjSchema>D_PI_INCIDENT_STATUS</sourceObjSchema>
<sourceObjName>Incident Status</sourceObjName>
<createdBy>mb56142</createdBy>
<createdTime>2014-06-25 01:57:50 UTC</createdTime>
<ownerDesignName>TXEB_BPM_Semantic_data_model_diagram</ownerDesignName>
<nameHasQuotes>true</nameHasQuotes>
<nullsAllowed>true</nullsAllowed>
<useDomainConstraints>false</useDomainConstraints>
<use>1</use>
<logicalDatatype>LOGDT024</logicalDatatype>
<dataTypeSize>80 BYTE</dataTypeSize>
<autoIncrementCycle>false</autoIncrementCycle>
</Column>
</columns>
<indexes itemClass="oracle.dbtools.crest.model.design.relational.Index">
<ind_PK_UK id="E65001BF-7D98-23D5-90D5-26D36DBCD4EE" name="DPIISS_PK">
<sourceConnName>TX_MAXDAT_PROD</sourceConnName>
<sourceObjSchema>MAXDAT</sourceObjSchema>
<sourceObjName>DPIISS_PK</sourceObjName>
<createdBy>mb56142</createdBy>
<createdTime>2014-06-25 01:57:51 UTC</createdTime>
<ownerDesignName>TXEB_BPM_Semantic_data_model_diagram</ownerDesignName>
<pk>true</pk>
<indexState>Primary Constraint</indexState>
<isSurrogateKey>false</isSurrogateKey>
<indexColumnUsage>
<colUsage columnID="A36ACFC7-F44E-346C-BE40-FB71BAA745A7"/>
</indexColumnUsage>
</ind_PK_UK>
<ind_PK_UK id="514C46BF-8BD7-3E0E-3B78-293FFA6E859A" name="DPIISS_PK">
<sourceConnName>TX_MAXDAT_PROD</sourceConnName>
<sourceObjSchema>MAXDAT</sourceObjSchema>
<sourceObjName>DPIISS_PK</sourceObjName>
<createdBy>mb56142</createdBy>
<createdTime>2014-06-25 01:57:51 UTC</createdTime>
<ownerDesignName>TXEB_BPM_Semantic_data_model_diagram</ownerDesignName>
<indexState>Unique Plain Index</indexState>
<schemaObject>121AEE1F-FD79-403A-F17D-FF8859EA2228</schemaObject>
<isSurrogateKey>false</isSurrogateKey>
<indexColumnUsage>
<colUsage columnID="A36ACFC7-F44E-346C-BE40-FB71BAA745A7"/>
</indexColumnUsage>
</ind_PK_UK>
<ind_PK_UK id="86DD1E6D-7B35-BAD1-C39C-2A35F372E491" name="DPIISS_UIX1">
<sourceConnName>TX_MAXDAT_PROD</sourceConnName>
<sourceObjSchema>MAXDAT</sourceObjSchema>
<sourceObjName>DPIISS_UIX1</sourceObjName>
<createdBy>mb56142</createdBy>
<createdTime>2014-06-25 01:57:51 UTC</createdTime>
<ownerDesignName>TXEB_BPM_Semantic_data_model_diagram</ownerDesignName>
<indexState>Unique Plain Index</indexState>
<schemaObject>121AEE1F-FD79-403A-F17D-FF8859EA2228</schemaObject>
<isSurrogateKey>false</isSurrogateKey>
<indexColumnUsage>
<colUsage columnID="4F22A734-6169-3A04-3964-F4F9C78A29E9"/>
</indexColumnUsage>
</ind_PK_UK>
</indexes>
</Table>