<?xml version = '1.0' encoding = 'UTF-8'?>
<Table class="oracle.dbtools.crest.model.design.relational.Table" directorySegmentName="seg_0" id="37F3B011-A181-5673-1A25-3CC16415BE96" name="D_ME_CURRENT">
<sourceConnName>TX_MAXDAT_PROD</sourceConnName>
<sourceObjSchema>MAXDAT</sourceObjSchema>
<sourceObjName>D_ME_CURRENT</sourceObjName>
<createdBy>mb56142</createdBy>
<createdTime>2014-06-24 02:16:53 UTC</createdTime>
<ownerDesignName>TXEB_BPM_Semantic_data_model_diagram</ownerDesignName>
<schemaObject>121AEE1F-FD79-403A-F17D-FF8859EA2228</schemaObject>
<allowColumnReorder>false</allowColumnReorder>
<existDependencyGenerateInDDl>true</existDependencyGenerateInDDl>
<columns itemClass="oracle.dbtools.crest.model.design.relational.Column">
<Column name="ME_BI_ID" id="3CC3F7F6-141D-ABF5-E182-55B393DDFD9B">
<sourceConnName>TX_MAXDAT_PROD</sourceConnName>
<sourceObjSchema>D_ME_CURRENT</sourceObjSchema>
<sourceObjName>ME_BI_ID</sourceObjName>
<createdBy>mb56142</createdBy>
<createdTime>2014-06-24 02:16:53 UTC</createdTime>
<ownerDesignName>TXEB_BPM_Semantic_data_model_diagram</ownerDesignName>
<useDomainConstraints>false</useDomainConstraints>
<use>1</use>
<logicalDatatype>LOGDT019</logicalDatatype>
<dataTypePrecision>18</dataTypePrecision>
<autoIncrementCycle>false</autoIncrementCycle>
</Column>
<Column name="CLIENT_ENROLL_STATUS_ID" id="AB005AB9-EED2-2E4C-E49E-FBD5C20CCF44">
<sourceConnName>TX_MAXDAT_PROD</sourceConnName>
<sourceObjSchema>D_ME_CURRENT</sourceObjSchema>
<sourceObjName>CLIENT_ENROLL_STATUS_ID</sourceObjName>
<createdBy>mb56142</createdBy>
<createdTime>2014-06-24 02:16:53 UTC</createdTime>
<ownerDesignName>TXEB_BPM_Semantic_data_model_diagram</ownerDesignName>
<nullsAllowed>true</nullsAllowed>
<useDomainConstraints>false</useDomainConstraints>
<use>1</use>
<logicalDatatype>LOGDT019</logicalDatatype>
<dataTypePrecision>18</dataTypePrecision>
<autoIncrementCycle>false</autoIncrementCycle>
</Column>
<Column name="CLIENT_ID" id="6FE888DB-4875-66B2-F6E4-01ECE19ABBA3">
<sourceConnName>TX_MAXDAT_PROD</sourceConnName>
<sourceObjSchema>D_ME_CURRENT</sourceObjSchema>
<sourceObjName>CLIENT_ID</sourceObjName>
<createdBy>mb56142</createdBy>
<createdTime>2014-06-24 02:16:53 UTC</createdTime>
<ownerDesignName>TXEB_BPM_Semantic_data_model_diagram</ownerDesignName>
<nullsAllowed>true</nullsAllowed>
<useDomainConstraints>false</useDomainConstraints>
<use>1</use>
<logicalDatatype>LOGDT019</logicalDatatype>
<dataTypePrecision>18</dataTypePrecision>
<autoIncrementCycle>false</autoIncrementCycle>
</Column>
<Column name="CREATE_DT" id="9288406C-549E-23EA-A9C4-7C11404763E4">
<sourceConnName>TX_MAXDAT_PROD</sourceConnName>
<sourceObjSchema>D_ME_CURRENT</sourceObjSchema>
<sourceObjName>CREATE_DT</sourceObjName>
<createdBy>mb56142</createdBy>
<createdTime>2014-06-24 02:16:53 UTC</createdTime>
<ownerDesignName>TXEB_BPM_Semantic_data_model_diagram</ownerDesignName>
<nullsAllowed>true</nullsAllowed>
<useDomainConstraints>false</useDomainConstraints>
<use>1</use>
<logicalDatatype>LOGDT007</logicalDatatype>
<dataTypeSize>7</dataTypeSize>
<autoIncrementCycle>false</autoIncrementCycle>
</Column>
<Column name="CASE_ID" id="0B3E8C87-1172-5553-C4B3-2C15519A1FAE">
<sourceConnName>TX_MAXDAT_PROD</sourceConnName>
<sourceObjSchema>D_ME_CURRENT</sourceObjSchema>
<sourceObjName>CASE_ID</sourceObjName>
<createdBy>mb56142</createdBy>
<createdTime>2014-06-24 02:16:53 UTC</createdTime>
<ownerDesignName>TXEB_BPM_Semantic_data_model_diagram</ownerDesignName>
<nullsAllowed>true</nullsAllowed>
<useDomainConstraints>false</useDomainConstraints>
<use>1</use>
<logicalDatatype>LOGDT019</logicalDatatype>
<dataTypePrecision>18</dataTypePrecision>
<autoIncrementCycle>false</autoIncrementCycle>
</Column>
<Column name="CLIENT_CIN" id="55B11B64-2A2A-4ABB-63FE-3A99AF3AE83A">
<sourceConnName>TX_MAXDAT_PROD</sourceConnName>
<sourceObjSchema>D_ME_CURRENT</sourceObjSchema>
<sourceObjName>CLIENT_CIN</sourceObjName>
<createdBy>mb56142</createdBy>
<createdTime>2014-06-24 02:16:53 UTC</createdTime>
<ownerDesignName>TXEB_BPM_Semantic_data_model_diagram</ownerDesignName>
<nullsAllowed>true</nullsAllowed>
<useDomainConstraints>false</useDomainConstraints>
<use>1</use>
<logicalDatatype>LOGDT024</logicalDatatype>
<dataTypeSize>32 BYTE</dataTypeSize>
<autoIncrementCycle>false</autoIncrementCycle>
</Column>
<Column name="NEWBORN_FLG" id="BC042632-04ED-A22B-87EF-78D8CDBAB3E8">
<sourceConnName>TX_MAXDAT_PROD</sourceConnName>
<sourceObjSchema>D_ME_CURRENT</sourceObjSchema>
<sourceObjName>NEWBORN_FLG</sourceObjName>
<createdBy>mb56142</createdBy>
<createdTime>2014-06-24 02:16:53 UTC</createdTime>
<ownerDesignName>TXEB_BPM_Semantic_data_model_diagram</ownerDesignName>
<nullsAllowed>true</nullsAllowed>
<useDomainConstraints>false</useDomainConstraints>
<use>1</use>
<logicalDatatype>LOGDT024</logicalDatatype>
<dataTypeSize>1 BYTE</dataTypeSize>
<autoIncrementCycle>false</autoIncrementCycle>
</Column>
<Column name="SERVICE_AREA" id="50203337-C1F9-A325-82BF-BE3F95FBB18F">
<sourceConnName>TX_MAXDAT_PROD</sourceConnName>
<sourceObjSchema>D_ME_CURRENT</sourceObjSchema>
<sourceObjName>SERVICE_AREA</sourceObjName>
<createdBy>mb56142</createdBy>
<createdTime>2014-06-24 02:16:53 UTC</createdTime>
<ownerDesignName>TXEB_BPM_Semantic_data_model_diagram</ownerDesignName>
<nullsAllowed>true</nullsAllowed>
<useDomainConstraints>false</useDomainConstraints>
<use>1</use>
<logicalDatatype>LOGDT024</logicalDatatype>
<dataTypeSize>32 BYTE</dataTypeSize>
<autoIncrementCycle>false</autoIncrementCycle>
</Column>
<Column name="COUNTY_CODE" id="79A641E8-DF3F-4C35-DA46-6B268F5E9FD1">
<sourceConnName>TX_MAXDAT_PROD</sourceConnName>
<sourceObjSchema>D_ME_CURRENT</sourceObjSchema>
<sourceObjName>COUNTY_CODE</sourceObjName>
<createdBy>mb56142</createdBy>
<createdTime>2014-06-24 02:16:53 UTC</createdTime>
<ownerDesignName>TXEB_BPM_Semantic_data_model_diagram</ownerDesignName>
<nullsAllowed>true</nullsAllowed>
<useDomainConstraints>false</useDomainConstraints>
<use>1</use>
<logicalDatatype>LOGDT024</logicalDatatype>
<dataTypeSize>32 BYTE</dataTypeSize>
<autoIncrementCycle>false</autoIncrementCycle>
</Column>
<Column name="ZIP_CODE" id="140FE214-9042-9204-EF6D-B18119C24959">
<sourceConnName>TX_MAXDAT_PROD</sourceConnName>
<sourceObjSchema>D_ME_CURRENT</sourceObjSchema>
<sourceObjName>ZIP_CODE</sourceObjName>
<createdBy>mb56142</createdBy>
<createdTime>2014-06-24 02:16:53 UTC</createdTime>
<ownerDesignName>TXEB_BPM_Semantic_data_model_diagram</ownerDesignName>
<nullsAllowed>true</nullsAllowed>
<useDomainConstraints>false</useDomainConstraints>
<use>1</use>
<logicalDatatype>LOGDT024</logicalDatatype>
<dataTypeSize>80 BYTE</dataTypeSize>
<autoIncrementCycle>false</autoIncrementCycle>
</Column>
<Column name="AGE_IN_BUSINESS_DAYS" id="15BD5A4B-16B0-9EAA-0560-4360298B1764">
<sourceConnName>TX_MAXDAT_PROD</sourceConnName>
<sourceObjSchema>D_ME_CURRENT</sourceObjSchema>
<sourceObjName>AGE_IN_BUSINESS_DAYS</sourceObjName>
<createdBy>mb56142</createdBy>
<createdTime>2014-06-24 02:16:53 UTC</createdTime>
<ownerDesignName>TXEB_BPM_Semantic_data_model_diagram</ownerDesignName>
<nullsAllowed>true</nullsAllowed>
<useDomainConstraints>false</useDomainConstraints>
<use>1</use>
<logicalDatatype>LOGDT019</logicalDatatype>
<dataTypePrecision>18</dataTypePrecision>
<autoIncrementCycle>false</autoIncrementCycle>
</Column>
<Column name="AGE_IN_CALENDAR_DAYS" id="C5163A73-EC5E-B4BE-3BC6-18CBE32B26F9">
<sourceConnName>TX_MAXDAT_PROD</sourceConnName>
<sourceObjSchema>D_ME_CURRENT</sourceObjSchema>
<sourceObjName>AGE_IN_CALENDAR_DAYS</sourceObjName>
<createdBy>mb56142</createdBy>
<createdTime>2014-06-24 02:16:53 UTC</createdTime>
<ownerDesignName>TXEB_BPM_Semantic_data_model_diagram</ownerDesignName>
<nullsAllowed>true</nullsAllowed>
<useDomainConstraints>false</useDomainConstraints>
<use>1</use>
<logicalDatatype>LOGDT019</logicalDatatype>
<dataTypePrecision>18</dataTypePrecision>
<autoIncrementCycle>false</autoIncrementCycle>
</Column>
<Column name="CUR_ENROLLMENT_STATUS_CODE" id="FFD33B58-8AC9-AC1C-82C8-9BCA4C6ACF74">
<sourceConnName>TX_MAXDAT_PROD</sourceConnName>
<sourceObjSchema>D_ME_CURRENT</sourceObjSchema>
<sourceObjName>CUR_ENROLLMENT_STATUS_CODE</sourceObjName>
<createdBy>mb56142</createdBy>
<createdTime>2014-06-24 02:16:53 UTC</createdTime>
<ownerDesignName>TXEB_BPM_Semantic_data_model_diagram</ownerDesignName>
<nullsAllowed>true</nullsAllowed>
<useDomainConstraints>false</useDomainConstraints>
<use>1</use>
<logicalDatatype>LOGDT024</logicalDatatype>
<dataTypeSize>32 BYTE</dataTypeSize>
<autoIncrementCycle>false</autoIncrementCycle>
</Column>
<Column name="CUR_ENROLLMENT_STATUS_DATE" id="E86184F3-DEF6-43C1-F4C3-04DA57DB1463">
<sourceConnName>TX_MAXDAT_PROD</sourceConnName>
<sourceObjSchema>D_ME_CURRENT</sourceObjSchema>
<sourceObjName>CUR_ENROLLMENT_STATUS_DATE</sourceObjName>
<createdBy>mb56142</createdBy>
<createdTime>2014-06-24 02:16:53 UTC</createdTime>
<ownerDesignName>TXEB_BPM_Semantic_data_model_diagram</ownerDesignName>
<nullsAllowed>true</nullsAllowed>
<useDomainConstraints>false</useDomainConstraints>
<use>1</use>
<logicalDatatype>LOGDT007</logicalDatatype>
<dataTypeSize>7</dataTypeSize>
<autoIncrementCycle>false</autoIncrementCycle>
</Column>
<Column name="AUTO_ASSIGNMENT_DUE_DATE" id="753044D7-86E1-4E19-8BD6-51421E2FBD2E">
<sourceConnName>TX_MAXDAT_PROD</sourceConnName>
<sourceObjSchema>D_ME_CURRENT</sourceObjSchema>
<sourceObjName>AUTO_ASSIGNMENT_DUE_DATE</sourceObjName>
<createdBy>mb56142</createdBy>
<createdTime>2014-06-24 02:16:53 UTC</createdTime>
<ownerDesignName>TXEB_BPM_Semantic_data_model_diagram</ownerDesignName>
<nullsAllowed>true</nullsAllowed>
<useDomainConstraints>false</useDomainConstraints>
<use>1</use>
<logicalDatatype>LOGDT007</logicalDatatype>
<dataTypeSize>7</dataTypeSize>
<autoIncrementCycle>false</autoIncrementCycle>
</Column>
<Column name="ENRL_PACKET_REQUEST_ID" id="B84FF259-C743-D3FF-12B8-2BE580D13B37">
<sourceConnName>TX_MAXDAT_PROD</sourceConnName>
<sourceObjSchema>D_ME_CURRENT</sourceObjSchema>
<sourceObjName>ENRL_PACKET_REQUEST_ID</sourceObjName>
<createdBy>mb56142</createdBy>
<createdTime>2014-06-24 02:16:53 UTC</createdTime>
<ownerDesignName>TXEB_BPM_Semantic_data_model_diagram</ownerDesignName>
<nullsAllowed>true</nullsAllowed>
<useDomainConstraints>false</useDomainConstraints>
<use>1</use>
<logicalDatatype>LOGDT019</logicalDatatype>
<dataTypePrecision>18</dataTypePrecision>
<autoIncrementCycle>false</autoIncrementCycle>
</Column>
<Column name="ENRL_PACKET_REQUEST_DATE" id="B00FEC20-DD2B-DDC2-4299-EA8D316144A0">
<sourceConnName>TX_MAXDAT_PROD</sourceConnName>
<sourceObjSchema>D_ME_CURRENT</sourceObjSchema>
<sourceObjName>ENRL_PACKET_REQUEST_DATE</sourceObjName>
<createdBy>mb56142</createdBy>
<createdTime>2014-06-24 02:16:53 UTC</createdTime>
<ownerDesignName>TXEB_BPM_Semantic_data_model_diagram</ownerDesignName>
<nullsAllowed>true</nullsAllowed>
<useDomainConstraints>false</useDomainConstraints>
<use>1</use>
<logicalDatatype>LOGDT007</logicalDatatype>
<dataTypeSize>7</dataTypeSize>
<autoIncrementCycle>false</autoIncrementCycle>
</Column>
<Column name="ENROLL_FEE_AMNT_DUE" id="21C5CBA1-7A5A-8079-879A-EF1BD6BCE11E">
<sourceConnName>TX_MAXDAT_PROD</sourceConnName>
<sourceObjSchema>D_ME_CURRENT</sourceObjSchema>
<sourceObjName>ENROLL_FEE_AMNT_DUE</sourceObjName>
<createdBy>mb56142</createdBy>
<createdTime>2014-06-24 02:16:53 UTC</createdTime>
<ownerDesignName>TXEB_BPM_Semantic_data_model_diagram</ownerDesignName>
<nullsAllowed>true</nullsAllowed>
<useDomainConstraints>false</useDomainConstraints>
<use>1</use>
<logicalDatatype>LOGDT019</logicalDatatype>
<autoIncrementCycle>false</autoIncrementCycle>
</Column>
<Column name="ENROLL_FEE_AMNT_PAID" id="0A9B4DFB-6DF9-258F-88FA-247D34788FB9">
<sourceConnName>TX_MAXDAT_PROD</sourceConnName>
<sourceObjSchema>D_ME_CURRENT</sourceObjSchema>
<sourceObjName>ENROLL_FEE_AMNT_PAID</sourceObjName>
<createdBy>mb56142</createdBy>
<createdTime>2014-06-24 02:16:53 UTC</createdTime>
<ownerDesignName>TXEB_BPM_Semantic_data_model_diagram</ownerDesignName>
<nullsAllowed>true</nullsAllowed>
<useDomainConstraints>false</useDomainConstraints>
<use>1</use>
<logicalDatatype>LOGDT019</logicalDatatype>
<autoIncrementCycle>false</autoIncrementCycle>
</Column>
<Column name="ENROLL_FEE_RECVD_DATE" id="21145AEA-54C4-82B2-9322-7A345BBF8B16">
<sourceConnName>TX_MAXDAT_PROD</sourceConnName>
<sourceObjSchema>D_ME_CURRENT</sourceObjSchema>
<sourceObjName>ENROLL_FEE_RECVD_DATE</sourceObjName>
<createdBy>mb56142</createdBy>
<createdTime>2014-06-24 02:16:53 UTC</createdTime>
<ownerDesignName>TXEB_BPM_Semantic_data_model_diagram</ownerDesignName>
<nullsAllowed>true</nullsAllowed>
<useDomainConstraints>false</useDomainConstraints>
<use>1</use>
<logicalDatatype>LOGDT007</logicalDatatype>
<dataTypeSize>7</dataTypeSize>
<autoIncrementCycle>false</autoIncrementCycle>
</Column>
<Column name="FEE_PAID_FLG" id="F5EE7D3F-3042-723F-D3B0-267DA86EE696">
<sourceConnName>TX_MAXDAT_PROD</sourceConnName>
<sourceObjSchema>D_ME_CURRENT</sourceObjSchema>
<sourceObjName>FEE_PAID_FLG</sourceObjName>
<createdBy>mb56142</createdBy>
<createdTime>2014-06-24 02:16:53 UTC</createdTime>
<ownerDesignName>TXEB_BPM_Semantic_data_model_diagram</ownerDesignName>
<nullsAllowed>true</nullsAllowed>
<useDomainConstraints>false</useDomainConstraints>
<use>1</use>
<logicalDatatype>LOGDT024</logicalDatatype>
<dataTypeSize>1 BYTE</dataTypeSize>
<autoIncrementCycle>false</autoIncrementCycle>
</Column>
<Column name="CHIP_PLAN_CHANGE_NOTICE_ID" id="B4D3956B-41D0-AE4E-7576-1C916D514B3B">
<sourceConnName>TX_MAXDAT_PROD</sourceConnName>
<sourceObjSchema>D_ME_CURRENT</sourceObjSchema>
<sourceObjName>CHIP_PLAN_CHANGE_NOTICE_ID</sourceObjName>
<createdBy>mb56142</createdBy>
<createdTime>2014-06-24 02:16:53 UTC</createdTime>
<ownerDesignName>TXEB_BPM_Semantic_data_model_diagram</ownerDesignName>
<nullsAllowed>true</nullsAllowed>
<useDomainConstraints>false</useDomainConstraints>
<use>1</use>
<logicalDatatype>LOGDT019</logicalDatatype>
<dataTypePrecision>18</dataTypePrecision>
<autoIncrementCycle>false</autoIncrementCycle>
</Column>
<Column name="CHIP_PLAN_CHANGE_MAILED_DATE" id="05389B0B-BE73-E472-0E93-4D4FCBF183CE">
<sourceConnName>TX_MAXDAT_PROD</sourceConnName>
<sourceObjSchema>D_ME_CURRENT</sourceObjSchema>
<sourceObjName>CHIP_PLAN_CHANGE_MAILED_DATE</sourceObjName>
<createdBy>mb56142</createdBy>
<createdTime>2014-06-24 02:16:53 UTC</createdTime>
<ownerDesignName>TXEB_BPM_Semantic_data_model_diagram</ownerDesignName>
<nullsAllowed>true</nullsAllowed>
<useDomainConstraints>false</useDomainConstraints>
<use>1</use>
<logicalDatatype>LOGDT007</logicalDatatype>
<dataTypeSize>7</dataTypeSize>
<autoIncrementCycle>false</autoIncrementCycle>
</Column>
<Column name="CHIP_ENROLL_MI_NOTICE_ID" id="60756B84-6EEA-E2EF-2D37-F79268A3C6DE">
<sourceConnName>TX_MAXDAT_PROD</sourceConnName>
<sourceObjSchema>D_ME_CURRENT</sourceObjSchema>
<sourceObjName>CHIP_ENROLL_MI_NOTICE_ID</sourceObjName>
<createdBy>mb56142</createdBy>
<createdTime>2014-06-24 02:16:53 UTC</createdTime>
<ownerDesignName>TXEB_BPM_Semantic_data_model_diagram</ownerDesignName>
<nullsAllowed>true</nullsAllowed>
<useDomainConstraints>false</useDomainConstraints>
<use>1</use>
<logicalDatatype>LOGDT019</logicalDatatype>
<dataTypePrecision>18</dataTypePrecision>
<autoIncrementCycle>false</autoIncrementCycle>
</Column>
<Column name="CHIP_ENROLL_MI_SENT_DATE" id="7CFB5224-B430-F453-5D5F-5DF422E6FD99">
<sourceConnName>TX_MAXDAT_PROD</sourceConnName>
<sourceObjSchema>D_ME_CURRENT</sourceObjSchema>
<sourceObjName>CHIP_ENROLL_MI_SENT_DATE</sourceObjName>
<createdBy>mb56142</createdBy>
<createdTime>2014-06-24 02:16:53 UTC</createdTime>
<ownerDesignName>TXEB_BPM_Semantic_data_model_diagram</ownerDesignName>
<nullsAllowed>true</nullsAllowed>
<useDomainConstraints>false</useDomainConstraints>
<use>1</use>
<logicalDatatype>LOGDT007</logicalDatatype>
<dataTypeSize>7</dataTypeSize>
<autoIncrementCycle>false</autoIncrementCycle>
</Column>
<Column name="PLAN_TYPE" id="B16EF5DD-5709-4E06-8725-2B0BA1FF87ED">
<sourceConnName>TX_MAXDAT_PROD</sourceConnName>
<sourceObjSchema>D_ME_CURRENT</sourceObjSchema>
<sourceObjName>PLAN_TYPE</sourceObjName>
<createdBy>mb56142</createdBy>
<createdTime>2014-06-24 02:16:53 UTC</createdTime>
<ownerDesignName>TXEB_BPM_Semantic_data_model_diagram</ownerDesignName>
<nullsAllowed>true</nullsAllowed>
<useDomainConstraints>false</useDomainConstraints>
<use>1</use>
<logicalDatatype>LOGDT024</logicalDatatype>
<dataTypeSize>32 BYTE</dataTypeSize>
<autoIncrementCycle>false</autoIncrementCycle>
</Column>
<Column name="PROGRAM_TYPE" id="729E08B9-5270-08A3-E212-26378EE19423">
<sourceConnName>TX_MAXDAT_PROD</sourceConnName>
<sourceObjSchema>D_ME_CURRENT</sourceObjSchema>
<sourceObjName>PROGRAM_TYPE</sourceObjName>
<createdBy>mb56142</createdBy>
<createdTime>2014-06-24 02:16:53 UTC</createdTime>
<ownerDesignName>TXEB_BPM_Semantic_data_model_diagram</ownerDesignName>
<nullsAllowed>true</nullsAllowed>
<useDomainConstraints>false</useDomainConstraints>
<use>1</use>
<logicalDatatype>LOGDT024</logicalDatatype>
<dataTypeSize>32 BYTE</dataTypeSize>
<autoIncrementCycle>false</autoIncrementCycle>
</Column>
<Column name="SUBPROGRAM_TYPE" id="4AAB6716-5C12-B54B-731F-B842248E9E46">
<sourceConnName>TX_MAXDAT_PROD</sourceConnName>
<sourceObjSchema>D_ME_CURRENT</sourceObjSchema>
<sourceObjName>SUBPROGRAM_TYPE</sourceObjName>
<createdBy>mb56142</createdBy>
<createdTime>2014-06-24 02:16:53 UTC</createdTime>
<ownerDesignName>TXEB_BPM_Semantic_data_model_diagram</ownerDesignName>
<nullsAllowed>true</nullsAllowed>
<useDomainConstraints>false</useDomainConstraints>
<use>1</use>
<logicalDatatype>LOGDT024</logicalDatatype>
<dataTypeSize>32 BYTE</dataTypeSize>
<autoIncrementCycle>false</autoIncrementCycle>
</Column>
<Column name="SELECTION_METHOD" id="CB73B52A-0B8D-49B4-7824-16538C7E6483">
<sourceConnName>TX_MAXDAT_PROD</sourceConnName>
<sourceObjSchema>D_ME_CURRENT</sourceObjSchema>
<sourceObjName>SELECTION_METHOD</sourceObjName>
<createdBy>mb56142</createdBy>
<createdTime>2014-06-24 02:16:53 UTC</createdTime>
<ownerDesignName>TXEB_BPM_Semantic_data_model_diagram</ownerDesignName>
<nullsAllowed>true</nullsAllowed>
<useDomainConstraints>false</useDomainConstraints>
<use>1</use>
<logicalDatatype>LOGDT024</logicalDatatype>
<dataTypeSize>32 BYTE</dataTypeSize>
<autoIncrementCycle>false</autoIncrementCycle>
</Column>
<Column name="SELECTION_CREATED_BY_NAME" id="4BEFCF6E-D631-773E-BC5D-3C07079E085D">
<sourceConnName>TX_MAXDAT_PROD</sourceConnName>
<sourceObjSchema>D_ME_CURRENT</sourceObjSchema>
<sourceObjName>SELECTION_CREATED_BY_NAME</sourceObjName>
<createdBy>mb56142</createdBy>
<createdTime>2014-06-24 02:16:53 UTC</createdTime>
<ownerDesignName>TXEB_BPM_Semantic_data_model_diagram</ownerDesignName>
<nullsAllowed>true</nullsAllowed>
<useDomainConstraints>false</useDomainConstraints>
<use>1</use>
<logicalDatatype>LOGDT024</logicalDatatype>
<dataTypeSize>80 BYTE</dataTypeSize>
<autoIncrementCycle>false</autoIncrementCycle>
</Column>
<Column name="SELECTION_CREATE_DATE" id="FBB25D25-E9F7-48BB-9B03-67A9D5825CDE">
<sourceConnName>TX_MAXDAT_PROD</sourceConnName>
<sourceObjSchema>D_ME_CURRENT</sourceObjSchema>
<sourceObjName>SELECTION_CREATE_DATE</sourceObjName>
<createdBy>mb56142</createdBy>
<createdTime>2014-06-24 02:16:53 UTC</createdTime>
<ownerDesignName>TXEB_BPM_Semantic_data_model_diagram</ownerDesignName>
<nullsAllowed>true</nullsAllowed>
<useDomainConstraints>false</useDomainConstraints>
<use>1</use>
<logicalDatatype>LOGDT007</logicalDatatype>
<dataTypeSize>7</dataTypeSize>
<autoIncrementCycle>false</autoIncrementCycle>
</Column>
<Column name="SELECTION_LAST_UPD_BY_NAME" id="DD0C4FE5-5B9A-9D3E-2B60-7C92FE33192E">
<sourceConnName>TX_MAXDAT_PROD</sourceConnName>
<sourceObjSchema>D_ME_CURRENT</sourceObjSchema>
<sourceObjName>SELECTION_LAST_UPD_BY_NAME</sourceObjName>
<createdBy>mb56142</createdBy>
<createdTime>2014-06-24 02:16:53 UTC</createdTime>
<ownerDesignName>TXEB_BPM_Semantic_data_model_diagram</ownerDesignName>
<nullsAllowed>true</nullsAllowed>
<useDomainConstraints>false</useDomainConstraints>
<use>1</use>
<logicalDatatype>LOGDT024</logicalDatatype>
<dataTypeSize>80 BYTE</dataTypeSize>
<autoIncrementCycle>false</autoIncrementCycle>
</Column>
<Column name="SELECTION_LAST_UPDATE_DATE" id="61A11895-AE57-F9D5-973E-B1EF6CAD8EB3">
<sourceConnName>TX_MAXDAT_PROD</sourceConnName>
<sourceObjSchema>D_ME_CURRENT</sourceObjSchema>
<sourceObjName>SELECTION_LAST_UPDATE_DATE</sourceObjName>
<createdBy>mb56142</createdBy>
<createdTime>2014-06-24 02:16:53 UTC</createdTime>
<ownerDesignName>TXEB_BPM_Semantic_data_model_diagram</ownerDesignName>
<nullsAllowed>true</nullsAllowed>
<useDomainConstraints>false</useDomainConstraints>
<use>1</use>
<logicalDatatype>LOGDT007</logicalDatatype>
<dataTypeSize>7</dataTypeSize>
<autoIncrementCycle>false</autoIncrementCycle>
</Column>
<Column name="SELECTION_AUTO_PROCESSED" id="608E2B52-F265-CB70-67C6-3F5C71C760C7">
<sourceConnName>TX_MAXDAT_PROD</sourceConnName>
<sourceObjSchema>D_ME_CURRENT</sourceObjSchema>
<sourceObjName>SELECTION_AUTO_PROCESSED</sourceObjName>
<createdBy>mb56142</createdBy>
<createdTime>2014-06-24 02:16:53 UTC</createdTime>
<ownerDesignName>TXEB_BPM_Semantic_data_model_diagram</ownerDesignName>
<nullsAllowed>true</nullsAllowed>
<useDomainConstraints>false</useDomainConstraints>
<use>1</use>
<logicalDatatype>LOGDT024</logicalDatatype>
<dataTypeSize>1 BYTE</dataTypeSize>
<autoIncrementCycle>false</autoIncrementCycle>
</Column>
<Column name="VALID_SLCN_RECEIVED_START_DATE" id="51F52B09-B75B-2722-2EA6-F334BE63D63C">
<sourceConnName>TX_MAXDAT_PROD</sourceConnName>
<sourceObjSchema>D_ME_CURRENT</sourceObjSchema>
<sourceObjName>VALID_SLCN_RECEIVED_START_DATE</sourceObjName>
<createdBy>mb56142</createdBy>
<createdTime>2014-06-24 02:16:53 UTC</createdTime>
<ownerDesignName>TXEB_BPM_Semantic_data_model_diagram</ownerDesignName>
<nullsAllowed>true</nullsAllowed>
<useDomainConstraints>false</useDomainConstraints>
<use>1</use>
<logicalDatatype>LOGDT007</logicalDatatype>
<dataTypeSize>7</dataTypeSize>
<autoIncrementCycle>false</autoIncrementCycle>
</Column>
<Column name="VALID_SLCN_RECEIVED_END_DATE" id="2C3F52DE-800D-85DA-7491-B01D3E0A0626">
<sourceConnName>TX_MAXDAT_PROD</sourceConnName>
<sourceObjSchema>D_ME_CURRENT</sourceObjSchema>
<sourceObjName>VALID_SLCN_RECEIVED_END_DATE</sourceObjName>
<createdBy>mb56142</createdBy>
<createdTime>2014-06-24 02:16:53 UTC</createdTime>
<ownerDesignName>TXEB_BPM_Semantic_data_model_diagram</ownerDesignName>
<nullsAllowed>true</nullsAllowed>
<useDomainConstraints>false</useDomainConstraints>
<use>1</use>
<logicalDatatype>LOGDT007</logicalDatatype>
<dataTypeSize>7</dataTypeSize>
<autoIncrementCycle>false</autoIncrementCycle>
</Column>
<Column name="SEND_ENROLL_PKT_START_DATE" id="11E4C7F4-4F30-677C-A55D-B2D1B94B940E">
<sourceConnName>TX_MAXDAT_PROD</sourceConnName>
<sourceObjSchema>D_ME_CURRENT</sourceObjSchema>
<sourceObjName>SEND_ENROLL_PKT_START_DATE</sourceObjName>
<createdBy>mb56142</createdBy>
<createdTime>2014-06-24 02:16:53 UTC</createdTime>
<ownerDesignName>TXEB_BPM_Semantic_data_model_diagram</ownerDesignName>
<nullsAllowed>true</nullsAllowed>
<useDomainConstraints>false</useDomainConstraints>
<use>1</use>
<logicalDatatype>LOGDT007</logicalDatatype>
<dataTypeSize>7</dataTypeSize>
<autoIncrementCycle>false</autoIncrementCycle>
</Column>
<Column name="SEND_ENROLL_PKT_END_DATE" id="C25351E8-90E7-6B24-B42F-1C462AD2BC83">
<sourceConnName>TX_MAXDAT_PROD</sourceConnName>
<sourceObjSchema>D_ME_CURRENT</sourceObjSchema>
<sourceObjName>SEND_ENROLL_PKT_END_DATE</sourceObjName>
<createdBy>mb56142</createdBy>
<createdTime>2014-06-24 02:16:53 UTC</createdTime>
<ownerDesignName>TXEB_BPM_Semantic_data_model_diagram</ownerDesignName>
<nullsAllowed>true</nullsAllowed>
<useDomainConstraints>false</useDomainConstraints>
<use>1</use>
<logicalDatatype>LOGDT007</logicalDatatype>
<dataTypeSize>7</dataTypeSize>
<autoIncrementCycle>false</autoIncrementCycle>
</Column>
<Column name="FIRST_FOLLOW_UP_ID" id="195F6B82-D30A-CA18-A789-388F996DFDB2">
<sourceConnName>TX_MAXDAT_PROD</sourceConnName>
<sourceObjSchema>D_ME_CURRENT</sourceObjSchema>
<sourceObjName>FIRST_FOLLOW_UP_ID</sourceObjName>
<createdBy>mb56142</createdBy>
<createdTime>2014-06-24 02:16:53 UTC</createdTime>
<ownerDesignName>TXEB_BPM_Semantic_data_model_diagram</ownerDesignName>
<nullsAllowed>true</nullsAllowed>
<useDomainConstraints>false</useDomainConstraints>
<use>1</use>
<logicalDatatype>LOGDT024</logicalDatatype>
<dataTypeSize>37 BYTE</dataTypeSize>
<autoIncrementCycle>false</autoIncrementCycle>
</Column>
<Column name="FIRST_FOLLOW_UP_TYPE_CODE" id="93226121-3CD4-4E62-1D39-B758C9A32033">
<sourceConnName>TX_MAXDAT_PROD</sourceConnName>
<sourceObjSchema>D_ME_CURRENT</sourceObjSchema>
<sourceObjName>FIRST_FOLLOW_UP_TYPE_CODE</sourceObjName>
<createdBy>mb56142</createdBy>
<createdTime>2014-06-24 02:16:53 UTC</createdTime>
<ownerDesignName>TXEB_BPM_Semantic_data_model_diagram</ownerDesignName>
<nullsAllowed>true</nullsAllowed>
<useDomainConstraints>false</useDomainConstraints>
<use>1</use>
<logicalDatatype>LOGDT024</logicalDatatype>
<dataTypeSize>40 BYTE</dataTypeSize>
<autoIncrementCycle>false</autoIncrementCycle>
</Column>
<Column name="FIRST_FOLLOW_UP_START_DATE" id="CB1B0686-8EE8-C49A-86B3-508031D7B479">
<sourceConnName>TX_MAXDAT_PROD</sourceConnName>
<sourceObjSchema>D_ME_CURRENT</sourceObjSchema>
<sourceObjName>FIRST_FOLLOW_UP_START_DATE</sourceObjName>
<createdBy>mb56142</createdBy>
<createdTime>2014-06-24 02:16:53 UTC</createdTime>
<ownerDesignName>TXEB_BPM_Semantic_data_model_diagram</ownerDesignName>
<nullsAllowed>true</nullsAllowed>
<useDomainConstraints>false</useDomainConstraints>
<use>1</use>
<logicalDatatype>LOGDT007</logicalDatatype>
<dataTypeSize>7</dataTypeSize>
<autoIncrementCycle>false</autoIncrementCycle>
</Column>
<Column name="FIRST_FOLLOW_UP_END_DATE" id="6A6A5DC9-5A9F-55D5-AE84-168895871ED8">
<sourceConnName>TX_MAXDAT_PROD</sourceConnName>
<sourceObjSchema>D_ME_CURRENT</sourceObjSchema>
<sourceObjName>FIRST_FOLLOW_UP_END_DATE</sourceObjName>
<createdBy>mb56142</createdBy>
<createdTime>2014-06-24 02:16:53 UTC</createdTime>
<ownerDesignName>TXEB_BPM_Semantic_data_model_diagram</ownerDesignName>
<nullsAllowed>true</nullsAllowed>
<useDomainConstraints>false</useDomainConstraints>
<use>1</use>
<logicalDatatype>LOGDT007</logicalDatatype>
<dataTypeSize>7</dataTypeSize>
<autoIncrementCycle>false</autoIncrementCycle>
</Column>
<Column name="SECOND_FOLLOW_UP_ID" id="F156F977-4A2C-8E9B-7938-13B3D3E588AC">
<sourceConnName>TX_MAXDAT_PROD</sourceConnName>
<sourceObjSchema>D_ME_CURRENT</sourceObjSchema>
<sourceObjName>SECOND_FOLLOW_UP_ID</sourceObjName>
<createdBy>mb56142</createdBy>
<createdTime>2014-06-24 02:16:53 UTC</createdTime>
<ownerDesignName>TXEB_BPM_Semantic_data_model_diagram</ownerDesignName>
<nullsAllowed>true</nullsAllowed>
<useDomainConstraints>false</useDomainConstraints>
<use>1</use>
<logicalDatatype>LOGDT024</logicalDatatype>
<dataTypeSize>37 BYTE</dataTypeSize>
<autoIncrementCycle>false</autoIncrementCycle>
</Column>
<Column name="SECOND_FOLLOW_UP_TYPE_CODE" id="F85DD353-F9BA-4AAE-E055-D8DB5EDE03D4">
<sourceConnName>TX_MAXDAT_PROD</sourceConnName>
<sourceObjSchema>D_ME_CURRENT</sourceObjSchema>
<sourceObjName>SECOND_FOLLOW_UP_TYPE_CODE</sourceObjName>
<createdBy>mb56142</createdBy>
<createdTime>2014-06-24 02:16:53 UTC</createdTime>
<ownerDesignName>TXEB_BPM_Semantic_data_model_diagram</ownerDesignName>
<nullsAllowed>true</nullsAllowed>
<useDomainConstraints>false</useDomainConstraints>
<use>1</use>
<logicalDatatype>LOGDT024</logicalDatatype>
<dataTypeSize>40 BYTE</dataTypeSize>
<autoIncrementCycle>false</autoIncrementCycle>
</Column>
<Column name="SECOND_FOLLOW_UP_START_DATE" id="5EFA73CF-CD33-4534-FBAE-123212ECDDDA">
<sourceConnName>TX_MAXDAT_PROD</sourceConnName>
<sourceObjSchema>D_ME_CURRENT</sourceObjSchema>
<sourceObjName>SECOND_FOLLOW_UP_START_DATE</sourceObjName>
<createdBy>mb56142</createdBy>
<createdTime>2014-06-24 02:16:53 UTC</createdTime>
<ownerDesignName>TXEB_BPM_Semantic_data_model_diagram</ownerDesignName>
<nullsAllowed>true</nullsAllowed>
<useDomainConstraints>false</useDomainConstraints>
<use>1</use>
<logicalDatatype>LOGDT007</logicalDatatype>
<dataTypeSize>7</dataTypeSize>
<autoIncrementCycle>false</autoIncrementCycle>
</Column>
<Column name="SECOND_FOLLOW_UP_END_DATE" id="218821C7-A173-775D-5688-A09334BD3485">
<sourceConnName>TX_MAXDAT_PROD</sourceConnName>
<sourceObjSchema>D_ME_CURRENT</sourceObjSchema>
<sourceObjName>SECOND_FOLLOW_UP_END_DATE</sourceObjName>
<createdBy>mb56142</createdBy>
<createdTime>2014-06-24 02:16:53 UTC</createdTime>
<ownerDesignName>TXEB_BPM_Semantic_data_model_diagram</ownerDesignName>
<nullsAllowed>true</nullsAllowed>
<useDomainConstraints>false</useDomainConstraints>
<use>1</use>
<logicalDatatype>LOGDT007</logicalDatatype>
<dataTypeSize>7</dataTypeSize>
<autoIncrementCycle>false</autoIncrementCycle>
</Column>
<Column name="THIRD_FOLLOW_UP_ID" id="8BFBFEA0-D6B7-F018-6237-5CE2F3AFEFBE">
<sourceConnName>TX_MAXDAT_PROD</sourceConnName>
<sourceObjSchema>D_ME_CURRENT</sourceObjSchema>
<sourceObjName>THIRD_FOLLOW_UP_ID</sourceObjName>
<createdBy>mb56142</createdBy>
<createdTime>2014-06-24 02:16:53 UTC</createdTime>
<ownerDesignName>TXEB_BPM_Semantic_data_model_diagram</ownerDesignName>
<nullsAllowed>true</nullsAllowed>
<useDomainConstraints>false</useDomainConstraints>
<use>1</use>
<logicalDatatype>LOGDT024</logicalDatatype>
<dataTypeSize>37 BYTE</dataTypeSize>
<autoIncrementCycle>false</autoIncrementCycle>
</Column>
<Column name="THIRD_FOLLOW_UP_TYPE_CODE" id="4FE1E263-EE72-7800-DB00-9C7AEA477062">
<sourceConnName>TX_MAXDAT_PROD</sourceConnName>
<sourceObjSchema>D_ME_CURRENT</sourceObjSchema>
<sourceObjName>THIRD_FOLLOW_UP_TYPE_CODE</sourceObjName>
<createdBy>mb56142</createdBy>
<createdTime>2014-06-24 02:16:53 UTC</createdTime>
<ownerDesignName>TXEB_BPM_Semantic_data_model_diagram</ownerDesignName>
<nullsAllowed>true</nullsAllowed>
<useDomainConstraints>false</useDomainConstraints>
<use>1</use>
<logicalDatatype>LOGDT024</logicalDatatype>
<dataTypeSize>40 BYTE</dataTypeSize>
<autoIncrementCycle>false</autoIncrementCycle>
</Column>
<Column name="THIRD_FOLLOW_UP_START_DATE" id="E3004FC4-EEBE-3DA3-F026-C804B1B58487">
<sourceConnName>TX_MAXDAT_PROD</sourceConnName>
<sourceObjSchema>D_ME_CURRENT</sourceObjSchema>
<sourceObjName>THIRD_FOLLOW_UP_START_DATE</sourceObjName>
<createdBy>mb56142</createdBy>
<createdTime>2014-06-24 02:16:53 UTC</createdTime>
<ownerDesignName>TXEB_BPM_Semantic_data_model_diagram</ownerDesignName>
<nullsAllowed>true</nullsAllowed>
<useDomainConstraints>false</useDomainConstraints>
<use>1</use>
<logicalDatatype>LOGDT007</logicalDatatype>
<dataTypeSize>7</dataTypeSize>
<autoIncrementCycle>false</autoIncrementCycle>
</Column>
<Column name="THIRD_FOLLOW_UP_END_DATE" id="6050C395-7FDE-1D71-9ACB-9BE1D23397A9">
<sourceConnName>TX_MAXDAT_PROD</sourceConnName>
<sourceObjSchema>D_ME_CURRENT</sourceObjSchema>
<sourceObjName>THIRD_FOLLOW_UP_END_DATE</sourceObjName>
<createdBy>mb56142</createdBy>
<createdTime>2014-06-24 02:16:53 UTC</createdTime>
<ownerDesignName>TXEB_BPM_Semantic_data_model_diagram</ownerDesignName>
<nullsAllowed>true</nullsAllowed>
<useDomainConstraints>false</useDomainConstraints>
<use>1</use>
<logicalDatatype>LOGDT007</logicalDatatype>
<dataTypeSize>7</dataTypeSize>
<autoIncrementCycle>false</autoIncrementCycle>
</Column>
<Column name="FOURTH_FOLLOW_UP_ID" id="5B41112A-822A-928A-63A7-10D18F272550">
<sourceConnName>TX_MAXDAT_PROD</sourceConnName>
<sourceObjSchema>D_ME_CURRENT</sourceObjSchema>
<sourceObjName>FOURTH_FOLLOW_UP_ID</sourceObjName>
<createdBy>mb56142</createdBy>
<createdTime>2014-06-24 02:16:53 UTC</createdTime>
<ownerDesignName>TXEB_BPM_Semantic_data_model_diagram</ownerDesignName>
<nullsAllowed>true</nullsAllowed>
<useDomainConstraints>false</useDomainConstraints>
<use>1</use>
<logicalDatatype>LOGDT024</logicalDatatype>
<dataTypeSize>37 BYTE</dataTypeSize>
<autoIncrementCycle>false</autoIncrementCycle>
</Column>
<Column name="FOURTH_FOLLOW_UP_TYPE_CODE" id="6DB34061-3F73-0813-7849-E1AE891E8E71">
<sourceConnName>TX_MAXDAT_PROD</sourceConnName>
<sourceObjSchema>D_ME_CURRENT</sourceObjSchema>
<sourceObjName>FOURTH_FOLLOW_UP_TYPE_CODE</sourceObjName>
<createdBy>mb56142</createdBy>
<createdTime>2014-06-24 02:16:53 UTC</createdTime>
<ownerDesignName>TXEB_BPM_Semantic_data_model_diagram</ownerDesignName>
<nullsAllowed>true</nullsAllowed>
<useDomainConstraints>false</useDomainConstraints>
<use>1</use>
<logicalDatatype>LOGDT024</logicalDatatype>
<dataTypeSize>40 BYTE</dataTypeSize>
<autoIncrementCycle>false</autoIncrementCycle>
</Column>
<Column name="FOURTH_FOLLOW_UP_START_DATE" id="49061718-1AC7-ECD7-1A3E-475921F9EC4B">
<sourceConnName>TX_MAXDAT_PROD</sourceConnName>
<sourceObjSchema>D_ME_CURRENT</sourceObjSchema>
<sourceObjName>FOURTH_FOLLOW_UP_START_DATE</sourceObjName>
<createdBy>mb56142</createdBy>
<createdTime>2014-06-24 02:16:53 UTC</createdTime>
<ownerDesignName>TXEB_BPM_Semantic_data_model_diagram</ownerDesignName>
<nullsAllowed>true</nullsAllowed>
<useDomainConstraints>false</useDomainConstraints>
<use>1</use>
<logicalDatatype>LOGDT007</logicalDatatype>
<dataTypeSize>7</dataTypeSize>
<autoIncrementCycle>false</autoIncrementCycle>
</Column>
<Column name="FOURTH_FOLLOW_UP_END_DATE" id="C1464EC4-5C5F-309D-84F6-2CC555BD138A">
<sourceConnName>TX_MAXDAT_PROD</sourceConnName>
<sourceObjSchema>D_ME_CURRENT</sourceObjSchema>
<sourceObjName>FOURTH_FOLLOW_UP_END_DATE</sourceObjName>
<createdBy>mb56142</createdBy>
<createdTime>2014-06-24 02:16:53 UTC</createdTime>
<ownerDesignName>TXEB_BPM_Semantic_data_model_diagram</ownerDesignName>
<nullsAllowed>true</nullsAllowed>
<useDomainConstraints>false</useDomainConstraints>
<use>1</use>
<logicalDatatype>LOGDT007</logicalDatatype>
<dataTypeSize>7</dataTypeSize>
<autoIncrementCycle>false</autoIncrementCycle>
</Column>
<Column name="AUTO_ASSIGN_START_DATE" id="28186519-289D-CB8E-C619-88A0AA7C1B91">
<sourceConnName>TX_MAXDAT_PROD</sourceConnName>
<sourceObjSchema>D_ME_CURRENT</sourceObjSchema>
<sourceObjName>AUTO_ASSIGN_START_DATE</sourceObjName>
<createdBy>mb56142</createdBy>
<createdTime>2014-06-24 02:16:53 UTC</createdTime>
<ownerDesignName>TXEB_BPM_Semantic_data_model_diagram</ownerDesignName>
<nullsAllowed>true</nullsAllowed>
<useDomainConstraints>false</useDomainConstraints>
<use>1</use>
<logicalDatatype>LOGDT007</logicalDatatype>
<dataTypeSize>7</dataTypeSize>
<autoIncrementCycle>false</autoIncrementCycle>
</Column>
<Column name="AUTO_ASSIGN_END_DATE" id="FCE44664-6022-C559-12CF-EAC86E9A4993">
<sourceConnName>TX_MAXDAT_PROD</sourceConnName>
<sourceObjSchema>D_ME_CURRENT</sourceObjSchema>
<sourceObjName>AUTO_ASSIGN_END_DATE</sourceObjName>
<createdBy>mb56142</createdBy>
<createdTime>2014-06-24 02:16:53 UTC</createdTime>
<ownerDesignName>TXEB_BPM_Semantic_data_model_diagram</ownerDesignName>
<nullsAllowed>true</nullsAllowed>
<useDomainConstraints>false</useDomainConstraints>
<use>1</use>
<logicalDatatype>LOGDT007</logicalDatatype>
<dataTypeSize>7</dataTypeSize>
<autoIncrementCycle>false</autoIncrementCycle>
</Column>
<Column name="WAIT_ENROLL_FEE_START_DATE" id="89DA105B-E187-AF90-A8C5-0C28C56407FE">
<sourceConnName>TX_MAXDAT_PROD</sourceConnName>
<sourceObjSchema>D_ME_CURRENT</sourceObjSchema>
<sourceObjName>WAIT_ENROLL_FEE_START_DATE</sourceObjName>
<createdBy>mb56142</createdBy>
<createdTime>2014-06-24 02:16:53 UTC</createdTime>
<ownerDesignName>TXEB_BPM_Semantic_data_model_diagram</ownerDesignName>
<nullsAllowed>true</nullsAllowed>
<useDomainConstraints>false</useDomainConstraints>
<use>1</use>
<logicalDatatype>LOGDT007</logicalDatatype>
<dataTypeSize>7</dataTypeSize>
<autoIncrementCycle>false</autoIncrementCycle>
</Column>
<Column name="WAIT_ENROLL_FEE_END_DATE" id="7F2D1609-0D28-1099-1C99-017E85DBA12A">
<sourceConnName>TX_MAXDAT_PROD</sourceConnName>
<sourceObjSchema>D_ME_CURRENT</sourceObjSchema>
<sourceObjName>WAIT_ENROLL_FEE_END_DATE</sourceObjName>
<createdBy>mb56142</createdBy>
<createdTime>2014-06-24 02:16:53 UTC</createdTime>
<ownerDesignName>TXEB_BPM_Semantic_data_model_diagram</ownerDesignName>
<nullsAllowed>true</nullsAllowed>
<useDomainConstraints>false</useDomainConstraints>
<use>1</use>
<logicalDatatype>LOGDT007</logicalDatatype>
<dataTypeSize>7</dataTypeSize>
<autoIncrementCycle>false</autoIncrementCycle>
</Column>
<Column name="INSTANCE_STATUS" id="03EBEC66-681E-FD2E-2E9A-3977FE543CA2">
<sourceConnName>TX_MAXDAT_PROD</sourceConnName>
<sourceObjSchema>D_ME_CURRENT</sourceObjSchema>
<sourceObjName>INSTANCE_STATUS</sourceObjName>
<createdBy>mb56142</createdBy>
<createdTime>2014-06-24 02:16:53 UTC</createdTime>
<ownerDesignName>TXEB_BPM_Semantic_data_model_diagram</ownerDesignName>
<nullsAllowed>true</nullsAllowed>
<useDomainConstraints>false</useDomainConstraints>
<use>1</use>
<logicalDatatype>LOGDT024</logicalDatatype>
<dataTypeSize>10 BYTE</dataTypeSize>
<autoIncrementCycle>false</autoIncrementCycle>
</Column>
<Column name="COMPLETE_DATE" id="F122D802-AB87-CAEA-BE9D-DA697D82A902">
<sourceConnName>TX_MAXDAT_PROD</sourceConnName>
<sourceObjSchema>D_ME_CURRENT</sourceObjSchema>
<sourceObjName>COMPLETE_DATE</sourceObjName>
<createdBy>mb56142</createdBy>
<createdTime>2014-06-24 02:16:53 UTC</createdTime>
<ownerDesignName>TXEB_BPM_Semantic_data_model_diagram</ownerDesignName>
<nullsAllowed>true</nullsAllowed>
<useDomainConstraints>false</useDomainConstraints>
<use>1</use>
<logicalDatatype>LOGDT007</logicalDatatype>
<dataTypeSize>7</dataTypeSize>
<autoIncrementCycle>false</autoIncrementCycle>
</Column>
<Column name="CANCEL_ENROLL_ACTIVITY_DATE" id="0F71CE70-E93D-7E81-A8FE-0CF664764410">
<sourceConnName>TX_MAXDAT_PROD</sourceConnName>
<sourceObjSchema>D_ME_CURRENT</sourceObjSchema>
<sourceObjName>CANCEL_ENROLL_ACTIVITY_DATE</sourceObjName>
<createdBy>mb56142</createdBy>
<createdTime>2014-06-24 02:16:53 UTC</createdTime>
<ownerDesignName>TXEB_BPM_Semantic_data_model_diagram</ownerDesignName>
<nullsAllowed>true</nullsAllowed>
<useDomainConstraints>false</useDomainConstraints>
<use>1</use>
<logicalDatatype>LOGDT007</logicalDatatype>
<dataTypeSize>7</dataTypeSize>
<autoIncrementCycle>false</autoIncrementCycle>
</Column>
<Column name="CANCEL_REASON" id="C1172FB6-ED9E-04B1-FCD6-BDDDD876D1BA">
<sourceConnName>TX_MAXDAT_PROD</sourceConnName>
<sourceObjSchema>D_ME_CURRENT</sourceObjSchema>
<sourceObjName>CANCEL_REASON</sourceObjName>
<createdBy>mb56142</createdBy>
<createdTime>2014-06-24 02:16:53 UTC</createdTime>
<ownerDesignName>TXEB_BPM_Semantic_data_model_diagram</ownerDesignName>
<nullsAllowed>true</nullsAllowed>
<useDomainConstraints>false</useDomainConstraints>
<use>1</use>
<logicalDatatype>LOGDT024</logicalDatatype>
<dataTypeSize>100 BYTE</dataTypeSize>
<autoIncrementCycle>false</autoIncrementCycle>
</Column>
<Column name="CANCEL_METHOD" id="E09A4252-A620-5CD2-5F5A-0977CD1333AD">
<sourceConnName>TX_MAXDAT_PROD</sourceConnName>
<sourceObjSchema>D_ME_CURRENT</sourceObjSchema>
<sourceObjName>CANCEL_METHOD</sourceObjName>
<createdBy>mb56142</createdBy>
<createdTime>2014-06-24 02:16:53 UTC</createdTime>
<ownerDesignName>TXEB_BPM_Semantic_data_model_diagram</ownerDesignName>
<nullsAllowed>true</nullsAllowed>
<useDomainConstraints>false</useDomainConstraints>
<use>1</use>
<logicalDatatype>LOGDT024</logicalDatatype>
<dataTypeSize>20 BYTE</dataTypeSize>
<autoIncrementCycle>false</autoIncrementCycle>
</Column>
<Column name="CANCELLED_BY" id="8A130106-2CCE-905D-8B49-2CDF5DE69EFE">
<sourceConnName>TX_MAXDAT_PROD</sourceConnName>
<sourceObjSchema>D_ME_CURRENT</sourceObjSchema>
<sourceObjName>CANCELLED_BY</sourceObjName>
<createdBy>mb56142</createdBy>
<createdTime>2014-06-24 02:16:53 UTC</createdTime>
<ownerDesignName>TXEB_BPM_Semantic_data_model_diagram</ownerDesignName>
<nullsAllowed>true</nullsAllowed>
<useDomainConstraints>false</useDomainConstraints>
<use>1</use>
<logicalDatatype>LOGDT024</logicalDatatype>
<dataTypeSize>80 BYTE</dataTypeSize>
<autoIncrementCycle>false</autoIncrementCycle>
</Column>
<Column name="CANCEL_ENRL_ACTIVITY_FLAG" id="5C8F489A-1F89-F6C5-AABE-CE6943D5B82D">
<sourceConnName>TX_MAXDAT_PROD</sourceConnName>
<sourceObjSchema>D_ME_CURRENT</sourceObjSchema>
<sourceObjName>CANCEL_ENRL_ACTIVITY_FLAG</sourceObjName>
<createdBy>mb56142</createdBy>
<createdTime>2014-06-24 02:16:53 UTC</createdTime>
<ownerDesignName>TXEB_BPM_Semantic_data_model_diagram</ownerDesignName>
<nullsAllowed>true</nullsAllowed>
<useDomainConstraints>false</useDomainConstraints>
<use>1</use>
<logicalDatatype>LOGDT024</logicalDatatype>
<dataTypeSize>1 BYTE</dataTypeSize>
<autoIncrementCycle>false</autoIncrementCycle>
</Column>
<Column name="SEND_ENROLL_PACKET_FLAG" id="85A4072B-1B08-E47D-9C35-775B5BE58F1D">
<sourceConnName>TX_MAXDAT_PROD</sourceConnName>
<sourceObjSchema>D_ME_CURRENT</sourceObjSchema>
<sourceObjName>SEND_ENROLL_PACKET_FLAG</sourceObjName>
<createdBy>mb56142</createdBy>
<createdTime>2014-06-24 02:16:53 UTC</createdTime>
<ownerDesignName>TXEB_BPM_Semantic_data_model_diagram</ownerDesignName>
<nullsAllowed>true</nullsAllowed>
<useDomainConstraints>false</useDomainConstraints>
<use>1</use>
<logicalDatatype>LOGDT024</logicalDatatype>
<dataTypeSize>1 BYTE</dataTypeSize>
<autoIncrementCycle>false</autoIncrementCycle>
</Column>
<Column name="SELECTIONS_RECEIVED_FLAG" id="89468D2B-1C11-4DDD-1E39-70A27ACE643B">
<sourceConnName>TX_MAXDAT_PROD</sourceConnName>
<sourceObjSchema>D_ME_CURRENT</sourceObjSchema>
<sourceObjName>SELECTIONS_RECEIVED_FLAG</sourceObjName>
<createdBy>mb56142</createdBy>
<createdTime>2014-06-24 02:16:53 UTC</createdTime>
<ownerDesignName>TXEB_BPM_Semantic_data_model_diagram</ownerDesignName>
<nullsAllowed>true</nullsAllowed>
<useDomainConstraints>false</useDomainConstraints>
<use>1</use>
<logicalDatatype>LOGDT024</logicalDatatype>
<dataTypeSize>1 BYTE</dataTypeSize>
<autoIncrementCycle>false</autoIncrementCycle>
</Column>
<Column name="FIRST_FOLLOW_UP_COMP_FLAG" id="56FD1FAE-8F65-3B25-8B06-1A27286E466F">
<sourceConnName>TX_MAXDAT_PROD</sourceConnName>
<sourceObjSchema>D_ME_CURRENT</sourceObjSchema>
<sourceObjName>FIRST_FOLLOW_UP_COMP_FLAG</sourceObjName>
<createdBy>mb56142</createdBy>
<createdTime>2014-06-24 02:16:53 UTC</createdTime>
<ownerDesignName>TXEB_BPM_Semantic_data_model_diagram</ownerDesignName>
<nullsAllowed>true</nullsAllowed>
<useDomainConstraints>false</useDomainConstraints>
<use>1</use>
<logicalDatatype>LOGDT024</logicalDatatype>
<dataTypeSize>1 BYTE</dataTypeSize>
<autoIncrementCycle>false</autoIncrementCycle>
</Column>
<Column name="SECOND_FOLLOW_UP_COMP_FLAG" id="64F77A0C-1BDE-EFA4-C391-0BE77ACB8129">
<sourceConnName>TX_MAXDAT_PROD</sourceConnName>
<sourceObjSchema>D_ME_CURRENT</sourceObjSchema>
<sourceObjName>SECOND_FOLLOW_UP_COMP_FLAG</sourceObjName>
<createdBy>mb56142</createdBy>
<createdTime>2014-06-24 02:16:53 UTC</createdTime>
<ownerDesignName>TXEB_BPM_Semantic_data_model_diagram</ownerDesignName>
<nullsAllowed>true</nullsAllowed>
<useDomainConstraints>false</useDomainConstraints>
<use>1</use>
<logicalDatatype>LOGDT024</logicalDatatype>
<dataTypeSize>1 BYTE</dataTypeSize>
<autoIncrementCycle>false</autoIncrementCycle>
</Column>
<Column name="THIRD_FOLLOW_UP_COMP_FLAG" id="2D3CB9D9-7E89-5D00-CF5E-0EE2D3EB29EC">
<sourceConnName>TX_MAXDAT_PROD</sourceConnName>
<sourceObjSchema>D_ME_CURRENT</sourceObjSchema>
<sourceObjName>THIRD_FOLLOW_UP_COMP_FLAG</sourceObjName>
<createdBy>mb56142</createdBy>
<createdTime>2014-06-24 02:16:53 UTC</createdTime>
<ownerDesignName>TXEB_BPM_Semantic_data_model_diagram</ownerDesignName>
<nullsAllowed>true</nullsAllowed>
<useDomainConstraints>false</useDomainConstraints>
<use>1</use>
<logicalDatatype>LOGDT024</logicalDatatype>
<dataTypeSize>1 BYTE</dataTypeSize>
<autoIncrementCycle>false</autoIncrementCycle>
</Column>
<Column name="FOURTH_FOLLOW_UP_COMP_FLAG" id="FD7AF8D0-FC07-24A4-B4B4-CF126770FC09">
<sourceConnName>TX_MAXDAT_PROD</sourceConnName>
<sourceObjSchema>D_ME_CURRENT</sourceObjSchema>
<sourceObjName>FOURTH_FOLLOW_UP_COMP_FLAG</sourceObjName>
<createdBy>mb56142</createdBy>
<createdTime>2014-06-24 02:16:53 UTC</createdTime>
<ownerDesignName>TXEB_BPM_Semantic_data_model_diagram</ownerDesignName>
<nullsAllowed>true</nullsAllowed>
<useDomainConstraints>false</useDomainConstraints>
<use>1</use>
<logicalDatatype>LOGDT024</logicalDatatype>
<dataTypeSize>1 BYTE</dataTypeSize>
<autoIncrementCycle>false</autoIncrementCycle>
</Column>
<Column name="AUTO_ASSIGN_FLAG" id="67A2BB4E-B375-2001-745D-17050F4592EF">
<sourceConnName>TX_MAXDAT_PROD</sourceConnName>
<sourceObjSchema>D_ME_CURRENT</sourceObjSchema>
<sourceObjName>AUTO_ASSIGN_FLAG</sourceObjName>
<createdBy>mb56142</createdBy>
<createdTime>2014-06-24 02:16:53 UTC</createdTime>
<ownerDesignName>TXEB_BPM_Semantic_data_model_diagram</ownerDesignName>
<nullsAllowed>true</nullsAllowed>
<useDomainConstraints>false</useDomainConstraints>
<use>1</use>
<logicalDatatype>LOGDT024</logicalDatatype>
<dataTypeSize>1 BYTE</dataTypeSize>
<autoIncrementCycle>false</autoIncrementCycle>
</Column>
<Column name="WAIT_FOR_FEE_FLAG" id="223CFC2D-6077-7CBD-15AD-1396EAF9C27B">
<sourceConnName>TX_MAXDAT_PROD</sourceConnName>
<sourceObjSchema>D_ME_CURRENT</sourceObjSchema>
<sourceObjName>WAIT_FOR_FEE_FLAG</sourceObjName>
<createdBy>mb56142</createdBy>
<createdTime>2014-06-24 02:16:53 UTC</createdTime>
<ownerDesignName>TXEB_BPM_Semantic_data_model_diagram</ownerDesignName>
<nullsAllowed>true</nullsAllowed>
<useDomainConstraints>false</useDomainConstraints>
<use>1</use>
<logicalDatatype>LOGDT024</logicalDatatype>
<dataTypeSize>1 BYTE</dataTypeSize>
<autoIncrementCycle>false</autoIncrementCycle>
</Column>
<Column name="ENROLL_PACKET_REQUIRED_FLAG" id="9F2CF57C-BEBC-52B5-956A-5A6D57E0BBEB">
<sourceConnName>TX_MAXDAT_PROD</sourceConnName>
<sourceObjSchema>D_ME_CURRENT</sourceObjSchema>
<sourceObjName>ENROLL_PACKET_REQUIRED_FLAG</sourceObjName>
<createdBy>mb56142</createdBy>
<createdTime>2014-06-24 02:16:53 UTC</createdTime>
<ownerDesignName>TXEB_BPM_Semantic_data_model_diagram</ownerDesignName>
<nullsAllowed>true</nullsAllowed>
<useDomainConstraints>false</useDomainConstraints>
<use>1</use>
<logicalDatatype>LOGDT024</logicalDatatype>
<dataTypeSize>1 BYTE</dataTypeSize>
<autoIncrementCycle>false</autoIncrementCycle>
</Column>
<Column name="FIRST_FOLLOW_UP_REQ_FLAG" id="AD99C9FE-AD81-B1E0-9800-61C18538F3F3">
<sourceConnName>TX_MAXDAT_PROD</sourceConnName>
<sourceObjSchema>D_ME_CURRENT</sourceObjSchema>
<sourceObjName>FIRST_FOLLOW_UP_REQ_FLAG</sourceObjName>
<createdBy>mb56142</createdBy>
<createdTime>2014-06-24 02:16:53 UTC</createdTime>
<ownerDesignName>TXEB_BPM_Semantic_data_model_diagram</ownerDesignName>
<nullsAllowed>true</nullsAllowed>
<useDomainConstraints>false</useDomainConstraints>
<use>1</use>
<logicalDatatype>LOGDT024</logicalDatatype>
<dataTypeSize>1 BYTE</dataTypeSize>
<autoIncrementCycle>false</autoIncrementCycle>
</Column>
<Column name="SECOND_FOLLOW_UP_REQ_FLAG" id="784644DF-DA7A-80DC-2067-7BA3D59F64EA">
<sourceConnName>TX_MAXDAT_PROD</sourceConnName>
<sourceObjSchema>D_ME_CURRENT</sourceObjSchema>
<sourceObjName>SECOND_FOLLOW_UP_REQ_FLAG</sourceObjName>
<createdBy>mb56142</createdBy>
<createdTime>2014-06-24 02:16:53 UTC</createdTime>
<ownerDesignName>TXEB_BPM_Semantic_data_model_diagram</ownerDesignName>
<nullsAllowed>true</nullsAllowed>
<useDomainConstraints>false</useDomainConstraints>
<use>1</use>
<logicalDatatype>LOGDT024</logicalDatatype>
<dataTypeSize>1 BYTE</dataTypeSize>
<autoIncrementCycle>false</autoIncrementCycle>
</Column>
<Column name="THIRD_FOLLOW_UP_REQ_FLAG" id="34D52A10-0DF2-F53F-7B7E-C44DA9475B0C">
<sourceConnName>TX_MAXDAT_PROD</sourceConnName>
<sourceObjSchema>D_ME_CURRENT</sourceObjSchema>
<sourceObjName>THIRD_FOLLOW_UP_REQ_FLAG</sourceObjName>
<createdBy>mb56142</createdBy>
<createdTime>2014-06-24 02:16:53 UTC</createdTime>
<ownerDesignName>TXEB_BPM_Semantic_data_model_diagram</ownerDesignName>
<nullsAllowed>true</nullsAllowed>
<useDomainConstraints>false</useDomainConstraints>
<use>1</use>
<logicalDatatype>LOGDT024</logicalDatatype>
<dataTypeSize>1 BYTE</dataTypeSize>
<autoIncrementCycle>false</autoIncrementCycle>
</Column>
<Column name="FOURTH_FOLLOW_UP_REQ_FLAG" id="D4640882-7206-6BCF-C575-B6AF20158E8C">
<sourceConnName>TX_MAXDAT_PROD</sourceConnName>
<sourceObjSchema>D_ME_CURRENT</sourceObjSchema>
<sourceObjName>FOURTH_FOLLOW_UP_REQ_FLAG</sourceObjName>
<createdBy>mb56142</createdBy>
<createdTime>2014-06-24 02:16:53 UTC</createdTime>
<ownerDesignName>TXEB_BPM_Semantic_data_model_diagram</ownerDesignName>
<nullsAllowed>true</nullsAllowed>
<useDomainConstraints>false</useDomainConstraints>
<use>1</use>
<logicalDatatype>LOGDT024</logicalDatatype>
<dataTypeSize>1 BYTE</dataTypeSize>
<autoIncrementCycle>false</autoIncrementCycle>
</Column>
<Column name="REQ_FEE_PAID_FLAG" id="7B7C653C-815D-1D97-D91F-94042D50987D">
<sourceConnName>TX_MAXDAT_PROD</sourceConnName>
<sourceObjSchema>D_ME_CURRENT</sourceObjSchema>
<sourceObjName>REQ_FEE_PAID_FLAG</sourceObjName>
<createdBy>mb56142</createdBy>
<createdTime>2014-06-24 02:16:53 UTC</createdTime>
<ownerDesignName>TXEB_BPM_Semantic_data_model_diagram</ownerDesignName>
<nullsAllowed>true</nullsAllowed>
<useDomainConstraints>false</useDomainConstraints>
<use>1</use>
<logicalDatatype>LOGDT024</logicalDatatype>
<dataTypeSize>1 BYTE</dataTypeSize>
<autoIncrementCycle>false</autoIncrementCycle>
</Column>
<Column name="AUTO_ASSIGN_TIMELY_STATUS" id="FCEACBDD-55AB-5756-5AAC-B6C6EE87F7FD">
<sourceConnName>TX_MAXDAT_PROD</sourceConnName>
<sourceObjSchema>D_ME_CURRENT</sourceObjSchema>
<sourceObjName>AUTO_ASSIGN_TIMELY_STATUS</sourceObjName>
<createdBy>mb56142</createdBy>
<createdTime>2014-06-24 02:16:53 UTC</createdTime>
<ownerDesignName>TXEB_BPM_Semantic_data_model_diagram</ownerDesignName>
<nullsAllowed>true</nullsAllowed>
<useDomainConstraints>false</useDomainConstraints>
<use>1</use>
<logicalDatatype>LOGDT024</logicalDatatype>
<dataTypeSize>10 BYTE</dataTypeSize>
<autoIncrementCycle>false</autoIncrementCycle>
</Column>
<Column name="AUTO_ASSIGN_SLA_DAYS" id="AF460CC0-70D0-0C06-9769-B0BAE612AA1A">
<sourceConnName>TX_MAXDAT_PROD</sourceConnName>
<sourceObjSchema>D_ME_CURRENT</sourceObjSchema>
<sourceObjName>AUTO_ASSIGN_SLA_DAYS</sourceObjName>
<createdBy>mb56142</createdBy>
<createdTime>2014-06-24 02:16:53 UTC</createdTime>
<ownerDesignName>TXEB_BPM_Semantic_data_model_diagram</ownerDesignName>
<nullsAllowed>true</nullsAllowed>
<useDomainConstraints>false</useDomainConstraints>
<use>1</use>
<logicalDatatype>LOGDT019</logicalDatatype>
<dataTypePrecision>18</dataTypePrecision>
<autoIncrementCycle>false</autoIncrementCycle>
</Column>
<Column name="AUTO_ASSIGN_SLA_DAYS_TYPE" id="EDC75DB7-791D-664C-3BD6-D7F6363D5499">
<sourceConnName>TX_MAXDAT_PROD</sourceConnName>
<sourceObjSchema>D_ME_CURRENT</sourceObjSchema>
<sourceObjName>AUTO_ASSIGN_SLA_DAYS_TYPE</sourceObjName>
<createdBy>mb56142</createdBy>
<createdTime>2014-06-24 02:16:53 UTC</createdTime>
<ownerDesignName>TXEB_BPM_Semantic_data_model_diagram</ownerDesignName>
<nullsAllowed>true</nullsAllowed>
<useDomainConstraints>false</useDomainConstraints>
<use>1</use>
<logicalDatatype>LOGDT024</logicalDatatype>
<dataTypeSize>1 BYTE</dataTypeSize>
<autoIncrementCycle>false</autoIncrementCycle>
</Column>
<Column name="ENROLL_PACKET_TIMELY_STATUS" id="2CE8728A-506C-392E-1119-5929D457323E">
<sourceConnName>TX_MAXDAT_PROD</sourceConnName>
<sourceObjSchema>D_ME_CURRENT</sourceObjSchema>
<sourceObjName>ENROLL_PACKET_TIMELY_STATUS</sourceObjName>
<createdBy>mb56142</createdBy>
<createdTime>2014-06-24 02:16:53 UTC</createdTime>
<ownerDesignName>TXEB_BPM_Semantic_data_model_diagram</ownerDesignName>
<nullsAllowed>true</nullsAllowed>
<useDomainConstraints>false</useDomainConstraints>
<use>1</use>
<logicalDatatype>LOGDT024</logicalDatatype>
<dataTypeSize>10 BYTE</dataTypeSize>
<autoIncrementCycle>false</autoIncrementCycle>
</Column>
<Column name="ENROLL_PACKET_SLA_DAYS" id="6AD42A3E-D716-8650-B429-E760BEF3EA92">
<sourceConnName>TX_MAXDAT_PROD</sourceConnName>
<sourceObjSchema>D_ME_CURRENT</sourceObjSchema>
<sourceObjName>ENROLL_PACKET_SLA_DAYS</sourceObjName>
<createdBy>mb56142</createdBy>
<createdTime>2014-06-24 02:16:53 UTC</createdTime>
<ownerDesignName>TXEB_BPM_Semantic_data_model_diagram</ownerDesignName>
<nullsAllowed>true</nullsAllowed>
<useDomainConstraints>false</useDomainConstraints>
<use>1</use>
<logicalDatatype>LOGDT019</logicalDatatype>
<dataTypePrecision>18</dataTypePrecision>
<autoIncrementCycle>false</autoIncrementCycle>
</Column>
<Column name="ENROLL_PACKET_SLA_DAYS_TYPE" id="13F69297-7AC2-D741-2C4D-68C25099367C">
<sourceConnName>TX_MAXDAT_PROD</sourceConnName>
<sourceObjSchema>D_ME_CURRENT</sourceObjSchema>
<sourceObjName>ENROLL_PACKET_SLA_DAYS_TYPE</sourceObjName>
<createdBy>mb56142</createdBy>
<createdTime>2014-06-24 02:16:53 UTC</createdTime>
<ownerDesignName>TXEB_BPM_Semantic_data_model_diagram</ownerDesignName>
<nullsAllowed>true</nullsAllowed>
<useDomainConstraints>false</useDomainConstraints>
<use>1</use>
<logicalDatatype>LOGDT024</logicalDatatype>
<dataTypeSize>1 BYTE</dataTypeSize>
<autoIncrementCycle>false</autoIncrementCycle>
</Column>
<Column name="FIRST_FOLLOWUP_TIMELY_STATUS" id="A1C15AFA-0406-F492-4A0B-3F07F71446BE">
<sourceConnName>TX_MAXDAT_PROD</sourceConnName>
<sourceObjSchema>D_ME_CURRENT</sourceObjSchema>
<sourceObjName>FIRST_FOLLOWUP_TIMELY_STATUS</sourceObjName>
<createdBy>mb56142</createdBy>
<createdTime>2014-06-24 02:16:53 UTC</createdTime>
<ownerDesignName>TXEB_BPM_Semantic_data_model_diagram</ownerDesignName>
<nullsAllowed>true</nullsAllowed>
<useDomainConstraints>false</useDomainConstraints>
<use>1</use>
<logicalDatatype>LOGDT024</logicalDatatype>
<dataTypeSize>10 BYTE</dataTypeSize>
<autoIncrementCycle>false</autoIncrementCycle>
</Column>
<Column name="FIRST_FOLLOWUP_SLA_DAYS" id="57CD4CFB-F6C1-E973-36CC-2066C786438A">
<sourceConnName>TX_MAXDAT_PROD</sourceConnName>
<sourceObjSchema>D_ME_CURRENT</sourceObjSchema>
<sourceObjName>FIRST_FOLLOWUP_SLA_DAYS</sourceObjName>
<createdBy>mb56142</createdBy>
<createdTime>2014-06-24 02:16:53 UTC</createdTime>
<ownerDesignName>TXEB_BPM_Semantic_data_model_diagram</ownerDesignName>
<nullsAllowed>true</nullsAllowed>
<useDomainConstraints>false</useDomainConstraints>
<use>1</use>
<logicalDatatype>LOGDT019</logicalDatatype>
<dataTypePrecision>18</dataTypePrecision>
<autoIncrementCycle>false</autoIncrementCycle>
</Column>
<Column name="FIRST_FOLLOWUP_SLA_DAYS_TYPE" id="CB5BDA05-1C6B-C79A-8B9E-135882F61155">
<sourceConnName>TX_MAXDAT_PROD</sourceConnName>
<sourceObjSchema>D_ME_CURRENT</sourceObjSchema>
<sourceObjName>FIRST_FOLLOWUP_SLA_DAYS_TYPE</sourceObjName>
<createdBy>mb56142</createdBy>
<createdTime>2014-06-24 02:16:53 UTC</createdTime>
<ownerDesignName>TXEB_BPM_Semantic_data_model_diagram</ownerDesignName>
<nullsAllowed>true</nullsAllowed>
<useDomainConstraints>false</useDomainConstraints>
<use>1</use>
<logicalDatatype>LOGDT024</logicalDatatype>
<dataTypeSize>1 BYTE</dataTypeSize>
<autoIncrementCycle>false</autoIncrementCycle>
</Column>
<Column name="SECOND_FOLLOWUP_TIMELY_STATUS" id="0E143D3D-2B1E-11BF-5846-A59C815C9AB6">
<sourceConnName>TX_MAXDAT_PROD</sourceConnName>
<sourceObjSchema>D_ME_CURRENT</sourceObjSchema>
<sourceObjName>SECOND_FOLLOWUP_TIMELY_STATUS</sourceObjName>
<createdBy>mb56142</createdBy>
<createdTime>2014-06-24 02:16:53 UTC</createdTime>
<ownerDesignName>TXEB_BPM_Semantic_data_model_diagram</ownerDesignName>
<nullsAllowed>true</nullsAllowed>
<useDomainConstraints>false</useDomainConstraints>
<use>1</use>
<logicalDatatype>LOGDT024</logicalDatatype>
<dataTypeSize>10 BYTE</dataTypeSize>
<autoIncrementCycle>false</autoIncrementCycle>
</Column>
<Column name="SECOND_FOLLOWUP_SLA_DAYS" id="2CEB7FED-A9AE-6853-D75B-A4F1D344500A">
<sourceConnName>TX_MAXDAT_PROD</sourceConnName>
<sourceObjSchema>D_ME_CURRENT</sourceObjSchema>
<sourceObjName>SECOND_FOLLOWUP_SLA_DAYS</sourceObjName>
<createdBy>mb56142</createdBy>
<createdTime>2014-06-24 02:16:53 UTC</createdTime>
<ownerDesignName>TXEB_BPM_Semantic_data_model_diagram</ownerDesignName>
<nullsAllowed>true</nullsAllowed>
<useDomainConstraints>false</useDomainConstraints>
<use>1</use>
<logicalDatatype>LOGDT019</logicalDatatype>
<dataTypePrecision>18</dataTypePrecision>
<autoIncrementCycle>false</autoIncrementCycle>
</Column>
<Column name="SECOND_FOLLOWUP_SLA_DAYS_TYPE" id="5745A6DC-552D-9FFF-CC9B-28C97338B54B">
<sourceConnName>TX_MAXDAT_PROD</sourceConnName>
<sourceObjSchema>D_ME_CURRENT</sourceObjSchema>
<sourceObjName>SECOND_FOLLOWUP_SLA_DAYS_TYPE</sourceObjName>
<createdBy>mb56142</createdBy>
<createdTime>2014-06-24 02:16:53 UTC</createdTime>
<ownerDesignName>TXEB_BPM_Semantic_data_model_diagram</ownerDesignName>
<nullsAllowed>true</nullsAllowed>
<useDomainConstraints>false</useDomainConstraints>
<use>1</use>
<logicalDatatype>LOGDT024</logicalDatatype>
<dataTypeSize>1 BYTE</dataTypeSize>
<autoIncrementCycle>false</autoIncrementCycle>
</Column>
<Column name="THIRD_FOLLOWUP_TIMELY_STATUS" id="85180585-651C-C51E-771F-434B9581E127">
<sourceConnName>TX_MAXDAT_PROD</sourceConnName>
<sourceObjSchema>D_ME_CURRENT</sourceObjSchema>
<sourceObjName>THIRD_FOLLOWUP_TIMELY_STATUS</sourceObjName>
<createdBy>mb56142</createdBy>
<createdTime>2014-06-24 02:16:53 UTC</createdTime>
<ownerDesignName>TXEB_BPM_Semantic_data_model_diagram</ownerDesignName>
<nullsAllowed>true</nullsAllowed>
<useDomainConstraints>false</useDomainConstraints>
<use>1</use>
<logicalDatatype>LOGDT024</logicalDatatype>
<dataTypeSize>10 BYTE</dataTypeSize>
<autoIncrementCycle>false</autoIncrementCycle>
</Column>
<Column name="THIRD_FOLLOWUP_SLA_DAYS" id="6B744A81-6375-BA08-0FD4-6B5C981AB43F">
<sourceConnName>TX_MAXDAT_PROD</sourceConnName>
<sourceObjSchema>D_ME_CURRENT</sourceObjSchema>
<sourceObjName>THIRD_FOLLOWUP_SLA_DAYS</sourceObjName>
<createdBy>mb56142</createdBy>
<createdTime>2014-06-24 02:16:53 UTC</createdTime>
<ownerDesignName>TXEB_BPM_Semantic_data_model_diagram</ownerDesignName>
<nullsAllowed>true</nullsAllowed>
<useDomainConstraints>false</useDomainConstraints>
<use>1</use>
<logicalDatatype>LOGDT019</logicalDatatype>
<dataTypePrecision>18</dataTypePrecision>
<autoIncrementCycle>false</autoIncrementCycle>
</Column>
<Column name="THIRD_FOLLOWUP_SLA_DAYS_TYPE" id="C0B5D43E-8326-4C5E-DE72-398134ACD1EF">
<sourceConnName>TX_MAXDAT_PROD</sourceConnName>
<sourceObjSchema>D_ME_CURRENT</sourceObjSchema>
<sourceObjName>THIRD_FOLLOWUP_SLA_DAYS_TYPE</sourceObjName>
<createdBy>mb56142</createdBy>
<createdTime>2014-06-24 02:16:53 UTC</createdTime>
<ownerDesignName>TXEB_BPM_Semantic_data_model_diagram</ownerDesignName>
<nullsAllowed>true</nullsAllowed>
<useDomainConstraints>false</useDomainConstraints>
<use>1</use>
<logicalDatatype>LOGDT024</logicalDatatype>
<dataTypeSize>1 BYTE</dataTypeSize>
<autoIncrementCycle>false</autoIncrementCycle>
</Column>
<Column name="FOURTH_FOLLOWUP_TIMELY_STATUS" id="703D48C1-1257-23F5-066C-078BA4443321">
<sourceConnName>TX_MAXDAT_PROD</sourceConnName>
<sourceObjSchema>D_ME_CURRENT</sourceObjSchema>
<sourceObjName>FOURTH_FOLLOWUP_TIMELY_STATUS</sourceObjName>
<createdBy>mb56142</createdBy>
<createdTime>2014-06-24 02:16:53 UTC</createdTime>
<ownerDesignName>TXEB_BPM_Semantic_data_model_diagram</ownerDesignName>
<nullsAllowed>true</nullsAllowed>
<useDomainConstraints>false</useDomainConstraints>
<use>1</use>
<logicalDatatype>LOGDT024</logicalDatatype>
<dataTypeSize>10 BYTE</dataTypeSize>
<autoIncrementCycle>false</autoIncrementCycle>
</Column>
<Column name="FOURTH_FOLLOWUP_SLA_DAYS" id="751206C5-F88A-CF35-2F8C-B0CD8AA901DE">
<sourceConnName>TX_MAXDAT_PROD</sourceConnName>
<sourceObjSchema>D_ME_CURRENT</sourceObjSchema>
<sourceObjName>FOURTH_FOLLOWUP_SLA_DAYS</sourceObjName>
<createdBy>mb56142</createdBy>
<createdTime>2014-06-24 02:16:53 UTC</createdTime>
<ownerDesignName>TXEB_BPM_Semantic_data_model_diagram</ownerDesignName>
<nullsAllowed>true</nullsAllowed>
<useDomainConstraints>false</useDomainConstraints>
<use>1</use>
<logicalDatatype>LOGDT019</logicalDatatype>
<dataTypePrecision>18</dataTypePrecision>
<autoIncrementCycle>false</autoIncrementCycle>
</Column>
<Column name="FOURTH_FOLLOWUP_SLA_DAYS_TYPE" id="64E43A84-D537-25F6-2BAD-36D44BB8FA7A">
<sourceConnName>TX_MAXDAT_PROD</sourceConnName>
<sourceObjSchema>D_ME_CURRENT</sourceObjSchema>
<sourceObjName>FOURTH_FOLLOWUP_SLA_DAYS_TYPE</sourceObjName>
<createdBy>mb56142</createdBy>
<createdTime>2014-06-24 02:16:53 UTC</createdTime>
<ownerDesignName>TXEB_BPM_Semantic_data_model_diagram</ownerDesignName>
<nullsAllowed>true</nullsAllowed>
<useDomainConstraints>false</useDomainConstraints>
<use>1</use>
<logicalDatatype>LOGDT024</logicalDatatype>
<dataTypeSize>1 BYTE</dataTypeSize>
<autoIncrementCycle>false</autoIncrementCycle>
</Column>
<Column name="FIRST_FOLLOW_UP_TYPE" id="05F18CDD-B505-BEFA-7747-40463CB0C60C">
<sourceConnName>TX_MAXDAT_PROD</sourceConnName>
<sourceObjSchema>D_ME_CURRENT</sourceObjSchema>
<sourceObjName>FIRST_FOLLOW_UP_TYPE</sourceObjName>
<createdBy>mb56142</createdBy>
<createdTime>2014-06-24 02:16:53 UTC</createdTime>
<ownerDesignName>TXEB_BPM_Semantic_data_model_diagram</ownerDesignName>
<nullsAllowed>true</nullsAllowed>
<useDomainConstraints>false</useDomainConstraints>
<use>1</use>
<logicalDatatype>LOGDT024</logicalDatatype>
<dataTypeSize>200 BYTE</dataTypeSize>
<autoIncrementCycle>false</autoIncrementCycle>
</Column>
<Column name="SECOND_FOLLOW_UP_TYPE" id="B751086C-5DD0-D4F0-4FC3-E9A3BEB5C0EE">
<sourceConnName>TX_MAXDAT_PROD</sourceConnName>
<sourceObjSchema>D_ME_CURRENT</sourceObjSchema>
<sourceObjName>SECOND_FOLLOW_UP_TYPE</sourceObjName>
<createdBy>mb56142</createdBy>
<createdTime>2014-06-24 02:16:53 UTC</createdTime>
<ownerDesignName>TXEB_BPM_Semantic_data_model_diagram</ownerDesignName>
<nullsAllowed>true</nullsAllowed>
<useDomainConstraints>false</useDomainConstraints>
<use>1</use>
<logicalDatatype>LOGDT024</logicalDatatype>
<dataTypeSize>200 BYTE</dataTypeSize>
<autoIncrementCycle>false</autoIncrementCycle>
</Column>
<Column name="THIRD_FOLLOW_UP_TYPE" id="F1305077-253A-8230-62A5-1FCD3FF221A3">
<sourceConnName>TX_MAXDAT_PROD</sourceConnName>
<sourceObjSchema>D_ME_CURRENT</sourceObjSchema>
<sourceObjName>THIRD_FOLLOW_UP_TYPE</sourceObjName>
<createdBy>mb56142</createdBy>
<createdTime>2014-06-24 02:16:53 UTC</createdTime>
<ownerDesignName>TXEB_BPM_Semantic_data_model_diagram</ownerDesignName>
<nullsAllowed>true</nullsAllowed>
<useDomainConstraints>false</useDomainConstraints>
<use>1</use>
<logicalDatatype>LOGDT024</logicalDatatype>
<dataTypeSize>200 BYTE</dataTypeSize>
<autoIncrementCycle>false</autoIncrementCycle>
</Column>
<Column name="FOURTH_FOLLOW_UP_TYPE" id="0270B42D-3DC6-0B2A-76BD-DEBFBC79E1E2">
<sourceConnName>TX_MAXDAT_PROD</sourceConnName>
<sourceObjSchema>D_ME_CURRENT</sourceObjSchema>
<sourceObjName>FOURTH_FOLLOW_UP_TYPE</sourceObjName>
<createdBy>mb56142</createdBy>
<createdTime>2014-06-24 02:16:53 UTC</createdTime>
<ownerDesignName>TXEB_BPM_Semantic_data_model_diagram</ownerDesignName>
<nullsAllowed>true</nullsAllowed>
<useDomainConstraints>false</useDomainConstraints>
<use>1</use>
<logicalDatatype>LOGDT024</logicalDatatype>
<dataTypeSize>200 BYTE</dataTypeSize>
<autoIncrementCycle>false</autoIncrementCycle>
</Column>
<Column name="ENROLLMENT_FEE_REQUIRED" id="FC2B88E4-C607-97C0-1C68-6CF554B8EAA2">
<sourceConnName>TX_MAXDAT_PROD</sourceConnName>
<sourceObjSchema>D_ME_CURRENT</sourceObjSchema>
<sourceObjName>ENROLLMENT_FEE_REQUIRED</sourceObjName>
<createdBy>mb56142</createdBy>
<createdTime>2014-06-24 02:16:53 UTC</createdTime>
<ownerDesignName>TXEB_BPM_Semantic_data_model_diagram</ownerDesignName>
<nullsAllowed>true</nullsAllowed>
<useDomainConstraints>false</useDomainConstraints>
<use>1</use>
<logicalDatatype>LOGDT024</logicalDatatype>
<dataTypeSize>1 BYTE</dataTypeSize>
<autoIncrementCycle>false</autoIncrementCycle>
</Column>
<Column name="ENROLLMENT_ACTIVITY_OUTCOME" id="80F8522A-C9B6-E4FC-FB25-2860D7503ADF">
<sourceConnName>TX_MAXDAT_PROD</sourceConnName>
<sourceObjSchema>D_ME_CURRENT</sourceObjSchema>
<sourceObjName>ENROLLMENT_ACTIVITY_OUTCOME</sourceObjName>
<createdBy>mb56142</createdBy>
<createdTime>2014-06-24 02:16:53 UTC</createdTime>
<ownerDesignName>TXEB_BPM_Semantic_data_model_diagram</ownerDesignName>
<nullsAllowed>true</nullsAllowed>
<useDomainConstraints>false</useDomainConstraints>
<use>1</use>
<logicalDatatype>LOGDT024</logicalDatatype>
<dataTypeSize>200 BYTE</dataTypeSize>
<autoIncrementCycle>false</autoIncrementCycle>
</Column>
<Column name="DAYS_TO_AUTO_ASSIGNMENT" id="3594630F-C33B-77A5-4D66-2FE8F6D5BD88">
<sourceConnName>TX_MAXDAT_PROD</sourceConnName>
<sourceObjSchema>D_ME_CURRENT</sourceObjSchema>
<sourceObjName>DAYS_TO_AUTO_ASSIGNMENT</sourceObjName>
<createdBy>mb56142</createdBy>
<createdTime>2014-06-24 02:16:53 UTC</createdTime>
<ownerDesignName>TXEB_BPM_Semantic_data_model_diagram</ownerDesignName>
<nullsAllowed>true</nullsAllowed>
<useDomainConstraints>false</useDomainConstraints>
<use>1</use>
<logicalDatatype>LOGDT019</logicalDatatype>
<dataTypePrecision>18</dataTypePrecision>
<autoIncrementCycle>false</autoIncrementCycle>
</Column>
<Column name="GENERIC_FIELD_1" id="CC1D469A-E892-6E26-0514-5A686E00097C">
<sourceConnName>TX_MAXDAT_PROD</sourceConnName>
<sourceObjSchema>D_ME_CURRENT</sourceObjSchema>
<sourceObjName>GENERIC_FIELD_1</sourceObjName>
<createdBy>mb56142</createdBy>
<createdTime>2014-06-24 02:16:53 UTC</createdTime>
<ownerDesignName>TXEB_BPM_Semantic_data_model_diagram</ownerDesignName>
<nullsAllowed>true</nullsAllowed>
<useDomainConstraints>false</useDomainConstraints>
<use>1</use>
<logicalDatatype>LOGDT024</logicalDatatype>
<dataTypeSize>50 BYTE</dataTypeSize>
<autoIncrementCycle>false</autoIncrementCycle>
</Column>
<Column name="GENERIC_FIELD_2" id="3E60C882-948E-0E75-9523-FE0B841BCADF">
<sourceConnName>TX_MAXDAT_PROD</sourceConnName>
<sourceObjSchema>D_ME_CURRENT</sourceObjSchema>
<sourceObjName>GENERIC_FIELD_2</sourceObjName>
<createdBy>mb56142</createdBy>
<createdTime>2014-06-24 02:16:53 UTC</createdTime>
<ownerDesignName>TXEB_BPM_Semantic_data_model_diagram</ownerDesignName>
<nullsAllowed>true</nullsAllowed>
<useDomainConstraints>false</useDomainConstraints>
<use>1</use>
<logicalDatatype>LOGDT024</logicalDatatype>
<dataTypeSize>50 BYTE</dataTypeSize>
<autoIncrementCycle>false</autoIncrementCycle>
</Column>
<Column name="GENERIC_FIELD_3" id="C775472F-AF5F-4F87-43E8-1C8AE751E711">
<sourceConnName>TX_MAXDAT_PROD</sourceConnName>
<sourceObjSchema>D_ME_CURRENT</sourceObjSchema>
<sourceObjName>GENERIC_FIELD_3</sourceObjName>
<createdBy>mb56142</createdBy>
<createdTime>2014-06-24 02:16:53 UTC</createdTime>
<ownerDesignName>TXEB_BPM_Semantic_data_model_diagram</ownerDesignName>
<nullsAllowed>true</nullsAllowed>
<useDomainConstraints>false</useDomainConstraints>
<use>1</use>
<logicalDatatype>LOGDT024</logicalDatatype>
<dataTypeSize>50 BYTE</dataTypeSize>
<autoIncrementCycle>false</autoIncrementCycle>
</Column>
<Column name="GENERIC_FIELD_4" id="4E605A96-B98D-4C56-908A-0F8795E35C7A">
<sourceConnName>TX_MAXDAT_PROD</sourceConnName>
<sourceObjSchema>D_ME_CURRENT</sourceObjSchema>
<sourceObjName>GENERIC_FIELD_4</sourceObjName>
<createdBy>mb56142</createdBy>
<createdTime>2014-06-24 02:16:53 UTC</createdTime>
<ownerDesignName>TXEB_BPM_Semantic_data_model_diagram</ownerDesignName>
<nullsAllowed>true</nullsAllowed>
<useDomainConstraints>false</useDomainConstraints>
<use>1</use>
<logicalDatatype>LOGDT024</logicalDatatype>
<dataTypeSize>50 BYTE</dataTypeSize>
<autoIncrementCycle>false</autoIncrementCycle>
</Column>
<Column name="GENERIC_FIELD_5" id="D104CDC0-68DA-1EDF-492A-9AF7F423CD1C">
<sourceConnName>TX_MAXDAT_PROD</sourceConnName>
<sourceObjSchema>D_ME_CURRENT</sourceObjSchema>
<sourceObjName>GENERIC_FIELD_5</sourceObjName>
<createdBy>mb56142</createdBy>
<createdTime>2014-06-24 02:16:53 UTC</createdTime>
<ownerDesignName>TXEB_BPM_Semantic_data_model_diagram</ownerDesignName>
<nullsAllowed>true</nullsAllowed>
<useDomainConstraints>false</useDomainConstraints>
<use>1</use>
<logicalDatatype>LOGDT024</logicalDatatype>
<dataTypeSize>50 BYTE</dataTypeSize>
<autoIncrementCycle>false</autoIncrementCycle>
</Column>
</columns>
<indexes itemClass="oracle.dbtools.crest.model.design.relational.Index">
<ind_PK_UK id="186AFA37-8B9E-129E-6AAA-DEC3295BEB9B" name="DMECUR_PK">
<sourceConnName>TX_MAXDAT_PROD</sourceConnName>
<sourceObjSchema>MAXDAT</sourceObjSchema>
<sourceObjName>DMECUR_PK</sourceObjName>
<createdBy>mb56142</createdBy>
<createdTime>2014-06-24 02:16:54 UTC</createdTime>
<ownerDesignName>TXEB_BPM_Semantic_data_model_diagram</ownerDesignName>
<pk>true</pk>
<indexState>Primary Constraint</indexState>
<isSurrogateKey>false</isSurrogateKey>
<indexColumnUsage>
<colUsage columnID="3CC3F7F6-141D-ABF5-E182-55B393DDFD9B"/>
</indexColumnUsage>
</ind_PK_UK>
<ind_PK_UK id="9CBECFED-E3FF-9579-7E98-039DFD9E8845" name="DMECUR_PK">
<sourceConnName>TX_MAXDAT_PROD</sourceConnName>
<sourceObjSchema>MAXDAT</sourceObjSchema>
<sourceObjName>DMECUR_PK</sourceObjName>
<createdBy>mb56142</createdBy>
<createdTime>2014-06-24 02:16:54 UTC</createdTime>
<ownerDesignName>TXEB_BPM_Semantic_data_model_diagram</ownerDesignName>
<indexState>Unique Plain Index</indexState>
<schemaObject>121AEE1F-FD79-403A-F17D-FF8859EA2228</schemaObject>
<isSurrogateKey>false</isSurrogateKey>
<indexColumnUsage>
<colUsage columnID="3CC3F7F6-141D-ABF5-E182-55B393DDFD9B"/>
</indexColumnUsage>
</ind_PK_UK>
<ind_PK_UK id="BF6AB4FF-6835-8BE4-FD7B-012C3FB9ABC7" name="DMECUR_UIX1">
<sourceConnName>TX_MAXDAT_PROD</sourceConnName>
<sourceObjSchema>MAXDAT</sourceObjSchema>
<sourceObjName>DMECUR_UIX1</sourceObjName>
<createdBy>mb56142</createdBy>
<createdTime>2014-06-24 02:16:54 UTC</createdTime>
<ownerDesignName>TXEB_BPM_Semantic_data_model_diagram</ownerDesignName>
<indexState>Unique Plain Index</indexState>
<schemaObject>121AEE1F-FD79-403A-F17D-FF8859EA2228</schemaObject>
<isSurrogateKey>false</isSurrogateKey>
<indexColumnUsage>
<colUsage columnID="AB005AB9-EED2-2E4C-E49E-FBD5C20CCF44"/>
</indexColumnUsage>
</ind_PK_UK>
</indexes>
</Table>