<?xml version = '1.0' encoding = 'UTF-8'?>
<Table class="oracle.dbtools.crest.model.design.relational.Table" directorySegmentName="seg_0" id="3AE3600F-B330-7E98-E9FF-EA4397B14372" name="D_PI_INCIDENT_REASON">
<sourceConnName>TX_MAXDAT_PROD</sourceConnName>
<sourceObjSchema>MAXDAT</sourceObjSchema>
<sourceObjName>D_PI_INCIDENT_REASON</sourceObjName>
<createdBy>mb56142</createdBy>
<createdTime>2014-06-25 01:58:20 UTC</createdTime>
<ownerDesignName>TXEB_BPM_Semantic_data_model_diagram</ownerDesignName>
<schemaObject>121AEE1F-FD79-403A-F17D-FF8859EA2228</schemaObject>
<allowColumnReorder>false</allowColumnReorder>
<existDependencyGenerateInDDl>true</existDependencyGenerateInDDl>
<columns itemClass="oracle.dbtools.crest.model.design.relational.Column">
<Column name="DPIIR_ID" id="DADDF39A-4B89-C08A-96E3-063152404DC1">
<sourceConnName>TX_MAXDAT_PROD</sourceConnName>
<sourceObjSchema>D_PI_INCIDENT_REASON</sourceObjSchema>
<sourceObjName>DPIIR_ID</sourceObjName>
<createdBy>mb56142</createdBy>
<createdTime>2014-06-25 01:58:20 UTC</createdTime>
<ownerDesignName>TXEB_BPM_Semantic_data_model_diagram</ownerDesignName>
<useDomainConstraints>false</useDomainConstraints>
<use>1</use>
<logicalDatatype>LOGDT019</logicalDatatype>
<autoIncrementCycle>false</autoIncrementCycle>
</Column>
<Column name="Incident Reason" id="30C511C1-6A14-E7B6-5947-BD9D9E1247BC">
<sourceConnName>TX_MAXDAT_PROD</sourceConnName>
<sourceObjSchema>D_PI_INCIDENT_REASON</sourceObjSchema>
<sourceObjName>Incident Reason</sourceObjName>
<createdBy>mb56142</createdBy>
<createdTime>2014-06-25 01:58:20 UTC</createdTime>
<ownerDesignName>TXEB_BPM_Semantic_data_model_diagram</ownerDesignName>
<nameHasQuotes>true</nameHasQuotes>
<nullsAllowed>true</nullsAllowed>
<useDomainConstraints>false</useDomainConstraints>
<use>1</use>
<logicalDatatype>LOGDT024</logicalDatatype>
<dataTypeSize>80 BYTE</dataTypeSize>
<autoIncrementCycle>false</autoIncrementCycle>
</Column>
</columns>
<indexes itemClass="oracle.dbtools.crest.model.design.relational.Index">
<ind_PK_UK id="5428E327-325D-CB2B-91AB-D7CBEE4B2778" name="DPIIR_PK">
<sourceConnName>TX_MAXDAT_PROD</sourceConnName>
<sourceObjSchema>MAXDAT</sourceObjSchema>
<sourceObjName>DPIIR_PK</sourceObjName>
<createdBy>mb56142</createdBy>
<createdTime>2014-06-25 01:58:21 UTC</createdTime>
<ownerDesignName>TXEB_BPM_Semantic_data_model_diagram</ownerDesignName>
<pk>true</pk>
<indexState>Primary Constraint</indexState>
<isSurrogateKey>false</isSurrogateKey>
<indexColumnUsage>
<colUsage columnID="DADDF39A-4B89-C08A-96E3-063152404DC1"/>
</indexColumnUsage>
</ind_PK_UK>
<ind_PK_UK id="9131A199-2EA0-B84F-E0BE-61A1926CB92B" name="DPIIR_PK">
<sourceConnName>TX_MAXDAT_PROD</sourceConnName>
<sourceObjSchema>MAXDAT</sourceObjSchema>
<sourceObjName>DPIIR_PK</sourceObjName>
<createdBy>mb56142</createdBy>
<createdTime>2014-06-25 01:58:21 UTC</createdTime>
<ownerDesignName>TXEB_BPM_Semantic_data_model_diagram</ownerDesignName>
<indexState>Unique Plain Index</indexState>
<schemaObject>121AEE1F-FD79-403A-F17D-FF8859EA2228</schemaObject>
<isSurrogateKey>false</isSurrogateKey>
<indexColumnUsage>
<colUsage columnID="DADDF39A-4B89-C08A-96E3-063152404DC1"/>
</indexColumnUsage>
</ind_PK_UK>
<ind_PK_UK id="7EEE6971-9D40-731B-312F-D8F415D240A1" name="DPIIR_UIX1">
<sourceConnName>TX_MAXDAT_PROD</sourceConnName>
<sourceObjSchema>MAXDAT</sourceObjSchema>
<sourceObjName>DPIIR_UIX1</sourceObjName>
<createdBy>mb56142</createdBy>
<createdTime>2014-06-25 01:58:21 UTC</createdTime>
<ownerDesignName>TXEB_BPM_Semantic_data_model_diagram</ownerDesignName>
<indexState>Unique Plain Index</indexState>
<schemaObject>121AEE1F-FD79-403A-F17D-FF8859EA2228</schemaObject>
<isSurrogateKey>false</isSurrogateKey>
<indexColumnUsage>
<colUsage columnID="30C511C1-6A14-E7B6-5947-BD9D9E1247BC"/>
</indexColumnUsage>
</ind_PK_UK>
</indexes>
</Table>