<?xml version = '1.0' encoding = 'UTF-8'?>
<Table class="oracle.dbtools.crest.model.design.relational.Table" directorySegmentName="seg_0" id="3B782934-5669-F921-29A6-5B22CBD2DAFA" name="F_MW_BY_DATE">
<sourceConnName>TX_MAXDAT_PROD</sourceConnName>
<sourceObjSchema>MAXDAT</sourceObjSchema>
<sourceObjName>F_MW_BY_DATE</sourceObjName>
<createdBy>mb56142</createdBy>
<createdTime>2014-06-24 02:06:43 UTC</createdTime>
<ownerDesignName>TXEB_BPM_Semantic_data_model_diagram</ownerDesignName>
<schemaObject>121AEE1F-FD79-403A-F17D-FF8859EA2228</schemaObject>
<allowColumnReorder>false</allowColumnReorder>
<existDependencyGenerateInDDl>true</existDependencyGenerateInDDl>
<columns itemClass="oracle.dbtools.crest.model.design.relational.Column">
<Column name="FMWBD_ID" id="7F0D4ACB-DACC-6011-3BEC-55AF5A39535D">
<sourceConnName>TX_MAXDAT_PROD</sourceConnName>
<sourceObjSchema>F_MW_BY_DATE</sourceObjSchema>
<sourceObjName>FMWBD_ID</sourceObjName>
<createdBy>mb56142</createdBy>
<createdTime>2014-06-24 02:06:43 UTC</createdTime>
<ownerDesignName>TXEB_BPM_Semantic_data_model_diagram</ownerDesignName>
<useDomainConstraints>false</useDomainConstraints>
<use>1</use>
<logicalDatatype>LOGDT019</logicalDatatype>
<autoIncrementCycle>false</autoIncrementCycle>
</Column>
<Column name="D_DATE" id="53FBF058-ACA2-A21C-8C5C-4D18A3EF927B">
<sourceConnName>TX_MAXDAT_PROD</sourceConnName>
<sourceObjSchema>F_MW_BY_DATE</sourceObjSchema>
<sourceObjName>D_DATE</sourceObjName>
<createdBy>mb56142</createdBy>
<createdTime>2014-06-24 02:06:43 UTC</createdTime>
<ownerDesignName>TXEB_BPM_Semantic_data_model_diagram</ownerDesignName>
<useDomainConstraints>false</useDomainConstraints>
<use>1</use>
<logicalDatatype>LOGDT007</logicalDatatype>
<dataTypeSize>7</dataTypeSize>
<autoIncrementCycle>false</autoIncrementCycle>
</Column>
<Column name="BUCKET_START_DATE" id="48D13751-FA52-E676-D4B6-A2E481F73E9C">
<sourceConnName>TX_MAXDAT_PROD</sourceConnName>
<sourceObjSchema>F_MW_BY_DATE</sourceObjSchema>
<sourceObjName>BUCKET_START_DATE</sourceObjName>
<createdBy>mb56142</createdBy>
<createdTime>2014-06-24 02:06:43 UTC</createdTime>
<ownerDesignName>TXEB_BPM_Semantic_data_model_diagram</ownerDesignName>
<useDomainConstraints>false</useDomainConstraints>
<use>1</use>
<logicalDatatype>LOGDT007</logicalDatatype>
<dataTypeSize>7</dataTypeSize>
<autoIncrementCycle>false</autoIncrementCycle>
</Column>
<Column name="BUCKET_END_DATE" id="AC862145-3683-D29E-97A0-02D36D31ABD4">
<sourceConnName>TX_MAXDAT_PROD</sourceConnName>
<sourceObjSchema>F_MW_BY_DATE</sourceObjSchema>
<sourceObjName>BUCKET_END_DATE</sourceObjName>
<createdBy>mb56142</createdBy>
<createdTime>2014-06-24 02:06:43 UTC</createdTime>
<ownerDesignName>TXEB_BPM_Semantic_data_model_diagram</ownerDesignName>
<useDomainConstraints>false</useDomainConstraints>
<use>1</use>
<logicalDatatype>LOGDT007</logicalDatatype>
<dataTypeSize>7</dataTypeSize>
<autoIncrementCycle>false</autoIncrementCycle>
</Column>
<Column name="MW_BI_ID" id="445439F5-57EB-9C05-2883-F30FAB23A3A2">
<sourceConnName>TX_MAXDAT_PROD</sourceConnName>
<sourceObjSchema>F_MW_BY_DATE</sourceObjSchema>
<sourceObjName>MW_BI_ID</sourceObjName>
<createdBy>mb56142</createdBy>
<createdTime>2014-06-24 02:06:43 UTC</createdTime>
<ownerDesignName>TXEB_BPM_Semantic_data_model_diagram</ownerDesignName>
<useDomainConstraints>false</useDomainConstraints>
<use>1</use>
<logicalDatatype>LOGDT019</logicalDatatype>
<delegate>95125734-8862-F36E-5C56-7A82DB2E97E9</delegate>
<autoIncrementCycle>false</autoIncrementCycle>
<associations>
<colAssociation fkAssociation="87B502BD-5EBD-1AF8-EA81-C732733C4113" referredColumn="95125734-8862-F36E-5C56-7A82DB2E97E9"/>
</associations>
</Column>
<Column name="DMWTT_ID" id="802E6934-1951-5241-4862-C5878D63AB4C">
<sourceConnName>TX_MAXDAT_PROD</sourceConnName>
<sourceObjSchema>F_MW_BY_DATE</sourceObjSchema>
<sourceObjName>DMWTT_ID</sourceObjName>
<createdBy>mb56142</createdBy>
<createdTime>2014-06-24 02:06:43 UTC</createdTime>
<ownerDesignName>TXEB_BPM_Semantic_data_model_diagram</ownerDesignName>
<useDomainConstraints>false</useDomainConstraints>
<use>1</use>
<logicalDatatype>LOGDT019</logicalDatatype>
<delegate>8DC47A74-575B-9777-8575-80562E534F71</delegate>
<autoIncrementCycle>false</autoIncrementCycle>
<associations>
<colAssociation fkAssociation="378C6E04-7DF3-69A2-7A8A-8369E490C90E" referredColumn="8DC47A74-575B-9777-8575-80562E534F71"/>
</associations>
</Column>
<Column name="DMWE_ID" id="19920B41-83CF-CFF2-FF29-DA4B6C1A754E">
<sourceConnName>TX_MAXDAT_PROD</sourceConnName>
<sourceObjSchema>F_MW_BY_DATE</sourceObjSchema>
<sourceObjName>DMWE_ID</sourceObjName>
<createdBy>mb56142</createdBy>
<createdTime>2014-06-24 02:06:43 UTC</createdTime>
<ownerDesignName>TXEB_BPM_Semantic_data_model_diagram</ownerDesignName>
<useDomainConstraints>false</useDomainConstraints>
<use>1</use>
<logicalDatatype>LOGDT019</logicalDatatype>
<delegate>88BABCD0-41F2-5331-A205-E91CEB5B312D</delegate>
<autoIncrementCycle>false</autoIncrementCycle>
<associations>
<colAssociation fkAssociation="BA966B53-8018-579A-A2D2-17B73844CD71" referredColumn="88BABCD0-41F2-5331-A205-E91CEB5B312D"/>
</associations>
</Column>
<Column name="DMWF_ID" id="6D1832C7-0008-2FA8-4131-9431D9AEA7AA">
<sourceConnName>TX_MAXDAT_PROD</sourceConnName>
<sourceObjSchema>F_MW_BY_DATE</sourceObjSchema>
<sourceObjName>DMWF_ID</sourceObjName>
<createdBy>mb56142</createdBy>
<createdTime>2014-06-24 02:06:43 UTC</createdTime>
<ownerDesignName>TXEB_BPM_Semantic_data_model_diagram</ownerDesignName>
<useDomainConstraints>false</useDomainConstraints>
<use>1</use>
<logicalDatatype>LOGDT019</logicalDatatype>
<delegate>6A182DEE-E490-12C8-47DC-E743A5C39B25</delegate>
<autoIncrementCycle>false</autoIncrementCycle>
<associations>
<colAssociation fkAssociation="DF6D2C31-6C91-D281-A80B-D6B2AFA39A61" referredColumn="6A182DEE-E490-12C8-47DC-E743A5C39B25"/>
</associations>
</Column>
<Column name="DMWO_ID" id="872C1070-2586-6F70-E595-DB7D59FDE971">
<sourceConnName>TX_MAXDAT_PROD</sourceConnName>
<sourceObjSchema>F_MW_BY_DATE</sourceObjSchema>
<sourceObjName>DMWO_ID</sourceObjName>
<createdBy>mb56142</createdBy>
<createdTime>2014-06-24 02:06:43 UTC</createdTime>
<ownerDesignName>TXEB_BPM_Semantic_data_model_diagram</ownerDesignName>
<useDomainConstraints>false</useDomainConstraints>
<use>1</use>
<logicalDatatype>LOGDT019</logicalDatatype>
<delegate>4BAC8A75-CE06-9F63-1724-D7B5717DFDD9</delegate>
<autoIncrementCycle>false</autoIncrementCycle>
<associations>
<colAssociation fkAssociation="B9053599-11F8-79BF-9A88-170D9A3F54B9" referredColumn="4BAC8A75-CE06-9F63-1724-D7B5717DFDD9"/>
</associations>
</Column>
<Column name="DMWTS_ID" id="7202756D-BA8D-D28C-7941-294A790360CB">
<sourceConnName>TX_MAXDAT_PROD</sourceConnName>
<sourceObjSchema>F_MW_BY_DATE</sourceObjSchema>
<sourceObjName>DMWTS_ID</sourceObjName>
<createdBy>mb56142</createdBy>
<createdTime>2014-06-24 02:06:43 UTC</createdTime>
<ownerDesignName>TXEB_BPM_Semantic_data_model_diagram</ownerDesignName>
<useDomainConstraints>false</useDomainConstraints>
<use>1</use>
<logicalDatatype>LOGDT019</logicalDatatype>
<delegate>2E024421-6F1D-8F23-FB51-02DE2A625223</delegate>
<autoIncrementCycle>false</autoIncrementCycle>
<associations>
<colAssociation fkAssociation="681C29B3-E4DF-384B-ACAE-F822D20AC0B5" referredColumn="2E024421-6F1D-8F23-FB51-02DE2A625223"/>
</associations>
</Column>
<Column name="DMWLUBN_ID" id="BF52E771-F073-8078-2050-1E20A84E5AC4">
<sourceConnName>TX_MAXDAT_PROD</sourceConnName>
<sourceObjSchema>F_MW_BY_DATE</sourceObjSchema>
<sourceObjName>DMWLUBN_ID</sourceObjName>
<createdBy>mb56142</createdBy>
<createdTime>2014-06-24 02:06:43 UTC</createdTime>
<ownerDesignName>TXEB_BPM_Semantic_data_model_diagram</ownerDesignName>
<useDomainConstraints>false</useDomainConstraints>
<use>1</use>
<logicalDatatype>LOGDT019</logicalDatatype>
<delegate>3893AB30-C0A4-71AF-DBE7-D5A51A7BD74A</delegate>
<autoIncrementCycle>false</autoIncrementCycle>
<associations>
<colAssociation fkAssociation="FD00EEE1-4E50-155B-0955-98E021914A0B" referredColumn="3893AB30-C0A4-71AF-DBE7-D5A51A7BD74A"/>
</associations>
</Column>
<Column name="Last Update Date" id="1937BD83-7424-1EBF-C568-C3E27435C8CE">
<sourceConnName>TX_MAXDAT_PROD</sourceConnName>
<sourceObjSchema>F_MW_BY_DATE</sourceObjSchema>
<sourceObjName>Last Update Date</sourceObjName>
<createdBy>mb56142</createdBy>
<createdTime>2014-06-24 02:06:43 UTC</createdTime>
<ownerDesignName>TXEB_BPM_Semantic_data_model_diagram</ownerDesignName>
<nameHasQuotes>true</nameHasQuotes>
<useDomainConstraints>false</useDomainConstraints>
<use>1</use>
<logicalDatatype>LOGDT007</logicalDatatype>
<dataTypeSize>7</dataTypeSize>
<autoIncrementCycle>false</autoIncrementCycle>
</Column>
<Column name="Status Date" id="04161CA8-C8DB-301C-9EA0-C6564066BCA1">
<sourceConnName>TX_MAXDAT_PROD</sourceConnName>
<sourceObjSchema>F_MW_BY_DATE</sourceObjSchema>
<sourceObjName>Status Date</sourceObjName>
<createdBy>mb56142</createdBy>
<createdTime>2014-06-24 02:06:43 UTC</createdTime>
<ownerDesignName>TXEB_BPM_Semantic_data_model_diagram</ownerDesignName>
<nameHasQuotes>true</nameHasQuotes>
<useDomainConstraints>false</useDomainConstraints>
<use>1</use>
<logicalDatatype>LOGDT007</logicalDatatype>
<dataTypeSize>7</dataTypeSize>
<autoIncrementCycle>false</autoIncrementCycle>
</Column>
<Column name="CREATION_COUNT" id="365498B5-E6F3-4DED-645D-9E4F3B8194A2">
<sourceConnName>TX_MAXDAT_PROD</sourceConnName>
<sourceObjSchema>F_MW_BY_DATE</sourceObjSchema>
<sourceObjName>CREATION_COUNT</sourceObjName>
<createdBy>mb56142</createdBy>
<createdTime>2014-06-24 02:06:43 UTC</createdTime>
<ownerDesignName>TXEB_BPM_Semantic_data_model_diagram</ownerDesignName>
<nullsAllowed>true</nullsAllowed>
<useDomainConstraints>false</useDomainConstraints>
<use>1</use>
<logicalDatatype>LOGDT019</logicalDatatype>
<autoIncrementCycle>false</autoIncrementCycle>
</Column>
<Column name="INVENTORY_COUNT" id="30EF7CE8-B180-A7FA-C276-B5FA0A3E19EA">
<sourceConnName>TX_MAXDAT_PROD</sourceConnName>
<sourceObjSchema>F_MW_BY_DATE</sourceObjSchema>
<sourceObjName>INVENTORY_COUNT</sourceObjName>
<createdBy>mb56142</createdBy>
<createdTime>2014-06-24 02:06:43 UTC</createdTime>
<ownerDesignName>TXEB_BPM_Semantic_data_model_diagram</ownerDesignName>
<nullsAllowed>true</nullsAllowed>
<useDomainConstraints>false</useDomainConstraints>
<use>1</use>
<logicalDatatype>LOGDT019</logicalDatatype>
<autoIncrementCycle>false</autoIncrementCycle>
</Column>
<Column name="COMPLETION_COUNT" id="C341443E-E678-A58D-3F06-00EE2F2A60EC">
<sourceConnName>TX_MAXDAT_PROD</sourceConnName>
<sourceObjSchema>F_MW_BY_DATE</sourceObjSchema>
<sourceObjName>COMPLETION_COUNT</sourceObjName>
<createdBy>mb56142</createdBy>
<createdTime>2014-06-24 02:06:44 UTC</createdTime>
<ownerDesignName>TXEB_BPM_Semantic_data_model_diagram</ownerDesignName>
<nullsAllowed>true</nullsAllowed>
<useDomainConstraints>false</useDomainConstraints>
<use>1</use>
<logicalDatatype>LOGDT019</logicalDatatype>
<autoIncrementCycle>false</autoIncrementCycle>
</Column>
</columns>
<indexes itemClass="oracle.dbtools.crest.model.design.relational.Index">
<ind_PK_UK id="6CE8599A-E657-DC0C-EC37-5FE4E709B919" name="FMWBD_PK">
<sourceConnName>TX_MAXDAT_PROD</sourceConnName>
<sourceObjSchema>MAXDAT</sourceObjSchema>
<sourceObjName>FMWBD_PK</sourceObjName>
<createdBy>mb56142</createdBy>
<createdTime>2014-06-24 02:06:45 UTC</createdTime>
<ownerDesignName>TXEB_BPM_Semantic_data_model_diagram</ownerDesignName>
<pk>true</pk>
<indexState>Primary Constraint</indexState>
<isSurrogateKey>false</isSurrogateKey>
<indexColumnUsage>
<colUsage columnID="7F0D4ACB-DACC-6011-3BEC-55AF5A39535D"/>
</indexColumnUsage>
</ind_PK_UK>
<ind_PK_UK id="141CF819-EEE6-1A26-8CCD-7C7CFAD03023" name="FMWBD_IX2">
<sourceConnName>TX_MAXDAT_PROD</sourceConnName>
<sourceObjSchema>MAXDAT</sourceObjSchema>
<sourceObjName>FMWBD_IX2</sourceObjName>
<createdBy>mb56142</createdBy>
<createdTime>2014-06-24 02:06:44 UTC</createdTime>
<ownerDesignName>TXEB_BPM_Semantic_data_model_diagram</ownerDesignName>
<schemaObject>121AEE1F-FD79-403A-F17D-FF8859EA2228</schemaObject>
<isSurrogateKey>false</isSurrogateKey>
<indexColumnUsage>
<colUsage columnID="04161CA8-C8DB-301C-9EA0-C6564066BCA1"/>
</indexColumnUsage>
</ind_PK_UK>
<ind_PK_UK id="4F73DA3B-4415-C900-1E0E-470587C5B221" name="FMWBD_IX1">
<sourceConnName>TX_MAXDAT_PROD</sourceConnName>
<sourceObjSchema>MAXDAT</sourceObjSchema>
<sourceObjName>FMWBD_IX1</sourceObjName>
<createdBy>mb56142</createdBy>
<createdTime>2014-06-24 02:06:44 UTC</createdTime>
<ownerDesignName>TXEB_BPM_Semantic_data_model_diagram</ownerDesignName>
<schemaObject>121AEE1F-FD79-403A-F17D-FF8859EA2228</schemaObject>
<isSurrogateKey>false</isSurrogateKey>
<indexColumnUsage>
<colUsage columnID="1937BD83-7424-1EBF-C568-C3E27435C8CE"/>
</indexColumnUsage>
</ind_PK_UK>
<ind_PK_UK id="42D1C200-71B5-783C-F20C-A4E56622E4F4" name="FMWBD_UIX2">
<sourceConnName>TX_MAXDAT_PROD</sourceConnName>
<sourceObjSchema>MAXDAT</sourceObjSchema>
<sourceObjName>FMWBD_UIX2</sourceObjName>
<createdBy>mb56142</createdBy>
<createdTime>2014-06-24 02:06:44 UTC</createdTime>
<ownerDesignName>TXEB_BPM_Semantic_data_model_diagram</ownerDesignName>
<indexState>Unique Plain Index</indexState>
<schemaObject>121AEE1F-FD79-403A-F17D-FF8859EA2228</schemaObject>
<isSurrogateKey>false</isSurrogateKey>
<indexColumnUsage>
<colUsage columnID="445439F5-57EB-9C05-2883-F30FAB23A3A2"/>
<colUsage columnID="48D13751-FA52-E676-D4B6-A2E481F73E9C"/>
</indexColumnUsage>
</ind_PK_UK>
<ind_PK_UK id="31539E32-1202-0804-0F6B-4654E711B056" name="FMWBD_UIX1">
<sourceConnName>TX_MAXDAT_PROD</sourceConnName>
<sourceObjSchema>MAXDAT</sourceObjSchema>
<sourceObjName>FMWBD_UIX1</sourceObjName>
<createdBy>mb56142</createdBy>
<createdTime>2014-06-24 02:06:44 UTC</createdTime>
<ownerDesignName>TXEB_BPM_Semantic_data_model_diagram</ownerDesignName>
<indexState>Unique Plain Index</indexState>
<schemaObject>121AEE1F-FD79-403A-F17D-FF8859EA2228</schemaObject>
<isSurrogateKey>false</isSurrogateKey>
<indexColumnUsage>
<colUsage columnID="445439F5-57EB-9C05-2883-F30FAB23A3A2"/>
<colUsage columnID="53FBF058-ACA2-A21C-8C5C-4D18A3EF927B"/>
</indexColumnUsage>
</ind_PK_UK>
<ind_PK_UK id="48410629-8BEC-531F-9FC3-B3F14A0A7B86" name="FMWBD_PK">
<sourceConnName>TX_MAXDAT_PROD</sourceConnName>
<sourceObjSchema>MAXDAT</sourceObjSchema>
<sourceObjName>FMWBD_PK</sourceObjName>
<createdBy>mb56142</createdBy>
<createdTime>2014-06-24 02:06:44 UTC</createdTime>
<ownerDesignName>TXEB_BPM_Semantic_data_model_diagram</ownerDesignName>
<indexState>Unique Plain Index</indexState>
<schemaObject>121AEE1F-FD79-403A-F17D-FF8859EA2228</schemaObject>
<isSurrogateKey>false</isSurrogateKey>
<indexColumnUsage>
<colUsage columnID="7F0D4ACB-DACC-6011-3BEC-55AF5A39535D"/>
</indexColumnUsage>
</ind_PK_UK>
<ind_PK_UK id="1538A4C9-BE81-F47A-C8BA-390D290CC592" name="FMWBD_IXL4">
<sourceConnName>TX_MAXDAT_PROD</sourceConnName>
<sourceObjSchema>MAXDAT</sourceObjSchema>
<sourceObjName>FMWBD_IXL4</sourceObjName>
<createdBy>mb56142</createdBy>
<createdTime>2014-06-24 02:06:44 UTC</createdTime>
<ownerDesignName>TXEB_BPM_Semantic_data_model_diagram</ownerDesignName>
<schemaObject>121AEE1F-FD79-403A-F17D-FF8859EA2228</schemaObject>
<isSurrogateKey>false</isSurrogateKey>
<indexColumnUsage>
<colUsage columnID="365498B5-E6F3-4DED-645D-9E4F3B8194A2"/>
</indexColumnUsage>
</ind_PK_UK>
<ind_PK_UK id="322740B7-28A8-635E-806D-A9ED8AF7CFDB" name="FMWBD_IXL1">
<sourceConnName>TX_MAXDAT_PROD</sourceConnName>
<sourceObjSchema>MAXDAT</sourceObjSchema>
<sourceObjName>FMWBD_IXL1</sourceObjName>
<createdBy>mb56142</createdBy>
<createdTime>2014-06-24 02:06:44 UTC</createdTime>
<ownerDesignName>TXEB_BPM_Semantic_data_model_diagram</ownerDesignName>
<schemaObject>121AEE1F-FD79-403A-F17D-FF8859EA2228</schemaObject>
<isSurrogateKey>false</isSurrogateKey>
<indexColumnUsage>
<colUsage columnID="AC862145-3683-D29E-97A0-02D36D31ABD4"/>
</indexColumnUsage>
</ind_PK_UK>
<ind_PK_UK id="22FB1800-0FE3-DE68-3799-31B4887CA97B" name="FMWBD_IXL2">
<sourceConnName>TX_MAXDAT_PROD</sourceConnName>
<sourceObjSchema>MAXDAT</sourceObjSchema>
<sourceObjName>FMWBD_IXL2</sourceObjName>
<createdBy>mb56142</createdBy>
<createdTime>2014-06-24 02:06:44 UTC</createdTime>
<ownerDesignName>TXEB_BPM_Semantic_data_model_diagram</ownerDesignName>
<schemaObject>121AEE1F-FD79-403A-F17D-FF8859EA2228</schemaObject>
<isSurrogateKey>false</isSurrogateKey>
<indexColumnUsage>
<colUsage columnID="445439F5-57EB-9C05-2883-F30FAB23A3A2"/>
</indexColumnUsage>
</ind_PK_UK>
<ind_PK_UK id="7A66CD55-0FBD-7EAA-1B76-5509AB2CE4F2" name="FMWBD_DMWCUR_FK">
<createdBy>mb56142</createdBy>
<createdTime>2014-06-24 02:06:45 UTC</createdTime>
<ownerDesignName>TXEB_BPM_Semantic_data_model_diagram</ownerDesignName>
<indexState>Foreign Key</indexState>
<isSurrogateKey>false</isSurrogateKey>
<indexColumnUsage>
<colUsage columnID="445439F5-57EB-9C05-2883-F30FAB23A3A2"/>
</indexColumnUsage>
</ind_PK_UK>
<ind_PK_UK id="639F7C30-BDFE-F06C-89DE-7424BEAC02B2" name="FMWBD_DMWE_FK">
<createdBy>mb56142</createdBy>
<createdTime>2014-06-24 02:06:45 UTC</createdTime>
<ownerDesignName>TXEB_BPM_Semantic_data_model_diagram</ownerDesignName>
<indexState>Foreign Key</indexState>
<isSurrogateKey>false</isSurrogateKey>
<indexColumnUsage>
<colUsage columnID="19920B41-83CF-CFF2-FF29-DA4B6C1A754E"/>
</indexColumnUsage>
</ind_PK_UK>
<ind_PK_UK id="12109DFE-4C9A-80D2-51F5-D2C83C76EE36" name="FMWBD_DMWF_FK">
<createdBy>mb56142</createdBy>
<createdTime>2014-06-24 02:06:45 UTC</createdTime>
<ownerDesignName>TXEB_BPM_Semantic_data_model_diagram</ownerDesignName>
<indexState>Foreign Key</indexState>
<isSurrogateKey>false</isSurrogateKey>
<indexColumnUsage>
<colUsage columnID="6D1832C7-0008-2FA8-4131-9431D9AEA7AA"/>
</indexColumnUsage>
</ind_PK_UK>
<ind_PK_UK id="427EA2E0-1390-2182-C858-608D51C845F8" name="FMWBD_DMWLUBN_FK">
<createdBy>mb56142</createdBy>
<createdTime>2014-06-24 02:06:45 UTC</createdTime>
<ownerDesignName>TXEB_BPM_Semantic_data_model_diagram</ownerDesignName>
<indexState>Foreign Key</indexState>
<isSurrogateKey>false</isSurrogateKey>
<indexColumnUsage>
<colUsage columnID="BF52E771-F073-8078-2050-1E20A84E5AC4"/>
</indexColumnUsage>
</ind_PK_UK>
<ind_PK_UK id="A03474E4-A104-5853-D320-5F0D757C9C78" name="FMWBD_DMWO_FK">
<createdBy>mb56142</createdBy>
<createdTime>2014-06-24 02:06:45 UTC</createdTime>
<ownerDesignName>TXEB_BPM_Semantic_data_model_diagram</ownerDesignName>
<indexState>Foreign Key</indexState>
<isSurrogateKey>false</isSurrogateKey>
<indexColumnUsage>
<colUsage columnID="872C1070-2586-6F70-E595-DB7D59FDE971"/>
</indexColumnUsage>
</ind_PK_UK>
<ind_PK_UK id="19E2E776-00C6-57D5-E007-EB070513770D" name="FMWBD_DMWTS_FK">
<createdBy>mb56142</createdBy>
<createdTime>2014-06-24 02:09:37 UTC</createdTime>
<ownerDesignName>TXEB_BPM_Semantic_data_model_diagram</ownerDesignName>
<indexState>Foreign Key</indexState>
<isSurrogateKey>false</isSurrogateKey>
<indexColumnUsage>
<colUsage columnID="7202756D-BA8D-D28C-7941-294A790360CB"/>
</indexColumnUsage>
</ind_PK_UK>
<ind_PK_UK id="61E7F77E-55A6-EADF-BA30-2DCB9BE241C9" name="FMWBD_DMWTT_FK">
<createdBy>mb56142</createdBy>
<createdTime>2014-06-24 02:11:24 UTC</createdTime>
<ownerDesignName>TXEB_BPM_Semantic_data_model_diagram</ownerDesignName>
<indexState>Foreign Key</indexState>
<isSurrogateKey>false</isSurrogateKey>
<indexColumnUsage>
<colUsage columnID="802E6934-1951-5241-4862-C5878D63AB4C"/>
</indexColumnUsage>
</ind_PK_UK>
</indexes>
</Table>