<?xml version = '1.0' encoding = 'UTF-8'?>
<Table class="oracle.dbtools.crest.model.design.relational.Table" directorySegmentName="seg_0" id="3C9E8FFD-9B16-F286-BB07-F66069B7483F" name="D_MJ_LAST_UPDATE_BY">
<sourceConnName>TX_MAXDAT_PROD</sourceConnName>
<sourceObjSchema>MAXDAT</sourceObjSchema>
<sourceObjName>D_MJ_LAST_UPDATE_BY</sourceObjName>
<createdBy>mb56142</createdBy>
<createdTime>2014-06-24 16:21:15 UTC</createdTime>
<ownerDesignName>TXEB_BPM_Semantic_data_model_diagram</ownerDesignName>
<schemaObject>121AEE1F-FD79-403A-F17D-FF8859EA2228</schemaObject>
<allowColumnReorder>false</allowColumnReorder>
<existDependencyGenerateInDDl>true</existDependencyGenerateInDDl>
<columns itemClass="oracle.dbtools.crest.model.design.relational.Column">
<Column name="DIMJLUB_ID" id="63395616-9C18-BC96-BDA6-4E8003D3D5FF">
<sourceConnName>TX_MAXDAT_PROD</sourceConnName>
<sourceObjSchema>D_MJ_LAST_UPDATE_BY</sourceObjSchema>
<sourceObjName>DIMJLUB_ID</sourceObjName>
<createdBy>mb56142</createdBy>
<createdTime>2014-06-24 16:21:15 UTC</createdTime>
<ownerDesignName>TXEB_BPM_Semantic_data_model_diagram</ownerDesignName>
<useDomainConstraints>false</useDomainConstraints>
<use>1</use>
<logicalDatatype>LOGDT019</logicalDatatype>
<autoIncrementCycle>false</autoIncrementCycle>
</Column>
<Column name="LAST_UPDATE_BY_NAME" id="7805D77B-5FF4-9204-A1B2-A100D2CA82B8">
<sourceConnName>TX_MAXDAT_PROD</sourceConnName>
<sourceObjSchema>D_MJ_LAST_UPDATE_BY</sourceObjSchema>
<sourceObjName>LAST_UPDATE_BY_NAME</sourceObjName>
<createdBy>mb56142</createdBy>
<createdTime>2014-06-24 16:21:15 UTC</createdTime>
<ownerDesignName>TXEB_BPM_Semantic_data_model_diagram</ownerDesignName>
<nullsAllowed>true</nullsAllowed>
<useDomainConstraints>false</useDomainConstraints>
<use>1</use>
<logicalDatatype>LOGDT024</logicalDatatype>
<dataTypeSize>102 BYTE</dataTypeSize>
<autoIncrementCycle>false</autoIncrementCycle>
</Column>
</columns>
<indexes itemClass="oracle.dbtools.crest.model.design.relational.Index">
<ind_PK_UK id="E8D6CE45-693D-8557-273F-FB93F821BD58" name="DIMJLUB_PK">
<sourceConnName>TX_MAXDAT_PROD</sourceConnName>
<sourceObjSchema>MAXDAT</sourceObjSchema>
<sourceObjName>DIMJLUB_PK</sourceObjName>
<createdBy>mb56142</createdBy>
<createdTime>2014-06-24 16:21:15 UTC</createdTime>
<ownerDesignName>TXEB_BPM_Semantic_data_model_diagram</ownerDesignName>
<pk>true</pk>
<indexState>Primary Constraint</indexState>
<isSurrogateKey>false</isSurrogateKey>
<indexColumnUsage>
<colUsage columnID="63395616-9C18-BC96-BDA6-4E8003D3D5FF"/>
</indexColumnUsage>
</ind_PK_UK>
<ind_PK_UK id="774533F1-185C-CDC4-7EDB-956BF7E43F34" name="DIMJLUB_PK">
<sourceConnName>TX_MAXDAT_PROD</sourceConnName>
<sourceObjSchema>MAXDAT</sourceObjSchema>
<sourceObjName>DIMJLUB_PK</sourceObjName>
<createdBy>mb56142</createdBy>
<createdTime>2014-06-24 16:21:15 UTC</createdTime>
<ownerDesignName>TXEB_BPM_Semantic_data_model_diagram</ownerDesignName>
<indexState>Unique Plain Index</indexState>
<schemaObject>121AEE1F-FD79-403A-F17D-FF8859EA2228</schemaObject>
<isSurrogateKey>false</isSurrogateKey>
<indexColumnUsage>
<colUsage columnID="63395616-9C18-BC96-BDA6-4E8003D3D5FF"/>
</indexColumnUsage>
</ind_PK_UK>
<ind_PK_UK id="078F1C74-1653-6278-2023-E66A829E9752" name="DIMJLUB_UIX1">
<sourceConnName>TX_MAXDAT_PROD</sourceConnName>
<sourceObjSchema>MAXDAT</sourceObjSchema>
<sourceObjName>DIMJLUB_UIX1</sourceObjName>
<createdBy>mb56142</createdBy>
<createdTime>2014-06-24 16:21:15 UTC</createdTime>
<ownerDesignName>TXEB_BPM_Semantic_data_model_diagram</ownerDesignName>
<indexState>Unique Plain Index</indexState>
<schemaObject>121AEE1F-FD79-403A-F17D-FF8859EA2228</schemaObject>
<isSurrogateKey>false</isSurrogateKey>
<indexColumnUsage>
<colUsage columnID="7805D77B-5FF4-9204-A1B2-A100D2CA82B8"/>
</indexColumnUsage>
</ind_PK_UK>
</indexes>
</Table>