<?xml version = '1.0' encoding = 'UTF-8'?>
<Table class="oracle.dbtools.crest.model.design.relational.Table" directorySegmentName="seg_0" id="3D51AF4F-C919-9991-450A-0D9E9135BCE9" name="D_COR_SURVEY_ID">
<sourceConnName>TX_MAXDAT_PROD</sourceConnName>
<sourceObjSchema>MAXDAT</sourceObjSchema>
<sourceObjName>D_COR_SURVEY_ID</sourceObjName>
<createdBy>mb56142</createdBy>
<createdTime>2014-06-24 01:55:07 UTC</createdTime>
<ownerDesignName>TXEB_BPM_Semantic_data_model_diagram</ownerDesignName>
<schemaObject>121AEE1F-FD79-403A-F17D-FF8859EA2228</schemaObject>
<allowColumnReorder>false</allowColumnReorder>
<existDependencyGenerateInDDl>true</existDependencyGenerateInDDl>
<columns itemClass="oracle.dbtools.crest.model.design.relational.Column">
<Column name="DCORSI_ID" id="B5F49537-470A-A1B5-9D94-B250AF9FFB1E">
<sourceConnName>TX_MAXDAT_PROD</sourceConnName>
<sourceObjSchema>D_COR_SURVEY_ID</sourceObjSchema>
<sourceObjName>DCORSI_ID</sourceObjName>
<createdBy>mb56142</createdBy>
<createdTime>2014-06-24 01:55:07 UTC</createdTime>
<ownerDesignName>TXEB_BPM_Semantic_data_model_diagram</ownerDesignName>
<useDomainConstraints>false</useDomainConstraints>
<use>1</use>
<logicalDatatype>LOGDT019</logicalDatatype>
<autoIncrementCycle>false</autoIncrementCycle>
</Column>
<Column name="SURVEY_ID" id="9B7FBDA0-271D-8BE3-7281-CDA5779821FC">
<sourceConnName>TX_MAXDAT_PROD</sourceConnName>
<sourceObjSchema>D_COR_SURVEY_ID</sourceObjSchema>
<sourceObjName>SURVEY_ID</sourceObjName>
<createdBy>mb56142</createdBy>
<createdTime>2014-06-24 01:55:07 UTC</createdTime>
<ownerDesignName>TXEB_BPM_Semantic_data_model_diagram</ownerDesignName>
<nullsAllowed>true</nullsAllowed>
<useDomainConstraints>false</useDomainConstraints>
<use>1</use>
<logicalDatatype>LOGDT019</logicalDatatype>
<autoIncrementCycle>false</autoIncrementCycle>
</Column>
</columns>
<indexes itemClass="oracle.dbtools.crest.model.design.relational.Index">
<ind_PK_UK id="01C5E105-D092-C3AB-97E0-6D75983BD911" name="DCORSI_PK">
<sourceConnName>TX_MAXDAT_PROD</sourceConnName>
<sourceObjSchema>MAXDAT</sourceObjSchema>
<sourceObjName>DCORSI_PK</sourceObjName>
<createdBy>mb56142</createdBy>
<createdTime>2014-06-24 01:55:07 UTC</createdTime>
<ownerDesignName>TXEB_BPM_Semantic_data_model_diagram</ownerDesignName>
<pk>true</pk>
<indexState>Primary Constraint</indexState>
<isSurrogateKey>false</isSurrogateKey>
<indexColumnUsage>
<colUsage columnID="B5F49537-470A-A1B5-9D94-B250AF9FFB1E"/>
</indexColumnUsage>
</ind_PK_UK>
<ind_PK_UK id="02E74F0D-0CDD-1539-EF90-4C9A23F456A2" name="DCORSI_PK">
<sourceConnName>TX_MAXDAT_PROD</sourceConnName>
<sourceObjSchema>MAXDAT</sourceObjSchema>
<sourceObjName>DCORSI_PK</sourceObjName>
<createdBy>mb56142</createdBy>
<createdTime>2014-06-24 01:55:07 UTC</createdTime>
<ownerDesignName>TXEB_BPM_Semantic_data_model_diagram</ownerDesignName>
<indexState>Unique Plain Index</indexState>
<schemaObject>121AEE1F-FD79-403A-F17D-FF8859EA2228</schemaObject>
<isSurrogateKey>false</isSurrogateKey>
<indexColumnUsage>
<colUsage columnID="B5F49537-470A-A1B5-9D94-B250AF9FFB1E"/>
</indexColumnUsage>
</ind_PK_UK>
<ind_PK_UK id="99C289A6-605E-26E0-9532-C8DDDDD1ED53" name="DCORSI_UIX1">
<sourceConnName>TX_MAXDAT_PROD</sourceConnName>
<sourceObjSchema>MAXDAT</sourceObjSchema>
<sourceObjName>DCORSI_UIX1</sourceObjName>
<createdBy>mb56142</createdBy>
<createdTime>2014-06-24 01:55:07 UTC</createdTime>
<ownerDesignName>TXEB_BPM_Semantic_data_model_diagram</ownerDesignName>
<indexState>Unique Plain Index</indexState>
<schemaObject>121AEE1F-FD79-403A-F17D-FF8859EA2228</schemaObject>
<isSurrogateKey>false</isSurrogateKey>
<indexColumnUsage>
<colUsage columnID="9B7FBDA0-271D-8BE3-7281-CDA5779821FC"/>
</indexColumnUsage>
</ind_PK_UK>
</indexes>
</Table>