<?xml version = '1.0' encoding = 'UTF-8'?>
<Table class="oracle.dbtools.crest.model.design.relational.Table" directorySegmentName="seg_0" id="4288F01F-62E1-FD80-28D4-6FDD0F43DE3D" name="D_MFDOC_DCN_JEOPARDY_STATUS">
<sourceConnName>TX_MAXDAT_PROD</sourceConnName>
<sourceObjSchema>MAXDAT</sourceObjSchema>
<sourceObjName>D_MFDOC_DCN_JEOPARDY_STATUS</sourceObjName>
<createdBy>mb56142</createdBy>
<createdTime>2014-06-25 02:27:28 UTC</createdTime>
<ownerDesignName>TXEB_BPM_Semantic_data_model_diagram</ownerDesignName>
<schemaObject>121AEE1F-FD79-403A-F17D-FF8859EA2228</schemaObject>
<allowColumnReorder>false</allowColumnReorder>
<existDependencyGenerateInDDl>true</existDependencyGenerateInDDl>
<columns itemClass="oracle.dbtools.crest.model.design.relational.Column">
<Column name="DMFDOCDCNJS_ID" id="31BBC4D5-9707-B581-4ABF-7B7C97588FD9">
<sourceConnName>TX_MAXDAT_PROD</sourceConnName>
<sourceObjSchema>D_MFDOC_DCN_JEOPARDY_STATUS</sourceObjSchema>
<sourceObjName>DMFDOCDCNJS_ID</sourceObjName>
<createdBy>mb56142</createdBy>
<createdTime>2014-06-25 02:27:28 UTC</createdTime>
<ownerDesignName>TXEB_BPM_Semantic_data_model_diagram</ownerDesignName>
<useDomainConstraints>false</useDomainConstraints>
<use>1</use>
<logicalDatatype>LOGDT019</logicalDatatype>
<autoIncrementCycle>false</autoIncrementCycle>
</Column>
<Column name="DCN Jeopardy Status" id="9A4C3A10-6CAD-F2BA-0E53-3DB5EF8289FA">
<sourceConnName>TX_MAXDAT_PROD</sourceConnName>
<sourceObjSchema>D_MFDOC_DCN_JEOPARDY_STATUS</sourceObjSchema>
<sourceObjName>DCN Jeopardy Status</sourceObjName>
<createdBy>mb56142</createdBy>
<createdTime>2014-06-25 02:27:28 UTC</createdTime>
<ownerDesignName>TXEB_BPM_Semantic_data_model_diagram</ownerDesignName>
<nameHasQuotes>true</nameHasQuotes>
<useDomainConstraints>false</useDomainConstraints>
<use>1</use>
<logicalDatatype>LOGDT024</logicalDatatype>
<dataTypeSize>30 BYTE</dataTypeSize>
<autoIncrementCycle>false</autoIncrementCycle>
</Column>
</columns>
<indexes itemClass="oracle.dbtools.crest.model.design.relational.Index">
<ind_PK_UK id="C06A9C00-E4CD-9B09-F938-17CB89ADDF49" name="DMFDOCDCNJS_PK">
<sourceConnName>TX_MAXDAT_PROD</sourceConnName>
<sourceObjSchema>MAXDAT</sourceObjSchema>
<sourceObjName>DMFDOCDCNJS_PK</sourceObjName>
<createdBy>mb56142</createdBy>
<createdTime>2014-06-25 02:27:29 UTC</createdTime>
<ownerDesignName>TXEB_BPM_Semantic_data_model_diagram</ownerDesignName>
<pk>true</pk>
<indexState>Primary Constraint</indexState>
<isSurrogateKey>false</isSurrogateKey>
<indexColumnUsage>
<colUsage columnID="31BBC4D5-9707-B581-4ABF-7B7C97588FD9"/>
</indexColumnUsage>
</ind_PK_UK>
<ind_PK_UK id="D9BAF4E7-6687-6FDB-80AD-525115C19638" name="DMFDOCDCNJS_PK">
<sourceConnName>TX_MAXDAT_PROD</sourceConnName>
<sourceObjSchema>MAXDAT</sourceObjSchema>
<sourceObjName>DMFDOCDCNJS_PK</sourceObjName>
<createdBy>mb56142</createdBy>
<createdTime>2014-06-25 02:27:29 UTC</createdTime>
<ownerDesignName>TXEB_BPM_Semantic_data_model_diagram</ownerDesignName>
<indexState>Unique Plain Index</indexState>
<schemaObject>121AEE1F-FD79-403A-F17D-FF8859EA2228</schemaObject>
<isSurrogateKey>false</isSurrogateKey>
<indexColumnUsage>
<colUsage columnID="31BBC4D5-9707-B581-4ABF-7B7C97588FD9"/>
</indexColumnUsage>
</ind_PK_UK>
<ind_PK_UK id="5529CFE6-18E2-A4DE-44C8-0485ABB95A26" name="DMFDOCDCNJS_UIX1">
<sourceConnName>TX_MAXDAT_PROD</sourceConnName>
<sourceObjSchema>MAXDAT</sourceObjSchema>
<sourceObjName>DMFDOCDCNJS_UIX1</sourceObjName>
<createdBy>mb56142</createdBy>
<createdTime>2014-06-25 02:27:29 UTC</createdTime>
<ownerDesignName>TXEB_BPM_Semantic_data_model_diagram</ownerDesignName>
<indexState>Unique Plain Index</indexState>
<schemaObject>121AEE1F-FD79-403A-F17D-FF8859EA2228</schemaObject>
<isSurrogateKey>false</isSurrogateKey>
<indexColumnUsage>
<colUsage columnID="9A4C3A10-6CAD-F2BA-0E53-3DB5EF8289FA"/>
</indexColumnUsage>
</ind_PK_UK>
</indexes>
</Table>