<?xml version = '1.0' encoding = 'UTF-8'?>
<Table class="oracle.dbtools.crest.model.design.relational.Table" directorySegmentName="seg_0" id="49698739-1B16-A1AE-1663-9D33E0D3EC7C" name="D_COR_COUNTY">
<sourceConnName>TX_MAXDAT_PROD</sourceConnName>
<sourceObjSchema>MAXDAT</sourceObjSchema>
<sourceObjName>D_COR_COUNTY</sourceObjName>
<createdBy>mb56142</createdBy>
<createdTime>2014-06-24 02:01:30 UTC</createdTime>
<ownerDesignName>TXEB_BPM_Semantic_data_model_diagram</ownerDesignName>
<schemaObject>121AEE1F-FD79-403A-F17D-FF8859EA2228</schemaObject>
<allowColumnReorder>false</allowColumnReorder>
<existDependencyGenerateInDDl>true</existDependencyGenerateInDDl>
<columns itemClass="oracle.dbtools.crest.model.design.relational.Column">
<Column name="DCORCI_ID" id="E52A33E2-3FDE-54A1-BF30-0B2D43DD6A15">
<sourceConnName>TX_MAXDAT_PROD</sourceConnName>
<sourceObjSchema>D_COR_COUNTY</sourceObjSchema>
<sourceObjName>DCORCI_ID</sourceObjName>
<createdBy>mb56142</createdBy>
<createdTime>2014-06-24 02:01:30 UTC</createdTime>
<ownerDesignName>TXEB_BPM_Semantic_data_model_diagram</ownerDesignName>
<useDomainConstraints>false</useDomainConstraints>
<use>1</use>
<logicalDatatype>LOGDT019</logicalDatatype>
<autoIncrementCycle>false</autoIncrementCycle>
</Column>
<Column name="COUNTY" id="BE626BC6-E054-E296-3CA5-8DE15B75B084">
<sourceConnName>TX_MAXDAT_PROD</sourceConnName>
<sourceObjSchema>D_COR_COUNTY</sourceObjSchema>
<sourceObjName>COUNTY</sourceObjName>
<createdBy>mb56142</createdBy>
<createdTime>2014-06-24 02:01:30 UTC</createdTime>
<ownerDesignName>TXEB_BPM_Semantic_data_model_diagram</ownerDesignName>
<nullsAllowed>true</nullsAllowed>
<useDomainConstraints>false</useDomainConstraints>
<use>1</use>
<logicalDatatype>LOGDT024</logicalDatatype>
<dataTypeSize>64 BYTE</dataTypeSize>
<autoIncrementCycle>false</autoIncrementCycle>
</Column>
</columns>
<indexes itemClass="oracle.dbtools.crest.model.design.relational.Index">
<ind_PK_UK id="FC1C1CD1-9E24-48AC-D959-E3392582EBAD" name="DCORCI_PK">
<sourceConnName>TX_MAXDAT_PROD</sourceConnName>
<sourceObjSchema>MAXDAT</sourceObjSchema>
<sourceObjName>DCORCI_PK</sourceObjName>
<createdBy>mb56142</createdBy>
<createdTime>2014-06-24 02:01:31 UTC</createdTime>
<ownerDesignName>TXEB_BPM_Semantic_data_model_diagram</ownerDesignName>
<pk>true</pk>
<indexState>Primary Constraint</indexState>
<isSurrogateKey>false</isSurrogateKey>
<indexColumnUsage>
<colUsage columnID="E52A33E2-3FDE-54A1-BF30-0B2D43DD6A15"/>
</indexColumnUsage>
</ind_PK_UK>
<ind_PK_UK id="A90D0D17-8956-4E6C-AB74-CF0686337409" name="DCORCI_PK">
<sourceConnName>TX_MAXDAT_PROD</sourceConnName>
<sourceObjSchema>MAXDAT</sourceObjSchema>
<sourceObjName>DCORCI_PK</sourceObjName>
<createdBy>mb56142</createdBy>
<createdTime>2014-06-24 02:01:31 UTC</createdTime>
<ownerDesignName>TXEB_BPM_Semantic_data_model_diagram</ownerDesignName>
<indexState>Unique Plain Index</indexState>
<schemaObject>121AEE1F-FD79-403A-F17D-FF8859EA2228</schemaObject>
<isSurrogateKey>false</isSurrogateKey>
<indexColumnUsage>
<colUsage columnID="E52A33E2-3FDE-54A1-BF30-0B2D43DD6A15"/>
</indexColumnUsage>
</ind_PK_UK>
<ind_PK_UK id="56287439-8E96-95C9-D270-03A30E28144A" name="DCORCI_UIX1">
<sourceConnName>TX_MAXDAT_PROD</sourceConnName>
<sourceObjSchema>MAXDAT</sourceObjSchema>
<sourceObjName>DCORCI_UIX1</sourceObjName>
<createdBy>mb56142</createdBy>
<createdTime>2014-06-24 02:01:31 UTC</createdTime>
<ownerDesignName>TXEB_BPM_Semantic_data_model_diagram</ownerDesignName>
<indexState>Unique Plain Index</indexState>
<schemaObject>121AEE1F-FD79-403A-F17D-FF8859EA2228</schemaObject>
<isSurrogateKey>false</isSurrogateKey>
<indexColumnUsage>
<colUsage columnID="BE626BC6-E054-E296-3CA5-8DE15B75B084"/>
</indexColumnUsage>
</ind_PK_UK>
</indexes>
</Table>