<?xml version = '1.0' encoding = 'UTF-8'?>
<Table class="oracle.dbtools.crest.model.design.relational.Table" directorySegmentName="seg_0" id="4A67BD5B-2A11-0C05-EC21-A80E0EBD7C41" name="D_MW_LAST_UPDATE_BY_NAME">
<sourceConnName>TX_MAXDAT_PROD</sourceConnName>
<sourceObjSchema>MAXDAT</sourceObjSchema>
<sourceObjName>D_MW_LAST_UPDATE_BY_NAME</sourceObjName>
<createdBy>mb56142</createdBy>
<createdTime>2014-06-24 01:39:30 UTC</createdTime>
<ownerDesignName>TXEB_BPM_Semantic_data_model_diagram</ownerDesignName>
<schemaObject>121AEE1F-FD79-403A-F17D-FF8859EA2228</schemaObject>
<allowColumnReorder>false</allowColumnReorder>
<existDependencyGenerateInDDl>true</existDependencyGenerateInDDl>
<columns itemClass="oracle.dbtools.crest.model.design.relational.Column">
<Column name="DMWLUBN_ID" id="3893AB30-C0A4-71AF-DBE7-D5A51A7BD74A">
<sourceConnName>TX_MAXDAT_PROD</sourceConnName>
<sourceObjSchema>D_MW_LAST_UPDATE_BY_NAME</sourceObjSchema>
<sourceObjName>DMWLUBN_ID</sourceObjName>
<createdBy>mb56142</createdBy>
<createdTime>2014-06-24 01:39:30 UTC</createdTime>
<ownerDesignName>TXEB_BPM_Semantic_data_model_diagram</ownerDesignName>
<useDomainConstraints>false</useDomainConstraints>
<use>1</use>
<logicalDatatype>LOGDT019</logicalDatatype>
<autoIncrementCycle>false</autoIncrementCycle>
</Column>
<Column name="Last Update By Name" id="03A1AA3E-4376-0402-38CA-7036FECD033E">
<sourceConnName>TX_MAXDAT_PROD</sourceConnName>
<sourceObjSchema>D_MW_LAST_UPDATE_BY_NAME</sourceObjSchema>
<sourceObjName>Last Update By Name</sourceObjName>
<createdBy>mb56142</createdBy>
<createdTime>2014-06-24 01:39:30 UTC</createdTime>
<ownerDesignName>TXEB_BPM_Semantic_data_model_diagram</ownerDesignName>
<nameHasQuotes>true</nameHasQuotes>
<nullsAllowed>true</nullsAllowed>
<useDomainConstraints>false</useDomainConstraints>
<use>1</use>
<logicalDatatype>LOGDT024</logicalDatatype>
<dataTypeSize>100 BYTE</dataTypeSize>
<autoIncrementCycle>false</autoIncrementCycle>
</Column>
</columns>
<indexes itemClass="oracle.dbtools.crest.model.design.relational.Index">
<ind_PK_UK id="6BFDFE4E-F197-7AB0-BA59-CDBB7F5B897F" name="DMWLUBN_PK">
<sourceConnName>TX_MAXDAT_PROD</sourceConnName>
<sourceObjSchema>MAXDAT</sourceObjSchema>
<sourceObjName>DMWLUBN_PK</sourceObjName>
<createdBy>mb56142</createdBy>
<createdTime>2014-06-24 01:39:31 UTC</createdTime>
<ownerDesignName>TXEB_BPM_Semantic_data_model_diagram</ownerDesignName>
<pk>true</pk>
<indexState>Primary Constraint</indexState>
<isSurrogateKey>false</isSurrogateKey>
<indexColumnUsage>
<colUsage columnID="3893AB30-C0A4-71AF-DBE7-D5A51A7BD74A"/>
</indexColumnUsage>
</ind_PK_UK>
<ind_PK_UK id="F7DEFADA-D7FA-4F0E-5CB7-E431AE04091E" name="DMWLUBN_PK">
<sourceConnName>TX_MAXDAT_PROD</sourceConnName>
<sourceObjSchema>MAXDAT</sourceObjSchema>
<sourceObjName>DMWLUBN_PK</sourceObjName>
<createdBy>mb56142</createdBy>
<createdTime>2014-06-24 01:39:30 UTC</createdTime>
<ownerDesignName>TXEB_BPM_Semantic_data_model_diagram</ownerDesignName>
<indexState>Unique Plain Index</indexState>
<schemaObject>121AEE1F-FD79-403A-F17D-FF8859EA2228</schemaObject>
<isSurrogateKey>false</isSurrogateKey>
<indexColumnUsage>
<colUsage columnID="3893AB30-C0A4-71AF-DBE7-D5A51A7BD74A"/>
</indexColumnUsage>
</ind_PK_UK>
<ind_PK_UK id="13B6DAD5-D464-1116-AF84-65AB0E2D95BF" name="DMWLUBN_UIX1">
<sourceConnName>TX_MAXDAT_PROD</sourceConnName>
<sourceObjSchema>MAXDAT</sourceObjSchema>
<sourceObjName>DMWLUBN_UIX1</sourceObjName>
<createdBy>mb56142</createdBy>
<createdTime>2014-06-24 01:39:30 UTC</createdTime>
<ownerDesignName>TXEB_BPM_Semantic_data_model_diagram</ownerDesignName>
<indexState>Unique Plain Index</indexState>
<schemaObject>121AEE1F-FD79-403A-F17D-FF8859EA2228</schemaObject>
<isSurrogateKey>false</isSurrogateKey>
<indexColumnUsage>
<colUsage columnID="03A1AA3E-4376-0402-38CA-7036FECD033E"/>
</indexColumnUsage>
</ind_PK_UK>
</indexes>
</Table>