<?xml version = '1.0' encoding = 'UTF-8'?>
<Table class="oracle.dbtools.crest.model.design.relational.Table" directorySegmentName="seg_0" id="5F4CC6EB-7315-276C-43F2-707E3942790B" name="F_PI_BY_DATE">
<sourceConnName>TX_MAXDAT_PROD</sourceConnName>
<sourceObjSchema>MAXDAT</sourceObjSchema>
<sourceObjName>F_PI_BY_DATE</sourceObjName>
<createdBy>mb56142</createdBy>
<createdTime>2014-06-25 02:06:13 UTC</createdTime>
<ownerDesignName>TXEB_BPM_Semantic_data_model_diagram</ownerDesignName>
<schemaObject>121AEE1F-FD79-403A-F17D-FF8859EA2228</schemaObject>
<allowColumnReorder>false</allowColumnReorder>
<existDependencyGenerateInDDl>true</existDependencyGenerateInDDl>
<columns itemClass="oracle.dbtools.crest.model.design.relational.Column">
<Column name="FPIBD_ID" id="88153D71-C825-7021-83C3-0E7FE22CDD29">
<sourceConnName>TX_MAXDAT_PROD</sourceConnName>
<sourceObjSchema>F_PI_BY_DATE</sourceObjSchema>
<sourceObjName>FPIBD_ID</sourceObjName>
<createdBy>mb56142</createdBy>
<createdTime>2014-06-25 02:06:13 UTC</createdTime>
<ownerDesignName>TXEB_BPM_Semantic_data_model_diagram</ownerDesignName>
<useDomainConstraints>false</useDomainConstraints>
<use>1</use>
<logicalDatatype>LOGDT019</logicalDatatype>
<autoIncrementCycle>false</autoIncrementCycle>
</Column>
<Column name="D_DATE" id="834D9D6F-85A0-EA48-9181-C0919D2BF04E">
<sourceConnName>TX_MAXDAT_PROD</sourceConnName>
<sourceObjSchema>F_PI_BY_DATE</sourceObjSchema>
<sourceObjName>D_DATE</sourceObjName>
<createdBy>mb56142</createdBy>
<createdTime>2014-06-25 02:06:13 UTC</createdTime>
<ownerDesignName>TXEB_BPM_Semantic_data_model_diagram</ownerDesignName>
<useDomainConstraints>false</useDomainConstraints>
<use>1</use>
<logicalDatatype>LOGDT007</logicalDatatype>
<dataTypeSize>7</dataTypeSize>
<autoIncrementCycle>false</autoIncrementCycle>
</Column>
<Column name="BUCKET_START_DATE" id="5DC46C84-0569-7F8F-2147-C6EFC8A74FD6">
<sourceConnName>TX_MAXDAT_PROD</sourceConnName>
<sourceObjSchema>F_PI_BY_DATE</sourceObjSchema>
<sourceObjName>BUCKET_START_DATE</sourceObjName>
<createdBy>mb56142</createdBy>
<createdTime>2014-06-25 02:06:13 UTC</createdTime>
<ownerDesignName>TXEB_BPM_Semantic_data_model_diagram</ownerDesignName>
<useDomainConstraints>false</useDomainConstraints>
<use>1</use>
<logicalDatatype>LOGDT007</logicalDatatype>
<dataTypeSize>7</dataTypeSize>
<autoIncrementCycle>false</autoIncrementCycle>
</Column>
<Column name="BUCKET_END_DATE" id="8955DBEA-2844-F13C-E73C-017B56D42768">
<sourceConnName>TX_MAXDAT_PROD</sourceConnName>
<sourceObjSchema>F_PI_BY_DATE</sourceObjSchema>
<sourceObjName>BUCKET_END_DATE</sourceObjName>
<createdBy>mb56142</createdBy>
<createdTime>2014-06-25 02:06:13 UTC</createdTime>
<ownerDesignName>TXEB_BPM_Semantic_data_model_diagram</ownerDesignName>
<useDomainConstraints>false</useDomainConstraints>
<use>1</use>
<logicalDatatype>LOGDT007</logicalDatatype>
<dataTypeSize>7</dataTypeSize>
<autoIncrementCycle>false</autoIncrementCycle>
</Column>
<Column name="PI_BI_ID" id="AC3D6363-2AD8-2460-4981-B9715A769928">
<sourceConnName>TX_MAXDAT_PROD</sourceConnName>
<sourceObjSchema>F_PI_BY_DATE</sourceObjSchema>
<sourceObjName>PI_BI_ID</sourceObjName>
<createdBy>mb56142</createdBy>
<createdTime>2014-06-25 02:06:13 UTC</createdTime>
<ownerDesignName>TXEB_BPM_Semantic_data_model_diagram</ownerDesignName>
<useDomainConstraints>false</useDomainConstraints>
<use>1</use>
<logicalDatatype>LOGDT019</logicalDatatype>
<delegate>4FFDB37D-D692-B7B7-1AF7-6D0A6FBA09BA</delegate>
<autoIncrementCycle>false</autoIncrementCycle>
<associations>
<colAssociation fkAssociation="C6DC7E39-DE12-1353-A69C-C9E3165D09F2" referredColumn="4FFDB37D-D692-B7B7-1AF7-6D0A6FBA09BA"/>
</associations>
</Column>
<Column name="DPIIS_ID" id="CEA3FBBA-4869-634E-1B54-2A1F7A77ED83">
<sourceConnName>TX_MAXDAT_PROD</sourceConnName>
<sourceObjSchema>F_PI_BY_DATE</sourceObjSchema>
<sourceObjName>DPIIS_ID</sourceObjName>
<createdBy>mb56142</createdBy>
<createdTime>2014-06-25 02:06:13 UTC</createdTime>
<ownerDesignName>TXEB_BPM_Semantic_data_model_diagram</ownerDesignName>
<useDomainConstraints>false</useDomainConstraints>
<use>1</use>
<logicalDatatype>LOGDT019</logicalDatatype>
<delegate>60A22FCF-9CA1-65A3-2AA4-1C42029D795B</delegate>
<autoIncrementCycle>false</autoIncrementCycle>
<associations>
<colAssociation fkAssociation="3B71C3B2-8342-97C3-F812-DAB04FE35589" referredColumn="60A22FCF-9CA1-65A3-2AA4-1C42029D795B"/>
</associations>
</Column>
<Column name="DPIIA_ID" id="4D405B19-B3BC-446E-C347-E4BCA1EB3394">
<sourceConnName>TX_MAXDAT_PROD</sourceConnName>
<sourceObjSchema>F_PI_BY_DATE</sourceObjSchema>
<sourceObjName>DPIIA_ID</sourceObjName>
<createdBy>mb56142</createdBy>
<createdTime>2014-06-25 02:06:13 UTC</createdTime>
<ownerDesignName>TXEB_BPM_Semantic_data_model_diagram</ownerDesignName>
<useDomainConstraints>false</useDomainConstraints>
<use>1</use>
<logicalDatatype>LOGDT019</logicalDatatype>
<delegate>C4542B04-BE5A-7656-09E2-7BC0E1D067F7</delegate>
<autoIncrementCycle>false</autoIncrementCycle>
<associations>
<colAssociation fkAssociation="DC3F3E0A-7C8C-3D85-C108-B2601765E27D" referredColumn="C4542B04-BE5A-7656-09E2-7BC0E1D067F7"/>
</associations>
</Column>
<Column name="DPIIR_ID" id="1DA5C6EB-573A-9C5B-DC9E-6B6D2836D2EA">
<sourceConnName>TX_MAXDAT_PROD</sourceConnName>
<sourceObjSchema>F_PI_BY_DATE</sourceObjSchema>
<sourceObjName>DPIIR_ID</sourceObjName>
<createdBy>mb56142</createdBy>
<createdTime>2014-06-25 02:06:13 UTC</createdTime>
<ownerDesignName>TXEB_BPM_Semantic_data_model_diagram</ownerDesignName>
<useDomainConstraints>false</useDomainConstraints>
<use>1</use>
<logicalDatatype>LOGDT019</logicalDatatype>
<delegate>DADDF39A-4B89-C08A-96E3-063152404DC1</delegate>
<autoIncrementCycle>false</autoIncrementCycle>
<associations>
<colAssociation fkAssociation="C18CB1F7-60FA-E278-9331-B8DF6DDA38AE" referredColumn="DADDF39A-4B89-C08A-96E3-063152404DC1"/>
</associations>
</Column>
<Column name="DPIISS_ID" id="5318A2F1-161C-36EC-BD1E-4C55A300E879">
<sourceConnName>TX_MAXDAT_PROD</sourceConnName>
<sourceObjSchema>F_PI_BY_DATE</sourceObjSchema>
<sourceObjName>DPIISS_ID</sourceObjName>
<createdBy>mb56142</createdBy>
<createdTime>2014-06-25 02:06:13 UTC</createdTime>
<ownerDesignName>TXEB_BPM_Semantic_data_model_diagram</ownerDesignName>
<useDomainConstraints>false</useDomainConstraints>
<use>1</use>
<logicalDatatype>LOGDT019</logicalDatatype>
<delegate>A36ACFC7-F44E-346C-BE40-FB71BAA745A7</delegate>
<autoIncrementCycle>false</autoIncrementCycle>
<associations>
<colAssociation fkAssociation="3FC7527B-A878-9CBA-12CB-6AE7A1EEFC16" referredColumn="A36ACFC7-F44E-346C-BE40-FB71BAA745A7"/>
</associations>
</Column>
<Column name="DPIJS_ID" id="C3214A50-4655-3FC7-519D-78B75AD3A8DA">
<sourceConnName>TX_MAXDAT_PROD</sourceConnName>
<sourceObjSchema>F_PI_BY_DATE</sourceObjSchema>
<sourceObjName>DPIJS_ID</sourceObjName>
<createdBy>mb56142</createdBy>
<createdTime>2014-06-25 02:06:13 UTC</createdTime>
<ownerDesignName>TXEB_BPM_Semantic_data_model_diagram</ownerDesignName>
<useDomainConstraints>false</useDomainConstraints>
<use>1</use>
<logicalDatatype>LOGDT019</logicalDatatype>
<delegate>6FE1E54C-C689-EEC0-FB80-04E1593B562A</delegate>
<autoIncrementCycle>false</autoIncrementCycle>
<associations>
<colAssociation fkAssociation="56848F03-7B91-0D5E-4DBE-42EA62CBA748" referredColumn="6FE1E54C-C689-EEC0-FB80-04E1593B562A"/>
</associations>
</Column>
<Column name="DPIES_ID" id="249A0881-42FA-0433-AE8F-02B2AEEEB1A2">
<sourceConnName>TX_MAXDAT_PROD</sourceConnName>
<sourceObjSchema>F_PI_BY_DATE</sourceObjSchema>
<sourceObjName>DPIES_ID</sourceObjName>
<createdBy>mb56142</createdBy>
<createdTime>2014-06-25 02:06:13 UTC</createdTime>
<ownerDesignName>TXEB_BPM_Semantic_data_model_diagram</ownerDesignName>
<useDomainConstraints>false</useDomainConstraints>
<use>1</use>
<logicalDatatype>LOGDT019</logicalDatatype>
<delegate>51230286-49F0-FDCB-7620-2C7424CB95C9</delegate>
<autoIncrementCycle>false</autoIncrementCycle>
<associations>
<colAssociation fkAssociation="066F7E18-6C14-3511-09CC-69860B1B801B" referredColumn="51230286-49F0-FDCB-7620-2C7424CB95C9"/>
</associations>
</Column>
<Column name="DPIUB_ID" id="80704E8B-C10A-5E70-7DAC-0CFAE1C759CC">
<sourceConnName>TX_MAXDAT_PROD</sourceConnName>
<sourceObjSchema>F_PI_BY_DATE</sourceObjSchema>
<sourceObjName>DPIUB_ID</sourceObjName>
<createdBy>mb56142</createdBy>
<createdTime>2014-06-25 02:06:13 UTC</createdTime>
<ownerDesignName>TXEB_BPM_Semantic_data_model_diagram</ownerDesignName>
<useDomainConstraints>false</useDomainConstraints>
<use>1</use>
<logicalDatatype>LOGDT019</logicalDatatype>
<delegate>7C8BBCD0-2E0E-D174-BC0B-E4FAD85E2712</delegate>
<autoIncrementCycle>false</autoIncrementCycle>
<associations>
<colAssociation fkAssociation="8AF70B39-A976-48BB-F448-9DCC3C3ADE23" referredColumn="7C8BBCD0-2E0E-D174-BC0B-E4FAD85E2712"/>
</associations>
</Column>
<Column name="DPITI_ID" id="B8A9955C-4BAB-6B59-FE3B-3322353B3CF8">
<sourceConnName>TX_MAXDAT_PROD</sourceConnName>
<sourceObjSchema>F_PI_BY_DATE</sourceObjSchema>
<sourceObjName>DPITI_ID</sourceObjName>
<createdBy>mb56142</createdBy>
<createdTime>2014-06-25 02:06:13 UTC</createdTime>
<ownerDesignName>TXEB_BPM_Semantic_data_model_diagram</ownerDesignName>
<useDomainConstraints>false</useDomainConstraints>
<use>1</use>
<logicalDatatype>LOGDT019</logicalDatatype>
<delegate>3083EB10-4F04-6A09-9370-B8114A0EB5EF</delegate>
<autoIncrementCycle>false</autoIncrementCycle>
<associations>
<colAssociation fkAssociation="2AEFB5E5-E1F0-93C7-7F09-0728D077C0B5" referredColumn="3083EB10-4F04-6A09-9370-B8114A0EB5EF"/>
</associations>
</Column>
<Column name="INVENTORY_COUNT" id="67D30519-5516-D912-988D-D7D50A020B74">
<sourceConnName>TX_MAXDAT_PROD</sourceConnName>
<sourceObjSchema>F_PI_BY_DATE</sourceObjSchema>
<sourceObjName>INVENTORY_COUNT</sourceObjName>
<createdBy>mb56142</createdBy>
<createdTime>2014-06-25 02:06:13 UTC</createdTime>
<ownerDesignName>TXEB_BPM_Semantic_data_model_diagram</ownerDesignName>
<nullsAllowed>true</nullsAllowed>
<useDomainConstraints>false</useDomainConstraints>
<use>1</use>
<logicalDatatype>LOGDT019</logicalDatatype>
<autoIncrementCycle>false</autoIncrementCycle>
</Column>
<Column name="CREATION_COUNT" id="B9815A94-7E38-EE6D-0FED-924FFEF8DBCF">
<sourceConnName>TX_MAXDAT_PROD</sourceConnName>
<sourceObjSchema>F_PI_BY_DATE</sourceObjSchema>
<sourceObjName>CREATION_COUNT</sourceObjName>
<createdBy>mb56142</createdBy>
<createdTime>2014-06-25 02:06:13 UTC</createdTime>
<ownerDesignName>TXEB_BPM_Semantic_data_model_diagram</ownerDesignName>
<nullsAllowed>true</nullsAllowed>
<useDomainConstraints>false</useDomainConstraints>
<use>1</use>
<logicalDatatype>LOGDT019</logicalDatatype>
<autoIncrementCycle>false</autoIncrementCycle>
</Column>
<Column name="COMPLETION_COUNT" id="92C54301-A643-7A33-BF9B-492E5FDB5473">
<sourceConnName>TX_MAXDAT_PROD</sourceConnName>
<sourceObjSchema>F_PI_BY_DATE</sourceObjSchema>
<sourceObjName>COMPLETION_COUNT</sourceObjName>
<createdBy>mb56142</createdBy>
<createdTime>2014-06-25 02:06:13 UTC</createdTime>
<ownerDesignName>TXEB_BPM_Semantic_data_model_diagram</ownerDesignName>
<nullsAllowed>true</nullsAllowed>
<useDomainConstraints>false</useDomainConstraints>
<use>1</use>
<logicalDatatype>LOGDT019</logicalDatatype>
<autoIncrementCycle>false</autoIncrementCycle>
</Column>
<Column name="Incident Status Date" id="8C5225B8-25D6-DC9A-2A90-69D5E6A74669">
<sourceConnName>TX_MAXDAT_PROD</sourceConnName>
<sourceObjSchema>F_PI_BY_DATE</sourceObjSchema>
<sourceObjName>Incident Status Date</sourceObjName>
<createdBy>mb56142</createdBy>
<createdTime>2014-06-25 02:06:13 UTC</createdTime>
<ownerDesignName>TXEB_BPM_Semantic_data_model_diagram</ownerDesignName>
<nameHasQuotes>true</nameHasQuotes>
<nullsAllowed>true</nullsAllowed>
<useDomainConstraints>false</useDomainConstraints>
<use>1</use>
<logicalDatatype>LOGDT007</logicalDatatype>
<dataTypeSize>7</dataTypeSize>
<autoIncrementCycle>false</autoIncrementCycle>
</Column>
<Column name="Last Update Date" id="590114F4-DE0D-DC2F-FA65-0070C02E6213">
<sourceConnName>TX_MAXDAT_PROD</sourceConnName>
<sourceObjSchema>F_PI_BY_DATE</sourceObjSchema>
<sourceObjName>Last Update Date</sourceObjName>
<createdBy>mb56142</createdBy>
<createdTime>2014-06-25 02:06:13 UTC</createdTime>
<ownerDesignName>TXEB_BPM_Semantic_data_model_diagram</ownerDesignName>
<nameHasQuotes>true</nameHasQuotes>
<nullsAllowed>true</nullsAllowed>
<useDomainConstraints>false</useDomainConstraints>
<use>1</use>
<logicalDatatype>LOGDT007</logicalDatatype>
<dataTypeSize>7</dataTypeSize>
<autoIncrementCycle>false</autoIncrementCycle>
</Column>
</columns>
<indexes itemClass="oracle.dbtools.crest.model.design.relational.Index">
<ind_PK_UK id="C404AE3E-30BA-A5F3-7454-52F6A8E0C44A" name="FPIBD_PK">
<sourceConnName>TX_MAXDAT_PROD</sourceConnName>
<sourceObjSchema>MAXDAT</sourceObjSchema>
<sourceObjName>FPIBD_PK</sourceObjName>
<createdBy>mb56142</createdBy>
<createdTime>2014-06-25 02:06:14 UTC</createdTime>
<ownerDesignName>TXEB_BPM_Semantic_data_model_diagram</ownerDesignName>
<pk>true</pk>
<indexState>Primary Constraint</indexState>
<isSurrogateKey>false</isSurrogateKey>
<indexColumnUsage>
<colUsage columnID="88153D71-C825-7021-83C3-0E7FE22CDD29"/>
</indexColumnUsage>
</ind_PK_UK>
<ind_PK_UK id="26C44FE1-3165-775D-11E3-294632C5BD94" name="FPIBD_IXL1">
<sourceConnName>TX_MAXDAT_PROD</sourceConnName>
<sourceObjSchema>MAXDAT</sourceObjSchema>
<sourceObjName>FPIBD_IXL1</sourceObjName>
<createdBy>mb56142</createdBy>
<createdTime>2014-06-25 02:06:13 UTC</createdTime>
<ownerDesignName>TXEB_BPM_Semantic_data_model_diagram</ownerDesignName>
<schemaObject>121AEE1F-FD79-403A-F17D-FF8859EA2228</schemaObject>
<isSurrogateKey>false</isSurrogateKey>
<indexColumnUsage>
<colUsage columnID="8955DBEA-2844-F13C-E73C-017B56D42768"/>
</indexColumnUsage>
</ind_PK_UK>
<ind_PK_UK id="074A6B9B-0C9F-5B01-B8A6-315C2C0E6F56" name="FPIBD_IX2">
<sourceConnName>TX_MAXDAT_PROD</sourceConnName>
<sourceObjSchema>MAXDAT</sourceObjSchema>
<sourceObjName>FPIBD_IX2</sourceObjName>
<createdBy>mb56142</createdBy>
<createdTime>2014-06-25 02:06:13 UTC</createdTime>
<ownerDesignName>TXEB_BPM_Semantic_data_model_diagram</ownerDesignName>
<schemaObject>121AEE1F-FD79-403A-F17D-FF8859EA2228</schemaObject>
<isSurrogateKey>false</isSurrogateKey>
<indexColumnUsage>
<colUsage columnID="590114F4-DE0D-DC2F-FA65-0070C02E6213"/>
</indexColumnUsage>
</ind_PK_UK>
<ind_PK_UK id="8289F05F-0E84-EDBF-E993-6D56D49091A4" name="FPIBD_IX1">
<sourceConnName>TX_MAXDAT_PROD</sourceConnName>
<sourceObjSchema>MAXDAT</sourceObjSchema>
<sourceObjName>FPIBD_IX1</sourceObjName>
<createdBy>mb56142</createdBy>
<createdTime>2014-06-25 02:06:13 UTC</createdTime>
<ownerDesignName>TXEB_BPM_Semantic_data_model_diagram</ownerDesignName>
<schemaObject>121AEE1F-FD79-403A-F17D-FF8859EA2228</schemaObject>
<isSurrogateKey>false</isSurrogateKey>
<indexColumnUsage>
<colUsage columnID="8C5225B8-25D6-DC9A-2A90-69D5E6A74669"/>
</indexColumnUsage>
</ind_PK_UK>
<ind_PK_UK id="9C9586F7-0AED-0FC0-C562-2DB7965DA724" name="FPIBD_UIX2">
<sourceConnName>TX_MAXDAT_PROD</sourceConnName>
<sourceObjSchema>MAXDAT</sourceObjSchema>
<sourceObjName>FPIBD_UIX2</sourceObjName>
<createdBy>mb56142</createdBy>
<createdTime>2014-06-25 02:06:13 UTC</createdTime>
<ownerDesignName>TXEB_BPM_Semantic_data_model_diagram</ownerDesignName>
<indexState>Unique Plain Index</indexState>
<schemaObject>121AEE1F-FD79-403A-F17D-FF8859EA2228</schemaObject>
<isSurrogateKey>false</isSurrogateKey>
<indexColumnUsage>
<colUsage columnID="AC3D6363-2AD8-2460-4981-B9715A769928"/>
<colUsage columnID="5DC46C84-0569-7F8F-2147-C6EFC8A74FD6"/>
</indexColumnUsage>
</ind_PK_UK>
<ind_PK_UK id="F152C645-0DFB-E9E3-940D-7B555833DFA7" name="FPIBD_UIX1">
<sourceConnName>TX_MAXDAT_PROD</sourceConnName>
<sourceObjSchema>MAXDAT</sourceObjSchema>
<sourceObjName>FPIBD_UIX1</sourceObjName>
<createdBy>mb56142</createdBy>
<createdTime>2014-06-25 02:06:13 UTC</createdTime>
<ownerDesignName>TXEB_BPM_Semantic_data_model_diagram</ownerDesignName>
<indexState>Unique Plain Index</indexState>
<schemaObject>121AEE1F-FD79-403A-F17D-FF8859EA2228</schemaObject>
<isSurrogateKey>false</isSurrogateKey>
<indexColumnUsage>
<colUsage columnID="AC3D6363-2AD8-2460-4981-B9715A769928"/>
<colUsage columnID="834D9D6F-85A0-EA48-9181-C0919D2BF04E"/>
</indexColumnUsage>
</ind_PK_UK>
<ind_PK_UK id="A1629C86-F8EA-427D-A0CB-911F27A5249B" name="FPIBD_PK">
<sourceConnName>TX_MAXDAT_PROD</sourceConnName>
<sourceObjSchema>MAXDAT</sourceObjSchema>
<sourceObjName>FPIBD_PK</sourceObjName>
<createdBy>mb56142</createdBy>
<createdTime>2014-06-25 02:06:14 UTC</createdTime>
<ownerDesignName>TXEB_BPM_Semantic_data_model_diagram</ownerDesignName>
<indexState>Unique Plain Index</indexState>
<schemaObject>121AEE1F-FD79-403A-F17D-FF8859EA2228</schemaObject>
<isSurrogateKey>false</isSurrogateKey>
<indexColumnUsage>
<colUsage columnID="88153D71-C825-7021-83C3-0E7FE22CDD29"/>
</indexColumnUsage>
</ind_PK_UK>
<ind_PK_UK id="A2A1B031-78FA-8ED5-9984-0C0D40817E62" name="FPIBD_IXL3">
<sourceConnName>TX_MAXDAT_PROD</sourceConnName>
<sourceObjSchema>MAXDAT</sourceObjSchema>
<sourceObjName>FPIBD_IXL3</sourceObjName>
<createdBy>mb56142</createdBy>
<createdTime>2014-06-25 02:06:14 UTC</createdTime>
<ownerDesignName>TXEB_BPM_Semantic_data_model_diagram</ownerDesignName>
<schemaObject>121AEE1F-FD79-403A-F17D-FF8859EA2228</schemaObject>
<isSurrogateKey>false</isSurrogateKey>
<indexColumnUsage>
<colUsage columnID="5DC46C84-0569-7F8F-2147-C6EFC8A74FD6"/>
<colUsage columnID="8955DBEA-2844-F13C-E73C-017B56D42768"/>
</indexColumnUsage>
</ind_PK_UK>
<ind_PK_UK id="9A5F9C75-6926-B2BA-D95B-A151493DE124" name="FPIBD_IXL2">
<sourceConnName>TX_MAXDAT_PROD</sourceConnName>
<sourceObjSchema>MAXDAT</sourceObjSchema>
<sourceObjName>FPIBD_IXL2</sourceObjName>
<createdBy>mb56142</createdBy>
<createdTime>2014-06-25 02:06:14 UTC</createdTime>
<ownerDesignName>TXEB_BPM_Semantic_data_model_diagram</ownerDesignName>
<schemaObject>121AEE1F-FD79-403A-F17D-FF8859EA2228</schemaObject>
<isSurrogateKey>false</isSurrogateKey>
<indexColumnUsage>
<colUsage columnID="AC3D6363-2AD8-2460-4981-B9715A769928"/>
</indexColumnUsage>
</ind_PK_UK>
<ind_PK_UK id="02D74ED4-EA1D-6B01-AE22-282AF15B7D4F" name="FPIBD_DPICUR_FK">
<createdBy>mb56142</createdBy>
<createdTime>2014-06-25 02:06:14 UTC</createdTime>
<ownerDesignName>TXEB_BPM_Semantic_data_model_diagram</ownerDesignName>
<indexState>Foreign Key</indexState>
<isSurrogateKey>false</isSurrogateKey>
<indexColumnUsage>
<colUsage columnID="AC3D6363-2AD8-2460-4981-B9715A769928"/>
</indexColumnUsage>
</ind_PK_UK>
<ind_PK_UK id="4FCE2225-AE13-9E98-2796-9FCAF771EA53" name="FPIBD_DPIES_FK">
<createdBy>mb56142</createdBy>
<createdTime>2014-06-25 02:06:14 UTC</createdTime>
<ownerDesignName>TXEB_BPM_Semantic_data_model_diagram</ownerDesignName>
<indexState>Foreign Key</indexState>
<isSurrogateKey>false</isSurrogateKey>
<indexColumnUsage>
<colUsage columnID="249A0881-42FA-0433-AE8F-02B2AEEEB1A2"/>
</indexColumnUsage>
</ind_PK_UK>
<ind_PK_UK id="B0A883FA-D335-7CD6-49AE-05AF89B8305D" name="FPIBD_DPIIA_FK">
<createdBy>mb56142</createdBy>
<createdTime>2014-06-25 02:06:14 UTC</createdTime>
<ownerDesignName>TXEB_BPM_Semantic_data_model_diagram</ownerDesignName>
<indexState>Foreign Key</indexState>
<isSurrogateKey>false</isSurrogateKey>
<indexColumnUsage>
<colUsage columnID="4D405B19-B3BC-446E-C347-E4BCA1EB3394"/>
</indexColumnUsage>
</ind_PK_UK>
<ind_PK_UK id="33AB659B-A858-1DF5-59B1-6A2D23B78CE8" name="FPIBD_DPIIR_FK">
<createdBy>mb56142</createdBy>
<createdTime>2014-06-25 02:06:14 UTC</createdTime>
<ownerDesignName>TXEB_BPM_Semantic_data_model_diagram</ownerDesignName>
<indexState>Foreign Key</indexState>
<isSurrogateKey>false</isSurrogateKey>
<indexColumnUsage>
<colUsage columnID="1DA5C6EB-573A-9C5B-DC9E-6B6D2836D2EA"/>
</indexColumnUsage>
</ind_PK_UK>
<ind_PK_UK id="173DE355-0803-0AE3-A79F-2719853D2FD4" name="FPIBD_DPIISS_FK">
<createdBy>mb56142</createdBy>
<createdTime>2014-06-25 02:06:14 UTC</createdTime>
<ownerDesignName>TXEB_BPM_Semantic_data_model_diagram</ownerDesignName>
<indexState>Foreign Key</indexState>
<isSurrogateKey>false</isSurrogateKey>
<indexColumnUsage>
<colUsage columnID="5318A2F1-161C-36EC-BD1E-4C55A300E879"/>
</indexColumnUsage>
</ind_PK_UK>
<ind_PK_UK id="B03A14AD-46B6-0CE7-5C4A-13E8C10AB07A" name="FPIBD_DPIIS_FK">
<createdBy>mb56142</createdBy>
<createdTime>2014-06-25 02:06:14 UTC</createdTime>
<ownerDesignName>TXEB_BPM_Semantic_data_model_diagram</ownerDesignName>
<indexState>Foreign Key</indexState>
<isSurrogateKey>false</isSurrogateKey>
<indexColumnUsage>
<colUsage columnID="CEA3FBBA-4869-634E-1B54-2A1F7A77ED83"/>
</indexColumnUsage>
</ind_PK_UK>
<ind_PK_UK id="5084E16A-77D9-671D-B4E3-9D4CB34B9228" name="FPIBD_DPIJS_FK">
<createdBy>mb56142</createdBy>
<createdTime>2014-06-25 02:06:14 UTC</createdTime>
<ownerDesignName>TXEB_BPM_Semantic_data_model_diagram</ownerDesignName>
<indexState>Foreign Key</indexState>
<isSurrogateKey>false</isSurrogateKey>
<indexColumnUsage>
<colUsage columnID="C3214A50-4655-3FC7-519D-78B75AD3A8DA"/>
</indexColumnUsage>
</ind_PK_UK>
<ind_PK_UK id="8D01E111-D3A8-EA5D-82AE-F2714557A4EC" name="FPIBD_DPITI_FK">
<createdBy>mb56142</createdBy>
<createdTime>2014-06-25 02:06:15 UTC</createdTime>
<ownerDesignName>TXEB_BPM_Semantic_data_model_diagram</ownerDesignName>
<indexState>Foreign Key</indexState>
<isSurrogateKey>false</isSurrogateKey>
<indexColumnUsage>
<colUsage columnID="B8A9955C-4BAB-6B59-FE3B-3322353B3CF8"/>
</indexColumnUsage>
</ind_PK_UK>
<ind_PK_UK id="CF05F87F-BF28-E3C1-EC20-A55ADF37F5C0" name="FPIBD_DPIUB_FK">
<createdBy>mb56142</createdBy>
<createdTime>2014-06-25 02:10:46 UTC</createdTime>
<ownerDesignName>TXEB_BPM_Semantic_data_model_diagram</ownerDesignName>
<indexState>Foreign Key</indexState>
<isSurrogateKey>false</isSurrogateKey>
<indexColumnUsage>
<colUsage columnID="80704E8B-C10A-5E70-7DAC-0CFAE1C759CC"/>
</indexColumnUsage>
</ind_PK_UK>
</indexes>
</Table>