<?xml version = '1.0' encoding = 'UTF-8'?>
<Table class="oracle.dbtools.crest.model.design.relational.Table" directorySegmentName="seg_0" id="66854592-9AAF-AB1B-3CF5-9EA9D0A580B3" name="F_CMOR_BY_DATE">
<sourceConnName>TX_MAXDAT_PROD</sourceConnName>
<sourceObjSchema>MAXDAT</sourceObjSchema>
<sourceObjName>F_CMOR_BY_DATE</sourceObjName>
<createdBy>mb56142</createdBy>
<createdTime>2014-06-24 01:29:29 UTC</createdTime>
<ownerDesignName>TXEB_BPM_Semantic_data_model_diagram</ownerDesignName>
<schemaObject>121AEE1F-FD79-403A-F17D-FF8859EA2228</schemaObject>
<allowColumnReorder>false</allowColumnReorder>
<existDependencyGenerateInDDl>true</existDependencyGenerateInDDl>
<columns itemClass="oracle.dbtools.crest.model.design.relational.Column">
<Column name="FCMORBD_ID" id="90ADE437-4AE8-31EE-535B-BA364AF630AA">
<sourceConnName>TX_MAXDAT_PROD</sourceConnName>
<sourceObjSchema>F_CMOR_BY_DATE</sourceObjSchema>
<sourceObjName>FCMORBD_ID</sourceObjName>
<createdBy>mb56142</createdBy>
<createdTime>2014-06-24 01:29:30 UTC</createdTime>
<ownerDesignName>TXEB_BPM_Semantic_data_model_diagram</ownerDesignName>
<useDomainConstraints>false</useDomainConstraints>
<use>1</use>
<logicalDatatype>LOGDT019</logicalDatatype>
<autoIncrementCycle>false</autoIncrementCycle>
</Column>
<Column name="D_DATE" id="3DBE46CC-18BF-D20C-C1BA-799569DEACCA">
<sourceConnName>TX_MAXDAT_PROD</sourceConnName>
<sourceObjSchema>F_CMOR_BY_DATE</sourceObjSchema>
<sourceObjName>D_DATE</sourceObjName>
<createdBy>mb56142</createdBy>
<createdTime>2014-06-24 01:29:30 UTC</createdTime>
<ownerDesignName>TXEB_BPM_Semantic_data_model_diagram</ownerDesignName>
<useDomainConstraints>false</useDomainConstraints>
<use>1</use>
<logicalDatatype>LOGDT007</logicalDatatype>
<dataTypeSize>7</dataTypeSize>
<autoIncrementCycle>false</autoIncrementCycle>
</Column>
<Column name="BUCKET_START_DATE" id="401FCF8F-A029-9D33-8200-B8CDCEA890C3">
<sourceConnName>TX_MAXDAT_PROD</sourceConnName>
<sourceObjSchema>F_CMOR_BY_DATE</sourceObjSchema>
<sourceObjName>BUCKET_START_DATE</sourceObjName>
<createdBy>mb56142</createdBy>
<createdTime>2014-06-24 01:29:30 UTC</createdTime>
<ownerDesignName>TXEB_BPM_Semantic_data_model_diagram</ownerDesignName>
<useDomainConstraints>false</useDomainConstraints>
<use>1</use>
<logicalDatatype>LOGDT007</logicalDatatype>
<dataTypeSize>7</dataTypeSize>
<autoIncrementCycle>false</autoIncrementCycle>
</Column>
<Column name="BUCKET_END_DATE" id="BD10C273-920B-DE2A-AA78-1741ABCECD8E">
<sourceConnName>TX_MAXDAT_PROD</sourceConnName>
<sourceObjSchema>F_CMOR_BY_DATE</sourceObjSchema>
<sourceObjName>BUCKET_END_DATE</sourceObjName>
<createdBy>mb56142</createdBy>
<createdTime>2014-06-24 01:29:30 UTC</createdTime>
<ownerDesignName>TXEB_BPM_Semantic_data_model_diagram</ownerDesignName>
<useDomainConstraints>false</useDomainConstraints>
<use>1</use>
<logicalDatatype>LOGDT007</logicalDatatype>
<dataTypeSize>7</dataTypeSize>
<autoIncrementCycle>false</autoIncrementCycle>
</Column>
<Column name="CMOR_BI_ID" id="97366588-7AB0-5197-4A04-8B86D4B165FC">
<sourceConnName>TX_MAXDAT_PROD</sourceConnName>
<sourceObjSchema>F_CMOR_BY_DATE</sourceObjSchema>
<sourceObjName>CMOR_BI_ID</sourceObjName>
<createdBy>mb56142</createdBy>
<createdTime>2014-06-24 01:29:30 UTC</createdTime>
<ownerDesignName>TXEB_BPM_Semantic_data_model_diagram</ownerDesignName>
<useDomainConstraints>false</useDomainConstraints>
<use>1</use>
<logicalDatatype>LOGDT019</logicalDatatype>
<delegate>290344DE-8AF5-5A24-B922-1F11241210B8</delegate>
<autoIncrementCycle>false</autoIncrementCycle>
<associations>
<colAssociation fkAssociation="3FE82887-870C-7CC1-F46B-A4F9A4ED3821" referredColumn="290344DE-8AF5-5A24-B922-1F11241210B8"/>
</associations>
</Column>
<Column name="DCMORSS_ID" id="D0727276-62B5-DF09-603A-E34A09FEEFCB">
<sourceConnName>TX_MAXDAT_PROD</sourceConnName>
<sourceObjSchema>F_CMOR_BY_DATE</sourceObjSchema>
<sourceObjName>DCMORSS_ID</sourceObjName>
<createdBy>mb56142</createdBy>
<createdTime>2014-06-24 01:29:30 UTC</createdTime>
<ownerDesignName>TXEB_BPM_Semantic_data_model_diagram</ownerDesignName>
<useDomainConstraints>false</useDomainConstraints>
<use>1</use>
<logicalDatatype>LOGDT019</logicalDatatype>
<delegate>0197CCF4-1545-1BD5-283A-FDD9571DAB18</delegate>
<autoIncrementCycle>false</autoIncrementCycle>
<associations>
<colAssociation fkAssociation="E88C88F6-CCB2-6762-B8BC-9026D38F3726" referredColumn="0197CCF4-1545-1BD5-283A-FDD9571DAB18"/>
</associations>
</Column>
<Column name="LAST_UPDATE_BY_DATE" id="121CE2CB-1746-1DB0-F323-E37E67EFD57C">
<sourceConnName>TX_MAXDAT_PROD</sourceConnName>
<sourceObjSchema>F_CMOR_BY_DATE</sourceObjSchema>
<sourceObjName>LAST_UPDATE_BY_DATE</sourceObjName>
<createdBy>mb56142</createdBy>
<createdTime>2014-06-24 01:29:30 UTC</createdTime>
<ownerDesignName>TXEB_BPM_Semantic_data_model_diagram</ownerDesignName>
<nullsAllowed>true</nullsAllowed>
<useDomainConstraints>false</useDomainConstraints>
<use>1</use>
<logicalDatatype>LOGDT007</logicalDatatype>
<dataTypeSize>7</dataTypeSize>
<autoIncrementCycle>false</autoIncrementCycle>
</Column>
<Column name="CREATION_COUNT" id="A0DAF179-5353-CCAF-F925-C7BF2982DF9C">
<sourceConnName>TX_MAXDAT_PROD</sourceConnName>
<sourceObjSchema>F_CMOR_BY_DATE</sourceObjSchema>
<sourceObjName>CREATION_COUNT</sourceObjName>
<createdBy>mb56142</createdBy>
<createdTime>2014-06-24 01:29:30 UTC</createdTime>
<ownerDesignName>TXEB_BPM_Semantic_data_model_diagram</ownerDesignName>
<nullsAllowed>true</nullsAllowed>
<useDomainConstraints>false</useDomainConstraints>
<use>1</use>
<logicalDatatype>LOGDT019</logicalDatatype>
<autoIncrementCycle>false</autoIncrementCycle>
</Column>
<Column name="INVENTORY_COUNT" id="AF79D7F9-B894-EA82-6DFB-A13F28A9551C">
<sourceConnName>TX_MAXDAT_PROD</sourceConnName>
<sourceObjSchema>F_CMOR_BY_DATE</sourceObjSchema>
<sourceObjName>INVENTORY_COUNT</sourceObjName>
<createdBy>mb56142</createdBy>
<createdTime>2014-06-24 01:29:30 UTC</createdTime>
<ownerDesignName>TXEB_BPM_Semantic_data_model_diagram</ownerDesignName>
<nullsAllowed>true</nullsAllowed>
<useDomainConstraints>false</useDomainConstraints>
<use>1</use>
<logicalDatatype>LOGDT019</logicalDatatype>
<autoIncrementCycle>false</autoIncrementCycle>
</Column>
<Column name="COMPLETION_COUNT" id="BD770ACD-57F5-1597-A61B-D6BD2FB2EE94">
<sourceConnName>TX_MAXDAT_PROD</sourceConnName>
<sourceObjSchema>F_CMOR_BY_DATE</sourceObjSchema>
<sourceObjName>COMPLETION_COUNT</sourceObjName>
<createdBy>mb56142</createdBy>
<createdTime>2014-06-24 01:29:30 UTC</createdTime>
<ownerDesignName>TXEB_BPM_Semantic_data_model_diagram</ownerDesignName>
<nullsAllowed>true</nullsAllowed>
<useDomainConstraints>false</useDomainConstraints>
<use>1</use>
<logicalDatatype>LOGDT019</logicalDatatype>
<autoIncrementCycle>false</autoIncrementCycle>
</Column>
</columns>
<indexes itemClass="oracle.dbtools.crest.model.design.relational.Index">
<ind_PK_UK id="CFB3788B-9A0A-4F8F-F6BD-F7582C58FBD2" name="FCMORBD_PK">
<sourceConnName>TX_MAXDAT_PROD</sourceConnName>
<sourceObjSchema>MAXDAT</sourceObjSchema>
<sourceObjName>FCMORBD_PK</sourceObjName>
<createdBy>mb56142</createdBy>
<createdTime>2014-06-24 01:29:31 UTC</createdTime>
<ownerDesignName>TXEB_BPM_Semantic_data_model_diagram</ownerDesignName>
<pk>true</pk>
<indexState>Primary Constraint</indexState>
<isSurrogateKey>false</isSurrogateKey>
<indexColumnUsage>
<colUsage columnID="90ADE437-4AE8-31EE-535B-BA364AF630AA"/>
</indexColumnUsage>
</ind_PK_UK>
<ind_PK_UK id="207CFB37-3733-45D1-DB87-9CF53347C1AE" name="FCMORBD_IX1">
<sourceConnName>TX_MAXDAT_PROD</sourceConnName>
<sourceObjSchema>MAXDAT</sourceObjSchema>
<sourceObjName>FCMORBD_IX1</sourceObjName>
<createdBy>mb56142</createdBy>
<createdTime>2014-06-24 01:29:30 UTC</createdTime>
<ownerDesignName>TXEB_BPM_Semantic_data_model_diagram</ownerDesignName>
<schemaObject>121AEE1F-FD79-403A-F17D-FF8859EA2228</schemaObject>
<isSurrogateKey>false</isSurrogateKey>
<indexColumnUsage>
<colUsage columnID="121CE2CB-1746-1DB0-F323-E37E67EFD57C"/>
</indexColumnUsage>
</ind_PK_UK>
<ind_PK_UK id="9D79BFDB-00F2-DBFE-068F-98BB431B0C64" name="FCMORBD_UIX2">
<sourceConnName>TX_MAXDAT_PROD</sourceConnName>
<sourceObjSchema>MAXDAT</sourceObjSchema>
<sourceObjName>FCMORBD_UIX2</sourceObjName>
<createdBy>mb56142</createdBy>
<createdTime>2014-06-24 01:29:30 UTC</createdTime>
<ownerDesignName>TXEB_BPM_Semantic_data_model_diagram</ownerDesignName>
<indexState>Unique Plain Index</indexState>
<schemaObject>121AEE1F-FD79-403A-F17D-FF8859EA2228</schemaObject>
<isSurrogateKey>false</isSurrogateKey>
<indexColumnUsage>
<colUsage columnID="97366588-7AB0-5197-4A04-8B86D4B165FC"/>
<colUsage columnID="401FCF8F-A029-9D33-8200-B8CDCEA890C3"/>
</indexColumnUsage>
</ind_PK_UK>
<ind_PK_UK id="09B4041F-7F1B-93F7-FC9B-35390740F741" name="FCMORBD_UIX1">
<sourceConnName>TX_MAXDAT_PROD</sourceConnName>
<sourceObjSchema>MAXDAT</sourceObjSchema>
<sourceObjName>FCMORBD_UIX1</sourceObjName>
<createdBy>mb56142</createdBy>
<createdTime>2014-06-24 01:29:30 UTC</createdTime>
<ownerDesignName>TXEB_BPM_Semantic_data_model_diagram</ownerDesignName>
<indexState>Unique Plain Index</indexState>
<schemaObject>121AEE1F-FD79-403A-F17D-FF8859EA2228</schemaObject>
<isSurrogateKey>false</isSurrogateKey>
<indexColumnUsage>
<colUsage columnID="90ADE437-4AE8-31EE-535B-BA364AF630AA"/>
<colUsage columnID="3DBE46CC-18BF-D20C-C1BA-799569DEACCA"/>
</indexColumnUsage>
</ind_PK_UK>
<ind_PK_UK id="445DD53C-DDC7-C0AD-8E6D-6DAEDCC9FC2C" name="FCMORBD_PK">
<sourceConnName>TX_MAXDAT_PROD</sourceConnName>
<sourceObjSchema>MAXDAT</sourceObjSchema>
<sourceObjName>FCMORBD_PK</sourceObjName>
<createdBy>mb56142</createdBy>
<createdTime>2014-06-24 01:29:30 UTC</createdTime>
<ownerDesignName>TXEB_BPM_Semantic_data_model_diagram</ownerDesignName>
<indexState>Unique Plain Index</indexState>
<schemaObject>121AEE1F-FD79-403A-F17D-FF8859EA2228</schemaObject>
<isSurrogateKey>false</isSurrogateKey>
<indexColumnUsage>
<colUsage columnID="90ADE437-4AE8-31EE-535B-BA364AF630AA"/>
</indexColumnUsage>
</ind_PK_UK>
<ind_PK_UK id="01C4F19F-F103-9C58-FA7B-97808F83F842" name="FCMORBD_IXL4">
<sourceConnName>TX_MAXDAT_PROD</sourceConnName>
<sourceObjSchema>MAXDAT</sourceObjSchema>
<sourceObjName>FCMORBD_IXL4</sourceObjName>
<createdBy>mb56142</createdBy>
<createdTime>2014-06-24 01:29:30 UTC</createdTime>
<ownerDesignName>TXEB_BPM_Semantic_data_model_diagram</ownerDesignName>
<schemaObject>121AEE1F-FD79-403A-F17D-FF8859EA2228</schemaObject>
<isSurrogateKey>false</isSurrogateKey>
<indexColumnUsage>
<colUsage columnID="A0DAF179-5353-CCAF-F925-C7BF2982DF9C"/>
</indexColumnUsage>
</ind_PK_UK>
<ind_PK_UK id="1CC5DA1F-631F-9348-9336-D7779D52B61D" name="FCMORBD_IXL3">
<sourceConnName>TX_MAXDAT_PROD</sourceConnName>
<sourceObjSchema>MAXDAT</sourceObjSchema>
<sourceObjName>FCMORBD_IXL3</sourceObjName>
<createdBy>mb56142</createdBy>
<createdTime>2014-06-24 01:29:30 UTC</createdTime>
<ownerDesignName>TXEB_BPM_Semantic_data_model_diagram</ownerDesignName>
<schemaObject>121AEE1F-FD79-403A-F17D-FF8859EA2228</schemaObject>
<isSurrogateKey>false</isSurrogateKey>
<indexColumnUsage>
<colUsage columnID="401FCF8F-A029-9D33-8200-B8CDCEA890C3"/>
<colUsage columnID="BD10C273-920B-DE2A-AA78-1741ABCECD8E"/>
</indexColumnUsage>
</ind_PK_UK>
<ind_PK_UK id="1017654F-C9F1-7CAC-F454-5C8C84B9BBD5" name="FCMORBD_IXL2">
<sourceConnName>TX_MAXDAT_PROD</sourceConnName>
<sourceObjSchema>MAXDAT</sourceObjSchema>
<sourceObjName>FCMORBD_IXL2</sourceObjName>
<createdBy>mb56142</createdBy>
<createdTime>2014-06-24 01:29:30 UTC</createdTime>
<ownerDesignName>TXEB_BPM_Semantic_data_model_diagram</ownerDesignName>
<schemaObject>121AEE1F-FD79-403A-F17D-FF8859EA2228</schemaObject>
<isSurrogateKey>false</isSurrogateKey>
<indexColumnUsage>
<colUsage columnID="97366588-7AB0-5197-4A04-8B86D4B165FC"/>
</indexColumnUsage>
</ind_PK_UK>
<ind_PK_UK id="47D471B9-FCE9-1E44-A698-15B3FB4FA7E0" name="FCMORBD_IXL1">
<sourceConnName>TX_MAXDAT_PROD</sourceConnName>
<sourceObjSchema>MAXDAT</sourceObjSchema>
<sourceObjName>FCMORBD_IXL1</sourceObjName>
<createdBy>mb56142</createdBy>
<createdTime>2014-06-24 01:29:31 UTC</createdTime>
<ownerDesignName>TXEB_BPM_Semantic_data_model_diagram</ownerDesignName>
<schemaObject>121AEE1F-FD79-403A-F17D-FF8859EA2228</schemaObject>
<isSurrogateKey>false</isSurrogateKey>
<indexColumnUsage>
<colUsage columnID="BD10C273-920B-DE2A-AA78-1741ABCECD8E"/>
</indexColumnUsage>
</ind_PK_UK>
<ind_PK_UK id="8ED69475-FAA1-B60A-756E-C9E523EE6C77" name="FCMORBD_DCMORCUR_FK">
<createdBy>mb56142</createdBy>
<createdTime>2014-06-24 01:29:31 UTC</createdTime>
<ownerDesignName>TXEB_BPM_Semantic_data_model_diagram</ownerDesignName>
<indexState>Foreign Key</indexState>
<isSurrogateKey>false</isSurrogateKey>
<indexColumnUsage>
<colUsage columnID="97366588-7AB0-5197-4A04-8B86D4B165FC"/>
</indexColumnUsage>
</ind_PK_UK>
<ind_PK_UK id="7569C6AC-C713-2D64-4C90-00DDC8A4DAD9" name="FCMORBD_DCMORSS_FK">
<createdBy>mb56142</createdBy>
<createdTime>2014-06-24 01:29:31 UTC</createdTime>
<ownerDesignName>TXEB_BPM_Semantic_data_model_diagram</ownerDesignName>
<indexState>Foreign Key</indexState>
<isSurrogateKey>false</isSurrogateKey>
<indexColumnUsage>
<colUsage columnID="D0727276-62B5-DF09-603A-E34A09FEEFCB"/>
</indexColumnUsage>
</ind_PK_UK>
</indexes>
</Table>