<?xml version = '1.0' encoding = 'UTF-8'?>
<Table class="oracle.dbtools.crest.model.design.relational.Table" directorySegmentName="seg_0" id="6F9B2D2A-B44C-7B98-413D-1981B4CD82FA" name="D_MW_CURRENT">
<sourceConnName>TX_MAXDAT_PROD</sourceConnName>
<sourceObjSchema>MAXDAT</sourceObjSchema>
<sourceObjName>D_MW_CURRENT</sourceObjName>
<createdBy>mb56142</createdBy>
<createdTime>2014-06-24 01:36:16 UTC</createdTime>
<ownerDesignName>TXEB_BPM_Semantic_data_model_diagram</ownerDesignName>
<schemaObject>121AEE1F-FD79-403A-F17D-FF8859EA2228</schemaObject>
<allowColumnReorder>false</allowColumnReorder>
<existDependencyGenerateInDDl>true</existDependencyGenerateInDDl>
<columns itemClass="oracle.dbtools.crest.model.design.relational.Column">
<Column name="MW_BI_ID" id="95125734-8862-F36E-5C56-7A82DB2E97E9">
<sourceConnName>TX_MAXDAT_PROD</sourceConnName>
<sourceObjSchema>D_MW_CURRENT</sourceObjSchema>
<sourceObjName>MW_BI_ID</sourceObjName>
<createdBy>mb56142</createdBy>
<createdTime>2014-06-24 01:36:16 UTC</createdTime>
<ownerDesignName>TXEB_BPM_Semantic_data_model_diagram</ownerDesignName>
<useDomainConstraints>false</useDomainConstraints>
<use>1</use>
<logicalDatatype>LOGDT019</logicalDatatype>
<autoIncrementCycle>false</autoIncrementCycle>
</Column>
<Column name="Task ID" id="484BCDC1-28BA-781E-8430-42129762FBBE">
<sourceConnName>TX_MAXDAT_PROD</sourceConnName>
<sourceObjSchema>D_MW_CURRENT</sourceObjSchema>
<sourceObjName>Task ID</sourceObjName>
<createdBy>mb56142</createdBy>
<createdTime>2014-06-24 01:36:16 UTC</createdTime>
<ownerDesignName>TXEB_BPM_Semantic_data_model_diagram</ownerDesignName>
<nameHasQuotes>true</nameHasQuotes>
<nullsAllowed>true</nullsAllowed>
<useDomainConstraints>false</useDomainConstraints>
<use>1</use>
<logicalDatatype>LOGDT019</logicalDatatype>
<autoIncrementCycle>false</autoIncrementCycle>
</Column>
<Column name="Age in Business Days" id="5945D9AE-5E6B-DAF6-F528-563BEA7CF4C8">
<sourceConnName>TX_MAXDAT_PROD</sourceConnName>
<sourceObjSchema>D_MW_CURRENT</sourceObjSchema>
<sourceObjName>Age in Business Days</sourceObjName>
<createdBy>mb56142</createdBy>
<createdTime>2014-06-24 01:36:16 UTC</createdTime>
<ownerDesignName>TXEB_BPM_Semantic_data_model_diagram</ownerDesignName>
<nameHasQuotes>true</nameHasQuotes>
<useDomainConstraints>false</useDomainConstraints>
<use>1</use>
<logicalDatatype>LOGDT019</logicalDatatype>
<autoIncrementCycle>false</autoIncrementCycle>
</Column>
<Column name="Age in Calendar Days" id="3858793B-2C41-9C69-0F42-86C64BDAC75E">
<sourceConnName>TX_MAXDAT_PROD</sourceConnName>
<sourceObjSchema>D_MW_CURRENT</sourceObjSchema>
<sourceObjName>Age in Calendar Days</sourceObjName>
<createdBy>mb56142</createdBy>
<createdTime>2014-06-24 01:36:16 UTC</createdTime>
<ownerDesignName>TXEB_BPM_Semantic_data_model_diagram</ownerDesignName>
<nameHasQuotes>true</nameHasQuotes>
<useDomainConstraints>false</useDomainConstraints>
<use>1</use>
<logicalDatatype>LOGDT019</logicalDatatype>
<autoIncrementCycle>false</autoIncrementCycle>
</Column>
<Column name="Create Date" id="1F2085F6-BE13-08E9-4451-ECCFECDE3308">
<sourceConnName>TX_MAXDAT_PROD</sourceConnName>
<sourceObjSchema>D_MW_CURRENT</sourceObjSchema>
<sourceObjName>Create Date</sourceObjName>
<createdBy>mb56142</createdBy>
<createdTime>2014-06-24 01:36:16 UTC</createdTime>
<ownerDesignName>TXEB_BPM_Semantic_data_model_diagram</ownerDesignName>
<nameHasQuotes>true</nameHasQuotes>
<useDomainConstraints>false</useDomainConstraints>
<use>1</use>
<logicalDatatype>LOGDT007</logicalDatatype>
<dataTypeSize>7</dataTypeSize>
<autoIncrementCycle>false</autoIncrementCycle>
</Column>
<Column name="Complete Date" id="AA97A6B8-CA86-F3BD-262D-1FF9E4E4B13E">
<sourceConnName>TX_MAXDAT_PROD</sourceConnName>
<sourceObjSchema>D_MW_CURRENT</sourceObjSchema>
<sourceObjName>Complete Date</sourceObjName>
<createdBy>mb56142</createdBy>
<createdTime>2014-06-24 01:36:16 UTC</createdTime>
<ownerDesignName>TXEB_BPM_Semantic_data_model_diagram</ownerDesignName>
<nameHasQuotes>true</nameHasQuotes>
<nullsAllowed>true</nullsAllowed>
<useDomainConstraints>false</useDomainConstraints>
<use>1</use>
<logicalDatatype>LOGDT007</logicalDatatype>
<dataTypeSize>7</dataTypeSize>
<autoIncrementCycle>false</autoIncrementCycle>
</Column>
<Column name="Jeopardy Flag" id="1C2C0716-D923-4B5C-5DC8-007F7A1371E7">
<sourceConnName>TX_MAXDAT_PROD</sourceConnName>
<sourceObjSchema>D_MW_CURRENT</sourceObjSchema>
<sourceObjName>Jeopardy Flag</sourceObjName>
<createdBy>mb56142</createdBy>
<createdTime>2014-06-24 01:36:16 UTC</createdTime>
<ownerDesignName>TXEB_BPM_Semantic_data_model_diagram</ownerDesignName>
<nameHasQuotes>true</nameHasQuotes>
<useDomainConstraints>false</useDomainConstraints>
<use>1</use>
<logicalDatatype>LOGDT024</logicalDatatype>
<dataTypeSize>1 BYTE</dataTypeSize>
<autoIncrementCycle>false</autoIncrementCycle>
</Column>
<Column name="SLA Days" id="C18AD409-BE6A-8DD9-5121-94F9914F2A5D">
<sourceConnName>TX_MAXDAT_PROD</sourceConnName>
<sourceObjSchema>D_MW_CURRENT</sourceObjSchema>
<sourceObjName>SLA Days</sourceObjName>
<createdBy>mb56142</createdBy>
<createdTime>2014-06-24 01:36:16 UTC</createdTime>
<ownerDesignName>TXEB_BPM_Semantic_data_model_diagram</ownerDesignName>
<nameHasQuotes>true</nameHasQuotes>
<nullsAllowed>true</nullsAllowed>
<useDomainConstraints>false</useDomainConstraints>
<use>1</use>
<logicalDatatype>LOGDT019</logicalDatatype>
<autoIncrementCycle>false</autoIncrementCycle>
</Column>
<Column name="SLA Days Type" id="D10C2CA5-1B04-71F3-2402-1E875E5EF539">
<sourceConnName>TX_MAXDAT_PROD</sourceConnName>
<sourceObjSchema>D_MW_CURRENT</sourceObjSchema>
<sourceObjName>SLA Days Type</sourceObjName>
<createdBy>mb56142</createdBy>
<createdTime>2014-06-24 01:36:16 UTC</createdTime>
<ownerDesignName>TXEB_BPM_Semantic_data_model_diagram</ownerDesignName>
<nameHasQuotes>true</nameHasQuotes>
<nullsAllowed>true</nullsAllowed>
<useDomainConstraints>false</useDomainConstraints>
<use>1</use>
<logicalDatatype>LOGDT024</logicalDatatype>
<dataTypeSize>1 BYTE</dataTypeSize>
<autoIncrementCycle>false</autoIncrementCycle>
</Column>
<Column name="SLA Jeopardy Days" id="8F57DAEC-E756-63D3-4C6F-F08AF494F9C3">
<sourceConnName>TX_MAXDAT_PROD</sourceConnName>
<sourceObjSchema>D_MW_CURRENT</sourceObjSchema>
<sourceObjName>SLA Jeopardy Days</sourceObjName>
<createdBy>mb56142</createdBy>
<createdTime>2014-06-24 01:36:16 UTC</createdTime>
<ownerDesignName>TXEB_BPM_Semantic_data_model_diagram</ownerDesignName>
<nameHasQuotes>true</nameHasQuotes>
<nullsAllowed>true</nullsAllowed>
<useDomainConstraints>false</useDomainConstraints>
<use>1</use>
<logicalDatatype>LOGDT019</logicalDatatype>
<autoIncrementCycle>false</autoIncrementCycle>
</Column>
<Column name="SLA Target Days" id="FF352439-5EC0-9CFA-F916-EA787F2D44D4">
<sourceConnName>TX_MAXDAT_PROD</sourceConnName>
<sourceObjSchema>D_MW_CURRENT</sourceObjSchema>
<sourceObjName>SLA Target Days</sourceObjName>
<createdBy>mb56142</createdBy>
<createdTime>2014-06-24 01:36:16 UTC</createdTime>
<ownerDesignName>TXEB_BPM_Semantic_data_model_diagram</ownerDesignName>
<nameHasQuotes>true</nameHasQuotes>
<nullsAllowed>true</nullsAllowed>
<useDomainConstraints>false</useDomainConstraints>
<use>1</use>
<logicalDatatype>LOGDT019</logicalDatatype>
<autoIncrementCycle>false</autoIncrementCycle>
</Column>
<Column name="Timeliness Status" id="0709C327-9C64-B796-84C5-9B4E04A4F539">
<sourceConnName>TX_MAXDAT_PROD</sourceConnName>
<sourceObjSchema>D_MW_CURRENT</sourceObjSchema>
<sourceObjName>Timeliness Status</sourceObjName>
<createdBy>mb56142</createdBy>
<createdTime>2014-06-24 01:36:16 UTC</createdTime>
<ownerDesignName>TXEB_BPM_Semantic_data_model_diagram</ownerDesignName>
<nameHasQuotes>true</nameHasQuotes>
<useDomainConstraints>false</useDomainConstraints>
<use>1</use>
<logicalDatatype>LOGDT024</logicalDatatype>
<dataTypeSize>20 BYTE</dataTypeSize>
<autoIncrementCycle>false</autoIncrementCycle>
</Column>
<Column name="Cancel Work Date" id="E04AFC28-3000-0C1F-06A0-82D5A2CA033B">
<sourceConnName>TX_MAXDAT_PROD</sourceConnName>
<sourceObjSchema>D_MW_CURRENT</sourceObjSchema>
<sourceObjName>Cancel Work Date</sourceObjName>
<createdBy>mb56142</createdBy>
<createdTime>2014-06-24 01:36:16 UTC</createdTime>
<ownerDesignName>TXEB_BPM_Semantic_data_model_diagram</ownerDesignName>
<nameHasQuotes>true</nameHasQuotes>
<nullsAllowed>true</nullsAllowed>
<useDomainConstraints>false</useDomainConstraints>
<use>1</use>
<logicalDatatype>LOGDT007</logicalDatatype>
<dataTypeSize>7</dataTypeSize>
<autoIncrementCycle>false</autoIncrementCycle>
</Column>
<Column name="Cancel Work Flag" id="229948BB-5D54-7970-8059-EDEE9EA265D3">
<sourceConnName>TX_MAXDAT_PROD</sourceConnName>
<sourceObjSchema>D_MW_CURRENT</sourceObjSchema>
<sourceObjName>Cancel Work Flag</sourceObjName>
<createdBy>mb56142</createdBy>
<createdTime>2014-06-24 01:36:16 UTC</createdTime>
<ownerDesignName>TXEB_BPM_Semantic_data_model_diagram</ownerDesignName>
<nameHasQuotes>true</nameHasQuotes>
<useDomainConstraints>false</useDomainConstraints>
<use>1</use>
<logicalDatatype>LOGDT024</logicalDatatype>
<dataTypeSize>1 BYTE</dataTypeSize>
<autoIncrementCycle>false</autoIncrementCycle>
</Column>
<Column name="Complete Flag" id="2F87E56C-ABE0-2C24-0847-D3FD28B208F7">
<sourceConnName>TX_MAXDAT_PROD</sourceConnName>
<sourceObjSchema>D_MW_CURRENT</sourceObjSchema>
<sourceObjName>Complete Flag</sourceObjName>
<createdBy>mb56142</createdBy>
<createdTime>2014-06-24 01:36:16 UTC</createdTime>
<ownerDesignName>TXEB_BPM_Semantic_data_model_diagram</ownerDesignName>
<nameHasQuotes>true</nameHasQuotes>
<useDomainConstraints>false</useDomainConstraints>
<use>1</use>
<logicalDatatype>LOGDT024</logicalDatatype>
<dataTypeSize>1 BYTE</dataTypeSize>
<autoIncrementCycle>false</autoIncrementCycle>
</Column>
<Column name="Created By Name" id="55D3D164-E4DB-936D-3431-E0467793A3CC">
<sourceConnName>TX_MAXDAT_PROD</sourceConnName>
<sourceObjSchema>D_MW_CURRENT</sourceObjSchema>
<sourceObjName>Created By Name</sourceObjName>
<createdBy>mb56142</createdBy>
<createdTime>2014-06-24 01:36:16 UTC</createdTime>
<ownerDesignName>TXEB_BPM_Semantic_data_model_diagram</ownerDesignName>
<nameHasQuotes>true</nameHasQuotes>
<nullsAllowed>true</nullsAllowed>
<useDomainConstraints>false</useDomainConstraints>
<use>1</use>
<logicalDatatype>LOGDT024</logicalDatatype>
<dataTypeSize>100 BYTE</dataTypeSize>
<autoIncrementCycle>false</autoIncrementCycle>
</Column>
<Column name="Source Reference ID" id="D2C8DED5-9BDC-7D46-FF5B-15ECA907F509">
<sourceConnName>TX_MAXDAT_PROD</sourceConnName>
<sourceObjSchema>D_MW_CURRENT</sourceObjSchema>
<sourceObjName>Source Reference ID</sourceObjName>
<createdBy>mb56142</createdBy>
<createdTime>2014-06-24 01:36:16 UTC</createdTime>
<ownerDesignName>TXEB_BPM_Semantic_data_model_diagram</ownerDesignName>
<nameHasQuotes>true</nameHasQuotes>
<nullsAllowed>true</nullsAllowed>
<useDomainConstraints>false</useDomainConstraints>
<use>1</use>
<logicalDatatype>LOGDT019</logicalDatatype>
<autoIncrementCycle>false</autoIncrementCycle>
</Column>
<Column name="Source Reference Type" id="ECFF9A7D-27DA-69FD-F656-B9A6374CBFD9">
<sourceConnName>TX_MAXDAT_PROD</sourceConnName>
<sourceObjSchema>D_MW_CURRENT</sourceObjSchema>
<sourceObjName>Source Reference Type</sourceObjName>
<createdBy>mb56142</createdBy>
<createdTime>2014-06-24 01:36:16 UTC</createdTime>
<ownerDesignName>TXEB_BPM_Semantic_data_model_diagram</ownerDesignName>
<nameHasQuotes>true</nameHasQuotes>
<nullsAllowed>true</nullsAllowed>
<useDomainConstraints>false</useDomainConstraints>
<use>1</use>
<logicalDatatype>LOGDT024</logicalDatatype>
<dataTypeSize>30 BYTE</dataTypeSize>
<autoIncrementCycle>false</autoIncrementCycle>
</Column>
<Column name="Status Age in Business Days" id="963F1892-54F1-47C6-C01D-94473C66F604">
<sourceConnName>TX_MAXDAT_PROD</sourceConnName>
<sourceObjSchema>D_MW_CURRENT</sourceObjSchema>
<sourceObjName>Status Age in Business Days</sourceObjName>
<createdBy>mb56142</createdBy>
<createdTime>2014-06-24 01:36:16 UTC</createdTime>
<ownerDesignName>TXEB_BPM_Semantic_data_model_diagram</ownerDesignName>
<nameHasQuotes>true</nameHasQuotes>
<useDomainConstraints>false</useDomainConstraints>
<use>1</use>
<logicalDatatype>LOGDT019</logicalDatatype>
<autoIncrementCycle>false</autoIncrementCycle>
</Column>
<Column name="Status Age in Calendar Days" id="DDC17F29-C6CF-62D8-A369-11B54E6BFAD0">
<sourceConnName>TX_MAXDAT_PROD</sourceConnName>
<sourceObjSchema>D_MW_CURRENT</sourceObjSchema>
<sourceObjName>Status Age in Calendar Days</sourceObjName>
<createdBy>mb56142</createdBy>
<createdTime>2014-06-24 01:36:16 UTC</createdTime>
<ownerDesignName>TXEB_BPM_Semantic_data_model_diagram</ownerDesignName>
<nameHasQuotes>true</nameHasQuotes>
<useDomainConstraints>false</useDomainConstraints>
<use>1</use>
<logicalDatatype>LOGDT019</logicalDatatype>
<autoIncrementCycle>false</autoIncrementCycle>
</Column>
<Column name="Unit of Work" id="C708B97E-C39F-F323-74B4-2DAE2B55C513">
<sourceConnName>TX_MAXDAT_PROD</sourceConnName>
<sourceObjSchema>D_MW_CURRENT</sourceObjSchema>
<sourceObjName>Unit of Work</sourceObjName>
<createdBy>mb56142</createdBy>
<createdTime>2014-06-24 01:36:16 UTC</createdTime>
<ownerDesignName>TXEB_BPM_Semantic_data_model_diagram</ownerDesignName>
<nameHasQuotes>true</nameHasQuotes>
<nullsAllowed>true</nullsAllowed>
<useDomainConstraints>false</useDomainConstraints>
<use>1</use>
<logicalDatatype>LOGDT024</logicalDatatype>
<dataTypeSize>30 BYTE</dataTypeSize>
<autoIncrementCycle>false</autoIncrementCycle>
</Column>
<Column name="Current Escalated Flag" id="90D8F5C8-01C3-994F-630E-A0E1C8B9764A">
<sourceConnName>TX_MAXDAT_PROD</sourceConnName>
<sourceObjSchema>D_MW_CURRENT</sourceObjSchema>
<sourceObjName>Current Escalated Flag</sourceObjName>
<createdBy>mb56142</createdBy>
<createdTime>2014-06-24 01:36:16 UTC</createdTime>
<ownerDesignName>TXEB_BPM_Semantic_data_model_diagram</ownerDesignName>
<nameHasQuotes>true</nameHasQuotes>
<useDomainConstraints>false</useDomainConstraints>
<use>1</use>
<logicalDatatype>LOGDT024</logicalDatatype>
<dataTypeSize>1 BYTE</dataTypeSize>
<autoIncrementCycle>false</autoIncrementCycle>
</Column>
<Column name="Current Escalated To Name" id="FAB34730-5A9D-1169-B1B1-84333EFCAB0F">
<sourceConnName>TX_MAXDAT_PROD</sourceConnName>
<sourceObjSchema>D_MW_CURRENT</sourceObjSchema>
<sourceObjName>Current Escalated To Name</sourceObjName>
<createdBy>mb56142</createdBy>
<createdTime>2014-06-24 01:36:16 UTC</createdTime>
<ownerDesignName>TXEB_BPM_Semantic_data_model_diagram</ownerDesignName>
<nameHasQuotes>true</nameHasQuotes>
<nullsAllowed>true</nullsAllowed>
<useDomainConstraints>false</useDomainConstraints>
<use>1</use>
<logicalDatatype>LOGDT024</logicalDatatype>
<dataTypeSize>100 BYTE</dataTypeSize>
<autoIncrementCycle>false</autoIncrementCycle>
</Column>
<Column name="Current Forwarded By Name" id="DED0AB38-E5AD-E6F7-4606-16C47F0DBA60">
<sourceConnName>TX_MAXDAT_PROD</sourceConnName>
<sourceObjSchema>D_MW_CURRENT</sourceObjSchema>
<sourceObjName>Current Forwarded By Name</sourceObjName>
<createdBy>mb56142</createdBy>
<createdTime>2014-06-24 01:36:16 UTC</createdTime>
<ownerDesignName>TXEB_BPM_Semantic_data_model_diagram</ownerDesignName>
<nameHasQuotes>true</nameHasQuotes>
<nullsAllowed>true</nullsAllowed>
<useDomainConstraints>false</useDomainConstraints>
<use>1</use>
<logicalDatatype>LOGDT024</logicalDatatype>
<dataTypeSize>100 BYTE</dataTypeSize>
<autoIncrementCycle>false</autoIncrementCycle>
</Column>
<Column name="Current Forwarded Flag" id="AE4DD6B4-3E2F-7849-F37F-E8B3E749DEF1">
<sourceConnName>TX_MAXDAT_PROD</sourceConnName>
<sourceObjSchema>D_MW_CURRENT</sourceObjSchema>
<sourceObjName>Current Forwarded Flag</sourceObjName>
<createdBy>mb56142</createdBy>
<createdTime>2014-06-24 01:36:16 UTC</createdTime>
<ownerDesignName>TXEB_BPM_Semantic_data_model_diagram</ownerDesignName>
<nameHasQuotes>true</nameHasQuotes>
<useDomainConstraints>false</useDomainConstraints>
<use>1</use>
<logicalDatatype>LOGDT024</logicalDatatype>
<dataTypeSize>1 BYTE</dataTypeSize>
<autoIncrementCycle>false</autoIncrementCycle>
</Column>
<Column name="Current Group Name" id="BBD4956E-5DD5-244C-DEFB-14CF475EFDBE">
<sourceConnName>TX_MAXDAT_PROD</sourceConnName>
<sourceObjSchema>D_MW_CURRENT</sourceObjSchema>
<sourceObjName>Current Group Name</sourceObjName>
<createdBy>mb56142</createdBy>
<createdTime>2014-06-24 01:36:16 UTC</createdTime>
<ownerDesignName>TXEB_BPM_Semantic_data_model_diagram</ownerDesignName>
<nameHasQuotes>true</nameHasQuotes>
<nullsAllowed>true</nullsAllowed>
<useDomainConstraints>false</useDomainConstraints>
<use>1</use>
<logicalDatatype>LOGDT024</logicalDatatype>
<dataTypeSize>100 BYTE</dataTypeSize>
<autoIncrementCycle>false</autoIncrementCycle>
</Column>
<Column name="Current Group Parent Name" id="A8CAFBB8-4289-7D2C-2F5B-7242DD39B4C9">
<sourceConnName>TX_MAXDAT_PROD</sourceConnName>
<sourceObjSchema>D_MW_CURRENT</sourceObjSchema>
<sourceObjName>Current Group Parent Name</sourceObjName>
<createdBy>mb56142</createdBy>
<createdTime>2014-06-24 01:36:16 UTC</createdTime>
<ownerDesignName>TXEB_BPM_Semantic_data_model_diagram</ownerDesignName>
<nameHasQuotes>true</nameHasQuotes>
<nullsAllowed>true</nullsAllowed>
<useDomainConstraints>false</useDomainConstraints>
<use>1</use>
<logicalDatatype>LOGDT024</logicalDatatype>
<dataTypeSize>100 BYTE</dataTypeSize>
<autoIncrementCycle>false</autoIncrementCycle>
</Column>
<Column name="Current Group Supervisor Name" id="CFCE85BB-A4D9-BF3C-5583-C38D69382175">
<sourceConnName>TX_MAXDAT_PROD</sourceConnName>
<sourceObjSchema>D_MW_CURRENT</sourceObjSchema>
<sourceObjName>Current Group Supervisor Name</sourceObjName>
<createdBy>mb56142</createdBy>
<createdTime>2014-06-24 01:36:16 UTC</createdTime>
<ownerDesignName>TXEB_BPM_Semantic_data_model_diagram</ownerDesignName>
<nameHasQuotes>true</nameHasQuotes>
<nullsAllowed>true</nullsAllowed>
<useDomainConstraints>false</useDomainConstraints>
<use>1</use>
<logicalDatatype>LOGDT024</logicalDatatype>
<dataTypeSize>100 BYTE</dataTypeSize>
<autoIncrementCycle>false</autoIncrementCycle>
</Column>
<Column name="Current Last Update By Name" id="A9A09633-B3B2-49D3-EAF2-772DA52D6A2B">
<sourceConnName>TX_MAXDAT_PROD</sourceConnName>
<sourceObjSchema>D_MW_CURRENT</sourceObjSchema>
<sourceObjName>Current Last Update By Name</sourceObjName>
<createdBy>mb56142</createdBy>
<createdTime>2014-06-24 01:36:16 UTC</createdTime>
<ownerDesignName>TXEB_BPM_Semantic_data_model_diagram</ownerDesignName>
<nameHasQuotes>true</nameHasQuotes>
<nullsAllowed>true</nullsAllowed>
<useDomainConstraints>false</useDomainConstraints>
<use>1</use>
<logicalDatatype>LOGDT024</logicalDatatype>
<dataTypeSize>100 BYTE</dataTypeSize>
<autoIncrementCycle>false</autoIncrementCycle>
</Column>
<Column name="Current Owner Name" id="252DC9E6-9359-1083-5FC3-F3A89A2A03F9">
<sourceConnName>TX_MAXDAT_PROD</sourceConnName>
<sourceObjSchema>D_MW_CURRENT</sourceObjSchema>
<sourceObjName>Current Owner Name</sourceObjName>
<createdBy>mb56142</createdBy>
<createdTime>2014-06-24 01:36:16 UTC</createdTime>
<ownerDesignName>TXEB_BPM_Semantic_data_model_diagram</ownerDesignName>
<nameHasQuotes>true</nameHasQuotes>
<nullsAllowed>true</nullsAllowed>
<useDomainConstraints>false</useDomainConstraints>
<use>1</use>
<logicalDatatype>LOGDT024</logicalDatatype>
<dataTypeSize>100 BYTE</dataTypeSize>
<autoIncrementCycle>false</autoIncrementCycle>
</Column>
<Column name="Current Task Status" id="6B5CFB94-F726-3733-0F39-9071F9EEB71F">
<sourceConnName>TX_MAXDAT_PROD</sourceConnName>
<sourceObjSchema>D_MW_CURRENT</sourceObjSchema>
<sourceObjName>Current Task Status</sourceObjName>
<createdBy>mb56142</createdBy>
<createdTime>2014-06-24 01:36:16 UTC</createdTime>
<ownerDesignName>TXEB_BPM_Semantic_data_model_diagram</ownerDesignName>
<nameHasQuotes>true</nameHasQuotes>
<useDomainConstraints>false</useDomainConstraints>
<use>1</use>
<logicalDatatype>LOGDT024</logicalDatatype>
<dataTypeSize>50 BYTE</dataTypeSize>
<autoIncrementCycle>false</autoIncrementCycle>
</Column>
<Column name="Current Task Type" id="84E7FBBB-3B8F-2E18-3DBD-50AA512E76C4">
<sourceConnName>TX_MAXDAT_PROD</sourceConnName>
<sourceObjSchema>D_MW_CURRENT</sourceObjSchema>
<sourceObjName>Current Task Type</sourceObjName>
<createdBy>mb56142</createdBy>
<createdTime>2014-06-24 01:36:16 UTC</createdTime>
<ownerDesignName>TXEB_BPM_Semantic_data_model_diagram</ownerDesignName>
<nameHasQuotes>true</nameHasQuotes>
<useDomainConstraints>false</useDomainConstraints>
<use>1</use>
<logicalDatatype>LOGDT024</logicalDatatype>
<dataTypeSize>100 BYTE</dataTypeSize>
<autoIncrementCycle>false</autoIncrementCycle>
</Column>
<Column name="Current Team Name" id="C67227ED-282E-F55A-2D70-FA475C0BED53">
<sourceConnName>TX_MAXDAT_PROD</sourceConnName>
<sourceObjSchema>D_MW_CURRENT</sourceObjSchema>
<sourceObjName>Current Team Name</sourceObjName>
<createdBy>mb56142</createdBy>
<createdTime>2014-06-24 01:36:16 UTC</createdTime>
<ownerDesignName>TXEB_BPM_Semantic_data_model_diagram</ownerDesignName>
<nameHasQuotes>true</nameHasQuotes>
<nullsAllowed>true</nullsAllowed>
<useDomainConstraints>false</useDomainConstraints>
<use>1</use>
<logicalDatatype>LOGDT024</logicalDatatype>
<dataTypeSize>100 BYTE</dataTypeSize>
<autoIncrementCycle>false</autoIncrementCycle>
</Column>
<Column name="Current Team Parent Name" id="E238A155-5003-5EC9-4A61-75191A597A07">
<sourceConnName>TX_MAXDAT_PROD</sourceConnName>
<sourceObjSchema>D_MW_CURRENT</sourceObjSchema>
<sourceObjName>Current Team Parent Name</sourceObjName>
<createdBy>mb56142</createdBy>
<createdTime>2014-06-24 01:36:16 UTC</createdTime>
<ownerDesignName>TXEB_BPM_Semantic_data_model_diagram</ownerDesignName>
<nameHasQuotes>true</nameHasQuotes>
<nullsAllowed>true</nullsAllowed>
<useDomainConstraints>false</useDomainConstraints>
<use>1</use>
<logicalDatatype>LOGDT024</logicalDatatype>
<dataTypeSize>100 BYTE</dataTypeSize>
<autoIncrementCycle>false</autoIncrementCycle>
</Column>
<Column name="Current Team Supervisor Name" id="00CBBF89-46EB-4D00-897E-73D80D63ADEF">
<sourceConnName>TX_MAXDAT_PROD</sourceConnName>
<sourceObjSchema>D_MW_CURRENT</sourceObjSchema>
<sourceObjName>Current Team Supervisor Name</sourceObjName>
<createdBy>mb56142</createdBy>
<createdTime>2014-06-24 01:36:16 UTC</createdTime>
<ownerDesignName>TXEB_BPM_Semantic_data_model_diagram</ownerDesignName>
<nameHasQuotes>true</nameHasQuotes>
<nullsAllowed>true</nullsAllowed>
<useDomainConstraints>false</useDomainConstraints>
<use>1</use>
<logicalDatatype>LOGDT024</logicalDatatype>
<dataTypeSize>100 BYTE</dataTypeSize>
<autoIncrementCycle>false</autoIncrementCycle>
</Column>
<Column name="CLIENT_ID" id="9ECE6439-17DF-E21F-E58F-350A5E291737">
<sourceConnName>TX_MAXDAT_PROD</sourceConnName>
<sourceObjSchema>D_MW_CURRENT</sourceObjSchema>
<sourceObjName>CLIENT_ID</sourceObjName>
<createdBy>mb56142</createdBy>
<createdTime>2014-06-24 01:36:16 UTC</createdTime>
<ownerDesignName>TXEB_BPM_Semantic_data_model_diagram</ownerDesignName>
<nullsAllowed>true</nullsAllowed>
<useDomainConstraints>false</useDomainConstraints>
<use>1</use>
<logicalDatatype>LOGDT019</logicalDatatype>
<autoIncrementCycle>false</autoIncrementCycle>
</Column>
<Column name="CASE_ID" id="4C9C2FD4-BC74-1B24-6A3A-3D457A2CE7F5">
<sourceConnName>TX_MAXDAT_PROD</sourceConnName>
<sourceObjSchema>D_MW_CURRENT</sourceObjSchema>
<sourceObjName>CASE_ID</sourceObjName>
<createdBy>mb56142</createdBy>
<createdTime>2014-06-24 01:36:16 UTC</createdTime>
<ownerDesignName>TXEB_BPM_Semantic_data_model_diagram</ownerDesignName>
<nullsAllowed>true</nullsAllowed>
<useDomainConstraints>false</useDomainConstraints>
<use>1</use>
<logicalDatatype>LOGDT019</logicalDatatype>
<autoIncrementCycle>false</autoIncrementCycle>
</Column>
<Column name="Current Last Update Date" id="DBB46F3D-DD36-701E-A53B-CFC2B654F22B">
<sourceConnName>TX_MAXDAT_PROD</sourceConnName>
<sourceObjSchema>D_MW_CURRENT</sourceObjSchema>
<sourceObjName>Current Last Update Date</sourceObjName>
<createdBy>mb56142</createdBy>
<createdTime>2014-06-24 01:36:16 UTC</createdTime>
<ownerDesignName>TXEB_BPM_Semantic_data_model_diagram</ownerDesignName>
<nameHasQuotes>true</nameHasQuotes>
<useDomainConstraints>false</useDomainConstraints>
<use>1</use>
<logicalDatatype>LOGDT007</logicalDatatype>
<dataTypeSize>7</dataTypeSize>
<autoIncrementCycle>false</autoIncrementCycle>
</Column>
<Column name="Current Status Date" id="78156CB9-ABF1-3813-013C-62293342F73A">
<sourceConnName>TX_MAXDAT_PROD</sourceConnName>
<sourceObjSchema>D_MW_CURRENT</sourceObjSchema>
<sourceObjName>Current Status Date</sourceObjName>
<createdBy>mb56142</createdBy>
<createdTime>2014-06-24 01:36:16 UTC</createdTime>
<ownerDesignName>TXEB_BPM_Semantic_data_model_diagram</ownerDesignName>
<nameHasQuotes>true</nameHasQuotes>
<useDomainConstraints>false</useDomainConstraints>
<use>1</use>
<logicalDatatype>LOGDT007</logicalDatatype>
<dataTypeSize>7</dataTypeSize>
<autoIncrementCycle>false</autoIncrementCycle>
</Column>
<Column name="Cancel By" id="836D1920-8AA0-CB8E-7F0B-648C87F3F722">
<sourceConnName>TX_MAXDAT_PROD</sourceConnName>
<sourceObjSchema>D_MW_CURRENT</sourceObjSchema>
<sourceObjName>Cancel By</sourceObjName>
<createdBy>mb56142</createdBy>
<createdTime>2014-06-24 01:36:16 UTC</createdTime>
<ownerDesignName>TXEB_BPM_Semantic_data_model_diagram</ownerDesignName>
<nameHasQuotes>true</nameHasQuotes>
<nullsAllowed>true</nullsAllowed>
<useDomainConstraints>false</useDomainConstraints>
<use>1</use>
<logicalDatatype>LOGDT024</logicalDatatype>
<dataTypeSize>50 BYTE</dataTypeSize>
<autoIncrementCycle>false</autoIncrementCycle>
</Column>
<Column name="Cancel Reason" id="67F5D340-7D83-E5CC-5E4B-DFA214F5D6FB">
<sourceConnName>TX_MAXDAT_PROD</sourceConnName>
<sourceObjSchema>D_MW_CURRENT</sourceObjSchema>
<sourceObjName>Cancel Reason</sourceObjName>
<createdBy>mb56142</createdBy>
<createdTime>2014-06-24 01:36:16 UTC</createdTime>
<ownerDesignName>TXEB_BPM_Semantic_data_model_diagram</ownerDesignName>
<nameHasQuotes>true</nameHasQuotes>
<nullsAllowed>true</nullsAllowed>
<useDomainConstraints>false</useDomainConstraints>
<use>1</use>
<logicalDatatype>LOGDT024</logicalDatatype>
<dataTypeSize>256 BYTE</dataTypeSize>
<autoIncrementCycle>false</autoIncrementCycle>
</Column>
<Column name="Cancel Method" id="A5E8D4BA-81FA-8FD2-36B7-51098398B2CE">
<sourceConnName>TX_MAXDAT_PROD</sourceConnName>
<sourceObjSchema>D_MW_CURRENT</sourceObjSchema>
<sourceObjName>Cancel Method</sourceObjName>
<createdBy>mb56142</createdBy>
<createdTime>2014-06-24 01:36:16 UTC</createdTime>
<ownerDesignName>TXEB_BPM_Semantic_data_model_diagram</ownerDesignName>
<nameHasQuotes>true</nameHasQuotes>
<nullsAllowed>true</nullsAllowed>
<useDomainConstraints>false</useDomainConstraints>
<use>1</use>
<logicalDatatype>LOGDT024</logicalDatatype>
<dataTypeSize>50 BYTE</dataTypeSize>
<autoIncrementCycle>false</autoIncrementCycle>
</Column>
<Column name="TASK_PRIORITY" id="90CA211A-BF6E-1C05-C8F5-B33693A92CCC">
<sourceConnName>TX_MAXDAT_PROD</sourceConnName>
<sourceObjSchema>D_MW_CURRENT</sourceObjSchema>
<sourceObjName>TASK_PRIORITY</sourceObjName>
<createdBy>mb56142</createdBy>
<createdTime>2014-06-24 01:36:16 UTC</createdTime>
<ownerDesignName>TXEB_BPM_Semantic_data_model_diagram</ownerDesignName>
<nullsAllowed>true</nullsAllowed>
<useDomainConstraints>false</useDomainConstraints>
<use>1</use>
<logicalDatatype>LOGDT024</logicalDatatype>
<dataTypeSize>50 BYTE</dataTypeSize>
<autoIncrementCycle>false</autoIncrementCycle>
</Column>
<Column name="SOURCE_COMPLETE_DATE" id="869D1473-35F7-8A94-5D9F-24240B39542F">
<sourceConnName>TX_MAXDAT_PROD</sourceConnName>
<sourceObjSchema>D_MW_CURRENT</sourceObjSchema>
<sourceObjName>SOURCE_COMPLETE_DATE</sourceObjName>
<createdBy>mb56142</createdBy>
<createdTime>2014-06-24 01:36:16 UTC</createdTime>
<ownerDesignName>TXEB_BPM_Semantic_data_model_diagram</ownerDesignName>
<nullsAllowed>true</nullsAllowed>
<useDomainConstraints>false</useDomainConstraints>
<use>1</use>
<logicalDatatype>LOGDT007</logicalDatatype>
<dataTypeSize>7</dataTypeSize>
<autoIncrementCycle>false</autoIncrementCycle>
</Column>
</columns>
<indexes itemClass="oracle.dbtools.crest.model.design.relational.Index">
<ind_PK_UK id="CB431B69-A6CC-B4CF-CA05-339C675489A4" name="DMWCUR_PK">
<sourceConnName>TX_MAXDAT_PROD</sourceConnName>
<sourceObjSchema>MAXDAT</sourceObjSchema>
<sourceObjName>DMWCUR_PK</sourceObjName>
<createdBy>mb56142</createdBy>
<createdTime>2014-06-24 01:36:17 UTC</createdTime>
<ownerDesignName>TXEB_BPM_Semantic_data_model_diagram</ownerDesignName>
<pk>true</pk>
<indexState>Primary Constraint</indexState>
<isSurrogateKey>false</isSurrogateKey>
<indexColumnUsage>
<colUsage columnID="95125734-8862-F36E-5C56-7A82DB2E97E9"/>
</indexColumnUsage>
</ind_PK_UK>
<ind_PK_UK id="3382A570-0788-8BE0-7083-CDBFD5B5EF30" name="DMWCUR_UIX1">
<sourceConnName>TX_MAXDAT_PROD</sourceConnName>
<sourceObjSchema>MAXDAT</sourceObjSchema>
<sourceObjName>DMWCUR_UIX1</sourceObjName>
<createdBy>mb56142</createdBy>
<createdTime>2014-06-24 01:36:16 UTC</createdTime>
<ownerDesignName>TXEB_BPM_Semantic_data_model_diagram</ownerDesignName>
<indexState>Unique Plain Index</indexState>
<schemaObject>121AEE1F-FD79-403A-F17D-FF8859EA2228</schemaObject>
<isSurrogateKey>false</isSurrogateKey>
<indexColumnUsage>
<colUsage columnID="484BCDC1-28BA-781E-8430-42129762FBBE"/>
</indexColumnUsage>
</ind_PK_UK>
<ind_PK_UK id="DB7BE2B0-E8A1-A20A-20EC-B5382B6B1679" name="DMWCUR_PK">
<sourceConnName>TX_MAXDAT_PROD</sourceConnName>
<sourceObjSchema>MAXDAT</sourceObjSchema>
<sourceObjName>DMWCUR_PK</sourceObjName>
<createdBy>mb56142</createdBy>
<createdTime>2014-06-24 01:36:16 UTC</createdTime>
<ownerDesignName>TXEB_BPM_Semantic_data_model_diagram</ownerDesignName>
<indexState>Unique Plain Index</indexState>
<schemaObject>121AEE1F-FD79-403A-F17D-FF8859EA2228</schemaObject>
<isSurrogateKey>false</isSurrogateKey>
<indexColumnUsage>
<colUsage columnID="95125734-8862-F36E-5C56-7A82DB2E97E9"/>
</indexColumnUsage>
</ind_PK_UK>
</indexes>
</Table>