<?xml version = '1.0' encoding = 'UTF-8'?>
<Table class="oracle.dbtools.crest.model.design.relational.Table" directorySegmentName="seg_0" id="75CCF750-403B-C96E-E25C-5A1390E42C30" name="F_ME_BY_DATE">
<sourceConnName>TX_MAXDAT_PROD</sourceConnName>
<sourceObjSchema>MAXDAT</sourceObjSchema>
<sourceObjName>F_ME_BY_DATE</sourceObjName>
<createdBy>mb56142</createdBy>
<createdTime>2014-06-24 02:17:40 UTC</createdTime>
<ownerDesignName>TXEB_BPM_Semantic_data_model_diagram</ownerDesignName>
<schemaObject>121AEE1F-FD79-403A-F17D-FF8859EA2228</schemaObject>
<allowColumnReorder>false</allowColumnReorder>
<existDependencyGenerateInDDl>true</existDependencyGenerateInDDl>
<columns itemClass="oracle.dbtools.crest.model.design.relational.Column">
<Column name="FMEBD_ID" id="805873A6-E001-06F5-DDE9-9E6FEBD65AEF">
<sourceConnName>TX_MAXDAT_PROD</sourceConnName>
<sourceObjSchema>F_ME_BY_DATE</sourceObjSchema>
<sourceObjName>FMEBD_ID</sourceObjName>
<createdBy>mb56142</createdBy>
<createdTime>2014-06-24 02:17:40 UTC</createdTime>
<ownerDesignName>TXEB_BPM_Semantic_data_model_diagram</ownerDesignName>
<useDomainConstraints>false</useDomainConstraints>
<use>1</use>
<logicalDatatype>LOGDT019</logicalDatatype>
<autoIncrementCycle>false</autoIncrementCycle>
</Column>
<Column name="D_DATE" id="1071D9AC-EC3C-D635-DE20-8C6579AF6D34">
<sourceConnName>TX_MAXDAT_PROD</sourceConnName>
<sourceObjSchema>F_ME_BY_DATE</sourceObjSchema>
<sourceObjName>D_DATE</sourceObjName>
<createdBy>mb56142</createdBy>
<createdTime>2014-06-24 02:17:40 UTC</createdTime>
<ownerDesignName>TXEB_BPM_Semantic_data_model_diagram</ownerDesignName>
<useDomainConstraints>false</useDomainConstraints>
<use>1</use>
<logicalDatatype>LOGDT007</logicalDatatype>
<dataTypeSize>7</dataTypeSize>
<autoIncrementCycle>false</autoIncrementCycle>
</Column>
<Column name="BUCKET_START_DATE" id="4D037179-481E-1F38-928C-73E534463E12">
<sourceConnName>TX_MAXDAT_PROD</sourceConnName>
<sourceObjSchema>F_ME_BY_DATE</sourceObjSchema>
<sourceObjName>BUCKET_START_DATE</sourceObjName>
<createdBy>mb56142</createdBy>
<createdTime>2014-06-24 02:17:40 UTC</createdTime>
<ownerDesignName>TXEB_BPM_Semantic_data_model_diagram</ownerDesignName>
<useDomainConstraints>false</useDomainConstraints>
<use>1</use>
<logicalDatatype>LOGDT007</logicalDatatype>
<dataTypeSize>7</dataTypeSize>
<autoIncrementCycle>false</autoIncrementCycle>
</Column>
<Column name="BUCKET_END_DATE" id="E383C765-7F4E-8A69-A775-9589AC7BDCDB">
<sourceConnName>TX_MAXDAT_PROD</sourceConnName>
<sourceObjSchema>F_ME_BY_DATE</sourceObjSchema>
<sourceObjName>BUCKET_END_DATE</sourceObjName>
<createdBy>mb56142</createdBy>
<createdTime>2014-06-24 02:17:40 UTC</createdTime>
<ownerDesignName>TXEB_BPM_Semantic_data_model_diagram</ownerDesignName>
<useDomainConstraints>false</useDomainConstraints>
<use>1</use>
<logicalDatatype>LOGDT007</logicalDatatype>
<dataTypeSize>7</dataTypeSize>
<autoIncrementCycle>false</autoIncrementCycle>
</Column>
<Column name="ME_BI_ID" id="12212171-FDE3-8D08-616C-200B3BBB52FF">
<sourceConnName>TX_MAXDAT_PROD</sourceConnName>
<sourceObjSchema>F_ME_BY_DATE</sourceObjSchema>
<sourceObjName>ME_BI_ID</sourceObjName>
<createdBy>mb56142</createdBy>
<createdTime>2014-06-24 02:17:40 UTC</createdTime>
<ownerDesignName>TXEB_BPM_Semantic_data_model_diagram</ownerDesignName>
<useDomainConstraints>false</useDomainConstraints>
<use>1</use>
<logicalDatatype>LOGDT019</logicalDatatype>
<dataTypePrecision>18</dataTypePrecision>
<delegate>3CC3F7F6-141D-ABF5-E182-55B393DDFD9B</delegate>
<autoIncrementCycle>false</autoIncrementCycle>
<associations>
<colAssociation fkAssociation="47A1B251-3648-0615-4F21-CB78411618E4" referredColumn="3CC3F7F6-141D-ABF5-E182-55B393DDFD9B"/>
</associations>
</Column>
<Column name="DMESC_ID" id="3C32F282-3E75-1B57-0C73-D97B9265AFC5">
<sourceConnName>TX_MAXDAT_PROD</sourceConnName>
<sourceObjSchema>F_ME_BY_DATE</sourceObjSchema>
<sourceObjName>DMESC_ID</sourceObjName>
<createdBy>mb56142</createdBy>
<createdTime>2014-06-24 02:17:40 UTC</createdTime>
<ownerDesignName>TXEB_BPM_Semantic_data_model_diagram</ownerDesignName>
<useDomainConstraints>false</useDomainConstraints>
<use>1</use>
<logicalDatatype>LOGDT019</logicalDatatype>
<delegate>9CE44A4E-93A5-ACD4-CB47-0DD09AB9D14B</delegate>
<autoIncrementCycle>false</autoIncrementCycle>
<associations>
<colAssociation fkAssociation="45E31D60-87AD-C5F2-9173-59A145C03B7D" referredColumn="9CE44A4E-93A5-ACD4-CB47-0DD09AB9D14B"/>
</associations>
</Column>
<Column name="CREATION_COUNT" id="3D74BB5D-4EFA-0838-3B2E-C09A3010BD7F">
<sourceConnName>TX_MAXDAT_PROD</sourceConnName>
<sourceObjSchema>F_ME_BY_DATE</sourceObjSchema>
<sourceObjName>CREATION_COUNT</sourceObjName>
<createdBy>mb56142</createdBy>
<createdTime>2014-06-24 02:17:40 UTC</createdTime>
<ownerDesignName>TXEB_BPM_Semantic_data_model_diagram</ownerDesignName>
<nullsAllowed>true</nullsAllowed>
<useDomainConstraints>false</useDomainConstraints>
<use>1</use>
<logicalDatatype>LOGDT019</logicalDatatype>
<autoIncrementCycle>false</autoIncrementCycle>
</Column>
<Column name="INVENTORY_COUNT" id="9B3EB6A8-1622-502C-21D8-4F04482D5BF7">
<sourceConnName>TX_MAXDAT_PROD</sourceConnName>
<sourceObjSchema>F_ME_BY_DATE</sourceObjSchema>
<sourceObjName>INVENTORY_COUNT</sourceObjName>
<createdBy>mb56142</createdBy>
<createdTime>2014-06-24 02:17:40 UTC</createdTime>
<ownerDesignName>TXEB_BPM_Semantic_data_model_diagram</ownerDesignName>
<nullsAllowed>true</nullsAllowed>
<useDomainConstraints>false</useDomainConstraints>
<use>1</use>
<logicalDatatype>LOGDT019</logicalDatatype>
<autoIncrementCycle>false</autoIncrementCycle>
</Column>
<Column name="COMPLETION_COUNT" id="1FC115A0-9FD5-7CEA-D15F-E12BF461CC56">
<sourceConnName>TX_MAXDAT_PROD</sourceConnName>
<sourceObjSchema>F_ME_BY_DATE</sourceObjSchema>
<sourceObjName>COMPLETION_COUNT</sourceObjName>
<createdBy>mb56142</createdBy>
<createdTime>2014-06-24 02:17:40 UTC</createdTime>
<ownerDesignName>TXEB_BPM_Semantic_data_model_diagram</ownerDesignName>
<nullsAllowed>true</nullsAllowed>
<useDomainConstraints>false</useDomainConstraints>
<use>1</use>
<logicalDatatype>LOGDT019</logicalDatatype>
<autoIncrementCycle>false</autoIncrementCycle>
</Column>
<Column name="ENROLLMENT_STATUS_DATE" id="0CFE70E7-C9AD-7F90-0968-BC5D896F087F">
<sourceConnName>TX_MAXDAT_PROD</sourceConnName>
<sourceObjSchema>F_ME_BY_DATE</sourceObjSchema>
<sourceObjName>ENROLLMENT_STATUS_DATE</sourceObjName>
<createdBy>mb56142</createdBy>
<createdTime>2014-06-24 02:17:40 UTC</createdTime>
<ownerDesignName>TXEB_BPM_Semantic_data_model_diagram</ownerDesignName>
<nullsAllowed>true</nullsAllowed>
<useDomainConstraints>false</useDomainConstraints>
<use>1</use>
<logicalDatatype>LOGDT007</logicalDatatype>
<dataTypeSize>7</dataTypeSize>
<autoIncrementCycle>false</autoIncrementCycle>
</Column>
</columns>
<indexes itemClass="oracle.dbtools.crest.model.design.relational.Index">
<ind_PK_UK id="B5E09BC6-D791-BAB5-7EB9-0057E33DD0FF" name="FMEBD_PK">
<sourceConnName>TX_MAXDAT_PROD</sourceConnName>
<sourceObjSchema>MAXDAT</sourceObjSchema>
<sourceObjName>FMEBD_PK</sourceObjName>
<createdBy>mb56142</createdBy>
<createdTime>2014-06-24 02:17:41 UTC</createdTime>
<ownerDesignName>TXEB_BPM_Semantic_data_model_diagram</ownerDesignName>
<pk>true</pk>
<indexState>Primary Constraint</indexState>
<isSurrogateKey>false</isSurrogateKey>
<indexColumnUsage>
<colUsage columnID="805873A6-E001-06F5-DDE9-9E6FEBD65AEF"/>
</indexColumnUsage>
</ind_PK_UK>
<ind_PK_UK id="D759CE60-0684-C700-6F22-BA91985DCC4F" name="FMEBD_PK">
<sourceConnName>TX_MAXDAT_PROD</sourceConnName>
<sourceObjSchema>MAXDAT</sourceObjSchema>
<sourceObjName>FMEBD_PK</sourceObjName>
<createdBy>mb56142</createdBy>
<createdTime>2014-06-24 02:17:40 UTC</createdTime>
<ownerDesignName>TXEB_BPM_Semantic_data_model_diagram</ownerDesignName>
<indexState>Unique Plain Index</indexState>
<schemaObject>121AEE1F-FD79-403A-F17D-FF8859EA2228</schemaObject>
<isSurrogateKey>false</isSurrogateKey>
<indexColumnUsage>
<colUsage columnID="805873A6-E001-06F5-DDE9-9E6FEBD65AEF"/>
</indexColumnUsage>
</ind_PK_UK>
<ind_PK_UK id="B1B3FCB3-8747-BDBD-FAB6-6CB5777D3564" name="FMEBD_UIX1">
<sourceConnName>TX_MAXDAT_PROD</sourceConnName>
<sourceObjSchema>MAXDAT</sourceObjSchema>
<sourceObjName>FMEBD_UIX1</sourceObjName>
<createdBy>mb56142</createdBy>
<createdTime>2014-06-24 02:17:40 UTC</createdTime>
<ownerDesignName>TXEB_BPM_Semantic_data_model_diagram</ownerDesignName>
<indexState>Unique Plain Index</indexState>
<schemaObject>121AEE1F-FD79-403A-F17D-FF8859EA2228</schemaObject>
<isSurrogateKey>false</isSurrogateKey>
<indexColumnUsage>
<colUsage columnID="12212171-FDE3-8D08-616C-200B3BBB52FF"/>
<colUsage columnID="1071D9AC-EC3C-D635-DE20-8C6579AF6D34"/>
</indexColumnUsage>
</ind_PK_UK>
<ind_PK_UK id="02553263-243F-3362-66E0-14FE6F354479" name="FMEBD_UIX2">
<sourceConnName>TX_MAXDAT_PROD</sourceConnName>
<sourceObjSchema>MAXDAT</sourceObjSchema>
<sourceObjName>FMEBD_UIX2</sourceObjName>
<createdBy>mb56142</createdBy>
<createdTime>2014-06-24 02:17:40 UTC</createdTime>
<ownerDesignName>TXEB_BPM_Semantic_data_model_diagram</ownerDesignName>
<indexState>Unique Plain Index</indexState>
<schemaObject>121AEE1F-FD79-403A-F17D-FF8859EA2228</schemaObject>
<isSurrogateKey>false</isSurrogateKey>
<indexColumnUsage>
<colUsage columnID="12212171-FDE3-8D08-616C-200B3BBB52FF"/>
<colUsage columnID="4D037179-481E-1F38-928C-73E534463E12"/>
</indexColumnUsage>
</ind_PK_UK>
<ind_PK_UK id="85965D44-F045-3016-88D8-C43C58697C52" name="FMEBD_IX1">
<sourceConnName>TX_MAXDAT_PROD</sourceConnName>
<sourceObjSchema>MAXDAT</sourceObjSchema>
<sourceObjName>FMEBD_IX1</sourceObjName>
<createdBy>mb56142</createdBy>
<createdTime>2014-06-24 02:17:40 UTC</createdTime>
<ownerDesignName>TXEB_BPM_Semantic_data_model_diagram</ownerDesignName>
<schemaObject>121AEE1F-FD79-403A-F17D-FF8859EA2228</schemaObject>
<isSurrogateKey>false</isSurrogateKey>
<indexColumnUsage>
<colUsage columnID="0CFE70E7-C9AD-7F90-0968-BC5D896F087F"/>
</indexColumnUsage>
</ind_PK_UK>
<ind_PK_UK id="0C2C8F15-98E2-0453-992C-1166BCEA017D" name="FMEBD_IXL4">
<sourceConnName>TX_MAXDAT_PROD</sourceConnName>
<sourceObjSchema>MAXDAT</sourceObjSchema>
<sourceObjName>FMEBD_IXL4</sourceObjName>
<createdBy>mb56142</createdBy>
<createdTime>2014-06-24 02:17:40 UTC</createdTime>
<ownerDesignName>TXEB_BPM_Semantic_data_model_diagram</ownerDesignName>
<schemaObject>121AEE1F-FD79-403A-F17D-FF8859EA2228</schemaObject>
<isSurrogateKey>false</isSurrogateKey>
<indexColumnUsage>
<colUsage columnID="3D74BB5D-4EFA-0838-3B2E-C09A3010BD7F"/>
</indexColumnUsage>
</ind_PK_UK>
<ind_PK_UK id="BA698FF1-10FD-7BDB-CBF8-6DC35073DEFC" name="FMEBD_IXL3">
<sourceConnName>TX_MAXDAT_PROD</sourceConnName>
<sourceObjSchema>MAXDAT</sourceObjSchema>
<sourceObjName>FMEBD_IXL3</sourceObjName>
<createdBy>mb56142</createdBy>
<createdTime>2014-06-24 02:17:40 UTC</createdTime>
<ownerDesignName>TXEB_BPM_Semantic_data_model_diagram</ownerDesignName>
<schemaObject>121AEE1F-FD79-403A-F17D-FF8859EA2228</schemaObject>
<isSurrogateKey>false</isSurrogateKey>
<indexColumnUsage>
<colUsage columnID="4D037179-481E-1F38-928C-73E534463E12"/>
<colUsage columnID="E383C765-7F4E-8A69-A775-9589AC7BDCDB"/>
</indexColumnUsage>
</ind_PK_UK>
<ind_PK_UK id="DA52A9FB-2337-C204-FBA7-8E81F5DC1A39" name="FMEBD_IXL2">
<sourceConnName>TX_MAXDAT_PROD</sourceConnName>
<sourceObjSchema>MAXDAT</sourceObjSchema>
<sourceObjName>FMEBD_IXL2</sourceObjName>
<createdBy>mb56142</createdBy>
<createdTime>2014-06-24 02:17:41 UTC</createdTime>
<ownerDesignName>TXEB_BPM_Semantic_data_model_diagram</ownerDesignName>
<schemaObject>121AEE1F-FD79-403A-F17D-FF8859EA2228</schemaObject>
<isSurrogateKey>false</isSurrogateKey>
<indexColumnUsage>
<colUsage columnID="12212171-FDE3-8D08-616C-200B3BBB52FF"/>
</indexColumnUsage>
</ind_PK_UK>
<ind_PK_UK id="FBACBF68-9B12-1140-1B52-AF646B748311" name="FMEBD_IXL1">
<sourceConnName>TX_MAXDAT_PROD</sourceConnName>
<sourceObjSchema>MAXDAT</sourceObjSchema>
<sourceObjName>FMEBD_IXL1</sourceObjName>
<createdBy>mb56142</createdBy>
<createdTime>2014-06-24 02:17:41 UTC</createdTime>
<ownerDesignName>TXEB_BPM_Semantic_data_model_diagram</ownerDesignName>
<schemaObject>121AEE1F-FD79-403A-F17D-FF8859EA2228</schemaObject>
<isSurrogateKey>false</isSurrogateKey>
<indexColumnUsage>
<colUsage columnID="E383C765-7F4E-8A69-A775-9589AC7BDCDB"/>
</indexColumnUsage>
</ind_PK_UK>
<ind_PK_UK id="9554FFC3-BF1A-403E-1743-DC91AEAA4D2F" name="FMEBD_DMECUR_FK">
<createdBy>mb56142</createdBy>
<createdTime>2014-06-24 02:17:41 UTC</createdTime>
<ownerDesignName>TXEB_BPM_Semantic_data_model_diagram</ownerDesignName>
<indexState>Foreign Key</indexState>
<isSurrogateKey>false</isSurrogateKey>
<indexColumnUsage>
<colUsage columnID="12212171-FDE3-8D08-616C-200B3BBB52FF"/>
</indexColumnUsage>
</ind_PK_UK>
<ind_PK_UK id="E13EF680-D2BD-49FB-2B0A-DB50DC4715AB" name="FMEBD_ID_FK">
<createdBy>mb56142</createdBy>
<createdTime>2014-06-24 02:17:41 UTC</createdTime>
<ownerDesignName>TXEB_BPM_Semantic_data_model_diagram</ownerDesignName>
<indexState>Foreign Key</indexState>
<isSurrogateKey>false</isSurrogateKey>
<indexColumnUsage>
<colUsage columnID="3C32F282-3E75-1B57-0C73-D97B9265AFC5"/>
</indexColumnUsage>
</ind_PK_UK>
</indexes>
</Table>