<?xml version = '1.0' encoding = 'UTF-8'?>
<Table class="oracle.dbtools.crest.model.design.relational.Table" directorySegmentName="seg_0" id="76B6B92A-5836-3410-2380-2A2A929F815A" name="D_PI_LAST_UPDATE_BY">
<sourceConnName>TX_MAXDAT_PROD</sourceConnName>
<sourceObjSchema>MAXDAT</sourceObjSchema>
<sourceObjName>D_PI_LAST_UPDATE_BY</sourceObjName>
<createdBy>mb56142</createdBy>
<createdTime>2014-06-25 02:10:40 UTC</createdTime>
<ownerDesignName>TXEB_BPM_Semantic_data_model_diagram</ownerDesignName>
<schemaObject>121AEE1F-FD79-403A-F17D-FF8859EA2228</schemaObject>
<allowColumnReorder>false</allowColumnReorder>
<existDependencyGenerateInDDl>true</existDependencyGenerateInDDl>
<columns itemClass="oracle.dbtools.crest.model.design.relational.Column">
<Column name="DPIUB_ID" id="7C8BBCD0-2E0E-D174-BC0B-E4FAD85E2712">
<sourceConnName>TX_MAXDAT_PROD</sourceConnName>
<sourceObjSchema>D_PI_LAST_UPDATE_BY</sourceObjSchema>
<sourceObjName>DPIUB_ID</sourceObjName>
<createdBy>mb56142</createdBy>
<createdTime>2014-06-25 02:10:41 UTC</createdTime>
<ownerDesignName>TXEB_BPM_Semantic_data_model_diagram</ownerDesignName>
<useDomainConstraints>false</useDomainConstraints>
<use>1</use>
<logicalDatatype>LOGDT019</logicalDatatype>
<autoIncrementCycle>false</autoIncrementCycle>
</Column>
<Column name="Last Update By Name" id="27365B5F-6C26-F76F-D7B2-6747AEFCD630">
<sourceConnName>TX_MAXDAT_PROD</sourceConnName>
<sourceObjSchema>D_PI_LAST_UPDATE_BY</sourceObjSchema>
<sourceObjName>Last Update By Name</sourceObjName>
<createdBy>mb56142</createdBy>
<createdTime>2014-06-25 02:10:41 UTC</createdTime>
<ownerDesignName>TXEB_BPM_Semantic_data_model_diagram</ownerDesignName>
<nameHasQuotes>true</nameHasQuotes>
<nullsAllowed>true</nullsAllowed>
<useDomainConstraints>false</useDomainConstraints>
<use>1</use>
<logicalDatatype>LOGDT024</logicalDatatype>
<dataTypeSize>100 BYTE</dataTypeSize>
<autoIncrementCycle>false</autoIncrementCycle>
</Column>
</columns>
<indexes itemClass="oracle.dbtools.crest.model.design.relational.Index">
<ind_PK_UK id="C255BF67-AF0E-F6BB-A4B5-735C0449216E" name="DPILUB_PK">
<sourceConnName>TX_MAXDAT_PROD</sourceConnName>
<sourceObjSchema>MAXDAT</sourceObjSchema>
<sourceObjName>DPILUB_PK</sourceObjName>
<createdBy>mb56142</createdBy>
<createdTime>2014-06-25 02:10:41 UTC</createdTime>
<ownerDesignName>TXEB_BPM_Semantic_data_model_diagram</ownerDesignName>
<pk>true</pk>
<indexState>Primary Constraint</indexState>
<isSurrogateKey>false</isSurrogateKey>
<indexColumnUsage>
<colUsage columnID="7C8BBCD0-2E0E-D174-BC0B-E4FAD85E2712"/>
</indexColumnUsage>
</ind_PK_UK>
<ind_PK_UK id="FDB3ABAA-9651-11ED-DD2A-7908C4465BC7" name="DPIUB_PK">
<sourceConnName>TX_MAXDAT_PROD</sourceConnName>
<sourceObjSchema>MAXDAT</sourceObjSchema>
<sourceObjName>DPIUB_PK</sourceObjName>
<createdBy>mb56142</createdBy>
<createdTime>2014-06-25 02:10:41 UTC</createdTime>
<ownerDesignName>TXEB_BPM_Semantic_data_model_diagram</ownerDesignName>
<indexState>Unique Plain Index</indexState>
<schemaObject>121AEE1F-FD79-403A-F17D-FF8859EA2228</schemaObject>
<isSurrogateKey>false</isSurrogateKey>
<indexColumnUsage>
<colUsage columnID="7C8BBCD0-2E0E-D174-BC0B-E4FAD85E2712"/>
</indexColumnUsage>
</ind_PK_UK>
<ind_PK_UK id="D3A4A75F-56C4-FF3A-42B1-612597AEB85D" name="DPIUB_UIX1">
<sourceConnName>TX_MAXDAT_PROD</sourceConnName>
<sourceObjSchema>MAXDAT</sourceObjSchema>
<sourceObjName>DPIUB_UIX1</sourceObjName>
<createdBy>mb56142</createdBy>
<createdTime>2014-06-25 02:10:41 UTC</createdTime>
<ownerDesignName>TXEB_BPM_Semantic_data_model_diagram</ownerDesignName>
<indexState>Unique Plain Index</indexState>
<schemaObject>121AEE1F-FD79-403A-F17D-FF8859EA2228</schemaObject>
<isSurrogateKey>false</isSurrogateKey>
<indexColumnUsage>
<colUsage columnID="27365B5F-6C26-F76F-D7B2-6747AEFCD630"/>
</indexColumnUsage>
</ind_PK_UK>
</indexes>
</Table>