<?xml version = '1.0' encoding = 'UTF-8'?>
<Table class="oracle.dbtools.crest.model.design.relational.Table" directorySegmentName="seg_0" id="7786A681-0864-CC00-2F5A-AEC17B81F0BC" name="D_MW_TASK_TYPE">
<sourceConnName>TX_MAXDAT_PROD</sourceConnName>
<sourceObjSchema>MAXDAT</sourceObjSchema>
<sourceObjName>D_MW_TASK_TYPE</sourceObjName>
<createdBy>mb56142</createdBy>
<createdTime>2014-06-24 02:11:19 UTC</createdTime>
<ownerDesignName>TXEB_BPM_Semantic_data_model_diagram</ownerDesignName>
<schemaObject>121AEE1F-FD79-403A-F17D-FF8859EA2228</schemaObject>
<allowColumnReorder>false</allowColumnReorder>
<existDependencyGenerateInDDl>true</existDependencyGenerateInDDl>
<columns itemClass="oracle.dbtools.crest.model.design.relational.Column">
<Column name="DMWTT_ID" id="8DC47A74-575B-9777-8575-80562E534F71">
<sourceConnName>TX_MAXDAT_PROD</sourceConnName>
<sourceObjSchema>D_MW_TASK_TYPE</sourceObjSchema>
<sourceObjName>DMWTT_ID</sourceObjName>
<createdBy>mb56142</createdBy>
<createdTime>2014-06-24 02:11:19 UTC</createdTime>
<ownerDesignName>TXEB_BPM_Semantic_data_model_diagram</ownerDesignName>
<useDomainConstraints>false</useDomainConstraints>
<use>1</use>
<logicalDatatype>LOGDT019</logicalDatatype>
<autoIncrementCycle>false</autoIncrementCycle>
</Column>
<Column name="Group Name" id="00F956BD-65DE-EE62-A969-C03DBAA96AFD">
<sourceConnName>TX_MAXDAT_PROD</sourceConnName>
<sourceObjSchema>D_MW_TASK_TYPE</sourceObjSchema>
<sourceObjName>Group Name</sourceObjName>
<createdBy>mb56142</createdBy>
<createdTime>2014-06-24 02:11:19 UTC</createdTime>
<ownerDesignName>TXEB_BPM_Semantic_data_model_diagram</ownerDesignName>
<nameHasQuotes>true</nameHasQuotes>
<nullsAllowed>true</nullsAllowed>
<useDomainConstraints>false</useDomainConstraints>
<use>1</use>
<logicalDatatype>LOGDT024</logicalDatatype>
<dataTypeSize>100 BYTE</dataTypeSize>
<autoIncrementCycle>false</autoIncrementCycle>
</Column>
<Column name="Group Parent Name" id="000229B9-C130-E6A2-B147-0E6E2E055F9D">
<sourceConnName>TX_MAXDAT_PROD</sourceConnName>
<sourceObjSchema>D_MW_TASK_TYPE</sourceObjSchema>
<sourceObjName>Group Parent Name</sourceObjName>
<createdBy>mb56142</createdBy>
<createdTime>2014-06-24 02:11:19 UTC</createdTime>
<ownerDesignName>TXEB_BPM_Semantic_data_model_diagram</ownerDesignName>
<nameHasQuotes>true</nameHasQuotes>
<nullsAllowed>true</nullsAllowed>
<useDomainConstraints>false</useDomainConstraints>
<use>1</use>
<logicalDatatype>LOGDT024</logicalDatatype>
<dataTypeSize>100 BYTE</dataTypeSize>
<autoIncrementCycle>false</autoIncrementCycle>
</Column>
<Column name="Group Supervisor Name" id="276BFBDD-282E-5074-8845-A6B66D1BA6F6">
<sourceConnName>TX_MAXDAT_PROD</sourceConnName>
<sourceObjSchema>D_MW_TASK_TYPE</sourceObjSchema>
<sourceObjName>Group Supervisor Name</sourceObjName>
<createdBy>mb56142</createdBy>
<createdTime>2014-06-24 02:11:19 UTC</createdTime>
<ownerDesignName>TXEB_BPM_Semantic_data_model_diagram</ownerDesignName>
<nameHasQuotes>true</nameHasQuotes>
<nullsAllowed>true</nullsAllowed>
<useDomainConstraints>false</useDomainConstraints>
<use>1</use>
<logicalDatatype>LOGDT024</logicalDatatype>
<dataTypeSize>100 BYTE</dataTypeSize>
<autoIncrementCycle>false</autoIncrementCycle>
</Column>
<Column name="Task Type" id="89ADE3DD-7C16-1D99-8719-3246AF05C322">
<sourceConnName>TX_MAXDAT_PROD</sourceConnName>
<sourceObjSchema>D_MW_TASK_TYPE</sourceObjSchema>
<sourceObjName>Task Type</sourceObjName>
<createdBy>mb56142</createdBy>
<createdTime>2014-06-24 02:11:19 UTC</createdTime>
<ownerDesignName>TXEB_BPM_Semantic_data_model_diagram</ownerDesignName>
<nameHasQuotes>true</nameHasQuotes>
<useDomainConstraints>false</useDomainConstraints>
<use>1</use>
<logicalDatatype>LOGDT024</logicalDatatype>
<dataTypeSize>100 BYTE</dataTypeSize>
<autoIncrementCycle>false</autoIncrementCycle>
</Column>
<Column name="Team Name" id="CBEB75A6-DB2C-C637-CD00-5FA8A592026B">
<sourceConnName>TX_MAXDAT_PROD</sourceConnName>
<sourceObjSchema>D_MW_TASK_TYPE</sourceObjSchema>
<sourceObjName>Team Name</sourceObjName>
<createdBy>mb56142</createdBy>
<createdTime>2014-06-24 02:11:19 UTC</createdTime>
<ownerDesignName>TXEB_BPM_Semantic_data_model_diagram</ownerDesignName>
<nameHasQuotes>true</nameHasQuotes>
<nullsAllowed>true</nullsAllowed>
<useDomainConstraints>false</useDomainConstraints>
<use>1</use>
<logicalDatatype>LOGDT024</logicalDatatype>
<dataTypeSize>100 BYTE</dataTypeSize>
<autoIncrementCycle>false</autoIncrementCycle>
</Column>
<Column name="Team Parent Name" id="4947F1A0-FF08-B2AE-D1B6-2392D488DD9D">
<sourceConnName>TX_MAXDAT_PROD</sourceConnName>
<sourceObjSchema>D_MW_TASK_TYPE</sourceObjSchema>
<sourceObjName>Team Parent Name</sourceObjName>
<createdBy>mb56142</createdBy>
<createdTime>2014-06-24 02:11:19 UTC</createdTime>
<ownerDesignName>TXEB_BPM_Semantic_data_model_diagram</ownerDesignName>
<nameHasQuotes>true</nameHasQuotes>
<nullsAllowed>true</nullsAllowed>
<useDomainConstraints>false</useDomainConstraints>
<use>1</use>
<logicalDatatype>LOGDT024</logicalDatatype>
<dataTypeSize>100 BYTE</dataTypeSize>
<autoIncrementCycle>false</autoIncrementCycle>
</Column>
<Column name="Team Supervisor Name" id="4D376E8E-C064-5C6F-A5F3-23ECA59FCC83">
<sourceConnName>TX_MAXDAT_PROD</sourceConnName>
<sourceObjSchema>D_MW_TASK_TYPE</sourceObjSchema>
<sourceObjName>Team Supervisor Name</sourceObjName>
<createdBy>mb56142</createdBy>
<createdTime>2014-06-24 02:11:19 UTC</createdTime>
<ownerDesignName>TXEB_BPM_Semantic_data_model_diagram</ownerDesignName>
<nameHasQuotes>true</nameHasQuotes>
<nullsAllowed>true</nullsAllowed>
<useDomainConstraints>false</useDomainConstraints>
<use>1</use>
<logicalDatatype>LOGDT024</logicalDatatype>
<dataTypeSize>100 BYTE</dataTypeSize>
<autoIncrementCycle>false</autoIncrementCycle>
</Column>
</columns>
<indexes itemClass="oracle.dbtools.crest.model.design.relational.Index">
<ind_PK_UK id="EE2F65A9-890E-CCC5-76F3-79034B069A7E" name="DMWTT_PK">
<sourceConnName>TX_MAXDAT_PROD</sourceConnName>
<sourceObjSchema>MAXDAT</sourceObjSchema>
<sourceObjName>DMWTT_PK</sourceObjName>
<createdBy>mb56142</createdBy>
<createdTime>2014-06-24 02:11:19 UTC</createdTime>
<ownerDesignName>TXEB_BPM_Semantic_data_model_diagram</ownerDesignName>
<pk>true</pk>
<indexState>Primary Constraint</indexState>
<isSurrogateKey>false</isSurrogateKey>
<indexColumnUsage>
<colUsage columnID="8DC47A74-575B-9777-8575-80562E534F71"/>
</indexColumnUsage>
</ind_PK_UK>
<ind_PK_UK id="EE6BDD7D-1810-BCAF-E0EC-71602FCB906B" name="DMWH_PK">
<sourceConnName>TX_MAXDAT_PROD</sourceConnName>
<sourceObjSchema>MAXDAT</sourceObjSchema>
<sourceObjName>DMWH_PK</sourceObjName>
<createdBy>mb56142</createdBy>
<createdTime>2014-06-24 02:11:19 UTC</createdTime>
<ownerDesignName>TXEB_BPM_Semantic_data_model_diagram</ownerDesignName>
<indexState>Unique Plain Index</indexState>
<schemaObject>121AEE1F-FD79-403A-F17D-FF8859EA2228</schemaObject>
<isSurrogateKey>false</isSurrogateKey>
<indexColumnUsage>
<colUsage columnID="8DC47A74-575B-9777-8575-80562E534F71"/>
</indexColumnUsage>
</ind_PK_UK>
<ind_PK_UK id="36F709F9-79C4-69DE-A8A8-C27316A2496C" name="DMWTT_UIX1">
<sourceConnName>TX_MAXDAT_PROD</sourceConnName>
<sourceObjSchema>MAXDAT</sourceObjSchema>
<sourceObjName>DMWTT_UIX1</sourceObjName>
<createdBy>mb56142</createdBy>
<createdTime>2014-06-24 02:11:19 UTC</createdTime>
<ownerDesignName>TXEB_BPM_Semantic_data_model_diagram</ownerDesignName>
<indexState>Unique Plain Index</indexState>
<schemaObject>121AEE1F-FD79-403A-F17D-FF8859EA2228</schemaObject>
<isSurrogateKey>false</isSurrogateKey>
<indexColumnUsage>
<colUsage columnID="00F956BD-65DE-EE62-A969-C03DBAA96AFD"/>
<colUsage columnID="000229B9-C130-E6A2-B147-0E6E2E055F9D"/>
<colUsage columnID="276BFBDD-282E-5074-8845-A6B66D1BA6F6"/>
<colUsage columnID="89ADE3DD-7C16-1D99-8719-3246AF05C322"/>
<colUsage columnID="CBEB75A6-DB2C-C637-CD00-5FA8A592026B"/>
<colUsage columnID="4947F1A0-FF08-B2AE-D1B6-2392D488DD9D"/>
<colUsage columnID="4D376E8E-C064-5C6F-A5F3-23ECA59FCC83"/>
</indexColumnUsage>
</ind_PK_UK>
</indexes>
</Table>