<?xml version = '1.0' encoding = 'UTF-8'?>
<Table class="oracle.dbtools.crest.model.design.relational.Table" directorySegmentName="seg_0" id="8689B214-0CBA-AF5E-54D4-6046745F16F2" name="D_MFDOC_INSTANCE_STATUS">
<sourceConnName>TX_MAXDAT_PROD</sourceConnName>
<sourceObjSchema>MAXDAT</sourceObjSchema>
<sourceObjName>D_MFDOC_INSTANCE_STATUS</sourceObjName>
<createdBy>mb56142</createdBy>
<createdTime>2014-06-25 02:29:42 UTC</createdTime>
<ownerDesignName>TXEB_BPM_Semantic_data_model_diagram</ownerDesignName>
<schemaObject>121AEE1F-FD79-403A-F17D-FF8859EA2228</schemaObject>
<allowColumnReorder>false</allowColumnReorder>
<existDependencyGenerateInDDl>true</existDependencyGenerateInDDl>
<columns itemClass="oracle.dbtools.crest.model.design.relational.Column">
<Column name="DMFDOCIS_ID" id="2AC5E35D-7084-A77B-C92A-FA0B4E3B2752">
<sourceConnName>TX_MAXDAT_PROD</sourceConnName>
<sourceObjSchema>D_MFDOC_INSTANCE_STATUS</sourceObjSchema>
<sourceObjName>DMFDOCIS_ID</sourceObjName>
<createdBy>mb56142</createdBy>
<createdTime>2014-06-25 02:29:42 UTC</createdTime>
<ownerDesignName>TXEB_BPM_Semantic_data_model_diagram</ownerDesignName>
<useDomainConstraints>false</useDomainConstraints>
<use>1</use>
<logicalDatatype>LOGDT019</logicalDatatype>
<autoIncrementCycle>false</autoIncrementCycle>
</Column>
<Column name="Instance Status" id="6AAB2B2D-666B-2B17-CA56-ED9D4E8075B2">
<sourceConnName>TX_MAXDAT_PROD</sourceConnName>
<sourceObjSchema>D_MFDOC_INSTANCE_STATUS</sourceObjSchema>
<sourceObjName>Instance Status</sourceObjName>
<createdBy>mb56142</createdBy>
<createdTime>2014-06-25 02:29:42 UTC</createdTime>
<ownerDesignName>TXEB_BPM_Semantic_data_model_diagram</ownerDesignName>
<nameHasQuotes>true</nameHasQuotes>
<useDomainConstraints>false</useDomainConstraints>
<use>1</use>
<logicalDatatype>LOGDT024</logicalDatatype>
<dataTypeSize>32 BYTE</dataTypeSize>
<autoIncrementCycle>false</autoIncrementCycle>
</Column>
</columns>
<indexes itemClass="oracle.dbtools.crest.model.design.relational.Index">
<ind_PK_UK id="411DF076-A6CE-182D-A7C9-84B01E549E1F" name="DMFDOCIS_PK">
<sourceConnName>TX_MAXDAT_PROD</sourceConnName>
<sourceObjSchema>MAXDAT</sourceObjSchema>
<sourceObjName>DMFDOCIS_PK</sourceObjName>
<createdBy>mb56142</createdBy>
<createdTime>2014-06-25 02:29:42 UTC</createdTime>
<ownerDesignName>TXEB_BPM_Semantic_data_model_diagram</ownerDesignName>
<pk>true</pk>
<indexState>Primary Constraint</indexState>
<isSurrogateKey>false</isSurrogateKey>
<indexColumnUsage>
<colUsage columnID="2AC5E35D-7084-A77B-C92A-FA0B4E3B2752"/>
</indexColumnUsage>
</ind_PK_UK>
<ind_PK_UK id="9D7DD084-AA12-2E4F-3171-301D5E607DD9" name="DMFDOCIS_PK">
<sourceConnName>TX_MAXDAT_PROD</sourceConnName>
<sourceObjSchema>MAXDAT</sourceObjSchema>
<sourceObjName>DMFDOCIS_PK</sourceObjName>
<createdBy>mb56142</createdBy>
<createdTime>2014-06-25 02:29:42 UTC</createdTime>
<ownerDesignName>TXEB_BPM_Semantic_data_model_diagram</ownerDesignName>
<indexState>Unique Plain Index</indexState>
<schemaObject>121AEE1F-FD79-403A-F17D-FF8859EA2228</schemaObject>
<isSurrogateKey>false</isSurrogateKey>
<indexColumnUsage>
<colUsage columnID="2AC5E35D-7084-A77B-C92A-FA0B4E3B2752"/>
</indexColumnUsage>
</ind_PK_UK>
<ind_PK_UK id="27662D58-F7C3-5327-ECA7-F8865D8C67C4" name="DMFDOCIS_UIX1">
<sourceConnName>TX_MAXDAT_PROD</sourceConnName>
<sourceObjSchema>MAXDAT</sourceObjSchema>
<sourceObjName>DMFDOCIS_UIX1</sourceObjName>
<createdBy>mb56142</createdBy>
<createdTime>2014-06-25 02:29:42 UTC</createdTime>
<ownerDesignName>TXEB_BPM_Semantic_data_model_diagram</ownerDesignName>
<indexState>Unique Plain Index</indexState>
<schemaObject>121AEE1F-FD79-403A-F17D-FF8859EA2228</schemaObject>
<isSurrogateKey>false</isSurrogateKey>
<indexColumnUsage>
<colUsage columnID="6AAB2B2D-666B-2B17-CA56-ED9D4E8075B2"/>
</indexColumnUsage>
</ind_PK_UK>
</indexes>
</Table>