<?xml version = '1.0' encoding = 'UTF-8'?>
<Table class="oracle.dbtools.crest.model.design.relational.Table" directorySegmentName="seg_0" id="8A420213-91EC-1771-0293-F49A57916DBD" name="D_MFDOC_BATCH">
<sourceConnName>TX_MAXDAT_PROD</sourceConnName>
<sourceObjSchema>MAXDAT</sourceObjSchema>
<sourceObjName>D_MFDOC_BATCH</sourceObjName>
<createdBy>mb56142</createdBy>
<createdTime>2014-06-25 02:28:44 UTC</createdTime>
<ownerDesignName>TXEB_BPM_Semantic_data_model_diagram</ownerDesignName>
<schemaObject>121AEE1F-FD79-403A-F17D-FF8859EA2228</schemaObject>
<allowColumnReorder>false</allowColumnReorder>
<existDependencyGenerateInDDl>true</existDependencyGenerateInDDl>
<columns itemClass="oracle.dbtools.crest.model.design.relational.Column">
<Column name="DMFDOCB_ID" id="19EB598C-B538-CEE8-C623-B09C8B910EB3">
<sourceConnName>TX_MAXDAT_PROD</sourceConnName>
<sourceObjSchema>D_MFDOC_BATCH</sourceObjSchema>
<sourceObjName>DMFDOCB_ID</sourceObjName>
<createdBy>mb56142</createdBy>
<createdTime>2014-06-25 02:28:44 UTC</createdTime>
<ownerDesignName>TXEB_BPM_Semantic_data_model_diagram</ownerDesignName>
<useDomainConstraints>false</useDomainConstraints>
<use>1</use>
<logicalDatatype>LOGDT019</logicalDatatype>
<autoIncrementCycle>false</autoIncrementCycle>
</Column>
<Column name="Batch Name" id="96C98F5E-CA4A-55AC-EDBC-64E063F6A25D">
<sourceConnName>TX_MAXDAT_PROD</sourceConnName>
<sourceObjSchema>D_MFDOC_BATCH</sourceObjSchema>
<sourceObjName>Batch Name</sourceObjName>
<createdBy>mb56142</createdBy>
<createdTime>2014-06-25 02:28:44 UTC</createdTime>
<ownerDesignName>TXEB_BPM_Semantic_data_model_diagram</ownerDesignName>
<nameHasQuotes>true</nameHasQuotes>
<useDomainConstraints>false</useDomainConstraints>
<use>1</use>
<logicalDatatype>LOGDT024</logicalDatatype>
<dataTypeSize>255 BYTE</dataTypeSize>
<autoIncrementCycle>false</autoIncrementCycle>
</Column>
<Column name="CHANNEL" id="F10AC167-48C7-306A-5697-799BEDB5D54F">
<sourceConnName>TX_MAXDAT_PROD</sourceConnName>
<sourceObjSchema>D_MFDOC_BATCH</sourceObjSchema>
<sourceObjName>CHANNEL</sourceObjName>
<createdBy>mb56142</createdBy>
<createdTime>2014-06-25 02:28:44 UTC</createdTime>
<ownerDesignName>TXEB_BPM_Semantic_data_model_diagram</ownerDesignName>
<useDomainConstraints>false</useDomainConstraints>
<use>1</use>
<logicalDatatype>LOGDT024</logicalDatatype>
<dataTypeSize>15 BYTE</dataTypeSize>
<autoIncrementCycle>false</autoIncrementCycle>
</Column>
</columns>
<indexes itemClass="oracle.dbtools.crest.model.design.relational.Index">
<ind_PK_UK id="16B27968-0E87-0D02-C8A9-06FC0DE698A7" name="DMFDOCB_PK">
<sourceConnName>TX_MAXDAT_PROD</sourceConnName>
<sourceObjSchema>MAXDAT</sourceObjSchema>
<sourceObjName>DMFDOCB_PK</sourceObjName>
<createdBy>mb56142</createdBy>
<createdTime>2014-06-25 02:28:45 UTC</createdTime>
<ownerDesignName>TXEB_BPM_Semantic_data_model_diagram</ownerDesignName>
<pk>true</pk>
<indexState>Primary Constraint</indexState>
<isSurrogateKey>false</isSurrogateKey>
<indexColumnUsage>
<colUsage columnID="19EB598C-B538-CEE8-C623-B09C8B910EB3"/>
</indexColumnUsage>
</ind_PK_UK>
<ind_PK_UK id="8086653E-992B-F2EA-00C9-F0089104E085" name="DMFDOCB_PK">
<sourceConnName>TX_MAXDAT_PROD</sourceConnName>
<sourceObjSchema>MAXDAT</sourceObjSchema>
<sourceObjName>DMFDOCB_PK</sourceObjName>
<createdBy>mb56142</createdBy>
<createdTime>2014-06-25 02:28:44 UTC</createdTime>
<ownerDesignName>TXEB_BPM_Semantic_data_model_diagram</ownerDesignName>
<indexState>Unique Plain Index</indexState>
<schemaObject>121AEE1F-FD79-403A-F17D-FF8859EA2228</schemaObject>
<isSurrogateKey>false</isSurrogateKey>
<indexColumnUsage>
<colUsage columnID="19EB598C-B538-CEE8-C623-B09C8B910EB3"/>
</indexColumnUsage>
</ind_PK_UK>
<ind_PK_UK id="CD6EAC5C-F9A2-540D-877C-5C031DF721C8" name="DMFDOCB_UIX1">
<sourceConnName>TX_MAXDAT_PROD</sourceConnName>
<sourceObjSchema>MAXDAT</sourceObjSchema>
<sourceObjName>DMFDOCB_UIX1</sourceObjName>
<createdBy>mb56142</createdBy>
<createdTime>2014-06-25 02:28:44 UTC</createdTime>
<ownerDesignName>TXEB_BPM_Semantic_data_model_diagram</ownerDesignName>
<indexState>Unique Plain Index</indexState>
<schemaObject>121AEE1F-FD79-403A-F17D-FF8859EA2228</schemaObject>
<isSurrogateKey>false</isSurrogateKey>
<indexColumnUsage>
<colUsage columnID="96C98F5E-CA4A-55AC-EDBC-64E063F6A25D"/>
</indexColumnUsage>
</ind_PK_UK>
</indexes>
</Table>