<?xml version = '1.0' encoding = 'UTF-8'?>
<Table class="oracle.dbtools.crest.model.design.relational.Table" directorySegmentName="seg_0" id="90F64F3A-DB05-5BE0-C6EA-CDA8C7B91B23" name="D_PI_TASK_ID">
<sourceConnName>TX_MAXDAT_PROD</sourceConnName>
<sourceObjSchema>MAXDAT</sourceObjSchema>
<sourceObjName>D_PI_TASK_ID</sourceObjName>
<createdBy>mb56142</createdBy>
<createdTime>2014-06-25 02:04:54 UTC</createdTime>
<ownerDesignName>TXEB_BPM_Semantic_data_model_diagram</ownerDesignName>
<schemaObject>121AEE1F-FD79-403A-F17D-FF8859EA2228</schemaObject>
<allowColumnReorder>false</allowColumnReorder>
<existDependencyGenerateInDDl>true</existDependencyGenerateInDDl>
<columns itemClass="oracle.dbtools.crest.model.design.relational.Column">
<Column name="DPITI_ID" id="3083EB10-4F04-6A09-9370-B8114A0EB5EF">
<sourceConnName>TX_MAXDAT_PROD</sourceConnName>
<sourceObjSchema>D_PI_TASK_ID</sourceObjSchema>
<sourceObjName>DPITI_ID</sourceObjName>
<createdBy>mb56142</createdBy>
<createdTime>2014-06-25 02:04:54 UTC</createdTime>
<ownerDesignName>TXEB_BPM_Semantic_data_model_diagram</ownerDesignName>
<useDomainConstraints>false</useDomainConstraints>
<use>1</use>
<logicalDatatype>LOGDT019</logicalDatatype>
<autoIncrementCycle>false</autoIncrementCycle>
</Column>
<Column name="Task ID" id="0F781A39-2E05-494B-9769-D3F549D69D65">
<sourceConnName>TX_MAXDAT_PROD</sourceConnName>
<sourceObjSchema>D_PI_TASK_ID</sourceObjSchema>
<sourceObjName>Task ID</sourceObjName>
<createdBy>mb56142</createdBy>
<createdTime>2014-06-25 02:04:54 UTC</createdTime>
<ownerDesignName>TXEB_BPM_Semantic_data_model_diagram</ownerDesignName>
<nameHasQuotes>true</nameHasQuotes>
<nullsAllowed>true</nullsAllowed>
<useDomainConstraints>false</useDomainConstraints>
<use>1</use>
<logicalDatatype>LOGDT019</logicalDatatype>
<autoIncrementCycle>false</autoIncrementCycle>
</Column>
</columns>
<indexes itemClass="oracle.dbtools.crest.model.design.relational.Index">
<ind_PK_UK id="34DC81D3-944E-3E58-956B-52A4FA9D9217" name="DPITI_PK">
<sourceConnName>TX_MAXDAT_PROD</sourceConnName>
<sourceObjSchema>MAXDAT</sourceObjSchema>
<sourceObjName>DPITI_PK</sourceObjName>
<createdBy>mb56142</createdBy>
<createdTime>2014-06-25 02:04:55 UTC</createdTime>
<ownerDesignName>TXEB_BPM_Semantic_data_model_diagram</ownerDesignName>
<pk>true</pk>
<indexState>Primary Constraint</indexState>
<isSurrogateKey>false</isSurrogateKey>
<indexColumnUsage>
<colUsage columnID="3083EB10-4F04-6A09-9370-B8114A0EB5EF"/>
</indexColumnUsage>
</ind_PK_UK>
<ind_PK_UK id="D0D5BBA9-D81E-F2DC-9EB4-50C8C9A0C61A" name="DPITI_PK">
<sourceConnName>TX_MAXDAT_PROD</sourceConnName>
<sourceObjSchema>MAXDAT</sourceObjSchema>
<sourceObjName>DPITI_PK</sourceObjName>
<createdBy>mb56142</createdBy>
<createdTime>2014-06-25 02:04:54 UTC</createdTime>
<ownerDesignName>TXEB_BPM_Semantic_data_model_diagram</ownerDesignName>
<indexState>Unique Plain Index</indexState>
<schemaObject>121AEE1F-FD79-403A-F17D-FF8859EA2228</schemaObject>
<isSurrogateKey>false</isSurrogateKey>
<indexColumnUsage>
<colUsage columnID="3083EB10-4F04-6A09-9370-B8114A0EB5EF"/>
</indexColumnUsage>
</ind_PK_UK>
<ind_PK_UK id="18D6DFE0-3F3F-0583-F8E2-A368E132FE5B" name="DPITI_UIX1">
<sourceConnName>TX_MAXDAT_PROD</sourceConnName>
<sourceObjSchema>MAXDAT</sourceObjSchema>
<sourceObjName>DPITI_UIX1</sourceObjName>
<createdBy>mb56142</createdBy>
<createdTime>2014-06-25 02:04:55 UTC</createdTime>
<ownerDesignName>TXEB_BPM_Semantic_data_model_diagram</ownerDesignName>
<indexState>Unique Plain Index</indexState>
<schemaObject>121AEE1F-FD79-403A-F17D-FF8859EA2228</schemaObject>
<isSurrogateKey>false</isSurrogateKey>
<indexColumnUsage>
<colUsage columnID="0F781A39-2E05-494B-9769-D3F549D69D65"/>
</indexColumnUsage>
</ind_PK_UK>
</indexes>
</Table>