<?xml version = '1.0' encoding = 'UTF-8'?>
<Table class="oracle.dbtools.crest.model.design.relational.Table" directorySegmentName="seg_0" id="AAE55709-4EF8-AB08-5C77-4E7CAFCE32D8" name="D_COR_REQUEST_STATUS">
<sourceConnName>TX_MAXDAT_PROD</sourceConnName>
<sourceObjSchema>MAXDAT</sourceObjSchema>
<sourceObjName>D_COR_REQUEST_STATUS</sourceObjName>
<createdBy>mb56142</createdBy>
<createdTime>2014-06-24 01:54:31 UTC</createdTime>
<ownerDesignName>TXEB_BPM_Semantic_data_model_diagram</ownerDesignName>
<schemaObject>121AEE1F-FD79-403A-F17D-FF8859EA2228</schemaObject>
<allowColumnReorder>false</allowColumnReorder>
<existDependencyGenerateInDDl>true</existDependencyGenerateInDDl>
<columns itemClass="oracle.dbtools.crest.model.design.relational.Column">
<Column name="DCORRS_ID" id="F1C3E3F9-FE50-A524-32BF-9FD73064970C">
<sourceConnName>TX_MAXDAT_PROD</sourceConnName>
<sourceObjSchema>D_COR_REQUEST_STATUS</sourceObjSchema>
<sourceObjName>DCORRS_ID</sourceObjName>
<createdBy>mb56142</createdBy>
<createdTime>2014-06-24 01:54:32 UTC</createdTime>
<ownerDesignName>TXEB_BPM_Semantic_data_model_diagram</ownerDesignName>
<useDomainConstraints>false</useDomainConstraints>
<use>1</use>
<logicalDatatype>LOGDT019</logicalDatatype>
<autoIncrementCycle>false</autoIncrementCycle>
</Column>
<Column name="OUTREACH_REQUEST_STATUS" id="AF607C52-C600-0E93-DEBB-826862C4BD6B">
<sourceConnName>TX_MAXDAT_PROD</sourceConnName>
<sourceObjSchema>D_COR_REQUEST_STATUS</sourceObjSchema>
<sourceObjName>OUTREACH_REQUEST_STATUS</sourceObjName>
<createdBy>mb56142</createdBy>
<createdTime>2014-06-24 01:54:32 UTC</createdTime>
<ownerDesignName>TXEB_BPM_Semantic_data_model_diagram</ownerDesignName>
<nullsAllowed>true</nullsAllowed>
<useDomainConstraints>false</useDomainConstraints>
<use>1</use>
<logicalDatatype>LOGDT024</logicalDatatype>
<dataTypeSize>128 BYTE</dataTypeSize>
<autoIncrementCycle>false</autoIncrementCycle>
</Column>
</columns>
<indexes itemClass="oracle.dbtools.crest.model.design.relational.Index">
<ind_PK_UK id="0212A246-515C-E1D7-9B11-1CF57020BE8C" name="DCORRS_PK">
<sourceConnName>TX_MAXDAT_PROD</sourceConnName>
<sourceObjSchema>MAXDAT</sourceObjSchema>
<sourceObjName>DCORRS_PK</sourceObjName>
<createdBy>mb56142</createdBy>
<createdTime>2014-06-24 01:54:32 UTC</createdTime>
<ownerDesignName>TXEB_BPM_Semantic_data_model_diagram</ownerDesignName>
<pk>true</pk>
<indexState>Primary Constraint</indexState>
<isSurrogateKey>false</isSurrogateKey>
<indexColumnUsage>
<colUsage columnID="F1C3E3F9-FE50-A524-32BF-9FD73064970C"/>
</indexColumnUsage>
</ind_PK_UK>
<ind_PK_UK id="A275C0D0-279D-FF54-FF02-E72946D49AFF" name="DCORRS_PK">
<sourceConnName>TX_MAXDAT_PROD</sourceConnName>
<sourceObjSchema>MAXDAT</sourceObjSchema>
<sourceObjName>DCORRS_PK</sourceObjName>
<createdBy>mb56142</createdBy>
<createdTime>2014-06-24 01:54:32 UTC</createdTime>
<ownerDesignName>TXEB_BPM_Semantic_data_model_diagram</ownerDesignName>
<indexState>Unique Plain Index</indexState>
<schemaObject>121AEE1F-FD79-403A-F17D-FF8859EA2228</schemaObject>
<isSurrogateKey>false</isSurrogateKey>
<indexColumnUsage>
<colUsage columnID="F1C3E3F9-FE50-A524-32BF-9FD73064970C"/>
</indexColumnUsage>
</ind_PK_UK>
<ind_PK_UK id="CF999EC7-A058-5360-6E16-26B636E91853" name="DCORRS_UIX1">
<sourceConnName>TX_MAXDAT_PROD</sourceConnName>
<sourceObjSchema>MAXDAT</sourceObjSchema>
<sourceObjName>DCORRS_UIX1</sourceObjName>
<createdBy>mb56142</createdBy>
<createdTime>2014-06-24 01:54:32 UTC</createdTime>
<ownerDesignName>TXEB_BPM_Semantic_data_model_diagram</ownerDesignName>
<indexState>Unique Plain Index</indexState>
<schemaObject>121AEE1F-FD79-403A-F17D-FF8859EA2228</schemaObject>
<isSurrogateKey>false</isSurrogateKey>
<indexColumnUsage>
<colUsage columnID="AF607C52-C600-0E93-DEBB-826862C4BD6B"/>
</indexColumnUsage>
</ind_PK_UK>
</indexes>
</Table>