<?xml version = '1.0' encoding = 'UTF-8'?>
<Table class="oracle.dbtools.crest.model.design.relational.Table" directorySegmentName="seg_0" id="B38B9170-D518-653E-77FA-E9FB25E136EE" name="D_MFDOC_DOC_TYPE">
<sourceConnName>TX_MAXDAT_PROD</sourceConnName>
<sourceObjSchema>MAXDAT</sourceObjSchema>
<sourceObjName>D_MFDOC_DOC_TYPE</sourceObjName>
<createdBy>mb56142</createdBy>
<createdTime>2014-06-25 02:29:14 UTC</createdTime>
<ownerDesignName>TXEB_BPM_Semantic_data_model_diagram</ownerDesignName>
<schemaObject>121AEE1F-FD79-403A-F17D-FF8859EA2228</schemaObject>
<allowColumnReorder>false</allowColumnReorder>
<existDependencyGenerateInDDl>true</existDependencyGenerateInDDl>
<columns itemClass="oracle.dbtools.crest.model.design.relational.Column">
<Column name="DMFDOCDT_ID" id="D3C56E18-E93E-EC37-1DBA-17DB62FC5547">
<sourceConnName>TX_MAXDAT_PROD</sourceConnName>
<sourceObjSchema>D_MFDOC_DOC_TYPE</sourceObjSchema>
<sourceObjName>DMFDOCDT_ID</sourceObjName>
<createdBy>mb56142</createdBy>
<createdTime>2014-06-25 02:29:15 UTC</createdTime>
<ownerDesignName>TXEB_BPM_Semantic_data_model_diagram</ownerDesignName>
<useDomainConstraints>false</useDomainConstraints>
<use>1</use>
<logicalDatatype>LOGDT019</logicalDatatype>
<autoIncrementCycle>false</autoIncrementCycle>
</Column>
<Column name="Document Type" id="677BA041-31BA-1EBD-ED0C-28F7B35C8B16">
<sourceConnName>TX_MAXDAT_PROD</sourceConnName>
<sourceObjSchema>D_MFDOC_DOC_TYPE</sourceObjSchema>
<sourceObjName>Document Type</sourceObjName>
<createdBy>mb56142</createdBy>
<createdTime>2014-06-25 02:29:15 UTC</createdTime>
<ownerDesignName>TXEB_BPM_Semantic_data_model_diagram</ownerDesignName>
<nameHasQuotes>true</nameHasQuotes>
<nullsAllowed>true</nullsAllowed>
<useDomainConstraints>false</useDomainConstraints>
<use>1</use>
<logicalDatatype>LOGDT024</logicalDatatype>
<dataTypeSize>64 BYTE</dataTypeSize>
<autoIncrementCycle>false</autoIncrementCycle>
</Column>
</columns>
<indexes itemClass="oracle.dbtools.crest.model.design.relational.Index">
<ind_PK_UK id="19A4641E-EE71-1C37-CE62-C0282ACF9E88" name="DMFDOCDT_PK">
<sourceConnName>TX_MAXDAT_PROD</sourceConnName>
<sourceObjSchema>MAXDAT</sourceObjSchema>
<sourceObjName>DMFDOCDT_PK</sourceObjName>
<createdBy>mb56142</createdBy>
<createdTime>2014-06-25 02:29:15 UTC</createdTime>
<ownerDesignName>TXEB_BPM_Semantic_data_model_diagram</ownerDesignName>
<pk>true</pk>
<indexState>Primary Constraint</indexState>
<isSurrogateKey>false</isSurrogateKey>
<indexColumnUsage>
<colUsage columnID="D3C56E18-E93E-EC37-1DBA-17DB62FC5547"/>
</indexColumnUsage>
</ind_PK_UK>
<ind_PK_UK id="5672452C-3E20-1770-6760-05B54E73315D" name="DMFDOCDT_PK">
<sourceConnName>TX_MAXDAT_PROD</sourceConnName>
<sourceObjSchema>MAXDAT</sourceObjSchema>
<sourceObjName>DMFDOCDT_PK</sourceObjName>
<createdBy>mb56142</createdBy>
<createdTime>2014-06-25 02:29:15 UTC</createdTime>
<ownerDesignName>TXEB_BPM_Semantic_data_model_diagram</ownerDesignName>
<indexState>Unique Plain Index</indexState>
<schemaObject>121AEE1F-FD79-403A-F17D-FF8859EA2228</schemaObject>
<isSurrogateKey>false</isSurrogateKey>
<indexColumnUsage>
<colUsage columnID="D3C56E18-E93E-EC37-1DBA-17DB62FC5547"/>
</indexColumnUsage>
</ind_PK_UK>
<ind_PK_UK id="840871E6-A1F1-497F-D5DE-117C3D0481F6" name="DMFDOCDT_UIX1">
<sourceConnName>TX_MAXDAT_PROD</sourceConnName>
<sourceObjSchema>MAXDAT</sourceObjSchema>
<sourceObjName>DMFDOCDT_UIX1</sourceObjName>
<createdBy>mb56142</createdBy>
<createdTime>2014-06-25 02:29:15 UTC</createdTime>
<ownerDesignName>TXEB_BPM_Semantic_data_model_diagram</ownerDesignName>
<indexState>Unique Plain Index</indexState>
<schemaObject>121AEE1F-FD79-403A-F17D-FF8859EA2228</schemaObject>
<isSurrogateKey>false</isSurrogateKey>
<indexColumnUsage>
<colUsage columnID="677BA041-31BA-1EBD-ED0C-28F7B35C8B16"/>
</indexColumnUsage>
</ind_PK_UK>
</indexes>
</Table>