<?xml version = '1.0' encoding = 'UTF-8'?>
<Table class="oracle.dbtools.crest.model.design.relational.Table" directorySegmentName="seg_0" id="BBD114DC-47BF-3A1A-2D25-D4669CF0C8DB" name="D_MW_TASK_STATUS">
<sourceConnName>TX_MAXDAT_PROD</sourceConnName>
<sourceObjSchema>MAXDAT</sourceObjSchema>
<sourceObjName>D_MW_TASK_STATUS</sourceObjName>
<createdBy>mb56142</createdBy>
<createdTime>2014-06-24 02:09:32 UTC</createdTime>
<ownerDesignName>TXEB_BPM_Semantic_data_model_diagram</ownerDesignName>
<schemaObject>121AEE1F-FD79-403A-F17D-FF8859EA2228</schemaObject>
<allowColumnReorder>false</allowColumnReorder>
<existDependencyGenerateInDDl>true</existDependencyGenerateInDDl>
<columns itemClass="oracle.dbtools.crest.model.design.relational.Column">
<Column name="DMWTS_ID" id="2E024421-6F1D-8F23-FB51-02DE2A625223">
<sourceConnName>TX_MAXDAT_PROD</sourceConnName>
<sourceObjSchema>D_MW_TASK_STATUS</sourceObjSchema>
<sourceObjName>DMWTS_ID</sourceObjName>
<createdBy>mb56142</createdBy>
<createdTime>2014-06-24 02:09:32 UTC</createdTime>
<ownerDesignName>TXEB_BPM_Semantic_data_model_diagram</ownerDesignName>
<useDomainConstraints>false</useDomainConstraints>
<use>1</use>
<logicalDatatype>LOGDT019</logicalDatatype>
<autoIncrementCycle>false</autoIncrementCycle>
</Column>
<Column name="Task Status" id="E00155AD-9D8E-6C35-03B3-1CD544F24F26">
<sourceConnName>TX_MAXDAT_PROD</sourceConnName>
<sourceObjSchema>D_MW_TASK_STATUS</sourceObjSchema>
<sourceObjName>Task Status</sourceObjName>
<createdBy>mb56142</createdBy>
<createdTime>2014-06-24 02:09:32 UTC</createdTime>
<ownerDesignName>TXEB_BPM_Semantic_data_model_diagram</ownerDesignName>
<nameHasQuotes>true</nameHasQuotes>
<useDomainConstraints>false</useDomainConstraints>
<use>1</use>
<logicalDatatype>LOGDT024</logicalDatatype>
<dataTypeSize>50 BYTE</dataTypeSize>
<autoIncrementCycle>false</autoIncrementCycle>
</Column>
</columns>
<indexes itemClass="oracle.dbtools.crest.model.design.relational.Index">
<ind_PK_UK id="DD4A2BEA-A51A-EEEF-B977-91342F14B420" name="DMWTS_PK">
<sourceConnName>TX_MAXDAT_PROD</sourceConnName>
<sourceObjSchema>MAXDAT</sourceObjSchema>
<sourceObjName>DMWTS_PK</sourceObjName>
<createdBy>mb56142</createdBy>
<createdTime>2014-06-24 02:09:32 UTC</createdTime>
<ownerDesignName>TXEB_BPM_Semantic_data_model_diagram</ownerDesignName>
<pk>true</pk>
<indexState>Primary Constraint</indexState>
<isSurrogateKey>false</isSurrogateKey>
<indexColumnUsage>
<colUsage columnID="2E024421-6F1D-8F23-FB51-02DE2A625223"/>
</indexColumnUsage>
</ind_PK_UK>
<ind_PK_UK id="65963786-DDD1-5BF7-63FE-E355360FEF84" name="DMTS_PK">
<sourceConnName>TX_MAXDAT_PROD</sourceConnName>
<sourceObjSchema>MAXDAT</sourceObjSchema>
<sourceObjName>DMTS_PK</sourceObjName>
<createdBy>mb56142</createdBy>
<createdTime>2014-06-24 02:09:32 UTC</createdTime>
<ownerDesignName>TXEB_BPM_Semantic_data_model_diagram</ownerDesignName>
<indexState>Unique Plain Index</indexState>
<schemaObject>121AEE1F-FD79-403A-F17D-FF8859EA2228</schemaObject>
<isSurrogateKey>false</isSurrogateKey>
<indexColumnUsage>
<colUsage columnID="2E024421-6F1D-8F23-FB51-02DE2A625223"/>
</indexColumnUsage>
</ind_PK_UK>
<ind_PK_UK id="554D0182-2867-95FA-4EA9-7912EC4C9E44" name="DMWTS_UIX1">
<sourceConnName>TX_MAXDAT_PROD</sourceConnName>
<sourceObjSchema>MAXDAT</sourceObjSchema>
<sourceObjName>DMWTS_UIX1</sourceObjName>
<createdBy>mb56142</createdBy>
<createdTime>2014-06-24 02:09:32 UTC</createdTime>
<ownerDesignName>TXEB_BPM_Semantic_data_model_diagram</ownerDesignName>
<indexState>Unique Plain Index</indexState>
<schemaObject>121AEE1F-FD79-403A-F17D-FF8859EA2228</schemaObject>
<isSurrogateKey>false</isSurrogateKey>
<indexColumnUsage>
<colUsage columnID="E00155AD-9D8E-6C35-03B3-1CD544F24F26"/>
</indexColumnUsage>
</ind_PK_UK>
</indexes>
</Table>