<?xml version = '1.0' encoding = 'UTF-8'?>
<Table class="oracle.dbtools.crest.model.design.relational.Table" directorySegmentName="seg_0" id="C4097B32-8A10-0C26-8EFA-CF8BA6989287" name="D_MFDOC_TIMELINESS_STATUS">
<sourceConnName>TX_MAXDAT_PROD</sourceConnName>
<sourceObjSchema>MAXDAT</sourceObjSchema>
<sourceObjName>D_MFDOC_TIMELINESS_STATUS</sourceObjName>
<createdBy>mb56142</createdBy>
<createdTime>2014-06-25 02:28:59 UTC</createdTime>
<ownerDesignName>TXEB_BPM_Semantic_data_model_diagram</ownerDesignName>
<schemaObject>121AEE1F-FD79-403A-F17D-FF8859EA2228</schemaObject>
<allowColumnReorder>false</allowColumnReorder>
<existDependencyGenerateInDDl>true</existDependencyGenerateInDDl>
<columns itemClass="oracle.dbtools.crest.model.design.relational.Column">
<Column name="DMFDOCTS_ID" id="3E5CC632-0319-C737-0F55-85D78234B625">
<sourceConnName>TX_MAXDAT_PROD</sourceConnName>
<sourceObjSchema>D_MFDOC_TIMELINESS_STATUS</sourceObjSchema>
<sourceObjName>DMFDOCTS_ID</sourceObjName>
<createdBy>mb56142</createdBy>
<createdTime>2014-06-25 02:28:59 UTC</createdTime>
<ownerDesignName>TXEB_BPM_Semantic_data_model_diagram</ownerDesignName>
<useDomainConstraints>false</useDomainConstraints>
<use>1</use>
<logicalDatatype>LOGDT019</logicalDatatype>
<autoIncrementCycle>false</autoIncrementCycle>
</Column>
<Column name="DCN Timeliness Status" id="275907BB-EC11-D55A-BFC0-E3F60560C7DB">
<sourceConnName>TX_MAXDAT_PROD</sourceConnName>
<sourceObjSchema>D_MFDOC_TIMELINESS_STATUS</sourceObjSchema>
<sourceObjName>DCN Timeliness Status</sourceObjName>
<createdBy>mb56142</createdBy>
<createdTime>2014-06-25 02:28:59 UTC</createdTime>
<ownerDesignName>TXEB_BPM_Semantic_data_model_diagram</ownerDesignName>
<nameHasQuotes>true</nameHasQuotes>
<useDomainConstraints>false</useDomainConstraints>
<use>1</use>
<logicalDatatype>LOGDT024</logicalDatatype>
<dataTypeSize>32 BYTE</dataTypeSize>
<autoIncrementCycle>false</autoIncrementCycle>
</Column>
</columns>
<indexes itemClass="oracle.dbtools.crest.model.design.relational.Index">
<ind_PK_UK id="071580CA-D27F-6C22-AE58-C454FADFC61F" name="DMFDOCTS_PK">
<sourceConnName>TX_MAXDAT_PROD</sourceConnName>
<sourceObjSchema>MAXDAT</sourceObjSchema>
<sourceObjName>DMFDOCTS_PK</sourceObjName>
<createdBy>mb56142</createdBy>
<createdTime>2014-06-25 02:29:00 UTC</createdTime>
<ownerDesignName>TXEB_BPM_Semantic_data_model_diagram</ownerDesignName>
<pk>true</pk>
<indexState>Primary Constraint</indexState>
<isSurrogateKey>false</isSurrogateKey>
<indexColumnUsage>
<colUsage columnID="3E5CC632-0319-C737-0F55-85D78234B625"/>
</indexColumnUsage>
</ind_PK_UK>
<ind_PK_UK id="A1A9E54C-1EBB-03D9-EDE9-6A17101E7BFB" name="DMFDOCTS_PK">
<sourceConnName>TX_MAXDAT_PROD</sourceConnName>
<sourceObjSchema>MAXDAT</sourceObjSchema>
<sourceObjName>DMFDOCTS_PK</sourceObjName>
<createdBy>mb56142</createdBy>
<createdTime>2014-06-25 02:28:59 UTC</createdTime>
<ownerDesignName>TXEB_BPM_Semantic_data_model_diagram</ownerDesignName>
<indexState>Unique Plain Index</indexState>
<schemaObject>121AEE1F-FD79-403A-F17D-FF8859EA2228</schemaObject>
<isSurrogateKey>false</isSurrogateKey>
<indexColumnUsage>
<colUsage columnID="3E5CC632-0319-C737-0F55-85D78234B625"/>
</indexColumnUsage>
</ind_PK_UK>
<ind_PK_UK id="6F05F251-06F4-4572-EA2E-3274B3FBC081" name="DMFDOCTS_UIX1">
<sourceConnName>TX_MAXDAT_PROD</sourceConnName>
<sourceObjSchema>MAXDAT</sourceObjSchema>
<sourceObjName>DMFDOCTS_UIX1</sourceObjName>
<createdBy>mb56142</createdBy>
<createdTime>2014-06-25 02:29:00 UTC</createdTime>
<ownerDesignName>TXEB_BPM_Semantic_data_model_diagram</ownerDesignName>
<indexState>Unique Plain Index</indexState>
<schemaObject>121AEE1F-FD79-403A-F17D-FF8859EA2228</schemaObject>
<isSurrogateKey>false</isSurrogateKey>
<indexColumnUsage>
<colUsage columnID="275907BB-EC11-D55A-BFC0-E3F60560C7DB"/>
</indexColumnUsage>
</ind_PK_UK>
</indexes>
</Table>