<?xml version = '1.0' encoding = 'UTF-8'?>
<Table class="oracle.dbtools.crest.model.design.relational.Table" directorySegmentName="seg_0" id="C74D7534-02DB-B983-1451-CD3009C42CE3" name="D_CMOR_SESSION_STATUS">
<sourceConnName>TX_MAXDAT_PROD</sourceConnName>
<sourceObjSchema>MAXDAT</sourceObjSchema>
<sourceObjName>D_CMOR_SESSION_STATUS</sourceObjName>
<createdBy>mb56142</createdBy>
<createdTime>2014-06-24 01:29:01 UTC</createdTime>
<ownerDesignName>TXEB_BPM_Semantic_data_model_diagram</ownerDesignName>
<schemaObject>121AEE1F-FD79-403A-F17D-FF8859EA2228</schemaObject>
<allowColumnReorder>false</allowColumnReorder>
<existDependencyGenerateInDDl>true</existDependencyGenerateInDDl>
<columns itemClass="oracle.dbtools.crest.model.design.relational.Column">
<Column name="DCMORSS_ID" id="0197CCF4-1545-1BD5-283A-FDD9571DAB18">
<sourceConnName>TX_MAXDAT_PROD</sourceConnName>
<sourceObjSchema>D_CMOR_SESSION_STATUS</sourceObjSchema>
<sourceObjName>DCMORSS_ID</sourceObjName>
<createdBy>mb56142</createdBy>
<createdTime>2014-06-24 01:29:02 UTC</createdTime>
<ownerDesignName>TXEB_BPM_Semantic_data_model_diagram</ownerDesignName>
<useDomainConstraints>false</useDomainConstraints>
<use>1</use>
<logicalDatatype>LOGDT019</logicalDatatype>
<autoIncrementCycle>false</autoIncrementCycle>
</Column>
<Column name="SESSION_STATUS" id="63F9AA4D-8597-4C9F-3DAB-236BA695BB95">
<sourceConnName>TX_MAXDAT_PROD</sourceConnName>
<sourceObjSchema>D_CMOR_SESSION_STATUS</sourceObjSchema>
<sourceObjName>SESSION_STATUS</sourceObjName>
<createdBy>mb56142</createdBy>
<createdTime>2014-06-24 01:29:02 UTC</createdTime>
<ownerDesignName>TXEB_BPM_Semantic_data_model_diagram</ownerDesignName>
<nullsAllowed>true</nullsAllowed>
<useDomainConstraints>false</useDomainConstraints>
<use>1</use>
<logicalDatatype>LOGDT024</logicalDatatype>
<dataTypeSize>50 BYTE</dataTypeSize>
<autoIncrementCycle>false</autoIncrementCycle>
</Column>
</columns>
<indexes itemClass="oracle.dbtools.crest.model.design.relational.Index">
<ind_PK_UK id="696AE44A-AE57-4632-2F4E-181A52C4AF3E" name="DCMORSS_PK">
<sourceConnName>TX_MAXDAT_PROD</sourceConnName>
<sourceObjSchema>MAXDAT</sourceObjSchema>
<sourceObjName>DCMORSS_PK</sourceObjName>
<createdBy>mb56142</createdBy>
<createdTime>2014-06-24 01:29:02 UTC</createdTime>
<ownerDesignName>TXEB_BPM_Semantic_data_model_diagram</ownerDesignName>
<pk>true</pk>
<indexState>Primary Constraint</indexState>
<isSurrogateKey>false</isSurrogateKey>
<indexColumnUsage>
<colUsage columnID="0197CCF4-1545-1BD5-283A-FDD9571DAB18"/>
</indexColumnUsage>
</ind_PK_UK>
<ind_PK_UK id="8214E655-B45C-0ABC-2046-D01277BF15E0" name="DCMORSS_PK">
<sourceConnName>TX_MAXDAT_PROD</sourceConnName>
<sourceObjSchema>MAXDAT</sourceObjSchema>
<sourceObjName>DCMORSS_PK</sourceObjName>
<createdBy>mb56142</createdBy>
<createdTime>2014-06-24 01:29:02 UTC</createdTime>
<ownerDesignName>TXEB_BPM_Semantic_data_model_diagram</ownerDesignName>
<indexState>Unique Plain Index</indexState>
<schemaObject>121AEE1F-FD79-403A-F17D-FF8859EA2228</schemaObject>
<isSurrogateKey>false</isSurrogateKey>
<indexColumnUsage>
<colUsage columnID="0197CCF4-1545-1BD5-283A-FDD9571DAB18"/>
</indexColumnUsage>
</ind_PK_UK>
<ind_PK_UK id="A8E6F3A9-3C81-150E-4B3A-F2B91872BE0E" name="DCMORSS_UIX1">
<sourceConnName>TX_MAXDAT_PROD</sourceConnName>
<sourceObjSchema>MAXDAT</sourceObjSchema>
<sourceObjName>DCMORSS_UIX1</sourceObjName>
<createdBy>mb56142</createdBy>
<createdTime>2014-06-24 01:29:02 UTC</createdTime>
<ownerDesignName>TXEB_BPM_Semantic_data_model_diagram</ownerDesignName>
<indexState>Unique Plain Index</indexState>
<schemaObject>121AEE1F-FD79-403A-F17D-FF8859EA2228</schemaObject>
<isSurrogateKey>false</isSurrogateKey>
<indexColumnUsage>
<colUsage columnID="63F9AA4D-8597-4C9F-3DAB-236BA695BB95"/>
</indexColumnUsage>
</ind_PK_UK>
</indexes>
</Table>