<?xml version = '1.0' encoding = 'UTF-8'?>
<Table class="oracle.dbtools.crest.model.design.relational.Table" directorySegmentName="seg_0" id="CCE06162-706E-411C-A431-EFF1ABC281BA" name="D_PL_LETTER_STATUS">
<sourceConnName>TX_MAXDAT_PROD</sourceConnName>
<sourceObjSchema>MAXDAT</sourceObjSchema>
<sourceObjName>D_PL_LETTER_STATUS</sourceObjName>
<createdBy>mb56142</createdBy>
<createdTime>2014-06-24 19:30:46 UTC</createdTime>
<ownerDesignName>TXEB_BPM_Semantic_data_model_diagram</ownerDesignName>
<schemaObject>121AEE1F-FD79-403A-F17D-FF8859EA2228</schemaObject>
<allowColumnReorder>false</allowColumnReorder>
<existDependencyGenerateInDDl>true</existDependencyGenerateInDDl>
<columns itemClass="oracle.dbtools.crest.model.design.relational.Column">
<Column name="DPLLS_ID" id="7BA6ACBD-AAFA-8649-418B-D5608D4766CA">
<sourceConnName>TX_MAXDAT_PROD</sourceConnName>
<sourceObjSchema>D_PL_LETTER_STATUS</sourceObjSchema>
<sourceObjName>DPLLS_ID</sourceObjName>
<createdBy>mb56142</createdBy>
<createdTime>2014-06-24 19:30:46 UTC</createdTime>
<ownerDesignName>TXEB_BPM_Semantic_data_model_diagram</ownerDesignName>
<useDomainConstraints>false</useDomainConstraints>
<use>1</use>
<logicalDatatype>LOGDT019</logicalDatatype>
<autoIncrementCycle>false</autoIncrementCycle>
</Column>
<Column name="LETTER_STATUS" id="5FD0746C-7DD4-885B-61C2-F0DB6EAE5578">
<sourceConnName>TX_MAXDAT_PROD</sourceConnName>
<sourceObjSchema>D_PL_LETTER_STATUS</sourceObjSchema>
<sourceObjName>LETTER_STATUS</sourceObjName>
<createdBy>mb56142</createdBy>
<createdTime>2014-06-24 19:30:46 UTC</createdTime>
<ownerDesignName>TXEB_BPM_Semantic_data_model_diagram</ownerDesignName>
<nullsAllowed>true</nullsAllowed>
<useDomainConstraints>false</useDomainConstraints>
<use>1</use>
<logicalDatatype>LOGDT024</logicalDatatype>
<dataTypeSize>64 BYTE</dataTypeSize>
<autoIncrementCycle>false</autoIncrementCycle>
</Column>
</columns>
<indexes itemClass="oracle.dbtools.crest.model.design.relational.Index">
<ind_PK_UK id="734154F0-D231-A485-FDD9-4936E9F2896B" name="DPLLS_PK">
<sourceConnName>TX_MAXDAT_PROD</sourceConnName>
<sourceObjSchema>MAXDAT</sourceObjSchema>
<sourceObjName>DPLLS_PK</sourceObjName>
<createdBy>mb56142</createdBy>
<createdTime>2014-06-24 19:30:47 UTC</createdTime>
<ownerDesignName>TXEB_BPM_Semantic_data_model_diagram</ownerDesignName>
<pk>true</pk>
<indexState>Primary Constraint</indexState>
<isSurrogateKey>false</isSurrogateKey>
<indexColumnUsage>
<colUsage columnID="7BA6ACBD-AAFA-8649-418B-D5608D4766CA"/>
</indexColumnUsage>
</ind_PK_UK>
<ind_PK_UK id="724BE960-9E10-0744-CF24-974657566ECF" name="DPLLS_PK">
<sourceConnName>TX_MAXDAT_PROD</sourceConnName>
<sourceObjSchema>MAXDAT</sourceObjSchema>
<sourceObjName>DPLLS_PK</sourceObjName>
<createdBy>mb56142</createdBy>
<createdTime>2014-06-24 19:30:46 UTC</createdTime>
<ownerDesignName>TXEB_BPM_Semantic_data_model_diagram</ownerDesignName>
<indexState>Unique Plain Index</indexState>
<schemaObject>121AEE1F-FD79-403A-F17D-FF8859EA2228</schemaObject>
<isSurrogateKey>false</isSurrogateKey>
<indexColumnUsage>
<colUsage columnID="7BA6ACBD-AAFA-8649-418B-D5608D4766CA"/>
</indexColumnUsage>
</ind_PK_UK>
<ind_PK_UK id="5280968F-21CC-4607-EFA9-B74AFEF87098" name="DPLLS_UIX1">
<sourceConnName>TX_MAXDAT_PROD</sourceConnName>
<sourceObjSchema>MAXDAT</sourceObjSchema>
<sourceObjName>DPLLS_UIX1</sourceObjName>
<createdBy>mb56142</createdBy>
<createdTime>2014-06-24 19:30:47 UTC</createdTime>
<ownerDesignName>TXEB_BPM_Semantic_data_model_diagram</ownerDesignName>
<indexState>Unique Plain Index</indexState>
<schemaObject>121AEE1F-FD79-403A-F17D-FF8859EA2228</schemaObject>
<isSurrogateKey>false</isSurrogateKey>
<indexColumnUsage>
<colUsage columnID="5FD0746C-7DD4-885B-61C2-F0DB6EAE5578"/>
</indexColumnUsage>
</ind_PK_UK>
</indexes>
</Table>