<?xml version = '1.0' encoding = 'UTF-8'?>
<Table class="oracle.dbtools.crest.model.design.relational.Table" directorySegmentName="seg_0" id="CDB2F369-DC41-5333-A6DD-10C38F173F90" name="F_MJ_BY_DATE">
<sourceConnName>TX_MAXDAT_PROD</sourceConnName>
<sourceObjSchema>MAXDAT</sourceObjSchema>
<sourceObjName>F_MJ_BY_DATE</sourceObjName>
<createdBy>mb56142</createdBy>
<createdTime>2014-06-24 16:21:32 UTC</createdTime>
<ownerDesignName>TXEB_BPM_Semantic_data_model_diagram</ownerDesignName>
<schemaObject>121AEE1F-FD79-403A-F17D-FF8859EA2228</schemaObject>
<allowColumnReorder>false</allowColumnReorder>
<existDependencyGenerateInDDl>true</existDependencyGenerateInDDl>
<columns itemClass="oracle.dbtools.crest.model.design.relational.Column">
<Column name="FIMJBD_ID" id="F7EEED26-3BD2-9778-4EE1-B264EDE395B9">
<sourceConnName>TX_MAXDAT_PROD</sourceConnName>
<sourceObjSchema>F_MJ_BY_DATE</sourceObjSchema>
<sourceObjName>FIMJBD_ID</sourceObjName>
<createdBy>mb56142</createdBy>
<createdTime>2014-06-24 16:21:32 UTC</createdTime>
<ownerDesignName>TXEB_BPM_Semantic_data_model_diagram</ownerDesignName>
<useDomainConstraints>false</useDomainConstraints>
<use>1</use>
<logicalDatatype>LOGDT019</logicalDatatype>
<autoIncrementCycle>false</autoIncrementCycle>
</Column>
<Column name="D_DATE" id="CDBEE478-B822-A375-36FB-9B85553D2FFA">
<sourceConnName>TX_MAXDAT_PROD</sourceConnName>
<sourceObjSchema>F_MJ_BY_DATE</sourceObjSchema>
<sourceObjName>D_DATE</sourceObjName>
<createdBy>mb56142</createdBy>
<createdTime>2014-06-24 16:21:32 UTC</createdTime>
<ownerDesignName>TXEB_BPM_Semantic_data_model_diagram</ownerDesignName>
<useDomainConstraints>false</useDomainConstraints>
<use>1</use>
<logicalDatatype>LOGDT007</logicalDatatype>
<dataTypeSize>7</dataTypeSize>
<autoIncrementCycle>false</autoIncrementCycle>
</Column>
<Column name="BUCKET_START_DATE" id="9AEB3789-D8CF-7FDE-ADF0-1212A5A5257E">
<sourceConnName>TX_MAXDAT_PROD</sourceConnName>
<sourceObjSchema>F_MJ_BY_DATE</sourceObjSchema>
<sourceObjName>BUCKET_START_DATE</sourceObjName>
<createdBy>mb56142</createdBy>
<createdTime>2014-06-24 16:21:32 UTC</createdTime>
<ownerDesignName>TXEB_BPM_Semantic_data_model_diagram</ownerDesignName>
<useDomainConstraints>false</useDomainConstraints>
<use>1</use>
<logicalDatatype>LOGDT007</logicalDatatype>
<dataTypeSize>7</dataTypeSize>
<autoIncrementCycle>false</autoIncrementCycle>
</Column>
<Column name="BUCKET_END_DATE" id="47F33D24-CF79-C2DE-7522-52EA4525BCC3">
<sourceConnName>TX_MAXDAT_PROD</sourceConnName>
<sourceObjSchema>F_MJ_BY_DATE</sourceObjSchema>
<sourceObjName>BUCKET_END_DATE</sourceObjName>
<createdBy>mb56142</createdBy>
<createdTime>2014-06-24 16:21:32 UTC</createdTime>
<ownerDesignName>TXEB_BPM_Semantic_data_model_diagram</ownerDesignName>
<useDomainConstraints>false</useDomainConstraints>
<use>1</use>
<logicalDatatype>LOGDT007</logicalDatatype>
<dataTypeSize>7</dataTypeSize>
<autoIncrementCycle>false</autoIncrementCycle>
</Column>
<Column name="MJ_BI_ID" id="198F7E9F-C5C6-3BF0-6C5B-D4DFDBBFD03F">
<sourceConnName>TX_MAXDAT_PROD</sourceConnName>
<sourceObjSchema>F_MJ_BY_DATE</sourceObjSchema>
<sourceObjName>MJ_BI_ID</sourceObjName>
<createdBy>mb56142</createdBy>
<createdTime>2014-06-24 16:21:32 UTC</createdTime>
<ownerDesignName>TXEB_BPM_Semantic_data_model_diagram</ownerDesignName>
<useDomainConstraints>false</useDomainConstraints>
<use>1</use>
<logicalDatatype>LOGDT019</logicalDatatype>
<delegate>AC418FF5-B701-D2AF-4C6A-C195A5E085C4</delegate>
<autoIncrementCycle>false</autoIncrementCycle>
<associations>
<colAssociation fkAssociation="14398025-43F2-2D80-2005-68C8D26D9C6A" referredColumn="AC418FF5-B701-D2AF-4C6A-C195A5E085C4"/>
</associations>
</Column>
<Column name="DIMJLUB_ID" id="7CC6756E-E210-6A7B-4E97-3BCCFFF65971">
<sourceConnName>TX_MAXDAT_PROD</sourceConnName>
<sourceObjSchema>F_MJ_BY_DATE</sourceObjSchema>
<sourceObjName>DIMJLUB_ID</sourceObjName>
<createdBy>mb56142</createdBy>
<createdTime>2014-06-24 16:21:32 UTC</createdTime>
<ownerDesignName>TXEB_BPM_Semantic_data_model_diagram</ownerDesignName>
<useDomainConstraints>false</useDomainConstraints>
<use>1</use>
<logicalDatatype>LOGDT019</logicalDatatype>
<delegate>63395616-9C18-BC96-BDA6-4E8003D3D5FF</delegate>
<autoIncrementCycle>false</autoIncrementCycle>
<associations>
<colAssociation fkAssociation="1F36DF11-AE55-45BE-4049-777253390952" referredColumn="63395616-9C18-BC96-BDA6-4E8003D3D5FF"/>
</associations>
</Column>
<Column name="LAST_UPDATE_BY_DATE" id="3DEF689A-D336-A2AB-9183-E0BD326F8E73">
<sourceConnName>TX_MAXDAT_PROD</sourceConnName>
<sourceObjSchema>F_MJ_BY_DATE</sourceObjSchema>
<sourceObjName>LAST_UPDATE_BY_DATE</sourceObjName>
<createdBy>mb56142</createdBy>
<createdTime>2014-06-24 16:21:32 UTC</createdTime>
<ownerDesignName>TXEB_BPM_Semantic_data_model_diagram</ownerDesignName>
<nullsAllowed>true</nullsAllowed>
<useDomainConstraints>false</useDomainConstraints>
<use>1</use>
<logicalDatatype>LOGDT007</logicalDatatype>
<dataTypeSize>7</dataTypeSize>
<autoIncrementCycle>false</autoIncrementCycle>
</Column>
<Column name="INVENTORY_COUNT" id="DE6D7B71-38FD-1284-FF8A-CB01DA71E7DA">
<sourceConnName>TX_MAXDAT_PROD</sourceConnName>
<sourceObjSchema>F_MJ_BY_DATE</sourceObjSchema>
<sourceObjName>INVENTORY_COUNT</sourceObjName>
<createdBy>mb56142</createdBy>
<createdTime>2014-06-24 16:21:32 UTC</createdTime>
<ownerDesignName>TXEB_BPM_Semantic_data_model_diagram</ownerDesignName>
<nullsAllowed>true</nullsAllowed>
<useDomainConstraints>false</useDomainConstraints>
<use>1</use>
<logicalDatatype>LOGDT019</logicalDatatype>
<autoIncrementCycle>false</autoIncrementCycle>
</Column>
<Column name="CREATION_COUNT" id="02970B66-1C30-5F2A-B79B-3B7476DDDAA3">
<sourceConnName>TX_MAXDAT_PROD</sourceConnName>
<sourceObjSchema>F_MJ_BY_DATE</sourceObjSchema>
<sourceObjName>CREATION_COUNT</sourceObjName>
<createdBy>mb56142</createdBy>
<createdTime>2014-06-24 16:21:32 UTC</createdTime>
<ownerDesignName>TXEB_BPM_Semantic_data_model_diagram</ownerDesignName>
<nullsAllowed>true</nullsAllowed>
<useDomainConstraints>false</useDomainConstraints>
<use>1</use>
<logicalDatatype>LOGDT019</logicalDatatype>
<autoIncrementCycle>false</autoIncrementCycle>
</Column>
<Column name="COMPLETION_COUNT" id="D01E559C-0B44-FD0A-56E9-B0DDCFC6E4A9">
<sourceConnName>TX_MAXDAT_PROD</sourceConnName>
<sourceObjSchema>F_MJ_BY_DATE</sourceObjSchema>
<sourceObjName>COMPLETION_COUNT</sourceObjName>
<createdBy>mb56142</createdBy>
<createdTime>2014-06-24 16:21:32 UTC</createdTime>
<ownerDesignName>TXEB_BPM_Semantic_data_model_diagram</ownerDesignName>
<nullsAllowed>true</nullsAllowed>
<useDomainConstraints>false</useDomainConstraints>
<use>1</use>
<logicalDatatype>LOGDT019</logicalDatatype>
<autoIncrementCycle>false</autoIncrementCycle>
</Column>
</columns>
<indexes itemClass="oracle.dbtools.crest.model.design.relational.Index">
<ind_PK_UK id="38210C1D-B8F3-501A-6CDA-283BE2D864B2" name="FIMJBD_PK">
<sourceConnName>TX_MAXDAT_PROD</sourceConnName>
<sourceObjSchema>MAXDAT</sourceObjSchema>
<sourceObjName>FIMJBD_PK</sourceObjName>
<createdBy>mb56142</createdBy>
<createdTime>2014-06-24 16:21:34 UTC</createdTime>
<ownerDesignName>TXEB_BPM_Semantic_data_model_diagram</ownerDesignName>
<pk>true</pk>
<indexState>Primary Constraint</indexState>
<isSurrogateKey>false</isSurrogateKey>
<indexColumnUsage>
<colUsage columnID="F7EEED26-3BD2-9778-4EE1-B264EDE395B9"/>
</indexColumnUsage>
</ind_PK_UK>
<ind_PK_UK id="72B023F4-98A4-71D4-48C2-B4EB96149DE0" name="FNMRBD_UIX3">
<sourceConnName>TX_MAXDAT_PROD</sourceConnName>
<sourceObjSchema>MAXDAT</sourceObjSchema>
<sourceObjName>FNMRBD_UIX3</sourceObjName>
<createdBy>mb56142</createdBy>
<createdTime>2014-06-24 16:21:33 UTC</createdTime>
<ownerDesignName>TXEB_BPM_Semantic_data_model_diagram</ownerDesignName>
<indexState>Unique Plain Index</indexState>
<schemaObject>121AEE1F-FD79-403A-F17D-FF8859EA2228</schemaObject>
<isSurrogateKey>false</isSurrogateKey>
<indexColumnUsage>
<colUsage columnID="F7EEED26-3BD2-9778-4EE1-B264EDE395B9"/>
<colUsage columnID="47F33D24-CF79-C2DE-7522-52EA4525BCC3"/>
</indexColumnUsage>
</ind_PK_UK>
<ind_PK_UK id="A0BCCE3C-B615-C1ED-A7D6-5DD397C2A79B" name="FNMRBD_UIX2">
<sourceConnName>TX_MAXDAT_PROD</sourceConnName>
<sourceObjSchema>MAXDAT</sourceObjSchema>
<sourceObjName>FNMRBD_UIX2</sourceObjName>
<createdBy>mb56142</createdBy>
<createdTime>2014-06-24 16:21:33 UTC</createdTime>
<ownerDesignName>TXEB_BPM_Semantic_data_model_diagram</ownerDesignName>
<indexState>Unique Plain Index</indexState>
<schemaObject>121AEE1F-FD79-403A-F17D-FF8859EA2228</schemaObject>
<isSurrogateKey>false</isSurrogateKey>
<indexColumnUsage>
<colUsage columnID="F7EEED26-3BD2-9778-4EE1-B264EDE395B9"/>
<colUsage columnID="9AEB3789-D8CF-7FDE-ADF0-1212A5A5257E"/>
</indexColumnUsage>
</ind_PK_UK>
<ind_PK_UK id="6311C449-D726-17FC-4ADD-F07E14DBBAC2" name="FNMRBD_UIX1">
<sourceConnName>TX_MAXDAT_PROD</sourceConnName>
<sourceObjSchema>MAXDAT</sourceObjSchema>
<sourceObjName>FNMRBD_UIX1</sourceObjName>
<createdBy>mb56142</createdBy>
<createdTime>2014-06-24 16:21:33 UTC</createdTime>
<ownerDesignName>TXEB_BPM_Semantic_data_model_diagram</ownerDesignName>
<indexState>Unique Plain Index</indexState>
<schemaObject>121AEE1F-FD79-403A-F17D-FF8859EA2228</schemaObject>
<isSurrogateKey>false</isSurrogateKey>
<indexColumnUsage>
<colUsage columnID="F7EEED26-3BD2-9778-4EE1-B264EDE395B9"/>
<colUsage columnID="CDBEE478-B822-A375-36FB-9B85553D2FFA"/>
</indexColumnUsage>
</ind_PK_UK>
<ind_PK_UK id="759FCCC1-4E39-9154-5E3A-D77A64603D12" name="FIMJBD_PK">
<sourceConnName>TX_MAXDAT_PROD</sourceConnName>
<sourceObjSchema>MAXDAT</sourceObjSchema>
<sourceObjName>FIMJBD_PK</sourceObjName>
<createdBy>mb56142</createdBy>
<createdTime>2014-06-24 16:21:33 UTC</createdTime>
<ownerDesignName>TXEB_BPM_Semantic_data_model_diagram</ownerDesignName>
<indexState>Unique Plain Index</indexState>
<schemaObject>121AEE1F-FD79-403A-F17D-FF8859EA2228</schemaObject>
<isSurrogateKey>false</isSurrogateKey>
<indexColumnUsage>
<colUsage columnID="F7EEED26-3BD2-9778-4EE1-B264EDE395B9"/>
</indexColumnUsage>
</ind_PK_UK>
<ind_PK_UK id="4DC73275-50DB-E26A-F929-D5A869560015" name="FMJBD_UIX1">
<sourceConnName>TX_MAXDAT_PROD</sourceConnName>
<sourceObjSchema>MAXDAT</sourceObjSchema>
<sourceObjName>FMJBD_UIX1</sourceObjName>
<createdBy>mb56142</createdBy>
<createdTime>2014-06-24 16:21:33 UTC</createdTime>
<ownerDesignName>TXEB_BPM_Semantic_data_model_diagram</ownerDesignName>
<indexState>Unique Plain Index</indexState>
<schemaObject>121AEE1F-FD79-403A-F17D-FF8859EA2228</schemaObject>
<isSurrogateKey>false</isSurrogateKey>
<indexColumnUsage>
<colUsage columnID="198F7E9F-C5C6-3BF0-6C5B-D4DFDBBFD03F"/>
<colUsage columnID="CDBEE478-B822-A375-36FB-9B85553D2FFA"/>
</indexColumnUsage>
</ind_PK_UK>
<ind_PK_UK id="1DC4BFCA-2D93-1029-4E50-75D71C769371" name="FMJBD_UIX2">
<sourceConnName>TX_MAXDAT_PROD</sourceConnName>
<sourceObjSchema>MAXDAT</sourceObjSchema>
<sourceObjName>FMJBD_UIX2</sourceObjName>
<createdBy>mb56142</createdBy>
<createdTime>2014-06-24 16:21:33 UTC</createdTime>
<ownerDesignName>TXEB_BPM_Semantic_data_model_diagram</ownerDesignName>
<indexState>Unique Plain Index</indexState>
<schemaObject>121AEE1F-FD79-403A-F17D-FF8859EA2228</schemaObject>
<isSurrogateKey>false</isSurrogateKey>
<indexColumnUsage>
<colUsage columnID="198F7E9F-C5C6-3BF0-6C5B-D4DFDBBFD03F"/>
<colUsage columnID="9AEB3789-D8CF-7FDE-ADF0-1212A5A5257E"/>
</indexColumnUsage>
</ind_PK_UK>
<ind_PK_UK id="39CEBB46-E4C8-D82B-94F0-827E7D39B265" name="FMJBD_IX1">
<sourceConnName>TX_MAXDAT_PROD</sourceConnName>
<sourceObjSchema>MAXDAT</sourceObjSchema>
<sourceObjName>FMJBD_IX1</sourceObjName>
<createdBy>mb56142</createdBy>
<createdTime>2014-06-24 16:21:33 UTC</createdTime>
<ownerDesignName>TXEB_BPM_Semantic_data_model_diagram</ownerDesignName>
<schemaObject>121AEE1F-FD79-403A-F17D-FF8859EA2228</schemaObject>
<isSurrogateKey>false</isSurrogateKey>
<indexColumnUsage>
<colUsage columnID="3DEF689A-D336-A2AB-9183-E0BD326F8E73"/>
</indexColumnUsage>
</ind_PK_UK>
<ind_PK_UK id="C2B33A37-A06A-32CA-D0FB-E99E2F57B464" name="FMJBD_IXT1">
<sourceConnName>TX_MAXDAT_PROD</sourceConnName>
<sourceObjSchema>MAXDAT</sourceObjSchema>
<sourceObjName>FMJBD_IXT1</sourceObjName>
<createdBy>mb56142</createdBy>
<createdTime>2014-06-24 16:21:33 UTC</createdTime>
<ownerDesignName>TXEB_BPM_Semantic_data_model_diagram</ownerDesignName>
<schemaObject>121AEE1F-FD79-403A-F17D-FF8859EA2228</schemaObject>
<isSurrogateKey>false</isSurrogateKey>
<indexColumnUsage>
<colUsage columnID="47F33D24-CF79-C2DE-7522-52EA4525BCC3"/>
</indexColumnUsage>
</ind_PK_UK>
<ind_PK_UK id="EEB95A28-F13D-48D2-C4FA-BCA4276D20F9" name="FMJBD_IXT2">
<sourceConnName>TX_MAXDAT_PROD</sourceConnName>
<sourceObjSchema>MAXDAT</sourceObjSchema>
<sourceObjName>FMJBD_IXT2</sourceObjName>
<createdBy>mb56142</createdBy>
<createdTime>2014-06-24 16:21:33 UTC</createdTime>
<ownerDesignName>TXEB_BPM_Semantic_data_model_diagram</ownerDesignName>
<schemaObject>121AEE1F-FD79-403A-F17D-FF8859EA2228</schemaObject>
<isSurrogateKey>false</isSurrogateKey>
<indexColumnUsage>
<colUsage columnID="198F7E9F-C5C6-3BF0-6C5B-D4DFDBBFD03F"/>
</indexColumnUsage>
</ind_PK_UK>
<ind_PK_UK id="774C7DD1-4894-356D-34F7-63CE2D0CC25F" name="FMJBD_IXT3">
<sourceConnName>TX_MAXDAT_PROD</sourceConnName>
<sourceObjSchema>MAXDAT</sourceObjSchema>
<sourceObjName>FMJBD_IXT3</sourceObjName>
<createdBy>mb56142</createdBy>
<createdTime>2014-06-24 16:21:33 UTC</createdTime>
<ownerDesignName>TXEB_BPM_Semantic_data_model_diagram</ownerDesignName>
<schemaObject>121AEE1F-FD79-403A-F17D-FF8859EA2228</schemaObject>
<isSurrogateKey>false</isSurrogateKey>
<indexColumnUsage>
<colUsage columnID="9AEB3789-D8CF-7FDE-ADF0-1212A5A5257E"/>
<colUsage columnID="47F33D24-CF79-C2DE-7522-52EA4525BCC3"/>
</indexColumnUsage>
</ind_PK_UK>
<ind_PK_UK id="B859735B-FAE3-2043-6C28-DC84A6297CFB" name="FMJBD_IXT4">
<sourceConnName>TX_MAXDAT_PROD</sourceConnName>
<sourceObjSchema>MAXDAT</sourceObjSchema>
<sourceObjName>FMJBD_IXT4</sourceObjName>
<createdBy>mb56142</createdBy>
<createdTime>2014-06-24 16:21:34 UTC</createdTime>
<ownerDesignName>TXEB_BPM_Semantic_data_model_diagram</ownerDesignName>
<schemaObject>121AEE1F-FD79-403A-F17D-FF8859EA2228</schemaObject>
<isSurrogateKey>false</isSurrogateKey>
<indexColumnUsage>
<colUsage columnID="02970B66-1C30-5F2A-B79B-3B7476DDDAA3"/>
</indexColumnUsage>
</ind_PK_UK>
<ind_PK_UK id="E9CF8C3B-6AF1-08F4-963C-B6433F343532" name="FIMJBD_DIMJLUB_FK">
<createdBy>mb56142</createdBy>
<createdTime>2014-06-24 16:21:34 UTC</createdTime>
<ownerDesignName>TXEB_BPM_Semantic_data_model_diagram</ownerDesignName>
<indexState>Foreign Key</indexState>
<isSurrogateKey>false</isSurrogateKey>
<indexColumnUsage>
<colUsage columnID="7CC6756E-E210-6A7B-4E97-3BCCFFF65971"/>
</indexColumnUsage>
</ind_PK_UK>
<ind_PK_UK id="FB20C030-DE21-8F82-9FDD-4FB0E312D954" name="FIMJBD_DIMJCUR_FK">
<createdBy>mb56142</createdBy>
<createdTime>2014-06-24 16:22:26 UTC</createdTime>
<ownerDesignName>TXEB_BPM_Semantic_data_model_diagram</ownerDesignName>
<indexState>Foreign Key</indexState>
<isSurrogateKey>false</isSurrogateKey>
<indexColumnUsage>
<colUsage columnID="198F7E9F-C5C6-3BF0-6C5B-D4DFDBBFD03F"/>
</indexColumnUsage>
</ind_PK_UK>
</indexes>
</Table>