<?xml version = '1.0' encoding = 'UTF-8'?>
<Table class="oracle.dbtools.crest.model.design.relational.Table" directorySegmentName="seg_0" id="D97DF76F-121A-66D2-472D-49296E0956FA" name="F_COR_BY_DATE">
<sourceConnName>TX_MAXDAT_PROD</sourceConnName>
<sourceObjSchema>MAXDAT</sourceObjSchema>
<sourceObjName>F_COR_BY_DATE</sourceObjName>
<createdBy>mb56142</createdBy>
<createdTime>2014-06-24 01:55:44 UTC</createdTime>
<ownerDesignName>TXEB_BPM_Semantic_data_model_diagram</ownerDesignName>
<schemaObject>121AEE1F-FD79-403A-F17D-FF8859EA2228</schemaObject>
<allowColumnReorder>false</allowColumnReorder>
<existDependencyGenerateInDDl>true</existDependencyGenerateInDDl>
<columns itemClass="oracle.dbtools.crest.model.design.relational.Column">
<Column name="FCORBD_ID" id="C219BE5F-0D6E-006F-8FB1-E6349605F98A">
<sourceConnName>TX_MAXDAT_PROD</sourceConnName>
<sourceObjSchema>F_COR_BY_DATE</sourceObjSchema>
<sourceObjName>FCORBD_ID</sourceObjName>
<createdBy>mb56142</createdBy>
<createdTime>2014-06-24 01:55:45 UTC</createdTime>
<ownerDesignName>TXEB_BPM_Semantic_data_model_diagram</ownerDesignName>
<useDomainConstraints>false</useDomainConstraints>
<use>1</use>
<logicalDatatype>LOGDT019</logicalDatatype>
<autoIncrementCycle>false</autoIncrementCycle>
</Column>
<Column name="D_DATE" id="AD588658-D4A1-C4EB-CE6B-1554768BA42E">
<sourceConnName>TX_MAXDAT_PROD</sourceConnName>
<sourceObjSchema>F_COR_BY_DATE</sourceObjSchema>
<sourceObjName>D_DATE</sourceObjName>
<createdBy>mb56142</createdBy>
<createdTime>2014-06-24 01:55:45 UTC</createdTime>
<ownerDesignName>TXEB_BPM_Semantic_data_model_diagram</ownerDesignName>
<useDomainConstraints>false</useDomainConstraints>
<use>1</use>
<logicalDatatype>LOGDT007</logicalDatatype>
<dataTypeSize>7</dataTypeSize>
<autoIncrementCycle>false</autoIncrementCycle>
</Column>
<Column name="BUCKET_START_DATE" id="BC531127-492E-21BB-8931-9E89C0CD1304">
<sourceConnName>TX_MAXDAT_PROD</sourceConnName>
<sourceObjSchema>F_COR_BY_DATE</sourceObjSchema>
<sourceObjName>BUCKET_START_DATE</sourceObjName>
<createdBy>mb56142</createdBy>
<createdTime>2014-06-24 01:55:45 UTC</createdTime>
<ownerDesignName>TXEB_BPM_Semantic_data_model_diagram</ownerDesignName>
<useDomainConstraints>false</useDomainConstraints>
<use>1</use>
<logicalDatatype>LOGDT007</logicalDatatype>
<dataTypeSize>7</dataTypeSize>
<autoIncrementCycle>false</autoIncrementCycle>
</Column>
<Column name="BUCKET_END_DATE" id="0D7BA372-1A20-0C97-7C6A-EA388013750F">
<sourceConnName>TX_MAXDAT_PROD</sourceConnName>
<sourceObjSchema>F_COR_BY_DATE</sourceObjSchema>
<sourceObjName>BUCKET_END_DATE</sourceObjName>
<createdBy>mb56142</createdBy>
<createdTime>2014-06-24 01:55:45 UTC</createdTime>
<ownerDesignName>TXEB_BPM_Semantic_data_model_diagram</ownerDesignName>
<useDomainConstraints>false</useDomainConstraints>
<use>1</use>
<logicalDatatype>LOGDT007</logicalDatatype>
<dataTypeSize>7</dataTypeSize>
<autoIncrementCycle>false</autoIncrementCycle>
</Column>
<Column name="COR_BI_ID" id="AA73F27E-5A52-E97C-1515-49F5E9B9228E">
<sourceConnName>TX_MAXDAT_PROD</sourceConnName>
<sourceObjSchema>F_COR_BY_DATE</sourceObjSchema>
<sourceObjName>COR_BI_ID</sourceObjName>
<createdBy>mb56142</createdBy>
<createdTime>2014-06-24 01:55:45 UTC</createdTime>
<ownerDesignName>TXEB_BPM_Semantic_data_model_diagram</ownerDesignName>
<useDomainConstraints>false</useDomainConstraints>
<use>1</use>
<logicalDatatype>LOGDT019</logicalDatatype>
<delegate>EC048D50-C0DA-B9A6-090B-B0319DD3B0D0</delegate>
<autoIncrementCycle>false</autoIncrementCycle>
<associations>
<colAssociation fkAssociation="1887B4BE-D86D-3EC8-E2D5-352F1658EAA9" referredColumn="EC048D50-C0DA-B9A6-090B-B0319DD3B0D0"/>
</associations>
</Column>
<Column name="DCORCI_ID" id="6CFA0D0A-0F08-68AF-24FB-CDEA682C5AC3">
<sourceConnName>TX_MAXDAT_PROD</sourceConnName>
<sourceObjSchema>F_COR_BY_DATE</sourceObjSchema>
<sourceObjName>DCORCI_ID</sourceObjName>
<createdBy>mb56142</createdBy>
<createdTime>2014-06-24 01:55:45 UTC</createdTime>
<ownerDesignName>TXEB_BPM_Semantic_data_model_diagram</ownerDesignName>
<useDomainConstraints>false</useDomainConstraints>
<use>1</use>
<logicalDatatype>LOGDT019</logicalDatatype>
<delegate>E52A33E2-3FDE-54A1-BF30-0B2D43DD6A15</delegate>
<autoIncrementCycle>false</autoIncrementCycle>
<associations>
<colAssociation fkAssociation="4EBA8A10-E9DE-4823-F811-1FDC77E0EA3E" referredColumn="E52A33E2-3FDE-54A1-BF30-0B2D43DD6A15"/>
</associations>
</Column>
<Column name="DCORRS_ID" id="CB2F4508-666A-CECB-4496-E81F0E26AB4D">
<sourceConnName>TX_MAXDAT_PROD</sourceConnName>
<sourceObjSchema>F_COR_BY_DATE</sourceObjSchema>
<sourceObjName>DCORRS_ID</sourceObjName>
<createdBy>mb56142</createdBy>
<createdTime>2014-06-24 01:55:45 UTC</createdTime>
<ownerDesignName>TXEB_BPM_Semantic_data_model_diagram</ownerDesignName>
<useDomainConstraints>false</useDomainConstraints>
<use>1</use>
<logicalDatatype>LOGDT019</logicalDatatype>
<delegate>F1C3E3F9-FE50-A524-32BF-9FD73064970C</delegate>
<autoIncrementCycle>false</autoIncrementCycle>
<associations>
<colAssociation fkAssociation="54032679-AE79-3D8C-F6DD-A4DF6A056A6C" referredColumn="F1C3E3F9-FE50-A524-32BF-9FD73064970C"/>
</associations>
</Column>
<Column name="DCORSI_ID" id="4207CFCD-C620-407B-1388-D7B0F0C314B8">
<sourceConnName>TX_MAXDAT_PROD</sourceConnName>
<sourceObjSchema>F_COR_BY_DATE</sourceObjSchema>
<sourceObjName>DCORSI_ID</sourceObjName>
<createdBy>mb56142</createdBy>
<createdTime>2014-06-24 01:55:45 UTC</createdTime>
<ownerDesignName>TXEB_BPM_Semantic_data_model_diagram</ownerDesignName>
<useDomainConstraints>false</useDomainConstraints>
<use>1</use>
<logicalDatatype>LOGDT019</logicalDatatype>
<delegate>B5F49537-470A-A1B5-9D94-B250AF9FFB1E</delegate>
<autoIncrementCycle>false</autoIncrementCycle>
<associations>
<colAssociation fkAssociation="EFF631B8-305D-2AB2-3A4D-8E8284787BE6" referredColumn="B5F49537-470A-A1B5-9D94-B250AF9FFB1E"/>
</associations>
</Column>
<Column name="CREATION_COUNT" id="5049757A-85A4-32A9-196B-1C3EAF8917A9">
<sourceConnName>TX_MAXDAT_PROD</sourceConnName>
<sourceObjSchema>F_COR_BY_DATE</sourceObjSchema>
<sourceObjName>CREATION_COUNT</sourceObjName>
<createdBy>mb56142</createdBy>
<createdTime>2014-06-24 01:55:45 UTC</createdTime>
<ownerDesignName>TXEB_BPM_Semantic_data_model_diagram</ownerDesignName>
<nullsAllowed>true</nullsAllowed>
<useDomainConstraints>false</useDomainConstraints>
<use>1</use>
<logicalDatatype>LOGDT019</logicalDatatype>
<autoIncrementCycle>false</autoIncrementCycle>
</Column>
<Column name="INVENTORY_COUNT" id="8011B964-CEB0-5D3C-AA76-2660BC3DBDC7">
<sourceConnName>TX_MAXDAT_PROD</sourceConnName>
<sourceObjSchema>F_COR_BY_DATE</sourceObjSchema>
<sourceObjName>INVENTORY_COUNT</sourceObjName>
<createdBy>mb56142</createdBy>
<createdTime>2014-06-24 01:55:45 UTC</createdTime>
<ownerDesignName>TXEB_BPM_Semantic_data_model_diagram</ownerDesignName>
<nullsAllowed>true</nullsAllowed>
<useDomainConstraints>false</useDomainConstraints>
<use>1</use>
<logicalDatatype>LOGDT019</logicalDatatype>
<autoIncrementCycle>false</autoIncrementCycle>
</Column>
<Column name="COMPLETION_COUNT" id="4A4EA0BE-F564-A8A6-293F-0D1A5F50CEDE">
<sourceConnName>TX_MAXDAT_PROD</sourceConnName>
<sourceObjSchema>F_COR_BY_DATE</sourceObjSchema>
<sourceObjName>COMPLETION_COUNT</sourceObjName>
<createdBy>mb56142</createdBy>
<createdTime>2014-06-24 01:55:45 UTC</createdTime>
<ownerDesignName>TXEB_BPM_Semantic_data_model_diagram</ownerDesignName>
<nullsAllowed>true</nullsAllowed>
<useDomainConstraints>false</useDomainConstraints>
<use>1</use>
<logicalDatatype>LOGDT019</logicalDatatype>
<autoIncrementCycle>false</autoIncrementCycle>
</Column>
<Column name="OUTREACH_REQUEST_STATUS_DATE" id="173030D9-2553-33B6-CE80-C29AB83A26AC">
<sourceConnName>TX_MAXDAT_PROD</sourceConnName>
<sourceObjSchema>F_COR_BY_DATE</sourceObjSchema>
<sourceObjName>OUTREACH_REQUEST_STATUS_DATE</sourceObjName>
<createdBy>mb56142</createdBy>
<createdTime>2014-06-24 01:55:45 UTC</createdTime>
<ownerDesignName>TXEB_BPM_Semantic_data_model_diagram</ownerDesignName>
<nullsAllowed>true</nullsAllowed>
<useDomainConstraints>false</useDomainConstraints>
<use>1</use>
<logicalDatatype>LOGDT007</logicalDatatype>
<dataTypeSize>7</dataTypeSize>
<autoIncrementCycle>false</autoIncrementCycle>
</Column>
</columns>
<indexes itemClass="oracle.dbtools.crest.model.design.relational.Index">
<ind_PK_UK id="1A4FB6CB-FBD5-7A9C-4B66-C529F11373E0" name="FCORBD_PK">
<sourceConnName>TX_MAXDAT_PROD</sourceConnName>
<sourceObjSchema>MAXDAT</sourceObjSchema>
<sourceObjName>FCORBD_PK</sourceObjName>
<createdBy>mb56142</createdBy>
<createdTime>2014-06-24 01:55:45 UTC</createdTime>
<ownerDesignName>TXEB_BPM_Semantic_data_model_diagram</ownerDesignName>
<pk>true</pk>
<indexState>Primary Constraint</indexState>
<isSurrogateKey>false</isSurrogateKey>
<indexColumnUsage>
<colUsage columnID="C219BE5F-0D6E-006F-8FB1-E6349605F98A"/>
</indexColumnUsage>
</ind_PK_UK>
<ind_PK_UK id="FB1831F9-31B0-6064-D5A7-FA3D33CF5BB2" name="FCORBD_PK">
<sourceConnName>TX_MAXDAT_PROD</sourceConnName>
<sourceObjSchema>MAXDAT</sourceObjSchema>
<sourceObjName>FCORBD_PK</sourceObjName>
<createdBy>mb56142</createdBy>
<createdTime>2014-06-24 01:55:45 UTC</createdTime>
<ownerDesignName>TXEB_BPM_Semantic_data_model_diagram</ownerDesignName>
<indexState>Unique Plain Index</indexState>
<schemaObject>121AEE1F-FD79-403A-F17D-FF8859EA2228</schemaObject>
<isSurrogateKey>false</isSurrogateKey>
<indexColumnUsage>
<colUsage columnID="C219BE5F-0D6E-006F-8FB1-E6349605F98A"/>
</indexColumnUsage>
</ind_PK_UK>
<ind_PK_UK id="F4D30F82-3D12-1B50-3317-1060D5A84B09" name="FCORBD_IX1">
<sourceConnName>TX_MAXDAT_PROD</sourceConnName>
<sourceObjSchema>MAXDAT</sourceObjSchema>
<sourceObjName>FCORBD_IX1</sourceObjName>
<createdBy>mb56142</createdBy>
<createdTime>2014-06-24 01:55:45 UTC</createdTime>
<ownerDesignName>TXEB_BPM_Semantic_data_model_diagram</ownerDesignName>
<schemaObject>121AEE1F-FD79-403A-F17D-FF8859EA2228</schemaObject>
<isSurrogateKey>false</isSurrogateKey>
<indexColumnUsage>
<colUsage columnID="173030D9-2553-33B6-CE80-C29AB83A26AC"/>
</indexColumnUsage>
</ind_PK_UK>
<ind_PK_UK id="DFFE6686-6E74-D660-5AED-C7E1CCF990F7" name="FCORBD_UIX2">
<sourceConnName>TX_MAXDAT_PROD</sourceConnName>
<sourceObjSchema>MAXDAT</sourceObjSchema>
<sourceObjName>FCORBD_UIX2</sourceObjName>
<createdBy>mb56142</createdBy>
<createdTime>2014-06-24 01:55:45 UTC</createdTime>
<ownerDesignName>TXEB_BPM_Semantic_data_model_diagram</ownerDesignName>
<indexState>Unique Plain Index</indexState>
<schemaObject>121AEE1F-FD79-403A-F17D-FF8859EA2228</schemaObject>
<isSurrogateKey>false</isSurrogateKey>
<indexColumnUsage>
<colUsage columnID="AA73F27E-5A52-E97C-1515-49F5E9B9228E"/>
<colUsage columnID="BC531127-492E-21BB-8931-9E89C0CD1304"/>
</indexColumnUsage>
</ind_PK_UK>
<ind_PK_UK id="B713A019-98C7-F607-70FE-05BA223D271D" name="FCORBD_UIX1">
<sourceConnName>TX_MAXDAT_PROD</sourceConnName>
<sourceObjSchema>MAXDAT</sourceObjSchema>
<sourceObjName>FCORBD_UIX1</sourceObjName>
<createdBy>mb56142</createdBy>
<createdTime>2014-06-24 01:55:45 UTC</createdTime>
<ownerDesignName>TXEB_BPM_Semantic_data_model_diagram</ownerDesignName>
<indexState>Unique Plain Index</indexState>
<schemaObject>121AEE1F-FD79-403A-F17D-FF8859EA2228</schemaObject>
<isSurrogateKey>false</isSurrogateKey>
<indexColumnUsage>
<colUsage columnID="AA73F27E-5A52-E97C-1515-49F5E9B9228E"/>
<colUsage columnID="AD588658-D4A1-C4EB-CE6B-1554768BA42E"/>
</indexColumnUsage>
</ind_PK_UK>
<ind_PK_UK id="7B7ADB66-9827-9EB6-8C39-EA2F1A41853A" name="FCORBD_IXL4">
<sourceConnName>TX_MAXDAT_PROD</sourceConnName>
<sourceObjSchema>MAXDAT</sourceObjSchema>
<sourceObjName>FCORBD_IXL4</sourceObjName>
<createdBy>mb56142</createdBy>
<createdTime>2014-06-24 01:55:45 UTC</createdTime>
<ownerDesignName>TXEB_BPM_Semantic_data_model_diagram</ownerDesignName>
<schemaObject>121AEE1F-FD79-403A-F17D-FF8859EA2228</schemaObject>
<isSurrogateKey>false</isSurrogateKey>
<indexColumnUsage>
<colUsage columnID="5049757A-85A4-32A9-196B-1C3EAF8917A9"/>
</indexColumnUsage>
</ind_PK_UK>
<ind_PK_UK id="E2254CD8-7FD1-9C76-6251-541A39AF9F25" name="FCORBD_IXL1">
<sourceConnName>TX_MAXDAT_PROD</sourceConnName>
<sourceObjSchema>MAXDAT</sourceObjSchema>
<sourceObjName>FCORBD_IXL1</sourceObjName>
<createdBy>mb56142</createdBy>
<createdTime>2014-06-24 01:55:45 UTC</createdTime>
<ownerDesignName>TXEB_BPM_Semantic_data_model_diagram</ownerDesignName>
<schemaObject>121AEE1F-FD79-403A-F17D-FF8859EA2228</schemaObject>
<isSurrogateKey>false</isSurrogateKey>
<indexColumnUsage>
<colUsage columnID="0D7BA372-1A20-0C97-7C6A-EA388013750F"/>
</indexColumnUsage>
</ind_PK_UK>
<ind_PK_UK id="0CF7F1F4-8F14-652A-C3D1-A4B9B1A9911F" name="FCORBD_DCORCUR_FK">
<createdBy>mb56142</createdBy>
<createdTime>2014-06-24 01:55:46 UTC</createdTime>
<ownerDesignName>TXEB_BPM_Semantic_data_model_diagram</ownerDesignName>
<indexState>Foreign Key</indexState>
<isSurrogateKey>false</isSurrogateKey>
<indexColumnUsage>
<colUsage columnID="AA73F27E-5A52-E97C-1515-49F5E9B9228E"/>
</indexColumnUsage>
</ind_PK_UK>
<ind_PK_UK id="BBBD7B29-604D-80FF-C000-8F24A9548940" name="FCORBD_DCORRS_FK">
<createdBy>mb56142</createdBy>
<createdTime>2014-06-24 01:55:46 UTC</createdTime>
<ownerDesignName>TXEB_BPM_Semantic_data_model_diagram</ownerDesignName>
<indexState>Foreign Key</indexState>
<isSurrogateKey>false</isSurrogateKey>
<indexColumnUsage>
<colUsage columnID="CB2F4508-666A-CECB-4496-E81F0E26AB4D"/>
</indexColumnUsage>
</ind_PK_UK>
<ind_PK_UK id="29C18D6C-470D-7320-52D0-2B1F382B3E5C" name="FCORBD_DCORSI_FK">
<createdBy>mb56142</createdBy>
<createdTime>2014-06-24 01:55:46 UTC</createdTime>
<ownerDesignName>TXEB_BPM_Semantic_data_model_diagram</ownerDesignName>
<indexState>Foreign Key</indexState>
<isSurrogateKey>false</isSurrogateKey>
<indexColumnUsage>
<colUsage columnID="4207CFCD-C620-407B-1388-D7B0F0C314B8"/>
</indexColumnUsage>
</ind_PK_UK>
<ind_PK_UK id="635FA318-90B0-4B94-3239-2E3CF2EE7FB4" name="FCORBD_DCORCI_FK">
<createdBy>mb56142</createdBy>
<createdTime>2014-06-24 02:01:37 UTC</createdTime>
<ownerDesignName>TXEB_BPM_Semantic_data_model_diagram</ownerDesignName>
<indexState>Foreign Key</indexState>
<isSurrogateKey>false</isSurrogateKey>
<indexColumnUsage>
<colUsage columnID="6CFA0D0A-0F08-68AF-24FB-CDEA682C5AC3"/>
</indexColumnUsage>
</ind_PK_UK>
</indexes>
</Table>