<?xml version = '1.0' encoding = 'UTF-8'?>
<Table class="oracle.dbtools.crest.model.design.relational.Table" directorySegmentName="seg_0" id="DAA57FEE-A1B7-8497-465A-26D9C652B862" name="F_PL_BY_DATE">
<sourceConnName>TX_MAXDAT_PROD</sourceConnName>
<sourceObjSchema>MAXDAT</sourceObjSchema>
<sourceObjName>F_PL_BY_DATE</sourceObjName>
<createdBy>mb56142</createdBy>
<createdTime>2014-06-24 19:31:08 UTC</createdTime>
<ownerDesignName>TXEB_BPM_Semantic_data_model_diagram</ownerDesignName>
<schemaObject>121AEE1F-FD79-403A-F17D-FF8859EA2228</schemaObject>
<allowColumnReorder>false</allowColumnReorder>
<existDependencyGenerateInDDl>true</existDependencyGenerateInDDl>
<columns itemClass="oracle.dbtools.crest.model.design.relational.Column">
<Column name="FPLBD_ID" id="F38B3786-978E-AE14-0926-42662B9C683A">
<sourceConnName>TX_MAXDAT_PROD</sourceConnName>
<sourceObjSchema>F_PL_BY_DATE</sourceObjSchema>
<sourceObjName>FPLBD_ID</sourceObjName>
<createdBy>mb56142</createdBy>
<createdTime>2014-06-24 19:31:08 UTC</createdTime>
<ownerDesignName>TXEB_BPM_Semantic_data_model_diagram</ownerDesignName>
<useDomainConstraints>false</useDomainConstraints>
<use>1</use>
<logicalDatatype>LOGDT019</logicalDatatype>
<autoIncrementCycle>false</autoIncrementCycle>
</Column>
<Column name="D_DATE" id="4295E8B8-2C90-0822-1879-00B9A6996BCC">
<sourceConnName>TX_MAXDAT_PROD</sourceConnName>
<sourceObjSchema>F_PL_BY_DATE</sourceObjSchema>
<sourceObjName>D_DATE</sourceObjName>
<createdBy>mb56142</createdBy>
<createdTime>2014-06-24 19:31:08 UTC</createdTime>
<ownerDesignName>TXEB_BPM_Semantic_data_model_diagram</ownerDesignName>
<useDomainConstraints>false</useDomainConstraints>
<use>1</use>
<logicalDatatype>LOGDT007</logicalDatatype>
<dataTypeSize>7</dataTypeSize>
<autoIncrementCycle>false</autoIncrementCycle>
</Column>
<Column name="BUCKET_START_DATE" id="FD7F8FAE-F1D3-9DFE-F420-15E868F1A244">
<sourceConnName>TX_MAXDAT_PROD</sourceConnName>
<sourceObjSchema>F_PL_BY_DATE</sourceObjSchema>
<sourceObjName>BUCKET_START_DATE</sourceObjName>
<createdBy>mb56142</createdBy>
<createdTime>2014-06-24 19:31:08 UTC</createdTime>
<ownerDesignName>TXEB_BPM_Semantic_data_model_diagram</ownerDesignName>
<useDomainConstraints>false</useDomainConstraints>
<use>1</use>
<logicalDatatype>LOGDT007</logicalDatatype>
<dataTypeSize>7</dataTypeSize>
<autoIncrementCycle>false</autoIncrementCycle>
</Column>
<Column name="BUCKET_END_DATE" id="035256DB-3780-4E3B-07B6-377D53CB5499">
<sourceConnName>TX_MAXDAT_PROD</sourceConnName>
<sourceObjSchema>F_PL_BY_DATE</sourceObjSchema>
<sourceObjName>BUCKET_END_DATE</sourceObjName>
<createdBy>mb56142</createdBy>
<createdTime>2014-06-24 19:31:08 UTC</createdTime>
<ownerDesignName>TXEB_BPM_Semantic_data_model_diagram</ownerDesignName>
<useDomainConstraints>false</useDomainConstraints>
<use>1</use>
<logicalDatatype>LOGDT007</logicalDatatype>
<dataTypeSize>7</dataTypeSize>
<autoIncrementCycle>false</autoIncrementCycle>
</Column>
<Column name="PL_BI_ID" id="4565EF67-9D59-2CF5-AB9A-43B30EB534C4">
<sourceConnName>TX_MAXDAT_PROD</sourceConnName>
<sourceObjSchema>F_PL_BY_DATE</sourceObjSchema>
<sourceObjName>PL_BI_ID</sourceObjName>
<createdBy>mb56142</createdBy>
<createdTime>2014-06-24 19:31:08 UTC</createdTime>
<ownerDesignName>TXEB_BPM_Semantic_data_model_diagram</ownerDesignName>
<useDomainConstraints>false</useDomainConstraints>
<use>1</use>
<logicalDatatype>LOGDT019</logicalDatatype>
<delegate>2812E974-9197-EBE1-FBD4-B62C57475187</delegate>
<autoIncrementCycle>false</autoIncrementCycle>
<associations>
<colAssociation fkAssociation="3CA4C6D9-44AD-95DA-07E6-FDEE002C535D" referredColumn="2812E974-9197-EBE1-FBD4-B62C57475187"/>
</associations>
</Column>
<Column name="DPLLS_ID" id="D42EE557-D633-F7D4-03F2-9C25F1AC6EE7">
<sourceConnName>TX_MAXDAT_PROD</sourceConnName>
<sourceObjSchema>F_PL_BY_DATE</sourceObjSchema>
<sourceObjName>DPLLS_ID</sourceObjName>
<createdBy>mb56142</createdBy>
<createdTime>2014-06-24 19:31:08 UTC</createdTime>
<ownerDesignName>TXEB_BPM_Semantic_data_model_diagram</ownerDesignName>
<useDomainConstraints>false</useDomainConstraints>
<use>1</use>
<logicalDatatype>LOGDT019</logicalDatatype>
<delegate>7BA6ACBD-AAFA-8649-418B-D5608D4766CA</delegate>
<autoIncrementCycle>false</autoIncrementCycle>
<associations>
<colAssociation fkAssociation="5DC80E7A-4679-2042-7C1B-49D1545E8A27" referredColumn="7BA6ACBD-AAFA-8649-418B-D5608D4766CA"/>
</associations>
</Column>
<Column name="INVENTORY_COUNT" id="C0329DC6-7B16-93FA-305D-E81CBC025488">
<sourceConnName>TX_MAXDAT_PROD</sourceConnName>
<sourceObjSchema>F_PL_BY_DATE</sourceObjSchema>
<sourceObjName>INVENTORY_COUNT</sourceObjName>
<createdBy>mb56142</createdBy>
<createdTime>2014-06-24 19:31:08 UTC</createdTime>
<ownerDesignName>TXEB_BPM_Semantic_data_model_diagram</ownerDesignName>
<nullsAllowed>true</nullsAllowed>
<useDomainConstraints>false</useDomainConstraints>
<use>1</use>
<logicalDatatype>LOGDT019</logicalDatatype>
<autoIncrementCycle>false</autoIncrementCycle>
</Column>
<Column name="CREATION_COUNT" id="E1FDCC92-14A5-4ED8-15F9-8D64C4FFF0AA">
<sourceConnName>TX_MAXDAT_PROD</sourceConnName>
<sourceObjSchema>F_PL_BY_DATE</sourceObjSchema>
<sourceObjName>CREATION_COUNT</sourceObjName>
<createdBy>mb56142</createdBy>
<createdTime>2014-06-24 19:31:08 UTC</createdTime>
<ownerDesignName>TXEB_BPM_Semantic_data_model_diagram</ownerDesignName>
<nullsAllowed>true</nullsAllowed>
<useDomainConstraints>false</useDomainConstraints>
<use>1</use>
<logicalDatatype>LOGDT019</logicalDatatype>
<autoIncrementCycle>false</autoIncrementCycle>
</Column>
<Column name="COMPLETION_COUNT" id="486795C9-CB20-D49C-282E-573666382758">
<sourceConnName>TX_MAXDAT_PROD</sourceConnName>
<sourceObjSchema>F_PL_BY_DATE</sourceObjSchema>
<sourceObjName>COMPLETION_COUNT</sourceObjName>
<createdBy>mb56142</createdBy>
<createdTime>2014-06-24 19:31:08 UTC</createdTime>
<ownerDesignName>TXEB_BPM_Semantic_data_model_diagram</ownerDesignName>
<nullsAllowed>true</nullsAllowed>
<useDomainConstraints>false</useDomainConstraints>
<use>1</use>
<logicalDatatype>LOGDT019</logicalDatatype>
<autoIncrementCycle>false</autoIncrementCycle>
</Column>
<Column name="LETTER_STATUS_DATE" id="8F74F1A7-DDC1-1CB7-9FAA-68978D5EAB21">
<sourceConnName>TX_MAXDAT_PROD</sourceConnName>
<sourceObjSchema>F_PL_BY_DATE</sourceObjSchema>
<sourceObjName>LETTER_STATUS_DATE</sourceObjName>
<createdBy>mb56142</createdBy>
<createdTime>2014-06-24 19:31:08 UTC</createdTime>
<ownerDesignName>TXEB_BPM_Semantic_data_model_diagram</ownerDesignName>
<nullsAllowed>true</nullsAllowed>
<useDomainConstraints>false</useDomainConstraints>
<use>1</use>
<logicalDatatype>LOGDT007</logicalDatatype>
<dataTypeSize>7</dataTypeSize>
<autoIncrementCycle>false</autoIncrementCycle>
</Column>
</columns>
<indexes itemClass="oracle.dbtools.crest.model.design.relational.Index">
<ind_PK_UK id="B47E1944-85D4-246B-408B-A7F06BB24356" name="FPLBD_PK">
<sourceConnName>TX_MAXDAT_PROD</sourceConnName>
<sourceObjSchema>MAXDAT</sourceObjSchema>
<sourceObjName>FPLBD_PK</sourceObjName>
<createdBy>mb56142</createdBy>
<createdTime>2014-06-24 19:31:11 UTC</createdTime>
<ownerDesignName>TXEB_BPM_Semantic_data_model_diagram</ownerDesignName>
<pk>true</pk>
<indexState>Primary Constraint</indexState>
<isSurrogateKey>false</isSurrogateKey>
<indexColumnUsage>
<colUsage columnID="F38B3786-978E-AE14-0926-42662B9C683A"/>
</indexColumnUsage>
</ind_PK_UK>
<ind_PK_UK id="8BBC2CAF-06EE-3F27-ACCE-79DAE09BD3A6" name="FPLBD_IX1">
<sourceConnName>TX_MAXDAT_PROD</sourceConnName>
<sourceObjSchema>MAXDAT</sourceObjSchema>
<sourceObjName>FPLBD_IX1</sourceObjName>
<createdBy>mb56142</createdBy>
<createdTime>2014-06-24 19:31:08 UTC</createdTime>
<ownerDesignName>TXEB_BPM_Semantic_data_model_diagram</ownerDesignName>
<schemaObject>121AEE1F-FD79-403A-F17D-FF8859EA2228</schemaObject>
<isSurrogateKey>false</isSurrogateKey>
<indexColumnUsage>
<colUsage columnID="8F74F1A7-DDC1-1CB7-9FAA-68978D5EAB21"/>
</indexColumnUsage>
</ind_PK_UK>
<ind_PK_UK id="E29F9F45-1498-5B5A-42C5-55B87A24EB99" name="FPLBD_UIX2">
<sourceConnName>TX_MAXDAT_PROD</sourceConnName>
<sourceObjSchema>MAXDAT</sourceObjSchema>
<sourceObjName>FPLBD_UIX2</sourceObjName>
<createdBy>mb56142</createdBy>
<createdTime>2014-06-24 19:31:08 UTC</createdTime>
<ownerDesignName>TXEB_BPM_Semantic_data_model_diagram</ownerDesignName>
<indexState>Unique Plain Index</indexState>
<schemaObject>121AEE1F-FD79-403A-F17D-FF8859EA2228</schemaObject>
<isSurrogateKey>false</isSurrogateKey>
<indexColumnUsage>
<colUsage columnID="4565EF67-9D59-2CF5-AB9A-43B30EB534C4"/>
<colUsage columnID="FD7F8FAE-F1D3-9DFE-F420-15E868F1A244"/>
</indexColumnUsage>
</ind_PK_UK>
<ind_PK_UK id="C29D202B-3675-6CDE-C395-B8CACAB9E989" name="FPLBD_UIX1">
<sourceConnName>TX_MAXDAT_PROD</sourceConnName>
<sourceObjSchema>MAXDAT</sourceObjSchema>
<sourceObjName>FPLBD_UIX1</sourceObjName>
<createdBy>mb56142</createdBy>
<createdTime>2014-06-24 19:31:09 UTC</createdTime>
<ownerDesignName>TXEB_BPM_Semantic_data_model_diagram</ownerDesignName>
<indexState>Unique Plain Index</indexState>
<schemaObject>121AEE1F-FD79-403A-F17D-FF8859EA2228</schemaObject>
<isSurrogateKey>false</isSurrogateKey>
<indexColumnUsage>
<colUsage columnID="4565EF67-9D59-2CF5-AB9A-43B30EB534C4"/>
<colUsage columnID="4295E8B8-2C90-0822-1879-00B9A6996BCC"/>
</indexColumnUsage>
</ind_PK_UK>
<ind_PK_UK id="93EC9190-AD39-82E3-3D61-C8C9468F196F" name="FPLBD_PK">
<sourceConnName>TX_MAXDAT_PROD</sourceConnName>
<sourceObjSchema>MAXDAT</sourceObjSchema>
<sourceObjName>FPLBD_PK</sourceObjName>
<createdBy>mb56142</createdBy>
<createdTime>2014-06-24 19:31:09 UTC</createdTime>
<ownerDesignName>TXEB_BPM_Semantic_data_model_diagram</ownerDesignName>
<indexState>Unique Plain Index</indexState>
<schemaObject>121AEE1F-FD79-403A-F17D-FF8859EA2228</schemaObject>
<isSurrogateKey>false</isSurrogateKey>
<indexColumnUsage>
<colUsage columnID="F38B3786-978E-AE14-0926-42662B9C683A"/>
</indexColumnUsage>
</ind_PK_UK>
<ind_PK_UK id="896A3F62-0475-63B1-88D5-91ECE89D519F" name="FPLBD_IXL4">
<sourceConnName>TX_MAXDAT_PROD</sourceConnName>
<sourceObjSchema>MAXDAT</sourceObjSchema>
<sourceObjName>FPLBD_IXL4</sourceObjName>
<createdBy>mb56142</createdBy>
<createdTime>2014-06-24 19:31:09 UTC</createdTime>
<ownerDesignName>TXEB_BPM_Semantic_data_model_diagram</ownerDesignName>
<schemaObject>121AEE1F-FD79-403A-F17D-FF8859EA2228</schemaObject>
<isSurrogateKey>false</isSurrogateKey>
<indexColumnUsage>
<colUsage columnID="E1FDCC92-14A5-4ED8-15F9-8D64C4FFF0AA"/>
</indexColumnUsage>
</ind_PK_UK>
<ind_PK_UK id="DB367EA2-C64F-2A87-FAE5-C506D194422A" name="FPLBD_IXL3">
<sourceConnName>TX_MAXDAT_PROD</sourceConnName>
<sourceObjSchema>MAXDAT</sourceObjSchema>
<sourceObjName>FPLBD_IXL3</sourceObjName>
<createdBy>mb56142</createdBy>
<createdTime>2014-06-24 19:31:09 UTC</createdTime>
<ownerDesignName>TXEB_BPM_Semantic_data_model_diagram</ownerDesignName>
<schemaObject>121AEE1F-FD79-403A-F17D-FF8859EA2228</schemaObject>
<isSurrogateKey>false</isSurrogateKey>
<indexColumnUsage>
<colUsage columnID="FD7F8FAE-F1D3-9DFE-F420-15E868F1A244"/>
<colUsage columnID="035256DB-3780-4E3B-07B6-377D53CB5499"/>
</indexColumnUsage>
</ind_PK_UK>
<ind_PK_UK id="E1746503-FE13-2973-9FE4-6D8B57D987D4" name="FPLBD_IXL2">
<sourceConnName>TX_MAXDAT_PROD</sourceConnName>
<sourceObjSchema>MAXDAT</sourceObjSchema>
<sourceObjName>FPLBD_IXL2</sourceObjName>
<createdBy>mb56142</createdBy>
<createdTime>2014-06-24 19:31:09 UTC</createdTime>
<ownerDesignName>TXEB_BPM_Semantic_data_model_diagram</ownerDesignName>
<schemaObject>121AEE1F-FD79-403A-F17D-FF8859EA2228</schemaObject>
<isSurrogateKey>false</isSurrogateKey>
<indexColumnUsage>
<colUsage columnID="4565EF67-9D59-2CF5-AB9A-43B30EB534C4"/>
</indexColumnUsage>
</ind_PK_UK>
<ind_PK_UK id="ED02E071-A037-8836-71F0-5904E2964E46" name="FPLBD_IXL1">
<sourceConnName>TX_MAXDAT_PROD</sourceConnName>
<sourceObjSchema>MAXDAT</sourceObjSchema>
<sourceObjName>FPLBD_IXL1</sourceObjName>
<createdBy>mb56142</createdBy>
<createdTime>2014-06-24 19:31:10 UTC</createdTime>
<ownerDesignName>TXEB_BPM_Semantic_data_model_diagram</ownerDesignName>
<schemaObject>121AEE1F-FD79-403A-F17D-FF8859EA2228</schemaObject>
<isSurrogateKey>false</isSurrogateKey>
<indexColumnUsage>
<colUsage columnID="035256DB-3780-4E3B-07B6-377D53CB5499"/>
</indexColumnUsage>
</ind_PK_UK>
<ind_PK_UK id="68C60487-94F3-B55E-8963-9FD0724C7826" name="FPLBD_DPLCUR_FK">
<createdBy>mb56142</createdBy>
<createdTime>2014-06-24 19:31:12 UTC</createdTime>
<ownerDesignName>TXEB_BPM_Semantic_data_model_diagram</ownerDesignName>
<indexState>Foreign Key</indexState>
<isSurrogateKey>false</isSurrogateKey>
<indexColumnUsage>
<colUsage columnID="4565EF67-9D59-2CF5-AB9A-43B30EB534C4"/>
</indexColumnUsage>
</ind_PK_UK>
<ind_PK_UK id="4647E99C-C481-274A-E7BA-0D264B6E952B" name="FPLBD_DPLLS_FK">
<createdBy>mb56142</createdBy>
<createdTime>2014-06-24 19:31:13 UTC</createdTime>
<ownerDesignName>TXEB_BPM_Semantic_data_model_diagram</ownerDesignName>
<indexState>Foreign Key</indexState>
<isSurrogateKey>false</isSurrogateKey>
<indexColumnUsage>
<colUsage columnID="D42EE557-D633-F7D4-03F2-9C25F1AC6EE7"/>
</indexColumnUsage>
</ind_PK_UK>
</indexes>
</Table>