<?xml version = '1.0' encoding = 'UTF-8'?>
<Table class="oracle.dbtools.crest.model.design.relational.Table" directorySegmentName="seg_0" id="EE0AC83A-ED88-DEC6-87AF-20A7E6CB5A47" name="D_MW_ESCALATED">
<sourceConnName>TX_MAXDAT_PROD</sourceConnName>
<sourceObjSchema>MAXDAT</sourceObjSchema>
<sourceObjName>D_MW_ESCALATED</sourceObjName>
<createdBy>mb56142</createdBy>
<createdTime>2014-06-24 01:37:22 UTC</createdTime>
<ownerDesignName>TXEB_BPM_Semantic_data_model_diagram</ownerDesignName>
<schemaObject>121AEE1F-FD79-403A-F17D-FF8859EA2228</schemaObject>
<allowColumnReorder>false</allowColumnReorder>
<existDependencyGenerateInDDl>true</existDependencyGenerateInDDl>
<columns itemClass="oracle.dbtools.crest.model.design.relational.Column">
<Column name="DMWE_ID" id="88BABCD0-41F2-5331-A205-E91CEB5B312D">
<sourceConnName>TX_MAXDAT_PROD</sourceConnName>
<sourceObjSchema>D_MW_ESCALATED</sourceObjSchema>
<sourceObjName>DMWE_ID</sourceObjName>
<createdBy>mb56142</createdBy>
<createdTime>2014-06-24 01:37:22 UTC</createdTime>
<ownerDesignName>TXEB_BPM_Semantic_data_model_diagram</ownerDesignName>
<useDomainConstraints>false</useDomainConstraints>
<use>1</use>
<logicalDatatype>LOGDT019</logicalDatatype>
<autoIncrementCycle>false</autoIncrementCycle>
</Column>
<Column name="Escalated Flag" id="1442B1B5-2977-DA1C-B2C1-D6E19B450AA0">
<sourceConnName>TX_MAXDAT_PROD</sourceConnName>
<sourceObjSchema>D_MW_ESCALATED</sourceObjSchema>
<sourceObjName>Escalated Flag</sourceObjName>
<createdBy>mb56142</createdBy>
<createdTime>2014-06-24 01:37:22 UTC</createdTime>
<ownerDesignName>TXEB_BPM_Semantic_data_model_diagram</ownerDesignName>
<nameHasQuotes>true</nameHasQuotes>
<useDomainConstraints>false</useDomainConstraints>
<use>1</use>
<logicalDatatype>LOGDT024</logicalDatatype>
<dataTypeSize>1 BYTE</dataTypeSize>
<autoIncrementCycle>false</autoIncrementCycle>
</Column>
<Column name="Escalated To Name" id="7CD225CD-0CBC-97C4-1868-F7CA3B2F6BC8">
<sourceConnName>TX_MAXDAT_PROD</sourceConnName>
<sourceObjSchema>D_MW_ESCALATED</sourceObjSchema>
<sourceObjName>Escalated To Name</sourceObjName>
<createdBy>mb56142</createdBy>
<createdTime>2014-06-24 01:37:22 UTC</createdTime>
<ownerDesignName>TXEB_BPM_Semantic_data_model_diagram</ownerDesignName>
<nameHasQuotes>true</nameHasQuotes>
<nullsAllowed>true</nullsAllowed>
<useDomainConstraints>false</useDomainConstraints>
<use>1</use>
<logicalDatatype>LOGDT024</logicalDatatype>
<dataTypeSize>100 BYTE</dataTypeSize>
<autoIncrementCycle>false</autoIncrementCycle>
</Column>
</columns>
<indexes itemClass="oracle.dbtools.crest.model.design.relational.Index">
<ind_PK_UK id="6D94C138-155E-C214-5B24-2AF6018C0672" name="DMWE_PK">
<sourceConnName>TX_MAXDAT_PROD</sourceConnName>
<sourceObjSchema>MAXDAT</sourceObjSchema>
<sourceObjName>DMWE_PK</sourceObjName>
<createdBy>mb56142</createdBy>
<createdTime>2014-06-24 01:37:23 UTC</createdTime>
<ownerDesignName>TXEB_BPM_Semantic_data_model_diagram</ownerDesignName>
<pk>true</pk>
<indexState>Primary Constraint</indexState>
<isSurrogateKey>false</isSurrogateKey>
<indexColumnUsage>
<colUsage columnID="88BABCD0-41F2-5331-A205-E91CEB5B312D"/>
</indexColumnUsage>
</ind_PK_UK>
<ind_PK_UK id="743FCA05-E1DC-FE3A-A2AE-3E77B0DB8621" name="DMWE_PK">
<sourceConnName>TX_MAXDAT_PROD</sourceConnName>
<sourceObjSchema>MAXDAT</sourceObjSchema>
<sourceObjName>DMWE_PK</sourceObjName>
<createdBy>mb56142</createdBy>
<createdTime>2014-06-24 01:37:23 UTC</createdTime>
<ownerDesignName>TXEB_BPM_Semantic_data_model_diagram</ownerDesignName>
<indexState>Unique Plain Index</indexState>
<schemaObject>121AEE1F-FD79-403A-F17D-FF8859EA2228</schemaObject>
<isSurrogateKey>false</isSurrogateKey>
<indexColumnUsage>
<colUsage columnID="88BABCD0-41F2-5331-A205-E91CEB5B312D"/>
</indexColumnUsage>
</ind_PK_UK>
<ind_PK_UK id="F819FD62-617D-58D1-BCE0-E688B50D6EDD" name="DMWE_UIX1">
<sourceConnName>TX_MAXDAT_PROD</sourceConnName>
<sourceObjSchema>MAXDAT</sourceObjSchema>
<sourceObjName>DMWE_UIX1</sourceObjName>
<createdBy>mb56142</createdBy>
<createdTime>2014-06-24 01:37:23 UTC</createdTime>
<ownerDesignName>TXEB_BPM_Semantic_data_model_diagram</ownerDesignName>
<indexState>Unique Plain Index</indexState>
<schemaObject>121AEE1F-FD79-403A-F17D-FF8859EA2228</schemaObject>
<isSurrogateKey>false</isSurrogateKey>
<indexColumnUsage>
<colUsage columnID="1442B1B5-2977-DA1C-B2C1-D6E19B450AA0"/>
<colUsage columnID="7CD225CD-0CBC-97C4-1868-F7CA3B2F6BC8"/>
</indexColumnUsage>
</ind_PK_UK>
</indexes>
</Table>