<?xml version = '1.0' encoding = 'UTF-8'?>
<Table class="oracle.dbtools.crest.model.design.relational.Table" directorySegmentName="seg_0" id="F026A3C9-8F72-6A13-FDE2-1F0F1F79D4DD" name="F_SCI_BY_DATE">
<sourceConnName>TX_MAXDAT_PROD</sourceConnName>
<sourceObjSchema>MAXDAT</sourceObjSchema>
<sourceObjName>F_SCI_BY_DATE</sourceObjName>
<createdBy>mb56142</createdBy>
<createdTime>2014-06-25 16:00:29 UTC</createdTime>
<ownerDesignName>TXEB_BPM_Semantic_data_model_diagram</ownerDesignName>
<schemaObject>121AEE1F-FD79-403A-F17D-FF8859EA2228</schemaObject>
<allowColumnReorder>false</allowColumnReorder>
<existDependencyGenerateInDDl>true</existDependencyGenerateInDDl>
<columns itemClass="oracle.dbtools.crest.model.design.relational.Column">
<Column name="FSCIBD_ID" id="84608233-DC12-6FE0-7429-4B9DF0259CBB">
<sourceConnName>TX_MAXDAT_PROD</sourceConnName>
<sourceObjSchema>F_SCI_BY_DATE</sourceObjSchema>
<sourceObjName>FSCIBD_ID</sourceObjName>
<createdBy>mb56142</createdBy>
<createdTime>2014-06-25 16:00:29 UTC</createdTime>
<ownerDesignName>TXEB_BPM_Semantic_data_model_diagram</ownerDesignName>
<useDomainConstraints>false</useDomainConstraints>
<use>1</use>
<logicalDatatype>LOGDT019</logicalDatatype>
<autoIncrementCycle>false</autoIncrementCycle>
</Column>
<Column name="D_DATE" id="0BB5FA94-ACBC-862C-5223-06A1170D1AF2">
<sourceConnName>TX_MAXDAT_PROD</sourceConnName>
<sourceObjSchema>F_SCI_BY_DATE</sourceObjSchema>
<sourceObjName>D_DATE</sourceObjName>
<createdBy>mb56142</createdBy>
<createdTime>2014-06-25 16:00:29 UTC</createdTime>
<ownerDesignName>TXEB_BPM_Semantic_data_model_diagram</ownerDesignName>
<useDomainConstraints>false</useDomainConstraints>
<use>1</use>
<logicalDatatype>LOGDT007</logicalDatatype>
<dataTypeSize>7</dataTypeSize>
<autoIncrementCycle>false</autoIncrementCycle>
</Column>
<Column name="BUCKET_START_DATE" id="E15367B1-F29B-E2A1-3A6B-C1A4AC3C8C2B">
<sourceConnName>TX_MAXDAT_PROD</sourceConnName>
<sourceObjSchema>F_SCI_BY_DATE</sourceObjSchema>
<sourceObjName>BUCKET_START_DATE</sourceObjName>
<createdBy>mb56142</createdBy>
<createdTime>2014-06-25 16:00:29 UTC</createdTime>
<ownerDesignName>TXEB_BPM_Semantic_data_model_diagram</ownerDesignName>
<useDomainConstraints>false</useDomainConstraints>
<use>1</use>
<logicalDatatype>LOGDT007</logicalDatatype>
<dataTypeSize>7</dataTypeSize>
<autoIncrementCycle>false</autoIncrementCycle>
</Column>
<Column name="BUCKET_END_DATE" id="B24BB1D9-DA69-7A3C-6F67-F11D68B38D64">
<sourceConnName>TX_MAXDAT_PROD</sourceConnName>
<sourceObjSchema>F_SCI_BY_DATE</sourceObjSchema>
<sourceObjName>BUCKET_END_DATE</sourceObjName>
<createdBy>mb56142</createdBy>
<createdTime>2014-06-25 16:00:29 UTC</createdTime>
<ownerDesignName>TXEB_BPM_Semantic_data_model_diagram</ownerDesignName>
<useDomainConstraints>false</useDomainConstraints>
<use>1</use>
<logicalDatatype>LOGDT007</logicalDatatype>
<dataTypeSize>7</dataTypeSize>
<autoIncrementCycle>false</autoIncrementCycle>
</Column>
<Column name="SCI_BI_ID" id="EEAF4F80-6133-E1D7-9DD5-C9C65F3DE8EE">
<sourceConnName>TX_MAXDAT_PROD</sourceConnName>
<sourceObjSchema>F_SCI_BY_DATE</sourceObjSchema>
<sourceObjName>SCI_BI_ID</sourceObjName>
<createdBy>mb56142</createdBy>
<createdTime>2014-06-25 16:00:29 UTC</createdTime>
<ownerDesignName>TXEB_BPM_Semantic_data_model_diagram</ownerDesignName>
<useDomainConstraints>false</useDomainConstraints>
<use>1</use>
<logicalDatatype>LOGDT019</logicalDatatype>
<delegate>B4923EBA-13DE-ACAE-6F46-E174FEC957C3</delegate>
<autoIncrementCycle>false</autoIncrementCycle>
<associations>
<colAssociation fkAssociation="CA0F1DA5-84A8-66A3-97E6-A3A30012EF43" referredColumn="B4923EBA-13DE-ACAE-6F46-E174FEC957C3"/>
</associations>
</Column>
<Column name="INVENTORY_COUNT" id="89F10171-7B8C-56EB-C000-8BD79E8D680D">
<sourceConnName>TX_MAXDAT_PROD</sourceConnName>
<sourceObjSchema>F_SCI_BY_DATE</sourceObjSchema>
<sourceObjName>INVENTORY_COUNT</sourceObjName>
<createdBy>mb56142</createdBy>
<createdTime>2014-06-25 16:00:29 UTC</createdTime>
<ownerDesignName>TXEB_BPM_Semantic_data_model_diagram</ownerDesignName>
<nullsAllowed>true</nullsAllowed>
<useDomainConstraints>false</useDomainConstraints>
<use>1</use>
<logicalDatatype>LOGDT019</logicalDatatype>
<autoIncrementCycle>false</autoIncrementCycle>
</Column>
<Column name="CREATION_COUNT" id="CAAEDD70-0505-FB9F-7571-B5782F032263">
<sourceConnName>TX_MAXDAT_PROD</sourceConnName>
<sourceObjSchema>F_SCI_BY_DATE</sourceObjSchema>
<sourceObjName>CREATION_COUNT</sourceObjName>
<createdBy>mb56142</createdBy>
<createdTime>2014-06-25 16:00:29 UTC</createdTime>
<ownerDesignName>TXEB_BPM_Semantic_data_model_diagram</ownerDesignName>
<nullsAllowed>true</nullsAllowed>
<useDomainConstraints>false</useDomainConstraints>
<use>1</use>
<logicalDatatype>LOGDT019</logicalDatatype>
<autoIncrementCycle>false</autoIncrementCycle>
</Column>
<Column name="COMPLETION_COUNT" id="643C7A86-11CD-85E4-954C-E78CA14C565D">
<sourceConnName>TX_MAXDAT_PROD</sourceConnName>
<sourceObjSchema>F_SCI_BY_DATE</sourceObjSchema>
<sourceObjName>COMPLETION_COUNT</sourceObjName>
<createdBy>mb56142</createdBy>
<createdTime>2014-06-25 16:00:29 UTC</createdTime>
<ownerDesignName>TXEB_BPM_Semantic_data_model_diagram</ownerDesignName>
<nullsAllowed>true</nullsAllowed>
<useDomainConstraints>false</useDomainConstraints>
<use>1</use>
<logicalDatatype>LOGDT019</logicalDatatype>
<autoIncrementCycle>false</autoIncrementCycle>
</Column>
</columns>
<indexes itemClass="oracle.dbtools.crest.model.design.relational.Index">
<ind_PK_UK id="1237B75F-CEBA-F9F9-1CFE-A34CFF313BF3" name="FSCIBD_PK">
<sourceConnName>TX_MAXDAT_PROD</sourceConnName>
<sourceObjSchema>MAXDAT</sourceObjSchema>
<sourceObjName>FSCIBD_PK</sourceObjName>
<createdBy>mb56142</createdBy>
<createdTime>2014-06-25 16:00:30 UTC</createdTime>
<ownerDesignName>TXEB_BPM_Semantic_data_model_diagram</ownerDesignName>
<pk>true</pk>
<indexState>Primary Constraint</indexState>
<isSurrogateKey>false</isSurrogateKey>
<indexColumnUsage>
<colUsage columnID="84608233-DC12-6FE0-7429-4B9DF0259CBB"/>
</indexColumnUsage>
</ind_PK_UK>
<ind_PK_UK id="52AE6CBE-3539-E36A-4C4C-4D100E98052A" name="FSCIBD_IXL1">
<sourceConnName>TX_MAXDAT_PROD</sourceConnName>
<sourceObjSchema>MAXDAT</sourceObjSchema>
<sourceObjName>FSCIBD_IXL1</sourceObjName>
<createdBy>mb56142</createdBy>
<createdTime>2014-06-25 16:00:29 UTC</createdTime>
<ownerDesignName>TXEB_BPM_Semantic_data_model_diagram</ownerDesignName>
<schemaObject>121AEE1F-FD79-403A-F17D-FF8859EA2228</schemaObject>
<isSurrogateKey>false</isSurrogateKey>
<indexColumnUsage>
<colUsage columnID="B24BB1D9-DA69-7A3C-6F67-F11D68B38D64"/>
</indexColumnUsage>
</ind_PK_UK>
<ind_PK_UK id="4977711F-69AC-2D37-719A-5CFC190ED976" name="FSCIBD_UIX2">
<sourceConnName>TX_MAXDAT_PROD</sourceConnName>
<sourceObjSchema>MAXDAT</sourceObjSchema>
<sourceObjName>FSCIBD_UIX2</sourceObjName>
<createdBy>mb56142</createdBy>
<createdTime>2014-06-25 16:00:29 UTC</createdTime>
<ownerDesignName>TXEB_BPM_Semantic_data_model_diagram</ownerDesignName>
<indexState>Unique Plain Index</indexState>
<schemaObject>121AEE1F-FD79-403A-F17D-FF8859EA2228</schemaObject>
<isSurrogateKey>false</isSurrogateKey>
<indexColumnUsage>
<colUsage columnID="EEAF4F80-6133-E1D7-9DD5-C9C65F3DE8EE"/>
<colUsage columnID="E15367B1-F29B-E2A1-3A6B-C1A4AC3C8C2B"/>
</indexColumnUsage>
</ind_PK_UK>
<ind_PK_UK id="E07ACB47-5068-A5D5-2430-780B3AA3EE0B" name="FSCIBD_UIX1">
<sourceConnName>TX_MAXDAT_PROD</sourceConnName>
<sourceObjSchema>MAXDAT</sourceObjSchema>
<sourceObjName>FSCIBD_UIX1</sourceObjName>
<createdBy>mb56142</createdBy>
<createdTime>2014-06-25 16:00:29 UTC</createdTime>
<ownerDesignName>TXEB_BPM_Semantic_data_model_diagram</ownerDesignName>
<indexState>Unique Plain Index</indexState>
<schemaObject>121AEE1F-FD79-403A-F17D-FF8859EA2228</schemaObject>
<isSurrogateKey>false</isSurrogateKey>
<indexColumnUsage>
<colUsage columnID="EEAF4F80-6133-E1D7-9DD5-C9C65F3DE8EE"/>
<colUsage columnID="0BB5FA94-ACBC-862C-5223-06A1170D1AF2"/>
</indexColumnUsage>
</ind_PK_UK>
<ind_PK_UK id="A025107F-7A73-7D5D-E07E-9A2296691F26" name="FSCIBD_PK">
<sourceConnName>TX_MAXDAT_PROD</sourceConnName>
<sourceObjSchema>MAXDAT</sourceObjSchema>
<sourceObjName>FSCIBD_PK</sourceObjName>
<createdBy>mb56142</createdBy>
<createdTime>2014-06-25 16:00:29 UTC</createdTime>
<ownerDesignName>TXEB_BPM_Semantic_data_model_diagram</ownerDesignName>
<indexState>Unique Plain Index</indexState>
<schemaObject>121AEE1F-FD79-403A-F17D-FF8859EA2228</schemaObject>
<isSurrogateKey>false</isSurrogateKey>
<indexColumnUsage>
<colUsage columnID="84608233-DC12-6FE0-7429-4B9DF0259CBB"/>
</indexColumnUsage>
</ind_PK_UK>
<ind_PK_UK id="85BFE617-00C7-A25F-7EA6-0E05D806F40E" name="FSCIBD_IXL4">
<sourceConnName>TX_MAXDAT_PROD</sourceConnName>
<sourceObjSchema>MAXDAT</sourceObjSchema>
<sourceObjName>FSCIBD_IXL4</sourceObjName>
<createdBy>mb56142</createdBy>
<createdTime>2014-06-25 16:00:29 UTC</createdTime>
<ownerDesignName>TXEB_BPM_Semantic_data_model_diagram</ownerDesignName>
<schemaObject>121AEE1F-FD79-403A-F17D-FF8859EA2228</schemaObject>
<isSurrogateKey>false</isSurrogateKey>
<indexColumnUsage>
<colUsage columnID="CAAEDD70-0505-FB9F-7571-B5782F032263"/>
</indexColumnUsage>
</ind_PK_UK>
<ind_PK_UK id="1BC90BD1-D269-F0F3-6CC8-05987F724A03" name="FSCIBD_IXL3">
<sourceConnName>TX_MAXDAT_PROD</sourceConnName>
<sourceObjSchema>MAXDAT</sourceObjSchema>
<sourceObjName>FSCIBD_IXL3</sourceObjName>
<createdBy>mb56142</createdBy>
<createdTime>2014-06-25 16:00:30 UTC</createdTime>
<ownerDesignName>TXEB_BPM_Semantic_data_model_diagram</ownerDesignName>
<schemaObject>121AEE1F-FD79-403A-F17D-FF8859EA2228</schemaObject>
<isSurrogateKey>false</isSurrogateKey>
<indexColumnUsage>
<colUsage columnID="E15367B1-F29B-E2A1-3A6B-C1A4AC3C8C2B"/>
<colUsage columnID="B24BB1D9-DA69-7A3C-6F67-F11D68B38D64"/>
</indexColumnUsage>
</ind_PK_UK>
<ind_PK_UK id="0BBDF33C-5ED7-58F0-C8F1-C3DF942BE29F" name="FSCIBD_IXL2">
<sourceConnName>TX_MAXDAT_PROD</sourceConnName>
<sourceObjSchema>MAXDAT</sourceObjSchema>
<sourceObjName>FSCIBD_IXL2</sourceObjName>
<createdBy>mb56142</createdBy>
<createdTime>2014-06-25 16:00:30 UTC</createdTime>
<ownerDesignName>TXEB_BPM_Semantic_data_model_diagram</ownerDesignName>
<schemaObject>121AEE1F-FD79-403A-F17D-FF8859EA2228</schemaObject>
<isSurrogateKey>false</isSurrogateKey>
<indexColumnUsage>
<colUsage columnID="EEAF4F80-6133-E1D7-9DD5-C9C65F3DE8EE"/>
</indexColumnUsage>
</ind_PK_UK>
<ind_PK_UK id="0EE29369-DCC6-89DF-E12B-3E30F398D94C" name="FSCIBD_DSCICUR_FK">
<createdBy>mb56142</createdBy>
<createdTime>2014-06-25 16:00:30 UTC</createdTime>
<ownerDesignName>TXEB_BPM_Semantic_data_model_diagram</ownerDesignName>
<indexState>Foreign Key</indexState>
<isSurrogateKey>false</isSurrogateKey>
<indexColumnUsage>
<colUsage columnID="EEAF4F80-6133-E1D7-9DD5-C9C65F3DE8EE"/>
</indexColumnUsage>
</ind_PK_UK>
</indexes>
</Table>