<?xml version = '1.0' encoding = 'UTF-8'?>
<Table class="oracle.dbtools.crest.model.design.relational.Table" directorySegmentName="seg_0" id="F8E1586C-C590-62D4-511B-9D426325A5F1" name="D_MW_OWNER">
<sourceConnName>TX_MAXDAT_PROD</sourceConnName>
<sourceObjSchema>MAXDAT</sourceObjSchema>
<sourceObjName>D_MW_OWNER</sourceObjName>
<createdBy>mb56142</createdBy>
<createdTime>2014-06-24 01:39:52 UTC</createdTime>
<ownerDesignName>TXEB_BPM_Semantic_data_model_diagram</ownerDesignName>
<schemaObject>121AEE1F-FD79-403A-F17D-FF8859EA2228</schemaObject>
<allowColumnReorder>false</allowColumnReorder>
<existDependencyGenerateInDDl>true</existDependencyGenerateInDDl>
<columns itemClass="oracle.dbtools.crest.model.design.relational.Column">
<Column name="DMWO_ID" id="4BAC8A75-CE06-9F63-1724-D7B5717DFDD9">
<sourceConnName>TX_MAXDAT_PROD</sourceConnName>
<sourceObjSchema>D_MW_OWNER</sourceObjSchema>
<sourceObjName>DMWO_ID</sourceObjName>
<createdBy>mb56142</createdBy>
<createdTime>2014-06-24 01:39:53 UTC</createdTime>
<ownerDesignName>TXEB_BPM_Semantic_data_model_diagram</ownerDesignName>
<useDomainConstraints>false</useDomainConstraints>
<use>1</use>
<logicalDatatype>LOGDT019</logicalDatatype>
<autoIncrementCycle>false</autoIncrementCycle>
</Column>
<Column name="Owner Name" id="78F54A02-04A2-7472-399F-950542F69F23">
<sourceConnName>TX_MAXDAT_PROD</sourceConnName>
<sourceObjSchema>D_MW_OWNER</sourceObjSchema>
<sourceObjName>Owner Name</sourceObjName>
<createdBy>mb56142</createdBy>
<createdTime>2014-06-24 01:39:53 UTC</createdTime>
<ownerDesignName>TXEB_BPM_Semantic_data_model_diagram</ownerDesignName>
<nameHasQuotes>true</nameHasQuotes>
<nullsAllowed>true</nullsAllowed>
<useDomainConstraints>false</useDomainConstraints>
<use>1</use>
<logicalDatatype>LOGDT024</logicalDatatype>
<dataTypeSize>100 BYTE</dataTypeSize>
<autoIncrementCycle>false</autoIncrementCycle>
</Column>
</columns>
<indexes itemClass="oracle.dbtools.crest.model.design.relational.Index">
<ind_PK_UK id="FB125A31-C172-994B-29C3-AA9EBAE91A4F" name="DMWO_PK">
<sourceConnName>TX_MAXDAT_PROD</sourceConnName>
<sourceObjSchema>MAXDAT</sourceObjSchema>
<sourceObjName>DMWO_PK</sourceObjName>
<createdBy>mb56142</createdBy>
<createdTime>2014-06-24 01:39:53 UTC</createdTime>
<ownerDesignName>TXEB_BPM_Semantic_data_model_diagram</ownerDesignName>
<pk>true</pk>
<indexState>Primary Constraint</indexState>
<isSurrogateKey>false</isSurrogateKey>
<indexColumnUsage>
<colUsage columnID="4BAC8A75-CE06-9F63-1724-D7B5717DFDD9"/>
</indexColumnUsage>
</ind_PK_UK>
<ind_PK_UK id="95B4AB7D-1A7E-B23D-96D3-0730C3AB862E" name="DMWO_PK">
<sourceConnName>TX_MAXDAT_PROD</sourceConnName>
<sourceObjSchema>MAXDAT</sourceObjSchema>
<sourceObjName>DMWO_PK</sourceObjName>
<createdBy>mb56142</createdBy>
<createdTime>2014-06-24 01:39:53 UTC</createdTime>
<ownerDesignName>TXEB_BPM_Semantic_data_model_diagram</ownerDesignName>
<indexState>Unique Plain Index</indexState>
<schemaObject>121AEE1F-FD79-403A-F17D-FF8859EA2228</schemaObject>
<isSurrogateKey>false</isSurrogateKey>
<indexColumnUsage>
<colUsage columnID="4BAC8A75-CE06-9F63-1724-D7B5717DFDD9"/>
</indexColumnUsage>
</ind_PK_UK>
<ind_PK_UK id="43BA3E5C-7F54-2D37-6748-E1AE4AF44AEB" name="DMWO_UIX1">
<sourceConnName>TX_MAXDAT_PROD</sourceConnName>
<sourceObjSchema>MAXDAT</sourceObjSchema>
<sourceObjName>DMWO_UIX1</sourceObjName>
<createdBy>mb56142</createdBy>
<createdTime>2014-06-24 01:39:53 UTC</createdTime>
<ownerDesignName>TXEB_BPM_Semantic_data_model_diagram</ownerDesignName>
<indexState>Unique Plain Index</indexState>
<schemaObject>121AEE1F-FD79-403A-F17D-FF8859EA2228</schemaObject>
<isSurrogateKey>false</isSurrogateKey>
<indexColumnUsage>
<colUsage columnID="78F54A02-04A2-7472-399F-950542F69F23"/>
</indexColumnUsage>
</ind_PK_UK>
</indexes>
</Table>