<?xml version = '1.0' encoding = 'UTF-8'?>
<Table class="oracle.dbtools.crest.model.design.relational.Table" directorySegmentName="seg_0" id="FBE1389D-4B9E-B9BE-32B0-D32EE6C67490" name="D_PI_INSTANCE_STATUS">
<sourceConnName>TX_MAXDAT_PROD</sourceConnName>
<sourceObjSchema>MAXDAT</sourceObjSchema>
<sourceObjName>D_PI_INSTANCE_STATUS</sourceObjName>
<createdBy>mb56142</createdBy>
<createdTime>2014-06-25 02:03:34 UTC</createdTime>
<ownerDesignName>TXEB_BPM_Semantic_data_model_diagram</ownerDesignName>
<schemaObject>121AEE1F-FD79-403A-F17D-FF8859EA2228</schemaObject>
<allowColumnReorder>false</allowColumnReorder>
<existDependencyGenerateInDDl>true</existDependencyGenerateInDDl>
<columns itemClass="oracle.dbtools.crest.model.design.relational.Column">
<Column name="DPIIS_ID" id="60A22FCF-9CA1-65A3-2AA4-1C42029D795B">
<sourceConnName>TX_MAXDAT_PROD</sourceConnName>
<sourceObjSchema>D_PI_INSTANCE_STATUS</sourceObjSchema>
<sourceObjName>DPIIS_ID</sourceObjName>
<createdBy>mb56142</createdBy>
<createdTime>2014-06-25 02:03:34 UTC</createdTime>
<ownerDesignName>TXEB_BPM_Semantic_data_model_diagram</ownerDesignName>
<useDomainConstraints>false</useDomainConstraints>
<use>1</use>
<logicalDatatype>LOGDT019</logicalDatatype>
<autoIncrementCycle>false</autoIncrementCycle>
</Column>
<Column name="Instance Status" id="850B862D-C1C0-67D3-40F2-057F5490D7CD">
<sourceConnName>TX_MAXDAT_PROD</sourceConnName>
<sourceObjSchema>D_PI_INSTANCE_STATUS</sourceObjSchema>
<sourceObjName>Instance Status</sourceObjName>
<createdBy>mb56142</createdBy>
<createdTime>2014-06-25 02:03:34 UTC</createdTime>
<ownerDesignName>TXEB_BPM_Semantic_data_model_diagram</ownerDesignName>
<nameHasQuotes>true</nameHasQuotes>
<nullsAllowed>true</nullsAllowed>
<useDomainConstraints>false</useDomainConstraints>
<use>1</use>
<logicalDatatype>LOGDT024</logicalDatatype>
<dataTypeSize>10 BYTE</dataTypeSize>
<autoIncrementCycle>false</autoIncrementCycle>
</Column>
</columns>
<indexes itemClass="oracle.dbtools.crest.model.design.relational.Index">
<ind_PK_UK id="365AB71D-D54C-7DD7-789B-BC0D324B61D6" name="DPIIS_PK">
<sourceConnName>TX_MAXDAT_PROD</sourceConnName>
<sourceObjSchema>MAXDAT</sourceObjSchema>
<sourceObjName>DPIIS_PK</sourceObjName>
<createdBy>mb56142</createdBy>
<createdTime>2014-06-25 02:03:35 UTC</createdTime>
<ownerDesignName>TXEB_BPM_Semantic_data_model_diagram</ownerDesignName>
<pk>true</pk>
<indexState>Primary Constraint</indexState>
<isSurrogateKey>false</isSurrogateKey>
<indexColumnUsage>
<colUsage columnID="60A22FCF-9CA1-65A3-2AA4-1C42029D795B"/>
</indexColumnUsage>
</ind_PK_UK>
<ind_PK_UK id="9140B9AE-F121-D5F5-7C27-764614BD42EA" name="DPIIS_PK">
<sourceConnName>TX_MAXDAT_PROD</sourceConnName>
<sourceObjSchema>MAXDAT</sourceObjSchema>
<sourceObjName>DPIIS_PK</sourceObjName>
<createdBy>mb56142</createdBy>
<createdTime>2014-06-25 02:03:34 UTC</createdTime>
<ownerDesignName>TXEB_BPM_Semantic_data_model_diagram</ownerDesignName>
<indexState>Unique Plain Index</indexState>
<schemaObject>121AEE1F-FD79-403A-F17D-FF8859EA2228</schemaObject>
<isSurrogateKey>false</isSurrogateKey>
<indexColumnUsage>
<colUsage columnID="60A22FCF-9CA1-65A3-2AA4-1C42029D795B"/>
</indexColumnUsage>
</ind_PK_UK>
<ind_PK_UK id="D1DCEDF1-F09F-ADB2-7731-862113AB6B17" name="DPIIS_UIX1">
<sourceConnName>TX_MAXDAT_PROD</sourceConnName>
<sourceObjSchema>MAXDAT</sourceObjSchema>
<sourceObjName>DPIIS_UIX1</sourceObjName>
<createdBy>mb56142</createdBy>
<createdTime>2014-06-25 02:03:34 UTC</createdTime>
<ownerDesignName>TXEB_BPM_Semantic_data_model_diagram</ownerDesignName>
<indexState>Unique Plain Index</indexState>
<schemaObject>121AEE1F-FD79-403A-F17D-FF8859EA2228</schemaObject>
<isSurrogateKey>false</isSurrogateKey>
<indexColumnUsage>
<colUsage columnID="850B862D-C1C0-67D3-40F2-057F5490D7CD"/>
</indexColumnUsage>
</ind_PK_UK>
</indexes>
</Table>