<?xml version = '1.0' encoding = 'UTF-8'?>
<UserOraclev10g class="oracle.dbtools.crest.model.design.storage.oracle.v10g.UserOraclev10g" name="MAXDAT" id="881EAB46-EC16-F640-BE32-9C3FBF88E4AD" directorySegmentName="seg_0">
<sourceConnName>ILEBMXDD</sourceConnName>
<sourceObjSchema>MAXDAT</sourceObjSchema>
<sourceObjName>MAXDAT</sourceObjName>
<createdBy>mb56142</createdBy>
<createdTime>2013-10-06 19:59:48 UTC</createdTime>
<ownerDesignName>ILEB_BPM_Semantic_data_model_diagram</ownerDesignName>
<schemaObject>121AEE1F-FD79-403A-F17D-FF8859EA2228</schemaObject>
<defTableSpace>79CFDA5E-77E2-A62B-2F24-6771BFB90E2F</defTableSpace>
<privileges>CREATE MATERIALIZED VIEW, CREATE TABLE, ADVISOR, CREATE VIEW, UNLIMITED TABLESPACE, CREATE JOB, ALTER ANY MATERIALIZED VIEW, DEBUG CONNECT SESSION, DEBUG ANY PROCEDURE</privileges>
</UserOraclev10g>