<?xml version = '1.0' encoding = 'UTF-8'?>
<UserOraclev10g class="oracle.dbtools.crest.model.design.storage.oracle.v10g.UserOraclev10g" name="MAXDAT" id="9E23F879-5FE4-4A4F-A4EF-4B8CD43C9C61" directorySegmentName="seg_0">
<sourceConnName>ILEBMXDU</sourceConnName>
<sourceObjSchema>MAXDAT</sourceObjSchema>
<sourceObjName>MAXDAT</sourceObjName>
<createdBy>mb56142</createdBy>
<createdTime>2013-06-19 23:04:02 UTC</createdTime>
<ownerDesignName>ILEB_BPM_Semantic_data_model_diagram</ownerDesignName>
<schemaObject>121AEE1F-FD79-403A-F17D-FF8859EA2228</schemaObject>
</UserOraclev10g>