<?xml version = '1.0' encoding = 'UTF-8'?>
<SchemaSqlServerv2k5 class="oracle.dbtools.crest.model.design.storage.sqlserver.v2k5.SchemaSqlServerv2k5" name="maxdat" directorySegmentName="seg_0" id="5">
<sourceConnName>UK_HWS maxdat</sourceConnName>
<sourceObjSchema>UK_HWS</sourceObjSchema>
<sourceObjName>maxdat</sourceObjName>
<createdBy>50472</createdBy>
<createdTime>2014-11-18 22:00:55 UTC</createdTime>
<ownerDesignName>Manage_Work_V2_data_model_diagram</ownerDesignName>
<schemaObject>B014CE1E-2AEA-2F50-965B-F1A174C64D57</schemaObject>
<database>10FE6147-A845-3D71-743C-15C9AF415675</database>
<uid>6</uid>
</SchemaSqlServerv2k5>