<?xml version = '1.0' encoding = 'UTF-8'?>
<SegmentOraclev10g class="oracle.dbtools.crest.model.design.storage.oracle.v10g.SegmentOraclev10g" name="Storage32" directorySegmentName="seg_0" id="B62CF090-A03A-80F5-1B4E-9F1F1E535CFE">
<createdBy>mb56142</createdBy>
<createdTime>2014-06-24 01:29:32 UTC</createdTime>
<ownerDesignName>TXEB_BPM_Semantic_data_model_diagram</ownerDesignName>
<maxTrans>255</maxTrans>
<scInitialExtent>8388608</scInitialExtent>
<scMaxExtents>2147483645</scMaxExtents>
<scNextExtent>1048576</scNextExtent>
</SegmentOraclev10g>