<?xml version = '1.0' encoding = 'UTF-8'?>
<TableProxySqlServerv2k5 class="oracle.dbtools.crest.model.design.storage.sqlserver.v2k5.TableProxySqlServerv2k5" name="D_TASK_TYPES" directorySegmentName="seg_0" id="5616CD73-CC98-EF6B-B187-C8356340940D">
<createdBy>50472</createdBy>
<createdTime>2014-11-18 22:01:02 UTC</createdTime>
<ownerDesignName>Manage_Work_V2_data_model_diagram</ownerDesignName>
<database>10FE6147-A845-3D71-743C-15C9AF415675</database>
<filegroup>12385A01-87D4-ADD0-F45B-EE888FEE4361</filegroup>
<schema>5</schema>
<textImageFG>12385A01-87D4-ADD0-F45B-EE888FEE4361</textImageFG>
<columnProxies>
<ColumnProxy class="oracle.dbtools.crest.model.design.storage.sqlserver.v2k5.ColumnProxySqlServerv2k5" name="SLA_DAYS_TYPE" id="1903B253-67D5-BA3F-355E-AD83257AA415">
<createdBy>50472</createdBy>
<createdTime>2014-12-04 22:40:08 UTC</createdTime>
<ownerDesignName>Manage_Work_V2_data_model_diagram</ownerDesignName>
</ColumnProxy>
<ColumnProxy class="oracle.dbtools.crest.model.design.storage.sqlserver.v2k5.ColumnProxySqlServerv2k5" name="SLA_JEOPARDY_DAYS" id="20561F47-BA24-E51E-FA4E-4DECBB424AD1">
<createdBy>50472</createdBy>
<createdTime>2014-12-04 22:40:08 UTC</createdTime>
<ownerDesignName>Manage_Work_V2_data_model_diagram</ownerDesignName>
</ColumnProxy>
<ColumnProxy class="oracle.dbtools.crest.model.design.storage.sqlserver.v2k5.ColumnProxySqlServerv2k5" name="SLA_TARGET_DAYS" id="29CAF2FE-88C6-2451-13FB-B588090A0E1C">
<createdBy>50472</createdBy>
<createdTime>2014-12-04 22:40:08 UTC</createdTime>
<ownerDesignName>Manage_Work_V2_data_model_diagram</ownerDesignName>
</ColumnProxy>
<ColumnProxy class="oracle.dbtools.crest.model.design.storage.sqlserver.v2k5.ColumnProxySqlServerv2k5" name="TASK_TYPE_ID" id="53C7C759-2375-A591-8A28-AB11CC00BBAB">
<createdBy>50472</createdBy>
<createdTime>2014-12-04 22:40:08 UTC</createdTime>
<ownerDesignName>Manage_Work_V2_data_model_diagram</ownerDesignName>
</ColumnProxy>
<ColumnProxy class="oracle.dbtools.crest.model.design.storage.sqlserver.v2k5.ColumnProxySqlServerv2k5" name="SLA_DAYS" id="53F61BF9-4181-3C04-3CA7-2BAD5FAB5959">
<createdBy>50472</createdBy>
<createdTime>2014-12-04 22:40:08 UTC</createdTime>
<ownerDesignName>Manage_Work_V2_data_model_diagram</ownerDesignName>
</ColumnProxy>
<ColumnProxy class="oracle.dbtools.crest.model.design.storage.sqlserver.v2k5.ColumnProxySqlServerv2k5" name="TASK_NAME" id="7C58108C-6BB4-4903-8EAF-8E88138CDD7C">
<createdBy>50472</createdBy>
<createdTime>2014-12-04 22:40:08 UTC</createdTime>
<ownerDesignName>Manage_Work_V2_data_model_diagram</ownerDesignName>
</ColumnProxy>
<ColumnProxy class="oracle.dbtools.crest.model.design.storage.sqlserver.v2k5.ColumnProxySqlServerv2k5" name="UNIT_OF_WORK" id="9EA49951-26DE-73B4-FAF5-C2960E97F916">
<createdBy>50472</createdBy>
<createdTime>2014-12-04 22:40:08 UTC</createdTime>
<ownerDesignName>Manage_Work_V2_data_model_diagram</ownerDesignName>
</ColumnProxy>
<ColumnProxy class="oracle.dbtools.crest.model.design.storage.sqlserver.v2k5.ColumnProxySqlServerv2k5" name="OPERATIONS_GROUP" id="D469EFFC-B4D8-81EB-C250-9A9B2689FD78">
<createdBy>50472</createdBy>
<createdTime>2014-12-04 22:40:08 UTC</createdTime>
<ownerDesignName>Manage_Work_V2_data_model_diagram</ownerDesignName>
</ColumnProxy>
<ColumnProxy class="oracle.dbtools.crest.model.design.storage.sqlserver.v2k5.ColumnProxySqlServerv2k5" name="TASK_DESCRIPTION" id="DF0B1CD8-917A-C076-F0B3-C6E75ED06376">
<createdBy>50472</createdBy>
<createdTime>2014-11-18 22:01:02 UTC</createdTime>
<ownerDesignName>Manage_Work_V2_data_model_diagram</ownerDesignName>
<collation>SQL_Latin1_General_CP1_CI_AS</collation>
</ColumnProxy>
</columnProxies>
<primaryKeys>
<PrimaryKey class="oracle.dbtools.crest.model.design.storage.sqlserver.v2k5.PKProxySqlServerv2k5" name="PK_TASK_TYPE_ID" id="E1A6221C-6A59-276F-D9A1-1E6DE6C307AB">
<createdBy>50472</createdBy>
<createdTime>2014-12-04 22:40:08 UTC</createdTime>
<ownerDesignName>Manage_Work_V2_data_model_diagram</ownerDesignName>
<clustered>true</clustered>
</PrimaryKey>
</primaryKeys>
</TableProxySqlServerv2k5>