<?xml version = '1.0' encoding = 'UTF-8'?>
<TableProxySqlServerv2k5 class="oracle.dbtools.crest.model.design.storage.sqlserver.v2k5.TableProxySqlServerv2k5" name="D_MW_V2_CURRENT" directorySegmentName="seg_0" id="63F93782-82F2-8831-CD38-DE64824A4133">
<createdBy>50472</createdBy>
<createdTime>2014-11-18 22:00:57 UTC</createdTime>
<ownerDesignName>Manage_Work_V2_data_model_diagram</ownerDesignName>
<database>10FE6147-A845-3D71-743C-15C9AF415675</database>
<filegroup>4D11B2F2-14B3-1F5D-1546-68AEC2D7C4D7</filegroup>
<schema>5</schema>
<columnProxies>
<ColumnProxy class="oracle.dbtools.crest.model.design.storage.sqlserver.v2k5.ColumnProxySqlServerv2k5" name="COMPLETE_DATE" id="0523DDCF-72DC-FD49-B254-EC09AC0C2978">
<createdBy>50472</createdBy>
<createdTime>2014-12-05 21:30:07 UTC</createdTime>
<ownerDesignName>Manage_Work_V2_data_model_diagram</ownerDesignName>
</ColumnProxy>
<ColumnProxy class="oracle.dbtools.crest.model.design.storage.sqlserver.v2k5.ColumnProxySqlServerv2k5" name="ESCALATED_FLAG" id="07FA17BF-BE28-B2F3-E305-0F93F475F90D">
<createdBy>50472</createdBy>
<createdTime>2014-12-05 21:30:07 UTC</createdTime>
<ownerDesignName>Manage_Work_V2_data_model_diagram</ownerDesignName>
<defaultValue>N</defaultValue>
</ColumnProxy>
<ColumnProxy class="oracle.dbtools.crest.model.design.storage.sqlserver.v2k5.ColumnProxySqlServerv2k5" name="UNIT_OF_WORK" id="09FFC9CF-AAD1-B23A-7C86-DB07F5B840ED">
<createdBy>50472</createdBy>
<createdTime>2014-12-05 21:30:07 UTC</createdTime>
<ownerDesignName>Manage_Work_V2_data_model_diagram</ownerDesignName>
</ColumnProxy>
<ColumnProxy class="oracle.dbtools.crest.model.design.storage.sqlserver.v2k5.ColumnProxySqlServerv2k5" name="CANCEL_WORK_DATE" id="0F2E8074-E7A2-BA0E-A0D4-25BEABAD770E">
<createdBy>50472</createdBy>
<createdTime>2014-12-05 21:30:07 UTC</createdTime>
<ownerDesignName>Manage_Work_V2_data_model_diagram</ownerDesignName>
</ColumnProxy>
<ColumnProxy class="oracle.dbtools.crest.model.design.storage.sqlserver.v2k5.ColumnProxySqlServerv2k5" name="CURR_FORWARDED_BY_STAFF_ID" id="1867E037-F797-CCF3-1E05-C27E825265A7">
<createdBy>50472</createdBy>
<createdTime>2014-12-05 21:30:07 UTC</createdTime>
<ownerDesignName>Manage_Work_V2_data_model_diagram</ownerDesignName>
</ColumnProxy>
<ColumnProxy class="oracle.dbtools.crest.model.design.storage.sqlserver.v2k5.ColumnProxySqlServerv2k5" name="STG_EXTRACT_DATE" id="1927F8E6-891F-33F7-BBF7-7B2937200753">
<createdBy>50472</createdBy>
<createdTime>2014-12-05 21:30:07 UTC</createdTime>
<ownerDesignName>Manage_Work_V2_data_model_diagram</ownerDesignName>
<defaultValue>getdate()</defaultValue>
</ColumnProxy>
<ColumnProxy class="oracle.dbtools.crest.model.design.storage.sqlserver.v2k5.ColumnProxySqlServerv2k5" name="PARENT_TASK_ID" id="1C978B39-367D-A48A-6C66-DD4590C76DE6">
<createdBy>50472</createdBy>
<createdTime>2014-12-05 21:30:07 UTC</createdTime>
<ownerDesignName>Manage_Work_V2_data_model_diagram</ownerDesignName>
</ColumnProxy>
<ColumnProxy class="oracle.dbtools.crest.model.design.storage.sqlserver.v2k5.ColumnProxySqlServerv2k5" name="TASK_TYPE_ID" id="1FD7324A-54D3-8EE1-4E29-4188DF87BF20">
<createdBy>50472</createdBy>
<createdTime>2014-12-05 21:30:07 UTC</createdTime>
<ownerDesignName>Manage_Work_V2_data_model_diagram</ownerDesignName>
</ColumnProxy>
<ColumnProxy class="oracle.dbtools.crest.model.design.storage.sqlserver.v2k5.ColumnProxySqlServerv2k5" name="CURR_ESCALATED_TO_STAFF_ID" id="2590B394-8CE1-BA8B-C33E-6C8A13D518F5">
<createdBy>50472</createdBy>
<createdTime>2014-12-05 21:30:07 UTC</createdTime>
<ownerDesignName>Manage_Work_V2_data_model_diagram</ownerDesignName>
</ColumnProxy>
<ColumnProxy class="oracle.dbtools.crest.model.design.storage.sqlserver.v2k5.ColumnProxySqlServerv2k5" name="CURR_CREATED_BY_STAFF_ID" id="279DD00F-537A-269A-BD46-B0CF896256F5">
<createdBy>50472</createdBy>
<createdTime>2014-12-05 21:30:07 UTC</createdTime>
<ownerDesignName>Manage_Work_V2_data_model_diagram</ownerDesignName>
</ColumnProxy>
<ColumnProxy class="oracle.dbtools.crest.model.design.storage.sqlserver.v2k5.ColumnProxySqlServerv2k5" name="SOURCE_PROCESS_INSTANCE_ID" id="2F19A3CA-8286-6416-669D-5C3D174845EF">
<createdBy>50472</createdBy>
<createdTime>2014-11-18 22:00:58 UTC</createdTime>
<ownerDesignName>Manage_Work_V2_data_model_diagram</ownerDesignName>
</ColumnProxy>
<ColumnProxy class="oracle.dbtools.crest.model.design.storage.sqlserver.v2k5.ColumnProxySqlServerv2k5" name="TASK_PRIORITY" id="36A30ABE-F23B-7649-CC08-83B5D9CD11AE">
<createdBy>50472</createdBy>
<createdTime>2014-12-05 21:30:07 UTC</createdTime>
<ownerDesignName>Manage_Work_V2_data_model_diagram</ownerDesignName>
</ColumnProxy>
<ColumnProxy class="oracle.dbtools.crest.model.design.storage.sqlserver.v2k5.ColumnProxySqlServerv2k5" name="STATUS_AGE_IN_BUS_DAYS" id="38B93B4D-1E1F-636E-11BD-53391F96C646">
<createdBy>50472</createdBy>
<createdTime>2014-12-05 21:30:07 UTC</createdTime>
<ownerDesignName>Manage_Work_V2_data_model_diagram</ownerDesignName>
<defaultValue>0</defaultValue>
</ColumnProxy>
<ColumnProxy class="oracle.dbtools.crest.model.design.storage.sqlserver.v2k5.ColumnProxySqlServerv2k5" name="STATUS_AGE_IN_CAL_DAYS" id="3AAD6B9D-8138-983C-9601-0BB8A8CF953C">
<createdBy>50472</createdBy>
<createdTime>2014-12-05 21:30:07 UTC</createdTime>
<ownerDesignName>Manage_Work_V2_data_model_diagram</ownerDesignName>
<defaultValue>0</defaultValue>
</ColumnProxy>
<ColumnProxy class="oracle.dbtools.crest.model.design.storage.sqlserver.v2k5.ColumnProxySqlServerv2k5" name="CANCELLED_BY_STAFF_ID" id="42D1316B-0D70-1B81-B7C1-F3773077EC35">
<createdBy>50472</createdBy>
<createdTime>2014-12-05 21:30:07 UTC</createdTime>
<ownerDesignName>Manage_Work_V2_data_model_diagram</ownerDesignName>
</ColumnProxy>
<ColumnProxy class="oracle.dbtools.crest.model.design.storage.sqlserver.v2k5.ColumnProxySqlServerv2k5" name="CURR_LAST_UPD_BY_STAFF_ID" id="46AE735B-801F-F06D-A9DA-87F1F0F4445D">
<createdBy>50472</createdBy>
<createdTime>2014-12-05 21:30:07 UTC</createdTime>
<ownerDesignName>Manage_Work_V2_data_model_diagram</ownerDesignName>
</ColumnProxy>
<ColumnProxy class="oracle.dbtools.crest.model.design.storage.sqlserver.v2k5.ColumnProxySqlServerv2k5" name="SOURCE_REFERENCE_TYPE" id="4858CF6C-9A5F-6C5B-8295-75C0A6022AE9">
<createdBy>50472</createdBy>
<createdTime>2014-12-05 21:30:07 UTC</createdTime>
<ownerDesignName>Manage_Work_V2_data_model_diagram</ownerDesignName>
</ColumnProxy>
<ColumnProxy class="oracle.dbtools.crest.model.design.storage.sqlserver.v2k5.ColumnProxySqlServerv2k5" name="CURR_TASK_STATUS" id="5280A599-6B07-079E-CE34-DDD2C61C3E96">
<createdBy>50472</createdBy>
<createdTime>2014-12-05 21:30:07 UTC</createdTime>
<ownerDesignName>Manage_Work_V2_data_model_diagram</ownerDesignName>
</ColumnProxy>
<ColumnProxy class="oracle.dbtools.crest.model.design.storage.sqlserver.v2k5.ColumnProxySqlServerv2k5" name="CASE_ID" id="55CB5736-B5D5-A230-103E-AD6781760924">
<createdBy>50472</createdBy>
<createdTime>2014-12-05 21:30:07 UTC</createdTime>
<ownerDesignName>Manage_Work_V2_data_model_diagram</ownerDesignName>
</ColumnProxy>
<ColumnProxy class="oracle.dbtools.crest.model.design.storage.sqlserver.v2k5.ColumnProxySqlServerv2k5" name="SOURCE_PROCESS_ID" id="5820754F-4272-2E3F-4FAA-75E82174D0A8">
<createdBy>50472</createdBy>
<createdTime>2014-11-18 22:00:58 UTC</createdTime>
<ownerDesignName>Manage_Work_V2_data_model_diagram</ownerDesignName>
</ColumnProxy>
<ColumnProxy class="oracle.dbtools.crest.model.design.storage.sqlserver.v2k5.ColumnProxySqlServerv2k5" name="CURR_BUSINESS_UNIT_ID" id="5A158FEC-4AFD-EA58-DE92-2B4C91CD4870">
<createdBy>50472</createdBy>
<createdTime>2014-12-05 21:30:07 UTC</createdTime>
<ownerDesignName>Manage_Work_V2_data_model_diagram</ownerDesignName>
</ColumnProxy>
<ColumnProxy class="oracle.dbtools.crest.model.design.storage.sqlserver.v2k5.ColumnProxySqlServerv2k5" name="CREATE_DATE" id="668374E1-2D1D-FC9A-EB5D-31880E5FC056">
<createdBy>50472</createdBy>
<createdTime>2014-12-05 21:30:07 UTC</createdTime>
<ownerDesignName>Manage_Work_V2_data_model_diagram</ownerDesignName>
</ColumnProxy>
<ColumnProxy class="oracle.dbtools.crest.model.design.storage.sqlserver.v2k5.ColumnProxySqlServerv2k5" name="LAST_EVENT_DATE" id="77B5B17E-59A5-3CC4-124A-094F1111F69C">
<createdBy>50472</createdBy>
<createdTime>2014-12-05 21:30:07 UTC</createdTime>
<ownerDesignName>Manage_Work_V2_data_model_diagram</ownerDesignName>
</ColumnProxy>
<ColumnProxy class="oracle.dbtools.crest.model.design.storage.sqlserver.v2k5.ColumnProxySqlServerv2k5" name="STAGE_DONE_DATE" id="81A51A08-C3F6-250F-E7DE-DDEF2217FCDA">
<createdBy>50472</createdBy>
<createdTime>2014-12-05 21:30:07 UTC</createdTime>
<ownerDesignName>Manage_Work_V2_data_model_diagram</ownerDesignName>
</ColumnProxy>
<ColumnProxy class="oracle.dbtools.crest.model.design.storage.sqlserver.v2k5.ColumnProxySqlServerv2k5" name="CANCEL_METHOD" id="860DFE7A-9A44-35E8-2069-DD86D46B3DCC">
<createdBy>50472</createdBy>
<createdTime>2014-12-05 21:30:07 UTC</createdTime>
<ownerDesignName>Manage_Work_V2_data_model_diagram</ownerDesignName>
</ColumnProxy>
<ColumnProxy class="oracle.dbtools.crest.model.design.storage.sqlserver.v2k5.ColumnProxySqlServerv2k5" name="AGE_IN_BUSINESS_DAYS" id="898CFEB4-6085-26A6-A916-503463D714CB">
<createdBy>50472</createdBy>
<createdTime>2014-12-05 21:30:07 UTC</createdTime>
<ownerDesignName>Manage_Work_V2_data_model_diagram</ownerDesignName>
<defaultValue>0</defaultValue>
</ColumnProxy>
<ColumnProxy class="oracle.dbtools.crest.model.design.storage.sqlserver.v2k5.ColumnProxySqlServerv2k5" name="TIMELINESS_STATUS" id="8EC07D28-DC26-48CB-CDE3-AD3216D9C4FA">
<createdBy>50472</createdBy>
<createdTime>2014-12-05 21:30:07 UTC</createdTime>
<ownerDesignName>Manage_Work_V2_data_model_diagram</ownerDesignName>
<defaultValue>Not Complete</defaultValue>
</ColumnProxy>
<ColumnProxy class="oracle.dbtools.crest.model.design.storage.sqlserver.v2k5.ColumnProxySqlServerv2k5" name="CURR_WORK_RECEIPT_DATE" id="9853DAF1-1E1F-150B-5E76-2D9D53B0E440">
<createdBy>50472</createdBy>
<createdTime>2014-12-05 21:30:07 UTC</createdTime>
<ownerDesignName>Manage_Work_V2_data_model_diagram</ownerDesignName>
</ColumnProxy>
<ColumnProxy class="oracle.dbtools.crest.model.design.storage.sqlserver.v2k5.ColumnProxySqlServerv2k5" name="TASK_ID" id="997557F6-7454-162B-42DD-F4DA91F111F2">
<createdBy>50472</createdBy>
<createdTime>2014-12-05 21:30:07 UTC</createdTime>
<ownerDesignName>Manage_Work_V2_data_model_diagram</ownerDesignName>
</ColumnProxy>
<ColumnProxy class="oracle.dbtools.crest.model.design.storage.sqlserver.v2k5.ColumnProxySqlServerv2k5" name="FORWARDED_FLAG" id="A0F91C87-5705-0203-394B-BF68078DEFCE">
<createdBy>50472</createdBy>
<createdTime>2014-12-05 21:30:07 UTC</createdTime>
<ownerDesignName>Manage_Work_V2_data_model_diagram</ownerDesignName>
<defaultValue>N</defaultValue>
</ColumnProxy>
<ColumnProxy class="oracle.dbtools.crest.model.design.storage.sqlserver.v2k5.ColumnProxySqlServerv2k5" name="INSTANCE_START_DATE" id="B7EC688B-4A2B-FB6C-CABA-9C47E1ADF289">
<createdBy>50472</createdBy>
<createdTime>2014-11-18 22:00:58 UTC</createdTime>
<ownerDesignName>Manage_Work_V2_data_model_diagram</ownerDesignName>
<computed>true</computed>
<formula>([CREATE_DATE])</formula>
</ColumnProxy>
<ColumnProxy class="oracle.dbtools.crest.model.design.storage.sqlserver.v2k5.ColumnProxySqlServerv2k5" name="CURR_OWNER_STAFF_ID" id="B87EC479-2D5C-66FB-A438-480F14ADF395">
<createdBy>50472</createdBy>
<createdTime>2014-12-05 21:30:07 UTC</createdTime>
<ownerDesignName>Manage_Work_V2_data_model_diagram</ownerDesignName>
</ColumnProxy>
<ColumnProxy class="oracle.dbtools.crest.model.design.storage.sqlserver.v2k5.ColumnProxySqlServerv2k5" name="JEOPARDY_FLAG" id="BC301582-B140-20B6-0370-A9362647A97C">
<createdBy>50472</createdBy>
<createdTime>2014-12-05 21:30:07 UTC</createdTime>
<ownerDesignName>Manage_Work_V2_data_model_diagram</ownerDesignName>
<defaultValue>N</defaultValue>
</ColumnProxy>
<ColumnProxy class="oracle.dbtools.crest.model.design.storage.sqlserver.v2k5.ColumnProxySqlServerv2k5" name="SOURCE_REFERENCE_ID" id="BDB24EE9-7782-C2B9-F1D8-21F424C533AF">
<createdBy>50472</createdBy>
<createdTime>2014-12-05 21:30:07 UTC</createdTime>
<ownerDesignName>Manage_Work_V2_data_model_diagram</ownerDesignName>
</ColumnProxy>
<ColumnProxy class="oracle.dbtools.crest.model.design.storage.sqlserver.v2k5.ColumnProxySqlServerv2k5" name="CURR_LAST_UPDATE_DATE" id="BE1E9892-F40A-E3EF-ACD8-06BB0ED1B60A">
<createdBy>50472</createdBy>
<createdTime>2014-12-05 21:30:07 UTC</createdTime>
<ownerDesignName>Manage_Work_V2_data_model_diagram</ownerDesignName>
</ColumnProxy>
<ColumnProxy class="oracle.dbtools.crest.model.design.storage.sqlserver.v2k5.ColumnProxySqlServerv2k5" name="STG_LAST_UPDATE_DATE" id="C88A27FB-43E4-0794-0927-9473B7928E2C">
<createdBy>50472</createdBy>
<createdTime>2014-12-05 21:30:07 UTC</createdTime>
<ownerDesignName>Manage_Work_V2_data_model_diagram</ownerDesignName>
<defaultValue>getdate()</defaultValue>
</ColumnProxy>
<ColumnProxy class="oracle.dbtools.crest.model.design.storage.sqlserver.v2k5.ColumnProxySqlServerv2k5" name="CANCEL_REASON" id="D8D6DEF7-4422-FA38-7F66-5D8F82E8B08E">
<createdBy>50472</createdBy>
<createdTime>2014-12-05 21:30:07 UTC</createdTime>
<ownerDesignName>Manage_Work_V2_data_model_diagram</ownerDesignName>
</ColumnProxy>
<ColumnProxy class="oracle.dbtools.crest.model.design.storage.sqlserver.v2k5.ColumnProxySqlServerv2k5" name="CURR_STATUS_DATE" id="DA998174-3BD4-3FB1-621F-F8AF7AE9C1D8">
<createdBy>50472</createdBy>
<createdTime>2014-12-05 21:30:07 UTC</createdTime>
<ownerDesignName>Manage_Work_V2_data_model_diagram</ownerDesignName>
</ColumnProxy>
<ColumnProxy class="oracle.dbtools.crest.model.design.storage.sqlserver.v2k5.ColumnProxySqlServerv2k5" name="INSTANCE_END_DATE" id="DE587F83-D096-5926-2C24-560B64D4DBCE">
<createdBy>50472</createdBy>
<createdTime>2014-11-18 22:00:58 UTC</createdTime>
<ownerDesignName>Manage_Work_V2_data_model_diagram</ownerDesignName>
<computed>true</computed>
<formula>(coalesce([COMPLETE_DATE],[CANCEL_WORK_DATE]))</formula>
</ColumnProxy>
<ColumnProxy class="oracle.dbtools.crest.model.design.storage.sqlserver.v2k5.ColumnProxySqlServerv2k5" name="AGE_IN_CALENDAR_DAYS" id="F44B19AA-4EAB-B579-3DA0-F8B93181C395">
<createdBy>50472</createdBy>
<createdTime>2014-12-05 21:30:07 UTC</createdTime>
<ownerDesignName>Manage_Work_V2_data_model_diagram</ownerDesignName>
<defaultValue>0</defaultValue>
</ColumnProxy>
<ColumnProxy class="oracle.dbtools.crest.model.design.storage.sqlserver.v2k5.ColumnProxySqlServerv2k5" name="CURR_TEAM_ID" id="F7D70CF4-E6DB-A937-15E4-20BA8EEC4269">
<createdBy>50472</createdBy>
<createdTime>2014-12-05 21:30:07 UTC</createdTime>
<ownerDesignName>Manage_Work_V2_data_model_diagram</ownerDesignName>
</ColumnProxy>
<ColumnProxy class="oracle.dbtools.crest.model.design.storage.sqlserver.v2k5.ColumnProxySqlServerv2k5" name="MW_BI_ID" id="F87AD2F7-916C-45A7-DEDE-9D757561444C">
<createdBy>50472</createdBy>
<createdTime>2014-12-05 21:30:07 UTC</createdTime>
<ownerDesignName>Manage_Work_V2_data_model_diagram</ownerDesignName>
</ColumnProxy>
<ColumnProxy class="oracle.dbtools.crest.model.design.storage.sqlserver.v2k5.ColumnProxySqlServerv2k5" name="CLIENT_ID" id="FF178581-8533-0B84-0937-12FABFBEC047">
<createdBy>50472</createdBy>
<createdTime>2014-12-05 21:30:07 UTC</createdTime>
<ownerDesignName>Manage_Work_V2_data_model_diagram</ownerDesignName>
</ColumnProxy>
</columnProxies>
<indexProxies>
<IndexProxy class="oracle.dbtools.crest.model.design.storage.sqlserver.v2k5.IndexProxySqlServerv2k5" name="DMWCUR_V2_ESCALATED_STF_ID" id="02727D0C-56DE-5BDA-861C-D2FC660C3ECB">
<createdBy>50472</createdBy>
<createdTime>2014-12-05 21:30:07 UTC</createdTime>
<ownerDesignName>Manage_Work_V2_data_model_diagram</ownerDesignName>
<recomputeStatistics>ON</recomputeStatistics>
</IndexProxy>
<IndexProxy class="oracle.dbtools.crest.model.design.storage.sqlserver.v2k5.IndexProxySqlServerv2k5" name="DMWCUR_V2_UNIQ_TASK_ID" id="0AEEC05F-94B4-0FE7-B4A8-73944331DC9C">
<createdBy>50472</createdBy>
<createdTime>2014-12-05 21:30:07 UTC</createdTime>
<ownerDesignName>Manage_Work_V2_data_model_diagram</ownerDesignName>
<recomputeStatistics>ON</recomputeStatistics>
</IndexProxy>
<IndexProxy class="oracle.dbtools.crest.model.design.storage.sqlserver.v2k5.IndexProxySqlServerv2k5" name="DMWCUR_V2_OWNER_STF_ID" id="10726752-D2FF-0CED-B6B4-562EE27EF8B1">
<createdBy>50472</createdBy>
<createdTime>2014-12-05 21:30:07 UTC</createdTime>
<ownerDesignName>Manage_Work_V2_data_model_diagram</ownerDesignName>
<recomputeStatistics>ON</recomputeStatistics>
</IndexProxy>
<IndexProxy class="oracle.dbtools.crest.model.design.storage.sqlserver.v2k5.IndexProxySqlServerv2k5" name="DMWCUR_V2_FORWARDED_STF_ID" id="13EBC4E8-793F-0227-3E04-FDEA3C4B8385">
<createdBy>50472</createdBy>
<createdTime>2014-12-05 21:30:07 UTC</createdTime>
<ownerDesignName>Manage_Work_V2_data_model_diagram</ownerDesignName>
<recomputeStatistics>ON</recomputeStatistics>
</IndexProxy>
<IndexProxy class="oracle.dbtools.crest.model.design.storage.sqlserver.v2k5.IndexProxySqlServerv2k5" name="DMWCUR_V2_CURR_TEAM_ID" id="147CF680-A626-F781-BDF7-5D9C973F8FEB">
<createdBy>50472</createdBy>
<createdTime>2014-12-05 21:30:07 UTC</createdTime>
<ownerDesignName>Manage_Work_V2_data_model_diagram</ownerDesignName>
<recomputeStatistics>ON</recomputeStatistics>
</IndexProxy>
<IndexProxy class="oracle.dbtools.crest.model.design.storage.sqlserver.v2k5.IndexProxySqlServerv2k5" name="DMWCUR_V2_CURR_BUSUNIT_ID" id="4ED475A5-9CCD-300D-B35B-AE60CC8FB5CA">
<createdBy>50472</createdBy>
<createdTime>2014-12-05 21:30:07 UTC</createdTime>
<ownerDesignName>Manage_Work_V2_data_model_diagram</ownerDesignName>
<recomputeStatistics>ON</recomputeStatistics>
</IndexProxy>
<IndexProxy class="oracle.dbtools.crest.model.design.storage.sqlserver.v2k5.IndexProxySqlServerv2k5" name="DMWCUR_V2_CANCELLED_STF_ID" id="72628CF9-DBA5-90E6-CA54-24A09E56725F">
<createdBy>50472</createdBy>
<createdTime>2014-12-05 21:30:07 UTC</createdTime>
<ownerDesignName>Manage_Work_V2_data_model_diagram</ownerDesignName>
<recomputeStatistics>ON</recomputeStatistics>
</IndexProxy>
<IndexProxy class="oracle.dbtools.crest.model.design.storage.sqlserver.v2k5.IndexProxySqlServerv2k5" name="DMWCUR_V2_CURR_TASK_TYPE_ID" id="CB26D8D6-5C14-DDC7-DF23-359DC116A3F6">
<createdBy>50472</createdBy>
<createdTime>2014-12-05 21:30:07 UTC</createdTime>
<ownerDesignName>Manage_Work_V2_data_model_diagram</ownerDesignName>
<recomputeStatistics>ON</recomputeStatistics>
</IndexProxy>
<IndexProxy class="oracle.dbtools.crest.model.design.storage.sqlserver.v2k5.IndexProxySqlServerv2k5" name="DMWCUR_V2_LAST_UPD_BY_STF_ID" id="FA3F461F-25E4-E312-24BC-F5670E809E4A">
<createdBy>50472</createdBy>
<createdTime>2014-12-05 21:30:07 UTC</createdTime>
<ownerDesignName>Manage_Work_V2_data_model_diagram</ownerDesignName>
<recomputeStatistics>ON</recomputeStatistics>
</IndexProxy>
<IndexProxy class="oracle.dbtools.crest.model.design.storage.sqlserver.v2k5.IndexProxySqlServerv2k5" name="DMWCUR_V2_CREATED_STF_ID" id="FC656CBC-12E6-59F4-ED79-19B6C8B55C73">
<createdBy>50472</createdBy>
<createdTime>2014-12-05 21:30:07 UTC</createdTime>
<ownerDesignName>Manage_Work_V2_data_model_diagram</ownerDesignName>
<recomputeStatistics>ON</recomputeStatistics>
</IndexProxy>
</indexProxies>
<primaryKeys>
<PrimaryKey class="oracle.dbtools.crest.model.design.storage.sqlserver.v2k5.PKProxySqlServerv2k5" name="DMWCUR_V2_PK" id="BA08283F-94C9-2B98-784F-A4DF5CDBD863">
<createdBy>50472</createdBy>
<createdTime>2014-12-05 21:30:07 UTC</createdTime>
<ownerDesignName>Manage_Work_V2_data_model_diagram</ownerDesignName>
<clustered>true</clustered>
</PrimaryKey>
</primaryKeys>
</TableProxySqlServerv2k5>