<?xml version = '1.0' encoding = 'UTF-8'?>
<TableProxySqlServerv2k5 class="oracle.dbtools.crest.model.design.storage.sqlserver.v2k5.TableProxySqlServerv2k5" name="D_STAFF" directorySegmentName="seg_0" id="69FEEFB8-9D8B-781A-7BC0-DF5982AD650C">
<createdBy>50472</createdBy>
<createdTime>2014-12-04 22:41:47 UTC</createdTime>
<ownerDesignName>Manage_Work_V2_data_model_diagram</ownerDesignName>
<database>10FE6147-A845-3D71-743C-15C9AF415675</database>
<filegroup>12385A01-87D4-ADD0-F45B-EE888FEE4361</filegroup>
<schema>5</schema>
<columnProxies>
<ColumnProxy class="oracle.dbtools.crest.model.design.storage.sqlserver.v2k5.ColumnProxySqlServerv2k5" name="NOTE_REFID" id="057DE047-70A1-6DA9-7976-594AD5ABF24B">
<createdBy>50472</createdBy>
<createdTime>2014-12-04 22:41:47 UTC</createdTime>
<ownerDesignName>Manage_Work_V2_data_model_diagram</ownerDesignName>
</ColumnProxy>
<ColumnProxy class="oracle.dbtools.crest.model.design.storage.sqlserver.v2k5.ColumnProxySqlServerv2k5" name="PHONE_NUMBER" id="0F5D2E50-F203-DFAF-2FEC-BA0D94B0D9FD">
<createdBy>50472</createdBy>
<createdTime>2014-12-04 22:41:47 UTC</createdTime>
<ownerDesignName>Manage_Work_V2_data_model_diagram</ownerDesignName>
<collation>SQL_Latin1_General_CP1_CI_AS</collation>
</ColumnProxy>
<ColumnProxy class="oracle.dbtools.crest.model.design.storage.sqlserver.v2k5.ColumnProxySqlServerv2k5" name="UPDATE_TS" id="22DEBE4F-3CBC-8DF0-EEB0-1389772AFA50">
<createdBy>50472</createdBy>
<createdTime>2014-12-04 22:41:47 UTC</createdTime>
<ownerDesignName>Manage_Work_V2_data_model_diagram</ownerDesignName>
</ColumnProxy>
<ColumnProxy class="oracle.dbtools.crest.model.design.storage.sqlserver.v2k5.ColumnProxySqlServerv2k5" name="DEFAULT_GROUP_ID" id="2D3E1A45-A8EC-AB2A-BCD1-65B02F66DF10">
<createdBy>50472</createdBy>
<createdTime>2014-12-04 22:41:47 UTC</createdTime>
<ownerDesignName>Manage_Work_V2_data_model_diagram</ownerDesignName>
</ColumnProxy>
<ColumnProxy class="oracle.dbtools.crest.model.design.storage.sqlserver.v2k5.ColumnProxySqlServerv2k5" name="LAST_NAME" id="35D20541-5225-8FED-5AFF-F5F403F6859C">
<createdBy>50472</createdBy>
<createdTime>2014-12-04 22:41:47 UTC</createdTime>
<ownerDesignName>Manage_Work_V2_data_model_diagram</ownerDesignName>
<collation>SQL_Latin1_General_CP1_CI_AS</collation>
</ColumnProxy>
<ColumnProxy class="oracle.dbtools.crest.model.design.storage.sqlserver.v2k5.ColumnProxySqlServerv2k5" name="UPDATED_BY" id="4D9B9D0E-2851-2E89-B01D-9D04BF89C56C">
<createdBy>50472</createdBy>
<createdTime>2014-12-04 22:41:47 UTC</createdTime>
<ownerDesignName>Manage_Work_V2_data_model_diagram</ownerDesignName>
<collation>SQL_Latin1_General_CP1_CI_AS</collation>
</ColumnProxy>
<ColumnProxy class="oracle.dbtools.crest.model.design.storage.sqlserver.v2k5.ColumnProxySqlServerv2k5" name="CREATE_TS" id="580DB9F3-725F-4548-FFC6-E35FA2187346">
<createdBy>50472</createdBy>
<createdTime>2014-12-04 22:41:47 UTC</createdTime>
<ownerDesignName>Manage_Work_V2_data_model_diagram</ownerDesignName>
</ColumnProxy>
<ColumnProxy class="oracle.dbtools.crest.model.design.storage.sqlserver.v2k5.ColumnProxySqlServerv2k5" name="START_DATE" id="60404712-D8E7-E5C3-71A6-48C6EF2D3DF5">
<createdBy>50472</createdBy>
<createdTime>2014-12-04 22:41:47 UTC</createdTime>
<ownerDesignName>Manage_Work_V2_data_model_diagram</ownerDesignName>
</ColumnProxy>
<ColumnProxy class="oracle.dbtools.crest.model.design.storage.sqlserver.v2k5.ColumnProxySqlServerv2k5" name="LAST_NAME_CANON" id="61412441-3C8B-8A01-436A-67EE92FDF927">
<createdBy>50472</createdBy>
<createdTime>2014-12-04 22:41:47 UTC</createdTime>
<ownerDesignName>Manage_Work_V2_data_model_diagram</ownerDesignName>
<collation>SQL_Latin1_General_CP1_CI_AS</collation>
</ColumnProxy>
<ColumnProxy class="oracle.dbtools.crest.model.design.storage.sqlserver.v2k5.ColumnProxySqlServerv2k5" name="FIRST_NAME" id="624A1469-DA8B-BE89-D602-0B692B70D3AD">
<createdBy>50472</createdBy>
<createdTime>2014-12-04 22:41:47 UTC</createdTime>
<ownerDesignName>Manage_Work_V2_data_model_diagram</ownerDesignName>
<collation>SQL_Latin1_General_CP1_CI_AS</collation>
</ColumnProxy>
<ColumnProxy class="oracle.dbtools.crest.model.design.storage.sqlserver.v2k5.ColumnProxySqlServerv2k5" name="STAFF_TYPE_CD" id="76D09AC7-602B-60AF-1D1B-C93C027B9331">
<createdBy>50472</createdBy>
<createdTime>2014-12-04 22:41:47 UTC</createdTime>
<ownerDesignName>Manage_Work_V2_data_model_diagram</ownerDesignName>
<collation>SQL_Latin1_General_CP1_CI_AS</collation>
</ColumnProxy>
<ColumnProxy class="oracle.dbtools.crest.model.design.storage.sqlserver.v2k5.ColumnProxySqlServerv2k5" name="DEPLOYMENT_STAFF_NUM" id="7E4A098C-0669-CD8A-DB04-AEF685E39CEB">
<createdBy>50472</createdBy>
<createdTime>2014-12-04 22:41:47 UTC</createdTime>
<ownerDesignName>Manage_Work_V2_data_model_diagram</ownerDesignName>
<collation>SQL_Latin1_General_CP1_CI_AS</collation>
</ColumnProxy>
<ColumnProxy class="oracle.dbtools.crest.model.design.storage.sqlserver.v2k5.ColumnProxySqlServerv2k5" name="MIDDLE_NAME" id="88DE6BEC-B0BA-785D-32AE-4E8320820CD1">
<createdBy>50472</createdBy>
<createdTime>2014-12-04 22:41:47 UTC</createdTime>
<ownerDesignName>Manage_Work_V2_data_model_diagram</ownerDesignName>
<collation>SQL_Latin1_General_CP1_CI_AS</collation>
</ColumnProxy>
<ColumnProxy class="oracle.dbtools.crest.model.design.storage.sqlserver.v2k5.ColumnProxySqlServerv2k5" name="SSN" id="914AA84B-C117-2A42-D97C-C0FBF194C8FC">
<createdBy>50472</createdBy>
<createdTime>2014-12-04 22:41:47 UTC</createdTime>
<ownerDesignName>Manage_Work_V2_data_model_diagram</ownerDesignName>
<collation>SQL_Latin1_General_CP1_CI_AS</collation>
</ColumnProxy>
<ColumnProxy class="oracle.dbtools.crest.model.design.storage.sqlserver.v2k5.ColumnProxySqlServerv2k5" name="UNIQUE_STAFF_ID" id="96CDCA99-3A82-888B-0796-5A39E27FA2FB">
<createdBy>50472</createdBy>
<createdTime>2014-12-04 22:41:47 UTC</createdTime>
<ownerDesignName>Manage_Work_V2_data_model_diagram</ownerDesignName>
<collation>SQL_Latin1_General_CP1_CI_AS</collation>
</ColumnProxy>
<ColumnProxy class="oracle.dbtools.crest.model.design.storage.sqlserver.v2k5.ColumnProxySqlServerv2k5" name="LAST_NAME_SOUND_LIKE" id="A5BC92C4-CDAB-8284-F72D-83DCD7064383">
<createdBy>50472</createdBy>
<createdTime>2014-12-04 22:41:47 UTC</createdTime>
<ownerDesignName>Manage_Work_V2_data_model_diagram</ownerDesignName>
<collation>SQL_Latin1_General_CP1_CI_AS</collation>
</ColumnProxy>
<ColumnProxy class="oracle.dbtools.crest.model.design.storage.sqlserver.v2k5.ColumnProxySqlServerv2k5" name="STAFF_ID" id="AB18EDEC-9066-3B77-3A3F-76405B522F6E">
<createdBy>50472</createdBy>
<createdTime>2014-12-04 22:41:47 UTC</createdTime>
<ownerDesignName>Manage_Work_V2_data_model_diagram</ownerDesignName>
</ColumnProxy>
<ColumnProxy class="oracle.dbtools.crest.model.design.storage.sqlserver.v2k5.ColumnProxySqlServerv2k5" name="MIDDLE_NAME_SOUND_LIKE" id="AC1B4144-E46A-9D9B-5769-830F38252C01">
<createdBy>50472</createdBy>
<createdTime>2014-12-04 22:41:47 UTC</createdTime>
<ownerDesignName>Manage_Work_V2_data_model_diagram</ownerDesignName>
<collation>SQL_Latin1_General_CP1_CI_AS</collation>
</ColumnProxy>
<ColumnProxy class="oracle.dbtools.crest.model.design.storage.sqlserver.v2k5.ColumnProxySqlServerv2k5" name="MIDDLE_NAME_CANON" id="B208C536-D985-E82F-6063-FBE6EF9F5F46">
<createdBy>50472</createdBy>
<createdTime>2014-12-04 22:41:47 UTC</createdTime>
<ownerDesignName>Manage_Work_V2_data_model_diagram</ownerDesignName>
<collation>SQL_Latin1_General_CP1_CI_AS</collation>
</ColumnProxy>
<ColumnProxy class="oracle.dbtools.crest.model.design.storage.sqlserver.v2k5.ColumnProxySqlServerv2k5" name="EXT_STAFF_NUMBER" id="B4284531-C28C-BC77-F678-931B5DD085FE">
<createdBy>50472</createdBy>
<createdTime>2014-12-04 22:41:47 UTC</createdTime>
<ownerDesignName>Manage_Work_V2_data_model_diagram</ownerDesignName>
<collation>SQL_Latin1_General_CP1_CI_AS</collation>
</ColumnProxy>
<ColumnProxy class="oracle.dbtools.crest.model.design.storage.sqlserver.v2k5.ColumnProxySqlServerv2k5" name="FIRST_NAME_CANON" id="BFE61144-A40A-676A-36D4-611DAFE838B9">
<createdBy>50472</createdBy>
<createdTime>2014-12-04 22:41:47 UTC</createdTime>
<ownerDesignName>Manage_Work_V2_data_model_diagram</ownerDesignName>
<collation>SQL_Latin1_General_CP1_CI_AS</collation>
</ColumnProxy>
<ColumnProxy class="oracle.dbtools.crest.model.design.storage.sqlserver.v2k5.ColumnProxySqlServerv2k5" name="GENDER_CD" id="D64F0280-AF6B-C9D6-DD98-639F1DF79C98">
<createdBy>50472</createdBy>
<createdTime>2014-12-04 22:41:47 UTC</createdTime>
<ownerDesignName>Manage_Work_V2_data_model_diagram</ownerDesignName>
<collation>SQL_Latin1_General_CP1_CI_AS</collation>
</ColumnProxy>
<ColumnProxy class="oracle.dbtools.crest.model.design.storage.sqlserver.v2k5.ColumnProxySqlServerv2k5" name="END_DATE" id="D6990074-8CA4-690A-6A85-B5EB7529907B">
<createdBy>50472</createdBy>
<createdTime>2014-12-04 22:41:47 UTC</createdTime>
<ownerDesignName>Manage_Work_V2_data_model_diagram</ownerDesignName>
</ColumnProxy>
<ColumnProxy class="oracle.dbtools.crest.model.design.storage.sqlserver.v2k5.ColumnProxySqlServerv2k5" name="FIRST_NAME_SOUND_LIKE" id="D9F6AA04-69EA-B45D-582B-B0DB92925192">
<createdBy>50472</createdBy>
<createdTime>2014-12-04 22:41:47 UTC</createdTime>
<ownerDesignName>Manage_Work_V2_data_model_diagram</ownerDesignName>
<collation>SQL_Latin1_General_CP1_CI_AS</collation>
</ColumnProxy>
<ColumnProxy class="oracle.dbtools.crest.model.design.storage.sqlserver.v2k5.ColumnProxySqlServerv2k5" name="CREATED_BY" id="E063DC01-2BAC-12F3-9850-8CC691BDDC06">
<createdBy>50472</createdBy>
<createdTime>2014-12-04 22:41:47 UTC</createdTime>
<ownerDesignName>Manage_Work_V2_data_model_diagram</ownerDesignName>
<collation>SQL_Latin1_General_CP1_CI_AS</collation>
</ColumnProxy>
<ColumnProxy class="oracle.dbtools.crest.model.design.storage.sqlserver.v2k5.ColumnProxySqlServerv2k5" name="FAX_NUMBER" id="E4E70A1C-9589-2E8F-1F8B-50AAC669D82E">
<createdBy>50472</createdBy>
<createdTime>2014-12-04 22:41:47 UTC</createdTime>
<ownerDesignName>Manage_Work_V2_data_model_diagram</ownerDesignName>
<collation>SQL_Latin1_General_CP1_CI_AS</collation>
</ColumnProxy>
<ColumnProxy class="oracle.dbtools.crest.model.design.storage.sqlserver.v2k5.ColumnProxySqlServerv2k5" name="DOB" id="F360198E-CE07-4456-D381-72FA9BAC904C">
<createdBy>50472</createdBy>
<createdTime>2014-12-04 22:41:47 UTC</createdTime>
<ownerDesignName>Manage_Work_V2_data_model_diagram</ownerDesignName>
</ColumnProxy>
<ColumnProxy class="oracle.dbtools.crest.model.design.storage.sqlserver.v2k5.ColumnProxySqlServerv2k5" name="VOID_IND" id="FCC81CA0-D70D-9D20-9EF9-A0CE392CE410">
<createdBy>50472</createdBy>
<createdTime>2014-12-04 22:41:47 UTC</createdTime>
<ownerDesignName>Manage_Work_V2_data_model_diagram</ownerDesignName>
<defaultValue>0</defaultValue>
</ColumnProxy>
<ColumnProxy class="oracle.dbtools.crest.model.design.storage.sqlserver.v2k5.ColumnProxySqlServerv2k5" name="EMAIL" id="FD26D241-CD53-DE42-CD2E-FD509FF5AC61">
<createdBy>50472</createdBy>
<createdTime>2014-12-04 22:41:47 UTC</createdTime>
<ownerDesignName>Manage_Work_V2_data_model_diagram</ownerDesignName>
<collation>SQL_Latin1_General_CP1_CI_AS</collation>
</ColumnProxy>
</columnProxies>
<primaryKeys>
<PrimaryKey class="oracle.dbtools.crest.model.design.storage.sqlserver.v2k5.PKProxySqlServerv2k5" name="D_STAFF_PK" id="A6652A40-66C7-6C76-C27F-D1CF2669ED3F">
<createdBy>50472</createdBy>
<createdTime>2014-12-04 22:41:47 UTC</createdTime>
<ownerDesignName>Manage_Work_V2_data_model_diagram</ownerDesignName>
<clustered>true</clustered>
<fileGroup>12385A01-87D4-ADD0-F45B-EE888FEE4361</fileGroup>
<recomputeStatistics>NO</recomputeStatistics>
</PrimaryKey>
</primaryKeys>
</TableProxySqlServerv2k5>