<?xml version = '1.0' encoding = 'UTF-8'?>
<TableProxySqlServerv2k5 class="oracle.dbtools.crest.model.design.storage.sqlserver.v2k5.TableProxySqlServerv2k5" name="D_BUSINESS_UNITS" directorySegmentName="seg_0" id="AECE55E0-B62A-6693-F415-BCCBD9D5260C">
<createdBy>50472</createdBy>
<createdTime>2014-12-05 21:38:46 UTC</createdTime>
<ownerDesignName>Manage_Work_V2_data_model_diagram</ownerDesignName>
<database>10FE6147-A845-3D71-743C-15C9AF415675</database>
<filegroup>4D11B2F2-14B3-1F5D-1546-68AEC2D7C4D7</filegroup>
<schema>5</schema>
<columnProxies>
<ColumnProxy class="oracle.dbtools.crest.model.design.storage.sqlserver.v2k5.ColumnProxySqlServerv2k5" name="BUSINESS_UNIT_NAME" id="3581B136-1D27-42E6-6793-7C5A3CC9F55F">
<createdBy>50472</createdBy>
<createdTime>2014-12-05 21:38:46 UTC</createdTime>
<ownerDesignName>Manage_Work_V2_data_model_diagram</ownerDesignName>
<collation>SQL_Latin1_General_CP1_CI_AS</collation>
</ColumnProxy>
<ColumnProxy class="oracle.dbtools.crest.model.design.storage.sqlserver.v2k5.ColumnProxySqlServerv2k5" name="BUSINESS_UNIT_ID" id="4A0B9A63-3DAB-9DD4-AA98-02F1637CEB8A">
<createdBy>50472</createdBy>
<createdTime>2014-12-05 21:38:46 UTC</createdTime>
<ownerDesignName>Manage_Work_V2_data_model_diagram</ownerDesignName>
</ColumnProxy>
<ColumnProxy class="oracle.dbtools.crest.model.design.storage.sqlserver.v2k5.ColumnProxySqlServerv2k5" name="BUSINESS_UNIT_DESCRIPTION" id="F26CBBAA-1A7A-74F3-7AF1-E0F281742332">
<createdBy>50472</createdBy>
<createdTime>2014-12-05 21:38:46 UTC</createdTime>
<ownerDesignName>Manage_Work_V2_data_model_diagram</ownerDesignName>
<collation>SQL_Latin1_General_CP1_CI_AS</collation>
</ColumnProxy>
</columnProxies>
<primaryKeys>
<PrimaryKey class="oracle.dbtools.crest.model.design.storage.sqlserver.v2k5.PKProxySqlServerv2k5" name="PK_BUS_UNIT_ID" id="000616C9-8C4C-A722-C7FC-8F6C0125153E">
<createdBy>50472</createdBy>
<createdTime>2014-12-05 21:38:46 UTC</createdTime>
<ownerDesignName>Manage_Work_V2_data_model_diagram</ownerDesignName>
<clustered>true</clustered>
<fileGroup>4D11B2F2-14B3-1F5D-1546-68AEC2D7C4D7</fileGroup>
<recomputeStatistics>NO</recomputeStatistics>
</PrimaryKey>
</primaryKeys>
</TableProxySqlServerv2k5>