<?xml version = '1.0' encoding = 'UTF-8'?>
<TableProxySqlServerv2k5 class="oracle.dbtools.crest.model.design.storage.sqlserver.v2k5.TableProxySqlServerv2k5" name="D_TEAMS" directorySegmentName="seg_0" id="D6364C33-20A6-C46E-5C8E-400371DEA29D">
<createdBy>50472</createdBy>
<createdTime>2014-12-05 21:38:46 UTC</createdTime>
<ownerDesignName>Manage_Work_V2_data_model_diagram</ownerDesignName>
<database>10FE6147-A845-3D71-743C-15C9AF415675</database>
<filegroup>4D11B2F2-14B3-1F5D-1546-68AEC2D7C4D7</filegroup>
<schema>5</schema>
<columnProxies>
<ColumnProxy class="oracle.dbtools.crest.model.design.storage.sqlserver.v2k5.ColumnProxySqlServerv2k5" name="TEAM_ID" id="4654533E-986A-A048-2053-6FC58F7D0E98">
<createdBy>50472</createdBy>
<createdTime>2014-12-05 21:38:46 UTC</createdTime>
<ownerDesignName>Manage_Work_V2_data_model_diagram</ownerDesignName>
</ColumnProxy>
<ColumnProxy class="oracle.dbtools.crest.model.design.storage.sqlserver.v2k5.ColumnProxySqlServerv2k5" name="TEAM_DESCRIPTION" id="793604CD-82E0-F546-75A1-DD3992FD0E5E">
<createdBy>50472</createdBy>
<createdTime>2014-12-05 21:38:46 UTC</createdTime>
<ownerDesignName>Manage_Work_V2_data_model_diagram</ownerDesignName>
<collation>SQL_Latin1_General_CP1_CI_AS</collation>
</ColumnProxy>
<ColumnProxy class="oracle.dbtools.crest.model.design.storage.sqlserver.v2k5.ColumnProxySqlServerv2k5" name="PARENT_TEAM_ID" id="8FD0D5C1-E3CA-0470-9692-B8F27CF3BB4F">
<createdBy>50472</createdBy>
<createdTime>2014-12-05 21:38:46 UTC</createdTime>
<ownerDesignName>Manage_Work_V2_data_model_diagram</ownerDesignName>
</ColumnProxy>
<ColumnProxy class="oracle.dbtools.crest.model.design.storage.sqlserver.v2k5.ColumnProxySqlServerv2k5" name="TEAM_SUPERVISOR_STAFF_ID" id="C6158275-BCCF-58BB-9AFB-FA2B7A0B77B3">
<createdBy>50472</createdBy>
<createdTime>2014-12-05 21:38:46 UTC</createdTime>
<ownerDesignName>Manage_Work_V2_data_model_diagram</ownerDesignName>
</ColumnProxy>
<ColumnProxy class="oracle.dbtools.crest.model.design.storage.sqlserver.v2k5.ColumnProxySqlServerv2k5" name="TEAM_NAME" id="D135890E-0E6B-068C-0476-D4A8A089432A">
<createdBy>50472</createdBy>
<createdTime>2014-12-05 21:38:46 UTC</createdTime>
<ownerDesignName>Manage_Work_V2_data_model_diagram</ownerDesignName>
<collation>SQL_Latin1_General_CP1_CI_AS</collation>
</ColumnProxy>
</columnProxies>
<primaryKeys>
<PrimaryKey class="oracle.dbtools.crest.model.design.storage.sqlserver.v2k5.PKProxySqlServerv2k5" name="PK_TEAM_ID" id="DF1BA659-BA1A-580F-29F2-1FEF20E41861">
<createdBy>50472</createdBy>
<createdTime>2014-12-05 21:38:46 UTC</createdTime>
<ownerDesignName>Manage_Work_V2_data_model_diagram</ownerDesignName>
<clustered>true</clustered>
<fileGroup>4D11B2F2-14B3-1F5D-1546-68AEC2D7C4D7</fileGroup>
<recomputeStatistics>NO</recomputeStatistics>
</PrimaryKey>
</primaryKeys>
</TableProxySqlServerv2k5>