<?xml version = '1.0' encoding = 'UTF-8'?>
<RoleSqlServerv2k5 class="oracle.dbtools.crest.model.design.storage.sqlserver.v2k5.RoleSqlServerv2k5" directorySegmentName="seg_0" id="DB_NULLELEMENT_PUBLIC" name="PUBLIC">
<createdBy>50472</createdBy>
<createdTime>2014-11-18 22:00:01 UTC</createdTime>
<ownerDesignName>Manage_Work_V2_data_model_diagram</ownerDesignName>
<nullInstance>true</nullInstance>
<storableNullInstance>true</storableNullInstance>
<database>DB_NULLELEMENT</database>
</RoleSqlServerv2k5>