<?xml version = '1.0' encoding = 'UTF-8'?>
<DataBaseSqlServerv2k5 class="oracle.dbtools.crest.model.design.storage.sqlserver.v2k5.DataBaseSqlServerv2k5" name="UK_HWS" directorySegmentName="seg_0" id="10FE6147-A845-3D71-743C-15C9AF415675">
<sourceConnName>UK_HWS maxdat</sourceConnName>
<sourceObjName>UK_HWS</sourceObjName>
<createdBy>50472</createdBy>
<createdTime>2014-11-18 22:00:55 UTC</createdTime>
<ownerDesignName>Manage_Work_V2_data_model_diagram</ownerDesignName>
<fileGroups>
<FileGroup class="oracle.dbtools.crest.model.design.storage.sqlserver.v2k5.FileGroupSqlServerv2k5" name="PRIMARY" id="4D11B2F2-14B3-1F5D-1546-68AEC2D7C4D7">
<createdBy>50472</createdBy>
<createdTime>2014-12-05 21:38:46 UTC</createdTime>
<ownerDesignName>Manage_Work_V2_data_model_diagram</ownerDesignName>
<dataFiles>
<DataFile class="oracle.dbtools.crest.model.design.storage.sqlserver.v2k5.DataFileSqlServerv2k5" name="DB1_Data.MDF" id="8BBF3801-EC13-013E-FBCE-9E2B583E05A2">
<createdBy>50472</createdBy>
<createdTime>2014-12-05 21:38:46 UTC</createdTime>
<ownerDesignName>Manage_Work_V2_data_model_diagram</ownerDesignName>
<fileName>c:\program files\microsoft sql server\mssql\data\DB1_Data.MDF</fileName>
</DataFile>
<DataFile class="oracle.dbtools.crest.model.design.storage.sqlserver.v2k5.DataFileSqlServerv2k5" name="UK-HWS" id="8289EAD4-DBE8-04E3-8DAB-18FCCE267A51">
<createdBy>50472</createdBy>
<createdTime>2014-12-05 21:38:46 UTC</createdTime>
<ownerDesignName>Manage_Work_V2_data_model_diagram</ownerDesignName>
<fileName>D:\Program Files\Microsoft SQL Server\MSSQL11.MSSQLSERVER\MSSQL\DATA\UK-HWS .mdf</fileName>
<growthMethod>By Percent</growthMethod>
<growthValue>10</growthValue>
<initialSize>12800</initialSize>
</DataFile>
</dataFiles>
</FileGroup>
</fileGroups>
</DataBaseSqlServerv2k5>