<?xml version = '1.0' encoding = 'UTF-8'?>
<TableProxySqlServerv2k5 class="oracle.dbtools.crest.model.design.storage.sqlserver.v2k5.TableProxySqlServerv2k5" name="QUEUE_AGENT_CONTACT_SV" directorySegmentName="seg_0" id="3DE9E996-549D-A9ED-FA41-8EBAC11F0D60">
<createdBy>88641</createdBy>
<createdTime>2018-02-22 22:55:02 UTC</createdTime>
<ownerDesignName>MicroStrategy_NICE_WFM_metrics</ownerDesignName>
<database>DB_NULLELEMENT</database>
<schema>150A8B92-C5E0-2542-58C7-15B8A13BD920</schema>
<columnProxies>
<ColumnProxy class="oracle.dbtools.crest.model.design.storage.sqlserver.v2k12.ColumnProxySqlServerv2k12" name="AGENT_WFM_ID" id="04BE3652-0720-6EC9-7D63-D1A7239B93A3">
<createdBy>88641</createdBy>
<createdTime>2018-02-22 22:55:02 UTC</createdTime>
<ownerDesignName>MicroStrategy_NICE_WFM_metrics</ownerDesignName>
</ColumnProxy>
<ColumnProxy class="oracle.dbtools.crest.model.design.storage.sqlserver.v2k12.ColumnProxySqlServerv2k12" name="AGENT_HANDLE_TIME_SEC" id="3E576F54-C97B-9D17-7E26-D358178753DB">
<createdBy>88641</createdBy>
<createdTime>2018-02-22 22:55:02 UTC</createdTime>
<ownerDesignName>MicroStrategy_NICE_WFM_metrics</ownerDesignName>
</ColumnProxy>
<ColumnProxy class="oracle.dbtools.crest.model.design.storage.sqlserver.v2k12.ColumnProxySqlServerv2k12" name="ON_HOLD_TIME_IN_HANDLE_SEC" id="6BF5CE3B-37B8-3310-F248-CE3A22B77A0D">
<createdBy>88641</createdBy>
<createdTime>2018-02-28 18:01:00 UTC</createdTime>
<ownerDesignName>MicroStrategy_NICE_WFM_metrics</ownerDesignName>
</ColumnProxy>
<ColumnProxy class="oracle.dbtools.crest.model.design.storage.sqlserver.v2k12.ColumnProxySqlServerv2k12" name="CONTACT_TYPE_NAME" id="82C4A527-31E8-0692-826B-49EA666F3860">
<createdBy>88641</createdBy>
<createdTime>2018-02-22 22:55:02 UTC</createdTime>
<ownerDesignName>MicroStrategy_NICE_WFM_metrics</ownerDesignName>
</ColumnProxy>
<ColumnProxy class="oracle.dbtools.crest.model.design.storage.sqlserver.v2k12.ColumnProxySqlServerv2k12" name="INTERVAL_COUNT" id="85579361-EBF7-4FDA-9EB2-16BAC0DE245B">
<createdBy>88641</createdBy>
<createdTime>2018-02-22 22:55:02 UTC</createdTime>
<ownerDesignName>MicroStrategy_NICE_WFM_metrics</ownerDesignName>
</ColumnProxy>
<ColumnProxy class="oracle.dbtools.crest.model.design.storage.sqlserver.v2k12.ColumnProxySqlServerv2k12" name="CONTACT_TYPE_DATE" id="B52E7895-40A1-7112-6E99-333F1D397A11">
<createdBy>88641</createdBy>
<createdTime>2018-02-22 22:55:02 UTC</createdTime>
<ownerDesignName>MicroStrategy_NICE_WFM_metrics</ownerDesignName>
</ColumnProxy>
<ColumnProxy class="oracle.dbtools.crest.model.design.storage.sqlserver.v2k12.ColumnProxySqlServerv2k12" name="CONTACT_TYPE_DATETIME" id="BFDD8DDF-7853-91A1-BF8A-9453717EACDD">
<createdBy>88641</createdBy>
<createdTime>2018-02-22 22:55:02 UTC</createdTime>
<ownerDesignName>MicroStrategy_NICE_WFM_metrics</ownerDesignName>
</ColumnProxy>
<ColumnProxy class="oracle.dbtools.crest.model.design.storage.sqlserver.v2k12.ColumnProxySqlServerv2k12" name="AGENT_AFTER_CONTACT_WORK_SEC" id="C8AA4250-B16B-A10A-8A65-D42264241497">
<createdBy>88641</createdBy>
<createdTime>2018-02-22 22:55:02 UTC</createdTime>
<ownerDesignName>MicroStrategy_NICE_WFM_metrics</ownerDesignName>
</ColumnProxy>
<ColumnProxy class="oracle.dbtools.crest.model.design.storage.sqlserver.v2k12.ColumnProxySqlServerv2k12" name="QUEUE_NAME" id="CDB8E2AC-6E26-3E8A-817A-000D63631871">
<createdBy>88641</createdBy>
<createdTime>2018-02-22 22:55:02 UTC</createdTime>
<ownerDesignName>MicroStrategy_NICE_WFM_metrics</ownerDesignName>
</ColumnProxy>
<ColumnProxy class="oracle.dbtools.crest.model.design.storage.sqlserver.v2k12.ColumnProxySqlServerv2k12" name="AGENT_CONTACTS_HANDLED" id="E5B7A0EB-84CB-918C-CFAD-5F7405A39BE1">
<createdBy>88641</createdBy>
<createdTime>2018-02-22 22:55:02 UTC</createdTime>
<ownerDesignName>MicroStrategy_NICE_WFM_metrics</ownerDesignName>
</ColumnProxy>
<ColumnProxy class="oracle.dbtools.crest.model.design.storage.sqlserver.v2k12.ColumnProxySqlServerv2k12" name="CONTACT_TYPE_TIME_ZONE_NAME" id="E97C3F1A-1A9D-CB0F-C57C-8319EDE9BEB0">
<createdBy>88641</createdBy>
<createdTime>2018-02-22 22:55:02 UTC</createdTime>
<ownerDesignName>MicroStrategy_NICE_WFM_metrics</ownerDesignName>
</ColumnProxy>
<ColumnProxy class="oracle.dbtools.crest.model.design.storage.sqlserver.v2k12.ColumnProxySqlServerv2k12" name="ENTERPRISE_GROUP_NAME" id="E9A8639F-C9F3-E0DF-4AB7-1C1F8F9B8450">
<createdBy>88641</createdBy>
<createdTime>2018-02-22 22:55:02 UTC</createdTime>
<ownerDesignName>MicroStrategy_NICE_WFM_metrics</ownerDesignName>
</ColumnProxy>
<ColumnProxy class="oracle.dbtools.crest.model.design.storage.sqlserver.v2k12.ColumnProxySqlServerv2k12" name="CONTACT_TYPE_SET_NAME" id="F5DC6E2F-175B-62A2-54CC-89C24697D9F2">
<createdBy>88641</createdBy>
<createdTime>2018-02-22 22:55:02 UTC</createdTime>
<ownerDesignName>MicroStrategy_NICE_WFM_metrics</ownerDesignName>
</ColumnProxy>
<ColumnProxy class="oracle.dbtools.crest.model.design.storage.sqlserver.v2k12.ColumnProxySqlServerv2k12" name="UTC_DATETIME" id="FE5B8DCD-89CF-FDEF-7A15-C738E9033E8A">
<createdBy>88641</createdBy>
<createdTime>2018-02-22 22:55:02 UTC</createdTime>
<ownerDesignName>MicroStrategy_NICE_WFM_metrics</ownerDesignName>
</ColumnProxy>
</columnProxies>
<primaryKeys>
<PrimaryKey class="oracle.dbtools.crest.model.design.storage.sqlserver.v2k5.PKProxySqlServerv2k5" name="QUEUE_AGENT_CONTACT_SV_PK" id="7AD96CE8-168D-F82A-D01A-F739DF1D0D64">
<createdBy>88641</createdBy>
<createdTime>2018-02-23 01:27:31 UTC</createdTime>
<ownerDesignName>MicroStrategy_NICE_WFM_metrics</ownerDesignName>
<clustered>true</clustered>
</PrimaryKey>
</primaryKeys>
</TableProxySqlServerv2k5>