<?xml version = '1.0' encoding = 'UTF-8'?>
<TableProxySqlServerv2k5 class="oracle.dbtools.crest.model.design.storage.sqlserver.v2k5.TableProxySqlServerv2k5" name="AGENT_WORK_STATUS_SV" directorySegmentName="seg_0" id="78A23BA4-C8E6-E99E-6AD6-FA2BDAF3CA3C">
<createdBy>88641</createdBy>
<createdTime>2018-02-22 22:55:02 UTC</createdTime>
<ownerDesignName>MicroStrategy_NICE_WFM_metrics</ownerDesignName>
<database>DB_NULLELEMENT</database>
<schema>D3EC0B8E-E517-5392-9929-3807DF2EDC23</schema>
<columnProxies>
<ColumnProxy class="oracle.dbtools.crest.model.design.storage.sqlserver.v2k12.ColumnProxySqlServerv2k12" name="START_DATE" id="3AD18741-1854-0557-9DAD-8F8CCA9BFB77">
<createdBy>88641</createdBy>
<createdTime>2018-02-22 22:55:02 UTC</createdTime>
<ownerDesignName>MicroStrategy_NICE_WFM_metrics</ownerDesignName>
</ColumnProxy>
<ColumnProxy class="oracle.dbtools.crest.model.design.storage.sqlserver.v2k12.ColumnProxySqlServerv2k12" name="AGENT_WORK_STATUS" id="A380C962-BD1C-0ABA-3B8E-F9FF61D22525">
<createdBy>88641</createdBy>
<createdTime>2018-02-22 22:55:02 UTC</createdTime>
<ownerDesignName>MicroStrategy_NICE_WFM_metrics</ownerDesignName>
</ColumnProxy>
<ColumnProxy class="oracle.dbtools.crest.model.design.storage.sqlserver.v2k12.ColumnProxySqlServerv2k12" name="END_DATE" id="C3C9FCFA-D822-AE13-E541-90C0962F448A">
<createdBy>88641</createdBy>
<createdTime>2018-02-22 22:55:02 UTC</createdTime>
<ownerDesignName>MicroStrategy_NICE_WFM_metrics</ownerDesignName>
</ColumnProxy>
<ColumnProxy class="oracle.dbtools.crest.model.design.storage.sqlserver.v2k12.ColumnProxySqlServerv2k12" name="AGENT_WFM_ID" id="DE9A68B4-963D-7456-C5FA-25554354A1A3">
<createdBy>88641</createdBy>
<createdTime>2018-02-22 22:55:02 UTC</createdTime>
<ownerDesignName>MicroStrategy_NICE_WFM_metrics</ownerDesignName>
</ColumnProxy>
</columnProxies>
<primaryKeys>
<PrimaryKey class="oracle.dbtools.crest.model.design.storage.sqlserver.v2k5.PKProxySqlServerv2k5" name="AGENT_WORK_STATUS_SV_PK" id="732D4523-7C26-21DB-5D6E-B41B55C06AF2">
<createdBy>88641</createdBy>
<createdTime>2018-02-23 01:22:31 UTC</createdTime>
<ownerDesignName>MicroStrategy_NICE_WFM_metrics</ownerDesignName>
<clustered>true</clustered>
</PrimaryKey>
</primaryKeys>
</TableProxySqlServerv2k5>