<?xml version = '1.0' encoding = 'UTF-8'?>
<TableProxySqlServerv2k5 class="oracle.dbtools.crest.model.design.storage.sqlserver.v2k5.TableProxySqlServerv2k5" name="ACD_SV" directorySegmentName="seg_0" id="795A219A-5D2C-F06D-6412-F98E5F49D61A">
<createdBy>88641</createdBy>
<createdTime>2018-02-23 01:11:10 UTC</createdTime>
<ownerDesignName>MicroStrategy_NICE_WFM_metrics</ownerDesignName>
<database>DB_NULLELEMENT</database>
<columnProxies>
<ColumnProxy class="oracle.dbtools.crest.model.design.storage.sqlserver.v2k12.ColumnProxySqlServerv2k12" name="ACD_TIME_ZONE_NAME" id="55344682-0D40-CE30-F982-8B5E267A32B4">
<createdBy>88641</createdBy>
<createdTime>2018-02-23 01:12:17 UTC</createdTime>
<ownerDesignName>MicroStrategy_NICE_WFM_metrics</ownerDesignName>
</ColumnProxy>
<ColumnProxy class="oracle.dbtools.crest.model.design.storage.sqlserver.v2k12.ColumnProxySqlServerv2k12" name="ACD_NAME" id="E129EDEC-A5CE-5D00-B8B2-6EBC3A4AE59A">
<createdBy>88641</createdBy>
<createdTime>2018-02-23 01:12:17 UTC</createdTime>
<ownerDesignName>MicroStrategy_NICE_WFM_metrics</ownerDesignName>
</ColumnProxy>
</columnProxies>
<primaryKeys>
<PrimaryKey class="oracle.dbtools.crest.model.design.storage.sqlserver.v2k5.PKProxySqlServerv2k5" name="ACD_SV_PK" id="09DF442B-4904-98C6-EF06-F0927E617995">
<createdBy>88641</createdBy>
<createdTime>2018-02-23 01:12:17 UTC</createdTime>
<ownerDesignName>MicroStrategy_NICE_WFM_metrics</ownerDesignName>
<clustered>true</clustered>
</PrimaryKey>
</primaryKeys>
</TableProxySqlServerv2k5>