<?xml version = '1.0' encoding = 'UTF-8'?>
<TableProxySqlServerv2k5 class="oracle.dbtools.crest.model.design.storage.sqlserver.v2k5.TableProxySqlServerv2k5" name="AGENT_TEAM_SV" directorySegmentName="seg_0" id="B762EDF7-869E-CDB6-75EC-4B7DABA0E1AE">
<createdBy>88641</createdBy>
<createdTime>2018-02-22 22:55:02 UTC</createdTime>
<ownerDesignName>MicroStrategy_NICE_WFM_metrics</ownerDesignName>
<database>DB_NULLELEMENT</database>
<schema>06429D41-45B0-F353-FDA9-07987A077D27</schema>
<columnProxies>
<ColumnProxy class="oracle.dbtools.crest.model.design.storage.sqlserver.v2k12.ColumnProxySqlServerv2k12" name="END_DATE" id="B04EB2A1-104A-E997-B76F-879CD167A19B">
<createdBy>88641</createdBy>
<createdTime>2018-02-22 22:55:02 UTC</createdTime>
<ownerDesignName>MicroStrategy_NICE_WFM_metrics</ownerDesignName>
</ColumnProxy>
<ColumnProxy class="oracle.dbtools.crest.model.design.storage.sqlserver.v2k12.ColumnProxySqlServerv2k12" name="START_DATE" id="C829B3D0-D9DE-51B8-0BC8-0B64ADC70FA5">
<createdBy>88641</createdBy>
<createdTime>2018-02-22 22:55:02 UTC</createdTime>
<ownerDesignName>MicroStrategy_NICE_WFM_metrics</ownerDesignName>
</ColumnProxy>
<ColumnProxy class="oracle.dbtools.crest.model.design.storage.sqlserver.v2k12.ColumnProxySqlServerv2k12" name="TEAM_NAME" id="D18B9641-4D2A-BEA7-6405-7310C8745124">
<createdBy>88641</createdBy>
<createdTime>2018-02-22 22:55:02 UTC</createdTime>
<ownerDesignName>MicroStrategy_NICE_WFM_metrics</ownerDesignName>
</ColumnProxy>
<ColumnProxy class="oracle.dbtools.crest.model.design.storage.sqlserver.v2k12.ColumnProxySqlServerv2k12" name="AGENT_WFM_ID" id="D3A1F85E-AE63-AB72-3B1A-D1F7A4A06FA2">
<createdBy>88641</createdBy>
<createdTime>2018-02-22 22:55:02 UTC</createdTime>
<ownerDesignName>MicroStrategy_NICE_WFM_metrics</ownerDesignName>
</ColumnProxy>
<ColumnProxy class="oracle.dbtools.crest.model.design.storage.sqlserver.v2k12.ColumnProxySqlServerv2k12" name="TEAM_SET_NAME" id="EF6948C5-A870-909B-892D-1A7902DBD181">
<createdBy>88641</createdBy>
<createdTime>2018-02-22 22:55:02 UTC</createdTime>
<ownerDesignName>MicroStrategy_NICE_WFM_metrics</ownerDesignName>
</ColumnProxy>
</columnProxies>
<primaryKeys>
<PrimaryKey class="oracle.dbtools.crest.model.design.storage.sqlserver.v2k5.PKProxySqlServerv2k5" name="AGENT_TEAM_SV_PK" id="66D21492-92B4-7252-D1D1-9C3B49CBD293">
<createdBy>88641</createdBy>
<createdTime>2018-02-22 22:55:02 UTC</createdTime>
<ownerDesignName>MicroStrategy_NICE_WFM_metrics</ownerDesignName>
<clustered>true</clustered>
</PrimaryKey>
</primaryKeys>
</TableProxySqlServerv2k5>