<?xml version = '1.0' encoding = 'UTF-8'?>
<TableProxySqlServerv2k5 class="oracle.dbtools.crest.model.design.storage.sqlserver.v2k5.TableProxySqlServerv2k5" name="AGENT_CONTACT_SV" directorySegmentName="seg_0" id="D664F5B2-AD95-E7E6-2478-A80B4CAAD103">
<createdBy>88641</createdBy>
<createdTime>2018-02-22 22:55:02 UTC</createdTime>
<ownerDesignName>MicroStrategy_NICE_WFM_metrics</ownerDesignName>
<database>DB_NULLELEMENT</database>
<schema>023AC563-3D98-7BBE-E2D6-AA0AF1DCFECC</schema>
<columnProxies>
<ColumnProxy class="oracle.dbtools.crest.model.design.storage.sqlserver.v2k12.ColumnProxySqlServerv2k12" name="AGENT_TO_AGENT_CONTACT" id="22143A77-D377-C128-84A7-975F6D437086">
<createdBy>88641</createdBy>
<createdTime>2018-02-28 18:01:00 UTC</createdTime>
<ownerDesignName>MicroStrategy_NICE_WFM_metrics</ownerDesignName>
</ColumnProxy>
<ColumnProxy class="oracle.dbtools.crest.model.design.storage.sqlserver.v2k12.ColumnProxySqlServerv2k12" name="ACD_NAME" id="36624BB6-9CB2-FD63-5531-D12DAD094977">
<createdBy>88641</createdBy>
<createdTime>2018-02-22 22:55:02 UTC</createdTime>
<ownerDesignName>MicroStrategy_NICE_WFM_metrics</ownerDesignName>
</ColumnProxy>
<ColumnProxy class="oracle.dbtools.crest.model.design.storage.sqlserver.v2k12.ColumnProxySqlServerv2k12" name="ACD_DATE" id="38195AB6-DDBA-F0D3-C274-B96CE7AEFEC2">
<createdBy>88641</createdBy>
<createdTime>2018-02-22 22:55:02 UTC</createdTime>
<ownerDesignName>MicroStrategy_NICE_WFM_metrics</ownerDesignName>
</ColumnProxy>
<ColumnProxy class="oracle.dbtools.crest.model.design.storage.sqlserver.v2k12.ColumnProxySqlServerv2k12" name="UTC_DATETIME" id="418B9078-559C-9DC3-FFD4-C42CD662E08B">
<createdBy>88641</createdBy>
<createdTime>2018-02-22 22:55:02 UTC</createdTime>
<ownerDesignName>MicroStrategy_NICE_WFM_metrics</ownerDesignName>
</ColumnProxy>
<ColumnProxy class="oracle.dbtools.crest.model.design.storage.sqlserver.v2k12.ColumnProxySqlServerv2k12" name="AGENT_READY_TIME_SEC" id="43F4D690-B8D3-9F1C-1510-C428D232666B">
<createdBy>88641</createdBy>
<createdTime>2018-02-22 22:55:02 UTC</createdTime>
<ownerDesignName>MicroStrategy_NICE_WFM_metrics</ownerDesignName>
</ColumnProxy>
<ColumnProxy class="oracle.dbtools.crest.model.design.storage.sqlserver.v2k12.ColumnProxySqlServerv2k12" name="AGENT_DIRECT_CONTACT" id="494A5C3E-9018-A848-7696-596626A3AFA0">
<createdBy>88641</createdBy>
<createdTime>2018-02-22 22:55:02 UTC</createdTime>
<ownerDesignName>MicroStrategy_NICE_WFM_metrics</ownerDesignName>
</ColumnProxy>
<ColumnProxy class="oracle.dbtools.crest.model.design.storage.sqlserver.v2k12.ColumnProxySqlServerv2k12" name="ACD_DATETIME" id="49E34EC7-A30C-BC14-8D38-125BD95A6D1E">
<createdBy>88641</createdBy>
<createdTime>2018-02-22 22:55:02 UTC</createdTime>
<ownerDesignName>MicroStrategy_NICE_WFM_metrics</ownerDesignName>
</ColumnProxy>
<ColumnProxy class="oracle.dbtools.crest.model.design.storage.sqlserver.v2k12.ColumnProxySqlServerv2k12" name="AGENT_OUTBOUND_CONTACT" id="83F3A4BF-69F4-A4F7-352F-F2350E101C38">
<createdBy>88641</createdBy>
<createdTime>2018-02-28 18:01:00 UTC</createdTime>
<ownerDesignName>MicroStrategy_NICE_WFM_metrics</ownerDesignName>
</ColumnProxy>
<ColumnProxy class="oracle.dbtools.crest.model.design.storage.sqlserver.v2k12.ColumnProxySqlServerv2k12" name="AGENT_DIRECT_HANDLE_TIME_SEC" id="9F94C451-C4ED-9E11-03AD-6D69A3472046">
<createdBy>88641</createdBy>
<createdTime>2018-02-22 22:55:02 UTC</createdTime>
<ownerDesignName>MicroStrategy_NICE_WFM_metrics</ownerDesignName>
</ColumnProxy>
<ColumnProxy class="oracle.dbtools.crest.model.design.storage.sqlserver.v2k12.ColumnProxySqlServerv2k12" name="AGENT_NOT_READY_TIME_SEC" id="B2468B9C-0CD2-798A-11B9-CF664DCB0B0D">
<createdBy>88641</createdBy>
<createdTime>2018-02-22 22:55:02 UTC</createdTime>
<ownerDesignName>MicroStrategy_NICE_WFM_metrics</ownerDesignName>
</ColumnProxy>
<ColumnProxy class="oracle.dbtools.crest.model.design.storage.sqlserver.v2k12.ColumnProxySqlServerv2k12" name="AGENT_WFM_ID" id="BCA1879A-CE9F-0C4E-3C38-9A4E3172D90E">
<createdBy>88641</createdBy>
<createdTime>2018-02-22 22:55:02 UTC</createdTime>
<ownerDesignName>MicroStrategy_NICE_WFM_metrics</ownerDesignName>
</ColumnProxy>
<ColumnProxy class="oracle.dbtools.crest.model.design.storage.sqlserver.v2k12.ColumnProxySqlServerv2k12" name="AGENT_TO_AGENT_HANDLE_TIME_SEC" id="BD1798F5-4B03-9D3B-5F69-9FBFD498C915">
<createdBy>88641</createdBy>
<createdTime>2018-02-28 18:01:00 UTC</createdTime>
<ownerDesignName>MicroStrategy_NICE_WFM_metrics</ownerDesignName>
</ColumnProxy>
<ColumnProxy class="oracle.dbtools.crest.model.design.storage.sqlserver.v2k12.ColumnProxySqlServerv2k12" name="ACD_TIME_ZONE_NAME" id="D3802111-8CC0-D1E8-2227-FC2487DE8553">
<createdBy>88641</createdBy>
<createdTime>2018-02-22 22:55:02 UTC</createdTime>
<ownerDesignName>MicroStrategy_NICE_WFM_metrics</ownerDesignName>
</ColumnProxy>
<ColumnProxy class="oracle.dbtools.crest.model.design.storage.sqlserver.v2k12.ColumnProxySqlServerv2k12" name="AGENT_OUTBOUND_HANDLE_TIME_SEC" id="DF9701BE-2D56-12F9-3E24-7D49A550A0C4">
<createdBy>88641</createdBy>
<createdTime>2018-02-28 18:01:00 UTC</createdTime>
<ownerDesignName>MicroStrategy_NICE_WFM_metrics</ownerDesignName>
</ColumnProxy>
<ColumnProxy class="oracle.dbtools.crest.model.design.storage.sqlserver.v2k12.ColumnProxySqlServerv2k12" name="AGENT_LOGIN_TIME_SEC" id="E22B3BB5-BD74-8025-BDF7-E4184D1298CD">
<createdBy>88641</createdBy>
<createdTime>2018-02-22 22:55:02 UTC</createdTime>
<ownerDesignName>MicroStrategy_NICE_WFM_metrics</ownerDesignName>
</ColumnProxy>
</columnProxies>
<primaryKeys>
<PrimaryKey class="oracle.dbtools.crest.model.design.storage.sqlserver.v2k5.PKProxySqlServerv2k5" name="AGENT_CONTACT_SV_PK" id="9F3EB048-ADA1-AE9A-6DB5-1DE7F52E550E">
<createdBy>88641</createdBy>
<createdTime>2018-02-22 22:55:02 UTC</createdTime>
<ownerDesignName>MicroStrategy_NICE_WFM_metrics</ownerDesignName>
<clustered>true</clustered>
</PrimaryKey>
</primaryKeys>
</TableProxySqlServerv2k5>