<?xml version = '1.0' encoding = 'UTF-8'?>
<TableProxySqlServerv2k5 class="oracle.dbtools.crest.model.design.storage.sqlserver.v2k5.TableProxySqlServerv2k5" name="AGENT_TIMEOFF_SV" directorySegmentName="seg_0" id="D75A4797-AE97-E54C-BB32-B603B30C7C4D">
<createdBy>88641</createdBy>
<createdTime>2018-02-23 01:59:19 UTC</createdTime>
<ownerDesignName>MicroStrategy_NICE_WFM_metrics</ownerDesignName>
<database>DB_NULLELEMENT</database>
<columnProxies>
<ColumnProxy class="oracle.dbtools.crest.model.design.storage.sqlserver.v2k12.ColumnProxySqlServerv2k12" name="TIMEOFF_PAY_TYPE" id="054A1B7C-BB85-A011-F1B2-0290BBFA9F03">
<createdBy>88641</createdBy>
<createdTime>2018-02-23 02:04:21 UTC</createdTime>
<ownerDesignName>MicroStrategy_NICE_WFM_metrics</ownerDesignName>
</ColumnProxy>
<ColumnProxy class="oracle.dbtools.crest.model.design.storage.sqlserver.v2k12.ColumnProxySqlServerv2k12" name="AGENT_WFM_ID" id="2DE325B9-5D63-9911-D749-01CD32ECC539">
<createdBy>88641</createdBy>
<createdTime>2018-02-23 02:04:21 UTC</createdTime>
<ownerDesignName>MicroStrategy_NICE_WFM_metrics</ownerDesignName>
</ColumnProxy>
<ColumnProxy class="oracle.dbtools.crest.model.design.storage.sqlserver.v2k12.ColumnProxySqlServerv2k12" name="TIMEOFF_REQUEST_UTC_DATETIME" id="4AF91091-B2B9-552F-D533-471740D9129C">
<createdBy>88641</createdBy>
<createdTime>2018-02-23 02:04:21 UTC</createdTime>
<ownerDesignName>MicroStrategy_NICE_WFM_metrics</ownerDesignName>
</ColumnProxy>
<ColumnProxy class="oracle.dbtools.crest.model.design.storage.sqlserver.v2k12.ColumnProxySqlServerv2k12" name="TIMEOFF_TYPE_DETAIL" id="74542D5A-EB2C-ECFC-37EC-0838F9A72733">
<createdBy>88641</createdBy>
<createdTime>2018-02-23 02:04:21 UTC</createdTime>
<ownerDesignName>MicroStrategy_NICE_WFM_metrics</ownerDesignName>
</ColumnProxy>
<ColumnProxy class="oracle.dbtools.crest.model.design.storage.sqlserver.v2k12.ColumnProxySqlServerv2k12" name="TIMEOFF_END_UTC_DATETIME" id="9D6F9114-7929-9DE0-FB45-5C75E16927BC">
<createdBy>88641</createdBy>
<createdTime>2018-02-23 02:04:21 UTC</createdTime>
<ownerDesignName>MicroStrategy_NICE_WFM_metrics</ownerDesignName>
</ColumnProxy>
<ColumnProxy class="oracle.dbtools.crest.model.design.storage.sqlserver.v2k12.ColumnProxySqlServerv2k12" name="TIMEOFF_START_UTC_DATETIME" id="B68C5A29-E396-8DD2-3985-3CFA474DDEBC">
<createdBy>88641</createdBy>
<createdTime>2018-02-23 02:04:21 UTC</createdTime>
<ownerDesignName>MicroStrategy_NICE_WFM_metrics</ownerDesignName>
</ColumnProxy>
<ColumnProxy class="oracle.dbtools.crest.model.design.storage.sqlserver.v2k12.ColumnProxySqlServerv2k12" name="TIMEOFF_TYPE" id="EF591DEB-63BE-C9D9-8589-4AB274900E5C">
<createdBy>88641</createdBy>
<createdTime>2018-02-23 02:04:21 UTC</createdTime>
<ownerDesignName>MicroStrategy_NICE_WFM_metrics</ownerDesignName>
</ColumnProxy>
</columnProxies>
<primaryKeys>
<PrimaryKey class="oracle.dbtools.crest.model.design.storage.sqlserver.v2k5.PKProxySqlServerv2k5" name="AGENT_TIMEOFF_SV_PK" id="875979AC-72AC-52DF-0C7E-E5EF872E7169">
<createdBy>88641</createdBy>
<createdTime>2018-02-23 02:04:21 UTC</createdTime>
<ownerDesignName>MicroStrategy_NICE_WFM_metrics</ownerDesignName>
<clustered>true</clustered>
</PrimaryKey>
</primaryKeys>
</TableProxySqlServerv2k5>