<?xml version = '1.0' encoding = 'UTF-8'?>
<Table class="oracle.dbtools.crest.model.design.relational.Table" id="0C2A0021-3FBA-AF3D-B7B1-7C8B1B118770" directorySegmentName="seg_0" name="F_MW_BY_DATE">
<sourceConnName>MAXDTDEV</sourceConnName>
<sourceObjSchema>MAXDAT</sourceObjSchema>
<sourceObjName>F_MW_BY_DATE</sourceObjName>
<createdBy>ro38606</createdBy>
<createdTime>2013-05-07 16:46:57 UTC</createdTime>
<ownerDesignName>NYEC_BPM_Semantic_data_model_diagram</ownerDesignName>
<schemaObject>8395E672-89A2-8150-B09D-55D1ECC2042E</schemaObject>
<pkName>FMWBD_PK</pkName>
<fonts itemClass="oracle.dbtools.crest.model.design.FontObjectWr">
<FontObject>
<foType>Title</foType>
<fontStyle>1</fontStyle>
<colorRGB>-16776961</colorRGB>
</FontObject>
<FontObject>
<foType>Column</foType>
<colorRGB>-16777216</colorRGB>
</FontObject>
<FontObject>
<foType>Datatype</foType>
<colorRGB>-16744448</colorRGB>
</FontObject>
<FontObject>
<foType>PK Element</foType>
<colorRGB>-16776961</colorRGB>
</FontObject>
<FontObject>
<foType>FK Element</foType>
<colorRGB>-16777216</colorRGB>
</FontObject>
<FontObject>
<foType>UK Element</foType>
<colorRGB>-16776961</colorRGB>
</FontObject>
<FontObject>
<foType>Not Null</foType>
<colorRGB>-65536</colorRGB>
</FontObject>
<FontObject>
<foType>Key</foType>
<colorRGB>-16777216</colorRGB>
</FontObject>
</fonts>
<columns itemClass="oracle.dbtools.crest.model.design.relational.Column">
<Column name="FMWBD_ID" id="31725A88-35AA-DB21-5764-29E159F07105">
<sourceConnName>MAXDTDEV</sourceConnName>
<sourceObjSchema>F_MW_BY_DATE</sourceObjSchema>
<sourceObjName>FMWBD_ID</sourceObjName>
<createdBy>ro38606</createdBy>
<createdTime>2013-05-07 16:48:19 UTC</createdTime>
<ownerDesignName>NYEC_BPM_Semantic_data_model_diagram</ownerDesignName>
<useDomainConstraints>false</useDomainConstraints>
<use>1</use>
<logicalDatatype>LOGDT019</logicalDatatype>
<dataTypeSize>22</dataTypeSize>
<autoIncrementCycle>false</autoIncrementCycle>
</Column>
<Column name="D_DATE" id="6401D7FD-DF5A-429D-CC77-795F4066D4BC">
<sourceConnName>MAXDTDEV</sourceConnName>
<sourceObjSchema>F_MW_BY_DATE</sourceObjSchema>
<sourceObjName>D_DATE</sourceObjName>
<createdBy>ro38606</createdBy>
<createdTime>2013-05-07 16:48:19 UTC</createdTime>
<ownerDesignName>NYEC_BPM_Semantic_data_model_diagram</ownerDesignName>
<useDomainConstraints>false</useDomainConstraints>
<use>1</use>
<logicalDatatype>LOGDT007</logicalDatatype>
<dataTypeSize>7</dataTypeSize>
<autoIncrementCycle>false</autoIncrementCycle>
</Column>
<Column name="BUCKET_START_DATE" id="B5CFC42D-276F-9BA8-8162-1BE18284AF37">
<sourceConnName>MAXDTDEV</sourceConnName>
<sourceObjSchema>F_MW_BY_DATE</sourceObjSchema>
<sourceObjName>BUCKET_START_DATE</sourceObjName>
<createdBy>ro38606</createdBy>
<createdTime>2013-05-07 16:48:19 UTC</createdTime>
<ownerDesignName>NYEC_BPM_Semantic_data_model_diagram</ownerDesignName>
<useDomainConstraints>false</useDomainConstraints>
<use>1</use>
<logicalDatatype>LOGDT007</logicalDatatype>
<dataTypeSize>7</dataTypeSize>
<autoIncrementCycle>false</autoIncrementCycle>
</Column>
<Column name="BUCKET_END_DATE" id="20E04823-9671-D09D-7EE1-545BE603F8D2">
<sourceConnName>MAXDTDEV</sourceConnName>
<sourceObjSchema>F_MW_BY_DATE</sourceObjSchema>
<sourceObjName>BUCKET_END_DATE</sourceObjName>
<createdBy>ro38606</createdBy>
<createdTime>2013-05-07 16:48:19 UTC</createdTime>
<ownerDesignName>NYEC_BPM_Semantic_data_model_diagram</ownerDesignName>
<useDomainConstraints>false</useDomainConstraints>
<use>1</use>
<logicalDatatype>LOGDT007</logicalDatatype>
<dataTypeSize>7</dataTypeSize>
<autoIncrementCycle>false</autoIncrementCycle>
</Column>
<Column name="MW_BI_ID" id="597A5BFA-3C96-1FDC-2E29-5CB86C1A23F2">
<sourceConnName>MAXDTDEV</sourceConnName>
<sourceObjSchema>F_MW_BY_DATE</sourceObjSchema>
<sourceObjName>MW_BI_ID</sourceObjName>
<createdBy>ro38606</createdBy>
<createdTime>2013-05-07 16:48:19 UTC</createdTime>
<ownerDesignName>NYEC_BPM_Semantic_data_model_diagram</ownerDesignName>
<useDomainConstraints>false</useDomainConstraints>
<use>1</use>
<logicalDatatype>LOGDT019</logicalDatatype>
<dataTypeSize>22</dataTypeSize>
<delegate>38625BEA-266C-CEBD-0C43-8C2FBEA67A6F</delegate>
<autoIncrementCycle>false</autoIncrementCycle>
<associations>
<colAssociation fkAssociation="EBA85C08-E69F-3FC8-8BC7-7A9E8971CFB8" referredColumn="38625BEA-266C-CEBD-0C43-8C2FBEA67A6F"/>
</associations>
</Column>
<Column name="DMWTT_ID" id="D0530B97-61AB-5B26-116B-CE14EFCE68E1">
<sourceConnName>MAXDTDEV</sourceConnName>
<sourceObjSchema>F_MW_BY_DATE</sourceObjSchema>
<sourceObjName>DMWTT_ID</sourceObjName>
<createdBy>ro38606</createdBy>
<createdTime>2013-05-07 16:48:19 UTC</createdTime>
<ownerDesignName>NYEC_BPM_Semantic_data_model_diagram</ownerDesignName>
<useDomainConstraints>false</useDomainConstraints>
<use>1</use>
<logicalDatatype>LOGDT019</logicalDatatype>
<dataTypeSize>22</dataTypeSize>
<delegate>283F926E-B0DF-C737-3A84-E72758A1D156</delegate>
<autoIncrementCycle>false</autoIncrementCycle>
<associations>
<colAssociation fkAssociation="6AF5AE00-4A6F-41C3-F9F0-78475E5B6204" referredColumn="283F926E-B0DF-C737-3A84-E72758A1D156"/>
</associations>
</Column>
<Column name="DMWE_ID" id="E358225E-4868-86C2-DC94-8FD73EF02A21">
<sourceConnName>MAXDTDEV</sourceConnName>
<sourceObjSchema>F_MW_BY_DATE</sourceObjSchema>
<sourceObjName>DMWE_ID</sourceObjName>
<createdBy>ro38606</createdBy>
<createdTime>2013-05-07 16:48:19 UTC</createdTime>
<ownerDesignName>NYEC_BPM_Semantic_data_model_diagram</ownerDesignName>
<useDomainConstraints>false</useDomainConstraints>
<use>1</use>
<logicalDatatype>LOGDT019</logicalDatatype>
<dataTypeSize>22</dataTypeSize>
<delegate>E5C0D7B0-71D5-4CB3-43CA-64704BEFC3D8</delegate>
<autoIncrementCycle>false</autoIncrementCycle>
<associations>
<colAssociation fkAssociation="13BC84CF-876A-9B40-8F7B-59051C9D22D1" referredColumn="E5C0D7B0-71D5-4CB3-43CA-64704BEFC3D8"/>
</associations>
</Column>
<Column name="DMWF_ID" id="08A1E3F6-6B1B-0FE7-4A40-2876C9DDC913">
<sourceConnName>MAXDTDEV</sourceConnName>
<sourceObjSchema>F_MW_BY_DATE</sourceObjSchema>
<sourceObjName>DMWF_ID</sourceObjName>
<createdBy>ro38606</createdBy>
<createdTime>2013-05-07 16:48:19 UTC</createdTime>
<ownerDesignName>NYEC_BPM_Semantic_data_model_diagram</ownerDesignName>
<useDomainConstraints>false</useDomainConstraints>
<use>1</use>
<logicalDatatype>LOGDT019</logicalDatatype>
<dataTypeSize>22</dataTypeSize>
<delegate>6ACE61E6-7002-FC38-06DA-7393C8A69A70</delegate>
<autoIncrementCycle>false</autoIncrementCycle>
<associations>
<colAssociation fkAssociation="D19CFF5E-ED5A-3EAC-77DE-E297C1155486" referredColumn="6ACE61E6-7002-FC38-06DA-7393C8A69A70"/>
</associations>
</Column>
<Column name="DMWO_ID" id="9C7B3BDA-E94A-88CD-A765-A7402AA767F7">
<sourceConnName>MAXDTDEV</sourceConnName>
<sourceObjSchema>F_MW_BY_DATE</sourceObjSchema>
<sourceObjName>DMWO_ID</sourceObjName>
<createdBy>ro38606</createdBy>
<createdTime>2013-05-07 16:48:20 UTC</createdTime>
<ownerDesignName>NYEC_BPM_Semantic_data_model_diagram</ownerDesignName>
<useDomainConstraints>false</useDomainConstraints>
<use>1</use>
<logicalDatatype>LOGDT019</logicalDatatype>
<dataTypeSize>22</dataTypeSize>
<delegate>DF2B1DD8-7ECC-19CA-75C1-B9F9B5A178F9</delegate>
<autoIncrementCycle>false</autoIncrementCycle>
<associations>
<colAssociation fkAssociation="25C458C6-EC6E-B6D1-5BFE-BC0508612D8E" referredColumn="DF2B1DD8-7ECC-19CA-75C1-B9F9B5A178F9"/>
</associations>
</Column>
<Column name="Status Date" id="113FD6BA-1EEE-9B5B-9EEF-B7E78360EBCF">
<sourceConnName>MAXDTDEV</sourceConnName>
<sourceObjSchema>F_MW_BY_DATE</sourceObjSchema>
<sourceObjName>Status Date</sourceObjName>
<createdBy>ro38606</createdBy>
<createdTime>2013-05-07 16:48:20 UTC</createdTime>
<ownerDesignName>NYEC_BPM_Semantic_data_model_diagram</ownerDesignName>
<useDomainConstraints>false</useDomainConstraints>
<use>1</use>
<logicalDatatype>LOGDT007</logicalDatatype>
<dataTypeSize>7</dataTypeSize>
<autoIncrementCycle>false</autoIncrementCycle>
</Column>
<Column name="DMWTS_ID" id="89A78A2C-E421-34B4-B2CC-B190585B77BA">
<sourceConnName>MAXDTDEV</sourceConnName>
<sourceObjSchema>F_MW_BY_DATE</sourceObjSchema>
<sourceObjName>DMWTS_ID</sourceObjName>
<createdBy>ro38606</createdBy>
<createdTime>2013-05-07 16:48:20 UTC</createdTime>
<ownerDesignName>NYEC_BPM_Semantic_data_model_diagram</ownerDesignName>
<useDomainConstraints>false</useDomainConstraints>
<use>1</use>
<logicalDatatype>LOGDT019</logicalDatatype>
<dataTypeSize>22</dataTypeSize>
<delegate>F17537B0-4160-FB36-D04A-591823D2BEC2</delegate>
<autoIncrementCycle>false</autoIncrementCycle>
<associations>
<colAssociation fkAssociation="C8F915AA-0265-7165-3FC0-3DB0FF98B6DF" referredColumn="F17537B0-4160-FB36-D04A-591823D2BEC2"/>
</associations>
</Column>
<Column name="DMWLUBN_ID" id="9C79C195-7B59-DD09-A01D-F8582AF1C9B5">
<sourceConnName>MAXDTDEV</sourceConnName>
<sourceObjSchema>F_MW_BY_DATE</sourceObjSchema>
<sourceObjName>DMWLUBN_ID</sourceObjName>
<createdBy>ro38606</createdBy>
<createdTime>2013-05-07 16:48:20 UTC</createdTime>
<ownerDesignName>NYEC_BPM_Semantic_data_model_diagram</ownerDesignName>
<useDomainConstraints>false</useDomainConstraints>
<use>1</use>
<logicalDatatype>LOGDT019</logicalDatatype>
<dataTypeSize>22</dataTypeSize>
<delegate>B1D659DE-C684-4D7C-DACA-B617B768FE61</delegate>
<autoIncrementCycle>false</autoIncrementCycle>
<associations>
<colAssociation fkAssociation="BD522E64-39E4-8C60-4B48-E25BB72D2030" referredColumn="B1D659DE-C684-4D7C-DACA-B617B768FE61"/>
</associations>
</Column>
<Column name="Last Update Date" id="F6CD35CB-4D39-A60D-E158-4A86DFD05F20">
<sourceConnName>MAXDTDEV</sourceConnName>
<sourceObjSchema>F_MW_BY_DATE</sourceObjSchema>
<sourceObjName>Last Update Date</sourceObjName>
<createdBy>ro38606</createdBy>
<createdTime>2013-05-07 16:48:20 UTC</createdTime>
<ownerDesignName>NYEC_BPM_Semantic_data_model_diagram</ownerDesignName>
<useDomainConstraints>false</useDomainConstraints>
<use>1</use>
<logicalDatatype>LOGDT007</logicalDatatype>
<dataTypeSize>7</dataTypeSize>
<autoIncrementCycle>false</autoIncrementCycle>
</Column>
<Column name="CREATION_COUNT" id="CC1C9A96-C1BC-20DE-6D62-70AEBBE9C876">
<sourceConnName>MAXDTDEV</sourceConnName>
<sourceObjSchema>F_MW_BY_DATE</sourceObjSchema>
<sourceObjName>CREATION_COUNT</sourceObjName>
<createdBy>ro38606</createdBy>
<createdTime>2013-05-07 16:48:20 UTC</createdTime>
<ownerDesignName>NYEC_BPM_Semantic_data_model_diagram</ownerDesignName>
<nullsAllowed>true</nullsAllowed>
<useDomainConstraints>false</useDomainConstraints>
<use>1</use>
<logicalDatatype>LOGDT019</logicalDatatype>
<dataTypeSize>22</dataTypeSize>
<autoIncrementCycle>false</autoIncrementCycle>
</Column>
<Column name="INVENTORY_COUNT" id="032BE454-10B5-2C65-25FC-5E116908E3F3">
<sourceConnName>MAXDTDEV</sourceConnName>
<sourceObjSchema>F_MW_BY_DATE</sourceObjSchema>
<sourceObjName>INVENTORY_COUNT</sourceObjName>
<createdBy>ro38606</createdBy>
<createdTime>2013-05-07 16:48:20 UTC</createdTime>
<ownerDesignName>NYEC_BPM_Semantic_data_model_diagram</ownerDesignName>
<nullsAllowed>true</nullsAllowed>
<useDomainConstraints>false</useDomainConstraints>
<use>1</use>
<logicalDatatype>LOGDT019</logicalDatatype>
<dataTypeSize>22</dataTypeSize>
<autoIncrementCycle>false</autoIncrementCycle>
</Column>
<Column name="COMPLETION_COUNT" id="41F6A24C-5FBC-7AD3-52BA-D9584EDBCD95">
<sourceConnName>MAXDTDEV</sourceConnName>
<sourceObjSchema>F_MW_BY_DATE</sourceObjSchema>
<sourceObjName>COMPLETION_COUNT</sourceObjName>
<createdBy>ro38606</createdBy>
<createdTime>2013-05-07 16:48:20 UTC</createdTime>
<ownerDesignName>NYEC_BPM_Semantic_data_model_diagram</ownerDesignName>
<nullsAllowed>true</nullsAllowed>
<useDomainConstraints>false</useDomainConstraints>
<use>1</use>
<logicalDatatype>LOGDT019</logicalDatatype>
<dataTypeSize>22</dataTypeSize>
<autoIncrementCycle>false</autoIncrementCycle>
</Column>
</columns>
<indexes itemClass="oracle.dbtools.crest.model.design.relational.Index">
<ind_PK_UK id="60B72A30-87FF-E161-6CD8-0C5B5D6B0166" name="FMWBD_PK">
<sourceConnName>MAXDTDEV</sourceConnName>
<sourceObjSchema>MAXDAT</sourceObjSchema>
<sourceObjName>FMWBD_PK</sourceObjName>
<createdBy>ro38606</createdBy>
<createdTime>2013-05-07 16:48:51 UTC</createdTime>
<ownerDesignName>NYEC_BPM_Semantic_data_model_diagram</ownerDesignName>
<schemaObject>8395E672-89A2-8150-B09D-55D1ECC2042E</schemaObject>
<pk>true</pk>
<indexState>Primary Constraint</indexState>
<indexColumnUsage>
<colUsage columnID="31725A88-35AA-DB21-5764-29E159F07105"/>
</indexColumnUsage>
</ind_PK_UK>
<ind_PK_UK id="E408D168-B2C1-759D-ED1A-FEA3411CF4CD" name="FMWBD_UIX1">
<sourceConnName>MAXDTDEV</sourceConnName>
<sourceObjSchema>MAXDAT</sourceObjSchema>
<sourceObjName>FMWBD_UIX1</sourceObjName>
<createdBy>ro38606</createdBy>
<createdTime>2013-05-07 16:48:52 UTC</createdTime>
<ownerDesignName>NYEC_BPM_Semantic_data_model_diagram</ownerDesignName>
<schemaObject>8395E672-89A2-8150-B09D-55D1ECC2042E</schemaObject>
<indexState>Unique Plain Index</indexState>
<indexColumnUsage>
<colUsage columnID="597A5BFA-3C96-1FDC-2E29-5CB86C1A23F2"/>
<colUsage columnID="6401D7FD-DF5A-429D-CC77-795F4066D4BC"/>
</indexColumnUsage>
</ind_PK_UK>
<ind_PK_UK id="F5B194C2-FF75-E391-9905-F82054C1E08E" name="FMWBD_UIX2">
<sourceConnName>MAXDTDEV</sourceConnName>
<sourceObjSchema>MAXDAT</sourceObjSchema>
<sourceObjName>FMWBD_UIX2</sourceObjName>
<createdBy>ro38606</createdBy>
<createdTime>2013-05-07 16:48:52 UTC</createdTime>
<ownerDesignName>NYEC_BPM_Semantic_data_model_diagram</ownerDesignName>
<schemaObject>8395E672-89A2-8150-B09D-55D1ECC2042E</schemaObject>
<indexState>Unique Plain Index</indexState>
<indexColumnUsage>
<colUsage columnID="597A5BFA-3C96-1FDC-2E29-5CB86C1A23F2"/>
<colUsage columnID="B5CFC42D-276F-9BA8-8162-1BE18284AF37"/>
</indexColumnUsage>
</ind_PK_UK>
<ind_PK_UK id="8251B6A6-8254-36F6-D22D-702218FBC60B" name="FMWBD_IXL1">
<sourceConnName>MAXDTDEV</sourceConnName>
<sourceObjSchema>MAXDAT</sourceObjSchema>
<sourceObjName>FMWBD_IXL1</sourceObjName>
<createdBy>ro38606</createdBy>
<createdTime>2013-05-07 16:48:52 UTC</createdTime>
<ownerDesignName>NYEC_BPM_Semantic_data_model_diagram</ownerDesignName>
<schemaObject>8395E672-89A2-8150-B09D-55D1ECC2042E</schemaObject>
<indexColumnUsage>
<colUsage columnID="20E04823-9671-D09D-7EE1-545BE603F8D2"/>
</indexColumnUsage>
</ind_PK_UK>
<ind_PK_UK id="846777E5-C5D6-1021-E49B-34778546EA7A" name="FMWBD_IXL2">
<sourceConnName>MAXDTDEV</sourceConnName>
<sourceObjSchema>MAXDAT</sourceObjSchema>
<sourceObjName>FMWBD_IXL2</sourceObjName>
<createdBy>ro38606</createdBy>
<createdTime>2013-05-07 16:48:52 UTC</createdTime>
<ownerDesignName>NYEC_BPM_Semantic_data_model_diagram</ownerDesignName>
<schemaObject>8395E672-89A2-8150-B09D-55D1ECC2042E</schemaObject>
<indexColumnUsage>
<colUsage columnID="597A5BFA-3C96-1FDC-2E29-5CB86C1A23F2"/>
</indexColumnUsage>
</ind_PK_UK>
<ind_PK_UK id="11452289-E815-F848-BE1B-ADDB33213655" name="FMWBD_IXL3">
<sourceConnName>MAXDTDEV</sourceConnName>
<sourceObjSchema>MAXDAT</sourceObjSchema>
<sourceObjName>FMWBD_IXL3</sourceObjName>
<createdBy>ro38606</createdBy>
<createdTime>2013-05-07 16:48:52 UTC</createdTime>
<ownerDesignName>NYEC_BPM_Semantic_data_model_diagram</ownerDesignName>
<schemaObject>8395E672-89A2-8150-B09D-55D1ECC2042E</schemaObject>
<indexColumnUsage>
<colUsage columnID="B5CFC42D-276F-9BA8-8162-1BE18284AF37"/>
<colUsage columnID="20E04823-9671-D09D-7EE1-545BE603F8D2"/>
</indexColumnUsage>
</ind_PK_UK>
<ind_PK_UK id="627008EA-0628-A02E-A404-0C5C02F4744F" name="FMWBD_IX1">
<sourceConnName>MAXDTDEV</sourceConnName>
<sourceObjSchema>MAXDAT</sourceObjSchema>
<sourceObjName>FMWBD_IX1</sourceObjName>
<createdBy>ro38606</createdBy>
<createdTime>2013-05-07 16:48:52 UTC</createdTime>
<ownerDesignName>NYEC_BPM_Semantic_data_model_diagram</ownerDesignName>
<schemaObject>8395E672-89A2-8150-B09D-55D1ECC2042E</schemaObject>
<indexColumnUsage>
<colUsage columnID="F6CD35CB-4D39-A60D-E158-4A86DFD05F20"/>
</indexColumnUsage>
</ind_PK_UK>
<ind_PK_UK id="F2DC44AA-698C-A532-A74B-7C941C168E48" name="FMWBD_IX2">
<sourceConnName>MAXDTDEV</sourceConnName>
<sourceObjSchema>MAXDAT</sourceObjSchema>
<sourceObjName>FMWBD_IX2</sourceObjName>
<createdBy>ro38606</createdBy>
<createdTime>2013-05-07 16:48:52 UTC</createdTime>
<ownerDesignName>NYEC_BPM_Semantic_data_model_diagram</ownerDesignName>
<schemaObject>8395E672-89A2-8150-B09D-55D1ECC2042E</schemaObject>
<indexColumnUsage>
<colUsage columnID="113FD6BA-1EEE-9B5B-9EEF-B7E78360EBCF"/>
</indexColumnUsage>
</ind_PK_UK>
<ind_PK_UK id="37026DEA-1F80-FE1B-60C4-70A07DFDE55F" name="FMWBD_DMWCUR_FK">
<createdBy>ro38606</createdBy>
<createdTime>2013-05-07 16:50:10 UTC</createdTime>
<ownerDesignName>NYEC_BPM_Semantic_data_model_diagram</ownerDesignName>
<indexState>Foreign Key</indexState>
<indexColumnUsage>
<colUsage columnID="597A5BFA-3C96-1FDC-2E29-5CB86C1A23F2"/>
</indexColumnUsage>
</ind_PK_UK>
<ind_PK_UK id="1C6AD378-BC97-4CA4-18A9-4CC1B8E38EC7" name="FMWBD_DMWE_FK">
<createdBy>ro38606</createdBy>
<createdTime>2013-05-07 16:50:10 UTC</createdTime>
<ownerDesignName>NYEC_BPM_Semantic_data_model_diagram</ownerDesignName>
<indexState>Foreign Key</indexState>
<indexColumnUsage>
<colUsage columnID="E358225E-4868-86C2-DC94-8FD73EF02A21"/>
</indexColumnUsage>
</ind_PK_UK>
<ind_PK_UK id="47D3D90A-8DCF-5203-6193-ADC2FC76E8DF" name="FMWBD_DMWF_FK">
<createdBy>ro38606</createdBy>
<createdTime>2013-05-07 16:50:10 UTC</createdTime>
<ownerDesignName>NYEC_BPM_Semantic_data_model_diagram</ownerDesignName>
<indexState>Foreign Key</indexState>
<indexColumnUsage>
<colUsage columnID="08A1E3F6-6B1B-0FE7-4A40-2876C9DDC913"/>
</indexColumnUsage>
</ind_PK_UK>
<ind_PK_UK id="9C804269-B4F0-61CE-CDF2-EF0C51DBAA53" name="FMWBD_DMWLUBN_FK">
<createdBy>ro38606</createdBy>
<createdTime>2013-05-07 16:50:10 UTC</createdTime>
<ownerDesignName>NYEC_BPM_Semantic_data_model_diagram</ownerDesignName>
<indexState>Foreign Key</indexState>
<indexColumnUsage>
<colUsage columnID="9C79C195-7B59-DD09-A01D-F8582AF1C9B5"/>
</indexColumnUsage>
</ind_PK_UK>
<ind_PK_UK id="C68D64F1-3067-2044-570C-9043BE040155" name="FMWBD_DMWO_FK">
<createdBy>ro38606</createdBy>
<createdTime>2013-05-07 16:50:10 UTC</createdTime>
<ownerDesignName>NYEC_BPM_Semantic_data_model_diagram</ownerDesignName>
<indexState>Foreign Key</indexState>
<indexColumnUsage>
<colUsage columnID="9C7B3BDA-E94A-88CD-A765-A7402AA767F7"/>
</indexColumnUsage>
</ind_PK_UK>
<ind_PK_UK id="C589C00B-5879-A40B-36CD-E267BD6736B4" name="FMWBD_DMWTS_FK">
<createdBy>ro38606</createdBy>
<createdTime>2013-05-07 16:50:10 UTC</createdTime>
<ownerDesignName>NYEC_BPM_Semantic_data_model_diagram</ownerDesignName>
<indexState>Foreign Key</indexState>
<indexColumnUsage>
<colUsage columnID="89A78A2C-E421-34B4-B2CC-B190585B77BA"/>
</indexColumnUsage>
</ind_PK_UK>
<ind_PK_UK id="3CC5D728-CC80-6E3D-43C2-98E16A77E968" name="FMWBD_DMWTT_FK">
<createdBy>ro38606</createdBy>
<createdTime>2013-05-07 16:50:10 UTC</createdTime>
<ownerDesignName>NYEC_BPM_Semantic_data_model_diagram</ownerDesignName>
<indexState>Foreign Key</indexState>
<indexColumnUsage>
<colUsage columnID="D0530B97-61AB-5B26-116B-CE14EFCE68E1"/>
</indexColumnUsage>
</ind_PK_UK>
</indexes>
</Table>