<?xml version = '1.0' encoding = 'UTF-8'?>
<Table class="oracle.dbtools.crest.model.design.relational.Table" id="395EB7A4-FE77-E76D-AE18-18E75CCFB9A9" directorySegmentName="seg_0" name="F_NYEC_PMI_BY_DATE">
<sourceConnName>MAXDTDEV</sourceConnName>
<sourceObjSchema>MAXDAT</sourceObjSchema>
<sourceObjName>F_NYEC_PMI_BY_DATE</sourceObjName>
<createdBy>ro38606</createdBy>
<createdTime>2013-05-07 16:46:57 UTC</createdTime>
<ownerDesignName>NYEC_BPM_Semantic_data_model_diagram</ownerDesignName>
<schemaObject>8395E672-89A2-8150-B09D-55D1ECC2042E</schemaObject>
<pkName>FNPMIBD_PK</pkName>
<fonts itemClass="oracle.dbtools.crest.model.design.FontObjectWr">
<FontObject>
<foType>Title</foType>
<fontStyle>1</fontStyle>
<colorRGB>-16776961</colorRGB>
</FontObject>
<FontObject>
<foType>Column</foType>
<colorRGB>-16777216</colorRGB>
</FontObject>
<FontObject>
<foType>Datatype</foType>
<colorRGB>-16744448</colorRGB>
</FontObject>
<FontObject>
<foType>PK Element</foType>
<colorRGB>-16776961</colorRGB>
</FontObject>
<FontObject>
<foType>FK Element</foType>
<colorRGB>-16777216</colorRGB>
</FontObject>
<FontObject>
<foType>UK Element</foType>
<colorRGB>-16776961</colorRGB>
</FontObject>
<FontObject>
<foType>Not Null</foType>
<colorRGB>-65536</colorRGB>
</FontObject>
<FontObject>
<foType>Key</foType>
<colorRGB>-16777216</colorRGB>
</FontObject>
</fonts>
<columns itemClass="oracle.dbtools.crest.model.design.relational.Column">
<Column name="FNPMIBD_ID" id="F2E44767-9840-7612-1403-88BBE2396D9D">
<sourceConnName>MAXDTDEV</sourceConnName>
<sourceObjSchema>F_NYEC_PMI_BY_DATE</sourceObjSchema>
<sourceObjName>FNPMIBD_ID</sourceObjName>
<createdBy>ro38606</createdBy>
<createdTime>2013-05-07 16:48:28 UTC</createdTime>
<ownerDesignName>NYEC_BPM_Semantic_data_model_diagram</ownerDesignName>
<useDomainConstraints>false</useDomainConstraints>
<use>1</use>
<logicalDatatype>LOGDT019</logicalDatatype>
<dataTypeSize>22</dataTypeSize>
<autoIncrementCycle>false</autoIncrementCycle>
</Column>
<Column name="D_DATE" id="AB0F408D-5199-50D6-6103-A0C8F68C57BC">
<sourceConnName>MAXDTDEV</sourceConnName>
<sourceObjSchema>F_NYEC_PMI_BY_DATE</sourceObjSchema>
<sourceObjName>D_DATE</sourceObjName>
<createdBy>ro38606</createdBy>
<createdTime>2013-05-07 16:48:28 UTC</createdTime>
<ownerDesignName>NYEC_BPM_Semantic_data_model_diagram</ownerDesignName>
<useDomainConstraints>false</useDomainConstraints>
<use>1</use>
<logicalDatatype>LOGDT007</logicalDatatype>
<dataTypeSize>7</dataTypeSize>
<autoIncrementCycle>false</autoIncrementCycle>
</Column>
<Column name="BUCKET_START_DATE" id="80575195-853B-2E78-4209-B139E55ACADF">
<sourceConnName>MAXDTDEV</sourceConnName>
<sourceObjSchema>F_NYEC_PMI_BY_DATE</sourceObjSchema>
<sourceObjName>BUCKET_START_DATE</sourceObjName>
<createdBy>ro38606</createdBy>
<createdTime>2013-05-07 16:48:28 UTC</createdTime>
<ownerDesignName>NYEC_BPM_Semantic_data_model_diagram</ownerDesignName>
<useDomainConstraints>false</useDomainConstraints>
<use>1</use>
<logicalDatatype>LOGDT007</logicalDatatype>
<dataTypeSize>7</dataTypeSize>
<autoIncrementCycle>false</autoIncrementCycle>
</Column>
<Column name="BUCKET_END_DATE" id="C4FF4D5D-F57A-E43B-2F57-017DBFBF9049">
<sourceConnName>MAXDTDEV</sourceConnName>
<sourceObjSchema>F_NYEC_PMI_BY_DATE</sourceObjSchema>
<sourceObjName>BUCKET_END_DATE</sourceObjName>
<createdBy>ro38606</createdBy>
<createdTime>2013-05-07 16:48:28 UTC</createdTime>
<ownerDesignName>NYEC_BPM_Semantic_data_model_diagram</ownerDesignName>
<useDomainConstraints>false</useDomainConstraints>
<use>1</use>
<logicalDatatype>LOGDT007</logicalDatatype>
<dataTypeSize>7</dataTypeSize>
<autoIncrementCycle>false</autoIncrementCycle>
</Column>
<Column name="NYEC_PMI_BI_ID" id="E558D7DF-1F05-AF27-47BB-B7E7AB1389D1">
<sourceConnName>MAXDTDEV</sourceConnName>
<sourceObjSchema>F_NYEC_PMI_BY_DATE</sourceObjSchema>
<sourceObjName>NYEC_PMI_BI_ID</sourceObjName>
<createdBy>ro38606</createdBy>
<createdTime>2013-05-07 16:48:28 UTC</createdTime>
<ownerDesignName>NYEC_BPM_Semantic_data_model_diagram</ownerDesignName>
<useDomainConstraints>false</useDomainConstraints>
<use>1</use>
<logicalDatatype>LOGDT019</logicalDatatype>
<dataTypeSize>22</dataTypeSize>
<delegate>974B6AD0-FF29-7736-6FD6-01EACB6B4C6F</delegate>
<autoIncrementCycle>false</autoIncrementCycle>
<associations>
<colAssociation fkAssociation="E9362128-F92F-B7DB-B0EC-1665AC930176" referredColumn="974B6AD0-FF29-7736-6FD6-01EACB6B4C6F"/>
</associations>
</Column>
<Column name="DNPMIAI_ID" id="FDCF068A-D463-370D-B812-B03AAE84CF28">
<sourceConnName>MAXDTDEV</sourceConnName>
<sourceObjSchema>F_NYEC_PMI_BY_DATE</sourceObjSchema>
<sourceObjName>DNPMIAI_ID</sourceObjName>
<createdBy>ro38606</createdBy>
<createdTime>2013-05-07 16:48:28 UTC</createdTime>
<ownerDesignName>NYEC_BPM_Semantic_data_model_diagram</ownerDesignName>
<useDomainConstraints>false</useDomainConstraints>
<use>1</use>
<logicalDatatype>LOGDT019</logicalDatatype>
<dataTypeSize>22</dataTypeSize>
<delegate>9DA02DA4-0E0D-4E2E-3030-A928686BA4AA</delegate>
<autoIncrementCycle>false</autoIncrementCycle>
<associations>
<colAssociation fkAssociation="0202ED1C-2B58-BF32-7906-E52D196E3535" referredColumn="9DA02DA4-0E0D-4E2E-3030-A928686BA4AA"/>
</associations>
</Column>
<Column name="DNPMILS_ID" id="EFA2E89F-94C9-3E04-4371-74FAF4B15183">
<sourceConnName>MAXDTDEV</sourceConnName>
<sourceObjSchema>F_NYEC_PMI_BY_DATE</sourceObjSchema>
<sourceObjName>DNPMILS_ID</sourceObjName>
<createdBy>ro38606</createdBy>
<createdTime>2013-05-07 16:48:28 UTC</createdTime>
<ownerDesignName>NYEC_BPM_Semantic_data_model_diagram</ownerDesignName>
<useDomainConstraints>false</useDomainConstraints>
<use>1</use>
<logicalDatatype>LOGDT019</logicalDatatype>
<dataTypeSize>22</dataTypeSize>
<delegate>ED12EDEB-3450-419C-5C1A-738072ED1114</delegate>
<autoIncrementCycle>false</autoIncrementCycle>
<associations>
<colAssociation fkAssociation="ECB49B4B-9658-63B8-77D8-3AE6C9B6B625" referredColumn="ED12EDEB-3450-419C-5C1A-738072ED1114"/>
</associations>
</Column>
<Column name="DNPMIIMIT_ID" id="72005AAC-AD6B-5C99-03F7-FBA3EEEC2F4C">
<sourceConnName>MAXDTDEV</sourceConnName>
<sourceObjSchema>F_NYEC_PMI_BY_DATE</sourceObjSchema>
<sourceObjName>DNPMIIMIT_ID</sourceObjName>
<createdBy>ro38606</createdBy>
<createdTime>2013-05-07 16:48:29 UTC</createdTime>
<ownerDesignName>NYEC_BPM_Semantic_data_model_diagram</ownerDesignName>
<useDomainConstraints>false</useDomainConstraints>
<use>1</use>
<logicalDatatype>LOGDT019</logicalDatatype>
<dataTypeSize>22</dataTypeSize>
<delegate>2B40D9E7-0A34-6B87-2430-9E62426BD249</delegate>
<autoIncrementCycle>false</autoIncrementCycle>
<associations>
<colAssociation fkAssociation="83A5F53D-49CF-1B7D-C258-F58E64DB6D2D" referredColumn="2B40D9E7-0A34-6B87-2430-9E62426BD249"/>
</associations>
</Column>
<Column name="DNPMIPMIT_ID" id="DE87DB95-B3AB-DEBF-7379-C687846C164A">
<sourceConnName>MAXDTDEV</sourceConnName>
<sourceObjSchema>F_NYEC_PMI_BY_DATE</sourceObjSchema>
<sourceObjName>DNPMIPMIT_ID</sourceObjName>
<createdBy>ro38606</createdBy>
<createdTime>2013-05-07 16:48:29 UTC</createdTime>
<ownerDesignName>NYEC_BPM_Semantic_data_model_diagram</ownerDesignName>
<useDomainConstraints>false</useDomainConstraints>
<use>1</use>
<logicalDatatype>LOGDT019</logicalDatatype>
<dataTypeSize>22</dataTypeSize>
<delegate>A349748F-7B06-7271-1D18-655FDD948FF1</delegate>
<autoIncrementCycle>false</autoIncrementCycle>
<associations>
<colAssociation fkAssociation="E4A4EC33-0958-1C44-B98B-D95008A781A5" referredColumn="A349748F-7B06-7271-1D18-655FDD948FF1"/>
</associations>
</Column>
<Column name="DNPMIQTI_ID" id="7CEDAC10-E49A-2AD5-1EB6-C7EA021B39EA">
<sourceConnName>MAXDTDEV</sourceConnName>
<sourceObjSchema>F_NYEC_PMI_BY_DATE</sourceObjSchema>
<sourceObjName>DNPMIQTI_ID</sourceObjName>
<createdBy>ro38606</createdBy>
<createdTime>2013-05-07 16:48:29 UTC</createdTime>
<ownerDesignName>NYEC_BPM_Semantic_data_model_diagram</ownerDesignName>
<useDomainConstraints>false</useDomainConstraints>
<use>1</use>
<logicalDatatype>LOGDT019</logicalDatatype>
<dataTypeSize>22</dataTypeSize>
<delegate>1A53B5BD-11CE-1F0F-8682-6852E14BF01F</delegate>
<autoIncrementCycle>false</autoIncrementCycle>
<associations>
<colAssociation fkAssociation="86045FC5-4328-922E-4BBA-78BEC431C937" referredColumn="1A53B5BD-11CE-1F0F-8682-6852E14BF01F"/>
</associations>
</Column>
<Column name="DNPMIRR_ID" id="A6A24D2A-CE0C-2145-12AE-34B3DB1B39F7">
<sourceConnName>MAXDTDEV</sourceConnName>
<sourceObjSchema>F_NYEC_PMI_BY_DATE</sourceObjSchema>
<sourceObjName>DNPMIRR_ID</sourceObjName>
<createdBy>ro38606</createdBy>
<createdTime>2013-05-07 16:48:29 UTC</createdTime>
<ownerDesignName>NYEC_BPM_Semantic_data_model_diagram</ownerDesignName>
<useDomainConstraints>false</useDomainConstraints>
<use>1</use>
<logicalDatatype>LOGDT019</logicalDatatype>
<dataTypeSize>22</dataTypeSize>
<delegate>D75C553D-1C53-579F-DEFD-07FC225BB769</delegate>
<autoIncrementCycle>false</autoIncrementCycle>
<associations>
<colAssociation fkAssociation="3278929F-EAA5-28FD-0BE0-2447DC963EBD" referredColumn="D75C553D-1C53-579F-DEFD-07FC225BB769"/>
</associations>
</Column>
<Column name="DNPMIRTI_ID" id="AC894054-F97F-DD5F-400C-5B0B1D03CBA7">
<sourceConnName>MAXDTDEV</sourceConnName>
<sourceObjSchema>F_NYEC_PMI_BY_DATE</sourceObjSchema>
<sourceObjName>DNPMIRTI_ID</sourceObjName>
<createdBy>ro38606</createdBy>
<createdTime>2013-05-07 16:48:29 UTC</createdTime>
<ownerDesignName>NYEC_BPM_Semantic_data_model_diagram</ownerDesignName>
<useDomainConstraints>false</useDomainConstraints>
<use>1</use>
<logicalDatatype>LOGDT019</logicalDatatype>
<dataTypeSize>22</dataTypeSize>
<delegate>211BD57A-1C66-F8C4-6C3B-C4E56EFCE359</delegate>
<autoIncrementCycle>false</autoIncrementCycle>
<associations>
<colAssociation fkAssociation="D888073E-1AD1-85D3-0496-4E508AFBCB97" referredColumn="211BD57A-1C66-F8C4-6C3B-C4E56EFCE359"/>
</associations>
</Column>
<Column name="DNPMISRTI_ID" id="3F8DC928-9E24-D4D0-6265-D0B729EBFA2C">
<sourceConnName>MAXDTDEV</sourceConnName>
<sourceObjSchema>F_NYEC_PMI_BY_DATE</sourceObjSchema>
<sourceObjName>DNPMISRTI_ID</sourceObjName>
<createdBy>ro38606</createdBy>
<createdTime>2013-05-07 16:48:29 UTC</createdTime>
<ownerDesignName>NYEC_BPM_Semantic_data_model_diagram</ownerDesignName>
<useDomainConstraints>false</useDomainConstraints>
<use>1</use>
<logicalDatatype>LOGDT019</logicalDatatype>
<dataTypeSize>22</dataTypeSize>
<delegate>4B56FA6C-3C9C-1DA7-ACFB-5D23D5152D4A</delegate>
<autoIncrementCycle>false</autoIncrementCycle>
<associations>
<colAssociation fkAssociation="5BD4B67B-DB20-9ED5-4B8B-6A59131A344F" referredColumn="4B56FA6C-3C9C-1DA7-ACFB-5D23D5152D4A"/>
</associations>
</Column>
<Column name="INVENTORY_COUNT" id="C10E06B5-7B8B-523A-84D9-2F95BE7EC758">
<sourceConnName>MAXDTDEV</sourceConnName>
<sourceObjSchema>F_NYEC_PMI_BY_DATE</sourceObjSchema>
<sourceObjName>INVENTORY_COUNT</sourceObjName>
<createdBy>ro38606</createdBy>
<createdTime>2013-05-07 16:48:29 UTC</createdTime>
<ownerDesignName>NYEC_BPM_Semantic_data_model_diagram</ownerDesignName>
<nullsAllowed>true</nullsAllowed>
<useDomainConstraints>false</useDomainConstraints>
<use>1</use>
<logicalDatatype>LOGDT019</logicalDatatype>
<dataTypeSize>22</dataTypeSize>
<autoIncrementCycle>false</autoIncrementCycle>
</Column>
<Column name="CREATION_COUNT" id="EC4E6809-C424-2F2A-0356-CDF7F6AEFBB6">
<sourceConnName>MAXDTDEV</sourceConnName>
<sourceObjSchema>F_NYEC_PMI_BY_DATE</sourceObjSchema>
<sourceObjName>CREATION_COUNT</sourceObjName>
<createdBy>ro38606</createdBy>
<createdTime>2013-05-07 16:48:30 UTC</createdTime>
<ownerDesignName>NYEC_BPM_Semantic_data_model_diagram</ownerDesignName>
<nullsAllowed>true</nullsAllowed>
<useDomainConstraints>false</useDomainConstraints>
<use>1</use>
<logicalDatatype>LOGDT019</logicalDatatype>
<dataTypeSize>22</dataTypeSize>
<autoIncrementCycle>false</autoIncrementCycle>
</Column>
<Column name="COMPLETION_COUNT" id="9F6F72EF-62B3-90D6-D657-788A540DD3C1">
<sourceConnName>MAXDTDEV</sourceConnName>
<sourceObjSchema>F_NYEC_PMI_BY_DATE</sourceObjSchema>
<sourceObjName>COMPLETION_COUNT</sourceObjName>
<createdBy>ro38606</createdBy>
<createdTime>2013-05-07 16:48:30 UTC</createdTime>
<ownerDesignName>NYEC_BPM_Semantic_data_model_diagram</ownerDesignName>
<nullsAllowed>true</nullsAllowed>
<useDomainConstraints>false</useDomainConstraints>
<use>1</use>
<logicalDatatype>LOGDT019</logicalDatatype>
<dataTypeSize>22</dataTypeSize>
<autoIncrementCycle>false</autoIncrementCycle>
</Column>
</columns>
<indexes itemClass="oracle.dbtools.crest.model.design.relational.Index">
<ind_PK_UK id="B808D9BE-5C37-DB87-C5F5-84595352226B" name="FNPMIBD_PK">
<sourceConnName>MAXDTDEV</sourceConnName>
<sourceObjSchema>MAXDAT</sourceObjSchema>
<sourceObjName>FNPMIBD_PK</sourceObjName>
<createdBy>ro38606</createdBy>
<createdTime>2013-05-07 16:48:56 UTC</createdTime>
<ownerDesignName>NYEC_BPM_Semantic_data_model_diagram</ownerDesignName>
<schemaObject>8395E672-89A2-8150-B09D-55D1ECC2042E</schemaObject>
<pk>true</pk>
<indexState>Primary Constraint</indexState>
<indexColumnUsage>
<colUsage columnID="F2E44767-9840-7612-1403-88BBE2396D9D"/>
</indexColumnUsage>
</ind_PK_UK>
<ind_PK_UK id="2A6BB78A-5A43-8BCD-2557-2C713B55D7A2" name="FNPMIBD_IXL2">
<sourceConnName>MAXDTDEV</sourceConnName>
<sourceObjSchema>MAXDAT</sourceObjSchema>
<sourceObjName>FNPMIBD_IXL2</sourceObjName>
<createdBy>ro38606</createdBy>
<createdTime>2013-05-07 16:48:55 UTC</createdTime>
<ownerDesignName>NYEC_BPM_Semantic_data_model_diagram</ownerDesignName>
<schemaObject>8395E672-89A2-8150-B09D-55D1ECC2042E</schemaObject>
<indexColumnUsage>
<colUsage columnID="E558D7DF-1F05-AF27-47BB-B7E7AB1389D1"/>
</indexColumnUsage>
</ind_PK_UK>
<ind_PK_UK id="EE437F6E-24F1-4D61-ED4E-3D9A61B6AE82" name="FNPMIBD_UIX1">
<sourceConnName>MAXDTDEV</sourceConnName>
<sourceObjSchema>MAXDAT</sourceObjSchema>
<sourceObjName>FNPMIBD_UIX1</sourceObjName>
<createdBy>ro38606</createdBy>
<createdTime>2013-05-07 16:48:56 UTC</createdTime>
<ownerDesignName>NYEC_BPM_Semantic_data_model_diagram</ownerDesignName>
<schemaObject>8395E672-89A2-8150-B09D-55D1ECC2042E</schemaObject>
<indexState>Unique Plain Index</indexState>
<indexColumnUsage>
<colUsage columnID="F2E44767-9840-7612-1403-88BBE2396D9D"/>
<colUsage columnID="AB0F408D-5199-50D6-6103-A0C8F68C57BC"/>
</indexColumnUsage>
</ind_PK_UK>
<ind_PK_UK id="41C0ABFB-5051-FB3B-8967-922514FAC546" name="FNPMIBD_UIX2">
<sourceConnName>MAXDTDEV</sourceConnName>
<sourceObjSchema>MAXDAT</sourceObjSchema>
<sourceObjName>FNPMIBD_UIX2</sourceObjName>
<createdBy>ro38606</createdBy>
<createdTime>2013-05-07 16:48:56 UTC</createdTime>
<ownerDesignName>NYEC_BPM_Semantic_data_model_diagram</ownerDesignName>
<schemaObject>8395E672-89A2-8150-B09D-55D1ECC2042E</schemaObject>
<indexState>Unique Plain Index</indexState>
<indexColumnUsage>
<colUsage columnID="F2E44767-9840-7612-1403-88BBE2396D9D"/>
<colUsage columnID="80575195-853B-2E78-4209-B139E55ACADF"/>
</indexColumnUsage>
</ind_PK_UK>
<ind_PK_UK id="A14A925A-2656-36B1-83A1-4EEB04149D41" name="FNPMIBD_IXL1">
<sourceConnName>MAXDTDEV</sourceConnName>
<sourceObjSchema>MAXDAT</sourceObjSchema>
<sourceObjName>FNPMIBD_IXL1</sourceObjName>
<createdBy>ro38606</createdBy>
<createdTime>2013-05-07 16:48:56 UTC</createdTime>
<ownerDesignName>NYEC_BPM_Semantic_data_model_diagram</ownerDesignName>
<schemaObject>8395E672-89A2-8150-B09D-55D1ECC2042E</schemaObject>
<indexColumnUsage>
<colUsage columnID="C4FF4D5D-F57A-E43B-2F57-017DBFBF9049"/>
</indexColumnUsage>
</ind_PK_UK>
<ind_PK_UK id="3E24E599-431E-6DDD-945D-00896D8F4EA4" name="FNPMIBD_DNPMIAI_FK">
<createdBy>ro38606</createdBy>
<createdTime>2013-05-07 16:50:10 UTC</createdTime>
<ownerDesignName>NYEC_BPM_Semantic_data_model_diagram</ownerDesignName>
<indexState>Foreign Key</indexState>
<indexColumnUsage>
<colUsage columnID="FDCF068A-D463-370D-B812-B03AAE84CF28"/>
</indexColumnUsage>
</ind_PK_UK>
<ind_PK_UK id="7CC81D4A-C5B4-ED34-99B1-FE14A9E6E87A" name="FNPMIBD_DNPMICUR_FK">
<createdBy>ro38606</createdBy>
<createdTime>2013-05-07 16:50:10 UTC</createdTime>
<ownerDesignName>NYEC_BPM_Semantic_data_model_diagram</ownerDesignName>
<indexState>Foreign Key</indexState>
<indexColumnUsage>
<colUsage columnID="E558D7DF-1F05-AF27-47BB-B7E7AB1389D1"/>
</indexColumnUsage>
</ind_PK_UK>
<ind_PK_UK id="87A6B16F-145F-4893-2903-B921E19AE13C" name="FNPMIBD_DNPMIIMIT_FK">
<createdBy>ro38606</createdBy>
<createdTime>2013-05-07 16:50:10 UTC</createdTime>
<ownerDesignName>NYEC_BPM_Semantic_data_model_diagram</ownerDesignName>
<indexState>Foreign Key</indexState>
<indexColumnUsage>
<colUsage columnID="72005AAC-AD6B-5C99-03F7-FBA3EEEC2F4C"/>
</indexColumnUsage>
</ind_PK_UK>
<ind_PK_UK id="75A46B30-C4B5-86BC-15C5-14C3B483E4E5" name="FNPMIBD_DNPMILS_FK">
<createdBy>ro38606</createdBy>
<createdTime>2013-05-07 16:50:10 UTC</createdTime>
<ownerDesignName>NYEC_BPM_Semantic_data_model_diagram</ownerDesignName>
<indexState>Foreign Key</indexState>
<indexColumnUsage>
<colUsage columnID="EFA2E89F-94C9-3E04-4371-74FAF4B15183"/>
</indexColumnUsage>
</ind_PK_UK>
<ind_PK_UK id="860650E6-11C8-CBD4-465D-238596F49BF0" name="FNPMIBD_DNPMIPMIT_FK">
<createdBy>ro38606</createdBy>
<createdTime>2013-05-07 16:50:10 UTC</createdTime>
<ownerDesignName>NYEC_BPM_Semantic_data_model_diagram</ownerDesignName>
<indexState>Foreign Key</indexState>
<indexColumnUsage>
<colUsage columnID="DE87DB95-B3AB-DEBF-7379-C687846C164A"/>
</indexColumnUsage>
</ind_PK_UK>
<ind_PK_UK id="63B34A25-1062-EA7D-B145-8C2E5D987137" name="FNPMIBD_DNPMIQTI_FK">
<createdBy>ro38606</createdBy>
<createdTime>2013-05-07 16:50:10 UTC</createdTime>
<ownerDesignName>NYEC_BPM_Semantic_data_model_diagram</ownerDesignName>
<indexState>Foreign Key</indexState>
<indexColumnUsage>
<colUsage columnID="7CEDAC10-E49A-2AD5-1EB6-C7EA021B39EA"/>
</indexColumnUsage>
</ind_PK_UK>
<ind_PK_UK id="BC3FDB50-70B6-740F-BEE4-E5C19E4EF206" name="FNPMIBD_DNPMIRR_FK">
<createdBy>ro38606</createdBy>
<createdTime>2013-05-07 16:50:10 UTC</createdTime>
<ownerDesignName>NYEC_BPM_Semantic_data_model_diagram</ownerDesignName>
<indexState>Foreign Key</indexState>
<indexColumnUsage>
<colUsage columnID="A6A24D2A-CE0C-2145-12AE-34B3DB1B39F7"/>
</indexColumnUsage>
</ind_PK_UK>
<ind_PK_UK id="C25153F0-E170-6984-CC7A-56B173D654A2" name="FNPMIBD_DNPMIRTI_FK">
<createdBy>ro38606</createdBy>
<createdTime>2013-05-07 16:50:10 UTC</createdTime>
<ownerDesignName>NYEC_BPM_Semantic_data_model_diagram</ownerDesignName>
<indexState>Foreign Key</indexState>
<indexColumnUsage>
<colUsage columnID="AC894054-F97F-DD5F-400C-5B0B1D03CBA7"/>
</indexColumnUsage>
</ind_PK_UK>
<ind_PK_UK id="CCEB73FC-01D2-C95D-BBA9-B819F31F2D99" name="FNPMIBD_DNPMISRTI_FK">
<createdBy>ro38606</createdBy>
<createdTime>2013-05-07 16:50:10 UTC</createdTime>
<ownerDesignName>NYEC_BPM_Semantic_data_model_diagram</ownerDesignName>
<indexState>Foreign Key</indexState>
<indexColumnUsage>
<colUsage columnID="3F8DC928-9E24-D4D0-6265-D0B729EBFA2C"/>
</indexColumnUsage>
</ind_PK_UK>
</indexes>
</Table>