<?xml version = '1.0' encoding = 'UTF-8'?>
<Table class="oracle.dbtools.crest.model.design.relational.Table" id="480DD615-7E33-8662-EEBD-0B17137767F5" directorySegmentName="seg_0" name="F_NYEC_SR_BY_DATE">
<sourceConnName>MAXDTDEV</sourceConnName>
<sourceObjSchema>MAXDAT</sourceObjSchema>
<sourceObjName>F_NYEC_SR_BY_DATE</sourceObjName>
<createdBy>ro38606</createdBy>
<createdTime>2013-05-07 16:46:58 UTC</createdTime>
<ownerDesignName>NYEC_BPM_Semantic_data_model_diagram</ownerDesignName>
<schemaObject>8395E672-89A2-8150-B09D-55D1ECC2042E</schemaObject>
<pkName>FNSRBD_PK</pkName>
<fonts itemClass="oracle.dbtools.crest.model.design.FontObjectWr">
<FontObject>
<foType>Title</foType>
<fontStyle>1</fontStyle>
<colorRGB>-16776961</colorRGB>
</FontObject>
<FontObject>
<foType>Column</foType>
<colorRGB>-16777216</colorRGB>
</FontObject>
<FontObject>
<foType>Datatype</foType>
<colorRGB>-16744448</colorRGB>
</FontObject>
<FontObject>
<foType>PK Element</foType>
<colorRGB>-16776961</colorRGB>
</FontObject>
<FontObject>
<foType>FK Element</foType>
<colorRGB>-16777216</colorRGB>
</FontObject>
<FontObject>
<foType>UK Element</foType>
<colorRGB>-16776961</colorRGB>
</FontObject>
<FontObject>
<foType>Not Null</foType>
<colorRGB>-65536</colorRGB>
</FontObject>
<FontObject>
<foType>Key</foType>
<colorRGB>-16777216</colorRGB>
</FontObject>
</fonts>
<columns itemClass="oracle.dbtools.crest.model.design.relational.Column">
<Column name="FNSRBD_ID" id="2429AC75-E6BD-575E-B415-4A12DAE69AE4">
<sourceConnName>MAXDTDEV</sourceConnName>
<sourceObjSchema>F_NYEC_SR_BY_DATE</sourceObjSchema>
<sourceObjName>FNSRBD_ID</sourceObjName>
<createdBy>ro38606</createdBy>
<createdTime>2013-05-07 16:48:31 UTC</createdTime>
<ownerDesignName>NYEC_BPM_Semantic_data_model_diagram</ownerDesignName>
<useDomainConstraints>false</useDomainConstraints>
<use>1</use>
<logicalDatatype>LOGDT019</logicalDatatype>
<dataTypeSize>22</dataTypeSize>
<autoIncrementCycle>false</autoIncrementCycle>
</Column>
<Column name="D_DATE" id="EB45633C-DDB7-B739-4605-204BBED8CF18">
<sourceConnName>MAXDTDEV</sourceConnName>
<sourceObjSchema>F_NYEC_SR_BY_DATE</sourceObjSchema>
<sourceObjName>D_DATE</sourceObjName>
<createdBy>ro38606</createdBy>
<createdTime>2013-05-07 16:48:31 UTC</createdTime>
<ownerDesignName>NYEC_BPM_Semantic_data_model_diagram</ownerDesignName>
<useDomainConstraints>false</useDomainConstraints>
<use>1</use>
<logicalDatatype>LOGDT007</logicalDatatype>
<dataTypeSize>7</dataTypeSize>
<autoIncrementCycle>false</autoIncrementCycle>
</Column>
<Column name="BUCKET_START_DATE" id="BA8F48B8-36B7-6531-4B90-C3AB9715D910">
<sourceConnName>MAXDTDEV</sourceConnName>
<sourceObjSchema>F_NYEC_SR_BY_DATE</sourceObjSchema>
<sourceObjName>BUCKET_START_DATE</sourceObjName>
<createdBy>ro38606</createdBy>
<createdTime>2013-05-07 16:48:31 UTC</createdTime>
<ownerDesignName>NYEC_BPM_Semantic_data_model_diagram</ownerDesignName>
<useDomainConstraints>false</useDomainConstraints>
<use>1</use>
<logicalDatatype>LOGDT007</logicalDatatype>
<dataTypeSize>7</dataTypeSize>
<autoIncrementCycle>false</autoIncrementCycle>
</Column>
<Column name="BUCKET_END_DATE" id="DBF63529-A6FE-87E5-6F04-181D7309FCD4">
<sourceConnName>MAXDTDEV</sourceConnName>
<sourceObjSchema>F_NYEC_SR_BY_DATE</sourceObjSchema>
<sourceObjName>BUCKET_END_DATE</sourceObjName>
<createdBy>ro38606</createdBy>
<createdTime>2013-05-07 16:48:31 UTC</createdTime>
<ownerDesignName>NYEC_BPM_Semantic_data_model_diagram</ownerDesignName>
<useDomainConstraints>false</useDomainConstraints>
<use>1</use>
<logicalDatatype>LOGDT007</logicalDatatype>
<dataTypeSize>7</dataTypeSize>
<autoIncrementCycle>false</autoIncrementCycle>
</Column>
<Column name="NYEC_SR_BI_ID" id="05C36AEA-DE47-E960-ED34-A1333A8EB525">
<sourceConnName>MAXDTDEV</sourceConnName>
<sourceObjSchema>F_NYEC_SR_BY_DATE</sourceObjSchema>
<sourceObjName>NYEC_SR_BI_ID</sourceObjName>
<createdBy>ro38606</createdBy>
<createdTime>2013-05-07 16:48:32 UTC</createdTime>
<ownerDesignName>NYEC_BPM_Semantic_data_model_diagram</ownerDesignName>
<useDomainConstraints>false</useDomainConstraints>
<use>1</use>
<logicalDatatype>LOGDT019</logicalDatatype>
<dataTypeSize>22</dataTypeSize>
<delegate>83BE83F9-3430-43C7-BA2C-5A30271774D0</delegate>
<autoIncrementCycle>false</autoIncrementCycle>
<associations>
<colAssociation fkAssociation="EA091299-9F50-6723-808F-CAE55D9D99CD" referredColumn="83BE83F9-3430-43C7-BA2C-5A30271774D0"/>
</associations>
</Column>
<Column name="DNSRRSF_ID" id="4713D993-9802-B11D-01D9-1E891C07DDC3">
<sourceConnName>MAXDTDEV</sourceConnName>
<sourceObjSchema>F_NYEC_SR_BY_DATE</sourceObjSchema>
<sourceObjName>DNSRRSF_ID</sourceObjName>
<createdBy>ro38606</createdBy>
<createdTime>2013-05-07 16:48:32 UTC</createdTime>
<ownerDesignName>NYEC_BPM_Semantic_data_model_diagram</ownerDesignName>
<useDomainConstraints>false</useDomainConstraints>
<use>1</use>
<logicalDatatype>LOGDT019</logicalDatatype>
<dataTypeSize>22</dataTypeSize>
<delegate>EE58A984-5D9E-C67E-E85A-9EBB54BA0588</delegate>
<autoIncrementCycle>false</autoIncrementCycle>
<associations>
<colAssociation fkAssociation="B168D7D9-6DBC-E170-06BF-F027BD279665" referredColumn="EE58A984-5D9E-C67E-E85A-9EBB54BA0588"/>
</associations>
</Column>
<Column name="DNSRSAI_ID" id="6C9D964D-4E82-EB42-C7AE-71F0D42EF34D">
<sourceConnName>MAXDTDEV</sourceConnName>
<sourceObjSchema>F_NYEC_SR_BY_DATE</sourceObjSchema>
<sourceObjName>DNSRSAI_ID</sourceObjName>
<createdBy>ro38606</createdBy>
<createdTime>2013-05-07 16:48:32 UTC</createdTime>
<ownerDesignName>NYEC_BPM_Semantic_data_model_diagram</ownerDesignName>
<useDomainConstraints>false</useDomainConstraints>
<use>1</use>
<logicalDatatype>LOGDT019</logicalDatatype>
<dataTypeSize>22</dataTypeSize>
<delegate>E1EDDC92-D625-9809-B749-2076C6DBAF48</delegate>
<autoIncrementCycle>false</autoIncrementCycle>
<associations>
<colAssociation fkAssociation="F68A716D-CFAD-6E41-DC08-18345A2ADC9E" referredColumn="E1EDDC92-D625-9809-B749-2076C6DBAF48"/>
</associations>
</Column>
<Column name="DNSRHAS_ID" id="DE592117-212E-EE96-602E-AAB20FD6AA0F">
<sourceConnName>MAXDTDEV</sourceConnName>
<sourceObjSchema>F_NYEC_SR_BY_DATE</sourceObjSchema>
<sourceObjName>DNSRHAS_ID</sourceObjName>
<createdBy>ro38606</createdBy>
<createdTime>2013-05-07 16:48:32 UTC</createdTime>
<ownerDesignName>NYEC_BPM_Semantic_data_model_diagram</ownerDesignName>
<useDomainConstraints>false</useDomainConstraints>
<use>1</use>
<logicalDatatype>LOGDT019</logicalDatatype>
<dataTypeSize>22</dataTypeSize>
<delegate>5FC8F3AB-F2F4-68AA-0E7E-7B5EB3DEDB3A</delegate>
<autoIncrementCycle>false</autoIncrementCycle>
<associations>
<colAssociation fkAssociation="BED094FB-87A3-8F63-378E-8F6EEFE4B0CC" referredColumn="5FC8F3AB-F2F4-68AA-0E7E-7B5EB3DEDB3A"/>
</associations>
</Column>
<Column name="DNSRASG_ID" id="4A58D393-01FD-415E-000C-0BFFD760E2B9">
<sourceConnName>MAXDTDEV</sourceConnName>
<sourceObjSchema>F_NYEC_SR_BY_DATE</sourceObjSchema>
<sourceObjName>DNSRASG_ID</sourceObjName>
<createdBy>ro38606</createdBy>
<createdTime>2013-05-07 16:48:32 UTC</createdTime>
<ownerDesignName>NYEC_BPM_Semantic_data_model_diagram</ownerDesignName>
<useDomainConstraints>false</useDomainConstraints>
<use>1</use>
<logicalDatatype>LOGDT019</logicalDatatype>
<dataTypeSize>22</dataTypeSize>
<delegate>12D895B4-3928-8E89-E842-2F9852A11436</delegate>
<autoIncrementCycle>false</autoIncrementCycle>
<associations>
<colAssociation fkAssociation="A3137818-FD71-B90A-8C5A-C1AC602CDA94" referredColumn="12D895B4-3928-8E89-E842-2F9852A11436"/>
</associations>
</Column>
<Column name="CREATION_COUNT" id="DF18ADBB-AA8D-DA82-481D-69FE58D0BCCC">
<sourceConnName>MAXDTDEV</sourceConnName>
<sourceObjSchema>F_NYEC_SR_BY_DATE</sourceObjSchema>
<sourceObjName>CREATION_COUNT</sourceObjName>
<createdBy>ro38606</createdBy>
<createdTime>2013-05-07 16:48:32 UTC</createdTime>
<ownerDesignName>NYEC_BPM_Semantic_data_model_diagram</ownerDesignName>
<nullsAllowed>true</nullsAllowed>
<useDomainConstraints>false</useDomainConstraints>
<use>1</use>
<logicalDatatype>LOGDT019</logicalDatatype>
<dataTypeSize>22</dataTypeSize>
<autoIncrementCycle>false</autoIncrementCycle>
</Column>
<Column name="INVENTORY_COUNT" id="335B566F-FED5-FA9F-D6AD-22D519E64D9D">
<sourceConnName>MAXDTDEV</sourceConnName>
<sourceObjSchema>F_NYEC_SR_BY_DATE</sourceObjSchema>
<sourceObjName>INVENTORY_COUNT</sourceObjName>
<createdBy>ro38606</createdBy>
<createdTime>2013-05-07 16:48:32 UTC</createdTime>
<ownerDesignName>NYEC_BPM_Semantic_data_model_diagram</ownerDesignName>
<nullsAllowed>true</nullsAllowed>
<useDomainConstraints>false</useDomainConstraints>
<use>1</use>
<logicalDatatype>LOGDT019</logicalDatatype>
<dataTypeSize>22</dataTypeSize>
<autoIncrementCycle>false</autoIncrementCycle>
</Column>
<Column name="COMPLETION_COUNT" id="FE51C4D5-A0B6-62BC-B7E1-B4F41020EEDE">
<sourceConnName>MAXDTDEV</sourceConnName>
<sourceObjSchema>F_NYEC_SR_BY_DATE</sourceObjSchema>
<sourceObjName>COMPLETION_COUNT</sourceObjName>
<createdBy>ro38606</createdBy>
<createdTime>2013-05-07 16:48:32 UTC</createdTime>
<ownerDesignName>NYEC_BPM_Semantic_data_model_diagram</ownerDesignName>
<nullsAllowed>true</nullsAllowed>
<useDomainConstraints>false</useDomainConstraints>
<use>1</use>
<logicalDatatype>LOGDT019</logicalDatatype>
<dataTypeSize>22</dataTypeSize>
<autoIncrementCycle>false</autoIncrementCycle>
</Column>
</columns>
<indexes itemClass="oracle.dbtools.crest.model.design.relational.Index">
<ind_PK_UK id="D0389F07-743F-3ABA-DA7D-D7C4E98333E1" name="FNSRBD_PK">
<sourceConnName>MAXDTDEV</sourceConnName>
<sourceObjSchema>MAXDAT</sourceObjSchema>
<sourceObjName>FNSRBD_PK</sourceObjName>
<createdBy>ro38606</createdBy>
<createdTime>2013-05-07 16:48:57 UTC</createdTime>
<ownerDesignName>NYEC_BPM_Semantic_data_model_diagram</ownerDesignName>
<schemaObject>8395E672-89A2-8150-B09D-55D1ECC2042E</schemaObject>
<pk>true</pk>
<indexState>Primary Constraint</indexState>
<indexColumnUsage>
<colUsage columnID="2429AC75-E6BD-575E-B415-4A12DAE69AE4"/>
</indexColumnUsage>
</ind_PK_UK>
<ind_PK_UK id="E36FDD76-3CF4-E6BA-2288-6387E1AD2FAD" name="FNSRBD_IXL2">
<sourceConnName>MAXDTDEV</sourceConnName>
<sourceObjSchema>MAXDAT</sourceObjSchema>
<sourceObjName>FNSRBD_IXL2</sourceObjName>
<createdBy>ro38606</createdBy>
<createdTime>2013-05-07 16:48:57 UTC</createdTime>
<ownerDesignName>NYEC_BPM_Semantic_data_model_diagram</ownerDesignName>
<schemaObject>8395E672-89A2-8150-B09D-55D1ECC2042E</schemaObject>
<indexColumnUsage>
<colUsage columnID="05C36AEA-DE47-E960-ED34-A1333A8EB525"/>
</indexColumnUsage>
</ind_PK_UK>
<ind_PK_UK id="D9EF1B23-8F22-5CC6-2604-649FEDAE6779" name="FNSRBD_UIX1">
<sourceConnName>MAXDTDEV</sourceConnName>
<sourceObjSchema>MAXDAT</sourceObjSchema>
<sourceObjName>FNSRBD_UIX1</sourceObjName>
<createdBy>ro38606</createdBy>
<createdTime>2013-05-07 16:48:57 UTC</createdTime>
<ownerDesignName>NYEC_BPM_Semantic_data_model_diagram</ownerDesignName>
<schemaObject>8395E672-89A2-8150-B09D-55D1ECC2042E</schemaObject>
<indexState>Unique Plain Index</indexState>
<indexColumnUsage>
<colUsage columnID="2429AC75-E6BD-575E-B415-4A12DAE69AE4"/>
<colUsage columnID="EB45633C-DDB7-B739-4605-204BBED8CF18"/>
</indexColumnUsage>
</ind_PK_UK>
<ind_PK_UK id="5AC95B87-12BA-2F8E-2795-FEA7376B0DDE" name="FNSRBD_UIX2">
<sourceConnName>MAXDTDEV</sourceConnName>
<sourceObjSchema>MAXDAT</sourceObjSchema>
<sourceObjName>FNSRBD_UIX2</sourceObjName>
<createdBy>ro38606</createdBy>
<createdTime>2013-05-07 16:48:57 UTC</createdTime>
<ownerDesignName>NYEC_BPM_Semantic_data_model_diagram</ownerDesignName>
<schemaObject>8395E672-89A2-8150-B09D-55D1ECC2042E</schemaObject>
<indexState>Unique Plain Index</indexState>
<indexColumnUsage>
<colUsage columnID="2429AC75-E6BD-575E-B415-4A12DAE69AE4"/>
<colUsage columnID="BA8F48B8-36B7-6531-4B90-C3AB9715D910"/>
</indexColumnUsage>
</ind_PK_UK>
<ind_PK_UK id="F3BF12A3-DC57-05EF-33F4-65AD9DEC9A61" name="FNSRBD_IXL1">
<sourceConnName>MAXDTDEV</sourceConnName>
<sourceObjSchema>MAXDAT</sourceObjSchema>
<sourceObjName>FNSRBD_IXL1</sourceObjName>
<createdBy>ro38606</createdBy>
<createdTime>2013-05-07 16:48:57 UTC</createdTime>
<ownerDesignName>NYEC_BPM_Semantic_data_model_diagram</ownerDesignName>
<schemaObject>8395E672-89A2-8150-B09D-55D1ECC2042E</schemaObject>
<indexColumnUsage>
<colUsage columnID="DBF63529-A6FE-87E5-6F04-181D7309FCD4"/>
</indexColumnUsage>
</ind_PK_UK>
<ind_PK_UK id="26169AF2-4F0D-5F76-CC61-7D662DB721A7" name="FNSRBD_DNSRASG_FK">
<createdBy>ro38606</createdBy>
<createdTime>2013-05-07 16:50:10 UTC</createdTime>
<ownerDesignName>NYEC_BPM_Semantic_data_model_diagram</ownerDesignName>
<indexState>Foreign Key</indexState>
<indexColumnUsage>
<colUsage columnID="4A58D393-01FD-415E-000C-0BFFD760E2B9"/>
</indexColumnUsage>
</ind_PK_UK>
<ind_PK_UK id="D219A6F3-A9DD-E313-DF6B-E7284E1C96FD" name="FNSRBD_DNSRCUR_FK">
<createdBy>ro38606</createdBy>
<createdTime>2013-05-07 16:50:10 UTC</createdTime>
<ownerDesignName>NYEC_BPM_Semantic_data_model_diagram</ownerDesignName>
<indexState>Foreign Key</indexState>
<indexColumnUsage>
<colUsage columnID="05C36AEA-DE47-E960-ED34-A1333A8EB525"/>
</indexColumnUsage>
</ind_PK_UK>
<ind_PK_UK id="37BAA929-B34A-4F79-951A-CA557AE0EFCB" name="FNSRBD_DNSRHAS_FK">
<createdBy>ro38606</createdBy>
<createdTime>2013-05-07 16:50:10 UTC</createdTime>
<ownerDesignName>NYEC_BPM_Semantic_data_model_diagram</ownerDesignName>
<indexState>Foreign Key</indexState>
<indexColumnUsage>
<colUsage columnID="DE592117-212E-EE96-602E-AAB20FD6AA0F"/>
</indexColumnUsage>
</ind_PK_UK>
<ind_PK_UK id="6BB72A12-3A5B-5FC1-8EE0-142A382FC690" name="FNSRBD_DNSRRSF_FK">
<createdBy>ro38606</createdBy>
<createdTime>2013-05-07 16:50:10 UTC</createdTime>
<ownerDesignName>NYEC_BPM_Semantic_data_model_diagram</ownerDesignName>
<indexState>Foreign Key</indexState>
<indexColumnUsage>
<colUsage columnID="4713D993-9802-B11D-01D9-1E891C07DDC3"/>
</indexColumnUsage>
</ind_PK_UK>
<ind_PK_UK id="4F84E6BE-5ABA-63CD-2BFB-3C40802E1D83" name="FNSRBD_DNSRSAI_FK">
<createdBy>ro38606</createdBy>
<createdTime>2013-05-07 16:50:10 UTC</createdTime>
<ownerDesignName>NYEC_BPM_Semantic_data_model_diagram</ownerDesignName>
<indexState>Foreign Key</indexState>
<indexColumnUsage>
<colUsage columnID="6C9D964D-4E82-EB42-C7AE-71F0D42EF34D"/>
</indexColumnUsage>
</ind_PK_UK>
</indexes>
</Table>