<?xml version = '1.0' encoding = 'UTF-8'?>
<Table class="oracle.dbtools.crest.model.design.relational.Table" id="4B8F1BA2-219E-1E89-88E4-854250238811" directorySegmentName="seg_0" name="F_NYEC_SITP_BY_DATE">
<sourceConnName>MAXDTDEV</sourceConnName>
<sourceObjSchema>MAXDAT</sourceObjSchema>
<sourceObjName>F_NYEC_SITP_BY_DATE</sourceObjName>
<createdBy>ro38606</createdBy>
<createdTime>2013-05-07 16:46:58 UTC</createdTime>
<ownerDesignName>NYEC_BPM_Semantic_data_model_diagram</ownerDesignName>
<schemaObject>8395E672-89A2-8150-B09D-55D1ECC2042E</schemaObject>
<pkName>FNSITPBD_PK</pkName>
<fonts itemClass="oracle.dbtools.crest.model.design.FontObjectWr">
<FontObject>
<foType>Title</foType>
<fontStyle>1</fontStyle>
<colorRGB>-16776961</colorRGB>
</FontObject>
<FontObject>
<foType>Column</foType>
<colorRGB>-16777216</colorRGB>
</FontObject>
<FontObject>
<foType>Datatype</foType>
<colorRGB>-16744448</colorRGB>
</FontObject>
<FontObject>
<foType>PK Element</foType>
<colorRGB>-16776961</colorRGB>
</FontObject>
<FontObject>
<foType>FK Element</foType>
<colorRGB>-16777216</colorRGB>
</FontObject>
<FontObject>
<foType>UK Element</foType>
<colorRGB>-16776961</colorRGB>
</FontObject>
<FontObject>
<foType>Not Null</foType>
<colorRGB>-65536</colorRGB>
</FontObject>
<FontObject>
<foType>Key</foType>
<colorRGB>-16777216</colorRGB>
</FontObject>
</fonts>
<columns itemClass="oracle.dbtools.crest.model.design.relational.Column">
<Column name="FNSITPBD_ID" id="A0EBFBA7-7843-CDAF-F073-0A6A25C7F496">
<sourceConnName>MAXDTDEV</sourceConnName>
<sourceObjSchema>F_NYEC_SITP_BY_DATE</sourceObjSchema>
<sourceObjName>FNSITPBD_ID</sourceObjName>
<createdBy>ro38606</createdBy>
<createdTime>2013-05-07 16:48:30 UTC</createdTime>
<ownerDesignName>NYEC_BPM_Semantic_data_model_diagram</ownerDesignName>
<useDomainConstraints>false</useDomainConstraints>
<use>1</use>
<logicalDatatype>LOGDT019</logicalDatatype>
<dataTypeSize>22</dataTypeSize>
<autoIncrementCycle>false</autoIncrementCycle>
</Column>
<Column name="D_DATE" id="E15E36EC-F90F-D811-26CF-96D796082B31">
<sourceConnName>MAXDTDEV</sourceConnName>
<sourceObjSchema>F_NYEC_SITP_BY_DATE</sourceObjSchema>
<sourceObjName>D_DATE</sourceObjName>
<createdBy>ro38606</createdBy>
<createdTime>2013-05-07 16:48:30 UTC</createdTime>
<ownerDesignName>NYEC_BPM_Semantic_data_model_diagram</ownerDesignName>
<useDomainConstraints>false</useDomainConstraints>
<use>1</use>
<logicalDatatype>LOGDT007</logicalDatatype>
<dataTypeSize>7</dataTypeSize>
<autoIncrementCycle>false</autoIncrementCycle>
</Column>
<Column name="BUCKET_START_DATE" id="14C20E4C-4A2D-DFB2-E2EB-EBFF90AEBDB1">
<sourceConnName>MAXDTDEV</sourceConnName>
<sourceObjSchema>F_NYEC_SITP_BY_DATE</sourceObjSchema>
<sourceObjName>BUCKET_START_DATE</sourceObjName>
<createdBy>ro38606</createdBy>
<createdTime>2013-05-07 16:48:30 UTC</createdTime>
<ownerDesignName>NYEC_BPM_Semantic_data_model_diagram</ownerDesignName>
<useDomainConstraints>false</useDomainConstraints>
<use>1</use>
<logicalDatatype>LOGDT007</logicalDatatype>
<dataTypeSize>7</dataTypeSize>
<autoIncrementCycle>false</autoIncrementCycle>
</Column>
<Column name="BUCKET_END_DATE" id="E3E1EC91-1958-A420-E32B-133B13D241F0">
<sourceConnName>MAXDTDEV</sourceConnName>
<sourceObjSchema>F_NYEC_SITP_BY_DATE</sourceObjSchema>
<sourceObjName>BUCKET_END_DATE</sourceObjName>
<createdBy>ro38606</createdBy>
<createdTime>2013-05-07 16:48:30 UTC</createdTime>
<ownerDesignName>NYEC_BPM_Semantic_data_model_diagram</ownerDesignName>
<useDomainConstraints>false</useDomainConstraints>
<use>1</use>
<logicalDatatype>LOGDT007</logicalDatatype>
<dataTypeSize>7</dataTypeSize>
<autoIncrementCycle>false</autoIncrementCycle>
</Column>
<Column name="NYEC_SITP_BI_ID" id="FBD84C25-0DF1-23D8-E105-E555D784CE5F">
<sourceConnName>MAXDTDEV</sourceConnName>
<sourceObjSchema>F_NYEC_SITP_BY_DATE</sourceObjSchema>
<sourceObjName>NYEC_SITP_BI_ID</sourceObjName>
<createdBy>ro38606</createdBy>
<createdTime>2013-05-07 16:48:30 UTC</createdTime>
<ownerDesignName>NYEC_BPM_Semantic_data_model_diagram</ownerDesignName>
<useDomainConstraints>false</useDomainConstraints>
<use>1</use>
<logicalDatatype>LOGDT019</logicalDatatype>
<dataTypeSize>22</dataTypeSize>
<delegate>333F244A-4CAE-C8E7-02A6-B29A066AF888</delegate>
<autoIncrementCycle>false</autoIncrementCycle>
<associations>
<colAssociation fkAssociation="3CEF3518-0995-8545-5BA2-E7094887B867" referredColumn="333F244A-4CAE-C8E7-02A6-B29A066AF888"/>
</associations>
</Column>
<Column name="CREATION_COUNT" id="FC7F8D4B-7722-8581-C19C-AE33F4F20154">
<sourceConnName>MAXDTDEV</sourceConnName>
<sourceObjSchema>F_NYEC_SITP_BY_DATE</sourceObjSchema>
<sourceObjName>CREATION_COUNT</sourceObjName>
<createdBy>ro38606</createdBy>
<createdTime>2013-05-07 16:48:31 UTC</createdTime>
<ownerDesignName>NYEC_BPM_Semantic_data_model_diagram</ownerDesignName>
<nullsAllowed>true</nullsAllowed>
<useDomainConstraints>false</useDomainConstraints>
<use>1</use>
<logicalDatatype>LOGDT019</logicalDatatype>
<dataTypeSize>22</dataTypeSize>
<autoIncrementCycle>false</autoIncrementCycle>
</Column>
<Column name="INVENTORY_COUNT" id="5961B2B1-2CD2-E90A-3870-D64E70515062">
<sourceConnName>MAXDTDEV</sourceConnName>
<sourceObjSchema>F_NYEC_SITP_BY_DATE</sourceObjSchema>
<sourceObjName>INVENTORY_COUNT</sourceObjName>
<createdBy>ro38606</createdBy>
<createdTime>2013-05-07 16:48:31 UTC</createdTime>
<ownerDesignName>NYEC_BPM_Semantic_data_model_diagram</ownerDesignName>
<nullsAllowed>true</nullsAllowed>
<useDomainConstraints>false</useDomainConstraints>
<use>1</use>
<logicalDatatype>LOGDT019</logicalDatatype>
<dataTypeSize>22</dataTypeSize>
<autoIncrementCycle>false</autoIncrementCycle>
</Column>
<Column name="COMPLETION_COUNT" id="5C765990-8B8B-DEAF-69F2-90F63A771FAE">
<sourceConnName>MAXDTDEV</sourceConnName>
<sourceObjSchema>F_NYEC_SITP_BY_DATE</sourceObjSchema>
<sourceObjName>COMPLETION_COUNT</sourceObjName>
<createdBy>ro38606</createdBy>
<createdTime>2013-05-07 16:48:31 UTC</createdTime>
<ownerDesignName>NYEC_BPM_Semantic_data_model_diagram</ownerDesignName>
<nullsAllowed>true</nullsAllowed>
<useDomainConstraints>false</useDomainConstraints>
<use>1</use>
<logicalDatatype>LOGDT019</logicalDatatype>
<dataTypeSize>22</dataTypeSize>
<autoIncrementCycle>false</autoIncrementCycle>
</Column>
</columns>
<indexes itemClass="oracle.dbtools.crest.model.design.relational.Index">
<ind_PK_UK id="72B1E794-C2E6-7E1F-6FEE-7EC1F0EBC270" name="FNSITPBD_PK">
<sourceConnName>MAXDTDEV</sourceConnName>
<sourceObjSchema>MAXDAT</sourceObjSchema>
<sourceObjName>FNSITPBD_PK</sourceObjName>
<createdBy>ro38606</createdBy>
<createdTime>2013-05-07 16:48:56 UTC</createdTime>
<ownerDesignName>NYEC_BPM_Semantic_data_model_diagram</ownerDesignName>
<schemaObject>8395E672-89A2-8150-B09D-55D1ECC2042E</schemaObject>
<pk>true</pk>
<indexState>Primary Constraint</indexState>
<indexColumnUsage>
<colUsage columnID="A0EBFBA7-7843-CDAF-F073-0A6A25C7F496"/>
</indexColumnUsage>
</ind_PK_UK>
<ind_PK_UK id="D4CE6DAD-1BF6-5EBF-C968-A194858DC42D" name="FNSITPBD_UIX1">
<sourceConnName>MAXDTDEV</sourceConnName>
<sourceObjSchema>MAXDAT</sourceObjSchema>
<sourceObjName>FNSITPBD_UIX1</sourceObjName>
<createdBy>ro38606</createdBy>
<createdTime>2013-05-07 16:48:56 UTC</createdTime>
<ownerDesignName>NYEC_BPM_Semantic_data_model_diagram</ownerDesignName>
<schemaObject>8395E672-89A2-8150-B09D-55D1ECC2042E</schemaObject>
<indexState>Unique Plain Index</indexState>
<indexColumnUsage>
<colUsage columnID="A0EBFBA7-7843-CDAF-F073-0A6A25C7F496"/>
<colUsage columnID="E15E36EC-F90F-D811-26CF-96D796082B31"/>
</indexColumnUsage>
</ind_PK_UK>
<ind_PK_UK id="8C9ACCFC-3FB3-9CD1-B08A-A53DB1315F54" name="FNSITPBD_UIX2">
<sourceConnName>MAXDTDEV</sourceConnName>
<sourceObjSchema>MAXDAT</sourceObjSchema>
<sourceObjName>FNSITPBD_UIX2</sourceObjName>
<createdBy>ro38606</createdBy>
<createdTime>2013-05-07 16:48:56 UTC</createdTime>
<ownerDesignName>NYEC_BPM_Semantic_data_model_diagram</ownerDesignName>
<schemaObject>8395E672-89A2-8150-B09D-55D1ECC2042E</schemaObject>
<indexState>Unique Plain Index</indexState>
<indexColumnUsage>
<colUsage columnID="A0EBFBA7-7843-CDAF-F073-0A6A25C7F496"/>
<colUsage columnID="14C20E4C-4A2D-DFB2-E2EB-EBFF90AEBDB1"/>
</indexColumnUsage>
</ind_PK_UK>
<ind_PK_UK id="F569B219-629D-FC08-9E9F-E89573EAA0F3" name="FNSITPBD_IXL1">
<sourceConnName>MAXDTDEV</sourceConnName>
<sourceObjSchema>MAXDAT</sourceObjSchema>
<sourceObjName>FNSITPBD_IXL1</sourceObjName>
<createdBy>ro38606</createdBy>
<createdTime>2013-05-07 16:48:57 UTC</createdTime>
<ownerDesignName>NYEC_BPM_Semantic_data_model_diagram</ownerDesignName>
<schemaObject>8395E672-89A2-8150-B09D-55D1ECC2042E</schemaObject>
<indexColumnUsage>
<colUsage columnID="E3E1EC91-1958-A420-E32B-133B13D241F0"/>
</indexColumnUsage>
</ind_PK_UK>
<ind_PK_UK id="7D5D6833-EF16-3767-6273-528FB068CE44" name="FNSITPBD_IXL2">
<sourceConnName>MAXDTDEV</sourceConnName>
<sourceObjSchema>MAXDAT</sourceObjSchema>
<sourceObjName>FNSITPBD_IXL2</sourceObjName>
<createdBy>ro38606</createdBy>
<createdTime>2013-05-07 16:48:57 UTC</createdTime>
<ownerDesignName>NYEC_BPM_Semantic_data_model_diagram</ownerDesignName>
<schemaObject>8395E672-89A2-8150-B09D-55D1ECC2042E</schemaObject>
<indexColumnUsage>
<colUsage columnID="FBD84C25-0DF1-23D8-E105-E555D784CE5F"/>
</indexColumnUsage>
</ind_PK_UK>
<ind_PK_UK id="81BE81FE-4F0C-3344-9A6D-9B79B1A00C42" name="FNSITPBD_DNSITPCUR_FK">
<createdBy>ro38606</createdBy>
<createdTime>2013-05-07 16:50:10 UTC</createdTime>
<ownerDesignName>NYEC_BPM_Semantic_data_model_diagram</ownerDesignName>
<indexState>Foreign Key</indexState>
<indexColumnUsage>
<colUsage columnID="FBD84C25-0DF1-23D8-E105-E555D784CE5F"/>
</indexColumnUsage>
</ind_PK_UK>
</indexes>
</Table>