<?xml version = '1.0' encoding = 'UTF-8'?>
<Table class="oracle.dbtools.crest.model.design.relational.Table" id="5A9C4B7B-CBFD-80DE-7A43-FA10166B9E03" directorySegmentName="seg_0" name="F_NYEC_IR_BY_DATE">
<sourceConnName>MAXDTDEV</sourceConnName>
<sourceObjSchema>MAXDAT</sourceObjSchema>
<sourceObjName>F_NYEC_IR_BY_DATE</sourceObjName>
<createdBy>ro38606</createdBy>
<createdTime>2013-05-07 16:46:57 UTC</createdTime>
<ownerDesignName>NYEC_BPM_Semantic_data_model_diagram</ownerDesignName>
<schemaObject>8395E672-89A2-8150-B09D-55D1ECC2042E</schemaObject>
<pkName>FNIRBD_PK</pkName>
<fonts itemClass="oracle.dbtools.crest.model.design.FontObjectWr">
<FontObject>
<foType>Title</foType>
<fontStyle>1</fontStyle>
<colorRGB>-16776961</colorRGB>
</FontObject>
<FontObject>
<foType>Column</foType>
<colorRGB>-16777216</colorRGB>
</FontObject>
<FontObject>
<foType>Datatype</foType>
<colorRGB>-16744448</colorRGB>
</FontObject>
<FontObject>
<foType>PK Element</foType>
<colorRGB>-16776961</colorRGB>
</FontObject>
<FontObject>
<foType>FK Element</foType>
<colorRGB>-16777216</colorRGB>
</FontObject>
<FontObject>
<foType>UK Element</foType>
<colorRGB>-16776961</colorRGB>
</FontObject>
<FontObject>
<foType>Not Null</foType>
<colorRGB>-65536</colorRGB>
</FontObject>
<FontObject>
<foType>Key</foType>
<colorRGB>-16777216</colorRGB>
</FontObject>
</fonts>
<columns itemClass="oracle.dbtools.crest.model.design.relational.Column">
<Column name="FNIRBD_ID" id="5C50685E-91B8-452B-14C4-2FB751A99893">
<sourceConnName>MAXDTDEV</sourceConnName>
<sourceObjSchema>F_NYEC_IR_BY_DATE</sourceObjSchema>
<sourceObjName>FNIRBD_ID</sourceObjName>
<createdBy>ro38606</createdBy>
<createdTime>2013-05-07 16:48:21 UTC</createdTime>
<ownerDesignName>NYEC_BPM_Semantic_data_model_diagram</ownerDesignName>
<useDomainConstraints>false</useDomainConstraints>
<use>1</use>
<logicalDatatype>LOGDT019</logicalDatatype>
<dataTypeSize>22</dataTypeSize>
<autoIncrementCycle>false</autoIncrementCycle>
</Column>
<Column name="D_DATE" id="7E336DF7-AFC2-3093-6B36-29FD764D3D0B">
<sourceConnName>MAXDTDEV</sourceConnName>
<sourceObjSchema>F_NYEC_IR_BY_DATE</sourceObjSchema>
<sourceObjName>D_DATE</sourceObjName>
<createdBy>ro38606</createdBy>
<createdTime>2013-05-07 16:48:21 UTC</createdTime>
<ownerDesignName>NYEC_BPM_Semantic_data_model_diagram</ownerDesignName>
<useDomainConstraints>false</useDomainConstraints>
<use>1</use>
<logicalDatatype>LOGDT007</logicalDatatype>
<dataTypeSize>7</dataTypeSize>
<autoIncrementCycle>false</autoIncrementCycle>
</Column>
<Column name="BUCKET_START_DATE" id="D8845A3A-4866-B650-BA6B-9AC9706A24B4">
<sourceConnName>MAXDTDEV</sourceConnName>
<sourceObjSchema>F_NYEC_IR_BY_DATE</sourceObjSchema>
<sourceObjName>BUCKET_START_DATE</sourceObjName>
<createdBy>ro38606</createdBy>
<createdTime>2013-05-07 16:48:21 UTC</createdTime>
<ownerDesignName>NYEC_BPM_Semantic_data_model_diagram</ownerDesignName>
<useDomainConstraints>false</useDomainConstraints>
<use>1</use>
<logicalDatatype>LOGDT007</logicalDatatype>
<dataTypeSize>7</dataTypeSize>
<autoIncrementCycle>false</autoIncrementCycle>
</Column>
<Column name="BUCKET_END_DATE" id="07D4DCBC-A341-105F-AEC7-B105DD268B5B">
<sourceConnName>MAXDTDEV</sourceConnName>
<sourceObjSchema>F_NYEC_IR_BY_DATE</sourceObjSchema>
<sourceObjName>BUCKET_END_DATE</sourceObjName>
<createdBy>ro38606</createdBy>
<createdTime>2013-05-07 16:48:21 UTC</createdTime>
<ownerDesignName>NYEC_BPM_Semantic_data_model_diagram</ownerDesignName>
<useDomainConstraints>false</useDomainConstraints>
<use>1</use>
<logicalDatatype>LOGDT007</logicalDatatype>
<dataTypeSize>7</dataTypeSize>
<autoIncrementCycle>false</autoIncrementCycle>
</Column>
<Column name="NYEC_IR_BI_ID" id="4AD64800-6A08-7AED-6632-E87362E0E5AE">
<sourceConnName>MAXDTDEV</sourceConnName>
<sourceObjSchema>F_NYEC_IR_BY_DATE</sourceObjSchema>
<sourceObjName>NYEC_IR_BI_ID</sourceObjName>
<createdBy>ro38606</createdBy>
<createdTime>2013-05-07 16:48:21 UTC</createdTime>
<ownerDesignName>NYEC_BPM_Semantic_data_model_diagram</ownerDesignName>
<useDomainConstraints>false</useDomainConstraints>
<use>1</use>
<logicalDatatype>LOGDT019</logicalDatatype>
<dataTypeSize>22</dataTypeSize>
<delegate>A341119E-30FC-B47E-24C6-19E5F30E15E4</delegate>
<autoIncrementCycle>false</autoIncrementCycle>
<associations>
<colAssociation fkAssociation="2B7EC034-3E69-CEBD-074F-E10C7DAC2321" referredColumn="A341119E-30FC-B47E-24C6-19E5F30E15E4"/>
</associations>
</Column>
<Column name="DNIRCI_ID" id="0868925A-BF7A-514A-629C-8581EDA3CCB0">
<sourceConnName>MAXDTDEV</sourceConnName>
<sourceObjSchema>F_NYEC_IR_BY_DATE</sourceObjSchema>
<sourceObjName>DNIRCI_ID</sourceObjName>
<createdBy>ro38606</createdBy>
<createdTime>2013-05-07 16:48:21 UTC</createdTime>
<ownerDesignName>NYEC_BPM_Semantic_data_model_diagram</ownerDesignName>
<useDomainConstraints>false</useDomainConstraints>
<use>1</use>
<logicalDatatype>LOGDT019</logicalDatatype>
<dataTypeSize>22</dataTypeSize>
<delegate>EA20723D-FC48-C73D-6BFE-012E44C3922B</delegate>
<autoIncrementCycle>false</autoIncrementCycle>
<associations>
<colAssociation fkAssociation="5084EE37-6451-484B-00A7-63EB50B95136" referredColumn="EA20723D-FC48-C73D-6BFE-012E44C3922B"/>
</associations>
</Column>
<Column name="Authorization End Date" id="55F0F7F3-986B-88A9-6F48-45800A2ABFBA">
<sourceConnName>MAXDTDEV</sourceConnName>
<sourceObjSchema>F_NYEC_IR_BY_DATE</sourceObjSchema>
<sourceObjName>Authorization End Date</sourceObjName>
<createdBy>ro38606</createdBy>
<createdTime>2013-05-07 16:48:22 UTC</createdTime>
<ownerDesignName>NYEC_BPM_Semantic_data_model_diagram</ownerDesignName>
<nullsAllowed>true</nullsAllowed>
<useDomainConstraints>false</useDomainConstraints>
<use>1</use>
<logicalDatatype>LOGDT007</logicalDatatype>
<dataTypeSize>7</dataTypeSize>
<autoIncrementCycle>false</autoIncrementCycle>
</Column>
<Column name="CREATION_COUNT" id="6A1287F5-CEF1-41C0-1A6F-10E7B02C064E">
<sourceConnName>MAXDTDEV</sourceConnName>
<sourceObjSchema>F_NYEC_IR_BY_DATE</sourceObjSchema>
<sourceObjName>CREATION_COUNT</sourceObjName>
<createdBy>ro38606</createdBy>
<createdTime>2013-05-07 16:48:22 UTC</createdTime>
<ownerDesignName>NYEC_BPM_Semantic_data_model_diagram</ownerDesignName>
<nullsAllowed>true</nullsAllowed>
<useDomainConstraints>false</useDomainConstraints>
<use>1</use>
<logicalDatatype>LOGDT019</logicalDatatype>
<dataTypeSize>22</dataTypeSize>
<autoIncrementCycle>false</autoIncrementCycle>
</Column>
<Column name="INVENTORY_COUNT" id="6E051E59-468C-FC4C-E8C5-BA1B34A634AC">
<sourceConnName>MAXDTDEV</sourceConnName>
<sourceObjSchema>F_NYEC_IR_BY_DATE</sourceObjSchema>
<sourceObjName>INVENTORY_COUNT</sourceObjName>
<createdBy>ro38606</createdBy>
<createdTime>2013-05-07 16:48:22 UTC</createdTime>
<ownerDesignName>NYEC_BPM_Semantic_data_model_diagram</ownerDesignName>
<nullsAllowed>true</nullsAllowed>
<useDomainConstraints>false</useDomainConstraints>
<use>1</use>
<logicalDatatype>LOGDT019</logicalDatatype>
<dataTypeSize>22</dataTypeSize>
<autoIncrementCycle>false</autoIncrementCycle>
</Column>
<Column name="COMPLETION_COUNT" id="A80A860B-F262-AAC7-537F-96E98279E93F">
<sourceConnName>MAXDTDEV</sourceConnName>
<sourceObjSchema>F_NYEC_IR_BY_DATE</sourceObjSchema>
<sourceObjName>COMPLETION_COUNT</sourceObjName>
<createdBy>ro38606</createdBy>
<createdTime>2013-05-07 16:48:22 UTC</createdTime>
<ownerDesignName>NYEC_BPM_Semantic_data_model_diagram</ownerDesignName>
<nullsAllowed>true</nullsAllowed>
<useDomainConstraints>false</useDomainConstraints>
<use>1</use>
<logicalDatatype>LOGDT019</logicalDatatype>
<dataTypeSize>22</dataTypeSize>
<autoIncrementCycle>false</autoIncrementCycle>
</Column>
</columns>
<indexes itemClass="oracle.dbtools.crest.model.design.relational.Index">
<ind_PK_UK id="168D35F1-5E36-CA16-A8C5-AE4E10CA219D" name="FNIRBD_PK">
<sourceConnName>MAXDTDEV</sourceConnName>
<sourceObjSchema>MAXDAT</sourceObjSchema>
<sourceObjName>FNIRBD_PK</sourceObjName>
<createdBy>ro38606</createdBy>
<createdTime>2013-05-07 16:48:53 UTC</createdTime>
<ownerDesignName>NYEC_BPM_Semantic_data_model_diagram</ownerDesignName>
<schemaObject>8395E672-89A2-8150-B09D-55D1ECC2042E</schemaObject>
<pk>true</pk>
<indexState>Primary Constraint</indexState>
<indexColumnUsage>
<colUsage columnID="5C50685E-91B8-452B-14C4-2FB751A99893"/>
</indexColumnUsage>
</ind_PK_UK>
<ind_PK_UK id="E0087A1F-9075-E25B-5699-4C151DEC3829" name="FNIRBD_IXL2">
<sourceConnName>MAXDTDEV</sourceConnName>
<sourceObjSchema>MAXDAT</sourceObjSchema>
<sourceObjName>FNIRBD_IXL2</sourceObjName>
<createdBy>ro38606</createdBy>
<createdTime>2013-05-07 16:48:53 UTC</createdTime>
<ownerDesignName>NYEC_BPM_Semantic_data_model_diagram</ownerDesignName>
<schemaObject>8395E672-89A2-8150-B09D-55D1ECC2042E</schemaObject>
<indexColumnUsage>
<colUsage columnID="4AD64800-6A08-7AED-6632-E87362E0E5AE"/>
</indexColumnUsage>
</ind_PK_UK>
<ind_PK_UK id="6851AD59-61CB-CA59-56FF-8DA3B9C76E9A" name="FNIRBD_UIX1">
<sourceConnName>MAXDTDEV</sourceConnName>
<sourceObjSchema>MAXDAT</sourceObjSchema>
<sourceObjName>FNIRBD_UIX1</sourceObjName>
<createdBy>ro38606</createdBy>
<createdTime>2013-05-07 16:48:53 UTC</createdTime>
<ownerDesignName>NYEC_BPM_Semantic_data_model_diagram</ownerDesignName>
<schemaObject>8395E672-89A2-8150-B09D-55D1ECC2042E</schemaObject>
<indexState>Unique Plain Index</indexState>
<indexColumnUsage>
<colUsage columnID="5C50685E-91B8-452B-14C4-2FB751A99893"/>
<colUsage columnID="7E336DF7-AFC2-3093-6B36-29FD764D3D0B"/>
</indexColumnUsage>
</ind_PK_UK>
<ind_PK_UK id="4015E17A-020C-E1EF-AE60-085A49AFB354" name="FNIRBD_UIX2">
<sourceConnName>MAXDTDEV</sourceConnName>
<sourceObjSchema>MAXDAT</sourceObjSchema>
<sourceObjName>FNIRBD_UIX2</sourceObjName>
<createdBy>ro38606</createdBy>
<createdTime>2013-05-07 16:48:53 UTC</createdTime>
<ownerDesignName>NYEC_BPM_Semantic_data_model_diagram</ownerDesignName>
<schemaObject>8395E672-89A2-8150-B09D-55D1ECC2042E</schemaObject>
<indexState>Unique Plain Index</indexState>
<indexColumnUsage>
<colUsage columnID="5C50685E-91B8-452B-14C4-2FB751A99893"/>
<colUsage columnID="D8845A3A-4866-B650-BA6B-9AC9706A24B4"/>
</indexColumnUsage>
</ind_PK_UK>
<ind_PK_UK id="E9B3A79E-DA5C-2484-8E0E-EEC7A3A0AF8F" name="FNIRBD_IXL1">
<sourceConnName>MAXDTDEV</sourceConnName>
<sourceObjSchema>MAXDAT</sourceObjSchema>
<sourceObjName>FNIRBD_IXL1</sourceObjName>
<createdBy>ro38606</createdBy>
<createdTime>2013-05-07 16:48:53 UTC</createdTime>
<ownerDesignName>NYEC_BPM_Semantic_data_model_diagram</ownerDesignName>
<schemaObject>8395E672-89A2-8150-B09D-55D1ECC2042E</schemaObject>
<indexColumnUsage>
<colUsage columnID="07D4DCBC-A341-105F-AEC7-B105DD268B5B"/>
</indexColumnUsage>
</ind_PK_UK>
<ind_PK_UK id="A4C1CA21-0EB8-60D7-C0BD-4AA693128607" name="FNIRBD_DNIRCI_FK">
<createdBy>ro38606</createdBy>
<createdTime>2013-05-07 16:50:10 UTC</createdTime>
<ownerDesignName>NYEC_BPM_Semantic_data_model_diagram</ownerDesignName>
<indexState>Foreign Key</indexState>
<indexColumnUsage>
<colUsage columnID="0868925A-BF7A-514A-629C-8581EDA3CCB0"/>
</indexColumnUsage>
</ind_PK_UK>
<ind_PK_UK id="DD90B952-4515-602A-6727-B64B3D8EDEC7" name="FNIRBD_DNIRCUR_FK">
<createdBy>ro38606</createdBy>
<createdTime>2013-05-07 16:50:10 UTC</createdTime>
<ownerDesignName>NYEC_BPM_Semantic_data_model_diagram</ownerDesignName>
<indexState>Foreign Key</indexState>
<indexColumnUsage>
<colUsage columnID="4AD64800-6A08-7AED-6632-E87362E0E5AE"/>
</indexColumnUsage>
</ind_PK_UK>
</indexes>
</Table>