<?xml version = '1.0' encoding = 'UTF-8'?>
<Table class="oracle.dbtools.crest.model.design.relational.Table" id="6B4F4761-ED54-3269-9C80-36CD19057552" directorySegmentName="seg_0" name="F_NYEC_PAMI_BY_DATE">
<sourceConnName>MAXDTDEV</sourceConnName>
<sourceObjSchema>MAXDAT</sourceObjSchema>
<sourceObjName>F_NYEC_PAMI_BY_DATE</sourceObjName>
<createdBy>ro38606</createdBy>
<createdTime>2013-05-07 16:46:57 UTC</createdTime>
<ownerDesignName>NYEC_BPM_Semantic_data_model_diagram</ownerDesignName>
<schemaObject>8395E672-89A2-8150-B09D-55D1ECC2042E</schemaObject>
<pkName>FNPAMIBD_PK</pkName>
<fonts itemClass="oracle.dbtools.crest.model.design.FontObjectWr">
<FontObject>
<foType>Title</foType>
<fontStyle>1</fontStyle>
<colorRGB>-16776961</colorRGB>
</FontObject>
<FontObject>
<foType>Column</foType>
<colorRGB>-16777216</colorRGB>
</FontObject>
<FontObject>
<foType>Datatype</foType>
<colorRGB>-16744448</colorRGB>
</FontObject>
<FontObject>
<foType>PK Element</foType>
<colorRGB>-16776961</colorRGB>
</FontObject>
<FontObject>
<foType>FK Element</foType>
<colorRGB>-16777216</colorRGB>
</FontObject>
<FontObject>
<foType>UK Element</foType>
<colorRGB>-16776961</colorRGB>
</FontObject>
<FontObject>
<foType>Not Null</foType>
<colorRGB>-65536</colorRGB>
</FontObject>
<FontObject>
<foType>Key</foType>
<colorRGB>-16777216</colorRGB>
</FontObject>
</fonts>
<columns itemClass="oracle.dbtools.crest.model.design.relational.Column">
<Column name="FNPAMIBD_ID" id="D9E27E8F-FD87-C7F3-D9EB-26DD2A5FED5E">
<sourceConnName>MAXDTDEV</sourceConnName>
<sourceObjSchema>F_NYEC_PAMI_BY_DATE</sourceObjSchema>
<sourceObjName>FNPAMIBD_ID</sourceObjName>
<createdBy>ro38606</createdBy>
<createdTime>2013-05-07 16:48:22 UTC</createdTime>
<ownerDesignName>NYEC_BPM_Semantic_data_model_diagram</ownerDesignName>
<useDomainConstraints>false</useDomainConstraints>
<use>1</use>
<logicalDatatype>LOGDT019</logicalDatatype>
<dataTypeSize>22</dataTypeSize>
<autoIncrementCycle>false</autoIncrementCycle>
</Column>
<Column name="D_DATE" id="BC1B531C-29E6-0169-A5BF-B725A1482741">
<sourceConnName>MAXDTDEV</sourceConnName>
<sourceObjSchema>F_NYEC_PAMI_BY_DATE</sourceObjSchema>
<sourceObjName>D_DATE</sourceObjName>
<createdBy>ro38606</createdBy>
<createdTime>2013-05-07 16:48:22 UTC</createdTime>
<ownerDesignName>NYEC_BPM_Semantic_data_model_diagram</ownerDesignName>
<useDomainConstraints>false</useDomainConstraints>
<use>1</use>
<logicalDatatype>LOGDT007</logicalDatatype>
<dataTypeSize>7</dataTypeSize>
<autoIncrementCycle>false</autoIncrementCycle>
</Column>
<Column name="BUCKET_START_DATE" id="18EE3D31-C9AD-1FAC-63B7-F9098C5C8500">
<sourceConnName>MAXDTDEV</sourceConnName>
<sourceObjSchema>F_NYEC_PAMI_BY_DATE</sourceObjSchema>
<sourceObjName>BUCKET_START_DATE</sourceObjName>
<createdBy>ro38606</createdBy>
<createdTime>2013-05-07 16:48:22 UTC</createdTime>
<ownerDesignName>NYEC_BPM_Semantic_data_model_diagram</ownerDesignName>
<useDomainConstraints>false</useDomainConstraints>
<use>1</use>
<logicalDatatype>LOGDT007</logicalDatatype>
<dataTypeSize>7</dataTypeSize>
<autoIncrementCycle>false</autoIncrementCycle>
</Column>
<Column name="BUCKET_END_DATE" id="3EF417AA-5FE3-12B8-5F2B-605C74CC9240">
<sourceConnName>MAXDTDEV</sourceConnName>
<sourceObjSchema>F_NYEC_PAMI_BY_DATE</sourceObjSchema>
<sourceObjName>BUCKET_END_DATE</sourceObjName>
<createdBy>ro38606</createdBy>
<createdTime>2013-05-07 16:48:23 UTC</createdTime>
<ownerDesignName>NYEC_BPM_Semantic_data_model_diagram</ownerDesignName>
<useDomainConstraints>false</useDomainConstraints>
<use>1</use>
<logicalDatatype>LOGDT007</logicalDatatype>
<dataTypeSize>7</dataTypeSize>
<autoIncrementCycle>false</autoIncrementCycle>
</Column>
<Column name="NYEC_PAMI_BI_ID" id="E8E9BDCA-44FC-2FD6-350E-CC8171339C3D">
<sourceConnName>MAXDTDEV</sourceConnName>
<sourceObjSchema>F_NYEC_PAMI_BY_DATE</sourceObjSchema>
<sourceObjName>NYEC_PAMI_BI_ID</sourceObjName>
<createdBy>ro38606</createdBy>
<createdTime>2013-05-07 16:48:23 UTC</createdTime>
<ownerDesignName>NYEC_BPM_Semantic_data_model_diagram</ownerDesignName>
<useDomainConstraints>false</useDomainConstraints>
<use>1</use>
<logicalDatatype>LOGDT019</logicalDatatype>
<dataTypeSize>22</dataTypeSize>
<delegate>AA436A02-CBF0-0D0E-5E9D-0DC0462D56EA</delegate>
<autoIncrementCycle>false</autoIncrementCycle>
<associations>
<colAssociation fkAssociation="5D6278E1-2DD7-5BB2-6857-6DF12689B03A" referredColumn="AA436A02-CBF0-0D0E-5E9D-0DC0462D56EA"/>
</associations>
</Column>
<Column name="DNPAMIIS_ID" id="9FDA23D8-D5C3-67CA-EF8A-2440AA43B547">
<sourceConnName>MAXDTDEV</sourceConnName>
<sourceObjSchema>F_NYEC_PAMI_BY_DATE</sourceObjSchema>
<sourceObjName>DNPAMIIS_ID</sourceObjName>
<createdBy>ro38606</createdBy>
<createdTime>2013-05-07 16:48:23 UTC</createdTime>
<ownerDesignName>NYEC_BPM_Semantic_data_model_diagram</ownerDesignName>
<nullsAllowed>true</nullsAllowed>
<useDomainConstraints>false</useDomainConstraints>
<use>1</use>
<logicalDatatype>LOGDT019</logicalDatatype>
<dataTypeSize>22</dataTypeSize>
<delegate>C252EA65-EF00-16A1-A3BA-8FE9069DC4D5</delegate>
<autoIncrementCycle>false</autoIncrementCycle>
<associations>
<colAssociation fkAssociation="122E8A23-D9A1-CB68-9E90-87CE2457CB77" referredColumn="C252EA65-EF00-16A1-A3BA-8FE9069DC4D5"/>
</associations>
</Column>
<Column name="DNPAMIISP_ID" id="1888D44E-53C2-1F3C-35BB-A23E5A0914A9">
<sourceConnName>MAXDTDEV</sourceConnName>
<sourceObjSchema>F_NYEC_PAMI_BY_DATE</sourceObjSchema>
<sourceObjName>DNPAMIISP_ID</sourceObjName>
<createdBy>ro38606</createdBy>
<createdTime>2013-05-07 16:48:23 UTC</createdTime>
<ownerDesignName>NYEC_BPM_Semantic_data_model_diagram</ownerDesignName>
<useDomainConstraints>false</useDomainConstraints>
<use>1</use>
<logicalDatatype>LOGDT019</logicalDatatype>
<dataTypeSize>22</dataTypeSize>
<delegate>200C0DB7-0B53-485F-1238-1183D81E9777</delegate>
<autoIncrementCycle>false</autoIncrementCycle>
<associations>
<colAssociation fkAssociation="751870D9-FD9C-6CAA-2A02-FE380BD2BB41" referredColumn="200C0DB7-0B53-485F-1238-1183D81E9777"/>
</associations>
</Column>
<Column name="DNPAMIRS_ID" id="FC43BFDB-1589-EA04-A67B-0BAC7B380030">
<sourceConnName>MAXDTDEV</sourceConnName>
<sourceObjSchema>F_NYEC_PAMI_BY_DATE</sourceObjSchema>
<sourceObjName>DNPAMIRS_ID</sourceObjName>
<createdBy>ro38606</createdBy>
<createdTime>2013-05-07 16:48:23 UTC</createdTime>
<ownerDesignName>NYEC_BPM_Semantic_data_model_diagram</ownerDesignName>
<useDomainConstraints>false</useDomainConstraints>
<use>1</use>
<logicalDatatype>LOGDT019</logicalDatatype>
<dataTypeSize>22</dataTypeSize>
<delegate>E8680C00-AF6B-A297-1B0E-C4233548528C</delegate>
<autoIncrementCycle>false</autoIncrementCycle>
<associations>
<colAssociation fkAssociation="B477075C-2E47-BD40-06E3-476EC96EE8A8" referredColumn="E8680C00-AF6B-A297-1B0E-C4233548528C"/>
</associations>
</Column>
<Column name="INVENTORY_COUNT" id="A5CD528C-EBA5-BF23-73D2-223F671D62F0">
<sourceConnName>MAXDTDEV</sourceConnName>
<sourceObjSchema>F_NYEC_PAMI_BY_DATE</sourceObjSchema>
<sourceObjName>INVENTORY_COUNT</sourceObjName>
<createdBy>ro38606</createdBy>
<createdTime>2013-05-07 16:48:23 UTC</createdTime>
<ownerDesignName>NYEC_BPM_Semantic_data_model_diagram</ownerDesignName>
<nullsAllowed>true</nullsAllowed>
<useDomainConstraints>false</useDomainConstraints>
<use>1</use>
<logicalDatatype>LOGDT019</logicalDatatype>
<dataTypeSize>22</dataTypeSize>
<autoIncrementCycle>false</autoIncrementCycle>
</Column>
<Column name="CREATION_COUNT" id="AF0D42F7-1129-3096-C211-726A4B3F79BA">
<sourceConnName>MAXDTDEV</sourceConnName>
<sourceObjSchema>F_NYEC_PAMI_BY_DATE</sourceObjSchema>
<sourceObjName>CREATION_COUNT</sourceObjName>
<createdBy>ro38606</createdBy>
<createdTime>2013-05-07 16:48:23 UTC</createdTime>
<ownerDesignName>NYEC_BPM_Semantic_data_model_diagram</ownerDesignName>
<nullsAllowed>true</nullsAllowed>
<useDomainConstraints>false</useDomainConstraints>
<use>1</use>
<logicalDatatype>LOGDT019</logicalDatatype>
<dataTypeSize>22</dataTypeSize>
<autoIncrementCycle>false</autoIncrementCycle>
</Column>
<Column name="COMPLETION_COUNT" id="D45D198A-6EF5-FBFF-FACA-4B3945822F84">
<sourceConnName>MAXDTDEV</sourceConnName>
<sourceObjSchema>F_NYEC_PAMI_BY_DATE</sourceObjSchema>
<sourceObjName>COMPLETION_COUNT</sourceObjName>
<createdBy>ro38606</createdBy>
<createdTime>2013-05-07 16:48:23 UTC</createdTime>
<ownerDesignName>NYEC_BPM_Semantic_data_model_diagram</ownerDesignName>
<nullsAllowed>true</nullsAllowed>
<useDomainConstraints>false</useDomainConstraints>
<use>1</use>
<logicalDatatype>LOGDT019</logicalDatatype>
<dataTypeSize>22</dataTypeSize>
<autoIncrementCycle>false</autoIncrementCycle>
</Column>
<Column name="MI Item Status Date" id="50ED8F12-7593-FC63-2FAE-45A3CF8AD32F">
<sourceConnName>MAXDTDEV</sourceConnName>
<sourceObjSchema>F_NYEC_PAMI_BY_DATE</sourceObjSchema>
<sourceObjName>MI Item Status Date</sourceObjName>
<createdBy>ro38606</createdBy>
<createdTime>2013-05-07 16:48:24 UTC</createdTime>
<ownerDesignName>NYEC_BPM_Semantic_data_model_diagram</ownerDesignName>
<nullsAllowed>true</nullsAllowed>
<useDomainConstraints>false</useDomainConstraints>
<use>1</use>
<logicalDatatype>LOGDT007</logicalDatatype>
<dataTypeSize>7</dataTypeSize>
<autoIncrementCycle>false</autoIncrementCycle>
</Column>
<Column name="RFE Status Date" id="FDBC5DE2-6FD7-589A-9501-E4C8BE03AC1B">
<sourceConnName>MAXDTDEV</sourceConnName>
<sourceObjSchema>F_NYEC_PAMI_BY_DATE</sourceObjSchema>
<sourceObjName>RFE Status Date</sourceObjName>
<createdBy>ro38606</createdBy>
<createdTime>2013-05-07 16:48:24 UTC</createdTime>
<ownerDesignName>NYEC_BPM_Semantic_data_model_diagram</ownerDesignName>
<nullsAllowed>true</nullsAllowed>
<useDomainConstraints>false</useDomainConstraints>
<use>1</use>
<logicalDatatype>LOGDT007</logicalDatatype>
<dataTypeSize>7</dataTypeSize>
<autoIncrementCycle>false</autoIncrementCycle>
</Column>
</columns>
<indexes itemClass="oracle.dbtools.crest.model.design.relational.Index">
<ind_PK_UK id="2D0FD367-66D1-EC81-B37C-703D65E6EB8C" name="FNPAMIBD_PK">
<sourceConnName>MAXDTDEV</sourceConnName>
<sourceObjSchema>MAXDAT</sourceObjSchema>
<sourceObjName>FNPAMIBD_PK</sourceObjName>
<createdBy>ro38606</createdBy>
<createdTime>2013-05-07 16:48:53 UTC</createdTime>
<ownerDesignName>NYEC_BPM_Semantic_data_model_diagram</ownerDesignName>
<schemaObject>8395E672-89A2-8150-B09D-55D1ECC2042E</schemaObject>
<pk>true</pk>
<indexState>Primary Constraint</indexState>
<indexColumnUsage>
<colUsage columnID="D9E27E8F-FD87-C7F3-D9EB-26DD2A5FED5E"/>
</indexColumnUsage>
</ind_PK_UK>
<ind_PK_UK id="522CCCD2-61F6-5890-2DF4-FD962BFBD164" name="FNPAMIBD_IXL2">
<sourceConnName>MAXDTDEV</sourceConnName>
<sourceObjSchema>MAXDAT</sourceObjSchema>
<sourceObjName>FNPAMIBD_IXL2</sourceObjName>
<createdBy>ro38606</createdBy>
<createdTime>2013-05-07 16:48:53 UTC</createdTime>
<ownerDesignName>NYEC_BPM_Semantic_data_model_diagram</ownerDesignName>
<schemaObject>8395E672-89A2-8150-B09D-55D1ECC2042E</schemaObject>
<indexColumnUsage>
<colUsage columnID="E8E9BDCA-44FC-2FD6-350E-CC8171339C3D"/>
</indexColumnUsage>
</ind_PK_UK>
<ind_PK_UK id="88A8A45E-79E8-5257-42C4-5DD2D70092E9" name="FNPAMIBD_UIX1">
<sourceConnName>MAXDTDEV</sourceConnName>
<sourceObjSchema>MAXDAT</sourceObjSchema>
<sourceObjName>FNPAMIBD_UIX1</sourceObjName>
<createdBy>ro38606</createdBy>
<createdTime>2013-05-07 16:48:54 UTC</createdTime>
<ownerDesignName>NYEC_BPM_Semantic_data_model_diagram</ownerDesignName>
<schemaObject>8395E672-89A2-8150-B09D-55D1ECC2042E</schemaObject>
<indexState>Unique Plain Index</indexState>
<indexColumnUsage>
<colUsage columnID="E8E9BDCA-44FC-2FD6-350E-CC8171339C3D"/>
<colUsage columnID="BC1B531C-29E6-0169-A5BF-B725A1482741"/>
</indexColumnUsage>
</ind_PK_UK>
<ind_PK_UK id="8AE37229-5A09-6F9C-77B7-A6FC8970E218" name="FNPAMIBD_UIX2">
<sourceConnName>MAXDTDEV</sourceConnName>
<sourceObjSchema>MAXDAT</sourceObjSchema>
<sourceObjName>FNPAMIBD_UIX2</sourceObjName>
<createdBy>ro38606</createdBy>
<createdTime>2013-05-07 16:48:54 UTC</createdTime>
<ownerDesignName>NYEC_BPM_Semantic_data_model_diagram</ownerDesignName>
<schemaObject>8395E672-89A2-8150-B09D-55D1ECC2042E</schemaObject>
<indexState>Unique Plain Index</indexState>
<indexColumnUsage>
<colUsage columnID="E8E9BDCA-44FC-2FD6-350E-CC8171339C3D"/>
<colUsage columnID="18EE3D31-C9AD-1FAC-63B7-F9098C5C8500"/>
</indexColumnUsage>
</ind_PK_UK>
<ind_PK_UK id="74769A46-F1EF-D893-5654-DCE8A272EF17" name="FNPAMIBD_IX1">
<sourceConnName>MAXDTDEV</sourceConnName>
<sourceObjSchema>MAXDAT</sourceObjSchema>
<sourceObjName>FNPAMIBD_IX1</sourceObjName>
<createdBy>ro38606</createdBy>
<createdTime>2013-05-07 16:48:54 UTC</createdTime>
<ownerDesignName>NYEC_BPM_Semantic_data_model_diagram</ownerDesignName>
<schemaObject>8395E672-89A2-8150-B09D-55D1ECC2042E</schemaObject>
<indexColumnUsage>
<colUsage columnID="50ED8F12-7593-FC63-2FAE-45A3CF8AD32F"/>
</indexColumnUsage>
</ind_PK_UK>
<ind_PK_UK id="E6E0BF62-7248-9ED0-3D25-CB0DFCF17430" name="FNPAMIBD_IX2">
<sourceConnName>MAXDTDEV</sourceConnName>
<sourceObjSchema>MAXDAT</sourceObjSchema>
<sourceObjName>FNPAMIBD_IX2</sourceObjName>
<createdBy>ro38606</createdBy>
<createdTime>2013-05-07 16:48:54 UTC</createdTime>
<ownerDesignName>NYEC_BPM_Semantic_data_model_diagram</ownerDesignName>
<schemaObject>8395E672-89A2-8150-B09D-55D1ECC2042E</schemaObject>
<indexColumnUsage>
<colUsage columnID="FDBC5DE2-6FD7-589A-9501-E4C8BE03AC1B"/>
</indexColumnUsage>
</ind_PK_UK>
<ind_PK_UK id="AF71FD3E-7081-35F2-BB6F-26F9A8E8CE94" name="FNPAMIBD_IXL1">
<sourceConnName>MAXDTDEV</sourceConnName>
<sourceObjSchema>MAXDAT</sourceObjSchema>
<sourceObjName>FNPAMIBD_IXL1</sourceObjName>
<createdBy>ro38606</createdBy>
<createdTime>2013-05-07 16:48:54 UTC</createdTime>
<ownerDesignName>NYEC_BPM_Semantic_data_model_diagram</ownerDesignName>
<schemaObject>8395E672-89A2-8150-B09D-55D1ECC2042E</schemaObject>
<indexColumnUsage>
<colUsage columnID="3EF417AA-5FE3-12B8-5F2B-605C74CC9240"/>
</indexColumnUsage>
</ind_PK_UK>
<ind_PK_UK id="3F616C38-A64E-E089-CF98-7AA84E4AED28" name="FPAMIBD_DPACUR_FK">
<createdBy>ro38606</createdBy>
<createdTime>2013-05-07 16:50:10 UTC</createdTime>
<ownerDesignName>NYEC_BPM_Semantic_data_model_diagram</ownerDesignName>
<indexState>Foreign Key</indexState>
<indexColumnUsage>
<colUsage columnID="E8E9BDCA-44FC-2FD6-350E-CC8171339C3D"/>
</indexColumnUsage>
</ind_PK_UK>
<ind_PK_UK id="B5688AD1-964B-93EF-BFB4-614F602CA5DD" name="FPAMIBD_DPAMIISP_FK">
<createdBy>ro38606</createdBy>
<createdTime>2013-05-07 16:50:10 UTC</createdTime>
<ownerDesignName>NYEC_BPM_Semantic_data_model_diagram</ownerDesignName>
<indexState>Foreign Key</indexState>
<indexColumnUsage>
<colUsage columnID="1888D44E-53C2-1F3C-35BB-A23E5A0914A9"/>
</indexColumnUsage>
</ind_PK_UK>
<ind_PK_UK id="D44D7CA5-380F-060E-C983-26DA62132D51" name="FPAMIBD_DPAMIIS_FK">
<createdBy>ro38606</createdBy>
<createdTime>2013-05-07 16:50:10 UTC</createdTime>
<ownerDesignName>NYEC_BPM_Semantic_data_model_diagram</ownerDesignName>
<indexState>Foreign Key</indexState>
<indexColumnUsage>
<colUsage columnID="9FDA23D8-D5C3-67CA-EF8A-2440AA43B547"/>
</indexColumnUsage>
</ind_PK_UK>
<ind_PK_UK id="7794AD30-A377-BCD1-A652-63BA2186C2F9" name="FPAMIBD_DPAMIRS_FK">
<createdBy>ro38606</createdBy>
<createdTime>2013-05-07 16:50:10 UTC</createdTime>
<ownerDesignName>NYEC_BPM_Semantic_data_model_diagram</ownerDesignName>
<indexState>Foreign Key</indexState>
<indexColumnUsage>
<colUsage columnID="FC43BFDB-1589-EA04-A67B-0BAC7B380030"/>
</indexColumnUsage>
</ind_PK_UK>
</indexes>
</Table>