<?xml version = '1.0' encoding = 'UTF-8'?>
<Table class="oracle.dbtools.crest.model.design.relational.Table" id="7094506F-CEA6-E642-2C9A-0E9E24862928" directorySegmentName="seg_0" name="D_NYEC_PA_WORKFLOW_REAC_IND">
<sourceConnName>MAXDTDEV</sourceConnName>
<sourceObjSchema>MAXDAT</sourceObjSchema>
<sourceObjName>D_NYEC_PA_WORKFLOW_REAC_IND</sourceObjName>
<createdBy>ro38606</createdBy>
<createdTime>2013-05-07 16:46:54 UTC</createdTime>
<ownerDesignName>NYEC_BPM_Semantic_data_model_diagram</ownerDesignName>
<schemaObject>8395E672-89A2-8150-B09D-55D1ECC2042E</schemaObject>
<pkName>DNPAWRI_PK</pkName>
<fonts itemClass="oracle.dbtools.crest.model.design.FontObjectWr">
<FontObject>
<foType>Title</foType>
<fontStyle>1</fontStyle>
<colorRGB>-16776961</colorRGB>
</FontObject>
<FontObject>
<foType>Column</foType>
<colorRGB>-16777216</colorRGB>
</FontObject>
<FontObject>
<foType>Datatype</foType>
<colorRGB>-16744448</colorRGB>
</FontObject>
<FontObject>
<foType>PK Element</foType>
<colorRGB>-16776961</colorRGB>
</FontObject>
<FontObject>
<foType>FK Element</foType>
<colorRGB>-16777216</colorRGB>
</FontObject>
<FontObject>
<foType>UK Element</foType>
<colorRGB>-16776961</colorRGB>
</FontObject>
<FontObject>
<foType>Not Null</foType>
<colorRGB>-65536</colorRGB>
</FontObject>
<FontObject>
<foType>Key</foType>
<colorRGB>-16777216</colorRGB>
</FontObject>
</fonts>
<columns itemClass="oracle.dbtools.crest.model.design.relational.Column">
<Column name="DNPAWRI_ID" id="4AB308FB-F52D-0E64-E4C1-FE3F93AFBFDB">
<sourceConnName>MAXDTDEV</sourceConnName>
<sourceObjSchema>D_NYEC_PA_WORKFLOW_REAC_IND</sourceObjSchema>
<sourceObjName>DNPAWRI_ID</sourceObjName>
<createdBy>ro38606</createdBy>
<createdTime>2013-05-07 16:47:49 UTC</createdTime>
<ownerDesignName>NYEC_BPM_Semantic_data_model_diagram</ownerDesignName>
<useDomainConstraints>false</useDomainConstraints>
<use>1</use>
<logicalDatatype>LOGDT019</logicalDatatype>
<dataTypeSize>22</dataTypeSize>
<autoIncrementCycle>false</autoIncrementCycle>
</Column>
<Column name="Workflow Reactivation Ind" id="9F630CEF-AF5C-18FF-A4C8-19AD5FB380FE">
<sourceConnName>MAXDTDEV</sourceConnName>
<sourceObjSchema>D_NYEC_PA_WORKFLOW_REAC_IND</sourceObjSchema>
<sourceObjName>Workflow Reactivation Ind</sourceObjName>
<createdBy>ro38606</createdBy>
<createdTime>2013-05-07 16:47:50 UTC</createdTime>
<ownerDesignName>NYEC_BPM_Semantic_data_model_diagram</ownerDesignName>
<nullsAllowed>true</nullsAllowed>
<useDomainConstraints>false</useDomainConstraints>
<use>1</use>
<logicalDatatype>LOGDT024</logicalDatatype>
<dataTypeSize>1 BYTE</dataTypeSize>
<autoIncrementCycle>false</autoIncrementCycle>
</Column>
</columns>
<indexes itemClass="oracle.dbtools.crest.model.design.relational.Index">
<ind_PK_UK id="BF7F2096-1D3B-FE6D-CF03-53CAD040BF52" name="DNPAWRI_PK">
<sourceConnName>MAXDTDEV</sourceConnName>
<sourceObjSchema>MAXDAT</sourceObjSchema>
<sourceObjName>DNPAWRI_PK</sourceObjName>
<createdBy>ro38606</createdBy>
<createdTime>2013-05-07 16:48:45 UTC</createdTime>
<ownerDesignName>NYEC_BPM_Semantic_data_model_diagram</ownerDesignName>
<schemaObject>8395E672-89A2-8150-B09D-55D1ECC2042E</schemaObject>
<pk>true</pk>
<indexState>Primary Constraint</indexState>
<indexColumnUsage>
<colUsage columnID="4AB308FB-F52D-0E64-E4C1-FE3F93AFBFDB"/>
</indexColumnUsage>
</ind_PK_UK>
<ind_PK_UK id="4B30EAFA-75BB-9A10-EA6A-28D873C2AA74" name="DNPAWRI_UIX1">
<sourceConnName>MAXDTDEV</sourceConnName>
<sourceObjSchema>MAXDAT</sourceObjSchema>
<sourceObjName>DNPAWRI_UIX1</sourceObjName>
<createdBy>ro38606</createdBy>
<createdTime>2013-05-07 16:48:45 UTC</createdTime>
<ownerDesignName>NYEC_BPM_Semantic_data_model_diagram</ownerDesignName>
<schemaObject>8395E672-89A2-8150-B09D-55D1ECC2042E</schemaObject>
<indexState>Unique Plain Index</indexState>
<indexColumnUsage>
<colUsage columnID="9F630CEF-AF5C-18FF-A4C8-19AD5FB380FE"/>
</indexColumnUsage>
</ind_PK_UK>
</indexes>
</Table>