<?xml version = '1.0' encoding = 'UTF-8'?>
<Table class="oracle.dbtools.crest.model.design.relational.Table" id="90E3EC43-7B1A-5529-0EE7-803F161BE100" directorySegmentName="seg_0" name="D_NYEC_PMI_CURRENT">
<sourceConnName>MAXDTDEV</sourceConnName>
<sourceObjSchema>MAXDAT</sourceObjSchema>
<sourceObjName>D_NYEC_PMI_CURRENT</sourceObjName>
<createdBy>ro38606</createdBy>
<createdTime>2013-05-07 16:46:55 UTC</createdTime>
<ownerDesignName>NYEC_BPM_Semantic_data_model_diagram</ownerDesignName>
<schemaObject>8395E672-89A2-8150-B09D-55D1ECC2042E</schemaObject>
<pkName>DNPMIC_PK</pkName>
<fonts itemClass="oracle.dbtools.crest.model.design.FontObjectWr">
<FontObject>
<foType>Title</foType>
<fontStyle>1</fontStyle>
<colorRGB>-16776961</colorRGB>
</FontObject>
<FontObject>
<foType>Column</foType>
<colorRGB>-16777216</colorRGB>
</FontObject>
<FontObject>
<foType>Datatype</foType>
<colorRGB>-16744448</colorRGB>
</FontObject>
<FontObject>
<foType>PK Element</foType>
<colorRGB>-16776961</colorRGB>
</FontObject>
<FontObject>
<foType>FK Element</foType>
<colorRGB>-16777216</colorRGB>
</FontObject>
<FontObject>
<foType>UK Element</foType>
<colorRGB>-16776961</colorRGB>
</FontObject>
<FontObject>
<foType>Not Null</foType>
<colorRGB>-65536</colorRGB>
</FontObject>
<FontObject>
<foType>Key</foType>
<colorRGB>-16777216</colorRGB>
</FontObject>
</fonts>
<columns itemClass="oracle.dbtools.crest.model.design.relational.Column">
<Column name="NYEC_PMI_BI_ID" id="974B6AD0-FF29-7736-6FD6-01EACB6B4C6F">
<sourceConnName>MAXDTDEV</sourceConnName>
<sourceObjSchema>D_NYEC_PMI_CURRENT</sourceObjSchema>
<sourceObjName>NYEC_PMI_BI_ID</sourceObjName>
<createdBy>ro38606</createdBy>
<createdTime>2013-05-07 16:47:50 UTC</createdTime>
<ownerDesignName>NYEC_BPM_Semantic_data_model_diagram</ownerDesignName>
<useDomainConstraints>false</useDomainConstraints>
<use>1</use>
<logicalDatatype>LOGDT019</logicalDatatype>
<dataTypeSize>22</dataTypeSize>
<autoIncrementCycle>false</autoIncrementCycle>
</Column>
<Column name="Age in Business Days" id="2C0C1A3F-0F34-931C-8A60-F9DA78A04B4F">
<sourceConnName>MAXDTDEV</sourceConnName>
<sourceObjSchema>D_NYEC_PMI_CURRENT</sourceObjSchema>
<sourceObjName>Age in Business Days</sourceObjName>
<createdBy>ro38606</createdBy>
<createdTime>2013-05-07 16:47:50 UTC</createdTime>
<ownerDesignName>NYEC_BPM_Semantic_data_model_diagram</ownerDesignName>
<useDomainConstraints>false</useDomainConstraints>
<use>1</use>
<logicalDatatype>LOGDT019</logicalDatatype>
<dataTypeSize>22</dataTypeSize>
<autoIncrementCycle>false</autoIncrementCycle>
</Column>
<Column name="Age in Calendar Days" id="A5FB0280-80DE-A744-558F-D4C69CF690C9">
<sourceConnName>MAXDTDEV</sourceConnName>
<sourceObjSchema>D_NYEC_PMI_CURRENT</sourceObjSchema>
<sourceObjName>Age in Calendar Days</sourceObjName>
<createdBy>ro38606</createdBy>
<createdTime>2013-05-07 16:47:51 UTC</createdTime>
<ownerDesignName>NYEC_BPM_Semantic_data_model_diagram</ownerDesignName>
<nullsAllowed>true</nullsAllowed>
<useDomainConstraints>false</useDomainConstraints>
<use>1</use>
<logicalDatatype>LOGDT019</logicalDatatype>
<dataTypeSize>22</dataTypeSize>
<autoIncrementCycle>false</autoIncrementCycle>
</Column>
<Column name="Cur Application ID" id="37084BAC-92E0-9BDB-7DB5-D4A8774374FA">
<sourceConnName>MAXDTDEV</sourceConnName>
<sourceObjSchema>D_NYEC_PMI_CURRENT</sourceObjSchema>
<sourceObjName>Cur Application ID</sourceObjName>
<createdBy>ro38606</createdBy>
<createdTime>2013-05-07 16:47:51 UTC</createdTime>
<ownerDesignName>NYEC_BPM_Semantic_data_model_diagram</ownerDesignName>
<useDomainConstraints>false</useDomainConstraints>
<use>1</use>
<logicalDatatype>LOGDT019</logicalDatatype>
<dataTypeSize>22</dataTypeSize>
<autoIncrementCycle>false</autoIncrementCycle>
</Column>
<Column name="Cancel Date" id="7FAC90A8-291C-2201-7FA8-108B84B6EA4E">
<sourceConnName>MAXDTDEV</sourceConnName>
<sourceObjSchema>D_NYEC_PMI_CURRENT</sourceObjSchema>
<sourceObjName>Cancel Date</sourceObjName>
<createdBy>ro38606</createdBy>
<createdTime>2013-05-07 16:47:51 UTC</createdTime>
<ownerDesignName>NYEC_BPM_Semantic_data_model_diagram</ownerDesignName>
<nullsAllowed>true</nullsAllowed>
<useDomainConstraints>false</useDomainConstraints>
<use>1</use>
<logicalDatatype>LOGDT007</logicalDatatype>
<dataTypeSize>7</dataTypeSize>
<autoIncrementCycle>false</autoIncrementCycle>
</Column>
<Column name="Complete MI Task End Date" id="124878F5-D3B4-DE4A-C77E-2F7E41589E7F">
<sourceConnName>MAXDTDEV</sourceConnName>
<sourceObjSchema>D_NYEC_PMI_CURRENT</sourceObjSchema>
<sourceObjName>Complete MI Task End Date</sourceObjName>
<createdBy>ro38606</createdBy>
<createdTime>2013-05-07 16:47:51 UTC</createdTime>
<ownerDesignName>NYEC_BPM_Semantic_data_model_diagram</ownerDesignName>
<nullsAllowed>true</nullsAllowed>
<useDomainConstraints>false</useDomainConstraints>
<use>1</use>
<logicalDatatype>LOGDT007</logicalDatatype>
<dataTypeSize>7</dataTypeSize>
<autoIncrementCycle>false</autoIncrementCycle>
</Column>
<Column name="Complete MI Task Performed By" id="DD9140F2-0911-2156-578D-21743C5B1ECF">
<sourceConnName>MAXDTDEV</sourceConnName>
<sourceObjSchema>D_NYEC_PMI_CURRENT</sourceObjSchema>
<sourceObjName>Complete MI Task Performed By</sourceObjName>
<createdBy>ro38606</createdBy>
<createdTime>2013-05-07 16:47:51 UTC</createdTime>
<ownerDesignName>NYEC_BPM_Semantic_data_model_diagram</ownerDesignName>
<nullsAllowed>true</nullsAllowed>
<useDomainConstraints>false</useDomainConstraints>
<use>1</use>
<logicalDatatype>LOGDT024</logicalDatatype>
<dataTypeSize>100 BYTE</dataTypeSize>
<autoIncrementCycle>false</autoIncrementCycle>
</Column>
<Column name="Complete MI Task Start Date" id="F3FB34E2-6F7E-8EA3-E760-2976A4E467B0">
<sourceConnName>MAXDTDEV</sourceConnName>
<sourceObjSchema>D_NYEC_PMI_CURRENT</sourceObjSchema>
<sourceObjName>Complete MI Task Start Date</sourceObjName>
<createdBy>ro38606</createdBy>
<createdTime>2013-05-07 16:47:51 UTC</createdTime>
<ownerDesignName>NYEC_BPM_Semantic_data_model_diagram</ownerDesignName>
<nullsAllowed>true</nullsAllowed>
<useDomainConstraints>false</useDomainConstraints>
<use>1</use>
<logicalDatatype>LOGDT007</logicalDatatype>
<dataTypeSize>7</dataTypeSize>
<autoIncrementCycle>false</autoIncrementCycle>
</Column>
<Column name="Crt St Accept Task End Date" id="A6CF8623-CBDE-D3D8-7C36-7D216F649040">
<sourceConnName>MAXDTDEV</sourceConnName>
<sourceObjSchema>D_NYEC_PMI_CURRENT</sourceObjSchema>
<sourceObjName>Crt St Accept Task End Date</sourceObjName>
<createdBy>ro38606</createdBy>
<createdTime>2013-05-07 16:47:51 UTC</createdTime>
<ownerDesignName>NYEC_BPM_Semantic_data_model_diagram</ownerDesignName>
<nullsAllowed>true</nullsAllowed>
<useDomainConstraints>false</useDomainConstraints>
<use>1</use>
<logicalDatatype>LOGDT007</logicalDatatype>
<dataTypeSize>7</dataTypeSize>
<autoIncrementCycle>false</autoIncrementCycle>
</Column>
<Column name="Crt St Accept Task Perf By" id="3CB41203-A55B-6079-014D-C12CA2D69875">
<sourceConnName>MAXDTDEV</sourceConnName>
<sourceObjSchema>D_NYEC_PMI_CURRENT</sourceObjSchema>
<sourceObjName>Crt St Accept Task Perf By</sourceObjName>
<createdBy>ro38606</createdBy>
<createdTime>2013-05-07 16:47:51 UTC</createdTime>
<ownerDesignName>NYEC_BPM_Semantic_data_model_diagram</ownerDesignName>
<nullsAllowed>true</nullsAllowed>
<useDomainConstraints>false</useDomainConstraints>
<use>1</use>
<logicalDatatype>LOGDT024</logicalDatatype>
<dataTypeSize>100 BYTE</dataTypeSize>
<autoIncrementCycle>false</autoIncrementCycle>
</Column>
<Column name="Crt St Accept Task Start Date" id="1763169A-0E6A-0207-FAD4-BE794EB7363C">
<sourceConnName>MAXDTDEV</sourceConnName>
<sourceObjSchema>D_NYEC_PMI_CURRENT</sourceObjSchema>
<sourceObjName>Crt St Accept Task Start Date</sourceObjName>
<createdBy>ro38606</createdBy>
<createdTime>2013-05-07 16:47:52 UTC</createdTime>
<ownerDesignName>NYEC_BPM_Semantic_data_model_diagram</ownerDesignName>
<nullsAllowed>true</nullsAllowed>
<useDomainConstraints>false</useDomainConstraints>
<use>1</use>
<logicalDatatype>LOGDT007</logicalDatatype>
<dataTypeSize>7</dataTypeSize>
<autoIncrementCycle>false</autoIncrementCycle>
</Column>
<Column name="Current Task ID" id="B8510288-10A1-52BD-50CA-BFC3ED70667E">
<sourceConnName>MAXDTDEV</sourceConnName>
<sourceObjSchema>D_NYEC_PMI_CURRENT</sourceObjSchema>
<sourceObjName>Current Task ID</sourceObjName>
<createdBy>ro38606</createdBy>
<createdTime>2013-05-07 16:47:52 UTC</createdTime>
<ownerDesignName>NYEC_BPM_Semantic_data_model_diagram</ownerDesignName>
<nullsAllowed>true</nullsAllowed>
<useDomainConstraints>false</useDomainConstraints>
<use>1</use>
<logicalDatatype>LOGDT019</logicalDatatype>
<dataTypeSize>22</dataTypeSize>
<autoIncrementCycle>false</autoIncrementCycle>
</Column>
<Column name="Determine MI Outcm End Date" id="F18C7DEA-9CA6-BCE4-F4BB-74B6983A3771">
<sourceConnName>MAXDTDEV</sourceConnName>
<sourceObjSchema>D_NYEC_PMI_CURRENT</sourceObjSchema>
<sourceObjName>Determine MI Outcm End Date</sourceObjName>
<createdBy>ro38606</createdBy>
<createdTime>2013-05-07 16:47:52 UTC</createdTime>
<ownerDesignName>NYEC_BPM_Semantic_data_model_diagram</ownerDesignName>
<nullsAllowed>true</nullsAllowed>
<useDomainConstraints>false</useDomainConstraints>
<use>1</use>
<logicalDatatype>LOGDT007</logicalDatatype>
<dataTypeSize>7</dataTypeSize>
<autoIncrementCycle>false</autoIncrementCycle>
</Column>
<Column name="Determine MI Outcm Perf By" id="C8D958A7-AE84-D4CB-4DB1-E9171F5E47A7">
<sourceConnName>MAXDTDEV</sourceConnName>
<sourceObjSchema>D_NYEC_PMI_CURRENT</sourceObjSchema>
<sourceObjName>Determine MI Outcm Perf By</sourceObjName>
<createdBy>ro38606</createdBy>
<createdTime>2013-05-07 16:47:52 UTC</createdTime>
<ownerDesignName>NYEC_BPM_Semantic_data_model_diagram</ownerDesignName>
<nullsAllowed>true</nullsAllowed>
<useDomainConstraints>false</useDomainConstraints>
<use>1</use>
<logicalDatatype>LOGDT024</logicalDatatype>
<dataTypeSize>100 BYTE</dataTypeSize>
<autoIncrementCycle>false</autoIncrementCycle>
</Column>
<Column name="Determine MI Outcm Start Date" id="A2307C1B-ADBB-F009-D492-6B781E6441F3">
<sourceConnName>MAXDTDEV</sourceConnName>
<sourceObjSchema>D_NYEC_PMI_CURRENT</sourceObjSchema>
<sourceObjName>Determine MI Outcm Start Date</sourceObjName>
<createdBy>ro38606</createdBy>
<createdTime>2013-05-07 16:47:52 UTC</createdTime>
<ownerDesignName>NYEC_BPM_Semantic_data_model_diagram</ownerDesignName>
<nullsAllowed>true</nullsAllowed>
<useDomainConstraints>false</useDomainConstraints>
<use>1</use>
<logicalDatatype>LOGDT007</logicalDatatype>
<dataTypeSize>7</dataTypeSize>
<autoIncrementCycle>false</autoIncrementCycle>
</Column>
<Column name="Cur Inbound MI Type" id="920797B3-1A1F-EF0E-E546-514323FBF1EF">
<sourceConnName>MAXDTDEV</sourceConnName>
<sourceObjSchema>D_NYEC_PMI_CURRENT</sourceObjSchema>
<sourceObjName>Cur Inbound MI Type</sourceObjName>
<createdBy>ro38606</createdBy>
<createdTime>2013-05-07 16:47:52 UTC</createdTime>
<ownerDesignName>NYEC_BPM_Semantic_data_model_diagram</ownerDesignName>
<nullsAllowed>true</nullsAllowed>
<useDomainConstraints>false</useDomainConstraints>
<use>1</use>
<logicalDatatype>LOGDT024</logicalDatatype>
<dataTypeSize>50 BYTE</dataTypeSize>
<autoIncrementCycle>false</autoIncrementCycle>
</Column>
<Column name="Instance Complete Date" id="860BA8CD-E328-94AB-A1DC-3BD4F7427C8D">
<sourceConnName>MAXDTDEV</sourceConnName>
<sourceObjSchema>D_NYEC_PMI_CURRENT</sourceObjSchema>
<sourceObjName>Instance Complete Date</sourceObjName>
<createdBy>ro38606</createdBy>
<createdTime>2013-05-07 16:47:52 UTC</createdTime>
<ownerDesignName>NYEC_BPM_Semantic_data_model_diagram</ownerDesignName>
<nullsAllowed>true</nullsAllowed>
<useDomainConstraints>false</useDomainConstraints>
<use>1</use>
<logicalDatatype>LOGDT007</logicalDatatype>
<dataTypeSize>7</dataTypeSize>
<autoIncrementCycle>false</autoIncrementCycle>
</Column>
<Column name="Instance Status" id="F16306F4-1EBB-6123-BD13-970A3B3069FA">
<sourceConnName>MAXDTDEV</sourceConnName>
<sourceObjSchema>D_NYEC_PMI_CURRENT</sourceObjSchema>
<sourceObjName>Instance Status</sourceObjName>
<createdBy>ro38606</createdBy>
<createdTime>2013-05-07 16:47:52 UTC</createdTime>
<ownerDesignName>NYEC_BPM_Semantic_data_model_diagram</ownerDesignName>
<nullsAllowed>true</nullsAllowed>
<useDomainConstraints>false</useDomainConstraints>
<use>1</use>
<logicalDatatype>LOGDT024</logicalDatatype>
<dataTypeSize>50 BYTE</dataTypeSize>
<autoIncrementCycle>false</autoIncrementCycle>
</Column>
<Column name="Jeopardy Flag" id="C525EDC0-CCAA-F9B4-61F5-EC1007BE0E8C">
<sourceConnName>MAXDTDEV</sourceConnName>
<sourceObjSchema>D_NYEC_PMI_CURRENT</sourceObjSchema>
<sourceObjName>Jeopardy Flag</sourceObjName>
<createdBy>ro38606</createdBy>
<createdTime>2013-05-07 16:47:53 UTC</createdTime>
<ownerDesignName>NYEC_BPM_Semantic_data_model_diagram</ownerDesignName>
<nullsAllowed>true</nullsAllowed>
<useDomainConstraints>false</useDomainConstraints>
<use>1</use>
<logicalDatatype>LOGDT024</logicalDatatype>
<dataTypeSize>1 BYTE</dataTypeSize>
<autoIncrementCycle>false</autoIncrementCycle>
</Column>
<Column name="MI Receipt Date" id="F4D24165-5733-8B9E-2DB1-F5D163C63918">
<sourceConnName>MAXDTDEV</sourceConnName>
<sourceObjSchema>D_NYEC_PMI_CURRENT</sourceObjSchema>
<sourceObjName>MI Receipt Date</sourceObjName>
<createdBy>ro38606</createdBy>
<createdTime>2013-05-07 16:47:53 UTC</createdTime>
<ownerDesignName>NYEC_BPM_Semantic_data_model_diagram</ownerDesignName>
<nullsAllowed>true</nullsAllowed>
<useDomainConstraints>false</useDomainConstraints>
<use>1</use>
<logicalDatatype>LOGDT007</logicalDatatype>
<dataTypeSize>7</dataTypeSize>
<autoIncrementCycle>false</autoIncrementCycle>
</Column>
<Column name="MI Channel" id="0EDF675A-36E6-2ACD-AC42-3248551D9FA0">
<sourceConnName>MAXDTDEV</sourceConnName>
<sourceObjSchema>D_NYEC_PMI_CURRENT</sourceObjSchema>
<sourceObjName>MI Channel</sourceObjName>
<createdBy>ro38606</createdBy>
<createdTime>2013-05-07 16:47:53 UTC</createdTime>
<ownerDesignName>NYEC_BPM_Semantic_data_model_diagram</ownerDesignName>
<nullsAllowed>true</nullsAllowed>
<useDomainConstraints>false</useDomainConstraints>
<use>1</use>
<logicalDatatype>LOGDT024</logicalDatatype>
<dataTypeSize>20 BYTE</dataTypeSize>
<autoIncrementCycle>false</autoIncrementCycle>
</Column>
<Column name="MI Task Type" id="7F4238E2-45C5-9D10-99AB-3B77F1BB12F2">
<sourceConnName>MAXDTDEV</sourceConnName>
<sourceObjSchema>D_NYEC_PMI_CURRENT</sourceObjSchema>
<sourceObjName>MI Task Type</sourceObjName>
<createdBy>ro38606</createdBy>
<createdTime>2013-05-07 16:47:53 UTC</createdTime>
<ownerDesignName>NYEC_BPM_Semantic_data_model_diagram</ownerDesignName>
<useDomainConstraints>false</useDomainConstraints>
<use>1</use>
<logicalDatatype>LOGDT024</logicalDatatype>
<dataTypeSize>50 BYTE</dataTypeSize>
<autoIncrementCycle>false</autoIncrementCycle>
</Column>
<Column name="MI Task ID" id="F612F43B-3A85-8464-80C9-A2F8565424E5">
<sourceConnName>MAXDTDEV</sourceConnName>
<sourceObjSchema>D_NYEC_PMI_CURRENT</sourceObjSchema>
<sourceObjName>MI Task ID</sourceObjName>
<createdBy>ro38606</createdBy>
<createdTime>2013-05-07 16:47:53 UTC</createdTime>
<ownerDesignName>NYEC_BPM_Semantic_data_model_diagram</ownerDesignName>
<useDomainConstraints>false</useDomainConstraints>
<use>1</use>
<logicalDatatype>LOGDT019</logicalDatatype>
<dataTypeSize>22</dataTypeSize>
<autoIncrementCycle>false</autoIncrementCycle>
</Column>
<Column name="MI Task Create Date" id="7A62F541-32A9-02DF-EC36-C800ACB3C3AD">
<sourceConnName>MAXDTDEV</sourceConnName>
<sourceObjSchema>D_NYEC_PMI_CURRENT</sourceObjSchema>
<sourceObjName>MI Task Create Date</sourceObjName>
<createdBy>ro38606</createdBy>
<createdTime>2013-05-07 16:47:53 UTC</createdTime>
<ownerDesignName>NYEC_BPM_Semantic_data_model_diagram</ownerDesignName>
<nullsAllowed>true</nullsAllowed>
<useDomainConstraints>false</useDomainConstraints>
<use>1</use>
<logicalDatatype>LOGDT007</logicalDatatype>
<dataTypeSize>7</dataTypeSize>
<autoIncrementCycle>false</autoIncrementCycle>
</Column>
<Column name="MI Task Complete Date" id="1AC6252A-8CA4-59C3-4157-4CC6749C505C">
<sourceConnName>MAXDTDEV</sourceConnName>
<sourceObjSchema>D_NYEC_PMI_CURRENT</sourceObjSchema>
<sourceObjName>MI Task Complete Date</sourceObjName>
<createdBy>ro38606</createdBy>
<createdTime>2013-05-07 16:47:53 UTC</createdTime>
<ownerDesignName>NYEC_BPM_Semantic_data_model_diagram</ownerDesignName>
<nullsAllowed>true</nullsAllowed>
<useDomainConstraints>false</useDomainConstraints>
<use>1</use>
<logicalDatatype>LOGDT007</logicalDatatype>
<dataTypeSize>7</dataTypeSize>
<autoIncrementCycle>false</autoIncrementCycle>
</Column>
<Column name="MI Cycle Business Days" id="CB12372C-2D74-84A1-9667-620F9EDE6AF6">
<sourceConnName>MAXDTDEV</sourceConnName>
<sourceObjSchema>D_NYEC_PMI_CURRENT</sourceObjSchema>
<sourceObjName>MI Cycle Business Days</sourceObjName>
<createdBy>ro38606</createdBy>
<createdTime>2013-05-07 16:47:53 UTC</createdTime>
<ownerDesignName>NYEC_BPM_Semantic_data_model_diagram</ownerDesignName>
<nullsAllowed>true</nullsAllowed>
<useDomainConstraints>false</useDomainConstraints>
<use>1</use>
<logicalDatatype>LOGDT019</logicalDatatype>
<dataTypeSize>22</dataTypeSize>
<autoIncrementCycle>false</autoIncrementCycle>
</Column>
<Column name="MI Cycle End Date" id="BB4F5D75-1A00-E93B-49D7-CD90CFCF828C">
<sourceConnName>MAXDTDEV</sourceConnName>
<sourceObjSchema>D_NYEC_PMI_CURRENT</sourceObjSchema>
<sourceObjName>MI Cycle End Date</sourceObjName>
<createdBy>ro38606</createdBy>
<createdTime>2013-05-07 16:47:54 UTC</createdTime>
<ownerDesignName>NYEC_BPM_Semantic_data_model_diagram</ownerDesignName>
<nullsAllowed>true</nullsAllowed>
<useDomainConstraints>false</useDomainConstraints>
<use>1</use>
<logicalDatatype>LOGDT007</logicalDatatype>
<dataTypeSize>7</dataTypeSize>
<autoIncrementCycle>false</autoIncrementCycle>
</Column>
<Column name="MI Cycle Start Date" id="38F31EE6-B5F0-87CF-7551-CEE339CAAF28">
<sourceConnName>MAXDTDEV</sourceConnName>
<sourceObjSchema>D_NYEC_PMI_CURRENT</sourceObjSchema>
<sourceObjName>MI Cycle Start Date</sourceObjName>
<createdBy>ro38606</createdBy>
<createdTime>2013-05-07 16:47:54 UTC</createdTime>
<ownerDesignName>NYEC_BPM_Semantic_data_model_diagram</ownerDesignName>
<nullsAllowed>true</nullsAllowed>
<useDomainConstraints>false</useDomainConstraints>
<use>1</use>
<logicalDatatype>LOGDT007</logicalDatatype>
<dataTypeSize>7</dataTypeSize>
<autoIncrementCycle>false</autoIncrementCycle>
</Column>
<Column name="MI Call Campaign" id="892944BB-6BD8-22AA-7950-9A61918C29B0">
<sourceConnName>MAXDTDEV</sourceConnName>
<sourceObjSchema>D_NYEC_PMI_CURRENT</sourceObjSchema>
<sourceObjName>MI Call Campaign</sourceObjName>
<createdBy>ro38606</createdBy>
<createdTime>2013-05-07 16:47:54 UTC</createdTime>
<ownerDesignName>NYEC_BPM_Semantic_data_model_diagram</ownerDesignName>
<nullsAllowed>true</nullsAllowed>
<useDomainConstraints>false</useDomainConstraints>
<use>1</use>
<logicalDatatype>LOGDT024</logicalDatatype>
<dataTypeSize>50 BYTE</dataTypeSize>
<autoIncrementCycle>false</autoIncrementCycle>
</Column>
<Column name="MI Letter Request ID" id="1C127FCE-A963-815D-4110-9807C71BB4EF">
<sourceConnName>MAXDTDEV</sourceConnName>
<sourceObjSchema>D_NYEC_PMI_CURRENT</sourceObjSchema>
<sourceObjName>MI Letter Request ID</sourceObjName>
<createdBy>ro38606</createdBy>
<createdTime>2013-05-07 16:47:54 UTC</createdTime>
<ownerDesignName>NYEC_BPM_Semantic_data_model_diagram</ownerDesignName>
<nullsAllowed>true</nullsAllowed>
<useDomainConstraints>false</useDomainConstraints>
<use>1</use>
<logicalDatatype>LOGDT019</logicalDatatype>
<dataTypeSize>22</dataTypeSize>
<autoIncrementCycle>false</autoIncrementCycle>
</Column>
<Column name="Cur MI Letter Status" id="E3702DB6-76C6-6A34-7124-1CCD0CF00970">
<sourceConnName>MAXDTDEV</sourceConnName>
<sourceObjSchema>D_NYEC_PMI_CURRENT</sourceObjSchema>
<sourceObjName>Cur MI Letter Status</sourceObjName>
<createdBy>ro38606</createdBy>
<createdTime>2013-05-07 16:47:54 UTC</createdTime>
<ownerDesignName>NYEC_BPM_Semantic_data_model_diagram</ownerDesignName>
<nullsAllowed>true</nullsAllowed>
<useDomainConstraints>false</useDomainConstraints>
<use>1</use>
<logicalDatatype>LOGDT024</logicalDatatype>
<dataTypeSize>50 BYTE</dataTypeSize>
<autoIncrementCycle>false</autoIncrementCycle>
</Column>
<Column name="Manual Letter ID" id="F3A86D80-2B27-DA62-BD6E-F02C773F7795">
<sourceConnName>MAXDTDEV</sourceConnName>
<sourceObjSchema>D_NYEC_PMI_CURRENT</sourceObjSchema>
<sourceObjName>Manual Letter ID</sourceObjName>
<createdBy>ro38606</createdBy>
<createdTime>2013-05-07 16:47:54 UTC</createdTime>
<ownerDesignName>NYEC_BPM_Semantic_data_model_diagram</ownerDesignName>
<nullsAllowed>true</nullsAllowed>
<useDomainConstraints>false</useDomainConstraints>
<use>1</use>
<logicalDatatype>LOGDT019</logicalDatatype>
<dataTypeSize>22</dataTypeSize>
<autoIncrementCycle>false</autoIncrementCycle>
</Column>
<Column name="Manual Letter Sent Date" id="C91E4E2A-A6F5-30AD-726F-AED48C2447B8">
<sourceConnName>MAXDTDEV</sourceConnName>
<sourceObjSchema>D_NYEC_PMI_CURRENT</sourceObjSchema>
<sourceObjName>Manual Letter Sent Date</sourceObjName>
<createdBy>ro38606</createdBy>
<createdTime>2013-05-07 16:47:54 UTC</createdTime>
<ownerDesignName>NYEC_BPM_Semantic_data_model_diagram</ownerDesignName>
<nullsAllowed>true</nullsAllowed>
<useDomainConstraints>false</useDomainConstraints>
<use>1</use>
<logicalDatatype>LOGDT007</logicalDatatype>
<dataTypeSize>7</dataTypeSize>
<autoIncrementCycle>false</autoIncrementCycle>
</Column>
<Column name="Cur Pending MI Type" id="3E81C012-F41E-EEE3-24ED-0711DE5CDD68">
<sourceConnName>MAXDTDEV</sourceConnName>
<sourceObjSchema>D_NYEC_PMI_CURRENT</sourceObjSchema>
<sourceObjName>Cur Pending MI Type</sourceObjName>
<createdBy>ro38606</createdBy>
<createdTime>2013-05-07 16:47:54 UTC</createdTime>
<ownerDesignName>NYEC_BPM_Semantic_data_model_diagram</ownerDesignName>
<nullsAllowed>true</nullsAllowed>
<useDomainConstraints>false</useDomainConstraints>
<use>1</use>
<logicalDatatype>LOGDT024</logicalDatatype>
<dataTypeSize>100 BYTE</dataTypeSize>
<autoIncrementCycle>false</autoIncrementCycle>
</Column>
<Column name="Perform QC End Date" id="80A6E68E-60BE-F230-CF2B-EEC17E9BE825">
<sourceConnName>MAXDTDEV</sourceConnName>
<sourceObjSchema>D_NYEC_PMI_CURRENT</sourceObjSchema>
<sourceObjName>Perform QC End Date</sourceObjName>
<createdBy>ro38606</createdBy>
<createdTime>2013-05-07 16:47:55 UTC</createdTime>
<ownerDesignName>NYEC_BPM_Semantic_data_model_diagram</ownerDesignName>
<nullsAllowed>true</nullsAllowed>
<useDomainConstraints>false</useDomainConstraints>
<use>1</use>
<logicalDatatype>LOGDT007</logicalDatatype>
<dataTypeSize>7</dataTypeSize>
<autoIncrementCycle>false</autoIncrementCycle>
</Column>
<Column name="Perform QC Performed By" id="904AC28F-6DEE-3E38-6770-422780564097">
<sourceConnName>MAXDTDEV</sourceConnName>
<sourceObjSchema>D_NYEC_PMI_CURRENT</sourceObjSchema>
<sourceObjName>Perform QC Performed By</sourceObjName>
<createdBy>ro38606</createdBy>
<createdTime>2013-05-07 16:47:55 UTC</createdTime>
<ownerDesignName>NYEC_BPM_Semantic_data_model_diagram</ownerDesignName>
<nullsAllowed>true</nullsAllowed>
<useDomainConstraints>false</useDomainConstraints>
<use>1</use>
<logicalDatatype>LOGDT024</logicalDatatype>
<dataTypeSize>100 BYTE</dataTypeSize>
<autoIncrementCycle>false</autoIncrementCycle>
</Column>
<Column name="Perform QC Start Date" id="BB6D4743-977D-2E59-472F-C67B973BCF2C">
<sourceConnName>MAXDTDEV</sourceConnName>
<sourceObjSchema>D_NYEC_PMI_CURRENT</sourceObjSchema>
<sourceObjName>Perform QC Start Date</sourceObjName>
<createdBy>ro38606</createdBy>
<createdTime>2013-05-07 16:47:55 UTC</createdTime>
<ownerDesignName>NYEC_BPM_Semantic_data_model_diagram</ownerDesignName>
<nullsAllowed>true</nullsAllowed>
<useDomainConstraints>false</useDomainConstraints>
<use>1</use>
<logicalDatatype>LOGDT007</logicalDatatype>
<dataTypeSize>7</dataTypeSize>
<autoIncrementCycle>false</autoIncrementCycle>
</Column>
<Column name="Perform Research End Date" id="27E8B52D-278C-378C-58EE-AB2F67A1E4C5">
<sourceConnName>MAXDTDEV</sourceConnName>
<sourceObjSchema>D_NYEC_PMI_CURRENT</sourceObjSchema>
<sourceObjName>Perform Research End Date</sourceObjName>
<createdBy>ro38606</createdBy>
<createdTime>2013-05-07 16:47:55 UTC</createdTime>
<ownerDesignName>NYEC_BPM_Semantic_data_model_diagram</ownerDesignName>
<nullsAllowed>true</nullsAllowed>
<useDomainConstraints>false</useDomainConstraints>
<use>1</use>
<logicalDatatype>LOGDT007</logicalDatatype>
<dataTypeSize>7</dataTypeSize>
<autoIncrementCycle>false</autoIncrementCycle>
</Column>
<Column name="Perform Research Performed By" id="761BC951-EB53-1159-2CBC-036B6C928540">
<sourceConnName>MAXDTDEV</sourceConnName>
<sourceObjSchema>D_NYEC_PMI_CURRENT</sourceObjSchema>
<sourceObjName>Perform Research Performed By</sourceObjName>
<createdBy>ro38606</createdBy>
<createdTime>2013-05-07 16:47:55 UTC</createdTime>
<ownerDesignName>NYEC_BPM_Semantic_data_model_diagram</ownerDesignName>
<nullsAllowed>true</nullsAllowed>
<useDomainConstraints>false</useDomainConstraints>
<use>1</use>
<logicalDatatype>LOGDT024</logicalDatatype>
<dataTypeSize>100 BYTE</dataTypeSize>
<autoIncrementCycle>false</autoIncrementCycle>
</Column>
<Column name="Perform Research Start Date" id="E3584B8F-1288-B8CC-6DD7-9C5C76A5A55C">
<sourceConnName>MAXDTDEV</sourceConnName>
<sourceObjSchema>D_NYEC_PMI_CURRENT</sourceObjSchema>
<sourceObjName>Perform Research Start Date</sourceObjName>
<createdBy>ro38606</createdBy>
<createdTime>2013-05-07 16:47:55 UTC</createdTime>
<ownerDesignName>NYEC_BPM_Semantic_data_model_diagram</ownerDesignName>
<nullsAllowed>true</nullsAllowed>
<useDomainConstraints>false</useDomainConstraints>
<use>1</use>
<logicalDatatype>LOGDT007</logicalDatatype>
<dataTypeSize>7</dataTypeSize>
<autoIncrementCycle>false</autoIncrementCycle>
</Column>
<Column name="Cur QC Task ID" id="233C6905-293A-B53E-C40F-371A5C376412">
<sourceConnName>MAXDTDEV</sourceConnName>
<sourceObjSchema>D_NYEC_PMI_CURRENT</sourceObjSchema>
<sourceObjName>Cur QC Task ID</sourceObjName>
<createdBy>ro38606</createdBy>
<createdTime>2013-05-07 16:47:55 UTC</createdTime>
<ownerDesignName>NYEC_BPM_Semantic_data_model_diagram</ownerDesignName>
<nullsAllowed>true</nullsAllowed>
<useDomainConstraints>false</useDomainConstraints>
<use>1</use>
<logicalDatatype>LOGDT019</logicalDatatype>
<dataTypeSize>22</dataTypeSize>
<autoIncrementCycle>false</autoIncrementCycle>
</Column>
<Column name="Receive MI End Date" id="771AFCF5-A613-697D-E0D0-E493788B62EB">
<sourceConnName>MAXDTDEV</sourceConnName>
<sourceObjSchema>D_NYEC_PMI_CURRENT</sourceObjSchema>
<sourceObjName>Receive MI End Date</sourceObjName>
<createdBy>ro38606</createdBy>
<createdTime>2013-05-07 16:47:55 UTC</createdTime>
<ownerDesignName>NYEC_BPM_Semantic_data_model_diagram</ownerDesignName>
<nullsAllowed>true</nullsAllowed>
<useDomainConstraints>false</useDomainConstraints>
<use>1</use>
<logicalDatatype>LOGDT007</logicalDatatype>
<dataTypeSize>7</dataTypeSize>
<autoIncrementCycle>false</autoIncrementCycle>
</Column>
<Column name="Receive MI Performed By" id="2AC728C4-51F5-5020-E696-308593ABAAB2">
<sourceConnName>MAXDTDEV</sourceConnName>
<sourceObjSchema>D_NYEC_PMI_CURRENT</sourceObjSchema>
<sourceObjName>Receive MI Performed By</sourceObjName>
<createdBy>ro38606</createdBy>
<createdTime>2013-05-07 16:47:56 UTC</createdTime>
<ownerDesignName>NYEC_BPM_Semantic_data_model_diagram</ownerDesignName>
<nullsAllowed>true</nullsAllowed>
<useDomainConstraints>false</useDomainConstraints>
<use>1</use>
<logicalDatatype>LOGDT024</logicalDatatype>
<dataTypeSize>100 BYTE</dataTypeSize>
<autoIncrementCycle>false</autoIncrementCycle>
</Column>
<Column name="Receive MI Start Date" id="1259EB1D-74BF-DB33-D0F0-DD4F03A0B368">
<sourceConnName>MAXDTDEV</sourceConnName>
<sourceObjSchema>D_NYEC_PMI_CURRENT</sourceObjSchema>
<sourceObjName>Receive MI Start Date</sourceObjName>
<createdBy>ro38606</createdBy>
<createdTime>2013-05-07 16:47:56 UTC</createdTime>
<ownerDesignName>NYEC_BPM_Semantic_data_model_diagram</ownerDesignName>
<nullsAllowed>true</nullsAllowed>
<useDomainConstraints>false</useDomainConstraints>
<use>1</use>
<logicalDatatype>LOGDT007</logicalDatatype>
<dataTypeSize>7</dataTypeSize>
<autoIncrementCycle>false</autoIncrementCycle>
</Column>
<Column name="Request MI End Date" id="C773CBDB-5942-36E5-64C2-D5AFD4B5A927">
<sourceConnName>MAXDTDEV</sourceConnName>
<sourceObjSchema>D_NYEC_PMI_CURRENT</sourceObjSchema>
<sourceObjName>Request MI End Date</sourceObjName>
<createdBy>ro38606</createdBy>
<createdTime>2013-05-07 16:47:56 UTC</createdTime>
<ownerDesignName>NYEC_BPM_Semantic_data_model_diagram</ownerDesignName>
<nullsAllowed>true</nullsAllowed>
<useDomainConstraints>false</useDomainConstraints>
<use>1</use>
<logicalDatatype>LOGDT007</logicalDatatype>
<dataTypeSize>7</dataTypeSize>
<autoIncrementCycle>false</autoIncrementCycle>
</Column>
<Column name="Request MI Performed By" id="0E0E0D58-189A-EFEA-5B14-87C3ABFAED65">
<sourceConnName>MAXDTDEV</sourceConnName>
<sourceObjSchema>D_NYEC_PMI_CURRENT</sourceObjSchema>
<sourceObjName>Request MI Performed By</sourceObjName>
<createdBy>ro38606</createdBy>
<createdTime>2013-05-07 16:47:56 UTC</createdTime>
<ownerDesignName>NYEC_BPM_Semantic_data_model_diagram</ownerDesignName>
<nullsAllowed>true</nullsAllowed>
<useDomainConstraints>false</useDomainConstraints>
<use>1</use>
<logicalDatatype>LOGDT024</logicalDatatype>
<dataTypeSize>100 BYTE</dataTypeSize>
<autoIncrementCycle>false</autoIncrementCycle>
</Column>
<Column name="Request MI Start Date" id="70C1AF79-655A-1518-950B-E0FF5C8034AF">
<sourceConnName>MAXDTDEV</sourceConnName>
<sourceObjSchema>D_NYEC_PMI_CURRENT</sourceObjSchema>
<sourceObjName>Request MI Start Date</sourceObjName>
<createdBy>ro38606</createdBy>
<createdTime>2013-05-07 16:47:56 UTC</createdTime>
<ownerDesignName>NYEC_BPM_Semantic_data_model_diagram</ownerDesignName>
<nullsAllowed>true</nullsAllowed>
<useDomainConstraints>false</useDomainConstraints>
<use>1</use>
<logicalDatatype>LOGDT007</logicalDatatype>
<dataTypeSize>7</dataTypeSize>
<autoIncrementCycle>false</autoIncrementCycle>
</Column>
<Column name="Cur Research Reason" id="5682458C-0DC5-0C6B-775A-1DC650CA524A">
<sourceConnName>MAXDTDEV</sourceConnName>
<sourceObjSchema>D_NYEC_PMI_CURRENT</sourceObjSchema>
<sourceObjName>Cur Research Reason</sourceObjName>
<createdBy>ro38606</createdBy>
<createdTime>2013-05-07 16:47:56 UTC</createdTime>
<ownerDesignName>NYEC_BPM_Semantic_data_model_diagram</ownerDesignName>
<nullsAllowed>true</nullsAllowed>
<useDomainConstraints>false</useDomainConstraints>
<use>1</use>
<logicalDatatype>LOGDT024</logicalDatatype>
<dataTypeSize>50 BYTE</dataTypeSize>
<autoIncrementCycle>false</autoIncrementCycle>
</Column>
<Column name="Cur Research Task ID" id="57DB097A-6732-A1D6-7FED-EAB5F53DD4D7">
<sourceConnName>MAXDTDEV</sourceConnName>
<sourceObjSchema>D_NYEC_PMI_CURRENT</sourceObjSchema>
<sourceObjName>Cur Research Task ID</sourceObjName>
<createdBy>ro38606</createdBy>
<createdTime>2013-05-07 16:47:56 UTC</createdTime>
<ownerDesignName>NYEC_BPM_Semantic_data_model_diagram</ownerDesignName>
<nullsAllowed>true</nullsAllowed>
<useDomainConstraints>false</useDomainConstraints>
<use>1</use>
<logicalDatatype>LOGDT019</logicalDatatype>
<dataTypeSize>22</dataTypeSize>
<autoIncrementCycle>false</autoIncrementCycle>
</Column>
<Column name="SLA Days" id="6D8FB0E0-E414-A8CE-03BD-5E7ACD23FEDD">
<sourceConnName>MAXDTDEV</sourceConnName>
<sourceObjSchema>D_NYEC_PMI_CURRENT</sourceObjSchema>
<sourceObjName>SLA Days</sourceObjName>
<createdBy>ro38606</createdBy>
<createdTime>2013-05-07 16:47:56 UTC</createdTime>
<ownerDesignName>NYEC_BPM_Semantic_data_model_diagram</ownerDesignName>
<nullsAllowed>true</nullsAllowed>
<useDomainConstraints>false</useDomainConstraints>
<use>1</use>
<logicalDatatype>LOGDT019</logicalDatatype>
<dataTypeSize>22</dataTypeSize>
<autoIncrementCycle>false</autoIncrementCycle>
</Column>
<Column name="SLA Days Type" id="44945EBE-2523-2C79-BE84-AA2DC691A9F2">
<sourceConnName>MAXDTDEV</sourceConnName>
<sourceObjSchema>D_NYEC_PMI_CURRENT</sourceObjSchema>
<sourceObjName>SLA Days Type</sourceObjName>
<createdBy>ro38606</createdBy>
<createdTime>2013-05-07 16:47:57 UTC</createdTime>
<ownerDesignName>NYEC_BPM_Semantic_data_model_diagram</ownerDesignName>
<nullsAllowed>true</nullsAllowed>
<useDomainConstraints>false</useDomainConstraints>
<use>1</use>
<logicalDatatype>LOGDT024</logicalDatatype>
<dataTypeSize>20 BYTE</dataTypeSize>
<autoIncrementCycle>false</autoIncrementCycle>
</Column>
<Column name="SLA Jeopardy Date" id="8E12B917-DFA1-5B4A-7A4D-EABD783F3BF8">
<sourceConnName>MAXDTDEV</sourceConnName>
<sourceObjSchema>D_NYEC_PMI_CURRENT</sourceObjSchema>
<sourceObjName>SLA Jeopardy Date</sourceObjName>
<createdBy>ro38606</createdBy>
<createdTime>2013-05-07 16:47:57 UTC</createdTime>
<ownerDesignName>NYEC_BPM_Semantic_data_model_diagram</ownerDesignName>
<nullsAllowed>true</nullsAllowed>
<useDomainConstraints>false</useDomainConstraints>
<use>1</use>
<logicalDatatype>LOGDT007</logicalDatatype>
<dataTypeSize>7</dataTypeSize>
<autoIncrementCycle>false</autoIncrementCycle>
</Column>
<Column name="SLA Jeopardy Days" id="588A668B-A59E-550A-7A6D-0CEBDD2B91E3">
<sourceConnName>MAXDTDEV</sourceConnName>
<sourceObjSchema>D_NYEC_PMI_CURRENT</sourceObjSchema>
<sourceObjName>SLA Jeopardy Days</sourceObjName>
<createdBy>ro38606</createdBy>
<createdTime>2013-05-07 16:47:57 UTC</createdTime>
<ownerDesignName>NYEC_BPM_Semantic_data_model_diagram</ownerDesignName>
<nullsAllowed>true</nullsAllowed>
<useDomainConstraints>false</useDomainConstraints>
<use>1</use>
<logicalDatatype>LOGDT019</logicalDatatype>
<dataTypeSize>22</dataTypeSize>
<autoIncrementCycle>false</autoIncrementCycle>
</Column>
<Column name="SLA Target Days" id="67B38A44-F7E7-EE25-D8C6-F7DD3D934FBD">
<sourceConnName>MAXDTDEV</sourceConnName>
<sourceObjSchema>D_NYEC_PMI_CURRENT</sourceObjSchema>
<sourceObjName>SLA Target Days</sourceObjName>
<createdBy>ro38606</createdBy>
<createdTime>2013-05-07 16:47:57 UTC</createdTime>
<ownerDesignName>NYEC_BPM_Semantic_data_model_diagram</ownerDesignName>
<nullsAllowed>true</nullsAllowed>
<useDomainConstraints>false</useDomainConstraints>
<use>1</use>
<logicalDatatype>LOGDT019</logicalDatatype>
<dataTypeSize>22</dataTypeSize>
<autoIncrementCycle>false</autoIncrementCycle>
</Column>
<Column name="Cur State Review Task ID" id="22DE3573-EC53-3E6F-8536-0E4A968460F7">
<sourceConnName>MAXDTDEV</sourceConnName>
<sourceObjSchema>D_NYEC_PMI_CURRENT</sourceObjSchema>
<sourceObjName>Cur State Review Task ID</sourceObjName>
<createdBy>ro38606</createdBy>
<createdTime>2013-05-07 16:47:57 UTC</createdTime>
<ownerDesignName>NYEC_BPM_Semantic_data_model_diagram</ownerDesignName>
<nullsAllowed>true</nullsAllowed>
<useDomainConstraints>false</useDomainConstraints>
<use>1</use>
<logicalDatatype>LOGDT019</logicalDatatype>
<dataTypeSize>22</dataTypeSize>
<autoIncrementCycle>false</autoIncrementCycle>
</Column>
<Column name="Timeliness Status" id="771F2DF3-FE29-05B3-EBD8-E0244C371BDB">
<sourceConnName>MAXDTDEV</sourceConnName>
<sourceObjSchema>D_NYEC_PMI_CURRENT</sourceObjSchema>
<sourceObjName>Timeliness Status</sourceObjName>
<createdBy>ro38606</createdBy>
<createdTime>2013-05-07 16:47:57 UTC</createdTime>
<ownerDesignName>NYEC_BPM_Semantic_data_model_diagram</ownerDesignName>
<nullsAllowed>true</nullsAllowed>
<useDomainConstraints>false</useDomainConstraints>
<use>1</use>
<logicalDatatype>LOGDT024</logicalDatatype>
<dataTypeSize>20 BYTE</dataTypeSize>
<autoIncrementCycle>false</autoIncrementCycle>
</Column>
<Column name="Channel Flag" id="FCB5C244-EDF7-8D6D-1DC0-2DB46AE058EA">
<sourceConnName>MAXDTDEV</sourceConnName>
<sourceObjSchema>D_NYEC_PMI_CURRENT</sourceObjSchema>
<sourceObjName>Channel Flag</sourceObjName>
<createdBy>ro38606</createdBy>
<createdTime>2013-05-07 16:47:57 UTC</createdTime>
<ownerDesignName>NYEC_BPM_Semantic_data_model_diagram</ownerDesignName>
<nullsAllowed>true</nullsAllowed>
<useDomainConstraints>false</useDomainConstraints>
<use>1</use>
<logicalDatatype>LOGDT024</logicalDatatype>
<dataTypeSize>1 BYTE</dataTypeSize>
<autoIncrementCycle>false</autoIncrementCycle>
</Column>
<Column name="QC Required - Phone Flag" id="372AE1D2-9044-6487-F60B-92BAD1B96BFC">
<sourceConnName>MAXDTDEV</sourceConnName>
<sourceObjSchema>D_NYEC_PMI_CURRENT</sourceObjSchema>
<sourceObjName>QC Required - Phone Flag</sourceObjName>
<createdBy>ro38606</createdBy>
<createdTime>2013-05-07 16:47:57 UTC</createdTime>
<ownerDesignName>NYEC_BPM_Semantic_data_model_diagram</ownerDesignName>
<nullsAllowed>true</nullsAllowed>
<useDomainConstraints>false</useDomainConstraints>
<use>1</use>
<logicalDatatype>LOGDT024</logicalDatatype>
<dataTypeSize>1 BYTE</dataTypeSize>
<autoIncrementCycle>false</autoIncrementCycle>
</Column>
<Column name="Update State System Flag" id="D38424DD-27E1-E75E-F1D4-4C7D6A1788A4">
<sourceConnName>MAXDTDEV</sourceConnName>
<sourceObjSchema>D_NYEC_PMI_CURRENT</sourceObjSchema>
<sourceObjName>Update State System Flag</sourceObjName>
<createdBy>ro38606</createdBy>
<createdTime>2013-05-07 16:47:58 UTC</createdTime>
<ownerDesignName>NYEC_BPM_Semantic_data_model_diagram</ownerDesignName>
<nullsAllowed>true</nullsAllowed>
<useDomainConstraints>false</useDomainConstraints>
<use>1</use>
<logicalDatatype>LOGDT024</logicalDatatype>
<dataTypeSize>1 BYTE</dataTypeSize>
<autoIncrementCycle>false</autoIncrementCycle>
</Column>
<Column name="Manual Letter Flag" id="133A0C97-6EEE-1508-0985-2D3EF57A0C4E">
<sourceConnName>MAXDTDEV</sourceConnName>
<sourceObjSchema>D_NYEC_PMI_CURRENT</sourceObjSchema>
<sourceObjName>Manual Letter Flag</sourceObjName>
<createdBy>ro38606</createdBy>
<createdTime>2013-05-07 16:47:58 UTC</createdTime>
<ownerDesignName>NYEC_BPM_Semantic_data_model_diagram</ownerDesignName>
<nullsAllowed>true</nullsAllowed>
<useDomainConstraints>false</useDomainConstraints>
<use>1</use>
<logicalDatatype>LOGDT024</logicalDatatype>
<dataTypeSize>1 BYTE</dataTypeSize>
<autoIncrementCycle>false</autoIncrementCycle>
</Column>
<Column name="Send Research Flag" id="628F3B59-D1D2-C278-472A-B8C3DAE27B6E">
<sourceConnName>MAXDTDEV</sourceConnName>
<sourceObjSchema>D_NYEC_PMI_CURRENT</sourceObjSchema>
<sourceObjName>Send Research Flag</sourceObjName>
<createdBy>ro38606</createdBy>
<createdTime>2013-05-07 16:47:58 UTC</createdTime>
<ownerDesignName>NYEC_BPM_Semantic_data_model_diagram</ownerDesignName>
<nullsAllowed>true</nullsAllowed>
<useDomainConstraints>false</useDomainConstraints>
<use>1</use>
<logicalDatatype>LOGDT024</logicalDatatype>
<dataTypeSize>1 BYTE</dataTypeSize>
<autoIncrementCycle>false</autoIncrementCycle>
</Column>
<Column name="QC Required Flag" id="9EBFF1A2-7F03-A5B7-2D4B-884A20DECF13">
<sourceConnName>MAXDTDEV</sourceConnName>
<sourceObjSchema>D_NYEC_PMI_CURRENT</sourceObjSchema>
<sourceObjName>QC Required Flag</sourceObjName>
<createdBy>ro38606</createdBy>
<createdTime>2013-05-07 16:47:58 UTC</createdTime>
<ownerDesignName>NYEC_BPM_Semantic_data_model_diagram</ownerDesignName>
<nullsAllowed>true</nullsAllowed>
<useDomainConstraints>false</useDomainConstraints>
<use>1</use>
<logicalDatatype>LOGDT024</logicalDatatype>
<dataTypeSize>1 BYTE</dataTypeSize>
<autoIncrementCycle>false</autoIncrementCycle>
</Column>
<Column name="QC Outcome Flag" id="9368A8EE-74CC-F54D-C540-CD66EE801648">
<sourceConnName>MAXDTDEV</sourceConnName>
<sourceObjSchema>D_NYEC_PMI_CURRENT</sourceObjSchema>
<sourceObjName>QC Outcome Flag</sourceObjName>
<createdBy>ro38606</createdBy>
<createdTime>2013-05-07 16:47:58 UTC</createdTime>
<ownerDesignName>NYEC_BPM_Semantic_data_model_diagram</ownerDesignName>
<nullsAllowed>true</nullsAllowed>
<useDomainConstraints>false</useDomainConstraints>
<use>1</use>
<logicalDatatype>LOGDT024</logicalDatatype>
<dataTypeSize>1 BYTE</dataTypeSize>
<autoIncrementCycle>false</autoIncrementCycle>
</Column>
<Column name="MI Outcome Flag" id="56B20DA3-573D-26F6-D64A-A6E6734389E2">
<sourceConnName>MAXDTDEV</sourceConnName>
<sourceObjSchema>D_NYEC_PMI_CURRENT</sourceObjSchema>
<sourceObjName>MI Outcome Flag</sourceObjName>
<createdBy>ro38606</createdBy>
<createdTime>2013-05-07 16:47:58 UTC</createdTime>
<ownerDesignName>NYEC_BPM_Semantic_data_model_diagram</ownerDesignName>
<nullsAllowed>true</nullsAllowed>
<useDomainConstraints>false</useDomainConstraints>
<use>1</use>
<logicalDatatype>LOGDT024</logicalDatatype>
<dataTypeSize>1 BYTE</dataTypeSize>
<autoIncrementCycle>false</autoIncrementCycle>
</Column>
<Column name="Receive MI Flag" id="E8793E5F-D5B6-4473-8471-AF1854A08902">
<sourceConnName>MAXDTDEV</sourceConnName>
<sourceObjSchema>D_NYEC_PMI_CURRENT</sourceObjSchema>
<sourceObjName>Receive MI Flag</sourceObjName>
<createdBy>ro38606</createdBy>
<createdTime>2013-05-07 16:47:58 UTC</createdTime>
<ownerDesignName>NYEC_BPM_Semantic_data_model_diagram</ownerDesignName>
<nullsAllowed>true</nullsAllowed>
<useDomainConstraints>false</useDomainConstraints>
<use>1</use>
<logicalDatatype>LOGDT024</logicalDatatype>
<dataTypeSize>1 BYTE</dataTypeSize>
<autoIncrementCycle>false</autoIncrementCycle>
</Column>
<Column name="Create State Accept Flag" id="BC77198A-B6F3-3D9F-1F4B-36EA07B89912">
<sourceConnName>MAXDTDEV</sourceConnName>
<sourceObjSchema>D_NYEC_PMI_CURRENT</sourceObjSchema>
<sourceObjName>Create State Accept Flag</sourceObjName>
<createdBy>ro38606</createdBy>
<createdTime>2013-05-07 16:47:58 UTC</createdTime>
<ownerDesignName>NYEC_BPM_Semantic_data_model_diagram</ownerDesignName>
<nullsAllowed>true</nullsAllowed>
<useDomainConstraints>false</useDomainConstraints>
<use>1</use>
<logicalDatatype>LOGDT024</logicalDatatype>
<dataTypeSize>1 BYTE</dataTypeSize>
<autoIncrementCycle>false</autoIncrementCycle>
</Column>
<Column name="Determine MI Outcome Flag" id="F8F8B4F8-860A-ADF2-F3BC-E58B98AAAEE3">
<sourceConnName>MAXDTDEV</sourceConnName>
<sourceObjSchema>D_NYEC_PMI_CURRENT</sourceObjSchema>
<sourceObjName>Determine MI Outcome Flag</sourceObjName>
<createdBy>ro38606</createdBy>
<createdTime>2013-05-07 16:47:59 UTC</createdTime>
<ownerDesignName>NYEC_BPM_Semantic_data_model_diagram</ownerDesignName>
<nullsAllowed>true</nullsAllowed>
<useDomainConstraints>false</useDomainConstraints>
<use>1</use>
<logicalDatatype>LOGDT024</logicalDatatype>
<dataTypeSize>1 BYTE</dataTypeSize>
<autoIncrementCycle>false</autoIncrementCycle>
</Column>
<Column name="Complete MI Task Flag" id="792C35B3-7E2F-2D0E-516B-7C35AF6DB9EA">
<sourceConnName>MAXDTDEV</sourceConnName>
<sourceObjSchema>D_NYEC_PMI_CURRENT</sourceObjSchema>
<sourceObjName>Complete MI Task Flag</sourceObjName>
<createdBy>ro38606</createdBy>
<createdTime>2013-05-07 16:47:59 UTC</createdTime>
<ownerDesignName>NYEC_BPM_Semantic_data_model_diagram</ownerDesignName>
<nullsAllowed>true</nullsAllowed>
<useDomainConstraints>false</useDomainConstraints>
<use>1</use>
<logicalDatatype>LOGDT024</logicalDatatype>
<dataTypeSize>1 BYTE</dataTypeSize>
<autoIncrementCycle>false</autoIncrementCycle>
</Column>
<Column name="Perform QC on MI Flag" id="99DB1659-AFC9-E567-B364-FB93BD9DB1EC">
<sourceConnName>MAXDTDEV</sourceConnName>
<sourceObjSchema>D_NYEC_PMI_CURRENT</sourceObjSchema>
<sourceObjName>Perform QC on MI Flag</sourceObjName>
<createdBy>ro38606</createdBy>
<createdTime>2013-05-07 16:47:59 UTC</createdTime>
<ownerDesignName>NYEC_BPM_Semantic_data_model_diagram</ownerDesignName>
<nullsAllowed>true</nullsAllowed>
<useDomainConstraints>false</useDomainConstraints>
<use>1</use>
<logicalDatatype>LOGDT024</logicalDatatype>
<dataTypeSize>1 BYTE</dataTypeSize>
<autoIncrementCycle>false</autoIncrementCycle>
</Column>
<Column name="Perform Research Flag" id="23C1C9EA-56CA-C9C3-4BE4-57088A0B9F17">
<sourceConnName>MAXDTDEV</sourceConnName>
<sourceObjSchema>D_NYEC_PMI_CURRENT</sourceObjSchema>
<sourceObjName>Perform Research Flag</sourceObjName>
<createdBy>ro38606</createdBy>
<createdTime>2013-05-07 16:47:59 UTC</createdTime>
<ownerDesignName>NYEC_BPM_Semantic_data_model_diagram</ownerDesignName>
<nullsAllowed>true</nullsAllowed>
<useDomainConstraints>false</useDomainConstraints>
<use>1</use>
<logicalDatatype>LOGDT024</logicalDatatype>
<dataTypeSize>1 BYTE</dataTypeSize>
<autoIncrementCycle>false</autoIncrementCycle>
</Column>
<Column name="Send MI Letter Flag" id="17C13B29-1C81-77F8-6CDF-B8496710E239">
<sourceConnName>MAXDTDEV</sourceConnName>
<sourceObjSchema>D_NYEC_PMI_CURRENT</sourceObjSchema>
<sourceObjName>Send MI Letter Flag</sourceObjName>
<createdBy>ro38606</createdBy>
<createdTime>2013-05-07 16:47:59 UTC</createdTime>
<ownerDesignName>NYEC_BPM_Semantic_data_model_diagram</ownerDesignName>
<nullsAllowed>true</nullsAllowed>
<useDomainConstraints>false</useDomainConstraints>
<use>1</use>
<logicalDatatype>LOGDT024</logicalDatatype>
<dataTypeSize>1 BYTE</dataTypeSize>
<autoIncrementCycle>false</autoIncrementCycle>
</Column>
<Column name="All MI Satisfied" id="DE042C30-CD00-745B-8E76-F50F895C9BC4">
<sourceConnName>MAXDTDEV</sourceConnName>
<sourceObjSchema>D_NYEC_PMI_CURRENT</sourceObjSchema>
<sourceObjName>All MI Satisfied</sourceObjName>
<createdBy>ro38606</createdBy>
<createdTime>2013-05-07 16:47:59 UTC</createdTime>
<ownerDesignName>NYEC_BPM_Semantic_data_model_diagram</ownerDesignName>
<nullsAllowed>true</nullsAllowed>
<useDomainConstraints>false</useDomainConstraints>
<use>1</use>
<logicalDatatype>LOGDT024</logicalDatatype>
<dataTypeSize>1 BYTE</dataTypeSize>
<autoIncrementCycle>false</autoIncrementCycle>
</Column>
<Column name="New MI Creation Date" id="5CF28943-E7CD-3960-C8E6-28BA7BFCC3B4">
<sourceConnName>MAXDTDEV</sourceConnName>
<sourceObjSchema>D_NYEC_PMI_CURRENT</sourceObjSchema>
<sourceObjName>New MI Creation Date</sourceObjName>
<createdBy>ro38606</createdBy>
<createdTime>2013-05-07 16:47:59 UTC</createdTime>
<ownerDesignName>NYEC_BPM_Semantic_data_model_diagram</ownerDesignName>
<nullsAllowed>true</nullsAllowed>
<useDomainConstraints>false</useDomainConstraints>
<use>1</use>
<logicalDatatype>LOGDT007</logicalDatatype>
<dataTypeSize>7</dataTypeSize>
<autoIncrementCycle>false</autoIncrementCycle>
</Column>
<Column name="New MI Satisfied Date" id="8421B190-F1F0-993B-6F5B-2147882EAB65">
<sourceConnName>MAXDTDEV</sourceConnName>
<sourceObjSchema>D_NYEC_PMI_CURRENT</sourceObjSchema>
<sourceObjName>New MI Satisfied Date</sourceObjName>
<createdBy>ro38606</createdBy>
<createdTime>2013-05-07 16:48:00 UTC</createdTime>
<ownerDesignName>NYEC_BPM_Semantic_data_model_diagram</ownerDesignName>
<nullsAllowed>true</nullsAllowed>
<useDomainConstraints>false</useDomainConstraints>
<use>1</use>
<logicalDatatype>LOGDT007</logicalDatatype>
<dataTypeSize>7</dataTypeSize>
<autoIncrementCycle>false</autoIncrementCycle>
</Column>
<Column name="MI Letter Sent On" id="9E7C9124-C725-AE52-B317-CD0923C10D40">
<sourceConnName>MAXDTDEV</sourceConnName>
<sourceObjSchema>D_NYEC_PMI_CURRENT</sourceObjSchema>
<sourceObjName>MI Letter Sent On</sourceObjName>
<createdBy>ro38606</createdBy>
<createdTime>2013-05-07 16:48:00 UTC</createdTime>
<ownerDesignName>NYEC_BPM_Semantic_data_model_diagram</ownerDesignName>
<nullsAllowed>true</nullsAllowed>
<useDomainConstraints>false</useDomainConstraints>
<use>1</use>
<logicalDatatype>LOGDT007</logicalDatatype>
<dataTypeSize>7</dataTypeSize>
<autoIncrementCycle>false</autoIncrementCycle>
</Column>
</columns>
<indexes itemClass="oracle.dbtools.crest.model.design.relational.Index">
<ind_PK_UK id="0BBD34E2-223C-F57B-A3FE-1AABE8C79532" name="DNPMIC_PK">
<sourceConnName>MAXDTDEV</sourceConnName>
<sourceObjSchema>MAXDAT</sourceObjSchema>
<sourceObjName>DNPMIC_PK</sourceObjName>
<createdBy>ro38606</createdBy>
<createdTime>2013-05-07 16:49:27 UTC</createdTime>
<ownerDesignName>NYEC_BPM_Semantic_data_model_diagram</ownerDesignName>
<pk>true</pk>
<indexState>Primary Constraint</indexState>
<indexColumnUsage>
<colUsage columnID="974B6AD0-FF29-7736-6FD6-01EACB6B4C6F"/>
</indexColumnUsage>
</ind_PK_UK>
<ind_PK_UK id="6AD74F6F-C161-E0F0-9DC1-0C041DE4486D" name="DPMIC_PK">
<sourceConnName>MAXDTDEV</sourceConnName>
<sourceObjSchema>MAXDAT</sourceObjSchema>
<sourceObjName>DPMIC_PK</sourceObjName>
<createdBy>ro38606</createdBy>
<createdTime>2013-05-07 16:48:46 UTC</createdTime>
<ownerDesignName>NYEC_BPM_Semantic_data_model_diagram</ownerDesignName>
<schemaObject>8395E672-89A2-8150-B09D-55D1ECC2042E</schemaObject>
<indexState>Unique Plain Index</indexState>
<indexColumnUsage>
<colUsage columnID="974B6AD0-FF29-7736-6FD6-01EACB6B4C6F"/>
</indexColumnUsage>
</ind_PK_UK>
<ind_PK_UK id="A81D34FB-10D6-480D-3655-11196C106511" name="DNPMICUR_UIX1">
<sourceConnName>MAXDTDEV</sourceConnName>
<sourceObjSchema>MAXDAT</sourceObjSchema>
<sourceObjName>DNPMICUR_UIX1</sourceObjName>
<createdBy>ro38606</createdBy>
<createdTime>2013-05-07 16:48:46 UTC</createdTime>
<ownerDesignName>NYEC_BPM_Semantic_data_model_diagram</ownerDesignName>
<schemaObject>8395E672-89A2-8150-B09D-55D1ECC2042E</schemaObject>
<indexColumnUsage>
<colUsage columnID="37084BAC-92E0-9BDB-7DB5-D4A8774374FA"/>
</indexColumnUsage>
</ind_PK_UK>
</indexes>
</Table>