<?xml version = '1.0' encoding = 'UTF-8'?>
<Table class="oracle.dbtools.crest.model.design.relational.Table" id="9DD5C4E8-8874-5589-C531-BF4167571295" directorySegmentName="seg_0" name="D_NYEC_PA_APP_STATUS">
<sourceConnName>MAXDTDEV</sourceConnName>
<sourceObjSchema>MAXDAT</sourceObjSchema>
<sourceObjName>D_NYEC_PA_APP_STATUS</sourceObjName>
<createdBy>ro38606</createdBy>
<createdTime>2013-05-07 16:46:52 UTC</createdTime>
<ownerDesignName>NYEC_BPM_Semantic_data_model_diagram</ownerDesignName>
<schemaObject>8395E672-89A2-8150-B09D-55D1ECC2042E</schemaObject>
<pkName>DNPAAS_PK</pkName>
<fonts itemClass="oracle.dbtools.crest.model.design.FontObjectWr">
<FontObject>
<foType>Title</foType>
<fontStyle>1</fontStyle>
<colorRGB>-16776961</colorRGB>
</FontObject>
<FontObject>
<foType>Column</foType>
<colorRGB>-16777216</colorRGB>
</FontObject>
<FontObject>
<foType>Datatype</foType>
<colorRGB>-16744448</colorRGB>
</FontObject>
<FontObject>
<foType>PK Element</foType>
<colorRGB>-16776961</colorRGB>
</FontObject>
<FontObject>
<foType>FK Element</foType>
<colorRGB>-16777216</colorRGB>
</FontObject>
<FontObject>
<foType>UK Element</foType>
<colorRGB>-16776961</colorRGB>
</FontObject>
<FontObject>
<foType>Not Null</foType>
<colorRGB>-65536</colorRGB>
</FontObject>
<FontObject>
<foType>Key</foType>
<colorRGB>-16777216</colorRGB>
</FontObject>
</fonts>
<columns itemClass="oracle.dbtools.crest.model.design.relational.Column">
<Column name="DNPAAS_ID" id="4842D842-A3A7-8BE4-02C3-32DB0ABA0135">
<sourceConnName>MAXDTDEV</sourceConnName>
<sourceObjSchema>D_NYEC_PA_APP_STATUS</sourceObjSchema>
<sourceObjName>DNPAAS_ID</sourceObjName>
<createdBy>ro38606</createdBy>
<createdTime>2013-05-07 16:47:17 UTC</createdTime>
<ownerDesignName>NYEC_BPM_Semantic_data_model_diagram</ownerDesignName>
<useDomainConstraints>false</useDomainConstraints>
<use>1</use>
<logicalDatatype>LOGDT019</logicalDatatype>
<dataTypeSize>22</dataTypeSize>
<autoIncrementCycle>false</autoIncrementCycle>
</Column>
<Column name="App Status" id="3E0EE9D4-C4E5-557A-32BC-F8D96485086A">
<sourceConnName>MAXDTDEV</sourceConnName>
<sourceObjSchema>D_NYEC_PA_APP_STATUS</sourceObjSchema>
<sourceObjName>App Status</sourceObjName>
<createdBy>ro38606</createdBy>
<createdTime>2013-05-07 16:47:17 UTC</createdTime>
<ownerDesignName>NYEC_BPM_Semantic_data_model_diagram</ownerDesignName>
<useDomainConstraints>false</useDomainConstraints>
<use>1</use>
<logicalDatatype>LOGDT024</logicalDatatype>
<dataTypeSize>50 BYTE</dataTypeSize>
<autoIncrementCycle>false</autoIncrementCycle>
</Column>
<Column name="App Status Group" id="5803D1BF-728A-E2B2-3360-C8088344ED47">
<sourceConnName>MAXDTDEV</sourceConnName>
<sourceObjSchema>D_NYEC_PA_APP_STATUS</sourceObjSchema>
<sourceObjName>App Status Group</sourceObjName>
<createdBy>ro38606</createdBy>
<createdTime>2013-05-07 16:47:17 UTC</createdTime>
<ownerDesignName>NYEC_BPM_Semantic_data_model_diagram</ownerDesignName>
<useDomainConstraints>false</useDomainConstraints>
<use>1</use>
<logicalDatatype>LOGDT024</logicalDatatype>
<dataTypeSize>30 BYTE</dataTypeSize>
<autoIncrementCycle>false</autoIncrementCycle>
</Column>
<Column name="Heart App Status" id="3A711A3A-FDE8-E851-C197-C6C9DEE8B14E">
<sourceConnName>MAXDTDEV</sourceConnName>
<sourceObjSchema>D_NYEC_PA_APP_STATUS</sourceObjSchema>
<sourceObjName>Heart App Status</sourceObjName>
<createdBy>ro38606</createdBy>
<createdTime>2013-05-07 16:47:17 UTC</createdTime>
<ownerDesignName>NYEC_BPM_Semantic_data_model_diagram</ownerDesignName>
<nullsAllowed>true</nullsAllowed>
<useDomainConstraints>false</useDomainConstraints>
<use>1</use>
<logicalDatatype>LOGDT024</logicalDatatype>
<dataTypeSize>50 BYTE</dataTypeSize>
<autoIncrementCycle>false</autoIncrementCycle>
</Column>
<Column name="Refer to LDSS Flag" id="5856503C-1FA3-55CD-BCA2-36920AEFD9EE">
<sourceConnName>MAXDTDEV</sourceConnName>
<sourceObjSchema>D_NYEC_PA_APP_STATUS</sourceObjSchema>
<sourceObjName>Refer to LDSS Flag</sourceObjName>
<createdBy>ro38606</createdBy>
<createdTime>2013-05-07 16:47:17 UTC</createdTime>
<ownerDesignName>NYEC_BPM_Semantic_data_model_diagram</ownerDesignName>
<nullsAllowed>true</nullsAllowed>
<useDomainConstraints>false</useDomainConstraints>
<use>1</use>
<logicalDatatype>LOGDT024</logicalDatatype>
<dataTypeSize>1 BYTE</dataTypeSize>
<autoIncrementCycle>false</autoIncrementCycle>
</Column>
</columns>
<indexes itemClass="oracle.dbtools.crest.model.design.relational.Index">
<ind_PK_UK id="F7A7E421-D76A-0645-5F48-832199401BC9" name="DNPAAS_PK">
<sourceConnName>MAXDTDEV</sourceConnName>
<sourceObjSchema>MAXDAT</sourceObjSchema>
<sourceObjName>DNPAAS_PK</sourceObjName>
<createdBy>ro38606</createdBy>
<createdTime>2013-05-07 16:48:38 UTC</createdTime>
<ownerDesignName>NYEC_BPM_Semantic_data_model_diagram</ownerDesignName>
<schemaObject>8395E672-89A2-8150-B09D-55D1ECC2042E</schemaObject>
<pk>true</pk>
<indexState>Primary Constraint</indexState>
<indexColumnUsage>
<colUsage columnID="4842D842-A3A7-8BE4-02C3-32DB0ABA0135"/>
</indexColumnUsage>
</ind_PK_UK>
<ind_PK_UK id="F3E6E3AD-BD3C-89FB-1527-88727048F4F8" name="DNPAAS_UIX1">
<sourceConnName>MAXDTDEV</sourceConnName>
<sourceObjSchema>MAXDAT</sourceObjSchema>
<sourceObjName>DNPAAS_UIX1</sourceObjName>
<createdBy>ro38606</createdBy>
<createdTime>2013-05-07 16:48:38 UTC</createdTime>
<ownerDesignName>NYEC_BPM_Semantic_data_model_diagram</ownerDesignName>
<schemaObject>8395E672-89A2-8150-B09D-55D1ECC2042E</schemaObject>
<indexState>Unique Plain Index</indexState>
<indexColumnUsage>
<colUsage columnID="3E0EE9D4-C4E5-557A-32BC-F8D96485086A"/>
<colUsage columnID="5803D1BF-728A-E2B2-3360-C8088344ED47"/>
<colUsage columnID="3A711A3A-FDE8-E851-C197-C6C9DEE8B14E"/>
<colUsage columnID="5856503C-1FA3-55CD-BCA2-36920AEFD9EE"/>
</indexColumnUsage>
</ind_PK_UK>
</indexes>
</Table>