<?xml version = '1.0' encoding = 'UTF-8'?>
<Table class="oracle.dbtools.crest.model.design.relational.Table" id="A420DC6C-D09A-C072-5D34-753ED1B56F65" directorySegmentName="seg_0" name="D_MW_CURRENT">
<sourceConnName>MAXDTDEV</sourceConnName>
<sourceObjSchema>MAXDAT</sourceObjSchema>
<sourceObjName>D_MW_CURRENT</sourceObjName>
<createdBy>ro38606</createdBy>
<createdTime>2013-05-07 16:46:50 UTC</createdTime>
<ownerDesignName>NYEC_BPM_Semantic_data_model_diagram</ownerDesignName>
<schemaObject>8395E672-89A2-8150-B09D-55D1ECC2042E</schemaObject>
<pkName>DMWCUR_PK</pkName>
<fonts itemClass="oracle.dbtools.crest.model.design.FontObjectWr">
<FontObject>
<foType>Title</foType>
<fontStyle>1</fontStyle>
<colorRGB>-16776961</colorRGB>
</FontObject>
<FontObject>
<foType>Column</foType>
<colorRGB>-16777216</colorRGB>
</FontObject>
<FontObject>
<foType>Datatype</foType>
<colorRGB>-16744448</colorRGB>
</FontObject>
<FontObject>
<foType>PK Element</foType>
<colorRGB>-16776961</colorRGB>
</FontObject>
<FontObject>
<foType>FK Element</foType>
<colorRGB>-16777216</colorRGB>
</FontObject>
<FontObject>
<foType>UK Element</foType>
<colorRGB>-16776961</colorRGB>
</FontObject>
<FontObject>
<foType>Not Null</foType>
<colorRGB>-65536</colorRGB>
</FontObject>
<FontObject>
<foType>Key</foType>
<colorRGB>-16777216</colorRGB>
</FontObject>
</fonts>
<columns itemClass="oracle.dbtools.crest.model.design.relational.Column">
<Column name="MW_BI_ID" id="38625BEA-266C-CEBD-0C43-8C2FBEA67A6F">
<sourceConnName>MAXDTDEV</sourceConnName>
<sourceObjSchema>D_MW_CURRENT</sourceObjSchema>
<sourceObjName>MW_BI_ID</sourceObjName>
<createdBy>ro38606</createdBy>
<createdTime>2013-05-07 16:46:59 UTC</createdTime>
<ownerDesignName>NYEC_BPM_Semantic_data_model_diagram</ownerDesignName>
<useDomainConstraints>false</useDomainConstraints>
<use>1</use>
<logicalDatatype>LOGDT019</logicalDatatype>
<dataTypeSize>22</dataTypeSize>
<autoIncrementCycle>false</autoIncrementCycle>
</Column>
<Column name="Task ID" id="6F0B3DBC-3266-E8B0-D235-576ABF933972">
<sourceConnName>MAXDTDEV</sourceConnName>
<sourceObjSchema>D_MW_CURRENT</sourceObjSchema>
<sourceObjName>Task ID</sourceObjName>
<createdBy>ro38606</createdBy>
<createdTime>2013-05-07 16:46:59 UTC</createdTime>
<ownerDesignName>NYEC_BPM_Semantic_data_model_diagram</ownerDesignName>
<nullsAllowed>true</nullsAllowed>
<useDomainConstraints>false</useDomainConstraints>
<use>1</use>
<logicalDatatype>LOGDT019</logicalDatatype>
<dataTypeSize>22</dataTypeSize>
<autoIncrementCycle>false</autoIncrementCycle>
</Column>
<Column name="Age in Business Days" id="4B261B6A-D9A6-EF2B-2DF6-8319FF8FE85D">
<sourceConnName>MAXDTDEV</sourceConnName>
<sourceObjSchema>D_MW_CURRENT</sourceObjSchema>
<sourceObjName>Age in Business Days</sourceObjName>
<createdBy>ro38606</createdBy>
<createdTime>2013-05-07 16:46:59 UTC</createdTime>
<ownerDesignName>NYEC_BPM_Semantic_data_model_diagram</ownerDesignName>
<useDomainConstraints>false</useDomainConstraints>
<use>1</use>
<logicalDatatype>LOGDT019</logicalDatatype>
<dataTypeSize>22</dataTypeSize>
<autoIncrementCycle>false</autoIncrementCycle>
</Column>
<Column name="Age in Calendar Days" id="96E6D978-667D-9E40-8FF9-395AED8927EE">
<sourceConnName>MAXDTDEV</sourceConnName>
<sourceObjSchema>D_MW_CURRENT</sourceObjSchema>
<sourceObjName>Age in Calendar Days</sourceObjName>
<createdBy>ro38606</createdBy>
<createdTime>2013-05-07 16:46:59 UTC</createdTime>
<ownerDesignName>NYEC_BPM_Semantic_data_model_diagram</ownerDesignName>
<useDomainConstraints>false</useDomainConstraints>
<use>1</use>
<logicalDatatype>LOGDT019</logicalDatatype>
<dataTypeSize>22</dataTypeSize>
<autoIncrementCycle>false</autoIncrementCycle>
</Column>
<Column name="Create Date" id="3A15239C-751A-E98B-4721-F6E6F64BFE4B">
<sourceConnName>MAXDTDEV</sourceConnName>
<sourceObjSchema>D_MW_CURRENT</sourceObjSchema>
<sourceObjName>Create Date</sourceObjName>
<createdBy>ro38606</createdBy>
<createdTime>2013-05-07 16:46:59 UTC</createdTime>
<ownerDesignName>NYEC_BPM_Semantic_data_model_diagram</ownerDesignName>
<useDomainConstraints>false</useDomainConstraints>
<use>1</use>
<logicalDatatype>LOGDT007</logicalDatatype>
<dataTypeSize>7</dataTypeSize>
<autoIncrementCycle>false</autoIncrementCycle>
</Column>
<Column name="Complete Date" id="804510D9-4906-0D14-3282-275E214B0CBF">
<sourceConnName>MAXDTDEV</sourceConnName>
<sourceObjSchema>D_MW_CURRENT</sourceObjSchema>
<sourceObjName>Complete Date</sourceObjName>
<createdBy>ro38606</createdBy>
<createdTime>2013-05-07 16:46:59 UTC</createdTime>
<ownerDesignName>NYEC_BPM_Semantic_data_model_diagram</ownerDesignName>
<nullsAllowed>true</nullsAllowed>
<useDomainConstraints>false</useDomainConstraints>
<use>1</use>
<logicalDatatype>LOGDT007</logicalDatatype>
<dataTypeSize>7</dataTypeSize>
<autoIncrementCycle>false</autoIncrementCycle>
</Column>
<Column name="Jeopardy Flag" id="4730FA22-3166-E25B-FCD2-953DF650AE9F">
<sourceConnName>MAXDTDEV</sourceConnName>
<sourceObjSchema>D_MW_CURRENT</sourceObjSchema>
<sourceObjName>Jeopardy Flag</sourceObjName>
<createdBy>ro38606</createdBy>
<createdTime>2013-05-07 16:47:00 UTC</createdTime>
<ownerDesignName>NYEC_BPM_Semantic_data_model_diagram</ownerDesignName>
<useDomainConstraints>false</useDomainConstraints>
<use>1</use>
<logicalDatatype>LOGDT024</logicalDatatype>
<dataTypeSize>1 BYTE</dataTypeSize>
<autoIncrementCycle>false</autoIncrementCycle>
</Column>
<Column name="SLA Days" id="F2B4116D-17A8-F841-3FE8-EA2BA6E183FE">
<sourceConnName>MAXDTDEV</sourceConnName>
<sourceObjSchema>D_MW_CURRENT</sourceObjSchema>
<sourceObjName>SLA Days</sourceObjName>
<createdBy>ro38606</createdBy>
<createdTime>2013-05-07 16:47:00 UTC</createdTime>
<ownerDesignName>NYEC_BPM_Semantic_data_model_diagram</ownerDesignName>
<nullsAllowed>true</nullsAllowed>
<useDomainConstraints>false</useDomainConstraints>
<use>1</use>
<logicalDatatype>LOGDT019</logicalDatatype>
<dataTypeSize>22</dataTypeSize>
<autoIncrementCycle>false</autoIncrementCycle>
</Column>
<Column name="SLA Days Type" id="73A5CB44-F3B7-1E5E-B611-BD7B8DFC189C">
<sourceConnName>MAXDTDEV</sourceConnName>
<sourceObjSchema>D_MW_CURRENT</sourceObjSchema>
<sourceObjName>SLA Days Type</sourceObjName>
<createdBy>ro38606</createdBy>
<createdTime>2013-05-07 16:47:00 UTC</createdTime>
<ownerDesignName>NYEC_BPM_Semantic_data_model_diagram</ownerDesignName>
<nullsAllowed>true</nullsAllowed>
<useDomainConstraints>false</useDomainConstraints>
<use>1</use>
<logicalDatatype>LOGDT024</logicalDatatype>
<dataTypeSize>1 BYTE</dataTypeSize>
<autoIncrementCycle>false</autoIncrementCycle>
</Column>
<Column name="SLA Jeopardy Days" id="F81E30CF-41D4-F8CB-DE4C-662B992F65AA">
<sourceConnName>MAXDTDEV</sourceConnName>
<sourceObjSchema>D_MW_CURRENT</sourceObjSchema>
<sourceObjName>SLA Jeopardy Days</sourceObjName>
<createdBy>ro38606</createdBy>
<createdTime>2013-05-07 16:47:00 UTC</createdTime>
<ownerDesignName>NYEC_BPM_Semantic_data_model_diagram</ownerDesignName>
<nullsAllowed>true</nullsAllowed>
<useDomainConstraints>false</useDomainConstraints>
<use>1</use>
<logicalDatatype>LOGDT019</logicalDatatype>
<dataTypeSize>22</dataTypeSize>
<autoIncrementCycle>false</autoIncrementCycle>
</Column>
<Column name="SLA Target Days" id="EFFE45B1-4391-D950-A7F9-7292BDBD5529">
<sourceConnName>MAXDTDEV</sourceConnName>
<sourceObjSchema>D_MW_CURRENT</sourceObjSchema>
<sourceObjName>SLA Target Days</sourceObjName>
<createdBy>ro38606</createdBy>
<createdTime>2013-05-07 16:47:00 UTC</createdTime>
<ownerDesignName>NYEC_BPM_Semantic_data_model_diagram</ownerDesignName>
<nullsAllowed>true</nullsAllowed>
<useDomainConstraints>false</useDomainConstraints>
<use>1</use>
<logicalDatatype>LOGDT019</logicalDatatype>
<dataTypeSize>22</dataTypeSize>
<autoIncrementCycle>false</autoIncrementCycle>
</Column>
<Column name="Timeliness Status" id="0C3B49C7-BA31-60F1-0F60-B2B46D6E9333">
<sourceConnName>MAXDTDEV</sourceConnName>
<sourceObjSchema>D_MW_CURRENT</sourceObjSchema>
<sourceObjName>Timeliness Status</sourceObjName>
<createdBy>ro38606</createdBy>
<createdTime>2013-05-07 16:47:00 UTC</createdTime>
<ownerDesignName>NYEC_BPM_Semantic_data_model_diagram</ownerDesignName>
<useDomainConstraints>false</useDomainConstraints>
<use>1</use>
<logicalDatatype>LOGDT024</logicalDatatype>
<dataTypeSize>20 BYTE</dataTypeSize>
<autoIncrementCycle>false</autoIncrementCycle>
</Column>
<Column name="Cancel Work Date" id="7A781DCD-08C0-CC78-D3EA-AEE7AA86E59D">
<sourceConnName>MAXDTDEV</sourceConnName>
<sourceObjSchema>D_MW_CURRENT</sourceObjSchema>
<sourceObjName>Cancel Work Date</sourceObjName>
<createdBy>ro38606</createdBy>
<createdTime>2013-05-07 16:47:00 UTC</createdTime>
<ownerDesignName>NYEC_BPM_Semantic_data_model_diagram</ownerDesignName>
<nullsAllowed>true</nullsAllowed>
<useDomainConstraints>false</useDomainConstraints>
<use>1</use>
<logicalDatatype>LOGDT007</logicalDatatype>
<dataTypeSize>7</dataTypeSize>
<autoIncrementCycle>false</autoIncrementCycle>
</Column>
<Column name="Cancel Work Flag" id="633EF387-A999-7FB5-37CF-3A843DEA04A2">
<sourceConnName>MAXDTDEV</sourceConnName>
<sourceObjSchema>D_MW_CURRENT</sourceObjSchema>
<sourceObjName>Cancel Work Flag</sourceObjName>
<createdBy>ro38606</createdBy>
<createdTime>2013-05-07 16:47:00 UTC</createdTime>
<ownerDesignName>NYEC_BPM_Semantic_data_model_diagram</ownerDesignName>
<useDomainConstraints>false</useDomainConstraints>
<use>1</use>
<logicalDatatype>LOGDT024</logicalDatatype>
<dataTypeSize>1 BYTE</dataTypeSize>
<autoIncrementCycle>false</autoIncrementCycle>
</Column>
<Column name="Complete Flag" id="5C905F5E-A6DE-CD03-F0DF-3367051C7EC7">
<sourceConnName>MAXDTDEV</sourceConnName>
<sourceObjSchema>D_MW_CURRENT</sourceObjSchema>
<sourceObjName>Complete Flag</sourceObjName>
<createdBy>ro38606</createdBy>
<createdTime>2013-05-07 16:47:01 UTC</createdTime>
<ownerDesignName>NYEC_BPM_Semantic_data_model_diagram</ownerDesignName>
<useDomainConstraints>false</useDomainConstraints>
<use>1</use>
<logicalDatatype>LOGDT024</logicalDatatype>
<dataTypeSize>1 BYTE</dataTypeSize>
<autoIncrementCycle>false</autoIncrementCycle>
</Column>
<Column name="Created By Name" id="CCB88805-99A5-042C-C35A-FC893492D610">
<sourceConnName>MAXDTDEV</sourceConnName>
<sourceObjSchema>D_MW_CURRENT</sourceObjSchema>
<sourceObjName>Created By Name</sourceObjName>
<createdBy>ro38606</createdBy>
<createdTime>2013-05-07 16:47:01 UTC</createdTime>
<ownerDesignName>NYEC_BPM_Semantic_data_model_diagram</ownerDesignName>
<nullsAllowed>true</nullsAllowed>
<useDomainConstraints>false</useDomainConstraints>
<use>1</use>
<logicalDatatype>LOGDT024</logicalDatatype>
<dataTypeSize>100 BYTE</dataTypeSize>
<autoIncrementCycle>false</autoIncrementCycle>
</Column>
<Column name="Source Reference ID" id="C93F5CAC-5E95-BBBC-B68F-72719F87D5E8">
<sourceConnName>MAXDTDEV</sourceConnName>
<sourceObjSchema>D_MW_CURRENT</sourceObjSchema>
<sourceObjName>Source Reference ID</sourceObjName>
<createdBy>ro38606</createdBy>
<createdTime>2013-05-07 16:47:01 UTC</createdTime>
<ownerDesignName>NYEC_BPM_Semantic_data_model_diagram</ownerDesignName>
<nullsAllowed>true</nullsAllowed>
<useDomainConstraints>false</useDomainConstraints>
<use>1</use>
<logicalDatatype>LOGDT019</logicalDatatype>
<dataTypeSize>22</dataTypeSize>
<autoIncrementCycle>false</autoIncrementCycle>
</Column>
<Column name="Source Reference Type" id="78998C4C-DEBD-5FDC-ECA1-73393B85D2DB">
<sourceConnName>MAXDTDEV</sourceConnName>
<sourceObjSchema>D_MW_CURRENT</sourceObjSchema>
<sourceObjName>Source Reference Type</sourceObjName>
<createdBy>ro38606</createdBy>
<createdTime>2013-05-07 16:47:01 UTC</createdTime>
<ownerDesignName>NYEC_BPM_Semantic_data_model_diagram</ownerDesignName>
<nullsAllowed>true</nullsAllowed>
<useDomainConstraints>false</useDomainConstraints>
<use>1</use>
<logicalDatatype>LOGDT024</logicalDatatype>
<dataTypeSize>30 BYTE</dataTypeSize>
<autoIncrementCycle>false</autoIncrementCycle>
</Column>
<Column name="Status Age in Business Days" id="30110CF1-D5A5-EF7E-07E4-791B6951E322">
<sourceConnName>MAXDTDEV</sourceConnName>
<sourceObjSchema>D_MW_CURRENT</sourceObjSchema>
<sourceObjName>Status Age in Business Days</sourceObjName>
<createdBy>ro38606</createdBy>
<createdTime>2013-05-07 16:47:01 UTC</createdTime>
<ownerDesignName>NYEC_BPM_Semantic_data_model_diagram</ownerDesignName>
<useDomainConstraints>false</useDomainConstraints>
<use>1</use>
<logicalDatatype>LOGDT019</logicalDatatype>
<dataTypeSize>22</dataTypeSize>
<autoIncrementCycle>false</autoIncrementCycle>
</Column>
<Column name="Status Age in Calendar Days" id="495CAE93-5C8A-F7E8-8AA4-77AD1D896402">
<sourceConnName>MAXDTDEV</sourceConnName>
<sourceObjSchema>D_MW_CURRENT</sourceObjSchema>
<sourceObjName>Status Age in Calendar Days</sourceObjName>
<createdBy>ro38606</createdBy>
<createdTime>2013-05-07 16:47:01 UTC</createdTime>
<ownerDesignName>NYEC_BPM_Semantic_data_model_diagram</ownerDesignName>
<useDomainConstraints>false</useDomainConstraints>
<use>1</use>
<logicalDatatype>LOGDT019</logicalDatatype>
<dataTypeSize>22</dataTypeSize>
<autoIncrementCycle>false</autoIncrementCycle>
</Column>
<Column name="Unit of Work" id="EB4A1F90-7136-F5C1-EDA4-F19E858EFE27">
<sourceConnName>MAXDTDEV</sourceConnName>
<sourceObjSchema>D_MW_CURRENT</sourceObjSchema>
<sourceObjName>Unit of Work</sourceObjName>
<createdBy>ro38606</createdBy>
<createdTime>2013-05-07 16:47:01 UTC</createdTime>
<ownerDesignName>NYEC_BPM_Semantic_data_model_diagram</ownerDesignName>
<nullsAllowed>true</nullsAllowed>
<useDomainConstraints>false</useDomainConstraints>
<use>1</use>
<logicalDatatype>LOGDT024</logicalDatatype>
<dataTypeSize>30 BYTE</dataTypeSize>
<autoIncrementCycle>false</autoIncrementCycle>
</Column>
<Column name="Current Escalated Flag" id="A46BA5A1-BD94-2432-C2DE-8F669A520DB7">
<sourceConnName>MAXDTDEV</sourceConnName>
<sourceObjSchema>D_MW_CURRENT</sourceObjSchema>
<sourceObjName>Current Escalated Flag</sourceObjName>
<createdBy>ro38606</createdBy>
<createdTime>2013-05-07 16:47:02 UTC</createdTime>
<ownerDesignName>NYEC_BPM_Semantic_data_model_diagram</ownerDesignName>
<useDomainConstraints>false</useDomainConstraints>
<use>1</use>
<logicalDatatype>LOGDT024</logicalDatatype>
<dataTypeSize>1 BYTE</dataTypeSize>
<autoIncrementCycle>false</autoIncrementCycle>
</Column>
<Column name="Current Escalated To Name" id="0265140F-6006-07D3-1D5D-0D4B4F2AA8FD">
<sourceConnName>MAXDTDEV</sourceConnName>
<sourceObjSchema>D_MW_CURRENT</sourceObjSchema>
<sourceObjName>Current Escalated To Name</sourceObjName>
<createdBy>ro38606</createdBy>
<createdTime>2013-05-07 16:47:02 UTC</createdTime>
<ownerDesignName>NYEC_BPM_Semantic_data_model_diagram</ownerDesignName>
<nullsAllowed>true</nullsAllowed>
<useDomainConstraints>false</useDomainConstraints>
<use>1</use>
<logicalDatatype>LOGDT024</logicalDatatype>
<dataTypeSize>100 BYTE</dataTypeSize>
<autoIncrementCycle>false</autoIncrementCycle>
</Column>
<Column name="Current Forwarded By Name" id="00795AC8-233F-AE39-0EAC-FCBDFAAC29CD">
<sourceConnName>MAXDTDEV</sourceConnName>
<sourceObjSchema>D_MW_CURRENT</sourceObjSchema>
<sourceObjName>Current Forwarded By Name</sourceObjName>
<createdBy>ro38606</createdBy>
<createdTime>2013-05-07 16:47:02 UTC</createdTime>
<ownerDesignName>NYEC_BPM_Semantic_data_model_diagram</ownerDesignName>
<nullsAllowed>true</nullsAllowed>
<useDomainConstraints>false</useDomainConstraints>
<use>1</use>
<logicalDatatype>LOGDT024</logicalDatatype>
<dataTypeSize>100 BYTE</dataTypeSize>
<autoIncrementCycle>false</autoIncrementCycle>
</Column>
<Column name="Current Forwarded Flag" id="AADF9011-49B6-71CC-BE99-DB6624CFCADD">
<sourceConnName>MAXDTDEV</sourceConnName>
<sourceObjSchema>D_MW_CURRENT</sourceObjSchema>
<sourceObjName>Current Forwarded Flag</sourceObjName>
<createdBy>ro38606</createdBy>
<createdTime>2013-05-07 16:47:02 UTC</createdTime>
<ownerDesignName>NYEC_BPM_Semantic_data_model_diagram</ownerDesignName>
<useDomainConstraints>false</useDomainConstraints>
<use>1</use>
<logicalDatatype>LOGDT024</logicalDatatype>
<dataTypeSize>1 BYTE</dataTypeSize>
<autoIncrementCycle>false</autoIncrementCycle>
</Column>
<Column name="Current Group Name" id="710564B1-74DA-7526-C0F0-E76EAABD3828">
<sourceConnName>MAXDTDEV</sourceConnName>
<sourceObjSchema>D_MW_CURRENT</sourceObjSchema>
<sourceObjName>Current Group Name</sourceObjName>
<createdBy>ro38606</createdBy>
<createdTime>2013-05-07 16:47:02 UTC</createdTime>
<ownerDesignName>NYEC_BPM_Semantic_data_model_diagram</ownerDesignName>
<nullsAllowed>true</nullsAllowed>
<useDomainConstraints>false</useDomainConstraints>
<use>1</use>
<logicalDatatype>LOGDT024</logicalDatatype>
<dataTypeSize>100 BYTE</dataTypeSize>
<autoIncrementCycle>false</autoIncrementCycle>
</Column>
<Column name="Current Group Parent Name" id="3C4E5758-885B-3F27-ACCD-8F0974017822">
<sourceConnName>MAXDTDEV</sourceConnName>
<sourceObjSchema>D_MW_CURRENT</sourceObjSchema>
<sourceObjName>Current Group Parent Name</sourceObjName>
<createdBy>ro38606</createdBy>
<createdTime>2013-05-07 16:47:02 UTC</createdTime>
<ownerDesignName>NYEC_BPM_Semantic_data_model_diagram</ownerDesignName>
<nullsAllowed>true</nullsAllowed>
<useDomainConstraints>false</useDomainConstraints>
<use>1</use>
<logicalDatatype>LOGDT024</logicalDatatype>
<dataTypeSize>100 BYTE</dataTypeSize>
<autoIncrementCycle>false</autoIncrementCycle>
</Column>
<Column name="Current Group Supervisor Name" id="B28E1D3D-CC9C-7C5D-F303-7AF6A61E03FE">
<sourceConnName>MAXDTDEV</sourceConnName>
<sourceObjSchema>D_MW_CURRENT</sourceObjSchema>
<sourceObjName>Current Group Supervisor Name</sourceObjName>
<createdBy>ro38606</createdBy>
<createdTime>2013-05-07 16:47:02 UTC</createdTime>
<ownerDesignName>NYEC_BPM_Semantic_data_model_diagram</ownerDesignName>
<nullsAllowed>true</nullsAllowed>
<useDomainConstraints>false</useDomainConstraints>
<use>1</use>
<logicalDatatype>LOGDT024</logicalDatatype>
<dataTypeSize>100 BYTE</dataTypeSize>
<autoIncrementCycle>false</autoIncrementCycle>
</Column>
<Column name="Current Last Update By Name" id="5A224F82-03BF-89AD-0799-4F3C7EDEBF60">
<sourceConnName>MAXDTDEV</sourceConnName>
<sourceObjSchema>D_MW_CURRENT</sourceObjSchema>
<sourceObjName>Current Last Update By Name</sourceObjName>
<createdBy>ro38606</createdBy>
<createdTime>2013-05-07 16:47:02 UTC</createdTime>
<ownerDesignName>NYEC_BPM_Semantic_data_model_diagram</ownerDesignName>
<nullsAllowed>true</nullsAllowed>
<useDomainConstraints>false</useDomainConstraints>
<use>1</use>
<logicalDatatype>LOGDT024</logicalDatatype>
<dataTypeSize>100 BYTE</dataTypeSize>
<autoIncrementCycle>false</autoIncrementCycle>
</Column>
<Column name="Current Owner Name" id="69A7F460-DF45-B6A8-047F-49AFFCDBA894">
<sourceConnName>MAXDTDEV</sourceConnName>
<sourceObjSchema>D_MW_CURRENT</sourceObjSchema>
<sourceObjName>Current Owner Name</sourceObjName>
<createdBy>ro38606</createdBy>
<createdTime>2013-05-07 16:47:03 UTC</createdTime>
<ownerDesignName>NYEC_BPM_Semantic_data_model_diagram</ownerDesignName>
<nullsAllowed>true</nullsAllowed>
<useDomainConstraints>false</useDomainConstraints>
<use>1</use>
<logicalDatatype>LOGDT024</logicalDatatype>
<dataTypeSize>100 BYTE</dataTypeSize>
<autoIncrementCycle>false</autoIncrementCycle>
</Column>
<Column name="Current Task Status" id="F3E47BF8-A85E-5B73-6815-5FE25E5B7E25">
<sourceConnName>MAXDTDEV</sourceConnName>
<sourceObjSchema>D_MW_CURRENT</sourceObjSchema>
<sourceObjName>Current Task Status</sourceObjName>
<createdBy>ro38606</createdBy>
<createdTime>2013-05-07 16:47:03 UTC</createdTime>
<ownerDesignName>NYEC_BPM_Semantic_data_model_diagram</ownerDesignName>
<useDomainConstraints>false</useDomainConstraints>
<use>1</use>
<logicalDatatype>LOGDT024</logicalDatatype>
<dataTypeSize>50 BYTE</dataTypeSize>
<autoIncrementCycle>false</autoIncrementCycle>
</Column>
<Column name="Current Task Type" id="91A61AF0-1319-3D25-2230-79A969A8E82E">
<sourceConnName>MAXDTDEV</sourceConnName>
<sourceObjSchema>D_MW_CURRENT</sourceObjSchema>
<sourceObjName>Current Task Type</sourceObjName>
<createdBy>ro38606</createdBy>
<createdTime>2013-05-07 16:47:03 UTC</createdTime>
<ownerDesignName>NYEC_BPM_Semantic_data_model_diagram</ownerDesignName>
<useDomainConstraints>false</useDomainConstraints>
<use>1</use>
<logicalDatatype>LOGDT024</logicalDatatype>
<dataTypeSize>100 BYTE</dataTypeSize>
<autoIncrementCycle>false</autoIncrementCycle>
</Column>
<Column name="Current Team Name" id="0980FAF3-AD8B-1643-6E78-7F62BD052A88">
<sourceConnName>MAXDTDEV</sourceConnName>
<sourceObjSchema>D_MW_CURRENT</sourceObjSchema>
<sourceObjName>Current Team Name</sourceObjName>
<createdBy>ro38606</createdBy>
<createdTime>2013-05-07 16:47:03 UTC</createdTime>
<ownerDesignName>NYEC_BPM_Semantic_data_model_diagram</ownerDesignName>
<nullsAllowed>true</nullsAllowed>
<useDomainConstraints>false</useDomainConstraints>
<use>1</use>
<logicalDatatype>LOGDT024</logicalDatatype>
<dataTypeSize>100 BYTE</dataTypeSize>
<autoIncrementCycle>false</autoIncrementCycle>
</Column>
<Column name="Current Team Parent Name" id="EF354BA9-8F01-15E9-994B-397224F84701">
<sourceConnName>MAXDTDEV</sourceConnName>
<sourceObjSchema>D_MW_CURRENT</sourceObjSchema>
<sourceObjName>Current Team Parent Name</sourceObjName>
<createdBy>ro38606</createdBy>
<createdTime>2013-05-07 16:47:03 UTC</createdTime>
<ownerDesignName>NYEC_BPM_Semantic_data_model_diagram</ownerDesignName>
<nullsAllowed>true</nullsAllowed>
<useDomainConstraints>false</useDomainConstraints>
<use>1</use>
<logicalDatatype>LOGDT024</logicalDatatype>
<dataTypeSize>100 BYTE</dataTypeSize>
<autoIncrementCycle>false</autoIncrementCycle>
</Column>
<Column name="Current Team Supervisor Name" id="D9A0744A-4081-8BF4-65B5-8C9905D25999">
<sourceConnName>MAXDTDEV</sourceConnName>
<sourceObjSchema>D_MW_CURRENT</sourceObjSchema>
<sourceObjName>Current Team Supervisor Name</sourceObjName>
<createdBy>ro38606</createdBy>
<createdTime>2013-05-07 16:47:03 UTC</createdTime>
<ownerDesignName>NYEC_BPM_Semantic_data_model_diagram</ownerDesignName>
<nullsAllowed>true</nullsAllowed>
<useDomainConstraints>false</useDomainConstraints>
<use>1</use>
<logicalDatatype>LOGDT024</logicalDatatype>
<dataTypeSize>100 BYTE</dataTypeSize>
<autoIncrementCycle>false</autoIncrementCycle>
</Column>
<Column name="Current Last Update Date" id="4786C7F8-D408-8CEF-A51A-740C2F8B0D2C">
<sourceConnName>MAXDTDEV</sourceConnName>
<sourceObjSchema>D_MW_CURRENT</sourceObjSchema>
<sourceObjName>Current Last Update Date</sourceObjName>
<createdBy>ro38606</createdBy>
<createdTime>2013-05-07 16:47:03 UTC</createdTime>
<ownerDesignName>NYEC_BPM_Semantic_data_model_diagram</ownerDesignName>
<useDomainConstraints>false</useDomainConstraints>
<use>1</use>
<logicalDatatype>LOGDT007</logicalDatatype>
<dataTypeSize>7</dataTypeSize>
<autoIncrementCycle>false</autoIncrementCycle>
</Column>
<Column name="Current Status Date" id="B3AFDF95-7DF1-07B0-B294-26E71CAFA569">
<sourceConnName>MAXDTDEV</sourceConnName>
<sourceObjSchema>D_MW_CURRENT</sourceObjSchema>
<sourceObjName>Current Status Date</sourceObjName>
<createdBy>ro38606</createdBy>
<createdTime>2013-05-07 16:47:03 UTC</createdTime>
<ownerDesignName>NYEC_BPM_Semantic_data_model_diagram</ownerDesignName>
<useDomainConstraints>false</useDomainConstraints>
<use>1</use>
<logicalDatatype>LOGDT007</logicalDatatype>
<dataTypeSize>7</dataTypeSize>
<autoIncrementCycle>false</autoIncrementCycle>
</Column>
</columns>
<indexes itemClass="oracle.dbtools.crest.model.design.relational.Index">
<ind_PK_UK id="FBCDE2D6-1645-3A2D-7C90-33B62542D981" name="DMWCUR_PK">
<sourceConnName>MAXDTDEV</sourceConnName>
<sourceObjSchema>MAXDAT</sourceObjSchema>
<sourceObjName>DMWCUR_PK</sourceObjName>
<createdBy>ro38606</createdBy>
<createdTime>2013-05-07 16:48:33 UTC</createdTime>
<ownerDesignName>NYEC_BPM_Semantic_data_model_diagram</ownerDesignName>
<schemaObject>8395E672-89A2-8150-B09D-55D1ECC2042E</schemaObject>
<pk>true</pk>
<indexState>Primary Constraint</indexState>
<indexColumnUsage>
<colUsage columnID="38625BEA-266C-CEBD-0C43-8C2FBEA67A6F"/>
</indexColumnUsage>
</ind_PK_UK>
<ind_PK_UK id="06EBAAAE-E9BF-B56B-36EE-93583320FE9E" name="DMWCUR_UIX1">
<sourceConnName>MAXDTDEV</sourceConnName>
<sourceObjSchema>MAXDAT</sourceObjSchema>
<sourceObjName>DMWCUR_UIX1</sourceObjName>
<createdBy>ro38606</createdBy>
<createdTime>2013-05-07 16:48:33 UTC</createdTime>
<ownerDesignName>NYEC_BPM_Semantic_data_model_diagram</ownerDesignName>
<schemaObject>8395E672-89A2-8150-B09D-55D1ECC2042E</schemaObject>
<indexState>Unique Plain Index</indexState>
<indexColumnUsage>
<colUsage columnID="6F0B3DBC-3266-E8B0-D235-576ABF933972"/>
</indexColumnUsage>
</ind_PK_UK>
</indexes>
</Table>