<?xml version = '1.0' encoding = 'UTF-8'?>
<Table class="oracle.dbtools.crest.model.design.relational.Table" id="DC9E972B-ACB8-88D5-8F59-1A63AE975277" directorySegmentName="seg_0" name="D_NYEC_SITP_CURRENT">
<sourceConnName>MAXDTDEV</sourceConnName>
<sourceObjSchema>MAXDAT</sourceObjSchema>
<sourceObjName>D_NYEC_SITP_CURRENT</sourceObjName>
<createdBy>ro38606</createdBy>
<createdTime>2013-05-07 16:46:56 UTC</createdTime>
<ownerDesignName>NYEC_BPM_Semantic_data_model_diagram</ownerDesignName>
<schemaObject>8395E672-89A2-8150-B09D-55D1ECC2042E</schemaObject>
<pkName>DNSITPCUR_PK</pkName>
<fonts itemClass="oracle.dbtools.crest.model.design.FontObjectWr">
<FontObject>
<foType>Title</foType>
<fontStyle>1</fontStyle>
<colorRGB>-16776961</colorRGB>
</FontObject>
<FontObject>
<foType>Column</foType>
<colorRGB>-16777216</colorRGB>
</FontObject>
<FontObject>
<foType>Datatype</foType>
<colorRGB>-16744448</colorRGB>
</FontObject>
<FontObject>
<foType>PK Element</foType>
<colorRGB>-16776961</colorRGB>
</FontObject>
<FontObject>
<foType>FK Element</foType>
<colorRGB>-16777216</colorRGB>
</FontObject>
<FontObject>
<foType>UK Element</foType>
<colorRGB>-16776961</colorRGB>
</FontObject>
<FontObject>
<foType>Not Null</foType>
<colorRGB>-65536</colorRGB>
</FontObject>
<FontObject>
<foType>Key</foType>
<colorRGB>-16777216</colorRGB>
</FontObject>
</fonts>
<columns itemClass="oracle.dbtools.crest.model.design.relational.Column">
<Column name="NYEC_SITP_BI_ID" id="333F244A-4CAE-C8E7-02A6-B29A066AF888">
<sourceConnName>MAXDTDEV</sourceConnName>
<sourceObjSchema>D_NYEC_SITP_CURRENT</sourceObjSchema>
<sourceObjName>NYEC_SITP_BI_ID</sourceObjName>
<createdBy>ro38606</createdBy>
<createdTime>2013-05-07 16:48:03 UTC</createdTime>
<ownerDesignName>NYEC_BPM_Semantic_data_model_diagram</ownerDesignName>
<useDomainConstraints>false</useDomainConstraints>
<use>1</use>
<logicalDatatype>LOGDT019</logicalDatatype>
<dataTypeSize>22</dataTypeSize>
<autoIncrementCycle>false</autoIncrementCycle>
</Column>
<Column name="Application ID" id="D1A14457-0C9F-C07B-F971-EC77FFF55F12">
<sourceConnName>MAXDTDEV</sourceConnName>
<sourceObjSchema>D_NYEC_SITP_CURRENT</sourceObjSchema>
<sourceObjName>Application ID</sourceObjName>
<createdBy>ro38606</createdBy>
<createdTime>2013-05-07 16:48:03 UTC</createdTime>
<ownerDesignName>NYEC_BPM_Semantic_data_model_diagram</ownerDesignName>
<nullsAllowed>true</nullsAllowed>
<useDomainConstraints>false</useDomainConstraints>
<use>1</use>
<logicalDatatype>LOGDT019</logicalDatatype>
<dataTypeSize>22</dataTypeSize>
<autoIncrementCycle>false</autoIncrementCycle>
</Column>
<Column name="Age in Business Days" id="BB4F94DC-EB35-C13B-7321-8925B7ACF275">
<sourceConnName>MAXDTDEV</sourceConnName>
<sourceObjSchema>D_NYEC_SITP_CURRENT</sourceObjSchema>
<sourceObjName>Age in Business Days</sourceObjName>
<createdBy>ro38606</createdBy>
<createdTime>2013-05-07 16:48:03 UTC</createdTime>
<ownerDesignName>NYEC_BPM_Semantic_data_model_diagram</ownerDesignName>
<useDomainConstraints>false</useDomainConstraints>
<use>1</use>
<logicalDatatype>LOGDT019</logicalDatatype>
<dataTypePrecision>18</dataTypePrecision>
<autoIncrementCycle>false</autoIncrementCycle>
</Column>
<Column name="Age in Calendar Days" id="C97F44AD-6E75-D397-A622-6862D0E19687">
<sourceConnName>MAXDTDEV</sourceConnName>
<sourceObjSchema>D_NYEC_SITP_CURRENT</sourceObjSchema>
<sourceObjName>Age in Calendar Days</sourceObjName>
<createdBy>ro38606</createdBy>
<createdTime>2013-05-07 16:48:03 UTC</createdTime>
<ownerDesignName>NYEC_BPM_Semantic_data_model_diagram</ownerDesignName>
<useDomainConstraints>false</useDomainConstraints>
<use>1</use>
<logicalDatatype>LOGDT019</logicalDatatype>
<dataTypePrecision>18</dataTypePrecision>
<autoIncrementCycle>false</autoIncrementCycle>
</Column>
<Column name="Call Flag" id="C600AB0A-F0DF-F482-04F5-651F630737B2">
<sourceConnName>MAXDTDEV</sourceConnName>
<sourceObjSchema>D_NYEC_SITP_CURRENT</sourceObjSchema>
<sourceObjName>Call Flag</sourceObjName>
<createdBy>ro38606</createdBy>
<createdTime>2013-05-07 16:48:03 UTC</createdTime>
<ownerDesignName>NYEC_BPM_Semantic_data_model_diagram</ownerDesignName>
<nullsAllowed>true</nullsAllowed>
<useDomainConstraints>false</useDomainConstraints>
<use>1</use>
<logicalDatatype>LOGDT024</logicalDatatype>
<dataTypeSize>1 BYTE</dataTypeSize>
<autoIncrementCycle>false</autoIncrementCycle>
</Column>
<Column name="Call Result" id="A2C5613E-33D0-5E01-5DA8-68D4D02AB394">
<sourceConnName>MAXDTDEV</sourceConnName>
<sourceObjSchema>D_NYEC_SITP_CURRENT</sourceObjSchema>
<sourceObjName>Call Result</sourceObjName>
<createdBy>ro38606</createdBy>
<createdTime>2013-05-07 16:48:03 UTC</createdTime>
<ownerDesignName>NYEC_BPM_Semantic_data_model_diagram</ownerDesignName>
<nullsAllowed>true</nullsAllowed>
<useDomainConstraints>false</useDomainConstraints>
<use>1</use>
<logicalDatatype>LOGDT024</logicalDatatype>
<dataTypeSize>1 BYTE</dataTypeSize>
<autoIncrementCycle>false</autoIncrementCycle>
</Column>
<Column name="Call Status Date" id="224D218C-7316-B7BB-6290-1FF43958A90E">
<sourceConnName>MAXDTDEV</sourceConnName>
<sourceObjSchema>D_NYEC_SITP_CURRENT</sourceObjSchema>
<sourceObjName>Call Status Date</sourceObjName>
<createdBy>ro38606</createdBy>
<createdTime>2013-05-07 16:48:03 UTC</createdTime>
<ownerDesignName>NYEC_BPM_Semantic_data_model_diagram</ownerDesignName>
<nullsAllowed>true</nullsAllowed>
<useDomainConstraints>false</useDomainConstraints>
<use>1</use>
<logicalDatatype>LOGDT007</logicalDatatype>
<dataTypeSize>7</dataTypeSize>
<autoIncrementCycle>false</autoIncrementCycle>
</Column>
<Column name="Cancel Date" id="60748101-CD84-47E9-A235-A2929B67A745">
<sourceConnName>MAXDTDEV</sourceConnName>
<sourceObjSchema>D_NYEC_SITP_CURRENT</sourceObjSchema>
<sourceObjName>Cancel Date</sourceObjName>
<createdBy>ro38606</createdBy>
<createdTime>2013-05-07 16:48:03 UTC</createdTime>
<ownerDesignName>NYEC_BPM_Semantic_data_model_diagram</ownerDesignName>
<nullsAllowed>true</nullsAllowed>
<useDomainConstraints>false</useDomainConstraints>
<use>1</use>
<logicalDatatype>LOGDT007</logicalDatatype>
<dataTypeSize>7</dataTypeSize>
<autoIncrementCycle>false</autoIncrementCycle>
</Column>
<Column name="Create New Call Req End Date" id="452ED6FD-15CE-F1A7-0533-5590EB644E19">
<sourceConnName>MAXDTDEV</sourceConnName>
<sourceObjSchema>D_NYEC_SITP_CURRENT</sourceObjSchema>
<sourceObjName>Create New Call Req End Date</sourceObjName>
<createdBy>ro38606</createdBy>
<createdTime>2013-05-07 16:48:04 UTC</createdTime>
<ownerDesignName>NYEC_BPM_Semantic_data_model_diagram</ownerDesignName>
<nullsAllowed>true</nullsAllowed>
<useDomainConstraints>false</useDomainConstraints>
<use>1</use>
<logicalDatatype>LOGDT007</logicalDatatype>
<dataTypeSize>7</dataTypeSize>
<autoIncrementCycle>false</autoIncrementCycle>
</Column>
<Column name="Create New Call Req Perf By" id="37B0BCEA-2703-9EDB-6C71-1E832433222B">
<sourceConnName>MAXDTDEV</sourceConnName>
<sourceObjSchema>D_NYEC_SITP_CURRENT</sourceObjSchema>
<sourceObjName>Create New Call Req Perf By</sourceObjName>
<createdBy>ro38606</createdBy>
<createdTime>2013-05-07 16:48:04 UTC</createdTime>
<ownerDesignName>NYEC_BPM_Semantic_data_model_diagram</ownerDesignName>
<nullsAllowed>true</nullsAllowed>
<useDomainConstraints>false</useDomainConstraints>
<use>1</use>
<logicalDatatype>LOGDT024</logicalDatatype>
<dataTypeSize>100 BYTE</dataTypeSize>
<autoIncrementCycle>false</autoIncrementCycle>
</Column>
<Column name="Create New Call Req Start Date" id="4402C66D-BB44-3AB8-B0C5-97F14A0E2C54">
<sourceConnName>MAXDTDEV</sourceConnName>
<sourceObjSchema>D_NYEC_SITP_CURRENT</sourceObjSchema>
<sourceObjName>Create New Call Req Start Date</sourceObjName>
<createdBy>ro38606</createdBy>
<createdTime>2013-05-07 16:48:04 UTC</createdTime>
<ownerDesignName>NYEC_BPM_Semantic_data_model_diagram</ownerDesignName>
<nullsAllowed>true</nullsAllowed>
<useDomainConstraints>false</useDomainConstraints>
<use>1</use>
<logicalDatatype>LOGDT007</logicalDatatype>
<dataTypeSize>7</dataTypeSize>
<autoIncrementCycle>false</autoIncrementCycle>
</Column>
<Column name="Cr New Letter Req End Date" id="B8297F86-F827-4976-3652-000C26DA5C02">
<sourceConnName>MAXDTDEV</sourceConnName>
<sourceObjSchema>D_NYEC_SITP_CURRENT</sourceObjSchema>
<sourceObjName>Cr New Letter Req End Date</sourceObjName>
<createdBy>ro38606</createdBy>
<createdTime>2013-05-07 16:48:04 UTC</createdTime>
<ownerDesignName>NYEC_BPM_Semantic_data_model_diagram</ownerDesignName>
<nullsAllowed>true</nullsAllowed>
<useDomainConstraints>false</useDomainConstraints>
<use>1</use>
<logicalDatatype>LOGDT007</logicalDatatype>
<dataTypeSize>7</dataTypeSize>
<autoIncrementCycle>false</autoIncrementCycle>
</Column>
<Column name="Cr New Letter Req Perf By" id="36A44B7B-3EFD-060A-077B-05DE67C88792">
<sourceConnName>MAXDTDEV</sourceConnName>
<sourceObjSchema>D_NYEC_SITP_CURRENT</sourceObjSchema>
<sourceObjName>Cr New Letter Req Perf By</sourceObjName>
<createdBy>ro38606</createdBy>
<createdTime>2013-05-07 16:48:04 UTC</createdTime>
<ownerDesignName>NYEC_BPM_Semantic_data_model_diagram</ownerDesignName>
<nullsAllowed>true</nullsAllowed>
<useDomainConstraints>false</useDomainConstraints>
<use>1</use>
<logicalDatatype>LOGDT024</logicalDatatype>
<dataTypeSize>100 BYTE</dataTypeSize>
<autoIncrementCycle>false</autoIncrementCycle>
</Column>
<Column name="Cr New Letter Req Start Date" id="BD9E5782-0FED-46E0-C996-568634A31EA3">
<sourceConnName>MAXDTDEV</sourceConnName>
<sourceObjSchema>D_NYEC_SITP_CURRENT</sourceObjSchema>
<sourceObjName>Cr New Letter Req Start Date</sourceObjName>
<createdBy>ro38606</createdBy>
<createdTime>2013-05-07 16:48:04 UTC</createdTime>
<ownerDesignName>NYEC_BPM_Semantic_data_model_diagram</ownerDesignName>
<nullsAllowed>true</nullsAllowed>
<useDomainConstraints>false</useDomainConstraints>
<use>1</use>
<logicalDatatype>LOGDT007</logicalDatatype>
<dataTypeSize>7</dataTypeSize>
<autoIncrementCycle>false</autoIncrementCycle>
</Column>
<Column name="District Name" id="3E40012D-9663-1840-EF72-69E58E2B975F">
<sourceConnName>MAXDTDEV</sourceConnName>
<sourceObjSchema>D_NYEC_SITP_CURRENT</sourceObjSchema>
<sourceObjName>District Name</sourceObjName>
<createdBy>ro38606</createdBy>
<createdTime>2013-05-07 16:48:04 UTC</createdTime>
<ownerDesignName>NYEC_BPM_Semantic_data_model_diagram</ownerDesignName>
<nullsAllowed>true</nullsAllowed>
<useDomainConstraints>false</useDomainConstraints>
<use>1</use>
<logicalDatatype>LOGDT024</logicalDatatype>
<dataTypeSize>80 BYTE</dataTypeSize>
<autoIncrementCycle>false</autoIncrementCycle>
</Column>
<Column name="IEDR Error Flag" id="18344415-5EC5-975A-F297-5D3201711D37">
<sourceConnName>MAXDTDEV</sourceConnName>
<sourceObjSchema>D_NYEC_SITP_CURRENT</sourceObjSchema>
<sourceObjName>IEDR Error Flag</sourceObjName>
<createdBy>ro38606</createdBy>
<createdTime>2013-05-07 16:48:04 UTC</createdTime>
<ownerDesignName>NYEC_BPM_Semantic_data_model_diagram</ownerDesignName>
<nullsAllowed>true</nullsAllowed>
<useDomainConstraints>false</useDomainConstraints>
<use>1</use>
<logicalDatatype>LOGDT024</logicalDatatype>
<dataTypeSize>1 BYTE</dataTypeSize>
<autoIncrementCycle>false</autoIncrementCycle>
</Column>
<Column name="Info Req Cycle End Date" id="A6067FE7-266B-5DB3-B59C-1C3276154089">
<sourceConnName>MAXDTDEV</sourceConnName>
<sourceObjSchema>D_NYEC_SITP_CURRENT</sourceObjSchema>
<sourceObjName>Info Req Cycle End Date</sourceObjName>
<createdBy>ro38606</createdBy>
<createdTime>2013-05-07 16:48:05 UTC</createdTime>
<ownerDesignName>NYEC_BPM_Semantic_data_model_diagram</ownerDesignName>
<nullsAllowed>true</nullsAllowed>
<useDomainConstraints>false</useDomainConstraints>
<use>1</use>
<logicalDatatype>LOGDT007</logicalDatatype>
<dataTypeSize>7</dataTypeSize>
<autoIncrementCycle>false</autoIncrementCycle>
</Column>
<Column name="Info Req Cycle Start Date" id="5E8EB40B-DCD8-F1B8-3C08-9815ED4A0718">
<sourceConnName>MAXDTDEV</sourceConnName>
<sourceObjSchema>D_NYEC_SITP_CURRENT</sourceObjSchema>
<sourceObjName>Info Req Cycle Start Date</sourceObjName>
<createdBy>ro38606</createdBy>
<createdTime>2013-05-07 16:48:05 UTC</createdTime>
<ownerDesignName>NYEC_BPM_Semantic_data_model_diagram</ownerDesignName>
<nullsAllowed>true</nullsAllowed>
<useDomainConstraints>false</useDomainConstraints>
<use>1</use>
<logicalDatatype>LOGDT007</logicalDatatype>
<dataTypeSize>7</dataTypeSize>
<autoIncrementCycle>false</autoIncrementCycle>
</Column>
<Column name="Info Request Create Date" id="1C0BC141-B379-8202-1F07-EFF52C256315">
<sourceConnName>MAXDTDEV</sourceConnName>
<sourceObjSchema>D_NYEC_SITP_CURRENT</sourceObjSchema>
<sourceObjName>Info Request Create Date</sourceObjName>
<createdBy>ro38606</createdBy>
<createdTime>2013-05-07 16:48:05 UTC</createdTime>
<ownerDesignName>NYEC_BPM_Semantic_data_model_diagram</ownerDesignName>
<useDomainConstraints>false</useDomainConstraints>
<use>1</use>
<logicalDatatype>LOGDT007</logicalDatatype>
<dataTypeSize>7</dataTypeSize>
<autoIncrementCycle>false</autoIncrementCycle>
</Column>
<Column name="Info Request Cycle Bus Days" id="CFC8C741-64DC-DA85-DFA4-1E65B70533F8">
<sourceConnName>MAXDTDEV</sourceConnName>
<sourceObjSchema>D_NYEC_SITP_CURRENT</sourceObjSchema>
<sourceObjName>Info Request Cycle Bus Days</sourceObjName>
<createdBy>ro38606</createdBy>
<createdTime>2013-05-07 16:48:05 UTC</createdTime>
<ownerDesignName>NYEC_BPM_Semantic_data_model_diagram</ownerDesignName>
<nullsAllowed>true</nullsAllowed>
<useDomainConstraints>false</useDomainConstraints>
<use>1</use>
<logicalDatatype>LOGDT019</logicalDatatype>
<dataTypePrecision>10</dataTypePrecision>
<autoIncrementCycle>false</autoIncrementCycle>
</Column>
<Column name="Info Request Group" id="F27B4BB6-2CC1-DB1F-BA49-901AEEAFB740">
<sourceConnName>MAXDTDEV</sourceConnName>
<sourceObjSchema>D_NYEC_SITP_CURRENT</sourceObjSchema>
<sourceObjName>Info Request Group</sourceObjName>
<createdBy>ro38606</createdBy>
<createdTime>2013-05-07 16:48:05 UTC</createdTime>
<ownerDesignName>NYEC_BPM_Semantic_data_model_diagram</ownerDesignName>
<nullsAllowed>true</nullsAllowed>
<useDomainConstraints>false</useDomainConstraints>
<use>1</use>
<logicalDatatype>LOGDT024</logicalDatatype>
<dataTypeSize>20 BYTE</dataTypeSize>
<autoIncrementCycle>false</autoIncrementCycle>
</Column>
<Column name="Info Request ID" id="6CB20750-45EF-6740-EB50-D2F0A6E91D64">
<sourceConnName>MAXDTDEV</sourceConnName>
<sourceObjSchema>D_NYEC_SITP_CURRENT</sourceObjSchema>
<sourceObjName>Info Request ID</sourceObjName>
<createdBy>ro38606</createdBy>
<createdTime>2013-05-07 16:48:05 UTC</createdTime>
<ownerDesignName>NYEC_BPM_Semantic_data_model_diagram</ownerDesignName>
<useDomainConstraints>false</useDomainConstraints>
<use>1</use>
<logicalDatatype>LOGDT019</logicalDatatype>
<dataTypePrecision>18</dataTypePrecision>
<autoIncrementCycle>false</autoIncrementCycle>
</Column>
<Column name="Info Request Sent Date" id="92138145-945E-C757-ACA9-18EDF1066A41">
<sourceConnName>MAXDTDEV</sourceConnName>
<sourceObjSchema>D_NYEC_SITP_CURRENT</sourceObjSchema>
<sourceObjName>Info Request Sent Date</sourceObjName>
<createdBy>ro38606</createdBy>
<createdTime>2013-05-07 16:48:05 UTC</createdTime>
<ownerDesignName>NYEC_BPM_Semantic_data_model_diagram</ownerDesignName>
<nullsAllowed>true</nullsAllowed>
<useDomainConstraints>false</useDomainConstraints>
<use>1</use>
<logicalDatatype>LOGDT007</logicalDatatype>
<dataTypeSize>7</dataTypeSize>
<autoIncrementCycle>false</autoIncrementCycle>
</Column>
<Column name="Info Request Source" id="05B78062-02EA-72DF-0AA9-B66845427C92">
<sourceConnName>MAXDTDEV</sourceConnName>
<sourceObjSchema>D_NYEC_SITP_CURRENT</sourceObjSchema>
<sourceObjName>Info Request Source</sourceObjName>
<createdBy>ro38606</createdBy>
<createdTime>2013-05-07 16:48:05 UTC</createdTime>
<ownerDesignName>NYEC_BPM_Semantic_data_model_diagram</ownerDesignName>
<useDomainConstraints>false</useDomainConstraints>
<use>1</use>
<logicalDatatype>LOGDT024</logicalDatatype>
<dataTypeSize>20 BYTE</dataTypeSize>
<autoIncrementCycle>false</autoIncrementCycle>
</Column>
<Column name="Info Request Status" id="C8714383-A789-6332-3143-3F5BFD6655E5">
<sourceConnName>MAXDTDEV</sourceConnName>
<sourceObjSchema>D_NYEC_SITP_CURRENT</sourceObjSchema>
<sourceObjName>Info Request Status</sourceObjName>
<createdBy>ro38606</createdBy>
<createdTime>2013-05-07 16:48:06 UTC</createdTime>
<ownerDesignName>NYEC_BPM_Semantic_data_model_diagram</ownerDesignName>
<useDomainConstraints>false</useDomainConstraints>
<use>1</use>
<logicalDatatype>LOGDT024</logicalDatatype>
<dataTypeSize>20 BYTE</dataTypeSize>
<autoIncrementCycle>false</autoIncrementCycle>
</Column>
<Column name="Info Request Type" id="B40A0B6C-9296-7928-1BEA-18CEF1BAF99B">
<sourceConnName>MAXDTDEV</sourceConnName>
<sourceObjSchema>D_NYEC_SITP_CURRENT</sourceObjSchema>
<sourceObjName>Info Request Type</sourceObjName>
<createdBy>ro38606</createdBy>
<createdTime>2013-05-07 16:48:06 UTC</createdTime>
<ownerDesignName>NYEC_BPM_Semantic_data_model_diagram</ownerDesignName>
<useDomainConstraints>false</useDomainConstraints>
<use>1</use>
<logicalDatatype>LOGDT024</logicalDatatype>
<dataTypeSize>40 BYTE</dataTypeSize>
<autoIncrementCycle>false</autoIncrementCycle>
</Column>
<Column name="Instance Complete Date" id="AFCF05B1-A47D-16AC-0449-C08487873D4D">
<sourceConnName>MAXDTDEV</sourceConnName>
<sourceObjSchema>D_NYEC_SITP_CURRENT</sourceObjSchema>
<sourceObjName>Instance Complete Date</sourceObjName>
<createdBy>ro38606</createdBy>
<createdTime>2013-05-07 16:48:06 UTC</createdTime>
<ownerDesignName>NYEC_BPM_Semantic_data_model_diagram</ownerDesignName>
<nullsAllowed>true</nullsAllowed>
<useDomainConstraints>false</useDomainConstraints>
<use>1</use>
<logicalDatatype>LOGDT007</logicalDatatype>
<dataTypeSize>7</dataTypeSize>
<autoIncrementCycle>false</autoIncrementCycle>
</Column>
<Column name="Instance Status" id="8E2AB60B-642D-8148-5743-FFAA9E9B7F65">
<sourceConnName>MAXDTDEV</sourceConnName>
<sourceObjSchema>D_NYEC_SITP_CURRENT</sourceObjSchema>
<sourceObjName>Instance Status</sourceObjName>
<createdBy>ro38606</createdBy>
<createdTime>2013-05-07 16:48:06 UTC</createdTime>
<ownerDesignName>NYEC_BPM_Semantic_data_model_diagram</ownerDesignName>
<useDomainConstraints>false</useDomainConstraints>
<use>1</use>
<logicalDatatype>LOGDT024</logicalDatatype>
<dataTypeSize>10 BYTE</dataTypeSize>
<autoIncrementCycle>false</autoIncrementCycle>
</Column>
<Column name="Jeopardy Flag" id="917265D6-53F0-DAA5-27F5-5338A8A11965">
<sourceConnName>MAXDTDEV</sourceConnName>
<sourceObjSchema>D_NYEC_SITP_CURRENT</sourceObjSchema>
<sourceObjName>Jeopardy Flag</sourceObjName>
<createdBy>ro38606</createdBy>
<createdTime>2013-05-07 16:48:06 UTC</createdTime>
<ownerDesignName>NYEC_BPM_Semantic_data_model_diagram</ownerDesignName>
<nullsAllowed>true</nullsAllowed>
<useDomainConstraints>false</useDomainConstraints>
<use>1</use>
<logicalDatatype>LOGDT024</logicalDatatype>
<dataTypeSize>1 BYTE</dataTypeSize>
<autoIncrementCycle>false</autoIncrementCycle>
</Column>
<Column name="Letter Image Linked Date" id="D0F48C32-EB7D-E880-AFC7-295C35EA95A2">
<sourceConnName>MAXDTDEV</sourceConnName>
<sourceObjSchema>D_NYEC_SITP_CURRENT</sourceObjSchema>
<sourceObjName>Letter Image Linked Date</sourceObjName>
<createdBy>ro38606</createdBy>
<createdTime>2013-05-07 16:48:06 UTC</createdTime>
<ownerDesignName>NYEC_BPM_Semantic_data_model_diagram</ownerDesignName>
<nullsAllowed>true</nullsAllowed>
<useDomainConstraints>false</useDomainConstraints>
<use>1</use>
<logicalDatatype>LOGDT007</logicalDatatype>
<dataTypeSize>7</dataTypeSize>
<autoIncrementCycle>false</autoIncrementCycle>
</Column>
<Column name="Letter Request Date" id="0D303539-5187-5E11-8C9D-CDAE5D56EE31">
<sourceConnName>MAXDTDEV</sourceConnName>
<sourceObjSchema>D_NYEC_SITP_CURRENT</sourceObjSchema>
<sourceObjName>Letter Request Date</sourceObjName>
<createdBy>ro38606</createdBy>
<createdTime>2013-05-07 16:48:06 UTC</createdTime>
<ownerDesignName>NYEC_BPM_Semantic_data_model_diagram</ownerDesignName>
<nullsAllowed>true</nullsAllowed>
<useDomainConstraints>false</useDomainConstraints>
<use>1</use>
<logicalDatatype>LOGDT007</logicalDatatype>
<dataTypeSize>7</dataTypeSize>
<autoIncrementCycle>false</autoIncrementCycle>
</Column>
<Column name="Letter Status Date" id="2B659135-A4AC-0F18-4C3F-02274E62ADF4">
<sourceConnName>MAXDTDEV</sourceConnName>
<sourceObjSchema>D_NYEC_SITP_CURRENT</sourceObjSchema>
<sourceObjName>Letter Status Date</sourceObjName>
<createdBy>ro38606</createdBy>
<createdTime>2013-05-07 16:48:06 UTC</createdTime>
<ownerDesignName>NYEC_BPM_Semantic_data_model_diagram</ownerDesignName>
<nullsAllowed>true</nullsAllowed>
<useDomainConstraints>false</useDomainConstraints>
<use>1</use>
<logicalDatatype>LOGDT007</logicalDatatype>
<dataTypeSize>7</dataTypeSize>
<autoIncrementCycle>false</autoIncrementCycle>
</Column>
<Column name="Mail Letter Req - Perf By" id="4C0E9F17-7BB9-BD99-5920-FDB6410C3C9E">
<sourceConnName>MAXDTDEV</sourceConnName>
<sourceObjSchema>D_NYEC_SITP_CURRENT</sourceObjSchema>
<sourceObjName>Mail Letter Req - Perf By</sourceObjName>
<createdBy>ro38606</createdBy>
<createdTime>2013-05-07 16:48:07 UTC</createdTime>
<ownerDesignName>NYEC_BPM_Semantic_data_model_diagram</ownerDesignName>
<nullsAllowed>true</nullsAllowed>
<useDomainConstraints>false</useDomainConstraints>
<use>1</use>
<logicalDatatype>LOGDT024</logicalDatatype>
<dataTypeSize>100 BYTE</dataTypeSize>
<autoIncrementCycle>false</autoIncrementCycle>
</Column>
<Column name="Mail Letter Req End Date" id="B4C1FC3D-8581-8483-443F-2D6ECF5396A2">
<sourceConnName>MAXDTDEV</sourceConnName>
<sourceObjSchema>D_NYEC_SITP_CURRENT</sourceObjSchema>
<sourceObjName>Mail Letter Req End Date</sourceObjName>
<createdBy>ro38606</createdBy>
<createdTime>2013-05-07 16:48:07 UTC</createdTime>
<ownerDesignName>NYEC_BPM_Semantic_data_model_diagram</ownerDesignName>
<nullsAllowed>true</nullsAllowed>
<useDomainConstraints>false</useDomainConstraints>
<use>1</use>
<logicalDatatype>LOGDT007</logicalDatatype>
<dataTypeSize>7</dataTypeSize>
<autoIncrementCycle>false</autoIncrementCycle>
</Column>
<Column name="Mail Letter Req Start Date" id="C04B9D24-A182-6861-E161-EE4A8AA7D39F">
<sourceConnName>MAXDTDEV</sourceConnName>
<sourceObjSchema>D_NYEC_SITP_CURRENT</sourceObjSchema>
<sourceObjName>Mail Letter Req Start Date</sourceObjName>
<createdBy>ro38606</createdBy>
<createdTime>2013-05-07 16:48:07 UTC</createdTime>
<ownerDesignName>NYEC_BPM_Semantic_data_model_diagram</ownerDesignName>
<nullsAllowed>true</nullsAllowed>
<useDomainConstraints>false</useDomainConstraints>
<use>1</use>
<logicalDatatype>LOGDT007</logicalDatatype>
<dataTypeSize>7</dataTypeSize>
<autoIncrementCycle>false</autoIncrementCycle>
</Column>
<Column name="Manual Letter Flag" id="ED8CEE67-E330-63E1-4C86-D572206AAA3D">
<sourceConnName>MAXDTDEV</sourceConnName>
<sourceObjSchema>D_NYEC_SITP_CURRENT</sourceObjSchema>
<sourceObjName>Manual Letter Flag</sourceObjName>
<createdBy>ro38606</createdBy>
<createdTime>2013-05-07 16:48:07 UTC</createdTime>
<ownerDesignName>NYEC_BPM_Semantic_data_model_diagram</ownerDesignName>
<nullsAllowed>true</nullsAllowed>
<useDomainConstraints>false</useDomainConstraints>
<use>1</use>
<logicalDatatype>LOGDT024</logicalDatatype>
<dataTypeSize>1 BYTE</dataTypeSize>
<autoIncrementCycle>false</autoIncrementCycle>
</Column>
<Column name="New Call Request ID" id="2303D426-7128-19D2-9976-42C8DDE544A2">
<sourceConnName>MAXDTDEV</sourceConnName>
<sourceObjSchema>D_NYEC_SITP_CURRENT</sourceObjSchema>
<sourceObjName>New Call Request ID</sourceObjName>
<createdBy>ro38606</createdBy>
<createdTime>2013-05-07 16:48:07 UTC</createdTime>
<ownerDesignName>NYEC_BPM_Semantic_data_model_diagram</ownerDesignName>
<nullsAllowed>true</nullsAllowed>
<useDomainConstraints>false</useDomainConstraints>
<use>1</use>
<logicalDatatype>LOGDT019</logicalDatatype>
<dataTypePrecision>18</dataTypePrecision>
<autoIncrementCycle>false</autoIncrementCycle>
</Column>
<Column name="New Letter Req ID" id="84D2786C-798D-994E-FADE-734548B4F996">
<sourceConnName>MAXDTDEV</sourceConnName>
<sourceObjSchema>D_NYEC_SITP_CURRENT</sourceObjSchema>
<sourceObjName>New Letter Req ID</sourceObjName>
<createdBy>ro38606</createdBy>
<createdTime>2013-05-07 16:48:07 UTC</createdTime>
<ownerDesignName>NYEC_BPM_Semantic_data_model_diagram</ownerDesignName>
<nullsAllowed>true</nullsAllowed>
<useDomainConstraints>false</useDomainConstraints>
<use>1</use>
<logicalDatatype>LOGDT019</logicalDatatype>
<dataTypePrecision>18</dataTypePrecision>
<autoIncrementCycle>false</autoIncrementCycle>
</Column>
<Column name="Perf Outbound Call End Date" id="CD2C5BF2-6F5E-B53C-0AB9-3753D5638C17">
<sourceConnName>MAXDTDEV</sourceConnName>
<sourceObjSchema>D_NYEC_SITP_CURRENT</sourceObjSchema>
<sourceObjName>Perf Outbound Call End Date</sourceObjName>
<createdBy>ro38606</createdBy>
<createdTime>2013-05-07 16:48:07 UTC</createdTime>
<ownerDesignName>NYEC_BPM_Semantic_data_model_diagram</ownerDesignName>
<nullsAllowed>true</nullsAllowed>
<useDomainConstraints>false</useDomainConstraints>
<use>1</use>
<logicalDatatype>LOGDT007</logicalDatatype>
<dataTypeSize>7</dataTypeSize>
<autoIncrementCycle>false</autoIncrementCycle>
</Column>
<Column name="Perf Outbound Call Start Date" id="28B08770-EF19-190F-5B6F-40E1AE2AF58E">
<sourceConnName>MAXDTDEV</sourceConnName>
<sourceObjSchema>D_NYEC_SITP_CURRENT</sourceObjSchema>
<sourceObjName>Perf Outbound Call Start Date</sourceObjName>
<createdBy>ro38606</createdBy>
<createdTime>2013-05-07 16:48:08 UTC</createdTime>
<ownerDesignName>NYEC_BPM_Semantic_data_model_diagram</ownerDesignName>
<nullsAllowed>true</nullsAllowed>
<useDomainConstraints>false</useDomainConstraints>
<use>1</use>
<logicalDatatype>LOGDT007</logicalDatatype>
<dataTypeSize>7</dataTypeSize>
<autoIncrementCycle>false</autoIncrementCycle>
</Column>
<Column name="Perf Outbound Call Perf By" id="9C11455D-445A-2BAE-A875-E16C20851B2B">
<sourceConnName>MAXDTDEV</sourceConnName>
<sourceObjSchema>D_NYEC_SITP_CURRENT</sourceObjSchema>
<sourceObjName>Perf Outbound Call Perf By</sourceObjName>
<createdBy>ro38606</createdBy>
<createdTime>2013-05-07 16:48:08 UTC</createdTime>
<ownerDesignName>NYEC_BPM_Semantic_data_model_diagram</ownerDesignName>
<nullsAllowed>true</nullsAllowed>
<useDomainConstraints>false</useDomainConstraints>
<use>1</use>
<logicalDatatype>LOGDT024</logicalDatatype>
<dataTypeSize>100 BYTE</dataTypeSize>
<autoIncrementCycle>false</autoIncrementCycle>
</Column>
<Column name="Process Image End Date" id="4A925506-522D-CC16-6E17-FE6B2AE819E5">
<sourceConnName>MAXDTDEV</sourceConnName>
<sourceObjSchema>D_NYEC_SITP_CURRENT</sourceObjSchema>
<sourceObjName>Process Image End Date</sourceObjName>
<createdBy>ro38606</createdBy>
<createdTime>2013-05-07 16:48:08 UTC</createdTime>
<ownerDesignName>NYEC_BPM_Semantic_data_model_diagram</ownerDesignName>
<nullsAllowed>true</nullsAllowed>
<useDomainConstraints>false</useDomainConstraints>
<use>1</use>
<logicalDatatype>LOGDT007</logicalDatatype>
<dataTypeSize>7</dataTypeSize>
<autoIncrementCycle>false</autoIncrementCycle>
</Column>
<Column name="Process Image Start Date" id="2105C548-F08F-E552-07B9-862E7F6A3F8B">
<sourceConnName>MAXDTDEV</sourceConnName>
<sourceObjSchema>D_NYEC_SITP_CURRENT</sourceObjSchema>
<sourceObjName>Process Image Start Date</sourceObjName>
<createdBy>ro38606</createdBy>
<createdTime>2013-05-07 16:48:08 UTC</createdTime>
<ownerDesignName>NYEC_BPM_Semantic_data_model_diagram</ownerDesignName>
<nullsAllowed>true</nullsAllowed>
<useDomainConstraints>false</useDomainConstraints>
<use>1</use>
<logicalDatatype>LOGDT007</logicalDatatype>
<dataTypeSize>7</dataTypeSize>
<autoIncrementCycle>false</autoIncrementCycle>
</Column>
<Column name="Process Image Performed By" id="2CD41E1A-99EE-8D00-70B7-C727D7C32C1D">
<sourceConnName>MAXDTDEV</sourceConnName>
<sourceObjSchema>D_NYEC_SITP_CURRENT</sourceObjSchema>
<sourceObjName>Process Image Performed By</sourceObjName>
<createdBy>ro38606</createdBy>
<createdTime>2013-05-07 16:48:08 UTC</createdTime>
<ownerDesignName>NYEC_BPM_Semantic_data_model_diagram</ownerDesignName>
<nullsAllowed>true</nullsAllowed>
<useDomainConstraints>false</useDomainConstraints>
<use>1</use>
<logicalDatatype>LOGDT024</logicalDatatype>
<dataTypeSize>100 BYTE</dataTypeSize>
<autoIncrementCycle>false</autoIncrementCycle>
</Column>
<Column name="Receive Info Req End Date" id="34E79A5B-3B65-E276-5518-9BFFA4EC4495">
<sourceConnName>MAXDTDEV</sourceConnName>
<sourceObjSchema>D_NYEC_SITP_CURRENT</sourceObjSchema>
<sourceObjName>Receive Info Req End Date</sourceObjName>
<createdBy>ro38606</createdBy>
<createdTime>2013-05-07 16:48:08 UTC</createdTime>
<ownerDesignName>NYEC_BPM_Semantic_data_model_diagram</ownerDesignName>
<nullsAllowed>true</nullsAllowed>
<useDomainConstraints>false</useDomainConstraints>
<use>1</use>
<logicalDatatype>LOGDT007</logicalDatatype>
<dataTypeSize>7</dataTypeSize>
<autoIncrementCycle>false</autoIncrementCycle>
</Column>
<Column name="Receive Info Req Start Date" id="ABBA26CE-0E1D-81AA-5F1D-CAD5D089B863">
<sourceConnName>MAXDTDEV</sourceConnName>
<sourceObjSchema>D_NYEC_SITP_CURRENT</sourceObjSchema>
<sourceObjName>Receive Info Req Start Date</sourceObjName>
<createdBy>ro38606</createdBy>
<createdTime>2013-05-07 16:48:08 UTC</createdTime>
<ownerDesignName>NYEC_BPM_Semantic_data_model_diagram</ownerDesignName>
<nullsAllowed>true</nullsAllowed>
<useDomainConstraints>false</useDomainConstraints>
<use>1</use>
<logicalDatatype>LOGDT007</logicalDatatype>
<dataTypeSize>7</dataTypeSize>
<autoIncrementCycle>false</autoIncrementCycle>
</Column>
<Column name="Receive Info Req Performed By" id="8F31B45B-05C1-E4DF-04D9-EF79DE116D24">
<sourceConnName>MAXDTDEV</sourceConnName>
<sourceObjSchema>D_NYEC_SITP_CURRENT</sourceObjSchema>
<sourceObjName>Receive Info Req Performed By</sourceObjName>
<createdBy>ro38606</createdBy>
<createdTime>2013-05-07 16:48:08 UTC</createdTime>
<ownerDesignName>NYEC_BPM_Semantic_data_model_diagram</ownerDesignName>
<nullsAllowed>true</nullsAllowed>
<useDomainConstraints>false</useDomainConstraints>
<use>1</use>
<logicalDatatype>LOGDT024</logicalDatatype>
<dataTypeSize>100 BYTE</dataTypeSize>
<autoIncrementCycle>false</autoIncrementCycle>
</Column>
<Column name="Send IEDR Date" id="B4C07F87-9A78-D5D8-C24F-D919B6B66221">
<sourceConnName>MAXDTDEV</sourceConnName>
<sourceObjSchema>D_NYEC_SITP_CURRENT</sourceObjSchema>
<sourceObjName>Send IEDR Date</sourceObjName>
<createdBy>ro38606</createdBy>
<createdTime>2013-05-07 16:48:09 UTC</createdTime>
<ownerDesignName>NYEC_BPM_Semantic_data_model_diagram</ownerDesignName>
<nullsAllowed>true</nullsAllowed>
<useDomainConstraints>false</useDomainConstraints>
<use>1</use>
<logicalDatatype>LOGDT007</logicalDatatype>
<dataTypeSize>7</dataTypeSize>
<autoIncrementCycle>false</autoIncrementCycle>
</Column>
<Column name="SLA Days" id="3C71A785-5A9A-BED8-6BD9-0DCB1F996E76">
<sourceConnName>MAXDTDEV</sourceConnName>
<sourceObjSchema>D_NYEC_SITP_CURRENT</sourceObjSchema>
<sourceObjName>SLA Days</sourceObjName>
<createdBy>ro38606</createdBy>
<createdTime>2013-05-07 16:48:09 UTC</createdTime>
<ownerDesignName>NYEC_BPM_Semantic_data_model_diagram</ownerDesignName>
<nullsAllowed>true</nullsAllowed>
<useDomainConstraints>false</useDomainConstraints>
<use>1</use>
<logicalDatatype>LOGDT019</logicalDatatype>
<dataTypePrecision>10</dataTypePrecision>
<autoIncrementCycle>false</autoIncrementCycle>
</Column>
<Column name="SLA Days Type" id="48A87A52-4D80-7E50-90C1-7DEEC64495FE">
<sourceConnName>MAXDTDEV</sourceConnName>
<sourceObjSchema>D_NYEC_SITP_CURRENT</sourceObjSchema>
<sourceObjName>SLA Days Type</sourceObjName>
<createdBy>ro38606</createdBy>
<createdTime>2013-05-07 16:48:09 UTC</createdTime>
<ownerDesignName>NYEC_BPM_Semantic_data_model_diagram</ownerDesignName>
<nullsAllowed>true</nullsAllowed>
<useDomainConstraints>false</useDomainConstraints>
<use>1</use>
<logicalDatatype>LOGDT024</logicalDatatype>
<dataTypeSize>1 BYTE</dataTypeSize>
<autoIncrementCycle>false</autoIncrementCycle>
</Column>
<Column name="SLA Jeopardy Date" id="EC502154-F0D4-495C-7210-B130E035059D">
<sourceConnName>MAXDTDEV</sourceConnName>
<sourceObjSchema>D_NYEC_SITP_CURRENT</sourceObjSchema>
<sourceObjName>SLA Jeopardy Date</sourceObjName>
<createdBy>ro38606</createdBy>
<createdTime>2013-05-07 16:48:09 UTC</createdTime>
<ownerDesignName>NYEC_BPM_Semantic_data_model_diagram</ownerDesignName>
<nullsAllowed>true</nullsAllowed>
<useDomainConstraints>false</useDomainConstraints>
<use>1</use>
<logicalDatatype>LOGDT007</logicalDatatype>
<dataTypeSize>7</dataTypeSize>
<autoIncrementCycle>false</autoIncrementCycle>
</Column>
<Column name="SLA Jeopardy Days" id="249A997C-03C6-5546-ECE5-A8B700DC5014">
<sourceConnName>MAXDTDEV</sourceConnName>
<sourceObjSchema>D_NYEC_SITP_CURRENT</sourceObjSchema>
<sourceObjName>SLA Jeopardy Days</sourceObjName>
<createdBy>ro38606</createdBy>
<createdTime>2013-05-07 16:48:09 UTC</createdTime>
<ownerDesignName>NYEC_BPM_Semantic_data_model_diagram</ownerDesignName>
<nullsAllowed>true</nullsAllowed>
<useDomainConstraints>false</useDomainConstraints>
<use>1</use>
<logicalDatatype>LOGDT019</logicalDatatype>
<dataTypePrecision>10</dataTypePrecision>
<autoIncrementCycle>false</autoIncrementCycle>
</Column>
<Column name="SLA Target Days" id="B5735E92-FF9E-48D0-2207-26B1F17D404F">
<sourceConnName>MAXDTDEV</sourceConnName>
<sourceObjSchema>D_NYEC_SITP_CURRENT</sourceObjSchema>
<sourceObjName>SLA Target Days</sourceObjName>
<createdBy>ro38606</createdBy>
<createdTime>2013-05-07 16:48:09 UTC</createdTime>
<ownerDesignName>NYEC_BPM_Semantic_data_model_diagram</ownerDesignName>
<nullsAllowed>true</nullsAllowed>
<useDomainConstraints>false</useDomainConstraints>
<use>1</use>
<logicalDatatype>LOGDT019</logicalDatatype>
<dataTypePrecision>10</dataTypePrecision>
<autoIncrementCycle>false</autoIncrementCycle>
</Column>
<Column name="Timeliness Status" id="393D5727-3041-F9DB-30F5-A8C8F77581A1">
<sourceConnName>MAXDTDEV</sourceConnName>
<sourceObjSchema>D_NYEC_SITP_CURRENT</sourceObjSchema>
<sourceObjName>Timeliness Status</sourceObjName>
<createdBy>ro38606</createdBy>
<createdTime>2013-05-07 16:48:09 UTC</createdTime>
<ownerDesignName>NYEC_BPM_Semantic_data_model_diagram</ownerDesignName>
<useDomainConstraints>false</useDomainConstraints>
<use>1</use>
<logicalDatatype>LOGDT024</logicalDatatype>
<dataTypeSize>20 BYTE</dataTypeSize>
<autoIncrementCycle>false</autoIncrementCycle>
</Column>
<Column name="Receive Info Request Flag" id="87648AA8-7CF9-0416-FABE-95B8D85E4CDE">
<sourceConnName>MAXDTDEV</sourceConnName>
<sourceObjSchema>D_NYEC_SITP_CURRENT</sourceObjSchema>
<sourceObjName>Receive Info Request Flag</sourceObjName>
<createdBy>ro38606</createdBy>
<createdTime>2013-05-07 16:48:09 UTC</createdTime>
<ownerDesignName>NYEC_BPM_Semantic_data_model_diagram</ownerDesignName>
<nullsAllowed>true</nullsAllowed>
<useDomainConstraints>false</useDomainConstraints>
<use>1</use>
<logicalDatatype>LOGDT024</logicalDatatype>
<dataTypeSize>1 BYTE</dataTypeSize>
<autoIncrementCycle>false</autoIncrementCycle>
</Column>
<Column name="Process Image Flag" id="FBC25C1E-09B4-6FE2-95F9-B025A2D86867">
<sourceConnName>MAXDTDEV</sourceConnName>
<sourceObjSchema>D_NYEC_SITP_CURRENT</sourceObjSchema>
<sourceObjName>Process Image Flag</sourceObjName>
<createdBy>ro38606</createdBy>
<createdTime>2013-05-07 16:48:10 UTC</createdTime>
<ownerDesignName>NYEC_BPM_Semantic_data_model_diagram</ownerDesignName>
<nullsAllowed>true</nullsAllowed>
<useDomainConstraints>false</useDomainConstraints>
<use>1</use>
<logicalDatatype>LOGDT024</logicalDatatype>
<dataTypeSize>1 BYTE</dataTypeSize>
<autoIncrementCycle>false</autoIncrementCycle>
</Column>
<Column name="Perform Outbound Call Flag" id="77538E26-FB51-26DD-BEC9-AF8BD38D6E64">
<sourceConnName>MAXDTDEV</sourceConnName>
<sourceObjSchema>D_NYEC_SITP_CURRENT</sourceObjSchema>
<sourceObjName>Perform Outbound Call Flag</sourceObjName>
<createdBy>ro38606</createdBy>
<createdTime>2013-05-07 16:48:10 UTC</createdTime>
<ownerDesignName>NYEC_BPM_Semantic_data_model_diagram</ownerDesignName>
<nullsAllowed>true</nullsAllowed>
<useDomainConstraints>false</useDomainConstraints>
<use>1</use>
<logicalDatatype>LOGDT024</logicalDatatype>
<dataTypeSize>1 BYTE</dataTypeSize>
<autoIncrementCycle>false</autoIncrementCycle>
</Column>
<Column name="Create New Call Request Flag" id="9076FD6C-7276-A32B-337F-CBEBFB8C6F4F">
<sourceConnName>MAXDTDEV</sourceConnName>
<sourceObjSchema>D_NYEC_SITP_CURRENT</sourceObjSchema>
<sourceObjName>Create New Call Request Flag</sourceObjName>
<createdBy>ro38606</createdBy>
<createdTime>2013-05-07 16:48:10 UTC</createdTime>
<ownerDesignName>NYEC_BPM_Semantic_data_model_diagram</ownerDesignName>
<nullsAllowed>true</nullsAllowed>
<useDomainConstraints>false</useDomainConstraints>
<use>1</use>
<logicalDatatype>LOGDT024</logicalDatatype>
<dataTypeSize>1 BYTE</dataTypeSize>
<autoIncrementCycle>false</autoIncrementCycle>
</Column>
<Column name="Mail Letter Request" id="ED1CFDC6-1181-C7C0-DCD3-06DAF9F7822F">
<sourceConnName>MAXDTDEV</sourceConnName>
<sourceObjSchema>D_NYEC_SITP_CURRENT</sourceObjSchema>
<sourceObjName>Mail Letter Request</sourceObjName>
<createdBy>ro38606</createdBy>
<createdTime>2013-05-07 16:48:10 UTC</createdTime>
<ownerDesignName>NYEC_BPM_Semantic_data_model_diagram</ownerDesignName>
<nullsAllowed>true</nullsAllowed>
<useDomainConstraints>false</useDomainConstraints>
<use>1</use>
<logicalDatatype>LOGDT024</logicalDatatype>
<dataTypeSize>1 BYTE</dataTypeSize>
<autoIncrementCycle>false</autoIncrementCycle>
</Column>
<Column name="Create New Letter Request Flag" id="58376A0D-6221-5888-B9D0-F24FB9AB2B41">
<sourceConnName>MAXDTDEV</sourceConnName>
<sourceObjSchema>D_NYEC_SITP_CURRENT</sourceObjSchema>
<sourceObjName>Create New Letter Request Flag</sourceObjName>
<createdBy>ro38606</createdBy>
<createdTime>2013-05-07 16:48:10 UTC</createdTime>
<ownerDesignName>NYEC_BPM_Semantic_data_model_diagram</ownerDesignName>
<nullsAllowed>true</nullsAllowed>
<useDomainConstraints>false</useDomainConstraints>
<use>1</use>
<logicalDatatype>LOGDT024</logicalDatatype>
<dataTypeSize>1 BYTE</dataTypeSize>
<autoIncrementCycle>false</autoIncrementCycle>
</Column>
<Column name="Request Type Flag" id="251C5CCB-7C62-A218-1F88-4FD83BC51C84">
<sourceConnName>MAXDTDEV</sourceConnName>
<sourceObjSchema>D_NYEC_SITP_CURRENT</sourceObjSchema>
<sourceObjName>Request Type Flag</sourceObjName>
<createdBy>ro38606</createdBy>
<createdTime>2013-05-07 16:48:10 UTC</createdTime>
<ownerDesignName>NYEC_BPM_Semantic_data_model_diagram</ownerDesignName>
<nullsAllowed>true</nullsAllowed>
<useDomainConstraints>false</useDomainConstraints>
<use>1</use>
<logicalDatatype>LOGDT024</logicalDatatype>
<dataTypeSize>1 BYTE</dataTypeSize>
<autoIncrementCycle>false</autoIncrementCycle>
</Column>
<Column name="Retry Call Flag" id="FEBE0E41-5634-842C-4589-34ED780F6121">
<sourceConnName>MAXDTDEV</sourceConnName>
<sourceObjSchema>D_NYEC_SITP_CURRENT</sourceObjSchema>
<sourceObjName>Retry Call Flag</sourceObjName>
<createdBy>ro38606</createdBy>
<createdTime>2013-05-07 16:48:10 UTC</createdTime>
<ownerDesignName>NYEC_BPM_Semantic_data_model_diagram</ownerDesignName>
<nullsAllowed>true</nullsAllowed>
<useDomainConstraints>false</useDomainConstraints>
<use>1</use>
<logicalDatatype>LOGDT024</logicalDatatype>
<dataTypeSize>1 BYTE</dataTypeSize>
<autoIncrementCycle>false</autoIncrementCycle>
</Column>
<Column name="Letter Mailed Flag" id="1A8C5C9A-78EF-583D-8711-5A962A222C9B">
<sourceConnName>MAXDTDEV</sourceConnName>
<sourceObjSchema>D_NYEC_SITP_CURRENT</sourceObjSchema>
<sourceObjName>Letter Mailed Flag</sourceObjName>
<createdBy>ro38606</createdBy>
<createdTime>2013-05-07 16:48:10 UTC</createdTime>
<ownerDesignName>NYEC_BPM_Semantic_data_model_diagram</ownerDesignName>
<nullsAllowed>true</nullsAllowed>
<useDomainConstraints>false</useDomainConstraints>
<use>1</use>
<logicalDatatype>LOGDT024</logicalDatatype>
<dataTypeSize>1 BYTE</dataTypeSize>
<autoIncrementCycle>false</autoIncrementCycle>
</Column>
<Column name="Cr Referral Summary End Date" id="DD29039C-DCBD-9445-5C7E-F75F074E5923">
<sourceConnName>MAXDTDEV</sourceConnName>
<sourceObjSchema>D_NYEC_SITP_CURRENT</sourceObjSchema>
<sourceObjName>Cr Referral Summary End Date</sourceObjName>
<createdBy>ro38606</createdBy>
<createdTime>2013-05-07 16:48:11 UTC</createdTime>
<ownerDesignName>NYEC_BPM_Semantic_data_model_diagram</ownerDesignName>
<nullsAllowed>true</nullsAllowed>
<useDomainConstraints>false</useDomainConstraints>
<use>1</use>
<logicalDatatype>LOGDT007</logicalDatatype>
<dataTypeSize>7</dataTypeSize>
<autoIncrementCycle>false</autoIncrementCycle>
</Column>
<Column name="Cr Referral Summary Perf By" id="9256B878-EC54-FA2D-EA02-FB53F7141998">
<sourceConnName>MAXDTDEV</sourceConnName>
<sourceObjSchema>D_NYEC_SITP_CURRENT</sourceObjSchema>
<sourceObjName>Cr Referral Summary Perf By</sourceObjName>
<createdBy>ro38606</createdBy>
<createdTime>2013-05-07 16:48:11 UTC</createdTime>
<ownerDesignName>NYEC_BPM_Semantic_data_model_diagram</ownerDesignName>
<nullsAllowed>true</nullsAllowed>
<useDomainConstraints>false</useDomainConstraints>
<use>1</use>
<logicalDatatype>LOGDT024</logicalDatatype>
<dataTypeSize>100 BYTE</dataTypeSize>
<autoIncrementCycle>false</autoIncrementCycle>
</Column>
<Column name="Cr Referral Summary Start Date" id="FBE59C52-8464-FB9E-9904-7AFD1EB44055">
<sourceConnName>MAXDTDEV</sourceConnName>
<sourceObjSchema>D_NYEC_SITP_CURRENT</sourceObjSchema>
<sourceObjName>Cr Referral Summary Start Date</sourceObjName>
<createdBy>ro38606</createdBy>
<createdTime>2013-05-07 16:48:11 UTC</createdTime>
<ownerDesignName>NYEC_BPM_Semantic_data_model_diagram</ownerDesignName>
<nullsAllowed>true</nullsAllowed>
<useDomainConstraints>false</useDomainConstraints>
<use>1</use>
<logicalDatatype>LOGDT007</logicalDatatype>
<dataTypeSize>7</dataTypeSize>
<autoIncrementCycle>false</autoIncrementCycle>
</Column>
</columns>
<indexes itemClass="oracle.dbtools.crest.model.design.relational.Index">
<ind_PK_UK id="E93754E8-7C44-760E-C811-20255E3EED49" name="DNSITPCUR_PK">
<sourceConnName>MAXDTDEV</sourceConnName>
<sourceObjSchema>MAXDAT</sourceObjSchema>
<sourceObjName>DNSITPCUR_PK</sourceObjName>
<createdBy>ro38606</createdBy>
<createdTime>2013-05-07 16:48:49 UTC</createdTime>
<ownerDesignName>NYEC_BPM_Semantic_data_model_diagram</ownerDesignName>
<schemaObject>8395E672-89A2-8150-B09D-55D1ECC2042E</schemaObject>
<pk>true</pk>
<indexState>Primary Constraint</indexState>
<indexColumnUsage>
<colUsage columnID="333F244A-4CAE-C8E7-02A6-B29A066AF888"/>
</indexColumnUsage>
</ind_PK_UK>
<ind_PK_UK id="B769CAAD-670B-0CA1-85C1-5D4085758ECF" name="DNSITPCUR_UIX1">
<sourceConnName>MAXDTDEV</sourceConnName>
<sourceObjSchema>MAXDAT</sourceObjSchema>
<sourceObjName>DNSITPCUR_UIX1</sourceObjName>
<createdBy>ro38606</createdBy>
<createdTime>2013-05-07 16:48:49 UTC</createdTime>
<ownerDesignName>NYEC_BPM_Semantic_data_model_diagram</ownerDesignName>
<schemaObject>8395E672-89A2-8150-B09D-55D1ECC2042E</schemaObject>
<indexState>Unique Plain Index</indexState>
<indexColumnUsage>
<colUsage columnID="6CB20750-45EF-6740-EB50-D2F0A6E91D64"/>
</indexColumnUsage>
</ind_PK_UK>
</indexes>
</Table>