<?xml version = '1.0' encoding = 'UTF-8'?>
<Table class="oracle.dbtools.crest.model.design.relational.Table" id="DE0FE6F4-9CE2-D9B5-D7E0-C571EC37C48F" directorySegmentName="seg_0" name="D_NYEC_IR_CLOCKDOWN_IND">
<sourceConnName>MAXDTDEV</sourceConnName>
<sourceObjSchema>MAXDAT</sourceObjSchema>
<sourceObjName>D_NYEC_IR_CLOCKDOWN_IND</sourceObjName>
<createdBy>ro38606</createdBy>
<createdTime>2013-05-07 16:46:51 UTC</createdTime>
<ownerDesignName>NYEC_BPM_Semantic_data_model_diagram</ownerDesignName>
<schemaObject>8395E672-89A2-8150-B09D-55D1ECC2042E</schemaObject>
<pkName>DNIRCI_PK</pkName>
<fonts itemClass="oracle.dbtools.crest.model.design.FontObjectWr">
<FontObject>
<foType>Title</foType>
<fontStyle>1</fontStyle>
<colorRGB>-16776961</colorRGB>
</FontObject>
<FontObject>
<foType>Column</foType>
<colorRGB>-16777216</colorRGB>
</FontObject>
<FontObject>
<foType>Datatype</foType>
<colorRGB>-16744448</colorRGB>
</FontObject>
<FontObject>
<foType>PK Element</foType>
<colorRGB>-16776961</colorRGB>
</FontObject>
<FontObject>
<foType>FK Element</foType>
<colorRGB>-16777216</colorRGB>
</FontObject>
<FontObject>
<foType>UK Element</foType>
<colorRGB>-16776961</colorRGB>
</FontObject>
<FontObject>
<foType>Not Null</foType>
<colorRGB>-65536</colorRGB>
</FontObject>
<FontObject>
<foType>Key</foType>
<colorRGB>-16777216</colorRGB>
</FontObject>
</fonts>
<columns itemClass="oracle.dbtools.crest.model.design.relational.Column">
<Column name="DNIRCI_ID" id="EA20723D-FC48-C73D-6BFE-012E44C3922B">
<sourceConnName>MAXDTDEV</sourceConnName>
<sourceObjSchema>D_NYEC_IR_CLOCKDOWN_IND</sourceObjSchema>
<sourceObjName>DNIRCI_ID</sourceObjName>
<createdBy>ro38606</createdBy>
<createdTime>2013-05-07 16:47:07 UTC</createdTime>
<ownerDesignName>NYEC_BPM_Semantic_data_model_diagram</ownerDesignName>
<useDomainConstraints>false</useDomainConstraints>
<use>1</use>
<logicalDatatype>LOGDT019</logicalDatatype>
<dataTypeSize>22</dataTypeSize>
<autoIncrementCycle>false</autoIncrementCycle>
</Column>
<Column name="Clockdown Indicator" id="F5270C02-E718-8B41-4090-42D816D76524">
<sourceConnName>MAXDTDEV</sourceConnName>
<sourceObjSchema>D_NYEC_IR_CLOCKDOWN_IND</sourceObjSchema>
<sourceObjName>Clockdown Indicator</sourceObjName>
<createdBy>ro38606</createdBy>
<createdTime>2013-05-07 16:47:07 UTC</createdTime>
<ownerDesignName>NYEC_BPM_Semantic_data_model_diagram</ownerDesignName>
<useDomainConstraints>false</useDomainConstraints>
<use>1</use>
<logicalDatatype>LOGDT024</logicalDatatype>
<dataTypeSize>1 BYTE</dataTypeSize>
<autoIncrementCycle>false</autoIncrementCycle>
</Column>
</columns>
<indexes itemClass="oracle.dbtools.crest.model.design.relational.Index">
<ind_PK_UK id="5FB132A7-FF28-8633-6341-AC13512FD289" name="DNIRCI_PK">
<sourceConnName>MAXDTDEV</sourceConnName>
<sourceObjSchema>MAXDAT</sourceObjSchema>
<sourceObjName>DNIRCI_PK</sourceObjName>
<createdBy>ro38606</createdBy>
<createdTime>2013-05-07 16:48:36 UTC</createdTime>
<ownerDesignName>NYEC_BPM_Semantic_data_model_diagram</ownerDesignName>
<schemaObject>8395E672-89A2-8150-B09D-55D1ECC2042E</schemaObject>
<pk>true</pk>
<indexState>Primary Constraint</indexState>
<indexColumnUsage>
<colUsage columnID="EA20723D-FC48-C73D-6BFE-012E44C3922B"/>
</indexColumnUsage>
</ind_PK_UK>
</indexes>
</Table>