<?xml version = '1.0' encoding = 'UTF-8'?>
<Table class="oracle.dbtools.crest.model.design.relational.Table" id="E2089A5A-7C0E-A2F9-FA4A-6DE4DCBFD0CA" directorySegmentName="seg_0" name="D_NYEC_SR_CURRENT">
<sourceConnName>MAXDTDEV</sourceConnName>
<sourceObjSchema>MAXDAT</sourceObjSchema>
<sourceObjName>D_NYEC_SR_CURRENT</sourceObjName>
<createdBy>ro38606</createdBy>
<createdTime>2013-05-07 16:46:56 UTC</createdTime>
<ownerDesignName>NYEC_BPM_Semantic_data_model_diagram</ownerDesignName>
<schemaObject>8395E672-89A2-8150-B09D-55D1ECC2042E</schemaObject>
<pkName>DNSRCUR_PK</pkName>
<fonts itemClass="oracle.dbtools.crest.model.design.FontObjectWr">
<FontObject>
<foType>Title</foType>
<fontStyle>1</fontStyle>
<colorRGB>-16776961</colorRGB>
</FontObject>
<FontObject>
<foType>Column</foType>
<colorRGB>-16777216</colorRGB>
</FontObject>
<FontObject>
<foType>Datatype</foType>
<colorRGB>-16744448</colorRGB>
</FontObject>
<FontObject>
<foType>PK Element</foType>
<colorRGB>-16776961</colorRGB>
</FontObject>
<FontObject>
<foType>FK Element</foType>
<colorRGB>-16777216</colorRGB>
</FontObject>
<FontObject>
<foType>UK Element</foType>
<colorRGB>-16776961</colorRGB>
</FontObject>
<FontObject>
<foType>Not Null</foType>
<colorRGB>-65536</colorRGB>
</FontObject>
<FontObject>
<foType>Key</foType>
<colorRGB>-16777216</colorRGB>
</FontObject>
</fonts>
<columns itemClass="oracle.dbtools.crest.model.design.relational.Column">
<Column name="NYEC_SR_BI_ID" id="83BE83F9-3430-43C7-BA2C-5A30271774D0">
<sourceConnName>MAXDTDEV</sourceConnName>
<sourceObjSchema>D_NYEC_SR_CURRENT</sourceObjSchema>
<sourceObjName>NYEC_SR_BI_ID</sourceObjName>
<createdBy>ro38606</createdBy>
<createdTime>2013-05-07 16:48:11 UTC</createdTime>
<ownerDesignName>NYEC_BPM_Semantic_data_model_diagram</ownerDesignName>
<useDomainConstraints>false</useDomainConstraints>
<use>1</use>
<logicalDatatype>LOGDT019</logicalDatatype>
<dataTypeSize>22</dataTypeSize>
<autoIncrementCycle>false</autoIncrementCycle>
</Column>
<Column name="Application ID" id="F71FDEC0-A45E-CA97-4E22-F2FAF9C514F4">
<sourceConnName>MAXDTDEV</sourceConnName>
<sourceObjSchema>D_NYEC_SR_CURRENT</sourceObjSchema>
<sourceObjName>Application ID</sourceObjName>
<createdBy>ro38606</createdBy>
<createdTime>2013-05-07 16:48:12 UTC</createdTime>
<ownerDesignName>NYEC_BPM_Semantic_data_model_diagram</ownerDesignName>
<nullsAllowed>true</nullsAllowed>
<useDomainConstraints>false</useDomainConstraints>
<use>1</use>
<logicalDatatype>LOGDT019</logicalDatatype>
<dataTypeSize>22</dataTypeSize>
<autoIncrementCycle>false</autoIncrementCycle>
</Column>
<Column name="Instance Complete Date" id="784F76E7-2789-9E34-3049-FBD4EC6ECBD6">
<sourceConnName>MAXDTDEV</sourceConnName>
<sourceObjSchema>D_NYEC_SR_CURRENT</sourceObjSchema>
<sourceObjName>Instance Complete Date</sourceObjName>
<createdBy>ro38606</createdBy>
<createdTime>2013-05-07 16:48:12 UTC</createdTime>
<ownerDesignName>NYEC_BPM_Semantic_data_model_diagram</ownerDesignName>
<nullsAllowed>true</nullsAllowed>
<useDomainConstraints>false</useDomainConstraints>
<use>1</use>
<logicalDatatype>LOGDT007</logicalDatatype>
<dataTypeSize>7</dataTypeSize>
<autoIncrementCycle>false</autoIncrementCycle>
</Column>
<Column name="Instance Status" id="94F51E48-3BC7-4F4E-2A1A-43EF9DA6420A">
<sourceConnName>MAXDTDEV</sourceConnName>
<sourceObjSchema>D_NYEC_SR_CURRENT</sourceObjSchema>
<sourceObjName>Instance Status</sourceObjName>
<createdBy>ro38606</createdBy>
<createdTime>2013-05-07 16:48:12 UTC</createdTime>
<ownerDesignName>NYEC_BPM_Semantic_data_model_diagram</ownerDesignName>
<nullsAllowed>true</nullsAllowed>
<useDomainConstraints>false</useDomainConstraints>
<use>1</use>
<logicalDatatype>LOGDT024</logicalDatatype>
<dataTypeSize>50 BYTE</dataTypeSize>
<autoIncrementCycle>false</autoIncrementCycle>
</Column>
<Column name="Task Worked By Flag" id="C40DE0EB-45A0-29E4-1EF5-6FDD53334640">
<sourceConnName>MAXDTDEV</sourceConnName>
<sourceObjSchema>D_NYEC_SR_CURRENT</sourceObjSchema>
<sourceObjName>Task Worked By Flag</sourceObjName>
<createdBy>ro38606</createdBy>
<createdTime>2013-05-07 16:48:12 UTC</createdTime>
<ownerDesignName>NYEC_BPM_Semantic_data_model_diagram</ownerDesignName>
<nullsAllowed>true</nullsAllowed>
<useDomainConstraints>false</useDomainConstraints>
<use>1</use>
<logicalDatatype>LOGDT024</logicalDatatype>
<dataTypeSize>1 BYTE</dataTypeSize>
<autoIncrementCycle>false</autoIncrementCycle>
</Column>
<Column name="State Result Flag" id="CC78A6A8-6692-89AF-ACBE-6F7E8AD8B7DD">
<sourceConnName>MAXDTDEV</sourceConnName>
<sourceObjSchema>D_NYEC_SR_CURRENT</sourceObjSchema>
<sourceObjName>State Result Flag</sourceObjName>
<createdBy>ro38606</createdBy>
<createdTime>2013-05-07 16:48:12 UTC</createdTime>
<ownerDesignName>NYEC_BPM_Semantic_data_model_diagram</ownerDesignName>
<nullsAllowed>true</nullsAllowed>
<useDomainConstraints>false</useDomainConstraints>
<use>1</use>
<logicalDatatype>LOGDT024</logicalDatatype>
<dataTypeSize>1 BYTE</dataTypeSize>
<autoIncrementCycle>false</autoIncrementCycle>
</Column>
<Column name="Research Flag" id="D713AA53-0A7E-1F17-029A-A5451AF8460F">
<sourceConnName>MAXDTDEV</sourceConnName>
<sourceObjSchema>D_NYEC_SR_CURRENT</sourceObjSchema>
<sourceObjName>Research Flag</sourceObjName>
<createdBy>ro38606</createdBy>
<createdTime>2013-05-07 16:48:12 UTC</createdTime>
<ownerDesignName>NYEC_BPM_Semantic_data_model_diagram</ownerDesignName>
<nullsAllowed>true</nullsAllowed>
<useDomainConstraints>false</useDomainConstraints>
<use>1</use>
<logicalDatatype>LOGDT024</logicalDatatype>
<dataTypeSize>1 BYTE</dataTypeSize>
<autoIncrementCycle>false</autoIncrementCycle>
</Column>
<Column name="MI Required Flag" id="97CBC0FA-3857-683E-2D19-A015C3BD3ED2">
<sourceConnName>MAXDTDEV</sourceConnName>
<sourceObjSchema>D_NYEC_SR_CURRENT</sourceObjSchema>
<sourceObjName>MI Required Flag</sourceObjName>
<createdBy>ro38606</createdBy>
<createdTime>2013-05-07 16:48:12 UTC</createdTime>
<ownerDesignName>NYEC_BPM_Semantic_data_model_diagram</ownerDesignName>
<nullsAllowed>true</nullsAllowed>
<useDomainConstraints>false</useDomainConstraints>
<use>1</use>
<logicalDatatype>LOGDT024</logicalDatatype>
<dataTypeSize>1 BYTE</dataTypeSize>
<autoIncrementCycle>false</autoIncrementCycle>
</Column>
<Column name="Receive State Review Flag" id="8BEBF641-8667-914A-0D90-7A7CFDA29342">
<sourceConnName>MAXDTDEV</sourceConnName>
<sourceObjSchema>D_NYEC_SR_CURRENT</sourceObjSchema>
<sourceObjName>Receive State Review Flag</sourceObjName>
<createdBy>ro38606</createdBy>
<createdTime>2013-05-07 16:48:12 UTC</createdTime>
<ownerDesignName>NYEC_BPM_Semantic_data_model_diagram</ownerDesignName>
<nullsAllowed>true</nullsAllowed>
<useDomainConstraints>false</useDomainConstraints>
<use>1</use>
<logicalDatatype>LOGDT024</logicalDatatype>
<dataTypeSize>1 BYTE</dataTypeSize>
<autoIncrementCycle>false</autoIncrementCycle>
</Column>
<Column name="Process Data Correction Flag" id="6D18C6C9-909A-E52C-A197-42CC4A0C2A07">
<sourceConnName>MAXDTDEV</sourceConnName>
<sourceObjSchema>D_NYEC_SR_CURRENT</sourceObjSchema>
<sourceObjName>Process Data Correction Flag</sourceObjName>
<createdBy>ro38606</createdBy>
<createdTime>2013-05-07 16:48:13 UTC</createdTime>
<ownerDesignName>NYEC_BPM_Semantic_data_model_diagram</ownerDesignName>
<nullsAllowed>true</nullsAllowed>
<useDomainConstraints>false</useDomainConstraints>
<use>1</use>
<logicalDatatype>LOGDT024</logicalDatatype>
<dataTypeSize>1 BYTE</dataTypeSize>
<autoIncrementCycle>false</autoIncrementCycle>
</Column>
<Column name="Research Resolve Issue Flag" id="B65FCBEF-6E15-4AA8-BC3A-98E3A7B8B517">
<sourceConnName>MAXDTDEV</sourceConnName>
<sourceObjSchema>D_NYEC_SR_CURRENT</sourceObjSchema>
<sourceObjName>Research Resolve Issue Flag</sourceObjName>
<createdBy>ro38606</createdBy>
<createdTime>2013-05-07 16:48:13 UTC</createdTime>
<ownerDesignName>NYEC_BPM_Semantic_data_model_diagram</ownerDesignName>
<nullsAllowed>true</nullsAllowed>
<useDomainConstraints>false</useDomainConstraints>
<use>1</use>
<logicalDatatype>LOGDT024</logicalDatatype>
<dataTypeSize>1 BYTE</dataTypeSize>
<autoIncrementCycle>false</autoIncrementCycle>
</Column>
<Column name="Request MI Notification Flag" id="ADF443BD-A4EC-5F22-8A4A-A2BC76BF6B6C">
<sourceConnName>MAXDTDEV</sourceConnName>
<sourceObjSchema>D_NYEC_SR_CURRENT</sourceObjSchema>
<sourceObjName>Request MI Notification Flag</sourceObjName>
<createdBy>ro38606</createdBy>
<createdTime>2013-05-07 16:48:13 UTC</createdTime>
<ownerDesignName>NYEC_BPM_Semantic_data_model_diagram</ownerDesignName>
<nullsAllowed>true</nullsAllowed>
<useDomainConstraints>false</useDomainConstraints>
<use>1</use>
<logicalDatatype>LOGDT024</logicalDatatype>
<dataTypeSize>1 BYTE</dataTypeSize>
<autoIncrementCycle>false</autoIncrementCycle>
</Column>
<Column name="Age in Business Days" id="AC08EA78-77B0-CA7C-C358-1BF25759EF85">
<sourceConnName>MAXDTDEV</sourceConnName>
<sourceObjSchema>D_NYEC_SR_CURRENT</sourceObjSchema>
<sourceObjName>Age in Business Days</sourceObjName>
<createdBy>ro38606</createdBy>
<createdTime>2013-05-07 16:48:13 UTC</createdTime>
<ownerDesignName>NYEC_BPM_Semantic_data_model_diagram</ownerDesignName>
<useDomainConstraints>false</useDomainConstraints>
<use>1</use>
<logicalDatatype>LOGDT019</logicalDatatype>
<dataTypeSize>22</dataTypeSize>
<autoIncrementCycle>false</autoIncrementCycle>
</Column>
<Column name="Age in Calendar Days" id="B9C19586-48DE-FD8F-E0C8-5DD67805770F">
<sourceConnName>MAXDTDEV</sourceConnName>
<sourceObjSchema>D_NYEC_SR_CURRENT</sourceObjSchema>
<sourceObjName>Age in Calendar Days</sourceObjName>
<createdBy>ro38606</createdBy>
<createdTime>2013-05-07 16:48:13 UTC</createdTime>
<ownerDesignName>NYEC_BPM_Semantic_data_model_diagram</ownerDesignName>
<useDomainConstraints>false</useDomainConstraints>
<use>1</use>
<logicalDatatype>LOGDT019</logicalDatatype>
<dataTypeSize>22</dataTypeSize>
<autoIncrementCycle>false</autoIncrementCycle>
</Column>
<Column name="All MI Satisfied Flag" id="0B7102C3-E2CF-1ED4-6A31-30679A527A56">
<sourceConnName>MAXDTDEV</sourceConnName>
<sourceObjSchema>D_NYEC_SR_CURRENT</sourceObjSchema>
<sourceObjName>All MI Satisfied Flag</sourceObjName>
<createdBy>ro38606</createdBy>
<createdTime>2013-05-07 16:48:13 UTC</createdTime>
<ownerDesignName>NYEC_BPM_Semantic_data_model_diagram</ownerDesignName>
<useDomainConstraints>false</useDomainConstraints>
<use>1</use>
<logicalDatatype>LOGDT024</logicalDatatype>
<dataTypeSize>1 BYTE</dataTypeSize>
<autoIncrementCycle>false</autoIncrementCycle>
</Column>
<Column name="Auto-Close Flag" id="76B2CB2B-F3F9-2456-2DA8-252957F0E3B6">
<sourceConnName>MAXDTDEV</sourceConnName>
<sourceObjSchema>D_NYEC_SR_CURRENT</sourceObjSchema>
<sourceObjName>Auto-Close Flag</sourceObjName>
<createdBy>ro38606</createdBy>
<createdTime>2013-05-07 16:48:13 UTC</createdTime>
<ownerDesignName>NYEC_BPM_Semantic_data_model_diagram</ownerDesignName>
<useDomainConstraints>false</useDomainConstraints>
<use>1</use>
<logicalDatatype>LOGDT024</logicalDatatype>
<dataTypeSize>1 BYTE</dataTypeSize>
<autoIncrementCycle>false</autoIncrementCycle>
</Column>
<Column name="Call Campaign ID" id="7B826B60-53E2-AEDA-CC8E-F783ADA12101">
<sourceConnName>MAXDTDEV</sourceConnName>
<sourceObjSchema>D_NYEC_SR_CURRENT</sourceObjSchema>
<sourceObjName>Call Campaign ID</sourceObjName>
<createdBy>ro38606</createdBy>
<createdTime>2013-05-07 16:48:14 UTC</createdTime>
<ownerDesignName>NYEC_BPM_Semantic_data_model_diagram</ownerDesignName>
<nullsAllowed>true</nullsAllowed>
<useDomainConstraints>false</useDomainConstraints>
<use>1</use>
<logicalDatatype>LOGDT019</logicalDatatype>
<dataTypeSize>22</dataTypeSize>
<autoIncrementCycle>false</autoIncrementCycle>
</Column>
<Column name="Call Campaign Identified Flag" id="B9BE6050-D760-E560-EAFA-3282B0A1C1A5">
<sourceConnName>MAXDTDEV</sourceConnName>
<sourceObjSchema>D_NYEC_SR_CURRENT</sourceObjSchema>
<sourceObjName>Call Campaign Identified Flag</sourceObjName>
<createdBy>ro38606</createdBy>
<createdTime>2013-05-07 16:48:14 UTC</createdTime>
<ownerDesignName>NYEC_BPM_Semantic_data_model_diagram</ownerDesignName>
<useDomainConstraints>false</useDomainConstraints>
<use>1</use>
<logicalDatatype>LOGDT024</logicalDatatype>
<dataTypeSize>1 BYTE</dataTypeSize>
<autoIncrementCycle>false</autoIncrementCycle>
</Column>
<Column name="Cancel Date" id="48C1CE85-3AFC-ECC0-9C82-3DBEC9A46E8E">
<sourceConnName>MAXDTDEV</sourceConnName>
<sourceObjSchema>D_NYEC_SR_CURRENT</sourceObjSchema>
<sourceObjName>Cancel Date</sourceObjName>
<createdBy>ro38606</createdBy>
<createdTime>2013-05-07 16:48:14 UTC</createdTime>
<ownerDesignName>NYEC_BPM_Semantic_data_model_diagram</ownerDesignName>
<nullsAllowed>true</nullsAllowed>
<useDomainConstraints>false</useDomainConstraints>
<use>1</use>
<logicalDatatype>LOGDT007</logicalDatatype>
<dataTypeSize>7</dataTypeSize>
<autoIncrementCycle>false</autoIncrementCycle>
</Column>
<Column name="Current Task ID" id="F0C14338-47AD-3404-366B-73E5586A788D">
<sourceConnName>MAXDTDEV</sourceConnName>
<sourceObjSchema>D_NYEC_SR_CURRENT</sourceObjSchema>
<sourceObjName>Current Task ID</sourceObjName>
<createdBy>ro38606</createdBy>
<createdTime>2013-05-07 16:48:14 UTC</createdTime>
<ownerDesignName>NYEC_BPM_Semantic_data_model_diagram</ownerDesignName>
<nullsAllowed>true</nullsAllowed>
<useDomainConstraints>false</useDomainConstraints>
<use>1</use>
<logicalDatatype>LOGDT019</logicalDatatype>
<dataTypeSize>22</dataTypeSize>
<autoIncrementCycle>false</autoIncrementCycle>
</Column>
<Column name="Letter Request ID" id="DFF60CFB-902A-2CB3-8961-280D970AD858">
<sourceConnName>MAXDTDEV</sourceConnName>
<sourceObjSchema>D_NYEC_SR_CURRENT</sourceObjSchema>
<sourceObjName>Letter Request ID</sourceObjName>
<createdBy>ro38606</createdBy>
<createdTime>2013-05-07 16:48:14 UTC</createdTime>
<ownerDesignName>NYEC_BPM_Semantic_data_model_diagram</ownerDesignName>
<nullsAllowed>true</nullsAllowed>
<useDomainConstraints>false</useDomainConstraints>
<use>1</use>
<logicalDatatype>LOGDT019</logicalDatatype>
<dataTypeSize>22</dataTypeSize>
<autoIncrementCycle>false</autoIncrementCycle>
</Column>
<Column name="Letter Status" id="02C8E7B2-2E46-27AE-C050-B83EDB467924">
<sourceConnName>MAXDTDEV</sourceConnName>
<sourceObjSchema>D_NYEC_SR_CURRENT</sourceObjSchema>
<sourceObjName>Letter Status</sourceObjName>
<createdBy>ro38606</createdBy>
<createdTime>2013-05-07 16:48:14 UTC</createdTime>
<ownerDesignName>NYEC_BPM_Semantic_data_model_diagram</ownerDesignName>
<nullsAllowed>true</nullsAllowed>
<useDomainConstraints>false</useDomainConstraints>
<use>1</use>
<logicalDatatype>LOGDT024</logicalDatatype>
<dataTypeSize>20 BYTE</dataTypeSize>
<autoIncrementCycle>false</autoIncrementCycle>
</Column>
<Column name="New MI Flag" id="2497F314-CE99-9AE8-BF3B-BA5CCC3008E9">
<sourceConnName>MAXDTDEV</sourceConnName>
<sourceObjSchema>D_NYEC_SR_CURRENT</sourceObjSchema>
<sourceObjName>New MI Flag</sourceObjName>
<createdBy>ro38606</createdBy>
<createdTime>2013-05-07 16:48:14 UTC</createdTime>
<ownerDesignName>NYEC_BPM_Semantic_data_model_diagram</ownerDesignName>
<nullsAllowed>true</nullsAllowed>
<useDomainConstraints>false</useDomainConstraints>
<use>1</use>
<logicalDatatype>LOGDT024</logicalDatatype>
<dataTypeSize>1 BYTE</dataTypeSize>
<autoIncrementCycle>false</autoIncrementCycle>
</Column>
<Column name="New State Review Task ID" id="7FF9C257-223F-3864-D4DA-4B984ED0D2EC">
<sourceConnName>MAXDTDEV</sourceConnName>
<sourceObjSchema>D_NYEC_SR_CURRENT</sourceObjSchema>
<sourceObjName>New State Review Task ID</sourceObjName>
<createdBy>ro38606</createdBy>
<createdTime>2013-05-07 16:48:14 UTC</createdTime>
<ownerDesignName>NYEC_BPM_Semantic_data_model_diagram</ownerDesignName>
<nullsAllowed>true</nullsAllowed>
<useDomainConstraints>false</useDomainConstraints>
<use>1</use>
<logicalDatatype>LOGDT019</logicalDatatype>
<dataTypeSize>22</dataTypeSize>
<autoIncrementCycle>false</autoIncrementCycle>
</Column>
<Column name="Cur RFE Status Flag" id="979AC4CF-8571-FC3D-BED0-63DEB93EB25E">
<sourceConnName>MAXDTDEV</sourceConnName>
<sourceObjSchema>D_NYEC_SR_CURRENT</sourceObjSchema>
<sourceObjName>Cur RFE Status Flag</sourceObjName>
<createdBy>ro38606</createdBy>
<createdTime>2013-05-07 16:48:15 UTC</createdTime>
<ownerDesignName>NYEC_BPM_Semantic_data_model_diagram</ownerDesignName>
<useDomainConstraints>false</useDomainConstraints>
<use>1</use>
<logicalDatatype>LOGDT024</logicalDatatype>
<dataTypeSize>1 BYTE</dataTypeSize>
<autoIncrementCycle>false</autoIncrementCycle>
</Column>
<Column name="Cur State Acceptance Indicator" id="D8E0884E-7646-604B-8303-343F362C10A3">
<sourceConnName>MAXDTDEV</sourceConnName>
<sourceObjSchema>D_NYEC_SR_CURRENT</sourceObjSchema>
<sourceObjName>Cur State Acceptance Indicator</sourceObjName>
<createdBy>ro38606</createdBy>
<createdTime>2013-05-07 16:48:15 UTC</createdTime>
<ownerDesignName>NYEC_BPM_Semantic_data_model_diagram</ownerDesignName>
<useDomainConstraints>false</useDomainConstraints>
<use>1</use>
<logicalDatatype>LOGDT024</logicalDatatype>
<dataTypeSize>1 BYTE</dataTypeSize>
<autoIncrementCycle>false</autoIncrementCycle>
</Column>
<Column name="State Review Outcome" id="92378381-F061-10ED-01BB-5D192701D8B3">
<sourceConnName>MAXDTDEV</sourceConnName>
<sourceObjSchema>D_NYEC_SR_CURRENT</sourceObjSchema>
<sourceObjName>State Review Outcome</sourceObjName>
<createdBy>ro38606</createdBy>
<createdTime>2013-05-07 16:48:15 UTC</createdTime>
<ownerDesignName>NYEC_BPM_Semantic_data_model_diagram</ownerDesignName>
<nullsAllowed>true</nullsAllowed>
<useDomainConstraints>false</useDomainConstraints>
<use>1</use>
<logicalDatatype>LOGDT024</logicalDatatype>
<dataTypeSize>20 BYTE</dataTypeSize>
<autoIncrementCycle>false</autoIncrementCycle>
</Column>
<Column name="State Review Task ID" id="7D2F5C36-8E5F-CCB0-1C4A-8B4A0A7C18F8">
<sourceConnName>MAXDTDEV</sourceConnName>
<sourceObjSchema>D_NYEC_SR_CURRENT</sourceObjSchema>
<sourceObjName>State Review Task ID</sourceObjName>
<createdBy>ro38606</createdBy>
<createdTime>2013-05-07 16:48:15 UTC</createdTime>
<ownerDesignName>NYEC_BPM_Semantic_data_model_diagram</ownerDesignName>
<useDomainConstraints>false</useDomainConstraints>
<use>1</use>
<logicalDatatype>LOGDT019</logicalDatatype>
<dataTypeSize>22</dataTypeSize>
<autoIncrementCycle>false</autoIncrementCycle>
</Column>
<Column name="State Rev Receive End Date" id="699AD330-7486-453C-7E5D-0D226FD18C86">
<sourceConnName>MAXDTDEV</sourceConnName>
<sourceObjSchema>D_NYEC_SR_CURRENT</sourceObjSchema>
<sourceObjName>State Rev Receive End Date</sourceObjName>
<createdBy>ro38606</createdBy>
<createdTime>2013-05-07 16:48:15 UTC</createdTime>
<ownerDesignName>NYEC_BPM_Semantic_data_model_diagram</ownerDesignName>
<nullsAllowed>true</nullsAllowed>
<useDomainConstraints>false</useDomainConstraints>
<use>1</use>
<logicalDatatype>LOGDT007</logicalDatatype>
<dataTypeSize>7</dataTypeSize>
<autoIncrementCycle>false</autoIncrementCycle>
</Column>
<Column name="State Rev Receive Performed By" id="38ADC67C-BD87-4115-ED5C-58BB86A86679">
<sourceConnName>MAXDTDEV</sourceConnName>
<sourceObjSchema>D_NYEC_SR_CURRENT</sourceObjSchema>
<sourceObjName>State Rev Receive Performed By</sourceObjName>
<createdBy>ro38606</createdBy>
<createdTime>2013-05-07 16:48:15 UTC</createdTime>
<ownerDesignName>NYEC_BPM_Semantic_data_model_diagram</ownerDesignName>
<nullsAllowed>true</nullsAllowed>
<useDomainConstraints>false</useDomainConstraints>
<use>1</use>
<logicalDatatype>LOGDT024</logicalDatatype>
<dataTypeSize>100 BYTE</dataTypeSize>
<autoIncrementCycle>false</autoIncrementCycle>
</Column>
<Column name="State Rev Receive Start Date" id="FE0E23C6-9EE8-A4DF-775B-3EEBB634F214">
<sourceConnName>MAXDTDEV</sourceConnName>
<sourceObjSchema>D_NYEC_SR_CURRENT</sourceObjSchema>
<sourceObjName>State Rev Receive Start Date</sourceObjName>
<createdBy>ro38606</createdBy>
<createdTime>2013-05-07 16:48:15 UTC</createdTime>
<ownerDesignName>NYEC_BPM_Semantic_data_model_diagram</ownerDesignName>
<nullsAllowed>true</nullsAllowed>
<useDomainConstraints>false</useDomainConstraints>
<use>1</use>
<logicalDatatype>LOGDT007</logicalDatatype>
<dataTypeSize>7</dataTypeSize>
<autoIncrementCycle>false</autoIncrementCycle>
</Column>
<Column name="Proc Data Correct End Date" id="BC382B6F-9C1C-C9E9-BBAE-0ED95008FCAF">
<sourceConnName>MAXDTDEV</sourceConnName>
<sourceObjSchema>D_NYEC_SR_CURRENT</sourceObjSchema>
<sourceObjName>Proc Data Correct End Date</sourceObjName>
<createdBy>ro38606</createdBy>
<createdTime>2013-05-07 16:48:15 UTC</createdTime>
<ownerDesignName>NYEC_BPM_Semantic_data_model_diagram</ownerDesignName>
<nullsAllowed>true</nullsAllowed>
<useDomainConstraints>false</useDomainConstraints>
<use>1</use>
<logicalDatatype>LOGDT007</logicalDatatype>
<dataTypeSize>7</dataTypeSize>
<autoIncrementCycle>false</autoIncrementCycle>
</Column>
<Column name="Proc Data Correct Perf By" id="7E891C72-5A71-5045-9370-ED90254B9E0B">
<sourceConnName>MAXDTDEV</sourceConnName>
<sourceObjSchema>D_NYEC_SR_CURRENT</sourceObjSchema>
<sourceObjName>Proc Data Correct Perf By</sourceObjName>
<createdBy>ro38606</createdBy>
<createdTime>2013-05-07 16:48:16 UTC</createdTime>
<ownerDesignName>NYEC_BPM_Semantic_data_model_diagram</ownerDesignName>
<nullsAllowed>true</nullsAllowed>
<useDomainConstraints>false</useDomainConstraints>
<use>1</use>
<logicalDatatype>LOGDT024</logicalDatatype>
<dataTypeSize>100 BYTE</dataTypeSize>
<autoIncrementCycle>false</autoIncrementCycle>
</Column>
<Column name="Proc Data Correct Start Date" id="96329221-5605-C855-020F-144E567B7582">
<sourceConnName>MAXDTDEV</sourceConnName>
<sourceObjSchema>D_NYEC_SR_CURRENT</sourceObjSchema>
<sourceObjName>Proc Data Correct Start Date</sourceObjName>
<createdBy>ro38606</createdBy>
<createdTime>2013-05-07 16:48:16 UTC</createdTime>
<ownerDesignName>NYEC_BPM_Semantic_data_model_diagram</ownerDesignName>
<nullsAllowed>true</nullsAllowed>
<useDomainConstraints>false</useDomainConstraints>
<use>1</use>
<logicalDatatype>LOGDT007</logicalDatatype>
<dataTypeSize>7</dataTypeSize>
<autoIncrementCycle>false</autoIncrementCycle>
</Column>
<Column name="Research Resolve End Date" id="AA0A4645-28D0-EB2B-9246-12D53F4D5ACF">
<sourceConnName>MAXDTDEV</sourceConnName>
<sourceObjSchema>D_NYEC_SR_CURRENT</sourceObjSchema>
<sourceObjName>Research Resolve End Date</sourceObjName>
<createdBy>ro38606</createdBy>
<createdTime>2013-05-07 16:48:16 UTC</createdTime>
<ownerDesignName>NYEC_BPM_Semantic_data_model_diagram</ownerDesignName>
<nullsAllowed>true</nullsAllowed>
<useDomainConstraints>false</useDomainConstraints>
<use>1</use>
<logicalDatatype>LOGDT007</logicalDatatype>
<dataTypeSize>7</dataTypeSize>
<autoIncrementCycle>false</autoIncrementCycle>
</Column>
<Column name="Research Resolve Perf By" id="71BB7A18-87B8-BD12-9BD7-C97DFEA3A711">
<sourceConnName>MAXDTDEV</sourceConnName>
<sourceObjSchema>D_NYEC_SR_CURRENT</sourceObjSchema>
<sourceObjName>Research Resolve Perf By</sourceObjName>
<createdBy>ro38606</createdBy>
<createdTime>2013-05-07 16:48:16 UTC</createdTime>
<ownerDesignName>NYEC_BPM_Semantic_data_model_diagram</ownerDesignName>
<nullsAllowed>true</nullsAllowed>
<useDomainConstraints>false</useDomainConstraints>
<use>1</use>
<logicalDatatype>LOGDT024</logicalDatatype>
<dataTypeSize>100 BYTE</dataTypeSize>
<autoIncrementCycle>false</autoIncrementCycle>
</Column>
<Column name="Research Resolve Start Date" id="F59B656E-8BF6-5A88-6886-1E7B16FA0BC5">
<sourceConnName>MAXDTDEV</sourceConnName>
<sourceObjSchema>D_NYEC_SR_CURRENT</sourceObjSchema>
<sourceObjName>Research Resolve Start Date</sourceObjName>
<createdBy>ro38606</createdBy>
<createdTime>2013-05-07 16:48:16 UTC</createdTime>
<ownerDesignName>NYEC_BPM_Semantic_data_model_diagram</ownerDesignName>
<nullsAllowed>true</nullsAllowed>
<useDomainConstraints>false</useDomainConstraints>
<use>1</use>
<logicalDatatype>LOGDT007</logicalDatatype>
<dataTypeSize>7</dataTypeSize>
<autoIncrementCycle>false</autoIncrementCycle>
</Column>
<Column name="Request MI Notif End Date" id="F5558EB8-1358-5836-9A37-A41A0778B666">
<sourceConnName>MAXDTDEV</sourceConnName>
<sourceObjSchema>D_NYEC_SR_CURRENT</sourceObjSchema>
<sourceObjName>Request MI Notif End Date</sourceObjName>
<createdBy>ro38606</createdBy>
<createdTime>2013-05-07 16:48:16 UTC</createdTime>
<ownerDesignName>NYEC_BPM_Semantic_data_model_diagram</ownerDesignName>
<nullsAllowed>true</nullsAllowed>
<useDomainConstraints>false</useDomainConstraints>
<use>1</use>
<logicalDatatype>LOGDT007</logicalDatatype>
<dataTypeSize>7</dataTypeSize>
<autoIncrementCycle>false</autoIncrementCycle>
</Column>
<Column name="Request MI Notif Start Date" id="338F3728-D5A5-1B51-F83C-0B81366CC9CD">
<sourceConnName>MAXDTDEV</sourceConnName>
<sourceObjSchema>D_NYEC_SR_CURRENT</sourceObjSchema>
<sourceObjName>Request MI Notif Start Date</sourceObjName>
<createdBy>ro38606</createdBy>
<createdTime>2013-05-07 16:48:16 UTC</createdTime>
<ownerDesignName>NYEC_BPM_Semantic_data_model_diagram</ownerDesignName>
<nullsAllowed>true</nullsAllowed>
<useDomainConstraints>false</useDomainConstraints>
<use>1</use>
<logicalDatatype>LOGDT007</logicalDatatype>
<dataTypeSize>7</dataTypeSize>
<autoIncrementCycle>false</autoIncrementCycle>
</Column>
<Column name="Data Correction Task ID" id="DEE3CBDB-1437-DB16-F0C5-3D11EDE33A66">
<sourceConnName>MAXDTDEV</sourceConnName>
<sourceObjSchema>D_NYEC_SR_CURRENT</sourceObjSchema>
<sourceObjName>Data Correction Task ID</sourceObjName>
<createdBy>ro38606</createdBy>
<createdTime>2013-05-07 16:48:16 UTC</createdTime>
<ownerDesignName>NYEC_BPM_Semantic_data_model_diagram</ownerDesignName>
<nullsAllowed>true</nullsAllowed>
<useDomainConstraints>false</useDomainConstraints>
<use>1</use>
<logicalDatatype>LOGDT019</logicalDatatype>
<dataTypeSize>22</dataTypeSize>
<autoIncrementCycle>false</autoIncrementCycle>
</Column>
<Column name="Research Task ID" id="10D4B89D-58C8-8F40-7214-A7D7C6AD1438">
<sourceConnName>MAXDTDEV</sourceConnName>
<sourceObjSchema>D_NYEC_SR_CURRENT</sourceObjSchema>
<sourceObjName>Research Task ID</sourceObjName>
<createdBy>ro38606</createdBy>
<createdTime>2013-05-07 16:48:17 UTC</createdTime>
<ownerDesignName>NYEC_BPM_Semantic_data_model_diagram</ownerDesignName>
<nullsAllowed>true</nullsAllowed>
<useDomainConstraints>false</useDomainConstraints>
<use>1</use>
<logicalDatatype>LOGDT019</logicalDatatype>
<dataTypeSize>22</dataTypeSize>
<autoIncrementCycle>false</autoIncrementCycle>
</Column>
<Column name="New MI Satisfied" id="B5E657EC-ACB3-4BEE-5CF5-94A13DF1739B">
<sourceConnName>MAXDTDEV</sourceConnName>
<sourceObjSchema>D_NYEC_SR_CURRENT</sourceObjSchema>
<sourceObjName>New MI Satisfied</sourceObjName>
<createdBy>ro38606</createdBy>
<createdTime>2013-05-07 16:48:17 UTC</createdTime>
<ownerDesignName>NYEC_BPM_Semantic_data_model_diagram</ownerDesignName>
<nullsAllowed>true</nullsAllowed>
<useDomainConstraints>false</useDomainConstraints>
<use>1</use>
<logicalDatatype>LOGDT024</logicalDatatype>
<dataTypeSize>1 BYTE</dataTypeSize>
<autoIncrementCycle>false</autoIncrementCycle>
</Column>
<Column name="New MI Satisfied Flag" id="6AAEBF05-8D00-5DA6-72E6-490C51B968B9">
<sourceConnName>MAXDTDEV</sourceConnName>
<sourceObjSchema>D_NYEC_SR_CURRENT</sourceObjSchema>
<sourceObjName>New MI Satisfied Flag</sourceObjName>
<createdBy>ro38606</createdBy>
<createdTime>2013-05-07 16:48:17 UTC</createdTime>
<ownerDesignName>NYEC_BPM_Semantic_data_model_diagram</ownerDesignName>
<nullsAllowed>true</nullsAllowed>
<useDomainConstraints>false</useDomainConstraints>
<use>1</use>
<logicalDatatype>LOGDT024</logicalDatatype>
<dataTypeSize>1 BYTE</dataTypeSize>
<autoIncrementCycle>false</autoIncrementCycle>
</Column>
<Column name="Letter Sent Flag" id="D8EBE6D5-1934-5EA0-6EF5-DD13E4DC3BFF">
<sourceConnName>MAXDTDEV</sourceConnName>
<sourceObjSchema>D_NYEC_SR_CURRENT</sourceObjSchema>
<sourceObjName>Letter Sent Flag</sourceObjName>
<createdBy>ro38606</createdBy>
<createdTime>2013-05-07 16:48:17 UTC</createdTime>
<ownerDesignName>NYEC_BPM_Semantic_data_model_diagram</ownerDesignName>
<nullsAllowed>true</nullsAllowed>
<useDomainConstraints>false</useDomainConstraints>
<use>1</use>
<logicalDatatype>LOGDT024</logicalDatatype>
<dataTypeSize>1 BYTE</dataTypeSize>
<autoIncrementCycle>false</autoIncrementCycle>
</Column>
<Column name="Cur HEART App Status" id="05724101-CC6D-B5DF-0828-5875C5B5403B">
<sourceConnName>MAXDTDEV</sourceConnName>
<sourceObjSchema>D_NYEC_SR_CURRENT</sourceObjSchema>
<sourceObjName>Cur HEART App Status</sourceObjName>
<createdBy>ro38606</createdBy>
<createdTime>2013-05-07 16:48:17 UTC</createdTime>
<ownerDesignName>NYEC_BPM_Semantic_data_model_diagram</ownerDesignName>
<nullsAllowed>true</nullsAllowed>
<useDomainConstraints>false</useDomainConstraints>
<use>1</use>
<logicalDatatype>LOGDT024</logicalDatatype>
<dataTypeSize>50 BYTE</dataTypeSize>
<autoIncrementCycle>false</autoIncrementCycle>
</Column>
<Column name="Cur App Status Group" id="59F33D7E-7981-39E1-C022-FFF140744558">
<sourceConnName>MAXDTDEV</sourceConnName>
<sourceObjSchema>D_NYEC_SR_CURRENT</sourceObjSchema>
<sourceObjName>Cur App Status Group</sourceObjName>
<createdBy>ro38606</createdBy>
<createdTime>2013-05-07 16:48:17 UTC</createdTime>
<ownerDesignName>NYEC_BPM_Semantic_data_model_diagram</ownerDesignName>
<nullsAllowed>true</nullsAllowed>
<useDomainConstraints>false</useDomainConstraints>
<use>1</use>
<logicalDatatype>LOGDT024</logicalDatatype>
<dataTypeSize>30 BYTE</dataTypeSize>
<autoIncrementCycle>false</autoIncrementCycle>
</Column>
</columns>
<indexes itemClass="oracle.dbtools.crest.model.design.relational.Index">
<ind_PK_UK id="11A920B9-F27C-BBDB-75E3-0EEF04126C91" name="DNSRCUR_PK">
<sourceConnName>MAXDTDEV</sourceConnName>
<sourceObjSchema>MAXDAT</sourceObjSchema>
<sourceObjName>DNSRCUR_PK</sourceObjName>
<createdBy>ro38606</createdBy>
<createdTime>2013-05-07 16:48:50 UTC</createdTime>
<ownerDesignName>NYEC_BPM_Semantic_data_model_diagram</ownerDesignName>
<schemaObject>8395E672-89A2-8150-B09D-55D1ECC2042E</schemaObject>
<pk>true</pk>
<indexState>Primary Constraint</indexState>
<indexColumnUsage>
<colUsage columnID="83BE83F9-3430-43C7-BA2C-5A30271774D0"/>
</indexColumnUsage>
</ind_PK_UK>
<ind_PK_UK id="C0CD6264-530D-ED78-6530-AB44CF5EAACE" name="DNSRCUR_UIX1">
<sourceConnName>MAXDTDEV</sourceConnName>
<sourceObjSchema>MAXDAT</sourceObjSchema>
<sourceObjName>DNSRCUR_UIX1</sourceObjName>
<createdBy>ro38606</createdBy>
<createdTime>2013-05-07 16:48:50 UTC</createdTime>
<ownerDesignName>NYEC_BPM_Semantic_data_model_diagram</ownerDesignName>
<schemaObject>8395E672-89A2-8150-B09D-55D1ECC2042E</schemaObject>
<indexState>Unique Plain Index</indexState>
<indexColumnUsage>
<colUsage columnID="7D2F5C36-8E5F-CCB0-1C4A-8B4A0A7C18F8"/>
</indexColumnUsage>
</ind_PK_UK>
<ind_PK_UK id="F843015D-D1A3-16D8-85F9-B652B84C1D74" name="DNSRCUR_IX1">
<sourceConnName>MAXDTDEV</sourceConnName>
<sourceObjSchema>MAXDAT</sourceObjSchema>
<sourceObjName>DNSRCUR_IX1</sourceObjName>
<createdBy>ro38606</createdBy>
<createdTime>2013-05-07 16:48:50 UTC</createdTime>
<ownerDesignName>NYEC_BPM_Semantic_data_model_diagram</ownerDesignName>
<schemaObject>8395E672-89A2-8150-B09D-55D1ECC2042E</schemaObject>
<indexColumnUsage>
<colUsage columnID="F71FDEC0-A45E-CA97-4E22-F2FAF9C514F4"/>
</indexColumnUsage>
</ind_PK_UK>
</indexes>
</Table>