<?xml version = '1.0' encoding = 'UTF-8'?>
<Table class="oracle.dbtools.crest.model.design.relational.Table" id="E7EC6F65-93BB-A79B-0DA1-AB9A5F26CB7E" directorySegmentName="seg_0" name="D_MW_ESCALATED">
<sourceConnName>MAXDTDEV</sourceConnName>
<sourceObjSchema>MAXDAT</sourceObjSchema>
<sourceObjName>D_MW_ESCALATED</sourceObjName>
<createdBy>ro38606</createdBy>
<createdTime>2013-05-07 16:46:50 UTC</createdTime>
<ownerDesignName>NYEC_BPM_Semantic_data_model_diagram</ownerDesignName>
<schemaObject>8395E672-89A2-8150-B09D-55D1ECC2042E</schemaObject>
<pkName>DMWE_PK</pkName>
<fonts itemClass="oracle.dbtools.crest.model.design.FontObjectWr">
<FontObject>
<foType>Title</foType>
<fontStyle>1</fontStyle>
<colorRGB>-16776961</colorRGB>
</FontObject>
<FontObject>
<foType>Column</foType>
<colorRGB>-16777216</colorRGB>
</FontObject>
<FontObject>
<foType>Datatype</foType>
<colorRGB>-16744448</colorRGB>
</FontObject>
<FontObject>
<foType>PK Element</foType>
<colorRGB>-16776961</colorRGB>
</FontObject>
<FontObject>
<foType>FK Element</foType>
<colorRGB>-16777216</colorRGB>
</FontObject>
<FontObject>
<foType>UK Element</foType>
<colorRGB>-16776961</colorRGB>
</FontObject>
<FontObject>
<foType>Not Null</foType>
<colorRGB>-65536</colorRGB>
</FontObject>
<FontObject>
<foType>Key</foType>
<colorRGB>-16777216</colorRGB>
</FontObject>
</fonts>
<columns itemClass="oracle.dbtools.crest.model.design.relational.Column">
<Column name="DMWE_ID" id="E5C0D7B0-71D5-4CB3-43CA-64704BEFC3D8">
<sourceConnName>MAXDTDEV</sourceConnName>
<sourceObjSchema>D_MW_ESCALATED</sourceObjSchema>
<sourceObjName>DMWE_ID</sourceObjName>
<createdBy>ro38606</createdBy>
<createdTime>2013-05-07 16:47:04 UTC</createdTime>
<ownerDesignName>NYEC_BPM_Semantic_data_model_diagram</ownerDesignName>
<useDomainConstraints>false</useDomainConstraints>
<use>1</use>
<logicalDatatype>LOGDT019</logicalDatatype>
<dataTypeSize>22</dataTypeSize>
<autoIncrementCycle>false</autoIncrementCycle>
</Column>
<Column name="Escalated Flag" id="F29AF225-E298-3D26-2F14-474E262F2795">
<sourceConnName>MAXDTDEV</sourceConnName>
<sourceObjSchema>D_MW_ESCALATED</sourceObjSchema>
<sourceObjName>Escalated Flag</sourceObjName>
<createdBy>ro38606</createdBy>
<createdTime>2013-05-07 16:47:04 UTC</createdTime>
<ownerDesignName>NYEC_BPM_Semantic_data_model_diagram</ownerDesignName>
<useDomainConstraints>false</useDomainConstraints>
<use>1</use>
<logicalDatatype>LOGDT024</logicalDatatype>
<dataTypeSize>1 BYTE</dataTypeSize>
<autoIncrementCycle>false</autoIncrementCycle>
</Column>
<Column name="Escalated To Name" id="081D9302-D61A-9697-2D0A-8024FAD91803">
<sourceConnName>MAXDTDEV</sourceConnName>
<sourceObjSchema>D_MW_ESCALATED</sourceObjSchema>
<sourceObjName>Escalated To Name</sourceObjName>
<createdBy>ro38606</createdBy>
<createdTime>2013-05-07 16:47:04 UTC</createdTime>
<ownerDesignName>NYEC_BPM_Semantic_data_model_diagram</ownerDesignName>
<nullsAllowed>true</nullsAllowed>
<useDomainConstraints>false</useDomainConstraints>
<use>1</use>
<logicalDatatype>LOGDT024</logicalDatatype>
<dataTypeSize>100 BYTE</dataTypeSize>
<autoIncrementCycle>false</autoIncrementCycle>
</Column>
</columns>
<indexes itemClass="oracle.dbtools.crest.model.design.relational.Index">
<ind_PK_UK id="CCDADFEF-45FF-A8A5-094E-B4E8AC23E380" name="DMWE_PK">
<sourceConnName>MAXDTDEV</sourceConnName>
<sourceObjSchema>MAXDAT</sourceObjSchema>
<sourceObjName>DMWE_PK</sourceObjName>
<createdBy>ro38606</createdBy>
<createdTime>2013-05-07 16:48:34 UTC</createdTime>
<ownerDesignName>NYEC_BPM_Semantic_data_model_diagram</ownerDesignName>
<schemaObject>8395E672-89A2-8150-B09D-55D1ECC2042E</schemaObject>
<pk>true</pk>
<indexState>Primary Constraint</indexState>
<indexColumnUsage>
<colUsage columnID="E5C0D7B0-71D5-4CB3-43CA-64704BEFC3D8"/>
</indexColumnUsage>
</ind_PK_UK>
<ind_PK_UK id="02400EE1-3A4E-B2AF-04E1-780B00702CAA" name="DMWE_UIX1">
<sourceConnName>MAXDTDEV</sourceConnName>
<sourceObjSchema>MAXDAT</sourceObjSchema>
<sourceObjName>DMWE_UIX1</sourceObjName>
<createdBy>ro38606</createdBy>
<createdTime>2013-05-07 16:48:34 UTC</createdTime>
<ownerDesignName>NYEC_BPM_Semantic_data_model_diagram</ownerDesignName>
<schemaObject>8395E672-89A2-8150-B09D-55D1ECC2042E</schemaObject>
<indexState>Unique Plain Index</indexState>
<indexColumnUsage>
<colUsage columnID="F29AF225-E298-3D26-2F14-474E262F2795"/>
<colUsage columnID="081D9302-D61A-9697-2D0A-8024FAD91803"/>
</indexColumnUsage>
</ind_PK_UK>
</indexes>
</Table>