<?xml version = '1.0' encoding = 'UTF-8'?>
<Table class="oracle.dbtools.crest.model.design.relational.Table" id="ECFE62D8-541A-A98B-69F3-2ACA3456DBCE" directorySegmentName="seg_0" name="D_NYEC_PAMI_CURRENT">
<sourceConnName>MAXDTDEV</sourceConnName>
<sourceObjSchema>MAXDAT</sourceObjSchema>
<sourceObjName>D_NYEC_PAMI_CURRENT</sourceObjName>
<createdBy>ro38606</createdBy>
<createdTime>2013-05-07 16:46:51 UTC</createdTime>
<ownerDesignName>NYEC_BPM_Semantic_data_model_diagram</ownerDesignName>
<schemaObject>8395E672-89A2-8150-B09D-55D1ECC2042E</schemaObject>
<pkName>DNPAMICUR_PK</pkName>
<fonts itemClass="oracle.dbtools.crest.model.design.FontObjectWr">
<FontObject>
<foType>Title</foType>
<fontStyle>1</fontStyle>
<colorRGB>-16776961</colorRGB>
</FontObject>
<FontObject>
<foType>Column</foType>
<colorRGB>-16777216</colorRGB>
</FontObject>
<FontObject>
<foType>Datatype</foType>
<colorRGB>-16744448</colorRGB>
</FontObject>
<FontObject>
<foType>PK Element</foType>
<colorRGB>-16776961</colorRGB>
</FontObject>
<FontObject>
<foType>FK Element</foType>
<colorRGB>-16777216</colorRGB>
</FontObject>
<FontObject>
<foType>UK Element</foType>
<colorRGB>-16776961</colorRGB>
</FontObject>
<FontObject>
<foType>Not Null</foType>
<colorRGB>-65536</colorRGB>
</FontObject>
<FontObject>
<foType>Key</foType>
<colorRGB>-16777216</colorRGB>
</FontObject>
</fonts>
<columns itemClass="oracle.dbtools.crest.model.design.relational.Column">
<Column name="NYEC_PAMI_BI_ID" id="AA436A02-CBF0-0D0E-5E9D-0DC0462D56EA">
<sourceConnName>MAXDTDEV</sourceConnName>
<sourceObjSchema>D_NYEC_PAMI_CURRENT</sourceObjSchema>
<sourceObjName>NYEC_PAMI_BI_ID</sourceObjName>
<createdBy>ro38606</createdBy>
<createdTime>2013-05-07 16:47:12 UTC</createdTime>
<ownerDesignName>NYEC_BPM_Semantic_data_model_diagram</ownerDesignName>
<useDomainConstraints>false</useDomainConstraints>
<use>1</use>
<logicalDatatype>LOGDT019</logicalDatatype>
<dataTypeSize>22</dataTypeSize>
<autoIncrementCycle>false</autoIncrementCycle>
</Column>
<Column name="MI Item ID" id="D1977900-5DD4-083B-2867-A6BF445A68F6">
<sourceConnName>MAXDTDEV</sourceConnName>
<sourceObjSchema>D_NYEC_PAMI_CURRENT</sourceObjSchema>
<sourceObjName>MI Item ID</sourceObjName>
<createdBy>ro38606</createdBy>
<createdTime>2013-05-07 16:47:12 UTC</createdTime>
<ownerDesignName>NYEC_BPM_Semantic_data_model_diagram</ownerDesignName>
<nullsAllowed>true</nullsAllowed>
<useDomainConstraints>false</useDomainConstraints>
<use>1</use>
<logicalDatatype>LOGDT019</logicalDatatype>
<dataTypeSize>22</dataTypeSize>
<autoIncrementCycle>false</autoIncrementCycle>
</Column>
<Column name="Application ID" id="866C4BEE-5F15-3A85-11D6-97C087CEF0C6">
<sourceConnName>MAXDTDEV</sourceConnName>
<sourceObjSchema>D_NYEC_PAMI_CURRENT</sourceObjSchema>
<sourceObjName>Application ID</sourceObjName>
<createdBy>ro38606</createdBy>
<createdTime>2013-05-07 16:47:12 UTC</createdTime>
<ownerDesignName>NYEC_BPM_Semantic_data_model_diagram</ownerDesignName>
<nullsAllowed>true</nullsAllowed>
<useDomainConstraints>false</useDomainConstraints>
<use>1</use>
<logicalDatatype>LOGDT019</logicalDatatype>
<dataTypeSize>22</dataTypeSize>
<autoIncrementCycle>false</autoIncrementCycle>
</Column>
<Column name="MI Item Level" id="C68551EF-DAAF-52C6-2FDA-CFCC81EA9160">
<sourceConnName>MAXDTDEV</sourceConnName>
<sourceObjSchema>D_NYEC_PAMI_CURRENT</sourceObjSchema>
<sourceObjName>MI Item Level</sourceObjName>
<createdBy>ro38606</createdBy>
<createdTime>2013-05-07 16:47:12 UTC</createdTime>
<ownerDesignName>NYEC_BPM_Semantic_data_model_diagram</ownerDesignName>
<nullsAllowed>true</nullsAllowed>
<useDomainConstraints>false</useDomainConstraints>
<use>1</use>
<logicalDatatype>LOGDT024</logicalDatatype>
<dataTypeSize>20 BYTE</dataTypeSize>
<autoIncrementCycle>false</autoIncrementCycle>
</Column>
<Column name="MI Item Type" id="7CF13068-EC0B-DD56-1AEF-470B4FBAA8CE">
<sourceConnName>MAXDTDEV</sourceConnName>
<sourceObjSchema>D_NYEC_PAMI_CURRENT</sourceObjSchema>
<sourceObjName>MI Item Type</sourceObjName>
<createdBy>ro38606</createdBy>
<createdTime>2013-05-07 16:47:12 UTC</createdTime>
<ownerDesignName>NYEC_BPM_Semantic_data_model_diagram</ownerDesignName>
<nullsAllowed>true</nullsAllowed>
<useDomainConstraints>false</useDomainConstraints>
<use>1</use>
<logicalDatatype>LOGDT024</logicalDatatype>
<dataTypeSize>20 BYTE</dataTypeSize>
<autoIncrementCycle>false</autoIncrementCycle>
</Column>
<Column name="MI Item Create Date" id="435D959B-2AAC-1D8C-2FB4-07D59F3E619D">
<sourceConnName>MAXDTDEV</sourceConnName>
<sourceObjSchema>D_NYEC_PAMI_CURRENT</sourceObjSchema>
<sourceObjName>MI Item Create Date</sourceObjName>
<createdBy>ro38606</createdBy>
<createdTime>2013-05-07 16:47:12 UTC</createdTime>
<ownerDesignName>NYEC_BPM_Semantic_data_model_diagram</ownerDesignName>
<nullsAllowed>true</nullsAllowed>
<useDomainConstraints>false</useDomainConstraints>
<use>1</use>
<logicalDatatype>LOGDT007</logicalDatatype>
<dataTypeSize>7</dataTypeSize>
<autoIncrementCycle>false</autoIncrementCycle>
</Column>
<Column name="MI Item Requested By" id="A1759460-3CF2-4152-50EF-6B8F1C816AE3">
<sourceConnName>MAXDTDEV</sourceConnName>
<sourceObjSchema>D_NYEC_PAMI_CURRENT</sourceObjSchema>
<sourceObjName>MI Item Requested By</sourceObjName>
<createdBy>ro38606</createdBy>
<createdTime>2013-05-07 16:47:13 UTC</createdTime>
<ownerDesignName>NYEC_BPM_Semantic_data_model_diagram</ownerDesignName>
<nullsAllowed>true</nullsAllowed>
<useDomainConstraints>false</useDomainConstraints>
<use>1</use>
<logicalDatatype>LOGDT024</logicalDatatype>
<dataTypeSize>50 BYTE</dataTypeSize>
<autoIncrementCycle>false</autoIncrementCycle>
</Column>
<Column name="MI Letter Required Status" id="2FF949C8-A940-8DD6-70AA-F290AA627A5F">
<sourceConnName>MAXDTDEV</sourceConnName>
<sourceObjSchema>D_NYEC_PAMI_CURRENT</sourceObjSchema>
<sourceObjName>MI Letter Required Status</sourceObjName>
<createdBy>ro38606</createdBy>
<createdTime>2013-05-07 16:47:13 UTC</createdTime>
<ownerDesignName>NYEC_BPM_Semantic_data_model_diagram</ownerDesignName>
<nullsAllowed>true</nullsAllowed>
<useDomainConstraints>false</useDomainConstraints>
<use>1</use>
<logicalDatatype>LOGDT024</logicalDatatype>
<dataTypeSize>20 BYTE</dataTypeSize>
<autoIncrementCycle>false</autoIncrementCycle>
</Column>
<Column name="MI Letter ID" id="0B18329A-D39E-9970-F33A-8660305DB346">
<sourceConnName>MAXDTDEV</sourceConnName>
<sourceObjSchema>D_NYEC_PAMI_CURRENT</sourceObjSchema>
<sourceObjName>MI Letter ID</sourceObjName>
<createdBy>ro38606</createdBy>
<createdTime>2013-05-07 16:47:13 UTC</createdTime>
<ownerDesignName>NYEC_BPM_Semantic_data_model_diagram</ownerDesignName>
<nullsAllowed>true</nullsAllowed>
<useDomainConstraints>false</useDomainConstraints>
<use>1</use>
<logicalDatatype>LOGDT019</logicalDatatype>
<dataTypeSize>22</dataTypeSize>
<autoIncrementCycle>false</autoIncrementCycle>
</Column>
<Column name="Cur RFE Status" id="7CA3B60D-A9C0-D3C8-384C-5DE17E17269A">
<sourceConnName>MAXDTDEV</sourceConnName>
<sourceObjSchema>D_NYEC_PAMI_CURRENT</sourceObjSchema>
<sourceObjName>Cur RFE Status</sourceObjName>
<createdBy>ro38606</createdBy>
<createdTime>2013-05-07 16:47:13 UTC</createdTime>
<ownerDesignName>NYEC_BPM_Semantic_data_model_diagram</ownerDesignName>
<nullsAllowed>true</nullsAllowed>
<useDomainConstraints>false</useDomainConstraints>
<use>1</use>
<logicalDatatype>LOGDT024</logicalDatatype>
<dataTypeSize>35 BYTE</dataTypeSize>
<autoIncrementCycle>false</autoIncrementCycle>
</Column>
<Column name="RFE Status Date" id="2562F6E7-3646-7021-9943-8B3CC60222DE">
<sourceConnName>MAXDTDEV</sourceConnName>
<sourceObjSchema>D_NYEC_PAMI_CURRENT</sourceObjSchema>
<sourceObjName>RFE Status Date</sourceObjName>
<createdBy>ro38606</createdBy>
<createdTime>2013-05-07 16:47:13 UTC</createdTime>
<ownerDesignName>NYEC_BPM_Semantic_data_model_diagram</ownerDesignName>
<nullsAllowed>true</nullsAllowed>
<useDomainConstraints>false</useDomainConstraints>
<use>1</use>
<logicalDatatype>LOGDT007</logicalDatatype>
<dataTypeSize>7</dataTypeSize>
<autoIncrementCycle>false</autoIncrementCycle>
</Column>
<Column name="Cur MI Item Status" id="24B649AF-7F89-BDB8-81C0-31451785A0F1">
<sourceConnName>MAXDTDEV</sourceConnName>
<sourceObjSchema>D_NYEC_PAMI_CURRENT</sourceObjSchema>
<sourceObjName>Cur MI Item Status</sourceObjName>
<createdBy>ro38606</createdBy>
<createdTime>2013-05-07 16:47:13 UTC</createdTime>
<ownerDesignName>NYEC_BPM_Semantic_data_model_diagram</ownerDesignName>
<nullsAllowed>true</nullsAllowed>
<useDomainConstraints>false</useDomainConstraints>
<use>1</use>
<logicalDatatype>LOGDT024</logicalDatatype>
<dataTypeSize>35 BYTE</dataTypeSize>
<autoIncrementCycle>false</autoIncrementCycle>
</Column>
<Column name="MI Item Status Date" id="4F81E8F5-8572-0A83-BCBD-76CF003D4351">
<sourceConnName>MAXDTDEV</sourceConnName>
<sourceObjSchema>D_NYEC_PAMI_CURRENT</sourceObjSchema>
<sourceObjName>MI Item Status Date</sourceObjName>
<createdBy>ro38606</createdBy>
<createdTime>2013-05-07 16:47:13 UTC</createdTime>
<ownerDesignName>NYEC_BPM_Semantic_data_model_diagram</ownerDesignName>
<nullsAllowed>true</nullsAllowed>
<useDomainConstraints>false</useDomainConstraints>
<use>1</use>
<logicalDatatype>LOGDT007</logicalDatatype>
<dataTypeSize>7</dataTypeSize>
<autoIncrementCycle>false</autoIncrementCycle>
</Column>
<Column name="Cur MI Item Status Performer" id="B6B26DF6-A082-0E0B-F85E-DFB664E6C505">
<sourceConnName>MAXDTDEV</sourceConnName>
<sourceObjSchema>D_NYEC_PAMI_CURRENT</sourceObjSchema>
<sourceObjName>Cur MI Item Status Performer</sourceObjName>
<createdBy>ro38606</createdBy>
<createdTime>2013-05-07 16:47:13 UTC</createdTime>
<ownerDesignName>NYEC_BPM_Semantic_data_model_diagram</ownerDesignName>
<nullsAllowed>true</nullsAllowed>
<useDomainConstraints>false</useDomainConstraints>
<use>1</use>
<logicalDatatype>LOGDT024</logicalDatatype>
<dataTypeSize>50 BYTE</dataTypeSize>
<autoIncrementCycle>false</autoIncrementCycle>
</Column>
<Column name="MI Letter Cycle Start Date" id="CFB7BB24-B45A-D1F6-4051-C2AA9B125228">
<sourceConnName>MAXDTDEV</sourceConnName>
<sourceObjSchema>D_NYEC_PAMI_CURRENT</sourceObjSchema>
<sourceObjName>MI Letter Cycle Start Date</sourceObjName>
<createdBy>ro38606</createdBy>
<createdTime>2013-05-07 16:47:14 UTC</createdTime>
<ownerDesignName>NYEC_BPM_Semantic_data_model_diagram</ownerDesignName>
<nullsAllowed>true</nullsAllowed>
<useDomainConstraints>false</useDomainConstraints>
<use>1</use>
<logicalDatatype>LOGDT007</logicalDatatype>
<dataTypeSize>7</dataTypeSize>
<autoIncrementCycle>false</autoIncrementCycle>
</Column>
<Column name="MI Letter Cycle End Date" id="59893DFF-B12F-6940-87C0-EF8748AE1D5F">
<sourceConnName>MAXDTDEV</sourceConnName>
<sourceObjSchema>D_NYEC_PAMI_CURRENT</sourceObjSchema>
<sourceObjName>MI Letter Cycle End Date</sourceObjName>
<createdBy>ro38606</createdBy>
<createdTime>2013-05-07 16:47:14 UTC</createdTime>
<ownerDesignName>NYEC_BPM_Semantic_data_model_diagram</ownerDesignName>
<nullsAllowed>true</nullsAllowed>
<useDomainConstraints>false</useDomainConstraints>
<use>1</use>
<logicalDatatype>LOGDT007</logicalDatatype>
<dataTypeSize>7</dataTypeSize>
<autoIncrementCycle>false</autoIncrementCycle>
</Column>
<Column name="MI Item Create Task Type" id="CB4D8E53-4C71-09D8-6074-297D8E172E50">
<sourceConnName>MAXDTDEV</sourceConnName>
<sourceObjSchema>D_NYEC_PAMI_CURRENT</sourceObjSchema>
<sourceObjName>MI Item Create Task Type</sourceObjName>
<createdBy>ro38606</createdBy>
<createdTime>2013-05-07 16:47:14 UTC</createdTime>
<ownerDesignName>NYEC_BPM_Semantic_data_model_diagram</ownerDesignName>
<nullsAllowed>true</nullsAllowed>
<useDomainConstraints>false</useDomainConstraints>
<use>1</use>
<logicalDatatype>LOGDT024</logicalDatatype>
<dataTypeSize>35 BYTE</dataTypeSize>
<autoIncrementCycle>false</autoIncrementCycle>
</Column>
<Column name="Refer to District Checkbx" id="8BEB6CB2-7317-7CB4-DA3C-BCFE46267E4D">
<sourceConnName>MAXDTDEV</sourceConnName>
<sourceObjSchema>D_NYEC_PAMI_CURRENT</sourceObjSchema>
<sourceObjName>Refer to District Checkbx</sourceObjName>
<createdBy>ro38606</createdBy>
<createdTime>2013-05-07 16:47:14 UTC</createdTime>
<ownerDesignName>NYEC_BPM_Semantic_data_model_diagram</ownerDesignName>
<nullsAllowed>true</nullsAllowed>
<useDomainConstraints>false</useDomainConstraints>
<use>1</use>
<logicalDatatype>LOGDT024</logicalDatatype>
<dataTypeSize>1 BYTE</dataTypeSize>
<autoIncrementCycle>false</autoIncrementCycle>
</Column>
<Column name="Refer to District Checkbx Date" id="01BDC4C5-0D04-F5C0-BF67-525F149C8A09">
<sourceConnName>MAXDTDEV</sourceConnName>
<sourceObjSchema>D_NYEC_PAMI_CURRENT</sourceObjSchema>
<sourceObjName>Refer to District Checkbx Date</sourceObjName>
<createdBy>ro38606</createdBy>
<createdTime>2013-05-07 16:47:14 UTC</createdTime>
<ownerDesignName>NYEC_BPM_Semantic_data_model_diagram</ownerDesignName>
<nullsAllowed>true</nullsAllowed>
<useDomainConstraints>false</useDomainConstraints>
<use>1</use>
<logicalDatatype>LOGDT007</logicalDatatype>
<dataTypeSize>7</dataTypeSize>
<autoIncrementCycle>false</autoIncrementCycle>
</Column>
<Column name="Undeliverable Checkbox" id="A911AF5D-E882-76DC-AFEC-908D26B9469F">
<sourceConnName>MAXDTDEV</sourceConnName>
<sourceObjSchema>D_NYEC_PAMI_CURRENT</sourceObjSchema>
<sourceObjName>Undeliverable Checkbox</sourceObjName>
<createdBy>ro38606</createdBy>
<createdTime>2013-05-07 16:47:14 UTC</createdTime>
<ownerDesignName>NYEC_BPM_Semantic_data_model_diagram</ownerDesignName>
<nullsAllowed>true</nullsAllowed>
<useDomainConstraints>false</useDomainConstraints>
<use>1</use>
<logicalDatatype>LOGDT024</logicalDatatype>
<dataTypeSize>1 BYTE</dataTypeSize>
<autoIncrementCycle>false</autoIncrementCycle>
</Column>
<Column name="Undeliverable Checkbox Date" id="DE735D40-6E7B-C09B-0738-ECD81B9900B5">
<sourceConnName>MAXDTDEV</sourceConnName>
<sourceObjSchema>D_NYEC_PAMI_CURRENT</sourceObjSchema>
<sourceObjName>Undeliverable Checkbox Date</sourceObjName>
<createdBy>ro38606</createdBy>
<createdTime>2013-05-07 16:47:14 UTC</createdTime>
<ownerDesignName>NYEC_BPM_Semantic_data_model_diagram</ownerDesignName>
<nullsAllowed>true</nullsAllowed>
<useDomainConstraints>false</useDomainConstraints>
<use>1</use>
<logicalDatatype>LOGDT007</logicalDatatype>
<dataTypeSize>7</dataTypeSize>
<autoIncrementCycle>false</autoIncrementCycle>
</Column>
<Column name="MI Validated Date" id="526DC34E-536B-17B2-0E56-9D8F5C1BFFA8">
<sourceConnName>MAXDTDEV</sourceConnName>
<sourceObjSchema>D_NYEC_PAMI_CURRENT</sourceObjSchema>
<sourceObjName>MI Validated Date</sourceObjName>
<createdBy>ro38606</createdBy>
<createdTime>2013-05-07 16:47:14 UTC</createdTime>
<ownerDesignName>NYEC_BPM_Semantic_data_model_diagram</ownerDesignName>
<nullsAllowed>true</nullsAllowed>
<useDomainConstraints>false</useDomainConstraints>
<use>1</use>
<logicalDatatype>LOGDT007</logicalDatatype>
<dataTypeSize>7</dataTypeSize>
<autoIncrementCycle>false</autoIncrementCycle>
</Column>
<Column name="HEART MI Due Date" id="43CB61A9-A498-2C2D-6819-36D7048CAACE">
<sourceConnName>MAXDTDEV</sourceConnName>
<sourceObjSchema>D_NYEC_PAMI_CURRENT</sourceObjSchema>
<sourceObjName>HEART MI Due Date</sourceObjName>
<createdBy>ro38606</createdBy>
<createdTime>2013-05-07 16:47:15 UTC</createdTime>
<ownerDesignName>NYEC_BPM_Semantic_data_model_diagram</ownerDesignName>
<nullsAllowed>true</nullsAllowed>
<useDomainConstraints>false</useDomainConstraints>
<use>1</use>
<logicalDatatype>LOGDT007</logicalDatatype>
<dataTypeSize>7</dataTypeSize>
<autoIncrementCycle>false</autoIncrementCycle>
</Column>
<Column name="MAXe MI Due Date" id="2FBC5881-A69A-1C1B-4D32-E14F90C5BEF2">
<sourceConnName>MAXDTDEV</sourceConnName>
<sourceObjSchema>D_NYEC_PAMI_CURRENT</sourceObjSchema>
<sourceObjName>MAXe MI Due Date</sourceObjName>
<createdBy>ro38606</createdBy>
<createdTime>2013-05-07 16:47:15 UTC</createdTime>
<ownerDesignName>NYEC_BPM_Semantic_data_model_diagram</ownerDesignName>
<nullsAllowed>true</nullsAllowed>
<useDomainConstraints>false</useDomainConstraints>
<use>1</use>
<logicalDatatype>LOGDT007</logicalDatatype>
<dataTypeSize>7</dataTypeSize>
<autoIncrementCycle>false</autoIncrementCycle>
</Column>
<Column name="MI Type" id="0BAFADA8-33A3-8286-6E65-B3252C7D178E">
<sourceConnName>MAXDTDEV</sourceConnName>
<sourceObjSchema>D_NYEC_PAMI_CURRENT</sourceObjSchema>
<sourceObjName>MI Type</sourceObjName>
<createdBy>ro38606</createdBy>
<createdTime>2013-05-07 16:47:15 UTC</createdTime>
<ownerDesignName>NYEC_BPM_Semantic_data_model_diagram</ownerDesignName>
<nullsAllowed>true</nullsAllowed>
<useDomainConstraints>false</useDomainConstraints>
<use>1</use>
<logicalDatatype>LOGDT024</logicalDatatype>
<dataTypeSize>100 BYTE</dataTypeSize>
<autoIncrementCycle>false</autoIncrementCycle>
</Column>
<Column name="MI Letter Name" id="A2E028F8-774E-F71D-66F4-9F0833EE1F13">
<sourceConnName>MAXDTDEV</sourceConnName>
<sourceObjSchema>D_NYEC_PAMI_CURRENT</sourceObjSchema>
<sourceObjName>MI Letter Name</sourceObjName>
<createdBy>ro38606</createdBy>
<createdTime>2013-05-07 16:47:15 UTC</createdTime>
<ownerDesignName>NYEC_BPM_Semantic_data_model_diagram</ownerDesignName>
<nullsAllowed>true</nullsAllowed>
<useDomainConstraints>false</useDomainConstraints>
<use>1</use>
<logicalDatatype>LOGDT024</logicalDatatype>
<dataTypeSize>56 BYTE</dataTypeSize>
<autoIncrementCycle>false</autoIncrementCycle>
</Column>
<Column name="MI Satisfied Reason" id="649DDF95-0E84-4AC2-FFBB-5BE1674D75C9">
<sourceConnName>MAXDTDEV</sourceConnName>
<sourceObjSchema>D_NYEC_PAMI_CURRENT</sourceObjSchema>
<sourceObjName>MI Satisfied Reason</sourceObjName>
<createdBy>ro38606</createdBy>
<createdTime>2013-05-07 16:47:15 UTC</createdTime>
<ownerDesignName>NYEC_BPM_Semantic_data_model_diagram</ownerDesignName>
<nullsAllowed>true</nullsAllowed>
<useDomainConstraints>false</useDomainConstraints>
<use>1</use>
<logicalDatatype>LOGDT024</logicalDatatype>
<dataTypeSize>60 BYTE</dataTypeSize>
<autoIncrementCycle>false</autoIncrementCycle>
</Column>
</columns>
<indexes itemClass="oracle.dbtools.crest.model.design.relational.Index">
<ind_PK_UK id="D7B6981C-5F65-CD57-C9C2-A0760D31DD66" name="DNPAMICUR_PK">
<sourceConnName>MAXDTDEV</sourceConnName>
<sourceObjSchema>MAXDAT</sourceObjSchema>
<sourceObjName>DNPAMICUR_PK</sourceObjName>
<createdBy>ro38606</createdBy>
<createdTime>2013-05-07 16:48:36 UTC</createdTime>
<ownerDesignName>NYEC_BPM_Semantic_data_model_diagram</ownerDesignName>
<schemaObject>8395E672-89A2-8150-B09D-55D1ECC2042E</schemaObject>
<pk>true</pk>
<indexState>Primary Constraint</indexState>
<indexColumnUsage>
<colUsage columnID="AA436A02-CBF0-0D0E-5E9D-0DC0462D56EA"/>
</indexColumnUsage>
</ind_PK_UK>
<ind_PK_UK id="F95FB496-298E-C1CD-90FC-D7B7B5C4FE22" name="DNPAMICUR_IX1">
<sourceConnName>MAXDTDEV</sourceConnName>
<sourceObjSchema>MAXDAT</sourceObjSchema>
<sourceObjName>DNPAMICUR_IX1</sourceObjName>
<createdBy>ro38606</createdBy>
<createdTime>2013-05-07 16:48:37 UTC</createdTime>
<ownerDesignName>NYEC_BPM_Semantic_data_model_diagram</ownerDesignName>
<schemaObject>8395E672-89A2-8150-B09D-55D1ECC2042E</schemaObject>
<indexColumnUsage>
<colUsage columnID="866C4BEE-5F15-3A85-11D6-97C087CEF0C6"/>
</indexColumnUsage>
</ind_PK_UK>
</indexes>
</Table>