<?xml version = '1.0' encoding = 'UTF-8'?>
<Table class="oracle.dbtools.crest.model.design.relational.Table" id="FD341488-F9A5-2956-2060-95448F4D9D07" directorySegmentName="seg_0" name="D_MW_TASK_TYPE">
<sourceConnName>MAXDTDEV</sourceConnName>
<sourceObjSchema>MAXDAT</sourceObjSchema>
<sourceObjName>D_MW_TASK_TYPE</sourceObjName>
<createdBy>ro38606</createdBy>
<createdTime>2013-05-07 16:46:50 UTC</createdTime>
<ownerDesignName>NYEC_BPM_Semantic_data_model_diagram</ownerDesignName>
<schemaObject>8395E672-89A2-8150-B09D-55D1ECC2042E</schemaObject>
<pkName>DMWH_PK</pkName>
<fonts itemClass="oracle.dbtools.crest.model.design.FontObjectWr">
<FontObject>
<foType>Title</foType>
<fontStyle>1</fontStyle>
<colorRGB>-16776961</colorRGB>
</FontObject>
<FontObject>
<foType>Column</foType>
<colorRGB>-16777216</colorRGB>
</FontObject>
<FontObject>
<foType>Datatype</foType>
<colorRGB>-16744448</colorRGB>
</FontObject>
<FontObject>
<foType>PK Element</foType>
<colorRGB>-16776961</colorRGB>
</FontObject>
<FontObject>
<foType>FK Element</foType>
<colorRGB>-16777216</colorRGB>
</FontObject>
<FontObject>
<foType>UK Element</foType>
<colorRGB>-16776961</colorRGB>
</FontObject>
<FontObject>
<foType>Not Null</foType>
<colorRGB>-65536</colorRGB>
</FontObject>
<FontObject>
<foType>Key</foType>
<colorRGB>-16777216</colorRGB>
</FontObject>
</fonts>
<columns itemClass="oracle.dbtools.crest.model.design.relational.Column">
<Column name="DMWTT_ID" id="283F926E-B0DF-C737-3A84-E72758A1D156">
<sourceConnName>MAXDTDEV</sourceConnName>
<sourceObjSchema>D_MW_TASK_TYPE</sourceObjSchema>
<sourceObjName>DMWTT_ID</sourceObjName>
<createdBy>ro38606</createdBy>
<createdTime>2013-05-07 16:47:06 UTC</createdTime>
<ownerDesignName>NYEC_BPM_Semantic_data_model_diagram</ownerDesignName>
<useDomainConstraints>false</useDomainConstraints>
<use>1</use>
<logicalDatatype>LOGDT019</logicalDatatype>
<dataTypeSize>22</dataTypeSize>
<autoIncrementCycle>false</autoIncrementCycle>
</Column>
<Column name="Group Name" id="A0D23ECF-323D-D554-F96A-1D8B3C427D60">
<sourceConnName>MAXDTDEV</sourceConnName>
<sourceObjSchema>D_MW_TASK_TYPE</sourceObjSchema>
<sourceObjName>Group Name</sourceObjName>
<createdBy>ro38606</createdBy>
<createdTime>2013-05-07 16:47:06 UTC</createdTime>
<ownerDesignName>NYEC_BPM_Semantic_data_model_diagram</ownerDesignName>
<nullsAllowed>true</nullsAllowed>
<useDomainConstraints>false</useDomainConstraints>
<use>1</use>
<logicalDatatype>LOGDT024</logicalDatatype>
<dataTypeSize>100 BYTE</dataTypeSize>
<autoIncrementCycle>false</autoIncrementCycle>
</Column>
<Column name="Group Parent Name" id="543EC940-078F-B68E-F4DD-5D3E4F5D3667">
<sourceConnName>MAXDTDEV</sourceConnName>
<sourceObjSchema>D_MW_TASK_TYPE</sourceObjSchema>
<sourceObjName>Group Parent Name</sourceObjName>
<createdBy>ro38606</createdBy>
<createdTime>2013-05-07 16:47:06 UTC</createdTime>
<ownerDesignName>NYEC_BPM_Semantic_data_model_diagram</ownerDesignName>
<nullsAllowed>true</nullsAllowed>
<useDomainConstraints>false</useDomainConstraints>
<use>1</use>
<logicalDatatype>LOGDT024</logicalDatatype>
<dataTypeSize>100 BYTE</dataTypeSize>
<autoIncrementCycle>false</autoIncrementCycle>
</Column>
<Column name="Group Supervisor Name" id="AF7FC2BB-AA42-A502-C2D4-640136684F31">
<sourceConnName>MAXDTDEV</sourceConnName>
<sourceObjSchema>D_MW_TASK_TYPE</sourceObjSchema>
<sourceObjName>Group Supervisor Name</sourceObjName>
<createdBy>ro38606</createdBy>
<createdTime>2013-05-07 16:47:06 UTC</createdTime>
<ownerDesignName>NYEC_BPM_Semantic_data_model_diagram</ownerDesignName>
<nullsAllowed>true</nullsAllowed>
<useDomainConstraints>false</useDomainConstraints>
<use>1</use>
<logicalDatatype>LOGDT024</logicalDatatype>
<dataTypeSize>100 BYTE</dataTypeSize>
<autoIncrementCycle>false</autoIncrementCycle>
</Column>
<Column name="Task Type" id="E2B07A00-487A-FF56-20BE-E2E38B23EBA7">
<sourceConnName>MAXDTDEV</sourceConnName>
<sourceObjSchema>D_MW_TASK_TYPE</sourceObjSchema>
<sourceObjName>Task Type</sourceObjName>
<createdBy>ro38606</createdBy>
<createdTime>2013-05-07 16:47:06 UTC</createdTime>
<ownerDesignName>NYEC_BPM_Semantic_data_model_diagram</ownerDesignName>
<useDomainConstraints>false</useDomainConstraints>
<use>1</use>
<logicalDatatype>LOGDT024</logicalDatatype>
<dataTypeSize>100 BYTE</dataTypeSize>
<autoIncrementCycle>false</autoIncrementCycle>
</Column>
<Column name="Team Name" id="B6A284CB-BAE3-A664-F0C9-5756BB4736A2">
<sourceConnName>MAXDTDEV</sourceConnName>
<sourceObjSchema>D_MW_TASK_TYPE</sourceObjSchema>
<sourceObjName>Team Name</sourceObjName>
<createdBy>ro38606</createdBy>
<createdTime>2013-05-07 16:47:06 UTC</createdTime>
<ownerDesignName>NYEC_BPM_Semantic_data_model_diagram</ownerDesignName>
<nullsAllowed>true</nullsAllowed>
<useDomainConstraints>false</useDomainConstraints>
<use>1</use>
<logicalDatatype>LOGDT024</logicalDatatype>
<dataTypeSize>100 BYTE</dataTypeSize>
<autoIncrementCycle>false</autoIncrementCycle>
</Column>
<Column name="Team Parent Name" id="5729BECD-55AD-4539-6457-151D476481B5">
<sourceConnName>MAXDTDEV</sourceConnName>
<sourceObjSchema>D_MW_TASK_TYPE</sourceObjSchema>
<sourceObjName>Team Parent Name</sourceObjName>
<createdBy>ro38606</createdBy>
<createdTime>2013-05-07 16:47:07 UTC</createdTime>
<ownerDesignName>NYEC_BPM_Semantic_data_model_diagram</ownerDesignName>
<nullsAllowed>true</nullsAllowed>
<useDomainConstraints>false</useDomainConstraints>
<use>1</use>
<logicalDatatype>LOGDT024</logicalDatatype>
<dataTypeSize>100 BYTE</dataTypeSize>
<autoIncrementCycle>false</autoIncrementCycle>
</Column>
<Column name="Team Supervisor Name" id="F8A4929D-936B-BBA5-EE4D-A5576413D480">
<sourceConnName>MAXDTDEV</sourceConnName>
<sourceObjSchema>D_MW_TASK_TYPE</sourceObjSchema>
<sourceObjName>Team Supervisor Name</sourceObjName>
<createdBy>ro38606</createdBy>
<createdTime>2013-05-07 16:47:07 UTC</createdTime>
<ownerDesignName>NYEC_BPM_Semantic_data_model_diagram</ownerDesignName>
<nullsAllowed>true</nullsAllowed>
<useDomainConstraints>false</useDomainConstraints>
<use>1</use>
<logicalDatatype>LOGDT024</logicalDatatype>
<dataTypeSize>100 BYTE</dataTypeSize>
<autoIncrementCycle>false</autoIncrementCycle>
</Column>
</columns>
<indexes itemClass="oracle.dbtools.crest.model.design.relational.Index">
<ind_PK_UK id="22E7A176-40DC-D7FD-64B5-B7F7256D6048" name="DMWH_PK">
<sourceConnName>MAXDTDEV</sourceConnName>
<sourceObjSchema>MAXDAT</sourceObjSchema>
<sourceObjName>DMWH_PK</sourceObjName>
<createdBy>ro38606</createdBy>
<createdTime>2013-05-07 16:48:35 UTC</createdTime>
<ownerDesignName>NYEC_BPM_Semantic_data_model_diagram</ownerDesignName>
<schemaObject>8395E672-89A2-8150-B09D-55D1ECC2042E</schemaObject>
<pk>true</pk>
<indexState>Primary Constraint</indexState>
<indexColumnUsage>
<colUsage columnID="283F926E-B0DF-C737-3A84-E72758A1D156"/>
</indexColumnUsage>
</ind_PK_UK>
<ind_PK_UK id="064BF288-6AF6-BAF0-C331-114B02B24801" name="DMWTT_UIX1">
<sourceConnName>MAXDTDEV</sourceConnName>
<sourceObjSchema>MAXDAT</sourceObjSchema>
<sourceObjName>DMWTT_UIX1</sourceObjName>
<createdBy>ro38606</createdBy>
<createdTime>2013-05-07 16:48:36 UTC</createdTime>
<ownerDesignName>NYEC_BPM_Semantic_data_model_diagram</ownerDesignName>
<schemaObject>8395E672-89A2-8150-B09D-55D1ECC2042E</schemaObject>
<indexState>Unique Plain Index</indexState>
<indexColumnUsage>
<colUsage columnID="A0D23ECF-323D-D554-F96A-1D8B3C427D60"/>
<colUsage columnID="543EC940-078F-B68E-F4DD-5D3E4F5D3667"/>
<colUsage columnID="AF7FC2BB-AA42-A502-C2D4-640136684F31"/>
<colUsage columnID="E2B07A00-487A-FF56-20BE-E2E38B23EBA7"/>
<colUsage columnID="B6A284CB-BAE3-A664-F0C9-5756BB4736A2"/>
<colUsage columnID="5729BECD-55AD-4539-6457-151D476481B5"/>
<colUsage columnID="F8A4929D-936B-BBA5-EE4D-A5576413D480"/>
</indexColumnUsage>
</ind_PK_UK>
</indexes>
</Table>