<?xml version = '1.0' encoding = 'UTF-8'?>
<Table class="oracle.dbtools.crest.model.design.relational.Table" id="FD46D88B-38B0-C361-170B-9C0B29A6F067" directorySegmentName="seg_0" name="D_NYEC_PA_REACTIVATE_REASON">
<sourceConnName>MAXDTDEV</sourceConnName>
<sourceObjSchema>MAXDAT</sourceObjSchema>
<sourceObjName>D_NYEC_PA_REACTIVATE_REASON</sourceObjName>
<createdBy>ro38606</createdBy>
<createdTime>2013-05-07 16:46:54 UTC</createdTime>
<ownerDesignName>NYEC_BPM_Semantic_data_model_diagram</ownerDesignName>
<schemaObject>8395E672-89A2-8150-B09D-55D1ECC2042E</schemaObject>
<pkName>DNPARR_PK</pkName>
<fonts itemClass="oracle.dbtools.crest.model.design.FontObjectWr">
<FontObject>
<foType>Title</foType>
<fontStyle>1</fontStyle>
<colorRGB>-16776961</colorRGB>
</FontObject>
<FontObject>
<foType>Column</foType>
<colorRGB>-16777216</colorRGB>
</FontObject>
<FontObject>
<foType>Datatype</foType>
<colorRGB>-16744448</colorRGB>
</FontObject>
<FontObject>
<foType>PK Element</foType>
<colorRGB>-16776961</colorRGB>
</FontObject>
<FontObject>
<foType>FK Element</foType>
<colorRGB>-16777216</colorRGB>
</FontObject>
<FontObject>
<foType>UK Element</foType>
<colorRGB>-16776961</colorRGB>
</FontObject>
<FontObject>
<foType>Not Null</foType>
<colorRGB>-65536</colorRGB>
</FontObject>
<FontObject>
<foType>Key</foType>
<colorRGB>-16777216</colorRGB>
</FontObject>
</fonts>
<columns itemClass="oracle.dbtools.crest.model.design.relational.Column">
<Column name="DNPARR_ID" id="D44F3B22-C638-B3FF-783C-D8070996F8AC">
<sourceConnName>MAXDTDEV</sourceConnName>
<sourceObjSchema>D_NYEC_PA_REACTIVATE_REASON</sourceObjSchema>
<sourceObjName>DNPARR_ID</sourceObjName>
<createdBy>ro38606</createdBy>
<createdTime>2013-05-07 16:47:48 UTC</createdTime>
<ownerDesignName>NYEC_BPM_Semantic_data_model_diagram</ownerDesignName>
<useDomainConstraints>false</useDomainConstraints>
<use>1</use>
<logicalDatatype>LOGDT019</logicalDatatype>
<dataTypeSize>22</dataTypeSize>
<autoIncrementCycle>false</autoIncrementCycle>
</Column>
<Column name="Reactivation Reason" id="93F86479-D22E-FCCB-9D53-EAB529F20FE8">
<sourceConnName>MAXDTDEV</sourceConnName>
<sourceObjSchema>D_NYEC_PA_REACTIVATE_REASON</sourceObjSchema>
<sourceObjName>Reactivation Reason</sourceObjName>
<createdBy>ro38606</createdBy>
<createdTime>2013-05-07 16:47:48 UTC</createdTime>
<ownerDesignName>NYEC_BPM_Semantic_data_model_diagram</ownerDesignName>
<nullsAllowed>true</nullsAllowed>
<useDomainConstraints>false</useDomainConstraints>
<use>1</use>
<logicalDatatype>LOGDT024</logicalDatatype>
<dataTypeSize>32 BYTE</dataTypeSize>
<autoIncrementCycle>false</autoIncrementCycle>
</Column>
</columns>
<indexes itemClass="oracle.dbtools.crest.model.design.relational.Index">
<ind_PK_UK id="BC5C700A-BFAC-6F57-A336-FEF2A65C87DE" name="DNPARR_PK">
<sourceConnName>MAXDTDEV</sourceConnName>
<sourceObjSchema>MAXDAT</sourceObjSchema>
<sourceObjName>DNPARR_PK</sourceObjName>
<createdBy>ro38606</createdBy>
<createdTime>2013-05-07 16:48:44 UTC</createdTime>
<ownerDesignName>NYEC_BPM_Semantic_data_model_diagram</ownerDesignName>
<schemaObject>8395E672-89A2-8150-B09D-55D1ECC2042E</schemaObject>
<pk>true</pk>
<indexState>Primary Constraint</indexState>
<indexColumnUsage>
<colUsage columnID="D44F3B22-C638-B3FF-783C-D8070996F8AC"/>
</indexColumnUsage>
</ind_PK_UK>
<ind_PK_UK id="EFCAE4F7-89AD-4D3E-CEFF-CFDBDF44F06F" name="DNPARR_UIX1">
<sourceConnName>MAXDTDEV</sourceConnName>
<sourceObjSchema>MAXDAT</sourceObjSchema>
<sourceObjName>DNPARR_UIX1</sourceObjName>
<createdBy>ro38606</createdBy>
<createdTime>2013-05-07 16:48:44 UTC</createdTime>
<ownerDesignName>NYEC_BPM_Semantic_data_model_diagram</ownerDesignName>
<schemaObject>8395E672-89A2-8150-B09D-55D1ECC2042E</schemaObject>
<indexState>Unique Plain Index</indexState>
<indexColumnUsage>
<colUsage columnID="93F86479-D22E-FCCB-9D53-EAB529F20FE8"/>
</indexColumnUsage>
</ind_PK_UK>
</indexes>
</Table>