<?xml version = '1.0' encoding = 'UTF-8'?>
<Table class="oracle.dbtools.crest.model.design.relational.Table" id="F196E535-7F0D-EDB7-317C-3F752A293CE8" directorySegmentName="seg_1" name="F_NYEC_PA_BY_DATE">
<createdBy>ro38606</createdBy>
<createdTime>2013-05-10 06:45:19 UTC</createdTime>
<ownerDesignName>NYEC_BPM_Semantic_data_model_diagram</ownerDesignName>
<schemaObject>8395E672-89A2-8150-B09D-55D1ECC2042E</schemaObject>
<pkName>FNPABD_PK</pkName>
<fonts>
<FontObject class="oracle.dbtools.crest.model.design.FontObjectWr">
<foType>Title</foType>
<fontStyle>1</fontStyle>
<colorRGB>-16776961</colorRGB>
</FontObject>
<FontObject class="oracle.dbtools.crest.model.design.FontObjectWr">
<foType>Column</foType>
<colorRGB>-16777216</colorRGB>
</FontObject>
<FontObject class="oracle.dbtools.crest.model.design.FontObjectWr">
<foType>Datatype</foType>
<colorRGB>-16744448</colorRGB>
</FontObject>
<FontObject class="oracle.dbtools.crest.model.design.FontObjectWr">
<foType>PK Element</foType>
<colorRGB>-16776961</colorRGB>
</FontObject>
<FontObject class="oracle.dbtools.crest.model.design.FontObjectWr">
<foType>FK Element</foType>
<colorRGB>-16777216</colorRGB>
</FontObject>
<FontObject class="oracle.dbtools.crest.model.design.FontObjectWr">
<foType>UK Element</foType>
<colorRGB>-16776961</colorRGB>
</FontObject>
<FontObject class="oracle.dbtools.crest.model.design.FontObjectWr">
<foType>Not Null</foType>
<colorRGB>-65536</colorRGB>
</FontObject>
<FontObject class="oracle.dbtools.crest.model.design.FontObjectWr">
<foType>Key</foType>
<colorRGB>-16777216</colorRGB>
</FontObject>
</fonts>
<columns>
<Column class="oracle.dbtools.crest.model.design.relational.Column" name="FNPABD_ID" id="3263CF9B-6B69-E60C-70C1-EA2E3AE8CDB4">
<createdBy>ro38606</createdBy>
<createdTime>2013-05-10 06:45:20 UTC</createdTime>
<ownerDesignName>NYEC_BPM_Semantic_data_model_diagram</ownerDesignName>
<useDomainConstraints>false</useDomainConstraints>
<use>1</use>
<logicalDatatype>LOGDT019</logicalDatatype>
<autoIncrementCycle>false</autoIncrementCycle>
</Column>
<Column class="oracle.dbtools.crest.model.design.relational.Column" name="D_DATE" id="AF499CB0-A9D7-35EA-329A-EBA0ADA04522">
<createdBy>ro38606</createdBy>
<createdTime>2013-05-10 06:45:21 UTC</createdTime>
<ownerDesignName>NYEC_BPM_Semantic_data_model_diagram</ownerDesignName>
<useDomainConstraints>false</useDomainConstraints>
<use>1</use>
<logicalDatatype>LOGDT007</logicalDatatype>
<dataTypeSize>7</dataTypeSize>
<autoIncrementCycle>false</autoIncrementCycle>
</Column>
<Column class="oracle.dbtools.crest.model.design.relational.Column" name="BUCKET_START_DATE" id="C0410942-802F-3330-2DD0-697DCA976AA4">
<createdBy>ro38606</createdBy>
<createdTime>2013-05-10 06:45:21 UTC</createdTime>
<ownerDesignName>NYEC_BPM_Semantic_data_model_diagram</ownerDesignName>
<useDomainConstraints>false</useDomainConstraints>
<use>1</use>
<logicalDatatype>LOGDT007</logicalDatatype>
<dataTypeSize>7</dataTypeSize>
<autoIncrementCycle>false</autoIncrementCycle>
</Column>
<Column class="oracle.dbtools.crest.model.design.relational.Column" name="BUCKET_END_DATE" id="43EACB50-A9AE-42CB-5A36-EED3F787E6A0">
<createdBy>ro38606</createdBy>
<createdTime>2013-05-10 06:45:21 UTC</createdTime>
<ownerDesignName>NYEC_BPM_Semantic_data_model_diagram</ownerDesignName>
<useDomainConstraints>false</useDomainConstraints>
<use>1</use>
<logicalDatatype>LOGDT007</logicalDatatype>
<dataTypeSize>7</dataTypeSize>
<autoIncrementCycle>false</autoIncrementCycle>
</Column>
<Column class="oracle.dbtools.crest.model.design.relational.Column" name="NYEC_PA_BI_ID" id="93EB5CEF-B2BC-63C6-AFCE-6B9988BA2A9D">
<createdBy>ro38606</createdBy>
<createdTime>2013-05-10 06:45:21 UTC</createdTime>
<ownerDesignName>NYEC_BPM_Semantic_data_model_diagram</ownerDesignName>
<useDomainConstraints>false</useDomainConstraints>
<use>1</use>
<logicalDatatype>LOGDT019</logicalDatatype>
<delegate>22704905-8A24-27C1-D894-D6B56BC7EE14</delegate>
<autoIncrementCycle>false</autoIncrementCycle>
<associations>
<colAssociation fkAssociation="841AC03A-93D0-54E5-75CA-275E607B2A07" referredColumn="22704905-8A24-27C1-D894-D6B56BC7EE14"/>
</associations>
</Column>
<Column class="oracle.dbtools.crest.model.design.relational.Column" name="DNPAAS_ID" id="AA74444D-7DD7-94CF-B032-0EA29F2BCB63">
<sourceConnName>MAXDTDEV</sourceConnName>
<sourceObjSchema>D_NYEC_PA_APP_STATUS</sourceObjSchema>
<sourceObjName>DNPAAS_ID</sourceObjName>
<createdBy>ro38606</createdBy>
<createdTime>2013-05-10 06:45:21 UTC</createdTime>
<ownerDesignName>NYEC_BPM_Semantic_data_model_diagram</ownerDesignName>
<useDomainConstraints>false</useDomainConstraints>
<use>1</use>
<logicalDatatype>LOGDT019</logicalDatatype>
<dataTypeSize>22</dataTypeSize>
<delegate>4842D842-A3A7-8BE4-02C3-32DB0ABA0135</delegate>
<autoIncrementCycle>false</autoIncrementCycle>
<associations>
<colAssociation fkAssociation="27A51BC0-6C7E-DEDB-0A94-848602EAA837" referredColumn="4842D842-A3A7-8BE4-02C3-32DB0ABA0135"/>
</associations>
</Column>
<Column class="oracle.dbtools.crest.model.design.relational.Column" name="DNPACOU_ID" id="E0D09AE2-BBC8-B63B-EF6A-D78EC2AD8DE9">
<sourceConnName>MAXDTDEV</sourceConnName>
<sourceObjSchema>D_NYEC_PA_COUNTY</sourceObjSchema>
<sourceObjName>DNPACOU_ID</sourceObjName>
<createdBy>ro38606</createdBy>
<createdTime>2013-05-10 06:45:21 UTC</createdTime>
<ownerDesignName>NYEC_BPM_Semantic_data_model_diagram</ownerDesignName>
<useDomainConstraints>false</useDomainConstraints>
<use>1</use>
<logicalDatatype>LOGDT019</logicalDatatype>
<dataTypeSize>22</dataTypeSize>
<delegate>43BA0B8A-BCD4-85BB-ACE9-791087E9D899</delegate>
<autoIncrementCycle>false</autoIncrementCycle>
<associations>
<colAssociation fkAssociation="781889C9-065B-96A9-8AD4-E73940F99AFC" referredColumn="43BA0B8A-BCD4-85BB-ACE9-791087E9D899"/>
</associations>
</Column>
<Column class="oracle.dbtools.crest.model.design.relational.Column" name="DNPAHS_ID" id="F65D1CB4-0BBA-CC9C-EB27-6068A8F7DF01">
<sourceConnName>MAXDTDEV</sourceConnName>
<sourceObjSchema>D_NYEC_PA_HEART_SYNCH</sourceObjSchema>
<sourceObjName>DNPAHS_ID</sourceObjName>
<createdBy>ro38606</createdBy>
<createdTime>2013-05-10 06:45:21 UTC</createdTime>
<ownerDesignName>NYEC_BPM_Semantic_data_model_diagram</ownerDesignName>
<useDomainConstraints>false</useDomainConstraints>
<use>1</use>
<logicalDatatype>LOGDT019</logicalDatatype>
<dataTypeSize>22</dataTypeSize>
<delegate>24235D7E-6F03-FAB9-3F79-704A16544A2F</delegate>
<autoIncrementCycle>false</autoIncrementCycle>
<associations>
<colAssociation fkAssociation="C8869D9E-4A76-FDCD-F8D6-7FEC746EF77A" referredColumn="24235D7E-6F03-FAB9-3F79-704A16544A2F"/>
</associations>
</Column>
<Column class="oracle.dbtools.crest.model.design.relational.Column" name="Receipt Date" id="FEED5C41-1918-411F-CFE6-C72047A6DE3F">
<createdBy>ro38606</createdBy>
<createdTime>2013-05-10 06:45:21 UTC</createdTime>
<ownerDesignName>NYEC_BPM_Semantic_data_model_diagram</ownerDesignName>
<nullsAllowed>true</nullsAllowed>
<useDomainConstraints>false</useDomainConstraints>
<use>1</use>
<logicalDatatype>LOGDT007</logicalDatatype>
<dataTypeSize>7</dataTypeSize>
<autoIncrementCycle>false</autoIncrementCycle>
</Column>
<Column class="oracle.dbtools.crest.model.design.relational.Column" name="INVENTORY_COUNT" id="6ED196D5-54F1-6B4F-9AC8-2D4A84FCDA0B">
<createdBy>ro38606</createdBy>
<createdTime>2013-05-10 06:45:22 UTC</createdTime>
<ownerDesignName>NYEC_BPM_Semantic_data_model_diagram</ownerDesignName>
<nullsAllowed>true</nullsAllowed>
<useDomainConstraints>false</useDomainConstraints>
<use>1</use>
<logicalDatatype>LOGDT019</logicalDatatype>
<dataTypeSize>22</dataTypeSize>
<autoIncrementCycle>false</autoIncrementCycle>
</Column>
<Column class="oracle.dbtools.crest.model.design.relational.Column" name="CREATION_COUNT" id="C5833F56-9623-260E-F7AD-8EA796F9782A">
<createdBy>ro38606</createdBy>
<createdTime>2013-05-10 06:45:22 UTC</createdTime>
<ownerDesignName>NYEC_BPM_Semantic_data_model_diagram</ownerDesignName>
<nullsAllowed>true</nullsAllowed>
<useDomainConstraints>false</useDomainConstraints>
<use>1</use>
<logicalDatatype>LOGDT019</logicalDatatype>
<dataTypeSize>22</dataTypeSize>
<autoIncrementCycle>false</autoIncrementCycle>
</Column>
<Column class="oracle.dbtools.crest.model.design.relational.Column" name="COMPLETION_COUNT" id="BB799D57-2654-0CA6-3AEF-87E824A73270">
<createdBy>ro38606</createdBy>
<createdTime>2013-05-10 06:45:22 UTC</createdTime>
<ownerDesignName>NYEC_BPM_Semantic_data_model_diagram</ownerDesignName>
<nullsAllowed>true</nullsAllowed>
<useDomainConstraints>false</useDomainConstraints>
<use>1</use>
<logicalDatatype>LOGDT019</logicalDatatype>
<dataTypeSize>22</dataTypeSize>
<autoIncrementCycle>false</autoIncrementCycle>
</Column>
<Column class="oracle.dbtools.crest.model.design.relational.Column" name="Invoiceable Date" id="CD1C2B45-F44F-CB2C-9FB0-A786D53755F9">
<createdBy>ro38606</createdBy>
<createdTime>2013-05-10 06:45:22 UTC</createdTime>
<ownerDesignName>NYEC_BPM_Semantic_data_model_diagram</ownerDesignName>
<nullsAllowed>true</nullsAllowed>
<useDomainConstraints>false</useDomainConstraints>
<use>1</use>
<logicalDatatype>LOGDT007</logicalDatatype>
<dataTypeSize>7</dataTypeSize>
<autoIncrementCycle>false</autoIncrementCycle>
</Column>
<Column class="oracle.dbtools.crest.model.design.relational.Column" name="DNPACIN_ID" id="12E224C2-04F9-EA49-0793-70FB7273B6AC">
<sourceConnName>MAXDTDEV</sourceConnName>
<sourceObjSchema>D_NYEC_PA_CIN</sourceObjSchema>
<sourceObjName>DNPACIN_ID</sourceObjName>
<createdBy>ro38606</createdBy>
<createdTime>2013-05-10 06:45:22 UTC</createdTime>
<ownerDesignName>NYEC_BPM_Semantic_data_model_diagram</ownerDesignName>
<useDomainConstraints>false</useDomainConstraints>
<use>1</use>
<logicalDatatype>LOGDT019</logicalDatatype>
<dataTypeSize>22</dataTypeSize>
<delegate>025CA6B4-2EC9-63FB-8389-7BEE62B362C4</delegate>
<autoIncrementCycle>false</autoIncrementCycle>
<associations>
<colAssociation fkAssociation="F7BA90F7-4B22-A8EF-0C54-B617FA729268" referredColumn="025CA6B4-2EC9-63FB-8389-7BEE62B362C4"/>
</associations>
</Column>
<Column class="oracle.dbtools.crest.model.design.relational.Column" name="DNPAFPBPST_ID" id="BA15CC3C-80A5-E8AD-3F1D-CC7DD701799B">
<sourceConnName>MAXDTDEV</sourceConnName>
<sourceObjSchema>D_NYEC_PA_FPBP_SUBTYPE</sourceObjSchema>
<sourceObjName>DNPAFPBPST_ID</sourceObjName>
<createdBy>ro38606</createdBy>
<createdTime>2013-05-10 06:45:22 UTC</createdTime>
<ownerDesignName>NYEC_BPM_Semantic_data_model_diagram</ownerDesignName>
<useDomainConstraints>false</useDomainConstraints>
<use>1</use>
<logicalDatatype>LOGDT019</logicalDatatype>
<dataTypeSize>22</dataTypeSize>
<delegate>58A81E80-E20A-985B-2EC2-847CE95D1D57</delegate>
<autoIncrementCycle>false</autoIncrementCycle>
<associations>
<colAssociation fkAssociation="CE9F6D80-D574-5BA5-C587-06197D42602D" referredColumn="58A81E80-E20A-985B-2EC2-847CE95D1D57"/>
</associations>
</Column>
<Column class="oracle.dbtools.crest.model.design.relational.Column" name="DNPAHIAI_ID" id="20AEAAF7-1A33-98C2-B315-7035EF5F84BE">
<sourceConnName>MAXDTDEV</sourceConnName>
<sourceObjSchema>D_NYEC_PA_HEART_INC_APP_IND</sourceObjSchema>
<sourceObjName>DNPAHIAI_ID</sourceObjName>
<createdBy>ro38606</createdBy>
<createdTime>2013-05-10 06:45:22 UTC</createdTime>
<ownerDesignName>NYEC_BPM_Semantic_data_model_diagram</ownerDesignName>
<useDomainConstraints>false</useDomainConstraints>
<use>1</use>
<logicalDatatype>LOGDT019</logicalDatatype>
<dataTypeSize>22</dataTypeSize>
<delegate>C2440811-3216-124C-1743-6A46E4F5374C</delegate>
<autoIncrementCycle>false</autoIncrementCycle>
<associations>
<colAssociation fkAssociation="822DC306-E756-D8E4-87F3-C27643926C0B" referredColumn="C2440811-3216-124C-1743-6A46E4F5374C"/>
</associations>
</Column>
<Column class="oracle.dbtools.crest.model.design.relational.Column" name="DNPAHCS_ID" id="0FDCF58C-19F5-C976-9A64-AE441CD6D8BC">
<sourceConnName>MAXDTDEV</sourceConnName>
<sourceObjSchema>D_NYEC_PA_HEART_CASE_STATUS</sourceObjSchema>
<sourceObjName>DNPAHCS_ID</sourceObjName>
<createdBy>ro38606</createdBy>
<createdTime>2013-05-10 06:45:23 UTC</createdTime>
<ownerDesignName>NYEC_BPM_Semantic_data_model_diagram</ownerDesignName>
<useDomainConstraints>false</useDomainConstraints>
<use>1</use>
<logicalDatatype>LOGDT019</logicalDatatype>
<dataTypeSize>22</dataTypeSize>
<delegate>7829B240-3013-1ADA-753F-7AFA3A3703C9</delegate>
<autoIncrementCycle>false</autoIncrementCycle>
<associations>
<colAssociation fkAssociation="56BD47C3-B295-A5B1-0CF4-D76B0C918937" referredColumn="7829B240-3013-1ADA-753F-7AFA3A3703C9"/>
</associations>
</Column>
<Column class="oracle.dbtools.crest.model.design.relational.Column" name="DNPARI_ID" id="B1156872-2607-730C-B81B-1E2B169F036D">
<sourceConnName>MAXDTDEV</sourceConnName>
<sourceObjSchema>D_NYEC_PA_REACTIVATION_IND</sourceObjSchema>
<sourceObjName>DNPARI_ID</sourceObjName>
<createdBy>ro38606</createdBy>
<createdTime>2013-05-10 06:45:23 UTC</createdTime>
<ownerDesignName>NYEC_BPM_Semantic_data_model_diagram</ownerDesignName>
<useDomainConstraints>false</useDomainConstraints>
<use>1</use>
<logicalDatatype>LOGDT019</logicalDatatype>
<dataTypeSize>22</dataTypeSize>
<delegate>4EB4E6BC-D600-6012-4EFB-BC68A6279464</delegate>
<autoIncrementCycle>false</autoIncrementCycle>
<associations>
<colAssociation fkAssociation="2C4D5B54-AA4E-901D-4C3F-8EA05081C139" referredColumn="4EB4E6BC-D600-6012-4EFB-BC68A6279464"/>
</associations>
</Column>
<Column class="oracle.dbtools.crest.model.design.relational.Column" name="DNPARR_ID" id="AF4E0E3C-17AD-E718-0D3B-0FC50F061D57">
<sourceConnName>MAXDTDEV</sourceConnName>
<sourceObjSchema>D_NYEC_PA_REACTIVATE_REASON</sourceObjSchema>
<sourceObjName>DNPARR_ID</sourceObjName>
<createdBy>ro38606</createdBy>
<createdTime>2013-05-10 06:45:23 UTC</createdTime>
<ownerDesignName>NYEC_BPM_Semantic_data_model_diagram</ownerDesignName>
<useDomainConstraints>false</useDomainConstraints>
<use>1</use>
<logicalDatatype>LOGDT019</logicalDatatype>
<dataTypeSize>22</dataTypeSize>
<delegate>D44F3B22-C638-B3FF-783C-D8070996F8AC</delegate>
<autoIncrementCycle>false</autoIncrementCycle>
<associations>
<colAssociation fkAssociation="5523984F-D818-82F7-668B-4ECC313028D8" referredColumn="D44F3B22-C638-B3FF-783C-D8070996F8AC"/>
</associations>
</Column>
<Column class="oracle.dbtools.crest.model.design.relational.Column" name="DNPARB_ID" id="A5D820AE-14D9-809B-87BF-5CAB7FEED1B2">
<sourceConnName>MAXDTDEV</sourceConnName>
<sourceObjSchema>D_NYEC_PA_REACTIVATED_BY</sourceObjSchema>
<sourceObjName>DNPARB_ID</sourceObjName>
<createdBy>ro38606</createdBy>
<createdTime>2013-05-10 06:45:23 UTC</createdTime>
<ownerDesignName>NYEC_BPM_Semantic_data_model_diagram</ownerDesignName>
<useDomainConstraints>false</useDomainConstraints>
<use>1</use>
<logicalDatatype>LOGDT019</logicalDatatype>
<dataTypeSize>22</dataTypeSize>
<delegate>E14BF514-3DFD-3AF3-E623-A7B5DBD900C8</delegate>
<autoIncrementCycle>false</autoIncrementCycle>
<associations>
<colAssociation fkAssociation="AB623EA4-F3B5-4EEC-1CBB-645A0231FD75" referredColumn="E14BF514-3DFD-3AF3-E623-A7B5DBD900C8"/>
</associations>
</Column>
<Column class="oracle.dbtools.crest.model.design.relational.Column" name="DNPARN_ID" id="64637654-ECE0-DC0C-7B10-6F05908188B5">
<sourceConnName>MAXDTDEV</sourceConnName>
<sourceObjSchema>D_NYEC_PA_REACTIVATION_NUM</sourceObjSchema>
<sourceObjName>DNPARN_ID</sourceObjName>
<createdBy>ro38606</createdBy>
<createdTime>2013-05-10 06:45:23 UTC</createdTime>
<ownerDesignName>NYEC_BPM_Semantic_data_model_diagram</ownerDesignName>
<nullsAllowed>true</nullsAllowed>
<useDomainConstraints>false</useDomainConstraints>
<use>1</use>
<logicalDatatype>LOGDT019</logicalDatatype>
<dataTypeSize>22</dataTypeSize>
<delegate>D670461D-72C9-6604-FF38-6CB9AC5CC1F7</delegate>
<autoIncrementCycle>false</autoIncrementCycle>
<associations>
<colAssociation fkAssociation="F4259E0F-456E-A8AF-C053-41F679CA5371" referredColumn="D670461D-72C9-6604-FF38-6CB9AC5CC1F7"/>
</associations>
</Column>
<Column class="oracle.dbtools.crest.model.design.relational.Column" name="DNPAMC_ID" id="E29A1EDA-24C9-3942-91B6-1D0BD830FA45">
<sourceConnName>MAXDTDEV</sourceConnName>
<sourceObjSchema>D_NYEC_PA_MODE_CODE</sourceObjSchema>
<sourceObjName>DNPAMC_ID</sourceObjName>
<createdBy>ro38606</createdBy>
<createdTime>2013-05-10 06:45:23 UTC</createdTime>
<ownerDesignName>NYEC_BPM_Semantic_data_model_diagram</ownerDesignName>
<useDomainConstraints>false</useDomainConstraints>
<use>1</use>
<logicalDatatype>LOGDT019</logicalDatatype>
<dataTypeSize>22</dataTypeSize>
<delegate>243D8A62-B337-F797-6EB8-BDF7E8C5DD51</delegate>
<autoIncrementCycle>false</autoIncrementCycle>
<associations>
<colAssociation fkAssociation="3E91B2B3-B243-25C1-5F45-141DF897DC32" referredColumn="243D8A62-B337-F797-6EB8-BDF7E8C5DD51"/>
</associations>
</Column>
<Column class="oracle.dbtools.crest.model.design.relational.Column" name="DNPAML_ID" id="3C7FD4FB-6FB5-8413-F282-1AD7B0758BF0">
<sourceConnName>MAXDTDEV</sourceConnName>
<sourceObjSchema>D_NYEC_PA_MODE_LABEL</sourceObjSchema>
<sourceObjName>DNPAML_ID</sourceObjName>
<createdBy>ro38606</createdBy>
<createdTime>2013-05-10 06:45:23 UTC</createdTime>
<ownerDesignName>NYEC_BPM_Semantic_data_model_diagram</ownerDesignName>
<useDomainConstraints>false</useDomainConstraints>
<use>1</use>
<logicalDatatype>LOGDT019</logicalDatatype>
<dataTypeSize>22</dataTypeSize>
<delegate>DBEC7D18-49C2-9352-6924-82750C3F8872</delegate>
<autoIncrementCycle>false</autoIncrementCycle>
<associations>
<colAssociation fkAssociation="B6809504-BDD6-99B0-3C3E-7ACF04D1CAB9" referredColumn="DBEC7D18-49C2-9352-6924-82750C3F8872"/>
</associations>
</Column>
<Column class="oracle.dbtools.crest.model.design.relational.Column" name="DNPAONF_ID" id="A4DD718B-6514-5082-130C-71C99810EC2D">
<sourceConnName>MAXDTDEV</sourceConnName>
<sourceObjSchema>D_NYEC_PA_OUTCOME_NOTF_FLAG</sourceObjSchema>
<sourceObjName>DNPAONF_ID</sourceObjName>
<createdBy>ro38606</createdBy>
<createdTime>2013-05-10 06:45:23 UTC</createdTime>
<ownerDesignName>NYEC_BPM_Semantic_data_model_diagram</ownerDesignName>
<useDomainConstraints>false</useDomainConstraints>
<use>1</use>
<logicalDatatype>LOGDT019</logicalDatatype>
<dataTypeSize>22</dataTypeSize>
<delegate>C7DECAD0-9C3F-0D90-4B37-C98D9F608F66</delegate>
<autoIncrementCycle>false</autoIncrementCycle>
<associations>
<colAssociation fkAssociation="4EB7AE25-AD5F-A363-D4B7-FE0FE4E62B46" referredColumn="C7DECAD0-9C3F-0D90-4B37-C98D9F608F66"/>
</associations>
</Column>
<Column class="oracle.dbtools.crest.model.design.relational.Column" name="DNPAOLS_ID" id="6DA320C6-7769-AF8A-F74A-A503D04A6B5A">
<sourceConnName>MAXDTDEV</sourceConnName>
<sourceObjSchema>D_NYEC_PA_OUTCOM_LTR_STATUS</sourceObjSchema>
<sourceObjName>DNPAOLS_ID</sourceObjName>
<createdBy>ro38606</createdBy>
<createdTime>2013-05-10 06:45:24 UTC</createdTime>
<ownerDesignName>NYEC_BPM_Semantic_data_model_diagram</ownerDesignName>
<useDomainConstraints>false</useDomainConstraints>
<use>1</use>
<logicalDatatype>LOGDT019</logicalDatatype>
<dataTypeSize>22</dataTypeSize>
<delegate>6A30BD52-AD8A-CE0A-19AC-832399D710C4</delegate>
<autoIncrementCycle>false</autoIncrementCycle>
<associations>
<colAssociation fkAssociation="3E657C74-297C-7105-1250-4231273BFB61" referredColumn="6A30BD52-AD8A-CE0A-19AC-832399D710C4"/>
</associations>
</Column>
<Column class="oracle.dbtools.crest.model.design.relational.Column" name="DNPAWRI_ID" id="40D0808A-BA23-ECF4-5D46-158ED689AD26">
<sourceConnName>MAXDTDEV</sourceConnName>
<sourceObjSchema>D_NYEC_PA_WORKFLOW_REAC_IND</sourceObjSchema>
<sourceObjName>DNPAWRI_ID</sourceObjName>
<createdBy>ro38606</createdBy>
<createdTime>2013-05-10 06:45:24 UTC</createdTime>
<ownerDesignName>NYEC_BPM_Semantic_data_model_diagram</ownerDesignName>
<useDomainConstraints>false</useDomainConstraints>
<use>1</use>
<logicalDatatype>LOGDT019</logicalDatatype>
<dataTypeSize>22</dataTypeSize>
<delegate>4AB308FB-F52D-0E64-E4C1-FE3F93AFBFDB</delegate>
<autoIncrementCycle>false</autoIncrementCycle>
<associations>
<colAssociation fkAssociation="BB2D1159-7040-3309-52AD-052E11F191F9" referredColumn="4AB308FB-F52D-0E64-E4C1-FE3F93AFBFDB"/>
</associations>
</Column>
<Column class="oracle.dbtools.crest.model.design.relational.Column" name="DNPAQI_ID" id="97680FBC-16FA-8F97-2B3E-31DEA9978A39">
<sourceConnName>MAXDTDEV</sourceConnName>
<sourceObjSchema>D_NYEC_PA_QC_INDICATOR</sourceObjSchema>
<sourceObjName>DNPAQI_ID</sourceObjName>
<createdBy>ro38606</createdBy>
<createdTime>2013-05-10 06:45:24 UTC</createdTime>
<ownerDesignName>NYEC_BPM_Semantic_data_model_diagram</ownerDesignName>
<useDomainConstraints>false</useDomainConstraints>
<use>1</use>
<logicalDatatype>LOGDT019</logicalDatatype>
<dataTypeSize>22</dataTypeSize>
<delegate>6B9F6076-01A9-0520-9044-A3CBC5B79B94</delegate>
<autoIncrementCycle>false</autoIncrementCycle>
<associations>
<colAssociation fkAssociation="3A30969C-4920-2326-96DE-C90FC52D1FC8" referredColumn="6B9F6076-01A9-0520-9044-A3CBC5B79B94"/>
</associations>
</Column>
<Column class="oracle.dbtools.crest.model.design.relational.Column" name="Reactivation Date" id="83859107-7C80-570B-EFA0-C67A96CC8354">
<createdBy>ro38606</createdBy>
<createdTime>2013-05-10 06:45:24 UTC</createdTime>
<ownerDesignName>NYEC_BPM_Semantic_data_model_diagram</ownerDesignName>
<nullsAllowed>true</nullsAllowed>
<useDomainConstraints>false</useDomainConstraints>
<use>1</use>
<logicalDatatype>LOGDT007</logicalDatatype>
<dataTypeSize>7</dataTypeSize>
<autoIncrementCycle>false</autoIncrementCycle>
</Column>
<Column class="oracle.dbtools.crest.model.design.relational.Column" name="DNPAWMSR_ID" id="A2EAE052-BA0D-402E-93AB-8B8D4FEE6FBF">
<createdBy>ro38606</createdBy>
<createdTime>2013-05-10 06:45:24 UTC</createdTime>
<ownerDesignName>NYEC_BPM_Semantic_data_model_diagram</ownerDesignName>
<nullsAllowed>true</nullsAllowed>
<useDomainConstraints>false</useDomainConstraints>
<use>1</use>
<logicalDatatype>LOGDT019</logicalDatatype>
<dataTypeSize>22</dataTypeSize>
<delegate>3C761DCB-8612-E275-EBA7-DCA5F2C8569B</delegate>
<autoIncrementCycle>false</autoIncrementCycle>
<associations>
<colAssociation fkAssociation="95D02F1B-9A8D-9A6F-E553-A01C76702F12" referredColumn="3C761DCB-8612-E275-EBA7-DCA5F2C8569B"/>
</associations>
</Column>
<Column class="oracle.dbtools.crest.model.design.relational.Column" name="DNPAMAR_ID" id="F0BAE0F7-099C-7861-65F5-6A92E7121E61">
<createdBy>ro38606</createdBy>
<createdTime>2013-05-10 06:45:24 UTC</createdTime>
<ownerDesignName>NYEC_BPM_Semantic_data_model_diagram</ownerDesignName>
<nullsAllowed>true</nullsAllowed>
<useDomainConstraints>false</useDomainConstraints>
<use>1</use>
<logicalDatatype>LOGDT019</logicalDatatype>
<dataTypeSize>22</dataTypeSize>
<delegate>32848BAA-6EE8-C40A-CFD8-BFA8AE644CB8</delegate>
<autoIncrementCycle>false</autoIncrementCycle>
<associations>
<colAssociation fkAssociation="073C99B6-0635-F0A9-9354-90BC03FB06D4" referredColumn="32848BAA-6EE8-C40A-CFD8-BFA8AE644CB8"/>
</associations>
</Column>
<Column class="oracle.dbtools.crest.model.design.relational.Column" name="DNPARCR_ID" id="64886277-5263-981F-38A3-1AB25E8671C7">
<createdBy>ro38606</createdBy>
<createdTime>2013-05-10 06:45:24 UTC</createdTime>
<ownerDesignName>NYEC_BPM_Semantic_data_model_diagram</ownerDesignName>
<nullsAllowed>true</nullsAllowed>
<useDomainConstraints>false</useDomainConstraints>
<use>1</use>
<logicalDatatype>LOGDT019</logicalDatatype>
<dataTypeSize>22</dataTypeSize>
<delegate>BA1521EB-7A63-88ED-429D-132923D56D9D</delegate>
<autoIncrementCycle>false</autoIncrementCycle>
<associations>
<colAssociation fkAssociation="58D33886-9D0A-FCDD-95FA-CC791F19D844" referredColumn="BA1521EB-7A63-88ED-429D-132923D56D9D"/>
</associations>
</Column>
</columns>
<indexes>
<ind_PK_UK class="oracle.dbtools.crest.model.design.relational.Index" id="2A5ACF03-E2AB-AAF1-7A41-ABE481F7B743" name="FNPABD_PK">
<createdBy>ro38606</createdBy>
<createdTime>2013-05-10 06:45:25 UTC</createdTime>
<ownerDesignName>NYEC_BPM_Semantic_data_model_diagram</ownerDesignName>
<schemaObject>8395E672-89A2-8150-B09D-55D1ECC2042E</schemaObject>
<pk>true</pk>
<indexState>Primary Constraint</indexState>
<indexColumnUsage>
<colUsage columnID="3263CF9B-6B69-E60C-70C1-EA2E3AE8CDB4"/>
</indexColumnUsage>
</ind_PK_UK>
<ind_PK_UK class="oracle.dbtools.crest.model.design.relational.Index" id="A81D3B9F-7C6B-2B50-A151-B2595389BA80" name="FNPABD_IXL2">
<createdBy>ro38606</createdBy>
<createdTime>2013-05-10 06:45:25 UTC</createdTime>
<ownerDesignName>NYEC_BPM_Semantic_data_model_diagram</ownerDesignName>
<schemaObject>8395E672-89A2-8150-B09D-55D1ECC2042E</schemaObject>
<indexColumnUsage>
<colUsage columnID="93EB5CEF-B2BC-63C6-AFCE-6B9988BA2A9D"/>
</indexColumnUsage>
</ind_PK_UK>
<ind_PK_UK class="oracle.dbtools.crest.model.design.relational.Index" id="64906C93-EDA3-A78F-AE10-24B7B91B18F9" name="FNPABD_IX2">
<createdBy>ro38606</createdBy>
<createdTime>2013-05-10 06:45:25 UTC</createdTime>
<ownerDesignName>NYEC_BPM_Semantic_data_model_diagram</ownerDesignName>
<schemaObject>8395E672-89A2-8150-B09D-55D1ECC2042E</schemaObject>
<indexColumnUsage>
<colUsage columnID="CD1C2B45-F44F-CB2C-9FB0-A786D53755F9"/>
</indexColumnUsage>
</ind_PK_UK>
<ind_PK_UK class="oracle.dbtools.crest.model.design.relational.Index" id="9E3F005B-BCEE-4DD1-2719-FDD68906D03B" name="FNPABD_IXL1">
<createdBy>ro38606</createdBy>
<createdTime>2013-05-10 06:45:25 UTC</createdTime>
<ownerDesignName>NYEC_BPM_Semantic_data_model_diagram</ownerDesignName>
<schemaObject>8395E672-89A2-8150-B09D-55D1ECC2042E</schemaObject>
<indexColumnUsage>
<colUsage columnID="43EACB50-A9AE-42CB-5A36-EED3F787E6A0"/>
</indexColumnUsage>
</ind_PK_UK>
<ind_PK_UK class="oracle.dbtools.crest.model.design.relational.Index" id="50DEEB8F-7962-DE2E-E83A-46AE1179D0E7" name="FNPABD_UIX1">
<createdBy>ro38606</createdBy>
<createdTime>2013-05-10 06:45:25 UTC</createdTime>
<ownerDesignName>NYEC_BPM_Semantic_data_model_diagram</ownerDesignName>
<schemaObject>8395E672-89A2-8150-B09D-55D1ECC2042E</schemaObject>
<indexState>Unique Plain Index</indexState>
<indexColumnUsage>
<colUsage columnID="93EB5CEF-B2BC-63C6-AFCE-6B9988BA2A9D"/>
<colUsage columnID="AF499CB0-A9D7-35EA-329A-EBA0ADA04522"/>
</indexColumnUsage>
</ind_PK_UK>
<ind_PK_UK class="oracle.dbtools.crest.model.design.relational.Index" id="72EC90CA-5EBF-9E74-7C01-32D6C1F2DD33" name="FNPABD_UIX2">
<createdBy>ro38606</createdBy>
<createdTime>2013-05-10 06:45:25 UTC</createdTime>
<ownerDesignName>NYEC_BPM_Semantic_data_model_diagram</ownerDesignName>
<schemaObject>8395E672-89A2-8150-B09D-55D1ECC2042E</schemaObject>
<indexState>Unique Plain Index</indexState>
<indexColumnUsage>
<colUsage columnID="93EB5CEF-B2BC-63C6-AFCE-6B9988BA2A9D"/>
<colUsage columnID="C0410942-802F-3330-2DD0-697DCA976AA4"/>
</indexColumnUsage>
</ind_PK_UK>
<ind_PK_UK class="oracle.dbtools.crest.model.design.relational.Index" id="877A61A2-4193-8A04-D2C8-2FCD4B28C3BD" name="FNPABD_IX1">
<createdBy>ro38606</createdBy>
<createdTime>2013-05-10 06:45:26 UTC</createdTime>
<ownerDesignName>NYEC_BPM_Semantic_data_model_diagram</ownerDesignName>
<schemaObject>8395E672-89A2-8150-B09D-55D1ECC2042E</schemaObject>
<indexColumnUsage>
<colUsage columnID="FEED5C41-1918-411F-CFE6-C72047A6DE3F"/>
</indexColumnUsage>
</ind_PK_UK>
<ind_PK_UK class="oracle.dbtools.crest.model.design.relational.Index" id="B521E9BC-96D9-0F9E-F060-49C40B641091" name="FNPABD_DNPAAS_FK">
<createdBy>ro38606</createdBy>
<createdTime>2013-05-10 06:45:32 UTC</createdTime>
<ownerDesignName>NYEC_BPM_Semantic_data_model_diagram</ownerDesignName>
<indexState>Foreign Key</indexState>
<indexColumnUsage>
<colUsage columnID="AA74444D-7DD7-94CF-B032-0EA29F2BCB63"/>
</indexColumnUsage>
</ind_PK_UK>
<ind_PK_UK class="oracle.dbtools.crest.model.design.relational.Index" id="8AD9F167-2902-A4D1-C85C-8BA75811301B" name="FNPABD_DNPACIN_FK">
<createdBy>ro38606</createdBy>
<createdTime>2013-05-10 06:45:32 UTC</createdTime>
<ownerDesignName>NYEC_BPM_Semantic_data_model_diagram</ownerDesignName>
<indexState>Foreign Key</indexState>
<indexColumnUsage>
<colUsage columnID="12E224C2-04F9-EA49-0793-70FB7273B6AC"/>
</indexColumnUsage>
</ind_PK_UK>
<ind_PK_UK class="oracle.dbtools.crest.model.design.relational.Index" id="C885EEAE-1014-39F4-97D9-53FA6581A2B4" name="FNPABD_DNPACOU_FK">
<createdBy>ro38606</createdBy>
<createdTime>2013-05-10 06:45:32 UTC</createdTime>
<ownerDesignName>NYEC_BPM_Semantic_data_model_diagram</ownerDesignName>
<indexState>Foreign Key</indexState>
<indexColumnUsage>
<colUsage columnID="E0D09AE2-BBC8-B63B-EF6A-D78EC2AD8DE9"/>
</indexColumnUsage>
</ind_PK_UK>
<ind_PK_UK class="oracle.dbtools.crest.model.design.relational.Index" id="6631551A-6AA4-E34E-8DE5-AAB328A2BCBC" name="FNPABD_DNPAFPBPST_FK">
<createdBy>ro38606</createdBy>
<createdTime>2013-05-10 06:45:32 UTC</createdTime>
<ownerDesignName>NYEC_BPM_Semantic_data_model_diagram</ownerDesignName>
<indexState>Foreign Key</indexState>
<indexColumnUsage>
<colUsage columnID="BA15CC3C-80A5-E8AD-3F1D-CC7DD701799B"/>
</indexColumnUsage>
</ind_PK_UK>
<ind_PK_UK class="oracle.dbtools.crest.model.design.relational.Index" id="51CB2DB4-E86B-6C45-B7A8-07B395024058" name="FNPABD_DNPAHCS_FK">
<createdBy>ro38606</createdBy>
<createdTime>2013-05-10 06:45:32 UTC</createdTime>
<ownerDesignName>NYEC_BPM_Semantic_data_model_diagram</ownerDesignName>
<indexState>Foreign Key</indexState>
<indexColumnUsage>
<colUsage columnID="0FDCF58C-19F5-C976-9A64-AE441CD6D8BC"/>
</indexColumnUsage>
</ind_PK_UK>
<ind_PK_UK class="oracle.dbtools.crest.model.design.relational.Index" id="7A8BA0E6-CC37-0258-F31C-72358096A0DE" name="FNPABD_DNPAHIAI_FK">
<createdBy>ro38606</createdBy>
<createdTime>2013-05-10 06:45:32 UTC</createdTime>
<ownerDesignName>NYEC_BPM_Semantic_data_model_diagram</ownerDesignName>
<indexState>Foreign Key</indexState>
<indexColumnUsage>
<colUsage columnID="20AEAAF7-1A33-98C2-B315-7035EF5F84BE"/>
</indexColumnUsage>
</ind_PK_UK>
<ind_PK_UK class="oracle.dbtools.crest.model.design.relational.Index" id="2DB4920B-875C-DC66-97E4-9B7186B4680E" name="FNPABD_DNPAHS_FK">
<createdBy>ro38606</createdBy>
<createdTime>2013-05-10 06:45:32 UTC</createdTime>
<ownerDesignName>NYEC_BPM_Semantic_data_model_diagram</ownerDesignName>
<indexState>Foreign Key</indexState>
<indexColumnUsage>
<colUsage columnID="F65D1CB4-0BBA-CC9C-EB27-6068A8F7DF01"/>
</indexColumnUsage>
</ind_PK_UK>
<ind_PK_UK class="oracle.dbtools.crest.model.design.relational.Index" id="A7FF9953-5C7D-2B23-3EB9-1FC2C764A175" name="FNPABD_DNPAMAR_FK">
<createdBy>ro38606</createdBy>
<createdTime>2013-05-10 06:45:32 UTC</createdTime>
<ownerDesignName>NYEC_BPM_Semantic_data_model_diagram</ownerDesignName>
<indexState>Foreign Key</indexState>
<indexColumnUsage>
<colUsage columnID="F0BAE0F7-099C-7861-65F5-6A92E7121E61"/>
</indexColumnUsage>
</ind_PK_UK>
<ind_PK_UK class="oracle.dbtools.crest.model.design.relational.Index" id="49A603E2-FAA4-BE76-2759-B9E0C6D5D24C" name="FNPABD_DNPAMC_FK">
<createdBy>ro38606</createdBy>
<createdTime>2013-05-10 06:45:32 UTC</createdTime>
<ownerDesignName>NYEC_BPM_Semantic_data_model_diagram</ownerDesignName>
<indexState>Foreign Key</indexState>
<indexColumnUsage>
<colUsage columnID="E29A1EDA-24C9-3942-91B6-1D0BD830FA45"/>
</indexColumnUsage>
</ind_PK_UK>
<ind_PK_UK class="oracle.dbtools.crest.model.design.relational.Index" id="8AD8CD81-F052-F8EB-ED51-7658B2CA26FF" name="FNPABD_DNPAML_FK">
<createdBy>ro38606</createdBy>
<createdTime>2013-05-10 06:45:32 UTC</createdTime>
<ownerDesignName>NYEC_BPM_Semantic_data_model_diagram</ownerDesignName>
<indexState>Foreign Key</indexState>
<indexColumnUsage>
<colUsage columnID="3C7FD4FB-6FB5-8413-F282-1AD7B0758BF0"/>
</indexColumnUsage>
</ind_PK_UK>
<ind_PK_UK class="oracle.dbtools.crest.model.design.relational.Index" id="78B7D558-74CC-493C-99D2-12FAB2AA65ED" name="FNPABD_DNPAOLS_FK">
<createdBy>ro38606</createdBy>
<createdTime>2013-05-10 06:45:32 UTC</createdTime>
<ownerDesignName>NYEC_BPM_Semantic_data_model_diagram</ownerDesignName>
<indexState>Foreign Key</indexState>
<indexColumnUsage>
<colUsage columnID="6DA320C6-7769-AF8A-F74A-A503D04A6B5A"/>
</indexColumnUsage>
</ind_PK_UK>
<ind_PK_UK class="oracle.dbtools.crest.model.design.relational.Index" id="3708ADAC-9FD1-116D-BAF0-052625863B3C" name="FNPABD_DNPAONF_FK">
<createdBy>ro38606</createdBy>
<createdTime>2013-05-10 06:45:32 UTC</createdTime>
<ownerDesignName>NYEC_BPM_Semantic_data_model_diagram</ownerDesignName>
<indexState>Foreign Key</indexState>
<indexColumnUsage>
<colUsage columnID="A4DD718B-6514-5082-130C-71C99810EC2D"/>
</indexColumnUsage>
</ind_PK_UK>
<ind_PK_UK class="oracle.dbtools.crest.model.design.relational.Index" id="C527519A-D0B1-1C61-B4A1-D8CF8FE8CC53" name="FNPABD_DNPAQI_FK">
<createdBy>ro38606</createdBy>
<createdTime>2013-05-10 06:45:32 UTC</createdTime>
<ownerDesignName>NYEC_BPM_Semantic_data_model_diagram</ownerDesignName>
<indexState>Foreign Key</indexState>
<indexColumnUsage>
<colUsage columnID="97680FBC-16FA-8F97-2B3E-31DEA9978A39"/>
</indexColumnUsage>
</ind_PK_UK>
<ind_PK_UK class="oracle.dbtools.crest.model.design.relational.Index" id="99244853-0734-3B70-AC4D-DDB03F833457" name="FNPABD_DNPARB_FK">
<createdBy>ro38606</createdBy>
<createdTime>2013-05-10 06:45:32 UTC</createdTime>
<ownerDesignName>NYEC_BPM_Semantic_data_model_diagram</ownerDesignName>
<indexState>Foreign Key</indexState>
<indexColumnUsage>
<colUsage columnID="A5D820AE-14D9-809B-87BF-5CAB7FEED1B2"/>
</indexColumnUsage>
</ind_PK_UK>
<ind_PK_UK class="oracle.dbtools.crest.model.design.relational.Index" id="92C5F38B-9B32-A54A-9A7A-32E5AC071CB2" name="FNPABD_DNPARCR_FK">
<createdBy>ro38606</createdBy>
<createdTime>2013-05-10 06:45:32 UTC</createdTime>
<ownerDesignName>NYEC_BPM_Semantic_data_model_diagram</ownerDesignName>
<indexState>Foreign Key</indexState>
<indexColumnUsage>
<colUsage columnID="64886277-5263-981F-38A3-1AB25E8671C7"/>
</indexColumnUsage>
</ind_PK_UK>
<ind_PK_UK class="oracle.dbtools.crest.model.design.relational.Index" id="8C8D88BD-0D91-9B0E-E862-B0ABF112E3C5" name="FNPABD_DNPARI_FK">
<createdBy>ro38606</createdBy>
<createdTime>2013-05-10 06:45:32 UTC</createdTime>
<ownerDesignName>NYEC_BPM_Semantic_data_model_diagram</ownerDesignName>
<indexState>Foreign Key</indexState>
<indexColumnUsage>
<colUsage columnID="B1156872-2607-730C-B81B-1E2B169F036D"/>
</indexColumnUsage>
</ind_PK_UK>
<ind_PK_UK class="oracle.dbtools.crest.model.design.relational.Index" id="60FB4839-3A52-549E-A9A3-867D056112FA" name="FNPABD_DNPARN_FK">
<createdBy>ro38606</createdBy>
<createdTime>2013-05-10 06:45:33 UTC</createdTime>
<ownerDesignName>NYEC_BPM_Semantic_data_model_diagram</ownerDesignName>
<indexState>Foreign Key</indexState>
<indexColumnUsage>
<colUsage columnID="64637654-ECE0-DC0C-7B10-6F05908188B5"/>
</indexColumnUsage>
</ind_PK_UK>
<ind_PK_UK class="oracle.dbtools.crest.model.design.relational.Index" id="4FADA517-E33E-3D5F-98A5-392A906F3A0A" name="FNPABD_DNPARR_FK">
<createdBy>ro38606</createdBy>
<createdTime>2013-05-10 06:45:33 UTC</createdTime>
<ownerDesignName>NYEC_BPM_Semantic_data_model_diagram</ownerDesignName>
<indexState>Foreign Key</indexState>
<indexColumnUsage>
<colUsage columnID="AF4E0E3C-17AD-E718-0D3B-0FC50F061D57"/>
</indexColumnUsage>
</ind_PK_UK>
<ind_PK_UK class="oracle.dbtools.crest.model.design.relational.Index" id="9B823F30-78E3-DBF8-463A-FCB77B0C6A21" name="FNPABD_DNPAWMSR_FK">
<createdBy>ro38606</createdBy>
<createdTime>2013-05-10 06:45:33 UTC</createdTime>
<ownerDesignName>NYEC_BPM_Semantic_data_model_diagram</ownerDesignName>
<indexState>Foreign Key</indexState>
<indexColumnUsage>
<colUsage columnID="A2EAE052-BA0D-402E-93AB-8B8D4FEE6FBF"/>
</indexColumnUsage>
</ind_PK_UK>
<ind_PK_UK class="oracle.dbtools.crest.model.design.relational.Index" id="73FDC962-5844-9168-7AD5-A01E031948CC" name="FNPABD_DNPAWRI_FK">
<createdBy>ro38606</createdBy>
<createdTime>2013-05-10 06:45:33 UTC</createdTime>
<ownerDesignName>NYEC_BPM_Semantic_data_model_diagram</ownerDesignName>
<indexState>Foreign Key</indexState>
<indexColumnUsage>
<colUsage columnID="40D0808A-BA23-ECF4-5D46-158ED689AD26"/>
</indexColumnUsage>
</ind_PK_UK>
<ind_PK_UK class="oracle.dbtools.crest.model.design.relational.Index" id="69466741-7E58-9847-DBD7-1A517229AF2D" name="FNPABD_DNPACUR_FK">
<createdBy>ro38606</createdBy>
<createdTime>2013-05-17 15:01:41 UTC</createdTime>
<ownerDesignName>NYEC_BPM_Semantic_data_model_diagram</ownerDesignName>
<indexState>Foreign Key</indexState>
<indexColumnUsage>
<colUsage columnID="93EB5CEF-B2BC-63C6-AFCE-6B9988BA2A9D"/>
</indexColumnUsage>
</ind_PK_UK>
</indexes>
</Table>