ID,REPORTING_PERIOD_END_DATE,PROJECT_NAME,METRIC_NAME,ACTUAL_VALUE,FORECAST_VALUE
292,9/7/2013,CCO - Brownsville,Calls Arriving,2316,
293,9/7/2013,CCO - Brownsville,Calls Offered,2316,
294,9/7/2013,CCO - Brownsville,FTE Count,225,
295,9/7/2013,CCO - Brownsville,AHT,484,
296,9/7/2013,CCO - Brownsville,ASA,,
297,9/7/2013,CCO - Brownsville,AB Rate,,
178,9/7/2013,CT HIX,Calls Arriving,319,
179,9/7/2013,CT HIX,Calls Offered,307,
180,9/7/2013,CT HIX,FTE Count,73,
181,9/7/2013,CT HIX,AHT,490,
182,9/7/2013,CT HIX,ASA,0.14,
183,9/7/2013,CT HIX,AB Rate,0.41,
250,9/7/2013,DC HIX,Calls Arriving,293,
251,9/7/2013,DC HIX,Calls Offered,267,
252,9/7/2013,DC HIX,FTE Count,,
253,9/7/2013,DC HIX,AHT,175,
254,9/7/2013,DC HIX,ASA,10,
255,9/7/2013,DC HIX,AB Rate,2.73,
214,9/7/2013,MD HIX,Calls Arriving,315,
215,9/7/2013,MD HIX,Calls Offered,312,
216,9/7/2013,MD HIX,FTE Count,22,
217,9/7/2013,MD HIX,AHT,301,
218,9/7/2013,MD HIX,ASA,5,
219,9/7/2013,MD HIX,AB Rate,1,
,9/7/2013,VT HIX,Calls Arriving,397,
,9/7/2013,VT HIX,Calls Offered,309,
,9/7/2013,VT HIX,AHT,454,
,9/7/2013,VT HIX,ASA,6,
,9/7/2013,VT HIX,AB Rate,11,
286,9/14/2013,CCO - Brownsville,Calls Arriving,2985,
287,9/14/2013,CCO - Brownsville,Calls Offered,2985,
288,9/14/2013,CCO - Brownsville,FTE Count,396,
289,9/14/2013,CCO - Brownsville,AHT,495,
290,9/14/2013,CCO - Brownsville,ASA,,
291,9/14/2013,CCO - Brownsville,AB Rate,,
172,9/14/2013,CT HIX,Calls Arriving,404,
173,9/14/2013,CT HIX,Calls Offered,390,
174,9/14/2013,CT HIX,FTE Count,70,
175,9/14/2013,CT HIX,AHT,502,
176,9/14/2013,CT HIX,ASA,0.17,
177,9/14/2013,CT HIX,AB Rate,1.1,
244,9/14/2013,DC HIX,Calls Arriving,164,
245,9/14/2013,DC HIX,Calls Offered,158,
246,9/14/2013,DC HIX,FTE Count,,
247,9/14/2013,DC HIX,AHT,212,
248,9/14/2013,DC HIX,ASA,9,
249,9/14/2013,DC HIX,AB Rate,3.66,
208,9/14/2013,MD HIX,Calls Arriving,621,
209,9/14/2013,MD HIX,Calls Offered,612,
210,9/14/2013,MD HIX,FTE Count,22,
211,9/14/2013,MD HIX,AHT,321,
212,9/14/2013,MD HIX,ASA,5,
213,9/14/2013,MD HIX,AB Rate,1.4,
,9/14/2013,VT HIX,Calls Arriving,661,
,9/14/2013,VT HIX,Calls Offered,501,
,9/14/2013,VT HIX,AHT,475,
,9/14/2013,VT HIX,ASA,10,
,9/14/2013,VT HIX,AB Rate,1,
280,9/21/2013,CCO - Brownsville,Calls Arriving,,
281,9/21/2013,CCO - Brownsville,Calls Offered,,
282,9/21/2013,CCO - Brownsville,FTE Count,502,481
283,9/21/2013,CCO - Brownsville,AHT,,420
284,9/21/2013,CCO - Brownsville,ASA,,
285,9/21/2013,CCO - Brownsville,AB Rate,,
166,9/21/2013,CT HIX,Calls Arriving,522,
167,9/21/2013,CT HIX,Calls Offered,504,5234
168,9/21/2013,CT HIX,FTE Count,63,97.5
169,9/21/2013,CT HIX,AHT,551,420
170,9/21/2013,CT HIX,ASA,0.16,60
171,9/21/2013,CT HIX,AB Rate,1.59,5
238,9/21/2013,DC HIX,Calls Arriving,134,2514
239,9/21/2013,DC HIX,Calls Offered,127,2489
240,9/21/2013,DC HIX,FTE Count,23,23
241,9/21/2013,DC HIX,AHT,321,600
242,9/21/2013,DC HIX,ASA,8,15
243,9/21/2013,DC HIX,AB Rate,1.1,1.5
142,9/21/2013,HI HIX,Calls Arriving,653,450
143,9/21/2013,HI HIX,Calls Offered,653,450
144,9/21/2013,HI HIX,FTE Count,17,19
145,9/21/2013,HI HIX,AHT,558,720
146,9/21/2013,HI HIX,ASA,9,10
147,9/21/2013,HI HIX,AB Rate,2.6,1
202,9/21/2013,MD HIX,Calls Arriving,882,2375
203,9/21/2013,MD HIX,Calls Offered,837,2350
204,9/21/2013,MD HIX,FTE Count,22,22
205,9/21/2013,MD HIX,AHT,413,330
206,9/21/2013,MD HIX,ASA,6,3
207,9/21/2013,MD HIX,AB Rate,5.1,1
118,9/21/2013,NY HIX,Calls Arriving,2943,700
119,9/21/2013,NY HIX,Calls Offered,2943,685
120,9/21/2013,NY HIX,FTE Count,50,50
121,9/21/2013,NY HIX,AHT,498,450
122,9/21/2013,NY HIX,ASA,8,10
123,9/21/2013,NY HIX,AB Rate,1.33,2
,9/21/2013,VT HIX,Calls Arriving,996,844
,9/21/2013,VT HIX,Calls Offered,805,675
,9/21/2013,VT HIX,AHT,451,450
,9/21/2013,VT HIX,ASA,7,30
,9/21/2013,VT HIX,AB Rate,0.5,3
274,9/28/2013,CCO - Brownsville,Calls Arriving,1304,
275,9/28/2013,CCO - Brownsville,Calls Offered,1304,
276,9/28/2013,CCO - Brownsville,FTE Count,721,756
277,9/28/2013,CCO - Brownsville,AHT,551,420
278,9/28/2013,CCO - Brownsville,ASA,,
279,9/28/2013,CCO - Brownsville,AB Rate,,
160,9/28/2013,CT HIX,Calls Arriving,944,
161,9/28/2013,CT HIX,Calls Offered,914,5234
162,9/28/2013,CT HIX,FTE Count,62,97.5
163,9/28/2013,CT HIX,AHT,508,420
164,9/28/2013,CT HIX,ASA,0.12,60
165,9/28/2013,CT HIX,AB Rate,1.18,5
232,9/28/2013,DC HIX,Calls Arriving,177,2514
233,9/28/2013,DC HIX,Calls Offered,173,2489
234,9/28/2013,DC HIX,FTE Count,23,23
235,9/28/2013,DC HIX,AHT,278,600
236,9/28/2013,DC HIX,ASA,4.2,15
237,9/28/2013,DC HIX,AB Rate,1.96,3.5
136,9/28/2013,HI HIX,Calls Arriving,602,375
137,9/28/2013,HI HIX,Calls Offered,602,375
138,9/28/2013,HI HIX,FTE Count,17,19
139,9/28/2013,HI HIX,AHT,361,720
140,9/28/2013,HI HIX,ASA,4.7,10
141,9/28/2013,HI HIX,AB Rate,0.99,1
196,9/28/2013,MD HIX,Calls Arriving,1353,2375
197,9/28/2013,MD HIX,Calls Offered,1319,2350
198,9/28/2013,MD HIX,FTE Count,61,22
199,9/28/2013,MD HIX,AHT,389,330
200,9/28/2013,MD HIX,ASA,10,3
201,9/28/2013,MD HIX,AB Rate,2.5,1
112,9/28/2013,NY HIX,Calls Arriving,4605,2830
113,9/28/2013,NY HIX,Calls Offered,4512,2805
114,9/28/2013,NY HIX,FTE Count,50,50
115,9/28/2013,NY HIX,AHT,511,480
116,9/28/2013,NY HIX,ASA,7,8
117,9/28/2013,NY HIX,AB Rate,2.02,1
,9/28/2013,VT HIX,Calls Arriving,1575,1055
,9/28/2013,VT HIX,Calls Offered,1317,844
,9/28/2013,VT HIX,AHT,482,450
,9/28/2013,VT HIX,ASA,32,30
,9/28/2013,VT HIX,AB Rate,6,3
268,10/5/2013,CCO - Brownsville,Calls Arriving,11718,
269,10/5/2013,CCO - Brownsville,Calls Offered,11718,
270,10/5/2013,CCO - Brownsville,FTE Count,752.4,731
271,10/5/2013,CCO - Brownsville,AHT,519,510
272,10/5/2013,CCO - Brownsville,ASA,,
273,10/5/2013,CCO - Brownsville,AB Rate,,
154,10/5/2013,CT HIX,Calls Arriving,7980,1813
155,10/5/2013,CT HIX,Calls Offered,6989,1569
156,10/5/2013,CT HIX,FTE Count,65,62
157,10/5/2013,CT HIX,AHT,626,889
158,10/5/2013,CT HIX,ASA,97.8,37
159,10/5/2013,CT HIX,AB Rate,8.95,3
226,10/5/2013,DC HIX,Calls Arriving,1362,10930
227,10/5/2013,DC HIX,Calls Offered,1307,9800
228,10/5/2013,DC HIX,FTE Count,52,52
229,10/5/2013,DC HIX,AHT,437,1500
230,10/5/2013,DC HIX,ASA,15,15
231,10/5/2013,DC HIX,AB Rate,4.2,3.5
130,10/5/2013,HI HIX,Calls Arriving,3524,630
131,10/5/2013,HI HIX,Calls Offered,2743,630
132,10/5/2013,HI HIX,FTE Count,17,19
133,10/5/2013,HI HIX,AHT,504,720
134,10/5/2013,HI HIX,ASA,67,2
135,10/5/2013,HI HIX,AB Rate,38.8,0.3
190,10/5/2013,MD HIX,Calls Arriving,12122,7900
191,10/5/2013,MD HIX,Calls Offered,10843,7663
192,10/5/2013,MD HIX,FTE Count,78,97
193,10/5/2013,MD HIX,AHT,352,780
194,10/5/2013,MD HIX,ASA,29,6
195,10/5/2013,MD HIX,AB Rate,10.6,3
106,10/5/2013,NY HIX,Calls Arriving,41205,8000
107,10/5/2013,NY HIX,Calls Offered,22934,7600
108,10/5/2013,NY HIX,FTE Count,321,325
109,10/5/2013,NY HIX,AHT,538,900
110,10/5/2013,NY HIX,ASA,68,7
111,10/5/2013,NY HIX,AB Rate,12,4
,10/5/2013,VT HIX,Calls Arriving,4311,1318
,10/5/2013,VT HIX,Calls Offered,3788,1055
,10/5/2013,VT HIX,AHT,458,720
,10/5/2013,VT HIX,ASA,215,60
,10/5/2013,VT HIX,AB Rate,21,8
256,10/12/2013,CCO - Boise,Calls Arriving,,
257,10/12/2013,CCO - Boise,Calls Offered,,
258,10/12/2013,CCO - Boise,FTE Count,1428,1394
259,10/12/2013,CCO - Boise,AHT,,
260,10/12/2013,CCO - Boise,ASA,,
261,10/12/2013,CCO - Boise,AB Rate,,
262,10/12/2013,CCO - Brownsville,Calls Arriving,13730,
263,10/12/2013,CCO - Brownsville,Calls Offered,13730,
264,10/12/2013,CCO - Brownsville,FTE Count,842,716
265,10/12/2013,CCO - Brownsville,AHT,363,510
266,10/12/2013,CCO - Brownsville,ASA,,
267,10/12/2013,CCO - Brownsville,AB Rate,,
148,10/12/2013,CT HIX,Calls Arriving,,1813
149,10/12/2013,CT HIX,Calls Offered,5729,1569
150,10/12/2013,CT HIX,FTE Count,60,62
151,10/12/2013,CT HIX,AHT,688,889
152,10/12/2013,CT HIX,ASA,88.64,37
153,10/12/2013,CT HIX,AB Rate,3.06,3
220,10/12/2013,DC HIX,Calls Arriving,614,2550
221,10/12/2013,DC HIX,Calls Offered,625,2168
222,10/12/2013,DC HIX,FTE Count,50,52
223,10/12/2013,DC HIX,AHT,556,1500
224,10/12/2013,DC HIX,ASA,8,30
225,10/12/2013,DC HIX,AB Rate,1.76,3
124,10/12/2013,HI HIX,Calls Arriving,1745,2400
125,10/12/2013,HI HIX,Calls Offered,1333,1800
126,10/12/2013,HI HIX,FTE Count,17,17
127,10/12/2013,HI HIX,AHT,384,468
128,10/12/2013,HI HIX,ASA,18,13.2
129,10/12/2013,HI HIX,AB Rate,4.05,4.49
184,10/12/2013,MD HIX,Calls Arriving,9128,7900
185,10/12/2013,MD HIX,Calls Offered,8887,7663
186,10/12/2013,MD HIX,FTE Count,75,97
187,10/12/2013,MD HIX,AHT,518,780
188,10/12/2013,MD HIX,ASA,14,6
189,10/12/2013,MD HIX,AB Rate,2.6,3
100,10/12/2013,NY HIX,Calls Arriving,44918,30031
101,10/12/2013,NY HIX,Calls Offered,29842,28529
102,10/12/2013,NY HIX,FTE Count,321,350
103,10/12/2013,NY HIX,AHT,547,900
104,10/12/2013,NY HIX,ASA,21,9
105,10/12/2013,NY HIX,AB Rate,1.87,2
,10/12/2013,VT HIX,Calls Arriving,3795,2461
,10/12/2013,VT HIX,Calls Offered,3236,1969
,10/12/2013,VT HIX,AHT,505,540
,10/12/2013,VT HIX,ASA,167,50
,10/12/2013,VT HIX,AB Rate,14,6
591,10/19/2013,CCO - Boise,Calls Arriving,,
598,10/19/2013,CCO - Boise,Calls Offered,,
605,10/19/2013,CCO - Boise,FTE Count,1372,1366
612,10/19/2013,CCO - Boise,AHT,,510
619,10/19/2013,CCO - Boise,ASA,,
626,10/19/2013,CCO - Boise,AB Rate,,
423,10/19/2013,CCO - Brownsville,Calls Arriving,6428,
430,10/19/2013,CCO - Brownsville,Calls Offered,6428,
437,10/19/2013,CCO - Brownsville,FTE Count,770,758
444,10/19/2013,CCO - Brownsville,AHT,408,510
451,10/19/2013,CCO - Brownsville,ASA,,
458,10/19/2013,CCO - Brownsville,AB Rate,,
381,10/19/2013,CT HIX,Calls Arriving,,
388,10/19/2013,CT HIX,Calls Offered,4614,6822
395,10/19/2013,CT HIX,FTE Count,60,65
402,10/19/2013,CT HIX,AHT,560,930
409,10/19/2013,CT HIX,ASA,76,60
416,10/19/2013,CT HIX,AB Rate,3.94,5
465,10/19/2013,DC HIX,Calls Arriving,690,2550
472,10/19/2013,DC HIX,Calls Offered,697,2168
479,10/19/2013,DC HIX,FTE Count,51,52
486,10/19/2013,DC HIX,AHT,518,1500
493,10/19/2013,DC HIX,ASA,7,30
500,10/19/2013,DC HIX,AB Rate,1,3
549,10/19/2013,HI HIX,Calls Arriving,3450,2160
556,10/19/2013,HI HIX,Calls Offered,2666,1620
563,10/19/2013,HI HIX,FTE Count,22,22
570,10/19/2013,HI HIX,AHT,442,720
577,10/19/2013,HI HIX,ASA,51,2
584,10/19/2013,HI HIX,AB Rate,11.96,0.81
507,10/19/2013,MD HIX,Calls Arriving,7857,9360
514,10/19/2013,MD HIX,Calls Offered,7558,9126
521,10/19/2013,MD HIX,FTE Count,81,97
528,10/19/2013,MD HIX,AHT,641,780
535,10/19/2013,MD HIX,ASA,13,6
542,10/19/2013,MD HIX,AB Rate,3.8,3
304,10/19/2013,NY HIX,Calls Arriving,33623,38000
311,10/19/2013,NY HIX,Calls Offered,19107,26000
318,10/19/2013,NY HIX,FTE Count,321,321
325,10/19/2013,NY HIX,AHT,635,900
332,10/19/2013,NY HIX,ASA,9,25
339,10/19/2013,NY HIX,AB Rate,1.26,2.5
346,10/19/2013,VT HIX,Calls Arriving,3719,6736
353,10/19/2013,VT HIX,Calls Offered,3311,5389
360,10/19/2013,VT HIX,AHT,505,480
367,10/19/2013,VT HIX,ASA,165,120
374,10/19/2013,VT HIX,AB Rate,12.38,8
590,10/26/2013,CCO - Boise,Calls Arriving,20134,
597,10/26/2013,CCO - Boise,Calls Offered,20134,
604,10/26/2013,CCO - Boise,FTE Count,1273,1338
611,10/26/2013,CCO - Boise,AHT,1054,510
618,10/26/2013,CCO - Boise,ASA,,
625,10/26/2013,CCO - Boise,AB Rate,,
422,10/26/2013,CCO - Brownsville,Calls Arriving,3952,
429,10/26/2013,CCO - Brownsville,Calls Offered,3952,
436,10/26/2013,CCO - Brownsville,FTE Count,721,740
443,10/26/2013,CCO - Brownsville,AHT,572,510
450,10/26/2013,CCO - Brownsville,ASA,,
457,10/26/2013,CCO - Brownsville,AB Rate,,
380,10/26/2013,CT HIX,Calls Arriving,,
387,10/26/2013,CT HIX,Calls Offered,6346,7024
394,10/26/2013,CT HIX,FTE Count,60,60
401,10/26/2013,CT HIX,AHT,652,700
408,10/26/2013,CT HIX,ASA,114,60
415,10/26/2013,CT HIX,AB Rate,3.34,5
464,10/26/2013,DC HIX,Calls Arriving,966,2550
471,10/26/2013,DC HIX,Calls Offered,941,2168
478,10/26/2013,DC HIX,FTE Count,40,52
485,10/26/2013,DC HIX,AHT,615,1500
492,10/26/2013,DC HIX,ASA,7,30
499,10/26/2013,DC HIX,AB Rate,2.6,3
548,10/26/2013,HI HIX,Calls Arriving,4501,4156
555,10/26/2013,HI HIX,Calls Offered,3233,3325
562,10/26/2013,HI HIX,FTE Count,18,18
569,10/26/2013,HI HIX,AHT,474,510
576,10/26/2013,HI HIX,ASA,67,51
583,10/26/2013,HI HIX,AB Rate,18.62,11.96
506,10/26/2013,MD HIX,Calls Arriving,10464,9360
513,10/26/2013,MD HIX,Calls Offered,10016,9126
520,10/26/2013,MD HIX,FTE Count,100,97
527,10/26/2013,MD HIX,AHT,544,780
534,10/26/2013,MD HIX,ASA,19,6
541,10/26/2013,MD HIX,AB Rate,2.3,3
303,10/26/2013,NY HIX,Calls Arriving,40706,41500
310,10/26/2013,NY HIX,Calls Offered,25990,27571
317,10/26/2013,NY HIX,FTE Count,321,321
324,10/26/2013,NY HIX,AHT,657,750
331,10/26/2013,NY HIX,ASA,22,9
338,10/26/2013,NY HIX,AB Rate,2.54,1.4
345,10/26/2013,VT HIX,Calls Arriving,4576,4383
352,10/26/2013,VT HIX,Calls Offered,3962,3945
359,10/26/2013,VT HIX,AHT,569,510
366,10/26/2013,VT HIX,ASA,387,180
373,10/26/2013,VT HIX,AB Rate,23.32,12
589,11/2/2013,CCO - Boise,Calls Arriving,13391,
596,11/2/2013,CCO - Boise,Calls Offered,13391,
603,11/2/2013,CCO - Boise,FTE Count,954,1311
610,11/2/2013,CCO - Boise,AHT,1060,510
617,11/2/2013,CCO - Boise,ASA,,
624,11/2/2013,CCO - Boise,AB Rate,,
421,11/2/2013,CCO - Brownsville,Calls Arriving,3378,
428,11/2/2013,CCO - Brownsville,Calls Offered,3378,
435,11/2/2013,CCO - Brownsville,FTE Count,701,716
442,11/2/2013,CCO - Brownsville,AHT,670,510
449,11/2/2013,CCO - Brownsville,ASA,,
456,11/2/2013,CCO - Brownsville,AB Rate,,
379,11/2/2013,CT HIX,Calls Arriving,,
386,11/2/2013,CT HIX,Calls Offered,7832,8171
393,11/2/2013,CT HIX,FTE Count,65,65
400,11/2/2013,CT HIX,AHT,506,700
407,11/2/2013,CT HIX,ASA,33,50
414,11/2/2013,CT HIX,AB Rate,1.41,4
463,11/2/2013,DC HIX,Calls Arriving,952,
470,11/2/2013,DC HIX,Calls Offered,894,
477,11/2/2013,DC HIX,FTE Count,40,
484,11/2/2013,DC HIX,AHT,558,
491,11/2/2013,DC HIX,ASA,7,
498,11/2/2013,DC HIX,AB Rate,1.6,
547,11/2/2013,HI HIX,Calls Arriving,4274,4156
554,11/2/2013,HI HIX,Calls Offered,3267,3325
561,11/2/2013,HI HIX,FTE Count,18,18
568,11/2/2013,HI HIX,AHT,491,510
575,11/2/2013,HI HIX,ASA,72,45
582,11/2/2013,HI HIX,AB Rate,16.75,12.5
505,11/2/2013,MD HIX,Calls Arriving,9712,9650
512,11/2/2013,MD HIX,Calls Offered,9325,9315
519,11/2/2013,MD HIX,FTE Count,98,97
526,11/2/2013,MD HIX,AHT,637,780
533,11/2/2013,MD HIX,ASA,32,6
540,11/2/2013,MD HIX,AB Rate,3.2,3
302,11/2/2013,NY HIX,Calls Arriving,35615,42000
309,11/2/2013,NY HIX,Calls Offered,25131,26000
316,11/2/2013,NY HIX,FTE Count,310,321
323,11/2/2013,NY HIX,AHT,645,750
330,11/2/2013,NY HIX,ASA,27,10
337,11/2/2013,NY HIX,AB Rate,2.28,1.6
344,11/2/2013,VT HIX,Calls Arriving,4234,4100
351,11/2/2013,VT HIX,Calls Offered,3721,3690
358,11/2/2013,VT HIX,AHT,677,720
365,11/2/2013,VT HIX,ASA,327,210
372,11/2/2013,VT HIX,AB Rate,21.28,15
588,11/9/2013,CCO - Boise,Calls Arriving,37132,
595,11/9/2013,CCO - Boise,Calls Offered,37132,
602,11/9/2013,CCO - Boise,FTE Count,1205,1156
609,11/9/2013,CCO - Boise,AHT,1159,510
616,11/9/2013,CCO - Boise,ASA,,
623,11/9/2013,CCO - Boise,AB Rate,,
420,11/9/2013,CCO - Brownsville,Calls Arriving,4575,
427,11/9/2013,CCO - Brownsville,Calls Offered,4575,
434,11/9/2013,CCO - Brownsville,FTE Count,707,710
441,11/9/2013,CCO - Brownsville,AHT,538,510
448,11/9/2013,CCO - Brownsville,ASA,,
455,11/9/2013,CCO - Brownsville,AB Rate,,
378,11/9/2013,CT HIX,Calls Arriving,,
385,11/9/2013,CT HIX,Calls Offered,8637,7950
392,11/9/2013,CT HIX,FTE Count,65,65
399,11/9/2013,CT HIX,AHT,510,700
406,11/9/2013,CT HIX,ASA,95,60
413,11/9/2013,CT HIX,AB Rate,3.5,5
462,11/9/2013,DC HIX,Calls Arriving,1021,3959
469,11/9/2013,DC HIX,Calls Offered,986,3662
476,11/9/2013,DC HIX,FTE Count,40,40
483,11/9/2013,DC HIX,AHT,620,780
490,11/9/2013,DC HIX,ASA,8,21
497,11/9/2013,DC HIX,AB Rate,1.4,5
546,11/9/2013,HI HIX,Calls Arriving,4088,4156
553,11/9/2013,HI HIX,Calls Offered,3373,3325
560,11/9/2013,HI HIX,FTE Count,15,18
567,11/9/2013,HI HIX,AHT,498,510
574,11/9/2013,HI HIX,ASA,51,48
581,11/9/2013,HI HIX,AB Rate,11.1,12
504,11/9/2013,MD HIX,Calls Arriving,10040,11262
511,11/9/2013,MD HIX,Calls Offered,9492,10924
518,11/9/2013,MD HIX,FTE Count,97,97
525,11/9/2013,MD HIX,AHT,687,780
532,11/9/2013,MD HIX,ASA,46,6
539,11/9/2013,MD HIX,AB Rate,4.4,3
301,11/9/2013,NY HIX,Calls Arriving,41552,39000
308,11/9/2013,NY HIX,Calls Offered,26243,27500
315,11/9/2013,NY HIX,FTE Count,310,310
322,11/9/2013,NY HIX,AHT,691,652
329,11/9/2013,NY HIX,ASA,42,19
336,11/9/2013,NY HIX,AB Rate,3.04,2
343,11/9/2013,VT HIX,Calls Arriving,4816,5045
350,11/9/2013,VT HIX,Calls Offered,4105,4541
357,11/9/2013,VT HIX,AHT,828,660
364,11/9/2013,VT HIX,ASA,401,210
371,11/9/2013,VT HIX,AB Rate,21.28,15
587,11/16/2013,CCO - Boise,Calls Arriving,49942,
594,11/16/2013,CCO - Boise,Calls Offered,49942,
601,11/16/2013,CCO - Boise,FTE Count,1209,1263
608,11/16/2013,CCO - Boise,AHT,1080,510
615,11/16/2013,CCO - Boise,ASA,,
622,11/16/2013,CCO - Boise,AB Rate,,
419,11/16/2013,CCO - Brownsville,Calls Arriving,11298,
426,11/16/2013,CCO - Brownsville,Calls Offered,11298,
433,11/16/2013,CCO - Brownsville,FTE Count,679,681
440,11/16/2013,CCO - Brownsville,AHT,597,510
447,11/16/2013,CCO - Brownsville,ASA,,
454,11/16/2013,CCO - Brownsville,AB Rate,,
377,11/16/2013,CT HIX,Calls Arriving,,
384,11/16/2013,CT HIX,Calls Offered,7541,6869
391,11/16/2013,CT HIX,FTE Count,50,65
398,11/16/2013,CT HIX,AHT,536,640
405,11/16/2013,CT HIX,ASA,113,60
412,11/16/2013,CT HIX,AB Rate,4.56,5
461,11/16/2013,DC HIX,Calls Arriving,1789,1800
468,11/16/2013,DC HIX,Calls Offered,1701,1656
475,11/16/2013,DC HIX,FTE Count,39,40
482,11/16/2013,DC HIX,AHT,544,540
489,11/16/2013,DC HIX,ASA,15,10
496,11/16/2013,DC HIX,AB Rate,2.3,8
545,11/16/2013,HI HIX,Calls Arriving,3622,4156
552,11/16/2013,HI HIX,Calls Offered,2791,3325
559,11/16/2013,HI HIX,FTE Count,15,15
566,11/16/2013,HI HIX,AHT,447,510
573,11/16/2013,HI HIX,ASA,45,38
580,11/16/2013,HI HIX,AB Rate,11.95,8.22
503,11/16/2013,MD HIX,Calls Arriving,10581,11262
510,11/16/2013,MD HIX,Calls Offered,8370,10924
517,11/16/2013,MD HIX,FTE Count,92,97
524,11/16/2013,MD HIX,AHT,742,780
531,11/16/2013,MD HIX,ASA,167,6
538,11/16/2013,MD HIX,AB Rate,15,3
300,11/16/2013,NY HIX,Calls Arriving,43953,36358
307,11/16/2013,NY HIX,Calls Offered,27305,19241
314,11/16/2013,NY HIX,FTE Count,300,310
321,11/16/2013,NY HIX,AHT,714,695
328,11/16/2013,NY HIX,ASA,203,30
335,11/16/2013,NY HIX,AB Rate,11.8,2.5
342,11/16/2013,VT HIX,Calls Arriving,5142,4200
349,11/16/2013,VT HIX,Calls Offered,4088,3780
356,11/16/2013,VT HIX,AHT,833,660
363,11/16/2013,VT HIX,ASA,539,180
370,11/16/2013,VT HIX,AB Rate,21.28,15
586,11/23/2013,CCO - Boise,Calls Arriving,43205,
593,11/23/2013,CCO - Boise,Calls Offered,43205,
600,11/23/2013,CCO - Boise,FTE Count,1285,1184
607,11/23/2013,CCO - Boise,AHT,1011,510
614,11/23/2013,CCO - Boise,ASA,,
621,11/23/2013,CCO - Boise,AB Rate,,
418,11/23/2013,CCO - Brownsville,Calls Arriving,8471,
425,11/23/2013,CCO - Brownsville,Calls Offered,8471,
432,11/23/2013,CCO - Brownsville,FTE Count,718,672
439,11/23/2013,CCO - Brownsville,AHT,643,510
446,11/23/2013,CCO - Brownsville,ASA,,
453,11/23/2013,CCO - Brownsville,AB Rate,,
376,11/23/2013,CT HIX,Calls Arriving,,
383,11/23/2013,CT HIX,Calls Offered,8366,9390
390,11/23/2013,CT HIX,FTE Count,61,65
397,11/23/2013,CT HIX,AHT,538,640
404,11/23/2013,CT HIX,ASA,85,50
411,11/23/2013,CT HIX,AB Rate,2.63,4
460,11/23/2013,DC HIX,Calls Arriving,2655,1800
467,11/23/2013,DC HIX,Calls Offered,2400,1656
474,11/23/2013,DC HIX,FTE Count,40,40
481,11/23/2013,DC HIX,AHT,508,540
488,11/23/2013,DC HIX,ASA,31,10
495,11/23/2013,DC HIX,AB Rate,5.8,8
544,11/23/2013,HI HIX,Calls Arriving,3442,4156
551,11/23/2013,HI HIX,Calls Offered,2913,3325
558,11/23/2013,HI HIX,FTE Count,15,15
565,11/23/2013,HI HIX,AHT,454,510
572,11/23/2013,HI HIX,ASA,33,39
579,11/23/2013,HI HIX,AB Rate,6.04,8.56
502,11/23/2013,MD HIX,Calls Arriving,10717,11262
509,11/23/2013,MD HIX,Calls Offered,6717,10924
516,11/23/2013,MD HIX,FTE Count,86,95
523,11/23/2013,MD HIX,AHT,846,780
530,11/23/2013,MD HIX,ASA,308,6
537,11/23/2013,MD HIX,AB Rate,22,3
299,11/23/2013,NY HIX,Calls Arriving,47842,36358
306,11/23/2013,NY HIX,Calls Offered,30978,27364.49
313,11/23/2013,NY HIX,FTE Count,349,310
320,11/23/2013,NY HIX,AHT,674,700
327,11/23/2013,NY HIX,ASA,75,33
334,11/23/2013,NY HIX,AB Rate,4.16,2.3
341,11/23/2013,VT HIX,Calls Arriving,6729,4770
348,11/23/2013,VT HIX,Calls Offered,5697,4300
355,11/23/2013,VT HIX,AHT,817,720
362,11/23/2013,VT HIX,ASA,610,210
369,11/23/2013,VT HIX,AB Rate,24.07,15
585,11/30/2013,CCO - Boise,Calls Arriving,27621,
592,11/30/2013,CCO - Boise,Calls Offered,27621,
599,11/30/2013,CCO - Boise,FTE Count,1246,1212
606,11/30/2013,CCO - Boise,AHT,964,510
613,11/30/2013,CCO - Boise,ASA,,
620,11/30/2013,CCO - Boise,AB Rate,,
417,11/30/2013,CCO - Brownsville,Calls Arriving,12331,
424,11/30/2013,CCO - Brownsville,Calls Offered,12331,
431,11/30/2013,CCO - Brownsville,FTE Count,688,654
438,11/30/2013,CCO - Brownsville,AHT,853,510
445,11/30/2013,CCO - Brownsville,ASA,,
452,11/30/2013,CCO - Brownsville,AB Rate,,
375,11/30/2013,CT HIX,Calls Arriving,,
382,11/30/2013,CT HIX,Calls Offered,5601,7238
389,11/30/2013,CT HIX,FTE Count,41,54
396,11/30/2013,CT HIX,AHT,526,640
403,11/30/2013,CT HIX,ASA,55,50
410,11/30/2013,CT HIX,AB Rate,2.2,4
459,11/30/2013,DC HIX,Calls Arriving,2337,2100
466,11/30/2013,DC HIX,Calls Offered,2048,2016
473,11/30/2013,DC HIX,FTE Count,39,40
480,11/30/2013,DC HIX,AHT,506,590
487,11/30/2013,DC HIX,ASA,66,18
494,11/30/2013,DC HIX,AB Rate,10.7,4
543,11/30/2013,HI HIX,Calls Arriving,2701,3203
550,11/30/2013,HI HIX,Calls Offered,2236,2275
557,11/30/2013,HI HIX,FTE Count,15,15
564,11/30/2013,HI HIX,AHT,466,485
571,11/30/2013,HI HIX,ASA,20,36
578,11/30/2013,HI HIX,AB Rate,2.53,7.23
501,11/30/2013,MD HIX,Calls Arriving,7685,11262
508,11/30/2013,MD HIX,Calls Offered,5751,10924
515,11/30/2013,MD HIX,FTE Count,86,90
522,11/30/2013,MD HIX,AHT,936,780
529,11/30/2013,MD HIX,ASA,421,6
536,11/30/2013,MD HIX,AB Rate,25.2,3
298,11/30/2013,NY HIX,Calls Arriving,38086,41208
305,11/30/2013,NY HIX,Calls Offered,25010,26846
312,11/30/2013,NY HIX,FTE Count,364,360
319,11/30/2013,NY HIX,AHT,679,678
326,11/30/2013,NY HIX,ASA,98,57
333,11/30/2013,NY HIX,AB Rate,4.94,4.66
340,11/30/2013,VT HIX,Calls Arriving,5822,5101
347,11/30/2013,VT HIX,Calls Offered,5681,4336
354,11/30/2013,VT HIX,AHT,911.6,720
361,11/30/2013,VT HIX,ASA,1134,240
368,11/30/2013,VT HIX,AB Rate,41,15
