<?xml version = '1.0' encoding = 'UTF-8'?>
<TableProxyOraclev11g class="oracle.dbtools.crest.model.design.storage.oracle.v11g.TableProxyOraclev11g" name="D_ONL_INSTANCE_STATUS" id="0F7F1012-B838-205C-E57B-9684BDC57C45" directorySegmentName="seg_0">
<createdBy>mb56142</createdBy>
<createdTime>2013-10-06 20:01:08 UTC</createdTime>
<ownerDesignName>ILEB_BPM_Semantic_data_model_diagram</ownerDesignName>
<logging>YES</logging>
<parallel>YES</parallel>
<partitionedRowMovement>DISABLE</partitionedRowMovement>
<segment>7DBC0E71-A226-C53C-5DEB-7A9110772902</segment>
<tableSpace>79CFDA5E-77E2-A62B-2F24-6771BFB90E2F</tableSpace>
<columnProxies>
<ColumnProxy class="oracle.dbtools.crest.model.design.storage.oracle.v11g.ColumnProxyOraclev11g" name="DONLIS_ID" id="228C29CD-0ED3-6436-D8E8-3B8C4B9BB8DE">
<createdBy>mb56142</createdBy>
<createdTime>2013-10-06 20:01:08 UTC</createdTime>
<ownerDesignName>ILEB_BPM_Semantic_data_model_diagram</ownerDesignName>
</ColumnProxy>
<ColumnProxy class="oracle.dbtools.crest.model.design.storage.oracle.v11g.ColumnProxyOraclev11g" name="INSTANCE_STATUS" id="FC5936FD-6253-D5FA-679A-31CD444B8E5A">
<createdBy>mb56142</createdBy>
<createdTime>2013-10-06 20:01:08 UTC</createdTime>
<ownerDesignName>ILEB_BPM_Semantic_data_model_diagram</ownerDesignName>
</ColumnProxy>
</columnProxies>
<indexProxies>
<IndexProxy class="oracle.dbtools.crest.model.design.storage.oracle.v10g.IndexProxyOraclev10g" name="DONLIS_PK_UIX1" id="39E5AC33-B833-FB55-BC5A-2FEC9BC4AAB6">
<createdBy>mb56142</createdBy>
<createdTime>2013-10-06 20:01:09 UTC</createdTime>
<ownerDesignName>ILEB_BPM_Semantic_data_model_diagram</ownerDesignName>
<parallel>YES</parallel>
<segment>B20A1E46-F681-17D0-69F9-EED0965ABE10</segment>
<tableSpace>E0343B14-E7BD-E486-E9DD-7B9C0DD13BE4</tableSpace>
</IndexProxy>
<IndexProxy class="oracle.dbtools.crest.model.design.storage.oracle.v10g.IndexProxyOraclev10g" name="DONLIS_PK" id="FB31F2F3-14F5-A85F-0E64-70714D341298">
<createdBy>mb56142</createdBy>
<createdTime>2013-10-06 20:01:09 UTC</createdTime>
<ownerDesignName>ILEB_BPM_Semantic_data_model_diagram</ownerDesignName>
<segment>B20A1E46-F681-17D0-69F9-EED0965ABE10</segment>
<tableSpace>E0343B14-E7BD-E486-E9DD-7B9C0DD13BE4</tableSpace>
</IndexProxy>
</indexProxies>
<primaryKeys>
<PrimaryKey class="oracle.dbtools.crest.model.design.storage.oracle.v10g.PKProxyOraclev10g" name="DONLIS_PK" id="13BE8090-5A84-3215-64FB-58D31195E736">
<createdBy>mb56142</createdBy>
<createdTime>2013-10-06 20:01:10 UTC</createdTime>
<ownerDesignName>ILEB_BPM_Semantic_data_model_diagram</ownerDesignName>
<tableSpace>E0343B14-E7BD-E486-E9DD-7B9C0DD13BE4</tableSpace>
<existingIndex>FB31F2F3-14F5-A85F-0E64-70714D341298</existingIndex>
<indexSegment>B20A1E46-F681-17D0-69F9-EED0965ABE10</indexSegment>
<indexSort>SORTED</indexSort>
<usingIndex>BY INDEX NAME</usingIndex>
</PrimaryKey>
</primaryKeys>
</TableProxyOraclev11g>