<?xml version = '1.0' encoding = 'UTF-8'?>
<TableProxyOraclev11g class="oracle.dbtools.crest.model.design.storage.oracle.v11g.TableProxyOraclev11g" name="D_ONL_CURRENT" id="5BCC5CFF-E913-9CBF-A3D2-C4A89A54F651" directorySegmentName="seg_0">
<createdBy>mb56142</createdBy>
<createdTime>2013-10-06 19:59:52 UTC</createdTime>
<ownerDesignName>ILEB_BPM_Semantic_data_model_diagram</ownerDesignName>
<logging>YES</logging>
<parallel>YES</parallel>
<partitionedRowMovement>DISABLE</partitionedRowMovement>
<segment>7DBC0E71-A226-C53C-5DEB-7A9110772902</segment>
<tableSpace>79CFDA5E-77E2-A62B-2F24-6771BFB90E2F</tableSpace>
<columnProxies>
<ColumnProxy class="oracle.dbtools.crest.model.design.storage.oracle.v11g.ColumnProxyOraclev11g" name="WORK_IDENTIFIED_FLAG" id="0075024B-0E76-108F-34F1-6A7D103FA0A4">
<createdBy>mb56142</createdBy>
<createdTime>2013-10-06 19:59:56 UTC</createdTime>
<ownerDesignName>ILEB_BPM_Semantic_data_model_diagram</ownerDesignName>
</ColumnProxy>
<ColumnProxy class="oracle.dbtools.crest.model.design.storage.oracle.v11g.ColumnProxyOraclev11g" name="TRANSACTION_TYPE" id="00F03CFE-8BB7-7102-1DFA-EAC5D9E54BB4">
<createdBy>mb56142</createdBy>
<createdTime>2013-10-06 19:59:53 UTC</createdTime>
<ownerDesignName>ILEB_BPM_Semantic_data_model_diagram</ownerDesignName>
</ColumnProxy>
<ColumnProxy class="oracle.dbtools.crest.model.design.storage.oracle.v11g.ColumnProxyOraclev11g" name="LAST_UPDATE_DATE" id="0460A0F5-8F9C-C056-2DC6-AE3427F1F467">
<createdBy>mb56142</createdBy>
<createdTime>2013-10-06 19:59:55 UTC</createdTime>
<ownerDesignName>ILEB_BPM_Semantic_data_model_diagram</ownerDesignName>
</ColumnProxy>
<ColumnProxy class="oracle.dbtools.crest.model.design.storage.oracle.v11g.ColumnProxyOraclev11g" name="CUR_INSTANCE_STATUS" id="0573CDC2-5936-3476-FFCB-F1CB5FDA0500">
<createdBy>mb56142</createdBy>
<createdTime>2013-10-06 19:59:54 UTC</createdTime>
<ownerDesignName>ILEB_BPM_Semantic_data_model_diagram</ownerDesignName>
</ColumnProxy>
<ColumnProxy class="oracle.dbtools.crest.model.design.storage.oracle.v11g.ColumnProxyOraclev11g" name="CREATE_ROUTE_WORK_FLAG" id="0B97FE29-CB04-1DAF-08DD-69B844DB9BBD">
<createdBy>mb56142</createdBy>
<createdTime>2013-10-06 19:59:56 UTC</createdTime>
<ownerDesignName>ILEB_BPM_Semantic_data_model_diagram</ownerDesignName>
</ColumnProxy>
<ColumnProxy class="oracle.dbtools.crest.model.design.storage.oracle.v11g.ColumnProxyOraclev11g" name="CREATE_ROUTE_WORK_END_DATE" id="0CC5212F-67AE-A89D-ACCE-1C5851715838">
<createdBy>mb56142</createdBy>
<createdTime>2013-10-06 19:59:56 UTC</createdTime>
<ownerDesignName>ILEB_BPM_Semantic_data_model_diagram</ownerDesignName>
</ColumnProxy>
<ColumnProxy class="oracle.dbtools.crest.model.design.storage.oracle.v11g.ColumnProxyOraclev11g" name="JEOPARDY_DATE" id="140243F1-A672-8717-EAF9-DA4E890E00C9">
<createdBy>mb56142</createdBy>
<createdTime>2013-10-06 19:59:59 UTC</createdTime>
<ownerDesignName>ILEB_BPM_Semantic_data_model_diagram</ownerDesignName>
</ColumnProxy>
<ColumnProxy class="oracle.dbtools.crest.model.design.storage.oracle.v11g.ColumnProxyOraclev11g" name="CANCEL_BY" id="1524F4F6-9713-C49A-2C3E-C19FBD0CF57B">
<createdBy>mb56142</createdBy>
<createdTime>2013-10-06 19:59:57 UTC</createdTime>
<ownerDesignName>ILEB_BPM_Semantic_data_model_diagram</ownerDesignName>
</ColumnProxy>
<ColumnProxy class="oracle.dbtools.crest.model.design.storage.oracle.v11g.ColumnProxyOraclev11g" name="TIMELINESS_STATUS" id="17244B27-8752-E955-2E86-F5C7FE6615D2">
<createdBy>mb56142</createdBy>
<createdTime>2013-10-06 19:59:57 UTC</createdTime>
<ownerDesignName>ILEB_BPM_Semantic_data_model_diagram</ownerDesignName>
</ColumnProxy>
<ColumnProxy class="oracle.dbtools.crest.model.design.storage.oracle.v11g.ColumnProxyOraclev11g" name="AGE_IN_BUSINESS_DAYS" id="173906AE-1F92-FD7F-DE35-9DF67D5E1C2E">
<createdBy>mb56142</createdBy>
<createdTime>2013-10-06 19:59:57 UTC</createdTime>
<ownerDesignName>ILEB_BPM_Semantic_data_model_diagram</ownerDesignName>
</ColumnProxy>
<ColumnProxy class="oracle.dbtools.crest.model.design.storage.oracle.v11g.ColumnProxyOraclev11g" name="SLA_DAYS_TYPE" id="238A260E-B96F-B02A-D794-E67369A8FD4A">
<createdBy>mb56142</createdBy>
<createdTime>2013-10-06 19:59:58 UTC</createdTime>
<ownerDesignName>ILEB_BPM_Semantic_data_model_diagram</ownerDesignName>
</ColumnProxy>
<ColumnProxy class="oracle.dbtools.crest.model.design.storage.oracle.v11g.ColumnProxyOraclev11g" name="CREATE_BY_NAME" id="29DD5CAF-D571-D354-68C2-92B14BBE70C7">
<createdBy>mb56142</createdBy>
<createdTime>2013-10-06 19:59:53 UTC</createdTime>
<ownerDesignName>ILEB_BPM_Semantic_data_model_diagram</ownerDesignName>
</ColumnProxy>
<ColumnProxy class="oracle.dbtools.crest.model.design.storage.oracle.v11g.ColumnProxyOraclev11g" name="JEOPARDY_DAYS_TYPE" id="2B0901C2-B860-6B88-30CD-8FB355AA3CC0">
<createdBy>mb56142</createdBy>
<createdTime>2013-10-06 19:59:58 UTC</createdTime>
<ownerDesignName>ILEB_BPM_Semantic_data_model_diagram</ownerDesignName>
</ColumnProxy>
<ColumnProxy class="oracle.dbtools.crest.model.design.storage.oracle.v11g.ColumnProxyOraclev11g" name="CLIENT_ID" id="2F1530EC-A5EA-1E43-DC44-994A0AD43FD0">
<createdBy>mb56142</createdBy>
<createdTime>2013-10-06 19:59:54 UTC</createdTime>
<ownerDesignName>ILEB_BPM_Semantic_data_model_diagram</ownerDesignName>
</ColumnProxy>
<ColumnProxy class="oracle.dbtools.crest.model.design.storage.oracle.v11g.ColumnProxyOraclev11g" name="CREATE_DATE" id="3284E13E-4C8D-FE6B-E4F8-4DA290511504">
<createdBy>mb56142</createdBy>
<createdTime>2013-10-06 19:59:53 UTC</createdTime>
<ownerDesignName>ILEB_BPM_Semantic_data_model_diagram</ownerDesignName>
</ColumnProxy>
<ColumnProxy class="oracle.dbtools.crest.model.design.storage.oracle.v11g.ColumnProxyOraclev11g" name="WORK_REQUIRED_FLAG" id="5601F187-599A-8C00-86E8-E5CD25AF8DC8">
<createdBy>mb56142</createdBy>
<createdTime>2013-10-06 19:59:54 UTC</createdTime>
<ownerDesignName>ILEB_BPM_Semantic_data_model_diagram</ownerDesignName>
</ColumnProxy>
<ColumnProxy class="oracle.dbtools.crest.model.design.storage.oracle.v11g.ColumnProxyOraclev11g" name="PROCESS_NEW_INFO_FLAG" id="5A3C055F-4A74-97FD-546A-D4A5E47DA9C4">
<createdBy>mb56142</createdBy>
<createdTime>2013-10-06 19:59:55 UTC</createdTime>
<ownerDesignName>ILEB_BPM_Semantic_data_model_diagram</ownerDesignName>
</ColumnProxy>
<ColumnProxy class="oracle.dbtools.crest.model.design.storage.oracle.v11g.ColumnProxyOraclev11g" name="LANGUAGE" id="64266374-4B1F-AF81-CD2A-ED83CDC4C090">
<createdBy>mb56142</createdBy>
<createdTime>2013-10-06 19:59:55 UTC</createdTime>
<ownerDesignName>ILEB_BPM_Semantic_data_model_diagram</ownerDesignName>
</ColumnProxy>
<ColumnProxy class="oracle.dbtools.crest.model.design.storage.oracle.v11g.ColumnProxyOraclev11g" name="COMPLETE_DATE" id="646FF4A3-9993-78B2-904C-89099857D2B8">
<createdBy>mb56142</createdBy>
<createdTime>2013-10-06 19:59:57 UTC</createdTime>
<ownerDesignName>ILEB_BPM_Semantic_data_model_diagram</ownerDesignName>
</ColumnProxy>
<ColumnProxy class="oracle.dbtools.crest.model.design.storage.oracle.v11g.ColumnProxyOraclev11g" name="CANCEL_DATE" id="70E0D493-E0DD-CE07-44EE-0BDA793AFCFF">
<createdBy>mb56142</createdBy>
<createdTime>2013-10-06 19:59:57 UTC</createdTime>
<ownerDesignName>ILEB_BPM_Semantic_data_model_diagram</ownerDesignName>
</ColumnProxy>
<ColumnProxy class="oracle.dbtools.crest.model.design.storage.oracle.v11g.ColumnProxyOraclev11g" name="CREATE_ROUTE_WORK_START_DATE" id="796F6607-5676-A056-D114-BA658ED4C6C3">
<createdBy>mb56142</createdBy>
<createdTime>2013-10-06 19:59:56 UTC</createdTime>
<ownerDesignName>ILEB_BPM_Semantic_data_model_diagram</ownerDesignName>
</ColumnProxy>
<ColumnProxy class="oracle.dbtools.crest.model.design.storage.oracle.v11g.ColumnProxyOraclev11g" name="JEOPARDY_TARGET_DAYS" id="86F47182-FC1F-A71E-E967-45B6189C7A31">
<createdBy>mb56142</createdBy>
<createdTime>2013-10-06 19:59:59 UTC</createdTime>
<ownerDesignName>ILEB_BPM_Semantic_data_model_diagram</ownerDesignName>
</ColumnProxy>
<ColumnProxy class="oracle.dbtools.crest.model.design.storage.oracle.v11g.ColumnProxyOraclev11g" name="LAST_UPDATED_BY_NAME" id="88E52C47-881B-DF40-450B-528B91E36F95">
<createdBy>mb56142</createdBy>
<createdTime>2013-10-06 19:59:55 UTC</createdTime>
<ownerDesignName>ILEB_BPM_Semantic_data_model_diagram</ownerDesignName>
</ColumnProxy>
<ColumnProxy class="oracle.dbtools.crest.model.design.storage.oracle.v11g.ColumnProxyOraclev11g" name="CASE_ID" id="88FB091B-3023-FA59-541F-3697840EF1EC">
<createdBy>mb56142</createdBy>
<createdTime>2013-10-06 19:59:54 UTC</createdTime>
<ownerDesignName>ILEB_BPM_Semantic_data_model_diagram</ownerDesignName>
</ColumnProxy>
<ColumnProxy class="oracle.dbtools.crest.model.design.storage.oracle.v11g.ColumnProxyOraclev11g" name="PROCESS_NEW_INFO_START_DATE" id="8F9DA0CC-1859-93E4-0127-CC78496DA216">
<createdBy>mb56142</createdBy>
<createdTime>2013-10-06 19:59:55 UTC</createdTime>
<ownerDesignName>ILEB_BPM_Semantic_data_model_diagram</ownerDesignName>
</ColumnProxy>
<ColumnProxy class="oracle.dbtools.crest.model.design.storage.oracle.v11g.ColumnProxyOraclev11g" name="SOURCE_RECORD_ID" id="9861BD53-7166-7053-3239-9852B2A269C1">
<createdBy>mb56142</createdBy>
<createdTime>2013-10-06 19:59:54 UTC</createdTime>
<ownerDesignName>ILEB_BPM_Semantic_data_model_diagram</ownerDesignName>
</ColumnProxy>
<ColumnProxy class="oracle.dbtools.crest.model.design.storage.oracle.v11g.ColumnProxyOraclev11g" name="JEOPARDY_STATUS" id="9C01A502-CBFA-D36F-3B8D-65D6EA82C39A">
<createdBy>mb56142</createdBy>
<createdTime>2013-10-06 19:59:58 UTC</createdTime>
<ownerDesignName>ILEB_BPM_Semantic_data_model_diagram</ownerDesignName>
</ColumnProxy>
<ColumnProxy class="oracle.dbtools.crest.model.design.storage.oracle.v11g.ColumnProxyOraclev11g" name="PROCESS_NEW_INFO_END_DATE" id="A059DE8A-8999-B509-64DF-6A117832D52C">
<createdBy>mb56142</createdBy>
<createdTime>2013-10-06 19:59:55 UTC</createdTime>
<ownerDesignName>ILEB_BPM_Semantic_data_model_diagram</ownerDesignName>
</ColumnProxy>
<ColumnProxy class="oracle.dbtools.crest.model.design.storage.oracle.v11g.ColumnProxyOraclev11g" name="CANCEL_METHOD" id="AEDFB7CD-465D-6A85-2004-FD9B515180B3">
<createdBy>mb56142</createdBy>
<createdTime>2013-10-06 19:59:56 UTC</createdTime>
<ownerDesignName>ILEB_BPM_Semantic_data_model_diagram</ownerDesignName>
</ColumnProxy>
<ColumnProxy class="oracle.dbtools.crest.model.design.storage.oracle.v11g.ColumnProxyOraclev11g" name="SOURCE_RECORD_TYPE" id="B57895A6-A575-A23D-B335-B5D29521D0CD">
<createdBy>mb56142</createdBy>
<createdTime>2013-10-06 19:59:54 UTC</createdTime>
<ownerDesignName>ILEB_BPM_Semantic_data_model_diagram</ownerDesignName>
</ColumnProxy>
<ColumnProxy class="oracle.dbtools.crest.model.design.storage.oracle.v11g.ColumnProxyOraclev11g" name="SLA_DAYS" id="C839A78B-8C55-413A-5CF6-49E99F992B43">
<createdBy>mb56142</createdBy>
<createdTime>2013-10-06 19:59:58 UTC</createdTime>
<ownerDesignName>ILEB_BPM_Semantic_data_model_diagram</ownerDesignName>
</ColumnProxy>
<ColumnProxy class="oracle.dbtools.crest.model.design.storage.oracle.v11g.ColumnProxyOraclev11g" name="JEOPARDY_DAYS" id="DC53CF5E-427D-37F8-7858-CF41CF4CC509">
<createdBy>mb56142</createdBy>
<createdTime>2013-10-06 19:59:58 UTC</createdTime>
<ownerDesignName>ILEB_BPM_Semantic_data_model_diagram</ownerDesignName>
</ColumnProxy>
<ColumnProxy class="oracle.dbtools.crest.model.design.storage.oracle.v11g.ColumnProxyOraclev11g" name="ONL_BI_ID" id="E718D00D-5FFA-B035-1965-D34238A9E110">
<createdBy>mb56142</createdBy>
<createdTime>2013-10-06 19:59:53 UTC</createdTime>
<ownerDesignName>ILEB_BPM_Semantic_data_model_diagram</ownerDesignName>
</ColumnProxy>
<ColumnProxy class="oracle.dbtools.crest.model.design.storage.oracle.v11g.ColumnProxyOraclev11g" name="AGE_IN_CALENDAR_DAYS" id="EB2AFE0C-7B6C-5A32-8A75-212B011E8B37">
<createdBy>mb56142</createdBy>
<createdTime>2013-10-06 19:59:57 UTC</createdTime>
<ownerDesignName>ILEB_BPM_Semantic_data_model_diagram</ownerDesignName>
</ColumnProxy>
<ColumnProxy class="oracle.dbtools.crest.model.design.storage.oracle.v11g.ColumnProxyOraclev11g" name="SLA_TARGET_DAYS" id="EE39B6CD-8456-8DF8-D156-6DC541B43390">
<createdBy>mb56142</createdBy>
<createdTime>2013-10-06 19:59:58 UTC</createdTime>
<ownerDesignName>ILEB_BPM_Semantic_data_model_diagram</ownerDesignName>
</ColumnProxy>
<ColumnProxy class="oracle.dbtools.crest.model.design.storage.oracle.v11g.ColumnProxyOraclev11g" name="TRANSACTION_ID" id="F51EDF21-3814-D97D-626C-98E2ACFD7373">
<createdBy>mb56142</createdBy>
<createdTime>2013-10-06 19:59:53 UTC</createdTime>
<ownerDesignName>ILEB_BPM_Semantic_data_model_diagram</ownerDesignName>
</ColumnProxy>
<ColumnProxy class="oracle.dbtools.crest.model.design.storage.oracle.v11g.ColumnProxyOraclev11g" name="CANCEL_REASON" id="FC34461E-E3BF-F706-088C-0DF704C2A916">
<createdBy>mb56142</createdBy>
<createdTime>2013-10-06 19:59:56 UTC</createdTime>
<ownerDesignName>ILEB_BPM_Semantic_data_model_diagram</ownerDesignName>
</ColumnProxy>
</columnProxies>
<indexProxies>
<IndexProxy class="oracle.dbtools.crest.model.design.storage.oracle.v10g.IndexProxyOraclev10g" name="DONLCUR_PK" id="C36082E5-3611-27E0-04E3-89A0A1C1479B">
<createdBy>mb56142</createdBy>
<createdTime>2013-10-06 20:00:00 UTC</createdTime>
<ownerDesignName>ILEB_BPM_Semantic_data_model_diagram</ownerDesignName>
<segment>B20A1E46-F681-17D0-69F9-EED0965ABE10</segment>
<tableSpace>E0343B14-E7BD-E486-E9DD-7B9C0DD13BE4</tableSpace>
</IndexProxy>
</indexProxies>
<primaryKeys>
<PrimaryKey class="oracle.dbtools.crest.model.design.storage.oracle.v10g.PKProxyOraclev10g" name="DONLCUR_PK" id="7BE28942-2B40-874E-C787-088336516EEF">
<createdBy>mb56142</createdBy>
<createdTime>2013-10-06 20:00:02 UTC</createdTime>
<ownerDesignName>ILEB_BPM_Semantic_data_model_diagram</ownerDesignName>
<tableSpace>E0343B14-E7BD-E486-E9DD-7B9C0DD13BE4</tableSpace>
<existingIndex>C36082E5-3611-27E0-04E3-89A0A1C1479B</existingIndex>
<indexSegment>B20A1E46-F681-17D0-69F9-EED0965ABE10</indexSegment>
<indexSort>SORTED</indexSort>
<usingIndex>BY INDEX NAME</usingIndex>
</PrimaryKey>
</primaryKeys>
</TableProxyOraclev11g>