<?xml version = '1.0' encoding = 'UTF-8'?>
<TableProxyOraclev11g class="oracle.dbtools.crest.model.design.storage.oracle.v11g.TableProxyOraclev11g" name="D_MFDOC_DOCUMENT_STATUS" id="78D9D560-81E7-EA7B-C614-3294FC80D212" directorySegmentName="seg_0">
<createdBy>mb56142</createdBy>
<createdTime>2013-06-19 23:03:10 UTC</createdTime>
<ownerDesignName>ILEB_BPM_Semantic_data_model_diagram</ownerDesignName>
<logging>YES</logging>
<columnProxies>
<ColumnProxy class="oracle.dbtools.crest.model.design.storage.oracle.v11g.ColumnProxyOraclev11g" name="DMFDOCDS_ID" id="2BB2D32D-0D1F-AD2F-7F3B-CAAF1C49870F">
<createdBy>mb56142</createdBy>
<createdTime>2013-06-19 23:03:10 UTC</createdTime>
<ownerDesignName>ILEB_BPM_Semantic_data_model_diagram</ownerDesignName>
</ColumnProxy>
<ColumnProxy class="oracle.dbtools.crest.model.design.storage.oracle.v11g.ColumnProxyOraclev11g" name="Document Status" id="95D73F68-C32D-EBEA-B26E-74A5E8CD63DB">
<createdBy>mb56142</createdBy>
<createdTime>2013-06-19 23:03:10 UTC</createdTime>
<ownerDesignName>ILEB_BPM_Semantic_data_model_diagram</ownerDesignName>
</ColumnProxy>
</columnProxies>
<indexProxies>
<IndexProxy class="oracle.dbtools.crest.model.design.storage.oracle.v10g.IndexProxyOraclev10g" name="DMFDOCDS_UIX1" id="5BD32192-29C5-D7C7-BABA-566B9B0A5DD8">
<createdBy>mb56142</createdBy>
<createdTime>2013-06-19 23:03:10 UTC</createdTime>
<ownerDesignName>ILEB_BPM_Semantic_data_model_diagram</ownerDesignName>
</IndexProxy>
</indexProxies>
<primaryKeys>
<PrimaryKey class="oracle.dbtools.crest.model.design.storage.oracle.v10g.PKProxyOraclev10g" name="DMFDOCDS_PK" id="BB653C8F-9523-EDF1-6A42-9D0C2AA874A4">
<createdBy>mb56142</createdBy>
<createdTime>2013-06-19 23:03:10 UTC</createdTime>
<ownerDesignName>ILEB_BPM_Semantic_data_model_diagram</ownerDesignName>
<indexSort>SORTED</indexSort>
</PrimaryKey>
</primaryKeys>
</TableProxyOraclev11g>