<?xml version = '1.0' encoding = 'UTF-8'?>
<TableProxyOraclev11g class="oracle.dbtools.crest.model.design.storage.oracle.v11g.TableProxyOraclev11g" name="D_PL_CURRENT" id="7DA9B642-E00A-25E4-57CE-2B549A1F378D" directorySegmentName="seg_0">
<createdBy>mb56142</createdBy>
<createdTime>2013-06-19 23:04:02 UTC</createdTime>
<ownerDesignName>ILEB_BPM_Semantic_data_model_diagram</ownerDesignName>
<logging>YES</logging>
<partitionedRowMovement>DISABLE</partitionedRowMovement>
<segment>246412C1-4CEA-EEDD-8CE7-6F68511EF2CC</segment>
<tableSpace>9A9E647A-14A0-C918-14B6-4A5DA74AA69F</tableSpace>
<columnProxies>
<ColumnProxy class="oracle.dbtools.crest.model.design.storage.oracle.v11g.ColumnProxyOraclev11g" name="JEOPARDY_STATUS" id="004116B4-B4BC-D0FC-A92D-947D93AE5752">
<createdBy>mb56142</createdBy>
<createdTime>2013-06-19 23:04:03 UTC</createdTime>
<ownerDesignName>ILEB_BPM_Semantic_data_model_diagram</ownerDesignName>
</ColumnProxy>
<ColumnProxy class="oracle.dbtools.crest.model.design.storage.oracle.v11g.ColumnProxyOraclev11g" name="REPRINT" id="007FE7A4-B4FB-118D-8092-8F4314BB11CB">
<createdBy>mb56142</createdBy>
<createdTime>2013-06-19 23:04:02 UTC</createdTime>
<ownerDesignName>ILEB_BPM_Semantic_data_model_diagram</ownerDesignName>
</ColumnProxy>
<ColumnProxy class="oracle.dbtools.crest.model.design.storage.oracle.v11g.ColumnProxyOraclev11g" name="INSTANCE_STATUS" id="00B6785B-C9D6-5C30-0FAC-4C823D5501C2">
<createdBy>mb56142</createdBy>
<createdTime>2013-06-19 23:04:02 UTC</createdTime>
<ownerDesignName>ILEB_BPM_Semantic_data_model_diagram</ownerDesignName>
</ColumnProxy>
<ColumnProxy class="oracle.dbtools.crest.model.design.storage.oracle.v11g.ColumnProxyOraclev11g" name="LETTER_STATUS" id="0A9D2E1D-AADE-0F29-A30C-6CDE6F6B154F">
<createdBy>mb56142</createdBy>
<createdTime>2013-06-19 23:04:02 UTC</createdTime>
<ownerDesignName>ILEB_BPM_Semantic_data_model_diagram</ownerDesignName>
</ColumnProxy>
<ColumnProxy class="oracle.dbtools.crest.model.design.storage.oracle.v11g.ColumnProxyOraclev11g" name="CANCEL_BY" id="0F7AE4FC-76A4-64B2-9CEA-46E651C2AE5D">
<createdBy>mb56142</createdBy>
<createdTime>2013-06-19 23:04:02 UTC</createdTime>
<ownerDesignName>ILEB_BPM_Semantic_data_model_diagram</ownerDesignName>
</ColumnProxy>
<ColumnProxy class="oracle.dbtools.crest.model.design.storage.oracle.v11g.ColumnProxyOraclev11g" name="CASE_ID" id="13CF15F6-A899-D1F5-EED9-2B03F717B18D">
<createdBy>mb56142</createdBy>
<createdTime>2013-06-19 23:04:02 UTC</createdTime>
<ownerDesignName>ILEB_BPM_Semantic_data_model_diagram</ownerDesignName>
</ColumnProxy>
<ColumnProxy class="oracle.dbtools.crest.model.design.storage.oracle.v11g.ColumnProxyOraclev11g" name="WORK_REQUIRED_FLAG" id="169D67F5-DD32-8B37-694E-A27401EF82B6">
<createdBy>mb56142</createdBy>
<createdTime>2013-06-19 23:04:03 UTC</createdTime>
<ownerDesignName>ILEB_BPM_Semantic_data_model_diagram</ownerDesignName>
</ColumnProxy>
<ColumnProxy class="oracle.dbtools.crest.model.design.storage.oracle.v11g.ColumnProxyOraclev11g" name="REJECTION_REASON" id="1719B85D-22C4-C41B-D8EF-B638CF2EB5FC">
<createdBy>mb56142</createdBy>
<createdTime>2013-06-19 23:04:02 UTC</createdTime>
<ownerDesignName>ILEB_BPM_Semantic_data_model_diagram</ownerDesignName>
</ColumnProxy>
<ColumnProxy class="oracle.dbtools.crest.model.design.storage.oracle.v11g.ColumnProxyOraclev11g" name="LANGUAGE" id="213B4236-F5BF-E022-B7C9-5EDFB9941F84">
<createdBy>mb56142</createdBy>
<createdTime>2013-06-19 23:04:02 UTC</createdTime>
<ownerDesignName>ILEB_BPM_Semantic_data_model_diagram</ownerDesignName>
</ColumnProxy>
<ColumnProxy class="oracle.dbtools.crest.model.design.storage.oracle.v11g.ColumnProxyOraclev11g" name="PROCESS_LETTERS_FLAG" id="2155872B-FA5E-04F9-F6B2-B162EBFDBE49">
<createdBy>mb56142</createdBy>
<createdTime>2013-06-19 23:04:03 UTC</createdTime>
<ownerDesignName>ILEB_BPM_Semantic_data_model_diagram</ownerDesignName>
</ColumnProxy>
<ColumnProxy class="oracle.dbtools.crest.model.design.storage.oracle.v11g.ColumnProxyOraclev11g" name="REQUEST_DRIVER_TYPE" id="26B969FE-38A3-45E1-5E21-99E7E0A768E8">
<createdBy>mb56142</createdBy>
<createdTime>2013-06-19 23:04:02 UTC</createdTime>
<ownerDesignName>ILEB_BPM_Semantic_data_model_diagram</ownerDesignName>
</ColumnProxy>
<ColumnProxy class="oracle.dbtools.crest.model.design.storage.oracle.v11g.ColumnProxyOraclev11g" name="TIMELINESS_STATUS" id="29D6AC8A-091F-CDE9-B9AD-EF3FC8F00BCA">
<createdBy>mb56142</createdBy>
<createdTime>2013-06-19 23:04:03 UTC</createdTime>
<ownerDesignName>ILEB_BPM_Semantic_data_model_diagram</ownerDesignName>
</ColumnProxy>
<ColumnProxy class="oracle.dbtools.crest.model.design.storage.oracle.v11g.ColumnProxyOraclev11g" name="COMPLETE_DATE" id="2AEA7F5B-0E5C-5C9D-FF94-4ED42AAB603A">
<createdBy>mb56142</createdBy>
<createdTime>2013-06-19 23:04:02 UTC</createdTime>
<ownerDesignName>ILEB_BPM_Semantic_data_model_diagram</ownerDesignName>
</ColumnProxy>
<ColumnProxy class="oracle.dbtools.crest.model.design.storage.oracle.v11g.ColumnProxyOraclev11g" name="SEND_TO_MAIL_HOUSE_END_DATE" id="2DAC9F3A-3148-A086-CE1B-DAF33977B2F1">
<createdBy>mb56142</createdBy>
<createdTime>2013-06-19 23:04:02 UTC</createdTime>
<ownerDesignName>ILEB_BPM_Semantic_data_model_diagram</ownerDesignName>
</ColumnProxy>
<ColumnProxy class="oracle.dbtools.crest.model.design.storage.oracle.v11g.ColumnProxyOraclev11g" name="SLA_CATEGORY" id="2DC0601B-CFFF-51A1-E9CA-7F2C19F42586">
<createdBy>mb56142</createdBy>
<createdTime>2013-06-19 23:04:03 UTC</createdTime>
<ownerDesignName>ILEB_BPM_Semantic_data_model_diagram</ownerDesignName>
</ColumnProxy>
<ColumnProxy class="oracle.dbtools.crest.model.design.storage.oracle.v11g.ColumnProxyOraclev11g" name="CREATE_ROUTE_WORK_FLAG" id="302F7377-1FC8-9D00-1F93-F3318358FC6C">
<createdBy>mb56142</createdBy>
<createdTime>2013-06-19 23:04:03 UTC</createdTime>
<ownerDesignName>ILEB_BPM_Semantic_data_model_diagram</ownerDesignName>
</ColumnProxy>
<ColumnProxy class="oracle.dbtools.crest.model.design.storage.oracle.v11g.ColumnProxyOraclev11g" name="OUTCOME_FLAG" id="324C7EBE-E6DA-A10A-034B-9B0D4A90BEE1">
<createdBy>mb56142</createdBy>
<createdTime>2013-06-19 23:04:03 UTC</createdTime>
<ownerDesignName>ILEB_BPM_Semantic_data_model_diagram</ownerDesignName>
</ColumnProxy>
<ColumnProxy class="oracle.dbtools.crest.model.design.storage.oracle.v11g.ColumnProxyOraclev11g" name="RECEIVE_CONFIRM_END_DATE" id="357879D3-57F4-A6D5-F571-18DA1ABD6E14">
<createdBy>mb56142</createdBy>
<createdTime>2013-06-19 23:04:02 UTC</createdTime>
<ownerDesignName>ILEB_BPM_Semantic_data_model_diagram</ownerDesignName>
</ColumnProxy>
<ColumnProxy class="oracle.dbtools.crest.model.design.storage.oracle.v11g.ColumnProxyOraclev11g" name="LAST_UPDATED_BY_NAME" id="36FA2820-F74B-396E-DDAC-39274584D5B1">
<createdBy>mb56142</createdBy>
<createdTime>2013-06-19 23:04:02 UTC</createdTime>
<ownerDesignName>ILEB_BPM_Semantic_data_model_diagram</ownerDesignName>
</ColumnProxy>
<ColumnProxy class="oracle.dbtools.crest.model.design.storage.oracle.v11g.ColumnProxyOraclev11g" name="CREATE_ROUTE_WORK_START_DATE" id="37A82AA8-9864-CF11-3081-171181F0BEC8">
<createdBy>mb56142</createdBy>
<createdTime>2013-06-19 23:04:03 UTC</createdTime>
<ownerDesignName>ILEB_BPM_Semantic_data_model_diagram</ownerDesignName>
</ColumnProxy>
<ColumnProxy class="oracle.dbtools.crest.model.design.storage.oracle.v11g.ColumnProxyOraclev11g" name="LAST_UPDATE_DATE" id="4190F73B-B00A-9513-F5B0-DF5B2659BB3A">
<createdBy>mb56142</createdBy>
<createdTime>2013-06-19 23:04:02 UTC</createdTime>
<ownerDesignName>ILEB_BPM_Semantic_data_model_diagram</ownerDesignName>
</ColumnProxy>
<ColumnProxy class="oracle.dbtools.crest.model.design.storage.oracle.v11g.ColumnProxyOraclev11g" name="AGE_IN_BUSINESS_DAYS" id="4282D937-C4F9-C0EC-650D-917FE58FB9C4">
<createdBy>mb56142</createdBy>
<createdTime>2013-06-19 23:04:03 UTC</createdTime>
<ownerDesignName>ILEB_BPM_Semantic_data_model_diagram</ownerDesignName>
</ColumnProxy>
<ColumnProxy class="oracle.dbtools.crest.model.design.storage.oracle.v11g.ColumnProxyOraclev11g" name="RECEIVE_CONFIRM_START_DATE" id="43E30145-5C07-9FFA-5885-76FBB9C69562">
<createdBy>mb56142</createdBy>
<createdTime>2013-06-19 23:04:02 UTC</createdTime>
<ownerDesignName>ILEB_BPM_Semantic_data_model_diagram</ownerDesignName>
</ColumnProxy>
<ColumnProxy class="oracle.dbtools.crest.model.design.storage.oracle.v11g.ColumnProxyOraclev11g" name="MAILED_DATE" id="44F78C12-DB0C-EB42-5B9F-934A0D5528B7">
<createdBy>mb56142</createdBy>
<createdTime>2013-06-19 23:04:02 UTC</createdTime>
<ownerDesignName>ILEB_BPM_Semantic_data_model_diagram</ownerDesignName>
</ColumnProxy>
<ColumnProxy class="oracle.dbtools.crest.model.design.storage.oracle.v11g.ColumnProxyOraclev11g" name="LETTER_REQUEST_ID" id="45B65E39-7086-7A58-79A8-EE819FDBE672">
<createdBy>mb56142</createdBy>
<createdTime>2013-06-19 23:04:02 UTC</createdTime>
<ownerDesignName>ILEB_BPM_Semantic_data_model_diagram</ownerDesignName>
</ColumnProxy>
<ColumnProxy class="oracle.dbtools.crest.model.design.storage.oracle.v11g.ColumnProxyOraclev11g" name="LETTER_RESPONSE_FILE_NAME" id="47362758-9FC1-7229-CA4D-5F86EB577687">
<createdBy>mb56142</createdBy>
<createdTime>2013-06-19 23:04:02 UTC</createdTime>
<ownerDesignName>ILEB_BPM_Semantic_data_model_diagram</ownerDesignName>
</ColumnProxy>
<ColumnProxy class="oracle.dbtools.crest.model.design.storage.oracle.v11g.ColumnProxyOraclev11g" name="SLA_DAYS_TYPE" id="4CC48402-79D4-074D-A6D8-BFFC872199B4">
<createdBy>mb56142</createdBy>
<createdTime>2013-06-19 23:04:03 UTC</createdTime>
<ownerDesignName>ILEB_BPM_Semantic_data_model_diagram</ownerDesignName>
</ColumnProxy>
<ColumnProxy class="oracle.dbtools.crest.model.design.storage.oracle.v11g.ColumnProxyOraclev11g" name="TRANSMITTED_FILE_DATE" id="4F2D6549-8230-C42D-D76E-06C2C28E0EF7">
<createdBy>mb56142</createdBy>
<createdTime>2013-06-19 23:04:02 UTC</createdTime>
<ownerDesignName>ILEB_BPM_Semantic_data_model_diagram</ownerDesignName>
</ColumnProxy>
<ColumnProxy class="oracle.dbtools.crest.model.design.storage.oracle.v11g.ColumnProxyOraclev11g" name="AGE_IN_CALENDAR_DAYS" id="52C4BACB-B665-B1B9-5633-F6B6BD7B524A">
<createdBy>mb56142</createdBy>
<createdTime>2013-06-19 23:04:03 UTC</createdTime>
<ownerDesignName>ILEB_BPM_Semantic_data_model_diagram</ownerDesignName>
</ColumnProxy>
<ColumnProxy class="oracle.dbtools.crest.model.design.storage.oracle.v11g.ColumnProxyOraclev11g" name="VALIDATION_FLAG" id="5301742F-2CFB-E0B1-60D8-F2CCEFFD66A5">
<createdBy>mb56142</createdBy>
<createdTime>2013-06-19 23:04:03 UTC</createdTime>
<ownerDesignName>ILEB_BPM_Semantic_data_model_diagram</ownerDesignName>
</ColumnProxy>
<ColumnProxy class="oracle.dbtools.crest.model.design.storage.oracle.v11g.ColumnProxyOraclev11g" name="PROGRAM" id="5B7E810C-B5FD-F183-7EAD-531F85CC116A">
<createdBy>mb56142</createdBy>
<createdTime>2013-06-19 23:04:02 UTC</createdTime>
<ownerDesignName>ILEB_BPM_Semantic_data_model_diagram</ownerDesignName>
</ColumnProxy>
<ColumnProxy class="oracle.dbtools.crest.model.design.storage.oracle.v11g.ColumnProxyOraclev11g" name="REQUEST_DRIVER_TABLE" id="619BF300-A400-8F75-1077-2103130CF166">
<createdBy>mb56142</createdBy>
<createdTime>2013-06-19 23:04:02 UTC</createdTime>
<ownerDesignName>ILEB_BPM_Semantic_data_model_diagram</ownerDesignName>
</ColumnProxy>
<ColumnProxy class="oracle.dbtools.crest.model.design.storage.oracle.v11g.ColumnProxyOraclev11g" name="RETURN_DATE" id="63E79576-D0E3-572E-13C2-931EC32C05B1">
<createdBy>mb56142</createdBy>
<createdTime>2013-06-19 23:04:02 UTC</createdTime>
<ownerDesignName>ILEB_BPM_Semantic_data_model_diagram</ownerDesignName>
</ColumnProxy>
<ColumnProxy class="oracle.dbtools.crest.model.design.storage.oracle.v11g.ColumnProxyOraclev11g" name="TRANSMITTED_FILE_NAME" id="65E23418-4F29-1F68-6E21-2C5D5754A15E">
<createdBy>mb56142</createdBy>
<createdTime>2013-06-19 23:04:02 UTC</createdTime>
<ownerDesignName>ILEB_BPM_Semantic_data_model_diagram</ownerDesignName>
</ColumnProxy>
<ColumnProxy class="oracle.dbtools.crest.model.design.storage.oracle.v11g.ColumnProxyOraclev11g" name="PROCESS_LTR_REQUEST_START_DATE" id="68482F8D-CAB7-F670-43B4-0D1A56ADD074">
<createdBy>mb56142</createdBy>
<createdTime>2013-06-19 23:04:02 UTC</createdTime>
<ownerDesignName>ILEB_BPM_Semantic_data_model_diagram</ownerDesignName>
</ColumnProxy>
<ColumnProxy class="oracle.dbtools.crest.model.design.storage.oracle.v11g.ColumnProxyOraclev11g" name="SEND_TO_MAIL_HOUSE_START_DATE" id="6C49875B-63E5-D279-E264-7831524D52F7">
<createdBy>mb56142</createdBy>
<createdTime>2013-06-19 23:04:02 UTC</createdTime>
<ownerDesignName>ILEB_BPM_Semantic_data_model_diagram</ownerDesignName>
</ColumnProxy>
<ColumnProxy class="oracle.dbtools.crest.model.design.storage.oracle.v11g.ColumnProxyOraclev11g" name="ZIP_CODE" id="6E6C586F-7702-BAD2-3485-550DB554F53B">
<createdBy>mb56142</createdBy>
<createdTime>2013-06-19 23:04:02 UTC</createdTime>
<ownerDesignName>ILEB_BPM_Semantic_data_model_diagram</ownerDesignName>
</ColumnProxy>
<ColumnProxy class="oracle.dbtools.crest.model.design.storage.oracle.v11g.ColumnProxyOraclev11g" name="LETTER_STATUS_DATE" id="72DA4D54-CDB7-DB34-8A20-7F17C632492E">
<createdBy>mb56142</createdBy>
<createdTime>2013-06-19 23:04:02 UTC</createdTime>
<ownerDesignName>ILEB_BPM_Semantic_data_model_diagram</ownerDesignName>
</ColumnProxy>
<ColumnProxy class="oracle.dbtools.crest.model.design.storage.oracle.v11g.ColumnProxyOraclev11g" name="SENT_DATE" id="791FADB3-7577-5770-095A-976BE46F2791">
<createdBy>mb56142</createdBy>
<createdTime>2013-06-19 23:04:02 UTC</createdTime>
<ownerDesignName>ILEB_BPM_Semantic_data_model_diagram</ownerDesignName>
</ColumnProxy>
<ColumnProxy class="oracle.dbtools.crest.model.design.storage.oracle.v11g.ColumnProxyOraclev11g" name="RETURN_REASON" id="82F69A8B-C3A4-1048-6593-D56FACE2962A">
<createdBy>mb56142</createdBy>
<createdTime>2013-06-19 23:04:02 UTC</createdTime>
<ownerDesignName>ILEB_BPM_Semantic_data_model_diagram</ownerDesignName>
</ColumnProxy>
<ColumnProxy class="oracle.dbtools.crest.model.design.storage.oracle.v11g.ColumnProxyOraclev11g" name="SLA_DAYS" id="84DBFDF0-CCC7-76B0-C71C-475AEB753B7E">
<createdBy>mb56142</createdBy>
<createdTime>2013-06-19 23:04:03 UTC</createdTime>
<ownerDesignName>ILEB_BPM_Semantic_data_model_diagram</ownerDesignName>
</ColumnProxy>
<ColumnProxy class="oracle.dbtools.crest.model.design.storage.oracle.v11g.ColumnProxyOraclev11g" name="TASK_ID" id="92496487-8457-C6E5-9F58-EA0B43B48B3B">
<createdBy>mb56142</createdBy>
<createdTime>2013-06-19 23:04:02 UTC</createdTime>
<ownerDesignName>ILEB_BPM_Semantic_data_model_diagram</ownerDesignName>
</ColumnProxy>
<ColumnProxy class="oracle.dbtools.crest.model.design.storage.oracle.v11g.ColumnProxyOraclev11g" name="PRINT_DATE" id="9A7F2169-9F0D-7449-D7CB-2173F0D649F2">
<createdBy>mb56142</createdBy>
<createdTime>2013-06-19 23:04:02 UTC</createdTime>
<ownerDesignName>ILEB_BPM_Semantic_data_model_diagram</ownerDesignName>
</ColumnProxy>
<ColumnProxy class="oracle.dbtools.crest.model.design.storage.oracle.v11g.ColumnProxyOraclev11g" name="SLA_JEOPARDY_DATE" id="9C61074D-B708-0657-527F-FD1156A0E107">
<createdBy>mb56142</createdBy>
<createdTime>2013-06-19 23:04:03 UTC</createdTime>
<ownerDesignName>ILEB_BPM_Semantic_data_model_diagram</ownerDesignName>
</ColumnProxy>
<ColumnProxy class="oracle.dbtools.crest.model.design.storage.oracle.v11g.ColumnProxyOraclev11g" name="SLA_JEOPARDY_DAYS" id="A0330D2D-ABFE-471F-0466-894611D4E090">
<createdBy>mb56142</createdBy>
<createdTime>2013-06-19 23:04:03 UTC</createdTime>
<ownerDesignName>ILEB_BPM_Semantic_data_model_diagram</ownerDesignName>
</ColumnProxy>
<ColumnProxy class="oracle.dbtools.crest.model.design.storage.oracle.v11g.ColumnProxyOraclev11g" name="CREATE_ROUTE_WORK_END_DATE" id="A4F14A1E-712F-5B19-EBF4-36538C5B7F7F">
<createdBy>mb56142</createdBy>
<createdTime>2013-06-19 23:04:03 UTC</createdTime>
<ownerDesignName>ILEB_BPM_Semantic_data_model_diagram</ownerDesignName>
</ColumnProxy>
<ColumnProxy class="oracle.dbtools.crest.model.design.storage.oracle.v11g.ColumnProxyOraclev11g" name="CREATE_DATE" id="A706CCD8-8BDD-C95C-389E-B4359716C27A">
<createdBy>mb56142</createdBy>
<createdTime>2013-06-19 23:04:02 UTC</createdTime>
<ownerDesignName>ILEB_BPM_Semantic_data_model_diagram</ownerDesignName>
</ColumnProxy>
<ColumnProxy class="oracle.dbtools.crest.model.design.storage.oracle.v11g.ColumnProxyOraclev11g" name="CREATED_BY" id="AC6A7DE0-3650-93A7-3278-143238F6626B">
<createdBy>mb56142</createdBy>
<createdTime>2013-06-19 23:04:02 UTC</createdTime>
<ownerDesignName>ILEB_BPM_Semantic_data_model_diagram</ownerDesignName>
</ColumnProxy>
<ColumnProxy class="oracle.dbtools.crest.model.design.storage.oracle.v11g.ColumnProxyOraclev11g" name="SLA_TARGET_DAYS" id="B5CDA64B-6982-4CA5-2ADB-8F9BB74D8F3F">
<createdBy>mb56142</createdBy>
<createdTime>2013-06-19 23:04:03 UTC</createdTime>
<ownerDesignName>ILEB_BPM_Semantic_data_model_diagram</ownerDesignName>
</ColumnProxy>
<ColumnProxy class="oracle.dbtools.crest.model.design.storage.oracle.v11g.ColumnProxyOraclev11g" name="REQUEST_ERROR_REASON" id="BC9EE28F-E2D1-FFAA-0F65-8DE558D03C8E">
<createdBy>mb56142</createdBy>
<createdTime>2013-06-19 23:04:02 UTC</createdTime>
<ownerDesignName>ILEB_BPM_Semantic_data_model_diagram</ownerDesignName>
</ColumnProxy>
<ColumnProxy class="oracle.dbtools.crest.model.design.storage.oracle.v11g.ColumnProxyOraclev11g" name="PROCESS_LTR_REQUEST_END_DATE" id="C34A48FE-3413-DD1C-3CD2-8F1F57D7A656">
<createdBy>mb56142</createdBy>
<createdTime>2013-06-19 23:04:02 UTC</createdTime>
<ownerDesignName>ILEB_BPM_Semantic_data_model_diagram</ownerDesignName>
</ColumnProxy>
<ColumnProxy class="oracle.dbtools.crest.model.design.storage.oracle.v11g.ColumnProxyOraclev11g" name="PL_BI_ID" id="CD40ED78-B3CB-4AD1-F22D-E622395CE6E4">
<createdBy>mb56142</createdBy>
<createdTime>2013-06-19 23:04:02 UTC</createdTime>
<ownerDesignName>ILEB_BPM_Semantic_data_model_diagram</ownerDesignName>
</ColumnProxy>
<ColumnProxy class="oracle.dbtools.crest.model.design.storage.oracle.v11g.ColumnProxyOraclev11g" name="CANCEL_DATE" id="D9338E34-CFD2-34B5-7605-BE095FCE6DDD">
<createdBy>mb56142</createdBy>
<createdTime>2013-06-19 23:04:02 UTC</createdTime>
<ownerDesignName>ILEB_BPM_Semantic_data_model_diagram</ownerDesignName>
</ColumnProxy>
<ColumnProxy class="oracle.dbtools.crest.model.design.storage.oracle.v11g.ColumnProxyOraclev11g" name="REQUEST_DATE" id="E232FBE4-6D16-651E-E5CC-41EC34548478">
<createdBy>mb56142</createdBy>
<createdTime>2013-06-19 23:04:02 UTC</createdTime>
<ownerDesignName>ILEB_BPM_Semantic_data_model_diagram</ownerDesignName>
</ColumnProxy>
<ColumnProxy class="oracle.dbtools.crest.model.design.storage.oracle.v11g.ColumnProxyOraclev11g" name="TRANSMIT_FLAG" id="E37DDC82-E9AD-82E3-48FB-4A1CC440299C">
<createdBy>mb56142</createdBy>
<createdTime>2013-06-19 23:04:03 UTC</createdTime>
<ownerDesignName>ILEB_BPM_Semantic_data_model_diagram</ownerDesignName>
</ColumnProxy>
<ColumnProxy class="oracle.dbtools.crest.model.design.storage.oracle.v11g.ColumnProxyOraclev11g" name="COUNTY_CODE" id="E455357C-2244-EB5B-E640-85B1CA272426">
<createdBy>mb56142</createdBy>
<createdTime>2013-06-19 23:04:02 UTC</createdTime>
<ownerDesignName>ILEB_BPM_Semantic_data_model_diagram</ownerDesignName>
</ColumnProxy>
<ColumnProxy class="oracle.dbtools.crest.model.design.storage.oracle.v11g.ColumnProxyOraclev11g" name="LETTER_RESPONSE_FILE_DATE" id="E52046B5-2767-9283-6957-BF83328C9E39">
<createdBy>mb56142</createdBy>
<createdTime>2013-06-19 23:04:02 UTC</createdTime>
<ownerDesignName>ILEB_BPM_Semantic_data_model_diagram</ownerDesignName>
</ColumnProxy>
<ColumnProxy class="oracle.dbtools.crest.model.design.storage.oracle.v11g.ColumnProxyOraclev11g" name="NEWBORN_FLAG" id="E92BD4BB-7A27-C47D-DF66-0F24B18C4652">
<createdBy>mb56142</createdBy>
<createdTime>2013-06-19 23:04:02 UTC</createdTime>
<ownerDesignName>ILEB_BPM_Semantic_data_model_diagram</ownerDesignName>
</ColumnProxy>
<ColumnProxy class="oracle.dbtools.crest.model.design.storage.oracle.v11g.ColumnProxyOraclev11g" name="CONFIRMATION_FLAG" id="ED4CCFB7-9D30-1162-CD24-0A6E7BEE9A5D">
<createdBy>mb56142</createdBy>
<createdTime>2013-06-19 23:04:03 UTC</createdTime>
<ownerDesignName>ILEB_BPM_Semantic_data_model_diagram</ownerDesignName>
</ColumnProxy>
<ColumnProxy class="oracle.dbtools.crest.model.design.storage.oracle.v11g.ColumnProxyOraclev11g" name="LETTER_TYPE" id="F30B39D2-85A1-A3CC-DAEB-0FEDA5D4EAAA">
<createdBy>mb56142</createdBy>
<createdTime>2013-06-19 23:04:02 UTC</createdTime>
<ownerDesignName>ILEB_BPM_Semantic_data_model_diagram</ownerDesignName>
</ColumnProxy>
</columnProxies>
<indexProxies>
<IndexProxy class="oracle.dbtools.crest.model.design.storage.oracle.v10g.IndexProxyOraclev10g" name="DPLCUR_UIX1" id="736F4FB6-AAD0-A628-62ED-A514748218A7">
<createdBy>mb56142</createdBy>
<createdTime>2013-06-19 23:04:03 UTC</createdTime>
<ownerDesignName>ILEB_BPM_Semantic_data_model_diagram</ownerDesignName>
<parallel>YES</parallel>
<segment>781EB27E-13B8-F6AC-E89A-FDAA0FB975C5</segment>
<tableSpace>05017BC1-1218-770F-AE9F-B5982CA11717</tableSpace>
</IndexProxy>
<IndexProxy class="oracle.dbtools.crest.model.design.storage.oracle.v10g.IndexProxyOraclev10g" name="DPLCUR_PK" id="B97799F9-79E0-6B1F-681C-C883AC087CF8">
<createdBy>mb56142</createdBy>
<createdTime>2013-06-19 23:04:03 UTC</createdTime>
<ownerDesignName>ILEB_BPM_Semantic_data_model_diagram</ownerDesignName>
<parallel>YES</parallel>
<segment>781EB27E-13B8-F6AC-E89A-FDAA0FB975C5</segment>
<tableSpace>05017BC1-1218-770F-AE9F-B5982CA11717</tableSpace>
</IndexProxy>
</indexProxies>
<primaryKeys>
<PrimaryKey class="oracle.dbtools.crest.model.design.storage.oracle.v10g.PKProxyOraclev10g" name="DPLCUR_PK" id="1C913B6D-4F00-7A7A-44F3-94C37C2EBF6B">
<createdBy>mb56142</createdBy>
<createdTime>2013-06-19 23:04:03 UTC</createdTime>
<ownerDesignName>ILEB_BPM_Semantic_data_model_diagram</ownerDesignName>
<tableSpace>05017BC1-1218-770F-AE9F-B5982CA11717</tableSpace>
<existingIndex>B97799F9-79E0-6B1F-681C-C883AC087CF8</existingIndex>
<indexSegment>781EB27E-13B8-F6AC-E89A-FDAA0FB975C5</indexSegment>
<indexSort>SORTED</indexSort>
<usingIndex>BY INDEX NAME</usingIndex>
</PrimaryKey>
</primaryKeys>
</TableProxyOraclev11g>