<?xml version = '1.0' encoding = 'UTF-8'?>
<TableProxyOraclev11g class="oracle.dbtools.crest.model.design.storage.oracle.v11g.TableProxyOraclev11g" name="D_MFDOC_DOC_TYPE" id="8832C910-531A-837E-D2CE-E0119DE63FC2" directorySegmentName="seg_0">
<createdBy>mb56142</createdBy>
<createdTime>2013-06-19 23:03:10 UTC</createdTime>
<ownerDesignName>ILEB_BPM_Semantic_data_model_diagram</ownerDesignName>
<logging>YES</logging>
<columnProxies>
<ColumnProxy class="oracle.dbtools.crest.model.design.storage.oracle.v11g.ColumnProxyOraclev11g" name="DMFDOCDT_ID" id="915AB6AB-596F-A3EA-A5F4-0D68F3776786">
<createdBy>mb56142</createdBy>
<createdTime>2013-06-19 23:03:10 UTC</createdTime>
<ownerDesignName>ILEB_BPM_Semantic_data_model_diagram</ownerDesignName>
</ColumnProxy>
<ColumnProxy class="oracle.dbtools.crest.model.design.storage.oracle.v11g.ColumnProxyOraclev11g" name="Document Type" id="DB385BA5-B6A0-4576-1CB8-90721E7641A1">
<createdBy>mb56142</createdBy>
<createdTime>2013-06-19 23:03:10 UTC</createdTime>
<ownerDesignName>ILEB_BPM_Semantic_data_model_diagram</ownerDesignName>
</ColumnProxy>
</columnProxies>
<indexProxies>
<IndexProxy class="oracle.dbtools.crest.model.design.storage.oracle.v10g.IndexProxyOraclev10g" name="DMFDOCDT_UIX1" id="2CD2D78F-7888-C010-123F-C8C40661983B">
<createdBy>mb56142</createdBy>
<createdTime>2013-06-19 23:03:10 UTC</createdTime>
<ownerDesignName>ILEB_BPM_Semantic_data_model_diagram</ownerDesignName>
</IndexProxy>
</indexProxies>
<primaryKeys>
<PrimaryKey class="oracle.dbtools.crest.model.design.storage.oracle.v10g.PKProxyOraclev10g" name="DMFDOCDT_PK" id="7267C70C-0C63-19D9-1F66-758E9EC906A2">
<createdBy>mb56142</createdBy>
<createdTime>2013-06-19 23:03:10 UTC</createdTime>
<ownerDesignName>ILEB_BPM_Semantic_data_model_diagram</ownerDesignName>
<indexSort>SORTED</indexSort>
</PrimaryKey>
</primaryKeys>
</TableProxyOraclev11g>