<?xml version = '1.0' encoding = 'UTF-8'?>
<TableProxyOraclev11g class="oracle.dbtools.crest.model.design.storage.oracle.v11g.TableProxyOraclev11g" name="D_MJ_CURRENT" id="9A09A162-51D2-76D2-0A55-A63B809A5E6D" directorySegmentName="seg_0">
<createdBy>mb56142</createdBy>
<createdTime>2013-06-19 23:03:10 UTC</createdTime>
<ownerDesignName>ILEB_BPM_Semantic_data_model_diagram</ownerDesignName>
<logging>YES</logging>
<columnProxies>
<ColumnProxy class="oracle.dbtools.crest.model.design.storage.oracle.v11g.ColumnProxyOraclev11g" name="LAST_UPDATE_BY_DATE" id="0003D30F-CE2E-8831-121E-81F609F97D7E">
<createdBy>mb56142</createdBy>
<createdTime>2013-06-19 23:03:10 UTC</createdTime>
<ownerDesignName>ILEB_BPM_Semantic_data_model_diagram</ownerDesignName>
</ColumnProxy>
<ColumnProxy class="oracle.dbtools.crest.model.design.storage.oracle.v11g.ColumnProxyOraclev11g" name="JOB_NAME" id="02D9641C-75A3-4B89-55DF-D2C391F9296E">
<createdBy>mb56142</createdBy>
<createdTime>2013-06-19 23:03:10 UTC</createdTime>
<ownerDesignName>ILEB_BPM_Semantic_data_model_diagram</ownerDesignName>
</ColumnProxy>
<ColumnProxy class="oracle.dbtools.crest.model.design.storage.oracle.v11g.ColumnProxyOraclev11g" name="FILE_PROCESSED_TIMELY" id="09936092-9B49-6984-9A4B-FE7A9FC443B9">
<createdBy>mb56142</createdBy>
<createdTime>2013-06-19 23:03:10 UTC</createdTime>
<ownerDesignName>ILEB_BPM_Semantic_data_model_diagram</ownerDesignName>
</ColumnProxy>
<ColumnProxy class="oracle.dbtools.crest.model.design.storage.oracle.v11g.ColumnProxyOraclev11g" name="RECORD_COUNT_THRESHOLD_MET" id="0A1D8221-8E05-15C0-532E-C3E55B4F2A9F">
<createdBy>mb56142</createdBy>
<createdTime>2013-06-19 23:03:10 UTC</createdTime>
<ownerDesignName>ILEB_BPM_Semantic_data_model_diagram</ownerDesignName>
</ColumnProxy>
<ColumnProxy class="oracle.dbtools.crest.model.design.storage.oracle.v11g.ColumnProxyOraclev11g" name="FILE_TYPE" id="16DBB59B-8FB0-2487-D114-5837865AB811">
<createdBy>mb56142</createdBy>
<createdTime>2013-06-19 23:03:10 UTC</createdTime>
<ownerDesignName>ILEB_BPM_Semantic_data_model_diagram</ownerDesignName>
</ColumnProxy>
<ColumnProxy class="oracle.dbtools.crest.model.design.storage.oracle.v11g.ColumnProxyOraclev11g" name="CREATED_BY" id="1BEE20D7-BE8A-0E9A-0BA9-CB36C94AD1CD">
<createdBy>mb56142</createdBy>
<createdTime>2013-06-19 23:03:10 UTC</createdTime>
<ownerDesignName>ILEB_BPM_Semantic_data_model_diagram</ownerDesignName>
</ColumnProxy>
<ColumnProxy class="oracle.dbtools.crest.model.design.storage.oracle.v11g.ColumnProxyOraclev11g" name="CREATE_RESPONSE_FILE_END_DATE" id="1D52E00D-01A2-12C2-DF64-158510434BE1">
<createdBy>mb56142</createdBy>
<createdTime>2013-06-19 23:03:10 UTC</createdTime>
<ownerDesignName>ILEB_BPM_Semantic_data_model_diagram</ownerDesignName>
</ColumnProxy>
<ColumnProxy class="oracle.dbtools.crest.model.design.storage.oracle.v11g.ColumnProxyOraclev11g" name="HEALTH_PLAN_NAME" id="1D67834E-6C17-FB22-6C46-9C5444C347D3">
<createdBy>mb56142</createdBy>
<createdTime>2013-06-19 23:03:10 UTC</createdTime>
<ownerDesignName>ILEB_BPM_Semantic_data_model_diagram</ownerDesignName>
</ColumnProxy>
<ColumnProxy class="oracle.dbtools.crest.model.design.storage.oracle.v11g.ColumnProxyOraclev11g" name="RESPONSE_FILE_GTW_FLAG" id="257C786D-21DA-3E5E-4DAE-55D578A8D5C0">
<createdBy>mb56142</createdBy>
<createdTime>2013-06-19 23:03:10 UTC</createdTime>
<ownerDesignName>ILEB_BPM_Semantic_data_model_diagram</ownerDesignName>
</ColumnProxy>
<ColumnProxy class="oracle.dbtools.crest.model.design.storage.oracle.v11g.ColumnProxyOraclev11g" name="RECORD_COUNT" id="2C0174FE-1840-34B0-AC55-47DAA4367F92">
<createdBy>mb56142</createdBy>
<createdTime>2013-06-19 23:03:10 UTC</createdTime>
<ownerDesignName>ILEB_BPM_Semantic_data_model_diagram</ownerDesignName>
</ColumnProxy>
<ColumnProxy class="oracle.dbtools.crest.model.design.storage.oracle.v11g.ColumnProxyOraclev11g" name="LAST_UPDATE_BY_NAME" id="2E252B18-8D85-A7CD-5FE2-22AF6E708B81">
<createdBy>mb56142</createdBy>
<createdTime>2013-06-19 23:03:10 UTC</createdTime>
<ownerDesignName>ILEB_BPM_Semantic_data_model_diagram</ownerDesignName>
</ColumnProxy>
<ColumnProxy class="oracle.dbtools.crest.model.design.storage.oracle.v11g.ColumnProxyOraclev11g" name="JOB_END_DATE" id="4C775EF0-A7EF-A3F8-4478-2A7A4AAE1374">
<createdBy>mb56142</createdBy>
<createdTime>2013-06-19 23:03:10 UTC</createdTime>
<ownerDesignName>ILEB_BPM_Semantic_data_model_diagram</ownerDesignName>
</ColumnProxy>
<ColumnProxy class="oracle.dbtools.crest.model.design.storage.oracle.v11g.ColumnProxyOraclev11g" name="CREATE_DATE" id="4FD4BC0B-D64A-AF62-6BBC-15A8A89025BD">
<createdBy>mb56142</createdBy>
<createdTime>2013-06-19 23:03:10 UTC</createdTime>
<ownerDesignName>ILEB_BPM_Semantic_data_model_diagram</ownerDesignName>
</ColumnProxy>
<ColumnProxy class="oracle.dbtools.crest.model.design.storage.oracle.v11g.ColumnProxyOraclev11g" name="RECORD_ERROR_THRESHOLD" id="568A756A-A820-7A11-9AFF-B703C369C75B">
<createdBy>mb56142</createdBy>
<createdTime>2013-06-19 23:03:10 UTC</createdTime>
<ownerDesignName>ILEB_BPM_Semantic_data_model_diagram</ownerDesignName>
</ColumnProxy>
<ColumnProxy class="oracle.dbtools.crest.model.design.storage.oracle.v11g.ColumnProxyOraclev11g" name="IDENTIFY_JOB_TYPE_FLAG" id="5A1B3967-0B00-EB10-EF94-6642CB193EA0">
<createdBy>mb56142</createdBy>
<createdTime>2013-06-19 23:03:10 UTC</createdTime>
<ownerDesignName>ILEB_BPM_Semantic_data_model_diagram</ownerDesignName>
</ColumnProxy>
<ColumnProxy class="oracle.dbtools.crest.model.design.storage.oracle.v11g.ColumnProxyOraclev11g" name="RESPONSE_FILE_NAME" id="5AB9CB95-C267-40EB-DC7A-9557A0759033">
<createdBy>mb56142</createdBy>
<createdTime>2013-06-19 23:03:10 UTC</createdTime>
<ownerDesignName>ILEB_BPM_Semantic_data_model_diagram</ownerDesignName>
</ColumnProxy>
<ColumnProxy class="oracle.dbtools.crest.model.design.storage.oracle.v11g.ColumnProxyOraclev11g" name="PROCESSED_OK_FLAG" id="5D0BD328-BCA0-0303-6E7A-498E643EB466">
<createdBy>mb56142</createdBy>
<createdTime>2013-06-19 23:03:10 UTC</createdTime>
<ownerDesignName>ILEB_BPM_Semantic_data_model_diagram</ownerDesignName>
</ColumnProxy>
<ColumnProxy class="oracle.dbtools.crest.model.design.storage.oracle.v11g.ColumnProxyOraclev11g" name="CREATE_OUTBOUND_END_DATE" id="6588634C-3009-2C28-65A5-19159AFC5295">
<createdBy>mb56142</createdBy>
<createdTime>2013-06-19 23:03:10 UTC</createdTime>
<ownerDesignName>ILEB_BPM_Semantic_data_model_diagram</ownerDesignName>
</ColumnProxy>
<ColumnProxy class="oracle.dbtools.crest.model.design.storage.oracle.v11g.ColumnProxyOraclev11g" name="COMPLETE_DATE" id="6C0D95BC-AEF2-B8DF-827F-ED60A09FA1EE">
<createdBy>mb56142</createdBy>
<createdTime>2013-06-19 23:03:10 UTC</createdTime>
<ownerDesignName>ILEB_BPM_Semantic_data_model_diagram</ownerDesignName>
</ColumnProxy>
<ColumnProxy class="oracle.dbtools.crest.model.design.storage.oracle.v11g.ColumnProxyOraclev11g" name="IDENTIFY_JOB_END_DATE" id="6CF7656E-1839-9D54-8D8B-69B56E320BB7">
<createdBy>mb56142</createdBy>
<createdTime>2013-06-19 23:03:10 UTC</createdTime>
<ownerDesignName>ILEB_BPM_Semantic_data_model_diagram</ownerDesignName>
</ColumnProxy>
<ColumnProxy class="oracle.dbtools.crest.model.design.storage.oracle.v11g.ColumnProxyOraclev11g" name="MJ_BI_ID" id="72623244-CACD-FE79-2A2F-364CEAE68DD4">
<createdBy>mb56142</createdBy>
<createdTime>2013-06-19 23:03:10 UTC</createdTime>
<ownerDesignName>ILEB_BPM_Semantic_data_model_diagram</ownerDesignName>
</ColumnProxy>
<ColumnProxy class="oracle.dbtools.crest.model.design.storage.oracle.v11g.ColumnProxyOraclev11g" name="RECORD_ERROR_COUNT" id="77ECC7B6-7A4F-06B0-6FCB-D893F0B89E77">
<createdBy>mb56142</createdBy>
<createdTime>2013-06-19 23:03:10 UTC</createdTime>
<ownerDesignName>ILEB_BPM_Semantic_data_model_diagram</ownerDesignName>
</ColumnProxy>
<ColumnProxy class="oracle.dbtools.crest.model.design.storage.oracle.v11g.ColumnProxyOraclev11g" name="IDENTIFY_JOB_START_DATE" id="7A6C9171-6069-D24E-7855-6B481448684C">
<createdBy>mb56142</createdBy>
<createdTime>2013-06-19 23:03:10 UTC</createdTime>
<ownerDesignName>ILEB_BPM_Semantic_data_model_diagram</ownerDesignName>
</ColumnProxy>
<ColumnProxy class="oracle.dbtools.crest.model.design.storage.oracle.v11g.ColumnProxyOraclev11g" name="FILE_DESTINATION" id="7CA152E8-E2A0-2875-35D8-200C52233CEB">
<createdBy>mb56142</createdBy>
<createdTime>2013-06-19 23:03:10 UTC</createdTime>
<ownerDesignName>ILEB_BPM_Semantic_data_model_diagram</ownerDesignName>
</ColumnProxy>
<ColumnProxy class="oracle.dbtools.crest.model.design.storage.oracle.v11g.ColumnProxyOraclev11g" name="PROCESS_JOB_START_DATE" id="809D5E85-3701-9A00-13AD-C841C24AFFA7">
<createdBy>mb56142</createdBy>
<createdTime>2013-06-19 23:03:10 UTC</createdTime>
<ownerDesignName>ILEB_BPM_Semantic_data_model_diagram</ownerDesignName>
</ColumnProxy>
<ColumnProxy class="oracle.dbtools.crest.model.design.storage.oracle.v11g.ColumnProxyOraclev11g" name="RESPONSE_FILE_FLAG" id="8105D2B7-6AEC-4F91-25FF-69A084B5C209">
<createdBy>mb56142</createdBy>
<createdTime>2013-06-19 23:03:10 UTC</createdTime>
<ownerDesignName>ILEB_BPM_Semantic_data_model_diagram</ownerDesignName>
</ColumnProxy>
<ColumnProxy class="oracle.dbtools.crest.model.design.storage.oracle.v11g.ColumnProxyOraclev11g" name="JOB_TYPE_FLAG" id="86751402-975D-5205-2C87-44252A2B413D">
<createdBy>mb56142</createdBy>
<createdTime>2013-06-19 23:03:10 UTC</createdTime>
<ownerDesignName>ILEB_BPM_Semantic_data_model_diagram</ownerDesignName>
</ColumnProxy>
<ColumnProxy class="oracle.dbtools.crest.model.design.storage.oracle.v11g.ColumnProxyOraclev11g" name="JOB_STATUS" id="881A12CC-9AB7-DACD-44F7-EB94F33C823C">
<createdBy>mb56142</createdBy>
<createdTime>2013-06-19 23:03:10 UTC</createdTime>
<ownerDesignName>ILEB_BPM_Semantic_data_model_diagram</ownerDesignName>
</ColumnProxy>
<ColumnProxy class="oracle.dbtools.crest.model.design.storage.oracle.v11g.ColumnProxyOraclev11g" name="FILE_RECEIVED_TIMELY" id="8B2E64EC-E27C-A28F-5817-FB695AA8DC8E">
<createdBy>mb56142</createdBy>
<createdTime>2013-06-19 23:03:10 UTC</createdTime>
<ownerDesignName>ILEB_BPM_Semantic_data_model_diagram</ownerDesignName>
</ColumnProxy>
<ColumnProxy class="oracle.dbtools.crest.model.design.storage.oracle.v11g.ColumnProxyOraclev11g" name="PROCESS_JOB_END_DATE" id="8D670D8A-FA57-0A88-2469-D6A20ACC8686">
<createdBy>mb56142</createdBy>
<createdTime>2013-06-19 23:03:10 UTC</createdTime>
<ownerDesignName>ILEB_BPM_Semantic_data_model_diagram</ownerDesignName>
</ColumnProxy>
<ColumnProxy class="oracle.dbtools.crest.model.design.storage.oracle.v11g.ColumnProxyOraclev11g" name="CREATE_OUTBOUND_START_DATE" id="922880CA-69B7-0243-A7D7-43F26DBB2D43">
<createdBy>mb56142</createdBy>
<createdTime>2013-06-19 23:03:10 UTC</createdTime>
<ownerDesignName>ILEB_BPM_Semantic_data_model_diagram</ownerDesignName>
</ColumnProxy>
<ColumnProxy class="oracle.dbtools.crest.model.design.storage.oracle.v11g.ColumnProxyOraclev11g" name="FILE_NAME" id="93F520DF-88B0-F6EA-1A90-0D0BA4E7911F">
<createdBy>mb56142</createdBy>
<createdTime>2013-06-19 23:03:10 UTC</createdTime>
<ownerDesignName>ILEB_BPM_Semantic_data_model_diagram</ownerDesignName>
</ColumnProxy>
<ColumnProxy class="oracle.dbtools.crest.model.design.storage.oracle.v11g.ColumnProxyOraclev11g" name="RESPONSE_FILE_REQUIRED" id="9C158093-BE3C-E9AE-A232-BA4D8D4DC1F6">
<createdBy>mb56142</createdBy>
<createdTime>2013-06-19 23:03:10 UTC</createdTime>
<ownerDesignName>ILEB_BPM_Semantic_data_model_diagram</ownerDesignName>
</ColumnProxy>
<ColumnProxy class="oracle.dbtools.crest.model.design.storage.oracle.v11g.ColumnProxyOraclev11g" name="CREATE_REPONSE_FILE_START_DATE" id="AFCE5662-F1D0-1E36-B0F4-29708A77AB15">
<createdBy>mb56142</createdBy>
<createdTime>2013-06-19 23:03:10 UTC</createdTime>
<ownerDesignName>ILEB_BPM_Semantic_data_model_diagram</ownerDesignName>
</ColumnProxy>
<ColumnProxy class="oracle.dbtools.crest.model.design.storage.oracle.v11g.ColumnProxyOraclev11g" name="RECORD_ERROR_PERCENTAGE" id="B5F48E12-47D8-C18C-179C-8FE8DD4E1FC7">
<createdBy>mb56142</createdBy>
<createdTime>2013-06-19 23:03:10 UTC</createdTime>
<ownerDesignName>ILEB_BPM_Semantic_data_model_diagram</ownerDesignName>
</ColumnProxy>
<ColumnProxy class="oracle.dbtools.crest.model.design.storage.oracle.v11g.ColumnProxyOraclev11g" name="CANCEL_REASON" id="B9AF70C6-7208-F0DE-0997-4F08BD04688C">
<createdBy>mb56142</createdBy>
<createdTime>2013-06-19 23:03:10 UTC</createdTime>
<ownerDesignName>ILEB_BPM_Semantic_data_model_diagram</ownerDesignName>
</ColumnProxy>
<ColumnProxy class="oracle.dbtools.crest.model.design.storage.oracle.v11g.ColumnProxyOraclev11g" name="FILE_SOURCE" id="C79D3603-1CCF-BC5E-DB15-2C0820B8767C">
<createdBy>mb56142</createdBy>
<createdTime>2013-06-19 23:03:10 UTC</createdTime>
<ownerDesignName>ILEB_BPM_Semantic_data_model_diagram</ownerDesignName>
</ColumnProxy>
<ColumnProxy class="oracle.dbtools.crest.model.design.storage.oracle.v11g.ColumnProxyOraclev11g" name="JOB_ID" id="C8C19678-2481-7A0D-3272-DE352EEA0962">
<createdBy>mb56142</createdBy>
<createdTime>2013-06-19 23:03:10 UTC</createdTime>
<ownerDesignName>ILEB_BPM_Semantic_data_model_diagram</ownerDesignName>
</ColumnProxy>
<ColumnProxy class="oracle.dbtools.crest.model.design.storage.oracle.v11g.ColumnProxyOraclev11g" name="CANCEL_DATE" id="CB266FB0-9E53-49B1-85D7-72E4A0423F94">
<createdBy>mb56142</createdBy>
<createdTime>2013-06-19 23:03:10 UTC</createdTime>
<ownerDesignName>ILEB_BPM_Semantic_data_model_diagram</ownerDesignName>
</ColumnProxy>
<ColumnProxy class="oracle.dbtools.crest.model.design.storage.oracle.v11g.ColumnProxyOraclev11g" name="TRANSMIT_DATE" id="CC4C73BE-7130-9FF2-DE92-54FCD3D2CC99">
<createdBy>mb56142</createdBy>
<createdTime>2013-06-19 23:03:10 UTC</createdTime>
<ownerDesignName>ILEB_BPM_Semantic_data_model_diagram</ownerDesignName>
</ColumnProxy>
<ColumnProxy class="oracle.dbtools.crest.model.design.storage.oracle.v11g.ColumnProxyOraclev11g" name="JOB_GROUP" id="D19C00F9-9971-D4C9-8D50-919121D2E80F">
<createdBy>mb56142</createdBy>
<createdTime>2013-06-19 23:03:10 UTC</createdTime>
<ownerDesignName>ILEB_BPM_Semantic_data_model_diagram</ownerDesignName>
</ColumnProxy>
<ColumnProxy class="oracle.dbtools.crest.model.design.storage.oracle.v11g.ColumnProxyOraclev11g" name="JOB_TYPE" id="D6F0A780-3013-B49F-4CE3-3AB18BC6E998">
<createdBy>mb56142</createdBy>
<createdTime>2013-06-19 23:03:10 UTC</createdTime>
<ownerDesignName>ILEB_BPM_Semantic_data_model_diagram</ownerDesignName>
</ColumnProxy>
<ColumnProxy class="oracle.dbtools.crest.model.design.storage.oracle.v11g.ColumnProxyOraclev11g" name="JOB_DETAIL" id="E37EF54E-A51E-C2CA-108B-19F4736E3DAC">
<createdBy>mb56142</createdBy>
<createdTime>2013-06-19 23:03:10 UTC</createdTime>
<ownerDesignName>ILEB_BPM_Semantic_data_model_diagram</ownerDesignName>
</ColumnProxy>
<ColumnProxy class="oracle.dbtools.crest.model.design.storage.oracle.v11g.ColumnProxyOraclev11g" name="PROCESS_JOB_FLAG" id="E3FFC081-206A-3AEA-1DC0-42538B7059C2">
<createdBy>mb56142</createdBy>
<createdTime>2013-06-19 23:03:10 UTC</createdTime>
<ownerDesignName>ILEB_BPM_Semantic_data_model_diagram</ownerDesignName>
</ColumnProxy>
<ColumnProxy class="oracle.dbtools.crest.model.design.storage.oracle.v11g.ColumnProxyOraclev11g" name="FILE_PROCESS_TIME" id="EC03294F-8976-B4F4-6A9B-C74B75B35567">
<createdBy>mb56142</createdBy>
<createdTime>2013-06-19 23:03:10 UTC</createdTime>
<ownerDesignName>ILEB_BPM_Semantic_data_model_diagram</ownerDesignName>
</ColumnProxy>
<ColumnProxy class="oracle.dbtools.crest.model.design.storage.oracle.v11g.ColumnProxyOraclev11g" name="JOB_START_DATE" id="EDA6FAC0-57A7-EAAD-C77B-D00C02357551">
<createdBy>mb56142</createdBy>
<createdTime>2013-06-19 23:03:10 UTC</createdTime>
<ownerDesignName>ILEB_BPM_Semantic_data_model_diagram</ownerDesignName>
</ColumnProxy>
<ColumnProxy class="oracle.dbtools.crest.model.design.storage.oracle.v11g.ColumnProxyOraclev11g" name="INSTANCE_STATUS" id="EDBE57C5-59D4-D719-D8C6-2BD20FA29E5C">
<createdBy>mb56142</createdBy>
<createdTime>2013-06-19 23:03:10 UTC</createdTime>
<ownerDesignName>ILEB_BPM_Semantic_data_model_diagram</ownerDesignName>
</ColumnProxy>
<ColumnProxy class="oracle.dbtools.crest.model.design.storage.oracle.v11g.ColumnProxyOraclev11g" name="OUTBOUND_FILE_FLAG" id="EFB34406-38C1-2F76-5F03-D592C2A45945">
<createdBy>mb56142</createdBy>
<createdTime>2013-06-19 23:03:10 UTC</createdTime>
<ownerDesignName>ILEB_BPM_Semantic_data_model_diagram</ownerDesignName>
</ColumnProxy>
<ColumnProxy class="oracle.dbtools.crest.model.design.storage.oracle.v11g.ColumnProxyOraclev11g" name="RECEIPT_DATE" id="FB3032A8-FE04-653C-506E-8D385778B6AD">
<createdBy>mb56142</createdBy>
<createdTime>2013-06-19 23:03:10 UTC</createdTime>
<ownerDesignName>ILEB_BPM_Semantic_data_model_diagram</ownerDesignName>
</ColumnProxy>
</columnProxies>
<indexProxies>
<IndexProxy class="oracle.dbtools.crest.model.design.storage.oracle.v10g.IndexProxyOraclev10g" name="DIMJCUR_PK" id="DD5FEB94-2737-0E88-99CD-F93EBB708E16">
<createdBy>mb56142</createdBy>
<createdTime>2013-06-19 23:03:10 UTC</createdTime>
<ownerDesignName>ILEB_BPM_Semantic_data_model_diagram</ownerDesignName>
</IndexProxy>
</indexProxies>
<primaryKeys>
<PrimaryKey class="oracle.dbtools.crest.model.design.storage.oracle.v10g.PKProxyOraclev10g" name="DIMJCUR_PK" id="D162AB85-1C03-6B8F-3219-EA856E6E1447">
<createdBy>mb56142</createdBy>
<createdTime>2013-06-19 23:03:10 UTC</createdTime>
<ownerDesignName>ILEB_BPM_Semantic_data_model_diagram</ownerDesignName>
<indexSort>SORTED</indexSort>
</PrimaryKey>
</primaryKeys>
</TableProxyOraclev11g>