<?xml version = '1.0' encoding = 'UTF-8'?>
<TableProxyOraclev11g class="oracle.dbtools.crest.model.design.storage.oracle.v11g.TableProxyOraclev11g" name="F_MJ_BY_DATE" id="A4C8CBEF-0EE1-5DFD-8674-716C5C52087A" directorySegmentName="seg_0">
<createdBy>mb56142</createdBy>
<createdTime>2013-06-19 23:03:10 UTC</createdTime>
<ownerDesignName>ILEB_BPM_Semantic_data_model_diagram</ownerDesignName>
<logging>YES</logging>
<columnProxies>
<ColumnProxy class="oracle.dbtools.crest.model.design.storage.oracle.v11g.ColumnProxyOraclev11g" name="BUCKET_END_DATE" id="0BC3E7E2-9795-C5A3-213A-ABF373AD1DB1">
<createdBy>mb56142</createdBy>
<createdTime>2013-06-19 23:03:10 UTC</createdTime>
<ownerDesignName>ILEB_BPM_Semantic_data_model_diagram</ownerDesignName>
</ColumnProxy>
<ColumnProxy class="oracle.dbtools.crest.model.design.storage.oracle.v11g.ColumnProxyOraclev11g" name="COMPLETION_COUNT" id="210E819C-F116-984A-364B-793A3CB95FDD">
<createdBy>mb56142</createdBy>
<createdTime>2013-06-19 23:03:10 UTC</createdTime>
<ownerDesignName>ILEB_BPM_Semantic_data_model_diagram</ownerDesignName>
</ColumnProxy>
<ColumnProxy class="oracle.dbtools.crest.model.design.storage.oracle.v11g.ColumnProxyOraclev11g" name="FIMJBD_ID" id="4C17EB8D-2CE6-BB7F-5D7B-EF07E2B1C082">
<createdBy>mb56142</createdBy>
<createdTime>2013-06-19 23:03:10 UTC</createdTime>
<ownerDesignName>ILEB_BPM_Semantic_data_model_diagram</ownerDesignName>
</ColumnProxy>
<ColumnProxy class="oracle.dbtools.crest.model.design.storage.oracle.v11g.ColumnProxyOraclev11g" name="MJ_BI_ID" id="64A54B2F-B528-78BF-A8A8-F60332076A83">
<createdBy>mb56142</createdBy>
<createdTime>2013-06-19 23:03:10 UTC</createdTime>
<ownerDesignName>ILEB_BPM_Semantic_data_model_diagram</ownerDesignName>
</ColumnProxy>
<ColumnProxy class="oracle.dbtools.crest.model.design.storage.oracle.v11g.ColumnProxyOraclev11g" name="BUCKET_START_DATE" id="74C51CFF-9CC1-04DA-E3FE-6DBFA4813876">
<createdBy>mb56142</createdBy>
<createdTime>2013-06-19 23:03:10 UTC</createdTime>
<ownerDesignName>ILEB_BPM_Semantic_data_model_diagram</ownerDesignName>
</ColumnProxy>
<ColumnProxy class="oracle.dbtools.crest.model.design.storage.oracle.v11g.ColumnProxyOraclev11g" name="INVENTORY_COUNT" id="7E4D9E3F-A5CA-5561-1CF7-6819168837C7">
<createdBy>mb56142</createdBy>
<createdTime>2013-06-19 23:03:10 UTC</createdTime>
<ownerDesignName>ILEB_BPM_Semantic_data_model_diagram</ownerDesignName>
</ColumnProxy>
<ColumnProxy class="oracle.dbtools.crest.model.design.storage.oracle.v11g.ColumnProxyOraclev11g" name="DIMJLUB_ID" id="84303B48-286C-7E38-1B5B-76E9BA7A363B">
<createdBy>mb56142</createdBy>
<createdTime>2013-06-19 23:03:10 UTC</createdTime>
<ownerDesignName>ILEB_BPM_Semantic_data_model_diagram</ownerDesignName>
</ColumnProxy>
<ColumnProxy class="oracle.dbtools.crest.model.design.storage.oracle.v11g.ColumnProxyOraclev11g" name="CREATION_COUNT" id="A7A08676-E659-005C-342F-9E5C6AC8A4CE">
<createdBy>mb56142</createdBy>
<createdTime>2013-06-19 23:03:10 UTC</createdTime>
<ownerDesignName>ILEB_BPM_Semantic_data_model_diagram</ownerDesignName>
</ColumnProxy>
<ColumnProxy class="oracle.dbtools.crest.model.design.storage.oracle.v11g.ColumnProxyOraclev11g" name="D_DATE" id="AEE389F2-F6C8-7341-58FF-A070F1419A1A">
<createdBy>mb56142</createdBy>
<createdTime>2013-06-19 23:03:10 UTC</createdTime>
<ownerDesignName>ILEB_BPM_Semantic_data_model_diagram</ownerDesignName>
</ColumnProxy>
<ColumnProxy class="oracle.dbtools.crest.model.design.storage.oracle.v11g.ColumnProxyOraclev11g" name="LAST_UPDATE_BY_DATE" id="D3CDE67C-30D6-B660-6C5F-82C4922BB68C">
<createdBy>mb56142</createdBy>
<createdTime>2013-06-19 23:03:10 UTC</createdTime>
<ownerDesignName>ILEB_BPM_Semantic_data_model_diagram</ownerDesignName>
</ColumnProxy>
</columnProxies>
<indexProxies>
<IndexProxy class="oracle.dbtools.crest.model.design.storage.oracle.v10g.IndexProxyOraclev10g" name="FIMJBD_PK" id="612EE4AF-A0E3-5328-F362-1E0464130475">
<createdBy>mb56142</createdBy>
<createdTime>2013-06-19 23:03:10 UTC</createdTime>
<ownerDesignName>ILEB_BPM_Semantic_data_model_diagram</ownerDesignName>
</IndexProxy>
<IndexProxy class="oracle.dbtools.crest.model.design.storage.oracle.v10g.IndexProxyOraclev10g" name="FNMRBD_UIX3" id="689D0FC6-2923-6F3D-DAA6-58243E008583">
<createdBy>mb56142</createdBy>
<createdTime>2013-06-19 23:03:10 UTC</createdTime>
<ownerDesignName>ILEB_BPM_Semantic_data_model_diagram</ownerDesignName>
</IndexProxy>
<IndexProxy class="oracle.dbtools.crest.model.design.storage.oracle.v10g.IndexProxyOraclev10g" name="FNMRBD_UIX1" id="B05B7E25-1351-4B98-57CD-4AF447E1CED8">
<createdBy>mb56142</createdBy>
<createdTime>2013-06-19 23:03:10 UTC</createdTime>
<ownerDesignName>ILEB_BPM_Semantic_data_model_diagram</ownerDesignName>
</IndexProxy>
<IndexProxy class="oracle.dbtools.crest.model.design.storage.oracle.v10g.IndexProxyOraclev10g" name="FNMRBD_UIX2" id="DC928D8D-44AC-B8A5-7CA6-727CA9FDBA5C">
<createdBy>mb56142</createdBy>
<createdTime>2013-06-19 23:03:10 UTC</createdTime>
<ownerDesignName>ILEB_BPM_Semantic_data_model_diagram</ownerDesignName>
</IndexProxy>
</indexProxies>
<foreignKeys>
<ForeignKey class="oracle.dbtools.crest.model.design.storage.oracle.v10g.FKProxyOraclev10g" name="FIMJBD_DIMJCUR_FK" id="6A2857C1-4E93-765F-3FCF-0E857339FED9">
<createdBy>mb56142</createdBy>
<createdTime>2013-06-19 23:03:10 UTC</createdTime>
<ownerDesignName>ILEB_BPM_Semantic_data_model_diagram</ownerDesignName>
</ForeignKey>
<ForeignKey class="oracle.dbtools.crest.model.design.storage.oracle.v10g.FKProxyOraclev10g" name="FIMJBD_DIMJLUB_FK" id="7CC35D91-C184-9FAD-D63F-060CDBF985D0">
<createdBy>mb56142</createdBy>
<createdTime>2013-06-19 23:03:10 UTC</createdTime>
<ownerDesignName>ILEB_BPM_Semantic_data_model_diagram</ownerDesignName>
</ForeignKey>
</foreignKeys>
<primaryKeys>
<PrimaryKey class="oracle.dbtools.crest.model.design.storage.oracle.v10g.PKProxyOraclev10g" name="FIMJBD_PK" id="47E524C7-3BAD-CC23-BE43-0B019B54E9AE">
<createdBy>mb56142</createdBy>
<createdTime>2013-06-19 23:03:10 UTC</createdTime>
<ownerDesignName>ILEB_BPM_Semantic_data_model_diagram</ownerDesignName>
<indexSort>SORTED</indexSort>
</PrimaryKey>
</primaryKeys>
</TableProxyOraclev11g>