<?xml version = '1.0' encoding = 'UTF-8'?>
<Table class="oracle.dbtools.crest.model.design.relational.Table" directorySegmentName="seg_0" id="242E58F2-048E-516E-11B1-A2651077149F" name="ASSESSMENT_OUTCOMES">
<createdBy>andrew.yuhas</createdBy>
<createdTime>2014-12-08 10:23:55 UTC</createdTime>
<ownerDesignName>UK_HWS_Assessments_data_model_diagram12172014</ownerDesignName>
<allowColumnReorder>false</allowColumnReorder>
<existDependencyGenerateInDDl>true</existDependencyGenerateInDDl>
<columns itemClass="oracle.dbtools.crest.model.design.relational.Column">
<Column name="ASSESSMENT_ID" id="AAE73561-AE98-4BD9-C1BF-DCC9CB6F0AB7">
<createdBy>andrew.yuhas</createdBy>
<createdTime>2014-12-08 10:24:57 UTC</createdTime>
<ownerDesignName>UK_HWS_Assessments_data_model_diagram12172014</ownerDesignName>
<useDomainConstraints>false</useDomainConstraints>
<use>1</use>
<logicalDatatype>LOGDT011</logicalDatatype>
<delegate>F7BA1A49-5E9B-A03B-52F7-9FF2494B9F1A</delegate>
<autoIncrementCycle>false</autoIncrementCycle>
<associations>
<colAssociation fkAssociation="54C8D905-3498-48E5-40E4-C83C6E62F9E2" referredColumn="F7BA1A49-5E9B-A03B-52F7-9FF2494B9F1A"/>
</associations>
</Column>
<Column name="ASSESSMENT_OUTCOME_ID" id="7E3F483D-8345-4B18-45B3-26516B95E66E">
<createdBy>andrew.yuhas</createdBy>
<createdTime>2014-12-08 10:24:42 UTC</createdTime>
<ownerDesignName>UK_HWS_Assessments_data_model_diagram12172014</ownerDesignName>
<useDomainConstraints>false</useDomainConstraints>
<use>1</use>
<logicalDatatype>LOGDT011</logicalDatatype>
<autoIncrementCycle>false</autoIncrementCycle>
</Column>
<Column name="ASSESSMENT_OUTCOME_NAME" id="672BAED3-B50F-9AF2-FAAD-0247345F0D89">
<createdBy>andrew.yuhas</createdBy>
<createdTime>2014-12-08 10:24:42 UTC</createdTime>
<ownerDesignName>UK_HWS_Assessments_data_model_diagram12172014</ownerDesignName>
<nullsAllowed>true</nullsAllowed>
<useDomainConstraints>false</useDomainConstraints>
<use>1</use>
<logicalDatatype>LOGDT024</logicalDatatype>
<autoIncrementCycle>false</autoIncrementCycle>
</Column>
<Column name="ASSESSMENT_OUTCOME_EFFECTIVE_DT" id="148AC0B7-EFC7-35AB-8029-B4E9662C253D">
<createdBy>andrew.yuhas</createdBy>
<createdTime>2014-12-11 10:20:28 UTC</createdTime>
<ownerDesignName>UK_HWS_Assessments_data_model_diagram12172014</ownerDesignName>
<nullsAllowed>true</nullsAllowed>
<useDomainConstraints>false</useDomainConstraints>
<use>1</use>
<logicalDatatype>LOGDT008</logicalDatatype>
<autoIncrementCycle>false</autoIncrementCycle>
</Column>
</columns>
<indexes itemClass="oracle.dbtools.crest.model.design.relational.Index">
<ind_PK_UK id="076FDA5E-15C8-03D4-E7FC-396F7D7B227D" name="Assessment_Outcomes_PK">
<createdBy>andrew.yuhas</createdBy>
<createdTime>2014-12-08 10:24:42 UTC</createdTime>
<ownerDesignName>UK_HWS_Assessments_data_model_diagram12172014</ownerDesignName>
<pk>true</pk>
<indexState>Primary Constraint</indexState>
<isSurrogateKey>false</isSurrogateKey>
<indexColumnUsage>
<colUsage columnID="7E3F483D-8345-4B18-45B3-26516B95E66E"/>
<colUsage columnID="AAE73561-AE98-4BD9-C1BF-DCC9CB6F0AB7"/>
</indexColumnUsage>
</ind_PK_UK>
<ind_PK_UK id="0A0B96EF-BA74-F135-2F0D-3337692C1459" name="Assessment_Outcomes_ASSESSMENTS_FK">
<createdBy>andrew.yuhas</createdBy>
<createdTime>2014-12-08 10:25:09 UTC</createdTime>
<ownerDesignName>UK_HWS_Assessments_data_model_diagram12172014</ownerDesignName>
<indexState>Foreign Key</indexState>
<isSurrogateKey>false</isSurrogateKey>
<indexColumnUsage>
<colUsage columnID="AAE73561-AE98-4BD9-C1BF-DCC9CB6F0AB7"/>
</indexColumnUsage>
</ind_PK_UK>
</indexes>
</Table>