<?xml version = '1.0' encoding = 'UTF-8'?>
<Table class="oracle.dbtools.crest.model.design.relational.Table" directorySegmentName="seg_0" id="38B8BAE7-2F61-6B14-F2F6-7D7BD5D5DE04" name="APPOINTMENTS">
<sourceConnName>UK_HWS rk50472</sourceConnName>
<sourceObjSchema>maxdat</sourceObjSchema>
<sourceObjName>APPOINTMENTS</sourceObjName>
<createdBy>50472</createdBy>
<createdTime>2014-11-20 22:42:09 UTC</createdTime>
<ownerDesignName>UK_HWS_Assessments_data_model_diagram12172014</ownerDesignName>
<allowColumnReorder>false</allowColumnReorder>
<existDependencyGenerateInDDl>true</existDependencyGenerateInDDl>
<columns itemClass="oracle.dbtools.crest.model.design.relational.Column">
<Column name="APPOINTMENT_ID" id="9B57A30A-ADDE-EF42-B679-F05E48AAA2BF">
<sourceConnName>UK_HWS rk50472</sourceConnName>
<sourceObjSchema>APPOINTMENTS</sourceObjSchema>
<sourceObjName>APPOINTMENT_ID</sourceObjName>
<createdBy>50472</createdBy>
<createdTime>2014-11-20 22:42:09 UTC</createdTime>
<ownerDesignName>UK_HWS_Assessments_data_model_diagram12172014</ownerDesignName>
<useDomainConstraints>false</useDomainConstraints>
<use>1</use>
<logicalDatatype>LOGDT011</logicalDatatype>
<autoIncrementCycle>false</autoIncrementCycle>
</Column>
<Column name="CASE_ID" id="488A5A55-6529-7F57-9977-1922A4A97F6F">
<sourceConnName>UK_HWS rk50472</sourceConnName>
<sourceObjSchema>APPOINTMENTS</sourceObjSchema>
<sourceObjName>CASE_ID</sourceObjName>
<createdBy>50472</createdBy>
<createdTime>2014-11-20 22:42:09 UTC</createdTime>
<ownerDesignName>UK_HWS_Assessments_data_model_diagram12172014</ownerDesignName>
<useDomainConstraints>false</useDomainConstraints>
<use>1</use>
<logicalDatatype>LOGDT011</logicalDatatype>
<delegate>DABF43A3-C0DF-9FC9-1FB3-C2A5CC5445D6</delegate>
<autoIncrementCycle>false</autoIncrementCycle>
<associations>
<colAssociation fkAssociation="15CCF012-F2EC-63F9-1B08-180271800614" referredColumn="DABF43A3-C0DF-9FC9-1FB3-C2A5CC5445D6"/>
</associations>
</Column>
<Column name="RESOURCE_ID" id="34D08609-4C09-EDD6-0B29-E70A25A4EA40">
<sourceConnName>UK_HWS rk50472</sourceConnName>
<sourceObjSchema>APPOINTMENTS</sourceObjSchema>
<sourceObjName>RESOURCE_ID</sourceObjName>
<createdBy>50472</createdBy>
<createdTime>2014-11-20 22:42:09 UTC</createdTime>
<ownerDesignName>UK_HWS_Assessments_data_model_diagram12172014</ownerDesignName>
<useDomainConstraints>false</useDomainConstraints>
<use>1</use>
<logicalDatatype>LOGDT011</logicalDatatype>
<dataTypePrecision>10</dataTypePrecision>
<dataTypeScale>0</dataTypeScale>
<dataTypeSize>4</dataTypeSize>
<delegate>C4596EAC-567E-488A-9625-23CA7F82DFF3</delegate>
<autoIncrementCycle>false</autoIncrementCycle>
<associations>
<colAssociation fkAssociation="3BFD2825-898C-4526-BEB5-628F43CE7707" referredColumn="C4596EAC-567E-488A-9625-23CA7F82DFF3"/>
</associations>
</Column>
<Column name="ASSESSMENT_ID" id="56B00BA3-F5A3-8C92-9A9A-D0FE591D199A">
<sourceConnName>UK_HWS rk50472</sourceConnName>
<sourceObjSchema>APPOINTMENTS</sourceObjSchema>
<sourceObjName>ASSESSMENT_ID</sourceObjName>
<createdBy>50472</createdBy>
<createdTime>2014-11-20 22:42:09 UTC</createdTime>
<ownerDesignName>UK_HWS_Assessments_data_model_diagram12172014</ownerDesignName>
<useDomainConstraints>false</useDomainConstraints>
<use>1</use>
<logicalDatatype>LOGDT011</logicalDatatype>
<delegate>F7BA1A49-5E9B-A03B-52F7-9FF2494B9F1A</delegate>
<autoIncrementCycle>false</autoIncrementCycle>
<associations>
<colAssociation fkAssociation="FEE6E940-39F2-0B90-E51A-FBB492A37526" referredColumn="F7BA1A49-5E9B-A03B-52F7-9FF2494B9F1A"/>
</associations>
</Column>
<Column name="CLINIC_ID" id="7B24F7D1-6708-0B8E-B84A-E11D63C83D7D">
<sourceConnName>UK_HWS rk50472</sourceConnName>
<sourceObjSchema>APPOINTMENTS</sourceObjSchema>
<sourceObjName>CLINIC_ID</sourceObjName>
<createdBy>50472</createdBy>
<createdTime>2014-11-20 22:42:09 UTC</createdTime>
<ownerDesignName>UK_HWS_Assessments_data_model_diagram12172014</ownerDesignName>
<nullsAllowed>true</nullsAllowed>
<useDomainConstraints>false</useDomainConstraints>
<use>1</use>
<logicalDatatype>LOGDT057</logicalDatatype>
<dataTypePrecision>0</dataTypePrecision>
<dataTypeScale>0</dataTypeScale>
<dataTypeSize>16</dataTypeSize>
<autoIncrementCycle>false</autoIncrementCycle>
</Column>
<Column name="CLINIC_NAME" id="36A9749D-D3A8-CA43-A4E3-B4FA2FCE7A4F">
<sourceConnName>UK_HWS rk50472</sourceConnName>
<sourceObjSchema>APPOINTMENTS</sourceObjSchema>
<sourceObjName>CLINIC_NAME</sourceObjName>
<createdBy>50472</createdBy>
<createdTime>2014-11-20 22:42:09 UTC</createdTime>
<ownerDesignName>UK_HWS_Assessments_data_model_diagram12172014</ownerDesignName>
<nullsAllowed>true</nullsAllowed>
<useDomainConstraints>false</useDomainConstraints>
<use>1</use>
<logicalDatatype>LOGDT024</logicalDatatype>
<dataTypePrecision>200</dataTypePrecision>
<dataTypeScale>0</dataTypeScale>
<dataTypeSize>200</dataTypeSize>
<autoIncrementCycle>false</autoIncrementCycle>
</Column>
<Column name="CLINICIAN_ID" id="2C0AFCC5-3E1A-3953-9600-4DB63820C5E2">
<sourceConnName>UK_HWS rk50472</sourceConnName>
<sourceObjSchema>APPOINTMENTS</sourceObjSchema>
<sourceObjName>CLINICIAN_ID</sourceObjName>
<createdBy>50472</createdBy>
<createdTime>2014-11-20 22:42:09 UTC</createdTime>
<ownerDesignName>UK_HWS_Assessments_data_model_diagram12172014</ownerDesignName>
<useDomainConstraints>false</useDomainConstraints>
<use>1</use>
<logicalDatatype>LOGDT057</logicalDatatype>
<dataTypePrecision>0</dataTypePrecision>
<dataTypeScale>0</dataTypeScale>
<dataTypeSize>16</dataTypeSize>
<autoIncrementCycle>false</autoIncrementCycle>
</Column>
<Column name="CLINICIAN_NAME" id="DF8D86E1-5F3E-E797-B86A-50E8A10BBCC6">
<sourceConnName>UK_HWS rk50472</sourceConnName>
<sourceObjSchema>APPOINTMENTS</sourceObjSchema>
<sourceObjName>CLINICIAN_NAME</sourceObjName>
<createdBy>50472</createdBy>
<createdTime>2014-11-20 22:42:09 UTC</createdTime>
<ownerDesignName>UK_HWS_Assessments_data_model_diagram12172014</ownerDesignName>
<nullsAllowed>true</nullsAllowed>
<useDomainConstraints>false</useDomainConstraints>
<use>1</use>
<logicalDatatype>LOGDT024</logicalDatatype>
<dataTypePrecision>200</dataTypePrecision>
<dataTypeScale>0</dataTypeScale>
<dataTypeSize>200</dataTypeSize>
<autoIncrementCycle>false</autoIncrementCycle>
</Column>
<Column name="ISFACETOFACE" id="83EA0601-9622-C10B-8FA3-2F630E528257">
<sourceConnName>UK_HWS rk50472</sourceConnName>
<sourceObjSchema>APPOINTMENTS</sourceObjSchema>
<sourceObjName>ISFACETOFACE</sourceObjName>
<createdBy>50472</createdBy>
<createdTime>2014-11-20 22:42:09 UTC</createdTime>
<ownerDesignName>UK_HWS_Assessments_data_model_diagram12172014</ownerDesignName>
<nullsAllowed>true</nullsAllowed>
<useDomainConstraints>false</useDomainConstraints>
<use>1</use>
<logicalDatatype>LOGDT034</logicalDatatype>
<dataTypePrecision>1</dataTypePrecision>
<dataTypeScale>0</dataTypeScale>
<dataTypeSize>1</dataTypeSize>
<autoIncrementCycle>false</autoIncrementCycle>
</Column>
<Column name="APPOINTMENT_DT" id="BAB47ED8-6C3F-E0EE-3C5C-34F9D6B8F13C">
<sourceConnName>UK_HWS rk50472</sourceConnName>
<sourceObjSchema>APPOINTMENTS</sourceObjSchema>
<sourceObjName>APPOINTMENT_DT</sourceObjName>
<createdBy>50472</createdBy>
<createdTime>2014-11-20 22:42:09 UTC</createdTime>
<ownerDesignName>UK_HWS_Assessments_data_model_diagram12172014</ownerDesignName>
<nullsAllowed>true</nullsAllowed>
<useDomainConstraints>false</useDomainConstraints>
<use>1</use>
<logicalDatatype>LOGDT008</logicalDatatype>
<dataTypePrecision>23</dataTypePrecision>
<dataTypeScale>3</dataTypeScale>
<dataTypeSize>8</dataTypeSize>
<autoIncrementCycle>false</autoIncrementCycle>
</Column>
<Column name="APPOINTMENT_BOOKED_DT" id="EB80EEE5-1A1C-06EB-BF2F-B6F977A03CE0">
<sourceConnName>UK_HWS rk50472</sourceConnName>
<sourceObjSchema>APPOINTMENTS</sourceObjSchema>
<sourceObjName>APPT_BOOKED_DT</sourceObjName>
<createdBy>50472</createdBy>
<createdTime>2014-11-20 22:42:09 UTC</createdTime>
<ownerDesignName>UK_HWS_Assessments_data_model_diagram12172014</ownerDesignName>
<nullsAllowed>true</nullsAllowed>
<useDomainConstraints>false</useDomainConstraints>
<use>1</use>
<logicalDatatype>LOGDT008</logicalDatatype>
<autoIncrementCycle>false</autoIncrementCycle>
</Column>
<Column name="APPOINTMENT_STATUS_ID" id="5E119A23-D543-DEE9-CE11-01B0718CB684">
<sourceConnName>UK_HWS rk50472</sourceConnName>
<sourceObjSchema>APPOINTMENTS</sourceObjSchema>
<sourceObjName>APPOINTMENT_STATUS_ID</sourceObjName>
<createdBy>50472</createdBy>
<createdTime>2014-11-20 22:42:09 UTC</createdTime>
<ownerDesignName>UK_HWS_Assessments_data_model_diagram12172014</ownerDesignName>
<nullsAllowed>true</nullsAllowed>
<useDomainConstraints>false</useDomainConstraints>
<use>1</use>
<logicalDatatype>LOGDT011</logicalDatatype>
<dataTypePrecision>10</dataTypePrecision>
<dataTypeScale>0</dataTypeScale>
<dataTypeSize>4</dataTypeSize>
<autoIncrementCycle>false</autoIncrementCycle>
</Column>
<Column name="APPOINTMENT_STATUS" id="637ED12A-093F-0E4D-8758-86E89659846B">
<sourceConnName>UK_HWS rk50472</sourceConnName>
<sourceObjSchema>APPOINTMENTS</sourceObjSchema>
<sourceObjName>APPOINTMENT_STATUS</sourceObjName>
<createdBy>50472</createdBy>
<createdTime>2014-11-20 22:42:09 UTC</createdTime>
<ownerDesignName>UK_HWS_Assessments_data_model_diagram12172014</ownerDesignName>
<nullsAllowed>true</nullsAllowed>
<useDomainConstraints>false</useDomainConstraints>
<use>1</use>
<logicalDatatype>LOGDT024</logicalDatatype>
<dataTypePrecision>50</dataTypePrecision>
<dataTypeScale>0</dataTypeScale>
<dataTypeSize>50</dataTypeSize>
<autoIncrementCycle>false</autoIncrementCycle>
</Column>
<Column name="APPOINTMENT_STATUS_DT" id="F9E8CDCD-173C-315F-5D56-67B65DC4F5D9">
<sourceConnName>UK_HWS rk50472</sourceConnName>
<sourceObjSchema>APPOINTMENTS</sourceObjSchema>
<sourceObjName>APPOINTMENT_STATUS_DT</sourceObjName>
<createdBy>50472</createdBy>
<createdTime>2014-11-20 22:42:09 UTC</createdTime>
<ownerDesignName>UK_HWS_Assessments_data_model_diagram12172014</ownerDesignName>
<nullsAllowed>true</nullsAllowed>
<useDomainConstraints>false</useDomainConstraints>
<use>1</use>
<logicalDatatype>LOGDT008</logicalDatatype>
<dataTypePrecision>23</dataTypePrecision>
<dataTypeScale>3</dataTypeScale>
<dataTypeSize>8</dataTypeSize>
<autoIncrementCycle>false</autoIncrementCycle>
</Column>
<Column name="ELAPSED_TIME" id="F5D5FF4F-C0CE-3FB7-FCE0-A27D8F5AA5D7">
<sourceConnName>UK_HWS rk50472</sourceConnName>
<sourceObjSchema>APPOINTMENTS</sourceObjSchema>
<sourceObjName>ELAPSED_TIME</sourceObjName>
<createdBy>50472</createdBy>
<createdTime>2014-11-20 22:42:09 UTC</createdTime>
<ownerDesignName>UK_HWS_Assessments_data_model_diagram12172014</ownerDesignName>
<nullsAllowed>true</nullsAllowed>
<useDomainConstraints>false</useDomainConstraints>
<use>1</use>
<logicalDatatype>LOGDT011</logicalDatatype>
<dataTypePrecision>10</dataTypePrecision>
<dataTypeScale>0</dataTypeScale>
<dataTypeSize>4</dataTypeSize>
<autoIncrementCycle>false</autoIncrementCycle>
</Column>
<Column name="APPOINTMENT_TYPE_ID" id="182B30EB-568D-2720-3579-37CA42749802">
<sourceConnName>UK_HWS rk50472</sourceConnName>
<sourceObjSchema>APPOINTMENTS</sourceObjSchema>
<sourceObjName>APPOINTMENT_TYPE_ID</sourceObjName>
<createdBy>50472</createdBy>
<createdTime>2014-11-20 22:42:09 UTC</createdTime>
<ownerDesignName>UK_HWS_Assessments_data_model_diagram12172014</ownerDesignName>
<nullsAllowed>true</nullsAllowed>
<useDomainConstraints>false</useDomainConstraints>
<use>1</use>
<logicalDatatype>LOGDT011</logicalDatatype>
<dataTypePrecision>10</dataTypePrecision>
<dataTypeScale>0</dataTypeScale>
<dataTypeSize>4</dataTypeSize>
<autoIncrementCycle>false</autoIncrementCycle>
</Column>
<Column name="APPOINTMENT_TYPE" id="879F33BF-FE3B-8C05-7680-B2E7168B4E89">
<sourceConnName>UK_HWS rk50472</sourceConnName>
<sourceObjSchema>APPOINTMENTS</sourceObjSchema>
<sourceObjName>APPOINTMENT_TYPE</sourceObjName>
<createdBy>50472</createdBy>
<createdTime>2014-11-20 22:42:09 UTC</createdTime>
<ownerDesignName>UK_HWS_Assessments_data_model_diagram12172014</ownerDesignName>
<nullsAllowed>true</nullsAllowed>
<useDomainConstraints>false</useDomainConstraints>
<use>1</use>
<logicalDatatype>LOGDT024</logicalDatatype>
<dataTypePrecision>50</dataTypePrecision>
<dataTypeScale>0</dataTypeScale>
<dataTypeSize>50</dataTypeSize>
<autoIncrementCycle>false</autoIncrementCycle>
</Column>
<Column name="TRAVEL_TIME" id="82BBD4D6-435B-FD04-8A88-503E822678B3">
<sourceConnName>UK_HWS rk50472</sourceConnName>
<sourceObjSchema>APPOINTMENTS</sourceObjSchema>
<sourceObjName>TRAVEL_TIME</sourceObjName>
<createdBy>50472</createdBy>
<createdTime>2014-11-20 22:42:09 UTC</createdTime>
<ownerDesignName>UK_HWS_Assessments_data_model_diagram12172014</ownerDesignName>
<nullsAllowed>true</nullsAllowed>
<useDomainConstraints>false</useDomainConstraints>
<use>1</use>
<logicalDatatype>LOGDT011</logicalDatatype>
<dataTypePrecision>10</dataTypePrecision>
<dataTypeScale>0</dataTypeScale>
<dataTypeSize>4</dataTypeSize>
<autoIncrementCycle>false</autoIncrementCycle>
</Column>
<Column name="RESCHEDULED_DT" id="E9D7813B-7273-4BEA-93FA-73B39593D297">
<sourceConnName>UK_HWS rk50472</sourceConnName>
<sourceObjSchema>APPOINTMENTS</sourceObjSchema>
<sourceObjName>RESCHEDULED_DT</sourceObjName>
<createdBy>50472</createdBy>
<createdTime>2014-11-20 22:42:09 UTC</createdTime>
<ownerDesignName>UK_HWS_Assessments_data_model_diagram12172014</ownerDesignName>
<nullsAllowed>true</nullsAllowed>
<useDomainConstraints>false</useDomainConstraints>
<use>1</use>
<logicalDatatype>LOGDT008</logicalDatatype>
<dataTypePrecision>23</dataTypePrecision>
<dataTypeScale>3</dataTypeScale>
<dataTypeSize>8</dataTypeSize>
<autoIncrementCycle>false</autoIncrementCycle>
</Column>
<Column name="RESCHEDULE_REASON" id="69F9074F-6264-C4A1-5362-DDF753250AB4">
<sourceConnName>UK_HWS rk50472</sourceConnName>
<sourceObjSchema>APPOINTMENTS</sourceObjSchema>
<sourceObjName>RESCHEDULE_REASON</sourceObjName>
<createdBy>50472</createdBy>
<createdTime>2014-11-20 22:42:09 UTC</createdTime>
<ownerDesignName>UK_HWS_Assessments_data_model_diagram12172014</ownerDesignName>
<nullsAllowed>true</nullsAllowed>
<useDomainConstraints>false</useDomainConstraints>
<use>1</use>
<logicalDatatype>LOGDT024</logicalDatatype>
<dataTypePrecision>200</dataTypePrecision>
<dataTypeScale>0</dataTypeScale>
<dataTypeSize>200</dataTypeSize>
<autoIncrementCycle>false</autoIncrementCycle>
</Column>
<Column name="APPOINTMENT_CANCEL_DT" id="38EFD899-184B-104E-4419-C6FBFB54ECE6">
<sourceConnName>UK_HWS rk50472</sourceConnName>
<sourceObjSchema>APPOINTMENTS</sourceObjSchema>
<sourceObjName>APPT_CANCEL_DT</sourceObjName>
<createdBy>50472</createdBy>
<createdTime>2014-11-20 22:42:09 UTC</createdTime>
<ownerDesignName>UK_HWS_Assessments_data_model_diagram12172014</ownerDesignName>
<nullsAllowed>true</nullsAllowed>
<useDomainConstraints>false</useDomainConstraints>
<use>1</use>
<logicalDatatype>LOGDT008</logicalDatatype>
<autoIncrementCycle>false</autoIncrementCycle>
</Column>
<Column name="APPOINTMENT_CANCEL_REASON" id="ECC7A420-FB7F-86D6-71F1-78B146BF1094">
<sourceConnName>UK_HWS rk50472</sourceConnName>
<sourceObjSchema>APPOINTMENTS</sourceObjSchema>
<sourceObjName>APPT_CANCEL_REASON</sourceObjName>
<createdBy>50472</createdBy>
<createdTime>2014-11-20 22:42:09 UTC</createdTime>
<ownerDesignName>UK_HWS_Assessments_data_model_diagram12172014</ownerDesignName>
<nullsAllowed>true</nullsAllowed>
<useDomainConstraints>false</useDomainConstraints>
<use>1</use>
<logicalDatatype>LOGDT024</logicalDatatype>
<dataTypeSize>250</dataTypeSize>
<autoIncrementCycle>false</autoIncrementCycle>
</Column>
</columns>
<indexes itemClass="oracle.dbtools.crest.model.design.relational.Index">
<ind_PK_UK id="BCDD4D9B-A5F5-60B6-B1DF-5A31E989D370" name="APPOINTMENTS_PK">
<sourceConnName>UK_HWS rk50472</sourceConnName>
<sourceObjSchema>maxdat</sourceObjSchema>
<sourceObjName>APPOINTMENTS_PK</sourceObjName>
<createdBy>50472</createdBy>
<createdTime>2014-11-20 22:42:10 UTC</createdTime>
<ownerDesignName>UK_HWS_Assessments_data_model_diagram12172014</ownerDesignName>
<pk>true</pk>
<indexState>Primary Constraint</indexState>
<isSurrogateKey>false</isSurrogateKey>
<indexColumnUsage>
<colUsage columnID="9B57A30A-ADDE-EF42-B679-F05E48AAA2BF"/>
</indexColumnUsage>
</ind_PK_UK>
<ind_PK_UK id="EE2694EA-EAC9-9958-709E-5450AAB3267F" name="APPOINTMENTS_RESOURCES_FK">
<createdBy>50472</createdBy>
<createdTime>2014-11-20 22:42:15 UTC</createdTime>
<ownerDesignName>UK_HWS_Assessments_data_model_diagram12172014</ownerDesignName>
<indexState>Foreign Key</indexState>
<isSurrogateKey>false</isSurrogateKey>
<indexColumnUsage>
<colUsage columnID="34D08609-4C09-EDD6-0B29-E70A25A4EA40"/>
</indexColumnUsage>
</ind_PK_UK>
<ind_PK_UK id="E3AC2A30-8CCD-A490-AC51-4431C8ACA88F" name="APPOINTMENTS_ASSESSMENT_FK">
<createdBy>50472</createdBy>
<createdTime>2014-11-20 22:42:16 UTC</createdTime>
<ownerDesignName>UK_HWS_Assessments_data_model_diagram12172014</ownerDesignName>
<indexState>Foreign Key</indexState>
<isSurrogateKey>false</isSurrogateKey>
<indexColumnUsage>
<colUsage columnID="56B00BA3-F5A3-8C92-9A9A-D0FE591D199A"/>
</indexColumnUsage>
</ind_PK_UK>
<ind_PK_UK id="10F6AA7B-1664-8B17-ACE6-837C3B1CD398" name="APPOINTMENTS_CASES_FK">
<createdBy>50472</createdBy>
<createdTime>2014-11-20 22:42:16 UTC</createdTime>
<ownerDesignName>UK_HWS_Assessments_data_model_diagram12172014</ownerDesignName>
<indexState>Foreign Key</indexState>
<isSurrogateKey>false</isSurrogateKey>
<indexColumnUsage>
<colUsage columnID="488A5A55-6529-7F57-9977-1922A4A97F6F"/>
</indexColumnUsage>
</ind_PK_UK>
</indexes>
</Table>