<?xml version = '1.0' encoding = 'UTF-8'?>
<Table class="oracle.dbtools.crest.model.design.relational.Table" directorySegmentName="seg_0" id="504306A6-7DC3-08E3-7C7B-5D2385284BBF" name="DWP_SIGNPOSTING">
<createdBy>andrew.yuhas</createdBy>
<createdTime>2014-12-08 10:27:17 UTC</createdTime>
<ownerDesignName>UK_HWS_Assessments_data_model_diagram12172014</ownerDesignName>
<allowColumnReorder>false</allowColumnReorder>
<existDependencyGenerateInDDl>true</existDependencyGenerateInDDl>
<columns itemClass="oracle.dbtools.crest.model.design.relational.Column">
<Column name="ASSESSMENT_ID" id="25A88AC8-9DEF-CECC-B7E8-B7D4F146F781">
<createdBy>andrew.yuhas</createdBy>
<createdTime>2014-12-08 10:28:07 UTC</createdTime>
<ownerDesignName>UK_HWS_Assessments_data_model_diagram12172014</ownerDesignName>
<useDomainConstraints>false</useDomainConstraints>
<use>1</use>
<logicalDatatype>LOGDT011</logicalDatatype>
<delegate>F7BA1A49-5E9B-A03B-52F7-9FF2494B9F1A</delegate>
<autoIncrementCycle>false</autoIncrementCycle>
<associations>
<colAssociation fkAssociation="3950A375-4157-482B-8E04-82B6911AD25B" referredColumn="F7BA1A49-5E9B-A03B-52F7-9FF2494B9F1A"/>
</associations>
</Column>
<Column name="DWP_SIGNPOSTING_ID" id="8372C2EB-B35A-968C-CB8E-8494C844B5FC">
<createdBy>andrew.yuhas</createdBy>
<createdTime>2014-12-08 10:28:07 UTC</createdTime>
<ownerDesignName>UK_HWS_Assessments_data_model_diagram12172014</ownerDesignName>
<useDomainConstraints>false</useDomainConstraints>
<use>1</use>
<logicalDatatype>LOGDT011</logicalDatatype>
<autoIncrementCycle>false</autoIncrementCycle>
</Column>
<Column name="DWP_SIGNPOSTING_NAME" id="2A1071F4-7A8B-9FBF-935F-22281658B9EF">
<createdBy>andrew.yuhas</createdBy>
<createdTime>2014-12-08 10:28:07 UTC</createdTime>
<ownerDesignName>UK_HWS_Assessments_data_model_diagram12172014</ownerDesignName>
<nullsAllowed>true</nullsAllowed>
<useDomainConstraints>false</useDomainConstraints>
<use>1</use>
<logicalDatatype>LOGDT024</logicalDatatype>
<dataTypeSize>MAX</dataTypeSize>
<autoIncrementCycle>false</autoIncrementCycle>
</Column>
<Column name="DWP_SIGNPOSTING_EFFECTIVE_DT" id="B7258756-2FF7-2C78-01AD-4B52E9016BF3">
<createdBy>andrew.yuhas</createdBy>
<createdTime>2014-12-11 10:14:41 UTC</createdTime>
<ownerDesignName>UK_HWS_Assessments_data_model_diagram12172014</ownerDesignName>
<nullsAllowed>true</nullsAllowed>
<useDomainConstraints>false</useDomainConstraints>
<use>1</use>
<logicalDatatype>LOGDT008</logicalDatatype>
<autoIncrementCycle>false</autoIncrementCycle>
</Column>
</columns>
<indexes itemClass="oracle.dbtools.crest.model.design.relational.Index">
<ind_PK_UK id="103ACC76-D1F7-EBB5-369F-17D5BE1A9FC6" name="DWP_SIGNPOSTING_PK">
<createdBy>andrew.yuhas</createdBy>
<createdTime>2014-12-08 10:28:18 UTC</createdTime>
<ownerDesignName>UK_HWS_Assessments_data_model_diagram12172014</ownerDesignName>
<pk>true</pk>
<indexState>Primary Constraint</indexState>
<isSurrogateKey>false</isSurrogateKey>
<indexColumnUsage>
<colUsage columnID="8372C2EB-B35A-968C-CB8E-8494C844B5FC"/>
<colUsage columnID="25A88AC8-9DEF-CECC-B7E8-B7D4F146F781"/>
</indexColumnUsage>
</ind_PK_UK>
<ind_PK_UK id="B79186EC-8FF7-09E5-AF7E-4B3BA4726FF5" name="DWP_SIGNPOSTING_ASSESSMENTS_FK">
<createdBy>andrew.yuhas</createdBy>
<createdTime>2014-12-08 10:28:18 UTC</createdTime>
<ownerDesignName>UK_HWS_Assessments_data_model_diagram12172014</ownerDesignName>
<indexState>Foreign Key</indexState>
<isSurrogateKey>false</isSurrogateKey>
<indexColumnUsage>
<colUsage columnID="25A88AC8-9DEF-CECC-B7E8-B7D4F146F781"/>
</indexColumnUsage>
</ind_PK_UK>
</indexes>
</Table>