<?xml version = '1.0' encoding = 'UTF-8'?>
<Table class="oracle.dbtools.crest.model.design.relational.Table" directorySegmentName="seg_0" id="541B55D7-D9D3-51AE-84F3-274CAE8C0B37" name="SLA_CONFIG">
<createdBy>andrew.yuhas</createdBy>
<createdTime>2014-12-10 11:25:45 UTC</createdTime>
<ownerDesignName>UK_HWS_Assessments_data_model_diagram12172014</ownerDesignName>
<allowColumnReorder>false</allowColumnReorder>
<existDependencyGenerateInDDl>true</existDependencyGenerateInDDl>
<columns itemClass="oracle.dbtools.crest.model.design.relational.Column">
<Column name="SLA_ID" id="ADAFEEA9-1136-2B42-ADDF-3F3D70BE0770">
<createdBy>andrew.yuhas</createdBy>
<createdTime>2014-12-10 11:27:37 UTC</createdTime>
<ownerDesignName>UK_HWS_Assessments_data_model_diagram12172014</ownerDesignName>
<useDomainConstraints>false</useDomainConstraints>
<use>1</use>
<logicalDatatype>LOGDT011</logicalDatatype>
<autoIncrementCycle>false</autoIncrementCycle>
</Column>
<Column name="SLA_NAME" id="F1DCC164-B258-A849-F4B3-BF095240A7B5">
<createdBy>andrew.yuhas</createdBy>
<createdTime>2014-12-10 11:27:37 UTC</createdTime>
<ownerDesignName>UK_HWS_Assessments_data_model_diagram12172014</ownerDesignName>
<nullsAllowed>true</nullsAllowed>
<useDomainConstraints>false</useDomainConstraints>
<use>1</use>
<logicalDatatype>LOGDT024</logicalDatatype>
<autoIncrementCycle>false</autoIncrementCycle>
</Column>
<Column name="SLA_VALUE_TYPE" id="7F6DF3C6-B659-3DA5-178C-76F95D4DBF86">
<createdBy>andrew.yuhas</createdBy>
<createdTime>2014-12-10 11:27:37 UTC</createdTime>
<ownerDesignName>UK_HWS_Assessments_data_model_diagram12172014</ownerDesignName>
<nullsAllowed>true</nullsAllowed>
<useDomainConstraints>false</useDomainConstraints>
<use>1</use>
<logicalDatatype>LOGDT024</logicalDatatype>
<autoIncrementCycle>false</autoIncrementCycle>
</Column>
<Column name="TARGET_VALUE" id="D51C3E0E-0B42-EBFA-29D0-7BFC57A873A4">
<createdBy>andrew.yuhas</createdBy>
<createdTime>2014-12-10 11:27:37 UTC</createdTime>
<ownerDesignName>UK_HWS_Assessments_data_model_diagram12172014</ownerDesignName>
<nullsAllowed>true</nullsAllowed>
<useDomainConstraints>false</useDomainConstraints>
<use>1</use>
<logicalDatatype>LOGDT011</logicalDatatype>
<autoIncrementCycle>false</autoIncrementCycle>
</Column>
<Column name="JEOPARDY_VALUE" id="F5039754-9C66-4799-3A38-1674AD211667">
<createdBy>andrew.yuhas</createdBy>
<createdTime>2014-12-10 11:27:37 UTC</createdTime>
<ownerDesignName>UK_HWS_Assessments_data_model_diagram12172014</ownerDesignName>
<nullsAllowed>true</nullsAllowed>
<useDomainConstraints>false</useDomainConstraints>
<use>1</use>
<logicalDatatype>LOGDT011</logicalDatatype>
<autoIncrementCycle>false</autoIncrementCycle>
</Column>
<Column name="EFFECTIVE_DT" id="920BBE5F-FDE1-BB24-449B-2794593B6E10">
<createdBy>andrew.yuhas</createdBy>
<createdTime>2014-12-10 11:27:37 UTC</createdTime>
<ownerDesignName>UK_HWS_Assessments_data_model_diagram12172014</ownerDesignName>
<nullsAllowed>true</nullsAllowed>
<useDomainConstraints>false</useDomainConstraints>
<use>1</use>
<logicalDatatype>LOGDT008</logicalDatatype>
<autoIncrementCycle>false</autoIncrementCycle>
</Column>
<Column name="END_DT" id="294CA057-33F9-5064-AEE0-C0FAC7CF779F">
<createdBy>andrew.yuhas</createdBy>
<createdTime>2014-12-10 11:27:37 UTC</createdTime>
<ownerDesignName>UK_HWS_Assessments_data_model_diagram12172014</ownerDesignName>
<nullsAllowed>true</nullsAllowed>
<useDomainConstraints>false</useDomainConstraints>
<use>1</use>
<logicalDatatype>LOGDT008</logicalDatatype>
<autoIncrementCycle>false</autoIncrementCycle>
</Column>
</columns>
<indexes itemClass="oracle.dbtools.crest.model.design.relational.Index">
<ind_PK_UK id="3E8B0EC6-B7F2-141F-B617-090351B07D8B" name="SLA_CONFIG_PK">
<createdBy>andrew.yuhas</createdBy>
<createdTime>2014-12-10 11:28:33 UTC</createdTime>
<ownerDesignName>UK_HWS_Assessments_data_model_diagram12172014</ownerDesignName>
<pk>true</pk>
<indexState>Primary Constraint</indexState>
<isSurrogateKey>false</isSurrogateKey>
<indexColumnUsage>
<colUsage columnID="ADAFEEA9-1136-2B42-ADDF-3F3D70BE0770"/>
</indexColumnUsage>
</ind_PK_UK>
</indexes>
</Table>