<?xml version = '1.0' encoding = 'UTF-8'?>
<Table class="oracle.dbtools.crest.model.design.relational.Table" directorySegmentName="seg_0" id="59B1705A-9AE1-63E0-8D2F-7B54B5789D4E" name="RECOM_SIGNPOSTING_ADJUST">
<sourceConnName>UK_HWS rk50472</sourceConnName>
<sourceObjSchema>maxdat</sourceObjSchema>
<sourceObjName>RECOM_SIGNPOSTING_ADJUST</sourceObjName>
<createdBy>50472</createdBy>
<createdTime>2014-11-20 22:42:14 UTC</createdTime>
<ownerDesignName>UK_HWS_Assessments_data_model_diagram12172014</ownerDesignName>
<allowColumnReorder>false</allowColumnReorder>
<existDependencyGenerateInDDl>true</existDependencyGenerateInDDl>
<columns itemClass="oracle.dbtools.crest.model.design.relational.Column">
<Column name="RSA_ID" id="2C77963D-306F-B20C-A637-A5E7C27C0808">
<sourceConnName>UK_HWS rk50472</sourceConnName>
<sourceObjSchema>RECOM_SIGNPOSTING_ADJUST</sourceObjSchema>
<sourceObjName>RSA_ID</sourceObjName>
<createdBy>50472</createdBy>
<createdTime>2014-11-20 22:42:14 UTC</createdTime>
<ownerDesignName>UK_HWS_Assessments_data_model_diagram12172014</ownerDesignName>
<useDomainConstraints>false</useDomainConstraints>
<use>1</use>
<logicalDatatype>LOGDT011</logicalDatatype>
<dataTypePrecision>10</dataTypePrecision>
<dataTypeScale>0</dataTypeScale>
<dataTypeSize>4</dataTypeSize>
<autoIncrementCycle>false</autoIncrementCycle>
</Column>
<Column name="RSA_TYPE" id="8914B36A-CE76-B395-77FF-EDD146AB2DDE">
<sourceConnName>UK_HWS rk50472</sourceConnName>
<sourceObjSchema>RECOM_SIGNPOSTING_ADJUST</sourceObjSchema>
<sourceObjName>RSA_TYPE</sourceObjName>
<createdBy>50472</createdBy>
<createdTime>2014-11-20 22:42:14 UTC</createdTime>
<ownerDesignName>UK_HWS_Assessments_data_model_diagram12172014</ownerDesignName>
<useDomainConstraints>false</useDomainConstraints>
<use>1</use>
<logicalDatatype>LOGDT024</logicalDatatype>
<dataTypePrecision>50</dataTypePrecision>
<dataTypeScale>0</dataTypeScale>
<dataTypeSize>50</dataTypeSize>
<autoIncrementCycle>false</autoIncrementCycle>
</Column>
<Column name="RSA_CATEGORY" id="9DC55F7F-50C7-57F5-EC6E-3B2D1A3D5A54">
<sourceConnName>UK_HWS rk50472</sourceConnName>
<sourceObjSchema>RECOM_SIGNPOSTING_ADJUST</sourceObjSchema>
<sourceObjName>RSA_CATEGORY</sourceObjName>
<createdBy>50472</createdBy>
<createdTime>2014-11-20 22:42:14 UTC</createdTime>
<ownerDesignName>UK_HWS_Assessments_data_model_diagram12172014</ownerDesignName>
<nullsAllowed>true</nullsAllowed>
<useDomainConstraints>false</useDomainConstraints>
<use>1</use>
<logicalDatatype>LOGDT024</logicalDatatype>
<dataTypePrecision>200</dataTypePrecision>
<dataTypeScale>0</dataTypeScale>
<dataTypeSize>200</dataTypeSize>
<autoIncrementCycle>false</autoIncrementCycle>
</Column>
<Column name="RSA_DETAIL" id="294076B8-B297-CF13-66CA-1134068E30D6">
<sourceConnName>UK_HWS rk50472</sourceConnName>
<sourceObjSchema>RECOM_SIGNPOSTING_ADJUST</sourceObjSchema>
<sourceObjName>RSA_DETAIL</sourceObjName>
<createdBy>50472</createdBy>
<createdTime>2014-11-20 22:42:14 UTC</createdTime>
<ownerDesignName>UK_HWS_Assessments_data_model_diagram12172014</ownerDesignName>
<nullsAllowed>true</nullsAllowed>
<useDomainConstraints>false</useDomainConstraints>
<use>1</use>
<logicalDatatype>LOGDT024</logicalDatatype>
<dataTypePrecision>500</dataTypePrecision>
<dataTypeScale>0</dataTypeScale>
<dataTypeSize>500</dataTypeSize>
<autoIncrementCycle>false</autoIncrementCycle>
</Column>
<Column name="RSA_TEXT" id="FC003D13-B29B-6EB2-5051-0FC43D61C129">
<sourceConnName>UK_HWS rk50472</sourceConnName>
<sourceObjSchema>RECOM_SIGNPOSTING_ADJUST</sourceObjSchema>
<sourceObjName>RSA_TEXT</sourceObjName>
<createdBy>50472</createdBy>
<createdTime>2014-11-20 22:42:14 UTC</createdTime>
<ownerDesignName>UK_HWS_Assessments_data_model_diagram12172014</ownerDesignName>
<nullsAllowed>true</nullsAllowed>
<useDomainConstraints>false</useDomainConstraints>
<use>1</use>
<logicalDatatype>LOGDT024</logicalDatatype>
<dataTypePrecision>500</dataTypePrecision>
<dataTypeScale>0</dataTypeScale>
<dataTypeSize>500</dataTypeSize>
<autoIncrementCycle>false</autoIncrementCycle>
</Column>
<Column name="RSA_TARGET_DATE" id="CB09FB81-476B-AEA6-B97F-48DDE463A181">
<sourceConnName>UK_HWS rk50472</sourceConnName>
<sourceObjSchema>RECOM_SIGNPOSTING_ADJUST</sourceObjSchema>
<sourceObjName>RSA_TARGET_DATE</sourceObjName>
<createdBy>50472</createdBy>
<createdTime>2014-11-20 22:42:14 UTC</createdTime>
<ownerDesignName>UK_HWS_Assessments_data_model_diagram12172014</ownerDesignName>
<nullsAllowed>true</nullsAllowed>
<useDomainConstraints>false</useDomainConstraints>
<use>1</use>
<logicalDatatype>LOGDT007</logicalDatatype>
<dataTypePrecision>10</dataTypePrecision>
<dataTypeScale>0</dataTypeScale>
<dataTypeSize>3</dataTypeSize>
<autoIncrementCycle>false</autoIncrementCycle>
</Column>
<Column name="OBSTACLE_ID" id="026EF448-2F60-1ADA-23D1-B1BC372B2463">
<sourceConnName>UK_HWS rk50472</sourceConnName>
<sourceObjSchema>RECOM_SIGNPOSTING_ADJUST</sourceObjSchema>
<sourceObjName>OBSTACLE_ID</sourceObjName>
<createdBy>50472</createdBy>
<createdTime>2014-11-20 22:42:14 UTC</createdTime>
<ownerDesignName>UK_HWS_Assessments_data_model_diagram12172014</ownerDesignName>
<useDomainConstraints>false</useDomainConstraints>
<use>1</use>
<logicalDatatype>LOGDT011</logicalDatatype>
<dataTypePrecision>10</dataTypePrecision>
<dataTypeScale>0</dataTypeScale>
<dataTypeSize>4</dataTypeSize>
<delegate>9E42FC63-BB4E-5C73-09F3-52CCDA789126</delegate>
<autoIncrementCycle>false</autoIncrementCycle>
<associations>
<colAssociation fkAssociation="19A04C7C-FA93-5263-0F55-D609441FB847" referredColumn="9E42FC63-BB4E-5C73-09F3-52CCDA789126"/>
</associations>
</Column>
</columns>
<indexes itemClass="oracle.dbtools.crest.model.design.relational.Index">
<ind_PK_UK id="8EFAA5F7-207C-26D7-BF85-0640B696928B" name="RECOMMENDATIONS_SIGNPOSTING_PK">
<sourceConnName>UK_HWS rk50472</sourceConnName>
<sourceObjSchema>maxdat</sourceObjSchema>
<sourceObjName>RECOMMENDATIONS_SIGNPOSTING_PK</sourceObjName>
<createdBy>50472</createdBy>
<createdTime>2014-11-20 22:42:14 UTC</createdTime>
<ownerDesignName>UK_HWS_Assessments_data_model_diagram12172014</ownerDesignName>
<pk>true</pk>
<indexState>Primary Constraint</indexState>
<isSurrogateKey>false</isSurrogateKey>
<indexColumnUsage>
<colUsage columnID="2C77963D-306F-B20C-A637-A5E7C27C0808"/>
</indexColumnUsage>
</ind_PK_UK>
<ind_PK_UK id="91325671-3DA6-1AAE-368A-0AAE4B155D95" name="RECOM_SIGNPOSTING_ADJUST_OBSTACLES_FK">
<createdBy>50472</createdBy>
<createdTime>2014-11-20 22:42:16 UTC</createdTime>
<ownerDesignName>UK_HWS_Assessments_data_model_diagram12172014</ownerDesignName>
<indexState>Foreign Key</indexState>
<isSurrogateKey>false</isSurrogateKey>
<indexColumnUsage>
<colUsage columnID="026EF448-2F60-1ADA-23D1-B1BC372B2463"/>
</indexColumnUsage>
</ind_PK_UK>
</indexes>
</Table>