<?xml version = '1.0' encoding = 'UTF-8'?>
<Table class="oracle.dbtools.crest.model.design.relational.Table" directorySegmentName="seg_0" id="61E4675E-C5E4-27B2-7B22-13E87B510DCC" name="APPOINTMENT_STATUS_HISTORY">
<sourceConnName>UK_HWS rk50472</sourceConnName>
<sourceObjSchema>maxdat</sourceObjSchema>
<sourceObjName>APPOINTMENT_STATUS_HISTORY</sourceObjName>
<createdBy>50472</createdBy>
<createdTime>2014-11-20 22:42:09 UTC</createdTime>
<ownerDesignName>UK_HWS_Assessments_data_model_diagram12172014</ownerDesignName>
<allowColumnReorder>false</allowColumnReorder>
<existDependencyGenerateInDDl>true</existDependencyGenerateInDDl>
<columns itemClass="oracle.dbtools.crest.model.design.relational.Column">
<Column name="APPOINTMENT_ID" id="2C37A695-4625-546B-B786-8A639ED2E820">
<sourceConnName>UK_HWS rk50472</sourceConnName>
<sourceObjSchema>APPOINTMENT_STATUS_HISTORY</sourceObjSchema>
<sourceObjName>APPOINTMENT_ID</sourceObjName>
<createdBy>50472</createdBy>
<createdTime>2014-11-20 22:42:09 UTC</createdTime>
<ownerDesignName>UK_HWS_Assessments_data_model_diagram12172014</ownerDesignName>
<useDomainConstraints>false</useDomainConstraints>
<use>1</use>
<logicalDatatype>LOGDT011</logicalDatatype>
<delegate>9B57A30A-ADDE-EF42-B679-F05E48AAA2BF</delegate>
<autoIncrementCycle>false</autoIncrementCycle>
<associations>
<colAssociation fkAssociation="9E32468A-9EA7-B902-A9B8-5EB08C4E4984" referredColumn="9B57A30A-ADDE-EF42-B679-F05E48AAA2BF"/>
</associations>
</Column>
<Column name="APPOINTMENT_STATUS_EFFECTIVE_DT" id="1115E0B5-70A8-CF9E-7C73-616AE4701933">
<sourceConnName>UK_HWS rk50472</sourceConnName>
<sourceObjSchema>APPOINTMENT_STATUS_HISTORY</sourceObjSchema>
<sourceObjName>APPT_STATUS_EFFECTIVE_DT</sourceObjName>
<createdBy>50472</createdBy>
<createdTime>2014-11-20 22:42:09 UTC</createdTime>
<ownerDesignName>UK_HWS_Assessments_data_model_diagram12172014</ownerDesignName>
<useDomainConstraints>false</useDomainConstraints>
<use>1</use>
<logicalDatatype>LOGDT008</logicalDatatype>
<autoIncrementCycle>false</autoIncrementCycle>
</Column>
<Column name="APPOINTMENT_STATUS_END_DT" id="B58877CE-7871-7B01-A688-7542F2922E0A">
<sourceConnName>UK_HWS rk50472</sourceConnName>
<sourceObjSchema>APPOINTMENT_STATUS_HISTORY</sourceObjSchema>
<sourceObjName>APPT_STATUS_END_DT</sourceObjName>
<createdBy>50472</createdBy>
<createdTime>2014-11-20 22:42:09 UTC</createdTime>
<ownerDesignName>UK_HWS_Assessments_data_model_diagram12172014</ownerDesignName>
<useDomainConstraints>false</useDomainConstraints>
<use>1</use>
<logicalDatatype>LOGDT008</logicalDatatype>
<autoIncrementCycle>false</autoIncrementCycle>
</Column>
<Column name="APPOINTMENT_STATUS_ID" id="C987DC85-747E-2950-E1FC-F82E8602D102">
<sourceConnName>UK_HWS rk50472</sourceConnName>
<sourceObjSchema>APPOINTMENT_STATUS_HISTORY</sourceObjSchema>
<sourceObjName>APPT_STATUS_ID</sourceObjName>
<createdBy>50472</createdBy>
<createdTime>2014-11-20 22:42:09 UTC</createdTime>
<ownerDesignName>UK_HWS_Assessments_data_model_diagram12172014</ownerDesignName>
<useDomainConstraints>false</useDomainConstraints>
<use>1</use>
<logicalDatatype>LOGDT011</logicalDatatype>
<autoIncrementCycle>false</autoIncrementCycle>
</Column>
</columns>
<indexes itemClass="oracle.dbtools.crest.model.design.relational.Index">
<ind_PK_UK id="17FCEF24-D37A-AD95-D801-5EBB6A75625D" name="APPOINTMENT_STATUS_HISTORY_PK">
<sourceConnName>UK_HWS rk50472</sourceConnName>
<sourceObjSchema>maxdat</sourceObjSchema>
<sourceObjName>APPT_STATUS_HISTORY_PK</sourceObjName>
<createdBy>50472</createdBy>
<createdTime>2014-11-20 22:42:09 UTC</createdTime>
<ownerDesignName>UK_HWS_Assessments_data_model_diagram12172014</ownerDesignName>
<pk>true</pk>
<indexState>Primary Constraint</indexState>
<isSurrogateKey>false</isSurrogateKey>
<indexColumnUsage>
<colUsage columnID="2C37A695-4625-546B-B786-8A639ED2E820"/>
<colUsage columnID="1115E0B5-70A8-CF9E-7C73-616AE4701933"/>
</indexColumnUsage>
</ind_PK_UK>
<ind_PK_UK id="98912893-2C81-760F-4A07-1300503B56DE" name="APPOINTMENT_STATUS_HISTORY_APPOINTMENTS_FK">
<createdBy>50472</createdBy>
<createdTime>2014-11-20 22:42:17 UTC</createdTime>
<ownerDesignName>UK_HWS_Assessments_data_model_diagram12172014</ownerDesignName>
<indexState>Foreign Key</indexState>
<isSurrogateKey>false</isSurrogateKey>
<indexColumnUsage>
<colUsage columnID="2C37A695-4625-546B-B786-8A639ED2E820"/>
</indexColumnUsage>
</ind_PK_UK>
</indexes>
</Table>