<?xml version = '1.0' encoding = 'UTF-8'?>
<Table class="oracle.dbtools.crest.model.design.relational.Table" directorySegmentName="seg_0" id="6B7F1952-B96E-6EFE-4306-C47BC06F5C64" name="RESOURCES">
<sourceConnName>UK_HWS rk50472</sourceConnName>
<sourceObjSchema>maxdat</sourceObjSchema>
<sourceObjName>RESOURCES</sourceObjName>
<createdBy>50472</createdBy>
<createdTime>2014-11-20 22:42:15 UTC</createdTime>
<ownerDesignName>UK_HWS_Assessments_data_model_diagram12172014</ownerDesignName>
<allowColumnReorder>false</allowColumnReorder>
<existDependencyGenerateInDDl>true</existDependencyGenerateInDDl>
<columns itemClass="oracle.dbtools.crest.model.design.relational.Column">
<Column name="RESOURCE_ID" id="C4596EAC-567E-488A-9625-23CA7F82DFF3">
<sourceConnName>UK_HWS rk50472</sourceConnName>
<sourceObjSchema>RESOURCES</sourceObjSchema>
<sourceObjName>RESOURCE_ID</sourceObjName>
<createdBy>50472</createdBy>
<createdTime>2014-11-20 22:42:15 UTC</createdTime>
<ownerDesignName>UK_HWS_Assessments_data_model_diagram12172014</ownerDesignName>
<useDomainConstraints>false</useDomainConstraints>
<use>1</use>
<logicalDatatype>LOGDT011</logicalDatatype>
<dataTypePrecision>10</dataTypePrecision>
<dataTypeScale>0</dataTypeScale>
<dataTypeSize>4</dataTypeSize>
<autoIncrementCycle>false</autoIncrementCycle>
</Column>
<Column name="ACCOUNTNAME" id="CF683E2F-96AB-9F77-F513-EDC2B998DE7D">
<sourceConnName>UK_HWS rk50472</sourceConnName>
<sourceObjSchema>RESOURCES</sourceObjSchema>
<sourceObjName>ACCOUNTNAME</sourceObjName>
<createdBy>50472</createdBy>
<createdTime>2014-11-20 22:42:15 UTC</createdTime>
<ownerDesignName>UK_HWS_Assessments_data_model_diagram12172014</ownerDesignName>
<nullsAllowed>true</nullsAllowed>
<useDomainConstraints>false</useDomainConstraints>
<use>1</use>
<logicalDatatype>LOGDT024</logicalDatatype>
<dataTypePrecision>100</dataTypePrecision>
<dataTypeScale>0</dataTypeScale>
<dataTypeSize>100</dataTypeSize>
<autoIncrementCycle>false</autoIncrementCycle>
</Column>
<Column name="AGENT_ID" id="B639F206-A65C-169D-E3FB-7550964F2A68">
<sourceConnName>UK_HWS rk50472</sourceConnName>
<sourceObjSchema>RESOURCES</sourceObjSchema>
<sourceObjName>AGENT_ID</sourceObjName>
<createdBy>50472</createdBy>
<createdTime>2014-11-20 22:42:15 UTC</createdTime>
<ownerDesignName>UK_HWS_Assessments_data_model_diagram12172014</ownerDesignName>
<nullsAllowed>true</nullsAllowed>
<useDomainConstraints>false</useDomainConstraints>
<use>1</use>
<logicalDatatype>LOGDT024</logicalDatatype>
<dataTypePrecision>30</dataTypePrecision>
<dataTypeScale>0</dataTypeScale>
<dataTypeSize>30</dataTypeSize>
<autoIncrementCycle>false</autoIncrementCycle>
</Column>
<Column name="RESOURCE_IS_HP" id="9F797BB5-C4DA-007A-1766-2010105BC51D">
<sourceConnName>UK_HWS rk50472</sourceConnName>
<sourceObjSchema>RESOURCES</sourceObjSchema>
<sourceObjName>RESOURCE_IS_HP</sourceObjName>
<createdBy>50472</createdBy>
<createdTime>2014-11-20 22:42:15 UTC</createdTime>
<ownerDesignName>UK_HWS_Assessments_data_model_diagram12172014</ownerDesignName>
<nullsAllowed>true</nullsAllowed>
<useDomainConstraints>false</useDomainConstraints>
<use>1</use>
<logicalDatatype>LOGDT034</logicalDatatype>
<dataTypePrecision>1</dataTypePrecision>
<dataTypeScale>0</dataTypeScale>
<dataTypeSize>1</dataTypeSize>
<autoIncrementCycle>false</autoIncrementCycle>
</Column>
<Column name="CTATEAM_ID" id="3A9BACD2-BF4A-772C-9ABA-DC1583C2AC88">
<sourceConnName>UK_HWS rk50472</sourceConnName>
<sourceObjSchema>RESOURCES</sourceObjSchema>
<sourceObjName>CTATEAM_ID</sourceObjName>
<createdBy>50472</createdBy>
<createdTime>2014-11-20 22:42:15 UTC</createdTime>
<ownerDesignName>UK_HWS_Assessments_data_model_diagram12172014</ownerDesignName>
<nullsAllowed>true</nullsAllowed>
<useDomainConstraints>false</useDomainConstraints>
<use>1</use>
<logicalDatatype>LOGDT011</logicalDatatype>
<dataTypePrecision>10</dataTypePrecision>
<dataTypeScale>0</dataTypeScale>
<dataTypeSize>4</dataTypeSize>
<autoIncrementCycle>false</autoIncrementCycle>
</Column>
</columns>
<indexes itemClass="oracle.dbtools.crest.model.design.relational.Index">
<ind_PK_UK id="C5CDD36F-8C2F-61D7-A7A5-472C48BECC65" name="RESOURCE_ID">
<sourceConnName>UK_HWS rk50472</sourceConnName>
<sourceObjSchema>maxdat</sourceObjSchema>
<sourceObjName>RESOURCE_ID</sourceObjName>
<createdBy>50472</createdBy>
<createdTime>2014-11-20 22:42:15 UTC</createdTime>
<ownerDesignName>UK_HWS_Assessments_data_model_diagram12172014</ownerDesignName>
<pk>true</pk>
<indexState>Primary Constraint</indexState>
<isSurrogateKey>false</isSurrogateKey>
<indexColumnUsage>
<colUsage columnID="C4596EAC-567E-488A-9625-23CA7F82DFF3"/>
</indexColumnUsage>
</ind_PK_UK>
</indexes>
</Table>