<?xml version = '1.0' encoding = 'UTF-8'?>
<Table class="oracle.dbtools.crest.model.design.relational.Table" directorySegmentName="seg_0" id="6CFB361F-E101-E33D-1DA2-35904E3E0008" name="CASE_STATUS_HISTORY">
<sourceConnName>UK_HWS rk50472</sourceConnName>
<sourceObjSchema>maxdat</sourceObjSchema>
<sourceObjName>CASE_STATUS_HISTORY</sourceObjName>
<createdBy>50472</createdBy>
<createdTime>2014-11-20 22:42:12 UTC</createdTime>
<ownerDesignName>UK_HWS_Assessments_data_model_diagram12172014</ownerDesignName>
<allowColumnReorder>false</allowColumnReorder>
<existDependencyGenerateInDDl>true</existDependencyGenerateInDDl>
<columns itemClass="oracle.dbtools.crest.model.design.relational.Column">
<Column name="CASE_ID" id="2B02D3F2-B425-7C9F-16E1-DDDF7D7D3880">
<sourceConnName>UK_HWS rk50472</sourceConnName>
<sourceObjSchema>CASE_STATUS_HISTORY</sourceObjSchema>
<sourceObjName>CASE_ID</sourceObjName>
<createdBy>50472</createdBy>
<createdTime>2014-11-20 22:42:12 UTC</createdTime>
<ownerDesignName>UK_HWS_Assessments_data_model_diagram12172014</ownerDesignName>
<useDomainConstraints>false</useDomainConstraints>
<use>1</use>
<logicalDatatype>LOGDT011</logicalDatatype>
<delegate>DABF43A3-C0DF-9FC9-1FB3-C2A5CC5445D6</delegate>
<autoIncrementCycle>false</autoIncrementCycle>
<associations>
<colAssociation fkAssociation="4EBA79C7-38C9-7F34-AAF3-6A280353AB23" referredColumn="DABF43A3-C0DF-9FC9-1FB3-C2A5CC5445D6"/>
</associations>
</Column>
<Column name="CASE_STATUS_EFFECTIVE_DT" id="B1FBEAE1-B40F-F794-8692-B53AF234A387">
<sourceConnName>UK_HWS rk50472</sourceConnName>
<sourceObjSchema>CASE_STATUS_HISTORY</sourceObjSchema>
<sourceObjName>CASE_STATUS_EFFECTIVE_DT</sourceObjName>
<createdBy>50472</createdBy>
<createdTime>2014-11-20 22:42:12 UTC</createdTime>
<ownerDesignName>UK_HWS_Assessments_data_model_diagram12172014</ownerDesignName>
<useDomainConstraints>false</useDomainConstraints>
<use>1</use>
<logicalDatatype>LOGDT008</logicalDatatype>
<dataTypePrecision>23</dataTypePrecision>
<dataTypeScale>3</dataTypeScale>
<dataTypeSize>8</dataTypeSize>
<autoIncrementCycle>false</autoIncrementCycle>
</Column>
<Column name="CASE_STATUS_END_DT" id="1150D500-3759-6953-230D-863236048DA7">
<sourceConnName>UK_HWS rk50472</sourceConnName>
<sourceObjSchema>CASE_STATUS_HISTORY</sourceObjSchema>
<sourceObjName>CASE_STATUS_END_DT</sourceObjName>
<createdBy>50472</createdBy>
<createdTime>2014-11-20 22:42:12 UTC</createdTime>
<ownerDesignName>UK_HWS_Assessments_data_model_diagram12172014</ownerDesignName>
<useDomainConstraints>false</useDomainConstraints>
<use>1</use>
<logicalDatatype>LOGDT008</logicalDatatype>
<dataTypePrecision>23</dataTypePrecision>
<dataTypeScale>3</dataTypeScale>
<dataTypeSize>8</dataTypeSize>
<autoIncrementCycle>false</autoIncrementCycle>
</Column>
<Column name="CASE_STATUS_ID" id="A5C7B7B5-33C4-215C-C911-7D286780CD44">
<sourceConnName>UK_HWS rk50472</sourceConnName>
<sourceObjSchema>CASE_STATUS_HISTORY</sourceObjSchema>
<sourceObjName>CASE_STATUS_ID</sourceObjName>
<createdBy>50472</createdBy>
<createdTime>2014-11-20 22:42:12 UTC</createdTime>
<ownerDesignName>UK_HWS_Assessments_data_model_diagram12172014</ownerDesignName>
<useDomainConstraints>false</useDomainConstraints>
<use>1</use>
<logicalDatatype>LOGDT011</logicalDatatype>
<dataTypePrecision>10</dataTypePrecision>
<dataTypeScale>0</dataTypeScale>
<dataTypeSize>4</dataTypeSize>
<autoIncrementCycle>false</autoIncrementCycle>
</Column>
</columns>
<indexes itemClass="oracle.dbtools.crest.model.design.relational.Index">
<ind_PK_UK id="2746BC69-3FC3-1C3C-0307-81A809A6DDC2" name="CASE_STATUS_HISTORY_PK">
<sourceConnName>UK_HWS rk50472</sourceConnName>
<sourceObjSchema>maxdat</sourceObjSchema>
<sourceObjName>CASE_STATUS_HISTORY_PK</sourceObjName>
<createdBy>50472</createdBy>
<createdTime>2014-11-20 22:42:12 UTC</createdTime>
<ownerDesignName>UK_HWS_Assessments_data_model_diagram12172014</ownerDesignName>
<pk>true</pk>
<indexState>Primary Constraint</indexState>
<isSurrogateKey>false</isSurrogateKey>
<indexColumnUsage>
<colUsage columnID="2B02D3F2-B425-7C9F-16E1-DDDF7D7D3880"/>
<colUsage columnID="B1FBEAE1-B40F-F794-8692-B53AF234A387"/>
</indexColumnUsage>
</ind_PK_UK>
<ind_PK_UK id="F7725D94-7179-08FD-F765-7E447E6D5266" name="CASE_STATUS_HISTORY_CASES_FK">
<createdBy>50472</createdBy>
<createdTime>2014-11-20 22:42:16 UTC</createdTime>
<ownerDesignName>UK_HWS_Assessments_data_model_diagram12172014</ownerDesignName>
<indexState>Foreign Key</indexState>
<isSurrogateKey>false</isSurrogateKey>
<indexColumnUsage>
<colUsage columnID="2B02D3F2-B425-7C9F-16E1-DDDF7D7D3880"/>
</indexColumnUsage>
</ind_PK_UK>
</indexes>
</Table>