<?xml version = '1.0' encoding = 'UTF-8'?>
<Table class="oracle.dbtools.crest.model.design.relational.Table" directorySegmentName="seg_0" id="7C584638-CD67-7BC8-566D-DC86737B90A0" name="ASSESSMENT_STATUS_HISTORY">
<sourceConnName>UK_HWS rk50472</sourceConnName>
<sourceObjSchema>maxdat</sourceObjSchema>
<sourceObjName>ASSESSMENT_STATUS_HISTORY</sourceObjName>
<createdBy>50472</createdBy>
<createdTime>2014-11-20 22:42:11 UTC</createdTime>
<ownerDesignName>UK_HWS_Assessments_data_model_diagram12172014</ownerDesignName>
<allowColumnReorder>false</allowColumnReorder>
<existDependencyGenerateInDDl>true</existDependencyGenerateInDDl>
<columns itemClass="oracle.dbtools.crest.model.design.relational.Column">
<Column name="ASSESSMENT_ID" id="8BF69666-51B6-B8A1-306E-DA3CD743B633">
<sourceConnName>UK_HWS rk50472</sourceConnName>
<sourceObjSchema>ASSESSMENT_STATUS_HISTORY</sourceObjSchema>
<sourceObjName>ASSESSMENT_ID</sourceObjName>
<createdBy>50472</createdBy>
<createdTime>2014-11-20 22:42:11 UTC</createdTime>
<ownerDesignName>UK_HWS_Assessments_data_model_diagram12172014</ownerDesignName>
<useDomainConstraints>false</useDomainConstraints>
<use>1</use>
<logicalDatatype>LOGDT011</logicalDatatype>
<delegate>F7BA1A49-5E9B-A03B-52F7-9FF2494B9F1A</delegate>
<autoIncrementCycle>false</autoIncrementCycle>
<associations>
<colAssociation fkAssociation="352E1185-A852-658A-04DD-AE1AE7C05A68" referredColumn="F7BA1A49-5E9B-A03B-52F7-9FF2494B9F1A"/>
</associations>
</Column>
<Column name="ASSESSMENT_STATUS_EFFECTIVE_DT" id="CBA51B7A-3BA5-EB9D-FDBE-1824D2733D06">
<sourceConnName>UK_HWS rk50472</sourceConnName>
<sourceObjSchema>ASSESSMENT_STATUS_HISTORY</sourceObjSchema>
<sourceObjName>ASSESSMENT_STATUS_EFFECTIVE_DT</sourceObjName>
<createdBy>50472</createdBy>
<createdTime>2014-11-20 22:42:11 UTC</createdTime>
<ownerDesignName>UK_HWS_Assessments_data_model_diagram12172014</ownerDesignName>
<useDomainConstraints>false</useDomainConstraints>
<use>1</use>
<logicalDatatype>LOGDT008</logicalDatatype>
<dataTypePrecision>23</dataTypePrecision>
<dataTypeScale>3</dataTypeScale>
<dataTypeSize>8</dataTypeSize>
<autoIncrementCycle>false</autoIncrementCycle>
</Column>
<Column name="ASSESSMENT_STATUS_END_DT" id="78786244-0207-FD57-3753-DB21BAAD431D">
<sourceConnName>UK_HWS rk50472</sourceConnName>
<sourceObjSchema>ASSESSMENT_STATUS_HISTORY</sourceObjSchema>
<sourceObjName>ASSESSMENT_STATUS_END_DT</sourceObjName>
<createdBy>50472</createdBy>
<createdTime>2014-11-20 22:42:11 UTC</createdTime>
<ownerDesignName>UK_HWS_Assessments_data_model_diagram12172014</ownerDesignName>
<useDomainConstraints>false</useDomainConstraints>
<use>1</use>
<logicalDatatype>LOGDT008</logicalDatatype>
<dataTypePrecision>23</dataTypePrecision>
<dataTypeScale>3</dataTypeScale>
<dataTypeSize>8</dataTypeSize>
<autoIncrementCycle>false</autoIncrementCycle>
</Column>
<Column name="ASSESSMENT_STATUS_ID" id="3C523708-355B-A2F8-B421-18E21DCF2D61">
<sourceConnName>UK_HWS rk50472</sourceConnName>
<sourceObjSchema>ASSESSMENT_STATUS_HISTORY</sourceObjSchema>
<sourceObjName>ASSESSMENT_STATUS_ID</sourceObjName>
<createdBy>50472</createdBy>
<createdTime>2014-11-20 22:42:11 UTC</createdTime>
<ownerDesignName>UK_HWS_Assessments_data_model_diagram12172014</ownerDesignName>
<useDomainConstraints>false</useDomainConstraints>
<use>1</use>
<logicalDatatype>LOGDT011</logicalDatatype>
<dataTypePrecision>10</dataTypePrecision>
<dataTypeScale>0</dataTypeScale>
<dataTypeSize>4</dataTypeSize>
<autoIncrementCycle>false</autoIncrementCycle>
</Column>
</columns>
<indexes itemClass="oracle.dbtools.crest.model.design.relational.Index">
<ind_PK_UK id="039760B6-E573-2CE9-3352-86E2DE96D447" name="ASSESSMENT_STATUS_HISTORY_PK">
<sourceConnName>UK_HWS rk50472</sourceConnName>
<sourceObjSchema>maxdat</sourceObjSchema>
<sourceObjName>ASSESSMENT_STATUS_HISTORY_PK</sourceObjName>
<createdBy>50472</createdBy>
<createdTime>2014-11-20 22:42:11 UTC</createdTime>
<ownerDesignName>UK_HWS_Assessments_data_model_diagram12172014</ownerDesignName>
<pk>true</pk>
<indexState>Primary Constraint</indexState>
<isSurrogateKey>false</isSurrogateKey>
<indexColumnUsage>
<colUsage columnID="8BF69666-51B6-B8A1-306E-DA3CD743B633"/>
<colUsage columnID="CBA51B7A-3BA5-EB9D-FDBE-1824D2733D06"/>
</indexColumnUsage>
</ind_PK_UK>
<ind_PK_UK id="F4CC240C-10A8-B8E7-D9C4-2E2A99AAE4A8" name="ASSESSMENT_STATUS_HISTORY_ASSESSMENTS_FK">
<createdBy>50472</createdBy>
<createdTime>2014-11-20 22:42:16 UTC</createdTime>
<ownerDesignName>UK_HWS_Assessments_data_model_diagram12172014</ownerDesignName>
<indexState>Foreign Key</indexState>
<isSurrogateKey>false</isSurrogateKey>
<indexColumnUsage>
<colUsage columnID="8BF69666-51B6-B8A1-306E-DA3CD743B633"/>
</indexColumnUsage>
</ind_PK_UK>
</indexes>
</Table>