<?xml version = '1.0' encoding = 'UTF-8'?>
<Table class="oracle.dbtools.crest.model.design.relational.Table" directorySegmentName="seg_0" id="B1666379-E856-DE31-90D1-62981B93FF04" name="ASSESSMENTS">
<sourceConnName>UK_HWS rk50472</sourceConnName>
<sourceObjSchema>maxdat</sourceObjSchema>
<sourceObjName>ASSESSMENTS</sourceObjName>
<createdBy>50472</createdBy>
<createdTime>2014-11-20 22:42:11 UTC</createdTime>
<ownerDesignName>UK_HWS_Assessments_data_model_diagram12172014</ownerDesignName>
<allowColumnReorder>false</allowColumnReorder>
<existDependencyGenerateInDDl>true</existDependencyGenerateInDDl>
<columns itemClass="oracle.dbtools.crest.model.design.relational.Column">
<Column name="ASSESSMENT_ID" id="F7BA1A49-5E9B-A03B-52F7-9FF2494B9F1A">
<sourceConnName>UK_HWS rk50472</sourceConnName>
<sourceObjSchema>ASSESSMENTS</sourceObjSchema>
<sourceObjName>ASSESSMENT_ID</sourceObjName>
<createdBy>50472</createdBy>
<createdTime>2014-11-20 22:42:12 UTC</createdTime>
<ownerDesignName>UK_HWS_Assessments_data_model_diagram12172014</ownerDesignName>
<useDomainConstraints>false</useDomainConstraints>
<use>1</use>
<logicalDatatype>LOGDT011</logicalDatatype>
<autoIncrementCycle>false</autoIncrementCycle>
</Column>
<Column name="ASSESSMENT_SEQUENCE" id="142BB4EF-B5CE-05AB-2127-9F99CBF139DB">
<createdBy>andrew.yuhas</createdBy>
<createdTime>2014-12-10 13:15:47 UTC</createdTime>
<ownerDesignName>UK_HWS_Assessments_data_model_diagram12172014</ownerDesignName>
<nullsAllowed>true</nullsAllowed>
<useDomainConstraints>false</useDomainConstraints>
<use>1</use>
<logicalDatatype>LOGDT011</logicalDatatype>
<autoIncrementCycle>false</autoIncrementCycle>
</Column>
<Column name="CASE_ID" id="DCD2BE93-DB60-B75D-4A91-F03E6C0A6250">
<sourceConnName>UK_HWS rk50472</sourceConnName>
<sourceObjSchema>ASSESSMENTS</sourceObjSchema>
<sourceObjName>CASE_ID</sourceObjName>
<createdBy>50472</createdBy>
<createdTime>2014-11-20 22:42:12 UTC</createdTime>
<ownerDesignName>UK_HWS_Assessments_data_model_diagram12172014</ownerDesignName>
<useDomainConstraints>false</useDomainConstraints>
<use>1</use>
<logicalDatatype>LOGDT011</logicalDatatype>
<delegate>DABF43A3-C0DF-9FC9-1FB3-C2A5CC5445D6</delegate>
<autoIncrementCycle>false</autoIncrementCycle>
<associations>
<colAssociation fkAssociation="F7C44D8C-ABA4-6CAB-DFF2-1A2326DF6853" referredColumn="DABF43A3-C0DF-9FC9-1FB3-C2A5CC5445D6"/>
</associations>
</Column>
<Column name="Assessment_Required_DT" id="4EAF96BE-99AF-54B8-38C0-3F502A29BE4D">
<createdBy>andrew.yuhas</createdBy>
<createdTime>2014-12-10 13:16:12 UTC</createdTime>
<ownerDesignName>UK_HWS_Assessments_data_model_diagram12172014</ownerDesignName>
<nullsAllowed>true</nullsAllowed>
<useDomainConstraints>false</useDomainConstraints>
<use>1</use>
<logicalDatatype>LOGDT008</logicalDatatype>
<autoIncrementCycle>false</autoIncrementCycle>
</Column>
<Column name="ASSESSMENT_STATUS_ID" id="45C83FE5-BCEA-183F-1058-70E70AFB9772">
<sourceConnName>UK_HWS rk50472</sourceConnName>
<sourceObjSchema>ASSESSMENTS</sourceObjSchema>
<sourceObjName>ASSESSMENT_STATUS_ID</sourceObjName>
<createdBy>50472</createdBy>
<createdTime>2014-11-20 22:42:12 UTC</createdTime>
<ownerDesignName>UK_HWS_Assessments_data_model_diagram12172014</ownerDesignName>
<nullsAllowed>true</nullsAllowed>
<useDomainConstraints>false</useDomainConstraints>
<use>1</use>
<logicalDatatype>LOGDT011</logicalDatatype>
<dataTypePrecision>10</dataTypePrecision>
<dataTypeScale>0</dataTypeScale>
<dataTypeSize>4</dataTypeSize>
<autoIncrementCycle>false</autoIncrementCycle>
</Column>
<Column name="ASSESSMENT_STATUS" id="890C1393-52AE-5C56-D1FC-9A862854B3FE">
<sourceConnName>UK_HWS rk50472</sourceConnName>
<sourceObjSchema>ASSESSMENTS</sourceObjSchema>
<sourceObjName>ASSESSMENT_STATUS</sourceObjName>
<createdBy>50472</createdBy>
<createdTime>2014-11-20 22:42:12 UTC</createdTime>
<ownerDesignName>UK_HWS_Assessments_data_model_diagram12172014</ownerDesignName>
<useDomainConstraints>false</useDomainConstraints>
<use>1</use>
<logicalDatatype>LOGDT024</logicalDatatype>
<dataTypePrecision>50</dataTypePrecision>
<dataTypeScale>0</dataTypeScale>
<dataTypeSize>50</dataTypeSize>
<autoIncrementCycle>false</autoIncrementCycle>
</Column>
<Column name="ASSESSMENT_START_DT" id="C2C0F267-BCF2-5FC9-F677-9B75E8A9320F">
<sourceConnName>UK_HWS rk50472</sourceConnName>
<sourceObjSchema>ASSESSMENTS</sourceObjSchema>
<sourceObjName>ASSESSMENT_START_DT</sourceObjName>
<createdBy>50472</createdBy>
<createdTime>2014-11-20 22:42:12 UTC</createdTime>
<ownerDesignName>UK_HWS_Assessments_data_model_diagram12172014</ownerDesignName>
<nullsAllowed>true</nullsAllowed>
<useDomainConstraints>false</useDomainConstraints>
<use>1</use>
<logicalDatatype>LOGDT008</logicalDatatype>
<dataTypePrecision>23</dataTypePrecision>
<dataTypeScale>3</dataTypeScale>
<dataTypeSize>8</dataTypeSize>
<autoIncrementCycle>false</autoIncrementCycle>
</Column>
<Column name="ASSESSMENT_STATUS_DT" id="E6DCFFF2-94B6-2DE9-703C-B206EEF2B027">
<sourceConnName>UK_HWS rk50472</sourceConnName>
<sourceObjSchema>ASSESSMENTS</sourceObjSchema>
<sourceObjName>ASSESSMENT_STATUS_DT</sourceObjName>
<createdBy>50472</createdBy>
<createdTime>2014-11-20 22:42:12 UTC</createdTime>
<ownerDesignName>UK_HWS_Assessments_data_model_diagram12172014</ownerDesignName>
<useDomainConstraints>false</useDomainConstraints>
<use>1</use>
<logicalDatatype>LOGDT008</logicalDatatype>
<dataTypePrecision>23</dataTypePrecision>
<dataTypeScale>3</dataTypeScale>
<dataTypeSize>8</dataTypeSize>
<autoIncrementCycle>false</autoIncrementCycle>
</Column>
<Column name="ASSESSMENT_CONSENT" id="576B1694-4EAD-D4F0-8694-7F9C1A5EBEFA">
<sourceConnName>UK_HWS rk50472</sourceConnName>
<sourceObjSchema>ASSESSMENTS</sourceObjSchema>
<sourceObjName>ASSESSMENT_CONSENT</sourceObjName>
<createdBy>50472</createdBy>
<createdTime>2014-11-20 22:42:12 UTC</createdTime>
<ownerDesignName>UK_HWS_Assessments_data_model_diagram12172014</ownerDesignName>
<useDomainConstraints>false</useDomainConstraints>
<use>1</use>
<logicalDatatype>LOGDT034</logicalDatatype>
<dataTypePrecision>1</dataTypePrecision>
<dataTypeScale>0</dataTypeScale>
<dataTypeSize>1</dataTypeSize>
<autoIncrementCycle>false</autoIncrementCycle>
</Column>
<Column name="ASSESSMENT_TYPE_ID" id="BAFBFE15-E92F-72CE-9286-17C210915276">
<sourceConnName>UK_HWS rk50472</sourceConnName>
<sourceObjSchema>ASSESSMENTS</sourceObjSchema>
<sourceObjName>ASSESSMENT_TYPE_ID</sourceObjName>
<createdBy>50472</createdBy>
<createdTime>2014-11-20 22:42:12 UTC</createdTime>
<ownerDesignName>UK_HWS_Assessments_data_model_diagram12172014</ownerDesignName>
<nullsAllowed>true</nullsAllowed>
<useDomainConstraints>false</useDomainConstraints>
<use>1</use>
<logicalDatatype>LOGDT011</logicalDatatype>
<dataTypePrecision>10</dataTypePrecision>
<dataTypeScale>0</dataTypeScale>
<dataTypeSize>4</dataTypeSize>
<autoIncrementCycle>false</autoIncrementCycle>
</Column>
<Column name="ASSESSMENT_TYPE" id="CAF4878C-8AE0-5DFC-9B68-C66C55AF88B8">
<sourceConnName>UK_HWS rk50472</sourceConnName>
<sourceObjSchema>ASSESSMENTS</sourceObjSchema>
<sourceObjName>ASSESSMENT_TYPE</sourceObjName>
<createdBy>50472</createdBy>
<createdTime>2014-11-20 22:42:12 UTC</createdTime>
<ownerDesignName>UK_HWS_Assessments_data_model_diagram12172014</ownerDesignName>
<nullsAllowed>true</nullsAllowed>
<useDomainConstraints>false</useDomainConstraints>
<use>1</use>
<logicalDatatype>LOGDT024</logicalDatatype>
<dataTypePrecision>50</dataTypePrecision>
<dataTypeScale>0</dataTypeScale>
<dataTypeSize>50</dataTypeSize>
<autoIncrementCycle>false</autoIncrementCycle>
</Column>
<Column name="ASSESSMENT_END_DT" id="C6E7AFDB-B929-DF32-2BC1-ED150BBEE667">
<sourceConnName>UK_HWS rk50472</sourceConnName>
<sourceObjSchema>ASSESSMENTS</sourceObjSchema>
<sourceObjName>ASSESSMENT_END_DT</sourceObjName>
<createdBy>50472</createdBy>
<createdTime>2014-11-20 22:42:12 UTC</createdTime>
<ownerDesignName>UK_HWS_Assessments_data_model_diagram12172014</ownerDesignName>
<nullsAllowed>true</nullsAllowed>
<useDomainConstraints>false</useDomainConstraints>
<use>1</use>
<logicalDatatype>LOGDT008</logicalDatatype>
<dataTypePrecision>23</dataTypePrecision>
<dataTypeScale>3</dataTypeScale>
<dataTypeSize>8</dataTypeSize>
<autoIncrementCycle>false</autoIncrementCycle>
</Column>
<Column name="ASSESSMENT_CALL_BACK_IND" id="22092950-6FF5-AAA7-076B-CB4E8C5BE02B">
<sourceConnName>UK_HWS rk50472</sourceConnName>
<sourceObjSchema>ASSESSMENTS</sourceObjSchema>
<sourceObjName>ASSESSMENT_CALL_BACK_IND</sourceObjName>
<createdBy>50472</createdBy>
<createdTime>2014-11-20 22:42:12 UTC</createdTime>
<ownerDesignName>UK_HWS_Assessments_data_model_diagram12172014</ownerDesignName>
<nullsAllowed>true</nullsAllowed>
<useDomainConstraints>false</useDomainConstraints>
<use>1</use>
<logicalDatatype>LOGDT034</logicalDatatype>
<dataTypePrecision>1</dataTypePrecision>
<dataTypeScale>0</dataTypeScale>
<dataTypeSize>1</dataTypeSize>
<autoIncrementCycle>false</autoIncrementCycle>
</Column>
<Column name="ASSESSMENT_LAST_UPDATE_DT" id="0FF0143F-810D-8A50-61BF-1373A09E3F4F">
<sourceConnName>UK_HWS rk50472</sourceConnName>
<sourceObjSchema>ASSESSMENTS</sourceObjSchema>
<sourceObjName>ASSESSMENT_LAST_UPDATE_DT</sourceObjName>
<createdBy>50472</createdBy>
<createdTime>2014-11-20 22:42:12 UTC</createdTime>
<ownerDesignName>UK_HWS_Assessments_data_model_diagram12172014</ownerDesignName>
<useDomainConstraints>false</useDomainConstraints>
<use>1</use>
<logicalDatatype>LOGDT008</logicalDatatype>
<dataTypePrecision>23</dataTypePrecision>
<dataTypeScale>3</dataTypeScale>
<dataTypeSize>8</dataTypeSize>
<autoIncrementCycle>false</autoIncrementCycle>
</Column>
<Column name="PROFESSIONAL_ID" id="1D5F0D41-D656-78AC-E65A-CC680E52D00B">
<sourceConnName>UK_HWS rk50472</sourceConnName>
<sourceObjSchema>ASSESSMENTS</sourceObjSchema>
<sourceObjName>PROFESSIONAL_ID</sourceObjName>
<createdBy>50472</createdBy>
<createdTime>2014-11-20 22:42:12 UTC</createdTime>
<ownerDesignName>UK_HWS_Assessments_data_model_diagram12172014</ownerDesignName>
<nullsAllowed>true</nullsAllowed>
<useDomainConstraints>false</useDomainConstraints>
<use>1</use>
<logicalDatatype>LOGDT011</logicalDatatype>
<dataTypePrecision>10</dataTypePrecision>
<dataTypeScale>0</dataTypeScale>
<dataTypeSize>4</dataTypeSize>
<autoIncrementCycle>false</autoIncrementCycle>
</Column>
<Column name="PROFESSIONAL_DISCIPLINE" id="3EC77345-4B33-EECB-16E3-5F12C96CF707">
<sourceConnName>UK_HWS rk50472</sourceConnName>
<sourceObjSchema>ASSESSMENTS</sourceObjSchema>
<sourceObjName>PROFESSIONAL_DISCIPLINE</sourceObjName>
<createdBy>50472</createdBy>
<createdTime>2014-11-20 22:42:12 UTC</createdTime>
<ownerDesignName>UK_HWS_Assessments_data_model_diagram12172014</ownerDesignName>
<nullsAllowed>true</nullsAllowed>
<useDomainConstraints>false</useDomainConstraints>
<use>1</use>
<logicalDatatype>LOGDT028</logicalDatatype>
<dataTypePrecision>-1</dataTypePrecision>
<dataTypeScale>0</dataTypeScale>
<dataTypeSize>max</dataTypeSize>
<autoIncrementCycle>false</autoIncrementCycle>
</Column>
<Column name="PREASSESSMENT_COMPLETE_IND" id="895D0C34-BBC6-D74A-828A-9322A0347BFA">
<sourceConnName>UK_HWS rk50472</sourceConnName>
<sourceObjSchema>ASSESSMENTS</sourceObjSchema>
<sourceObjName>PREASSESSMENT_COMPLETE_IND</sourceObjName>
<createdBy>50472</createdBy>
<createdTime>2014-11-20 22:42:12 UTC</createdTime>
<ownerDesignName>UK_HWS_Assessments_data_model_diagram12172014</ownerDesignName>
<nullsAllowed>true</nullsAllowed>
<useDomainConstraints>false</useDomainConstraints>
<use>1</use>
<logicalDatatype>LOGDT034</logicalDatatype>
<dataTypePrecision>1</dataTypePrecision>
<dataTypeScale>0</dataTypeScale>
<dataTypeSize>1</dataTypeSize>
<autoIncrementCycle>false</autoIncrementCycle>
</Column>
<Column name="FIT_STATUS_ID" id="814CEA36-5E29-C2D7-D1A7-183F3CFA084B">
<sourceConnName>UK_HWS rk50472</sourceConnName>
<sourceObjSchema>ASSESSMENTS</sourceObjSchema>
<sourceObjName>FIT_STATUS_ID</sourceObjName>
<createdBy>50472</createdBy>
<createdTime>2014-11-20 22:42:12 UTC</createdTime>
<ownerDesignName>UK_HWS_Assessments_data_model_diagram12172014</ownerDesignName>
<nullsAllowed>true</nullsAllowed>
<useDomainConstraints>false</useDomainConstraints>
<use>1</use>
<logicalDatatype>LOGDT011</logicalDatatype>
<dataTypePrecision>10</dataTypePrecision>
<dataTypeScale>0</dataTypeScale>
<dataTypeSize>4</dataTypeSize>
<autoIncrementCycle>false</autoIncrementCycle>
</Column>
<Column name="FIT_STATUS" id="7B9EB496-C44D-0AFD-2060-C94DB8088B2E">
<sourceConnName>UK_HWS rk50472</sourceConnName>
<sourceObjSchema>ASSESSMENTS</sourceObjSchema>
<sourceObjName>FIT_STATUS</sourceObjName>
<createdBy>50472</createdBy>
<createdTime>2014-11-20 22:42:12 UTC</createdTime>
<ownerDesignName>UK_HWS_Assessments_data_model_diagram12172014</ownerDesignName>
<nullsAllowed>true</nullsAllowed>
<useDomainConstraints>false</useDomainConstraints>
<use>1</use>
<logicalDatatype>LOGDT024</logicalDatatype>
<dataTypePrecision>20</dataTypePrecision>
<dataTypeScale>0</dataTypeScale>
<dataTypeSize>20</dataTypeSize>
<autoIncrementCycle>false</autoIncrementCycle>
</Column>
<Column name="RTW_OPTIONS" id="037B857C-A43A-5D46-CA19-49A931DB8169">
<sourceConnName>UK_HWS rk50472</sourceConnName>
<sourceObjSchema>ASSESSMENTS</sourceObjSchema>
<sourceObjName>RTW_OPTIONS</sourceObjName>
<createdBy>50472</createdBy>
<createdTime>2014-11-20 22:42:12 UTC</createdTime>
<ownerDesignName>UK_HWS_Assessments_data_model_diagram12172014</ownerDesignName>
<nullsAllowed>true</nullsAllowed>
<useDomainConstraints>false</useDomainConstraints>
<use>1</use>
<logicalDatatype>LOGDT024</logicalDatatype>
<dataTypePrecision>100</dataTypePrecision>
<dataTypeScale>0</dataTypeScale>
<dataTypeSize>100</dataTypeSize>
<autoIncrementCycle>false</autoIncrementCycle>
</Column>
<Column name="RECOMMENDED_RTW_DATE" id="116D6D46-31FC-5E72-C347-5EAC8B6A3440">
<sourceConnName>UK_HWS rk50472</sourceConnName>
<sourceObjSchema>ASSESSMENTS</sourceObjSchema>
<sourceObjName>RECOMMENDED_RTW_DATE</sourceObjName>
<createdBy>50472</createdBy>
<createdTime>2014-11-20 22:42:12 UTC</createdTime>
<ownerDesignName>UK_HWS_Assessments_data_model_diagram12172014</ownerDesignName>
<nullsAllowed>true</nullsAllowed>
<useDomainConstraints>false</useDomainConstraints>
<use>1</use>
<logicalDatatype>LOGDT007</logicalDatatype>
<dataTypePrecision>10</dataTypePrecision>
<dataTypeScale>0</dataTypeScale>
<dataTypeSize>3</dataTypeSize>
<autoIncrementCycle>false</autoIncrementCycle>
</Column>
<Column name="NEXT_TOUCHPOINT" id="C5F7F1D4-60EA-125F-99C4-F1F097C3775F">
<sourceConnName>UK_HWS rk50472</sourceConnName>
<sourceObjSchema>ASSESSMENTS</sourceObjSchema>
<sourceObjName>NEXT_TOUCHPOINT</sourceObjName>
<createdBy>50472</createdBy>
<createdTime>2014-11-20 22:42:12 UTC</createdTime>
<ownerDesignName>UK_HWS_Assessments_data_model_diagram12172014</ownerDesignName>
<nullsAllowed>true</nullsAllowed>
<useDomainConstraints>false</useDomainConstraints>
<use>1</use>
<logicalDatatype>LOGDT028</logicalDatatype>
<dataTypePrecision>-1</dataTypePrecision>
<dataTypeScale>0</dataTypeScale>
<dataTypeSize>max</dataTypeSize>
<autoIncrementCycle>false</autoIncrementCycle>
</Column>
<Column name="NEXT_TOUCHPOINT_DT" id="24CA6F51-4EB7-3A6B-C85F-8B6E1CA3F70D">
<sourceConnName>UK_HWS rk50472</sourceConnName>
<sourceObjSchema>ASSESSMENTS</sourceObjSchema>
<sourceObjName>NEXT_TOUCHPOINT_DT</sourceObjName>
<createdBy>50472</createdBy>
<createdTime>2014-11-20 22:42:12 UTC</createdTime>
<ownerDesignName>UK_HWS_Assessments_data_model_diagram12172014</ownerDesignName>
<nullsAllowed>true</nullsAllowed>
<useDomainConstraints>false</useDomainConstraints>
<use>1</use>
<logicalDatatype>LOGDT008</logicalDatatype>
<dataTypePrecision>23</dataTypePrecision>
<dataTypeScale>3</dataTypeScale>
<dataTypeSize>8</dataTypeSize>
<autoIncrementCycle>false</autoIncrementCycle>
</Column>
<Column name="EMPLOYEE_REVIEW_RTWP" id="BEFD3191-4C1B-94BB-CD48-574F43063034">
<sourceConnName>UK_HWS rk50472</sourceConnName>
<sourceObjSchema>ASSESSMENTS</sourceObjSchema>
<sourceObjName>EMPLOYEE_REVIEW_RTWP</sourceObjName>
<createdBy>50472</createdBy>
<createdTime>2014-11-20 22:42:12 UTC</createdTime>
<ownerDesignName>UK_HWS_Assessments_data_model_diagram12172014</ownerDesignName>
<nullsAllowed>true</nullsAllowed>
<useDomainConstraints>false</useDomainConstraints>
<use>1</use>
<logicalDatatype>LOGDT034</logicalDatatype>
<dataTypePrecision>1</dataTypePrecision>
<dataTypeScale>0</dataTypeScale>
<dataTypeSize>1</dataTypeSize>
<autoIncrementCycle>false</autoIncrementCycle>
</Column>
<Column name="ASSESSMENT_NOT_CONDUCTED_DTL" id="6D2C5681-5FED-5352-C4D6-03464DF1797F">
<sourceConnName>UK_HWS rk50472</sourceConnName>
<sourceObjSchema>ASSESSMENTS</sourceObjSchema>
<sourceObjName>ASSESSMENT_NOT_CONDUCTED_DTL</sourceObjName>
<createdBy>50472</createdBy>
<createdTime>2014-11-20 22:42:12 UTC</createdTime>
<ownerDesignName>UK_HWS_Assessments_data_model_diagram12172014</ownerDesignName>
<nullsAllowed>true</nullsAllowed>
<useDomainConstraints>false</useDomainConstraints>
<use>1</use>
<logicalDatatype>LOGDT028</logicalDatatype>
<dataTypePrecision>-1</dataTypePrecision>
<dataTypeScale>0</dataTypeScale>
<dataTypeSize>max</dataTypeSize>
<autoIncrementCycle>false</autoIncrementCycle>
</Column>
<Column name="ASSESSMENT_CANCEL_DT" id="3AA3D25F-EECB-DD51-8CE8-14A69645B7A0">
<sourceConnName>UK_HWS rk50472</sourceConnName>
<sourceObjSchema>ASSESSMENTS</sourceObjSchema>
<sourceObjName>ASSESSMENT_CANCEL_DT</sourceObjName>
<createdBy>50472</createdBy>
<createdTime>2014-11-20 22:42:12 UTC</createdTime>
<ownerDesignName>UK_HWS_Assessments_data_model_diagram12172014</ownerDesignName>
<nullsAllowed>true</nullsAllowed>
<useDomainConstraints>false</useDomainConstraints>
<use>1</use>
<logicalDatatype>LOGDT008</logicalDatatype>
<dataTypePrecision>23</dataTypePrecision>
<dataTypeScale>3</dataTypeScale>
<dataTypeSize>8</dataTypeSize>
<autoIncrementCycle>false</autoIncrementCycle>
</Column>
<Column name="ASSESSMENT_CANCEL_REASON" id="5CF9CCC7-67A2-5D09-F113-DF42DBB0BB68">
<sourceConnName>UK_HWS rk50472</sourceConnName>
<sourceObjSchema>ASSESSMENTS</sourceObjSchema>
<sourceObjName>ASSESSMENT_CANCEL_REASON</sourceObjName>
<createdBy>50472</createdBy>
<createdTime>2014-11-20 22:42:12 UTC</createdTime>
<ownerDesignName>UK_HWS_Assessments_data_model_diagram12172014</ownerDesignName>
<nullsAllowed>true</nullsAllowed>
<useDomainConstraints>false</useDomainConstraints>
<use>1</use>
<logicalDatatype>LOGDT028</logicalDatatype>
<dataTypePrecision>-1</dataTypePrecision>
<dataTypeScale>0</dataTypeScale>
<dataTypeSize>max</dataTypeSize>
<autoIncrementCycle>false</autoIncrementCycle>
</Column>
<Column name="RTWP_ID" id="7204F770-77C7-FCCA-FDC1-91E5FF37A6BC">
<sourceConnName>UK_HWS rk50472</sourceConnName>
<sourceObjSchema>ASSESSMENTS</sourceObjSchema>
<sourceObjName>RTWP_ID</sourceObjName>
<createdBy>50472</createdBy>
<createdTime>2014-11-20 22:42:12 UTC</createdTime>
<ownerDesignName>UK_HWS_Assessments_data_model_diagram12172014</ownerDesignName>
<nullsAllowed>true</nullsAllowed>
<useDomainConstraints>false</useDomainConstraints>
<use>1</use>
<logicalDatatype>LOGDT011</logicalDatatype>
<dataTypePrecision>10</dataTypePrecision>
<dataTypeScale>0</dataTypeScale>
<dataTypeSize>4</dataTypeSize>
<autoIncrementCycle>false</autoIncrementCycle>
</Column>
<Column name="PUBLISH_TO_EMPLOYEE_DT" id="056DE00E-029A-2316-4D7D-450D2826B37C">
<sourceConnName>UK_HWS rk50472</sourceConnName>
<sourceObjSchema>ASSESSMENTS</sourceObjSchema>
<sourceObjName>PUBLISH_TO_EMPLOYEE_DT</sourceObjName>
<createdBy>50472</createdBy>
<createdTime>2014-11-20 22:42:12 UTC</createdTime>
<ownerDesignName>UK_HWS_Assessments_data_model_diagram12172014</ownerDesignName>
<nullsAllowed>true</nullsAllowed>
<useDomainConstraints>false</useDomainConstraints>
<use>1</use>
<logicalDatatype>LOGDT008</logicalDatatype>
<dataTypePrecision>23</dataTypePrecision>
<dataTypeScale>3</dataTypeScale>
<dataTypeSize>8</dataTypeSize>
<autoIncrementCycle>false</autoIncrementCycle>
</Column>
<Column name="PUBLISH_TO_EMPLOYER_DT" id="02A24D79-BC86-EDD4-3FF4-9BC0E7AE21FD">
<sourceConnName>UK_HWS rk50472</sourceConnName>
<sourceObjSchema>ASSESSMENTS</sourceObjSchema>
<sourceObjName>PUBLISH_TO_EMPLOYER_DT</sourceObjName>
<createdBy>50472</createdBy>
<createdTime>2014-11-20 22:42:12 UTC</createdTime>
<ownerDesignName>UK_HWS_Assessments_data_model_diagram12172014</ownerDesignName>
<nullsAllowed>true</nullsAllowed>
<useDomainConstraints>false</useDomainConstraints>
<use>1</use>
<logicalDatatype>LOGDT008</logicalDatatype>
<dataTypePrecision>23</dataTypePrecision>
<dataTypeScale>3</dataTypeScale>
<dataTypeSize>8</dataTypeSize>
<autoIncrementCycle>false</autoIncrementCycle>
</Column>
<Column name="PUBLISH_TO_GP_DT" id="AA600100-B337-DB97-DF9E-D085AE58A0AD">
<sourceConnName>UK_HWS rk50472</sourceConnName>
<sourceObjSchema>ASSESSMENTS</sourceObjSchema>
<sourceObjName>PUBLISH_TO_GP_DT</sourceObjName>
<createdBy>50472</createdBy>
<createdTime>2014-11-20 22:42:12 UTC</createdTime>
<ownerDesignName>UK_HWS_Assessments_data_model_diagram12172014</ownerDesignName>
<nullsAllowed>true</nullsAllowed>
<useDomainConstraints>false</useDomainConstraints>
<use>1</use>
<logicalDatatype>LOGDT008</logicalDatatype>
<dataTypePrecision>23</dataTypePrecision>
<dataTypeScale>3</dataTypeScale>
<dataTypeSize>8</dataTypeSize>
<autoIncrementCycle>false</autoIncrementCycle>
</Column>
<Column name="PUBLISH_TO_3RDPARTY_DT" id="014C517A-A9BD-F0AA-CE39-F7128DE00056">
<sourceConnName>UK_HWS rk50472</sourceConnName>
<sourceObjSchema>ASSESSMENTS</sourceObjSchema>
<sourceObjName>PUBLISH_TO_3RDPARTY_DT</sourceObjName>
<createdBy>50472</createdBy>
<createdTime>2014-11-20 22:42:12 UTC</createdTime>
<ownerDesignName>UK_HWS_Assessments_data_model_diagram12172014</ownerDesignName>
<nullsAllowed>true</nullsAllowed>
<useDomainConstraints>false</useDomainConstraints>
<use>1</use>
<logicalDatatype>LOGDT008</logicalDatatype>
<dataTypePrecision>23</dataTypePrecision>
<dataTypeScale>3</dataTypeScale>
<dataTypeSize>8</dataTypeSize>
<autoIncrementCycle>false</autoIncrementCycle>
</Column>
<Column name="RTWP_EXPIRY_DATE" id="1CA00D9E-62A3-AADC-402C-7883D5735EFC">
<sourceConnName>UK_HWS rk50472</sourceConnName>
<sourceObjSchema>ASSESSMENTS</sourceObjSchema>
<sourceObjName>RTWP_EXPIRY_DATE</sourceObjName>
<createdBy>50472</createdBy>
<createdTime>2014-11-20 22:42:12 UTC</createdTime>
<ownerDesignName>UK_HWS_Assessments_data_model_diagram12172014</ownerDesignName>
<nullsAllowed>true</nullsAllowed>
<useDomainConstraints>false</useDomainConstraints>
<use>1</use>
<logicalDatatype>LOGDT007</logicalDatatype>
<dataTypePrecision>10</dataTypePrecision>
<dataTypeScale>0</dataTypeScale>
<dataTypeSize>3</dataTypeSize>
<autoIncrementCycle>false</autoIncrementCycle>
</Column>
</columns>
<indexes itemClass="oracle.dbtools.crest.model.design.relational.Index">
<ind_PK_UK id="B9369DDD-A189-F69E-8B50-C931BFFB0493" name="ASSESSMENT_PK">
<sourceConnName>UK_HWS rk50472</sourceConnName>
<sourceObjSchema>maxdat</sourceObjSchema>
<sourceObjName>ASSESSMENT_PK</sourceObjName>
<createdBy>50472</createdBy>
<createdTime>2014-11-20 22:42:12 UTC</createdTime>
<ownerDesignName>UK_HWS_Assessments_data_model_diagram12172014</ownerDesignName>
<pk>true</pk>
<indexState>Primary Constraint</indexState>
<isSurrogateKey>false</isSurrogateKey>
<indexColumnUsage>
<colUsage columnID="F7BA1A49-5E9B-A03B-52F7-9FF2494B9F1A"/>
</indexColumnUsage>
</ind_PK_UK>
<ind_PK_UK id="366F8290-12E4-C21C-03D4-6B10ECF32782" name="ASSESSMENT_CASE_FK">
<createdBy>50472</createdBy>
<createdTime>2014-11-20 22:42:16 UTC</createdTime>
<ownerDesignName>UK_HWS_Assessments_data_model_diagram12172014</ownerDesignName>
<indexState>Foreign Key</indexState>
<isSurrogateKey>false</isSurrogateKey>
<indexColumnUsage>
<colUsage columnID="DCD2BE93-DB60-B75D-4A91-F03E6C0A6250"/>
</indexColumnUsage>
</ind_PK_UK>
</indexes>
</Table>