<?xml version = '1.0' encoding = 'UTF-8'?>
<Table class="oracle.dbtools.crest.model.design.relational.Table" directorySegmentName="seg_0" id="D3501D41-EA89-E240-4476-0DC00F1A3B00" name="DWP_INTERVENTIONS">
<createdBy>andrew.yuhas</createdBy>
<createdTime>2014-12-08 10:25:30 UTC</createdTime>
<ownerDesignName>UK_HWS_Assessments_data_model_diagram12172014</ownerDesignName>
<allowColumnReorder>false</allowColumnReorder>
<existDependencyGenerateInDDl>true</existDependencyGenerateInDDl>
<columns itemClass="oracle.dbtools.crest.model.design.relational.Column">
<Column name="ASSESSMENT_ID" id="2536F933-54C4-4052-037E-20C76A89411F">
<createdBy>andrew.yuhas</createdBy>
<createdTime>2014-12-08 10:26:21 UTC</createdTime>
<ownerDesignName>UK_HWS_Assessments_data_model_diagram12172014</ownerDesignName>
<useDomainConstraints>false</useDomainConstraints>
<use>1</use>
<logicalDatatype>LOGDT011</logicalDatatype>
<delegate>F7BA1A49-5E9B-A03B-52F7-9FF2494B9F1A</delegate>
<autoIncrementCycle>false</autoIncrementCycle>
<associations>
<colAssociation fkAssociation="5385F4AF-1DA8-0E73-C898-32B4420E8A5B" referredColumn="F7BA1A49-5E9B-A03B-52F7-9FF2494B9F1A"/>
</associations>
</Column>
<Column name="DWP_INTERVENTION_ID" id="129600E3-4A7F-5F4F-2F6F-9C4D8C8A01C2">
<createdBy>andrew.yuhas</createdBy>
<createdTime>2014-12-08 10:26:21 UTC</createdTime>
<ownerDesignName>UK_HWS_Assessments_data_model_diagram12172014</ownerDesignName>
<useDomainConstraints>false</useDomainConstraints>
<use>1</use>
<logicalDatatype>LOGDT011</logicalDatatype>
<autoIncrementCycle>false</autoIncrementCycle>
</Column>
<Column name="DWP_INTERVENTION_NAME" id="9E6F847B-60B7-F7DC-0D93-9F2F1E20D2E7">
<createdBy>andrew.yuhas</createdBy>
<createdTime>2014-12-08 10:26:21 UTC</createdTime>
<ownerDesignName>UK_HWS_Assessments_data_model_diagram12172014</ownerDesignName>
<nullsAllowed>true</nullsAllowed>
<useDomainConstraints>false</useDomainConstraints>
<use>1</use>
<logicalDatatype>LOGDT024</logicalDatatype>
<autoIncrementCycle>false</autoIncrementCycle>
</Column>
<Column name="DWP_INTERVENTION_EFFECTIVE_DT" id="9493B550-03E1-0026-56D8-1E299C107222">
<createdBy>andrew.yuhas</createdBy>
<createdTime>2014-12-11 10:17:42 UTC</createdTime>
<ownerDesignName>UK_HWS_Assessments_data_model_diagram12172014</ownerDesignName>
<nullsAllowed>true</nullsAllowed>
<useDomainConstraints>false</useDomainConstraints>
<use>1</use>
<logicalDatatype>LOGDT008</logicalDatatype>
<autoIncrementCycle>false</autoIncrementCycle>
</Column>
</columns>
<indexes itemClass="oracle.dbtools.crest.model.design.relational.Index">
<ind_PK_UK id="A685831C-CF39-4DC6-7D1A-B3594EE99C5E" name="Interventions_PK">
<createdBy>andrew.yuhas</createdBy>
<createdTime>2014-12-08 10:26:33 UTC</createdTime>
<ownerDesignName>UK_HWS_Assessments_data_model_diagram12172014</ownerDesignName>
<pk>true</pk>
<indexState>Primary Constraint</indexState>
<isSurrogateKey>false</isSurrogateKey>
<indexColumnUsage>
<colUsage columnID="129600E3-4A7F-5F4F-2F6F-9C4D8C8A01C2"/>
<colUsage columnID="2536F933-54C4-4052-037E-20C76A89411F"/>
</indexColumnUsage>
</ind_PK_UK>
<ind_PK_UK id="62DD490F-AEA6-0D55-5A6C-86445BC64DEA" name="DWP_INTERVENTION_ASSESSMENTS_FK">
<createdBy>andrew.yuhas</createdBy>
<createdTime>2014-12-08 10:26:33 UTC</createdTime>
<ownerDesignName>UK_HWS_Assessments_data_model_diagram12172014</ownerDesignName>
<indexState>Foreign Key</indexState>
<isSurrogateKey>false</isSurrogateKey>
<indexColumnUsage>
<colUsage columnID="2536F933-54C4-4052-037E-20C76A89411F"/>
</indexColumnUsage>
</ind_PK_UK>
</indexes>
</Table>