<?xml version = '1.0' encoding = 'UTF-8'?>
<Table class="oracle.dbtools.crest.model.design.relational.Table" directorySegmentName="seg_0" id="D932BC3C-9882-CD80-E60A-7AE386B645A5" name="OBSTACLES">
<sourceConnName>UK_HWS rk50472</sourceConnName>
<sourceObjSchema>maxdat</sourceObjSchema>
<sourceObjName>OBSTACLES</sourceObjName>
<createdBy>50472</createdBy>
<createdTime>2014-11-20 22:42:13 UTC</createdTime>
<ownerDesignName>UK_HWS_Assessments_data_model_diagram12172014</ownerDesignName>
<allowColumnReorder>false</allowColumnReorder>
<existDependencyGenerateInDDl>true</existDependencyGenerateInDDl>
<columns itemClass="oracle.dbtools.crest.model.design.relational.Column">
<Column name="OBSTACLE_ID" id="9E42FC63-BB4E-5C73-09F3-52CCDA789126">
<sourceConnName>UK_HWS rk50472</sourceConnName>
<sourceObjSchema>OBSTACLES</sourceObjSchema>
<sourceObjName>OBSTACLE_ID</sourceObjName>
<createdBy>50472</createdBy>
<createdTime>2014-11-20 22:42:14 UTC</createdTime>
<ownerDesignName>UK_HWS_Assessments_data_model_diagram12172014</ownerDesignName>
<useDomainConstraints>false</useDomainConstraints>
<use>1</use>
<logicalDatatype>LOGDT011</logicalDatatype>
<dataTypePrecision>10</dataTypePrecision>
<dataTypeScale>0</dataTypeScale>
<dataTypeSize>4</dataTypeSize>
<autoIncrementCycle>false</autoIncrementCycle>
</Column>
<Column name="OBSTACLE_TYPE" id="EC9ED6DB-1107-82B0-773E-F5CD4D73DF72">
<sourceConnName>UK_HWS rk50472</sourceConnName>
<sourceObjSchema>OBSTACLES</sourceObjSchema>
<sourceObjName>OBSTACLE_TYPE</sourceObjName>
<createdBy>50472</createdBy>
<createdTime>2014-11-20 22:42:14 UTC</createdTime>
<ownerDesignName>UK_HWS_Assessments_data_model_diagram12172014</ownerDesignName>
<useDomainConstraints>false</useDomainConstraints>
<use>1</use>
<logicalDatatype>LOGDT024</logicalDatatype>
<dataTypePrecision>100</dataTypePrecision>
<dataTypeScale>0</dataTypeScale>
<dataTypeSize>100</dataTypeSize>
<autoIncrementCycle>false</autoIncrementCycle>
</Column>
<Column name="OBSTACLE_DETAIL" id="B33A53AF-1790-8B0F-1C17-5C1A13DC2E26">
<sourceConnName>UK_HWS rk50472</sourceConnName>
<sourceObjSchema>OBSTACLES</sourceObjSchema>
<sourceObjName>OBSTACLE_DETAIL</sourceObjName>
<createdBy>50472</createdBy>
<createdTime>2014-11-20 22:42:14 UTC</createdTime>
<ownerDesignName>UK_HWS_Assessments_data_model_diagram12172014</ownerDesignName>
<useDomainConstraints>false</useDomainConstraints>
<use>1</use>
<logicalDatatype>LOGDT028</logicalDatatype>
<dataTypePrecision>-1</dataTypePrecision>
<dataTypeScale>0</dataTypeScale>
<dataTypeSize>max</dataTypeSize>
<autoIncrementCycle>false</autoIncrementCycle>
</Column>
<Column name="IS_PRIMARY" id="69F615C7-BA14-ADA8-B410-76189B85DA6E">
<sourceConnName>UK_HWS rk50472</sourceConnName>
<sourceObjSchema>OBSTACLES</sourceObjSchema>
<sourceObjName>IS_PRIMARY</sourceObjName>
<createdBy>50472</createdBy>
<createdTime>2014-11-20 22:42:14 UTC</createdTime>
<ownerDesignName>UK_HWS_Assessments_data_model_diagram12172014</ownerDesignName>
<useDomainConstraints>false</useDomainConstraints>
<use>1</use>
<logicalDatatype>LOGDT034</logicalDatatype>
<dataTypePrecision>1</dataTypePrecision>
<dataTypeScale>0</dataTypeScale>
<dataTypeSize>1</dataTypeSize>
<autoIncrementCycle>false</autoIncrementCycle>
</Column>
<Column name="CONSENT_PUBLISH_GP" id="B084E46A-55DC-7A45-F1F4-A72DF8F0C242">
<sourceConnName>UK_HWS rk50472</sourceConnName>
<sourceObjSchema>OBSTACLES</sourceObjSchema>
<sourceObjName>CONSENT_PUBLISH_GP</sourceObjName>
<createdBy>50472</createdBy>
<createdTime>2014-11-20 22:42:14 UTC</createdTime>
<ownerDesignName>UK_HWS_Assessments_data_model_diagram12172014</ownerDesignName>
<nullsAllowed>true</nullsAllowed>
<useDomainConstraints>false</useDomainConstraints>
<use>1</use>
<logicalDatatype>LOGDT034</logicalDatatype>
<dataTypePrecision>1</dataTypePrecision>
<dataTypeScale>0</dataTypeScale>
<dataTypeSize>1</dataTypeSize>
<autoIncrementCycle>false</autoIncrementCycle>
</Column>
<Column name="CONSENT_PUBLISH_EMPLOYER" id="B4F74B1C-00FF-5100-DB5C-4B0541E39A7F">
<sourceConnName>UK_HWS rk50472</sourceConnName>
<sourceObjSchema>OBSTACLES</sourceObjSchema>
<sourceObjName>CONSENT_PUBLISH_EMPLOYER</sourceObjName>
<createdBy>50472</createdBy>
<createdTime>2014-11-20 22:42:14 UTC</createdTime>
<ownerDesignName>UK_HWS_Assessments_data_model_diagram12172014</ownerDesignName>
<nullsAllowed>true</nullsAllowed>
<useDomainConstraints>false</useDomainConstraints>
<use>1</use>
<logicalDatatype>LOGDT034</logicalDatatype>
<dataTypePrecision>1</dataTypePrecision>
<dataTypeScale>0</dataTypeScale>
<dataTypeSize>1</dataTypeSize>
<autoIncrementCycle>false</autoIncrementCycle>
</Column>
<Column name="CONSENT_PUBLISH_3RDPARTY" id="30C9BDA0-A588-C8DE-B8B7-F8D7C7FC8E3E">
<sourceConnName>UK_HWS rk50472</sourceConnName>
<sourceObjSchema>OBSTACLES</sourceObjSchema>
<sourceObjName>CONSENT_PUBLISH_3RDPARTY</sourceObjName>
<createdBy>50472</createdBy>
<createdTime>2014-11-20 22:42:14 UTC</createdTime>
<ownerDesignName>UK_HWS_Assessments_data_model_diagram12172014</ownerDesignName>
<nullsAllowed>true</nullsAllowed>
<useDomainConstraints>false</useDomainConstraints>
<use>1</use>
<logicalDatatype>LOGDT034</logicalDatatype>
<dataTypePrecision>1</dataTypePrecision>
<dataTypeScale>0</dataTypeScale>
<dataTypeSize>1</dataTypeSize>
<autoIncrementCycle>false</autoIncrementCycle>
</Column>
<Column name="ASSESSMENT_ID" id="CB4E0371-2DF0-34A3-6203-19761C4B9666">
<sourceConnName>UK_HWS rk50472</sourceConnName>
<sourceObjSchema>OBSTACLES</sourceObjSchema>
<sourceObjName>ASSESSMENT_ID</sourceObjName>
<createdBy>50472</createdBy>
<createdTime>2014-11-20 22:42:14 UTC</createdTime>
<ownerDesignName>UK_HWS_Assessments_data_model_diagram12172014</ownerDesignName>
<useDomainConstraints>false</useDomainConstraints>
<use>1</use>
<logicalDatatype>LOGDT011</logicalDatatype>
<delegate>F7BA1A49-5E9B-A03B-52F7-9FF2494B9F1A</delegate>
<autoIncrementCycle>false</autoIncrementCycle>
<associations>
<colAssociation fkAssociation="71B49B9B-7691-4041-CFB1-72F17DB61EF6" referredColumn="F7BA1A49-5E9B-A03B-52F7-9FF2494B9F1A"/>
</associations>
</Column>
</columns>
<indexes itemClass="oracle.dbtools.crest.model.design.relational.Index">
<ind_PK_UK id="320F6406-AD40-30A3-262F-A1A53C80A430" name="OBSTACLE_PK">
<sourceConnName>UK_HWS rk50472</sourceConnName>
<sourceObjSchema>maxdat</sourceObjSchema>
<sourceObjName>OBSTACLE_PK</sourceObjName>
<createdBy>50472</createdBy>
<createdTime>2014-11-20 22:42:14 UTC</createdTime>
<ownerDesignName>UK_HWS_Assessments_data_model_diagram12172014</ownerDesignName>
<pk>true</pk>
<indexState>Primary Constraint</indexState>
<isSurrogateKey>false</isSurrogateKey>
<indexColumnUsage>
<colUsage columnID="9E42FC63-BB4E-5C73-09F3-52CCDA789126"/>
</indexColumnUsage>
</ind_PK_UK>
<ind_PK_UK id="9E3580BA-D7FC-2779-F097-210CE57360F7" name="ASSESSMENT_FK">
<createdBy>50472</createdBy>
<createdTime>2014-11-20 22:42:16 UTC</createdTime>
<ownerDesignName>UK_HWS_Assessments_data_model_diagram12172014</ownerDesignName>
<indexState>Foreign Key</indexState>
<isSurrogateKey>false</isSurrogateKey>
<indexColumnUsage>
<colUsage columnID="CB4E0371-2DF0-34A3-6203-19761C4B9666"/>
</indexColumnUsage>
</ind_PK_UK>
</indexes>
</Table>