<?xml version = '1.0' encoding = 'UTF-8'?>
<Table class="oracle.dbtools.crest.model.design.relational.Table" directorySegmentName="seg_0" id="E7BDCBA0-067A-61E7-AB1E-5229EFD09A26" name="APPT_DATE_HISTORY">
<sourceConnName>UK_HWS rk50472</sourceConnName>
<sourceObjSchema>maxdat</sourceObjSchema>
<sourceObjName>APPT_DATE_HISTORY</sourceObjName>
<createdBy>50472</createdBy>
<createdTime>2014-11-20 22:42:10 UTC</createdTime>
<ownerDesignName>UK_HWS_Assessments_data_model_diagram12172014</ownerDesignName>
<allowColumnReorder>false</allowColumnReorder>
<existDependencyGenerateInDDl>true</existDependencyGenerateInDDl>
<columns itemClass="oracle.dbtools.crest.model.design.relational.Column">
<Column name="APPOINTMENT_ID" id="A75D5569-F85F-1340-6583-399E3F23A940">
<sourceConnName>UK_HWS rk50472</sourceConnName>
<sourceObjSchema>APPT_DATE_HISTORY</sourceObjSchema>
<sourceObjName>APPOINTMENT_ID</sourceObjName>
<createdBy>50472</createdBy>
<createdTime>2014-11-20 22:42:10 UTC</createdTime>
<ownerDesignName>UK_HWS_Assessments_data_model_diagram12172014</ownerDesignName>
<useDomainConstraints>false</useDomainConstraints>
<use>1</use>
<logicalDatatype>LOGDT011</logicalDatatype>
<delegate>9B57A30A-ADDE-EF42-B679-F05E48AAA2BF</delegate>
<autoIncrementCycle>false</autoIncrementCycle>
<associations>
<colAssociation fkAssociation="5C208EE9-0921-09FC-BEF9-81DF0CE55BF7" referredColumn="9B57A30A-ADDE-EF42-B679-F05E48AAA2BF"/>
</associations>
</Column>
<Column name="APPOINTMENT_DATE_EFFECTIVE_DT" id="F82827BD-6CEE-5E4B-0DC6-BEAEFF71FFD9">
<sourceConnName>UK_HWS rk50472</sourceConnName>
<sourceObjSchema>APPT_DATE_HISTORY</sourceObjSchema>
<sourceObjName>APPT_DATE_EFFECTIVE_DT</sourceObjName>
<createdBy>50472</createdBy>
<createdTime>2014-11-20 22:42:10 UTC</createdTime>
<ownerDesignName>UK_HWS_Assessments_data_model_diagram12172014</ownerDesignName>
<useDomainConstraints>false</useDomainConstraints>
<use>1</use>
<logicalDatatype>LOGDT008</logicalDatatype>
<autoIncrementCycle>false</autoIncrementCycle>
</Column>
<Column name="RESCHEDULE_END_DT" id="65A7F270-F745-BEA6-DDDB-E30D8A39A8C2">
<sourceConnName>UK_HWS rk50472</sourceConnName>
<sourceObjSchema>APPT_DATE_HISTORY</sourceObjSchema>
<sourceObjName>RESCHEDULE_END_DT</sourceObjName>
<createdBy>50472</createdBy>
<createdTime>2014-11-20 22:42:10 UTC</createdTime>
<ownerDesignName>UK_HWS_Assessments_data_model_diagram12172014</ownerDesignName>
<useDomainConstraints>false</useDomainConstraints>
<use>1</use>
<logicalDatatype>LOGDT008</logicalDatatype>
<dataTypePrecision>23</dataTypePrecision>
<dataTypeScale>3</dataTypeScale>
<dataTypeSize>8</dataTypeSize>
<autoIncrementCycle>false</autoIncrementCycle>
</Column>
<Column name="APPOINTMENT_DT" id="E964DBE8-D7CF-CA96-4977-147D4C55ECD6">
<sourceConnName>UK_HWS rk50472</sourceConnName>
<sourceObjSchema>APPT_DATE_HISTORY</sourceObjSchema>
<sourceObjName>APPOINTMENT_DT</sourceObjName>
<createdBy>50472</createdBy>
<createdTime>2014-11-20 22:42:10 UTC</createdTime>
<ownerDesignName>UK_HWS_Assessments_data_model_diagram12172014</ownerDesignName>
<useDomainConstraints>false</useDomainConstraints>
<use>1</use>
<logicalDatatype>LOGDT008</logicalDatatype>
<dataTypePrecision>23</dataTypePrecision>
<dataTypeScale>3</dataTypeScale>
<dataTypeSize>8</dataTypeSize>
<autoIncrementCycle>false</autoIncrementCycle>
</Column>
<Column name="NEW_APPOINTMENT_DT" id="4D553931-8BB9-1808-AF38-E32FCE1AB498">
<sourceConnName>UK_HWS rk50472</sourceConnName>
<sourceObjSchema>APPT_DATE_HISTORY</sourceObjSchema>
<sourceObjName>NEW_APPOINTMENT_DT</sourceObjName>
<createdBy>50472</createdBy>
<createdTime>2014-11-20 22:42:10 UTC</createdTime>
<ownerDesignName>UK_HWS_Assessments_data_model_diagram12172014</ownerDesignName>
<nullsAllowed>true</nullsAllowed>
<useDomainConstraints>false</useDomainConstraints>
<use>1</use>
<logicalDatatype>LOGDT008</logicalDatatype>
<dataTypePrecision>23</dataTypePrecision>
<dataTypeScale>3</dataTypeScale>
<dataTypeSize>8</dataTypeSize>
<autoIncrementCycle>false</autoIncrementCycle>
</Column>
<Column name="APPOINTMENT_RESCHEDULED_DT" id="802E4166-11A8-D6A6-6902-3B189AC2E6EA">
<sourceConnName>UK_HWS rk50472</sourceConnName>
<sourceObjSchema>APPT_DATE_HISTORY</sourceObjSchema>
<sourceObjName>APPT_RESCHEDULED_DT</sourceObjName>
<createdBy>50472</createdBy>
<createdTime>2014-11-20 22:42:10 UTC</createdTime>
<ownerDesignName>UK_HWS_Assessments_data_model_diagram12172014</ownerDesignName>
<nullsAllowed>true</nullsAllowed>
<useDomainConstraints>false</useDomainConstraints>
<use>1</use>
<logicalDatatype>LOGDT008</logicalDatatype>
<autoIncrementCycle>false</autoIncrementCycle>
</Column>
<Column name="APPOINTMENT_RESCHEDULE_REASON" id="02A698F5-D7F4-8A0E-2307-9C7BCF9DF862">
<sourceConnName>UK_HWS rk50472</sourceConnName>
<sourceObjSchema>APPT_DATE_HISTORY</sourceObjSchema>
<sourceObjName>APPT_RESCHEDULE_REASON</sourceObjName>
<createdBy>50472</createdBy>
<createdTime>2014-11-20 22:42:10 UTC</createdTime>
<ownerDesignName>UK_HWS_Assessments_data_model_diagram12172014</ownerDesignName>
<nullsAllowed>true</nullsAllowed>
<useDomainConstraints>false</useDomainConstraints>
<use>1</use>
<logicalDatatype>LOGDT024</logicalDatatype>
<dataTypeSize>200</dataTypeSize>
<autoIncrementCycle>false</autoIncrementCycle>
</Column>
</columns>
<indexes itemClass="oracle.dbtools.crest.model.design.relational.Index">
<ind_PK_UK id="1CCE0120-4602-3DD4-EFB7-DE32A80668CD" name="APPOINTMENT_DATE_HISTORY_PK">
<sourceConnName>UK_HWS rk50472</sourceConnName>
<sourceObjSchema>maxdat</sourceObjSchema>
<sourceObjName>APPT_RESCHEDULE_HISTORY_PK</sourceObjName>
<createdBy>50472</createdBy>
<createdTime>2014-11-20 22:42:10 UTC</createdTime>
<ownerDesignName>UK_HWS_Assessments_data_model_diagram12172014</ownerDesignName>
<pk>true</pk>
<indexState>Primary Constraint</indexState>
<isSurrogateKey>false</isSurrogateKey>
<indexColumnUsage>
<colUsage columnID="A75D5569-F85F-1340-6583-399E3F23A940"/>
<colUsage columnID="F82827BD-6CEE-5E4B-0DC6-BEAEFF71FFD9"/>
</indexColumnUsage>
</ind_PK_UK>
<ind_PK_UK id="F92964D5-09F0-4A11-36B5-B02D5C4A76FE" name="APPT_DATE_HISTORY_APPOINTMENTS_FK">
<createdBy>50472</createdBy>
<createdTime>2014-11-20 22:42:17 UTC</createdTime>
<ownerDesignName>UK_HWS_Assessments_data_model_diagram12172014</ownerDesignName>
<indexState>Foreign Key</indexState>
<isSurrogateKey>false</isSurrogateKey>
<indexColumnUsage>
<colUsage columnID="A75D5569-F85F-1340-6583-399E3F23A940"/>
</indexColumnUsage>
</ind_PK_UK>
</indexes>
</Table>