<?xml version = '1.0' encoding = 'UTF-8'?>
<TableProxySqlServerv2k5 class="oracle.dbtools.crest.model.design.storage.sqlserver.v2k5.TableProxySqlServerv2k5" name="AppointmentStatus" directorySegmentName="seg_1" id="BA3161E9-78DD-154B-5615-5D0DDF4A9670">
<createdBy>david.moore</createdBy>
<createdTime>2015-01-12 09:17:58 UTC</createdTime>
<ownerDesignName>HWSInternal_12_01_2015</ownerDesignName>
<schemaObject>23743EFC-90C4-0439-C596-648C2ACC3465</schemaObject>
<database>87F335AC-6593-0972-57CD-EF38C413D6F0</database>
<filegroup>94874A7E-4F3A-9D3E-43D7-E90A0EE21714</filegroup>
<schema>14</schema>
<columnProxies>
<ColumnProxy class="oracle.dbtools.crest.model.design.storage.sqlserver.v2k5.ColumnProxySqlServerv2k5" name="Name" id="C4FF7E4C-A5C7-0887-6C5A-92150010967D">
<createdBy>david.moore</createdBy>
<createdTime>2015-01-12 09:17:58 UTC</createdTime>
<ownerDesignName>HWSInternal_12_01_2015</ownerDesignName>
<collation>Latin1_General_CI_AS</collation>
</ColumnProxy>
<ColumnProxy class="oracle.dbtools.crest.model.design.storage.sqlserver.v2k5.ColumnProxySqlServerv2k5" name="Id" id="C9D0CBA1-27D2-6A34-C491-8F26FE8AF6E6">
<createdBy>david.moore</createdBy>
<createdTime>2015-01-12 09:17:58 UTC</createdTime>
<ownerDesignName>HWSInternal_12_01_2015</ownerDesignName>
</ColumnProxy>
</columnProxies>
<primaryKeys>
<PrimaryKey class="oracle.dbtools.crest.model.design.storage.sqlserver.v2k5.PKProxySqlServerv2k5" name="PK_AppointmentStatus" id="6A6C497D-E16A-117F-909B-A6EA21706B38">
<createdBy>david.moore</createdBy>
<createdTime>2015-01-12 09:17:58 UTC</createdTime>
<ownerDesignName>HWSInternal_12_01_2015</ownerDesignName>
<clustered>true</clustered>
<fileGroup>94874A7E-4F3A-9D3E-43D7-E90A0EE21714</fileGroup>
<recomputeStatistics>NO</recomputeStatistics>
</PrimaryKey>
</primaryKeys>
</TableProxySqlServerv2k5>