<?xml version = '1.0' encoding = 'UTF-8'?>
<TableProxySqlServerv2k5 class="oracle.dbtools.crest.model.design.storage.sqlserver.v2k5.TableProxySqlServerv2k5" name="DischargeReason" directorySegmentName="seg_1" id="E77022D5-912C-8A4B-4332-2C23AB9B361F">
<createdBy>david.moore</createdBy>
<createdTime>2015-01-12 09:17:59 UTC</createdTime>
<ownerDesignName>HWSInternal_12_01_2015</ownerDesignName>
<schemaObject>C0E722AD-5E8B-7F68-225F-749577113370</schemaObject>
<database>87F335AC-6593-0972-57CD-EF38C413D6F0</database>
<filegroup>94874A7E-4F3A-9D3E-43D7-E90A0EE21714</filegroup>
<schema>9</schema>
<columnProxies>
<ColumnProxy class="oracle.dbtools.crest.model.design.storage.sqlserver.v2k5.ColumnProxySqlServerv2k5" name="Id" id="9A738B16-57FD-4651-4ED6-4C8933EB9BEA">
<createdBy>david.moore</createdBy>
<createdTime>2015-01-12 09:17:59 UTC</createdTime>
<ownerDesignName>HWSInternal_12_01_2015</ownerDesignName>
</ColumnProxy>
<ColumnProxy class="oracle.dbtools.crest.model.design.storage.sqlserver.v2k5.ColumnProxySqlServerv2k5" name="Description" id="ADAD0FCC-D0FC-F92E-7154-ED5C96DDDBE7">
<createdBy>david.moore</createdBy>
<createdTime>2015-01-12 09:17:59 UTC</createdTime>
<ownerDesignName>HWSInternal_12_01_2015</ownerDesignName>
<collation>Latin1_General_CI_AS</collation>
</ColumnProxy>
</columnProxies>
<primaryKeys>
<PrimaryKey class="oracle.dbtools.crest.model.design.storage.sqlserver.v2k5.PKProxySqlServerv2k5" name="PK_DischargeReason" id="E6E03A64-095D-01D5-EF3D-429CEB96BBE9">
<createdBy>david.moore</createdBy>
<createdTime>2015-01-12 09:17:59 UTC</createdTime>
<ownerDesignName>HWSInternal_12_01_2015</ownerDesignName>
<clustered>true</clustered>
<fileGroup>94874A7E-4F3A-9D3E-43D7-E90A0EE21714</fileGroup>
<recomputeStatistics>NO</recomputeStatistics>
</PrimaryKey>
</primaryKeys>
</TableProxySqlServerv2k5>