<?xml version = '1.0' encoding = 'UTF-8'?>
<UserSqlServerv2k5 class="oracle.dbtools.crest.model.design.storage.sqlserver.v2k5.UserSqlServerv2k5" directorySegmentName="seg_0" id="DB_NULLELEMENT_dbo" name="dbo">
<createdBy>50472</createdBy>
<createdTime>2014-11-18 19:24:41 UTC</createdTime>
<ownerDesignName>Process_Incidents_data_model_diagram</ownerDesignName>
<nullInstance>true</nullInstance>
<storableNullInstance>true</storableNullInstance>
<database>DB_NULLELEMENT</database>
</UserSqlServerv2k5>