<?xml version = '1.0' encoding = 'UTF-8'?>
<Table class="oracle.dbtools.crest.model.design.relational.Table" directorySegmentName="seg_0" id="36945E3F-A910-AF6C-ABF0-DAE874727D2E" name="CORP_ETL_LIST_LKUP">
<sourceConnName>UK_HWS maxdat</sourceConnName>
<sourceObjSchema>maxdat</sourceObjSchema>
<sourceObjName>CORP_ETL_LIST_LKUP</sourceObjName>
<createdBy>50472</createdBy>
<createdTime>2014-12-09 21:50:21 UTC</createdTime>
<ownerDesignName>Process_Incidents_data_model_diagram</ownerDesignName>
<importedID>1B30BABD-3949-BFE7-23CF-B719CFEF34C9</importedID>
<allowColumnReorder>false</allowColumnReorder>
<existDependencyGenerateInDDl>true</existDependencyGenerateInDDl>
<columns itemClass="oracle.dbtools.crest.model.design.relational.Column">
<Column name="CELL_ID" id="E8E25B11-66E4-7734-BF32-4D34C71D4225">
<sourceConnName>UK_HWS maxdat</sourceConnName>
<sourceObjSchema>CORP_ETL_LIST_LKUP</sourceObjSchema>
<sourceObjName>CELL_ID</sourceObjName>
<createdBy>50472</createdBy>
<createdTime>2014-12-09 21:50:21 UTC</createdTime>
<ownerDesignName>Process_Incidents_data_model_diagram</ownerDesignName>
<importedID>37B238BE-D1FC-829B-D1C5-C9B36CB129AF</importedID>
<useDomainConstraints>false</useDomainConstraints>
<use>1</use>
<logicalDatatype>LOGDT011</logicalDatatype>
<dataTypePrecision>10</dataTypePrecision>
<dataTypeScale>0</dataTypeScale>
<dataTypeSize>4</dataTypeSize>
<autoIncrementCycle>false</autoIncrementCycle>
</Column>
<Column name="NAME" id="8A4ACF84-0F71-B71E-26C5-D51D390F7831">
<sourceConnName>UK_HWS maxdat</sourceConnName>
<sourceObjSchema>CORP_ETL_LIST_LKUP</sourceObjSchema>
<sourceObjName>NAME</sourceObjName>
<createdBy>50472</createdBy>
<createdTime>2014-12-09 21:50:21 UTC</createdTime>
<ownerDesignName>Process_Incidents_data_model_diagram</ownerDesignName>
<importedID>955A4C8A-72C0-DC5A-4025-B54962D6C5BC</importedID>
<useDomainConstraints>false</useDomainConstraints>
<use>1</use>
<logicalDatatype>LOGDT024</logicalDatatype>
<dataTypePrecision>30</dataTypePrecision>
<dataTypeScale>0</dataTypeScale>
<dataTypeSize>30</dataTypeSize>
<autoIncrementCycle>false</autoIncrementCycle>
</Column>
<Column name="LIST_TYPE" id="73EB5562-9033-F5A9-1F9C-21D6BA18309C">
<sourceConnName>UK_HWS maxdat</sourceConnName>
<sourceObjSchema>CORP_ETL_LIST_LKUP</sourceObjSchema>
<sourceObjName>LIST_TYPE</sourceObjName>
<createdBy>50472</createdBy>
<createdTime>2014-12-09 21:50:21 UTC</createdTime>
<ownerDesignName>Process_Incidents_data_model_diagram</ownerDesignName>
<importedID>264E8B3A-9C83-CA44-EC60-153DF7FA942F</importedID>
<useDomainConstraints>false</useDomainConstraints>
<use>1</use>
<logicalDatatype>LOGDT024</logicalDatatype>
<dataTypePrecision>30</dataTypePrecision>
<dataTypeScale>0</dataTypeScale>
<dataTypeSize>30</dataTypeSize>
<autoIncrementCycle>false</autoIncrementCycle>
</Column>
<Column name="VALUE" id="769DC0A9-25D1-1604-0322-191059201DD3">
<sourceConnName>UK_HWS maxdat</sourceConnName>
<sourceObjSchema>CORP_ETL_LIST_LKUP</sourceObjSchema>
<sourceObjName>VALUE</sourceObjName>
<createdBy>50472</createdBy>
<createdTime>2014-12-09 21:50:21 UTC</createdTime>
<ownerDesignName>Process_Incidents_data_model_diagram</ownerDesignName>
<importedID>6764BD6E-AC5B-CDDE-AB64-B177CB1C440D</importedID>
<useDomainConstraints>false</useDomainConstraints>
<use>1</use>
<logicalDatatype>LOGDT024</logicalDatatype>
<dataTypePrecision>100</dataTypePrecision>
<dataTypeScale>0</dataTypeScale>
<dataTypeSize>100</dataTypeSize>
<autoIncrementCycle>false</autoIncrementCycle>
</Column>
<Column name="OUT_VAR" id="DE19387F-DE4D-216E-825C-AA4FAA95A329">
<sourceConnName>UK_HWS maxdat</sourceConnName>
<sourceObjSchema>CORP_ETL_LIST_LKUP</sourceObjSchema>
<sourceObjName>OUT_VAR</sourceObjName>
<createdBy>50472</createdBy>
<createdTime>2014-12-09 21:50:21 UTC</createdTime>
<ownerDesignName>Process_Incidents_data_model_diagram</ownerDesignName>
<importedID>6D7C74F2-E756-B4D5-89AE-EBF4C7ECC1E0</importedID>
<nullsAllowed>true</nullsAllowed>
<useDomainConstraints>false</useDomainConstraints>
<use>1</use>
<logicalDatatype>LOGDT024</logicalDatatype>
<dataTypePrecision>500</dataTypePrecision>
<dataTypeScale>0</dataTypeScale>
<dataTypeSize>500</dataTypeSize>
<autoIncrementCycle>false</autoIncrementCycle>
</Column>
<Column name="REF_TYPE" id="23E39DB4-DF88-036D-6AED-33E764B56A8F">
<sourceConnName>UK_HWS maxdat</sourceConnName>
<sourceObjSchema>CORP_ETL_LIST_LKUP</sourceObjSchema>
<sourceObjName>REF_TYPE</sourceObjName>
<createdBy>50472</createdBy>
<createdTime>2014-12-09 21:50:21 UTC</createdTime>
<ownerDesignName>Process_Incidents_data_model_diagram</ownerDesignName>
<importedID>9F995789-0345-CCA4-A1B1-0B64F7DB04D7</importedID>
<nullsAllowed>true</nullsAllowed>
<useDomainConstraints>false</useDomainConstraints>
<use>1</use>
<logicalDatatype>LOGDT024</logicalDatatype>
<dataTypePrecision>100</dataTypePrecision>
<dataTypeScale>0</dataTypeScale>
<dataTypeSize>100</dataTypeSize>
<autoIncrementCycle>false</autoIncrementCycle>
</Column>
<Column name="REF_ID" id="397B64DF-197F-0A38-54D2-013866F862DB">
<sourceConnName>UK_HWS maxdat</sourceConnName>
<sourceObjSchema>CORP_ETL_LIST_LKUP</sourceObjSchema>
<sourceObjName>REF_ID</sourceObjName>
<createdBy>50472</createdBy>
<createdTime>2014-12-09 21:50:21 UTC</createdTime>
<ownerDesignName>Process_Incidents_data_model_diagram</ownerDesignName>
<importedID>48A55EA6-709F-09CB-1A57-14E4718269EC</importedID>
<nullsAllowed>true</nullsAllowed>
<useDomainConstraints>false</useDomainConstraints>
<use>1</use>
<logicalDatatype>LOGDT011</logicalDatatype>
<dataTypePrecision>10</dataTypePrecision>
<dataTypeScale>0</dataTypeScale>
<dataTypeSize>4</dataTypeSize>
<autoIncrementCycle>false</autoIncrementCycle>
</Column>
<Column name="START_DATE" id="388C566E-36BF-1C84-7C22-851C584889FE">
<sourceConnName>UK_HWS maxdat</sourceConnName>
<sourceObjSchema>CORP_ETL_LIST_LKUP</sourceObjSchema>
<sourceObjName>START_DATE</sourceObjName>
<createdBy>50472</createdBy>
<createdTime>2014-12-09 21:50:21 UTC</createdTime>
<ownerDesignName>Process_Incidents_data_model_diagram</ownerDesignName>
<importedID>3759905D-A327-A38D-2FFC-9333A8BF088C</importedID>
<nullsAllowed>true</nullsAllowed>
<useDomainConstraints>false</useDomainConstraints>
<use>1</use>
<logicalDatatype>LOGDT008</logicalDatatype>
<dataTypePrecision>23</dataTypePrecision>
<dataTypeScale>3</dataTypeScale>
<dataTypeSize>8</dataTypeSize>
<autoIncrementCycle>false</autoIncrementCycle>
</Column>
<Column name="END_DATE" id="6BA79D44-A426-B427-FCEB-AF9904948387">
<sourceConnName>UK_HWS maxdat</sourceConnName>
<sourceObjSchema>CORP_ETL_LIST_LKUP</sourceObjSchema>
<sourceObjName>END_DATE</sourceObjName>
<createdBy>50472</createdBy>
<createdTime>2014-12-09 21:50:21 UTC</createdTime>
<ownerDesignName>Process_Incidents_data_model_diagram</ownerDesignName>
<importedID>B5DAC0D3-DB47-647A-EA48-9037CB4981C8</importedID>
<nullsAllowed>true</nullsAllowed>
<useDomainConstraints>false</useDomainConstraints>
<use>1</use>
<logicalDatatype>LOGDT008</logicalDatatype>
<dataTypePrecision>23</dataTypePrecision>
<dataTypeScale>3</dataTypeScale>
<dataTypeSize>8</dataTypeSize>
<autoIncrementCycle>false</autoIncrementCycle>
</Column>
<Column name="COMMENTS" id="CCEB3453-6651-FA5B-9D4E-76F14FD6DF35">
<sourceConnName>UK_HWS maxdat</sourceConnName>
<sourceObjSchema>CORP_ETL_LIST_LKUP</sourceObjSchema>
<sourceObjName>COMMENTS</sourceObjName>
<createdBy>50472</createdBy>
<createdTime>2014-12-09 21:50:21 UTC</createdTime>
<ownerDesignName>Process_Incidents_data_model_diagram</ownerDesignName>
<importedID>FB06EB2E-3A75-1BD0-C112-E235D5BDADF7</importedID>
<nullsAllowed>true</nullsAllowed>
<useDomainConstraints>false</useDomainConstraints>
<use>1</use>
<logicalDatatype>LOGDT028</logicalDatatype>
<dataTypePrecision>-1</dataTypePrecision>
<dataTypeScale>0</dataTypeScale>
<dataTypeSize>max</dataTypeSize>
<autoIncrementCycle>false</autoIncrementCycle>
</Column>
<Column name="CREATED_TS" id="0E27EDBB-2EA3-BCC6-4B09-9B88C1308E88">
<sourceConnName>UK_HWS maxdat</sourceConnName>
<sourceObjSchema>CORP_ETL_LIST_LKUP</sourceObjSchema>
<sourceObjName>CREATED_TS</sourceObjName>
<createdBy>50472</createdBy>
<createdTime>2014-12-09 21:50:21 UTC</createdTime>
<ownerDesignName>Process_Incidents_data_model_diagram</ownerDesignName>
<importedID>1BDF565A-33FE-B968-38A6-3E1D799F0EB7</importedID>
<useDomainConstraints>false</useDomainConstraints>
<use>1</use>
<logicalDatatype>LOGDT008</logicalDatatype>
<dataTypePrecision>23</dataTypePrecision>
<dataTypeScale>3</dataTypeScale>
<dataTypeSize>8</dataTypeSize>
<autoIncrementCycle>false</autoIncrementCycle>
</Column>
<Column name="UPDATED_TS" id="FC87D10C-1D81-DB4D-B467-059E5E11CC23">
<sourceConnName>UK_HWS maxdat</sourceConnName>
<sourceObjSchema>CORP_ETL_LIST_LKUP</sourceObjSchema>
<sourceObjName>UPDATED_TS</sourceObjName>
<createdBy>50472</createdBy>
<createdTime>2014-12-09 21:50:21 UTC</createdTime>
<ownerDesignName>Process_Incidents_data_model_diagram</ownerDesignName>
<importedID>482364BC-3E8E-2CA0-0AB9-25B62433A956</importedID>
<useDomainConstraints>false</useDomainConstraints>
<use>1</use>
<logicalDatatype>LOGDT008</logicalDatatype>
<dataTypePrecision>23</dataTypePrecision>
<dataTypeScale>3</dataTypeScale>
<dataTypeSize>8</dataTypeSize>
<autoIncrementCycle>false</autoIncrementCycle>
</Column>
</columns>
<indexes itemClass="oracle.dbtools.crest.model.design.relational.Index">
<ind_PK_UK id="03F402F3-570B-21A4-F826-C0074E117ECD" name="CORP_ETL_LIST_LKUP_PK">
<sourceConnName>UK_HWS maxdat</sourceConnName>
<sourceObjSchema>maxdat</sourceObjSchema>
<sourceObjName>CORP_ETL_LIST_LKUP_PK</sourceObjName>
<createdBy>50472</createdBy>
<createdTime>2014-12-09 21:50:21 UTC</createdTime>
<ownerDesignName>Process_Incidents_data_model_diagram</ownerDesignName>
<importedID>CF523A49-4478-4FAE-722E-2456391F1FF9</importedID>
<pk>true</pk>
<indexState>Primary Constraint</indexState>
<isSurrogateKey>false</isSurrogateKey>
<indexColumnUsage>
<colUsage columnID="E8E25B11-66E4-7734-BF32-4D34C71D4225"/>
</indexColumnUsage>
</ind_PK_UK>
<ind_PK_UK id="3909D89B-C0E4-9C2A-F4DA-3C2332F20EE9" name="CORP_ETL_LIST_LKUP_UK">
<sourceConnName>UK_HWS maxdat</sourceConnName>
<sourceObjSchema>maxdat</sourceObjSchema>
<sourceObjName>CORP_ETL_LIST_LKUP_UK</sourceObjName>
<createdBy>50472</createdBy>
<createdTime>2014-12-09 21:50:21 UTC</createdTime>
<ownerDesignName>Process_Incidents_data_model_diagram</ownerDesignName>
<importedID>0A127674-901F-3A89-A676-AA91EBA480D3</importedID>
<indexState>Unique Constraint</indexState>
<isSurrogateKey>false</isSurrogateKey>
<indexColumnUsage>
<colUsage columnID="8A4ACF84-0F71-B71E-26C5-D51D390F7831"/>
<colUsage columnID="73EB5562-9033-F5A9-1F9C-21D6BA18309C"/>
<colUsage columnID="769DC0A9-25D1-1604-0322-191059201DD3"/>
</indexColumnUsage>
</ind_PK_UK>
</indexes>
</Table>