<?xml version = '1.0' encoding = 'UTF-8'?>
<Table class="oracle.dbtools.crest.model.design.relational.Table" directorySegmentName="seg_0" id="40D10CB9-71B2-2485-4DA0-5461D8954BDF" name="D_PI_INSTANCE_STATUS">
<sourceConnName>UK-HWS rk50472</sourceConnName>
<sourceObjSchema>maxdat</sourceObjSchema>
<sourceObjName>D_PI_INSTANCE_STATUS</sourceObjName>
<createdBy>50472</createdBy>
<createdTime>2014-11-18 19:25:28 UTC</createdTime>
<ownerDesignName>Process_Incidents_data_model_diagram</ownerDesignName>
<allowColumnReorder>false</allowColumnReorder>
<existDependencyGenerateInDDl>true</existDependencyGenerateInDDl>
<columns itemClass="oracle.dbtools.crest.model.design.relational.Column">
<Column name="DPIIS_ID" id="4C9BDFFA-C0E6-CBD8-C446-CFA9E03866E0">
<sourceConnName>UK-HWS rk50472</sourceConnName>
<sourceObjSchema>D_PI_INSTANCE_STATUS</sourceObjSchema>
<sourceObjName>DPIIS_ID</sourceObjName>
<createdBy>50472</createdBy>
<createdTime>2014-11-18 19:25:28 UTC</createdTime>
<ownerDesignName>Process_Incidents_data_model_diagram</ownerDesignName>
<useDomainConstraints>false</useDomainConstraints>
<use>1</use>
<logicalDatatype>LOGDT011</logicalDatatype>
<dataTypePrecision>10</dataTypePrecision>
<dataTypeScale>0</dataTypeScale>
<dataTypeSize>4</dataTypeSize>
<autoIncrementCycle>false</autoIncrementCycle>
</Column>
<Column name="Instance Status" id="43326A6F-DEB0-A008-8A4B-1C961DD0658B">
<sourceConnName>UK-HWS rk50472</sourceConnName>
<sourceObjSchema>D_PI_INSTANCE_STATUS</sourceObjSchema>
<sourceObjName>Instance Status</sourceObjName>
<createdBy>50472</createdBy>
<createdTime>2014-11-18 19:25:28 UTC</createdTime>
<ownerDesignName>Process_Incidents_data_model_diagram</ownerDesignName>
<nullsAllowed>true</nullsAllowed>
<useDomainConstraints>false</useDomainConstraints>
<use>1</use>
<logicalDatatype>LOGDT024</logicalDatatype>
<dataTypePrecision>10</dataTypePrecision>
<dataTypeScale>0</dataTypeScale>
<dataTypeSize>10</dataTypeSize>
<autoIncrementCycle>false</autoIncrementCycle>
</Column>
</columns>
<indexes itemClass="oracle.dbtools.crest.model.design.relational.Index">
<ind_PK_UK id="A7463D52-B273-2619-A0E4-D623428843BA" name="DPIIS_PK">
<sourceConnName>UK-HWS rk50472</sourceConnName>
<sourceObjSchema>maxdat</sourceObjSchema>
<sourceObjName>DPIIS_PK</sourceObjName>
<createdBy>50472</createdBy>
<createdTime>2014-11-18 19:25:29 UTC</createdTime>
<ownerDesignName>Process_Incidents_data_model_diagram</ownerDesignName>
<pk>true</pk>
<indexState>Primary Constraint</indexState>
<isSurrogateKey>false</isSurrogateKey>
<indexColumnUsage>
<colUsage columnID="4C9BDFFA-C0E6-CBD8-C446-CFA9E03866E0"/>
</indexColumnUsage>
</ind_PK_UK>
<ind_PK_UK id="C0FFECF1-6320-9EA1-1586-796882BCF170" name="DPIIS_UIX1">
<sourceConnName>UK-HWS rk50472</sourceConnName>
<sourceObjSchema>maxdat</sourceObjSchema>
<sourceObjName>DPIIS_UIX1</sourceObjName>
<createdBy>50472</createdBy>
<createdTime>2014-11-18 19:25:29 UTC</createdTime>
<ownerDesignName>Process_Incidents_data_model_diagram</ownerDesignName>
<indexState>Unique Plain Index</indexState>
<isSurrogateKey>false</isSurrogateKey>
<indexColumnUsage>
<colUsage columnID="43326A6F-DEB0-A008-8A4B-1C961DD0658B"/>
</indexColumnUsage>
</ind_PK_UK>
</indexes>
</Table>