<?xml version = '1.0' encoding = 'UTF-8'?>
<Table class="oracle.dbtools.crest.model.design.relational.Table" directorySegmentName="seg_0" id="4466930F-7418-FE18-A7C8-DB23600A6168" name="D_PI_CURRENT">
<sourceConnName>UK-HWS rk50472</sourceConnName>
<sourceObjSchema>maxdat</sourceObjSchema>
<sourceObjName>D_PI_CURRENT</sourceObjName>
<createdBy>50472</createdBy>
<createdTime>2014-11-18 19:25:22 UTC</createdTime>
<ownerDesignName>Process_Incidents_data_model_diagram</ownerDesignName>
<allowColumnReorder>false</allowColumnReorder>
<existDependencyGenerateInDDl>true</existDependencyGenerateInDDl>
<columns itemClass="oracle.dbtools.crest.model.design.relational.Column">
<Column name="PI_BI_ID" id="11C400FE-4E16-4BBF-6E33-1734B35DA562">
<sourceConnName>UK-HWS rk50472</sourceConnName>
<sourceObjSchema>D_PI_CURRENT</sourceObjSchema>
<sourceObjName>PI_BI_ID</sourceObjName>
<createdBy>50472</createdBy>
<createdTime>2014-11-18 19:25:23 UTC</createdTime>
<ownerDesignName>Process_Incidents_data_model_diagram</ownerDesignName>
<useDomainConstraints>false</useDomainConstraints>
<use>1</use>
<logicalDatatype>LOGDT011</logicalDatatype>
<autoIncrementCycle>false</autoIncrementCycle>
</Column>
<Column name="Incident ID" id="6799FB4F-4119-4CB0-946D-39EF100A113E">
<sourceConnName>UK-HWS rk50472</sourceConnName>
<sourceObjSchema>D_PI_CURRENT</sourceObjSchema>
<sourceObjName>Incident ID</sourceObjName>
<createdBy>50472</createdBy>
<createdTime>2014-11-18 19:25:23 UTC</createdTime>
<ownerDesignName>Process_Incidents_data_model_diagram</ownerDesignName>
<nullsAllowed>true</nullsAllowed>
<useDomainConstraints>false</useDomainConstraints>
<use>1</use>
<logicalDatatype>LOGDT011</logicalDatatype>
<dataTypePrecision>10</dataTypePrecision>
<dataTypeScale>0</dataTypeScale>
<dataTypeSize>4</dataTypeSize>
<autoIncrementCycle>false</autoIncrementCycle>
</Column>
<Column name="Incident Tracking Number" id="4513A8FA-1330-99A2-576C-CB4A845799AB">
<sourceConnName>UK-HWS rk50472</sourceConnName>
<sourceObjSchema>D_PI_CURRENT</sourceObjSchema>
<sourceObjName>Incident Tracking Number</sourceObjName>
<createdBy>50472</createdBy>
<createdTime>2014-11-18 19:25:23 UTC</createdTime>
<ownerDesignName>Process_Incidents_data_model_diagram</ownerDesignName>
<nullsAllowed>true</nullsAllowed>
<useDomainConstraints>false</useDomainConstraints>
<use>1</use>
<logicalDatatype>LOGDT024</logicalDatatype>
<dataTypePrecision>32</dataTypePrecision>
<dataTypeScale>0</dataTypeScale>
<dataTypeSize>32</dataTypeSize>
<autoIncrementCycle>false</autoIncrementCycle>
</Column>
<Column name="INSTANCE_START_DATE" id="76B0919D-7DEF-0A65-15B9-6D1A2A3DB700">
<createdBy>50472</createdBy>
<createdTime>2014-11-21 22:16:39 UTC</createdTime>
<ownerDesignName>Process_Incidents_data_model_diagram</ownerDesignName>
<importedID>0444DEE6-F92A-CACF-72CA-1E65D293AF54</importedID>
<formulaDesc>([Create Date])</formulaDesc>
<nullsAllowed>true</nullsAllowed>
<useDomainConstraints>false</useDomainConstraints>
<use>1</use>
<logicalDatatype>LOGDT008</logicalDatatype>
<dataTypePrecision>23</dataTypePrecision>
<dataTypeScale>3</dataTypeScale>
<dataTypeSize>8</dataTypeSize>
<computed>true</computed>
<autoIncrementCycle>false</autoIncrementCycle>
</Column>
<Column name="INSTANCE_END_DATE" id="C6003959-B024-8E77-C750-F562D1BD787E">
<createdBy>50472</createdBy>
<createdTime>2014-11-21 22:16:39 UTC</createdTime>
<ownerDesignName>Process_Incidents_data_model_diagram</ownerDesignName>
<importedID>8A8630E6-FC09-E102-7CFF-11E7AC4F3625</importedID>
<formulaDesc>(coalesce([Complete Date],[Cancel Date]))</formulaDesc>
<nullsAllowed>true</nullsAllowed>
<useDomainConstraints>false</useDomainConstraints>
<use>1</use>
<logicalDatatype>LOGDT008</logicalDatatype>
<dataTypePrecision>23</dataTypePrecision>
<dataTypeScale>3</dataTypeScale>
<dataTypeSize>8</dataTypeSize>
<computed>true</computed>
<autoIncrementCycle>false</autoIncrementCycle>
</Column>
<Column name="Receipt Date" id="5EC5B2C0-511C-4F39-69C9-BF9B1D7A0EDB">
<sourceConnName>UK-HWS rk50472</sourceConnName>
<sourceObjSchema>D_PI_CURRENT</sourceObjSchema>
<sourceObjName>Receipt Date</sourceObjName>
<createdBy>50472</createdBy>
<createdTime>2014-11-18 19:25:23 UTC</createdTime>
<ownerDesignName>Process_Incidents_data_model_diagram</ownerDesignName>
<nullsAllowed>true</nullsAllowed>
<useDomainConstraints>false</useDomainConstraints>
<use>1</use>
<logicalDatatype>LOGDT008</logicalDatatype>
<dataTypePrecision>23</dataTypePrecision>
<dataTypeScale>3</dataTypeScale>
<dataTypeSize>8</dataTypeSize>
<autoIncrementCycle>false</autoIncrementCycle>
</Column>
<Column name="Create Date" id="043C1643-29EC-AF48-97E3-C123B157FC7E">
<sourceConnName>UK-HWS rk50472</sourceConnName>
<sourceObjSchema>D_PI_CURRENT</sourceObjSchema>
<sourceObjName>Create Date</sourceObjName>
<createdBy>50472</createdBy>
<createdTime>2014-11-18 19:25:23 UTC</createdTime>
<ownerDesignName>Process_Incidents_data_model_diagram</ownerDesignName>
<nullsAllowed>true</nullsAllowed>
<useDomainConstraints>false</useDomainConstraints>
<use>1</use>
<logicalDatatype>LOGDT008</logicalDatatype>
<dataTypePrecision>23</dataTypePrecision>
<dataTypeScale>3</dataTypeScale>
<dataTypeSize>8</dataTypeSize>
<autoIncrementCycle>false</autoIncrementCycle>
</Column>
<Column name="Created By Group" id="4C615A07-0F0C-D2A4-2A12-3F0F64089D25">
<sourceConnName>UK-HWS rk50472</sourceConnName>
<sourceObjSchema>D_PI_CURRENT</sourceObjSchema>
<sourceObjName>Created By Group</sourceObjName>
<createdBy>50472</createdBy>
<createdTime>2014-11-18 19:25:23 UTC</createdTime>
<ownerDesignName>Process_Incidents_data_model_diagram</ownerDesignName>
<nullsAllowed>true</nullsAllowed>
<useDomainConstraints>false</useDomainConstraints>
<use>1</use>
<logicalDatatype>LOGDT024</logicalDatatype>
<dataTypePrecision>80</dataTypePrecision>
<dataTypeScale>0</dataTypeScale>
<dataTypeSize>80</dataTypeSize>
<autoIncrementCycle>false</autoIncrementCycle>
</Column>
<Column name="Origin ID" id="AD5A8466-DEAC-2FA6-B2F3-1A2F5FB55B9A">
<sourceConnName>UK-HWS rk50472</sourceConnName>
<sourceObjSchema>D_PI_CURRENT</sourceObjSchema>
<sourceObjName>Origin ID</sourceObjName>
<createdBy>50472</createdBy>
<createdTime>2014-11-18 19:25:23 UTC</createdTime>
<ownerDesignName>Process_Incidents_data_model_diagram</ownerDesignName>
<nullsAllowed>true</nullsAllowed>
<useDomainConstraints>false</useDomainConstraints>
<use>1</use>
<logicalDatatype>LOGDT011</logicalDatatype>
<dataTypePrecision>10</dataTypePrecision>
<dataTypeScale>0</dataTypeScale>
<dataTypeSize>4</dataTypeSize>
<autoIncrementCycle>false</autoIncrementCycle>
</Column>
<Column name="CHANNEL" id="634AA1C9-9264-7070-15ED-F5B18F2D520D">
<sourceConnName>UK-HWS rk50472</sourceConnName>
<sourceObjSchema>D_PI_CURRENT</sourceObjSchema>
<sourceObjName>CHANNEL</sourceObjName>
<createdBy>50472</createdBy>
<createdTime>2014-11-18 19:25:23 UTC</createdTime>
<ownerDesignName>Process_Incidents_data_model_diagram</ownerDesignName>
<nullsAllowed>true</nullsAllowed>
<useDomainConstraints>false</useDomainConstraints>
<use>1</use>
<logicalDatatype>LOGDT024</logicalDatatype>
<dataTypePrecision>80</dataTypePrecision>
<dataTypeScale>0</dataTypeScale>
<dataTypeSize>80</dataTypeSize>
<autoIncrementCycle>false</autoIncrementCycle>
</Column>
<Column name="Age in Business Days" id="8582D1FA-958E-C440-A699-CE279316BF1B">
<sourceConnName>UK-HWS rk50472</sourceConnName>
<sourceObjSchema>D_PI_CURRENT</sourceObjSchema>
<sourceObjName>Age in Business Days</sourceObjName>
<createdBy>50472</createdBy>
<createdTime>2014-11-18 19:25:23 UTC</createdTime>
<ownerDesignName>Process_Incidents_data_model_diagram</ownerDesignName>
<nullsAllowed>true</nullsAllowed>
<useDomainConstraints>false</useDomainConstraints>
<use>1</use>
<logicalDatatype>LOGDT011</logicalDatatype>
<dataTypePrecision>10</dataTypePrecision>
<dataTypeScale>0</dataTypeScale>
<dataTypeSize>4</dataTypeSize>
<autoIncrementCycle>false</autoIncrementCycle>
</Column>
<Column name="Age in Calendar Days" id="2289E759-728D-C7FA-D759-3B328E732315">
<sourceConnName>UK-HWS rk50472</sourceConnName>
<sourceObjSchema>D_PI_CURRENT</sourceObjSchema>
<sourceObjName>Age in Calendar Days</sourceObjName>
<createdBy>50472</createdBy>
<createdTime>2014-11-18 19:25:23 UTC</createdTime>
<ownerDesignName>Process_Incidents_data_model_diagram</ownerDesignName>
<nullsAllowed>true</nullsAllowed>
<useDomainConstraints>false</useDomainConstraints>
<use>1</use>
<logicalDatatype>LOGDT011</logicalDatatype>
<dataTypePrecision>10</dataTypePrecision>
<dataTypeScale>0</dataTypeScale>
<dataTypeSize>4</dataTypeSize>
<autoIncrementCycle>false</autoIncrementCycle>
</Column>
<Column name="Process Client Notification ID" id="97175796-3507-9D69-6AF1-48916183E339">
<sourceConnName>UK-HWS rk50472</sourceConnName>
<sourceObjSchema>D_PI_CURRENT</sourceObjSchema>
<sourceObjName>Process Client Notification ID</sourceObjName>
<createdBy>50472</createdBy>
<createdTime>2014-11-18 19:25:23 UTC</createdTime>
<ownerDesignName>Process_Incidents_data_model_diagram</ownerDesignName>
<nullsAllowed>true</nullsAllowed>
<useDomainConstraints>false</useDomainConstraints>
<use>1</use>
<logicalDatatype>LOGDT011</logicalDatatype>
<dataTypePrecision>10</dataTypePrecision>
<dataTypeScale>0</dataTypeScale>
<dataTypeSize>4</dataTypeSize>
<autoIncrementCycle>false</autoIncrementCycle>
</Column>
<Column name="Cur Instance Status" id="D723A31A-8333-8F57-F9FC-1D7C14B5B039">
<sourceConnName>UK-HWS rk50472</sourceConnName>
<sourceObjSchema>D_PI_CURRENT</sourceObjSchema>
<sourceObjName>Cur Instance Status</sourceObjName>
<createdBy>50472</createdBy>
<createdTime>2014-11-18 19:25:23 UTC</createdTime>
<ownerDesignName>Process_Incidents_data_model_diagram</ownerDesignName>
<nullsAllowed>true</nullsAllowed>
<useDomainConstraints>false</useDomainConstraints>
<use>1</use>
<logicalDatatype>LOGDT024</logicalDatatype>
<dataTypePrecision>10</dataTypePrecision>
<dataTypeScale>0</dataTypeScale>
<dataTypeSize>10</dataTypeSize>
<autoIncrementCycle>false</autoIncrementCycle>
</Column>
<Column name="Cancel Date" id="06F8870D-CAE9-62A0-CE05-C5BAC2800888">
<sourceConnName>UK-HWS rk50472</sourceConnName>
<sourceObjSchema>D_PI_CURRENT</sourceObjSchema>
<sourceObjName>Cancel Date</sourceObjName>
<createdBy>50472</createdBy>
<createdTime>2014-11-18 19:25:23 UTC</createdTime>
<ownerDesignName>Process_Incidents_data_model_diagram</ownerDesignName>
<nullsAllowed>true</nullsAllowed>
<useDomainConstraints>false</useDomainConstraints>
<use>1</use>
<logicalDatatype>LOGDT008</logicalDatatype>
<dataTypePrecision>23</dataTypePrecision>
<dataTypeScale>3</dataTypeScale>
<dataTypeSize>8</dataTypeSize>
<autoIncrementCycle>false</autoIncrementCycle>
</Column>
<Column name="Incident Type" id="1E6023E2-4F7D-4C5C-E62F-62CE921E32D1">
<sourceConnName>UK-HWS rk50472</sourceConnName>
<sourceObjSchema>D_PI_CURRENT</sourceObjSchema>
<sourceObjName>Incident Type</sourceObjName>
<createdBy>50472</createdBy>
<createdTime>2014-11-18 19:25:23 UTC</createdTime>
<ownerDesignName>Process_Incidents_data_model_diagram</ownerDesignName>
<nullsAllowed>true</nullsAllowed>
<useDomainConstraints>false</useDomainConstraints>
<use>1</use>
<logicalDatatype>LOGDT024</logicalDatatype>
<dataTypePrecision>80</dataTypePrecision>
<dataTypeScale>0</dataTypeScale>
<dataTypeSize>80</dataTypeSize>
<autoIncrementCycle>false</autoIncrementCycle>
</Column>
<Column name="Cur Incident About" id="FBEEF56E-D353-36F7-CDAA-119E4FED53B8">
<sourceConnName>UK-HWS rk50472</sourceConnName>
<sourceObjSchema>D_PI_CURRENT</sourceObjSchema>
<sourceObjName>Cur Incident About</sourceObjName>
<createdBy>50472</createdBy>
<createdTime>2014-11-18 19:25:23 UTC</createdTime>
<ownerDesignName>Process_Incidents_data_model_diagram</ownerDesignName>
<nullsAllowed>true</nullsAllowed>
<useDomainConstraints>false</useDomainConstraints>
<use>1</use>
<logicalDatatype>LOGDT024</logicalDatatype>
<dataTypePrecision>80</dataTypePrecision>
<dataTypeScale>0</dataTypeScale>
<dataTypeSize>80</dataTypeSize>
<autoIncrementCycle>false</autoIncrementCycle>
</Column>
<Column name="Cur Incident Reason" id="FE5F2D86-9BE6-2EEF-9041-E23861D1D1EC">
<sourceConnName>UK-HWS rk50472</sourceConnName>
<sourceObjSchema>D_PI_CURRENT</sourceObjSchema>
<sourceObjName>Cur Incident Reason</sourceObjName>
<createdBy>50472</createdBy>
<createdTime>2014-11-18 19:25:23 UTC</createdTime>
<ownerDesignName>Process_Incidents_data_model_diagram</ownerDesignName>
<nullsAllowed>true</nullsAllowed>
<useDomainConstraints>false</useDomainConstraints>
<use>1</use>
<logicalDatatype>LOGDT024</logicalDatatype>
<dataTypePrecision>80</dataTypePrecision>
<dataTypeScale>0</dataTypeScale>
<dataTypeSize>80</dataTypeSize>
<autoIncrementCycle>false</autoIncrementCycle>
</Column>
<Column name="About Provider ID" id="00A2D753-5599-F5F1-0648-6F3CB9EBED45">
<sourceConnName>UK-HWS rk50472</sourceConnName>
<sourceObjSchema>D_PI_CURRENT</sourceObjSchema>
<sourceObjName>About Provider ID</sourceObjName>
<createdBy>50472</createdBy>
<createdTime>2014-11-18 19:25:23 UTC</createdTime>
<ownerDesignName>Process_Incidents_data_model_diagram</ownerDesignName>
<nullsAllowed>true</nullsAllowed>
<useDomainConstraints>false</useDomainConstraints>
<use>1</use>
<logicalDatatype>LOGDT011</logicalDatatype>
<dataTypePrecision>10</dataTypePrecision>
<dataTypeScale>0</dataTypeScale>
<dataTypeSize>4</dataTypeSize>
<autoIncrementCycle>false</autoIncrementCycle>
</Column>
<Column name="About Plan Code" id="02154AAD-F253-2C67-C91B-B9BF21D57BE0">
<sourceConnName>UK-HWS rk50472</sourceConnName>
<sourceObjSchema>D_PI_CURRENT</sourceObjSchema>
<sourceObjName>About Plan Code</sourceObjName>
<createdBy>50472</createdBy>
<createdTime>2014-11-18 19:25:23 UTC</createdTime>
<ownerDesignName>Process_Incidents_data_model_diagram</ownerDesignName>
<nullsAllowed>true</nullsAllowed>
<useDomainConstraints>false</useDomainConstraints>
<use>1</use>
<logicalDatatype>LOGDT024</logicalDatatype>
<dataTypePrecision>32</dataTypePrecision>
<dataTypeScale>0</dataTypeScale>
<dataTypeSize>32</dataTypeSize>
<autoIncrementCycle>false</autoIncrementCycle>
</Column>
<Column name="Cur Incident Status" id="30ACAC03-EFDB-5134-3CE6-88CC19605B9F">
<sourceConnName>UK-HWS rk50472</sourceConnName>
<sourceObjSchema>D_PI_CURRENT</sourceObjSchema>
<sourceObjName>Cur Incident Status</sourceObjName>
<createdBy>50472</createdBy>
<createdTime>2014-11-18 19:25:23 UTC</createdTime>
<ownerDesignName>Process_Incidents_data_model_diagram</ownerDesignName>
<nullsAllowed>true</nullsAllowed>
<useDomainConstraints>false</useDomainConstraints>
<use>1</use>
<logicalDatatype>LOGDT024</logicalDatatype>
<dataTypePrecision>80</dataTypePrecision>
<dataTypeScale>0</dataTypeScale>
<dataTypeSize>80</dataTypeSize>
<autoIncrementCycle>false</autoIncrementCycle>
</Column>
<Column name="Cur Incident Status Date" id="31AC261D-1121-359E-C8C6-0F64C53D4548">
<sourceConnName>UK-HWS rk50472</sourceConnName>
<sourceObjSchema>D_PI_CURRENT</sourceObjSchema>
<sourceObjName>Cur Incident Status Date</sourceObjName>
<createdBy>50472</createdBy>
<createdTime>2014-11-18 19:25:23 UTC</createdTime>
<ownerDesignName>Process_Incidents_data_model_diagram</ownerDesignName>
<nullsAllowed>true</nullsAllowed>
<useDomainConstraints>false</useDomainConstraints>
<use>1</use>
<logicalDatatype>LOGDT008</logicalDatatype>
<dataTypePrecision>23</dataTypePrecision>
<dataTypeScale>3</dataTypeScale>
<dataTypeSize>8</dataTypeSize>
<autoIncrementCycle>false</autoIncrementCycle>
</Column>
<Column name="Status Age in Business Days" id="D23F1085-BAF8-61DA-E51A-8B27D695C554">
<sourceConnName>UK-HWS rk50472</sourceConnName>
<sourceObjSchema>D_PI_CURRENT</sourceObjSchema>
<sourceObjName>Status Age in Business Days</sourceObjName>
<createdBy>50472</createdBy>
<createdTime>2014-11-18 19:25:23 UTC</createdTime>
<ownerDesignName>Process_Incidents_data_model_diagram</ownerDesignName>
<nullsAllowed>true</nullsAllowed>
<useDomainConstraints>false</useDomainConstraints>
<use>1</use>
<logicalDatatype>LOGDT011</logicalDatatype>
<dataTypePrecision>10</dataTypePrecision>
<dataTypeScale>0</dataTypeScale>
<dataTypeSize>4</dataTypeSize>
<autoIncrementCycle>false</autoIncrementCycle>
</Column>
<Column name="Status Age in Calendar Days" id="9B57EB3C-3390-E82A-2401-0BA1AECE28DA">
<sourceConnName>UK-HWS rk50472</sourceConnName>
<sourceObjSchema>D_PI_CURRENT</sourceObjSchema>
<sourceObjName>Status Age in Calendar Days</sourceObjName>
<createdBy>50472</createdBy>
<createdTime>2014-11-18 19:25:23 UTC</createdTime>
<ownerDesignName>Process_Incidents_data_model_diagram</ownerDesignName>
<nullsAllowed>true</nullsAllowed>
<useDomainConstraints>false</useDomainConstraints>
<use>1</use>
<logicalDatatype>LOGDT011</logicalDatatype>
<dataTypePrecision>10</dataTypePrecision>
<dataTypeScale>0</dataTypeScale>
<dataTypeSize>4</dataTypeSize>
<autoIncrementCycle>false</autoIncrementCycle>
</Column>
<Column name="Cur Jeopardy Status" id="1F6AA076-9068-A193-3E47-9FDD0988966B">
<sourceConnName>UK-HWS rk50472</sourceConnName>
<sourceObjSchema>D_PI_CURRENT</sourceObjSchema>
<sourceObjName>Cur Jeopardy Status</sourceObjName>
<createdBy>50472</createdBy>
<createdTime>2014-11-18 19:25:23 UTC</createdTime>
<ownerDesignName>Process_Incidents_data_model_diagram</ownerDesignName>
<nullsAllowed>true</nullsAllowed>
<useDomainConstraints>false</useDomainConstraints>
<use>1</use>
<logicalDatatype>LOGDT024</logicalDatatype>
<dataTypePrecision>2</dataTypePrecision>
<dataTypeScale>0</dataTypeScale>
<dataTypeSize>2</dataTypeSize>
<autoIncrementCycle>false</autoIncrementCycle>
</Column>
<Column name="Jeopardy Status Date" id="5B1FBF40-CBEC-B1A3-9286-3F1495112989">
<sourceConnName>UK-HWS rk50472</sourceConnName>
<sourceObjSchema>D_PI_CURRENT</sourceObjSchema>
<sourceObjName>Jeopardy Status Date</sourceObjName>
<createdBy>50472</createdBy>
<createdTime>2014-11-18 19:25:23 UTC</createdTime>
<ownerDesignName>Process_Incidents_data_model_diagram</ownerDesignName>
<nullsAllowed>true</nullsAllowed>
<useDomainConstraints>false</useDomainConstraints>
<use>1</use>
<logicalDatatype>LOGDT008</logicalDatatype>
<dataTypePrecision>23</dataTypePrecision>
<dataTypeScale>3</dataTypeScale>
<dataTypeSize>8</dataTypeSize>
<autoIncrementCycle>false</autoIncrementCycle>
</Column>
<Column name="Complete Date" id="71731CB9-1F11-294F-CB13-5295020D117F">
<sourceConnName>UK-HWS rk50472</sourceConnName>
<sourceObjSchema>D_PI_CURRENT</sourceObjSchema>
<sourceObjName>Complete Date</sourceObjName>
<createdBy>50472</createdBy>
<createdTime>2014-11-18 19:25:23 UTC</createdTime>
<ownerDesignName>Process_Incidents_data_model_diagram</ownerDesignName>
<nullsAllowed>true</nullsAllowed>
<useDomainConstraints>false</useDomainConstraints>
<use>1</use>
<logicalDatatype>LOGDT008</logicalDatatype>
<dataTypePrecision>23</dataTypePrecision>
<dataTypeScale>3</dataTypeScale>
<dataTypeSize>8</dataTypeSize>
<autoIncrementCycle>false</autoIncrementCycle>
</Column>
<Column name="Reported By" id="4EA47D2E-422D-7327-4CBE-F2D8D9846D19">
<sourceConnName>UK-HWS rk50472</sourceConnName>
<sourceObjSchema>D_PI_CURRENT</sourceObjSchema>
<sourceObjName>Reported By</sourceObjName>
<createdBy>50472</createdBy>
<createdTime>2014-11-18 19:25:23 UTC</createdTime>
<ownerDesignName>Process_Incidents_data_model_diagram</ownerDesignName>
<nullsAllowed>true</nullsAllowed>
<useDomainConstraints>false</useDomainConstraints>
<use>1</use>
<logicalDatatype>LOGDT024</logicalDatatype>
<dataTypePrecision>80</dataTypePrecision>
<dataTypeScale>0</dataTypeScale>
<dataTypeSize>80</dataTypeSize>
<autoIncrementCycle>false</autoIncrementCycle>
</Column>
<Column name="Reporter Relationship" id="E537BAA3-0C76-A798-7B2A-3824BB8CBBDC">
<sourceConnName>UK-HWS rk50472</sourceConnName>
<sourceObjSchema>D_PI_CURRENT</sourceObjSchema>
<sourceObjName>Reporter Relationship</sourceObjName>
<createdBy>50472</createdBy>
<createdTime>2014-11-18 19:25:23 UTC</createdTime>
<ownerDesignName>Process_Incidents_data_model_diagram</ownerDesignName>
<nullsAllowed>true</nullsAllowed>
<useDomainConstraints>false</useDomainConstraints>
<use>1</use>
<logicalDatatype>LOGDT024</logicalDatatype>
<dataTypePrecision>64</dataTypePrecision>
<dataTypeScale>0</dataTypeScale>
<dataTypeSize>64</dataTypeSize>
<autoIncrementCycle>false</autoIncrementCycle>
</Column>
<Column name="Case ID" id="8CF75821-9EF3-5A48-EAA7-FC581636584C">
<sourceConnName>UK-HWS rk50472</sourceConnName>
<sourceObjSchema>D_PI_CURRENT</sourceObjSchema>
<sourceObjName>Case ID</sourceObjName>
<createdBy>50472</createdBy>
<createdTime>2014-11-18 19:25:23 UTC</createdTime>
<ownerDesignName>Process_Incidents_data_model_diagram</ownerDesignName>
<nullsAllowed>true</nullsAllowed>
<useDomainConstraints>false</useDomainConstraints>
<use>1</use>
<logicalDatatype>LOGDT011</logicalDatatype>
<dataTypePrecision>10</dataTypePrecision>
<dataTypeScale>0</dataTypeScale>
<dataTypeSize>4</dataTypeSize>
<autoIncrementCycle>false</autoIncrementCycle>
</Column>
<Column name="Cur Enrollment Status" id="8532028A-D55E-C042-78B6-7A794CA46304">
<sourceConnName>UK-HWS rk50472</sourceConnName>
<sourceObjSchema>D_PI_CURRENT</sourceObjSchema>
<sourceObjName>Cur Enrollment Status</sourceObjName>
<createdBy>50472</createdBy>
<createdTime>2014-11-18 19:25:23 UTC</createdTime>
<ownerDesignName>Process_Incidents_data_model_diagram</ownerDesignName>
<nullsAllowed>true</nullsAllowed>
<useDomainConstraints>false</useDomainConstraints>
<use>1</use>
<logicalDatatype>LOGDT024</logicalDatatype>
<dataTypePrecision>32</dataTypePrecision>
<dataTypeScale>0</dataTypeScale>
<dataTypeSize>32</dataTypeSize>
<autoIncrementCycle>false</autoIncrementCycle>
</Column>
<Column name="PRIORITY" id="DBB44CEB-1190-A399-C5B9-A4743AB1CDE5">
<sourceConnName>UK-HWS rk50472</sourceConnName>
<sourceObjSchema>D_PI_CURRENT</sourceObjSchema>
<sourceObjName>PRIORITY</sourceObjName>
<createdBy>50472</createdBy>
<createdTime>2014-11-18 19:25:23 UTC</createdTime>
<ownerDesignName>Process_Incidents_data_model_diagram</ownerDesignName>
<nullsAllowed>true</nullsAllowed>
<useDomainConstraints>false</useDomainConstraints>
<use>1</use>
<logicalDatatype>LOGDT024</logicalDatatype>
<dataTypePrecision>256</dataTypePrecision>
<dataTypeScale>0</dataTypeScale>
<dataTypeSize>256</dataTypeSize>
<autoIncrementCycle>false</autoIncrementCycle>
</Column>
<Column name="PROGRAM" id="575D5A5C-70C9-E119-832E-E44814DD8E11">
<sourceConnName>UK-HWS rk50472</sourceConnName>
<sourceObjSchema>D_PI_CURRENT</sourceObjSchema>
<sourceObjName>PROGRAM</sourceObjName>
<createdBy>50472</createdBy>
<createdTime>2014-11-18 19:25:23 UTC</createdTime>
<ownerDesignName>Process_Incidents_data_model_diagram</ownerDesignName>
<nullsAllowed>true</nullsAllowed>
<useDomainConstraints>false</useDomainConstraints>
<use>1</use>
<logicalDatatype>LOGDT024</logicalDatatype>
<dataTypePrecision>32</dataTypePrecision>
<dataTypeScale>0</dataTypeScale>
<dataTypeSize>32</dataTypeSize>
<autoIncrementCycle>false</autoIncrementCycle>
</Column>
<Column name="Sub-Program" id="27884258-A360-2995-3F3C-1D9A0224CC3E">
<sourceConnName>UK-HWS rk50472</sourceConnName>
<sourceObjSchema>D_PI_CURRENT</sourceObjSchema>
<sourceObjName>Sub-Program</sourceObjName>
<createdBy>50472</createdBy>
<createdTime>2014-11-18 19:25:23 UTC</createdTime>
<ownerDesignName>Process_Incidents_data_model_diagram</ownerDesignName>
<nullsAllowed>true</nullsAllowed>
<useDomainConstraints>false</useDomainConstraints>
<use>1</use>
<logicalDatatype>LOGDT024</logicalDatatype>
<dataTypePrecision>32</dataTypePrecision>
<dataTypeScale>0</dataTypeScale>
<dataTypeSize>32</dataTypeSize>
<autoIncrementCycle>false</autoIncrementCycle>
</Column>
<Column name="Cur Last Update Date" id="089BF56C-2A31-3FCA-BEB8-0D4395809C30">
<sourceConnName>UK-HWS rk50472</sourceConnName>
<sourceObjSchema>D_PI_CURRENT</sourceObjSchema>
<sourceObjName>Cur Last Update Date</sourceObjName>
<createdBy>50472</createdBy>
<createdTime>2014-11-18 19:25:23 UTC</createdTime>
<ownerDesignName>Process_Incidents_data_model_diagram</ownerDesignName>
<nullsAllowed>true</nullsAllowed>
<useDomainConstraints>false</useDomainConstraints>
<use>1</use>
<logicalDatatype>LOGDT008</logicalDatatype>
<dataTypePrecision>23</dataTypePrecision>
<dataTypeScale>3</dataTypeScale>
<dataTypeSize>8</dataTypeSize>
<autoIncrementCycle>false</autoIncrementCycle>
</Column>
<Column name="Cur Last Update By Name" id="FF7411EF-AB26-68FC-81D6-C973236236A4">
<sourceConnName>UK-HWS rk50472</sourceConnName>
<sourceObjSchema>D_PI_CURRENT</sourceObjSchema>
<sourceObjName>Cur Last Update By Name</sourceObjName>
<createdBy>50472</createdBy>
<createdTime>2014-11-18 19:25:23 UTC</createdTime>
<ownerDesignName>Process_Incidents_data_model_diagram</ownerDesignName>
<nullsAllowed>true</nullsAllowed>
<useDomainConstraints>false</useDomainConstraints>
<use>1</use>
<logicalDatatype>LOGDT024</logicalDatatype>
<dataTypePrecision>100</dataTypePrecision>
<dataTypeScale>0</dataTypeScale>
<dataTypeSize>100</dataTypeSize>
<autoIncrementCycle>false</autoIncrementCycle>
</Column>
<Column name="Plan Code" id="020F89B4-2C44-87DB-7060-23916ACEE3E9">
<sourceConnName>UK-HWS rk50472</sourceConnName>
<sourceObjSchema>D_PI_CURRENT</sourceObjSchema>
<sourceObjName>Plan Code</sourceObjName>
<createdBy>50472</createdBy>
<createdTime>2014-11-18 19:25:23 UTC</createdTime>
<ownerDesignName>Process_Incidents_data_model_diagram</ownerDesignName>
<nullsAllowed>true</nullsAllowed>
<useDomainConstraints>false</useDomainConstraints>
<use>1</use>
<logicalDatatype>LOGDT024</logicalDatatype>
<dataTypePrecision>32</dataTypePrecision>
<dataTypeScale>0</dataTypeScale>
<dataTypeSize>32</dataTypeSize>
<autoIncrementCycle>false</autoIncrementCycle>
</Column>
<Column name="Provider ID" id="6079B8F0-D868-1063-8CB0-F2697EE9A102">
<sourceConnName>UK-HWS rk50472</sourceConnName>
<sourceObjSchema>D_PI_CURRENT</sourceObjSchema>
<sourceObjName>Provider ID</sourceObjName>
<createdBy>50472</createdBy>
<createdTime>2014-11-18 19:25:23 UTC</createdTime>
<ownerDesignName>Process_Incidents_data_model_diagram</ownerDesignName>
<nullsAllowed>true</nullsAllowed>
<useDomainConstraints>false</useDomainConstraints>
<use>1</use>
<logicalDatatype>LOGDT011</logicalDatatype>
<dataTypePrecision>10</dataTypePrecision>
<dataTypeScale>0</dataTypeScale>
<dataTypeSize>4</dataTypeSize>
<autoIncrementCycle>false</autoIncrementCycle>
</Column>
<Column name="Action Type" id="89508191-C9FC-3761-5FFE-DD7217E8A128">
<sourceConnName>UK-HWS rk50472</sourceConnName>
<sourceObjSchema>D_PI_CURRENT</sourceObjSchema>
<sourceObjName>Action Type</sourceObjName>
<createdBy>50472</createdBy>
<createdTime>2014-11-18 19:25:23 UTC</createdTime>
<ownerDesignName>Process_Incidents_data_model_diagram</ownerDesignName>
<nullsAllowed>true</nullsAllowed>
<useDomainConstraints>false</useDomainConstraints>
<use>1</use>
<logicalDatatype>LOGDT024</logicalDatatype>
<dataTypePrecision>64</dataTypePrecision>
<dataTypeScale>0</dataTypeScale>
<dataTypeSize>64</dataTypeSize>
<autoIncrementCycle>false</autoIncrementCycle>
</Column>
<Column name="Resolution Type" id="A2C87AB5-5D4E-B65B-DF4D-60F94655CF44">
<sourceConnName>UK-HWS rk50472</sourceConnName>
<sourceObjSchema>D_PI_CURRENT</sourceObjSchema>
<sourceObjName>Resolution Type</sourceObjName>
<createdBy>50472</createdBy>
<createdTime>2014-11-18 19:25:23 UTC</createdTime>
<ownerDesignName>Process_Incidents_data_model_diagram</ownerDesignName>
<nullsAllowed>true</nullsAllowed>
<useDomainConstraints>false</useDomainConstraints>
<use>1</use>
<logicalDatatype>LOGDT024</logicalDatatype>
<dataTypePrecision>64</dataTypePrecision>
<dataTypeScale>0</dataTypeScale>
<dataTypeSize>64</dataTypeSize>
<autoIncrementCycle>false</autoIncrementCycle>
</Column>
<Column name="Notify Client Flag" id="15B3D7CF-600E-E7AF-8295-56C9410213E2">
<sourceConnName>UK-HWS rk50472</sourceConnName>
<sourceObjSchema>D_PI_CURRENT</sourceObjSchema>
<sourceObjName>Notify Client Flag</sourceObjName>
<createdBy>50472</createdBy>
<createdTime>2014-11-18 19:25:23 UTC</createdTime>
<ownerDesignName>Process_Incidents_data_model_diagram</ownerDesignName>
<nullsAllowed>true</nullsAllowed>
<useDomainConstraints>false</useDomainConstraints>
<use>1</use>
<logicalDatatype>LOGDT024</logicalDatatype>
<dataTypePrecision>1</dataTypePrecision>
<dataTypeScale>0</dataTypeScale>
<dataTypeSize>1</dataTypeSize>
<autoIncrementCycle>false</autoIncrementCycle>
</Column>
<Column name="Process Clnt Notify Start Dt" id="E695B5B1-F9BE-A2AC-FB05-B27D822101C8">
<sourceConnName>UK-HWS rk50472</sourceConnName>
<sourceObjSchema>D_PI_CURRENT</sourceObjSchema>
<sourceObjName>Process Clnt Notify Start Dt</sourceObjName>
<createdBy>50472</createdBy>
<createdTime>2014-11-18 19:25:23 UTC</createdTime>
<ownerDesignName>Process_Incidents_data_model_diagram</ownerDesignName>
<nullsAllowed>true</nullsAllowed>
<useDomainConstraints>false</useDomainConstraints>
<use>1</use>
<logicalDatatype>LOGDT008</logicalDatatype>
<dataTypePrecision>23</dataTypePrecision>
<dataTypeScale>3</dataTypeScale>
<dataTypeSize>8</dataTypeSize>
<autoIncrementCycle>false</autoIncrementCycle>
</Column>
<Column name="Process Clnt Notify End Dt" id="2CBF0F33-C552-941D-E6EC-6EDCC327A718">
<sourceConnName>UK-HWS rk50472</sourceConnName>
<sourceObjSchema>D_PI_CURRENT</sourceObjSchema>
<sourceObjName>Process Clnt Notify End Dt</sourceObjName>
<createdBy>50472</createdBy>
<createdTime>2014-11-18 19:25:23 UTC</createdTime>
<ownerDesignName>Process_Incidents_data_model_diagram</ownerDesignName>
<nullsAllowed>true</nullsAllowed>
<useDomainConstraints>false</useDomainConstraints>
<use>1</use>
<logicalDatatype>LOGDT008</logicalDatatype>
<dataTypePrecision>23</dataTypePrecision>
<dataTypeScale>3</dataTypeScale>
<dataTypeSize>8</dataTypeSize>
<autoIncrementCycle>false</autoIncrementCycle>
</Column>
<Column name="Process Clnt Notify Flag" id="BA121B2A-71E9-C475-6EA6-1A7ACE58B0B4">
<sourceConnName>UK-HWS rk50472</sourceConnName>
<sourceObjSchema>D_PI_CURRENT</sourceObjSchema>
<sourceObjName>Process Clnt Notify Flag</sourceObjName>
<createdBy>50472</createdBy>
<createdTime>2014-11-18 19:25:23 UTC</createdTime>
<ownerDesignName>Process_Incidents_data_model_diagram</ownerDesignName>
<nullsAllowed>true</nullsAllowed>
<useDomainConstraints>false</useDomainConstraints>
<use>1</use>
<logicalDatatype>LOGDT024</logicalDatatype>
<dataTypePrecision>1</dataTypePrecision>
<dataTypeScale>0</dataTypeScale>
<dataTypeSize>1</dataTypeSize>
<autoIncrementCycle>false</autoIncrementCycle>
</Column>
<Column name="Escalate Incident Flag" id="24B4CF7E-7297-5705-E2EB-5C34B6C62028">
<sourceConnName>UK-HWS rk50472</sourceConnName>
<sourceObjSchema>D_PI_CURRENT</sourceObjSchema>
<sourceObjName>Escalate Incident Flag</sourceObjName>
<createdBy>50472</createdBy>
<createdTime>2014-11-18 19:25:23 UTC</createdTime>
<ownerDesignName>Process_Incidents_data_model_diagram</ownerDesignName>
<nullsAllowed>true</nullsAllowed>
<useDomainConstraints>false</useDomainConstraints>
<use>1</use>
<logicalDatatype>LOGDT024</logicalDatatype>
<dataTypePrecision>1</dataTypePrecision>
<dataTypeScale>0</dataTypeScale>
<dataTypeSize>1</dataTypeSize>
<autoIncrementCycle>false</autoIncrementCycle>
</Column>
<Column name="Escalate to State Dt" id="E5082C91-DA39-C15C-C1E1-39085705625F">
<sourceConnName>UK-HWS rk50472</sourceConnName>
<sourceObjSchema>D_PI_CURRENT</sourceObjSchema>
<sourceObjName>Escalate to State Dt</sourceObjName>
<createdBy>50472</createdBy>
<createdTime>2014-11-18 19:25:23 UTC</createdTime>
<ownerDesignName>Process_Incidents_data_model_diagram</ownerDesignName>
<nullsAllowed>true</nullsAllowed>
<useDomainConstraints>false</useDomainConstraints>
<use>1</use>
<logicalDatatype>LOGDT008</logicalDatatype>
<dataTypePrecision>23</dataTypePrecision>
<dataTypeScale>3</dataTypeScale>
<dataTypeSize>8</dataTypeSize>
<autoIncrementCycle>false</autoIncrementCycle>
</Column>
<Column name="Cur Task ID" id="36973F55-B073-7027-F646-C4944ACBBF9B">
<sourceConnName>UK-HWS rk50472</sourceConnName>
<sourceObjSchema>D_PI_CURRENT</sourceObjSchema>
<sourceObjName>Cur Task ID</sourceObjName>
<createdBy>50472</createdBy>
<createdTime>2014-11-18 19:25:23 UTC</createdTime>
<ownerDesignName>Process_Incidents_data_model_diagram</ownerDesignName>
<nullsAllowed>true</nullsAllowed>
<useDomainConstraints>false</useDomainConstraints>
<use>1</use>
<logicalDatatype>LOGDT011</logicalDatatype>
<dataTypePrecision>10</dataTypePrecision>
<dataTypeScale>0</dataTypeScale>
<dataTypeSize>4</dataTypeSize>
<autoIncrementCycle>false</autoIncrementCycle>
</Column>
<Column name="State Received Appeal Date" id="035500F8-0032-3F9A-B663-2CB46D651DDE">
<sourceConnName>UK-HWS rk50472</sourceConnName>
<sourceObjSchema>D_PI_CURRENT</sourceObjSchema>
<sourceObjName>State Received Appeal Date</sourceObjName>
<createdBy>50472</createdBy>
<createdTime>2014-11-18 19:25:23 UTC</createdTime>
<ownerDesignName>Process_Incidents_data_model_diagram</ownerDesignName>
<nullsAllowed>true</nullsAllowed>
<useDomainConstraints>false</useDomainConstraints>
<use>1</use>
<logicalDatatype>LOGDT008</logicalDatatype>
<dataTypePrecision>23</dataTypePrecision>
<dataTypeScale>3</dataTypeScale>
<dataTypeSize>8</dataTypeSize>
<autoIncrementCycle>false</autoIncrementCycle>
</Column>
<Column name="Hearing Date" id="5C4EF2EC-4D0C-C600-4074-BBDA00E67E64">
<sourceConnName>UK-HWS rk50472</sourceConnName>
<sourceObjSchema>D_PI_CURRENT</sourceObjSchema>
<sourceObjName>Hearing Date</sourceObjName>
<createdBy>50472</createdBy>
<createdTime>2014-11-18 19:25:23 UTC</createdTime>
<ownerDesignName>Process_Incidents_data_model_diagram</ownerDesignName>
<nullsAllowed>true</nullsAllowed>
<useDomainConstraints>false</useDomainConstraints>
<use>1</use>
<logicalDatatype>LOGDT008</logicalDatatype>
<dataTypePrecision>23</dataTypePrecision>
<dataTypeScale>3</dataTypeScale>
<dataTypeSize>8</dataTypeSize>
<autoIncrementCycle>false</autoIncrementCycle>
</Column>
<Column name="Selection ID" id="48082CA7-878F-0A8C-41C6-66C08643AD7E">
<sourceConnName>UK-HWS rk50472</sourceConnName>
<sourceObjSchema>D_PI_CURRENT</sourceObjSchema>
<sourceObjName>Selection ID</sourceObjName>
<createdBy>50472</createdBy>
<createdTime>2014-11-18 19:25:23 UTC</createdTime>
<ownerDesignName>Process_Incidents_data_model_diagram</ownerDesignName>
<nullsAllowed>true</nullsAllowed>
<useDomainConstraints>false</useDomainConstraints>
<use>1</use>
<logicalDatatype>LOGDT011</logicalDatatype>
<dataTypePrecision>10</dataTypePrecision>
<dataTypeScale>0</dataTypeScale>
<dataTypeSize>4</dataTypeSize>
<autoIncrementCycle>false</autoIncrementCycle>
</Column>
<Column name="Timeliness Status" id="F7014D09-0B5A-4838-5F21-FDF7C578113D">
<sourceConnName>UK-HWS rk50472</sourceConnName>
<sourceObjSchema>D_PI_CURRENT</sourceObjSchema>
<sourceObjName>Timeliness Status</sourceObjName>
<createdBy>50472</createdBy>
<createdTime>2014-11-18 19:25:23 UTC</createdTime>
<ownerDesignName>Process_Incidents_data_model_diagram</ownerDesignName>
<nullsAllowed>true</nullsAllowed>
<useDomainConstraints>false</useDomainConstraints>
<use>1</use>
<logicalDatatype>LOGDT024</logicalDatatype>
<dataTypePrecision>20</dataTypePrecision>
<dataTypeScale>0</dataTypeScale>
<dataTypeSize>20</dataTypeSize>
<autoIncrementCycle>false</autoIncrementCycle>
</Column>
<Column name="EB Follow-Up Needed Flag" id="BE7B628E-D0A9-4D00-FDA8-C8C2103558C1">
<sourceConnName>UK-HWS rk50472</sourceConnName>
<sourceObjSchema>D_PI_CURRENT</sourceObjSchema>
<sourceObjName>EB Follow-Up Needed Flag</sourceObjName>
<createdBy>50472</createdBy>
<createdTime>2014-11-18 19:25:23 UTC</createdTime>
<ownerDesignName>Process_Incidents_data_model_diagram</ownerDesignName>
<nullsAllowed>true</nullsAllowed>
<useDomainConstraints>false</useDomainConstraints>
<use>1</use>
<logicalDatatype>LOGDT024</logicalDatatype>
<dataTypePrecision>1</dataTypePrecision>
<dataTypeScale>0</dataTypeScale>
<dataTypeSize>1</dataTypeSize>
<autoIncrementCycle>false</autoIncrementCycle>
</Column>
<Column name="Other Party Name" id="72535AEB-F7F9-A92A-FE49-9C349D9309CC">
<sourceConnName>UK-HWS rk50472</sourceConnName>
<sourceObjSchema>D_PI_CURRENT</sourceObjSchema>
<sourceObjName>Other Party Name</sourceObjName>
<createdBy>50472</createdBy>
<createdTime>2014-11-18 19:25:23 UTC</createdTime>
<ownerDesignName>Process_Incidents_data_model_diagram</ownerDesignName>
<nullsAllowed>true</nullsAllowed>
<useDomainConstraints>false</useDomainConstraints>
<use>1</use>
<logicalDatatype>LOGDT024</logicalDatatype>
<dataTypePrecision>80</dataTypePrecision>
<dataTypeScale>0</dataTypeScale>
<dataTypeSize>80</dataTypeSize>
<autoIncrementCycle>false</autoIncrementCycle>
</Column>
<Column name="Research Incident St Dt" id="7F09EE32-E083-5FA2-0D67-14B084DD101A">
<sourceConnName>UK-HWS rk50472</sourceConnName>
<sourceObjSchema>D_PI_CURRENT</sourceObjSchema>
<sourceObjName>Research Incident St Dt</sourceObjName>
<createdBy>50472</createdBy>
<createdTime>2014-11-18 19:25:23 UTC</createdTime>
<ownerDesignName>Process_Incidents_data_model_diagram</ownerDesignName>
<nullsAllowed>true</nullsAllowed>
<useDomainConstraints>false</useDomainConstraints>
<use>1</use>
<logicalDatatype>LOGDT008</logicalDatatype>
<dataTypePrecision>23</dataTypePrecision>
<dataTypeScale>3</dataTypeScale>
<dataTypeSize>8</dataTypeSize>
<autoIncrementCycle>false</autoIncrementCycle>
</Column>
<Column name="Research Incident End Dt" id="CFFBC0B2-AE7F-2497-BBA9-2119499CB7E0">
<sourceConnName>UK-HWS rk50472</sourceConnName>
<sourceObjSchema>D_PI_CURRENT</sourceObjSchema>
<sourceObjName>Research Incident End Dt</sourceObjName>
<createdBy>50472</createdBy>
<createdTime>2014-11-18 19:25:23 UTC</createdTime>
<ownerDesignName>Process_Incidents_data_model_diagram</ownerDesignName>
<nullsAllowed>true</nullsAllowed>
<useDomainConstraints>false</useDomainConstraints>
<use>1</use>
<logicalDatatype>LOGDT008</logicalDatatype>
<dataTypePrecision>23</dataTypePrecision>
<dataTypeScale>3</dataTypeScale>
<dataTypeSize>8</dataTypeSize>
<autoIncrementCycle>false</autoIncrementCycle>
</Column>
<Column name="Process Incident St Dt" id="B612A681-D0FE-A9EA-0A9E-6B17AA871F38">
<sourceConnName>UK-HWS rk50472</sourceConnName>
<sourceObjSchema>D_PI_CURRENT</sourceObjSchema>
<sourceObjName>Process Incident St Dt</sourceObjName>
<createdBy>50472</createdBy>
<createdTime>2014-11-18 19:25:23 UTC</createdTime>
<ownerDesignName>Process_Incidents_data_model_diagram</ownerDesignName>
<nullsAllowed>true</nullsAllowed>
<useDomainConstraints>false</useDomainConstraints>
<use>1</use>
<logicalDatatype>LOGDT008</logicalDatatype>
<dataTypePrecision>23</dataTypePrecision>
<dataTypeScale>3</dataTypeScale>
<dataTypeSize>8</dataTypeSize>
<autoIncrementCycle>false</autoIncrementCycle>
</Column>
<Column name="Process Incident End Dt" id="77017047-4A76-2DBB-5052-3C52A625B752">
<sourceConnName>UK-HWS rk50472</sourceConnName>
<sourceObjSchema>D_PI_CURRENT</sourceObjSchema>
<sourceObjName>Process Incident End Dt</sourceObjName>
<createdBy>50472</createdBy>
<createdTime>2014-11-18 19:25:23 UTC</createdTime>
<ownerDesignName>Process_Incidents_data_model_diagram</ownerDesignName>
<nullsAllowed>true</nullsAllowed>
<useDomainConstraints>false</useDomainConstraints>
<use>1</use>
<logicalDatatype>LOGDT008</logicalDatatype>
<dataTypePrecision>23</dataTypePrecision>
<dataTypeScale>3</dataTypeScale>
<dataTypeSize>8</dataTypeSize>
<autoIncrementCycle>false</autoIncrementCycle>
</Column>
<Column name="Process Incident Flag" id="9ADBEC21-19E9-5597-7C99-51859AD4621F">
<sourceConnName>UK-HWS rk50472</sourceConnName>
<sourceObjSchema>D_PI_CURRENT</sourceObjSchema>
<sourceObjName>Process Incident Flag</sourceObjName>
<createdBy>50472</createdBy>
<createdTime>2014-11-18 19:25:23 UTC</createdTime>
<ownerDesignName>Process_Incidents_data_model_diagram</ownerDesignName>
<nullsAllowed>true</nullsAllowed>
<useDomainConstraints>false</useDomainConstraints>
<use>1</use>
<logicalDatatype>LOGDT024</logicalDatatype>
<dataTypePrecision>1</dataTypePrecision>
<dataTypeScale>0</dataTypeScale>
<dataTypeSize>1</dataTypeSize>
<autoIncrementCycle>false</autoIncrementCycle>
</Column>
<Column name="Return Incident Flag" id="52311A4B-5045-0FA6-9546-3B7C698612DB">
<sourceConnName>UK-HWS rk50472</sourceConnName>
<sourceObjSchema>D_PI_CURRENT</sourceObjSchema>
<sourceObjName>Return Incident Flag</sourceObjName>
<createdBy>50472</createdBy>
<createdTime>2014-11-18 19:25:23 UTC</createdTime>
<ownerDesignName>Process_Incidents_data_model_diagram</ownerDesignName>
<nullsAllowed>true</nullsAllowed>
<useDomainConstraints>false</useDomainConstraints>
<use>1</use>
<logicalDatatype>LOGDT024</logicalDatatype>
<dataTypePrecision>1</dataTypePrecision>
<dataTypeScale>0</dataTypeScale>
<dataTypeSize>1</dataTypeSize>
<autoIncrementCycle>false</autoIncrementCycle>
</Column>
<Column name="Complete Incident St Dt" id="DC3485ED-E824-BEE0-1A82-017F798C5447">
<sourceConnName>UK-HWS rk50472</sourceConnName>
<sourceObjSchema>D_PI_CURRENT</sourceObjSchema>
<sourceObjName>Complete Incident St Dt</sourceObjName>
<createdBy>50472</createdBy>
<createdTime>2014-11-18 19:25:23 UTC</createdTime>
<ownerDesignName>Process_Incidents_data_model_diagram</ownerDesignName>
<nullsAllowed>true</nullsAllowed>
<useDomainConstraints>false</useDomainConstraints>
<use>1</use>
<logicalDatatype>LOGDT008</logicalDatatype>
<dataTypePrecision>23</dataTypePrecision>
<dataTypeScale>3</dataTypeScale>
<dataTypeSize>8</dataTypeSize>
<autoIncrementCycle>false</autoIncrementCycle>
</Column>
<Column name="Complete Incident End Dt" id="7A083ECE-1DC7-F62D-26AA-DBAFF4C97C99">
<sourceConnName>UK-HWS rk50472</sourceConnName>
<sourceObjSchema>D_PI_CURRENT</sourceObjSchema>
<sourceObjName>Complete Incident End Dt</sourceObjName>
<createdBy>50472</createdBy>
<createdTime>2014-11-18 19:25:23 UTC</createdTime>
<ownerDesignName>Process_Incidents_data_model_diagram</ownerDesignName>
<nullsAllowed>true</nullsAllowed>
<useDomainConstraints>false</useDomainConstraints>
<use>1</use>
<logicalDatatype>LOGDT008</logicalDatatype>
<dataTypePrecision>23</dataTypePrecision>
<dataTypeScale>3</dataTypeScale>
<dataTypeSize>8</dataTypeSize>
<autoIncrementCycle>false</autoIncrementCycle>
</Column>
<Column name="Complete Incident Flag" id="F2A09EEF-442B-E12B-F194-594F72A818B3">
<sourceConnName>UK-HWS rk50472</sourceConnName>
<sourceObjSchema>D_PI_CURRENT</sourceObjSchema>
<sourceObjName>Complete Incident Flag</sourceObjName>
<createdBy>50472</createdBy>
<createdTime>2014-11-18 19:25:23 UTC</createdTime>
<ownerDesignName>Process_Incidents_data_model_diagram</ownerDesignName>
<nullsAllowed>true</nullsAllowed>
<useDomainConstraints>false</useDomainConstraints>
<use>1</use>
<logicalDatatype>LOGDT024</logicalDatatype>
<dataTypePrecision>1</dataTypePrecision>
<dataTypeScale>0</dataTypeScale>
<dataTypeSize>1</dataTypeSize>
<autoIncrementCycle>false</autoIncrementCycle>
</Column>
<Column name="Return to MMS Dt" id="AB129965-6E97-DE28-60BA-24BA942808B9">
<sourceConnName>UK-HWS rk50472</sourceConnName>
<sourceObjSchema>D_PI_CURRENT</sourceObjSchema>
<sourceObjName>Return to MMS Dt</sourceObjName>
<createdBy>50472</createdBy>
<createdTime>2014-11-18 19:25:23 UTC</createdTime>
<ownerDesignName>Process_Incidents_data_model_diagram</ownerDesignName>
<nullsAllowed>true</nullsAllowed>
<useDomainConstraints>false</useDomainConstraints>
<use>1</use>
<logicalDatatype>LOGDT008</logicalDatatype>
<dataTypePrecision>23</dataTypePrecision>
<dataTypeScale>3</dataTypeScale>
<dataTypeSize>8</dataTypeSize>
<autoIncrementCycle>false</autoIncrementCycle>
</Column>
<Column name="Created By Name" id="488C6705-08EF-9A69-E96C-EF01369ED156">
<sourceConnName>UK-HWS rk50472</sourceConnName>
<sourceObjSchema>D_PI_CURRENT</sourceObjSchema>
<sourceObjName>Created By Name</sourceObjName>
<createdBy>50472</createdBy>
<createdTime>2014-11-18 19:25:23 UTC</createdTime>
<ownerDesignName>Process_Incidents_data_model_diagram</ownerDesignName>
<nullsAllowed>true</nullsAllowed>
<useDomainConstraints>false</useDomainConstraints>
<use>1</use>
<logicalDatatype>LOGDT024</logicalDatatype>
<dataTypePrecision>100</dataTypePrecision>
<dataTypeScale>0</dataTypeScale>
<dataTypeSize>100</dataTypeSize>
<autoIncrementCycle>false</autoIncrementCycle>
</Column>
<Column name="Generic Field 1" id="D99420AE-5734-2AF4-59C7-AD47C08988F8">
<sourceConnName>UK-HWS rk50472</sourceConnName>
<sourceObjSchema>D_PI_CURRENT</sourceObjSchema>
<sourceObjName>Generic Field 1</sourceObjName>
<createdBy>50472</createdBy>
<createdTime>2014-11-18 19:25:23 UTC</createdTime>
<ownerDesignName>Process_Incidents_data_model_diagram</ownerDesignName>
<nullsAllowed>true</nullsAllowed>
<useDomainConstraints>false</useDomainConstraints>
<use>1</use>
<logicalDatatype>LOGDT024</logicalDatatype>
<dataTypePrecision>50</dataTypePrecision>
<dataTypeScale>0</dataTypeScale>
<dataTypeSize>50</dataTypeSize>
<autoIncrementCycle>false</autoIncrementCycle>
</Column>
<Column name="Generic Field 2" id="37916379-2EED-55A1-5078-5B4BEA11CEF1">
<sourceConnName>UK-HWS rk50472</sourceConnName>
<sourceObjSchema>D_PI_CURRENT</sourceObjSchema>
<sourceObjName>Generic Field 2</sourceObjName>
<createdBy>50472</createdBy>
<createdTime>2014-11-18 19:25:23 UTC</createdTime>
<ownerDesignName>Process_Incidents_data_model_diagram</ownerDesignName>
<nullsAllowed>true</nullsAllowed>
<useDomainConstraints>false</useDomainConstraints>
<use>1</use>
<logicalDatatype>LOGDT024</logicalDatatype>
<dataTypePrecision>50</dataTypePrecision>
<dataTypeScale>0</dataTypeScale>
<dataTypeSize>50</dataTypeSize>
<autoIncrementCycle>false</autoIncrementCycle>
</Column>
<Column name="Generic Field 3" id="1E4E3C62-E276-12D4-2671-7F4F3F194901">
<sourceConnName>UK-HWS rk50472</sourceConnName>
<sourceObjSchema>D_PI_CURRENT</sourceObjSchema>
<sourceObjName>Generic Field 3</sourceObjName>
<createdBy>50472</createdBy>
<createdTime>2014-11-18 19:25:23 UTC</createdTime>
<ownerDesignName>Process_Incidents_data_model_diagram</ownerDesignName>
<nullsAllowed>true</nullsAllowed>
<useDomainConstraints>false</useDomainConstraints>
<use>1</use>
<logicalDatatype>LOGDT024</logicalDatatype>
<dataTypePrecision>50</dataTypePrecision>
<dataTypeScale>0</dataTypeScale>
<dataTypeSize>50</dataTypeSize>
<autoIncrementCycle>false</autoIncrementCycle>
</Column>
<Column name="Generic Field 4" id="63C0186D-9754-F251-35FF-2B350306A045">
<sourceConnName>UK-HWS rk50472</sourceConnName>
<sourceObjSchema>D_PI_CURRENT</sourceObjSchema>
<sourceObjName>Generic Field 4</sourceObjName>
<createdBy>50472</createdBy>
<createdTime>2014-11-18 19:25:23 UTC</createdTime>
<ownerDesignName>Process_Incidents_data_model_diagram</ownerDesignName>
<nullsAllowed>true</nullsAllowed>
<useDomainConstraints>false</useDomainConstraints>
<use>1</use>
<logicalDatatype>LOGDT024</logicalDatatype>
<dataTypePrecision>50</dataTypePrecision>
<dataTypeScale>0</dataTypeScale>
<dataTypeSize>50</dataTypeSize>
<autoIncrementCycle>false</autoIncrementCycle>
</Column>
<Column name="Generic Field 5" id="5DD019B5-A26D-D2D5-B5C7-72F08CA7152F">
<sourceConnName>UK-HWS rk50472</sourceConnName>
<sourceObjSchema>D_PI_CURRENT</sourceObjSchema>
<sourceObjName>Generic Field 5</sourceObjName>
<createdBy>50472</createdBy>
<createdTime>2014-11-18 19:25:23 UTC</createdTime>
<ownerDesignName>Process_Incidents_data_model_diagram</ownerDesignName>
<nullsAllowed>true</nullsAllowed>
<useDomainConstraints>false</useDomainConstraints>
<use>1</use>
<logicalDatatype>LOGDT024</logicalDatatype>
<dataTypePrecision>50</dataTypePrecision>
<dataTypeScale>0</dataTypeScale>
<dataTypeSize>50</dataTypeSize>
<autoIncrementCycle>false</autoIncrementCycle>
</Column>
<Column name="Enrollee RIN" id="619B8087-2B6F-A3FF-E1F3-CB3B15BBFF3C">
<sourceConnName>UK-HWS rk50472</sourceConnName>
<sourceObjSchema>D_PI_CURRENT</sourceObjSchema>
<sourceObjName>Enrollee RIN</sourceObjName>
<createdBy>50472</createdBy>
<createdTime>2014-11-18 19:25:23 UTC</createdTime>
<ownerDesignName>Process_Incidents_data_model_diagram</ownerDesignName>
<nullsAllowed>true</nullsAllowed>
<useDomainConstraints>false</useDomainConstraints>
<use>1</use>
<logicalDatatype>LOGDT024</logicalDatatype>
<dataTypePrecision>30</dataTypePrecision>
<dataTypeScale>0</dataTypeScale>
<dataTypeSize>30</dataTypeSize>
<autoIncrementCycle>false</autoIncrementCycle>
</Column>
<Column name="Reporter Name" id="CCCD79B5-1E03-9639-BB99-C7322931BA19">
<sourceConnName>UK-HWS rk50472</sourceConnName>
<sourceObjSchema>D_PI_CURRENT</sourceObjSchema>
<sourceObjName>Reporter Name</sourceObjName>
<createdBy>50472</createdBy>
<createdTime>2014-11-18 19:25:23 UTC</createdTime>
<ownerDesignName>Process_Incidents_data_model_diagram</ownerDesignName>
<nullsAllowed>true</nullsAllowed>
<useDomainConstraints>false</useDomainConstraints>
<use>1</use>
<logicalDatatype>LOGDT024</logicalDatatype>
<dataTypePrecision>80</dataTypePrecision>
<dataTypeScale>0</dataTypeScale>
<dataTypeSize>80</dataTypeSize>
<autoIncrementCycle>false</autoIncrementCycle>
</Column>
<Column name="Research Incident Flag" id="FCBA7B8A-361F-7A7C-27F5-9F46D4C78805">
<sourceConnName>UK-HWS rk50472</sourceConnName>
<sourceObjSchema>D_PI_CURRENT</sourceObjSchema>
<sourceObjName>Research Incident Flag</sourceObjName>
<createdBy>50472</createdBy>
<createdTime>2014-11-18 19:25:23 UTC</createdTime>
<ownerDesignName>Process_Incidents_data_model_diagram</ownerDesignName>
<nullsAllowed>true</nullsAllowed>
<useDomainConstraints>false</useDomainConstraints>
<use>1</use>
<logicalDatatype>LOGDT024</logicalDatatype>
<dataTypePrecision>1</dataTypePrecision>
<dataTypeScale>0</dataTypeScale>
<dataTypeSize>1</dataTypeSize>
<autoIncrementCycle>false</autoIncrementCycle>
</Column>
<Column name="CANCEL_BY" id="935AC9E9-DA82-7487-5FA3-895DAA12133E">
<sourceConnName>UK-HWS rk50472</sourceConnName>
<sourceObjSchema>D_PI_CURRENT</sourceObjSchema>
<sourceObjName>CANCEL_BY</sourceObjName>
<createdBy>50472</createdBy>
<createdTime>2014-11-18 19:25:23 UTC</createdTime>
<ownerDesignName>Process_Incidents_data_model_diagram</ownerDesignName>
<nullsAllowed>true</nullsAllowed>
<useDomainConstraints>false</useDomainConstraints>
<use>1</use>
<logicalDatatype>LOGDT024</logicalDatatype>
<dataTypePrecision>80</dataTypePrecision>
<dataTypeScale>0</dataTypeScale>
<dataTypeSize>80</dataTypeSize>
<autoIncrementCycle>false</autoIncrementCycle>
</Column>
<Column name="CANCEL_METHOD" id="889FEB21-F714-E97C-08C3-EEAFCAD3EC75">
<sourceConnName>UK-HWS rk50472</sourceConnName>
<sourceObjSchema>D_PI_CURRENT</sourceObjSchema>
<sourceObjName>CANCEL_METHOD</sourceObjName>
<createdBy>50472</createdBy>
<createdTime>2014-11-18 19:25:23 UTC</createdTime>
<ownerDesignName>Process_Incidents_data_model_diagram</ownerDesignName>
<nullsAllowed>true</nullsAllowed>
<useDomainConstraints>false</useDomainConstraints>
<use>1</use>
<logicalDatatype>LOGDT024</logicalDatatype>
<dataTypePrecision>80</dataTypePrecision>
<dataTypeScale>0</dataTypeScale>
<dataTypeSize>80</dataTypeSize>
<autoIncrementCycle>false</autoIncrementCycle>
</Column>
<Column name="CANCEL_REASON" id="A75066D8-7341-84B0-33F1-685286AA3EFB">
<sourceConnName>UK-HWS rk50472</sourceConnName>
<sourceObjSchema>D_PI_CURRENT</sourceObjSchema>
<sourceObjName>CANCEL_REASON</sourceObjName>
<createdBy>50472</createdBy>
<createdTime>2014-11-18 19:25:23 UTC</createdTime>
<ownerDesignName>Process_Incidents_data_model_diagram</ownerDesignName>
<nullsAllowed>true</nullsAllowed>
<useDomainConstraints>false</useDomainConstraints>
<use>1</use>
<logicalDatatype>LOGDT024</logicalDatatype>
<dataTypePrecision>80</dataTypePrecision>
<dataTypeScale>0</dataTypeScale>
<dataTypeSize>80</dataTypeSize>
<autoIncrementCycle>false</autoIncrementCycle>
</Column>
<Column name="COUNTY_CODE" id="E9DAE029-91E3-CFC0-B575-5AD4EA315CF4">
<sourceConnName>UK-HWS rk50472</sourceConnName>
<sourceObjSchema>D_PI_CURRENT</sourceObjSchema>
<sourceObjName>COUNTY_CODE</sourceObjName>
<createdBy>50472</createdBy>
<createdTime>2014-11-18 19:25:23 UTC</createdTime>
<ownerDesignName>Process_Incidents_data_model_diagram</ownerDesignName>
<nullsAllowed>true</nullsAllowed>
<useDomainConstraints>false</useDomainConstraints>
<use>1</use>
<logicalDatatype>LOGDT024</logicalDatatype>
<dataTypePrecision>32</dataTypePrecision>
<dataTypeScale>0</dataTypeScale>
<dataTypeSize>32</dataTypeSize>
<autoIncrementCycle>false</autoIncrementCycle>
</Column>
<Column name="COUNTY_NAME" id="2D2EB5BE-BC99-9D5E-7496-92C7F3186C4F">
<sourceConnName>UK-HWS rk50472</sourceConnName>
<sourceObjSchema>D_PI_CURRENT</sourceObjSchema>
<sourceObjName>COUNTY_NAME</sourceObjName>
<createdBy>50472</createdBy>
<createdTime>2014-11-18 19:25:23 UTC</createdTime>
<ownerDesignName>Process_Incidents_data_model_diagram</ownerDesignName>
<nullsAllowed>true</nullsAllowed>
<useDomainConstraints>false</useDomainConstraints>
<use>1</use>
<logicalDatatype>LOGDT024</logicalDatatype>
<dataTypePrecision>64</dataTypePrecision>
<dataTypeScale>0</dataTypeScale>
<dataTypeSize>64</dataTypeSize>
<autoIncrementCycle>false</autoIncrementCycle>
</Column>
<Column name="ACTION_COMMENTS" id="F7D75CE0-E3B5-2075-5C37-E8F146D7A5EF">
<sourceConnName>UK-HWS rk50472</sourceConnName>
<sourceObjSchema>D_PI_CURRENT</sourceObjSchema>
<sourceObjName>ACTION_COMMENTS</sourceObjName>
<createdBy>50472</createdBy>
<createdTime>2014-11-18 19:25:23 UTC</createdTime>
<ownerDesignName>Process_Incidents_data_model_diagram</ownerDesignName>
<nullsAllowed>true</nullsAllowed>
<useDomainConstraints>false</useDomainConstraints>
<use>1</use>
<logicalDatatype>LOGDT028</logicalDatatype>
<dataTypePrecision>-1</dataTypePrecision>
<dataTypeScale>0</dataTypeScale>
<dataTypeSize>max</dataTypeSize>
<autoIncrementCycle>false</autoIncrementCycle>
</Column>
<Column name="INCIDENT_DESCRIPTION" id="3EE93FA3-C026-2AF6-AE20-0AD49376BD00">
<sourceConnName>UK-HWS rk50472</sourceConnName>
<sourceObjSchema>D_PI_CURRENT</sourceObjSchema>
<sourceObjName>INCIDENT_DESCRIPTION</sourceObjName>
<createdBy>50472</createdBy>
<createdTime>2014-11-18 19:25:23 UTC</createdTime>
<ownerDesignName>Process_Incidents_data_model_diagram</ownerDesignName>
<nullsAllowed>true</nullsAllowed>
<useDomainConstraints>false</useDomainConstraints>
<use>1</use>
<logicalDatatype>LOGDT028</logicalDatatype>
<dataTypePrecision>-1</dataTypePrecision>
<dataTypeScale>0</dataTypeScale>
<dataTypeSize>max</dataTypeSize>
<autoIncrementCycle>false</autoIncrementCycle>
</Column>
<Column name="RESOLUTION_DESCRIPTION" id="C178E11A-F863-B218-56B3-80E7D00A94A5">
<sourceConnName>UK-HWS rk50472</sourceConnName>
<sourceObjSchema>D_PI_CURRENT</sourceObjSchema>
<sourceObjName>RESOLUTION_DESCRIPTION</sourceObjName>
<createdBy>50472</createdBy>
<createdTime>2014-11-18 19:25:23 UTC</createdTime>
<ownerDesignName>Process_Incidents_data_model_diagram</ownerDesignName>
<nullsAllowed>true</nullsAllowed>
<useDomainConstraints>false</useDomainConstraints>
<use>1</use>
<logicalDatatype>LOGDT028</logicalDatatype>
<dataTypePrecision>-1</dataTypePrecision>
<dataTypeScale>0</dataTypeScale>
<dataTypeSize>max</dataTypeSize>
<autoIncrementCycle>false</autoIncrementCycle>
</Column>
</columns>
<indexes itemClass="oracle.dbtools.crest.model.design.relational.Index">
<ind_PK_UK id="2A11731A-46A4-2B22-A071-C87C4244550D" name="DPICUR_PK">
<sourceConnName>UK-HWS rk50472</sourceConnName>
<sourceObjSchema>maxdat</sourceObjSchema>
<sourceObjName>DPICUR_PK</sourceObjName>
<createdBy>50472</createdBy>
<createdTime>2014-11-18 19:25:23 UTC</createdTime>
<ownerDesignName>Process_Incidents_data_model_diagram</ownerDesignName>
<pk>true</pk>
<indexState>Primary Constraint</indexState>
<isSurrogateKey>false</isSurrogateKey>
<indexColumnUsage>
<colUsage columnID="11C400FE-4E16-4BBF-6E33-1734B35DA562"/>
</indexColumnUsage>
</ind_PK_UK>
<ind_PK_UK id="B8B42AE4-E25D-794D-BE63-1F5B46F7F320" name="DPICUR_UIX1">
<sourceConnName>UK-HWS rk50472</sourceConnName>
<sourceObjSchema>maxdat</sourceObjSchema>
<sourceObjName>DPICUR_UIX1</sourceObjName>
<createdBy>50472</createdBy>
<createdTime>2014-11-18 19:25:23 UTC</createdTime>
<ownerDesignName>Process_Incidents_data_model_diagram</ownerDesignName>
<indexState>Unique Plain Index</indexState>
<isSurrogateKey>false</isSurrogateKey>
<indexColumnUsage>
<colUsage columnID="6799FB4F-4119-4CB0-946D-39EF100A113E"/>
</indexColumnUsage>
</ind_PK_UK>
</indexes>
</Table>