<?xml version = '1.0' encoding = 'UTF-8'?>
<Table class="oracle.dbtools.crest.model.design.relational.Table" directorySegmentName="seg_0" id="53104417-DC58-4D0B-CC36-F8F008F1BB68" name="D_PI_INCIDENT_REASON">
<sourceConnName>UK-HWS rk50472</sourceConnName>
<sourceObjSchema>maxdat</sourceObjSchema>
<sourceObjName>D_PI_INCIDENT_REASON</sourceObjName>
<createdBy>50472</createdBy>
<createdTime>2014-11-18 19:25:26 UTC</createdTime>
<ownerDesignName>Process_Incidents_data_model_diagram</ownerDesignName>
<allowColumnReorder>false</allowColumnReorder>
<existDependencyGenerateInDDl>true</existDependencyGenerateInDDl>
<columns itemClass="oracle.dbtools.crest.model.design.relational.Column">
<Column name="DPIIR_ID" id="70AE624D-79E5-5547-6FF7-76595B93F215">
<sourceConnName>UK-HWS rk50472</sourceConnName>
<sourceObjSchema>D_PI_INCIDENT_REASON</sourceObjSchema>
<sourceObjName>DPIIR_ID</sourceObjName>
<createdBy>50472</createdBy>
<createdTime>2014-11-18 19:25:26 UTC</createdTime>
<ownerDesignName>Process_Incidents_data_model_diagram</ownerDesignName>
<useDomainConstraints>false</useDomainConstraints>
<use>1</use>
<logicalDatatype>LOGDT011</logicalDatatype>
<dataTypePrecision>10</dataTypePrecision>
<dataTypeScale>0</dataTypeScale>
<dataTypeSize>4</dataTypeSize>
<autoIncrementCycle>false</autoIncrementCycle>
</Column>
<Column name="Incident Reason" id="65255F51-212A-8CC6-73C4-86AD8F449FEA">
<sourceConnName>UK-HWS rk50472</sourceConnName>
<sourceObjSchema>D_PI_INCIDENT_REASON</sourceObjSchema>
<sourceObjName>Incident Reason</sourceObjName>
<createdBy>50472</createdBy>
<createdTime>2014-11-18 19:25:26 UTC</createdTime>
<ownerDesignName>Process_Incidents_data_model_diagram</ownerDesignName>
<nullsAllowed>true</nullsAllowed>
<useDomainConstraints>false</useDomainConstraints>
<use>1</use>
<logicalDatatype>LOGDT024</logicalDatatype>
<dataTypePrecision>80</dataTypePrecision>
<dataTypeScale>0</dataTypeScale>
<dataTypeSize>80</dataTypeSize>
<autoIncrementCycle>false</autoIncrementCycle>
</Column>
</columns>
<indexes itemClass="oracle.dbtools.crest.model.design.relational.Index">
<ind_PK_UK id="C4B47D3F-7191-C084-CB4E-95C9330E984A" name="DPIIR_PK">
<sourceConnName>UK-HWS rk50472</sourceConnName>
<sourceObjSchema>maxdat</sourceObjSchema>
<sourceObjName>DPIIR_PK</sourceObjName>
<createdBy>50472</createdBy>
<createdTime>2014-11-18 19:25:27 UTC</createdTime>
<ownerDesignName>Process_Incidents_data_model_diagram</ownerDesignName>
<pk>true</pk>
<indexState>Primary Constraint</indexState>
<isSurrogateKey>false</isSurrogateKey>
<indexColumnUsage>
<colUsage columnID="70AE624D-79E5-5547-6FF7-76595B93F215"/>
</indexColumnUsage>
</ind_PK_UK>
<ind_PK_UK id="C56EF99A-B46B-996F-99F0-F564685FB367" name="DPIIR_UIX1">
<sourceConnName>UK-HWS rk50472</sourceConnName>
<sourceObjSchema>maxdat</sourceObjSchema>
<sourceObjName>DPIIR_UIX1</sourceObjName>
<createdBy>50472</createdBy>
<createdTime>2014-11-18 19:25:26 UTC</createdTime>
<ownerDesignName>Process_Incidents_data_model_diagram</ownerDesignName>
<indexState>Unique Plain Index</indexState>
<isSurrogateKey>false</isSurrogateKey>
<indexColumnUsage>
<colUsage columnID="65255F51-212A-8CC6-73C4-86AD8F449FEA"/>
</indexColumnUsage>
</ind_PK_UK>
</indexes>
</Table>