<?xml version = '1.0' encoding = 'UTF-8'?>
<Table class="oracle.dbtools.crest.model.design.relational.Table" directorySegmentName="seg_0" id="58047E31-F890-A197-3E6D-89C31B3DC0B7" name="D_PI_TASK_ID">
<sourceConnName>UK-HWS rk50472</sourceConnName>
<sourceObjSchema>maxdat</sourceObjSchema>
<sourceObjName>D_PI_TASK_ID</sourceObjName>
<createdBy>50472</createdBy>
<createdTime>2014-11-18 19:25:32 UTC</createdTime>
<ownerDesignName>Process_Incidents_data_model_diagram</ownerDesignName>
<allowColumnReorder>false</allowColumnReorder>
<existDependencyGenerateInDDl>true</existDependencyGenerateInDDl>
<columns itemClass="oracle.dbtools.crest.model.design.relational.Column">
<Column name="DPITI_ID" id="1B3F6612-BCD7-469A-4B99-BA8BA894A8EE">
<sourceConnName>UK-HWS rk50472</sourceConnName>
<sourceObjSchema>D_PI_TASK_ID</sourceObjSchema>
<sourceObjName>DPITI_ID</sourceObjName>
<createdBy>50472</createdBy>
<createdTime>2014-11-18 19:25:32 UTC</createdTime>
<ownerDesignName>Process_Incidents_data_model_diagram</ownerDesignName>
<useDomainConstraints>false</useDomainConstraints>
<use>1</use>
<logicalDatatype>LOGDT011</logicalDatatype>
<dataTypePrecision>10</dataTypePrecision>
<dataTypeScale>0</dataTypeScale>
<dataTypeSize>4</dataTypeSize>
<autoIncrementCycle>false</autoIncrementCycle>
</Column>
<Column name="Task ID" id="5BFCAFC1-A228-FC4B-C0B3-8C8447FA63CE">
<sourceConnName>UK-HWS rk50472</sourceConnName>
<sourceObjSchema>D_PI_TASK_ID</sourceObjSchema>
<sourceObjName>Task ID</sourceObjName>
<createdBy>50472</createdBy>
<createdTime>2014-11-18 19:25:32 UTC</createdTime>
<ownerDesignName>Process_Incidents_data_model_diagram</ownerDesignName>
<nullsAllowed>true</nullsAllowed>
<useDomainConstraints>false</useDomainConstraints>
<use>1</use>
<logicalDatatype>LOGDT011</logicalDatatype>
<dataTypePrecision>10</dataTypePrecision>
<dataTypeScale>0</dataTypeScale>
<dataTypeSize>4</dataTypeSize>
<autoIncrementCycle>false</autoIncrementCycle>
</Column>
</columns>
<indexes itemClass="oracle.dbtools.crest.model.design.relational.Index">
<ind_PK_UK id="AEC6835C-C575-C5C2-C3FF-C89CD7644701" name="DPITI_PK">
<sourceConnName>UK-HWS rk50472</sourceConnName>
<sourceObjSchema>maxdat</sourceObjSchema>
<sourceObjName>DPITI_PK</sourceObjName>
<createdBy>50472</createdBy>
<createdTime>2014-11-18 19:25:32 UTC</createdTime>
<ownerDesignName>Process_Incidents_data_model_diagram</ownerDesignName>
<pk>true</pk>
<indexState>Primary Constraint</indexState>
<isSurrogateKey>false</isSurrogateKey>
<indexColumnUsage>
<colUsage columnID="1B3F6612-BCD7-469A-4B99-BA8BA894A8EE"/>
</indexColumnUsage>
</ind_PK_UK>
<ind_PK_UK id="891C3970-628B-4D28-60EF-750C2F91F3F1" name="DPITI_UIX1">
<sourceConnName>UK-HWS rk50472</sourceConnName>
<sourceObjSchema>maxdat</sourceObjSchema>
<sourceObjName>DPITI_UIX1</sourceObjName>
<createdBy>50472</createdBy>
<createdTime>2014-11-18 19:25:32 UTC</createdTime>
<ownerDesignName>Process_Incidents_data_model_diagram</ownerDesignName>
<indexState>Unique Plain Index</indexState>
<isSurrogateKey>false</isSurrogateKey>
<indexColumnUsage>
<colUsage columnID="5BFCAFC1-A228-FC4B-C0B3-8C8447FA63CE"/>
</indexColumnUsage>
</ind_PK_UK>
</indexes>
</Table>