<?xml version = '1.0' encoding = 'UTF-8'?>
<Table class="oracle.dbtools.crest.model.design.relational.Table" directorySegmentName="seg_0" id="8AF1C855-9BB8-D3CA-3A36-063992591C02" name="D_PI_INCIDENT_STATUS">
<sourceConnName>UK-HWS rk50472</sourceConnName>
<sourceObjSchema>maxdat</sourceObjSchema>
<sourceObjName>D_PI_INCIDENT_STATUS</sourceObjName>
<createdBy>50472</createdBy>
<createdTime>2014-11-18 19:25:27 UTC</createdTime>
<ownerDesignName>Process_Incidents_data_model_diagram</ownerDesignName>
<allowColumnReorder>false</allowColumnReorder>
<existDependencyGenerateInDDl>true</existDependencyGenerateInDDl>
<columns itemClass="oracle.dbtools.crest.model.design.relational.Column">
<Column name="DPIISS_ID" id="0B7408BF-97B7-542E-BDD5-73F1F2E67048">
<sourceConnName>UK-HWS rk50472</sourceConnName>
<sourceObjSchema>D_PI_INCIDENT_STATUS</sourceObjSchema>
<sourceObjName>DPIISS_ID</sourceObjName>
<createdBy>50472</createdBy>
<createdTime>2014-11-18 19:25:27 UTC</createdTime>
<ownerDesignName>Process_Incidents_data_model_diagram</ownerDesignName>
<useDomainConstraints>false</useDomainConstraints>
<use>1</use>
<logicalDatatype>LOGDT011</logicalDatatype>
<dataTypePrecision>10</dataTypePrecision>
<dataTypeScale>0</dataTypeScale>
<dataTypeSize>4</dataTypeSize>
<autoIncrementCycle>false</autoIncrementCycle>
</Column>
<Column name="Incident Status" id="D6375051-2418-B3E0-79A8-B9D0BFF93228">
<sourceConnName>UK-HWS rk50472</sourceConnName>
<sourceObjSchema>D_PI_INCIDENT_STATUS</sourceObjSchema>
<sourceObjName>Incident Status</sourceObjName>
<createdBy>50472</createdBy>
<createdTime>2014-11-18 19:25:27 UTC</createdTime>
<ownerDesignName>Process_Incidents_data_model_diagram</ownerDesignName>
<nullsAllowed>true</nullsAllowed>
<useDomainConstraints>false</useDomainConstraints>
<use>1</use>
<logicalDatatype>LOGDT024</logicalDatatype>
<dataTypePrecision>80</dataTypePrecision>
<dataTypeScale>0</dataTypeScale>
<dataTypeSize>80</dataTypeSize>
<autoIncrementCycle>false</autoIncrementCycle>
</Column>
</columns>
<indexes itemClass="oracle.dbtools.crest.model.design.relational.Index">
<ind_PK_UK id="20CA1A3D-002C-03FA-0AB9-19EF4F025D77" name="DPIISS_PK">
<sourceConnName>UK-HWS rk50472</sourceConnName>
<sourceObjSchema>maxdat</sourceObjSchema>
<sourceObjName>DPIISS_PK</sourceObjName>
<createdBy>50472</createdBy>
<createdTime>2014-11-18 19:25:28 UTC</createdTime>
<ownerDesignName>Process_Incidents_data_model_diagram</ownerDesignName>
<pk>true</pk>
<indexState>Primary Constraint</indexState>
<isSurrogateKey>false</isSurrogateKey>
<indexColumnUsage>
<colUsage columnID="0B7408BF-97B7-542E-BDD5-73F1F2E67048"/>
</indexColumnUsage>
</ind_PK_UK>
<ind_PK_UK id="C7137DBB-8F7B-7AA3-C35E-FAFB78AA371C" name="DPIISS_UIX1">
<sourceConnName>UK-HWS rk50472</sourceConnName>
<sourceObjSchema>maxdat</sourceObjSchema>
<sourceObjName>DPIISS_UIX1</sourceObjName>
<createdBy>50472</createdBy>
<createdTime>2014-11-18 19:25:27 UTC</createdTime>
<ownerDesignName>Process_Incidents_data_model_diagram</ownerDesignName>
<indexState>Unique Plain Index</indexState>
<isSurrogateKey>false</isSurrogateKey>
<indexColumnUsage>
<colUsage columnID="D6375051-2418-B3E0-79A8-B9D0BFF93228"/>
</indexColumnUsage>
</ind_PK_UK>
</indexes>
</Table>