<?xml version = '1.0' encoding = 'UTF-8'?>
<Table class="oracle.dbtools.crest.model.design.relational.Table" directorySegmentName="seg_0" id="8F187C71-4178-A932-E88B-E9DC44F9115E" name="D_PI_JEOPARDY_STATUS">
<sourceConnName>UK-HWS rk50472</sourceConnName>
<sourceObjSchema>maxdat</sourceObjSchema>
<sourceObjName>D_PI_JEOPARDY_STATUS</sourceObjName>
<createdBy>50472</createdBy>
<createdTime>2014-11-18 19:25:29 UTC</createdTime>
<ownerDesignName>Process_Incidents_data_model_diagram</ownerDesignName>
<allowColumnReorder>false</allowColumnReorder>
<existDependencyGenerateInDDl>true</existDependencyGenerateInDDl>
<columns itemClass="oracle.dbtools.crest.model.design.relational.Column">
<Column name="DPIJS_ID" id="3E1C04FE-3F5A-29A2-DC9B-6FA646FE84D2">
<sourceConnName>UK-HWS rk50472</sourceConnName>
<sourceObjSchema>D_PI_JEOPARDY_STATUS</sourceObjSchema>
<sourceObjName>DPIJS_ID</sourceObjName>
<createdBy>50472</createdBy>
<createdTime>2014-11-18 19:25:30 UTC</createdTime>
<ownerDesignName>Process_Incidents_data_model_diagram</ownerDesignName>
<useDomainConstraints>false</useDomainConstraints>
<use>1</use>
<logicalDatatype>LOGDT011</logicalDatatype>
<dataTypePrecision>10</dataTypePrecision>
<dataTypeScale>0</dataTypeScale>
<dataTypeSize>4</dataTypeSize>
<autoIncrementCycle>false</autoIncrementCycle>
</Column>
<Column name="Jeopardy Status" id="19B72760-FAE0-33D3-F109-2EF0294456F3">
<sourceConnName>UK-HWS rk50472</sourceConnName>
<sourceObjSchema>D_PI_JEOPARDY_STATUS</sourceObjSchema>
<sourceObjName>Jeopardy Status</sourceObjName>
<createdBy>50472</createdBy>
<createdTime>2014-11-18 19:25:30 UTC</createdTime>
<ownerDesignName>Process_Incidents_data_model_diagram</ownerDesignName>
<nullsAllowed>true</nullsAllowed>
<useDomainConstraints>false</useDomainConstraints>
<use>1</use>
<logicalDatatype>LOGDT024</logicalDatatype>
<dataTypePrecision>2</dataTypePrecision>
<dataTypeScale>0</dataTypeScale>
<dataTypeSize>2</dataTypeSize>
<autoIncrementCycle>false</autoIncrementCycle>
</Column>
</columns>
<indexes itemClass="oracle.dbtools.crest.model.design.relational.Index">
<ind_PK_UK id="2A9D010C-F165-B0EA-8346-C4CE8DCC8327" name="DPIJS_PK">
<sourceConnName>UK-HWS rk50472</sourceConnName>
<sourceObjSchema>maxdat</sourceObjSchema>
<sourceObjName>DPIJS_PK</sourceObjName>
<createdBy>50472</createdBy>
<createdTime>2014-11-18 19:25:30 UTC</createdTime>
<ownerDesignName>Process_Incidents_data_model_diagram</ownerDesignName>
<pk>true</pk>
<indexState>Primary Constraint</indexState>
<isSurrogateKey>false</isSurrogateKey>
<indexColumnUsage>
<colUsage columnID="3E1C04FE-3F5A-29A2-DC9B-6FA646FE84D2"/>
</indexColumnUsage>
</ind_PK_UK>
<ind_PK_UK id="7C8343E5-46C5-2894-C35E-F2014591160A" name="DPIJS_UIX1">
<sourceConnName>UK-HWS rk50472</sourceConnName>
<sourceObjSchema>maxdat</sourceObjSchema>
<sourceObjName>DPIJS_UIX1</sourceObjName>
<createdBy>50472</createdBy>
<createdTime>2014-11-18 19:25:30 UTC</createdTime>
<ownerDesignName>Process_Incidents_data_model_diagram</ownerDesignName>
<indexState>Unique Plain Index</indexState>
<isSurrogateKey>false</isSurrogateKey>
<indexColumnUsage>
<colUsage columnID="19B72760-FAE0-33D3-F109-2EF0294456F3"/>
</indexColumnUsage>
</ind_PK_UK>
</indexes>
</Table>