<?xml version = '1.0' encoding = 'UTF-8'?>
<Table class="oracle.dbtools.crest.model.design.relational.Table" directorySegmentName="seg_0" id="AA582F98-EF4B-4DE1-4B88-93C1B21FCF7D" name="D_PI_LAST_UPDATE_BY">
<sourceConnName>UK-HWS rk50472</sourceConnName>
<sourceObjSchema>maxdat</sourceObjSchema>
<sourceObjName>D_PI_LAST_UPDATE_BY</sourceObjName>
<createdBy>50472</createdBy>
<createdTime>2014-11-18 19:25:31 UTC</createdTime>
<ownerDesignName>Process_Incidents_data_model_diagram</ownerDesignName>
<allowColumnReorder>false</allowColumnReorder>
<existDependencyGenerateInDDl>true</existDependencyGenerateInDDl>
<columns itemClass="oracle.dbtools.crest.model.design.relational.Column">
<Column name="DPIUB_ID" id="2F3B6E0D-240F-2F89-41E1-0B893A6ED249">
<sourceConnName>UK-HWS rk50472</sourceConnName>
<sourceObjSchema>D_PI_LAST_UPDATE_BY</sourceObjSchema>
<sourceObjName>DPIUB_ID</sourceObjName>
<createdBy>50472</createdBy>
<createdTime>2014-11-18 19:25:31 UTC</createdTime>
<ownerDesignName>Process_Incidents_data_model_diagram</ownerDesignName>
<useDomainConstraints>false</useDomainConstraints>
<use>1</use>
<logicalDatatype>LOGDT011</logicalDatatype>
<dataTypePrecision>10</dataTypePrecision>
<dataTypeScale>0</dataTypeScale>
<dataTypeSize>4</dataTypeSize>
<autoIncrementCycle>false</autoIncrementCycle>
</Column>
<Column name="Last Update By Name" id="F5B28BE2-0D1A-C4DF-07C9-99AF5D564A7A">
<sourceConnName>UK-HWS rk50472</sourceConnName>
<sourceObjSchema>D_PI_LAST_UPDATE_BY</sourceObjSchema>
<sourceObjName>Last Update By Name</sourceObjName>
<createdBy>50472</createdBy>
<createdTime>2014-11-18 19:25:31 UTC</createdTime>
<ownerDesignName>Process_Incidents_data_model_diagram</ownerDesignName>
<nullsAllowed>true</nullsAllowed>
<useDomainConstraints>false</useDomainConstraints>
<use>1</use>
<logicalDatatype>LOGDT024</logicalDatatype>
<dataTypePrecision>100</dataTypePrecision>
<dataTypeScale>0</dataTypeScale>
<dataTypeSize>100</dataTypeSize>
<autoIncrementCycle>false</autoIncrementCycle>
</Column>
</columns>
<indexes itemClass="oracle.dbtools.crest.model.design.relational.Index">
<ind_PK_UK id="5B624C5D-EE2F-5949-7C97-0334EEC2EC95" name="DPILUB_PK">
<sourceConnName>UK-HWS rk50472</sourceConnName>
<sourceObjSchema>maxdat</sourceObjSchema>
<sourceObjName>DPILUB_PK</sourceObjName>
<createdBy>50472</createdBy>
<createdTime>2014-11-18 19:25:31 UTC</createdTime>
<ownerDesignName>Process_Incidents_data_model_diagram</ownerDesignName>
<pk>true</pk>
<indexState>Primary Constraint</indexState>
<isSurrogateKey>false</isSurrogateKey>
<indexColumnUsage>
<colUsage columnID="2F3B6E0D-240F-2F89-41E1-0B893A6ED249"/>
</indexColumnUsage>
</ind_PK_UK>
<ind_PK_UK id="2C1F0ABA-CCD7-7C91-E0E4-E7A353E4E25A" name="DPIUB_UIX1">
<sourceConnName>UK-HWS rk50472</sourceConnName>
<sourceObjSchema>maxdat</sourceObjSchema>
<sourceObjName>DPIUB_UIX1</sourceObjName>
<createdBy>50472</createdBy>
<createdTime>2014-11-18 19:25:31 UTC</createdTime>
<ownerDesignName>Process_Incidents_data_model_diagram</ownerDesignName>
<indexState>Unique Plain Index</indexState>
<isSurrogateKey>false</isSurrogateKey>
<indexColumnUsage>
<colUsage columnID="F5B28BE2-0D1A-C4DF-07C9-99AF5D564A7A"/>
</indexColumnUsage>
</ind_PK_UK>
</indexes>
</Table>