<?xml version = '1.0' encoding = 'UTF-8'?>
<Table class="oracle.dbtools.crest.model.design.relational.Table" directorySegmentName="seg_0" id="AA658B1D-21C8-A1AB-BD51-D67B72DE7FB6" name="D_PI_HISTORY">
<sourceConnName>UK_HWS maxdat</sourceConnName>
<sourceObjSchema>maxdat</sourceObjSchema>
<sourceObjName>D_PI_HISTORY</sourceObjName>
<createdBy>50472</createdBy>
<createdTime>2014-11-21 22:22:08 UTC</createdTime>
<ownerDesignName>Process_Incidents_data_model_diagram</ownerDesignName>
<importedID>2767F4E4-E057-8673-E5B0-B9CC0F88D030</importedID>
<allowColumnReorder>false</allowColumnReorder>
<existDependencyGenerateInDDl>true</existDependencyGenerateInDDl>
<columns itemClass="oracle.dbtools.crest.model.design.relational.Column">
<Column name="DPIH_ID" id="F20E56D8-7815-5CFC-F2A8-B480E4E2B1B0">
<sourceConnName>UK_HWS maxdat</sourceConnName>
<sourceObjSchema>D_PI_HISTORY</sourceObjSchema>
<sourceObjName>DPIH_ID</sourceObjName>
<createdBy>50472</createdBy>
<createdTime>2014-11-21 22:22:08 UTC</createdTime>
<ownerDesignName>Process_Incidents_data_model_diagram</ownerDesignName>
<importedID>829280FF-6E01-5E2F-8B80-EE868D8F13C7</importedID>
<useDomainConstraints>false</useDomainConstraints>
<use>1</use>
<logicalDatatype>LOGDT011</logicalDatatype>
<autoIncrementCycle>false</autoIncrementCycle>
</Column>
<Column name="BUCKET_START_DATE" id="79E75166-9EC0-184B-7C43-42C7DE72DB0A">
<sourceConnName>UK_HWS maxdat</sourceConnName>
<sourceObjSchema>D_PI_HISTORY</sourceObjSchema>
<sourceObjName>BUCKET_START_DATE</sourceObjName>
<createdBy>50472</createdBy>
<createdTime>2014-11-21 22:22:08 UTC</createdTime>
<ownerDesignName>Process_Incidents_data_model_diagram</ownerDesignName>
<importedID>1A82883A-155D-A5B3-73C4-D79C1B1B3E70</importedID>
<useDomainConstraints>false</useDomainConstraints>
<use>1</use>
<logicalDatatype>LOGDT007</logicalDatatype>
<autoIncrementCycle>false</autoIncrementCycle>
</Column>
<Column name="BUCKET_END_DATE" id="43EB40CB-732E-93DD-BC80-9421BD4C80F8">
<sourceConnName>UK_HWS maxdat</sourceConnName>
<sourceObjSchema>D_PI_HISTORY</sourceObjSchema>
<sourceObjName>BUCKET_END_DATE</sourceObjName>
<createdBy>50472</createdBy>
<createdTime>2014-11-21 22:22:08 UTC</createdTime>
<ownerDesignName>Process_Incidents_data_model_diagram</ownerDesignName>
<importedID>31785B5B-270C-2445-6907-AE06FC4E3780</importedID>
<useDomainConstraints>false</useDomainConstraints>
<use>1</use>
<logicalDatatype>LOGDT007</logicalDatatype>
<autoIncrementCycle>false</autoIncrementCycle>
</Column>
<Column name="PI_BI_ID" id="7DD7F043-812C-E9C1-AA96-6C1B89246040">
<sourceConnName>UK_HWS maxdat</sourceConnName>
<sourceObjSchema>D_PI_HISTORY</sourceObjSchema>
<sourceObjName>PI_BI_ID</sourceObjName>
<createdBy>50472</createdBy>
<createdTime>2014-11-21 22:22:08 UTC</createdTime>
<ownerDesignName>Process_Incidents_data_model_diagram</ownerDesignName>
<importedID>C0093C84-DF22-C4BD-04B4-C5A86484A87A</importedID>
<useDomainConstraints>false</useDomainConstraints>
<use>1</use>
<logicalDatatype>LOGDT011</logicalDatatype>
<delegate>11C400FE-4E16-4BBF-6E33-1734B35DA562</delegate>
<autoIncrementCycle>false</autoIncrementCycle>
<associations>
<colAssociation fkAssociation="0A7903A5-CFFE-6E63-954E-2DC53E61C92C" referredColumn="11C400FE-4E16-4BBF-6E33-1734B35DA562"/>
</associations>
</Column>
<Column name="DPIIS_ID" id="9F3CED67-5B4D-E4AC-642C-774DC85DC7E2">
<sourceConnName>UK_HWS maxdat</sourceConnName>
<sourceObjSchema>D_PI_HISTORY</sourceObjSchema>
<sourceObjName>DPIIS_ID</sourceObjName>
<createdBy>50472</createdBy>
<createdTime>2014-11-21 22:22:08 UTC</createdTime>
<ownerDesignName>Process_Incidents_data_model_diagram</ownerDesignName>
<importedID>73714BA7-4157-ADD2-EF80-8BEB31F166FA</importedID>
<useDomainConstraints>false</useDomainConstraints>
<use>1</use>
<logicalDatatype>LOGDT011</logicalDatatype>
<dataTypePrecision>10</dataTypePrecision>
<dataTypeScale>0</dataTypeScale>
<dataTypeSize>4</dataTypeSize>
<delegate>4C9BDFFA-C0E6-CBD8-C446-CFA9E03866E0</delegate>
<autoIncrementCycle>false</autoIncrementCycle>
<associations>
<colAssociation fkAssociation="E7C2235D-471F-914F-1191-69430C7275FF" referredColumn="4C9BDFFA-C0E6-CBD8-C446-CFA9E03866E0"/>
</associations>
</Column>
<Column name="DPIIA_ID" id="BF840CE8-BE80-BE7F-F833-2CCCACDEB205">
<sourceConnName>UK_HWS maxdat</sourceConnName>
<sourceObjSchema>D_PI_HISTORY</sourceObjSchema>
<sourceObjName>DPIIA_ID</sourceObjName>
<createdBy>50472</createdBy>
<createdTime>2014-11-21 22:22:08 UTC</createdTime>
<ownerDesignName>Process_Incidents_data_model_diagram</ownerDesignName>
<importedID>E7B0A0D3-4C4D-414D-B79F-71E22134DF3A</importedID>
<useDomainConstraints>false</useDomainConstraints>
<use>1</use>
<logicalDatatype>LOGDT011</logicalDatatype>
<delegate>282FE4DB-BDAD-CEBD-DAD9-CC350BCEFA18</delegate>
<autoIncrementCycle>false</autoIncrementCycle>
<associations>
<colAssociation fkAssociation="70EA11DE-748B-953E-B063-3B2CCC5965CD" referredColumn="282FE4DB-BDAD-CEBD-DAD9-CC350BCEFA18"/>
</associations>
</Column>
<Column name="DPIIR_ID" id="10A78284-A7DE-BCDF-9B7A-34B507CEBC1C">
<sourceConnName>UK_HWS maxdat</sourceConnName>
<sourceObjSchema>D_PI_HISTORY</sourceObjSchema>
<sourceObjName>DPIIR_ID</sourceObjName>
<createdBy>50472</createdBy>
<createdTime>2014-11-21 22:22:08 UTC</createdTime>
<ownerDesignName>Process_Incidents_data_model_diagram</ownerDesignName>
<importedID>43ED5374-7003-5390-7ECA-1CBDB6C92BE8</importedID>
<useDomainConstraints>false</useDomainConstraints>
<use>1</use>
<logicalDatatype>LOGDT011</logicalDatatype>
<dataTypePrecision>10</dataTypePrecision>
<dataTypeScale>0</dataTypeScale>
<dataTypeSize>4</dataTypeSize>
<delegate>70AE624D-79E5-5547-6FF7-76595B93F215</delegate>
<autoIncrementCycle>false</autoIncrementCycle>
<associations>
<colAssociation fkAssociation="D8C6C417-6CF3-2122-1002-4550E69B685F" referredColumn="70AE624D-79E5-5547-6FF7-76595B93F215"/>
</associations>
</Column>
<Column name="DPIISS_ID" id="398DC4C8-BD65-9A54-5A27-F7514C214C4B">
<sourceConnName>UK_HWS maxdat</sourceConnName>
<sourceObjSchema>D_PI_HISTORY</sourceObjSchema>
<sourceObjName>DPIISS_ID</sourceObjName>
<createdBy>50472</createdBy>
<createdTime>2014-11-21 22:22:08 UTC</createdTime>
<ownerDesignName>Process_Incidents_data_model_diagram</ownerDesignName>
<importedID>CD28B917-186A-1EC9-88BC-726B910D7F40</importedID>
<useDomainConstraints>false</useDomainConstraints>
<use>1</use>
<logicalDatatype>LOGDT011</logicalDatatype>
<dataTypePrecision>10</dataTypePrecision>
<dataTypeScale>0</dataTypeScale>
<dataTypeSize>4</dataTypeSize>
<delegate>0B7408BF-97B7-542E-BDD5-73F1F2E67048</delegate>
<autoIncrementCycle>false</autoIncrementCycle>
<associations>
<colAssociation fkAssociation="A0F15D4C-5685-FA3A-88A5-4D474EE6FA21" referredColumn="0B7408BF-97B7-542E-BDD5-73F1F2E67048"/>
</associations>
</Column>
<Column name="DPIJS_ID" id="F3A2C325-7D38-F52A-6595-1008EB2971E2">
<sourceConnName>UK_HWS maxdat</sourceConnName>
<sourceObjSchema>D_PI_HISTORY</sourceObjSchema>
<sourceObjName>DPIJS_ID</sourceObjName>
<createdBy>50472</createdBy>
<createdTime>2014-11-21 22:22:08 UTC</createdTime>
<ownerDesignName>Process_Incidents_data_model_diagram</ownerDesignName>
<importedID>FF5FB55D-3D35-B74E-B66E-67E47B4560AD</importedID>
<useDomainConstraints>false</useDomainConstraints>
<use>1</use>
<logicalDatatype>LOGDT011</logicalDatatype>
<dataTypePrecision>10</dataTypePrecision>
<dataTypeScale>0</dataTypeScale>
<dataTypeSize>4</dataTypeSize>
<delegate>3E1C04FE-3F5A-29A2-DC9B-6FA646FE84D2</delegate>
<autoIncrementCycle>false</autoIncrementCycle>
<associations>
<colAssociation fkAssociation="0EA28C85-35F9-702F-0EDE-A4EFC676AA46" referredColumn="3E1C04FE-3F5A-29A2-DC9B-6FA646FE84D2"/>
</associations>
</Column>
<Column name="DPIES_ID" id="B28FB1FC-410C-859C-8A2D-479035F74A26">
<sourceConnName>UK_HWS maxdat</sourceConnName>
<sourceObjSchema>D_PI_HISTORY</sourceObjSchema>
<sourceObjName>DPIES_ID</sourceObjName>
<createdBy>50472</createdBy>
<createdTime>2014-11-21 22:22:08 UTC</createdTime>
<ownerDesignName>Process_Incidents_data_model_diagram</ownerDesignName>
<importedID>8743449B-D5E1-E5FE-2542-8BA384B71EEB</importedID>
<useDomainConstraints>false</useDomainConstraints>
<use>1</use>
<logicalDatatype>LOGDT011</logicalDatatype>
<dataTypePrecision>10</dataTypePrecision>
<dataTypeScale>0</dataTypeScale>
<dataTypeSize>4</dataTypeSize>
<delegate>6FC9A449-9FAB-6419-8764-920EB07719A6</delegate>
<autoIncrementCycle>false</autoIncrementCycle>
<associations>
<colAssociation fkAssociation="92B9C5A1-A86D-1811-64CC-66B340C91546" referredColumn="6FC9A449-9FAB-6419-8764-920EB07719A6"/>
</associations>
</Column>
<Column name="DPIUB_ID" id="4B87F0CF-6EAF-B933-7A56-1C620F079E13">
<sourceConnName>UK_HWS maxdat</sourceConnName>
<sourceObjSchema>D_PI_HISTORY</sourceObjSchema>
<sourceObjName>DPIUB_ID</sourceObjName>
<createdBy>50472</createdBy>
<createdTime>2014-11-21 22:22:08 UTC</createdTime>
<ownerDesignName>Process_Incidents_data_model_diagram</ownerDesignName>
<importedID>244F364F-D5B9-D278-CDF0-04D87ED7775F</importedID>
<useDomainConstraints>false</useDomainConstraints>
<use>1</use>
<logicalDatatype>LOGDT011</logicalDatatype>
<dataTypePrecision>10</dataTypePrecision>
<dataTypeScale>0</dataTypeScale>
<dataTypeSize>4</dataTypeSize>
<delegate>2F3B6E0D-240F-2F89-41E1-0B893A6ED249</delegate>
<autoIncrementCycle>false</autoIncrementCycle>
<associations>
<colAssociation fkAssociation="7A1D47A4-FEDA-C639-5F56-DBBF670B510E" referredColumn="2F3B6E0D-240F-2F89-41E1-0B893A6ED249"/>
</associations>
</Column>
<Column name="DPITI_ID" id="9C20BB61-C061-90D2-7B21-C1879A235E96">
<sourceConnName>UK_HWS maxdat</sourceConnName>
<sourceObjSchema>D_PI_HISTORY</sourceObjSchema>
<sourceObjName>DPITI_ID</sourceObjName>
<createdBy>50472</createdBy>
<createdTime>2014-11-21 22:22:08 UTC</createdTime>
<ownerDesignName>Process_Incidents_data_model_diagram</ownerDesignName>
<importedID>23C63AC5-D1E1-826D-453D-EFBD33EFE70B</importedID>
<useDomainConstraints>false</useDomainConstraints>
<use>1</use>
<logicalDatatype>LOGDT011</logicalDatatype>
<dataTypePrecision>10</dataTypePrecision>
<dataTypeScale>0</dataTypeScale>
<dataTypeSize>4</dataTypeSize>
<delegate>1B3F6612-BCD7-469A-4B99-BA8BA894A8EE</delegate>
<autoIncrementCycle>false</autoIncrementCycle>
<associations>
<colAssociation fkAssociation="071AF00F-2403-C165-66C7-C71457393BAA" referredColumn="1B3F6612-BCD7-469A-4B99-BA8BA894A8EE"/>
</associations>
</Column>
<Column name="Incident Status Date" id="DCF736CC-0426-5F3D-903A-3B4936964CCF">
<sourceConnName>UK_HWS maxdat</sourceConnName>
<sourceObjSchema>D_PI_HISTORY</sourceObjSchema>
<sourceObjName>Incident Status Date</sourceObjName>
<createdBy>50472</createdBy>
<createdTime>2014-11-21 22:22:08 UTC</createdTime>
<ownerDesignName>Process_Incidents_data_model_diagram</ownerDesignName>
<importedID>8D68E4F8-DF5F-B2C1-6099-464532C6262F</importedID>
<nullsAllowed>true</nullsAllowed>
<useDomainConstraints>false</useDomainConstraints>
<use>1</use>
<logicalDatatype>LOGDT008</logicalDatatype>
<dataTypePrecision>23</dataTypePrecision>
<dataTypeScale>3</dataTypeScale>
<dataTypeSize>8</dataTypeSize>
<autoIncrementCycle>false</autoIncrementCycle>
</Column>
<Column name="Last Update Date" id="F92CEEA8-6985-05A6-2036-63FCFBFB12C0">
<sourceConnName>UK_HWS maxdat</sourceConnName>
<sourceObjSchema>D_PI_HISTORY</sourceObjSchema>
<sourceObjName>Last Update Date</sourceObjName>
<createdBy>50472</createdBy>
<createdTime>2014-11-21 22:22:08 UTC</createdTime>
<ownerDesignName>Process_Incidents_data_model_diagram</ownerDesignName>
<importedID>EAC63374-D54D-1B1F-F702-3439B2E0F9A8</importedID>
<nullsAllowed>true</nullsAllowed>
<useDomainConstraints>false</useDomainConstraints>
<use>1</use>
<logicalDatatype>LOGDT008</logicalDatatype>
<dataTypePrecision>23</dataTypePrecision>
<dataTypeScale>3</dataTypeScale>
<dataTypeSize>8</dataTypeSize>
<autoIncrementCycle>false</autoIncrementCycle>
</Column>
</columns>
<indexes itemClass="oracle.dbtools.crest.model.design.relational.Index">
<ind_PK_UK id="846D93C0-3A86-4DF6-8EC2-890B122F1357" name="DPIH_PK">
<sourceConnName>UK_HWS maxdat</sourceConnName>
<sourceObjSchema>maxdat</sourceObjSchema>
<sourceObjName>DPIH_PK</sourceObjName>
<createdBy>50472</createdBy>
<createdTime>2014-11-21 22:22:08 UTC</createdTime>
<ownerDesignName>Process_Incidents_data_model_diagram</ownerDesignName>
<importedID>3FE0246D-A915-3B56-AEF0-E458FF15C0AC</importedID>
<pk>true</pk>
<indexState>Primary Constraint</indexState>
<isSurrogateKey>false</isSurrogateKey>
<indexColumnUsage>
<colUsage columnID="F20E56D8-7815-5CFC-F2A8-B480E4E2B1B0"/>
</indexColumnUsage>
</ind_PK_UK>
<ind_PK_UK id="EC345911-13CD-0E39-0D03-41362A79C433" name="DPIH_IX1">
<sourceConnName>UK_HWS maxdat</sourceConnName>
<sourceObjSchema>maxdat</sourceObjSchema>
<sourceObjName>DPIH_IX1</sourceObjName>
<createdBy>50472</createdBy>
<createdTime>2014-11-21 22:22:08 UTC</createdTime>
<ownerDesignName>Process_Incidents_data_model_diagram</ownerDesignName>
<importedID>D75E6C1E-BF42-56FC-4E58-518FF08E1D22</importedID>
<isSurrogateKey>false</isSurrogateKey>
<indexColumnUsage>
<colUsage columnID="DCF736CC-0426-5F3D-903A-3B4936964CCF"/>
</indexColumnUsage>
</ind_PK_UK>
<ind_PK_UK id="DB998D27-F472-2160-59D0-5083F114751E" name="DPIH_IX2">
<sourceConnName>UK_HWS maxdat</sourceConnName>
<sourceObjSchema>maxdat</sourceObjSchema>
<sourceObjName>DPIH_IX2</sourceObjName>
<createdBy>50472</createdBy>
<createdTime>2014-11-21 22:22:08 UTC</createdTime>
<ownerDesignName>Process_Incidents_data_model_diagram</ownerDesignName>
<importedID>085C87AE-B95C-B875-4D4B-2952166D9FC3</importedID>
<isSurrogateKey>false</isSurrogateKey>
<indexColumnUsage>
<colUsage columnID="F92CEEA8-6985-05A6-2036-63FCFBFB12C0"/>
</indexColumnUsage>
</ind_PK_UK>
<ind_PK_UK id="E1F640E7-B8BC-4DDE-9B78-6B2A299830E8" name="DPIH_IX3">
<sourceConnName>UK_HWS maxdat</sourceConnName>
<sourceObjSchema>maxdat</sourceObjSchema>
<sourceObjName>DPIH_IXL3</sourceObjName>
<createdBy>50472</createdBy>
<createdTime>2014-11-21 22:22:08 UTC</createdTime>
<ownerDesignName>Process_Incidents_data_model_diagram</ownerDesignName>
<importedID>79D968BF-0EEF-857A-CABB-3816992E5DE7</importedID>
<isSurrogateKey>false</isSurrogateKey>
<indexColumnUsage>
<colUsage columnID="79E75166-9EC0-184B-7C43-42C7DE72DB0A"/>
<colUsage columnID="43EB40CB-732E-93DD-BC80-9421BD4C80F8"/>
</indexColumnUsage>
</ind_PK_UK>
<ind_PK_UK id="B98F46DD-3792-B222-8304-195FD2CF7672" name="DPIH_UIX2">
<sourceConnName>UK_HWS maxdat</sourceConnName>
<sourceObjSchema>maxdat</sourceObjSchema>
<sourceObjName>DPIH_UIX2</sourceObjName>
<createdBy>50472</createdBy>
<createdTime>2014-11-21 22:22:08 UTC</createdTime>
<ownerDesignName>Process_Incidents_data_model_diagram</ownerDesignName>
<importedID>3517AC8E-628B-943B-40A6-B355B8EBE24A</importedID>
<indexState>Unique Plain Index</indexState>
<isSurrogateKey>false</isSurrogateKey>
<indexColumnUsage>
<colUsage columnID="7DD7F043-812C-E9C1-AA96-6C1B89246040"/>
<colUsage columnID="79E75166-9EC0-184B-7C43-42C7DE72DB0A"/>
</indexColumnUsage>
</ind_PK_UK>
<ind_PK_UK id="284138E4-EAC2-6476-A951-207451E93C12" name="DPIH_DPICUR_FK">
<createdBy>50472</createdBy>
<createdTime>2014-11-21 22:22:08 UTC</createdTime>
<ownerDesignName>Process_Incidents_data_model_diagram</ownerDesignName>
<indexState>Foreign Key</indexState>
<isSurrogateKey>false</isSurrogateKey>
<indexColumnUsage>
<colUsage columnID="7DD7F043-812C-E9C1-AA96-6C1B89246040"/>
</indexColumnUsage>
</ind_PK_UK>
<ind_PK_UK id="A43F8B69-84E9-7715-7376-30A9442505CE" name="DPIH_DPIIS_FK">
<createdBy>50472</createdBy>
<createdTime>2014-11-21 22:22:08 UTC</createdTime>
<ownerDesignName>Process_Incidents_data_model_diagram</ownerDesignName>
<indexState>Foreign Key</indexState>
<isSurrogateKey>false</isSurrogateKey>
<indexColumnUsage>
<colUsage columnID="9F3CED67-5B4D-E4AC-642C-774DC85DC7E2"/>
</indexColumnUsage>
</ind_PK_UK>
<ind_PK_UK id="8C36866D-CC88-9AC2-BBF8-9F97EF1C988E" name="DPIH_DPIIA_FK">
<createdBy>50472</createdBy>
<createdTime>2014-11-21 22:22:08 UTC</createdTime>
<ownerDesignName>Process_Incidents_data_model_diagram</ownerDesignName>
<indexState>Foreign Key</indexState>
<isSurrogateKey>false</isSurrogateKey>
<indexColumnUsage>
<colUsage columnID="BF840CE8-BE80-BE7F-F833-2CCCACDEB205"/>
</indexColumnUsage>
</ind_PK_UK>
<ind_PK_UK id="5F5079D2-0681-E9E2-6910-B2B17A07BCAC" name="DPIH_DPIIR_FK">
<createdBy>50472</createdBy>
<createdTime>2014-11-21 22:22:08 UTC</createdTime>
<ownerDesignName>Process_Incidents_data_model_diagram</ownerDesignName>
<indexState>Foreign Key</indexState>
<isSurrogateKey>false</isSurrogateKey>
<indexColumnUsage>
<colUsage columnID="10A78284-A7DE-BCDF-9B7A-34B507CEBC1C"/>
</indexColumnUsage>
</ind_PK_UK>
<ind_PK_UK id="8469F3D6-3931-06CE-292D-807AD5E8D275" name="DPIH_DPIISS_FK">
<createdBy>50472</createdBy>
<createdTime>2014-11-21 22:22:08 UTC</createdTime>
<ownerDesignName>Process_Incidents_data_model_diagram</ownerDesignName>
<indexState>Foreign Key</indexState>
<isSurrogateKey>false</isSurrogateKey>
<indexColumnUsage>
<colUsage columnID="398DC4C8-BD65-9A54-5A27-F7514C214C4B"/>
</indexColumnUsage>
</ind_PK_UK>
<ind_PK_UK id="C1C5DC95-7BA8-0371-3810-5BE9130A766D" name="DPIH_DPIJS_FK">
<createdBy>50472</createdBy>
<createdTime>2014-11-21 22:22:08 UTC</createdTime>
<ownerDesignName>Process_Incidents_data_model_diagram</ownerDesignName>
<indexState>Foreign Key</indexState>
<isSurrogateKey>false</isSurrogateKey>
<indexColumnUsage>
<colUsage columnID="F3A2C325-7D38-F52A-6595-1008EB2971E2"/>
</indexColumnUsage>
</ind_PK_UK>
<ind_PK_UK id="1F17B0B9-7413-8442-22B6-966975B9A183" name="DPIH_DPIES_FK">
<createdBy>50472</createdBy>
<createdTime>2014-11-21 22:22:08 UTC</createdTime>
<ownerDesignName>Process_Incidents_data_model_diagram</ownerDesignName>
<indexState>Foreign Key</indexState>
<isSurrogateKey>false</isSurrogateKey>
<indexColumnUsage>
<colUsage columnID="B28FB1FC-410C-859C-8A2D-479035F74A26"/>
</indexColumnUsage>
</ind_PK_UK>
<ind_PK_UK id="7921C638-50A1-19C8-C9B6-B3172C6BAC24" name="DPIH_DPIUB_FK">
<createdBy>50472</createdBy>
<createdTime>2014-11-21 22:22:08 UTC</createdTime>
<ownerDesignName>Process_Incidents_data_model_diagram</ownerDesignName>
<indexState>Foreign Key</indexState>
<isSurrogateKey>false</isSurrogateKey>
<indexColumnUsage>
<colUsage columnID="4B87F0CF-6EAF-B933-7A56-1C620F079E13"/>
</indexColumnUsage>
</ind_PK_UK>
<ind_PK_UK id="CBD02C61-0E0D-C008-7AC4-BF6802D36C02" name="DPIH_DPITI_FK">
<createdBy>50472</createdBy>
<createdTime>2014-11-21 22:22:08 UTC</createdTime>
<ownerDesignName>Process_Incidents_data_model_diagram</ownerDesignName>
<indexState>Foreign Key</indexState>
<isSurrogateKey>false</isSurrogateKey>
<indexColumnUsage>
<colUsage columnID="9C20BB61-C061-90D2-7B21-C1879A235E96"/>
</indexColumnUsage>
</ind_PK_UK>
</indexes>
</Table>