<?xml version = '1.0' encoding = 'UTF-8'?>
<Table class="oracle.dbtools.crest.model.design.relational.Table" directorySegmentName="seg_0" id="BF287FEE-8A9B-CBA4-2AC7-0D6985F8650B" name="D_PI_ENROLLMENT_STATUS">
<sourceConnName>UK-HWS rk50472</sourceConnName>
<sourceObjSchema>maxdat</sourceObjSchema>
<sourceObjName>D_PI_ENROLLMENT_STATUS</sourceObjName>
<createdBy>50472</createdBy>
<createdTime>2014-11-18 19:25:24 UTC</createdTime>
<ownerDesignName>Process_Incidents_data_model_diagram</ownerDesignName>
<allowColumnReorder>false</allowColumnReorder>
<existDependencyGenerateInDDl>true</existDependencyGenerateInDDl>
<columns itemClass="oracle.dbtools.crest.model.design.relational.Column">
<Column name="DPIES_ID" id="6FC9A449-9FAB-6419-8764-920EB07719A6">
<sourceConnName>UK-HWS rk50472</sourceConnName>
<sourceObjSchema>D_PI_ENROLLMENT_STATUS</sourceObjSchema>
<sourceObjName>DPIES_ID</sourceObjName>
<createdBy>50472</createdBy>
<createdTime>2014-11-18 19:25:24 UTC</createdTime>
<ownerDesignName>Process_Incidents_data_model_diagram</ownerDesignName>
<useDomainConstraints>false</useDomainConstraints>
<use>1</use>
<logicalDatatype>LOGDT011</logicalDatatype>
<dataTypePrecision>10</dataTypePrecision>
<dataTypeScale>0</dataTypeScale>
<dataTypeSize>4</dataTypeSize>
<autoIncrementCycle>false</autoIncrementCycle>
</Column>
<Column name="Enrollment Status" id="0D45E46D-6424-2A12-0AB0-7B659530B00F">
<sourceConnName>UK-HWS rk50472</sourceConnName>
<sourceObjSchema>D_PI_ENROLLMENT_STATUS</sourceObjSchema>
<sourceObjName>Enrollment Status</sourceObjName>
<createdBy>50472</createdBy>
<createdTime>2014-11-18 19:25:24 UTC</createdTime>
<ownerDesignName>Process_Incidents_data_model_diagram</ownerDesignName>
<nullsAllowed>true</nullsAllowed>
<useDomainConstraints>false</useDomainConstraints>
<use>1</use>
<logicalDatatype>LOGDT024</logicalDatatype>
<dataTypePrecision>32</dataTypePrecision>
<dataTypeScale>0</dataTypeScale>
<dataTypeSize>32</dataTypeSize>
<autoIncrementCycle>false</autoIncrementCycle>
</Column>
</columns>
<indexes itemClass="oracle.dbtools.crest.model.design.relational.Index">
<ind_PK_UK id="FBD72BF6-C32E-DC88-357C-CA354C07946B" name="DPIES_PK">
<sourceConnName>UK-HWS rk50472</sourceConnName>
<sourceObjSchema>maxdat</sourceObjSchema>
<sourceObjName>DPIES_PK</sourceObjName>
<createdBy>50472</createdBy>
<createdTime>2014-11-18 19:25:24 UTC</createdTime>
<ownerDesignName>Process_Incidents_data_model_diagram</ownerDesignName>
<pk>true</pk>
<indexState>Primary Constraint</indexState>
<isSurrogateKey>false</isSurrogateKey>
<indexColumnUsage>
<colUsage columnID="6FC9A449-9FAB-6419-8764-920EB07719A6"/>
</indexColumnUsage>
</ind_PK_UK>
<ind_PK_UK id="559870E7-1FDE-B9CE-55DD-3929F98B0E08" name="DPIES_UIX1">
<sourceConnName>UK-HWS rk50472</sourceConnName>
<sourceObjSchema>maxdat</sourceObjSchema>
<sourceObjName>DPIES_UIX1</sourceObjName>
<createdBy>50472</createdBy>
<createdTime>2014-11-18 19:25:24 UTC</createdTime>
<ownerDesignName>Process_Incidents_data_model_diagram</ownerDesignName>
<indexState>Unique Plain Index</indexState>
<isSurrogateKey>false</isSurrogateKey>
<indexColumnUsage>
<colUsage columnID="0D45E46D-6424-2A12-0AB0-7B659530B00F"/>
</indexColumnUsage>
</ind_PK_UK>
</indexes>
</Table>