<?xml version = '1.0' encoding = 'UTF-8'?>
<Table class="oracle.dbtools.crest.model.design.relational.Table" directorySegmentName="seg_0" id="DF28DFEE-B678-8D21-EC24-C323C46F2600" name="D_PI_INCIDENT_ABOUT">
<sourceConnName>UK-HWS rk50472</sourceConnName>
<sourceObjSchema>maxdat</sourceObjSchema>
<sourceObjName>D_PI_INCIDENT_ABOUT</sourceObjName>
<createdBy>50472</createdBy>
<createdTime>2014-11-18 19:25:25 UTC</createdTime>
<ownerDesignName>Process_Incidents_data_model_diagram</ownerDesignName>
<allowColumnReorder>false</allowColumnReorder>
<existDependencyGenerateInDDl>true</existDependencyGenerateInDDl>
<columns itemClass="oracle.dbtools.crest.model.design.relational.Column">
<Column name="DPIIA_ID" id="282FE4DB-BDAD-CEBD-DAD9-CC350BCEFA18">
<sourceConnName>UK-HWS rk50472</sourceConnName>
<sourceObjSchema>D_PI_INCIDENT_ABOUT</sourceObjSchema>
<sourceObjName>DPIIA_ID</sourceObjName>
<createdBy>50472</createdBy>
<createdTime>2014-11-18 19:25:25 UTC</createdTime>
<ownerDesignName>Process_Incidents_data_model_diagram</ownerDesignName>
<useDomainConstraints>false</useDomainConstraints>
<use>1</use>
<logicalDatatype>LOGDT011</logicalDatatype>
<autoIncrementCycle>false</autoIncrementCycle>
</Column>
<Column name="Incident About" id="EC3B8251-EF31-B260-628C-88B25A6A2D5B">
<sourceConnName>UK-HWS rk50472</sourceConnName>
<sourceObjSchema>D_PI_INCIDENT_ABOUT</sourceObjSchema>
<sourceObjName>Incident About</sourceObjName>
<createdBy>50472</createdBy>
<createdTime>2014-11-18 19:25:25 UTC</createdTime>
<ownerDesignName>Process_Incidents_data_model_diagram</ownerDesignName>
<nullsAllowed>true</nullsAllowed>
<useDomainConstraints>false</useDomainConstraints>
<use>1</use>
<logicalDatatype>LOGDT024</logicalDatatype>
<dataTypePrecision>80</dataTypePrecision>
<dataTypeScale>0</dataTypeScale>
<dataTypeSize>80</dataTypeSize>
<autoIncrementCycle>false</autoIncrementCycle>
</Column>
</columns>
<indexes itemClass="oracle.dbtools.crest.model.design.relational.Index">
<ind_PK_UK id="06E8C011-8D62-2008-E27B-F73156F02513" name="DPIIA_PK">
<sourceConnName>UK-HWS rk50472</sourceConnName>
<sourceObjSchema>maxdat</sourceObjSchema>
<sourceObjName>DPIIA_PK</sourceObjName>
<createdBy>50472</createdBy>
<createdTime>2014-11-18 19:25:25 UTC</createdTime>
<ownerDesignName>Process_Incidents_data_model_diagram</ownerDesignName>
<pk>true</pk>
<indexState>Primary Constraint</indexState>
<isSurrogateKey>false</isSurrogateKey>
<indexColumnUsage>
<colUsage columnID="282FE4DB-BDAD-CEBD-DAD9-CC350BCEFA18"/>
</indexColumnUsage>
</ind_PK_UK>
<ind_PK_UK id="699D1EEE-1652-7ACB-8364-7AF23E6A4DE4" name="DPIIA_UIX1">
<sourceConnName>UK-HWS rk50472</sourceConnName>
<sourceObjSchema>maxdat</sourceObjSchema>
<sourceObjName>DPIIA_UIX1</sourceObjName>
<createdBy>50472</createdBy>
<createdTime>2014-11-18 19:25:25 UTC</createdTime>
<ownerDesignName>Process_Incidents_data_model_diagram</ownerDesignName>
<indexState>Unique Plain Index</indexState>
<isSurrogateKey>false</isSurrogateKey>
<indexColumnUsage>
<colUsage columnID="EC3B8251-EF31-B260-628C-88B25A6A2D5B"/>
</indexColumnUsage>
</ind_PK_UK>
</indexes>
</Table>