LOOKUP_TYPE,LOOKUP_KEY,LOOKUP_VALUE
WFM_GROUP_PROGRAM,1001,EB
WFM_GROUP_PROJECT,1001,IL EB
WFM_GROUP_PROGRAM,1000,EEV
WFM_GROUP_PROJECT,1000,IL EEV
ACD_SKILLSET_PROGRAM,10053,EB
ACD_SKILLSET_PROGRAM,10054,EB
ACD_SKILLSET_PROGRAM,10047,EB
ACD_SKILLSET_PROGRAM,10049,EB
ACD_SKILLSET_PROGRAM,10050,EB
ACD_SKILLSET_PROGRAM,10048,EB
ACD_SKILLSET_PROGRAM,10043,EB
ACD_SKILLSET_PROGRAM,10045,EB
ACD_SKILLSET_PROGRAM,10046,EB
ACD_SKILLSET_PROGRAM,10044,EB
ACD_SKILLSET_PROGRAM,10080,EB
ACD_SKILLSET_PROGRAM,10082,EB
ACD_SKILLSET_PROGRAM,10083,EB
ACD_SKILLSET_PROGRAM,10081,EB
ACD_SKILLSET_PROGRAM,10051,EB
ACD_SKILLSET_PROGRAM,10052,EB
ACD_SKILLSET_PROGRAM,10039,EB
ACD_SKILLSET_PROGRAM,10041,EB
ACD_SKILLSET_PROGRAM,10042,EB
ACD_SKILLSET_PROGRAM,10040,EB
ACD_SKILLSET_PROGRAM,10001,EEV
ACD_SKILLSET_PROGRAM,10002,EEV
ACD_SKILLSET_PROGRAM,10003,EEV
ACD_SKILLSET_PROGRAM,10004,EEV
ACD_SKILLSET_PROGRAM,10035,EEV
ACD_SKILLSET_PROGRAM,10036,EEV
ACD_SKILLSET_PROJECT,10053,IL EB
ACD_SKILLSET_PROJECT,10054,IL EB
ACD_SKILLSET_PROJECT,10047,IL EB
ACD_SKILLSET_PROJECT,10049,IL EB
ACD_SKILLSET_PROJECT,10050,IL EB
ACD_SKILLSET_PROJECT,10048,IL EB
ACD_SKILLSET_PROJECT,10043,IL EB
ACD_SKILLSET_PROJECT,10045,IL EB
ACD_SKILLSET_PROJECT,10046,IL EB
ACD_SKILLSET_PROJECT,10044,IL EB
ACD_SKILLSET_PROJECT,10080,IL EB
ACD_SKILLSET_PROJECT,10082,IL EB
ACD_SKILLSET_PROJECT,10083,IL EB
ACD_SKILLSET_PROJECT,10081,IL EB
ACD_SKILLSET_PROJECT,10051,IL EB
ACD_SKILLSET_PROJECT,10052,IL EB
ACD_SKILLSET_PROJECT,10039,IL EB
ACD_SKILLSET_PROJECT,10041,IL EB
ACD_SKILLSET_PROJECT,10042,IL EB
ACD_SKILLSET_PROJECT,10040,IL EB
ACD_SKILLSET_PROJECT,10001,IL EEV
ACD_SKILLSET_PROJECT,10002,IL EEV
ACD_SKILLSET_PROJECT,10003,IL EEV
ACD_SKILLSET_PROJECT,10004,IL EEV
ACD_SKILLSET_PROJECT,10035,IL EEV
ACD_SKILLSET_PROJECT,10036,IL EEV
ACD_ABDDELAY_PERIOD,ABDDELAY2,CALLS_ABANDONED_PERIOD_1
ACD_ABDDELAY_PERIOD,ABDDELAY4,CALLS_ABANDONED_PERIOD_1
ACD_ABDDELAY_PERIOD,ABDDELAY6,CALLS_ABANDONED_PERIOD_1
ACD_ABDDELAY_PERIOD,ABDDELAY8,CALLS_ABANDONED_PERIOD_1
ACD_ABDDELAY_PERIOD,ABDDELAY10,CALLS_ABANDONED_PERIOD_1
ACD_ABDDELAY_PERIOD,ABDDELAY12,CALLS_ABANDONED_PERIOD_2
ACD_ABDDELAY_PERIOD,ABDDELAY14,CALLS_ABANDONED_PERIOD_2
ACD_ABDDELAY_PERIOD,ABDDELAY16,CALLS_ABANDONED_PERIOD_2
ACD_ABDDELAY_PERIOD,ABDDELAY18,CALLS_ABANDONED_PERIOD_2
ACD_ABDDELAY_PERIOD,ABDDELAY20,CALLS_ABANDONED_PERIOD_2
ACD_ABDDELAY_PERIOD,ABDDELAY22,CALLS_ABANDONED_PERIOD_2
ACD_ABDDELAY_PERIOD,ABDDELAY24,CALLS_ABANDONED_PERIOD_2
ACD_ABDDELAY_PERIOD,ABDDELAY26,CALLS_ABANDONED_PERIOD_2
ACD_ABDDELAY_PERIOD,ABDDELAY28,CALLS_ABANDONED_PERIOD_2
ACD_ABDDELAY_PERIOD,ABDDELAY30,CALLS_ABANDONED_PERIOD_2
ACD_ABDDELAY_PERIOD,ABDDELAY32,CALLS_ABANDONED_PERIOD_3
ACD_ABDDELAY_PERIOD,ABDDELAY34,CALLS_ABANDONED_PERIOD_3
ACD_ABDDELAY_PERIOD,ABDDELAY36,CALLS_ABANDONED_PERIOD_3
ACD_ABDDELAY_PERIOD,ABDDELAY38,CALLS_ABANDONED_PERIOD_3
ACD_ABDDELAY_PERIOD,ABDDELAY40,CALLS_ABANDONED_PERIOD_3
ACD_ABDDELAY_PERIOD,ABDDELAY42,CALLS_ABANDONED_PERIOD_3
ACD_ABDDELAY_PERIOD,ABDDELAY44,CALLS_ABANDONED_PERIOD_3
ACD_ABDDELAY_PERIOD,ABDDELAY46,CALLS_ABANDONED_PERIOD_3
ACD_ABDDELAY_PERIOD,ABDDELAY48,CALLS_ABANDONED_PERIOD_3
ACD_ABDDELAY_PERIOD,ABDDELAY50,CALLS_ABANDONED_PERIOD_3
ACD_ABDDELAY_PERIOD,ABDDELAY52,CALLS_ABANDONED_PERIOD_3
ACD_ABDDELAY_PERIOD,ABDDELAY54,CALLS_ABANDONED_PERIOD_3
ACD_ABDDELAY_PERIOD,ABDDELAY56,CALLS_ABANDONED_PERIOD_3
ACD_ABDDELAY_PERIOD,ABDDELAY58,CALLS_ABANDONED_PERIOD_3
ACD_ABDDELAY_PERIOD,ABDDELAY60,CALLS_ABANDONED_PERIOD_3
ACD_ABDDELAY_PERIOD,ABDDELAY70,CALLS_ABANDONED_PERIOD_4
ACD_ABDDELAY_PERIOD,ABDDELAY80,CALLS_ABANDONED_PERIOD_4
ACD_ABDDELAY_PERIOD,ABDDELAY90,CALLS_ABANDONED_PERIOD_4
ACD_ABDDELAY_PERIOD,ABDDELAY100,CALLS_ABANDONED_PERIOD_5
ACD_ABDDELAY_PERIOD,ABDDELAY110,CALLS_ABANDONED_PERIOD_5
ACD_ABDDELAY_PERIOD,ABDDELAY120,CALLS_ABANDONED_PERIOD_5
ACD_ABDDELAY_PERIOD,ABDDELAY130,CALLS_ABANDONED_PERIOD_6
ACD_ABDDELAY_PERIOD,ABDDELAY140,CALLS_ABANDONED_PERIOD_6
ACD_ABDDELAY_PERIOD,ABDDELAY150,CALLS_ABANDONED_PERIOD_6
ACD_ABDDELAY_PERIOD,ABDDELAY160,CALLS_ABANDONED_PERIOD_6
ACD_ABDDELAY_PERIOD,ABDDELAY170,CALLS_ABANDONED_PERIOD_6
ACD_ABDDELAY_PERIOD,ABDDELAY180,CALLS_ABANDONED_PERIOD_6
ACD_ABDDELAY_PERIOD,ABDDELAY190,CALLS_ABANDONED_PERIOD_7
ACD_ABDDELAY_PERIOD,ABDDELAY200,CALLS_ABANDONED_PERIOD_7
ACD_ABDDELAY_PERIOD,ABDDELAY210,CALLS_ABANDONED_PERIOD_7
ACD_ABDDELAY_PERIOD,ABDDELAY220,CALLS_ABANDONED_PERIOD_7
ACD_ABDDELAY_PERIOD,ABDDELAY230,CALLS_ABANDONED_PERIOD_7
ACD_ABDDELAY_PERIOD,ABDDELAY240,CALLS_ABANDONED_PERIOD_7
ACD_ABDDELAY_PERIOD,ABDDELAY250,CALLS_ABANDONED_PERIOD_8
ACD_ABDDELAY_PERIOD,ABDDELAY260,CALLS_ABANDONED_PERIOD_8
ACD_ABDDELAY_PERIOD,ABDDELAY270,CALLS_ABANDONED_PERIOD_8
ACD_ABDDELAY_PERIOD,ABDDELAY280,CALLS_ABANDONED_PERIOD_8
ACD_ABDDELAY_PERIOD,ABDDELAY290,CALLS_ABANDONED_PERIOD_8
ACD_ABDDELAY_PERIOD,ABDDELAY300,CALLS_ABANDONED_PERIOD_8
ACD_ABDDELAY_PERIOD,ABDDELAY360,CALLS_ABANDONED_PERIOD_9
ACD_ABDDELAY_PERIOD,ABDDELAY420,CALLS_ABANDONED_PERIOD_9
ACD_ABDDELAY_PERIOD,ABDDELAY480,CALLS_ABANDONED_PERIOD_9
ACD_ABDDELAY_PERIOD,ABDDELAY540,CALLS_ABANDONED_PERIOD_9
ACD_ABDDELAY_PERIOD,ABDDELAY600,CALLS_ABANDONED_PERIOD_9
ACD_ABDDELAY_PERIOD,ABDDELAYBEYOND,CALLS_ABANDONED_PERIOD_10
ACD_ANSDELAY_PERIOD,ANSDELAY2,SPEED_OF_ANSWER_PERIOD_1
ACD_ANSDELAY_PERIOD,ANSDELAY4,SPEED_OF_ANSWER_PERIOD_1
ACD_ANSDELAY_PERIOD,ANSDELAY6,SPEED_OF_ANSWER_PERIOD_1
ACD_ANSDELAY_PERIOD,ANSDELAY8,SPEED_OF_ANSWER_PERIOD_1
ACD_ANSDELAY_PERIOD,ANSDELAY10,SPEED_OF_ANSWER_PERIOD_1
ACD_ANSDELAY_PERIOD,ANSDELAY12,SPEED_OF_ANSWER_PERIOD_2
ACD_ANSDELAY_PERIOD,ANSDELAY14,SPEED_OF_ANSWER_PERIOD_2
ACD_ANSDELAY_PERIOD,ANSDELAY16,SPEED_OF_ANSWER_PERIOD_2
ACD_ANSDELAY_PERIOD,ANSDELAY18,SPEED_OF_ANSWER_PERIOD_2
ACD_ANSDELAY_PERIOD,ANSDELAY20,SPEED_OF_ANSWER_PERIOD_2
ACD_ANSDELAY_PERIOD,ANSDELAY22,SPEED_OF_ANSWER_PERIOD_2
ACD_ANSDELAY_PERIOD,ANSDELAY24,SPEED_OF_ANSWER_PERIOD_2
ACD_ANSDELAY_PERIOD,ANSDELAY26,SPEED_OF_ANSWER_PERIOD_2
ACD_ANSDELAY_PERIOD,ANSDELAY28,SPEED_OF_ANSWER_PERIOD_2
ACD_ANSDELAY_PERIOD,ANSDELAY30,SPEED_OF_ANSWER_PERIOD_2
ACD_ANSDELAY_PERIOD,ANSDELAY32,SPEED_OF_ANSWER_PERIOD_3
ACD_ANSDELAY_PERIOD,ANSDELAY34,SPEED_OF_ANSWER_PERIOD_3
ACD_ANSDELAY_PERIOD,ANSDELAY36,SPEED_OF_ANSWER_PERIOD_3
ACD_ANSDELAY_PERIOD,ANSDELAY38,SPEED_OF_ANSWER_PERIOD_3
ACD_ANSDELAY_PERIOD,ANSDELAY40,SPEED_OF_ANSWER_PERIOD_3
ACD_ANSDELAY_PERIOD,ANSDELAY42,SPEED_OF_ANSWER_PERIOD_3
ACD_ANSDELAY_PERIOD,ANSDELAY44,SPEED_OF_ANSWER_PERIOD_3
ACD_ANSDELAY_PERIOD,ANSDELAY46,SPEED_OF_ANSWER_PERIOD_3
ACD_ANSDELAY_PERIOD,ANSDELAY48,SPEED_OF_ANSWER_PERIOD_3
ACD_ANSDELAY_PERIOD,ANSDELAY50,SPEED_OF_ANSWER_PERIOD_3
ACD_ANSDELAY_PERIOD,ANSDELAY52,SPEED_OF_ANSWER_PERIOD_3
ACD_ANSDELAY_PERIOD,ANSDELAY54,SPEED_OF_ANSWER_PERIOD_3
ACD_ANSDELAY_PERIOD,ANSDELAY56,SPEED_OF_ANSWER_PERIOD_3
ACD_ANSDELAY_PERIOD,ANSDELAY58,SPEED_OF_ANSWER_PERIOD_3
ACD_ANSDELAY_PERIOD,ANSDELAY60,SPEED_OF_ANSWER_PERIOD_3
ACD_ANSDELAY_PERIOD,ANSDELAY70,SPEED_OF_ANSWER_PERIOD_4
ACD_ANSDELAY_PERIOD,ANSDELAY80,SPEED_OF_ANSWER_PERIOD_4
ACD_ANSDELAY_PERIOD,ANSDELAY90,SPEED_OF_ANSWER_PERIOD_4
ACD_ANSDELAY_PERIOD,ANSDELAY100,SPEED_OF_ANSWER_PERIOD_5
ACD_ANSDELAY_PERIOD,ANSDELAY110,SPEED_OF_ANSWER_PERIOD_5
ACD_ANSDELAY_PERIOD,ANSDELAY120,SPEED_OF_ANSWER_PERIOD_5
ACD_ANSDELAY_PERIOD,ANSDELAY130,SPEED_OF_ANSWER_PERIOD_6
ACD_ANSDELAY_PERIOD,ANSDELAY140,SPEED_OF_ANSWER_PERIOD_6
ACD_ANSDELAY_PERIOD,ANSDELAY150,SPEED_OF_ANSWER_PERIOD_6
ACD_ANSDELAY_PERIOD,ANSDELAY160,SPEED_OF_ANSWER_PERIOD_6
ACD_ANSDELAY_PERIOD,ANSDELAY170,SPEED_OF_ANSWER_PERIOD_6
ACD_ANSDELAY_PERIOD,ANSDELAY180,SPEED_OF_ANSWER_PERIOD_6
ACD_ANSDELAY_PERIOD,ANSDELAY190,SPEED_OF_ANSWER_PERIOD_7
ACD_ANSDELAY_PERIOD,ANSDELAY200,SPEED_OF_ANSWER_PERIOD_7
ACD_ANSDELAY_PERIOD,ANSDELAY210,SPEED_OF_ANSWER_PERIOD_7
ACD_ANSDELAY_PERIOD,ANSDELAY220,SPEED_OF_ANSWER_PERIOD_7
ACD_ANSDELAY_PERIOD,ANSDELAY230,SPEED_OF_ANSWER_PERIOD_7
ACD_ANSDELAY_PERIOD,ANSDELAY240,SPEED_OF_ANSWER_PERIOD_7
ACD_ANSDELAY_PERIOD,ANSDELAY250,SPEED_OF_ANSWER_PERIOD_8
ACD_ANSDELAY_PERIOD,ANSDELAY260,SPEED_OF_ANSWER_PERIOD_8
ACD_ANSDELAY_PERIOD,ANSDELAY270,SPEED_OF_ANSWER_PERIOD_8
ACD_ANSDELAY_PERIOD,ANSDELAY280,SPEED_OF_ANSWER_PERIOD_8
ACD_ANSDELAY_PERIOD,ANSDELAY290,SPEED_OF_ANSWER_PERIOD_8
ACD_ANSDELAY_PERIOD,ANSDELAY300,SPEED_OF_ANSWER_PERIOD_9
ACD_ANSDELAY_PERIOD,ANSDELAY360,SPEED_OF_ANSWER_PERIOD_9
ACD_ANSDELAY_PERIOD,ANSDELAY420,SPEED_OF_ANSWER_PERIOD_9
ACD_ANSDELAY_PERIOD,ANSDELAY480,SPEED_OF_ANSWER_PERIOD_9
ACD_ANSDELAY_PERIOD,ANSDELAY540,SPEED_OF_ANSWER_PERIOD_9
ACD_ANSDELAY_PERIOD,ANSDELAY600,SPEED_OF_ANSWER_PERIOD_9
ACD_ANSDELAY_PERIOD,ANSDELAYBEYOND,SPEED_OF_ANSWER_PERIOD_10
