"D_REPORTING_PERIOD_ID","TYPE","START_DATE","END_DATE","MONTH","YEAR","CREATE_DATE","CREATED_BY","LAST_MODIFIED_DATE","UPDATED_BY"
251,"WEEKLY",06/17/2018 00:00:00,06/23/2018 00:00:00,"June",2018,,"",01/13/2014 18:04:47,"MOTS"
252,"WEEKLY",06/24/2018 00:00:00,06/30/2018 00:00:00,"June",2018,,"",01/13/2014 18:04:47,"MOTS"
253,"WEEKLY",07/01/2018 00:00:00,07/07/2018 00:00:00,"July",2018,,"",01/13/2014 18:04:47,"MOTS"
254,"WEEKLY",07/08/2018 00:00:00,07/14/2018 00:00:00,"July",2018,,"",01/13/2014 18:04:47,"MOTS"
255,"WEEKLY",07/15/2018 00:00:00,07/21/2018 00:00:00,"July",2018,,"",01/13/2014 18:04:47,"MOTS"
256,"WEEKLY",07/22/2018 00:00:00,07/28/2018 00:00:00,"July",2018,,"",01/13/2014 18:04:47,"MOTS"
257,"WEEKLY",07/29/2018 00:00:00,08/04/2018 00:00:00,"August",2018,,"",01/13/2014 18:04:47,"MOTS"
258,"WEEKLY",08/05/2018 00:00:00,08/11/2018 00:00:00,"August",2018,,"",01/13/2014 18:04:47,"MOTS"
259,"WEEKLY",08/12/2018 00:00:00,08/18/2018 00:00:00,"August",2018,,"",01/13/2014 18:04:47,"MOTS"
260,"WEEKLY",08/19/2018 00:00:00,08/25/2018 00:00:00,"August",2018,,"",01/13/2014 18:04:47,"MOTS"
261,"WEEKLY",08/26/2018 00:00:00,09/01/2018 00:00:00,"August",2018,,"",01/13/2014 18:04:47,"MOTS"
262,"WEEKLY",09/02/2018 00:00:00,09/08/2018 00:00:00,"September",2018,,"",01/13/2014 18:04:47,"MOTS"
263,"WEEKLY",09/09/2018 00:00:00,09/15/2018 00:00:00,"September",2018,,"",01/13/2014 18:04:47,"MOTS"
264,"WEEKLY",09/16/2018 00:00:00,09/22/2018 00:00:00,"September",2018,,"",01/13/2014 18:04:47,"MOTS"
265,"WEEKLY",09/23/2018 00:00:00,09/29/2018 00:00:00,"September",2018,,"",01/13/2014 18:04:47,"MOTS"
266,"WEEKLY",09/30/2018 00:00:00,10/06/2018 00:00:00,"October",2018,,"",01/13/2014 18:04:47,"MOTS"
267,"WEEKLY",10/07/2018 00:00:00,10/13/2018 00:00:00,"October",2018,,"",01/13/2014 18:04:47,"MOTS"
268,"WEEKLY",10/14/2018 00:00:00,10/20/2018 00:00:00,"October",2018,,"",01/13/2014 18:04:47,"MOTS"
269,"WEEKLY",10/21/2018 00:00:00,10/27/2018 00:00:00,"October",2018,,"",01/13/2014 18:04:47,"MOTS"
270,"WEEKLY",10/28/2018 00:00:00,11/03/2018 00:00:00,"October",2018,,"",01/13/2014 18:04:47,"MOTS"
271,"WEEKLY",11/04/2018 00:00:00,11/10/2018 00:00:00,"November",2018,,"",01/13/2014 18:04:47,"MOTS"
272,"WEEKLY",11/11/2018 00:00:00,11/17/2018 00:00:00,"November",2018,,"",01/13/2014 18:04:47,"MOTS"
273,"WEEKLY",11/18/2018 00:00:00,11/24/2018 00:00:00,"November",2018,,"",01/13/2014 18:04:47,"MOTS"
274,"WEEKLY",11/25/2018 00:00:00,12/01/2018 00:00:00,"November",2018,,"",01/13/2014 18:04:48,"MOTS"
275,"WEEKLY",12/02/2018 00:00:00,12/08/2018 00:00:00,"December",2018,,"",01/13/2014 18:04:48,"MOTS"
276,"WEEKLY",12/09/2018 00:00:00,12/15/2018 00:00:00,"December",2018,,"",01/13/2014 18:04:48,"MOTS"
277,"WEEKLY",12/16/2018 00:00:00,12/22/2018 00:00:00,"December",2018,,"",01/13/2014 18:04:48,"MOTS"
278,"WEEKLY",12/23/2018 00:00:00,12/29/2018 00:00:00,"December",2018,,"",01/13/2014 18:04:48,"MOTS"
279,"WEEKLY",12/30/2018 00:00:00,01/05/2019 00:00:00,"January",2019,,"",01/13/2014 18:04:48,"MOTS"
280,"MONTHLY",01/01/2013 00:00:00,01/31/2013 00:00:00,"January  ",2013,04/29/2014 16:51:04,"MOTS",04/29/2014 16:51:04,"MOTS"
281,"MONTHLY",02/01/2013 00:00:00,02/28/2013 00:00:00,"February ",2013,04/29/2014 16:51:04,"MOTS",04/29/2014 16:51:04,"MOTS"
282,"MONTHLY",03/01/2013 00:00:00,03/31/2013 00:00:00,"March    ",2013,04/29/2014 16:51:04,"MOTS",04/29/2014 16:51:04,"MOTS"
283,"MONTHLY",04/01/2013 00:00:00,04/30/2013 00:00:00,"April    ",2013,04/29/2014 16:51:04,"MOTS",04/29/2014 16:51:04,"MOTS"
284,"MONTHLY",05/01/2013 00:00:00,05/31/2013 00:00:00,"May      ",2013,04/29/2014 16:51:04,"MOTS",04/29/2014 16:51:04,"MOTS"
285,"MONTHLY",06/01/2013 00:00:00,06/30/2013 00:00:00,"June     ",2013,04/29/2014 16:51:04,"MOTS",04/29/2014 16:51:04,"MOTS"
286,"MONTHLY",07/01/2013 00:00:00,07/31/2013 00:00:00,"July     ",2013,04/29/2014 16:51:04,"MOTS",04/29/2014 16:51:04,"MOTS"
287,"MONTHLY",08/01/2013 00:00:00,08/31/2013 00:00:00,"August   ",2013,04/29/2014 16:51:04,"MOTS",04/29/2014 16:51:04,"MOTS"
288,"MONTHLY",09/01/2013 00:00:00,09/30/2013 00:00:00,"September",2013,04/29/2014 16:51:04,"MOTS",04/29/2014 16:51:04,"MOTS"
289,"MONTHLY",10/01/2013 00:00:00,10/31/2013 00:00:00,"October  ",2013,04/29/2014 16:51:04,"MOTS",04/29/2014 16:51:04,"MOTS"
290,"MONTHLY",11/01/2013 00:00:00,11/30/2013 00:00:00,"November ",2013,04/29/2014 16:51:04,"MOTS",04/29/2014 16:51:04,"MOTS"
291,"MONTHLY",12/01/2013 00:00:00,12/31/2013 00:00:00,"December ",2013,04/29/2014 16:51:04,"MOTS",04/29/2014 16:51:04,"MOTS"
292,"MONTHLY",01/01/2014 00:00:00,01/31/2014 00:00:00,"January  ",2014,04/29/2014 16:51:04,"MOTS",04/29/2014 16:51:04,"MOTS"
293,"MONTHLY",02/01/2014 00:00:00,02/28/2014 00:00:00,"February ",2014,04/29/2014 16:51:04,"MOTS",04/29/2014 16:51:04,"MOTS"
294,"MONTHLY",03/01/2014 00:00:00,03/31/2014 00:00:00,"March    ",2014,04/29/2014 16:51:04,"MOTS",04/29/2014 16:51:04,"MOTS"
295,"MONTHLY",04/01/2014 00:00:00,04/30/2014 00:00:00,"April    ",2014,04/29/2014 16:51:04,"MOTS",04/29/2014 16:51:04,"MOTS"
296,"MONTHLY",05/01/2014 00:00:00,05/31/2014 00:00:00,"May      ",2014,04/29/2014 16:51:04,"MOTS",04/29/2014 16:51:04,"MOTS"
297,"MONTHLY",06/01/2014 00:00:00,06/30/2014 00:00:00,"June     ",2014,04/29/2014 16:51:04,"MOTS",04/29/2014 16:51:04,"MOTS"
298,"MONTHLY",07/01/2014 00:00:00,07/31/2014 00:00:00,"July     ",2014,04/29/2014 16:51:04,"MOTS",04/29/2014 16:51:04,"MOTS"
299,"MONTHLY",08/01/2014 00:00:00,08/31/2014 00:00:00,"August   ",2014,04/29/2014 16:51:04,"MOTS",04/29/2014 16:51:04,"MOTS"
300,"MONTHLY",09/01/2014 00:00:00,09/30/2014 00:00:00,"September",2014,04/29/2014 16:51:04,"MOTS",04/29/2014 16:51:04,"MOTS"
301,"MONTHLY",10/01/2014 00:00:00,10/31/2014 00:00:00,"October  ",2014,04/29/2014 16:51:04,"MOTS",04/29/2014 16:51:04,"MOTS"
302,"MONTHLY",11/01/2014 00:00:00,11/30/2014 00:00:00,"November ",2014,04/29/2014 16:51:04,"MOTS",04/29/2014 16:51:04,"MOTS"
303,"MONTHLY",12/01/2014 00:00:00,12/31/2014 00:00:00,"December ",2014,04/29/2014 16:51:04,"MOTS",04/29/2014 16:51:04,"MOTS"
304,"MONTHLY",01/01/2015 00:00:00,01/31/2015 00:00:00,"January  ",2015,04/29/2014 16:51:04,"MOTS",04/29/2014 16:51:04,"MOTS"
305,"MONTHLY",02/01/2015 00:00:00,02/28/2015 00:00:00,"February ",2015,04/29/2014 16:51:04,"MOTS",04/29/2014 16:51:04,"MOTS"
306,"MONTHLY",03/01/2015 00:00:00,03/31/2015 00:00:00,"March    ",2015,04/29/2014 16:51:04,"MOTS",04/29/2014 16:51:04,"MOTS"
307,"MONTHLY",04/01/2015 00:00:00,04/30/2015 00:00:00,"April    ",2015,04/29/2014 16:51:04,"MOTS",04/29/2014 16:51:04,"MOTS"
308,"MONTHLY",05/01/2015 00:00:00,05/31/2015 00:00:00,"May      ",2015,04/29/2014 16:51:04,"MOTS",04/29/2014 16:51:04,"MOTS"
309,"MONTHLY",06/01/2015 00:00:00,06/30/2015 00:00:00,"June     ",2015,04/29/2014 16:51:04,"MOTS",04/29/2014 16:51:04,"MOTS"
310,"MONTHLY",07/01/2015 00:00:00,07/31/2015 00:00:00,"July     ",2015,04/29/2014 16:51:04,"MOTS",04/29/2014 16:51:04,"MOTS"
311,"MONTHLY",08/01/2015 00:00:00,08/31/2015 00:00:00,"August   ",2015,04/29/2014 16:51:04,"MOTS",04/29/2014 16:51:04,"MOTS"
312,"MONTHLY",09/01/2015 00:00:00,09/30/2015 00:00:00,"September",2015,04/29/2014 16:51:04,"MOTS",04/29/2014 16:51:04,"MOTS"
313,"MONTHLY",10/01/2015 00:00:00,10/31/2015 00:00:00,"October  ",2015,04/29/2014 16:51:04,"MOTS",04/29/2014 16:51:04,"MOTS"
314,"MONTHLY",11/01/2015 00:00:00,11/30/2015 00:00:00,"November ",2015,04/29/2014 16:51:04,"MOTS",04/29/2014 16:51:04,"MOTS"
315,"MONTHLY",12/01/2015 00:00:00,12/31/2015 00:00:00,"December ",2015,04/29/2014 16:51:04,"MOTS",04/29/2014 16:51:04,"MOTS"
316,"MONTHLY",01/01/2016 00:00:00,01/31/2016 00:00:00,"January  ",2016,04/29/2014 16:51:04,"MOTS",04/29/2014 16:51:04,"MOTS"
317,"MONTHLY",02/01/2016 00:00:00,02/29/2016 00:00:00,"February ",2016,04/29/2014 16:51:04,"MOTS",04/29/2014 16:51:04,"MOTS"
318,"MONTHLY",03/01/2016 00:00:00,03/31/2016 00:00:00,"March    ",2016,04/29/2014 16:51:04,"MOTS",04/29/2014 16:51:04,"MOTS"
319,"MONTHLY",04/01/2016 00:00:00,04/30/2016 00:00:00,"April    ",2016,04/29/2014 16:51:04,"MOTS",04/29/2014 16:51:04,"MOTS"
320,"MONTHLY",05/01/2016 00:00:00,05/31/2016 00:00:00,"May      ",2016,04/29/2014 16:51:04,"MOTS",04/29/2014 16:51:04,"MOTS"
321,"MONTHLY",06/01/2016 00:00:00,06/30/2016 00:00:00,"June     ",2016,04/29/2014 16:51:04,"MOTS",04/29/2014 16:51:04,"MOTS"
322,"MONTHLY",07/01/2016 00:00:00,07/31/2016 00:00:00,"July     ",2016,04/29/2014 16:51:04,"MOTS",04/29/2014 16:51:04,"MOTS"
323,"MONTHLY",08/01/2016 00:00:00,08/31/2016 00:00:00,"August   ",2016,04/29/2014 16:51:04,"MOTS",04/29/2014 16:51:04,"MOTS"
324,"MONTHLY",09/01/2016 00:00:00,09/30/2016 00:00:00,"September",2016,04/29/2014 16:51:04,"MOTS",04/29/2014 16:51:04,"MOTS"
325,"MONTHLY",10/01/2016 00:00:00,10/31/2016 00:00:00,"October  ",2016,04/29/2014 16:51:04,"MOTS",04/29/2014 16:51:04,"MOTS"
326,"MONTHLY",11/01/2016 00:00:00,11/30/2016 00:00:00,"November ",2016,04/29/2014 16:51:04,"MOTS",04/29/2014 16:51:04,"MOTS"
327,"MONTHLY",12/01/2016 00:00:00,12/31/2016 00:00:00,"December ",2016,04/29/2014 16:51:04,"MOTS",04/29/2014 16:51:04,"MOTS"
328,"MONTHLY",01/01/2017 00:00:00,01/31/2017 00:00:00,"January  ",2017,04/29/2014 16:51:04,"MOTS",04/29/2014 16:51:04,"MOTS"
329,"MONTHLY",02/01/2017 00:00:00,02/28/2017 00:00:00,"February ",2017,04/29/2014 16:51:04,"MOTS",04/29/2014 16:51:04,"MOTS"
330,"MONTHLY",03/01/2017 00:00:00,03/31/2017 00:00:00,"March    ",2017,04/29/2014 16:51:04,"MOTS",04/29/2014 16:51:04,"MOTS"
331,"MONTHLY",04/01/2017 00:00:00,04/30/2017 00:00:00,"April    ",2017,04/29/2014 16:51:04,"MOTS",04/29/2014 16:51:04,"MOTS"
332,"MONTHLY",05/01/2017 00:00:00,05/31/2017 00:00:00,"May      ",2017,04/29/2014 16:51:04,"MOTS",04/29/2014 16:51:04,"MOTS"
333,"MONTHLY",06/01/2017 00:00:00,06/30/2017 00:00:00,"June     ",2017,04/29/2014 16:51:04,"MOTS",04/29/2014 16:51:04,"MOTS"
334,"MONTHLY",07/01/2017 00:00:00,07/31/2017 00:00:00,"July     ",2017,04/29/2014 16:51:04,"MOTS",04/29/2014 16:51:04,"MOTS"
335,"MONTHLY",08/01/2017 00:00:00,08/31/2017 00:00:00,"August   ",2017,04/29/2014 16:51:04,"MOTS",04/29/2014 16:51:04,"MOTS"
336,"MONTHLY",09/01/2017 00:00:00,09/30/2017 00:00:00,"September",2017,04/29/2014 16:51:04,"MOTS",04/29/2014 16:51:04,"MOTS"
337,"MONTHLY",10/01/2017 00:00:00,10/31/2017 00:00:00,"October  ",2017,04/29/2014 16:51:04,"MOTS",04/29/2014 16:51:04,"MOTS"
338,"MONTHLY",11/01/2017 00:00:00,11/30/2017 00:00:00,"November ",2017,04/29/2014 16:51:04,"MOTS",04/29/2014 16:51:04,"MOTS"
339,"MONTHLY",12/01/2017 00:00:00,12/31/2017 00:00:00,"December ",2017,04/29/2014 16:51:04,"MOTS",04/29/2014 16:51:04,"MOTS"
340,"MONTHLY",01/01/2018 00:00:00,01/31/2018 00:00:00,"January  ",2018,04/29/2014 16:51:04,"MOTS",04/29/2014 16:51:04,"MOTS"
341,"MONTHLY",02/01/2018 00:00:00,02/28/2018 00:00:00,"February ",2018,04/29/2014 16:51:04,"MOTS",04/29/2014 16:51:04,"MOTS"
342,"MONTHLY",03/01/2018 00:00:00,03/31/2018 00:00:00,"March    ",2018,04/29/2014 16:51:04,"MOTS",04/29/2014 16:51:04,"MOTS"
343,"MONTHLY",04/01/2018 00:00:00,04/30/2018 00:00:00,"April    ",2018,04/29/2014 16:51:04,"MOTS",04/29/2014 16:51:04,"MOTS"
344,"MONTHLY",05/01/2018 00:00:00,05/31/2018 00:00:00,"May      ",2018,04/29/2014 16:51:04,"MOTS",04/29/2014 16:51:04,"MOTS"
345,"MONTHLY",06/01/2018 00:00:00,06/30/2018 00:00:00,"June     ",2018,04/29/2014 16:51:04,"MOTS",04/29/2014 16:51:04,"MOTS"
346,"MONTHLY",07/01/2018 00:00:00,07/31/2018 00:00:00,"July     ",2018,04/29/2014 16:51:04,"MOTS",04/29/2014 16:51:04,"MOTS"
347,"MONTHLY",08/01/2018 00:00:00,08/31/2018 00:00:00,"August   ",2018,04/29/2014 16:51:04,"MOTS",04/29/2014 16:51:04,"MOTS"
348,"MONTHLY",09/01/2018 00:00:00,09/30/2018 00:00:00,"September",2018,04/29/2014 16:51:04,"MOTS",04/29/2014 16:51:04,"MOTS"
349,"MONTHLY",10/01/2018 00:00:00,10/31/2018 00:00:00,"October  ",2018,04/29/2014 16:51:04,"MOTS",04/29/2014 16:51:04,"MOTS"
350,"MONTHLY",11/01/2018 00:00:00,11/30/2018 00:00:00,"November ",2018,04/29/2014 16:51:04,"MOTS",04/29/2014 16:51:04,"MOTS"
351,"MONTHLY",12/01/2018 00:00:00,12/31/2018 00:00:00,"December ",2018,04/29/2014 16:51:04,"MOTS",04/29/2014 16:51:04,"MOTS"
1,"WEEKLY",09/01/2013 00:00:00,09/07/2013 00:00:00,"September",2013,,"",01/13/2014 18:04:44,"MOTS"
2,"WEEKLY",09/08/2013 00:00:00,09/14/2013 00:00:00,"September",2013,,"",01/13/2014 18:04:44,"MOTS"
3,"WEEKLY",09/15/2013 00:00:00,09/21/2013 00:00:00,"September",2013,,"",01/13/2014 18:04:44,"MOTS"
4,"WEEKLY",09/22/2013 00:00:00,09/28/2013 00:00:00,"September",2013,,"",01/13/2014 18:04:44,"MOTS"
5,"WEEKLY",09/29/2013 00:00:00,10/05/2013 00:00:00,"October",2013,,"",01/13/2014 18:04:44,"MOTS"
6,"WEEKLY",10/06/2013 00:00:00,10/12/2013 00:00:00,"October",2013,,"",01/13/2014 18:04:44,"MOTS"
7,"WEEKLY",10/13/2013 00:00:00,10/19/2013 00:00:00,"October",2013,,"",01/13/2014 18:04:45,"MOTS"
8,"WEEKLY",10/20/2013 00:00:00,10/26/2013 00:00:00,"October",2013,,"",01/13/2014 18:04:45,"MOTS"
9,"WEEKLY",10/27/2013 00:00:00,11/02/2013 00:00:00,"October",2013,,"",01/13/2014 18:04:45,"MOTS"
10,"WEEKLY",11/03/2013 00:00:00,11/09/2013 00:00:00,"November",2013,,"",01/13/2014 18:04:45,"MOTS"
11,"WEEKLY",11/10/2013 00:00:00,11/16/2013 00:00:00,"November",2013,,"",01/13/2014 18:04:45,"MOTS"
12,"WEEKLY",11/17/2013 00:00:00,11/23/2013 00:00:00,"December",2013,,"",01/13/2014 18:04:45,"MOTS"
13,"WEEKLY",11/24/2013 00:00:00,11/30/2013 00:00:00,"January",2013,,"",01/13/2014 18:04:45,"MOTS"
14,"WEEKLY",12/01/2013 00:00:00,12/07/2013 00:00:00,"December",2013,,"",01/13/2014 18:04:45,"MOTS"
15,"WEEKLY",12/08/2013 00:00:00,12/14/2013 00:00:00,"December",2013,,"",01/13/2014 18:04:45,"MOTS"
16,"WEEKLY",12/15/2013 00:00:00,12/21/2013 00:00:00,"December",2013,,"",01/13/2014 18:04:45,"MOTS"
17,"WEEKLY",12/22/2013 00:00:00,12/28/2013 00:00:00,"December",2013,,"",01/13/2014 18:04:45,"MOTS"
18,"WEEKLY",12/29/2013 00:00:00,01/04/2014 00:00:00,"January",2014,,"",01/13/2014 18:04:45,"MOTS"
19,"WEEKLY",01/05/2014 00:00:00,01/11/2014 00:00:00,"January",2014,,"",01/13/2014 18:04:45,"MOTS"
20,"WEEKLY",01/12/2014 00:00:00,01/18/2014 00:00:00,"January",2014,,"",01/13/2014 18:04:45,"MOTS"
21,"WEEKLY",01/19/2014 00:00:00,01/25/2014 00:00:00,"January",2014,,"",01/13/2014 18:04:45,"MOTS"
22,"WEEKLY",01/26/2014 00:00:00,02/01/2014 00:00:00,"January",2014,,"",01/13/2014 18:04:45,"MOTS"
23,"WEEKLY",02/02/2014 00:00:00,02/08/2014 00:00:00,"February",2014,,"",01/13/2014 18:04:45,"MOTS"
24,"WEEKLY",02/09/2014 00:00:00,02/15/2014 00:00:00,"February",2014,,"",01/13/2014 18:04:45,"MOTS"
25,"WEEKLY",02/16/2014 00:00:00,02/22/2014 00:00:00,"February",2014,,"",01/13/2014 18:04:45,"MOTS"
26,"WEEKLY",02/23/2014 00:00:00,03/01/2014 00:00:00,"February",2014,,"",01/13/2014 18:04:45,"MOTS"
27,"WEEKLY",03/02/2014 00:00:00,03/08/2014 00:00:00,"March",2014,,"",01/13/2014 18:04:45,"MOTS"
28,"WEEKLY",03/09/2014 00:00:00,03/15/2014 00:00:00,"March",2014,,"",01/13/2014 18:04:45,"MOTS"
29,"WEEKLY",03/16/2014 00:00:00,03/22/2014 00:00:00,"March",2014,,"",01/13/2014 18:04:45,"MOTS"
30,"WEEKLY",03/23/2014 00:00:00,03/29/2014 00:00:00,"March",2014,,"",01/13/2014 18:04:45,"MOTS"
31,"WEEKLY",03/30/2014 00:00:00,04/05/2014 00:00:00,"April",2014,,"",01/13/2014 18:04:45,"MOTS"
32,"WEEKLY",04/06/2014 00:00:00,04/12/2014 00:00:00,"April",2014,,"",01/13/2014 18:04:45,"MOTS"
33,"WEEKLY",04/13/2014 00:00:00,04/19/2014 00:00:00,"April",2014,,"",01/13/2014 18:04:45,"MOTS"
34,"WEEKLY",04/20/2014 00:00:00,04/26/2014 00:00:00,"April",2014,,"",01/13/2014 18:04:45,"MOTS"
35,"WEEKLY",04/27/2014 00:00:00,05/03/2014 00:00:00,"April",2014,,"",01/13/2014 18:04:45,"MOTS"
36,"WEEKLY",05/04/2014 00:00:00,05/10/2014 00:00:00,"May",2014,,"",01/13/2014 18:04:45,"MOTS"
37,"WEEKLY",05/11/2014 00:00:00,05/17/2014 00:00:00,"May",2014,,"",01/13/2014 18:04:45,"MOTS"
38,"WEEKLY",05/18/2014 00:00:00,05/24/2014 00:00:00,"May",2014,,"",01/13/2014 18:04:45,"MOTS"
39,"WEEKLY",05/25/2014 00:00:00,05/31/2014 00:00:00,"May",2014,,"",01/13/2014 18:04:45,"MOTS"
40,"WEEKLY",06/01/2014 00:00:00,06/07/2014 00:00:00,"June",2014,,"",01/13/2014 18:04:45,"MOTS"
41,"WEEKLY",06/08/2014 00:00:00,06/14/2014 00:00:00,"June",2014,,"",01/13/2014 18:04:45,"MOTS"
42,"WEEKLY",06/15/2014 00:00:00,06/21/2014 00:00:00,"June",2014,,"",01/13/2014 18:04:45,"MOTS"
43,"WEEKLY",06/22/2014 00:00:00,06/28/2014 00:00:00,"June",2014,,"",01/13/2014 18:04:45,"MOTS"
44,"WEEKLY",06/29/2014 00:00:00,07/05/2014 00:00:00,"July",2014,,"",01/13/2014 18:04:45,"MOTS"
45,"WEEKLY",07/06/2014 00:00:00,07/12/2014 00:00:00,"July",2014,,"",01/13/2014 18:04:45,"MOTS"
46,"WEEKLY",07/13/2014 00:00:00,07/19/2014 00:00:00,"July",2014,,"",01/13/2014 18:04:45,"MOTS"
47,"WEEKLY",07/20/2014 00:00:00,07/26/2014 00:00:00,"July",2014,,"",01/13/2014 18:04:45,"MOTS"
48,"WEEKLY",07/27/2014 00:00:00,08/02/2014 00:00:00,"July",2014,,"",01/13/2014 18:04:45,"MOTS"
49,"WEEKLY",08/03/2014 00:00:00,08/09/2014 00:00:00,"August",2014,,"",01/13/2014 18:04:45,"MOTS"
50,"WEEKLY",08/10/2014 00:00:00,08/16/2014 00:00:00,"August",2014,,"",01/13/2014 18:04:45,"MOTS"
51,"WEEKLY",08/17/2014 00:00:00,08/23/2014 00:00:00,"August",2014,,"",01/13/2014 18:04:45,"MOTS"
52,"WEEKLY",08/24/2014 00:00:00,08/30/2014 00:00:00,"August",2014,,"",01/13/2014 18:04:45,"MOTS"
53,"WEEKLY",08/31/2014 00:00:00,09/06/2014 00:00:00,"September",2014,,"",01/13/2014 18:04:45,"MOTS"
54,"WEEKLY",09/07/2014 00:00:00,09/13/2014 00:00:00,"September",2014,,"",01/13/2014 18:04:45,"MOTS"
55,"WEEKLY",09/14/2014 00:00:00,09/20/2014 00:00:00,"September",2014,,"",01/13/2014 18:04:45,"MOTS"
56,"WEEKLY",09/21/2014 00:00:00,09/27/2014 00:00:00,"September",2014,,"",01/13/2014 18:04:45,"MOTS"
57,"WEEKLY",09/28/2014 00:00:00,10/04/2014 00:00:00,"October",2014,,"",01/13/2014 18:04:45,"MOTS"
58,"WEEKLY",10/05/2014 00:00:00,10/11/2014 00:00:00,"October",2014,,"",01/13/2014 18:04:45,"MOTS"
59,"WEEKLY",10/12/2014 00:00:00,10/18/2014 00:00:00,"October",2014,,"",01/13/2014 18:04:45,"MOTS"
60,"WEEKLY",10/19/2014 00:00:00,10/25/2014 00:00:00,"October",2014,,"",01/13/2014 18:04:45,"MOTS"
61,"WEEKLY",10/26/2014 00:00:00,11/01/2014 00:00:00,"October",2014,,"",01/13/2014 18:04:45,"MOTS"
62,"WEEKLY",11/02/2014 00:00:00,11/08/2014 00:00:00,"November",2014,,"",01/13/2014 18:04:45,"MOTS"
63,"WEEKLY",11/09/2014 00:00:00,11/15/2014 00:00:00,"November",2014,,"",01/13/2014 18:04:45,"MOTS"
64,"WEEKLY",11/16/2014 00:00:00,11/22/2014 00:00:00,"November",2014,,"",01/13/2014 18:04:45,"MOTS"
65,"WEEKLY",11/23/2014 00:00:00,11/29/2014 00:00:00,"November",2014,,"",01/13/2014 18:04:45,"MOTS"
66,"WEEKLY",11/30/2014 00:00:00,12/06/2014 00:00:00,"December",2014,,"",01/13/2014 18:04:46,"MOTS"
67,"WEEKLY",12/07/2014 00:00:00,12/13/2014 00:00:00,"December",2014,,"",01/13/2014 18:04:46,"MOTS"
68,"WEEKLY",12/14/2014 00:00:00,12/20/2014 00:00:00,"December",2014,,"",01/13/2014 18:04:46,"MOTS"
69,"WEEKLY",12/21/2014 00:00:00,12/27/2014 00:00:00,"December",2014,,"",01/13/2014 18:04:46,"MOTS"
70,"WEEKLY",12/28/2014 00:00:00,01/03/2015 00:00:00,"December",2014,,"",01/13/2014 18:04:46,"MOTS"
71,"WEEKLY",01/04/2015 00:00:00,01/10/2015 00:00:00,"January",2015,,"",01/13/2014 18:04:46,"MOTS"
72,"WEEKLY",01/11/2015 00:00:00,01/17/2015 00:00:00,"January",2015,,"",01/13/2014 18:04:46,"MOTS"
73,"WEEKLY",01/18/2015 00:00:00,01/24/2015 00:00:00,"January",2015,,"",01/13/2014 18:04:46,"MOTS"
74,"WEEKLY",01/25/2015 00:00:00,01/31/2015 00:00:00,"January",2015,,"",01/13/2014 18:04:46,"MOTS"
75,"WEEKLY",02/01/2015 00:00:00,02/07/2015 00:00:00,"February",2015,,"",01/13/2014 18:04:46,"MOTS"
76,"WEEKLY",02/08/2015 00:00:00,02/14/2015 00:00:00,"February",2015,,"",01/13/2014 18:04:46,"MOTS"
77,"WEEKLY",02/15/2015 00:00:00,02/21/2015 00:00:00,"February",2015,,"",01/13/2014 18:04:46,"MOTS"
78,"WEEKLY",02/22/2015 00:00:00,02/28/2015 00:00:00,"February",2015,,"",01/13/2014 18:04:46,"MOTS"
79,"WEEKLY",03/01/2015 00:00:00,03/07/2015 00:00:00,"March",2015,,"",01/13/2014 18:04:46,"MOTS"
80,"WEEKLY",03/08/2015 00:00:00,03/14/2015 00:00:00,"March",2015,,"",01/13/2014 18:04:46,"MOTS"
81,"WEEKLY",03/15/2015 00:00:00,03/21/2015 00:00:00,"March",2015,,"",01/13/2014 18:04:46,"MOTS"
82,"WEEKLY",03/22/2015 00:00:00,03/28/2015 00:00:00,"March",2015,,"",01/13/2014 18:04:46,"MOTS"
83,"WEEKLY",03/29/2015 00:00:00,04/04/2015 00:00:00,"April",2015,,"",01/13/2014 18:04:46,"MOTS"
84,"WEEKLY",04/05/2015 00:00:00,04/11/2015 00:00:00,"April",2015,,"",01/13/2014 18:04:46,"MOTS"
85,"WEEKLY",04/12/2015 00:00:00,04/18/2015 00:00:00,"April",2015,,"",01/13/2014 18:04:46,"MOTS"
86,"WEEKLY",04/19/2015 00:00:00,04/25/2015 00:00:00,"April",2015,,"",01/13/2014 18:04:46,"MOTS"
87,"WEEKLY",04/26/2015 00:00:00,05/02/2015 00:00:00,"April",2015,,"",01/13/2014 18:04:46,"MOTS"
88,"WEEKLY",05/03/2015 00:00:00,05/09/2015 00:00:00,"May",2015,,"",01/13/2014 18:04:46,"MOTS"
89,"WEEKLY",05/10/2015 00:00:00,05/16/2015 00:00:00,"May",2015,,"",01/13/2014 18:04:46,"MOTS"
90,"WEEKLY",05/17/2015 00:00:00,05/23/2015 00:00:00,"May",2015,,"",01/13/2014 18:04:46,"MOTS"
91,"WEEKLY",05/24/2015 00:00:00,05/30/2015 00:00:00,"May",2015,,"",01/13/2014 18:04:46,"MOTS"
92,"WEEKLY",05/31/2015 00:00:00,06/06/2015 00:00:00,"June",2015,,"",01/13/2014 18:04:46,"MOTS"
93,"WEEKLY",06/07/2015 00:00:00,06/13/2015 00:00:00,"June",2015,,"",01/13/2014 18:04:46,"MOTS"
94,"WEEKLY",06/14/2015 00:00:00,06/20/2015 00:00:00,"June",2015,,"",01/13/2014 18:04:46,"MOTS"
95,"WEEKLY",06/21/2015 00:00:00,06/27/2015 00:00:00,"June",2015,,"",01/13/2014 18:04:46,"MOTS"
96,"WEEKLY",06/28/2015 00:00:00,07/04/2015 00:00:00,"July",2015,,"",01/13/2014 18:04:46,"MOTS"
97,"WEEKLY",07/05/2015 00:00:00,07/11/2015 00:00:00,"July",2015,,"",01/13/2014 18:04:46,"MOTS"
98,"WEEKLY",07/12/2015 00:00:00,07/18/2015 00:00:00,"July",2015,,"",01/13/2014 18:04:46,"MOTS"
99,"WEEKLY",07/19/2015 00:00:00,07/25/2015 00:00:00,"July",2015,,"",01/13/2014 18:04:46,"MOTS"
100,"WEEKLY",07/26/2015 00:00:00,08/01/2015 00:00:00,"August",2015,,"",01/13/2014 18:04:46,"MOTS"
101,"WEEKLY",08/02/2015 00:00:00,08/08/2015 00:00:00,"August",2015,,"",01/13/2014 18:04:46,"MOTS"
102,"WEEKLY",08/09/2015 00:00:00,08/15/2015 00:00:00,"August",2015,,"",01/13/2014 18:04:46,"MOTS"
103,"WEEKLY",08/16/2015 00:00:00,08/22/2015 00:00:00,"August",2015,,"",01/13/2014 18:04:46,"MOTS"
104,"WEEKLY",08/23/2015 00:00:00,08/29/2015 00:00:00,"August",2015,,"",01/13/2014 18:04:46,"MOTS"
105,"WEEKLY",08/30/2015 00:00:00,09/05/2015 00:00:00,"September",2015,,"",01/13/2014 18:04:46,"MOTS"
106,"WEEKLY",09/06/2015 00:00:00,09/12/2015 00:00:00,"September",2015,,"",01/13/2014 18:04:46,"MOTS"
107,"WEEKLY",09/13/2015 00:00:00,09/19/2015 00:00:00,"September",2015,,"",01/13/2014 18:04:46,"MOTS"
108,"WEEKLY",09/20/2015 00:00:00,09/26/2015 00:00:00,"September",2015,,"",01/13/2014 18:04:46,"MOTS"
109,"WEEKLY",09/27/2015 00:00:00,10/03/2015 00:00:00,"September",2015,,"",01/13/2014 18:04:46,"MOTS"
110,"WEEKLY",10/04/2015 00:00:00,10/10/2015 00:00:00,"October",2015,,"",01/13/2014 18:04:46,"MOTS"
111,"WEEKLY",10/11/2015 00:00:00,10/17/2015 00:00:00,"October",2015,,"",01/13/2014 18:04:46,"MOTS"
112,"WEEKLY",10/18/2015 00:00:00,10/24/2015 00:00:00,"October",2015,,"",01/13/2014 18:04:46,"MOTS"
113,"WEEKLY",10/25/2015 00:00:00,10/31/2015 00:00:00,"October",2015,,"",01/13/2014 18:04:46,"MOTS"
114,"WEEKLY",11/01/2015 00:00:00,11/07/2015 00:00:00,"November",2015,,"",01/13/2014 18:04:46,"MOTS"
115,"WEEKLY",11/08/2015 00:00:00,11/14/2015 00:00:00,"November",2015,,"",01/13/2014 18:04:46,"MOTS"
116,"WEEKLY",11/15/2015 00:00:00,11/21/2015 00:00:00,"November",2015,,"",01/13/2014 18:04:46,"MOTS"
117,"WEEKLY",11/22/2015 00:00:00,11/28/2015 00:00:00,"November",2015,,"",01/13/2014 18:04:46,"MOTS"
118,"WEEKLY",11/29/2015 00:00:00,12/05/2015 00:00:00,"December",2015,,"",01/13/2014 18:04:46,"MOTS"
119,"WEEKLY",12/06/2015 00:00:00,12/12/2015 00:00:00,"December",2015,,"",01/13/2014 18:04:46,"MOTS"
120,"WEEKLY",12/13/2015 00:00:00,12/19/2015 00:00:00,"December",2015,,"",01/13/2014 18:04:46,"MOTS"
121,"WEEKLY",12/20/2015 00:00:00,12/26/2015 00:00:00,"December",2015,,"",01/13/2014 18:04:46,"MOTS"
122,"WEEKLY",12/27/2015 00:00:00,01/02/2016 00:00:00,"December",2015,,"",01/13/2014 18:04:46,"MOTS"
123,"WEEKLY",01/03/2016 00:00:00,01/09/2016 00:00:00,"January",2016,,"",01/13/2014 18:04:46,"MOTS"
124,"WEEKLY",01/10/2016 00:00:00,01/16/2016 00:00:00,"January",2016,,"",01/13/2014 18:04:46,"MOTS"
125,"WEEKLY",01/17/2016 00:00:00,01/23/2016 00:00:00,"January",2016,,"",01/13/2014 18:04:46,"MOTS"
126,"WEEKLY",01/24/2016 00:00:00,01/30/2016 00:00:00,"January",2016,,"",01/13/2014 18:04:46,"MOTS"
127,"WEEKLY",01/31/2016 00:00:00,02/06/2016 00:00:00,"February",2016,,"",01/13/2014 18:04:46,"MOTS"
128,"WEEKLY",02/07/2016 00:00:00,02/13/2016 00:00:00,"February",2016,,"",01/13/2014 18:04:46,"MOTS"
129,"WEEKLY",02/14/2016 00:00:00,02/20/2016 00:00:00,"February",2016,,"",01/13/2014 18:04:46,"MOTS"
130,"WEEKLY",02/21/2016 00:00:00,02/27/2016 00:00:00,"February",2016,,"",01/13/2014 18:04:46,"MOTS"
131,"WEEKLY",02/28/2016 00:00:00,03/05/2016 00:00:00,"March",2016,,"",01/13/2014 18:04:46,"MOTS"
132,"WEEKLY",03/06/2016 00:00:00,03/12/2016 00:00:00,"March",2016,,"",01/13/2014 18:04:46,"MOTS"
133,"WEEKLY",03/13/2016 00:00:00,03/19/2016 00:00:00,"March",2016,,"",01/13/2014 18:04:46,"MOTS"
134,"WEEKLY",03/20/2016 00:00:00,03/26/2016 00:00:00,"March",2016,,"",01/13/2014 18:04:46,"MOTS"
135,"WEEKLY",03/27/2016 00:00:00,04/02/2016 00:00:00,"March",2016,,"",01/13/2014 18:04:46,"MOTS"
136,"WEEKLY",04/03/2016 00:00:00,04/09/2016 00:00:00,"April",2016,,"",01/13/2014 18:04:46,"MOTS"
137,"WEEKLY",04/10/2016 00:00:00,04/16/2016 00:00:00,"April",2016,,"",01/13/2014 18:04:46,"MOTS"
138,"WEEKLY",04/17/2016 00:00:00,04/23/2016 00:00:00,"April",2016,,"",01/13/2014 18:04:46,"MOTS"
139,"WEEKLY",04/24/2016 00:00:00,04/30/2016 00:00:00,"April",2016,,"",01/13/2014 18:04:46,"MOTS"
140,"WEEKLY",05/01/2016 00:00:00,05/07/2016 00:00:00,"May",2016,,"",01/13/2014 18:04:46,"MOTS"
141,"WEEKLY",05/08/2016 00:00:00,05/14/2016 00:00:00,"May",2016,,"",01/13/2014 18:04:46,"MOTS"
142,"WEEKLY",05/15/2016 00:00:00,05/21/2016 00:00:00,"May",2016,,"",01/13/2014 18:04:46,"MOTS"
143,"WEEKLY",05/22/2016 00:00:00,05/28/2016 00:00:00,"May",2016,,"",01/13/2014 18:04:46,"MOTS"
144,"WEEKLY",05/29/2016 00:00:00,06/04/2016 00:00:00,"June",2016,,"",01/13/2014 18:04:46,"MOTS"
145,"WEEKLY",06/05/2016 00:00:00,06/11/2016 00:00:00,"June",2016,,"",01/13/2014 18:04:46,"MOTS"
146,"WEEKLY",06/12/2016 00:00:00,06/18/2016 00:00:00,"June",2016,,"",01/13/2014 18:04:46,"MOTS"
147,"WEEKLY",06/19/2016 00:00:00,06/25/2016 00:00:00,"June",2016,,"",01/13/2014 18:04:46,"MOTS"
148,"WEEKLY",06/26/2016 00:00:00,07/02/2016 00:00:00,"June",2016,,"",01/13/2014 18:04:46,"MOTS"
149,"WEEKLY",07/03/2016 00:00:00,07/09/2016 00:00:00,"July",2016,,"",01/13/2014 18:04:46,"MOTS"
150,"WEEKLY",07/10/2016 00:00:00,07/16/2016 00:00:00,"July",2016,,"",01/13/2014 18:04:46,"MOTS"
151,"WEEKLY",07/17/2016 00:00:00,07/23/2016 00:00:00,"July",2016,,"",01/13/2014 18:04:46,"MOTS"
152,"WEEKLY",07/24/2016 00:00:00,07/30/2016 00:00:00,"July",2016,,"",01/13/2014 18:04:46,"MOTS"
153,"WEEKLY",07/31/2016 00:00:00,08/06/2016 00:00:00,"August",2016,,"",01/13/2014 18:04:46,"MOTS"
154,"WEEKLY",08/07/2016 00:00:00,08/13/2016 00:00:00,"August",2016,,"",01/13/2014 18:04:47,"MOTS"
155,"WEEKLY",08/14/2016 00:00:00,08/20/2016 00:00:00,"August",2016,,"",01/13/2014 18:04:47,"MOTS"
156,"WEEKLY",08/21/2016 00:00:00,08/27/2016 00:00:00,"August",2016,,"",01/13/2014 18:04:47,"MOTS"
157,"WEEKLY",08/28/2016 00:00:00,09/03/2016 00:00:00,"August",2016,,"",01/13/2014 18:04:47,"MOTS"
158,"WEEKLY",09/04/2016 00:00:00,09/10/2016 00:00:00,"September",2016,,"",01/13/2014 18:04:47,"MOTS"
159,"WEEKLY",09/11/2016 00:00:00,09/17/2016 00:00:00,"September",2016,,"",01/13/2014 18:04:47,"MOTS"
160,"WEEKLY",09/18/2016 00:00:00,09/24/2016 00:00:00,"September",2016,,"",01/13/2014 18:04:47,"MOTS"
161,"WEEKLY",09/25/2016 00:00:00,10/01/2016 00:00:00,"September",2016,,"",01/13/2014 18:04:47,"MOTS"
162,"WEEKLY",10/02/2016 00:00:00,10/08/2016 00:00:00,"October",2016,,"",01/13/2014 18:04:47,"MOTS"
163,"WEEKLY",10/09/2016 00:00:00,10/15/2016 00:00:00,"October",2016,,"",01/13/2014 18:04:47,"MOTS"
164,"WEEKLY",10/16/2016 00:00:00,10/22/2016 00:00:00,"October",2016,,"",01/13/2014 18:04:47,"MOTS"
165,"WEEKLY",10/23/2016 00:00:00,10/29/2016 00:00:00,"October",2016,,"",01/13/2014 18:04:47,"MOTS"
166,"WEEKLY",10/30/2016 00:00:00,11/05/2016 00:00:00,"November",2016,,"",01/13/2014 18:04:47,"MOTS"
167,"WEEKLY",11/06/2016 00:00:00,11/12/2016 00:00:00,"November",2016,,"",01/13/2014 18:04:47,"MOTS"
168,"WEEKLY",11/13/2016 00:00:00,11/19/2016 00:00:00,"November",2016,,"",01/13/2014 18:04:47,"MOTS"
169,"WEEKLY",11/20/2016 00:00:00,11/26/2016 00:00:00,"November",2016,,"",01/13/2014 18:04:47,"MOTS"
170,"WEEKLY",11/27/2016 00:00:00,12/03/2016 00:00:00,"November",2016,,"",01/13/2014 18:04:47,"MOTS"
171,"WEEKLY",12/04/2016 00:00:00,12/10/2016 00:00:00,"December",2016,,"",01/13/2014 18:04:47,"MOTS"
172,"WEEKLY",12/11/2016 00:00:00,12/17/2016 00:00:00,"December",2016,,"",01/13/2014 18:04:47,"MOTS"
173,"WEEKLY",12/18/2016 00:00:00,12/24/2016 00:00:00,"December",2016,,"",01/13/2014 18:04:47,"MOTS"
174,"WEEKLY",12/25/2016 00:00:00,12/31/2016 00:00:00,"December",2016,,"",01/13/2014 18:04:47,"MOTS"
175,"WEEKLY",01/01/2017 00:00:00,01/07/2017 00:00:00,"January",2017,,"",01/13/2014 18:04:47,"MOTS"
176,"WEEKLY",01/08/2017 00:00:00,01/14/2017 00:00:00,"January",2017,,"",01/13/2014 18:04:47,"MOTS"
177,"WEEKLY",01/15/2017 00:00:00,01/21/2017 00:00:00,"January",2017,,"",01/13/2014 18:04:47,"MOTS"
178,"WEEKLY",01/22/2017 00:00:00,01/28/2017 00:00:00,"January",2017,,"",01/13/2014 18:04:47,"MOTS"
179,"WEEKLY",01/29/2017 00:00:00,02/04/2017 00:00:00,"February",2017,,"",01/13/2014 18:04:47,"MOTS"
180,"WEEKLY",02/05/2017 00:00:00,02/11/2017 00:00:00,"February",2017,,"",01/13/2014 18:04:47,"MOTS"
181,"WEEKLY",02/12/2017 00:00:00,02/18/2017 00:00:00,"February",2017,,"",01/13/2014 18:04:47,"MOTS"
182,"WEEKLY",02/19/2017 00:00:00,02/25/2017 00:00:00,"February",2017,,"",01/13/2014 18:04:47,"MOTS"
183,"WEEKLY",02/26/2017 00:00:00,03/04/2017 00:00:00,"March",2017,,"",01/13/2014 18:04:47,"MOTS"
184,"WEEKLY",03/05/2017 00:00:00,03/11/2017 00:00:00,"March",2017,,"",01/13/2014 18:04:47,"MOTS"
185,"WEEKLY",03/12/2017 00:00:00,03/18/2017 00:00:00,"March",2017,,"",01/13/2014 18:04:47,"MOTS"
186,"WEEKLY",03/19/2017 00:00:00,03/25/2017 00:00:00,"March",2017,,"",01/13/2014 18:04:47,"MOTS"
187,"WEEKLY",03/26/2017 00:00:00,04/01/2017 00:00:00,"April",2017,,"",01/13/2014 18:04:47,"MOTS"
188,"WEEKLY",04/02/2017 00:00:00,04/08/2017 00:00:00,"April",2017,,"",01/13/2014 18:04:47,"MOTS"
189,"WEEKLY",04/09/2017 00:00:00,04/15/2017 00:00:00,"April",2017,,"",01/13/2014 18:04:47,"MOTS"
190,"WEEKLY",04/16/2017 00:00:00,04/22/2017 00:00:00,"April",2017,,"",01/13/2014 18:04:47,"MOTS"
191,"WEEKLY",04/23/2017 00:00:00,04/29/2017 00:00:00,"April",2017,,"",01/13/2014 18:04:47,"MOTS"
192,"WEEKLY",04/30/2017 00:00:00,05/06/2017 00:00:00,"May",2017,,"",01/13/2014 18:04:47,"MOTS"
193,"WEEKLY",05/07/2017 00:00:00,05/13/2017 00:00:00,"May",2017,,"",01/13/2014 18:04:47,"MOTS"
194,"WEEKLY",05/14/2017 00:00:00,05/20/2017 00:00:00,"May",2017,,"",01/13/2014 18:04:47,"MOTS"
195,"WEEKLY",05/21/2017 00:00:00,05/27/2017 00:00:00,"May",2017,,"",01/13/2014 18:04:47,"MOTS"
196,"WEEKLY",05/28/2017 00:00:00,06/03/2017 00:00:00,"May",2017,,"",01/13/2014 18:04:47,"MOTS"
197,"WEEKLY",06/04/2017 00:00:00,06/10/2017 00:00:00,"June",2017,,"",01/13/2014 18:04:47,"MOTS"
198,"WEEKLY",06/11/2017 00:00:00,06/17/2017 00:00:00,"June",2017,,"",01/13/2014 18:04:47,"MOTS"
199,"WEEKLY",06/18/2017 00:00:00,06/24/2017 00:00:00,"June",2017,,"",01/13/2014 18:04:47,"MOTS"
200,"WEEKLY",06/25/2017 00:00:00,07/01/2017 00:00:00,"June",2017,,"",01/13/2014 18:04:47,"MOTS"
201,"WEEKLY",07/02/2017 00:00:00,07/08/2017 00:00:00,"July",2017,,"",01/13/2014 18:04:47,"MOTS"
202,"WEEKLY",07/09/2017 00:00:00,07/15/2017 00:00:00,"July",2017,,"",01/13/2014 18:04:47,"MOTS"
203,"WEEKLY",07/16/2017 00:00:00,07/22/2017 00:00:00,"July",2017,,"",01/13/2014 18:04:47,"MOTS"
204,"WEEKLY",07/23/2017 00:00:00,07/29/2017 00:00:00,"July",2017,,"",01/13/2014 18:04:47,"MOTS"
205,"WEEKLY",07/30/2017 00:00:00,08/05/2017 00:00:00,"August",2017,,"",01/13/2014 18:04:47,"MOTS"
206,"WEEKLY",08/06/2017 00:00:00,08/12/2017 00:00:00,"August",2017,,"",01/13/2014 18:04:47,"MOTS"
207,"WEEKLY",08/13/2017 00:00:00,08/19/2017 00:00:00,"August",2017,,"",01/13/2014 18:04:47,"MOTS"
208,"WEEKLY",08/20/2017 00:00:00,08/26/2017 00:00:00,"August",2017,,"",01/13/2014 18:04:47,"MOTS"
209,"WEEKLY",08/27/2017 00:00:00,09/02/2017 00:00:00,"August",2017,,"",01/13/2014 18:04:47,"MOTS"
210,"WEEKLY",09/03/2017 00:00:00,09/09/2017 00:00:00,"September",2017,,"",01/13/2014 18:04:47,"MOTS"
211,"WEEKLY",09/10/2017 00:00:00,09/16/2017 00:00:00,"September",2017,,"",01/13/2014 18:04:47,"MOTS"
212,"WEEKLY",09/17/2017 00:00:00,09/23/2017 00:00:00,"September",2017,,"",01/13/2014 18:04:47,"MOTS"
213,"WEEKLY",09/24/2017 00:00:00,09/30/2017 00:00:00,"September",2017,,"",01/13/2014 18:04:47,"MOTS"
214,"WEEKLY",10/01/2017 00:00:00,10/07/2017 00:00:00,"October",2017,,"",01/13/2014 18:04:47,"MOTS"
215,"WEEKLY",10/08/2017 00:00:00,10/14/2017 00:00:00,"October",2017,,"",01/13/2014 18:04:47,"MOTS"
216,"WEEKLY",10/15/2017 00:00:00,10/21/2017 00:00:00,"October",2017,,"",01/13/2014 18:04:47,"MOTS"
217,"WEEKLY",10/22/2017 00:00:00,10/28/2017 00:00:00,"October",2017,,"",01/13/2014 18:04:47,"MOTS"
218,"WEEKLY",10/29/2017 00:00:00,11/04/2017 00:00:00,"November",2017,,"",01/13/2014 18:04:47,"MOTS"
219,"WEEKLY",11/05/2017 00:00:00,11/11/2017 00:00:00,"November",2017,,"",01/13/2014 18:04:47,"MOTS"
220,"WEEKLY",11/12/2017 00:00:00,11/18/2017 00:00:00,"November",2017,,"",01/13/2014 18:04:47,"MOTS"
221,"WEEKLY",11/19/2017 00:00:00,11/25/2017 00:00:00,"November",2017,,"",01/13/2014 18:04:47,"MOTS"
222,"WEEKLY",11/26/2017 00:00:00,12/02/2017 00:00:00,"November",2017,,"",01/13/2014 18:04:47,"MOTS"
223,"WEEKLY",12/03/2017 00:00:00,12/09/2017 00:00:00,"December",2017,,"",01/13/2014 18:04:47,"MOTS"
224,"WEEKLY",12/10/2017 00:00:00,12/16/2017 00:00:00,"December",2017,,"",01/13/2014 18:04:47,"MOTS"
225,"WEEKLY",12/17/2017 00:00:00,12/23/2017 00:00:00,"December",2017,,"",01/13/2014 18:04:47,"MOTS"
226,"WEEKLY",12/24/2017 00:00:00,12/30/2017 00:00:00,"December",2017,,"",01/13/2014 18:04:47,"MOTS"
227,"WEEKLY",12/31/2017 00:00:00,01/06/2018 00:00:00,"January",2018,,"",01/13/2014 18:04:47,"MOTS"
228,"WEEKLY",01/07/2018 00:00:00,01/13/2018 00:00:00,"January",2018,,"",01/13/2014 18:04:47,"MOTS"
229,"WEEKLY",01/14/2018 00:00:00,01/20/2018 00:00:00,"January",2018,,"",01/13/2014 18:04:47,"MOTS"
230,"WEEKLY",01/21/2018 00:00:00,01/27/2018 00:00:00,"January",2018,,"",01/13/2014 18:04:47,"MOTS"
231,"WEEKLY",01/28/2018 00:00:00,02/03/2018 00:00:00,"January",2018,,"",01/13/2014 18:04:47,"MOTS"
232,"WEEKLY",02/04/2018 00:00:00,02/10/2018 00:00:00,"February",2018,,"",01/13/2014 18:04:47,"MOTS"
233,"WEEKLY",02/11/2018 00:00:00,02/17/2018 00:00:00,"February",2018,,"",01/13/2014 18:04:47,"MOTS"
234,"WEEKLY",02/18/2018 00:00:00,02/24/2018 00:00:00,"February",2018,,"",01/13/2014 18:04:47,"MOTS"
235,"WEEKLY",02/25/2018 00:00:00,03/03/2018 00:00:00,"February",2018,,"",01/13/2014 18:04:47,"MOTS"
236,"WEEKLY",03/04/2018 00:00:00,03/10/2018 00:00:00,"March",2018,,"",01/13/2014 18:04:47,"MOTS"
237,"WEEKLY",03/11/2018 00:00:00,03/17/2018 00:00:00,"March",2018,,"",01/13/2014 18:04:47,"MOTS"
238,"WEEKLY",03/18/2018 00:00:00,03/24/2018 00:00:00,"March",2018,,"",01/13/2014 18:04:47,"MOTS"
239,"WEEKLY",03/25/2018 00:00:00,03/31/2018 00:00:00,"March",2018,,"",01/13/2014 18:04:47,"MOTS"
240,"WEEKLY",04/01/2018 00:00:00,04/07/2018 00:00:00,"April",2018,,"",01/13/2014 18:04:47,"MOTS"
241,"WEEKLY",04/08/2018 00:00:00,04/14/2018 00:00:00,"April",2018,,"",01/13/2014 18:04:47,"MOTS"
242,"WEEKLY",04/15/2018 00:00:00,04/21/2018 00:00:00,"April",2018,,"",01/13/2014 18:04:47,"MOTS"
243,"WEEKLY",04/22/2018 00:00:00,04/28/2018 00:00:00,"April",2018,,"",01/13/2014 18:04:47,"MOTS"
244,"WEEKLY",04/29/2018 00:00:00,05/05/2018 00:00:00,"May",2018,,"",01/13/2014 18:04:47,"MOTS"
245,"WEEKLY",05/06/2018 00:00:00,05/12/2018 00:00:00,"May",2018,,"",01/13/2014 18:04:47,"MOTS"
246,"WEEKLY",05/13/2018 00:00:00,05/19/2018 00:00:00,"May",2018,,"",01/13/2014 18:04:47,"MOTS"
247,"WEEKLY",05/20/2018 00:00:00,05/26/2018 00:00:00,"May",2018,,"",01/13/2014 18:04:47,"MOTS"
248,"WEEKLY",05/27/2018 00:00:00,06/02/2018 00:00:00,"May",2018,,"",01/13/2014 18:04:47,"MOTS"
249,"WEEKLY",06/03/2018 00:00:00,06/09/2018 00:00:00,"June",2018,,"",01/13/2014 18:04:47,"MOTS"
250,"WEEKLY",06/10/2018 00:00:00,06/16/2018 00:00:00,"June",2018,,"",01/13/2014 18:04:47,"MOTS"
