<?xml version = '1.0' encoding = 'UTF-8'?>
<TableProxySqlServerv2k5 class="oracle.dbtools.crest.model.design.storage.sqlserver.v2k5.TableProxySqlServerv2k5" name="ComplaintDocument" directorySegmentName="seg_0" id="01576BEF-0787-C155-90CC-0C43CFA738FE">
<createdBy>david.moore</createdBy>
<createdTime>2015-01-12 09:17:59 UTC</createdTime>
<ownerDesignName>HWSInternal_12_01_2015</ownerDesignName>
<schemaObject>4993326C-B30F-C6B0-E968-1DB9CB2436BE</schemaObject>
<database>87F335AC-6593-0972-57CD-EF38C413D6F0</database>
<filegroup>94874A7E-4F3A-9D3E-43D7-E90A0EE21714</filegroup>
<schema>12</schema>
<textImageFG>94874A7E-4F3A-9D3E-43D7-E90A0EE21714</textImageFG>
<columnProxies>
<ColumnProxy class="oracle.dbtools.crest.model.design.storage.sqlserver.v2k5.ColumnProxySqlServerv2k5" name="Id" id="101B530C-C122-3B43-87AE-C3506E90E9A9">
<createdBy>david.moore</createdBy>
<createdTime>2015-01-12 09:17:59 UTC</createdTime>
<ownerDesignName>HWSInternal_12_01_2015</ownerDesignName>
</ColumnProxy>
<ColumnProxy class="oracle.dbtools.crest.model.design.storage.sqlserver.v2k5.ColumnProxySqlServerv2k5" name="Data" id="131371AD-FAAE-54D6-0AF9-4DFD085DFA35">
<createdBy>david.moore</createdBy>
<createdTime>2015-01-12 09:17:59 UTC</createdTime>
<ownerDesignName>HWSInternal_12_01_2015</ownerDesignName>
</ColumnProxy>
<ColumnProxy class="oracle.dbtools.crest.model.design.storage.sqlserver.v2k5.ColumnProxySqlServerv2k5" name="ComplaintId" id="16B0F6B5-34A0-622D-0D94-BE79AE798544">
<createdBy>david.moore</createdBy>
<createdTime>2015-01-12 09:17:59 UTC</createdTime>
<ownerDesignName>HWSInternal_12_01_2015</ownerDesignName>
</ColumnProxy>
<ColumnProxy class="oracle.dbtools.crest.model.design.storage.sqlserver.v2k5.ColumnProxySqlServerv2k5" name="IsDeleted" id="2DEB939B-A9BD-FB94-3575-849042248BAB">
<createdBy>david.moore</createdBy>
<createdTime>2015-01-12 09:17:59 UTC</createdTime>
<ownerDesignName>HWSInternal_12_01_2015</ownerDesignName>
</ColumnProxy>
<ColumnProxy class="oracle.dbtools.crest.model.design.storage.sqlserver.v2k5.ColumnProxySqlServerv2k5" name="UpdatedDate" id="43120B73-37DC-7DFC-0A89-73369D177C4B">
<createdBy>david.moore</createdBy>
<createdTime>2015-01-12 09:17:59 UTC</createdTime>
<ownerDesignName>HWSInternal_12_01_2015</ownerDesignName>
</ColumnProxy>
<ColumnProxy class="oracle.dbtools.crest.model.design.storage.sqlserver.v2k5.ColumnProxySqlServerv2k5" name="CreatedByUser" id="4350FA8A-D6EA-9DAE-408F-154105DDE756">
<createdBy>david.moore</createdBy>
<createdTime>2015-01-12 09:17:59 UTC</createdTime>
<ownerDesignName>HWSInternal_12_01_2015</ownerDesignName>
<collation>Latin1_General_CI_AS</collation>
</ColumnProxy>
<ColumnProxy class="oracle.dbtools.crest.model.design.storage.sqlserver.v2k5.ColumnProxySqlServerv2k5" name="CreatedDate" id="43704442-4A04-2F36-F901-FC24805FBBC9">
<createdBy>david.moore</createdBy>
<createdTime>2015-01-12 09:17:59 UTC</createdTime>
<ownerDesignName>HWSInternal_12_01_2015</ownerDesignName>
</ColumnProxy>
<ColumnProxy class="oracle.dbtools.crest.model.design.storage.sqlserver.v2k5.ColumnProxySqlServerv2k5" name="Description" id="449F56EC-6AD9-CB88-50F9-27D5B0E515E3">
<createdBy>david.moore</createdBy>
<createdTime>2015-01-12 09:17:59 UTC</createdTime>
<ownerDesignName>HWSInternal_12_01_2015</ownerDesignName>
<collation>Latin1_General_CI_AS</collation>
</ColumnProxy>
<ColumnProxy class="oracle.dbtools.crest.model.design.storage.sqlserver.v2k5.ColumnProxySqlServerv2k5" name="Size" id="4D7A121F-4317-A6F8-B71E-E201BAC9DDE7">
<createdBy>david.moore</createdBy>
<createdTime>2015-01-12 09:17:59 UTC</createdTime>
<ownerDesignName>HWSInternal_12_01_2015</ownerDesignName>
</ColumnProxy>
<ColumnProxy class="oracle.dbtools.crest.model.design.storage.sqlserver.v2k5.ColumnProxySqlServerv2k5" name="UpdatedByUser" id="5B459AE8-518C-6404-25E0-A0686FAE3F1E">
<createdBy>david.moore</createdBy>
<createdTime>2015-01-12 09:17:59 UTC</createdTime>
<ownerDesignName>HWSInternal_12_01_2015</ownerDesignName>
<collation>Latin1_General_CI_AS</collation>
</ColumnProxy>
<ColumnProxy class="oracle.dbtools.crest.model.design.storage.sqlserver.v2k5.ColumnProxySqlServerv2k5" name="Category" id="79C90777-2695-5CEB-1663-18B89B292EAE">
<createdBy>david.moore</createdBy>
<createdTime>2015-01-12 09:17:59 UTC</createdTime>
<ownerDesignName>HWSInternal_12_01_2015</ownerDesignName>
<collation>Latin1_General_CI_AS</collation>
</ColumnProxy>
<ColumnProxy class="oracle.dbtools.crest.model.design.storage.sqlserver.v2k5.ColumnProxySqlServerv2k5" name="Filename" id="C9A497CD-A98B-6B61-CD9A-E869AAC85A7F">
<createdBy>david.moore</createdBy>
<createdTime>2015-01-12 09:17:59 UTC</createdTime>
<ownerDesignName>HWSInternal_12_01_2015</ownerDesignName>
<collation>Latin1_General_CI_AS</collation>
</ColumnProxy>
</columnProxies>
<foreignKeys>
<ForeignKey class="oracle.dbtools.crest.model.design.storage.sqlserver.v2k5.FKProxySqlServerv2k5" name="FK_ComplaintDocument_Complaint" id="2FBAAA04-187B-F7DC-62EE-DD6D920D1106">
<createdBy>david.moore</createdBy>
<createdTime>2015-01-12 09:18:00 UTC</createdTime>
<ownerDesignName>HWSInternal_12_01_2015</ownerDesignName>
</ForeignKey>
</foreignKeys>
<primaryKeys>
<PrimaryKey class="oracle.dbtools.crest.model.design.storage.sqlserver.v2k5.PKProxySqlServerv2k5" name="PK_ComplaintDocument" id="79BF6BD5-45E6-9254-9447-C4338A0D5A89">
<createdBy>david.moore</createdBy>
<createdTime>2015-01-12 09:17:59 UTC</createdTime>
<ownerDesignName>HWSInternal_12_01_2015</ownerDesignName>
<clustered>true</clustered>
<fileGroup>94874A7E-4F3A-9D3E-43D7-E90A0EE21714</fileGroup>
<recomputeStatistics>NO</recomputeStatistics>
</PrimaryKey>
</primaryKeys>
</TableProxySqlServerv2k5>