<?xml version = '1.0' encoding = 'UTF-8'?>
<TableProxySqlServerv2k5 class="oracle.dbtools.crest.model.design.storage.sqlserver.v2k5.TableProxySqlServerv2k5" name="CaseNoteType" directorySegmentName="seg_0" id="2FBA7B57-CDC6-BC9D-B731-7268F50ED3F0">
<createdBy>david.moore</createdBy>
<createdTime>2015-01-12 09:17:59 UTC</createdTime>
<ownerDesignName>HWSInternal_12_01_2015</ownerDesignName>
<schemaObject>C36C27C4-3D73-E53C-8ACE-D8FA87A1E516</schemaObject>
<database>87F335AC-6593-0972-57CD-EF38C413D6F0</database>
<filegroup>94874A7E-4F3A-9D3E-43D7-E90A0EE21714</filegroup>
<schema>7</schema>
<columnProxies>
<ColumnProxy class="oracle.dbtools.crest.model.design.storage.sqlserver.v2k5.ColumnProxySqlServerv2k5" name="Id" id="1F8DC44C-25EE-9AC8-D679-F45F0A9DC9ED">
<createdBy>david.moore</createdBy>
<createdTime>2015-01-12 09:17:59 UTC</createdTime>
<ownerDesignName>HWSInternal_12_01_2015</ownerDesignName>
</ColumnProxy>
<ColumnProxy class="oracle.dbtools.crest.model.design.storage.sqlserver.v2k5.ColumnProxySqlServerv2k5" name="Name" id="903C5521-922F-1567-398F-A4CEE671FBF7">
<createdBy>david.moore</createdBy>
<createdTime>2015-01-12 09:17:59 UTC</createdTime>
<ownerDesignName>HWSInternal_12_01_2015</ownerDesignName>
<collation>Latin1_General_CI_AS</collation>
</ColumnProxy>
</columnProxies>
<primaryKeys>
<PrimaryKey class="oracle.dbtools.crest.model.design.storage.sqlserver.v2k5.PKProxySqlServerv2k5" name="PK_CaseNoteType" id="3EC04967-546B-ACC4-0AA3-6C80BE5817CD">
<createdBy>david.moore</createdBy>
<createdTime>2015-01-12 09:17:59 UTC</createdTime>
<ownerDesignName>HWSInternal_12_01_2015</ownerDesignName>
<clustered>true</clustered>
<fileGroup>94874A7E-4F3A-9D3E-43D7-E90A0EE21714</fileGroup>
<recomputeStatistics>NO</recomputeStatistics>
</PrimaryKey>
</primaryKeys>
</TableProxySqlServerv2k5>