<?xml version = '1.0' encoding = 'UTF-8'?>
<TableProxySqlServerv2k5 class="oracle.dbtools.crest.model.design.storage.sqlserver.v2k5.TableProxySqlServerv2k5" name="sysdiagrams" directorySegmentName="seg_0" id="6BF55C54-4F84-AFB9-5147-3510E2CC29F8">
<createdBy>david.moore</createdBy>
<createdTime>2015-01-12 09:17:59 UTC</createdTime>
<ownerDesignName>HWSInternal_12_01_2015</ownerDesignName>
<schemaObject>4EB6B9C6-0365-2F78-E252-562BC729FF40</schemaObject>
<database>87F335AC-6593-0972-57CD-EF38C413D6F0</database>
<filegroup>94874A7E-4F3A-9D3E-43D7-E90A0EE21714</filegroup>
<props>microsoft_database_tools_suppo, 1</props>
<schema>1</schema>
<textImageFG>94874A7E-4F3A-9D3E-43D7-E90A0EE21714</textImageFG>
<columnProxies>
<ColumnProxy class="oracle.dbtools.crest.model.design.storage.sqlserver.v2k5.ColumnProxySqlServerv2k5" name="definition" id="15F93F7A-3044-BD41-71F6-F6BCACA2B96E">
<createdBy>david.moore</createdBy>
<createdTime>2015-01-12 09:17:59 UTC</createdTime>
<ownerDesignName>HWSInternal_12_01_2015</ownerDesignName>
</ColumnProxy>
<ColumnProxy class="oracle.dbtools.crest.model.design.storage.sqlserver.v2k5.ColumnProxySqlServerv2k5" name="name" id="1B3AD1AB-79FD-E4F3-0933-F94654070C5F">
<createdBy>david.moore</createdBy>
<createdTime>2015-01-12 09:17:59 UTC</createdTime>
<ownerDesignName>HWSInternal_12_01_2015</ownerDesignName>
<collation>Latin1_General_CI_AS</collation>
</ColumnProxy>
<ColumnProxy class="oracle.dbtools.crest.model.design.storage.sqlserver.v2k5.ColumnProxySqlServerv2k5" name="diagram_id" id="7502CED6-9011-06A2-AAF7-4343E969395B">
<createdBy>david.moore</createdBy>
<createdTime>2015-01-12 09:17:59 UTC</createdTime>
<ownerDesignName>HWSInternal_12_01_2015</ownerDesignName>
</ColumnProxy>
<ColumnProxy class="oracle.dbtools.crest.model.design.storage.sqlserver.v2k5.ColumnProxySqlServerv2k5" name="principal_id" id="B600F30E-FB72-970E-10D1-61BD3F1DFDA4">
<createdBy>david.moore</createdBy>
<createdTime>2015-01-12 09:17:59 UTC</createdTime>
<ownerDesignName>HWSInternal_12_01_2015</ownerDesignName>
</ColumnProxy>
<ColumnProxy class="oracle.dbtools.crest.model.design.storage.sqlserver.v2k5.ColumnProxySqlServerv2k5" name="version" id="DE47FBEB-05CD-245B-6865-393DBCF6DDCA">
<createdBy>david.moore</createdBy>
<createdTime>2015-01-12 09:17:59 UTC</createdTime>
<ownerDesignName>HWSInternal_12_01_2015</ownerDesignName>
</ColumnProxy>
</columnProxies>
<primaryKeys>
<PrimaryKey class="oracle.dbtools.crest.model.design.storage.sqlserver.v2k5.PKProxySqlServerv2k5" name="PK__sysdiagr__C2B05B6109DE7BCC" id="D76042C0-677E-A592-20A8-14ED9451C49A">
<createdBy>david.moore</createdBy>
<createdTime>2015-01-12 09:17:59 UTC</createdTime>
<ownerDesignName>HWSInternal_12_01_2015</ownerDesignName>
<clustered>true</clustered>
<fileGroup>94874A7E-4F3A-9D3E-43D7-E90A0EE21714</fileGroup>
<recomputeStatistics>NO</recomputeStatistics>
</PrimaryKey>
</primaryKeys>
<uniqueKeys>
<UniqueKey class="oracle.dbtools.crest.model.design.storage.sqlserver.v2k5.UniqueProxySqlServerv2k5" name="UK_principal_name" id="5570E29F-9D02-2D41-7ED1-2B87AC485943">
<createdBy>david.moore</createdBy>
<createdTime>2015-01-12 09:17:59 UTC</createdTime>
<ownerDesignName>HWSInternal_12_01_2015</ownerDesignName>
<fileGroup>94874A7E-4F3A-9D3E-43D7-E90A0EE21714</fileGroup>
<recomputeStatistics>NO</recomputeStatistics>
</UniqueKey>
</uniqueKeys>
</TableProxySqlServerv2k5>