<?xml version = '1.0' encoding = 'UTF-8'?>
<TableProxySqlServerv2k5 class="oracle.dbtools.crest.model.design.storage.sqlserver.v2k5.TableProxySqlServerv2k5" name="AuditLog" directorySegmentName="seg_0" id="9F5EB80B-C07B-F469-25C9-9118A9AC0552">
<createdBy>david.moore</createdBy>
<createdTime>2015-01-12 09:17:59 UTC</createdTime>
<ownerDesignName>HWSInternal_12_01_2015</ownerDesignName>
<schemaObject>92A3DDB1-83BB-7A14-7C36-1DA486B17A22</schemaObject>
<database>87F335AC-6593-0972-57CD-EF38C413D6F0</database>
<filegroup>94874A7E-4F3A-9D3E-43D7-E90A0EE21714</filegroup>
<schema>8</schema>
<columnProxies>
<ColumnProxy class="oracle.dbtools.crest.model.design.storage.sqlserver.v2k5.ColumnProxySqlServerv2k5" name="EntityName" id="3D08F3F7-6B5D-B892-DE31-11BEF43B3872">
<createdBy>david.moore</createdBy>
<createdTime>2015-01-12 09:17:59 UTC</createdTime>
<ownerDesignName>HWSInternal_12_01_2015</ownerDesignName>
<collation>Latin1_General_CI_AS</collation>
</ColumnProxy>
<ColumnProxy class="oracle.dbtools.crest.model.design.storage.sqlserver.v2k5.ColumnProxySqlServerv2k5" name="UserName" id="5639E95E-ADF3-BB43-1420-0FC4594F5838">
<createdBy>david.moore</createdBy>
<createdTime>2015-01-12 09:17:59 UTC</createdTime>
<ownerDesignName>HWSInternal_12_01_2015</ownerDesignName>
<collation>Latin1_General_CI_AS</collation>
</ColumnProxy>
<ColumnProxy class="oracle.dbtools.crest.model.design.storage.sqlserver.v2k5.ColumnProxySqlServerv2k5" name="EntityId" id="6E7B3367-6A4C-9C54-53E7-1E0C43551DA5">
<createdBy>david.moore</createdBy>
<createdTime>2015-01-12 09:17:59 UTC</createdTime>
<ownerDesignName>HWSInternal_12_01_2015</ownerDesignName>
<collation>Latin1_General_CI_AS</collation>
</ColumnProxy>
<ColumnProxy class="oracle.dbtools.crest.model.design.storage.sqlserver.v2k5.ColumnProxySqlServerv2k5" name="AuditDate" id="95FEFA55-2F1D-4667-0B1A-6DF19BAE1AAF">
<createdBy>david.moore</createdBy>
<createdTime>2015-01-12 09:17:59 UTC</createdTime>
<ownerDesignName>HWSInternal_12_01_2015</ownerDesignName>
</ColumnProxy>
<ColumnProxy class="oracle.dbtools.crest.model.design.storage.sqlserver.v2k5.ColumnProxySqlServerv2k5" name="MachineName" id="ACF5934C-5A8B-06C0-407A-F84D29D4D432">
<createdBy>david.moore</createdBy>
<createdTime>2015-01-12 09:17:59 UTC</createdTime>
<ownerDesignName>HWSInternal_12_01_2015</ownerDesignName>
<collation>Latin1_General_CI_AS</collation>
</ColumnProxy>
<ColumnProxy class="oracle.dbtools.crest.model.design.storage.sqlserver.v2k5.ColumnProxySqlServerv2k5" name="ActionId" id="B66BD806-FD7E-D442-9D26-3F2BAE1A2E85">
<createdBy>david.moore</createdBy>
<createdTime>2015-01-12 09:17:59 UTC</createdTime>
<ownerDesignName>HWSInternal_12_01_2015</ownerDesignName>
</ColumnProxy>
<ColumnProxy class="oracle.dbtools.crest.model.design.storage.sqlserver.v2k5.ColumnProxySqlServerv2k5" name="AuditId" id="E2DC52BB-269D-124C-5139-F32B5401BBAF">
<createdBy>david.moore</createdBy>
<createdTime>2015-01-12 09:17:59 UTC</createdTime>
<ownerDesignName>HWSInternal_12_01_2015</ownerDesignName>
</ColumnProxy>
</columnProxies>
<foreignKeys>
<ForeignKey class="oracle.dbtools.crest.model.design.storage.sqlserver.v2k5.FKProxySqlServerv2k5" name="FK_AuditLog_AuditAction" id="65C7075E-96D6-DACA-DD03-682768BD71F5">
<createdBy>david.moore</createdBy>
<createdTime>2015-01-12 09:18:00 UTC</createdTime>
<ownerDesignName>HWSInternal_12_01_2015</ownerDesignName>
</ForeignKey>
</foreignKeys>
<primaryKeys>
<PrimaryKey class="oracle.dbtools.crest.model.design.storage.sqlserver.v2k5.PKProxySqlServerv2k5" name="PK_AuditLog" id="E707056F-5225-A791-CE52-0CF78A744637">
<createdBy>david.moore</createdBy>
<createdTime>2015-01-12 09:17:59 UTC</createdTime>
<ownerDesignName>HWSInternal_12_01_2015</ownerDesignName>
<clustered>true</clustered>
<fileGroup>94874A7E-4F3A-9D3E-43D7-E90A0EE21714</fileGroup>
<recomputeStatistics>NO</recomputeStatistics>
</PrimaryKey>
</primaryKeys>
</TableProxySqlServerv2k5>