<?xml version = '1.0' encoding = 'UTF-8'?>
<Table class="oracle.dbtools.crest.model.design.relational.Table" directorySegmentName="seg_0" id="5616CD73-CC98-EF6B-B187-C8356340940D" name="D_TASK_TYPES">
<sourceConnName>UK-HWS rk50472</sourceConnName>
<sourceObjSchema>maxdat</sourceObjSchema>
<sourceObjName>D_TASK_TYPES</sourceObjName>
<createdBy>50472</createdBy>
<createdTime>2014-11-18 22:01:02 UTC</createdTime>
<ownerDesignName>Manage_Work_V2_data_model_diagram</ownerDesignName>
<allowColumnReorder>false</allowColumnReorder>
<existDependencyGenerateInDDl>true</existDependencyGenerateInDDl>
<columns itemClass="oracle.dbtools.crest.model.design.relational.Column">
<Column name="TASK_TYPE_ID" id="A9E61275-275B-3D4F-A357-01C6C357A13A">
<sourceConnName>UK-HWS rk50472</sourceConnName>
<sourceObjSchema>D_TASK_TYPES</sourceObjSchema>
<sourceObjName>TASK_TYPE_ID</sourceObjName>
<createdBy>50472</createdBy>
<createdTime>2014-11-18 22:01:02 UTC</createdTime>
<ownerDesignName>Manage_Work_V2_data_model_diagram</ownerDesignName>
<useDomainConstraints>false</useDomainConstraints>
<use>1</use>
<logicalDatatype>LOGDT011</logicalDatatype>
<autoIncrementCycle>false</autoIncrementCycle>
</Column>
<Column name="TASK_NAME" id="6617FA90-46B9-5FA3-455B-B53C67151F3D">
<sourceConnName>UK-HWS rk50472</sourceConnName>
<sourceObjSchema>D_TASK_TYPES</sourceObjSchema>
<sourceObjName>TASK_NAME</sourceObjName>
<createdBy>50472</createdBy>
<createdTime>2014-11-18 22:01:02 UTC</createdTime>
<ownerDesignName>Manage_Work_V2_data_model_diagram</ownerDesignName>
<nullsAllowed>true</nullsAllowed>
<useDomainConstraints>false</useDomainConstraints>
<use>1</use>
<logicalDatatype>LOGDT024</logicalDatatype>
<dataTypePrecision>50</dataTypePrecision>
<dataTypeScale>0</dataTypeScale>
<dataTypeSize>50</dataTypeSize>
<autoIncrementCycle>false</autoIncrementCycle>
</Column>
<Column name="TASK_DESCRIPTION" id="DF0B1CD8-917A-C076-F0B3-C6E75ED06376">
<sourceConnName>UK-HWS rk50472</sourceConnName>
<sourceObjSchema>D_TASK_TYPES</sourceObjSchema>
<sourceObjName>TASK_DESCRIPTION</sourceObjName>
<createdBy>50472</createdBy>
<createdTime>2014-11-18 22:01:02 UTC</createdTime>
<ownerDesignName>Manage_Work_V2_data_model_diagram</ownerDesignName>
<nullsAllowed>true</nullsAllowed>
<useDomainConstraints>false</useDomainConstraints>
<use>1</use>
<logicalDatatype>LOGDT028</logicalDatatype>
<dataTypePrecision>-1</dataTypePrecision>
<dataTypeScale>0</dataTypeScale>
<dataTypeSize>max</dataTypeSize>
<autoIncrementCycle>false</autoIncrementCycle>
</Column>
<Column name="OPERATIONS_GROUP" id="467C1F8E-8F57-9451-6BE5-30CAD0261A67">
<sourceConnName>UK-HWS rk50472</sourceConnName>
<sourceObjSchema>D_TASK_TYPES</sourceObjSchema>
<sourceObjName>OPERATIONS_GROUP</sourceObjName>
<createdBy>50472</createdBy>
<createdTime>2014-11-18 22:01:02 UTC</createdTime>
<ownerDesignName>Manage_Work_V2_data_model_diagram</ownerDesignName>
<nullsAllowed>true</nullsAllowed>
<useDomainConstraints>false</useDomainConstraints>
<use>1</use>
<logicalDatatype>LOGDT024</logicalDatatype>
<dataTypePrecision>50</dataTypePrecision>
<dataTypeScale>0</dataTypeScale>
<dataTypeSize>50</dataTypeSize>
<autoIncrementCycle>false</autoIncrementCycle>
</Column>
<Column name="SLA_DAYS" id="1B20F22B-E338-73EE-9427-12B48B7DE37C">
<sourceConnName>UK-HWS rk50472</sourceConnName>
<sourceObjSchema>D_TASK_TYPES</sourceObjSchema>
<sourceObjName>SLA_DAYS</sourceObjName>
<createdBy>50472</createdBy>
<createdTime>2014-11-18 22:01:02 UTC</createdTime>
<ownerDesignName>Manage_Work_V2_data_model_diagram</ownerDesignName>
<nullsAllowed>true</nullsAllowed>
<useDomainConstraints>false</useDomainConstraints>
<use>1</use>
<logicalDatatype>LOGDT011</logicalDatatype>
<dataTypePrecision>10</dataTypePrecision>
<dataTypeScale>0</dataTypeScale>
<dataTypeSize>4</dataTypeSize>
<autoIncrementCycle>false</autoIncrementCycle>
</Column>
<Column name="SLA_DAYS_TYPE" id="36C8F4C8-6BE1-300B-B31B-E4515B89FD2F">
<sourceConnName>UK-HWS rk50472</sourceConnName>
<sourceObjSchema>D_TASK_TYPES</sourceObjSchema>
<sourceObjName>SLA_DAYS_TYPE</sourceObjName>
<createdBy>50472</createdBy>
<createdTime>2014-11-18 22:01:02 UTC</createdTime>
<ownerDesignName>Manage_Work_V2_data_model_diagram</ownerDesignName>
<nullsAllowed>true</nullsAllowed>
<useDomainConstraints>false</useDomainConstraints>
<use>1</use>
<logicalDatatype>LOGDT024</logicalDatatype>
<dataTypePrecision>1</dataTypePrecision>
<dataTypeScale>0</dataTypeScale>
<dataTypeSize>1</dataTypeSize>
<autoIncrementCycle>false</autoIncrementCycle>
</Column>
<Column name="SLA_TARGET_DAYS" id="3DF77944-2008-7956-7F0C-C57CA8D2EA6A">
<sourceConnName>UK-HWS rk50472</sourceConnName>
<sourceObjSchema>D_TASK_TYPES</sourceObjSchema>
<sourceObjName>SLA_TARGET_DAYS</sourceObjName>
<createdBy>50472</createdBy>
<createdTime>2014-11-18 22:01:03 UTC</createdTime>
<ownerDesignName>Manage_Work_V2_data_model_diagram</ownerDesignName>
<nullsAllowed>true</nullsAllowed>
<useDomainConstraints>false</useDomainConstraints>
<use>1</use>
<logicalDatatype>LOGDT011</logicalDatatype>
<dataTypePrecision>10</dataTypePrecision>
<dataTypeScale>0</dataTypeScale>
<dataTypeSize>4</dataTypeSize>
<autoIncrementCycle>false</autoIncrementCycle>
</Column>
<Column name="SLA_JEOPARDY_DAYS" id="0B724FD3-678E-4664-0E70-D119548D0EF9">
<sourceConnName>UK-HWS rk50472</sourceConnName>
<sourceObjSchema>D_TASK_TYPES</sourceObjSchema>
<sourceObjName>SLA_JEOPARDY_DAYS</sourceObjName>
<createdBy>50472</createdBy>
<createdTime>2014-11-18 22:01:03 UTC</createdTime>
<ownerDesignName>Manage_Work_V2_data_model_diagram</ownerDesignName>
<nullsAllowed>true</nullsAllowed>
<useDomainConstraints>false</useDomainConstraints>
<use>1</use>
<logicalDatatype>LOGDT011</logicalDatatype>
<dataTypePrecision>10</dataTypePrecision>
<dataTypeScale>0</dataTypeScale>
<dataTypeSize>4</dataTypeSize>
<autoIncrementCycle>false</autoIncrementCycle>
</Column>
<Column name="UNIT_OF_WORK" id="8483CB17-DADC-00AF-DBCE-AB1F4889A0D9">
<sourceConnName>UK-HWS rk50472</sourceConnName>
<sourceObjSchema>D_TASK_TYPES</sourceObjSchema>
<sourceObjName>UNIT_OF_WORK</sourceObjName>
<createdBy>50472</createdBy>
<createdTime>2014-11-18 22:01:03 UTC</createdTime>
<ownerDesignName>Manage_Work_V2_data_model_diagram</ownerDesignName>
<nullsAllowed>true</nullsAllowed>
<useDomainConstraints>false</useDomainConstraints>
<use>1</use>
<logicalDatatype>LOGDT024</logicalDatatype>
<dataTypePrecision>30</dataTypePrecision>
<dataTypeScale>0</dataTypeScale>
<dataTypeSize>30</dataTypeSize>
<autoIncrementCycle>false</autoIncrementCycle>
</Column>
</columns>
<indexes itemClass="oracle.dbtools.crest.model.design.relational.Index">
<ind_PK_UK id="1167285A-E258-16BB-A379-3BFF676D9FED" name="PK_TASK_TYPE_ID">
<sourceConnName>UK-HWS rk50472</sourceConnName>
<sourceObjSchema>maxdat</sourceObjSchema>
<sourceObjName>PK_TASK_TYPE_ID</sourceObjName>
<createdBy>50472</createdBy>
<createdTime>2014-11-18 22:01:03 UTC</createdTime>
<ownerDesignName>Manage_Work_V2_data_model_diagram</ownerDesignName>
<pk>true</pk>
<indexState>Primary Constraint</indexState>
<isSurrogateKey>false</isSurrogateKey>
<indexColumnUsage>
<colUsage columnID="A9E61275-275B-3D4F-A357-01C6C357A13A"/>
</indexColumnUsage>
</ind_PK_UK>
</indexes>
</Table>