<?xml version = '1.0' encoding = 'UTF-8'?>
<Table class="oracle.dbtools.crest.model.design.relational.Table" directorySegmentName="seg_0" id="63F93782-82F2-8831-CD38-DE64824A4133" name="D_MW_V2_CURRENT">
<sourceConnName>UK-HWS rk50472</sourceConnName>
<sourceObjSchema>maxdat</sourceObjSchema>
<sourceObjName>D_MW_V2_CURRENT</sourceObjName>
<createdBy>50472</createdBy>
<createdTime>2014-11-18 22:00:57 UTC</createdTime>
<ownerDesignName>Manage_Work_V2_data_model_diagram</ownerDesignName>
<allowColumnReorder>false</allowColumnReorder>
<existDependencyGenerateInDDl>true</existDependencyGenerateInDDl>
<columns itemClass="oracle.dbtools.crest.model.design.relational.Column">
<Column name="MW_BI_ID" id="2CEF0CC9-9307-9DA0-2AEF-47D568DC1966">
<sourceConnName>UK-HWS rk50472</sourceConnName>
<sourceObjSchema>D_MW_V2_CURRENT</sourceObjSchema>
<sourceObjName>MW_BI_ID</sourceObjName>
<createdBy>50472</createdBy>
<createdTime>2014-11-18 22:00:57 UTC</createdTime>
<ownerDesignName>Manage_Work_V2_data_model_diagram</ownerDesignName>
<useDomainConstraints>false</useDomainConstraints>
<use>1</use>
<logicalDatatype>LOGDT011</logicalDatatype>
<autoIncrementCycle>false</autoIncrementCycle>
</Column>
<Column name="AGE_IN_BUSINESS_DAYS" id="E07B9C31-8135-CF76-A1C4-206742FBB8BE">
<sourceConnName>UK-HWS rk50472</sourceConnName>
<sourceObjSchema>D_MW_V2_CURRENT</sourceObjSchema>
<sourceObjName>AGE_IN_BUSINESS_DAYS</sourceObjName>
<createdBy>50472</createdBy>
<createdTime>2014-11-18 22:00:57 UTC</createdTime>
<ownerDesignName>Manage_Work_V2_data_model_diagram</ownerDesignName>
<useDomainConstraints>false</useDomainConstraints>
<use>1</use>
<logicalDatatype>LOGDT011</logicalDatatype>
<dataTypePrecision>10</dataTypePrecision>
<dataTypeScale>0</dataTypeScale>
<dataTypeSize>4</dataTypeSize>
<defaultValue>0</defaultValue>
<autoIncrementCycle>false</autoIncrementCycle>
</Column>
<Column name="AGE_IN_CALENDAR_DAYS" id="EBDD79AE-FB72-5111-BEE7-0A496E16DB5B">
<sourceConnName>UK-HWS rk50472</sourceConnName>
<sourceObjSchema>D_MW_V2_CURRENT</sourceObjSchema>
<sourceObjName>AGE_IN_CALENDAR_DAYS</sourceObjName>
<createdBy>50472</createdBy>
<createdTime>2014-11-18 22:00:57 UTC</createdTime>
<ownerDesignName>Manage_Work_V2_data_model_diagram</ownerDesignName>
<useDomainConstraints>false</useDomainConstraints>
<use>1</use>
<logicalDatatype>LOGDT011</logicalDatatype>
<dataTypePrecision>10</dataTypePrecision>
<dataTypeScale>0</dataTypeScale>
<dataTypeSize>4</dataTypeSize>
<defaultValue>0</defaultValue>
<autoIncrementCycle>false</autoIncrementCycle>
</Column>
<Column name="CANCELLED_BY_STAFF_ID" id="B2E06505-11F7-5A7E-1CDC-3938AA5007BB">
<sourceConnName>UK-HWS rk50472</sourceConnName>
<sourceObjSchema>D_MW_V2_CURRENT</sourceObjSchema>
<sourceObjName>CANCELLED_BY_STAFF_ID</sourceObjName>
<createdBy>50472</createdBy>
<createdTime>2014-11-18 22:00:57 UTC</createdTime>
<ownerDesignName>Manage_Work_V2_data_model_diagram</ownerDesignName>
<nullsAllowed>true</nullsAllowed>
<useDomainConstraints>false</useDomainConstraints>
<use>1</use>
<logicalDatatype>LOGDT011</logicalDatatype>
<dataTypePrecision>10</dataTypePrecision>
<dataTypeScale>0</dataTypeScale>
<dataTypeSize>4</dataTypeSize>
<autoIncrementCycle>false</autoIncrementCycle>
</Column>
<Column name="CANCEL_METHOD" id="355A8453-2F5F-CA08-073A-9D8E8A935A59">
<sourceConnName>UK-HWS rk50472</sourceConnName>
<sourceObjSchema>D_MW_V2_CURRENT</sourceObjSchema>
<sourceObjName>CANCEL_METHOD</sourceObjName>
<createdBy>50472</createdBy>
<createdTime>2014-11-18 22:00:57 UTC</createdTime>
<ownerDesignName>Manage_Work_V2_data_model_diagram</ownerDesignName>
<nullsAllowed>true</nullsAllowed>
<useDomainConstraints>false</useDomainConstraints>
<use>1</use>
<logicalDatatype>LOGDT024</logicalDatatype>
<dataTypePrecision>50</dataTypePrecision>
<dataTypeScale>0</dataTypeScale>
<dataTypeSize>50</dataTypeSize>
<autoIncrementCycle>false</autoIncrementCycle>
</Column>
<Column name="CANCEL_REASON" id="8774C97F-7354-CACE-779B-229961010123">
<sourceConnName>UK-HWS rk50472</sourceConnName>
<sourceObjSchema>D_MW_V2_CURRENT</sourceObjSchema>
<sourceObjName>CANCEL_REASON</sourceObjName>
<createdBy>50472</createdBy>
<createdTime>2014-11-18 22:00:57 UTC</createdTime>
<ownerDesignName>Manage_Work_V2_data_model_diagram</ownerDesignName>
<nullsAllowed>true</nullsAllowed>
<useDomainConstraints>false</useDomainConstraints>
<use>1</use>
<logicalDatatype>LOGDT024</logicalDatatype>
<dataTypePrecision>256</dataTypePrecision>
<dataTypeScale>0</dataTypeScale>
<dataTypeSize>256</dataTypeSize>
<autoIncrementCycle>false</autoIncrementCycle>
</Column>
<Column name="CANCEL_WORK_DATE" id="5CA6F601-4B32-063D-8C6D-1C7184034AF5">
<sourceConnName>UK-HWS rk50472</sourceConnName>
<sourceObjSchema>D_MW_V2_CURRENT</sourceObjSchema>
<sourceObjName>CANCEL_WORK_DATE</sourceObjName>
<createdBy>50472</createdBy>
<createdTime>2014-11-18 22:00:57 UTC</createdTime>
<ownerDesignName>Manage_Work_V2_data_model_diagram</ownerDesignName>
<nullsAllowed>true</nullsAllowed>
<useDomainConstraints>false</useDomainConstraints>
<use>1</use>
<logicalDatatype>LOGDT008</logicalDatatype>
<dataTypePrecision>23</dataTypePrecision>
<dataTypeScale>3</dataTypeScale>
<dataTypeSize>8</dataTypeSize>
<autoIncrementCycle>false</autoIncrementCycle>
</Column>
<Column name="CASE_ID" id="DA8F6A05-8701-EB64-A6FD-EBC13C42151A">
<sourceConnName>UK-HWS rk50472</sourceConnName>
<sourceObjSchema>D_MW_V2_CURRENT</sourceObjSchema>
<sourceObjName>CASE_ID</sourceObjName>
<createdBy>50472</createdBy>
<createdTime>2014-11-18 22:00:57 UTC</createdTime>
<ownerDesignName>Manage_Work_V2_data_model_diagram</ownerDesignName>
<nullsAllowed>true</nullsAllowed>
<useDomainConstraints>false</useDomainConstraints>
<use>1</use>
<logicalDatatype>LOGDT011</logicalDatatype>
<autoIncrementCycle>false</autoIncrementCycle>
</Column>
<Column name="CLIENT_ID" id="D99807E7-470F-E579-6EAD-8AD5FC134A82">
<sourceConnName>UK-HWS rk50472</sourceConnName>
<sourceObjSchema>D_MW_V2_CURRENT</sourceObjSchema>
<sourceObjName>CLIENT_ID</sourceObjName>
<createdBy>50472</createdBy>
<createdTime>2014-11-18 22:00:57 UTC</createdTime>
<ownerDesignName>Manage_Work_V2_data_model_diagram</ownerDesignName>
<nullsAllowed>true</nullsAllowed>
<useDomainConstraints>false</useDomainConstraints>
<use>1</use>
<logicalDatatype>LOGDT011</logicalDatatype>
<autoIncrementCycle>false</autoIncrementCycle>
</Column>
<Column name="COMPLETE_DATE" id="10699096-BCB2-19E8-61F5-396B12989AD9">
<sourceConnName>UK-HWS rk50472</sourceConnName>
<sourceObjSchema>D_MW_V2_CURRENT</sourceObjSchema>
<sourceObjName>COMPLETE_DATE</sourceObjName>
<createdBy>50472</createdBy>
<createdTime>2014-11-18 22:00:57 UTC</createdTime>
<ownerDesignName>Manage_Work_V2_data_model_diagram</ownerDesignName>
<nullsAllowed>true</nullsAllowed>
<useDomainConstraints>false</useDomainConstraints>
<use>1</use>
<logicalDatatype>LOGDT008</logicalDatatype>
<dataTypePrecision>23</dataTypePrecision>
<dataTypeScale>3</dataTypeScale>
<dataTypeSize>8</dataTypeSize>
<autoIncrementCycle>false</autoIncrementCycle>
</Column>
<Column name="CREATE_DATE" id="E25A6107-478C-9AF0-2E4A-B3B08CF49599">
<sourceConnName>UK-HWS rk50472</sourceConnName>
<sourceObjSchema>D_MW_V2_CURRENT</sourceObjSchema>
<sourceObjName>CREATE_DATE</sourceObjName>
<createdBy>50472</createdBy>
<createdTime>2014-11-18 22:00:57 UTC</createdTime>
<ownerDesignName>Manage_Work_V2_data_model_diagram</ownerDesignName>
<useDomainConstraints>false</useDomainConstraints>
<use>1</use>
<logicalDatatype>LOGDT008</logicalDatatype>
<dataTypePrecision>23</dataTypePrecision>
<dataTypeScale>3</dataTypeScale>
<dataTypeSize>8</dataTypeSize>
<autoIncrementCycle>false</autoIncrementCycle>
</Column>
<Column name="CURR_CREATED_BY_STAFF_ID" id="022EFB05-E349-536D-9459-1B37D8AE2E1C">
<sourceConnName>UK-HWS rk50472</sourceConnName>
<sourceObjSchema>D_MW_V2_CURRENT</sourceObjSchema>
<sourceObjName>CURR_CREATED_BY_STAFF_ID</sourceObjName>
<createdBy>50472</createdBy>
<createdTime>2014-11-18 22:00:57 UTC</createdTime>
<ownerDesignName>Manage_Work_V2_data_model_diagram</ownerDesignName>
<nullsAllowed>true</nullsAllowed>
<useDomainConstraints>false</useDomainConstraints>
<use>1</use>
<logicalDatatype>LOGDT011</logicalDatatype>
<dataTypePrecision>10</dataTypePrecision>
<dataTypeScale>0</dataTypeScale>
<dataTypeSize>4</dataTypeSize>
<autoIncrementCycle>false</autoIncrementCycle>
</Column>
<Column name="ESCALATED_FLAG" id="3C5EE4F7-2F11-78BD-D186-D54FAAEB3842">
<sourceConnName>UK-HWS rk50472</sourceConnName>
<sourceObjSchema>D_MW_V2_CURRENT</sourceObjSchema>
<sourceObjName>ESCALATED_FLAG</sourceObjName>
<createdBy>50472</createdBy>
<createdTime>2014-11-18 22:00:57 UTC</createdTime>
<ownerDesignName>Manage_Work_V2_data_model_diagram</ownerDesignName>
<useDomainConstraints>false</useDomainConstraints>
<use>1</use>
<logicalDatatype>LOGDT024</logicalDatatype>
<dataTypePrecision>1</dataTypePrecision>
<dataTypeScale>0</dataTypeScale>
<dataTypeSize>1</dataTypeSize>
<defaultValue>N</defaultValue>
<autoIncrementCycle>false</autoIncrementCycle>
</Column>
<Column name="CURR_ESCALATED_TO_STAFF_ID" id="AEA6DF61-7AC7-946C-6566-5D1B7E85ED50">
<sourceConnName>UK-HWS rk50472</sourceConnName>
<sourceObjSchema>D_MW_V2_CURRENT</sourceObjSchema>
<sourceObjName>CURR_ESCALATED_TO_STAFF_ID</sourceObjName>
<createdBy>50472</createdBy>
<createdTime>2014-11-18 22:00:57 UTC</createdTime>
<ownerDesignName>Manage_Work_V2_data_model_diagram</ownerDesignName>
<nullsAllowed>true</nullsAllowed>
<useDomainConstraints>false</useDomainConstraints>
<use>1</use>
<logicalDatatype>LOGDT011</logicalDatatype>
<dataTypePrecision>10</dataTypePrecision>
<dataTypeScale>0</dataTypeScale>
<dataTypeSize>4</dataTypeSize>
<autoIncrementCycle>false</autoIncrementCycle>
</Column>
<Column name="CURR_FORWARDED_BY_STAFF_ID" id="797FA63C-48FA-4951-5A05-1A05EA5AF941">
<sourceConnName>UK-HWS rk50472</sourceConnName>
<sourceObjSchema>D_MW_V2_CURRENT</sourceObjSchema>
<sourceObjName>CURR_FORWARDED_BY_STAFF_ID</sourceObjName>
<createdBy>50472</createdBy>
<createdTime>2014-11-18 22:00:57 UTC</createdTime>
<ownerDesignName>Manage_Work_V2_data_model_diagram</ownerDesignName>
<nullsAllowed>true</nullsAllowed>
<useDomainConstraints>false</useDomainConstraints>
<use>1</use>
<logicalDatatype>LOGDT011</logicalDatatype>
<dataTypePrecision>10</dataTypePrecision>
<dataTypeScale>0</dataTypeScale>
<dataTypeSize>4</dataTypeSize>
<autoIncrementCycle>false</autoIncrementCycle>
</Column>
<Column name="FORWARDED_FLAG" id="CE700B3B-8BCC-821F-6D25-02980D52F47A">
<sourceConnName>UK-HWS rk50472</sourceConnName>
<sourceObjSchema>D_MW_V2_CURRENT</sourceObjSchema>
<sourceObjName>FORWARDED_FLAG</sourceObjName>
<createdBy>50472</createdBy>
<createdTime>2014-11-18 22:00:57 UTC</createdTime>
<ownerDesignName>Manage_Work_V2_data_model_diagram</ownerDesignName>
<useDomainConstraints>false</useDomainConstraints>
<use>1</use>
<logicalDatatype>LOGDT024</logicalDatatype>
<dataTypePrecision>1</dataTypePrecision>
<dataTypeScale>0</dataTypeScale>
<dataTypeSize>1</dataTypeSize>
<defaultValue>N</defaultValue>
<autoIncrementCycle>false</autoIncrementCycle>
</Column>
<Column name="CURR_BUSINESS_UNIT_ID" id="C2743803-11C8-70AF-3F4C-91340905992F">
<sourceConnName>UK-HWS rk50472</sourceConnName>
<sourceObjSchema>D_MW_V2_CURRENT</sourceObjSchema>
<sourceObjName>CURR_BUSINESS_UNIT_ID</sourceObjName>
<createdBy>50472</createdBy>
<createdTime>2014-11-18 22:00:58 UTC</createdTime>
<ownerDesignName>Manage_Work_V2_data_model_diagram</ownerDesignName>
<nullsAllowed>true</nullsAllowed>
<useDomainConstraints>false</useDomainConstraints>
<use>1</use>
<logicalDatatype>LOGDT011</logicalDatatype>
<dataTypePrecision>10</dataTypePrecision>
<dataTypeScale>0</dataTypeScale>
<dataTypeSize>4</dataTypeSize>
<autoIncrementCycle>false</autoIncrementCycle>
</Column>
<Column name="INSTANCE_START_DATE" id="A8E9B986-FC5B-8C68-A10D-C190C0FA77C4">
<sourceConnName>UK-HWS rk50472</sourceConnName>
<sourceObjSchema>D_MW_V2_CURRENT</sourceObjSchema>
<sourceObjName>INSTANCE_START_DATE</sourceObjName>
<createdBy>50472</createdBy>
<createdTime>2014-11-18 22:00:58 UTC</createdTime>
<ownerDesignName>Manage_Work_V2_data_model_diagram</ownerDesignName>
<formulaDesc>([CREATE_DATE])</formulaDesc>
<useDomainConstraints>false</useDomainConstraints>
<use>1</use>
<logicalDatatype>LOGDT008</logicalDatatype>
<dataTypePrecision>23</dataTypePrecision>
<dataTypeScale>3</dataTypeScale>
<dataTypeSize>8</dataTypeSize>
<computed>true</computed>
<autoIncrementCycle>false</autoIncrementCycle>
</Column>
<Column name="INSTANCE_END_DATE" id="839BAD15-8141-B670-C23C-48AE090CAF15">
<sourceConnName>UK-HWS rk50472</sourceConnName>
<sourceObjSchema>D_MW_V2_CURRENT</sourceObjSchema>
<sourceObjName>INSTANCE_END_DATE</sourceObjName>
<createdBy>50472</createdBy>
<createdTime>2014-11-18 22:00:58 UTC</createdTime>
<ownerDesignName>Manage_Work_V2_data_model_diagram</ownerDesignName>
<formulaDesc>(coalesce([COMPLETE_DATE],[CANCEL_WORK_DATE]))</formulaDesc>
<nullsAllowed>true</nullsAllowed>
<useDomainConstraints>false</useDomainConstraints>
<use>1</use>
<logicalDatatype>LOGDT008</logicalDatatype>
<dataTypePrecision>23</dataTypePrecision>
<dataTypeScale>3</dataTypeScale>
<dataTypeSize>8</dataTypeSize>
<computed>true</computed>
<autoIncrementCycle>false</autoIncrementCycle>
</Column>
<Column name="JEOPARDY_FLAG" id="5A06F80D-2459-EDB8-CFBB-F2CC3CA0F5C0">
<sourceConnName>UK-HWS rk50472</sourceConnName>
<sourceObjSchema>D_MW_V2_CURRENT</sourceObjSchema>
<sourceObjName>JEOPARDY_FLAG</sourceObjName>
<createdBy>50472</createdBy>
<createdTime>2014-11-18 22:00:58 UTC</createdTime>
<ownerDesignName>Manage_Work_V2_data_model_diagram</ownerDesignName>
<useDomainConstraints>false</useDomainConstraints>
<use>1</use>
<logicalDatatype>LOGDT024</logicalDatatype>
<dataTypePrecision>1</dataTypePrecision>
<dataTypeScale>0</dataTypeScale>
<dataTypeSize>1</dataTypeSize>
<defaultValue>N</defaultValue>
<autoIncrementCycle>false</autoIncrementCycle>
</Column>
<Column name="CURR_LAST_UPD_BY_STAFF_ID" id="57C8E035-2786-F771-9377-62001EB554C3">
<sourceConnName>UK-HWS rk50472</sourceConnName>
<sourceObjSchema>D_MW_V2_CURRENT</sourceObjSchema>
<sourceObjName>CURR_LAST_UPD_BY_STAFF_ID</sourceObjName>
<createdBy>50472</createdBy>
<createdTime>2014-11-18 22:00:58 UTC</createdTime>
<ownerDesignName>Manage_Work_V2_data_model_diagram</ownerDesignName>
<nullsAllowed>true</nullsAllowed>
<useDomainConstraints>false</useDomainConstraints>
<use>1</use>
<logicalDatatype>LOGDT011</logicalDatatype>
<dataTypePrecision>10</dataTypePrecision>
<dataTypeScale>0</dataTypeScale>
<dataTypeSize>4</dataTypeSize>
<autoIncrementCycle>false</autoIncrementCycle>
</Column>
<Column name="CURR_LAST_UPDATE_DATE" id="F718681C-C9E4-78DB-866A-EE73516BCAAB">
<sourceConnName>UK-HWS rk50472</sourceConnName>
<sourceObjSchema>D_MW_V2_CURRENT</sourceObjSchema>
<sourceObjName>CURR_LAST_UPDATE_DATE</sourceObjName>
<createdBy>50472</createdBy>
<createdTime>2014-11-18 22:00:58 UTC</createdTime>
<ownerDesignName>Manage_Work_V2_data_model_diagram</ownerDesignName>
<useDomainConstraints>false</useDomainConstraints>
<use>1</use>
<logicalDatatype>LOGDT008</logicalDatatype>
<dataTypePrecision>23</dataTypePrecision>
<dataTypeScale>3</dataTypeScale>
<dataTypeSize>8</dataTypeSize>
<autoIncrementCycle>false</autoIncrementCycle>
</Column>
<Column name="LAST_EVENT_DATE" id="45D1B3C0-2042-BDA7-AFCF-BDA2CC407D93">
<sourceConnName>UK-HWS rk50472</sourceConnName>
<sourceObjSchema>D_MW_V2_CURRENT</sourceObjSchema>
<sourceObjName>LAST_EVENT_DATE</sourceObjName>
<createdBy>50472</createdBy>
<createdTime>2014-11-18 22:00:58 UTC</createdTime>
<ownerDesignName>Manage_Work_V2_data_model_diagram</ownerDesignName>
<nullsAllowed>true</nullsAllowed>
<useDomainConstraints>false</useDomainConstraints>
<use>1</use>
<logicalDatatype>LOGDT008</logicalDatatype>
<dataTypePrecision>23</dataTypePrecision>
<dataTypeScale>3</dataTypeScale>
<dataTypeSize>8</dataTypeSize>
<autoIncrementCycle>false</autoIncrementCycle>
</Column>
<Column name="CURR_OWNER_STAFF_ID" id="8DA956F5-575E-28A2-9C79-2DCF2111C15F">
<sourceConnName>UK-HWS rk50472</sourceConnName>
<sourceObjSchema>D_MW_V2_CURRENT</sourceObjSchema>
<sourceObjName>CURR_OWNER_STAFF_ID</sourceObjName>
<createdBy>50472</createdBy>
<createdTime>2014-11-18 22:00:58 UTC</createdTime>
<ownerDesignName>Manage_Work_V2_data_model_diagram</ownerDesignName>
<nullsAllowed>true</nullsAllowed>
<useDomainConstraints>false</useDomainConstraints>
<use>1</use>
<logicalDatatype>LOGDT011</logicalDatatype>
<dataTypePrecision>10</dataTypePrecision>
<dataTypeScale>0</dataTypeScale>
<dataTypeSize>4</dataTypeSize>
<autoIncrementCycle>false</autoIncrementCycle>
</Column>
<Column name="PARENT_TASK_ID" id="27099505-2950-4094-1982-F82E951E5FF3">
<sourceConnName>UK-HWS rk50472</sourceConnName>
<sourceObjSchema>D_MW_V2_CURRENT</sourceObjSchema>
<sourceObjName>PARENT_TASK_ID</sourceObjName>
<createdBy>50472</createdBy>
<createdTime>2014-11-18 22:00:58 UTC</createdTime>
<ownerDesignName>Manage_Work_V2_data_model_diagram</ownerDesignName>
<nullsAllowed>true</nullsAllowed>
<useDomainConstraints>false</useDomainConstraints>
<use>1</use>
<logicalDatatype>LOGDT011</logicalDatatype>
<dataTypePrecision>10</dataTypePrecision>
<dataTypeScale>0</dataTypeScale>
<dataTypeSize>4</dataTypeSize>
<autoIncrementCycle>false</autoIncrementCycle>
</Column>
<Column name="SOURCE_REFERENCE_ID" id="3F5B4923-CFB0-54D4-975B-69C9C3873784">
<sourceConnName>UK-HWS rk50472</sourceConnName>
<sourceObjSchema>D_MW_V2_CURRENT</sourceObjSchema>
<sourceObjName>SOURCE_REFERENCE_ID</sourceObjName>
<createdBy>50472</createdBy>
<createdTime>2014-11-18 22:00:58 UTC</createdTime>
<ownerDesignName>Manage_Work_V2_data_model_diagram</ownerDesignName>
<nullsAllowed>true</nullsAllowed>
<useDomainConstraints>false</useDomainConstraints>
<use>1</use>
<logicalDatatype>LOGDT011</logicalDatatype>
<dataTypePrecision>10</dataTypePrecision>
<dataTypeScale>0</dataTypeScale>
<dataTypeSize>4</dataTypeSize>
<autoIncrementCycle>false</autoIncrementCycle>
</Column>
<Column name="SOURCE_REFERENCE_TYPE" id="22A02CAB-4AD2-A99A-80D5-D90D7DAC1D97">
<sourceConnName>UK-HWS rk50472</sourceConnName>
<sourceObjSchema>D_MW_V2_CURRENT</sourceObjSchema>
<sourceObjName>SOURCE_REFERENCE_TYPE</sourceObjName>
<createdBy>50472</createdBy>
<createdTime>2014-11-18 22:00:58 UTC</createdTime>
<ownerDesignName>Manage_Work_V2_data_model_diagram</ownerDesignName>
<nullsAllowed>true</nullsAllowed>
<useDomainConstraints>false</useDomainConstraints>
<use>1</use>
<logicalDatatype>LOGDT024</logicalDatatype>
<dataTypePrecision>30</dataTypePrecision>
<dataTypeScale>0</dataTypeScale>
<dataTypeSize>30</dataTypeSize>
<autoIncrementCycle>false</autoIncrementCycle>
</Column>
<Column name="CURR_STATUS_DATE" id="0A24D93B-39EA-0EAE-EC7E-B615849E0F1E">
<sourceConnName>UK-HWS rk50472</sourceConnName>
<sourceObjSchema>D_MW_V2_CURRENT</sourceObjSchema>
<sourceObjName>CURR_STATUS_DATE</sourceObjName>
<createdBy>50472</createdBy>
<createdTime>2014-11-18 22:00:58 UTC</createdTime>
<ownerDesignName>Manage_Work_V2_data_model_diagram</ownerDesignName>
<useDomainConstraints>false</useDomainConstraints>
<use>1</use>
<logicalDatatype>LOGDT008</logicalDatatype>
<dataTypePrecision>23</dataTypePrecision>
<dataTypeScale>3</dataTypeScale>
<dataTypeSize>8</dataTypeSize>
<autoIncrementCycle>false</autoIncrementCycle>
</Column>
<Column name="STATUS_AGE_IN_BUS_DAYS" id="0E0AA53B-C9BF-B36A-9CE5-E2D65A70712E">
<sourceConnName>UK-HWS rk50472</sourceConnName>
<sourceObjSchema>D_MW_V2_CURRENT</sourceObjSchema>
<sourceObjName>STATUS_AGE_IN_BUS_DAYS</sourceObjName>
<createdBy>50472</createdBy>
<createdTime>2014-11-18 22:00:58 UTC</createdTime>
<ownerDesignName>Manage_Work_V2_data_model_diagram</ownerDesignName>
<useDomainConstraints>false</useDomainConstraints>
<use>1</use>
<logicalDatatype>LOGDT011</logicalDatatype>
<dataTypePrecision>10</dataTypePrecision>
<dataTypeScale>0</dataTypeScale>
<dataTypeSize>4</dataTypeSize>
<defaultValue>0</defaultValue>
<autoIncrementCycle>false</autoIncrementCycle>
</Column>
<Column name="STATUS_AGE_IN_CAL_DAYS" id="D67F5D0D-BA03-6B68-C44A-8A1757783B58">
<sourceConnName>UK-HWS rk50472</sourceConnName>
<sourceObjSchema>D_MW_V2_CURRENT</sourceObjSchema>
<sourceObjName>STATUS_AGE_IN_CAL_DAYS</sourceObjName>
<createdBy>50472</createdBy>
<createdTime>2014-11-18 22:00:58 UTC</createdTime>
<ownerDesignName>Manage_Work_V2_data_model_diagram</ownerDesignName>
<useDomainConstraints>false</useDomainConstraints>
<use>1</use>
<logicalDatatype>LOGDT011</logicalDatatype>
<dataTypePrecision>10</dataTypePrecision>
<dataTypeScale>0</dataTypeScale>
<dataTypeSize>4</dataTypeSize>
<defaultValue>0</defaultValue>
<autoIncrementCycle>false</autoIncrementCycle>
</Column>
<Column name="STG_EXTRACT_DATE" id="9CC74CC5-06A4-55D3-27E6-68183BFF207A">
<sourceConnName>UK-HWS rk50472</sourceConnName>
<sourceObjSchema>D_MW_V2_CURRENT</sourceObjSchema>
<sourceObjName>STG_EXTRACT_DATE</sourceObjName>
<createdBy>50472</createdBy>
<createdTime>2014-11-18 22:00:58 UTC</createdTime>
<ownerDesignName>Manage_Work_V2_data_model_diagram</ownerDesignName>
<useDomainConstraints>false</useDomainConstraints>
<use>1</use>
<logicalDatatype>LOGDT008</logicalDatatype>
<dataTypePrecision>23</dataTypePrecision>
<dataTypeScale>3</dataTypeScale>
<dataTypeSize>8</dataTypeSize>
<defaultValue>getdate()</defaultValue>
<autoIncrementCycle>false</autoIncrementCycle>
</Column>
<Column name="STG_LAST_UPDATE_DATE" id="87DBB543-2B28-35C2-687F-32A9B7ABB56F">
<sourceConnName>UK-HWS rk50472</sourceConnName>
<sourceObjSchema>D_MW_V2_CURRENT</sourceObjSchema>
<sourceObjName>STG_LAST_UPDATE_DATE</sourceObjName>
<createdBy>50472</createdBy>
<createdTime>2014-11-18 22:00:58 UTC</createdTime>
<ownerDesignName>Manage_Work_V2_data_model_diagram</ownerDesignName>
<useDomainConstraints>false</useDomainConstraints>
<use>1</use>
<logicalDatatype>LOGDT008</logicalDatatype>
<dataTypePrecision>23</dataTypePrecision>
<dataTypeScale>3</dataTypeScale>
<dataTypeSize>8</dataTypeSize>
<defaultValue>getdate()</defaultValue>
<autoIncrementCycle>false</autoIncrementCycle>
</Column>
<Column name="STAGE_DONE_DATE" id="DB236694-AC45-2C68-C6A9-B491CC22CEE0">
<sourceConnName>UK-HWS rk50472</sourceConnName>
<sourceObjSchema>D_MW_V2_CURRENT</sourceObjSchema>
<sourceObjName>STAGE_DONE_DATE</sourceObjName>
<createdBy>50472</createdBy>
<createdTime>2014-11-18 22:00:58 UTC</createdTime>
<ownerDesignName>Manage_Work_V2_data_model_diagram</ownerDesignName>
<nullsAllowed>true</nullsAllowed>
<useDomainConstraints>false</useDomainConstraints>
<use>1</use>
<logicalDatatype>LOGDT008</logicalDatatype>
<dataTypePrecision>23</dataTypePrecision>
<dataTypeScale>3</dataTypeScale>
<dataTypeSize>8</dataTypeSize>
<autoIncrementCycle>false</autoIncrementCycle>
</Column>
<Column name="TASK_ID" id="316600A4-6298-5670-102A-E46300CB9662">
<sourceConnName>UK-HWS rk50472</sourceConnName>
<sourceObjSchema>D_MW_V2_CURRENT</sourceObjSchema>
<sourceObjName>TASK_ID</sourceObjName>
<createdBy>50472</createdBy>
<createdTime>2014-11-18 22:00:58 UTC</createdTime>
<ownerDesignName>Manage_Work_V2_data_model_diagram</ownerDesignName>
<useDomainConstraints>false</useDomainConstraints>
<use>1</use>
<logicalDatatype>LOGDT011</logicalDatatype>
<dataTypePrecision>10</dataTypePrecision>
<dataTypeScale>0</dataTypeScale>
<dataTypeSize>4</dataTypeSize>
<autoIncrementCycle>false</autoIncrementCycle>
</Column>
<Column name="TASK_PRIORITY" id="3DF46EE5-0D93-A7A1-32FD-0AAF90304420">
<sourceConnName>UK-HWS rk50472</sourceConnName>
<sourceObjSchema>D_MW_V2_CURRENT</sourceObjSchema>
<sourceObjName>TASK_PRIORITY</sourceObjName>
<createdBy>50472</createdBy>
<createdTime>2014-11-18 22:00:58 UTC</createdTime>
<ownerDesignName>Manage_Work_V2_data_model_diagram</ownerDesignName>
<nullsAllowed>true</nullsAllowed>
<useDomainConstraints>false</useDomainConstraints>
<use>1</use>
<logicalDatatype>LOGDT024</logicalDatatype>
<dataTypePrecision>50</dataTypePrecision>
<dataTypeScale>0</dataTypeScale>
<dataTypeSize>50</dataTypeSize>
<autoIncrementCycle>false</autoIncrementCycle>
</Column>
<Column name="CURR_TASK_STATUS" id="C59BEEFE-B792-FCBC-FB92-CD39F2C6A00E">
<sourceConnName>UK-HWS rk50472</sourceConnName>
<sourceObjSchema>D_MW_V2_CURRENT</sourceObjSchema>
<sourceObjName>CURR_TASK_STATUS</sourceObjName>
<createdBy>50472</createdBy>
<createdTime>2014-11-18 22:00:58 UTC</createdTime>
<ownerDesignName>Manage_Work_V2_data_model_diagram</ownerDesignName>
<useDomainConstraints>false</useDomainConstraints>
<use>1</use>
<logicalDatatype>LOGDT024</logicalDatatype>
<dataTypePrecision>50</dataTypePrecision>
<dataTypeScale>0</dataTypeScale>
<dataTypeSize>50</dataTypeSize>
<autoIncrementCycle>false</autoIncrementCycle>
</Column>
<Column name="TASK_TYPE_ID" id="27D9A6F0-830B-95F0-01AE-6B0C71840807">
<sourceConnName>UK-HWS rk50472</sourceConnName>
<sourceObjSchema>D_MW_V2_CURRENT</sourceObjSchema>
<sourceObjName>TASK_TYPE_ID</sourceObjName>
<createdBy>50472</createdBy>
<createdTime>2014-11-18 22:00:58 UTC</createdTime>
<ownerDesignName>Manage_Work_V2_data_model_diagram</ownerDesignName>
<useDomainConstraints>false</useDomainConstraints>
<use>1</use>
<logicalDatatype>LOGDT011</logicalDatatype>
<dataTypePrecision>10</dataTypePrecision>
<dataTypeScale>0</dataTypeScale>
<dataTypeSize>4</dataTypeSize>
<autoIncrementCycle>false</autoIncrementCycle>
</Column>
<Column name="CURR_TEAM_ID" id="E9A8DDB4-EB2A-8490-D815-4C673012C22E">
<sourceConnName>UK-HWS rk50472</sourceConnName>
<sourceObjSchema>D_MW_V2_CURRENT</sourceObjSchema>
<sourceObjName>CURR_TEAM_ID</sourceObjName>
<createdBy>50472</createdBy>
<createdTime>2014-11-18 22:00:58 UTC</createdTime>
<ownerDesignName>Manage_Work_V2_data_model_diagram</ownerDesignName>
<nullsAllowed>true</nullsAllowed>
<useDomainConstraints>false</useDomainConstraints>
<use>1</use>
<logicalDatatype>LOGDT011</logicalDatatype>
<dataTypePrecision>10</dataTypePrecision>
<dataTypeScale>0</dataTypeScale>
<dataTypeSize>4</dataTypeSize>
<autoIncrementCycle>false</autoIncrementCycle>
</Column>
<Column name="TIMELINESS_STATUS" id="E3FF5BAF-B314-3176-2334-C8D71CEC0FAF">
<sourceConnName>UK-HWS rk50472</sourceConnName>
<sourceObjSchema>D_MW_V2_CURRENT</sourceObjSchema>
<sourceObjName>TIMELINESS_STATUS</sourceObjName>
<createdBy>50472</createdBy>
<createdTime>2014-11-18 22:00:58 UTC</createdTime>
<ownerDesignName>Manage_Work_V2_data_model_diagram</ownerDesignName>
<useDomainConstraints>false</useDomainConstraints>
<use>1</use>
<logicalDatatype>LOGDT024</logicalDatatype>
<dataTypePrecision>20</dataTypePrecision>
<dataTypeScale>0</dataTypeScale>
<dataTypeSize>20</dataTypeSize>
<defaultValue>Not Complete</defaultValue>
<autoIncrementCycle>false</autoIncrementCycle>
</Column>
<Column name="UNIT_OF_WORK" id="74C24122-1C64-E9B9-7EDC-7BF2B1FF2B53">
<sourceConnName>UK-HWS rk50472</sourceConnName>
<sourceObjSchema>D_MW_V2_CURRENT</sourceObjSchema>
<sourceObjName>UNIT_OF_WORK</sourceObjName>
<createdBy>50472</createdBy>
<createdTime>2014-11-18 22:00:58 UTC</createdTime>
<ownerDesignName>Manage_Work_V2_data_model_diagram</ownerDesignName>
<nullsAllowed>true</nullsAllowed>
<useDomainConstraints>false</useDomainConstraints>
<use>1</use>
<logicalDatatype>LOGDT024</logicalDatatype>
<dataTypePrecision>30</dataTypePrecision>
<dataTypeScale>0</dataTypeScale>
<dataTypeSize>30</dataTypeSize>
<autoIncrementCycle>false</autoIncrementCycle>
</Column>
<Column name="CURR_WORK_RECEIPT_DATE" id="42C67DD1-7559-1AEE-D518-BC9F592E00CC">
<sourceConnName>UK-HWS rk50472</sourceConnName>
<sourceObjSchema>D_MW_V2_CURRENT</sourceObjSchema>
<sourceObjName>CURR_WORK_RECEIPT_DATE</sourceObjName>
<createdBy>50472</createdBy>
<createdTime>2014-11-18 22:00:58 UTC</createdTime>
<ownerDesignName>Manage_Work_V2_data_model_diagram</ownerDesignName>
<nullsAllowed>true</nullsAllowed>
<useDomainConstraints>false</useDomainConstraints>
<use>1</use>
<logicalDatatype>LOGDT008</logicalDatatype>
<dataTypePrecision>23</dataTypePrecision>
<dataTypeScale>3</dataTypeScale>
<dataTypeSize>8</dataTypeSize>
<autoIncrementCycle>false</autoIncrementCycle>
</Column>
<Column name="SOURCE_PROCESS_ID" id="DF7AC067-9F67-C1CD-5646-F445702C9DFB">
<sourceConnName>UK-HWS rk50472</sourceConnName>
<sourceObjSchema>D_MW_V2_CURRENT</sourceObjSchema>
<sourceObjName>SOURCE_PROCESS_ID</sourceObjName>
<createdBy>50472</createdBy>
<createdTime>2014-11-18 22:00:58 UTC</createdTime>
<ownerDesignName>Manage_Work_V2_data_model_diagram</ownerDesignName>
<nullsAllowed>true</nullsAllowed>
<useDomainConstraints>false</useDomainConstraints>
<use>1</use>
<logicalDatatype>LOGDT011</logicalDatatype>
<dataTypePrecision>10</dataTypePrecision>
<dataTypeScale>0</dataTypeScale>
<dataTypeSize>4</dataTypeSize>
<autoIncrementCycle>false</autoIncrementCycle>
</Column>
<Column name="SOURCE_PROCESS_INSTANCE_ID" id="E7D9996C-465C-591C-2198-C5087A0F3BBB">
<sourceConnName>UK-HWS rk50472</sourceConnName>
<sourceObjSchema>D_MW_V2_CURRENT</sourceObjSchema>
<sourceObjName>SOURCE_PROCESS_INSTANCE_ID</sourceObjName>
<createdBy>50472</createdBy>
<createdTime>2014-11-18 22:00:58 UTC</createdTime>
<ownerDesignName>Manage_Work_V2_data_model_diagram</ownerDesignName>
<nullsAllowed>true</nullsAllowed>
<useDomainConstraints>false</useDomainConstraints>
<use>1</use>
<logicalDatatype>LOGDT011</logicalDatatype>
<dataTypePrecision>10</dataTypePrecision>
<dataTypeScale>0</dataTypeScale>
<dataTypeSize>4</dataTypeSize>
<autoIncrementCycle>false</autoIncrementCycle>
</Column>
</columns>
<indexes itemClass="oracle.dbtools.crest.model.design.relational.Index">
<ind_PK_UK id="9D664313-DCD7-47D5-21C9-0F0AE09205FE" name="DMWCUR_V2_PK">
<sourceConnName>UK-HWS rk50472</sourceConnName>
<sourceObjSchema>maxdat</sourceObjSchema>
<sourceObjName>DMWCUR_V2_PK</sourceObjName>
<createdBy>50472</createdBy>
<createdTime>2014-11-18 22:01:00 UTC</createdTime>
<ownerDesignName>Manage_Work_V2_data_model_diagram</ownerDesignName>
<pk>true</pk>
<indexState>Primary Constraint</indexState>
<isSurrogateKey>false</isSurrogateKey>
<indexColumnUsage>
<colUsage columnID="2CEF0CC9-9307-9DA0-2AEF-47D568DC1966"/>
</indexColumnUsage>
</ind_PK_UK>
<ind_PK_UK id="D9C85C4C-9878-A060-4AB7-D65F7993825E" name="DMWCUR_V2_CANCELLED_STF_ID">
<sourceConnName>UK-HWS rk50472</sourceConnName>
<sourceObjSchema>maxdat</sourceObjSchema>
<sourceObjName>DMWCUR_V2_CANCELLED_STF_ID</sourceObjName>
<createdBy>50472</createdBy>
<createdTime>2014-11-18 22:00:58 UTC</createdTime>
<ownerDesignName>Manage_Work_V2_data_model_diagram</ownerDesignName>
<isSurrogateKey>false</isSurrogateKey>
<indexColumnUsage>
<colUsage columnID="B2E06505-11F7-5A7E-1CDC-3938AA5007BB"/>
</indexColumnUsage>
</ind_PK_UK>
<ind_PK_UK id="3633BCE9-EAFF-9D51-F0EB-9F068B233D39" name="DMWCUR_V2_CREATED_STF_ID">
<sourceConnName>UK-HWS rk50472</sourceConnName>
<sourceObjSchema>maxdat</sourceObjSchema>
<sourceObjName>DMWCUR_V2_CREATED_STF_ID</sourceObjName>
<createdBy>50472</createdBy>
<createdTime>2014-11-18 22:00:58 UTC</createdTime>
<ownerDesignName>Manage_Work_V2_data_model_diagram</ownerDesignName>
<isSurrogateKey>false</isSurrogateKey>
<indexColumnUsage>
<colUsage columnID="022EFB05-E349-536D-9459-1B37D8AE2E1C"/>
</indexColumnUsage>
</ind_PK_UK>
<ind_PK_UK id="3E52A523-6D60-511E-B203-44E148F865AB" name="DMWCUR_V2_CURR_BUSUNIT_ID">
<sourceConnName>UK-HWS rk50472</sourceConnName>
<sourceObjSchema>maxdat</sourceObjSchema>
<sourceObjName>DMWCUR_V2_CURR_BUSUNIT_ID</sourceObjName>
<createdBy>50472</createdBy>
<createdTime>2014-11-18 22:00:58 UTC</createdTime>
<ownerDesignName>Manage_Work_V2_data_model_diagram</ownerDesignName>
<isSurrogateKey>false</isSurrogateKey>
<indexColumnUsage>
<colUsage columnID="C2743803-11C8-70AF-3F4C-91340905992F"/>
</indexColumnUsage>
</ind_PK_UK>
<ind_PK_UK id="277C4E76-C2E4-AE2D-F398-FB5537E3E439" name="DMWCUR_V2_CURR_TASK_TYPE_ID">
<sourceConnName>UK-HWS rk50472</sourceConnName>
<sourceObjSchema>maxdat</sourceObjSchema>
<sourceObjName>DMWCUR_V2_CURR_TASK_TYPE_ID</sourceObjName>
<createdBy>50472</createdBy>
<createdTime>2014-11-18 22:00:58 UTC</createdTime>
<ownerDesignName>Manage_Work_V2_data_model_diagram</ownerDesignName>
<isSurrogateKey>false</isSurrogateKey>
<indexColumnUsage>
<colUsage columnID="27D9A6F0-830B-95F0-01AE-6B0C71840807"/>
</indexColumnUsage>
</ind_PK_UK>
<ind_PK_UK id="95A84C9D-9180-B1B0-D6F8-01DA28E97EE8" name="DMWCUR_V2_CURR_TEAM_ID">
<sourceConnName>UK-HWS rk50472</sourceConnName>
<sourceObjSchema>maxdat</sourceObjSchema>
<sourceObjName>DMWCUR_V2_CURR_TEAM_ID</sourceObjName>
<createdBy>50472</createdBy>
<createdTime>2014-11-18 22:00:58 UTC</createdTime>
<ownerDesignName>Manage_Work_V2_data_model_diagram</ownerDesignName>
<isSurrogateKey>false</isSurrogateKey>
<indexColumnUsage>
<colUsage columnID="E9A8DDB4-EB2A-8490-D815-4C673012C22E"/>
</indexColumnUsage>
</ind_PK_UK>
<ind_PK_UK id="CED1EB63-13A7-A1EB-BDCF-4FDCF0C65FA8" name="DMWCUR_V2_ESCALATED_STF_ID">
<sourceConnName>UK-HWS rk50472</sourceConnName>
<sourceObjSchema>maxdat</sourceObjSchema>
<sourceObjName>DMWCUR_V2_ESCALATED_STF_ID</sourceObjName>
<createdBy>50472</createdBy>
<createdTime>2014-11-18 22:00:59 UTC</createdTime>
<ownerDesignName>Manage_Work_V2_data_model_diagram</ownerDesignName>
<isSurrogateKey>false</isSurrogateKey>
<indexColumnUsage>
<colUsage columnID="AEA6DF61-7AC7-946C-6566-5D1B7E85ED50"/>
</indexColumnUsage>
</ind_PK_UK>
<ind_PK_UK id="B901661E-AABC-BFCD-75DF-4257F33CEEEF" name="DMWCUR_V2_FORWARDED_STF_ID">
<sourceConnName>UK-HWS rk50472</sourceConnName>
<sourceObjSchema>maxdat</sourceObjSchema>
<sourceObjName>DMWCUR_V2_FORWARDED_STF_ID</sourceObjName>
<createdBy>50472</createdBy>
<createdTime>2014-11-18 22:00:59 UTC</createdTime>
<ownerDesignName>Manage_Work_V2_data_model_diagram</ownerDesignName>
<isSurrogateKey>false</isSurrogateKey>
<indexColumnUsage>
<colUsage columnID="797FA63C-48FA-4951-5A05-1A05EA5AF941"/>
</indexColumnUsage>
</ind_PK_UK>
<ind_PK_UK id="B0A36A9C-BB52-A7BB-597A-1DE4B47C11AB" name="DMWCUR_V2_LAST_UPD_BY_STF_ID">
<sourceConnName>UK-HWS rk50472</sourceConnName>
<sourceObjSchema>maxdat</sourceObjSchema>
<sourceObjName>DMWCUR_V2_LAST_UPD_BY_STF_ID</sourceObjName>
<createdBy>50472</createdBy>
<createdTime>2014-11-18 22:00:59 UTC</createdTime>
<ownerDesignName>Manage_Work_V2_data_model_diagram</ownerDesignName>
<isSurrogateKey>false</isSurrogateKey>
<indexColumnUsage>
<colUsage columnID="57C8E035-2786-F771-9377-62001EB554C3"/>
</indexColumnUsage>
</ind_PK_UK>
<ind_PK_UK id="8E092084-03FC-E9B9-25F6-04C7563A6D93" name="DMWCUR_V2_OWNER_STF_ID">
<sourceConnName>UK-HWS rk50472</sourceConnName>
<sourceObjSchema>maxdat</sourceObjSchema>
<sourceObjName>DMWCUR_V2_OWNER_STF_ID</sourceObjName>
<createdBy>50472</createdBy>
<createdTime>2014-11-18 22:00:59 UTC</createdTime>
<ownerDesignName>Manage_Work_V2_data_model_diagram</ownerDesignName>
<isSurrogateKey>false</isSurrogateKey>
<indexColumnUsage>
<colUsage columnID="8DA956F5-575E-28A2-9C79-2DCF2111C15F"/>
</indexColumnUsage>
</ind_PK_UK>
<ind_PK_UK id="EEA2E140-1C48-096D-60F6-21B5EBE97247" name="DMWCUR_V2_UNIQ_TASK_ID">
<sourceConnName>UK-HWS rk50472</sourceConnName>
<sourceObjSchema>maxdat</sourceObjSchema>
<sourceObjName>DMWCUR_V2_UNIQ_TASK_ID</sourceObjName>
<createdBy>50472</createdBy>
<createdTime>2014-11-18 22:00:59 UTC</createdTime>
<ownerDesignName>Manage_Work_V2_data_model_diagram</ownerDesignName>
<indexState>Unique Plain Index</indexState>
<isSurrogateKey>false</isSurrogateKey>
<indexColumnUsage>
<colUsage columnID="316600A4-6298-5670-102A-E46300CB9662"/>
</indexColumnUsage>
</ind_PK_UK>
</indexes>
<tableCheckConstraints itemClass="oracle.dbtools.crest.model.design.constraint.TableLevelConstraint">
<tableCheckConstraint name="DF__D_MW_V2_C__STATU__2D7CBDC4" directorySegmentName="seg_0" id="45D03AE8-6B21-69D5-5010-A1ECB54C5E65">
<sourceConnName>UK-HWS rk50472</sourceConnName>
<sourceObjSchema>maxdat</sourceObjSchema>
<sourceObjName>DF__D_MW_V2_C__AGE_I__17C286CF</sourceObjName>
<createdBy>50472</createdBy>
<createdTime>2014-11-18 22:01:00 UTC</createdTime>
<ownerDesignName>Manage_Work_V2_data_model_diagram</ownerDesignName>
<rule>(0)</rule>
</tableCheckConstraint>
<tableCheckConstraint name="DF__D_MW_V2_C__STATU__2C88998B" directorySegmentName="seg_0" id="FB839E68-A629-93FD-3C36-2C7023F6FDC1">
<sourceConnName>UK-HWS rk50472</sourceConnName>
<sourceObjSchema>maxdat</sourceObjSchema>
<sourceObjName>DF__D_MW_V2_C__AGE_I__18B6AB08</sourceObjName>
<createdBy>50472</createdBy>
<createdTime>2014-11-18 22:01:00 UTC</createdTime>
<ownerDesignName>Manage_Work_V2_data_model_diagram</ownerDesignName>
<rule>(0)</rule>
</tableCheckConstraint>
<tableCheckConstraint name="DF__D_MW_V2_C__JEOPA__2B947552" directorySegmentName="seg_0" id="98B0F4F1-DDEB-C6C9-AF54-BAF31ACB47F7">
<sourceConnName>UK-HWS rk50472</sourceConnName>
<sourceObjSchema>maxdat</sourceObjSchema>
<sourceObjName>DF__D_MW_V2_C__ESCAL__19AACF41</sourceObjName>
<createdBy>50472</createdBy>
<createdTime>2014-11-18 22:01:00 UTC</createdTime>
<ownerDesignName>Manage_Work_V2_data_model_diagram</ownerDesignName>
<rule>&apos;N&apos;</rule>
</tableCheckConstraint>
<tableCheckConstraint name="DF__D_MW_V2_C__FORWA__2AA05119" directorySegmentName="seg_0" id="43E5BF8D-774C-293B-9C14-5A171EA592D6">
<sourceConnName>UK-HWS rk50472</sourceConnName>
<sourceObjSchema>maxdat</sourceObjSchema>
<sourceObjName>DF__D_MW_V2_C__FORWA__1A9EF37A</sourceObjName>
<createdBy>50472</createdBy>
<createdTime>2014-11-18 22:01:00 UTC</createdTime>
<ownerDesignName>Manage_Work_V2_data_model_diagram</ownerDesignName>
<rule>&apos;N&apos;</rule>
</tableCheckConstraint>
<tableCheckConstraint name="DF__D_MW_V2_C__JEOPA__1B9317B3" directorySegmentName="seg_0" id="5873FF67-A14E-563E-F03E-75C066BC57D4">
<sourceConnName>UK-HWS rk50472</sourceConnName>
<sourceObjSchema>maxdat</sourceObjSchema>
<sourceObjName>DF__D_MW_V2_C__JEOPA__1B9317B3</sourceObjName>
<createdBy>50472</createdBy>
<createdTime>2014-11-18 22:01:00 UTC</createdTime>
<ownerDesignName>Manage_Work_V2_data_model_diagram</ownerDesignName>
<rule>&apos;N&apos;</rule>
</tableCheckConstraint>
<tableCheckConstraint name="DF__D_MW_V2_C__STATU__1C873BEC" directorySegmentName="seg_0" id="430B63D0-A0A2-C092-97BB-11FF7D67395B">
<sourceConnName>UK-HWS rk50472</sourceConnName>
<sourceObjSchema>maxdat</sourceObjSchema>
<sourceObjName>DF__D_MW_V2_C__STATU__1C873BEC</sourceObjName>
<createdBy>50472</createdBy>
<createdTime>2014-11-18 22:01:00 UTC</createdTime>
<ownerDesignName>Manage_Work_V2_data_model_diagram</ownerDesignName>
<rule>(0)</rule>
</tableCheckConstraint>
<tableCheckConstraint name="DF__D_MW_V2_C__STATU__1D7B6025" directorySegmentName="seg_0" id="67831E12-EF93-5988-61AA-AC30ADC44085">
<sourceConnName>UK-HWS rk50472</sourceConnName>
<sourceObjSchema>maxdat</sourceObjSchema>
<sourceObjName>DF__D_MW_V2_C__STATU__1D7B6025</sourceObjName>
<createdBy>50472</createdBy>
<createdTime>2014-11-18 22:01:00 UTC</createdTime>
<ownerDesignName>Manage_Work_V2_data_model_diagram</ownerDesignName>
<rule>(0)</rule>
</tableCheckConstraint>
<tableCheckConstraint name="DF__D_MW_V2_C__STG_L__2F650636" directorySegmentName="seg_0" id="41057782-41CC-2890-71AC-291E9A1E3447">
<sourceConnName>UK-HWS rk50472</sourceConnName>
<sourceObjSchema>maxdat</sourceObjSchema>
<sourceObjName>DF__D_MW_V2_C__STG_E__1E6F845E</sourceObjName>
<createdBy>50472</createdBy>
<createdTime>2014-11-18 22:01:00 UTC</createdTime>
<ownerDesignName>Manage_Work_V2_data_model_diagram</ownerDesignName>
<rule>getdate()</rule>
</tableCheckConstraint>
<tableCheckConstraint name="DF__D_MW_V2_C__STG_E__2E70E1FD" directorySegmentName="seg_0" id="1C47C4AF-1028-6D42-8EAC-B8E49A31FE4A">
<sourceConnName>UK-HWS rk50472</sourceConnName>
<sourceObjSchema>maxdat</sourceObjSchema>
<sourceObjName>DF__D_MW_V2_C__STG_L__1F63A897</sourceObjName>
<createdBy>50472</createdBy>
<createdTime>2014-11-18 22:01:00 UTC</createdTime>
<ownerDesignName>Manage_Work_V2_data_model_diagram</ownerDesignName>
<rule>getdate()</rule>
</tableCheckConstraint>
<tableCheckConstraint name="DF__D_MW_V2_C__TIMEL__30592A6F" directorySegmentName="seg_0" id="C4C55124-7D97-9717-D441-A349984145CC">
<sourceConnName>UK-HWS rk50472</sourceConnName>
<sourceObjSchema>maxdat</sourceObjSchema>
<sourceObjName>DF__D_MW_V2_C__TIMEL__2057CCD0</sourceObjName>
<createdBy>50472</createdBy>
<createdTime>2014-11-18 22:01:00 UTC</createdTime>
<ownerDesignName>Manage_Work_V2_data_model_diagram</ownerDesignName>
<rule>&apos;Not Complete&apos;</rule>
</tableCheckConstraint>
</tableCheckConstraints>
</Table>