<?xml version = '1.0' encoding = 'UTF-8'?>
<Table class="oracle.dbtools.crest.model.design.relational.Table" directorySegmentName="seg_0" id="69FEEFB8-9D8B-781A-7BC0-DF5982AD650C" name="D_STAFF">
<sourceConnName>UK_HWS maxdat</sourceConnName>
<sourceObjSchema>maxdat</sourceObjSchema>
<sourceObjName>D_STAFF</sourceObjName>
<createdBy>50472</createdBy>
<createdTime>2014-12-04 22:41:47 UTC</createdTime>
<ownerDesignName>Manage_Work_V2_data_model_diagram</ownerDesignName>
<importedID>F545B297-4EF5-43EE-9A5F-8FBA0B1F71D7</importedID>
<allowColumnReorder>false</allowColumnReorder>
<existDependencyGenerateInDDl>true</existDependencyGenerateInDDl>
<columns itemClass="oracle.dbtools.crest.model.design.relational.Column">
<Column name="STAFF_ID" id="AB18EDEC-9066-3B77-3A3F-76405B522F6E">
<sourceConnName>UK_HWS maxdat</sourceConnName>
<sourceObjSchema>D_STAFF</sourceObjSchema>
<sourceObjName>STAFF_ID</sourceObjName>
<createdBy>50472</createdBy>
<createdTime>2014-12-04 22:41:47 UTC</createdTime>
<ownerDesignName>Manage_Work_V2_data_model_diagram</ownerDesignName>
<importedID>6547876D-5816-F71E-F106-ED1D08A85BB0</importedID>
<useDomainConstraints>false</useDomainConstraints>
<use>1</use>
<logicalDatatype>LOGDT011</logicalDatatype>
<dataTypePrecision>10</dataTypePrecision>
<dataTypeScale>0</dataTypeScale>
<dataTypeSize>4</dataTypeSize>
<autoIncrementCycle>false</autoIncrementCycle>
</Column>
<Column name="EXT_STAFF_NUMBER" id="B4284531-C28C-BC77-F678-931B5DD085FE">
<sourceConnName>UK_HWS maxdat</sourceConnName>
<sourceObjSchema>D_STAFF</sourceObjSchema>
<sourceObjName>EXT_STAFF_NUMBER</sourceObjName>
<createdBy>50472</createdBy>
<createdTime>2014-12-04 22:41:47 UTC</createdTime>
<ownerDesignName>Manage_Work_V2_data_model_diagram</ownerDesignName>
<importedID>12CC2CA3-73D9-46AD-2A8C-CDA53FC283F7</importedID>
<nullsAllowed>true</nullsAllowed>
<useDomainConstraints>false</useDomainConstraints>
<use>1</use>
<logicalDatatype>LOGDT024</logicalDatatype>
<dataTypePrecision>80</dataTypePrecision>
<dataTypeScale>0</dataTypeScale>
<dataTypeSize>80</dataTypeSize>
<autoIncrementCycle>false</autoIncrementCycle>
</Column>
<Column name="DOB" id="F360198E-CE07-4456-D381-72FA9BAC904C">
<sourceConnName>UK_HWS maxdat</sourceConnName>
<sourceObjSchema>D_STAFF</sourceObjSchema>
<sourceObjName>DOB</sourceObjName>
<createdBy>50472</createdBy>
<createdTime>2014-12-04 22:41:47 UTC</createdTime>
<ownerDesignName>Manage_Work_V2_data_model_diagram</ownerDesignName>
<importedID>F432D3B1-B4A9-DA02-B4FC-1B96C0F20FD1</importedID>
<nullsAllowed>true</nullsAllowed>
<useDomainConstraints>false</useDomainConstraints>
<use>1</use>
<logicalDatatype>LOGDT007</logicalDatatype>
<dataTypePrecision>10</dataTypePrecision>
<dataTypeScale>0</dataTypeScale>
<dataTypeSize>3</dataTypeSize>
<autoIncrementCycle>false</autoIncrementCycle>
</Column>
<Column name="SSN" id="914AA84B-C117-2A42-D97C-C0FBF194C8FC">
<sourceConnName>UK_HWS maxdat</sourceConnName>
<sourceObjSchema>D_STAFF</sourceObjSchema>
<sourceObjName>SSN</sourceObjName>
<createdBy>50472</createdBy>
<createdTime>2014-12-04 22:41:47 UTC</createdTime>
<ownerDesignName>Manage_Work_V2_data_model_diagram</ownerDesignName>
<importedID>112EBD60-D67F-1F2F-25A7-C874C7DDC5AA</importedID>
<nullsAllowed>true</nullsAllowed>
<useDomainConstraints>false</useDomainConstraints>
<use>1</use>
<logicalDatatype>LOGDT024</logicalDatatype>
<dataTypePrecision>30</dataTypePrecision>
<dataTypeScale>0</dataTypeScale>
<dataTypeSize>30</dataTypeSize>
<autoIncrementCycle>false</autoIncrementCycle>
</Column>
<Column name="FIRST_NAME" id="624A1469-DA8B-BE89-D602-0B692B70D3AD">
<sourceConnName>UK_HWS maxdat</sourceConnName>
<sourceObjSchema>D_STAFF</sourceObjSchema>
<sourceObjName>FIRST_NAME</sourceObjName>
<createdBy>50472</createdBy>
<createdTime>2014-12-04 22:41:47 UTC</createdTime>
<ownerDesignName>Manage_Work_V2_data_model_diagram</ownerDesignName>
<importedID>EEBA6BE2-0985-2A86-544C-9A5DB7223F12</importedID>
<nullsAllowed>true</nullsAllowed>
<useDomainConstraints>false</useDomainConstraints>
<use>1</use>
<logicalDatatype>LOGDT024</logicalDatatype>
<dataTypePrecision>50</dataTypePrecision>
<dataTypeScale>0</dataTypeScale>
<dataTypeSize>50</dataTypeSize>
<autoIncrementCycle>false</autoIncrementCycle>
</Column>
<Column name="FIRST_NAME_CANON" id="BFE61144-A40A-676A-36D4-611DAFE838B9">
<sourceConnName>UK_HWS maxdat</sourceConnName>
<sourceObjSchema>D_STAFF</sourceObjSchema>
<sourceObjName>FIRST_NAME_CANON</sourceObjName>
<createdBy>50472</createdBy>
<createdTime>2014-12-04 22:41:47 UTC</createdTime>
<ownerDesignName>Manage_Work_V2_data_model_diagram</ownerDesignName>
<importedID>C98FCB9E-D5DB-B303-CBBA-1C1583272B01</importedID>
<nullsAllowed>true</nullsAllowed>
<useDomainConstraints>false</useDomainConstraints>
<use>1</use>
<logicalDatatype>LOGDT024</logicalDatatype>
<dataTypePrecision>50</dataTypePrecision>
<dataTypeScale>0</dataTypeScale>
<dataTypeSize>50</dataTypeSize>
<autoIncrementCycle>false</autoIncrementCycle>
</Column>
<Column name="FIRST_NAME_SOUND_LIKE" id="D9F6AA04-69EA-B45D-582B-B0DB92925192">
<sourceConnName>UK_HWS maxdat</sourceConnName>
<sourceObjSchema>D_STAFF</sourceObjSchema>
<sourceObjName>FIRST_NAME_SOUND_LIKE</sourceObjName>
<createdBy>50472</createdBy>
<createdTime>2014-12-04 22:41:47 UTC</createdTime>
<ownerDesignName>Manage_Work_V2_data_model_diagram</ownerDesignName>
<importedID>BE9AE92F-62D1-F16B-332E-4C86C64320D8</importedID>
<nullsAllowed>true</nullsAllowed>
<useDomainConstraints>false</useDomainConstraints>
<use>1</use>
<logicalDatatype>LOGDT024</logicalDatatype>
<dataTypePrecision>64</dataTypePrecision>
<dataTypeScale>0</dataTypeScale>
<dataTypeSize>64</dataTypeSize>
<autoIncrementCycle>false</autoIncrementCycle>
</Column>
<Column name="GENDER_CD" id="D64F0280-AF6B-C9D6-DD98-639F1DF79C98">
<sourceConnName>UK_HWS maxdat</sourceConnName>
<sourceObjSchema>D_STAFF</sourceObjSchema>
<sourceObjName>GENDER_CD</sourceObjName>
<createdBy>50472</createdBy>
<createdTime>2014-12-04 22:41:47 UTC</createdTime>
<ownerDesignName>Manage_Work_V2_data_model_diagram</ownerDesignName>
<importedID>300ABDEF-5B93-1375-F630-693E832BB0A7</importedID>
<nullsAllowed>true</nullsAllowed>
<useDomainConstraints>false</useDomainConstraints>
<use>1</use>
<logicalDatatype>LOGDT024</logicalDatatype>
<dataTypePrecision>32</dataTypePrecision>
<dataTypeScale>0</dataTypeScale>
<dataTypeSize>32</dataTypeSize>
<autoIncrementCycle>false</autoIncrementCycle>
</Column>
<Column name="START_DATE" id="60404712-D8E7-E5C3-71A6-48C6EF2D3DF5">
<sourceConnName>UK_HWS maxdat</sourceConnName>
<sourceObjSchema>D_STAFF</sourceObjSchema>
<sourceObjName>START_DATE</sourceObjName>
<createdBy>50472</createdBy>
<createdTime>2014-12-04 22:41:47 UTC</createdTime>
<ownerDesignName>Manage_Work_V2_data_model_diagram</ownerDesignName>
<importedID>DBE6D6A1-AECA-5CDF-9864-25D7A696E3BB</importedID>
<nullsAllowed>true</nullsAllowed>
<useDomainConstraints>false</useDomainConstraints>
<use>1</use>
<logicalDatatype>LOGDT007</logicalDatatype>
<dataTypePrecision>10</dataTypePrecision>
<dataTypeScale>0</dataTypeScale>
<dataTypeSize>3</dataTypeSize>
<autoIncrementCycle>false</autoIncrementCycle>
</Column>
<Column name="END_DATE" id="D6990074-8CA4-690A-6A85-B5EB7529907B">
<sourceConnName>UK_HWS maxdat</sourceConnName>
<sourceObjSchema>D_STAFF</sourceObjSchema>
<sourceObjName>END_DATE</sourceObjName>
<createdBy>50472</createdBy>
<createdTime>2014-12-04 22:41:47 UTC</createdTime>
<ownerDesignName>Manage_Work_V2_data_model_diagram</ownerDesignName>
<importedID>5BAED555-64BF-04E6-886E-BC964130B206</importedID>
<nullsAllowed>true</nullsAllowed>
<useDomainConstraints>false</useDomainConstraints>
<use>1</use>
<logicalDatatype>LOGDT007</logicalDatatype>
<dataTypePrecision>10</dataTypePrecision>
<dataTypeScale>0</dataTypeScale>
<dataTypeSize>3</dataTypeSize>
<autoIncrementCycle>false</autoIncrementCycle>
</Column>
<Column name="PHONE_NUMBER" id="0F5D2E50-F203-DFAF-2FEC-BA0D94B0D9FD">
<sourceConnName>UK_HWS maxdat</sourceConnName>
<sourceObjSchema>D_STAFF</sourceObjSchema>
<sourceObjName>PHONE_NUMBER</sourceObjName>
<createdBy>50472</createdBy>
<createdTime>2014-12-04 22:41:47 UTC</createdTime>
<ownerDesignName>Manage_Work_V2_data_model_diagram</ownerDesignName>
<importedID>7807DB1E-48B1-1B84-F98E-B8C2378099D2</importedID>
<nullsAllowed>true</nullsAllowed>
<useDomainConstraints>false</useDomainConstraints>
<use>1</use>
<logicalDatatype>LOGDT024</logicalDatatype>
<dataTypePrecision>20</dataTypePrecision>
<dataTypeScale>0</dataTypeScale>
<dataTypeSize>20</dataTypeSize>
<autoIncrementCycle>false</autoIncrementCycle>
</Column>
<Column name="LAST_NAME" id="35D20541-5225-8FED-5AFF-F5F403F6859C">
<sourceConnName>UK_HWS maxdat</sourceConnName>
<sourceObjSchema>D_STAFF</sourceObjSchema>
<sourceObjName>LAST_NAME</sourceObjName>
<createdBy>50472</createdBy>
<createdTime>2014-12-04 22:41:47 UTC</createdTime>
<ownerDesignName>Manage_Work_V2_data_model_diagram</ownerDesignName>
<importedID>6F683EA5-5382-CAE9-2DE5-D921ED1BD794</importedID>
<nullsAllowed>true</nullsAllowed>
<useDomainConstraints>false</useDomainConstraints>
<use>1</use>
<logicalDatatype>LOGDT024</logicalDatatype>
<dataTypePrecision>50</dataTypePrecision>
<dataTypeScale>0</dataTypeScale>
<dataTypeSize>50</dataTypeSize>
<autoIncrementCycle>false</autoIncrementCycle>
</Column>
<Column name="LAST_NAME_CANON" id="61412441-3C8B-8A01-436A-67EE92FDF927">
<sourceConnName>UK_HWS maxdat</sourceConnName>
<sourceObjSchema>D_STAFF</sourceObjSchema>
<sourceObjName>LAST_NAME_CANON</sourceObjName>
<createdBy>50472</createdBy>
<createdTime>2014-12-04 22:41:47 UTC</createdTime>
<ownerDesignName>Manage_Work_V2_data_model_diagram</ownerDesignName>
<importedID>E116435F-C428-2D78-5026-810FC80C968A</importedID>
<nullsAllowed>true</nullsAllowed>
<useDomainConstraints>false</useDomainConstraints>
<use>1</use>
<logicalDatatype>LOGDT024</logicalDatatype>
<dataTypePrecision>50</dataTypePrecision>
<dataTypeScale>0</dataTypeScale>
<dataTypeSize>50</dataTypeSize>
<autoIncrementCycle>false</autoIncrementCycle>
</Column>
<Column name="LAST_NAME_SOUND_LIKE" id="A5BC92C4-CDAB-8284-F72D-83DCD7064383">
<sourceConnName>UK_HWS maxdat</sourceConnName>
<sourceObjSchema>D_STAFF</sourceObjSchema>
<sourceObjName>LAST_NAME_SOUND_LIKE</sourceObjName>
<createdBy>50472</createdBy>
<createdTime>2014-12-04 22:41:47 UTC</createdTime>
<ownerDesignName>Manage_Work_V2_data_model_diagram</ownerDesignName>
<importedID>F6F881D4-2879-33BC-CACE-8E3F75B2A2CA</importedID>
<nullsAllowed>true</nullsAllowed>
<useDomainConstraints>false</useDomainConstraints>
<use>1</use>
<logicalDatatype>LOGDT024</logicalDatatype>
<dataTypePrecision>64</dataTypePrecision>
<dataTypeScale>0</dataTypeScale>
<dataTypeSize>64</dataTypeSize>
<autoIncrementCycle>false</autoIncrementCycle>
</Column>
<Column name="CREATED_BY" id="E063DC01-2BAC-12F3-9850-8CC691BDDC06">
<sourceConnName>UK_HWS maxdat</sourceConnName>
<sourceObjSchema>D_STAFF</sourceObjSchema>
<sourceObjName>CREATED_BY</sourceObjName>
<createdBy>50472</createdBy>
<createdTime>2014-12-04 22:41:47 UTC</createdTime>
<ownerDesignName>Manage_Work_V2_data_model_diagram</ownerDesignName>
<importedID>5544F0A2-85BE-E939-CC58-14923413CE75</importedID>
<nullsAllowed>true</nullsAllowed>
<useDomainConstraints>false</useDomainConstraints>
<use>1</use>
<logicalDatatype>LOGDT024</logicalDatatype>
<dataTypePrecision>80</dataTypePrecision>
<dataTypeScale>0</dataTypeScale>
<dataTypeSize>80</dataTypeSize>
<autoIncrementCycle>false</autoIncrementCycle>
</Column>
<Column name="CREATE_TS" id="580DB9F3-725F-4548-FFC6-E35FA2187346">
<sourceConnName>UK_HWS maxdat</sourceConnName>
<sourceObjSchema>D_STAFF</sourceObjSchema>
<sourceObjName>CREATE_TS</sourceObjName>
<createdBy>50472</createdBy>
<createdTime>2014-12-04 22:41:47 UTC</createdTime>
<ownerDesignName>Manage_Work_V2_data_model_diagram</ownerDesignName>
<importedID>17D6CB55-074D-60F7-E6FE-2E4728DC0EB5</importedID>
<nullsAllowed>true</nullsAllowed>
<useDomainConstraints>false</useDomainConstraints>
<use>1</use>
<logicalDatatype>LOGDT008</logicalDatatype>
<dataTypePrecision>23</dataTypePrecision>
<dataTypeScale>3</dataTypeScale>
<dataTypeSize>8</dataTypeSize>
<autoIncrementCycle>false</autoIncrementCycle>
</Column>
<Column name="UPDATED_BY" id="4D9B9D0E-2851-2E89-B01D-9D04BF89C56C">
<sourceConnName>UK_HWS maxdat</sourceConnName>
<sourceObjSchema>D_STAFF</sourceObjSchema>
<sourceObjName>UPDATED_BY</sourceObjName>
<createdBy>50472</createdBy>
<createdTime>2014-12-04 22:41:47 UTC</createdTime>
<ownerDesignName>Manage_Work_V2_data_model_diagram</ownerDesignName>
<importedID>6B28F74C-2661-9989-9B12-3C48A325C5AD</importedID>
<nullsAllowed>true</nullsAllowed>
<useDomainConstraints>false</useDomainConstraints>
<use>1</use>
<logicalDatatype>LOGDT024</logicalDatatype>
<dataTypePrecision>80</dataTypePrecision>
<dataTypeScale>0</dataTypeScale>
<dataTypeSize>80</dataTypeSize>
<autoIncrementCycle>false</autoIncrementCycle>
</Column>
<Column name="UPDATE_TS" id="22DEBE4F-3CBC-8DF0-EEB0-1389772AFA50">
<sourceConnName>UK_HWS maxdat</sourceConnName>
<sourceObjSchema>D_STAFF</sourceObjSchema>
<sourceObjName>UPDATE_TS</sourceObjName>
<createdBy>50472</createdBy>
<createdTime>2014-12-04 22:41:47 UTC</createdTime>
<ownerDesignName>Manage_Work_V2_data_model_diagram</ownerDesignName>
<importedID>7D9112AA-DAE2-1DE4-FEC7-346A655EBF77</importedID>
<nullsAllowed>true</nullsAllowed>
<useDomainConstraints>false</useDomainConstraints>
<use>1</use>
<logicalDatatype>LOGDT008</logicalDatatype>
<dataTypePrecision>23</dataTypePrecision>
<dataTypeScale>3</dataTypeScale>
<dataTypeSize>8</dataTypeSize>
<autoIncrementCycle>false</autoIncrementCycle>
</Column>
<Column name="MIDDLE_NAME" id="88DE6BEC-B0BA-785D-32AE-4E8320820CD1">
<sourceConnName>UK_HWS maxdat</sourceConnName>
<sourceObjSchema>D_STAFF</sourceObjSchema>
<sourceObjName>MIDDLE_NAME</sourceObjName>
<createdBy>50472</createdBy>
<createdTime>2014-12-04 22:41:47 UTC</createdTime>
<ownerDesignName>Manage_Work_V2_data_model_diagram</ownerDesignName>
<importedID>B17F60CF-239F-F4CE-CD8A-C0CBF97560A0</importedID>
<nullsAllowed>true</nullsAllowed>
<useDomainConstraints>false</useDomainConstraints>
<use>1</use>
<logicalDatatype>LOGDT024</logicalDatatype>
<dataTypePrecision>25</dataTypePrecision>
<dataTypeScale>0</dataTypeScale>
<dataTypeSize>25</dataTypeSize>
<autoIncrementCycle>false</autoIncrementCycle>
</Column>
<Column name="MIDDLE_NAME_CANON" id="B208C536-D985-E82F-6063-FBE6EF9F5F46">
<sourceConnName>UK_HWS maxdat</sourceConnName>
<sourceObjSchema>D_STAFF</sourceObjSchema>
<sourceObjName>MIDDLE_NAME_CANON</sourceObjName>
<createdBy>50472</createdBy>
<createdTime>2014-12-04 22:41:47 UTC</createdTime>
<ownerDesignName>Manage_Work_V2_data_model_diagram</ownerDesignName>
<importedID>F343BFC7-A3EE-BB16-134F-516D878044B0</importedID>
<nullsAllowed>true</nullsAllowed>
<useDomainConstraints>false</useDomainConstraints>
<use>1</use>
<logicalDatatype>LOGDT024</logicalDatatype>
<dataTypePrecision>20</dataTypePrecision>
<dataTypeScale>0</dataTypeScale>
<dataTypeSize>20</dataTypeSize>
<autoIncrementCycle>false</autoIncrementCycle>
</Column>
<Column name="MIDDLE_NAME_SOUND_LIKE" id="AC1B4144-E46A-9D9B-5769-830F38252C01">
<sourceConnName>UK_HWS maxdat</sourceConnName>
<sourceObjSchema>D_STAFF</sourceObjSchema>
<sourceObjName>MIDDLE_NAME_SOUND_LIKE</sourceObjName>
<createdBy>50472</createdBy>
<createdTime>2014-12-04 22:41:47 UTC</createdTime>
<ownerDesignName>Manage_Work_V2_data_model_diagram</ownerDesignName>
<importedID>A0005BAA-9E48-5202-50BA-9EB36892EEAB</importedID>
<nullsAllowed>true</nullsAllowed>
<useDomainConstraints>false</useDomainConstraints>
<use>1</use>
<logicalDatatype>LOGDT024</logicalDatatype>
<dataTypePrecision>64</dataTypePrecision>
<dataTypeScale>0</dataTypeScale>
<dataTypeSize>64</dataTypeSize>
<autoIncrementCycle>false</autoIncrementCycle>
</Column>
<Column name="EMAIL" id="FD26D241-CD53-DE42-CD2E-FD509FF5AC61">
<sourceConnName>UK_HWS maxdat</sourceConnName>
<sourceObjSchema>D_STAFF</sourceObjSchema>
<sourceObjName>EMAIL</sourceObjName>
<createdBy>50472</createdBy>
<createdTime>2014-12-04 22:41:47 UTC</createdTime>
<ownerDesignName>Manage_Work_V2_data_model_diagram</ownerDesignName>
<importedID>AE943BB6-9ABD-B4FD-F4C2-60264CAD536A</importedID>
<nullsAllowed>true</nullsAllowed>
<useDomainConstraints>false</useDomainConstraints>
<use>1</use>
<logicalDatatype>LOGDT024</logicalDatatype>
<dataTypePrecision>80</dataTypePrecision>
<dataTypeScale>0</dataTypeScale>
<dataTypeSize>80</dataTypeSize>
<autoIncrementCycle>false</autoIncrementCycle>
</Column>
<Column name="FAX_NUMBER" id="E4E70A1C-9589-2E8F-1F8B-50AAC669D82E">
<sourceConnName>UK_HWS maxdat</sourceConnName>
<sourceObjSchema>D_STAFF</sourceObjSchema>
<sourceObjName>FAX_NUMBER</sourceObjName>
<createdBy>50472</createdBy>
<createdTime>2014-12-04 22:41:47 UTC</createdTime>
<ownerDesignName>Manage_Work_V2_data_model_diagram</ownerDesignName>
<importedID>663884BE-4EF3-9AED-B0D9-E65A713B2FB8</importedID>
<nullsAllowed>true</nullsAllowed>
<useDomainConstraints>false</useDomainConstraints>
<use>1</use>
<logicalDatatype>LOGDT024</logicalDatatype>
<dataTypePrecision>32</dataTypePrecision>
<dataTypeScale>0</dataTypeScale>
<dataTypeSize>32</dataTypeSize>
<autoIncrementCycle>false</autoIncrementCycle>
</Column>
<Column name="NOTE_REFID" id="057DE047-70A1-6DA9-7976-594AD5ABF24B">
<sourceConnName>UK_HWS maxdat</sourceConnName>
<sourceObjSchema>D_STAFF</sourceObjSchema>
<sourceObjName>NOTE_REFID</sourceObjName>
<createdBy>50472</createdBy>
<createdTime>2014-12-04 22:41:47 UTC</createdTime>
<ownerDesignName>Manage_Work_V2_data_model_diagram</ownerDesignName>
<importedID>ABF3F9A2-27B2-5B29-C005-AE957F5ED0A2</importedID>
<nullsAllowed>true</nullsAllowed>
<useDomainConstraints>false</useDomainConstraints>
<use>1</use>
<logicalDatatype>LOGDT011</logicalDatatype>
<dataTypePrecision>10</dataTypePrecision>
<dataTypeScale>0</dataTypeScale>
<dataTypeSize>4</dataTypeSize>
<autoIncrementCycle>false</autoIncrementCycle>
</Column>
<Column name="DEPLOYMENT_STAFF_NUM" id="7E4A098C-0669-CD8A-DB04-AEF685E39CEB">
<sourceConnName>UK_HWS maxdat</sourceConnName>
<sourceObjSchema>D_STAFF</sourceObjSchema>
<sourceObjName>DEPLOYMENT_STAFF_NUM</sourceObjName>
<createdBy>50472</createdBy>
<createdTime>2014-12-04 22:41:47 UTC</createdTime>
<ownerDesignName>Manage_Work_V2_data_model_diagram</ownerDesignName>
<importedID>DA8A15D4-C29F-A2CE-78A0-6FFB9FEBF11C</importedID>
<nullsAllowed>true</nullsAllowed>
<useDomainConstraints>false</useDomainConstraints>
<use>1</use>
<logicalDatatype>LOGDT024</logicalDatatype>
<dataTypePrecision>80</dataTypePrecision>
<dataTypeScale>0</dataTypeScale>
<dataTypeSize>80</dataTypeSize>
<autoIncrementCycle>false</autoIncrementCycle>
</Column>
<Column name="DEFAULT_GROUP_ID" id="2D3E1A45-A8EC-AB2A-BCD1-65B02F66DF10">
<sourceConnName>UK_HWS maxdat</sourceConnName>
<sourceObjSchema>D_STAFF</sourceObjSchema>
<sourceObjName>DEFAULT_GROUP_ID</sourceObjName>
<createdBy>50472</createdBy>
<createdTime>2014-12-04 22:41:47 UTC</createdTime>
<ownerDesignName>Manage_Work_V2_data_model_diagram</ownerDesignName>
<importedID>5893508A-AA8E-731A-79A9-975DD2F527F0</importedID>
<nullsAllowed>true</nullsAllowed>
<useDomainConstraints>false</useDomainConstraints>
<use>1</use>
<logicalDatatype>LOGDT011</logicalDatatype>
<dataTypePrecision>10</dataTypePrecision>
<dataTypeScale>0</dataTypeScale>
<dataTypeSize>4</dataTypeSize>
<autoIncrementCycle>false</autoIncrementCycle>
</Column>
<Column name="STAFF_TYPE_CD" id="76D09AC7-602B-60AF-1D1B-C93C027B9331">
<sourceConnName>UK_HWS maxdat</sourceConnName>
<sourceObjSchema>D_STAFF</sourceObjSchema>
<sourceObjName>STAFF_TYPE_CD</sourceObjName>
<createdBy>50472</createdBy>
<createdTime>2014-12-04 22:41:47 UTC</createdTime>
<ownerDesignName>Manage_Work_V2_data_model_diagram</ownerDesignName>
<importedID>45788965-FF6C-821A-F295-FB62BF812190</importedID>
<nullsAllowed>true</nullsAllowed>
<useDomainConstraints>false</useDomainConstraints>
<use>1</use>
<logicalDatatype>LOGDT024</logicalDatatype>
<dataTypePrecision>20</dataTypePrecision>
<dataTypeScale>0</dataTypeScale>
<dataTypeSize>20</dataTypeSize>
<autoIncrementCycle>false</autoIncrementCycle>
</Column>
<Column name="UNIQUE_STAFF_ID" id="96CDCA99-3A82-888B-0796-5A39E27FA2FB">
<sourceConnName>UK_HWS maxdat</sourceConnName>
<sourceObjSchema>D_STAFF</sourceObjSchema>
<sourceObjName>UNIQUE_STAFF_ID</sourceObjName>
<createdBy>50472</createdBy>
<createdTime>2014-12-04 22:41:47 UTC</createdTime>
<ownerDesignName>Manage_Work_V2_data_model_diagram</ownerDesignName>
<importedID>7A7CFECC-2FD6-77C4-4469-7588C3C119D1</importedID>
<nullsAllowed>true</nullsAllowed>
<useDomainConstraints>false</useDomainConstraints>
<use>1</use>
<logicalDatatype>LOGDT024</logicalDatatype>
<dataTypePrecision>80</dataTypePrecision>
<dataTypeScale>0</dataTypeScale>
<dataTypeSize>80</dataTypeSize>
<autoIncrementCycle>false</autoIncrementCycle>
</Column>
<Column name="VOID_IND" id="FCC81CA0-D70D-9D20-9EF9-A0CE392CE410">
<sourceConnName>UK_HWS maxdat</sourceConnName>
<sourceObjSchema>D_STAFF</sourceObjSchema>
<sourceObjName>VOID_IND</sourceObjName>
<createdBy>50472</createdBy>
<createdTime>2014-12-04 22:41:47 UTC</createdTime>
<ownerDesignName>Manage_Work_V2_data_model_diagram</ownerDesignName>
<importedID>2BFC58DD-95E8-8D44-6F04-B2C622826AB2</importedID>
<nullsAllowed>true</nullsAllowed>
<useDomainConstraints>false</useDomainConstraints>
<use>1</use>
<logicalDatatype>LOGDT011</logicalDatatype>
<dataTypePrecision>10</dataTypePrecision>
<dataTypeScale>0</dataTypeScale>
<dataTypeSize>4</dataTypeSize>
<defaultValue>0</defaultValue>
<autoIncrementCycle>false</autoIncrementCycle>
</Column>
</columns>
<indexes itemClass="oracle.dbtools.crest.model.design.relational.Index">
<ind_PK_UK id="A6652A40-66C7-6C76-C27F-D1CF2669ED3F" name="D_STAFF_PK">
<sourceConnName>UK_HWS maxdat</sourceConnName>
<sourceObjSchema>maxdat</sourceObjSchema>
<sourceObjName>D_STAFF_PK</sourceObjName>
<createdBy>50472</createdBy>
<createdTime>2014-12-04 22:41:47 UTC</createdTime>
<ownerDesignName>Manage_Work_V2_data_model_diagram</ownerDesignName>
<importedID>BD93E0C0-1C7C-5B06-9CE5-CACF7964351C</importedID>
<pk>true</pk>
<indexState>Primary Constraint</indexState>
<isSurrogateKey>false</isSurrogateKey>
<indexColumnUsage>
<colUsage columnID="AB18EDEC-9066-3B77-3A3F-76405B522F6E"/>
</indexColumnUsage>
</ind_PK_UK>
</indexes>
<tableCheckConstraints itemClass="oracle.dbtools.crest.model.design.constraint.TableLevelConstraint">
<tableCheckConstraint name="DF__D_STAFF__VOID_IN__44B528D7" directorySegmentName="seg_0" id="0AD90741-FEFD-F1FC-375D-D22D24327098">
<sourceConnName>UK_HWS maxdat</sourceConnName>
<sourceObjSchema>maxdat</sourceObjSchema>
<sourceObjName>DF__D_STAFF__VOID_IN__44B528D7</sourceObjName>
<createdBy>50472</createdBy>
<createdTime>2014-12-04 22:41:47 UTC</createdTime>
<ownerDesignName>Manage_Work_V2_data_model_diagram</ownerDesignName>
<importedID>E9F2E104-D492-183F-1F66-1BE5D1141398</importedID>
<rule>(0)</rule>
</tableCheckConstraint>
</tableCheckConstraints>
</Table>