<?xml version = '1.0' encoding = 'UTF-8'?>
<Table class="oracle.dbtools.crest.model.design.relational.Table" directorySegmentName="seg_0" id="7893F91D-F6FA-3950-3B41-D22909D2C2E4" name="D_MW_V2_HISTORY">
<sourceConnName>UK_HWS maxdat</sourceConnName>
<sourceObjSchema>maxdat</sourceObjSchema>
<sourceObjName>D_MW_V2_HISTORY</sourceObjName>
<createdBy>50472</createdBy>
<createdTime>2014-12-05 21:38:46 UTC</createdTime>
<ownerDesignName>Manage_Work_V2_data_model_diagram</ownerDesignName>
<importedID>BC2F9B2E-088F-5C50-66F3-2E283DD75669</importedID>
<allowColumnReorder>false</allowColumnReorder>
<existDependencyGenerateInDDl>true</existDependencyGenerateInDDl>
<columns itemClass="oracle.dbtools.crest.model.design.relational.Column">
<Column name="DMWBD_ID" id="41540A1E-AFDA-77C0-888B-B5D614CF067B">
<sourceConnName>UK_HWS maxdat</sourceConnName>
<sourceObjSchema>D_MW_V2_HISTORY</sourceObjSchema>
<sourceObjName>DMWBD_ID</sourceObjName>
<createdBy>50472</createdBy>
<createdTime>2014-12-05 21:38:46 UTC</createdTime>
<ownerDesignName>Manage_Work_V2_data_model_diagram</ownerDesignName>
<importedID>F5001093-39E9-ECCB-703A-3330CC8D88D9</importedID>
<useDomainConstraints>false</useDomainConstraints>
<use>1</use>
<logicalDatatype>LOGDT011</logicalDatatype>
<autoIncrementCycle>false</autoIncrementCycle>
</Column>
<Column name="BUCKET_START_DATE" id="FB840878-8999-6D39-CCDC-4EA999A9AD5A">
<sourceConnName>UK_HWS maxdat</sourceConnName>
<sourceObjSchema>D_MW_V2_HISTORY</sourceObjSchema>
<sourceObjName>BUCKET_START_DATE</sourceObjName>
<createdBy>50472</createdBy>
<createdTime>2014-12-05 21:38:46 UTC</createdTime>
<ownerDesignName>Manage_Work_V2_data_model_diagram</ownerDesignName>
<importedID>6E7C4771-E267-D7D4-3CBB-6A17CE9051D9</importedID>
<useDomainConstraints>false</useDomainConstraints>
<use>1</use>
<logicalDatatype>LOGDT007</logicalDatatype>
<autoIncrementCycle>false</autoIncrementCycle>
</Column>
<Column name="BUCKET_END_DATE" id="218DB17C-6B34-E19C-CE31-34C27D7F7F41">
<sourceConnName>UK_HWS maxdat</sourceConnName>
<sourceObjSchema>D_MW_V2_HISTORY</sourceObjSchema>
<sourceObjName>BUCKET_END_DATE</sourceObjName>
<createdBy>50472</createdBy>
<createdTime>2014-12-05 21:38:46 UTC</createdTime>
<ownerDesignName>Manage_Work_V2_data_model_diagram</ownerDesignName>
<importedID>A9D4E2E3-894B-C81D-7B61-3636E96DA806</importedID>
<useDomainConstraints>false</useDomainConstraints>
<use>1</use>
<logicalDatatype>LOGDT007</logicalDatatype>
<autoIncrementCycle>false</autoIncrementCycle>
</Column>
<Column name="MW_BI_ID" id="58DF62AD-F795-A914-A765-12FD01925559">
<sourceConnName>UK_HWS maxdat</sourceConnName>
<sourceObjSchema>D_MW_V2_HISTORY</sourceObjSchema>
<sourceObjName>MW_BI_ID</sourceObjName>
<createdBy>50472</createdBy>
<createdTime>2014-12-05 21:38:46 UTC</createdTime>
<ownerDesignName>Manage_Work_V2_data_model_diagram</ownerDesignName>
<importedID>03345F2F-3D27-619C-87D7-2783126D0F03</importedID>
<useDomainConstraints>false</useDomainConstraints>
<use>1</use>
<logicalDatatype>LOGDT011</logicalDatatype>
<delegate>2CEF0CC9-9307-9DA0-2AEF-47D568DC1966</delegate>
<autoIncrementCycle>false</autoIncrementCycle>
<associations>
<colAssociation fkAssociation="CD09E024-4EF6-60E5-9623-D68AB46A7751" referredColumn="2CEF0CC9-9307-9DA0-2AEF-47D568DC1966"/>
</associations>
</Column>
<Column name="TASK_STATUS" id="FEF7EF87-7DAC-298E-9AD3-59F1E299AD0E">
<sourceConnName>UK_HWS maxdat</sourceConnName>
<sourceObjSchema>D_MW_V2_HISTORY</sourceObjSchema>
<sourceObjName>TASK_STATUS</sourceObjName>
<createdBy>50472</createdBy>
<createdTime>2014-12-05 21:38:46 UTC</createdTime>
<ownerDesignName>Manage_Work_V2_data_model_diagram</ownerDesignName>
<importedID>B1697209-C782-2430-8768-AA61E5B90A37</importedID>
<useDomainConstraints>false</useDomainConstraints>
<use>1</use>
<logicalDatatype>LOGDT024</logicalDatatype>
<dataTypePrecision>32</dataTypePrecision>
<dataTypeScale>0</dataTypeScale>
<dataTypeSize>32</dataTypeSize>
<autoIncrementCycle>false</autoIncrementCycle>
</Column>
<Column name="BUSINESS_UNIT_ID" id="6E466B66-130B-410B-71C5-B499784A4CCC">
<sourceConnName>UK_HWS maxdat</sourceConnName>
<sourceObjSchema>D_MW_V2_HISTORY</sourceObjSchema>
<sourceObjName>BUSINESS_UNIT_ID</sourceObjName>
<createdBy>50472</createdBy>
<createdTime>2014-12-05 21:38:46 UTC</createdTime>
<ownerDesignName>Manage_Work_V2_data_model_diagram</ownerDesignName>
<importedID>7DBC94B9-6DC9-94FD-06BD-D7F09FDBDC7F</importedID>
<useDomainConstraints>false</useDomainConstraints>
<use>1</use>
<logicalDatatype>LOGDT011</logicalDatatype>
<dataTypePrecision>10</dataTypePrecision>
<dataTypeScale>0</dataTypeScale>
<dataTypeSize>4</dataTypeSize>
<delegate>4A0B9A63-3DAB-9DD4-AA98-02F1637CEB8A</delegate>
<autoIncrementCycle>false</autoIncrementCycle>
<associations>
<colAssociation fkAssociation="EA46B45B-6CA1-A0A2-14BE-C70F242DC840" referredColumn="4A0B9A63-3DAB-9DD4-AA98-02F1637CEB8A"/>
</associations>
</Column>
<Column name="TEAM_ID" id="D1A24CF4-A74C-5E4B-1597-E6E615916CDC">
<sourceConnName>UK_HWS maxdat</sourceConnName>
<sourceObjSchema>D_MW_V2_HISTORY</sourceObjSchema>
<sourceObjName>TEAM_ID</sourceObjName>
<createdBy>50472</createdBy>
<createdTime>2014-12-05 21:38:46 UTC</createdTime>
<ownerDesignName>Manage_Work_V2_data_model_diagram</ownerDesignName>
<importedID>B6E10D20-2DB9-EE11-4169-62D831485A66</importedID>
<useDomainConstraints>false</useDomainConstraints>
<use>1</use>
<logicalDatatype>LOGDT011</logicalDatatype>
<dataTypePrecision>10</dataTypePrecision>
<dataTypeScale>0</dataTypeScale>
<dataTypeSize>4</dataTypeSize>
<delegate>4654533E-986A-A048-2053-6FC58F7D0E98</delegate>
<autoIncrementCycle>false</autoIncrementCycle>
<associations>
<colAssociation fkAssociation="A747497A-7744-90F6-D007-5C11B9599794" referredColumn="4654533E-986A-A048-2053-6FC58F7D0E98"/>
</associations>
</Column>
<Column name="LAST_UPDATE_DATE" id="A4C3255C-717B-B3B7-6B59-9178F46E9F15">
<sourceConnName>UK_HWS maxdat</sourceConnName>
<sourceObjSchema>D_MW_V2_HISTORY</sourceObjSchema>
<sourceObjName>LAST_UPDATE_DATE</sourceObjName>
<createdBy>50472</createdBy>
<createdTime>2014-12-05 21:38:46 UTC</createdTime>
<ownerDesignName>Manage_Work_V2_data_model_diagram</ownerDesignName>
<importedID>C2585708-9BDB-021D-CD5E-F78094E425CA</importedID>
<useDomainConstraints>false</useDomainConstraints>
<use>1</use>
<logicalDatatype>LOGDT008</logicalDatatype>
<dataTypePrecision>23</dataTypePrecision>
<dataTypeScale>3</dataTypeScale>
<dataTypeSize>8</dataTypeSize>
<autoIncrementCycle>false</autoIncrementCycle>
</Column>
<Column name="STATUS_DATE" id="F6C82EB7-A38A-6701-1CF8-5A51D891F153">
<sourceConnName>UK_HWS maxdat</sourceConnName>
<sourceObjSchema>D_MW_V2_HISTORY</sourceObjSchema>
<sourceObjName>STATUS_DATE</sourceObjName>
<createdBy>50472</createdBy>
<createdTime>2014-12-05 21:38:46 UTC</createdTime>
<ownerDesignName>Manage_Work_V2_data_model_diagram</ownerDesignName>
<importedID>3C8BD752-6B75-61EC-118E-21054357BC68</importedID>
<useDomainConstraints>false</useDomainConstraints>
<use>1</use>
<logicalDatatype>LOGDT008</logicalDatatype>
<dataTypePrecision>23</dataTypePrecision>
<dataTypeScale>3</dataTypeScale>
<dataTypeSize>8</dataTypeSize>
<autoIncrementCycle>false</autoIncrementCycle>
</Column>
<Column name="WORK_RECEIPT_DATE" id="5287BB4C-AD0E-FAB3-C5B3-A90071E7AB08">
<sourceConnName>UK_HWS maxdat</sourceConnName>
<sourceObjSchema>D_MW_V2_HISTORY</sourceObjSchema>
<sourceObjName>WORK_RECEIPT_DATE</sourceObjName>
<createdBy>50472</createdBy>
<createdTime>2014-12-05 21:38:46 UTC</createdTime>
<ownerDesignName>Manage_Work_V2_data_model_diagram</ownerDesignName>
<importedID>0A985C98-D0D0-24BA-1A6B-FCCF94A668C7</importedID>
<useDomainConstraints>false</useDomainConstraints>
<use>1</use>
<logicalDatatype>LOGDT008</logicalDatatype>
<dataTypePrecision>23</dataTypePrecision>
<dataTypeScale>3</dataTypeScale>
<dataTypeSize>8</dataTypeSize>
<autoIncrementCycle>false</autoIncrementCycle>
</Column>
<Column name="LAST_EVENT_DATE" id="2F38BEF1-B41A-1632-B0B7-AB8A20D9E444">
<sourceConnName>UK_HWS maxdat</sourceConnName>
<sourceObjSchema>D_MW_V2_HISTORY</sourceObjSchema>
<sourceObjName>LAST_EVENT_DATE</sourceObjName>
<createdBy>50472</createdBy>
<createdTime>2014-12-05 21:38:46 UTC</createdTime>
<ownerDesignName>Manage_Work_V2_data_model_diagram</ownerDesignName>
<importedID>43091FEF-E5C8-0AA3-97DF-98022AD7E6EC</importedID>
<useDomainConstraints>false</useDomainConstraints>
<use>1</use>
<logicalDatatype>LOGDT008</logicalDatatype>
<dataTypePrecision>23</dataTypePrecision>
<dataTypeScale>3</dataTypeScale>
<dataTypeSize>8</dataTypeSize>
<autoIncrementCycle>false</autoIncrementCycle>
</Column>
</columns>
<indexes itemClass="oracle.dbtools.crest.model.design.relational.Index">
<ind_PK_UK id="1F946F63-0DA6-3126-EE8C-340232401864" name="DMWBD_ID_PK">
<sourceConnName>UK_HWS maxdat</sourceConnName>
<sourceObjSchema>maxdat</sourceObjSchema>
<sourceObjName>DMWBD_ID_PK</sourceObjName>
<createdBy>50472</createdBy>
<createdTime>2014-12-05 21:38:46 UTC</createdTime>
<ownerDesignName>Manage_Work_V2_data_model_diagram</ownerDesignName>
<importedID>C805CD4F-B481-4648-4B9A-90D77F7CA8F6</importedID>
<pk>true</pk>
<indexState>Primary Constraint</indexState>
<isSurrogateKey>false</isSurrogateKey>
<indexColumnUsage>
<colUsage columnID="41540A1E-AFDA-77C0-888B-B5D614CF067B"/>
</indexColumnUsage>
</ind_PK_UK>
<ind_PK_UK id="13F57239-7C1B-285A-D949-8EC65F709498" name="DMWBD_IX2">
<sourceConnName>UK_HWS maxdat</sourceConnName>
<sourceObjSchema>maxdat</sourceObjSchema>
<sourceObjName>DMWBD_IXL2</sourceObjName>
<createdBy>50472</createdBy>
<createdTime>2014-12-05 21:38:46 UTC</createdTime>
<ownerDesignName>Manage_Work_V2_data_model_diagram</ownerDesignName>
<importedID>53275B4F-9441-30CC-9E29-69A100F5112C</importedID>
<isSurrogateKey>false</isSurrogateKey>
<indexColumnUsage>
<colUsage columnID="FB840878-8999-6D39-CCDC-4EA999A9AD5A"/>
<colUsage columnID="218DB17C-6B34-E19C-CE31-34C27D7F7F41"/>
</indexColumnUsage>
</ind_PK_UK>
<ind_PK_UK id="CC0B56BD-43D8-F6FC-BF6F-16AB84C1F023" name="DMWBD_IX3">
<sourceConnName>UK_HWS maxdat</sourceConnName>
<sourceObjSchema>maxdat</sourceObjSchema>
<sourceObjName>DMWBD_IXL3</sourceObjName>
<createdBy>50472</createdBy>
<createdTime>2014-12-05 21:38:46 UTC</createdTime>
<ownerDesignName>Manage_Work_V2_data_model_diagram</ownerDesignName>
<importedID>539ECBE6-650F-C4D6-A8A8-F4D5292022BA</importedID>
<isSurrogateKey>false</isSurrogateKey>
<indexColumnUsage>
<colUsage columnID="58DF62AD-F795-A914-A765-12FD01925559"/>
<colUsage columnID="FB840878-8999-6D39-CCDC-4EA999A9AD5A"/>
<colUsage columnID="218DB17C-6B34-E19C-CE31-34C27D7F7F41"/>
</indexColumnUsage>
</ind_PK_UK>
<ind_PK_UK id="BF829E21-EFAD-85F7-96DC-06DC38E62156" name="DMWBD_UIX2">
<sourceConnName>UK_HWS maxdat</sourceConnName>
<sourceObjSchema>maxdat</sourceObjSchema>
<sourceObjName>DMWBD_UIX2</sourceObjName>
<createdBy>50472</createdBy>
<createdTime>2014-12-05 21:38:46 UTC</createdTime>
<ownerDesignName>Manage_Work_V2_data_model_diagram</ownerDesignName>
<importedID>1442AE47-7EA5-A8AB-8270-D314FC0C2873</importedID>
<indexState>Unique Plain Index</indexState>
<isSurrogateKey>false</isSurrogateKey>
<indexColumnUsage>
<colUsage columnID="58DF62AD-F795-A914-A765-12FD01925559"/>
<colUsage columnID="FB840878-8999-6D39-CCDC-4EA999A9AD5A"/>
</indexColumnUsage>
</ind_PK_UK>
<ind_PK_UK id="4003E077-F520-27F6-4237-8E863554EABC" name="DMWBD_MW_BI_ID_FK">
<createdBy>50472</createdBy>
<createdTime>2014-12-05 21:38:46 UTC</createdTime>
<ownerDesignName>Manage_Work_V2_data_model_diagram</ownerDesignName>
<indexState>Foreign Key</indexState>
<isSurrogateKey>false</isSurrogateKey>
<indexColumnUsage>
<colUsage columnID="58DF62AD-F795-A914-A765-12FD01925559"/>
</indexColumnUsage>
</ind_PK_UK>
<ind_PK_UK id="2EE40F3D-8E1D-A3FD-FDB4-2AF1F9F05F1B" name="DMWBD_DMW_BUS_UNIT_ID_FK">
<createdBy>50472</createdBy>
<createdTime>2014-12-05 21:38:46 UTC</createdTime>
<ownerDesignName>Manage_Work_V2_data_model_diagram</ownerDesignName>
<indexState>Foreign Key</indexState>
<isSurrogateKey>false</isSurrogateKey>
<indexColumnUsage>
<colUsage columnID="6E466B66-130B-410B-71C5-B499784A4CCC"/>
</indexColumnUsage>
</ind_PK_UK>
<ind_PK_UK id="517191EB-DE6B-BFA7-D272-039A131CE51C" name="DMWBD_DMW_TEAM_ID_FK">
<createdBy>50472</createdBy>
<createdTime>2014-12-05 21:38:46 UTC</createdTime>
<ownerDesignName>Manage_Work_V2_data_model_diagram</ownerDesignName>
<indexState>Foreign Key</indexState>
<isSurrogateKey>false</isSurrogateKey>
<indexColumnUsage>
<colUsage columnID="D1A24CF4-A74C-5E4B-1597-E6E615916CDC"/>
</indexColumnUsage>
</ind_PK_UK>
</indexes>
</Table>