<?xml version = '1.0' encoding = 'UTF-8'?>
<Table class="oracle.dbtools.crest.model.design.relational.Table" directorySegmentName="seg_0" id="AECE55E0-B62A-6693-F415-BCCBD9D5260C" name="D_BUSINESS_UNITS">
<sourceConnName>UK_HWS maxdat</sourceConnName>
<sourceObjSchema>maxdat</sourceObjSchema>
<sourceObjName>D_BUSINESS_UNITS</sourceObjName>
<createdBy>50472</createdBy>
<createdTime>2014-12-05 21:38:46 UTC</createdTime>
<ownerDesignName>Manage_Work_V2_data_model_diagram</ownerDesignName>
<importedID>989739FD-13B7-3E9E-D5A7-EC4D1179EEB5</importedID>
<allowColumnReorder>false</allowColumnReorder>
<existDependencyGenerateInDDl>true</existDependencyGenerateInDDl>
<columns itemClass="oracle.dbtools.crest.model.design.relational.Column">
<Column name="BUSINESS_UNIT_ID" id="4A0B9A63-3DAB-9DD4-AA98-02F1637CEB8A">
<sourceConnName>UK_HWS maxdat</sourceConnName>
<sourceObjSchema>D_BUSINESS_UNITS</sourceObjSchema>
<sourceObjName>BUSINESS_UNIT_ID</sourceObjName>
<createdBy>50472</createdBy>
<createdTime>2014-12-05 21:38:46 UTC</createdTime>
<ownerDesignName>Manage_Work_V2_data_model_diagram</ownerDesignName>
<importedID>C6DFAFB3-820C-618D-E2AC-5D5ECCDD9378</importedID>
<useDomainConstraints>false</useDomainConstraints>
<use>1</use>
<logicalDatatype>LOGDT011</logicalDatatype>
<dataTypePrecision>10</dataTypePrecision>
<dataTypeScale>0</dataTypeScale>
<dataTypeSize>4</dataTypeSize>
<autoIncrementCycle>false</autoIncrementCycle>
</Column>
<Column name="BUSINESS_UNIT_NAME" id="3581B136-1D27-42E6-6793-7C5A3CC9F55F">
<sourceConnName>UK_HWS maxdat</sourceConnName>
<sourceObjSchema>D_BUSINESS_UNITS</sourceObjSchema>
<sourceObjName>BUSINESS_UNIT_NAME</sourceObjName>
<createdBy>50472</createdBy>
<createdTime>2014-12-05 21:38:46 UTC</createdTime>
<ownerDesignName>Manage_Work_V2_data_model_diagram</ownerDesignName>
<importedID>9B141DA2-CDF7-30E6-88BA-1808C7BBF2D1</importedID>
<nullsAllowed>true</nullsAllowed>
<useDomainConstraints>false</useDomainConstraints>
<use>1</use>
<logicalDatatype>LOGDT024</logicalDatatype>
<dataTypePrecision>80</dataTypePrecision>
<dataTypeScale>0</dataTypeScale>
<dataTypeSize>80</dataTypeSize>
<autoIncrementCycle>false</autoIncrementCycle>
</Column>
<Column name="BUSINESS_UNIT_DESCRIPTION" id="F26CBBAA-1A7A-74F3-7AF1-E0F281742332">
<sourceConnName>UK_HWS maxdat</sourceConnName>
<sourceObjSchema>D_BUSINESS_UNITS</sourceObjSchema>
<sourceObjName>BUSINESS_UNIT_DESCRIPTION</sourceObjName>
<createdBy>50472</createdBy>
<createdTime>2014-12-05 21:38:46 UTC</createdTime>
<ownerDesignName>Manage_Work_V2_data_model_diagram</ownerDesignName>
<importedID>14224AB6-B520-19A4-E9C2-519C2E76BD89</importedID>
<nullsAllowed>true</nullsAllowed>
<useDomainConstraints>false</useDomainConstraints>
<use>1</use>
<logicalDatatype>LOGDT024</logicalDatatype>
<dataTypePrecision>1000</dataTypePrecision>
<dataTypeScale>0</dataTypeScale>
<dataTypeSize>1000</dataTypeSize>
<autoIncrementCycle>false</autoIncrementCycle>
</Column>
</columns>
<indexes itemClass="oracle.dbtools.crest.model.design.relational.Index">
<ind_PK_UK id="000616C9-8C4C-A722-C7FC-8F6C0125153E" name="PK_BUS_UNIT_ID">
<sourceConnName>UK_HWS maxdat</sourceConnName>
<sourceObjSchema>maxdat</sourceObjSchema>
<sourceObjName>PK_BUS_UNIT_ID</sourceObjName>
<createdBy>50472</createdBy>
<createdTime>2014-12-05 21:38:46 UTC</createdTime>
<ownerDesignName>Manage_Work_V2_data_model_diagram</ownerDesignName>
<importedID>A2275DC5-B0C5-178C-A6DD-CC9DB73E556F</importedID>
<pk>true</pk>
<indexState>Primary Constraint</indexState>
<isSurrogateKey>false</isSurrogateKey>
<indexColumnUsage>
<colUsage columnID="4A0B9A63-3DAB-9DD4-AA98-02F1637CEB8A"/>
</indexColumnUsage>
</ind_PK_UK>
</indexes>
</Table>