<?xml version = '1.0' encoding = 'UTF-8'?>
<Table class="oracle.dbtools.crest.model.design.relational.Table" directorySegmentName="seg_0" id="D6364C33-20A6-C46E-5C8E-400371DEA29D" name="D_TEAMS">
<sourceConnName>UK_HWS maxdat</sourceConnName>
<sourceObjSchema>maxdat</sourceObjSchema>
<sourceObjName>D_TEAMS</sourceObjName>
<createdBy>50472</createdBy>
<createdTime>2014-12-05 21:38:46 UTC</createdTime>
<ownerDesignName>Manage_Work_V2_data_model_diagram</ownerDesignName>
<importedID>E1E9AB8D-C80D-DCD0-5F0B-4F01C7B267B3</importedID>
<allowColumnReorder>false</allowColumnReorder>
<existDependencyGenerateInDDl>true</existDependencyGenerateInDDl>
<columns itemClass="oracle.dbtools.crest.model.design.relational.Column">
<Column name="TEAM_ID" id="4654533E-986A-A048-2053-6FC58F7D0E98">
<sourceConnName>UK_HWS maxdat</sourceConnName>
<sourceObjSchema>D_TEAMS</sourceObjSchema>
<sourceObjName>TEAM_ID</sourceObjName>
<createdBy>50472</createdBy>
<createdTime>2014-12-05 21:38:46 UTC</createdTime>
<ownerDesignName>Manage_Work_V2_data_model_diagram</ownerDesignName>
<importedID>9844366F-AD6F-96F1-5526-4E611F49C59B</importedID>
<useDomainConstraints>false</useDomainConstraints>
<use>1</use>
<logicalDatatype>LOGDT011</logicalDatatype>
<dataTypePrecision>10</dataTypePrecision>
<dataTypeScale>0</dataTypeScale>
<dataTypeSize>4</dataTypeSize>
<autoIncrementCycle>false</autoIncrementCycle>
</Column>
<Column name="TEAM_NAME" id="D135890E-0E6B-068C-0476-D4A8A089432A">
<sourceConnName>UK_HWS maxdat</sourceConnName>
<sourceObjSchema>D_TEAMS</sourceObjSchema>
<sourceObjName>TEAM_NAME</sourceObjName>
<createdBy>50472</createdBy>
<createdTime>2014-12-05 21:38:46 UTC</createdTime>
<ownerDesignName>Manage_Work_V2_data_model_diagram</ownerDesignName>
<importedID>738A57FA-B152-DE58-0C69-E14B8635ADEA</importedID>
<nullsAllowed>true</nullsAllowed>
<useDomainConstraints>false</useDomainConstraints>
<use>1</use>
<logicalDatatype>LOGDT024</logicalDatatype>
<dataTypePrecision>80</dataTypePrecision>
<dataTypeScale>0</dataTypeScale>
<dataTypeSize>80</dataTypeSize>
<autoIncrementCycle>false</autoIncrementCycle>
</Column>
<Column name="TEAM_DESCRIPTION" id="793604CD-82E0-F546-75A1-DD3992FD0E5E">
<sourceConnName>UK_HWS maxdat</sourceConnName>
<sourceObjSchema>D_TEAMS</sourceObjSchema>
<sourceObjName>TEAM_DESCRIPTION</sourceObjName>
<createdBy>50472</createdBy>
<createdTime>2014-12-05 21:38:46 UTC</createdTime>
<ownerDesignName>Manage_Work_V2_data_model_diagram</ownerDesignName>
<importedID>A2EF450F-4B29-CA8C-911E-BBCC9BCC12FE</importedID>
<nullsAllowed>true</nullsAllowed>
<useDomainConstraints>false</useDomainConstraints>
<use>1</use>
<logicalDatatype>LOGDT024</logicalDatatype>
<dataTypePrecision>1000</dataTypePrecision>
<dataTypeScale>0</dataTypeScale>
<dataTypeSize>1000</dataTypeSize>
<autoIncrementCycle>false</autoIncrementCycle>
</Column>
<Column name="PARENT_TEAM_ID" id="8FD0D5C1-E3CA-0470-9692-B8F27CF3BB4F">
<sourceConnName>UK_HWS maxdat</sourceConnName>
<sourceObjSchema>D_TEAMS</sourceObjSchema>
<sourceObjName>PARENT_TEAM_ID</sourceObjName>
<createdBy>50472</createdBy>
<createdTime>2014-12-05 21:38:46 UTC</createdTime>
<ownerDesignName>Manage_Work_V2_data_model_diagram</ownerDesignName>
<importedID>0D16E2A8-26F0-4F52-ACE9-D1661B4CBFC2</importedID>
<nullsAllowed>true</nullsAllowed>
<useDomainConstraints>false</useDomainConstraints>
<use>1</use>
<logicalDatatype>LOGDT011</logicalDatatype>
<dataTypePrecision>10</dataTypePrecision>
<dataTypeScale>0</dataTypeScale>
<dataTypeSize>4</dataTypeSize>
<autoIncrementCycle>false</autoIncrementCycle>
</Column>
<Column name="TEAM_SUPERVISOR_STAFF_ID" id="C6158275-BCCF-58BB-9AFB-FA2B7A0B77B3">
<sourceConnName>UK_HWS maxdat</sourceConnName>
<sourceObjSchema>D_TEAMS</sourceObjSchema>
<sourceObjName>TEAM_SUPERVISOR_STAFF_ID</sourceObjName>
<createdBy>50472</createdBy>
<createdTime>2014-12-05 21:38:46 UTC</createdTime>
<ownerDesignName>Manage_Work_V2_data_model_diagram</ownerDesignName>
<importedID>309E48FC-52E7-1343-9B13-7BF3271F91FA</importedID>
<nullsAllowed>true</nullsAllowed>
<useDomainConstraints>false</useDomainConstraints>
<use>1</use>
<logicalDatatype>LOGDT011</logicalDatatype>
<dataTypePrecision>10</dataTypePrecision>
<dataTypeScale>0</dataTypeScale>
<dataTypeSize>4</dataTypeSize>
<autoIncrementCycle>false</autoIncrementCycle>
</Column>
</columns>
<indexes itemClass="oracle.dbtools.crest.model.design.relational.Index">
<ind_PK_UK id="DF1BA659-BA1A-580F-29F2-1FEF20E41861" name="PK_TEAM_ID">
<sourceConnName>UK_HWS maxdat</sourceConnName>
<sourceObjSchema>maxdat</sourceObjSchema>
<sourceObjName>PK_TEAM_ID</sourceObjName>
<createdBy>50472</createdBy>
<createdTime>2014-12-05 21:38:46 UTC</createdTime>
<ownerDesignName>Manage_Work_V2_data_model_diagram</ownerDesignName>
<importedID>D9A01948-21DA-9409-9A1E-A87B48CA04A9</importedID>
<pk>true</pk>
<indexState>Primary Constraint</indexState>
<isSurrogateKey>false</isSurrogateKey>
<indexColumnUsage>
<colUsage columnID="4654533E-986A-A048-2053-6FC58F7D0E98"/>
</indexColumnUsage>
</ind_PK_UK>
</indexes>
</Table>