<?xml version = '1.0' encoding = 'UTF-8'?>
<SchemaSqlServerv2k5 class="oracle.dbtools.crest.model.design.storage.sqlserver.v2k5.SchemaSqlServerv2k5" name="maxdat" directorySegmentName="seg_0" id="5">
<sourceConnName>UK_HWS maxdat</sourceConnName>
<sourceObjSchema>UK_HWS</sourceObjSchema>
<sourceObjName>maxdat</sourceObjName>
<createdBy>50472</createdBy>
<createdTime>2014-11-18 19:25:22 UTC</createdTime>
<ownerDesignName>Process_Incidents_data_model_diagram</ownerDesignName>
<schemaObject>8ED7D17F-1C04-E68B-5289-7156F6F2B8F8</schemaObject>
<database>E2F033E4-F5AA-AF06-191E-1EAB2E74135C</database>
<uid>6</uid>
</SchemaSqlServerv2k5>