<?xml version = '1.0' encoding = 'UTF-8'?>
<Diagram class="oracle.dbtools.crest.swingui.relational.DPVRelational" name="MAXDTDEV" id="26E09B0A-04F0-FF14-63A6-EDA7DB2D38C3">
<createdBy>ro38606</createdBy>
<createdTime>2013-05-07 16:46:44 UTC</createdTime>
<autoRoute>false</autoRoute>
<boxInbox>true</boxInbox>
<showLegend>false</showLegend>
<showLabels>false</showLabels>
<showGrid>false</showGrid>
<diagramColor>-1</diagramColor>
<display>false</display>
<notation>1</notation>
<objectViews>
<OView class="oracle.dbtools.crest.swingui.relational.TVTable" oid="0054B5D5-44B9-1618-5B99-326B8B5A52CB" otype="Table" vid="454B7805-DBF2-D915-2160-0F5622D31326">
<bounds x="1090" y="0" width="383" height="1933"/>
</OView>
<OView class="oracle.dbtools.crest.swingui.relational.TVTable" oid="051E26F0-2BA3-FDB0-7968-CD1BB6C5024C" otype="Table" vid="EEC2ED5C-5F0D-3DEC-CCBC-29E1DCC06847">
<bounds x="220" y="307" width="364" height="89"/>
</OView>
<OView class="oracle.dbtools.crest.swingui.relational.TVTable" oid="05AC3BD2-CD87-27ED-BD57-D08D2A22D3F5" otype="Table" vid="9FE555A3-1623-2025-556F-2E65D9418E86">
<bounds x="4251" y="1768" width="344" height="826"/>
</OView>
<OView class="oracle.dbtools.crest.swingui.relational.TVTable" oid="0C2A0021-3FBA-AF3D-B7B1-7C8B1B118770" otype="Table" vid="7CD68BFA-1828-E81B-D93E-E161D06BB033">
<bounds x="2806" y="10" width="324" height="815"/>
</OView>
<OView class="oracle.dbtools.crest.swingui.relational.TVTable" oid="0CBF157C-828D-AA45-6F9F-5543085D6613" otype="Table" vid="375BA143-CDE6-6454-40A7-440806DBDEE0">
<bounds x="220" y="865" width="390" height="90"/>
</OView>
<OView class="oracle.dbtools.crest.swingui.relational.TVTable" oid="1084AB56-A4F8-FEEB-E2A0-76CECD9D6E02" otype="Table" vid="DD8520BD-916A-428A-855F-7393AC238BAE">
<bounds x="223" y="969" width="387" height="91"/>
</OView>
<OView class="oracle.dbtools.crest.swingui.relational.TVTable" oid="1507F9D1-EC28-D95A-54AD-1F880FDC1CEF" otype="Table" vid="6A824650-FF3C-E7E3-D783-B7A6E5F8F18C">
<bounds x="1521" y="0" width="344" height="822"/>
</OView>
<OView class="oracle.dbtools.crest.swingui.relational.TVTable" oid="199622D0-ABD8-9675-8BEF-C99313BF0630" otype="Table" vid="9D6AC2B9-B2EC-CB05-6F7C-BB50FD5139D8">
<bounds x="2841" y="869" width="280" height="65"/>
</OView>
<OView class="oracle.dbtools.crest.swingui.relational.TVTable" oid="1CBCB86A-2D63-AD64-C09E-B7243E3D716C" otype="Table" vid="4F945A3F-44FE-06E4-87C2-B776752DDDEE">
<bounds x="2444" y="238" width="286" height="89"/>
</OView>
<OView class="oracle.dbtools.crest.swingui.relational.TVTable" oid="1DCB829D-9EBA-48BB-B59D-F452055DC986" otype="Table" vid="CC3F3EFA-69B0-0BF6-ACDF-02E070985072">
<bounds x="220" y="109" width="325" height="89"/>
</OView>
<OView class="oracle.dbtools.crest.swingui.relational.TVTable" oid="1EB7795F-7250-C4D5-D28A-189FEE0AB0BB" otype="Table" vid="60575ACA-4A9D-CFFF-8BC4-71817D9C825C">
<bounds x="230" y="2030" width="371" height="91"/>
</OView>
<OView class="oracle.dbtools.crest.swingui.relational.TVTable" oid="2182AD20-16B6-6816-BF82-42E4103D6894" otype="Table" vid="0288961E-50DB-DDA2-DFD2-8E672BC848C1">
<bounds x="3183" y="2281" width="303" height="80"/>
</OView>
<OView class="oracle.dbtools.crest.swingui.relational.TVTable" oid="2451080D-B336-58B6-50C5-0B2161E3B034" otype="Table" vid="61A65882-BE98-D4FF-A75F-7410D546C71B">
<bounds x="4252" y="2609" width="344" height="826"/>
</OView>
<OView class="oracle.dbtools.crest.swingui.relational.TVTable" oid="264672DD-FE2D-285D-07F5-35BF4DA51A8D" otype="Table" vid="3A3E4067-B77C-E936-E311-CECDB26D1E68">
<bounds x="219" y="765" width="391" height="89"/>
</OView>
<OView class="oracle.dbtools.crest.swingui.relational.TVTable" oid="30BD9C34-DBF2-FBB1-43C6-F6A2FD7E11DA" otype="Table" vid="80D50838-F1E7-A7B2-66EC-9D08E2376F83">
<bounds x="1524" y="849" width="344" height="822"/>
</OView>
<OView class="oracle.dbtools.crest.swingui.relational.TVTable" oid="3316AFE0-58C1-2EA1-22B9-1885B6CAC173" otype="Table" vid="2387E995-A3C7-99B8-2AEB-C5935C986E71">
<bounds x="230" y="1930" width="371" height="91"/>
</OView>
<OView class="oracle.dbtools.crest.swingui.relational.TVTable" oid="395EB7A4-FE77-E76D-AE18-18E75CCFB9A9" otype="Table" vid="D34DE5F0-FC63-C3F6-6E6C-847C0E65D854">
<bounds x="356" y="2283" width="296" height="1207"/>
</OView>
<OView class="oracle.dbtools.crest.swingui.relational.TVTable" oid="3B5D486A-F8BB-9060-A989-63202C510C47" otype="Table" vid="B7946769-7084-421E-E9EE-7ABC0317C47E">
<bounds x="228" y="1508" width="373" height="91"/>
</OView>
<OView class="oracle.dbtools.crest.swingui.relational.TVTable" oid="480DD615-7E33-8662-EEBD-0B17137767F5" otype="Table" vid="2C9244A9-F199-156F-8E38-A35EA3A976D8">
<bounds x="3526" y="2242" width="286" height="758"/>
</OView>
<OView class="oracle.dbtools.crest.swingui.relational.TVTable" oid="4B8F1BA2-219E-1E89-88E4-854250238811" otype="Table" vid="CDCBC6B2-F916-08BE-059C-D759727DA782">
<bounds x="1930" y="1885" width="302" height="222"/>
</OView>
<OView class="oracle.dbtools.crest.swingui.relational.TVTable" oid="549522D7-41E8-77F3-9D32-B9AEA53346F1" otype="Table" vid="43577931-8AF6-CBD3-97CB-FB22C4207389">
<bounds x="220" y="10" width="320" height="89"/>
</OView>
<OView class="oracle.dbtools.crest.swingui.relational.TVTable" oid="5577E331-35F5-1CD8-9610-CB0C1FF3EE71" otype="Table" vid="27278209-C1D5-F7E3-7A20-586C7538ADEF">
<bounds x="1910" y="0" width="344" height="822"/>
</OView>
<OView class="oracle.dbtools.crest.swingui.relational.TVTable" oid="558D6A93-2019-43DF-D871-A231F48CD6E8" otype="Table" vid="D47B74B1-2292-47DC-1C03-A3D3082EFBB8">
<bounds x="224" y="1189" width="377" height="91"/>
</OView>
<OView class="oracle.dbtools.crest.swingui.relational.TVTable" oid="5877793E-7CB7-698A-FDD6-4CDDE9482AE9" otype="Table" vid="15B65F29-F0D1-1180-5F96-516562BAE212">
<bounds x="4620" y="2608" width="344" height="826"/>
</OView>
<OView class="oracle.dbtools.crest.swingui.relational.TVTable" oid="58D39504-2359-B610-3EBA-64A2D6A98F04" otype="Table" vid="12940165-963A-B058-111F-67D7FD19B574">
<bounds x="35" y="2616" width="267" height="95"/>
</OView>
<OView class="oracle.dbtools.crest.swingui.relational.TVTable" oid="5A9C4B7B-CBFD-80DE-7A43-FA10166B9E03" otype="Table" vid="2651C8C2-17B4-DE89-8C25-6FFC2BAA829A">
<bounds x="3962" y="11" width="278" height="251"/>
</OView>
<OView class="oracle.dbtools.crest.swingui.relational.TVTable" oid="5F6DC28E-6865-8E70-2AA3-37E8F729C2D6" otype="Table" vid="8E65EC56-3583-EEE1-001A-CB2DB1EF723B">
<bounds x="37" y="2285" width="255" height="95"/>
</OView>
<OView class="oracle.dbtools.crest.swingui.relational.TVTable" oid="69B62C81-6613-D003-AA27-267ECBB573D8" otype="Table" vid="EA19A356-EDE3-7B3C-7332-2D54526CF489">
<bounds x="1062" y="3014" width="344" height="823"/>
</OView>
<OView class="oracle.dbtools.crest.swingui.relational.TVTable" oid="6B4F4761-ED54-3269-9C80-36CD19057552" otype="Table" vid="7FAFACAE-EA4E-EF5B-B049-9587A0446C4A">
<bounds x="2975" y="1192" width="333" height="326"/>
</OView>
<OView class="oracle.dbtools.crest.swingui.relational.TVTable" oid="6FB9532A-E706-0F3C-395A-CD0B18714788" otype="Table" vid="18871A70-7524-38C9-146F-9A7A97B65853">
<bounds x="230" y="1827" width="371" height="90"/>
</OView>
<OView class="oracle.dbtools.crest.swingui.relational.TVTable" oid="7094506F-CEA6-E642-2C9A-0E9E24862928" otype="Table" vid="88242707-A658-B7AC-1206-304D821E6BEE">
<bounds x="224" y="1620" width="377" height="91"/>
</OView>
<OView class="oracle.dbtools.crest.swingui.relational.TVTable" oid="7D07BD12-DA20-F48C-E191-56D13B66C30A" otype="Table" vid="15651FEA-56C5-995D-55FE-3A0034132B74">
<bounds x="1452" y="2184" width="344" height="823"/>
</OView>
<OView class="oracle.dbtools.crest.swingui.relational.TVTable" oid="80BD2BA4-6088-AAC7-09F7-D6185F412D94" otype="Table" vid="7F8C927B-C9B2-5222-FBFF-0A7940812E07">
<bounds x="3182" y="2406" width="306" height="80"/>
</OView>
<OView class="oracle.dbtools.crest.swingui.relational.TVTable" oid="86354B3F-45E6-2767-2DCB-5D57EFFCB8BC" otype="Table" vid="022D3119-8919-5722-EF78-F3FD0142BEC3">
<bounds x="1062" y="2183" width="344" height="823"/>
</OView>
<OView class="oracle.dbtools.crest.swingui.relational.TVTable" oid="892B0555-4BD9-ACD9-C4D4-40455AEBEEB8" otype="Table" vid="F0501479-E2FE-F0B9-3726-BD2CA26B4F7B">
<bounds x="218" y="1079" width="382" height="91"/>
</OView>
<OView class="oracle.dbtools.crest.swingui.relational.TVTable" oid="8968AA46-8D69-6DDC-7DA4-E4273AB21CC8" otype="Table" vid="B80437CD-B3D9-F62D-A6A6-C7494D70B269">
<bounds x="2444" y="128" width="286" height="89"/>
</OView>
<OView class="oracle.dbtools.crest.swingui.relational.TVTable" oid="8E47E5D3-AD38-8DF0-732E-65669D3C64B4" otype="Table" vid="3EB64AF7-BE81-1E27-E6F0-B50BE541F22B">
<bounds x="1911" y="848" width="344" height="822"/>
</OView>
<OView class="oracle.dbtools.crest.swingui.relational.TVTable" oid="90E3EC43-7B1A-5529-0EE7-803F161BE100" otype="Table" vid="063B84E8-60A3-75F0-C59F-3088D49B4B9F">
<bounds x="698" y="2281" width="344" height="1201"/>
</OView>
<OView class="oracle.dbtools.crest.swingui.relational.TVTable" oid="9C9C43C4-0470-4EFE-463B-4CFAD4555522" otype="Table" vid="CF70F2FE-D072-9582-5424-70BA9F4A30C3">
<bounds x="230" y="2130" width="371" height="91"/>
</OView>
<OView class="oracle.dbtools.crest.swingui.relational.TVTable" oid="9DD5C4E8-8874-5589-C531-BF4167571295" otype="Table" vid="541C53C8-4ED7-9C40-8074-FA62FA18AE12">
<bounds x="219" y="514" width="392" height="134"/>
</OView>
<OView class="oracle.dbtools.crest.swingui.relational.TVTable" oid="A419EFCB-DDC9-D3BA-7B56-8D58F5E9A8CC" otype="Table" vid="F209489D-9776-0F4C-0948-B18B5E2EE931">
<bounds x="4622" y="1768" width="344" height="826"/>
</OView>
<OView class="oracle.dbtools.crest.swingui.relational.TVTable" oid="A420DC6C-D09A-C072-5D34-753ED1B56F65" otype="Table" vid="B70CFF3B-0151-0D0E-CDF0-E1289E364278">
<bounds x="3181" y="13" width="344" height="822"/>
</OView>
<OView class="oracle.dbtools.crest.swingui.relational.TVTable" oid="A586C256-FF6A-8095-7182-95847EA5E8B6" otype="Table" vid="7592A55F-8670-A5D2-8120-9247781B9285">
<bounds x="37" y="2503" width="257" height="95"/>
</OView>
<OView class="oracle.dbtools.crest.swingui.relational.TVTable" oid="ABC750A0-B395-E6F9-D545-B2C92EB9B9D1" otype="Table" vid="86CB2CFB-2885-3304-8193-01C36418D0EA">
<bounds x="36" y="2727" width="266" height="95"/>
</OView>
<OView class="oracle.dbtools.crest.swingui.relational.TVTable" oid="AD4B4540-5929-3F03-7AAE-B5AE15623131" otype="Table" vid="0B2D8F0B-ACBB-B59A-FD38-47C9C801B273">
<bounds x="2445" y="11" width="290" height="89"/>
</OView>
<OView class="oracle.dbtools.crest.swingui.relational.TVTable" oid="B1AB7928-99B6-77C8-02E9-74CF6D633E41" otype="Table" vid="D7163998-7A8E-4C84-4FE6-1B6CF3D6D856">
<bounds x="223" y="1299" width="378" height="91"/>
</OView>
<OView class="oracle.dbtools.crest.swingui.relational.TVTable" oid="B36155C9-81CB-208C-15F8-578F71FBABFE" otype="Table" vid="7DD42F20-D1ED-04DB-82B7-654678430F49">
<bounds x="219" y="664" width="398" height="89"/>
</OView>
<OView class="oracle.dbtools.crest.swingui.relational.TVTable" oid="B3DE7B3A-7AFC-8E19-EDBD-417369E651AA" otype="Table" vid="9B240873-DEAF-1D33-580F-DEC6D2814840">
<bounds x="35" y="3037" width="267" height="95"/>
</OView>
<OView class="oracle.dbtools.crest.swingui.relational.TVTable" oid="B8FB38AC-1F1E-8811-4A69-FDA5392652E9" otype="Table" vid="A215AD07-2945-5B0E-789B-435F4AEFB90D">
<bounds x="3184" y="2500" width="302" height="94"/>
</OView>
<OView class="oracle.dbtools.crest.swingui.relational.TVTable" oid="BA56AEAA-1BC7-B1BF-37C7-53D05BB1B49F" otype="Table" vid="24E7CB8C-D23F-BC82-37B1-B6BFA1520EB8">
<bounds x="1452" y="3014" width="344" height="823"/>
</OView>
<OView class="oracle.dbtools.crest.swingui.relational.TVTable" oid="BC0DF727-AF48-F85D-68B7-EB313A68F93A" otype="Table" vid="2E604DED-B28C-7524-5CE0-0738C24A7C76">
<bounds x="2639" y="1192" width="302" height="91"/>
</OView>
<OView class="oracle.dbtools.crest.swingui.relational.TVTable" oid="BDFF9F2D-716F-9901-03EB-1C8110445EEA" otype="Table" vid="BC847B86-372C-D98A-2F08-8599314EF392">
<bounds x="37" y="2936" width="265" height="95"/>
</OView>
<OView class="oracle.dbtools.crest.swingui.relational.TVTable" oid="C26715D5-D7CE-B42A-0313-DD9FC3C3696F" otype="Table" vid="98EFA671-E943-4464-57A2-F11C973458B1">
<bounds x="4676" y="0" width="383" height="1671"/>
</OView>
<OView class="oracle.dbtools.crest.swingui.relational.TVTable" oid="C8879F21-9918-6398-3F52-E264AE474EDC" otype="Table" vid="DB387477-19CC-CE30-54CF-5620F6BE8A4F">
<bounds x="40" y="2836" width="267" height="95"/>
</OView>
<OView class="oracle.dbtools.crest.swingui.relational.TVTable" oid="C9C40813-8F7F-5B60-2578-A6C5C4532DD8" otype="Table" vid="F15BB04A-ED93-CCD8-2FCA-7D790E1256F8">
<bounds x="2662" y="1885" width="383" height="1933"/>
</OView>
<OView class="oracle.dbtools.crest.swingui.relational.TVTable" oid="D357DD41-EC64-08AA-7F0E-2FC8208F0449" otype="Table" vid="E9678231-7E14-AF84-8EB5-CA32E494D7DA">
<bounds x="2636" y="1299" width="306" height="91"/>
</OView>
<OView class="oracle.dbtools.crest.swingui.relational.TVTable" oid="D45C7345-C553-9CCE-5A13-5D39BEBEC61D" otype="Table" vid="89BD6D4A-036B-F235-885D-FD6F1C2DC920">
<bounds x="4292" y="1" width="331" height="554"/>
</OView>
<OView class="oracle.dbtools.crest.swingui.relational.TVTable" oid="DC9E972B-ACB8-88D5-8F59-1A63AE975277" otype="Table" vid="4D2AF099-ECB5-F0DD-5755-6EB5329B921E">
<bounds x="2268" y="1885" width="341" height="1050"/>
</OView>
<OView class="oracle.dbtools.crest.swingui.relational.TVTable" oid="DE0FE6F4-9CE2-D9B5-D7E0-C571EC37C48F" otype="Table" vid="94D55474-C217-0000-7FFC-7A5F0CE9C23A">
<bounds x="3661" y="12" width="275" height="75"/>
</OView>
<OView class="oracle.dbtools.crest.swingui.relational.TVTable" oid="E2089A5A-7C0E-A2F9-FA4A-6DE4DCBFD0CA" otype="Table" vid="E2CB5A30-BE76-4F5D-8B0F-7818E56D4271">
<bounds x="3867" y="2243" width="347" height="768"/>
</OView>
<OView class="oracle.dbtools.crest.swingui.relational.TVTable" oid="E21DE7C0-2888-D4C2-D503-955B366771A5" otype="Table" vid="985BD8F9-AD98-4B4E-481E-813D9CB06AB7">
<bounds x="220" y="208" width="352" height="89"/>
</OView>
<OView class="oracle.dbtools.crest.swingui.relational.TVTable" oid="E6957126-AD1F-C343-DA0F-0EAE9414B564" otype="Table" vid="9AF673FC-761B-AC99-BB71-A2CEC6832A4F">
<bounds x="5002" y="1894" width="347" height="1460"/>
</OView>
<OView class="oracle.dbtools.crest.swingui.relational.TVTable" oid="E7EC6F65-93BB-A79B-0DA1-AB9A5F26CB7E" otype="Table" vid="5060F1DD-7468-246C-E399-22CEDC96D26A">
<bounds x="2444" y="522" width="280" height="104"/>
</OView>
<OView class="oracle.dbtools.crest.swingui.relational.TVTable" oid="E996C395-5929-A371-2CF1-0162B8ED45F7" otype="Table" vid="11359563-2BEE-434C-32CB-392A97E79450">
<bounds x="37" y="2394" width="259" height="95"/>
</OView>
<OView class="oracle.dbtools.crest.swingui.relational.TVTable" oid="ECFE62D8-541A-A98B-69F3-2ACA3456DBCE" otype="Table" vid="1BFA06C4-95A0-066E-19D1-AF42E67614C6">
<bounds x="3345" y="1195" width="333" height="466"/>
</OView>
<OView class="oracle.dbtools.crest.swingui.relational.TVTable" oid="F196E535-7F0D-EDB7-317C-3F752A293CE8" otype="Table" vid="6EDAFC41-2B43-88A2-777E-60D177844729">
<bounds x="700" y="0" width="309" height="2161"/>
</OView>
<OView class="oracle.dbtools.crest.swingui.relational.TVTable" oid="F2ADF47D-8C50-F29B-E794-D2D4CB9F22D0" otype="Table" vid="901D7FDD-F436-9196-E77C-D3C6D8E61796">
<bounds x="2639" y="1399" width="303" height="91"/>
</OView>
<OView class="oracle.dbtools.crest.swingui.relational.TVTable" oid="F3F0CDB1-C926-3356-185C-2AE8642AEDF9" otype="Table" vid="F789FCA5-875B-6928-9B15-D0BE67A96B05">
<bounds x="3185" y="2620" width="301" height="94"/>
</OView>
<OView class="oracle.dbtools.crest.swingui.relational.TVTable" oid="F58A2A10-7621-A22A-F8AB-55E462B95EDF" otype="Table" vid="91E7321B-177C-D0A3-1C3B-43055BBD6974">
<bounds x="2443" y="354" width="286" height="104"/>
</OView>
<OView class="oracle.dbtools.crest.swingui.relational.TVTable" oid="FD341488-F9A5-2956-2060-95448F4D9D07" otype="Table" vid="DE1737B1-A66F-8922-1140-26741DD28B7F">
<bounds x="2440" y="643" width="290" height="179"/>
</OView>
<OView class="oracle.dbtools.crest.swingui.relational.TVTable" oid="FD46D88B-38B0-C361-170B-9C0B29A6F067" otype="Table" vid="32445162-43DF-5AFF-1A2B-C35CDB44D4F6">
<bounds x="225" y="1408" width="376" height="91"/>
</OView>
<OView class="oracle.dbtools.crest.swingui.relational.TVTable" oid="FE37A344-A633-2341-FA66-AC4A468FBC4B" otype="Table" vid="71616A81-86B6-4F47-6E7A-E1C0D3D2A396">
<bounds x="219" y="406" width="395" height="89"/>
</OView>
</objectViews>
<connectors>
<Connector class="oracle.dbtools.crest.swingui.relational.TVFKRelation" oid="0202ED1C-2B58-BF32-7906-E52D196E3535" otype="FKIndexAssociation" vid_source="8E65EC56-3583-EEE1-001A-CB2DB1EF723B" vid_target="D34DE5F0-FC63-C3F6-6E6C-847C0E65D854">
<lineWidth>1</lineWidth>
<points>
<point x="290" y="2285"/>
<point x="356" y="2283"/>
</points>
</Connector>
<Connector class="oracle.dbtools.crest.swingui.relational.TVFKRelation" oid="073C99B6-0635-F0A9-9354-90BC03FB06D4" otype="FKIndexAssociation" vid_source="CF70F2FE-D072-9582-5424-70BA9F4A30C3" vid_target="6EDAFC41-2B43-88A2-777E-60D177844729">
<lineWidth>1</lineWidth>
<points>
<point x="601" y="2145"/>
<point x="700" y="2145"/>
</points>
</Connector>
<Connector class="oracle.dbtools.crest.swingui.relational.TVFKRelation" oid="122E8A23-D9A1-CB68-9E90-87CE2457CB77" otype="FKIndexAssociation" vid_source="E9678231-7E14-AF84-8EB5-CA32E494D7DA" vid_target="7FAFACAE-EA4E-EF5B-B049-9587A0446C4A">
<lineWidth>1</lineWidth>
<points>
<point x="2942" y="1390"/>
<point x="3308" y="1518"/>
</points>
</Connector>
<Connector class="oracle.dbtools.crest.swingui.relational.TVFKRelation" oid="13BC84CF-876A-9B40-8F7B-59051C9D22D1" otype="FKIndexAssociation" vid_source="5060F1DD-7468-246C-E399-22CEDC96D26A" vid_target="7CD68BFA-1828-E81B-D93E-E161D06BB033">
<lineWidth>1</lineWidth>
<points>
<point x="2724" y="574"/>
<point x="2806" y="574"/>
</points>
</Connector>
<Connector class="oracle.dbtools.crest.swingui.relational.TVFKRelation" oid="25C458C6-EC6E-B6D1-5BFE-BC0508612D8E" otype="FKIndexAssociation" vid_source="B80437CD-B3D9-F62D-A6A6-C7494D70B269" vid_target="7CD68BFA-1828-E81B-D93E-E161D06BB033">
<lineWidth>1</lineWidth>
<points>
<point x="2730" y="172"/>
<point x="2806" y="172"/>
</points>
</Connector>
<Connector class="oracle.dbtools.crest.swingui.relational.TVFKRelation" oid="27A51BC0-6C7E-DEDB-0A94-848602EAA837" otype="FKIndexAssociation" vid_source="541C53C8-4ED7-9C40-8074-FA62FA18AE12" vid_target="6EDAFC41-2B43-88A2-777E-60D177844729">
<lineWidth>1</lineWidth>
<points>
<point x="611" y="591"/>
<point x="700" y="591"/>
</points>
</Connector>
<Connector class="oracle.dbtools.crest.swingui.relational.TVFKRelation" oid="2B7EC034-3E69-CEBD-074F-E10C7DAC2321" otype="FKIndexAssociation" vid_source="89BD6D4A-036B-F235-885D-FD6F1C2DC920" vid_target="2651C8C2-17B4-DE89-8C25-6FFC2BAA829A">
<lineWidth>1</lineWidth>
<points>
<point x="4292" y="136"/>
<point x="4240" y="136"/>
</points>
</Connector>
<Connector class="oracle.dbtools.crest.swingui.relational.TVFKRelation" oid="2C4D5B54-AA4E-901D-4C3F-8EA05081C139" otype="FKIndexAssociation" vid_source="D7163998-7A8E-4C84-4FE6-1B6CF3D6D856" vid_target="6EDAFC41-2B43-88A2-777E-60D177844729">
<lineWidth>1</lineWidth>
<points>
<point x="601" y="1354"/>
<point x="700" y="1354"/>
</points>
</Connector>
<Connector class="oracle.dbtools.crest.swingui.relational.TVFKRelation" oid="3278929F-EAA5-28FD-0BE0-2447DC963EBD" otype="FKIndexAssociation" vid_source="DB387477-19CC-CE30-54CF-5620F6BE8A4F" vid_target="D34DE5F0-FC63-C3F6-6E6C-847C0E65D854">
<lineWidth>1</lineWidth>
<points>
<point x="307" y="2883"/>
<point x="356" y="2780"/>
</points>
</Connector>
<Connector class="oracle.dbtools.crest.swingui.relational.TVFKRelation" oid="3A30969C-4920-2326-96DE-C90FC52D1FC8" otype="FKIndexAssociation" vid_source="F0501479-E2FE-F0B9-3726-BD2CA26B4F7B" vid_target="6EDAFC41-2B43-88A2-777E-60D177844729">
<lineWidth>1</lineWidth>
<points>
<point x="600" y="1134"/>
<point x="700" y="1134"/>
</points>
</Connector>
<Connector class="oracle.dbtools.crest.swingui.relational.TVFKRelation" oid="3CEF3518-0995-8545-5BA2-E7094887B867" otype="FKIndexAssociation" vid_source="4D2AF099-ECB5-F0DD-5755-6EB5329B921E" vid_target="CDCBC6B2-F916-08BE-059C-D759727DA782">
<lineWidth>1</lineWidth>
<points>
<point x="2268" y="1996"/>
<point x="2232" y="1996"/>
</points>
</Connector>
<Connector class="oracle.dbtools.crest.swingui.relational.TVFKRelation" oid="3E657C74-297C-7105-1250-4231273BFB61" otype="FKIndexAssociation" vid_source="18871A70-7524-38C9-146F-9A7A97B65853" vid_target="6EDAFC41-2B43-88A2-777E-60D177844729">
<lineWidth>1</lineWidth>
<points>
<point x="601" y="1882"/>
<point x="700" y="1882"/>
</points>
</Connector>
<Connector class="oracle.dbtools.crest.swingui.relational.TVFKRelation" oid="3E91B2B3-B243-25C1-5F45-141DF897DC32" otype="FKIndexAssociation" vid_source="3A3E4067-B77C-E936-E311-CECDB26D1E68" vid_target="6EDAFC41-2B43-88A2-777E-60D177844729">
<lineWidth>1</lineWidth>
<points>
<point x="610" y="819"/>
<point x="700" y="819"/>
</points>
</Connector>
<Connector class="oracle.dbtools.crest.swingui.relational.TVFKRelation" oid="4EB7AE25-AD5F-A363-D4B7-FE0FE4E62B46" otype="FKIndexAssociation" vid_source="DD8520BD-916A-428A-855F-7393AC238BAE" vid_target="6EDAFC41-2B43-88A2-777E-60D177844729">
<lineWidth>1</lineWidth>
<points>
<point x="610" y="1024"/>
<point x="700" y="1024"/>
</points>
</Connector>
<Connector class="oracle.dbtools.crest.swingui.relational.TVFKRelation" oid="5084EE37-6451-484B-00A7-63EB50B95136" otype="FKIndexAssociation" vid_source="94D55474-C217-0000-7FFC-7A5F0CE9C23A" vid_target="2651C8C2-17B4-DE89-8C25-6FFC2BAA829A">
<lineWidth>1</lineWidth>
<points>
<point x="3936" y="49"/>
<point x="3962" y="49"/>
</points>
</Connector>
<Connector class="oracle.dbtools.crest.swingui.relational.TVFKRelation" oid="5523984F-D818-82F7-668B-4ECC313028D8" otype="FKIndexAssociation" vid_source="32445162-43DF-5AFF-1A2B-C35CDB44D4F6" vid_target="6EDAFC41-2B43-88A2-777E-60D177844729">
<lineWidth>1</lineWidth>
<points>
<point x="601" y="1463"/>
<point x="700" y="1463"/>
</points>
</Connector>
<Connector class="oracle.dbtools.crest.swingui.relational.TVFKRelation" oid="56BD47C3-B295-A5B1-0CF4-D76B0C918937" otype="FKIndexAssociation" vid_source="EEC2ED5C-5F0D-3DEC-CCBC-29E1DCC06847" vid_target="6EDAFC41-2B43-88A2-777E-60D177844729">
<lineWidth>1</lineWidth>
<points>
<point x="584" y="361"/>
<point x="700" y="361"/>
</points>
</Connector>
<Connector class="oracle.dbtools.crest.swingui.relational.TVFKRelation" oid="58D33886-9D0A-FCDD-95FA-CC791F19D844" otype="FKIndexAssociation" vid_source="60575ACA-4A9D-CFFF-8BC4-71817D9C825C" vid_target="6EDAFC41-2B43-88A2-777E-60D177844729">
<lineWidth>1</lineWidth>
<points>
<point x="601" y="2075"/>
<point x="700" y="2075"/>
</points>
</Connector>
<Connector class="oracle.dbtools.crest.swingui.relational.TVFKRelation" oid="5BD4B67B-DB20-9ED5-4B8B-6A59131A344F" otype="FKIndexAssociation" vid_source="9B240873-DEAF-1D33-580F-DEC6D2814840" vid_target="D34DE5F0-FC63-C3F6-6E6C-847C0E65D854">
<lineWidth>1</lineWidth>
<points>
<point x="302" y="3084"/>
<point x="356" y="2981"/>
</points>
</Connector>
<Connector class="oracle.dbtools.crest.swingui.relational.TVFKRelation" oid="5D6278E1-2DD7-5BB2-6857-6DF12689B03A" otype="FKIndexAssociation" vid_source="1BFA06C4-95A0-066E-19D1-AF42E67614C6" vid_target="7FAFACAE-EA4E-EF5B-B049-9587A0446C4A">
<lineWidth>1</lineWidth>
<points>
<point x="3678" y="1661"/>
<point x="3308" y="1518"/>
</points>
</Connector>
<Connector class="oracle.dbtools.crest.swingui.relational.TVFKRelation" oid="6AF5AE00-4A6F-41C3-F9F0-78475E5B6204" otype="FKIndexAssociation" vid_source="DE1737B1-A66F-8922-1140-26741DD28B7F" vid_target="7CD68BFA-1828-E81B-D93E-E161D06BB033">
<lineWidth>1</lineWidth>
<points>
<point x="2730" y="732"/>
<point x="2806" y="732"/>
</points>
</Connector>
<Connector class="oracle.dbtools.crest.swingui.relational.TVFKRelation" oid="751870D9-FD9C-6CAA-2A02-FE380BD2BB41" otype="FKIndexAssociation" vid_source="2E604DED-B28C-7524-5CE0-0738C24A7C76" vid_target="7FAFACAE-EA4E-EF5B-B049-9587A0446C4A">
<lineWidth>1</lineWidth>
<points>
<point x="2941" y="1283"/>
<point x="3308" y="1518"/>
</points>
</Connector>
<Connector class="oracle.dbtools.crest.swingui.relational.TVFKRelation" oid="781889C9-065B-96A9-8AD4-E73940F99AFC" otype="FKIndexAssociation" vid_source="CC3F3EFA-69B0-0BF6-ACDF-02E070985072" vid_target="6EDAFC41-2B43-88A2-777E-60D177844729">
<lineWidth>1</lineWidth>
<points>
<point x="545" y="163"/>
<point x="700" y="163"/>
</points>
</Connector>
<Connector class="oracle.dbtools.crest.swingui.relational.TVFKRelation" oid="822DC306-E756-D8E4-87F3-C27643926C0B" otype="FKIndexAssociation" vid_source="71616A81-86B6-4F47-6E7A-E1C0D3D2A396" vid_target="6EDAFC41-2B43-88A2-777E-60D177844729">
<lineWidth>1</lineWidth>
<points>
<point x="614" y="460"/>
<point x="700" y="460"/>
</points>
</Connector>
<Connector class="oracle.dbtools.crest.swingui.relational.TVFKRelation" oid="83A5F53D-49CF-1B7D-C258-F58E64DB6D2D" otype="FKIndexAssociation" vid_source="11359563-2BEE-434C-32CB-392A97E79450" vid_target="D34DE5F0-FC63-C3F6-6E6C-847C0E65D854">
<lineWidth>1</lineWidth>
<points>
<point x="294" y="2394"/>
<point x="356" y="2338"/>
</points>
</Connector>
<Connector class="oracle.dbtools.crest.swingui.relational.TVFKRelation" oid="841AC03A-93D0-54E5-75CA-275E607B2A07" otype="FKIndexAssociation" vid_source="454B7805-DBF2-D915-2160-0F5622D31326" vid_target="6EDAFC41-2B43-88A2-777E-60D177844729">
<lineWidth>1</lineWidth>
<points>
<point x="1090" y="966"/>
<point x="1009" y="966"/>
</points>
</Connector>
<Connector class="oracle.dbtools.crest.swingui.relational.TVFKRelation" oid="86045FC5-4328-922E-4BBA-78BEC431C937" otype="FKIndexAssociation" vid_source="86CB2CFB-2885-3304-8193-01C36418D0EA" vid_target="D34DE5F0-FC63-C3F6-6E6C-847C0E65D854">
<lineWidth>1</lineWidth>
<points>
<point x="302" y="2774"/>
<point x="356" y="2671"/>
</points>
</Connector>
<Connector class="oracle.dbtools.crest.swingui.relational.TVFKRelation" oid="95D02F1B-9A8D-9A6F-E553-A01C76702F12" otype="FKIndexAssociation" vid_source="2387E995-A3C7-99B8-2AEB-C5935C986E71" vid_target="6EDAFC41-2B43-88A2-777E-60D177844729">
<lineWidth>1</lineWidth>
<points>
<point x="601" y="1975"/>
<point x="700" y="1975"/>
</points>
</Connector>
<Connector class="oracle.dbtools.crest.swingui.relational.TVFKRelation" oid="A3137818-FD71-B90A-8C5A-C1AC602CDA94" otype="FKIndexAssociation" vid_source="A215AD07-2945-5B0E-789B-435F4AEFB90D" vid_target="2C9244A9-F199-156F-8E38-A35EA3A976D8">
<lineWidth>1</lineWidth>
<points>
<point x="3479" y="2500"/>
<point x="3526" y="2547"/>
</points>
</Connector>
<Connector class="oracle.dbtools.crest.swingui.relational.TVFKRelation" oid="AB623EA4-F3B5-4EEC-1CBB-645A0231FD75" otype="FKIndexAssociation" vid_source="D47B74B1-2292-47DC-1C03-A3D3082EFBB8" vid_target="6EDAFC41-2B43-88A2-777E-60D177844729">
<lineWidth>1</lineWidth>
<points>
<point x="601" y="1244"/>
<point x="700" y="1244"/>
</points>
</Connector>
<Connector class="oracle.dbtools.crest.swingui.relational.TVFKRelation" oid="B168D7D9-6DBC-E170-06BF-F027BD279665" otype="FKIndexAssociation" vid_source="0288961E-50DB-DDA2-DFD2-8E672BC848C1" vid_target="2C9244A9-F199-156F-8E38-A35EA3A976D8">
<lineWidth>1</lineWidth>
<points>
<point x="3479" y="2281"/>
<point x="3526" y="2321"/>
</points>
</Connector>
<Connector class="oracle.dbtools.crest.swingui.relational.TVFKRelation" oid="B477075C-2E47-BD40-06E3-476EC96EE8A8" otype="FKIndexAssociation" vid_source="901D7FDD-F436-9196-E77C-D3C6D8E61796" vid_target="7FAFACAE-EA4E-EF5B-B049-9587A0446C4A">
<lineWidth>1</lineWidth>
<points>
<point x="2942" y="1444"/>
<point x="3308" y="1518"/>
</points>
</Connector>
<Connector class="oracle.dbtools.crest.swingui.relational.TVFKRelation" oid="B6809504-BDD6-99B0-3C3E-7ACF04D1CAB9" otype="FKIndexAssociation" vid_source="375BA143-CDE6-6454-40A7-440806DBDEE0" vid_target="6EDAFC41-2B43-88A2-777E-60D177844729">
<lineWidth>1</lineWidth>
<points>
<point x="610" y="920"/>
<point x="700" y="920"/>
</points>
</Connector>
<Connector class="oracle.dbtools.crest.swingui.relational.TVFKRelation" oid="BB2D1159-7040-3309-52AD-052E11F191F9" otype="FKIndexAssociation" vid_source="88242707-A658-B7AC-1206-304D821E6BEE" vid_target="6EDAFC41-2B43-88A2-777E-60D177844729">
<lineWidth>1</lineWidth>
<points>
<point x="601" y="1675"/>
<point x="700" y="1675"/>
</points>
</Connector>
<Connector class="oracle.dbtools.crest.swingui.relational.TVFKRelation" oid="BD522E64-39E4-8C60-4B48-E25BB72D2030" otype="FKIndexAssociation" vid_source="0B2D8F0B-ACBB-B59A-FD38-47C9C801B273" vid_target="7CD68BFA-1828-E81B-D93E-E161D06BB033">
<lineWidth>1</lineWidth>
<points>
<point x="2735" y="55"/>
<point x="2806" y="55"/>
</points>
</Connector>
<Connector class="oracle.dbtools.crest.swingui.relational.TVFKRelation" oid="BED094FB-87A3-8F63-378E-8F6EEFE4B0CC" otype="FKIndexAssociation" vid_source="F789FCA5-875B-6928-9B15-D0BE67A96B05" vid_target="2C9244A9-F199-156F-8E38-A35EA3A976D8">
<lineWidth>1</lineWidth>
<points>
<point x="3479" y="2620"/>
<point x="3526" y="2667"/>
</points>
</Connector>
<Connector class="oracle.dbtools.crest.swingui.relational.TVFKRelation" oid="C8869D9E-4A76-FDCD-F8D6-7FEC746EF77A" otype="FKIndexAssociation" vid_source="7DD42F20-D1ED-04DB-82B7-654678430F49" vid_target="6EDAFC41-2B43-88A2-777E-60D177844729">
<lineWidth>1</lineWidth>
<points>
<point x="617" y="718"/>
<point x="700" y="718"/>
</points>
</Connector>
<Connector class="oracle.dbtools.crest.swingui.relational.TVFKRelation" oid="C8F915AA-0265-7165-3FC0-3DB0FF98B6DF" otype="FKIndexAssociation" vid_source="4F945A3F-44FE-06E4-87C2-B776752DDDEE" vid_target="7CD68BFA-1828-E81B-D93E-E161D06BB033">
<lineWidth>1</lineWidth>
<points>
<point x="2730" y="282"/>
<point x="2806" y="282"/>
</points>
</Connector>
<Connector class="oracle.dbtools.crest.swingui.relational.TVFKRelation" oid="CE9F6D80-D574-5BA5-C587-06197D42602D" otype="FKIndexAssociation" vid_source="985BD8F9-AD98-4B4E-481E-813D9CB06AB7" vid_target="6EDAFC41-2B43-88A2-777E-60D177844729">
<lineWidth>1</lineWidth>
<points>
<point x="572" y="262"/>
<point x="700" y="262"/>
</points>
</Connector>
<Connector class="oracle.dbtools.crest.swingui.relational.TVFKRelation" oid="D19CFF5E-ED5A-3EAC-77DE-E297C1155486" otype="FKIndexAssociation" vid_source="91E7321B-177C-D0A3-1C3B-43055BBD6974" vid_target="7CD68BFA-1828-E81B-D93E-E161D06BB033">
<lineWidth>1</lineWidth>
<points>
<point x="2729" y="406"/>
<point x="2806" y="406"/>
</points>
</Connector>
<Connector class="oracle.dbtools.crest.swingui.relational.TVFKRelation" oid="D888073E-1AD1-85D3-0496-4E508AFBCB97" otype="FKIndexAssociation" vid_source="BC847B86-372C-D98A-2F08-8599314EF392" vid_target="D34DE5F0-FC63-C3F6-6E6C-847C0E65D854">
<lineWidth>1</lineWidth>
<points>
<point x="302" y="2983"/>
<point x="356" y="2880"/>
</points>
</Connector>
<Connector class="oracle.dbtools.crest.swingui.relational.TVFKRelation" oid="E4A4EC33-0958-1C44-B98B-D95008A781A5" otype="FKIndexAssociation" vid_source="12940165-963A-B058-111F-67D7FD19B574" vid_target="D34DE5F0-FC63-C3F6-6E6C-847C0E65D854">
<lineWidth>1</lineWidth>
<points>
<point x="302" y="2663"/>
<point x="356" y="2560"/>
</points>
</Connector>
<Connector class="oracle.dbtools.crest.swingui.relational.TVFKRelation" oid="E9362128-F92F-B7DB-B0EC-1665AC930176" otype="FKIndexAssociation" vid_source="063B84E8-60A3-75F0-C59F-3088D49B4B9F" vid_target="D34DE5F0-FC63-C3F6-6E6C-847C0E65D854">
<lineWidth>1</lineWidth>
<points>
<point x="698" y="2779"/>
<point x="652" y="2779"/>
</points>
</Connector>
<Connector class="oracle.dbtools.crest.swingui.relational.TVFKRelation" oid="EA091299-9F50-6723-808F-CAE55D9D99CD" otype="FKIndexAssociation" vid_source="E2CB5A30-BE76-4F5D-8B0F-7818E56D4271" vid_target="2C9244A9-F199-156F-8E38-A35EA3A976D8">
<lineWidth>1</lineWidth>
<points>
<point x="3867" y="2621"/>
<point x="3812" y="2621"/>
</points>
</Connector>
<Connector class="oracle.dbtools.crest.swingui.relational.TVFKRelation" oid="EBA85C08-E69F-3FC8-8BC7-7A9E8971CFB8" otype="FKIndexAssociation" vid_source="B70CFF3B-0151-0D0E-CDF0-E1289E364278" vid_target="7CD68BFA-1828-E81B-D93E-E161D06BB033">
<lineWidth>1</lineWidth>
<points>
<point x="3181" y="419"/>
<point x="3130" y="419"/>
</points>
</Connector>
<Connector class="oracle.dbtools.crest.swingui.relational.TVFKRelation" oid="ECB49B4B-9658-63B8-77D8-3AE6C9B6B625" otype="FKIndexAssociation" vid_source="7592A55F-8670-A5D2-8120-9247781B9285" vid_target="D34DE5F0-FC63-C3F6-6E6C-847C0E65D854">
<lineWidth>1</lineWidth>
<points>
<point x="294" y="2550"/>
<point x="356" y="2447"/>
</points>
</Connector>
<Connector class="oracle.dbtools.crest.swingui.relational.TVFKRelation" oid="F4259E0F-456E-A8AF-C053-41F679CA5371" otype="FKIndexAssociation" vid_source="B7946769-7084-421E-E9EE-7ABC0317C47E" vid_target="6EDAFC41-2B43-88A2-777E-60D177844729">
<lineWidth>1</lineWidth>
<points>
<point x="601" y="1563"/>
<point x="700" y="1563"/>
</points>
</Connector>
<Connector class="oracle.dbtools.crest.swingui.relational.TVFKRelation" oid="F68A716D-CFAD-6E41-DC08-18345A2ADC9E" otype="FKIndexAssociation" vid_source="7F8C927B-C9B2-5222-FBFF-0A7940812E07" vid_target="2C9244A9-F199-156F-8E38-A35EA3A976D8">
<lineWidth>1</lineWidth>
<points>
<point x="3481" y="2406"/>
<point x="3526" y="2446"/>
</points>
</Connector>
<Connector class="oracle.dbtools.crest.swingui.relational.TVFKRelation" oid="F7BA90F7-4B22-A8EF-0C54-B617FA729268" otype="FKIndexAssociation" vid_source="43577931-8AF6-CBD3-97CB-FB22C4207389" vid_target="6EDAFC41-2B43-88A2-777E-60D177844729">
<lineWidth>1</lineWidth>
<points>
<point x="540" y="64"/>
<point x="700" y="64"/>
</points>
</Connector>
</connectors>
</Diagram>