<?xml version="1.0" encoding="UTF-8"?>
<sharedobjects>
  <connection>
    <name>MAXDAT</name>
    <server>${DB_MAXDAT_HOSTNAME}</server>
    <type>ORACLE</type>
    <access>Native</access>
    <database>${DB_MAXDAT_NAME}</database>
    <port>${DB_MAXDAT_PORT}</port>
    <username>${DB_MAXDAT_USER}</username>
    <password>${DB_MAXDAT_PASSWORD}</password>
    <servername/>
    <data_tablespace/>
    <index_tablespace/>
    <attributes>
      <attribute><code>FORCE_IDENTIFIERS_TO_LOWERCASE</code><attribute>N</attribute></attribute>
      <attribute><code>FORCE_IDENTIFIERS_TO_UPPERCASE</code><attribute>N</attribute></attribute>
      <attribute><code>INITIAL_POOL_SIZE</code><attribute>5</attribute></attribute>
      <attribute><code>IS_CLUSTERED</code><attribute>N</attribute></attribute>
      <attribute><code>MAXIMUM_POOL_SIZE</code><attribute>10</attribute></attribute>
      <attribute><code>POOLING_initialSize</code><attribute>${INIT_POOL_SIZE}</attribute></attribute>
      <attribute><code>POOLING_logAbandoned</code><attribute>false</attribute></attribute>
      <attribute><code>POOLING_maxActive</code><attribute>${MAX_POOL_SIZE}</attribute></attribute>
      <attribute><code>POOLING_testOnBorrow</code><attribute>true</attribute></attribute>
      <attribute><code>POOLING_validationQuery</code><attribute>select 1 from dual</attribute></attribute>
      <attribute><code>PORT_NUMBER</code><attribute>${DB_MAXDAT_PORT}</attribute></attribute>
      <attribute><code>PREFERRED_SCHEMA_NAME</code><attribute>${DB_MAXDAT_SCHEMA}</attribute></attribute>
      <attribute><code>QUOTE_ALL_FIELDS</code><attribute>N</attribute></attribute>
      <attribute><code>SQL_CONNECT</code><attribute>ALTER SESSION SET CURRENT_SCHEMA = MAXDAT_PA;</attribute></attribute>
      <attribute><code>SUPPORTS_BOOLEAN_DATA_TYPE</code><attribute>N</attribute></attribute>
      <attribute><code>USE_POOLING</code><attribute>Y</attribute></attribute>
    </attributes>
  </connection>

  <connection>
    <name>OLTP_SOURCE</name>
    <server>${DB_OLTP_HOSTNAME}</server>
    <type>ORACLE</type>
    <access>Native</access>
    <database>${DB_OLTP_NAME}</database>
    <port>${DB_OLTP_PORT}</port>
    <username>${DB_OLTP_USER}</username>
    <password>${DB_OLTP_PASSWORD}</password>
    <servername/>
    <data_tablespace/>
    <index_tablespace/>
    <attributes>
      <attribute><code>FORCE_IDENTIFIERS_TO_LOWERCASE</code><attribute>N</attribute></attribute>
      <attribute><code>FORCE_IDENTIFIERS_TO_UPPERCASE</code><attribute>N</attribute></attribute>
      <attribute><code>IS_CLUSTERED</code><attribute>N</attribute></attribute>
      <attribute><code>PORT_NUMBER</code><attribute>${DB_OLTP_PORT}</attribute></attribute>
      <attribute><code>PREFERRED_SCHEMA_NAME</code><attribute>$DB_OLTP_SCHEMA</attribute></attribute>
      <attribute><code>QUOTE_ALL_FIELDS</code><attribute>N</attribute></attribute>
      <attribute><code>SUPPORTS_BOOLEAN_DATA_TYPE</code><attribute>N</attribute></attribute>
      <attribute><code>USE_POOLING</code><attribute>N</attribute></attribute>
    </attributes>
  </connection>

  <connection>
    <name>MOTS</name>
    <server>${DB_MOTS_HOSTNAME}</server>
    <type>ORACLE</type>
    <access>Native</access>
    <database>${DB_MOTS_DATABASENAME}</database>
    <port>${DB_MOTS_PORT}</port>
    <username>${DB_MOTS_USER}</username>
    <password>${DB_MOTS_PASSWORD}</password>
    <servername/>
    <data_tablespace/>
    <index_tablespace/>
    <attributes>
      <attribute><code>FORCE_IDENTIFIERS_TO_LOWERCASE</code><attribute>N</attribute></attribute>
      <attribute><code>FORCE_IDENTIFIERS_TO_UPPERCASE</code><attribute>N</attribute></attribute>
      <attribute><code>IS_CLUSTERED</code><attribute>N</attribute></attribute>
      <attribute><code>PORT_NUMBER</code><attribute>${DB_MOTS_PORT}</attribute></attribute>
      <attribute><code>QUOTE_ALL_FIELDS</code><attribute>N</attribute></attribute>
      <attribute><code>SUPPORTS_BOOLEAN_DATA_TYPE</code><attribute>N</attribute></attribute>
      <attribute><code>USE_POOLING</code><attribute>N</attribute></attribute>
    </attributes>
  </connection>

</sharedobjects>
