Insert into CC_C_PROJECT_CONFIG (PROJECT_NAME,PROGRAM_NAME,REGION_NAME,STATE_NAME,PROVINCE_NAME,DISTRICT_NAME,COUNTRY_NAME,RECORD_EFF_DT,RECORD_END_DT) values ('MIEB','MIEB','Central','Michigan','Unknown','Unknown','USA',to_date('1900/01/01', 'yyyy/mm/dd'),to_date('2999/12/31', 'yyyy/mm/dd'));

COMMIT;

Insert into CC_C_CONTACT_QUEUE (QUEUE_NUMBER,QUEUE_NAME,QUEUE_TYPE,SERVICE_PERCENT,SERVICE_SECONDS,UNIT_OF_WORK_NAME,PROJECT_NAME,PROGRAM_NAME,REGION_NAME,STATE_NAME,PROVINCE_NAME,DISTRICT_NAME,COUNTRY_NAME,RECORD_EFF_DT,RECORD_END_DT,INTERVAL_MINUTES) values (10058,'MIEBS_AR_s','Inbound',80,20,'Other MIEB','MIEB','MIEB','Central','Michigan','Unknown','Unknown','USA',to_date('1900/01/01', 'yyyy/mm/dd'),to_date('2999/12/31', 'yyyy/mm/dd'),15);
Insert into CC_C_CONTACT_QUEUE (QUEUE_NUMBER,QUEUE_NAME,QUEUE_TYPE,SERVICE_PERCENT,SERVICE_SECONDS,UNIT_OF_WORK_NAME,PROJECT_NAME,PROGRAM_NAME,REGION_NAME,STATE_NAME,PROVINCE_NAME,DISTRICT_NAME,COUNTRY_NAME,RECORD_EFF_DT,RECORD_END_DT,INTERVAL_MINUTES) values (10059,'MIEB_En_s','Inbound',80,20,'Other MIEB','MIEB','MIEB','Central','Michigan','Unknown','Unknown','USA',to_date('1900/01/01', 'yyyy/mm/dd'),to_date('2999/12/31', 'yyyy/mm/dd'),15);
Insert into CC_C_CONTACT_QUEUE (QUEUE_NUMBER,QUEUE_NAME,QUEUE_TYPE,SERVICE_PERCENT,SERVICE_SECONDS,UNIT_OF_WORK_NAME,PROJECT_NAME,PROGRAM_NAME,REGION_NAME,STATE_NAME,PROVINCE_NAME,DISTRICT_NAME,COUNTRY_NAME,RECORD_EFF_DT,RECORD_END_DT,INTERVAL_MINUTES) values (10061,'MIEBS_SUPERVISOR_s','Inbound',80,20,'Other MIEB','MIEB','MIEB','Central','Michigan','Unknown','Unknown','USA',to_date('1900/01/01', 'yyyy/mm/dd'),to_date('2999/12/31', 'yyyy/mm/dd'),15);
Insert into CC_C_CONTACT_QUEUE (QUEUE_NUMBER,QUEUE_NAME,QUEUE_TYPE,SERVICE_PERCENT,SERVICE_SECONDS,UNIT_OF_WORK_NAME,PROJECT_NAME,PROGRAM_NAME,REGION_NAME,STATE_NAME,PROVINCE_NAME,DISTRICT_NAME,COUNTRY_NAME,RECORD_EFF_DT,RECORD_END_DT,INTERVAL_MINUTES) values (10062,'MIEBS_XFER_AR_s','Inbound',80,20,'Other MIEB','MIEB','MIEB','Central','Michigan','Unknown','Unknown','USA',to_date('1900/01/01', 'yyyy/mm/dd'),to_date('2999/12/31', 'yyyy/mm/dd'),15);
Insert into CC_C_CONTACT_QUEUE (QUEUE_NUMBER,QUEUE_NAME,QUEUE_TYPE,SERVICE_PERCENT,SERVICE_SECONDS,UNIT_OF_WORK_NAME,PROJECT_NAME,PROGRAM_NAME,REGION_NAME,STATE_NAME,PROVINCE_NAME,DISTRICT_NAME,COUNTRY_NAME,RECORD_EFF_DT,RECORD_END_DT,INTERVAL_MINUTES) values (10063,'MIEBS_XFER_SP_s','Inbound',80,20,'Other MIEB','MIEB','MIEB','Central','Michigan','Unknown','Unknown','USA',to_date('1900/01/01', 'yyyy/mm/dd'),to_date('2999/12/31', 'yyyy/mm/dd'),15);
Insert into CC_C_CONTACT_QUEUE (QUEUE_NUMBER,QUEUE_NAME,QUEUE_TYPE,SERVICE_PERCENT,SERVICE_SECONDS,UNIT_OF_WORK_NAME,PROJECT_NAME,PROGRAM_NAME,REGION_NAME,STATE_NAME,PROVINCE_NAME,DISTRICT_NAME,COUNTRY_NAME,RECORD_EFF_DT,RECORD_END_DT,INTERVAL_MINUTES) values (10080,'MIEBS_PHONE_APP_EN_s','Inbound',80,20,'Phone App','MIEB','MIEB','Central','Michigan','Unknown','Unknown','USA',to_date('1900/01/01', 'yyyy/mm/dd'),to_date('2999/12/31', 'yyyy/mm/dd'),15);
Insert into CC_C_CONTACT_QUEUE (QUEUE_NUMBER,QUEUE_NAME,QUEUE_TYPE,SERVICE_PERCENT,SERVICE_SECONDS,UNIT_OF_WORK_NAME,PROJECT_NAME,PROGRAM_NAME,REGION_NAME,STATE_NAME,PROVINCE_NAME,DISTRICT_NAME,COUNTRY_NAME,RECORD_EFF_DT,RECORD_END_DT,INTERVAL_MINUTES) values (10081,'MIEBS_PHONE_APP_AR_s','Inbound',80,20,'Phone App','MIEB','MIEB','Central','Michigan','Unknown','Unknown','USA',to_date('1900/01/01', 'yyyy/mm/dd'),to_date('2999/12/31', 'yyyy/mm/dd'),15);
Insert into CC_C_CONTACT_QUEUE (QUEUE_NUMBER,QUEUE_NAME,QUEUE_TYPE,SERVICE_PERCENT,SERVICE_SECONDS,UNIT_OF_WORK_NAME,PROJECT_NAME,PROGRAM_NAME,REGION_NAME,STATE_NAME,PROVINCE_NAME,DISTRICT_NAME,COUNTRY_NAME,RECORD_EFF_DT,RECORD_END_DT,INTERVAL_MINUTES) values (10082,'MIEBS_PHONE_APP_SP_s','Inbound',80,20,'Phone App','MIEB','MIEB','Central','Michigan','Unknown','Unknown','USA',to_date('1900/01/01', 'yyyy/mm/dd'),to_date('2999/12/31', 'yyyy/mm/dd'),15);
Insert into CC_C_CONTACT_QUEUE (QUEUE_NUMBER,QUEUE_NAME,QUEUE_TYPE,SERVICE_PERCENT,SERVICE_SECONDS,UNIT_OF_WORK_NAME,PROJECT_NAME,PROGRAM_NAME,REGION_NAME,STATE_NAME,PROVINCE_NAME,DISTRICT_NAME,COUNTRY_NAME,RECORD_EFF_DT,RECORD_END_DT,INTERVAL_MINUTES) values (10083,'MIEBS_HEALTHY_MI_SP_s','Inbound',80,20,'Healthcare Helpline','MIEB','MIEB','Central','Michigan','Unknown','Unknown','USA',to_date('1900/01/01', 'yyyy/mm/dd'),to_date('2999/12/31', 'yyyy/mm/dd'),15);
Insert into CC_C_CONTACT_QUEUE (QUEUE_NUMBER,QUEUE_NAME,QUEUE_TYPE,SERVICE_PERCENT,SERVICE_SECONDS,UNIT_OF_WORK_NAME,PROJECT_NAME,PROGRAM_NAME,REGION_NAME,STATE_NAME,PROVINCE_NAME,DISTRICT_NAME,COUNTRY_NAME,RECORD_EFF_DT,RECORD_END_DT,INTERVAL_MINUTES) values (10084,'MIEBS_HEALTHY_MI_AR_s','Inbound',80,20,'Healthcare Helpline','MIEB','MIEB','Central','Michigan','Unknown','Unknown','USA',to_date('1900/01/01', 'yyyy/mm/dd'),to_date('2999/12/31', 'yyyy/mm/dd'),15);
Insert into CC_C_CONTACT_QUEUE (QUEUE_NUMBER,QUEUE_NAME,QUEUE_TYPE,SERVICE_PERCENT,SERVICE_SECONDS,UNIT_OF_WORK_NAME,PROJECT_NAME,PROGRAM_NAME,REGION_NAME,STATE_NAME,PROVINCE_NAME,DISTRICT_NAME,COUNTRY_NAME,RECORD_EFF_DT,RECORD_END_DT,INTERVAL_MINUTES) values (10085,'MIEBS_HEALTHY_MI_EN_s','Inbound',80,20,'Healthcare Helpline','MIEB','MIEB','Central','Michigan','Unknown','Unknown','USA',to_date('1900/01/01', 'yyyy/mm/dd'),to_date('2999/12/31', 'yyyy/mm/dd'),15);
Insert into CC_C_CONTACT_QUEUE (QUEUE_NUMBER,QUEUE_NAME,QUEUE_TYPE,SERVICE_PERCENT,SERVICE_SECONDS,UNIT_OF_WORK_NAME,PROJECT_NAME,PROGRAM_NAME,REGION_NAME,STATE_NAME,PROVINCE_NAME,DISTRICT_NAME,COUNTRY_NAME,RECORD_EFF_DT,RECORD_END_DT,INTERVAL_MINUTES) values (10091,'MIEBS_BAT_PHONE_EN_S','Inbound',80,20,'Phone App','MIEB','MIEB','Central','Michigan','Unknown','Unknown','USA',to_date('1900/01/01', 'yyyy/mm/dd'),to_date('2999/12/31', 'yyyy/mm/dd'),15);
Insert into CC_C_CONTACT_QUEUE (QUEUE_NUMBER,QUEUE_NAME,QUEUE_TYPE,SERVICE_PERCENT,SERVICE_SECONDS,UNIT_OF_WORK_NAME,PROJECT_NAME,PROGRAM_NAME,REGION_NAME,STATE_NAME,PROVINCE_NAME,DISTRICT_NAME,COUNTRY_NAME,RECORD_EFF_DT,RECORD_END_DT,INTERVAL_MINUTES) values (10092,'MIEBS_BAT_PHONE_SP_s','Inbound',80,20,'Phone App','MIEB','MIEB','Central','Michigan','Unknown','Unknown','USA',to_date('1900/01/01', 'yyyy/mm/dd'),to_date('2999/12/31', 'yyyy/mm/dd'),15);
Insert into CC_C_CONTACT_QUEUE (QUEUE_NUMBER,QUEUE_NAME,QUEUE_TYPE,SERVICE_PERCENT,SERVICE_SECONDS,UNIT_OF_WORK_NAME,PROJECT_NAME,PROGRAM_NAME,REGION_NAME,STATE_NAME,PROVINCE_NAME,DISTRICT_NAME,COUNTRY_NAME,RECORD_EFF_DT,RECORD_END_DT,INTERVAL_MINUTES) values (10093,'MIEBS_BH_EN_s','Inbound',80,20,'Beneficiary Helpline','MIEB','MIEB','Central','Michigan','Unknown','Unknown','USA',to_date('1900/01/01', 'yyyy/mm/dd'),to_date('2999/12/31', 'yyyy/mm/dd'),15);
Insert into CC_C_CONTACT_QUEUE (QUEUE_NUMBER,QUEUE_NAME,QUEUE_TYPE,SERVICE_PERCENT,SERVICE_SECONDS,UNIT_OF_WORK_NAME,PROJECT_NAME,PROGRAM_NAME,REGION_NAME,STATE_NAME,PROVINCE_NAME,DISTRICT_NAME,COUNTRY_NAME,RECORD_EFF_DT,RECORD_END_DT,INTERVAL_MINUTES) values (10094,'MIEBS_CSHCS_EN_s','Inbound',80,20,'Enrolls','MIEB','MIEB','Central','Michigan','Unknown','Unknown','USA',to_date('1900/01/01', 'yyyy/mm/dd'),to_date('2999/12/31', 'yyyy/mm/dd'),15);
Insert into CC_C_CONTACT_QUEUE (QUEUE_NUMBER,QUEUE_NAME,QUEUE_TYPE,SERVICE_PERCENT,SERVICE_SECONDS,UNIT_OF_WORK_NAME,PROJECT_NAME,PROGRAM_NAME,REGION_NAME,STATE_NAME,PROVINCE_NAME,DISTRICT_NAME,COUNTRY_NAME,RECORD_EFF_DT,RECORD_END_DT,INTERVAL_MINUTES) values (10095,'MIEBS_FOSTER_CARE_EN_s','Inbound',80,20,'Enrolls','MIEB','MIEB','Central','Michigan','Unknown','Unknown','USA',to_date('1900/01/01', 'yyyy/mm/dd'),to_date('2999/12/31', 'yyyy/mm/dd'),15);
Insert into CC_C_CONTACT_QUEUE (QUEUE_NUMBER,QUEUE_NAME,QUEUE_TYPE,SERVICE_PERCENT,SERVICE_SECONDS,UNIT_OF_WORK_NAME,PROJECT_NAME,PROGRAM_NAME,REGION_NAME,STATE_NAME,PROVINCE_NAME,DISTRICT_NAME,COUNTRY_NAME,RECORD_EFF_DT,RECORD_END_DT,INTERVAL_MINUTES) values (10096,'MIEBS_ME_FIELD_EN_S','Inbound',80,20,'Enrolls','MIEB','MIEB','Central','Michigan','Unknown','Unknown','USA',to_date('1900/01/01', 'yyyy/mm/dd'),to_date('2999/12/31', 'yyyy/mm/dd'),15);
Insert into CC_C_CONTACT_QUEUE (QUEUE_NUMBER,QUEUE_NAME,QUEUE_TYPE,SERVICE_PERCENT,SERVICE_SECONDS,UNIT_OF_WORK_NAME,PROJECT_NAME,PROGRAM_NAME,REGION_NAME,STATE_NAME,PROVINCE_NAME,DISTRICT_NAME,COUNTRY_NAME,RECORD_EFF_DT,RECORD_END_DT,INTERVAL_MINUTES) values (10097,'MIEBS_ME_SP_S','Inbound',80,20,'Enrolls','MIEB','MIEB','Central','Michigan','Unknown','Unknown','USA',to_date('1900/01/01', 'yyyy/mm/dd'),to_date('2999/12/31', 'yyyy/mm/dd'),15);
Insert into CC_C_CONTACT_QUEUE (QUEUE_NUMBER,QUEUE_NAME,QUEUE_TYPE,SERVICE_PERCENT,SERVICE_SECONDS,UNIT_OF_WORK_NAME,PROJECT_NAME,PROGRAM_NAME,REGION_NAME,STATE_NAME,PROVINCE_NAME,DISTRICT_NAME,COUNTRY_NAME,RECORD_EFF_DT,RECORD_END_DT,INTERVAL_MINUTES) values (10098,'MIEBS_PRICE_FINDER_EN_s','Inbound',80,20,'Beneficiary Helpline','MIEB','MIEB','Central','Michigan','Unknown','Unknown','USA',to_date('1900/01/01', 'yyyy/mm/dd'),to_date('2999/12/31', 'yyyy/mm/dd'),15);
Insert into CC_C_CONTACT_QUEUE (QUEUE_NUMBER,QUEUE_NAME,QUEUE_TYPE,SERVICE_PERCENT,SERVICE_SECONDS,UNIT_OF_WORK_NAME,PROJECT_NAME,PROGRAM_NAME,REGION_NAME,STATE_NAME,PROVINCE_NAME,DISTRICT_NAME,COUNTRY_NAME,RECORD_EFF_DT,RECORD_END_DT,INTERVAL_MINUTES) values (10099,'MIEBS_ME_MEDICAID_EN_s','Inbound',80,20,'Enrolls','MIEB','MIEB','Central','Michigan','Unknown','Unknown','USA',to_date('1900/01/01', 'yyyy/mm/dd'),to_date('2999/12/31', 'yyyy/mm/dd'),15);

COMMIT;

Insert into CC_D_PROJECT (PROJECT_ID,PROJECT_NAME,SEGMENT_ID,INCLUDE_IN_REPORTS_FLAG) values (3,'MIEB',1,1);

Insert into CC_D_PROGRAM (PROGRAM_ID,PROGRAM_NAME,INCLUDE_IN_REPORTS_FLAG) values (5,'MIEB',1);

Insert into CC_D_STATE (STATE_ID,STATE_NAME) values (2,'Michigan');

Insert into CC_D_PROJECT_TARGETS (PROJECT_ID,VERSION,AVERAGE_HANDLE_TIME_TARGET,UTILIZATION_TARGET,COST_PER_CALL_TARGET,OCCUPANCY_TARGET,LABOR_COST_PER_CALL_TARGET,RECORD_EFF_DT,RECORD_END_DT) values (3,1,0,0,0,0,0,to_date('01-JAN-00','DD-MON-YY'),to_date('31-DEC-99','DD-MON-YY'));

Insert into CC_D_GEOGRAPHY_MASTER (GEOGRAPHY_MASTER_ID,GEOGRAPHY_NAME,COUNTRY_ID,STATE_ID,PROVINCE_ID,DISTRICT_ID,REGION_ID) values (2,'Michigan',1,2,0,0,1);

commit;

Insert into CC_C_UNIT_OF_WORK (UNIT_OF_WORK_NAME,RECORD_EFF_DT,RECORD_END_DT,UNIT_OF_WORK_CATEGORY) values ('HEALTH',to_date('1900/01/01', 'yyyy/mm/dd'),to_date('2999/12/31', 'yyyy/mm/dd'),'INBOUND');
Insert into CC_C_UNIT_OF_WORK (UNIT_OF_WORK_NAME,RECORD_EFF_DT,RECORD_END_DT,UNIT_OF_WORK_CATEGORY) values ('Phone App',to_date('1900/01/01', 'yyyy/mm/dd'),to_date('2999/12/31', 'yyyy/mm/dd'),'INBOUND_CALL');
Insert into CC_C_UNIT_OF_WORK (UNIT_OF_WORK_NAME,RECORD_EFF_DT,RECORD_END_DT,UNIT_OF_WORK_CATEGORY) values ('CHILD',to_date('1900/01/01', 'yyyy/mm/dd'),to_date('2999/12/31', 'yyyy/mm/dd'),'INBOUND');
Insert into CC_C_UNIT_OF_WORK (UNIT_OF_WORK_NAME,RECORD_EFF_DT,RECORD_END_DT,UNIT_OF_WORK_CATEGORY) values ('PREMIUM',to_date('1900/01/01', 'yyyy/mm/dd'),to_date('2999/12/31', 'yyyy/mm/dd'),'INBOUND');
Insert into CC_C_UNIT_OF_WORK (UNIT_OF_WORK_NAME,RECORD_EFF_DT,RECORD_END_DT,UNIT_OF_WORK_CATEGORY) values ('LEAD',to_date('1900/01/01', 'yyyy/mm/dd'),to_date('2999/12/31', 'yyyy/mm/dd'),'INBOUND');
Insert into CC_C_UNIT_OF_WORK (UNIT_OF_WORK_NAME,RECORD_EFF_DT,RECORD_END_DT,UNIT_OF_WORK_CATEGORY) values ('SUPERVISOR',to_date('1900/01/01', 'yyyy/mm/dd'),to_date('2999/12/31', 'yyyy/mm/dd'),'INBOUND');
Insert into CC_C_UNIT_OF_WORK (UNIT_OF_WORK_NAME,RECORD_EFF_DT,RECORD_END_DT,UNIT_OF_WORK_CATEGORY) values ('CSHCS',to_date('1900/01/01', 'yyyy/mm/dd'),to_date('2999/12/31', 'yyyy/mm/dd'),'INBOUND');
Insert into CC_C_UNIT_OF_WORK (UNIT_OF_WORK_NAME,RECORD_EFF_DT,RECORD_END_DT,UNIT_OF_WORK_CATEGORY) values ('ENROLLMENT',to_date('1900/01/01', 'yyyy/mm/dd'),to_date('2999/12/31', 'yyyy/mm/dd'),'INBOUND');
Insert into CC_C_UNIT_OF_WORK (UNIT_OF_WORK_NAME,RECORD_EFF_DT,RECORD_END_DT,UNIT_OF_WORK_CATEGORY) values ('BEHAVIORAL',to_date('1900/01/01', 'yyyy/mm/dd'),to_date('2999/12/31', 'yyyy/mm/dd'),'INBOUND');
Insert into CC_C_UNIT_OF_WORK (UNIT_OF_WORK_NAME,RECORD_EFF_DT,RECORD_END_DT,UNIT_OF_WORK_CATEGORY) values ('FOSTER CARE',to_date('1900/01/01', 'yyyy/mm/dd'),to_date('2999/12/31', 'yyyy/mm/dd'),'INBOUND');

Insert into CC_C_UNIT_OF_WORK (UNIT_OF_WORK_NAME,RECORD_EFF_DT,RECORD_END_DT,UNIT_OF_WORK_CATEGORY) values ('Healthcare Helpline',to_date('1900/01/01', 'yyyy/mm/dd'),to_date('2999/12/31', 'yyyy/mm/dd'),'INBOUND_CALL');
Insert into CC_C_UNIT_OF_WORK (UNIT_OF_WORK_NAME,RECORD_EFF_DT,RECORD_END_DT,UNIT_OF_WORK_CATEGORY) values ('Beneficiary Helpline',to_date('1900/01/01', 'yyyy/mm/dd'),to_date('2999/12/31', 'yyyy/mm/dd'),'INBOUND_CALL');
Insert into CC_C_UNIT_OF_WORK (UNIT_OF_WORK_NAME,RECORD_EFF_DT,RECORD_END_DT,UNIT_OF_WORK_CATEGORY) values ('Enrolls',to_date('1900/01/01', 'yyyy/mm/dd'),to_date('2999/12/31', 'yyyy/mm/dd'),'INBOUND_CALL');
Insert into CC_C_UNIT_OF_WORK (UNIT_OF_WORK_NAME,RECORD_EFF_DT,RECORD_END_DT,UNIT_OF_WORK_CATEGORY) values ('Other MIEB',to_date('1900/01/01', 'yyyy/mm/dd'),to_date('2999/12/31', 'yyyy/mm/dd'),'INBOUND_CALL');

commit;

Insert into CC_D_UNIT_OF_WORK (UNIT_OF_WORK_NAME,PRODUCTION_PLAN_ID,HOURLY_FLAG,HANDLE_TIME_UNIT,UNIT_OF_WORK_CATEGORY) values ('HEALTH',0,'N','Seconds','INBOUND');
Insert into CC_D_UNIT_OF_WORK (UNIT_OF_WORK_NAME,PRODUCTION_PLAN_ID,HOURLY_FLAG,HANDLE_TIME_UNIT,UNIT_OF_WORK_CATEGORY) values ('Phone App',0,'N','Seconds','INBOUND_CALL');
Insert into CC_D_UNIT_OF_WORK (UNIT_OF_WORK_NAME,PRODUCTION_PLAN_ID,HOURLY_FLAG,HANDLE_TIME_UNIT,UNIT_OF_WORK_CATEGORY) values ('CHILD',0,'N','Seconds','INBOUND');
Insert into CC_D_UNIT_OF_WORK (UNIT_OF_WORK_NAME,PRODUCTION_PLAN_ID,HOURLY_FLAG,HANDLE_TIME_UNIT,UNIT_OF_WORK_CATEGORY) values ('PREMIUM',0,'N','Seconds','INBOUND');
Insert into CC_D_UNIT_OF_WORK (UNIT_OF_WORK_NAME,PRODUCTION_PLAN_ID,HOURLY_FLAG,HANDLE_TIME_UNIT,UNIT_OF_WORK_CATEGORY) values ('LEAD',0,'N','Seconds','INBOUND');
Insert into CC_D_UNIT_OF_WORK (UNIT_OF_WORK_NAME,PRODUCTION_PLAN_ID,HOURLY_FLAG,HANDLE_TIME_UNIT,UNIT_OF_WORK_CATEGORY) values ('SUPERVISOR',0,'N','Seconds','INBOUND');
Insert into CC_D_UNIT_OF_WORK (UNIT_OF_WORK_NAME,PRODUCTION_PLAN_ID,HOURLY_FLAG,HANDLE_TIME_UNIT,UNIT_OF_WORK_CATEGORY) values ('CSHCS',0,'N','Seconds','INBOUND');
Insert into CC_D_UNIT_OF_WORK (UNIT_OF_WORK_NAME,PRODUCTION_PLAN_ID,HOURLY_FLAG,HANDLE_TIME_UNIT,UNIT_OF_WORK_CATEGORY) values ('ENROLLMENT',0,'N','Seconds','INBOUND');
Insert into CC_D_UNIT_OF_WORK (UNIT_OF_WORK_NAME,PRODUCTION_PLAN_ID,HOURLY_FLAG,HANDLE_TIME_UNIT,UNIT_OF_WORK_CATEGORY) values ('BEHAVIORAL',0,'N','Seconds','INBOUND');
Insert into CC_D_UNIT_OF_WORK (UNIT_OF_WORK_NAME,PRODUCTION_PLAN_ID,HOURLY_FLAG,HANDLE_TIME_UNIT,UNIT_OF_WORK_CATEGORY) values ('FOSTER CARE',0,'N','Seconds','INBOUND');

Insert into CC_D_UNIT_OF_WORK (UNIT_OF_WORK_NAME,PRODUCTION_PLAN_ID,HOURLY_FLAG,HANDLE_TIME_UNIT,UNIT_OF_WORK_CATEGORY) values ('Healthcare Helpline',0,'N','Seconds','INBOUND_CALL');
Insert into CC_D_UNIT_OF_WORK (UNIT_OF_WORK_NAME,PRODUCTION_PLAN_ID,HOURLY_FLAG,HANDLE_TIME_UNIT,UNIT_OF_WORK_CATEGORY) values ('Beneficiary Helpline',0,'N','Seconds','INBOUND_CALL');
Insert into CC_D_UNIT_OF_WORK (UNIT_OF_WORK_NAME,PRODUCTION_PLAN_ID,HOURLY_FLAG,HANDLE_TIME_UNIT,UNIT_OF_WORK_CATEGORY) values ('Enrolls',0,'N','Seconds','INBOUND_CALL');
Insert into CC_D_UNIT_OF_WORK (UNIT_OF_WORK_NAME,PRODUCTION_PLAN_ID,HOURLY_FLAG,HANDLE_TIME_UNIT,UNIT_OF_WORK_CATEGORY) values ('Other MIEB',0,'N','Seconds','INBOUND_CALL');

commit;

Insert into CC_C_FILTER (FILTER_TYPE,VALUE) values ('ACD_APPLICATION_ID_INC','10058');
Insert into CC_C_FILTER (FILTER_TYPE,VALUE) values ('ACD_APPLICATION_ID_INC','10059');
Insert into CC_C_FILTER (FILTER_TYPE,VALUE) values ('ACD_APPLICATION_ID_INC','10061');
Insert into CC_C_FILTER (FILTER_TYPE,VALUE) values ('ACD_APPLICATION_ID_INC','10062');
Insert into CC_C_FILTER (FILTER_TYPE,VALUE) values ('ACD_APPLICATION_ID_INC','10063');
Insert into CC_C_FILTER (FILTER_TYPE,VALUE) values ('ACD_APPLICATION_ID_INC','10080');
Insert into CC_C_FILTER (FILTER_TYPE,VALUE) values ('ACD_APPLICATION_ID_INC','10081');
Insert into CC_C_FILTER (FILTER_TYPE,VALUE) values ('ACD_APPLICATION_ID_INC','10082');
Insert into CC_C_FILTER (FILTER_TYPE,VALUE) values ('ACD_APPLICATION_ID_INC','10083');
Insert into CC_C_FILTER (FILTER_TYPE,VALUE) values ('ACD_APPLICATION_ID_INC','10084');
Insert into CC_C_FILTER (FILTER_TYPE,VALUE) values ('ACD_APPLICATION_ID_INC','10085');
Insert into CC_C_FILTER (FILTER_TYPE,VALUE) values ('ACD_APPLICATION_ID_INC','10091');
Insert into CC_C_FILTER (FILTER_TYPE,VALUE) values ('ACD_APPLICATION_ID_INC','10092');
Insert into CC_C_FILTER (FILTER_TYPE,VALUE) values ('ACD_APPLICATION_ID_INC','10093');
Insert into CC_C_FILTER (FILTER_TYPE,VALUE) values ('ACD_APPLICATION_ID_INC','10094');
Insert into CC_C_FILTER (FILTER_TYPE,VALUE) values ('ACD_APPLICATION_ID_INC','10095');
Insert into CC_C_FILTER (FILTER_TYPE,VALUE) values ('ACD_APPLICATION_ID_INC','10096');
Insert into CC_C_FILTER (FILTER_TYPE,VALUE) values ('ACD_APPLICATION_ID_INC','10097');
Insert into CC_C_FILTER (FILTER_TYPE,VALUE) values ('ACD_APPLICATION_ID_INC','10098');
Insert into CC_C_FILTER (FILTER_TYPE,VALUE) values ('ACD_APPLICATION_ID_INC','10099');

COMMIT;

