D_METRIC_DEFINITION_ID,D_DATA_TYPE_ID,NAME,LABEL,TYPE,CATEGORY,VALUE_TYPE,STATUS,HAS_TARGET,HAS_FORECAST,IS_CALCULATED,FUNCTIONAL_AREA,RECORD_EFF_DT,RECORD_END_DT,CREATE_DATE,CREATED_BY,LAST_MODIFIED_DATE,UPDATED_BY
1,2,Occupancy,Occupancy,Corporate Standard,Agent Efficiency,Decimal,OK,Y,Y,Y,Contact Center,01/01/1900 00:00:00,12/31/2199 00:00:00,09/01/2013 00:00:00,MOTS,09/01/2013 00:00:00,MOTS
2,2,Utilization,Utilization,Corporate Standard,Agent Efficiency,Decimal,OK,Y,Y,Y,Contact Center,01/01/1900 00:00:00,12/31/2199 00:00:00,09/01/2013 00:00:00,MOTS,09/01/2013 00:00:00,MOTS
3,2,AHT,AHT,Corporate Standard,Service Performance,Decimal,OK,Y,Y,Y,Contact Center,01/01/1900 00:00:00,12/31/2199 00:00:00,09/01/2013 00:00:00,MOTS,09/01/2013 00:00:00,MOTS
4,2,Labor Cost per Transaction,Labor Cost per Transaction,Corporate Standard,Agent Efficiency,Decimal,OK,Y,Y,Y,Contact Center,01/01/1900 00:00:00,12/31/2199 00:00:00,09/01/2013 00:00:00,MOTS,09/01/2013 00:00:00,MOTS
5,2,Calls Arriving,Calls Arriving,Corporate Standard,Contact Arrivals,Decimal,OK,Y,Y,Y,Contact Center,01/01/1900 00:00:00,12/31/2199 00:00:00,09/01/2013 00:00:00,MOTS,09/02/2013 00:00:00,MOTS
6,2,Calls Offered,Calls Offered,Corporate Standard,Contact Arrivals,Decimal,OK,Y,Y,Y,Contact Center,01/01/1900 00:00:00,12/31/2199 00:00:00,09/01/2013 00:00:00,MOTS,09/03/2013 00:00:00,MOTS
7,2,FTE Count,FTE Count,Corporate Standard,Agent Efficiency,Decimal,OK,Y,Y,Y,Contact Center,01/01/1900 00:00:00,12/31/2199 00:00:00,09/01/2013 00:00:00,MOTS,09/04/2013 00:00:00,MOTS
8,2,ASA,ASA,Corporate Standard,Service Performance,Decimal,OK,Y,Y,Y,Contact Center,01/01/1900 00:00:00,12/31/2199 00:00:00,09/01/2013 00:00:00,MOTS,09/05/2013 00:00:00,MOTS
9,2,AB Rate,AB RATE (%),Corporate Standard,Service Performance,Decimal,OK,Y,Y,Y,Contact Center,01/01/1900 00:00:00,12/31/2199 00:00:00,09/01/2013 00:00:00,MOTS,09/06/2013 00:00:00,MOTS
10,2,Calls Offered Per FTE,Calls Offered Per FTE,Corporate Standard,Agent Efficiency,Decimal,OK,Y,Y,Y,Contact Center,01/01/1900 00:00:00,12/31/2199 00:00:00,09/01/2013 00:00:00,MOTS,09/06/2013 00:00:00,MOTS
