<?xml version = '1.0' encoding = 'UTF-8'?>
<Table class="oracle.dbtools.crest.model.design.relational.Table" directorySegmentName="seg_0" id="0124F3FC-330F-2BCB-AF00-1182A91484C7" name="ReturnToWorkObstacle">
<sourceConnName>HWSInternal</sourceConnName>
<sourceObjSchema>Assessment</sourceObjSchema>
<sourceObjName>ReturnToWorkObstacle</sourceObjName>
<createdBy>david.moore</createdBy>
<createdTime>2015-01-12 09:17:58 UTC</createdTime>
<ownerDesignName>HWSInternal_12_01_2015</ownerDesignName>
<schemaObject>B90B0C67-4171-102C-BB60-3A0BF7A3B726</schemaObject>
<allowColumnReorder>false</allowColumnReorder>
<existDependencyGenerateInDDl>true</existDependencyGenerateInDDl>
<columns itemClass="oracle.dbtools.crest.model.design.relational.Column">
<Column name="Id" id="368E50E5-1CAE-815E-87C6-1C547C0BC4D2">
<sourceConnName>HWSInternal</sourceConnName>
<sourceObjSchema>ReturnToWorkObstacle</sourceObjSchema>
<sourceObjName>Id</sourceObjName>
<createdBy>david.moore</createdBy>
<createdTime>2015-01-12 09:17:58 UTC</createdTime>
<ownerDesignName>HWSInternal_12_01_2015</ownerDesignName>
<useDomainConstraints>false</useDomainConstraints>
<use>1</use>
<logicalDatatype>LOGDT011</logicalDatatype>
<dataTypePrecision>10</dataTypePrecision>
<dataTypeScale>0</dataTypeScale>
<dataTypeSize>4</dataTypeSize>
<autoIncrementCycle>false</autoIncrementCycle>
</Column>
<Column name="ObstacleId" id="5E865D7F-4137-C57C-F45F-72F7423D9AA7">
<sourceConnName>HWSInternal</sourceConnName>
<sourceObjSchema>ReturnToWorkObstacle</sourceObjSchema>
<sourceObjName>ObstacleId</sourceObjName>
<createdBy>david.moore</createdBy>
<createdTime>2015-01-12 09:17:58 UTC</createdTime>
<ownerDesignName>HWSInternal_12_01_2015</ownerDesignName>
<nullsAllowed>true</nullsAllowed>
<useDomainConstraints>false</useDomainConstraints>
<use>1</use>
<logicalDatatype>LOGDT011</logicalDatatype>
<dataTypePrecision>10</dataTypePrecision>
<dataTypeScale>0</dataTypeScale>
<dataTypeSize>4</dataTypeSize>
<delegate>E7DB943B-3952-5AA5-0734-8E49D2C6C22E</delegate>
<autoIncrementCycle>false</autoIncrementCycle>
<associations>
<colAssociation fkAssociation="C7895096-0ED9-1B0C-2819-784869B4C252" referredColumn="E7DB943B-3952-5AA5-0734-8E49D2C6C22E"/>
</associations>
</Column>
<Column name="ReturnToWorkPlanId" id="B60AEBD3-CF28-6AAC-E9D3-4D4885B27475">
<sourceConnName>HWSInternal</sourceConnName>
<sourceObjSchema>ReturnToWorkObstacle</sourceObjSchema>
<sourceObjName>ReturnToWorkPlanId</sourceObjName>
<createdBy>david.moore</createdBy>
<createdTime>2015-01-12 09:17:58 UTC</createdTime>
<ownerDesignName>HWSInternal_12_01_2015</ownerDesignName>
<useDomainConstraints>false</useDomainConstraints>
<use>1</use>
<logicalDatatype>LOGDT011</logicalDatatype>
<dataTypePrecision>10</dataTypePrecision>
<dataTypeScale>0</dataTypeScale>
<dataTypeSize>4</dataTypeSize>
<delegate>C3B6AD54-87FD-B7EC-9B49-F21CB8454B9D</delegate>
<autoIncrementCycle>false</autoIncrementCycle>
<associations>
<colAssociation fkAssociation="D08FF5A9-9D72-056F-8DEB-285C3EB23CBE" referredColumn="C3B6AD54-87FD-B7EC-9B49-F21CB8454B9D"/>
</associations>
</Column>
<Column name="RecommendationText" id="ED8A7057-5C09-F78F-E050-8221B0BA8D55">
<sourceConnName>HWSInternal</sourceConnName>
<sourceObjSchema>ReturnToWorkObstacle</sourceObjSchema>
<sourceObjName>RecommendationText</sourceObjName>
<createdBy>david.moore</createdBy>
<createdTime>2015-01-12 09:17:58 UTC</createdTime>
<ownerDesignName>HWSInternal_12_01_2015</ownerDesignName>
<nullsAllowed>true</nullsAllowed>
<useDomainConstraints>false</useDomainConstraints>
<use>1</use>
<logicalDatatype>LOGDT037</logicalDatatype>
<dataTypePrecision>1000</dataTypePrecision>
<dataTypeScale>0</dataTypeScale>
<dataTypeSize>1000</dataTypeSize>
<autoIncrementCycle>false</autoIncrementCycle>
</Column>
<Column name="SignpostText" id="0C485DAF-04AE-646F-8030-E33324E27A8A">
<sourceConnName>HWSInternal</sourceConnName>
<sourceObjSchema>ReturnToWorkObstacle</sourceObjSchema>
<sourceObjName>SignpostText</sourceObjName>
<createdBy>david.moore</createdBy>
<createdTime>2015-01-12 09:17:58 UTC</createdTime>
<ownerDesignName>HWSInternal_12_01_2015</ownerDesignName>
<nullsAllowed>true</nullsAllowed>
<useDomainConstraints>false</useDomainConstraints>
<use>1</use>
<logicalDatatype>LOGDT037</logicalDatatype>
<dataTypePrecision>1000</dataTypePrecision>
<dataTypeScale>0</dataTypeScale>
<dataTypeSize>1000</dataTypeSize>
<autoIncrementCycle>false</autoIncrementCycle>
</Column>
<Column name="WorkplaceText" id="3B295CEC-C968-0982-AFC4-E1FE6AF2BA60">
<sourceConnName>HWSInternal</sourceConnName>
<sourceObjSchema>ReturnToWorkObstacle</sourceObjSchema>
<sourceObjName>WorkplaceText</sourceObjName>
<createdBy>david.moore</createdBy>
<createdTime>2015-01-12 09:17:58 UTC</createdTime>
<ownerDesignName>HWSInternal_12_01_2015</ownerDesignName>
<nullsAllowed>true</nullsAllowed>
<useDomainConstraints>false</useDomainConstraints>
<use>1</use>
<logicalDatatype>LOGDT037</logicalDatatype>
<dataTypePrecision>1000</dataTypePrecision>
<dataTypeScale>0</dataTypeScale>
<dataTypeSize>1000</dataTypeSize>
<autoIncrementCycle>false</autoIncrementCycle>
</Column>
<Column name="EmployerConsent" id="0E20CF51-841C-B3FF-0B5A-A8CA9BD9DD36">
<sourceConnName>HWSInternal</sourceConnName>
<sourceObjSchema>ReturnToWorkObstacle</sourceObjSchema>
<sourceObjName>EmployerConsent</sourceObjName>
<createdBy>david.moore</createdBy>
<createdTime>2015-01-12 09:17:58 UTC</createdTime>
<ownerDesignName>HWSInternal_12_01_2015</ownerDesignName>
<nullsAllowed>true</nullsAllowed>
<useDomainConstraints>false</useDomainConstraints>
<use>1</use>
<logicalDatatype>LOGDT034</logicalDatatype>
<dataTypePrecision>1</dataTypePrecision>
<dataTypeScale>0</dataTypeScale>
<dataTypeSize>1</dataTypeSize>
<autoIncrementCycle>false</autoIncrementCycle>
</Column>
<Column name="GPConsent" id="9E76078F-8C3D-8011-3F34-030D3B06ACE2">
<sourceConnName>HWSInternal</sourceConnName>
<sourceObjSchema>ReturnToWorkObstacle</sourceObjSchema>
<sourceObjName>GPConsent</sourceObjName>
<createdBy>david.moore</createdBy>
<createdTime>2015-01-12 09:17:58 UTC</createdTime>
<ownerDesignName>HWSInternal_12_01_2015</ownerDesignName>
<nullsAllowed>true</nullsAllowed>
<useDomainConstraints>false</useDomainConstraints>
<use>1</use>
<logicalDatatype>LOGDT034</logicalDatatype>
<dataTypePrecision>1</dataTypePrecision>
<dataTypeScale>0</dataTypeScale>
<dataTypeSize>1</dataTypeSize>
<autoIncrementCycle>false</autoIncrementCycle>
</Column>
<Column name="ThirdPartyConsent" id="4F888D18-ED64-6B44-C4BE-9051CCB85F9A">
<sourceConnName>HWSInternal</sourceConnName>
<sourceObjSchema>ReturnToWorkObstacle</sourceObjSchema>
<sourceObjName>ThirdPartyConsent</sourceObjName>
<createdBy>david.moore</createdBy>
<createdTime>2015-01-12 09:17:58 UTC</createdTime>
<ownerDesignName>HWSInternal_12_01_2015</ownerDesignName>
<nullsAllowed>true</nullsAllowed>
<useDomainConstraints>false</useDomainConstraints>
<use>1</use>
<logicalDatatype>LOGDT034</logicalDatatype>
<dataTypePrecision>1</dataTypePrecision>
<dataTypeScale>0</dataTypeScale>
<dataTypeSize>1</dataTypeSize>
<autoIncrementCycle>false</autoIncrementCycle>
</Column>
<Column name="RecommendationTargetDate" id="C517B153-0960-5153-C35F-4A1CED4522EF">
<sourceConnName>HWSInternal</sourceConnName>
<sourceObjSchema>ReturnToWorkObstacle</sourceObjSchema>
<sourceObjName>RecommendationTargetDate</sourceObjName>
<createdBy>david.moore</createdBy>
<createdTime>2015-01-12 09:17:58 UTC</createdTime>
<ownerDesignName>HWSInternal_12_01_2015</ownerDesignName>
<nullsAllowed>true</nullsAllowed>
<useDomainConstraints>false</useDomainConstraints>
<use>1</use>
<logicalDatatype>LOGDT008</logicalDatatype>
<dataTypePrecision>23</dataTypePrecision>
<dataTypeScale>3</dataTypeScale>
<dataTypeSize>8</dataTypeSize>
<autoIncrementCycle>false</autoIncrementCycle>
</Column>
<Column name="SignpostTargetDate" id="17EE2B0F-1567-5D92-4805-06C4031783E7">
<sourceConnName>HWSInternal</sourceConnName>
<sourceObjSchema>ReturnToWorkObstacle</sourceObjSchema>
<sourceObjName>SignpostTargetDate</sourceObjName>
<createdBy>david.moore</createdBy>
<createdTime>2015-01-12 09:17:58 UTC</createdTime>
<ownerDesignName>HWSInternal_12_01_2015</ownerDesignName>
<nullsAllowed>true</nullsAllowed>
<useDomainConstraints>false</useDomainConstraints>
<use>1</use>
<logicalDatatype>LOGDT008</logicalDatatype>
<dataTypePrecision>23</dataTypePrecision>
<dataTypeScale>3</dataTypeScale>
<dataTypeSize>8</dataTypeSize>
<autoIncrementCycle>false</autoIncrementCycle>
</Column>
<Column name="WorkplaceTargetDate" id="F8C32945-FDD2-596C-5892-24623BDFE2B9">
<sourceConnName>HWSInternal</sourceConnName>
<sourceObjSchema>ReturnToWorkObstacle</sourceObjSchema>
<sourceObjName>WorkplaceTargetDate</sourceObjName>
<createdBy>david.moore</createdBy>
<createdTime>2015-01-12 09:17:58 UTC</createdTime>
<ownerDesignName>HWSInternal_12_01_2015</ownerDesignName>
<nullsAllowed>true</nullsAllowed>
<useDomainConstraints>false</useDomainConstraints>
<use>1</use>
<logicalDatatype>LOGDT008</logicalDatatype>
<dataTypePrecision>23</dataTypePrecision>
<dataTypeScale>3</dataTypeScale>
<dataTypeSize>8</dataTypeSize>
<autoIncrementCycle>false</autoIncrementCycle>
</Column>
<Column name="ExcludeSignpost" id="58B90D84-89F9-7B4F-1778-8371103ABDA1">
<sourceConnName>HWSInternal</sourceConnName>
<sourceObjSchema>ReturnToWorkObstacle</sourceObjSchema>
<sourceObjName>ExcludeSignpost</sourceObjName>
<createdBy>david.moore</createdBy>
<createdTime>2015-01-12 09:17:58 UTC</createdTime>
<ownerDesignName>HWSInternal_12_01_2015</ownerDesignName>
<nullsAllowed>true</nullsAllowed>
<useDomainConstraints>false</useDomainConstraints>
<use>1</use>
<logicalDatatype>LOGDT034</logicalDatatype>
<dataTypePrecision>1</dataTypePrecision>
<dataTypeScale>0</dataTypeScale>
<dataTypeSize>1</dataTypeSize>
<autoIncrementCycle>false</autoIncrementCycle>
</Column>
<Column name="ExcludeWorkplace" id="B6D439F6-F90A-00E9-5E45-7823F8D772B0">
<sourceConnName>HWSInternal</sourceConnName>
<sourceObjSchema>ReturnToWorkObstacle</sourceObjSchema>
<sourceObjName>ExcludeWorkplace</sourceObjName>
<createdBy>david.moore</createdBy>
<createdTime>2015-01-12 09:17:58 UTC</createdTime>
<ownerDesignName>HWSInternal_12_01_2015</ownerDesignName>
<nullsAllowed>true</nullsAllowed>
<useDomainConstraints>false</useDomainConstraints>
<use>1</use>
<logicalDatatype>LOGDT034</logicalDatatype>
<dataTypePrecision>1</dataTypePrecision>
<dataTypeScale>0</dataTypeScale>
<dataTypeSize>1</dataTypeSize>
<autoIncrementCycle>false</autoIncrementCycle>
</Column>
</columns>
<indexes itemClass="oracle.dbtools.crest.model.design.relational.Index">
<ind_PK_UK id="AB281695-6C38-7B80-5D96-FD0B632814FC" name="PK_ReturnToWorkObstacle">
<sourceConnName>HWSInternal</sourceConnName>
<sourceObjSchema>Assessment</sourceObjSchema>
<sourceObjName>PK_ReturnToWorkObstacle</sourceObjName>
<createdBy>david.moore</createdBy>
<createdTime>2015-01-12 09:17:58 UTC</createdTime>
<ownerDesignName>HWSInternal_12_01_2015</ownerDesignName>
<pk>true</pk>
<indexState>Primary Constraint</indexState>
<isSurrogateKey>false</isSurrogateKey>
<indexColumnUsage>
<colUsage columnID="368E50E5-1CAE-815E-87C6-1C547C0BC4D2"/>
</indexColumnUsage>
</ind_PK_UK>
<ind_PK_UK id="73AAFA89-D79F-CF4E-CDD6-A1FB43A9301E" name="FK_ReturnToWorkObstacle_Obstacle">
<createdBy>david.moore</createdBy>
<createdTime>2015-01-12 09:18:00 UTC</createdTime>
<ownerDesignName>HWSInternal_12_01_2015</ownerDesignName>
<indexState>Foreign Key</indexState>
<isSurrogateKey>false</isSurrogateKey>
<indexColumnUsage>
<colUsage columnID="5E865D7F-4137-C57C-F45F-72F7423D9AA7"/>
</indexColumnUsage>
</ind_PK_UK>
<ind_PK_UK id="E531A567-606F-C35D-88B2-832EADF8F1A1" name="FK_ReturnToWorkObstacle_ReturnToWorkPlan">
<createdBy>david.moore</createdBy>
<createdTime>2015-01-12 09:18:00 UTC</createdTime>
<ownerDesignName>HWSInternal_12_01_2015</ownerDesignName>
<indexState>Foreign Key</indexState>
<isSurrogateKey>false</isSurrogateKey>
<indexColumnUsage>
<colUsage columnID="B60AEBD3-CF28-6AAC-E9D3-4D4885B27475"/>
</indexColumnUsage>
</ind_PK_UK>
</indexes>
</Table>