<?xml version = '1.0' encoding = 'UTF-8'?>
<Table class="oracle.dbtools.crest.model.design.relational.Table" directorySegmentName="seg_0" id="039EBE50-9D5B-980B-FE68-691BBE22A75E" name="EmployerService">
<sourceConnName>HWSInternal</sourceConnName>
<sourceObjSchema>Referral</sourceObjSchema>
<sourceObjName>EmployerService</sourceObjName>
<createdBy>david.moore</createdBy>
<createdTime>2015-01-12 09:18:00 UTC</createdTime>
<ownerDesignName>HWSInternal_12_01_2015</ownerDesignName>
<schemaObject>D55EDE21-84CF-1CCE-D96A-1EC34081206C</schemaObject>
<allowColumnReorder>false</allowColumnReorder>
<existDependencyGenerateInDDl>true</existDependencyGenerateInDDl>
<columns itemClass="oracle.dbtools.crest.model.design.relational.Column">
<Column name="EmployerId" id="5DEDBB95-5B5E-A4B8-9010-EA2D3E938E08">
<sourceConnName>HWSInternal</sourceConnName>
<sourceObjSchema>EmployerService</sourceObjSchema>
<sourceObjName>EmployerId</sourceObjName>
<createdBy>david.moore</createdBy>
<createdTime>2015-01-12 09:18:00 UTC</createdTime>
<ownerDesignName>HWSInternal_12_01_2015</ownerDesignName>
<useDomainConstraints>false</useDomainConstraints>
<use>1</use>
<logicalDatatype>LOGDT011</logicalDatatype>
<dataTypePrecision>10</dataTypePrecision>
<dataTypeScale>0</dataTypeScale>
<dataTypeSize>4</dataTypeSize>
<delegate>3B6E8561-EC3E-1B40-62DE-C12A2BC9B056</delegate>
<autoIncrementCycle>false</autoIncrementCycle>
<associations>
<colAssociation fkAssociation="16EF75FF-E56D-1D45-B0FC-DA6B27A95F4C" referredColumn="3B6E8561-EC3E-1B40-62DE-C12A2BC9B056"/>
</associations>
</Column>
<Column name="ServiceId" id="70475392-C993-AAA1-7171-8D0AF66720F1">
<sourceConnName>HWSInternal</sourceConnName>
<sourceObjSchema>EmployerService</sourceObjSchema>
<sourceObjName>ServiceId</sourceObjName>
<createdBy>david.moore</createdBy>
<createdTime>2015-01-12 09:18:00 UTC</createdTime>
<ownerDesignName>HWSInternal_12_01_2015</ownerDesignName>
<useDomainConstraints>false</useDomainConstraints>
<use>1</use>
<logicalDatatype>LOGDT011</logicalDatatype>
<dataTypePrecision>10</dataTypePrecision>
<dataTypeScale>0</dataTypeScale>
<dataTypeSize>4</dataTypeSize>
<delegate>449614BE-5EA3-C78D-5635-38F0A20D84C3</delegate>
<autoIncrementCycle>false</autoIncrementCycle>
<associations>
<colAssociation fkAssociation="43D8DA98-F031-F2EB-37A9-B2935605CD45" referredColumn="449614BE-5EA3-C78D-5635-38F0A20D84C3"/>
</associations>
</Column>
</columns>
<indexes itemClass="oracle.dbtools.crest.model.design.relational.Index">
<ind_PK_UK id="DCBC73D9-8F45-AB56-1116-0FE2ED2AD6B2" name="PK_EmployerService">
<sourceConnName>HWSInternal</sourceConnName>
<sourceObjSchema>Referral</sourceObjSchema>
<sourceObjName>PK_EmployerService</sourceObjName>
<createdBy>david.moore</createdBy>
<createdTime>2015-01-12 09:18:00 UTC</createdTime>
<ownerDesignName>HWSInternal_12_01_2015</ownerDesignName>
<pk>true</pk>
<indexState>Primary Constraint</indexState>
<isSurrogateKey>false</isSurrogateKey>
<indexColumnUsage>
<colUsage columnID="5DEDBB95-5B5E-A4B8-9010-EA2D3E938E08"/>
<colUsage columnID="70475392-C993-AAA1-7171-8D0AF66720F1"/>
</indexColumnUsage>
</ind_PK_UK>
<ind_PK_UK id="CD67E8E1-2F86-6637-92E7-E23BEA65FC55" name="FK_EmployerService_ServiceLookupItem">
<createdBy>david.moore</createdBy>
<createdTime>2015-01-12 09:18:00 UTC</createdTime>
<ownerDesignName>HWSInternal_12_01_2015</ownerDesignName>
<indexState>Foreign Key</indexState>
<isSurrogateKey>false</isSurrogateKey>
<indexColumnUsage>
<colUsage columnID="70475392-C993-AAA1-7171-8D0AF66720F1"/>
</indexColumnUsage>
</ind_PK_UK>
<ind_PK_UK id="2D059327-BBE1-9EBC-86BE-D0105BDE4838" name="FK_EmployerService_Employer">
<createdBy>david.moore</createdBy>
<createdTime>2015-01-12 09:18:00 UTC</createdTime>
<ownerDesignName>HWSInternal_12_01_2015</ownerDesignName>
<indexState>Foreign Key</indexState>
<isSurrogateKey>false</isSurrogateKey>
<indexColumnUsage>
<colUsage columnID="5DEDBB95-5B5E-A4B8-9010-EA2D3E938E08"/>
</indexColumnUsage>
</ind_PK_UK>
</indexes>
</Table>