<?xml version = '1.0' encoding = 'UTF-8'?>
<Table class="oracle.dbtools.crest.model.design.relational.Table" directorySegmentName="seg_0" id="09268D0E-CF51-623C-6A7B-338D7D7FE10A" name="Clinic_Specialisation">
<sourceConnName>HWSInternal</sourceConnName>
<sourceObjSchema>Clinic</sourceObjSchema>
<sourceObjName>Clinic_Specialisation</sourceObjName>
<createdBy>david.moore</createdBy>
<createdTime>2015-01-12 09:17:59 UTC</createdTime>
<ownerDesignName>HWSInternal_12_01_2015</ownerDesignName>
<schemaObject>62C429DA-35AC-33BC-9837-582553CFA2DE</schemaObject>
<allowColumnReorder>false</allowColumnReorder>
<existDependencyGenerateInDDl>true</existDependencyGenerateInDDl>
<columns itemClass="oracle.dbtools.crest.model.design.relational.Column">
<Column name="Clinic_SpecialisationId" id="EA7197B3-1A66-1216-FA89-E99B449F3E46">
<sourceConnName>HWSInternal</sourceConnName>
<sourceObjSchema>Clinic_Specialisation</sourceObjSchema>
<sourceObjName>Clinic_SpecialisationId</sourceObjName>
<createdBy>david.moore</createdBy>
<createdTime>2015-01-12 09:17:59 UTC</createdTime>
<ownerDesignName>HWSInternal_12_01_2015</ownerDesignName>
<useDomainConstraints>false</useDomainConstraints>
<use>1</use>
<logicalDatatype>LOGDT011</logicalDatatype>
<dataTypePrecision>10</dataTypePrecision>
<dataTypeScale>0</dataTypeScale>
<dataTypeSize>4</dataTypeSize>
<autoIncrementCycle>false</autoIncrementCycle>
</Column>
<Column name="ClinicId" id="B29E0ED3-D35F-7AF0-3935-61C3E115E787">
<sourceConnName>HWSInternal</sourceConnName>
<sourceObjSchema>Clinic_Specialisation</sourceObjSchema>
<sourceObjName>ClinicId</sourceObjName>
<createdBy>david.moore</createdBy>
<createdTime>2015-01-12 09:17:59 UTC</createdTime>
<ownerDesignName>HWSInternal_12_01_2015</ownerDesignName>
<nullsAllowed>true</nullsAllowed>
<useDomainConstraints>false</useDomainConstraints>
<use>1</use>
<logicalDatatype>LOGDT011</logicalDatatype>
<dataTypePrecision>10</dataTypePrecision>
<dataTypeScale>0</dataTypeScale>
<dataTypeSize>4</dataTypeSize>
<delegate>00483A76-036E-6ED5-1DE1-7E785E5240BA</delegate>
<autoIncrementCycle>false</autoIncrementCycle>
<associations>
<colAssociation fkAssociation="9CEEFC1A-9716-5DFE-F3B1-58802C000C7E" referredColumn="00483A76-036E-6ED5-1DE1-7E785E5240BA"/>
</associations>
</Column>
<Column name="SpecialisationId" id="64E6B95E-78B1-CE90-A614-A4B2E9F0D896">
<sourceConnName>HWSInternal</sourceConnName>
<sourceObjSchema>Clinic_Specialisation</sourceObjSchema>
<sourceObjName>SpecialisationId</sourceObjName>
<createdBy>david.moore</createdBy>
<createdTime>2015-01-12 09:17:59 UTC</createdTime>
<ownerDesignName>HWSInternal_12_01_2015</ownerDesignName>
<nullsAllowed>true</nullsAllowed>
<useDomainConstraints>false</useDomainConstraints>
<use>1</use>
<logicalDatatype>LOGDT011</logicalDatatype>
<dataTypePrecision>10</dataTypePrecision>
<dataTypeScale>0</dataTypeScale>
<dataTypeSize>4</dataTypeSize>
<delegate>104FE537-38F9-698D-B6FE-C38FA415640A</delegate>
<autoIncrementCycle>false</autoIncrementCycle>
<associations>
<colAssociation fkAssociation="E2BF5184-545D-2293-1AD8-235F3F900544" referredColumn="104FE537-38F9-698D-B6FE-C38FA415640A"/>
</associations>
</Column>
</columns>
<indexes itemClass="oracle.dbtools.crest.model.design.relational.Index">
<ind_PK_UK id="D5FC26E4-20E0-F689-3803-2DFA13D73873" name="PK__Clinic_S__0CAEF45B5C8CB268">
<sourceConnName>HWSInternal</sourceConnName>
<sourceObjSchema>Clinic</sourceObjSchema>
<sourceObjName>PK__Clinic_S__0CAEF45B5C8CB268</sourceObjName>
<createdBy>david.moore</createdBy>
<createdTime>2015-01-12 09:17:59 UTC</createdTime>
<ownerDesignName>HWSInternal_12_01_2015</ownerDesignName>
<pk>true</pk>
<indexState>Primary Constraint</indexState>
<isSurrogateKey>false</isSurrogateKey>
<indexColumnUsage>
<colUsage columnID="EA7197B3-1A66-1216-FA89-E99B449F3E46"/>
</indexColumnUsage>
</ind_PK_UK>
<ind_PK_UK id="642DC3B8-E870-31D9-7609-D47C04B6426C" name="FK__Clinic_Sp__Clini__5E74FADA">
<createdBy>david.moore</createdBy>
<createdTime>2015-01-12 09:18:00 UTC</createdTime>
<ownerDesignName>HWSInternal_12_01_2015</ownerDesignName>
<indexState>Foreign Key</indexState>
<isSurrogateKey>false</isSurrogateKey>
<indexColumnUsage>
<colUsage columnID="B29E0ED3-D35F-7AF0-3935-61C3E115E787"/>
</indexColumnUsage>
</ind_PK_UK>
<ind_PK_UK id="6CEE2E37-8DDF-5DB9-5C3A-FB6D3E83F880" name="FK__Clinic_Sp__Speci__5F691F13">
<createdBy>david.moore</createdBy>
<createdTime>2015-01-12 09:18:00 UTC</createdTime>
<ownerDesignName>HWSInternal_12_01_2015</ownerDesignName>
<indexState>Foreign Key</indexState>
<isSurrogateKey>false</isSurrogateKey>
<indexColumnUsage>
<colUsage columnID="64E6B95E-78B1-CE90-A614-A4B2E9F0D896"/>
</indexColumnUsage>
</ind_PK_UK>
</indexes>
</Table>