<?xml version = '1.0' encoding = 'UTF-8'?>
<Table class="oracle.dbtools.crest.model.design.relational.Table" directorySegmentName="seg_0" id="0EC9FC4D-1672-4CCD-F61D-DE89A102CE61" name="Complaint">
<sourceConnName>HWSInternal</sourceConnName>
<sourceObjSchema>Complaint</sourceObjSchema>
<sourceObjName>Complaint</sourceObjName>
<createdBy>david.moore</createdBy>
<createdTime>2015-01-12 09:17:59 UTC</createdTime>
<ownerDesignName>HWSInternal_12_01_2015</ownerDesignName>
<schemaObject>4993326C-B30F-C6B0-E968-1DB9CB2436BE</schemaObject>
<allowColumnReorder>false</allowColumnReorder>
<existDependencyGenerateInDDl>true</existDependencyGenerateInDDl>
<columns itemClass="oracle.dbtools.crest.model.design.relational.Column">
<Column name="Id" id="FD1F32E8-D0B7-5B6A-4E52-A7CD2F2AC67A">
<sourceConnName>HWSInternal</sourceConnName>
<sourceObjSchema>Complaint</sourceObjSchema>
<sourceObjName>Id</sourceObjName>
<createdBy>david.moore</createdBy>
<createdTime>2015-01-12 09:17:59 UTC</createdTime>
<ownerDesignName>HWSInternal_12_01_2015</ownerDesignName>
<useDomainConstraints>false</useDomainConstraints>
<use>1</use>
<logicalDatatype>LOGDT011</logicalDatatype>
<dataTypePrecision>10</dataTypePrecision>
<dataTypeScale>0</dataTypeScale>
<dataTypeSize>4</dataTypeSize>
<autoIncrementCycle>false</autoIncrementCycle>
</Column>
<Column name="Reference" id="3903D254-5477-BC2F-1AD1-41531932EAE7">
<sourceConnName>HWSInternal</sourceConnName>
<sourceObjSchema>Complaint</sourceObjSchema>
<sourceObjName>Reference</sourceObjName>
<createdBy>david.moore</createdBy>
<createdTime>2015-01-12 09:17:59 UTC</createdTime>
<ownerDesignName>HWSInternal_12_01_2015</ownerDesignName>
<useDomainConstraints>false</useDomainConstraints>
<use>1</use>
<logicalDatatype>LOGDT024</logicalDatatype>
<dataTypePrecision>20</dataTypePrecision>
<dataTypeScale>0</dataTypeScale>
<dataTypeSize>20</dataTypeSize>
<autoIncrementCycle>false</autoIncrementCycle>
</Column>
<Column name="Title" id="94B4284A-70B2-39A7-6A24-0B52E1FCA64B">
<sourceConnName>HWSInternal</sourceConnName>
<sourceObjSchema>Complaint</sourceObjSchema>
<sourceObjName>Title</sourceObjName>
<createdBy>david.moore</createdBy>
<createdTime>2015-01-12 09:17:59 UTC</createdTime>
<ownerDesignName>HWSInternal_12_01_2015</ownerDesignName>
<useDomainConstraints>false</useDomainConstraints>
<use>1</use>
<logicalDatatype>LOGDT024</logicalDatatype>
<dataTypePrecision>20</dataTypePrecision>
<dataTypeScale>0</dataTypeScale>
<dataTypeSize>20</dataTypeSize>
<autoIncrementCycle>false</autoIncrementCycle>
</Column>
<Column name="FirstName" id="FCD0E0E4-6AB5-6113-D4F6-8D2300F88746">
<sourceConnName>HWSInternal</sourceConnName>
<sourceObjSchema>Complaint</sourceObjSchema>
<sourceObjName>FirstName</sourceObjName>
<createdBy>david.moore</createdBy>
<createdTime>2015-01-12 09:17:59 UTC</createdTime>
<ownerDesignName>HWSInternal_12_01_2015</ownerDesignName>
<useDomainConstraints>false</useDomainConstraints>
<use>1</use>
<logicalDatatype>LOGDT024</logicalDatatype>
<dataTypePrecision>35</dataTypePrecision>
<dataTypeScale>0</dataTypeScale>
<dataTypeSize>35</dataTypeSize>
<autoIncrementCycle>false</autoIncrementCycle>
</Column>
<Column name="LastName" id="9AAACE19-196C-1736-E684-ABC762E541A0">
<sourceConnName>HWSInternal</sourceConnName>
<sourceObjSchema>Complaint</sourceObjSchema>
<sourceObjName>LastName</sourceObjName>
<createdBy>david.moore</createdBy>
<createdTime>2015-01-12 09:17:59 UTC</createdTime>
<ownerDesignName>HWSInternal_12_01_2015</ownerDesignName>
<useDomainConstraints>false</useDomainConstraints>
<use>1</use>
<logicalDatatype>LOGDT024</logicalDatatype>
<dataTypePrecision>35</dataTypePrecision>
<dataTypeScale>0</dataTypeScale>
<dataTypeSize>35</dataTypeSize>
<autoIncrementCycle>false</autoIncrementCycle>
</Column>
<Column name="Role" id="1E6B2E74-02AF-D9EF-5DBC-4F1CC4FD0B9D">
<sourceConnName>HWSInternal</sourceConnName>
<sourceObjSchema>Complaint</sourceObjSchema>
<sourceObjName>Role</sourceObjName>
<createdBy>david.moore</createdBy>
<createdTime>2015-01-12 09:17:59 UTC</createdTime>
<ownerDesignName>HWSInternal_12_01_2015</ownerDesignName>
<nullsAllowed>true</nullsAllowed>
<useDomainConstraints>false</useDomainConstraints>
<use>1</use>
<logicalDatatype>LOGDT024</logicalDatatype>
<dataTypePrecision>20</dataTypePrecision>
<dataTypeScale>0</dataTypeScale>
<dataTypeSize>20</dataTypeSize>
<autoIncrementCycle>false</autoIncrementCycle>
</Column>
<Column name="TelephoneNumber" id="ED5EECBE-3168-B013-E5B9-A3A8FE679295">
<sourceConnName>HWSInternal</sourceConnName>
<sourceObjSchema>Complaint</sourceObjSchema>
<sourceObjName>TelephoneNumber</sourceObjName>
<createdBy>david.moore</createdBy>
<createdTime>2015-01-12 09:17:59 UTC</createdTime>
<ownerDesignName>HWSInternal_12_01_2015</ownerDesignName>
<nullsAllowed>true</nullsAllowed>
<useDomainConstraints>false</useDomainConstraints>
<use>1</use>
<logicalDatatype>LOGDT024</logicalDatatype>
<dataTypePrecision>20</dataTypePrecision>
<dataTypeScale>0</dataTypeScale>
<dataTypeSize>20</dataTypeSize>
<autoIncrementCycle>false</autoIncrementCycle>
</Column>
<Column name="EmailAddress" id="F1E47FA6-C07A-B3E6-19FD-93B16DFBE481">
<sourceConnName>HWSInternal</sourceConnName>
<sourceObjSchema>Complaint</sourceObjSchema>
<sourceObjName>EmailAddress</sourceObjName>
<createdBy>david.moore</createdBy>
<createdTime>2015-01-12 09:17:59 UTC</createdTime>
<ownerDesignName>HWSInternal_12_01_2015</ownerDesignName>
<nullsAllowed>true</nullsAllowed>
<useDomainConstraints>false</useDomainConstraints>
<use>1</use>
<logicalDatatype>LOGDT024</logicalDatatype>
<dataTypePrecision>50</dataTypePrecision>
<dataTypeScale>0</dataTypeScale>
<dataTypeSize>50</dataTypeSize>
<autoIncrementCycle>false</autoIncrementCycle>
</Column>
<Column name="AddressData" id="A27816BF-EC1C-1EA4-0B73-B4B05BC4CEE2">
<sourceConnName>HWSInternal</sourceConnName>
<sourceObjSchema>Complaint</sourceObjSchema>
<sourceObjName>AddressData</sourceObjName>
<createdBy>david.moore</createdBy>
<createdTime>2015-01-12 09:17:59 UTC</createdTime>
<ownerDesignName>HWSInternal_12_01_2015</ownerDesignName>
<nullsAllowed>true</nullsAllowed>
<useDomainConstraints>false</useDomainConstraints>
<use>1</use>
<logicalDatatype>LOGDT024</logicalDatatype>
<dataTypePrecision>200</dataTypePrecision>
<dataTypeScale>0</dataTypeScale>
<dataTypeSize>200</dataTypeSize>
<autoIncrementCycle>false</autoIncrementCycle>
</Column>
<Column name="Postcode" id="B44D931F-BF27-ED9F-DA43-F76D36655FEF">
<sourceConnName>HWSInternal</sourceConnName>
<sourceObjSchema>Complaint</sourceObjSchema>
<sourceObjName>Postcode</sourceObjName>
<createdBy>david.moore</createdBy>
<createdTime>2015-01-12 09:17:59 UTC</createdTime>
<ownerDesignName>HWSInternal_12_01_2015</ownerDesignName>
<nullsAllowed>true</nullsAllowed>
<useDomainConstraints>false</useDomainConstraints>
<use>1</use>
<logicalDatatype>LOGDT024</logicalDatatype>
<dataTypePrecision>10</dataTypePrecision>
<dataTypeScale>0</dataTypeScale>
<dataTypeSize>10</dataTypeSize>
<autoIncrementCycle>false</autoIncrementCycle>
</Column>
<Column name="GeoData" id="525E22D2-6907-9218-D32D-A4ECA2BB90C5">
<sourceConnName>HWSInternal</sourceConnName>
<sourceObjSchema>Complaint</sourceObjSchema>
<sourceObjName>GeoData</sourceObjName>
<createdBy>david.moore</createdBy>
<createdTime>2015-01-12 09:17:59 UTC</createdTime>
<ownerDesignName>HWSInternal_12_01_2015</ownerDesignName>
<nullsAllowed>true</nullsAllowed>
<useDomainConstraints>false</useDomainConstraints>
<use>1</use>
<dataTypePrecision>-1</dataTypePrecision>
<dataTypeScale>0</dataTypeScale>
<dataTypeSize>-1</dataTypeSize>
<autoIncrementCycle>false</autoIncrementCycle>
</Column>
<Column name="Category" id="10704D09-49E2-B96B-EAEC-4622A476E45C">
<sourceConnName>HWSInternal</sourceConnName>
<sourceObjSchema>Complaint</sourceObjSchema>
<sourceObjName>Category</sourceObjName>
<createdBy>david.moore</createdBy>
<createdTime>2015-01-12 09:17:59 UTC</createdTime>
<ownerDesignName>HWSInternal_12_01_2015</ownerDesignName>
<nullsAllowed>true</nullsAllowed>
<useDomainConstraints>false</useDomainConstraints>
<use>1</use>
<logicalDatatype>LOGDT024</logicalDatatype>
<dataTypePrecision>20</dataTypePrecision>
<dataTypeScale>0</dataTypeScale>
<dataTypeSize>20</dataTypeSize>
<autoIncrementCycle>false</autoIncrementCycle>
</Column>
<Column name="Origin" id="D81D3C23-72A5-1256-BC01-60E1DFB5EC2C">
<sourceConnName>HWSInternal</sourceConnName>
<sourceObjSchema>Complaint</sourceObjSchema>
<sourceObjName>Origin</sourceObjName>
<createdBy>david.moore</createdBy>
<createdTime>2015-01-12 09:17:59 UTC</createdTime>
<ownerDesignName>HWSInternal_12_01_2015</ownerDesignName>
<useDomainConstraints>false</useDomainConstraints>
<use>1</use>
<logicalDatatype>LOGDT024</logicalDatatype>
<dataTypePrecision>20</dataTypePrecision>
<dataTypeScale>0</dataTypeScale>
<dataTypeSize>20</dataTypeSize>
<autoIncrementCycle>false</autoIncrementCycle>
</Column>
<Column name="Status" id="FFA3E724-6138-DEDC-57DD-87C1B05A4D76">
<sourceConnName>HWSInternal</sourceConnName>
<sourceObjSchema>Complaint</sourceObjSchema>
<sourceObjName>Status</sourceObjName>
<createdBy>david.moore</createdBy>
<createdTime>2015-01-12 09:17:59 UTC</createdTime>
<ownerDesignName>HWSInternal_12_01_2015</ownerDesignName>
<useDomainConstraints>false</useDomainConstraints>
<use>1</use>
<logicalDatatype>LOGDT024</logicalDatatype>
<dataTypePrecision>20</dataTypePrecision>
<dataTypeScale>0</dataTypeScale>
<dataTypeSize>20</dataTypeSize>
<autoIncrementCycle>false</autoIncrementCycle>
</Column>
<Column name="Details" id="AC265FDA-C3F6-4A17-7F58-0588E065FED9">
<sourceConnName>HWSInternal</sourceConnName>
<sourceObjSchema>Complaint</sourceObjSchema>
<sourceObjName>Details</sourceObjName>
<createdBy>david.moore</createdBy>
<createdTime>2015-01-12 09:17:59 UTC</createdTime>
<ownerDesignName>HWSInternal_12_01_2015</ownerDesignName>
<useDomainConstraints>false</useDomainConstraints>
<use>1</use>
<logicalDatatype>LOGDT028</logicalDatatype>
<dataTypePrecision>-1</dataTypePrecision>
<dataTypeScale>0</dataTypeScale>
<dataTypeSize>max</dataTypeSize>
<autoIncrementCycle>false</autoIncrementCycle>
</Column>
<Column name="CaseText" id="6023918E-7FDA-60B5-2B6A-08EC3CE175F1">
<sourceConnName>HWSInternal</sourceConnName>
<sourceObjSchema>Complaint</sourceObjSchema>
<sourceObjName>CaseText</sourceObjName>
<createdBy>david.moore</createdBy>
<createdTime>2015-01-12 09:17:59 UTC</createdTime>
<ownerDesignName>HWSInternal_12_01_2015</ownerDesignName>
<nullsAllowed>true</nullsAllowed>
<useDomainConstraints>false</useDomainConstraints>
<use>1</use>
<logicalDatatype>LOGDT024</logicalDatatype>
<dataTypePrecision>200</dataTypePrecision>
<dataTypeScale>0</dataTypeScale>
<dataTypeSize>200</dataTypeSize>
<autoIncrementCycle>false</autoIncrementCycle>
</Column>
<Column name="IsDeleted" id="9807CDAD-932A-07BC-7156-FF7ECD0DFB6F">
<sourceConnName>HWSInternal</sourceConnName>
<sourceObjSchema>Complaint</sourceObjSchema>
<sourceObjName>IsDeleted</sourceObjName>
<createdBy>david.moore</createdBy>
<createdTime>2015-01-12 09:17:59 UTC</createdTime>
<ownerDesignName>HWSInternal_12_01_2015</ownerDesignName>
<useDomainConstraints>false</useDomainConstraints>
<use>1</use>
<logicalDatatype>LOGDT034</logicalDatatype>
<dataTypePrecision>1</dataTypePrecision>
<dataTypeScale>0</dataTypeScale>
<dataTypeSize>1</dataTypeSize>
<autoIncrementCycle>false</autoIncrementCycle>
</Column>
<Column name="CreatedByUser" id="76956F18-1A2B-7B6E-8C8B-29D562F36FAD">
<sourceConnName>HWSInternal</sourceConnName>
<sourceObjSchema>Complaint</sourceObjSchema>
<sourceObjName>CreatedByUser</sourceObjName>
<createdBy>david.moore</createdBy>
<createdTime>2015-01-12 09:17:59 UTC</createdTime>
<ownerDesignName>HWSInternal_12_01_2015</ownerDesignName>
<useDomainConstraints>false</useDomainConstraints>
<use>1</use>
<logicalDatatype>LOGDT024</logicalDatatype>
<dataTypePrecision>71</dataTypePrecision>
<dataTypeScale>0</dataTypeScale>
<dataTypeSize>71</dataTypeSize>
<autoIncrementCycle>false</autoIncrementCycle>
</Column>
<Column name="CreatedDate" id="16147FFF-1B50-699F-791D-B4F980F12BBF">
<sourceConnName>HWSInternal</sourceConnName>
<sourceObjSchema>Complaint</sourceObjSchema>
<sourceObjName>CreatedDate</sourceObjName>
<createdBy>david.moore</createdBy>
<createdTime>2015-01-12 09:17:59 UTC</createdTime>
<ownerDesignName>HWSInternal_12_01_2015</ownerDesignName>
<useDomainConstraints>false</useDomainConstraints>
<use>1</use>
<logicalDatatype>LOGDT008</logicalDatatype>
<dataTypePrecision>23</dataTypePrecision>
<dataTypeScale>3</dataTypeScale>
<dataTypeSize>8</dataTypeSize>
<autoIncrementCycle>false</autoIncrementCycle>
</Column>
<Column name="UpdatedByUser" id="55E43455-5419-45C1-3C14-0A829A4F1798">
<sourceConnName>HWSInternal</sourceConnName>
<sourceObjSchema>Complaint</sourceObjSchema>
<sourceObjName>UpdatedByUser</sourceObjName>
<createdBy>david.moore</createdBy>
<createdTime>2015-01-12 09:17:59 UTC</createdTime>
<ownerDesignName>HWSInternal_12_01_2015</ownerDesignName>
<useDomainConstraints>false</useDomainConstraints>
<use>1</use>
<logicalDatatype>LOGDT024</logicalDatatype>
<dataTypePrecision>71</dataTypePrecision>
<dataTypeScale>0</dataTypeScale>
<dataTypeSize>71</dataTypeSize>
<autoIncrementCycle>false</autoIncrementCycle>
</Column>
<Column name="UpdatedDate" id="A31ABB0B-3A85-28B4-98A7-77D4296D9998">
<sourceConnName>HWSInternal</sourceConnName>
<sourceObjSchema>Complaint</sourceObjSchema>
<sourceObjName>UpdatedDate</sourceObjName>
<createdBy>david.moore</createdBy>
<createdTime>2015-01-12 09:17:59 UTC</createdTime>
<ownerDesignName>HWSInternal_12_01_2015</ownerDesignName>
<useDomainConstraints>false</useDomainConstraints>
<use>1</use>
<logicalDatatype>LOGDT008</logicalDatatype>
<dataTypePrecision>23</dataTypePrecision>
<dataTypeScale>3</dataTypeScale>
<dataTypeSize>8</dataTypeSize>
<autoIncrementCycle>false</autoIncrementCycle>
</Column>
<Column name="LanguagePreference" id="306250F1-1D7B-59F6-E661-ABDA9FA0349A">
<sourceConnName>HWSInternal</sourceConnName>
<sourceObjSchema>Complaint</sourceObjSchema>
<sourceObjName>LanguagePreference</sourceObjName>
<createdBy>david.moore</createdBy>
<createdTime>2015-01-12 09:17:59 UTC</createdTime>
<ownerDesignName>HWSInternal_12_01_2015</ownerDesignName>
<useDomainConstraints>false</useDomainConstraints>
<use>1</use>
<logicalDatatype>LOGDT024</logicalDatatype>
<dataTypePrecision>2</dataTypePrecision>
<dataTypeScale>0</dataTypeScale>
<dataTypeSize>2</dataTypeSize>
<autoIncrementCycle>false</autoIncrementCycle>
</Column>
<Column name="CommsPreference" id="D228715F-7CB4-21E9-133D-EB135B0E975D">
<sourceConnName>HWSInternal</sourceConnName>
<sourceObjSchema>Complaint</sourceObjSchema>
<sourceObjName>CommsPreference</sourceObjName>
<createdBy>david.moore</createdBy>
<createdTime>2015-01-12 09:17:59 UTC</createdTime>
<ownerDesignName>HWSInternal_12_01_2015</ownerDesignName>
<useDomainConstraints>false</useDomainConstraints>
<use>1</use>
<logicalDatatype>LOGDT024</logicalDatatype>
<dataTypePrecision>10</dataTypePrecision>
<dataTypeScale>0</dataTypeScale>
<dataTypeSize>10</dataTypeSize>
<autoIncrementCycle>false</autoIncrementCycle>
</Column>
<Column name="IsEscalated" id="3DD9DBC7-3958-BD33-1DD5-2940D784E65A">
<sourceConnName>HWSInternal</sourceConnName>
<sourceObjSchema>Complaint</sourceObjSchema>
<sourceObjName>IsEscalated</sourceObjName>
<createdBy>david.moore</createdBy>
<createdTime>2015-01-12 09:17:59 UTC</createdTime>
<ownerDesignName>HWSInternal_12_01_2015</ownerDesignName>
<useDomainConstraints>false</useDomainConstraints>
<use>1</use>
<logicalDatatype>LOGDT034</logicalDatatype>
<dataTypePrecision>1</dataTypePrecision>
<dataTypeScale>0</dataTypeScale>
<dataTypeSize>1</dataTypeSize>
<autoIncrementCycle>false</autoIncrementCycle>
</Column>
<Column name="EscalationDestination" id="6E6D9E7A-5DBA-5077-B6CC-C26C40193933">
<sourceConnName>HWSInternal</sourceConnName>
<sourceObjSchema>Complaint</sourceObjSchema>
<sourceObjName>EscalationDestination</sourceObjName>
<createdBy>david.moore</createdBy>
<createdTime>2015-01-12 09:17:59 UTC</createdTime>
<ownerDesignName>HWSInternal_12_01_2015</ownerDesignName>
<nullsAllowed>true</nullsAllowed>
<useDomainConstraints>false</useDomainConstraints>
<use>1</use>
<logicalDatatype>LOGDT024</logicalDatatype>
<dataTypePrecision>200</dataTypePrecision>
<dataTypeScale>0</dataTypeScale>
<dataTypeSize>200</dataTypeSize>
<autoIncrementCycle>false</autoIncrementCycle>
</Column>
<Column name="OwnedByUser" id="AE8B1429-2572-BADC-059F-6A49BF414F9A">
<sourceConnName>HWSInternal</sourceConnName>
<sourceObjSchema>Complaint</sourceObjSchema>
<sourceObjName>OwnedByUser</sourceObjName>
<createdBy>david.moore</createdBy>
<createdTime>2015-01-12 09:17:59 UTC</createdTime>
<ownerDesignName>HWSInternal_12_01_2015</ownerDesignName>
<nullsAllowed>true</nullsAllowed>
<useDomainConstraints>false</useDomainConstraints>
<use>1</use>
<logicalDatatype>LOGDT024</logicalDatatype>
<dataTypePrecision>71</dataTypePrecision>
<dataTypeScale>0</dataTypeScale>
<dataTypeSize>71</dataTypeSize>
<autoIncrementCycle>false</autoIncrementCycle>
</Column>
<Column name="AcknowledgementSentDate" id="A274938A-5C27-367C-ECD7-F084BAA3F787">
<sourceConnName>HWSInternal</sourceConnName>
<sourceObjSchema>Complaint</sourceObjSchema>
<sourceObjName>AcknowledgementSentDate</sourceObjName>
<createdBy>david.moore</createdBy>
<createdTime>2015-01-12 09:17:59 UTC</createdTime>
<ownerDesignName>HWSInternal_12_01_2015</ownerDesignName>
<nullsAllowed>true</nullsAllowed>
<useDomainConstraints>false</useDomainConstraints>
<use>1</use>
<logicalDatatype>LOGDT008</logicalDatatype>
<dataTypePrecision>23</dataTypePrecision>
<dataTypeScale>3</dataTypeScale>
<dataTypeSize>8</dataTypeSize>
<autoIncrementCycle>false</autoIncrementCycle>
</Column>
<Column name="AcknowledgementSentChannel" id="23813D8C-80A2-282E-D5B0-DE8337F80C1C">
<sourceConnName>HWSInternal</sourceConnName>
<sourceObjSchema>Complaint</sourceObjSchema>
<sourceObjName>AcknowledgementSentChannel</sourceObjName>
<createdBy>david.moore</createdBy>
<createdTime>2015-01-12 09:17:59 UTC</createdTime>
<ownerDesignName>HWSInternal_12_01_2015</ownerDesignName>
<nullsAllowed>true</nullsAllowed>
<useDomainConstraints>false</useDomainConstraints>
<use>1</use>
<logicalDatatype>LOGDT024</logicalDatatype>
<dataTypePrecision>20</dataTypePrecision>
<dataTypeScale>0</dataTypeScale>
<dataTypeSize>20</dataTypeSize>
<autoIncrementCycle>false</autoIncrementCycle>
</Column>
<Column name="ComplaintScope" id="1569096A-15EB-C051-D38E-F1971BC91107">
<sourceConnName>HWSInternal</sourceConnName>
<sourceObjSchema>Complaint</sourceObjSchema>
<sourceObjName>ComplaintScope</sourceObjName>
<createdBy>david.moore</createdBy>
<createdTime>2015-01-12 09:17:59 UTC</createdTime>
<ownerDesignName>HWSInternal_12_01_2015</ownerDesignName>
<nullsAllowed>true</nullsAllowed>
<useDomainConstraints>false</useDomainConstraints>
<use>1</use>
<logicalDatatype>LOGDT024</logicalDatatype>
<dataTypePrecision>20</dataTypePrecision>
<dataTypeScale>0</dataTypeScale>
<dataTypeSize>20</dataTypeSize>
<autoIncrementCycle>false</autoIncrementCycle>
</Column>
<Column name="ComplaintRelatesTo" id="88A48A5F-F3EF-3698-1B1B-81080A99FC2F">
<sourceConnName>HWSInternal</sourceConnName>
<sourceObjSchema>Complaint</sourceObjSchema>
<sourceObjName>ComplaintRelatesTo</sourceObjName>
<createdBy>david.moore</createdBy>
<createdTime>2015-01-12 09:17:59 UTC</createdTime>
<ownerDesignName>HWSInternal_12_01_2015</ownerDesignName>
<nullsAllowed>true</nullsAllowed>
<useDomainConstraints>false</useDomainConstraints>
<use>1</use>
<logicalDatatype>LOGDT024</logicalDatatype>
<dataTypePrecision>20</dataTypePrecision>
<dataTypeScale>0</dataTypeScale>
<dataTypeSize>20</dataTypeSize>
<autoIncrementCycle>false</autoIncrementCycle>
</Column>
<Column name="ReceivedDate" id="58D126DB-6AB0-581B-B337-1FA722D3A539">
<sourceConnName>HWSInternal</sourceConnName>
<sourceObjSchema>Complaint</sourceObjSchema>
<sourceObjName>ReceivedDate</sourceObjName>
<createdBy>david.moore</createdBy>
<createdTime>2015-01-12 09:17:59 UTC</createdTime>
<ownerDesignName>HWSInternal_12_01_2015</ownerDesignName>
<useDomainConstraints>false</useDomainConstraints>
<use>1</use>
<logicalDatatype>LOGDT008</logicalDatatype>
<dataTypePrecision>23</dataTypePrecision>
<dataTypeScale>3</dataTypeScale>
<dataTypeSize>8</dataTypeSize>
<autoIncrementCycle>false</autoIncrementCycle>
</Column>
</columns>
<indexes itemClass="oracle.dbtools.crest.model.design.relational.Index">
<ind_PK_UK id="5912096C-B83D-E54A-FF9D-D725BB940B3D" name="PK_Complaint">
<sourceConnName>HWSInternal</sourceConnName>
<sourceObjSchema>Complaint</sourceObjSchema>
<sourceObjName>PK_Complaint</sourceObjName>
<createdBy>david.moore</createdBy>
<createdTime>2015-01-12 09:17:59 UTC</createdTime>
<ownerDesignName>HWSInternal_12_01_2015</ownerDesignName>
<pk>true</pk>
<indexState>Primary Constraint</indexState>
<isSurrogateKey>false</isSurrogateKey>
<indexColumnUsage>
<colUsage columnID="FD1F32E8-D0B7-5B6A-4E52-A7CD2F2AC67A"/>
</indexColumnUsage>
</ind_PK_UK>
</indexes>
</Table>