<?xml version = '1.0' encoding = 'UTF-8'?>
<Table class="oracle.dbtools.crest.model.design.relational.Table" directorySegmentName="seg_0" id="26B14DAD-473D-2A6D-9E70-7D4646C515D9" name="CTATeam">
<sourceConnName>HWSInternal</sourceConnName>
<sourceObjSchema>Resources</sourceObjSchema>
<sourceObjName>CTATeam</sourceObjName>
<createdBy>david.moore</createdBy>
<createdTime>2015-01-12 09:18:00 UTC</createdTime>
<ownerDesignName>HWSInternal_12_01_2015</ownerDesignName>
<schemaObject>B2CE024C-A3AD-0370-F028-DF2BAB8F0C5F</schemaObject>
<allowColumnReorder>false</allowColumnReorder>
<existDependencyGenerateInDDl>true</existDependencyGenerateInDDl>
<columns itemClass="oracle.dbtools.crest.model.design.relational.Column">
<Column name="Id" id="A1770509-0D2A-E8C2-0A3F-8FE796CD96ED">
<sourceConnName>HWSInternal</sourceConnName>
<sourceObjSchema>CTATeam</sourceObjSchema>
<sourceObjName>Id</sourceObjName>
<createdBy>david.moore</createdBy>
<createdTime>2015-01-12 09:18:00 UTC</createdTime>
<ownerDesignName>HWSInternal_12_01_2015</ownerDesignName>
<useDomainConstraints>false</useDomainConstraints>
<use>1</use>
<logicalDatatype>LOGDT011</logicalDatatype>
<dataTypePrecision>10</dataTypePrecision>
<dataTypeScale>0</dataTypeScale>
<dataTypeSize>4</dataTypeSize>
<autoIncrementCycle>false</autoIncrementCycle>
</Column>
<Column name="ClientId" id="57B8B26F-4620-8A5E-14D4-26184899CA31">
<sourceConnName>HWSInternal</sourceConnName>
<sourceObjSchema>CTATeam</sourceObjSchema>
<sourceObjName>ClientId</sourceObjName>
<createdBy>david.moore</createdBy>
<createdTime>2015-01-12 09:18:00 UTC</createdTime>
<ownerDesignName>HWSInternal_12_01_2015</ownerDesignName>
<useDomainConstraints>false</useDomainConstraints>
<use>1</use>
<logicalDatatype>LOGDT011</logicalDatatype>
<dataTypePrecision>10</dataTypePrecision>
<dataTypeScale>0</dataTypeScale>
<dataTypeSize>4</dataTypeSize>
<delegate>2B0660D1-33C6-69A9-5238-D8D1F12BE11C</delegate>
<autoIncrementCycle>false</autoIncrementCycle>
<associations>
<colAssociation fkAssociation="96E9CB86-2615-1649-1553-D767E88EF7C6" referredColumn="2B0660D1-33C6-69A9-5238-D8D1F12BE11C"/>
</associations>
</Column>
<Column name="Name" id="637E0135-ECA3-B4BF-6A36-004D2F370123">
<sourceConnName>HWSInternal</sourceConnName>
<sourceObjSchema>CTATeam</sourceObjSchema>
<sourceObjName>Name</sourceObjName>
<createdBy>david.moore</createdBy>
<createdTime>2015-01-12 09:18:00 UTC</createdTime>
<ownerDesignName>HWSInternal_12_01_2015</ownerDesignName>
<useDomainConstraints>false</useDomainConstraints>
<use>1</use>
<logicalDatatype>LOGDT024</logicalDatatype>
<dataTypePrecision>100</dataTypePrecision>
<dataTypeScale>0</dataTypeScale>
<dataTypeSize>100</dataTypeSize>
<autoIncrementCycle>false</autoIncrementCycle>
</Column>
<Column name="IsDefaultTeam" id="1E5ED4AE-11AC-2D58-7BAC-CDAB6DA2A1D4">
<sourceConnName>HWSInternal</sourceConnName>
<sourceObjSchema>CTATeam</sourceObjSchema>
<sourceObjName>IsDefaultTeam</sourceObjName>
<createdBy>david.moore</createdBy>
<createdTime>2015-01-12 09:18:00 UTC</createdTime>
<ownerDesignName>HWSInternal_12_01_2015</ownerDesignName>
<nullsAllowed>true</nullsAllowed>
<useDomainConstraints>false</useDomainConstraints>
<use>1</use>
<logicalDatatype>LOGDT034</logicalDatatype>
<dataTypePrecision>1</dataTypePrecision>
<dataTypeScale>0</dataTypeScale>
<dataTypeSize>1</dataTypeSize>
<autoIncrementCycle>false</autoIncrementCycle>
</Column>
<Column name="IsHP" id="AB3F2649-1D01-5A94-1323-5C87D371ACF3">
<sourceConnName>HWSInternal</sourceConnName>
<sourceObjSchema>CTATeam</sourceObjSchema>
<sourceObjName>IsHP</sourceObjName>
<createdBy>david.moore</createdBy>
<createdTime>2015-01-12 09:18:00 UTC</createdTime>
<ownerDesignName>HWSInternal_12_01_2015</ownerDesignName>
<nullsAllowed>true</nullsAllowed>
<useDomainConstraints>false</useDomainConstraints>
<use>1</use>
<logicalDatatype>LOGDT034</logicalDatatype>
<dataTypePrecision>1</dataTypePrecision>
<dataTypeScale>0</dataTypeScale>
<dataTypeSize>1</dataTypeSize>
<autoIncrementCycle>false</autoIncrementCycle>
</Column>
<Column name="ShortName" id="480C0E82-9C74-2C85-28DD-DBFC41AC9524">
<sourceConnName>HWSInternal</sourceConnName>
<sourceObjSchema>CTATeam</sourceObjSchema>
<sourceObjName>ShortName</sourceObjName>
<createdBy>david.moore</createdBy>
<createdTime>2015-01-12 09:18:00 UTC</createdTime>
<ownerDesignName>HWSInternal_12_01_2015</ownerDesignName>
<nullsAllowed>true</nullsAllowed>
<useDomainConstraints>false</useDomainConstraints>
<use>1</use>
<logicalDatatype>LOGDT024</logicalDatatype>
<dataTypePrecision>3</dataTypePrecision>
<dataTypeScale>0</dataTypeScale>
<dataTypeSize>3</dataTypeSize>
<autoIncrementCycle>false</autoIncrementCycle>
</Column>
</columns>
<indexes itemClass="oracle.dbtools.crest.model.design.relational.Index">
<ind_PK_UK id="E83F6263-2521-4348-065C-4B5B66611A40" name="PK_CTATeam">
<sourceConnName>HWSInternal</sourceConnName>
<sourceObjSchema>Resources</sourceObjSchema>
<sourceObjName>PK_CTATeam</sourceObjName>
<createdBy>david.moore</createdBy>
<createdTime>2015-01-12 09:18:00 UTC</createdTime>
<ownerDesignName>HWSInternal_12_01_2015</ownerDesignName>
<pk>true</pk>
<indexState>Primary Constraint</indexState>
<isSurrogateKey>false</isSurrogateKey>
<indexColumnUsage>
<colUsage columnID="A1770509-0D2A-E8C2-0A3F-8FE796CD96ED"/>
</indexColumnUsage>
</ind_PK_UK>
<ind_PK_UK id="F1613A27-3446-DBB1-9CFB-098BA224EA72" name="FK_CTATeam_Client">
<createdBy>david.moore</createdBy>
<createdTime>2015-01-12 09:18:00 UTC</createdTime>
<ownerDesignName>HWSInternal_12_01_2015</ownerDesignName>
<indexState>Foreign Key</indexState>
<isSurrogateKey>false</isSurrogateKey>
<indexColumnUsage>
<colUsage columnID="57B8B26F-4620-8A5E-14D4-26184899CA31"/>
</indexColumnUsage>
</ind_PK_UK>
</indexes>
</Table>