<?xml version = '1.0' encoding = 'UTF-8'?>
<Table class="oracle.dbtools.crest.model.design.relational.Table" directorySegmentName="seg_0" id="2865709C-0C4F-029C-A7C5-5A1BEACFE3C6" name="NetworkDoctor">
<sourceConnName>HWSInternal</sourceConnName>
<sourceObjSchema>Authentication</sourceObjSchema>
<sourceObjName>NetworkDoctor</sourceObjName>
<createdBy>david.moore</createdBy>
<createdTime>2015-01-12 09:17:59 UTC</createdTime>
<ownerDesignName>HWSInternal_12_01_2015</ownerDesignName>
<schemaObject>6934995E-10D9-77E9-7AFE-E809CE685C96</schemaObject>
<allowColumnReorder>false</allowColumnReorder>
<existDependencyGenerateInDDl>true</existDependencyGenerateInDDl>
<columns itemClass="oracle.dbtools.crest.model.design.relational.Column">
<Column name="UserId" id="83E0F913-92FA-7611-8D22-ABEDCE0C2344">
<sourceConnName>HWSInternal</sourceConnName>
<sourceObjSchema>NetworkDoctor</sourceObjSchema>
<sourceObjName>UserId</sourceObjName>
<createdBy>david.moore</createdBy>
<createdTime>2015-01-12 09:17:59 UTC</createdTime>
<ownerDesignName>HWSInternal_12_01_2015</ownerDesignName>
<useDomainConstraints>false</useDomainConstraints>
<use>1</use>
<logicalDatatype>LOGDT011</logicalDatatype>
<dataTypePrecision>10</dataTypePrecision>
<dataTypeScale>0</dataTypeScale>
<dataTypeSize>4</dataTypeSize>
<autoIncrementCycle>false</autoIncrementCycle>
</Column>
<Column name="UserEmail" id="51150730-261A-E317-D3BE-BDDAEDDCCA8A">
<sourceConnName>HWSInternal</sourceConnName>
<sourceObjSchema>NetworkDoctor</sourceObjSchema>
<sourceObjName>UserEmail</sourceObjName>
<createdBy>david.moore</createdBy>
<createdTime>2015-01-12 09:17:59 UTC</createdTime>
<ownerDesignName>HWSInternal_12_01_2015</ownerDesignName>
<useDomainConstraints>false</useDomainConstraints>
<use>1</use>
<logicalDatatype>LOGDT037</logicalDatatype>
<dataTypePrecision>56</dataTypePrecision>
<dataTypeScale>0</dataTypeScale>
<dataTypeSize>56</dataTypeSize>
<autoIncrementCycle>false</autoIncrementCycle>
</Column>
</columns>
<indexes itemClass="oracle.dbtools.crest.model.design.relational.Index">
<ind_PK_UK id="271215B4-9EC3-ADE0-8BA2-887D20989372" name="PK__NetworkD__1788CC4C5EAA0504">
<sourceConnName>HWSInternal</sourceConnName>
<sourceObjSchema>Authentication</sourceObjSchema>
<sourceObjName>PK__NetworkD__1788CC4C5EAA0504</sourceObjName>
<createdBy>david.moore</createdBy>
<createdTime>2015-01-12 09:17:59 UTC</createdTime>
<ownerDesignName>HWSInternal_12_01_2015</ownerDesignName>
<pk>true</pk>
<indexState>Primary Constraint</indexState>
<isSurrogateKey>false</isSurrogateKey>
<indexColumnUsage>
<colUsage columnID="83E0F913-92FA-7611-8D22-ABEDCE0C2344"/>
</indexColumnUsage>
</ind_PK_UK>
<ind_PK_UK id="A37EC51F-9D5A-AEA1-39FC-7B12EA872978" name="UQ__NetworkD__08638DF8618671AF">
<sourceConnName>HWSInternal</sourceConnName>
<sourceObjSchema>Authentication</sourceObjSchema>
<sourceObjName>UQ__NetworkD__08638DF8618671AF</sourceObjName>
<createdBy>david.moore</createdBy>
<createdTime>2015-01-12 09:17:59 UTC</createdTime>
<ownerDesignName>HWSInternal_12_01_2015</ownerDesignName>
<indexState>Unique Constraint</indexState>
<isSurrogateKey>false</isSurrogateKey>
<indexColumnUsage>
<colUsage columnID="51150730-261A-E317-D3BE-BDDAEDDCCA8A"/>
</indexColumnUsage>
</ind_PK_UK>
</indexes>
</Table>