<?xml version = '1.0' encoding = 'UTF-8'?>
<Table class="oracle.dbtools.crest.model.design.relational.Table" directorySegmentName="seg_0" id="2FBA7B57-CDC6-BC9D-B731-7268F50ED3F0" name="CaseNoteType">
<sourceConnName>HWSInternal</sourceConnName>
<sourceObjSchema>Case</sourceObjSchema>
<sourceObjName>CaseNoteType</sourceObjName>
<createdBy>david.moore</createdBy>
<createdTime>2015-01-12 09:17:59 UTC</createdTime>
<ownerDesignName>HWSInternal_12_01_2015</ownerDesignName>
<schemaObject>C36C27C4-3D73-E53C-8ACE-D8FA87A1E516</schemaObject>
<allowColumnReorder>false</allowColumnReorder>
<existDependencyGenerateInDDl>true</existDependencyGenerateInDDl>
<columns itemClass="oracle.dbtools.crest.model.design.relational.Column">
<Column name="Id" id="1F8DC44C-25EE-9AC8-D679-F45F0A9DC9ED">
<sourceConnName>HWSInternal</sourceConnName>
<sourceObjSchema>CaseNoteType</sourceObjSchema>
<sourceObjName>Id</sourceObjName>
<createdBy>david.moore</createdBy>
<createdTime>2015-01-12 09:17:59 UTC</createdTime>
<ownerDesignName>HWSInternal_12_01_2015</ownerDesignName>
<useDomainConstraints>false</useDomainConstraints>
<use>1</use>
<logicalDatatype>LOGDT011</logicalDatatype>
<dataTypePrecision>10</dataTypePrecision>
<dataTypeScale>0</dataTypeScale>
<dataTypeSize>4</dataTypeSize>
<autoIncrementCycle>false</autoIncrementCycle>
</Column>
<Column name="Name" id="903C5521-922F-1567-398F-A4CEE671FBF7">
<sourceConnName>HWSInternal</sourceConnName>
<sourceObjSchema>CaseNoteType</sourceObjSchema>
<sourceObjName>Name</sourceObjName>
<createdBy>david.moore</createdBy>
<createdTime>2015-01-12 09:17:59 UTC</createdTime>
<ownerDesignName>HWSInternal_12_01_2015</ownerDesignName>
<useDomainConstraints>false</useDomainConstraints>
<use>1</use>
<logicalDatatype>LOGDT024</logicalDatatype>
<dataTypePrecision>20</dataTypePrecision>
<dataTypeScale>0</dataTypeScale>
<dataTypeSize>20</dataTypeSize>
<autoIncrementCycle>false</autoIncrementCycle>
</Column>
</columns>
<indexes itemClass="oracle.dbtools.crest.model.design.relational.Index">
<ind_PK_UK id="3EC04967-546B-ACC4-0AA3-6C80BE5817CD" name="PK_CaseNoteType">
<sourceConnName>HWSInternal</sourceConnName>
<sourceObjSchema>Case</sourceObjSchema>
<sourceObjName>PK_CaseNoteType</sourceObjName>
<createdBy>david.moore</createdBy>
<createdTime>2015-01-12 09:17:59 UTC</createdTime>
<ownerDesignName>HWSInternal_12_01_2015</ownerDesignName>
<pk>true</pk>
<indexState>Primary Constraint</indexState>
<isSurrogateKey>false</isSurrogateKey>
<indexColumnUsage>
<colUsage columnID="1F8DC44C-25EE-9AC8-D679-F45F0A9DC9ED"/>
</indexColumnUsage>
</ind_PK_UK>
</indexes>
</Table>