<?xml version = '1.0' encoding = 'UTF-8'?>
<Table class="oracle.dbtools.crest.model.design.relational.Table" directorySegmentName="seg_0" id="339E18E9-CDF2-80DE-55F6-C2024FB29224" name="Clinic">
<sourceConnName>HWSInternal</sourceConnName>
<sourceObjSchema>Clinic</sourceObjSchema>
<sourceObjName>Clinic</sourceObjName>
<createdBy>david.moore</createdBy>
<createdTime>2015-01-12 09:17:59 UTC</createdTime>
<ownerDesignName>HWSInternal_12_01_2015</ownerDesignName>
<schemaObject>62C429DA-35AC-33BC-9837-582553CFA2DE</schemaObject>
<allowColumnReorder>false</allowColumnReorder>
<existDependencyGenerateInDDl>true</existDependencyGenerateInDDl>
<columns itemClass="oracle.dbtools.crest.model.design.relational.Column">
<Column name="ClinicId" id="00483A76-036E-6ED5-1DE1-7E785E5240BA">
<sourceConnName>HWSInternal</sourceConnName>
<sourceObjSchema>Clinic</sourceObjSchema>
<sourceObjName>ClinicId</sourceObjName>
<createdBy>david.moore</createdBy>
<createdTime>2015-01-12 09:17:59 UTC</createdTime>
<ownerDesignName>HWSInternal_12_01_2015</ownerDesignName>
<useDomainConstraints>false</useDomainConstraints>
<use>1</use>
<logicalDatatype>LOGDT011</logicalDatatype>
<dataTypePrecision>10</dataTypePrecision>
<dataTypeScale>0</dataTypeScale>
<dataTypeSize>4</dataTypeSize>
<autoIncrementCycle>false</autoIncrementCycle>
</Column>
<Column name="Name" id="0E5A2886-20D0-7EB7-0CC3-FB7E3550BEA2">
<sourceConnName>HWSInternal</sourceConnName>
<sourceObjSchema>Clinic</sourceObjSchema>
<sourceObjName>Name</sourceObjName>
<createdBy>david.moore</createdBy>
<createdTime>2015-01-12 09:17:59 UTC</createdTime>
<ownerDesignName>HWSInternal_12_01_2015</ownerDesignName>
<useDomainConstraints>false</useDomainConstraints>
<use>1</use>
<logicalDatatype>LOGDT024</logicalDatatype>
<dataTypePrecision>60</dataTypePrecision>
<dataTypeScale>0</dataTypeScale>
<dataTypeSize>60</dataTypeSize>
<autoIncrementCycle>false</autoIncrementCycle>
</Column>
<Column name="Address" id="BF9A97E5-F440-FDBE-005D-518F4E0EAF97">
<sourceConnName>HWSInternal</sourceConnName>
<sourceObjSchema>Clinic</sourceObjSchema>
<sourceObjName>Address</sourceObjName>
<createdBy>david.moore</createdBy>
<createdTime>2015-01-12 09:17:59 UTC</createdTime>
<ownerDesignName>HWSInternal_12_01_2015</ownerDesignName>
<nullsAllowed>true</nullsAllowed>
<useDomainConstraints>false</useDomainConstraints>
<use>1</use>
<logicalDatatype>LOGDT037</logicalDatatype>
<dataTypePrecision>255</dataTypePrecision>
<dataTypeScale>0</dataTypeScale>
<dataTypeSize>255</dataTypeSize>
<autoIncrementCycle>false</autoIncrementCycle>
</Column>
<Column name="PostCode" id="4BAE7D52-5CEA-07FC-6285-A00B9B051343">
<sourceConnName>HWSInternal</sourceConnName>
<sourceObjSchema>Clinic</sourceObjSchema>
<sourceObjName>PostCode</sourceObjName>
<createdBy>david.moore</createdBy>
<createdTime>2015-01-12 09:17:59 UTC</createdTime>
<ownerDesignName>HWSInternal_12_01_2015</ownerDesignName>
<nullsAllowed>true</nullsAllowed>
<useDomainConstraints>false</useDomainConstraints>
<use>1</use>
<logicalDatatype>LOGDT024</logicalDatatype>
<dataTypePrecision>10</dataTypePrecision>
<dataTypeScale>0</dataTypeScale>
<dataTypeSize>10</dataTypeSize>
<autoIncrementCycle>false</autoIncrementCycle>
</Column>
<Column name="CountryCode" id="638122F4-C4AF-ADFD-8D31-0F857EF2F27D">
<sourceConnName>HWSInternal</sourceConnName>
<sourceObjSchema>Clinic</sourceObjSchema>
<sourceObjName>CountryCode</sourceObjName>
<createdBy>david.moore</createdBy>
<createdTime>2015-01-12 09:17:59 UTC</createdTime>
<ownerDesignName>HWSInternal_12_01_2015</ownerDesignName>
<nullsAllowed>true</nullsAllowed>
<useDomainConstraints>false</useDomainConstraints>
<use>1</use>
<logicalDatatype>LOGDT025</logicalDatatype>
<dataTypePrecision>2</dataTypePrecision>
<dataTypeScale>0</dataTypeScale>
<dataTypeSize>2</dataTypeSize>
<autoIncrementCycle>false</autoIncrementCycle>
</Column>
<Column name="Fax" id="1D09BA5E-7A40-D9DC-DB4F-750B5E993F1E">
<sourceConnName>HWSInternal</sourceConnName>
<sourceObjSchema>Clinic</sourceObjSchema>
<sourceObjName>Fax</sourceObjName>
<createdBy>david.moore</createdBy>
<createdTime>2015-01-12 09:17:59 UTC</createdTime>
<ownerDesignName>HWSInternal_12_01_2015</ownerDesignName>
<nullsAllowed>true</nullsAllowed>
<useDomainConstraints>false</useDomainConstraints>
<use>1</use>
<logicalDatatype>LOGDT024</logicalDatatype>
<dataTypePrecision>50</dataTypePrecision>
<dataTypeScale>0</dataTypeScale>
<dataTypeSize>50</dataTypeSize>
<autoIncrementCycle>false</autoIncrementCycle>
</Column>
<Column name="Contact1" id="F793A911-39D2-3C3F-F674-770D26F0BCC9">
<sourceConnName>HWSInternal</sourceConnName>
<sourceObjSchema>Clinic</sourceObjSchema>
<sourceObjName>Contact1</sourceObjName>
<createdBy>david.moore</createdBy>
<createdTime>2015-01-12 09:17:59 UTC</createdTime>
<ownerDesignName>HWSInternal_12_01_2015</ownerDesignName>
<nullsAllowed>true</nullsAllowed>
<useDomainConstraints>false</useDomainConstraints>
<use>1</use>
<logicalDatatype>LOGDT037</logicalDatatype>
<dataTypePrecision>70</dataTypePrecision>
<dataTypeScale>0</dataTypeScale>
<dataTypeSize>70</dataTypeSize>
<autoIncrementCycle>false</autoIncrementCycle>
</Column>
<Column name="Contact1Email" id="6F101FD5-BA55-BBCE-0431-63AEA6FDAED3">
<sourceConnName>HWSInternal</sourceConnName>
<sourceObjSchema>Clinic</sourceObjSchema>
<sourceObjName>Contact1Email</sourceObjName>
<createdBy>david.moore</createdBy>
<createdTime>2015-01-12 09:17:59 UTC</createdTime>
<ownerDesignName>HWSInternal_12_01_2015</ownerDesignName>
<nullsAllowed>true</nullsAllowed>
<useDomainConstraints>false</useDomainConstraints>
<use>1</use>
<logicalDatatype>LOGDT024</logicalDatatype>
<dataTypePrecision>70</dataTypePrecision>
<dataTypeScale>0</dataTypeScale>
<dataTypeSize>70</dataTypeSize>
<autoIncrementCycle>false</autoIncrementCycle>
</Column>
<Column name="Contact1Mobile" id="7206294D-49DC-6BAC-51D9-2595F7409F84">
<sourceConnName>HWSInternal</sourceConnName>
<sourceObjSchema>Clinic</sourceObjSchema>
<sourceObjName>Contact1Mobile</sourceObjName>
<createdBy>david.moore</createdBy>
<createdTime>2015-01-12 09:17:59 UTC</createdTime>
<ownerDesignName>HWSInternal_12_01_2015</ownerDesignName>
<nullsAllowed>true</nullsAllowed>
<useDomainConstraints>false</useDomainConstraints>
<use>1</use>
<logicalDatatype>LOGDT024</logicalDatatype>
<dataTypePrecision>50</dataTypePrecision>
<dataTypeScale>0</dataTypeScale>
<dataTypeSize>50</dataTypeSize>
<autoIncrementCycle>false</autoIncrementCycle>
</Column>
<Column name="Contact1Tel" id="95DEC41A-6B2F-348C-2A1C-03ACB2C3A683">
<sourceConnName>HWSInternal</sourceConnName>
<sourceObjSchema>Clinic</sourceObjSchema>
<sourceObjName>Contact1Tel</sourceObjName>
<createdBy>david.moore</createdBy>
<createdTime>2015-01-12 09:17:59 UTC</createdTime>
<ownerDesignName>HWSInternal_12_01_2015</ownerDesignName>
<nullsAllowed>true</nullsAllowed>
<useDomainConstraints>false</useDomainConstraints>
<use>1</use>
<logicalDatatype>LOGDT024</logicalDatatype>
<dataTypePrecision>50</dataTypePrecision>
<dataTypeScale>0</dataTypeScale>
<dataTypeSize>50</dataTypeSize>
<autoIncrementCycle>false</autoIncrementCycle>
</Column>
<Column name="Contact2" id="B0969C18-1FA7-4B35-E01F-74115B68D7A3">
<sourceConnName>HWSInternal</sourceConnName>
<sourceObjSchema>Clinic</sourceObjSchema>
<sourceObjName>Contact2</sourceObjName>
<createdBy>david.moore</createdBy>
<createdTime>2015-01-12 09:17:59 UTC</createdTime>
<ownerDesignName>HWSInternal_12_01_2015</ownerDesignName>
<nullsAllowed>true</nullsAllowed>
<useDomainConstraints>false</useDomainConstraints>
<use>1</use>
<logicalDatatype>LOGDT037</logicalDatatype>
<dataTypePrecision>70</dataTypePrecision>
<dataTypeScale>0</dataTypeScale>
<dataTypeSize>70</dataTypeSize>
<autoIncrementCycle>false</autoIncrementCycle>
</Column>
<Column name="Contact2Email" id="9131C731-66E1-CC33-2C99-0C284F6825FB">
<sourceConnName>HWSInternal</sourceConnName>
<sourceObjSchema>Clinic</sourceObjSchema>
<sourceObjName>Contact2Email</sourceObjName>
<createdBy>david.moore</createdBy>
<createdTime>2015-01-12 09:17:59 UTC</createdTime>
<ownerDesignName>HWSInternal_12_01_2015</ownerDesignName>
<nullsAllowed>true</nullsAllowed>
<useDomainConstraints>false</useDomainConstraints>
<use>1</use>
<logicalDatatype>LOGDT024</logicalDatatype>
<dataTypePrecision>60</dataTypePrecision>
<dataTypeScale>0</dataTypeScale>
<dataTypeSize>60</dataTypeSize>
<autoIncrementCycle>false</autoIncrementCycle>
</Column>
<Column name="Contact2Tel" id="566AA135-54AB-4063-FF11-47D80C0FB0EA">
<sourceConnName>HWSInternal</sourceConnName>
<sourceObjSchema>Clinic</sourceObjSchema>
<sourceObjName>Contact2Tel</sourceObjName>
<createdBy>david.moore</createdBy>
<createdTime>2015-01-12 09:17:59 UTC</createdTime>
<ownerDesignName>HWSInternal_12_01_2015</ownerDesignName>
<nullsAllowed>true</nullsAllowed>
<useDomainConstraints>false</useDomainConstraints>
<use>1</use>
<logicalDatatype>LOGDT024</logicalDatatype>
<dataTypePrecision>50</dataTypePrecision>
<dataTypeScale>0</dataTypeScale>
<dataTypeSize>50</dataTypeSize>
<autoIncrementCycle>false</autoIncrementCycle>
</Column>
<Column name="Contact2Mobile" id="AF7DF6E1-C567-1892-5081-92A228B63177">
<sourceConnName>HWSInternal</sourceConnName>
<sourceObjSchema>Clinic</sourceObjSchema>
<sourceObjName>Contact2Mobile</sourceObjName>
<createdBy>david.moore</createdBy>
<createdTime>2015-01-12 09:17:59 UTC</createdTime>
<ownerDesignName>HWSInternal_12_01_2015</ownerDesignName>
<nullsAllowed>true</nullsAllowed>
<useDomainConstraints>false</useDomainConstraints>
<use>1</use>
<logicalDatatype>LOGDT024</logicalDatatype>
<dataTypePrecision>50</dataTypePrecision>
<dataTypeScale>0</dataTypeScale>
<dataTypeSize>50</dataTypeSize>
<autoIncrementCycle>false</autoIncrementCycle>
</Column>
<Column name="Email" id="FBA48007-CDA8-0482-89B4-81868D987E67">
<sourceConnName>HWSInternal</sourceConnName>
<sourceObjSchema>Clinic</sourceObjSchema>
<sourceObjName>Email</sourceObjName>
<createdBy>david.moore</createdBy>
<createdTime>2015-01-12 09:17:59 UTC</createdTime>
<ownerDesignName>HWSInternal_12_01_2015</ownerDesignName>
<nullsAllowed>true</nullsAllowed>
<useDomainConstraints>false</useDomainConstraints>
<use>1</use>
<logicalDatatype>LOGDT037</logicalDatatype>
<dataTypePrecision>60</dataTypePrecision>
<dataTypeScale>0</dataTypeScale>
<dataTypeSize>60</dataTypeSize>
<autoIncrementCycle>false</autoIncrementCycle>
</Column>
<Column name="Switchboard" id="3724C80A-F421-1FA0-9B77-269F914C4468">
<sourceConnName>HWSInternal</sourceConnName>
<sourceObjSchema>Clinic</sourceObjSchema>
<sourceObjName>Switchboard</sourceObjName>
<createdBy>david.moore</createdBy>
<createdTime>2015-01-12 09:17:59 UTC</createdTime>
<ownerDesignName>HWSInternal_12_01_2015</ownerDesignName>
<nullsAllowed>true</nullsAllowed>
<useDomainConstraints>false</useDomainConstraints>
<use>1</use>
<logicalDatatype>LOGDT024</logicalDatatype>
<dataTypePrecision>20</dataTypePrecision>
<dataTypeScale>0</dataTypeScale>
<dataTypeSize>20</dataTypeSize>
<autoIncrementCycle>false</autoIncrementCycle>
</Column>
<Column name="ClinicLat" id="3CB82A30-277C-C96E-C55C-3A56385458BA">
<sourceConnName>HWSInternal</sourceConnName>
<sourceObjSchema>Clinic</sourceObjSchema>
<sourceObjName>ClinicLat</sourceObjName>
<createdBy>david.moore</createdBy>
<createdTime>2015-01-12 09:17:59 UTC</createdTime>
<ownerDesignName>HWSInternal_12_01_2015</ownerDesignName>
<nullsAllowed>true</nullsAllowed>
<useDomainConstraints>false</useDomainConstraints>
<use>1</use>
<logicalDatatype>LOGDT021</logicalDatatype>
<dataTypePrecision>53</dataTypePrecision>
<dataTypeScale>0</dataTypeScale>
<dataTypeSize>8</dataTypeSize>
<autoIncrementCycle>false</autoIncrementCycle>
</Column>
<Column name="ClinicLong" id="07A87040-EDEE-419A-3A1B-021A248FB2B1">
<sourceConnName>HWSInternal</sourceConnName>
<sourceObjSchema>Clinic</sourceObjSchema>
<sourceObjName>ClinicLong</sourceObjName>
<createdBy>david.moore</createdBy>
<createdTime>2015-01-12 09:17:59 UTC</createdTime>
<ownerDesignName>HWSInternal_12_01_2015</ownerDesignName>
<nullsAllowed>true</nullsAllowed>
<useDomainConstraints>false</useDomainConstraints>
<use>1</use>
<logicalDatatype>LOGDT021</logicalDatatype>
<dataTypePrecision>53</dataTypePrecision>
<dataTypeScale>0</dataTypeScale>
<dataTypeSize>8</dataTypeSize>
<autoIncrementCycle>false</autoIncrementCycle>
</Column>
<Column name="URLDirections" id="31876CB6-E080-64D3-C14C-02C350DC24B9">
<sourceConnName>HWSInternal</sourceConnName>
<sourceObjSchema>Clinic</sourceObjSchema>
<sourceObjName>URLDirections</sourceObjName>
<createdBy>david.moore</createdBy>
<createdTime>2015-01-12 09:17:59 UTC</createdTime>
<ownerDesignName>HWSInternal_12_01_2015</ownerDesignName>
<nullsAllowed>true</nullsAllowed>
<useDomainConstraints>false</useDomainConstraints>
<use>1</use>
<logicalDatatype>LOGDT024</logicalDatatype>
<dataTypePrecision>500</dataTypePrecision>
<dataTypeScale>0</dataTypeScale>
<dataTypeSize>500</dataTypeSize>
<autoIncrementCycle>false</autoIncrementCycle>
</Column>
<Column name="URLWebSite" id="4EE878C4-BCD0-A900-45BF-F2AC35F6A5D6">
<sourceConnName>HWSInternal</sourceConnName>
<sourceObjSchema>Clinic</sourceObjSchema>
<sourceObjName>URLWebSite</sourceObjName>
<createdBy>david.moore</createdBy>
<createdTime>2015-01-12 09:17:59 UTC</createdTime>
<ownerDesignName>HWSInternal_12_01_2015</ownerDesignName>
<nullsAllowed>true</nullsAllowed>
<useDomainConstraints>false</useDomainConstraints>
<use>1</use>
<logicalDatatype>LOGDT024</logicalDatatype>
<dataTypePrecision>500</dataTypePrecision>
<dataTypeScale>0</dataTypeScale>
<dataTypeSize>500</dataTypeSize>
<autoIncrementCycle>false</autoIncrementCycle>
</Column>
<Column name="Active" id="6B8456FD-8364-3EF6-ACF4-BFE8C855DCBB">
<sourceConnName>HWSInternal</sourceConnName>
<sourceObjSchema>Clinic</sourceObjSchema>
<sourceObjName>Active</sourceObjName>
<createdBy>david.moore</createdBy>
<createdTime>2015-01-12 09:17:59 UTC</createdTime>
<ownerDesignName>HWSInternal_12_01_2015</ownerDesignName>
<useDomainConstraints>false</useDomainConstraints>
<use>1</use>
<logicalDatatype>LOGDT034</logicalDatatype>
<dataTypePrecision>1</dataTypePrecision>
<dataTypeScale>0</dataTypeScale>
<dataTypeSize>1</dataTypeSize>
<autoIncrementCycle>false</autoIncrementCycle>
</Column>
<Column name="Comments" id="C2D5B42C-E3C1-D495-4E51-231C4F615378">
<sourceConnName>HWSInternal</sourceConnName>
<sourceObjSchema>Clinic</sourceObjSchema>
<sourceObjName>Comments</sourceObjName>
<createdBy>david.moore</createdBy>
<createdTime>2015-01-12 09:17:59 UTC</createdTime>
<ownerDesignName>HWSInternal_12_01_2015</ownerDesignName>
<nullsAllowed>true</nullsAllowed>
<useDomainConstraints>false</useDomainConstraints>
<use>1</use>
<logicalDatatype>LOGDT024</logicalDatatype>
<dataTypePrecision>512</dataTypePrecision>
<dataTypeScale>0</dataTypeScale>
<dataTypeSize>512</dataTypeSize>
<autoIncrementCycle>false</autoIncrementCycle>
</Column>
<Column name="UseForPaperWork" id="A6ECC6C0-5776-63D5-051B-5DE44582E0EC">
<sourceConnName>HWSInternal</sourceConnName>
<sourceObjSchema>Clinic</sourceObjSchema>
<sourceObjName>UseForPaperWork</sourceObjName>
<createdBy>david.moore</createdBy>
<createdTime>2015-01-12 09:17:59 UTC</createdTime>
<ownerDesignName>HWSInternal_12_01_2015</ownerDesignName>
<nullsAllowed>true</nullsAllowed>
<useDomainConstraints>false</useDomainConstraints>
<use>1</use>
<logicalDatatype>LOGDT034</logicalDatatype>
<dataTypePrecision>1</dataTypePrecision>
<dataTypeScale>0</dataTypeScale>
<dataTypeSize>1</dataTypeSize>
<autoIncrementCycle>false</autoIncrementCycle>
</Column>
<Column name="Fee" id="E4779830-4E34-0E47-7998-6D4547FE76EF">
<sourceConnName>HWSInternal</sourceConnName>
<sourceObjSchema>Clinic</sourceObjSchema>
<sourceObjName>Fee</sourceObjName>
<createdBy>david.moore</createdBy>
<createdTime>2015-01-12 09:17:59 UTC</createdTime>
<ownerDesignName>HWSInternal_12_01_2015</ownerDesignName>
<nullsAllowed>true</nullsAllowed>
<useDomainConstraints>false</useDomainConstraints>
<use>1</use>
<logicalDatatype>LOGDT043</logicalDatatype>
<dataTypePrecision>19</dataTypePrecision>
<dataTypeScale>4</dataTypeScale>
<dataTypeSize>8</dataTypeSize>
<autoIncrementCycle>false</autoIncrementCycle>
</Column>
<Column name="FeeDNA" id="38995663-DD8F-EBF2-B12F-92A0EA59715C">
<sourceConnName>HWSInternal</sourceConnName>
<sourceObjSchema>Clinic</sourceObjSchema>
<sourceObjName>FeeDNA</sourceObjName>
<createdBy>david.moore</createdBy>
<createdTime>2015-01-12 09:17:59 UTC</createdTime>
<ownerDesignName>HWSInternal_12_01_2015</ownerDesignName>
<nullsAllowed>true</nullsAllowed>
<useDomainConstraints>false</useDomainConstraints>
<use>1</use>
<logicalDatatype>LOGDT043</logicalDatatype>
<dataTypePrecision>19</dataTypePrecision>
<dataTypeScale>4</dataTypeScale>
<dataTypeSize>8</dataTypeSize>
<autoIncrementCycle>false</autoIncrementCycle>
</Column>
<Column name="FeeCanx" id="BA555882-718C-3416-F590-F06FA9E05D03">
<sourceConnName>HWSInternal</sourceConnName>
<sourceObjSchema>Clinic</sourceObjSchema>
<sourceObjName>FeeCanx</sourceObjName>
<createdBy>david.moore</createdBy>
<createdTime>2015-01-12 09:17:59 UTC</createdTime>
<ownerDesignName>HWSInternal_12_01_2015</ownerDesignName>
<nullsAllowed>true</nullsAllowed>
<useDomainConstraints>false</useDomainConstraints>
<use>1</use>
<logicalDatatype>LOGDT043</logicalDatatype>
<dataTypePrecision>19</dataTypePrecision>
<dataTypeScale>4</dataTypeScale>
<dataTypeSize>8</dataTypeSize>
<autoIncrementCycle>false</autoIncrementCycle>
</Column>
<Column name="VAT" id="FA0CF1B9-FD67-3AB2-8593-3EE708BF4A61">
<sourceConnName>HWSInternal</sourceConnName>
<sourceObjSchema>Clinic</sourceObjSchema>
<sourceObjName>VAT</sourceObjName>
<createdBy>david.moore</createdBy>
<createdTime>2015-01-12 09:17:59 UTC</createdTime>
<ownerDesignName>HWSInternal_12_01_2015</ownerDesignName>
<nullsAllowed>true</nullsAllowed>
<useDomainConstraints>false</useDomainConstraints>
<use>1</use>
<logicalDatatype>LOGDT034</logicalDatatype>
<dataTypePrecision>1</dataTypePrecision>
<dataTypeScale>0</dataTypeScale>
<dataTypeSize>1</dataTypeSize>
<autoIncrementCycle>false</autoIncrementCycle>
</Column>
<Column name="AdminOnly" id="9620CBFF-0EFD-6501-1140-13068FA43916">
<sourceConnName>HWSInternal</sourceConnName>
<sourceObjSchema>Clinic</sourceObjSchema>
<sourceObjName>AdminOnly</sourceObjName>
<createdBy>david.moore</createdBy>
<createdTime>2015-01-12 09:17:59 UTC</createdTime>
<ownerDesignName>HWSInternal_12_01_2015</ownerDesignName>
<useDomainConstraints>false</useDomainConstraints>
<use>1</use>
<logicalDatatype>LOGDT034</logicalDatatype>
<dataTypePrecision>1</dataTypePrecision>
<dataTypeScale>0</dataTypeScale>
<dataTypeSize>1</dataTypeSize>
<autoIncrementCycle>false</autoIncrementCycle>
</Column>
<Column name="Specialist" id="FBD7DC22-D2A8-0A04-5131-D7012D143CA1">
<sourceConnName>HWSInternal</sourceConnName>
<sourceObjSchema>Clinic</sourceObjSchema>
<sourceObjName>Specialist</sourceObjName>
<createdBy>david.moore</createdBy>
<createdTime>2015-01-12 09:17:59 UTC</createdTime>
<ownerDesignName>HWSInternal_12_01_2015</ownerDesignName>
<useDomainConstraints>false</useDomainConstraints>
<use>1</use>
<logicalDatatype>LOGDT034</logicalDatatype>
<dataTypePrecision>1</dataTypePrecision>
<dataTypeScale>0</dataTypeScale>
<dataTypeSize>1</dataTypeSize>
<autoIncrementCycle>false</autoIncrementCycle>
</Column>
<Column name="OH" id="AFF1F513-26ED-92EC-25D9-B59A22663861">
<sourceConnName>HWSInternal</sourceConnName>
<sourceObjSchema>Clinic</sourceObjSchema>
<sourceObjName>OH</sourceObjName>
<createdBy>david.moore</createdBy>
<createdTime>2015-01-12 09:17:59 UTC</createdTime>
<ownerDesignName>HWSInternal_12_01_2015</ownerDesignName>
<useDomainConstraints>false</useDomainConstraints>
<use>1</use>
<logicalDatatype>LOGDT034</logicalDatatype>
<dataTypePrecision>1</dataTypePrecision>
<dataTypeScale>0</dataTypeScale>
<dataTypeSize>1</dataTypeSize>
<autoIncrementCycle>false</autoIncrementCycle>
</Column>
<Column name="Preferred" id="0AEADF22-BB29-CBB6-7087-F287754E151F">
<sourceConnName>HWSInternal</sourceConnName>
<sourceObjSchema>Clinic</sourceObjSchema>
<sourceObjName>Preferred</sourceObjName>
<createdBy>david.moore</createdBy>
<createdTime>2015-01-12 09:17:59 UTC</createdTime>
<ownerDesignName>HWSInternal_12_01_2015</ownerDesignName>
<useDomainConstraints>false</useDomainConstraints>
<use>1</use>
<logicalDatatype>LOGDT034</logicalDatatype>
<dataTypePrecision>1</dataTypePrecision>
<dataTypeScale>0</dataTypeScale>
<dataTypeSize>1</dataTypeSize>
<autoIncrementCycle>false</autoIncrementCycle>
</Column>
<Column name="Chase" id="96BEA137-CF12-C5F2-9F7E-0C682012D6F8">
<sourceConnName>HWSInternal</sourceConnName>
<sourceObjSchema>Clinic</sourceObjSchema>
<sourceObjName>Chase</sourceObjName>
<createdBy>david.moore</createdBy>
<createdTime>2015-01-12 09:17:59 UTC</createdTime>
<ownerDesignName>HWSInternal_12_01_2015</ownerDesignName>
<useDomainConstraints>false</useDomainConstraints>
<use>1</use>
<logicalDatatype>LOGDT034</logicalDatatype>
<dataTypePrecision>1</dataTypePrecision>
<dataTypeScale>0</dataTypeScale>
<dataTypeSize>1</dataTypeSize>
<autoIncrementCycle>false</autoIncrementCycle>
</Column>
<Column name="BookNow" id="7ABF40D5-4AA4-C4B2-31B5-8BB7A0901AFA">
<sourceConnName>HWSInternal</sourceConnName>
<sourceObjSchema>Clinic</sourceObjSchema>
<sourceObjName>BookNow</sourceObjName>
<createdBy>david.moore</createdBy>
<createdTime>2015-01-12 09:17:59 UTC</createdTime>
<ownerDesignName>HWSInternal_12_01_2015</ownerDesignName>
<useDomainConstraints>false</useDomainConstraints>
<use>1</use>
<logicalDatatype>LOGDT034</logicalDatatype>
<dataTypePrecision>1</dataTypePrecision>
<dataTypeScale>0</dataTypeScale>
<dataTypeSize>1</dataTypeSize>
<autoIncrementCycle>false</autoIncrementCycle>
</Column>
<Column name="HML" id="A81D2E8A-7B3A-0DFD-60B8-239FBE3DEB7B">
<sourceConnName>HWSInternal</sourceConnName>
<sourceObjSchema>Clinic</sourceObjSchema>
<sourceObjName>HML</sourceObjName>
<createdBy>david.moore</createdBy>
<createdTime>2015-01-12 09:17:59 UTC</createdTime>
<ownerDesignName>HWSInternal_12_01_2015</ownerDesignName>
<useDomainConstraints>false</useDomainConstraints>
<use>1</use>
<logicalDatatype>LOGDT034</logicalDatatype>
<dataTypePrecision>1</dataTypePrecision>
<dataTypeScale>0</dataTypeScale>
<dataTypeSize>1</dataTypeSize>
<autoIncrementCycle>false</autoIncrementCycle>
</Column>
<Column name="Onsite" id="21EDC09E-75AE-5BC5-2D69-8E51B1EA5683">
<sourceConnName>HWSInternal</sourceConnName>
<sourceObjSchema>Clinic</sourceObjSchema>
<sourceObjName>Onsite</sourceObjName>
<createdBy>david.moore</createdBy>
<createdTime>2015-01-12 09:17:59 UTC</createdTime>
<ownerDesignName>HWSInternal_12_01_2015</ownerDesignName>
<useDomainConstraints>false</useDomainConstraints>
<use>1</use>
<logicalDatatype>LOGDT034</logicalDatatype>
<dataTypePrecision>1</dataTypePrecision>
<dataTypeScale>0</dataTypeScale>
<dataTypeSize>1</dataTypeSize>
<autoIncrementCycle>false</autoIncrementCycle>
</Column>
<Column name="UpdatedBy" id="2A302F20-7DE2-2E76-8B0C-FE0C3BFE2860">
<sourceConnName>HWSInternal</sourceConnName>
<sourceObjSchema>Clinic</sourceObjSchema>
<sourceObjName>UpdatedBy</sourceObjName>
<createdBy>david.moore</createdBy>
<createdTime>2015-01-12 09:17:59 UTC</createdTime>
<ownerDesignName>HWSInternal_12_01_2015</ownerDesignName>
<nullsAllowed>true</nullsAllowed>
<useDomainConstraints>false</useDomainConstraints>
<use>1</use>
<logicalDatatype>LOGDT024</logicalDatatype>
<dataTypePrecision>30</dataTypePrecision>
<dataTypeScale>0</dataTypeScale>
<dataTypeSize>30</dataTypeSize>
<autoIncrementCycle>false</autoIncrementCycle>
</Column>
<Column name="Updated" id="3AD37C58-AE6C-CAE1-0991-BE33E74CEF8D">
<sourceConnName>HWSInternal</sourceConnName>
<sourceObjSchema>Clinic</sourceObjSchema>
<sourceObjName>Updated</sourceObjName>
<createdBy>david.moore</createdBy>
<createdTime>2015-01-12 09:17:59 UTC</createdTime>
<ownerDesignName>HWSInternal_12_01_2015</ownerDesignName>
<nullsAllowed>true</nullsAllowed>
<useDomainConstraints>false</useDomainConstraints>
<use>1</use>
<logicalDatatype>LOGDT008</logicalDatatype>
<dataTypePrecision>23</dataTypePrecision>
<dataTypeScale>3</dataTypeScale>
<dataTypeSize>8</dataTypeSize>
<autoIncrementCycle>false</autoIncrementCycle>
</Column>
<Column name="CreatedBy" id="B3B56D96-8D9D-00D5-EDF3-A3DD1277001D">
<sourceConnName>HWSInternal</sourceConnName>
<sourceObjSchema>Clinic</sourceObjSchema>
<sourceObjName>CreatedBy</sourceObjName>
<createdBy>david.moore</createdBy>
<createdTime>2015-01-12 09:17:59 UTC</createdTime>
<ownerDesignName>HWSInternal_12_01_2015</ownerDesignName>
<useDomainConstraints>false</useDomainConstraints>
<use>1</use>
<logicalDatatype>LOGDT024</logicalDatatype>
<dataTypePrecision>30</dataTypePrecision>
<dataTypeScale>0</dataTypeScale>
<dataTypeSize>30</dataTypeSize>
<autoIncrementCycle>false</autoIncrementCycle>
</Column>
<Column name="Created" id="70AD003B-5633-EAFB-1FBF-0BCB5E6C8AA5">
<sourceConnName>HWSInternal</sourceConnName>
<sourceObjSchema>Clinic</sourceObjSchema>
<sourceObjName>Created</sourceObjName>
<createdBy>david.moore</createdBy>
<createdTime>2015-01-12 09:17:59 UTC</createdTime>
<ownerDesignName>HWSInternal_12_01_2015</ownerDesignName>
<useDomainConstraints>false</useDomainConstraints>
<use>1</use>
<logicalDatatype>LOGDT008</logicalDatatype>
<dataTypePrecision>23</dataTypePrecision>
<dataTypeScale>3</dataTypeScale>
<dataTypeSize>8</dataTypeSize>
<autoIncrementCycle>false</autoIncrementCycle>
</Column>
</columns>
<indexes itemClass="oracle.dbtools.crest.model.design.relational.Index">
<ind_PK_UK id="9899E42D-8A00-9F5D-35D0-3DEF803BAB53" name="PK__Clinic__3347C2DD4A6E022D">
<sourceConnName>HWSInternal</sourceConnName>
<sourceObjSchema>Clinic</sourceObjSchema>
<sourceObjName>PK__Clinic__3347C2DD4A6E022D</sourceObjName>
<createdBy>david.moore</createdBy>
<createdTime>2015-01-12 09:17:59 UTC</createdTime>
<ownerDesignName>HWSInternal_12_01_2015</ownerDesignName>
<pk>true</pk>
<indexState>Primary Constraint</indexState>
<isSurrogateKey>false</isSurrogateKey>
<indexColumnUsage>
<colUsage columnID="00483A76-036E-6ED5-1DE1-7E785E5240BA"/>
</indexColumnUsage>
</ind_PK_UK>
</indexes>
</Table>