<?xml version = '1.0' encoding = 'UTF-8'?>
<Table class="oracle.dbtools.crest.model.design.relational.Table" directorySegmentName="seg_0" id="3B6B5804-C87A-1355-DEE1-4E75AB67F72A" name="EmployeeDisability">
<sourceConnName>HWSInternal</sourceConnName>
<sourceObjSchema>Referral</sourceObjSchema>
<sourceObjName>EmployeeDisability</sourceObjName>
<createdBy>david.moore</createdBy>
<createdTime>2015-01-12 09:18:00 UTC</createdTime>
<ownerDesignName>HWSInternal_12_01_2015</ownerDesignName>
<schemaObject>D55EDE21-84CF-1CCE-D96A-1EC34081206C</schemaObject>
<allowColumnReorder>false</allowColumnReorder>
<existDependencyGenerateInDDl>true</existDependencyGenerateInDDl>
<columns itemClass="oracle.dbtools.crest.model.design.relational.Column">
<Column name="Id" id="CC0E4E40-8354-5578-62F0-42810FDAB429">
<sourceConnName>HWSInternal</sourceConnName>
<sourceObjSchema>EmployeeDisability</sourceObjSchema>
<sourceObjName>Id</sourceObjName>
<createdBy>david.moore</createdBy>
<createdTime>2015-01-12 09:18:00 UTC</createdTime>
<ownerDesignName>HWSInternal_12_01_2015</ownerDesignName>
<useDomainConstraints>false</useDomainConstraints>
<use>1</use>
<logicalDatatype>LOGDT011</logicalDatatype>
<dataTypePrecision>10</dataTypePrecision>
<dataTypeScale>0</dataTypeScale>
<dataTypeSize>4</dataTypeSize>
<autoIncrementCycle>false</autoIncrementCycle>
</Column>
<Column name="EmployeeId" id="1E316285-7439-878F-EE01-D00A2C58A605">
<sourceConnName>HWSInternal</sourceConnName>
<sourceObjSchema>EmployeeDisability</sourceObjSchema>
<sourceObjName>EmployeeId</sourceObjName>
<createdBy>david.moore</createdBy>
<createdTime>2015-01-12 09:18:00 UTC</createdTime>
<ownerDesignName>HWSInternal_12_01_2015</ownerDesignName>
<useDomainConstraints>false</useDomainConstraints>
<use>1</use>
<logicalDatatype>LOGDT011</logicalDatatype>
<dataTypePrecision>10</dataTypePrecision>
<dataTypeScale>0</dataTypeScale>
<dataTypeSize>4</dataTypeSize>
<delegate>85097F78-AF3B-644A-ACBD-5EE8F119DFC2</delegate>
<autoIncrementCycle>false</autoIncrementCycle>
<associations>
<colAssociation fkAssociation="F6AE18FF-5729-769E-5267-5C086DD7D9FA" referredColumn="85097F78-AF3B-644A-ACBD-5EE8F119DFC2"/>
</associations>
</Column>
<Column name="DisabilityId" id="C38BBACB-BB56-5932-809E-6531B3E8613F">
<sourceConnName>HWSInternal</sourceConnName>
<sourceObjSchema>EmployeeDisability</sourceObjSchema>
<sourceObjName>DisabilityId</sourceObjName>
<createdBy>david.moore</createdBy>
<createdTime>2015-01-12 09:18:00 UTC</createdTime>
<ownerDesignName>HWSInternal_12_01_2015</ownerDesignName>
<useDomainConstraints>false</useDomainConstraints>
<use>1</use>
<logicalDatatype>LOGDT011</logicalDatatype>
<dataTypePrecision>10</dataTypePrecision>
<dataTypeScale>0</dataTypeScale>
<dataTypeSize>4</dataTypeSize>
<delegate>449614BE-5EA3-C78D-5635-38F0A20D84C3</delegate>
<autoIncrementCycle>false</autoIncrementCycle>
<associations>
<colAssociation fkAssociation="419364AC-470F-3C14-3322-F7F7249CCA2B" referredColumn="449614BE-5EA3-C78D-5635-38F0A20D84C3"/>
</associations>
</Column>
</columns>
<indexes itemClass="oracle.dbtools.crest.model.design.relational.Index">
<ind_PK_UK id="E9AB22D6-08B6-6339-807C-DC9B5E2E38CE" name="PK_EmployeeDisability">
<sourceConnName>HWSInternal</sourceConnName>
<sourceObjSchema>Referral</sourceObjSchema>
<sourceObjName>PK_EmployeeDisability</sourceObjName>
<createdBy>david.moore</createdBy>
<createdTime>2015-01-12 09:18:00 UTC</createdTime>
<ownerDesignName>HWSInternal_12_01_2015</ownerDesignName>
<pk>true</pk>
<indexState>Primary Constraint</indexState>
<isSurrogateKey>false</isSurrogateKey>
<indexColumnUsage>
<colUsage columnID="CC0E4E40-8354-5578-62F0-42810FDAB429"/>
</indexColumnUsage>
</ind_PK_UK>
<ind_PK_UK id="BF7182D6-0790-7E0C-6F2A-25C25EFCE6D3" name="FK_EmployeeDisability_Employee">
<createdBy>david.moore</createdBy>
<createdTime>2015-01-12 09:18:00 UTC</createdTime>
<ownerDesignName>HWSInternal_12_01_2015</ownerDesignName>
<indexState>Foreign Key</indexState>
<isSurrogateKey>false</isSurrogateKey>
<indexColumnUsage>
<colUsage columnID="1E316285-7439-878F-EE01-D00A2C58A605"/>
</indexColumnUsage>
</ind_PK_UK>
<ind_PK_UK id="596EAAB1-89C3-C515-8724-1D3F7E90B607" name="FK_EmployeeDisability_LookupItem">
<createdBy>david.moore</createdBy>
<createdTime>2015-01-12 09:18:00 UTC</createdTime>
<ownerDesignName>HWSInternal_12_01_2015</ownerDesignName>
<indexState>Foreign Key</indexState>
<isSurrogateKey>false</isSurrogateKey>
<indexColumnUsage>
<colUsage columnID="C38BBACB-BB56-5932-809E-6531B3E8613F"/>
</indexColumnUsage>
</ind_PK_UK>
</indexes>
</Table>