<?xml version = '1.0' encoding = 'UTF-8'?>
<Table class="oracle.dbtools.crest.model.design.relational.Table" directorySegmentName="seg_0" id="41BDEA63-1F2A-2DD2-50AE-B8A6B606C1B2" name="Referral">
<sourceConnName>HWSInternal</sourceConnName>
<sourceObjSchema>Referral</sourceObjSchema>
<sourceObjName>Referral</sourceObjName>
<createdBy>david.moore</createdBy>
<createdTime>2015-01-12 09:18:00 UTC</createdTime>
<ownerDesignName>HWSInternal_12_01_2015</ownerDesignName>
<schemaObject>D55EDE21-84CF-1CCE-D96A-1EC34081206C</schemaObject>
<allowColumnReorder>false</allowColumnReorder>
<existDependencyGenerateInDDl>true</existDependencyGenerateInDDl>
<columns itemClass="oracle.dbtools.crest.model.design.relational.Column">
<Column name="Id" id="62384C78-45F0-CFDE-6933-8442742BDEB2">
<sourceConnName>HWSInternal</sourceConnName>
<sourceObjSchema>Referral</sourceObjSchema>
<sourceObjName>Id</sourceObjName>
<createdBy>david.moore</createdBy>
<createdTime>2015-01-12 09:18:00 UTC</createdTime>
<ownerDesignName>HWSInternal_12_01_2015</ownerDesignName>
<useDomainConstraints>false</useDomainConstraints>
<use>1</use>
<logicalDatatype>LOGDT011</logicalDatatype>
<dataTypePrecision>10</dataTypePrecision>
<dataTypeScale>0</dataTypeScale>
<dataTypeSize>4</dataTypeSize>
<autoIncrementCycle>false</autoIncrementCycle>
</Column>
<Column name="EmployeeId" id="6762598D-E4F7-82D3-E03D-6199404BB6B1">
<sourceConnName>HWSInternal</sourceConnName>
<sourceObjSchema>Referral</sourceObjSchema>
<sourceObjName>EmployeeId</sourceObjName>
<createdBy>david.moore</createdBy>
<createdTime>2015-01-12 09:18:00 UTC</createdTime>
<ownerDesignName>HWSInternal_12_01_2015</ownerDesignName>
<useDomainConstraints>false</useDomainConstraints>
<use>1</use>
<logicalDatatype>LOGDT011</logicalDatatype>
<dataTypePrecision>10</dataTypePrecision>
<dataTypeScale>0</dataTypeScale>
<dataTypeSize>4</dataTypeSize>
<autoIncrementCycle>false</autoIncrementCycle>
</Column>
<Column name="GeneralPracticionerId" id="4156ACE0-0359-9943-A042-C89198C76695">
<sourceConnName>HWSInternal</sourceConnName>
<sourceObjSchema>Referral</sourceObjSchema>
<sourceObjName>GeneralPracticionerId</sourceObjName>
<createdBy>david.moore</createdBy>
<createdTime>2015-01-12 09:18:00 UTC</createdTime>
<ownerDesignName>HWSInternal_12_01_2015</ownerDesignName>
<useDomainConstraints>false</useDomainConstraints>
<use>1</use>
<logicalDatatype>LOGDT011</logicalDatatype>
<dataTypePrecision>10</dataTypePrecision>
<dataTypeScale>0</dataTypeScale>
<dataTypeSize>4</dataTypeSize>
<delegate>EC140673-6CF2-F9F9-A3F1-401043526299</delegate>
<autoIncrementCycle>false</autoIncrementCycle>
<associations>
<colAssociation fkAssociation="8B00F8B3-1C2A-9387-2EAB-4D423DE3790D" referredColumn="EC140673-6CF2-F9F9-A3F1-401043526299"/>
</associations>
</Column>
<Column name="EmployerId" id="8659820B-182D-CC54-B591-1F78A90F796A">
<sourceConnName>HWSInternal</sourceConnName>
<sourceObjSchema>Referral</sourceObjSchema>
<sourceObjName>EmployerId</sourceObjName>
<createdBy>david.moore</createdBy>
<createdTime>2015-01-12 09:18:00 UTC</createdTime>
<ownerDesignName>HWSInternal_12_01_2015</ownerDesignName>
<useDomainConstraints>false</useDomainConstraints>
<use>1</use>
<logicalDatatype>LOGDT011</logicalDatatype>
<dataTypePrecision>10</dataTypePrecision>
<dataTypeScale>0</dataTypeScale>
<dataTypeSize>4</dataTypeSize>
<delegate>3B6E8561-EC3E-1B40-62DE-C12A2BC9B056</delegate>
<autoIncrementCycle>false</autoIncrementCycle>
<associations>
<colAssociation fkAssociation="ED78496D-2527-07AE-73BB-33BCA423BB61" referredColumn="3B6E8561-EC3E-1B40-62DE-C12A2BC9B056"/>
</associations>
</Column>
<Column name="IsConsentGivenByEmployeeToRefer" id="512D1235-5F47-D365-BC6A-E8397FB6DB62">
<sourceConnName>HWSInternal</sourceConnName>
<sourceObjSchema>Referral</sourceObjSchema>
<sourceObjName>IsConsentGivenByEmployeeToRefer</sourceObjName>
<createdBy>david.moore</createdBy>
<createdTime>2015-01-12 09:18:00 UTC</createdTime>
<ownerDesignName>HWSInternal_12_01_2015</ownerDesignName>
<useDomainConstraints>false</useDomainConstraints>
<use>1</use>
<logicalDatatype>LOGDT034</logicalDatatype>
<dataTypePrecision>1</dataTypePrecision>
<dataTypeScale>0</dataTypeScale>
<dataTypeSize>1</dataTypeSize>
<autoIncrementCycle>false</autoIncrementCycle>
</Column>
<Column name="ReceivedTimestamp" id="7BB4D593-BE1C-D7D8-EB3D-1185C8D32FCB">
<sourceConnName>HWSInternal</sourceConnName>
<sourceObjSchema>Referral</sourceObjSchema>
<sourceObjName>ReceivedTimestamp</sourceObjName>
<createdBy>david.moore</createdBy>
<createdTime>2015-01-12 09:18:00 UTC</createdTime>
<ownerDesignName>HWSInternal_12_01_2015</ownerDesignName>
<nullsAllowed>true</nullsAllowed>
<useDomainConstraints>false</useDomainConstraints>
<use>1</use>
<logicalDatatype>LOGDT008</logicalDatatype>
<dataTypePrecision>23</dataTypePrecision>
<dataTypeScale>3</dataTypeScale>
<dataTypeSize>8</dataTypeSize>
<autoIncrementCycle>false</autoIncrementCycle>
</Column>
<Column name="DiagnosisFromFitNote" id="34824442-A451-B424-26B7-CC43BFC0E578">
<sourceConnName>HWSInternal</sourceConnName>
<sourceObjSchema>Referral</sourceObjSchema>
<sourceObjName>DiagnosisFromFitNote</sourceObjName>
<createdBy>david.moore</createdBy>
<createdTime>2015-01-12 09:18:00 UTC</createdTime>
<ownerDesignName>HWSInternal_12_01_2015</ownerDesignName>
<nullsAllowed>true</nullsAllowed>
<useDomainConstraints>false</useDomainConstraints>
<use>1</use>
<logicalDatatype>LOGDT024</logicalDatatype>
<dataTypePrecision>500</dataTypePrecision>
<dataTypeScale>0</dataTypeScale>
<dataTypeSize>500</dataTypeSize>
<autoIncrementCycle>false</autoIncrementCycle>
</Column>
<Column name="FitNoteEndDate" id="1D7E558B-DFCA-AEDA-BA3C-17BEF28D0643">
<sourceConnName>HWSInternal</sourceConnName>
<sourceObjSchema>Referral</sourceObjSchema>
<sourceObjName>FitNoteEndDate</sourceObjName>
<createdBy>david.moore</createdBy>
<createdTime>2015-01-12 09:18:00 UTC</createdTime>
<ownerDesignName>HWSInternal_12_01_2015</ownerDesignName>
<nullsAllowed>true</nullsAllowed>
<useDomainConstraints>false</useDomainConstraints>
<use>1</use>
<logicalDatatype>LOGDT007</logicalDatatype>
<dataTypePrecision>10</dataTypePrecision>
<dataTypeScale>0</dataTypeScale>
<dataTypeSize>3</dataTypeSize>
<autoIncrementCycle>false</autoIncrementCycle>
</Column>
<Column name="ReferralId" id="7FF0D6FA-CFB4-2084-4075-705DDC2D7439">
<sourceConnName>HWSInternal</sourceConnName>
<sourceObjSchema>Referral</sourceObjSchema>
<sourceObjName>ReferralId</sourceObjName>
<createdBy>david.moore</createdBy>
<createdTime>2015-01-12 09:18:00 UTC</createdTime>
<ownerDesignName>HWSInternal_12_01_2015</ownerDesignName>
<nullsAllowed>true</nullsAllowed>
<useDomainConstraints>false</useDomainConstraints>
<use>1</use>
<logicalDatatype>LOGDT024</logicalDatatype>
<dataTypePrecision>20</dataTypePrecision>
<dataTypeScale>0</dataTypeScale>
<dataTypeSize>20</dataTypeSize>
<autoIncrementCycle>false</autoIncrementCycle>
</Column>
<Column name="ReferralSourceId" id="A6CDB032-C867-79D8-A9AB-E7ED7E5D1BB8">
<sourceConnName>HWSInternal</sourceConnName>
<sourceObjSchema>Referral</sourceObjSchema>
<sourceObjName>ReferralSourceId</sourceObjName>
<createdBy>david.moore</createdBy>
<createdTime>2015-01-12 09:18:00 UTC</createdTime>
<ownerDesignName>HWSInternal_12_01_2015</ownerDesignName>
<nullsAllowed>true</nullsAllowed>
<useDomainConstraints>false</useDomainConstraints>
<use>1</use>
<logicalDatatype>LOGDT011</logicalDatatype>
<dataTypePrecision>10</dataTypePrecision>
<dataTypeScale>0</dataTypeScale>
<dataTypeSize>4</dataTypeSize>
<autoIncrementCycle>false</autoIncrementCycle>
</Column>
<Column name="ReferralEligibilityId" id="770AEEB5-74A5-D1C0-C2EF-1094017D42C2">
<sourceConnName>HWSInternal</sourceConnName>
<sourceObjSchema>Referral</sourceObjSchema>
<sourceObjName>ReferralEligibilityId</sourceObjName>
<createdBy>david.moore</createdBy>
<createdTime>2015-01-12 09:18:00 UTC</createdTime>
<ownerDesignName>HWSInternal_12_01_2015</ownerDesignName>
<useDomainConstraints>false</useDomainConstraints>
<use>1</use>
<logicalDatatype>LOGDT011</logicalDatatype>
<dataTypePrecision>10</dataTypePrecision>
<dataTypeScale>0</dataTypeScale>
<dataTypeSize>4</dataTypeSize>
<delegate>E17A50ED-0E4C-8E16-DF92-2EFFB7445B78</delegate>
<autoIncrementCycle>false</autoIncrementCycle>
<associations>
<colAssociation fkAssociation="51F0C93F-73A2-1AC9-A4C5-9CB76E23F5B8" referredColumn="E17A50ED-0E4C-8E16-DF92-2EFFB7445B78"/>
</associations>
</Column>
<Column name="CreatedByUser" id="7D35711F-E66E-9613-031C-2B7D6A867CC2">
<sourceConnName>HWSInternal</sourceConnName>
<sourceObjSchema>Referral</sourceObjSchema>
<sourceObjName>CreatedByUser</sourceObjName>
<createdBy>david.moore</createdBy>
<createdTime>2015-01-12 09:18:00 UTC</createdTime>
<ownerDesignName>HWSInternal_12_01_2015</ownerDesignName>
<nullsAllowed>true</nullsAllowed>
<useDomainConstraints>false</useDomainConstraints>
<use>1</use>
<logicalDatatype>LOGDT024</logicalDatatype>
<dataTypePrecision>50</dataTypePrecision>
<dataTypeScale>0</dataTypeScale>
<dataTypeSize>50</dataTypeSize>
<autoIncrementCycle>false</autoIncrementCycle>
</Column>
<Column name="ReasonForReferral" id="1D1D4857-D629-F220-1B45-49D5858C5EBD">
<sourceConnName>HWSInternal</sourceConnName>
<sourceObjSchema>Referral</sourceObjSchema>
<sourceObjName>ReasonForReferral</sourceObjName>
<createdBy>david.moore</createdBy>
<createdTime>2015-01-12 09:18:00 UTC</createdTime>
<ownerDesignName>HWSInternal_12_01_2015</ownerDesignName>
<nullsAllowed>true</nullsAllowed>
<useDomainConstraints>false</useDomainConstraints>
<use>1</use>
<logicalDatatype>LOGDT024</logicalDatatype>
<dataTypePrecision>512</dataTypePrecision>
<dataTypeScale>0</dataTypeScale>
<dataTypeSize>512</dataTypeSize>
<autoIncrementCycle>false</autoIncrementCycle>
</Column>
<Column name="AbsenceStartDate" id="8478E4B5-3C76-75A4-377E-90771193D290">
<sourceConnName>HWSInternal</sourceConnName>
<sourceObjSchema>Referral</sourceObjSchema>
<sourceObjName>AbsenceStartDate</sourceObjName>
<createdBy>david.moore</createdBy>
<createdTime>2015-01-12 09:18:00 UTC</createdTime>
<ownerDesignName>HWSInternal_12_01_2015</ownerDesignName>
<nullsAllowed>true</nullsAllowed>
<useDomainConstraints>false</useDomainConstraints>
<use>1</use>
<logicalDatatype>LOGDT007</logicalDatatype>
<dataTypePrecision>10</dataTypePrecision>
<dataTypeScale>0</dataTypeScale>
<dataTypeSize>3</dataTypeSize>
<autoIncrementCycle>false</autoIncrementCycle>
</Column>
<Column name="MainHealthCondition" id="7F6452EB-1331-F49E-C7FB-8DA8AD947000">
<sourceConnName>HWSInternal</sourceConnName>
<sourceObjSchema>Referral</sourceObjSchema>
<sourceObjName>MainHealthCondition</sourceObjName>
<createdBy>david.moore</createdBy>
<createdTime>2015-01-12 09:18:00 UTC</createdTime>
<ownerDesignName>HWSInternal_12_01_2015</ownerDesignName>
<nullsAllowed>true</nullsAllowed>
<useDomainConstraints>false</useDomainConstraints>
<use>1</use>
<logicalDatatype>LOGDT024</logicalDatatype>
<dataTypePrecision>20</dataTypePrecision>
<dataTypeScale>0</dataTypeScale>
<dataTypeSize>20</dataTypeSize>
<autoIncrementCycle>false</autoIncrementCycle>
</Column>
<Column name="FurtherInfo" id="17F5FFC2-659F-6E21-E18D-CA6693069477">
<sourceConnName>HWSInternal</sourceConnName>
<sourceObjSchema>Referral</sourceObjSchema>
<sourceObjName>FurtherInfo</sourceObjName>
<createdBy>david.moore</createdBy>
<createdTime>2015-01-12 09:18:00 UTC</createdTime>
<ownerDesignName>HWSInternal_12_01_2015</ownerDesignName>
<nullsAllowed>true</nullsAllowed>
<useDomainConstraints>false</useDomainConstraints>
<use>1</use>
<logicalDatatype>LOGDT024</logicalDatatype>
<dataTypePrecision>500</dataTypePrecision>
<dataTypeScale>0</dataTypeScale>
<dataTypeSize>500</dataTypeSize>
<autoIncrementCycle>false</autoIncrementCycle>
</Column>
<Column name="ReferrerType" id="54C2BDEB-C31C-6A3B-276B-11C51BDBBA2E">
<sourceConnName>HWSInternal</sourceConnName>
<sourceObjSchema>Referral</sourceObjSchema>
<sourceObjName>ReferrerType</sourceObjName>
<createdBy>david.moore</createdBy>
<createdTime>2015-01-12 09:18:00 UTC</createdTime>
<ownerDesignName>HWSInternal_12_01_2015</ownerDesignName>
<useDomainConstraints>false</useDomainConstraints>
<use>1</use>
<logicalDatatype>LOGDT037</logicalDatatype>
<dataTypePrecision>2</dataTypePrecision>
<dataTypeScale>0</dataTypeScale>
<dataTypeSize>2</dataTypeSize>
<autoIncrementCycle>false</autoIncrementCycle>
</Column>
<Column name="ReturnToWorkDate" id="32A16EB6-B376-68B5-2856-5723708E72F9">
<sourceConnName>HWSInternal</sourceConnName>
<sourceObjSchema>Referral</sourceObjSchema>
<sourceObjName>ReturnToWorkDate</sourceObjName>
<createdBy>david.moore</createdBy>
<createdTime>2015-01-12 09:18:00 UTC</createdTime>
<ownerDesignName>HWSInternal_12_01_2015</ownerDesignName>
<nullsAllowed>true</nullsAllowed>
<useDomainConstraints>false</useDomainConstraints>
<use>1</use>
<logicalDatatype>LOGDT008</logicalDatatype>
<dataTypePrecision>23</dataTypePrecision>
<dataTypeScale>3</dataTypeScale>
<dataTypeSize>8</dataTypeSize>
<autoIncrementCycle>false</autoIncrementCycle>
</Column>
<Column name="IsReceivingFitNote" id="65E55AF8-6BFD-3402-C155-07F53B7F062F">
<sourceConnName>HWSInternal</sourceConnName>
<sourceObjSchema>Referral</sourceObjSchema>
<sourceObjName>IsReceivingFitNote</sourceObjName>
<createdBy>david.moore</createdBy>
<createdTime>2015-01-12 09:18:00 UTC</createdTime>
<ownerDesignName>HWSInternal_12_01_2015</ownerDesignName>
<nullsAllowed>true</nullsAllowed>
<useDomainConstraints>false</useDomainConstraints>
<use>1</use>
<logicalDatatype>LOGDT034</logicalDatatype>
<dataTypePrecision>1</dataTypePrecision>
<dataTypeScale>0</dataTypeScale>
<dataTypeSize>1</dataTypeSize>
<autoIncrementCycle>false</autoIncrementCycle>
</Column>
<Column name="NoFitNoteReason" id="38DD3D8D-A814-09BD-D34E-78E94892BCB1">
<sourceConnName>HWSInternal</sourceConnName>
<sourceObjSchema>Referral</sourceObjSchema>
<sourceObjName>NoFitNoteReason</sourceObjName>
<createdBy>david.moore</createdBy>
<createdTime>2015-01-12 09:18:00 UTC</createdTime>
<ownerDesignName>HWSInternal_12_01_2015</ownerDesignName>
<nullsAllowed>true</nullsAllowed>
<useDomainConstraints>false</useDomainConstraints>
<use>1</use>
<logicalDatatype>LOGDT024</logicalDatatype>
<dataTypePrecision>200</dataTypePrecision>
<dataTypeScale>0</dataTypeScale>
<dataTypeSize>200</dataTypeSize>
<autoIncrementCycle>false</autoIncrementCycle>
</Column>
</columns>
<indexes itemClass="oracle.dbtools.crest.model.design.relational.Index">
<ind_PK_UK id="C5EA002C-2A21-A59E-9D22-1DBD7DBA9CED" name="PK_Referral">
<sourceConnName>HWSInternal</sourceConnName>
<sourceObjSchema>Referral</sourceObjSchema>
<sourceObjName>PK_Referral</sourceObjName>
<createdBy>david.moore</createdBy>
<createdTime>2015-01-12 09:18:00 UTC</createdTime>
<ownerDesignName>HWSInternal_12_01_2015</ownerDesignName>
<pk>true</pk>
<indexState>Primary Constraint</indexState>
<isSurrogateKey>false</isSurrogateKey>
<indexColumnUsage>
<colUsage columnID="62384C78-45F0-CFDE-6933-8442742BDEB2"/>
</indexColumnUsage>
</ind_PK_UK>
<ind_PK_UK id="1D6D1B62-9FF5-CA94-3110-CC8D79F127CE" name="FK_Referral_ReferralEligibility">
<createdBy>david.moore</createdBy>
<createdTime>2015-01-12 09:18:00 UTC</createdTime>
<ownerDesignName>HWSInternal_12_01_2015</ownerDesignName>
<indexState>Foreign Key</indexState>
<isSurrogateKey>false</isSurrogateKey>
<indexColumnUsage>
<colUsage columnID="770AEEB5-74A5-D1C0-C2EF-1094017D42C2"/>
</indexColumnUsage>
</ind_PK_UK>
<ind_PK_UK id="246AEA44-EA84-3045-4FDF-1B98136ED856" name="FK_Referral_Employer">
<createdBy>david.moore</createdBy>
<createdTime>2015-01-12 09:18:00 UTC</createdTime>
<ownerDesignName>HWSInternal_12_01_2015</ownerDesignName>
<indexState>Foreign Key</indexState>
<isSurrogateKey>false</isSurrogateKey>
<indexColumnUsage>
<colUsage columnID="8659820B-182D-CC54-B591-1F78A90F796A"/>
</indexColumnUsage>
</ind_PK_UK>
<ind_PK_UK id="43649760-EA9C-5ACE-90B7-FCDAFBF15A48" name="FK_Referral_GeneralPractitioner">
<createdBy>david.moore</createdBy>
<createdTime>2015-01-12 09:18:00 UTC</createdTime>
<ownerDesignName>HWSInternal_12_01_2015</ownerDesignName>
<indexState>Foreign Key</indexState>
<isSurrogateKey>false</isSurrogateKey>
<indexColumnUsage>
<colUsage columnID="4156ACE0-0359-9943-A042-C89198C76695"/>
</indexColumnUsage>
</ind_PK_UK>
</indexes>
</Table>