<?xml version = '1.0' encoding = 'UTF-8'?>
<Table class="oracle.dbtools.crest.model.design.relational.Table" directorySegmentName="seg_0" id="4D4E72EB-BB9A-C92E-8E39-54BBE4C0E31D" name="QuestionnaireQuestionAnswer">
<sourceConnName>HWSInternal</sourceConnName>
<sourceObjSchema>Assessment</sourceObjSchema>
<sourceObjName>QuestionnaireQuestionAnswer</sourceObjName>
<createdBy>david.moore</createdBy>
<createdTime>2015-01-12 09:17:59 UTC</createdTime>
<ownerDesignName>HWSInternal_12_01_2015</ownerDesignName>
<schemaObject>B90B0C67-4171-102C-BB60-3A0BF7A3B726</schemaObject>
<allowColumnReorder>false</allowColumnReorder>
<existDependencyGenerateInDDl>true</existDependencyGenerateInDDl>
<columns itemClass="oracle.dbtools.crest.model.design.relational.Column">
<Column name="Id" id="9E395C23-1D58-79EA-5E1D-19CE79BC2858">
<sourceConnName>HWSInternal</sourceConnName>
<sourceObjSchema>QuestionnaireQuestionAnswer</sourceObjSchema>
<sourceObjName>Id</sourceObjName>
<createdBy>david.moore</createdBy>
<createdTime>2015-01-12 09:17:59 UTC</createdTime>
<ownerDesignName>HWSInternal_12_01_2015</ownerDesignName>
<useDomainConstraints>false</useDomainConstraints>
<use>1</use>
<logicalDatatype>LOGDT011</logicalDatatype>
<dataTypePrecision>10</dataTypePrecision>
<dataTypeScale>0</dataTypeScale>
<dataTypeSize>4</dataTypeSize>
<autoIncrementCycle>false</autoIncrementCycle>
</Column>
<Column name="QuestionnaireQuestionId" id="D338067D-D4EA-5315-9F5F-84C51CEF0F22">
<sourceConnName>HWSInternal</sourceConnName>
<sourceObjSchema>QuestionnaireQuestionAnswer</sourceObjSchema>
<sourceObjName>QuestionnaireQuestionId</sourceObjName>
<createdBy>david.moore</createdBy>
<createdTime>2015-01-12 09:17:59 UTC</createdTime>
<ownerDesignName>HWSInternal_12_01_2015</ownerDesignName>
<useDomainConstraints>false</useDomainConstraints>
<use>1</use>
<logicalDatatype>LOGDT011</logicalDatatype>
<dataTypePrecision>10</dataTypePrecision>
<dataTypeScale>0</dataTypeScale>
<dataTypeSize>4</dataTypeSize>
<delegate>9B85C926-D11F-FD28-ECB7-92A1133A90FC</delegate>
<autoIncrementCycle>false</autoIncrementCycle>
<associations>
<colAssociation fkAssociation="77BC6638-7C0F-DB85-09C5-7724AEAD5F83" referredColumn="9B85C926-D11F-FD28-ECB7-92A1133A90FC"/>
</associations>
</Column>
<Column name="QuestionnaireAnswerId" id="8FC812F8-B71C-E0A6-18D7-1C3FF93FFB69">
<sourceConnName>HWSInternal</sourceConnName>
<sourceObjSchema>QuestionnaireQuestionAnswer</sourceObjSchema>
<sourceObjName>QuestionnaireAnswerId</sourceObjName>
<createdBy>david.moore</createdBy>
<createdTime>2015-01-12 09:17:59 UTC</createdTime>
<ownerDesignName>HWSInternal_12_01_2015</ownerDesignName>
<useDomainConstraints>false</useDomainConstraints>
<use>1</use>
<logicalDatatype>LOGDT011</logicalDatatype>
<dataTypePrecision>10</dataTypePrecision>
<dataTypeScale>0</dataTypeScale>
<dataTypeSize>4</dataTypeSize>
<delegate>F2BB627E-2185-ABD5-78FE-0EF824143F1C</delegate>
<autoIncrementCycle>false</autoIncrementCycle>
<associations>
<colAssociation fkAssociation="CEAACA57-3D73-4CFC-8627-2E884E90CACF" referredColumn="F2BB627E-2185-ABD5-78FE-0EF824143F1C"/>
</associations>
</Column>
</columns>
<indexes itemClass="oracle.dbtools.crest.model.design.relational.Index">
<ind_PK_UK id="ED3297A1-6480-9969-12A8-0F227E902045" name="PK_QuestionnaireQuestionAnswer">
<sourceConnName>HWSInternal</sourceConnName>
<sourceObjSchema>Assessment</sourceObjSchema>
<sourceObjName>PK_QuestionnaireQuestionAnswer</sourceObjName>
<createdBy>david.moore</createdBy>
<createdTime>2015-01-12 09:17:59 UTC</createdTime>
<ownerDesignName>HWSInternal_12_01_2015</ownerDesignName>
<pk>true</pk>
<indexState>Primary Constraint</indexState>
<isSurrogateKey>false</isSurrogateKey>
<indexColumnUsage>
<colUsage columnID="9E395C23-1D58-79EA-5E1D-19CE79BC2858"/>
</indexColumnUsage>
</ind_PK_UK>
<ind_PK_UK id="78378FE2-4B24-DA90-C03D-631352F55486" name="FK_QuestionnaireQuestionAnswer_QuestionnaireQuestion">
<createdBy>david.moore</createdBy>
<createdTime>2015-01-12 09:18:00 UTC</createdTime>
<ownerDesignName>HWSInternal_12_01_2015</ownerDesignName>
<indexState>Foreign Key</indexState>
<isSurrogateKey>false</isSurrogateKey>
<indexColumnUsage>
<colUsage columnID="D338067D-D4EA-5315-9F5F-84C51CEF0F22"/>
</indexColumnUsage>
</ind_PK_UK>
<ind_PK_UK id="34750965-5CB3-2239-A74B-1690865F9AD9" name="FK_QuestionnaireQuestionAnswer_QuestionnaireAnswer">
<createdBy>david.moore</createdBy>
<createdTime>2015-01-12 09:18:00 UTC</createdTime>
<ownerDesignName>HWSInternal_12_01_2015</ownerDesignName>
<indexState>Foreign Key</indexState>
<isSurrogateKey>false</isSurrogateKey>
<indexColumnUsage>
<colUsage columnID="8FC812F8-B71C-E0A6-18D7-1C3FF93FFB69"/>
</indexColumnUsage>
</ind_PK_UK>
</indexes>
</Table>