<?xml version = '1.0' encoding = 'UTF-8'?>
<Table class="oracle.dbtools.crest.model.design.relational.Table" directorySegmentName="seg_0" id="4E230294-6733-5A2D-C009-7153D4FED2B0" name="QuestionTemplate">
<sourceConnName>HWSInternal</sourceConnName>
<sourceObjSchema>Assessment</sourceObjSchema>
<sourceObjName>QuestionTemplate</sourceObjName>
<createdBy>david.moore</createdBy>
<createdTime>2015-01-12 09:17:59 UTC</createdTime>
<ownerDesignName>HWSInternal_12_01_2015</ownerDesignName>
<schemaObject>B90B0C67-4171-102C-BB60-3A0BF7A3B726</schemaObject>
<allowColumnReorder>false</allowColumnReorder>
<existDependencyGenerateInDDl>true</existDependencyGenerateInDDl>
<columns itemClass="oracle.dbtools.crest.model.design.relational.Column">
<Column name="Id" id="5A7B6A47-8A45-4B2C-5530-47DB04C1D73E">
<sourceConnName>HWSInternal</sourceConnName>
<sourceObjSchema>QuestionTemplate</sourceObjSchema>
<sourceObjName>Id</sourceObjName>
<createdBy>david.moore</createdBy>
<createdTime>2015-01-12 09:17:59 UTC</createdTime>
<ownerDesignName>HWSInternal_12_01_2015</ownerDesignName>
<useDomainConstraints>false</useDomainConstraints>
<use>1</use>
<logicalDatatype>LOGDT011</logicalDatatype>
<dataTypePrecision>10</dataTypePrecision>
<dataTypeScale>0</dataTypeScale>
<dataTypeSize>4</dataTypeSize>
<autoIncrementCycle>false</autoIncrementCycle>
</Column>
<Column name="Name" id="02969865-F59E-35EE-70AD-E7CC7006BDD1">
<sourceConnName>HWSInternal</sourceConnName>
<sourceObjSchema>QuestionTemplate</sourceObjSchema>
<sourceObjName>Name</sourceObjName>
<createdBy>david.moore</createdBy>
<createdTime>2015-01-12 09:17:59 UTC</createdTime>
<ownerDesignName>HWSInternal_12_01_2015</ownerDesignName>
<useDomainConstraints>false</useDomainConstraints>
<use>1</use>
<logicalDatatype>LOGDT024</logicalDatatype>
<dataTypePrecision>50</dataTypePrecision>
<dataTypeScale>0</dataTypeScale>
<dataTypeSize>50</dataTypeSize>
<autoIncrementCycle>false</autoIncrementCycle>
</Column>
<Column name="QuestionText" id="F75453B5-1C3D-4D62-3A5B-157C77A7FE31">
<sourceConnName>HWSInternal</sourceConnName>
<sourceObjSchema>QuestionTemplate</sourceObjSchema>
<sourceObjName>QuestionText</sourceObjName>
<createdBy>david.moore</createdBy>
<createdTime>2015-01-12 09:17:59 UTC</createdTime>
<ownerDesignName>HWSInternal_12_01_2015</ownerDesignName>
<useDomainConstraints>false</useDomainConstraints>
<use>1</use>
<logicalDatatype>LOGDT024</logicalDatatype>
<dataTypePrecision>250</dataTypePrecision>
<dataTypeScale>0</dataTypeScale>
<dataTypeSize>250</dataTypeSize>
<autoIncrementCycle>false</autoIncrementCycle>
</Column>
<Column name="QuestionGuidance" id="56FB47AB-C3E6-F06C-86CB-1D1AB62990A4">
<sourceConnName>HWSInternal</sourceConnName>
<sourceObjSchema>QuestionTemplate</sourceObjSchema>
<sourceObjName>QuestionGuidance</sourceObjName>
<createdBy>david.moore</createdBy>
<createdTime>2015-01-12 09:17:59 UTC</createdTime>
<ownerDesignName>HWSInternal_12_01_2015</ownerDesignName>
<nullsAllowed>true</nullsAllowed>
<useDomainConstraints>false</useDomainConstraints>
<use>1</use>
<logicalDatatype>LOGDT024</logicalDatatype>
<dataTypePrecision>500</dataTypePrecision>
<dataTypeScale>0</dataTypeScale>
<dataTypeSize>500</dataTypeSize>
<autoIncrementCycle>false</autoIncrementCycle>
</Column>
<Column name="LookupId" id="857B54C1-E25C-517D-81D0-E5833A0D64D3">
<sourceConnName>HWSInternal</sourceConnName>
<sourceObjSchema>QuestionTemplate</sourceObjSchema>
<sourceObjName>LookupId</sourceObjName>
<createdBy>david.moore</createdBy>
<createdTime>2015-01-12 09:17:59 UTC</createdTime>
<ownerDesignName>HWSInternal_12_01_2015</ownerDesignName>
<nullsAllowed>true</nullsAllowed>
<useDomainConstraints>false</useDomainConstraints>
<use>1</use>
<logicalDatatype>LOGDT011</logicalDatatype>
<dataTypePrecision>10</dataTypePrecision>
<dataTypeScale>0</dataTypeScale>
<dataTypeSize>4</dataTypeSize>
<delegate>8ECB2ABE-0863-389A-43DD-20245843D87A</delegate>
<autoIncrementCycle>false</autoIncrementCycle>
<associations>
<colAssociation fkAssociation="CF42D00D-BF6C-AC71-3122-15CD1CB67A5F" referredColumn="8ECB2ABE-0863-389A-43DD-20245843D87A"/>
</associations>
</Column>
<Column name="HasFreetext" id="74B5878D-404F-150B-3516-E4CB16D4D72D">
<sourceConnName>HWSInternal</sourceConnName>
<sourceObjSchema>QuestionTemplate</sourceObjSchema>
<sourceObjName>HasFreetext</sourceObjName>
<createdBy>david.moore</createdBy>
<createdTime>2015-01-12 09:17:59 UTC</createdTime>
<ownerDesignName>HWSInternal_12_01_2015</ownerDesignName>
<useDomainConstraints>false</useDomainConstraints>
<use>1</use>
<logicalDatatype>LOGDT034</logicalDatatype>
<dataTypePrecision>1</dataTypePrecision>
<dataTypeScale>0</dataTypeScale>
<dataTypeSize>1</dataTypeSize>
<autoIncrementCycle>false</autoIncrementCycle>
</Column>
<Column name="HasMultipleAnswers" id="4EC69FB6-B061-4C0C-6F02-CB6A86D2F834">
<sourceConnName>HWSInternal</sourceConnName>
<sourceObjSchema>QuestionTemplate</sourceObjSchema>
<sourceObjName>HasMultipleAnswers</sourceObjName>
<createdBy>david.moore</createdBy>
<createdTime>2015-01-12 09:17:59 UTC</createdTime>
<ownerDesignName>HWSInternal_12_01_2015</ownerDesignName>
<useDomainConstraints>false</useDomainConstraints>
<use>1</use>
<logicalDatatype>LOGDT034</logicalDatatype>
<dataTypePrecision>1</dataTypePrecision>
<dataTypeScale>0</dataTypeScale>
<dataTypeSize>1</dataTypeSize>
<autoIncrementCycle>false</autoIncrementCycle>
</Column>
<Column name="HasYesNo" id="A1278E3E-CEDC-E6AA-1ED5-E7E79678A5CD">
<sourceConnName>HWSInternal</sourceConnName>
<sourceObjSchema>QuestionTemplate</sourceObjSchema>
<sourceObjName>HasYesNo</sourceObjName>
<createdBy>david.moore</createdBy>
<createdTime>2015-01-12 09:17:59 UTC</createdTime>
<ownerDesignName>HWSInternal_12_01_2015</ownerDesignName>
<useDomainConstraints>false</useDomainConstraints>
<use>1</use>
<logicalDatatype>LOGDT034</logicalDatatype>
<dataTypePrecision>1</dataTypePrecision>
<dataTypeScale>0</dataTypeScale>
<dataTypeSize>1</dataTypeSize>
<autoIncrementCycle>false</autoIncrementCycle>
</Column>
</columns>
<indexes itemClass="oracle.dbtools.crest.model.design.relational.Index">
<ind_PK_UK id="B2AA1724-90B8-B66D-E720-843923CFECA1" name="PK_AssessmentQuestion">
<sourceConnName>HWSInternal</sourceConnName>
<sourceObjSchema>Assessment</sourceObjSchema>
<sourceObjName>PK_AssessmentQuestion</sourceObjName>
<createdBy>david.moore</createdBy>
<createdTime>2015-01-12 09:17:59 UTC</createdTime>
<ownerDesignName>HWSInternal_12_01_2015</ownerDesignName>
<pk>true</pk>
<indexState>Primary Constraint</indexState>
<isSurrogateKey>false</isSurrogateKey>
<indexColumnUsage>
<colUsage columnID="5A7B6A47-8A45-4B2C-5530-47DB04C1D73E"/>
</indexColumnUsage>
</ind_PK_UK>
<ind_PK_UK id="10189AEC-777C-4466-0BB1-A1017335C291" name="FK_QuestionTemplate_Lookup">
<createdBy>david.moore</createdBy>
<createdTime>2015-01-12 09:18:00 UTC</createdTime>
<ownerDesignName>HWSInternal_12_01_2015</ownerDesignName>
<indexState>Foreign Key</indexState>
<isSurrogateKey>false</isSurrogateKey>
<indexColumnUsage>
<colUsage columnID="857B54C1-E25C-517D-81D0-E5833A0D64D3"/>
</indexColumnUsage>
</ind_PK_UK>
</indexes>
</Table>