<?xml version = '1.0' encoding = 'UTF-8'?>
<Table class="oracle.dbtools.crest.model.design.relational.Table" directorySegmentName="seg_0" id="518F1E60-EED0-77AE-9000-39E39489D3AB" name="ReturnToWorkPlan">
<sourceConnName>HWSInternal</sourceConnName>
<sourceObjSchema>Assessment</sourceObjSchema>
<sourceObjName>ReturnToWorkPlan</sourceObjName>
<createdBy>david.moore</createdBy>
<createdTime>2015-01-12 09:17:58 UTC</createdTime>
<ownerDesignName>HWSInternal_12_01_2015</ownerDesignName>
<schemaObject>B90B0C67-4171-102C-BB60-3A0BF7A3B726</schemaObject>
<allowColumnReorder>false</allowColumnReorder>
<existDependencyGenerateInDDl>true</existDependencyGenerateInDDl>
<columns itemClass="oracle.dbtools.crest.model.design.relational.Column">
<Column name="Id" id="C3B6AD54-87FD-B7EC-9B49-F21CB8454B9D">
<sourceConnName>HWSInternal</sourceConnName>
<sourceObjSchema>ReturnToWorkPlan</sourceObjSchema>
<sourceObjName>Id</sourceObjName>
<createdBy>david.moore</createdBy>
<createdTime>2015-01-12 09:17:58 UTC</createdTime>
<ownerDesignName>HWSInternal_12_01_2015</ownerDesignName>
<useDomainConstraints>false</useDomainConstraints>
<use>1</use>
<logicalDatatype>LOGDT011</logicalDatatype>
<dataTypePrecision>10</dataTypePrecision>
<dataTypeScale>0</dataTypeScale>
<dataTypeSize>4</dataTypeSize>
<autoIncrementCycle>false</autoIncrementCycle>
</Column>
<Column name="AssessmentId" id="BF2F6370-C96A-2149-33F3-5C170E688B48">
<sourceConnName>HWSInternal</sourceConnName>
<sourceObjSchema>ReturnToWorkPlan</sourceObjSchema>
<sourceObjName>AssessmentId</sourceObjName>
<createdBy>david.moore</createdBy>
<createdTime>2015-01-12 09:17:58 UTC</createdTime>
<ownerDesignName>HWSInternal_12_01_2015</ownerDesignName>
<nullsAllowed>true</nullsAllowed>
<useDomainConstraints>false</useDomainConstraints>
<use>1</use>
<logicalDatatype>LOGDT011</logicalDatatype>
<dataTypePrecision>10</dataTypePrecision>
<dataTypeScale>0</dataTypeScale>
<dataTypeSize>4</dataTypeSize>
<delegate>FD9F416B-4E89-7279-486E-69B774DC65F4</delegate>
<autoIncrementCycle>false</autoIncrementCycle>
<associations>
<colAssociation fkAssociation="0D03C1B7-E7E9-5D8D-2A35-54EB57F27CAA" referredColumn="FD9F416B-4E89-7279-486E-69B774DC65F4"/>
</associations>
</Column>
<Column name="FitStatusId" id="28E0BD58-42F0-439F-10E5-ED34291C854E">
<sourceConnName>HWSInternal</sourceConnName>
<sourceObjSchema>ReturnToWorkPlan</sourceObjSchema>
<sourceObjName>FitStatusId</sourceObjName>
<createdBy>david.moore</createdBy>
<createdTime>2015-01-12 09:17:58 UTC</createdTime>
<ownerDesignName>HWSInternal_12_01_2015</ownerDesignName>
<nullsAllowed>true</nullsAllowed>
<useDomainConstraints>false</useDomainConstraints>
<use>1</use>
<logicalDatatype>LOGDT011</logicalDatatype>
<dataTypePrecision>10</dataTypePrecision>
<dataTypeScale>0</dataTypeScale>
<dataTypeSize>4</dataTypeSize>
<delegate>DEF55876-92A0-458C-D642-7FFE8871E26B</delegate>
<autoIncrementCycle>false</autoIncrementCycle>
<associations>
<colAssociation fkAssociation="69335A68-777F-0371-3957-91380EFD4A77" referredColumn="DEF55876-92A0-458C-D642-7FFE8871E26B"/>
</associations>
</Column>
<Column name="ReturnToWorkOptionId" id="D3FA51C8-6C46-1459-4259-3BB022572B89">
<sourceConnName>HWSInternal</sourceConnName>
<sourceObjSchema>ReturnToWorkPlan</sourceObjSchema>
<sourceObjName>ReturnToWorkOptionId</sourceObjName>
<createdBy>david.moore</createdBy>
<createdTime>2015-01-12 09:17:58 UTC</createdTime>
<ownerDesignName>HWSInternal_12_01_2015</ownerDesignName>
<nullsAllowed>true</nullsAllowed>
<useDomainConstraints>false</useDomainConstraints>
<use>1</use>
<logicalDatatype>LOGDT011</logicalDatatype>
<dataTypePrecision>10</dataTypePrecision>
<dataTypeScale>0</dataTypeScale>
<dataTypeSize>4</dataTypeSize>
<delegate>9EA86C05-6286-9939-6071-4333E4CA02EB</delegate>
<autoIncrementCycle>false</autoIncrementCycle>
<associations>
<colAssociation fkAssociation="8CBCF7E7-20F3-DE08-E67F-E9AC1888ED0F" referredColumn="9EA86C05-6286-9939-6071-4333E4CA02EB"/>
</associations>
</Column>
<Column name="ReturnToWorkOptionInfo" id="981DDD39-195C-AFF8-46BE-37D6481E28C8">
<sourceConnName>HWSInternal</sourceConnName>
<sourceObjSchema>ReturnToWorkPlan</sourceObjSchema>
<sourceObjName>ReturnToWorkOptionInfo</sourceObjName>
<createdBy>david.moore</createdBy>
<createdTime>2015-01-12 09:17:58 UTC</createdTime>
<ownerDesignName>HWSInternal_12_01_2015</ownerDesignName>
<nullsAllowed>true</nullsAllowed>
<useDomainConstraints>false</useDomainConstraints>
<use>1</use>
<logicalDatatype>LOGDT024</logicalDatatype>
<dataTypePrecision>200</dataTypePrecision>
<dataTypeScale>0</dataTypeScale>
<dataTypeSize>200</dataTypeSize>
<autoIncrementCycle>false</autoIncrementCycle>
</Column>
<Column name="RecommendedReturnDate" id="23CBB5A4-818B-22F0-F57A-D6946451E831">
<sourceConnName>HWSInternal</sourceConnName>
<sourceObjSchema>ReturnToWorkPlan</sourceObjSchema>
<sourceObjName>RecommendedReturnDate</sourceObjName>
<createdBy>david.moore</createdBy>
<createdTime>2015-01-12 09:17:58 UTC</createdTime>
<ownerDesignName>HWSInternal_12_01_2015</ownerDesignName>
<nullsAllowed>true</nullsAllowed>
<useDomainConstraints>false</useDomainConstraints>
<use>1</use>
<logicalDatatype>LOGDT007</logicalDatatype>
<dataTypePrecision>10</dataTypePrecision>
<dataTypeScale>0</dataTypeScale>
<dataTypeSize>3</dataTypeSize>
<autoIncrementCycle>false</autoIncrementCycle>
</Column>
<Column name="EmployeeFirst" id="A1B762E6-7062-C0AB-516E-37EB1966555E">
<sourceConnName>HWSInternal</sourceConnName>
<sourceObjSchema>ReturnToWorkPlan</sourceObjSchema>
<sourceObjName>EmployeeFirst</sourceObjName>
<createdBy>david.moore</createdBy>
<createdTime>2015-01-12 09:17:58 UTC</createdTime>
<ownerDesignName>HWSInternal_12_01_2015</ownerDesignName>
<nullsAllowed>true</nullsAllowed>
<useDomainConstraints>false</useDomainConstraints>
<use>1</use>
<logicalDatatype>LOGDT034</logicalDatatype>
<dataTypePrecision>1</dataTypePrecision>
<dataTypeScale>0</dataTypeScale>
<dataTypeSize>1</dataTypeSize>
<autoIncrementCycle>false</autoIncrementCycle>
</Column>
<Column name="FactualInaccuracyDetail" id="072715DD-D322-AAED-6DAA-0E5CDCA61D20">
<sourceConnName>HWSInternal</sourceConnName>
<sourceObjSchema>ReturnToWorkPlan</sourceObjSchema>
<sourceObjName>FactualInaccuracyDetail</sourceObjName>
<createdBy>david.moore</createdBy>
<createdTime>2015-01-12 09:17:58 UTC</createdTime>
<ownerDesignName>HWSInternal_12_01_2015</ownerDesignName>
<nullsAllowed>true</nullsAllowed>
<useDomainConstraints>false</useDomainConstraints>
<use>1</use>
<logicalDatatype>LOGDT028</logicalDatatype>
<dataTypePrecision>-1</dataTypePrecision>
<dataTypeScale>0</dataTypeScale>
<dataTypeSize>max</dataTypeSize>
<autoIncrementCycle>false</autoIncrementCycle>
</Column>
<Column name="TouchPointId" id="5ACEB04A-36F2-C21D-66A4-0430FCC1E9B9">
<sourceConnName>HWSInternal</sourceConnName>
<sourceObjSchema>ReturnToWorkPlan</sourceObjSchema>
<sourceObjName>TouchPointId</sourceObjName>
<createdBy>david.moore</createdBy>
<createdTime>2015-01-12 09:17:58 UTC</createdTime>
<ownerDesignName>HWSInternal_12_01_2015</ownerDesignName>
<nullsAllowed>true</nullsAllowed>
<useDomainConstraints>false</useDomainConstraints>
<use>1</use>
<logicalDatatype>LOGDT011</logicalDatatype>
<dataTypePrecision>10</dataTypePrecision>
<dataTypeScale>0</dataTypeScale>
<dataTypeSize>4</dataTypeSize>
<delegate>449614BE-5EA3-C78D-5635-38F0A20D84C3</delegate>
<autoIncrementCycle>false</autoIncrementCycle>
<associations>
<colAssociation fkAssociation="59BE205B-8A07-0CB6-C296-2EBC72CA7E07" referredColumn="449614BE-5EA3-C78D-5635-38F0A20D84C3"/>
</associations>
</Column>
<Column name="TouchPointDate" id="4A45E445-93C1-792C-39FE-E7D63CDF13D8">
<sourceConnName>HWSInternal</sourceConnName>
<sourceObjSchema>ReturnToWorkPlan</sourceObjSchema>
<sourceObjName>TouchPointDate</sourceObjName>
<createdBy>david.moore</createdBy>
<createdTime>2015-01-12 09:17:58 UTC</createdTime>
<ownerDesignName>HWSInternal_12_01_2015</ownerDesignName>
<nullsAllowed>true</nullsAllowed>
<useDomainConstraints>false</useDomainConstraints>
<use>1</use>
<logicalDatatype>LOGDT008</logicalDatatype>
<dataTypePrecision>23</dataTypePrecision>
<dataTypeScale>3</dataTypeScale>
<dataTypeSize>8</dataTypeSize>
<autoIncrementCycle>false</autoIncrementCycle>
</Column>
<Column name="ValidFrom" id="D6DBC703-A9C9-23FF-5813-B26A3D3F67EB">
<sourceConnName>HWSInternal</sourceConnName>
<sourceObjSchema>ReturnToWorkPlan</sourceObjSchema>
<sourceObjName>ValidFrom</sourceObjName>
<createdBy>david.moore</createdBy>
<createdTime>2015-01-12 09:17:58 UTC</createdTime>
<ownerDesignName>HWSInternal_12_01_2015</ownerDesignName>
<nullsAllowed>true</nullsAllowed>
<useDomainConstraints>false</useDomainConstraints>
<use>1</use>
<logicalDatatype>LOGDT008</logicalDatatype>
<dataTypePrecision>23</dataTypePrecision>
<dataTypeScale>3</dataTypeScale>
<dataTypeSize>8</dataTypeSize>
<autoIncrementCycle>false</autoIncrementCycle>
</Column>
<Column name="ValidTo" id="0397D0F6-715F-CB72-6286-0D6457DD8321">
<sourceConnName>HWSInternal</sourceConnName>
<sourceObjSchema>ReturnToWorkPlan</sourceObjSchema>
<sourceObjName>ValidTo</sourceObjName>
<createdBy>david.moore</createdBy>
<createdTime>2015-01-12 09:17:58 UTC</createdTime>
<ownerDesignName>HWSInternal_12_01_2015</ownerDesignName>
<nullsAllowed>true</nullsAllowed>
<useDomainConstraints>false</useDomainConstraints>
<use>1</use>
<logicalDatatype>LOGDT008</logicalDatatype>
<dataTypePrecision>23</dataTypePrecision>
<dataTypeScale>3</dataTypeScale>
<dataTypeSize>8</dataTypeSize>
<autoIncrementCycle>false</autoIncrementCycle>
</Column>
<Column name="OtherSignpostings" id="18486C05-95B1-6159-D993-8841CB1057E0">
<sourceConnName>HWSInternal</sourceConnName>
<sourceObjSchema>ReturnToWorkPlan</sourceObjSchema>
<sourceObjName>OtherSignpostings</sourceObjName>
<createdBy>david.moore</createdBy>
<createdTime>2015-01-12 09:17:58 UTC</createdTime>
<ownerDesignName>HWSInternal_12_01_2015</ownerDesignName>
<nullsAllowed>true</nullsAllowed>
<useDomainConstraints>false</useDomainConstraints>
<use>1</use>
<logicalDatatype>LOGDT024</logicalDatatype>
<dataTypePrecision>200</dataTypePrecision>
<dataTypeScale>0</dataTypeScale>
<dataTypeSize>200</dataTypeSize>
<autoIncrementCycle>false</autoIncrementCycle>
</Column>
</columns>
<indexes itemClass="oracle.dbtools.crest.model.design.relational.Index">
<ind_PK_UK id="A17A7782-D95D-065F-65BE-257AA4A72714" name="PK_ReturnToWorkPlan">
<sourceConnName>HWSInternal</sourceConnName>
<sourceObjSchema>Assessment</sourceObjSchema>
<sourceObjName>PK_ReturnToWorkPlan</sourceObjName>
<createdBy>david.moore</createdBy>
<createdTime>2015-01-12 09:17:58 UTC</createdTime>
<ownerDesignName>HWSInternal_12_01_2015</ownerDesignName>
<pk>true</pk>
<indexState>Primary Constraint</indexState>
<isSurrogateKey>false</isSurrogateKey>
<indexColumnUsage>
<colUsage columnID="C3B6AD54-87FD-B7EC-9B49-F21CB8454B9D"/>
</indexColumnUsage>
</ind_PK_UK>
<ind_PK_UK id="383A3B1D-BEF3-F406-8D0C-269780195994" name="FK_ReturnToWorkPlan_TouchPoint">
<createdBy>david.moore</createdBy>
<createdTime>2015-01-12 09:18:00 UTC</createdTime>
<ownerDesignName>HWSInternal_12_01_2015</ownerDesignName>
<indexState>Foreign Key</indexState>
<isSurrogateKey>false</isSurrogateKey>
<indexColumnUsage>
<colUsage columnID="5ACEB04A-36F2-C21D-66A4-0430FCC1E9B9"/>
</indexColumnUsage>
</ind_PK_UK>
<ind_PK_UK id="A85220D2-FDDE-39B1-CD97-845E785D25E7" name="FK_ReturnToWorkPlan_FitStatus">
<createdBy>david.moore</createdBy>
<createdTime>2015-01-12 09:18:00 UTC</createdTime>
<ownerDesignName>HWSInternal_12_01_2015</ownerDesignName>
<indexState>Foreign Key</indexState>
<isSurrogateKey>false</isSurrogateKey>
<indexColumnUsage>
<colUsage columnID="28E0BD58-42F0-439F-10E5-ED34291C854E"/>
</indexColumnUsage>
</ind_PK_UK>
<ind_PK_UK id="30D96A68-2E55-5342-AE7F-4E345AE0BE1F" name="FK_ReturnToWorkPlan_ReturnToWorkOption">
<createdBy>david.moore</createdBy>
<createdTime>2015-01-12 09:18:00 UTC</createdTime>
<ownerDesignName>HWSInternal_12_01_2015</ownerDesignName>
<indexState>Foreign Key</indexState>
<isSurrogateKey>false</isSurrogateKey>
<indexColumnUsage>
<colUsage columnID="D3FA51C8-6C46-1459-4259-3BB022572B89"/>
</indexColumnUsage>
</ind_PK_UK>
<ind_PK_UK id="06214733-26C3-C9C4-E198-3FEB2ADC9DA8" name="FK_ReturnToWorkPlan_Assessment">
<createdBy>david.moore</createdBy>
<createdTime>2015-01-12 09:18:00 UTC</createdTime>
<ownerDesignName>HWSInternal_12_01_2015</ownerDesignName>
<indexState>Foreign Key</indexState>
<isSurrogateKey>false</isSurrogateKey>
<indexColumnUsage>
<colUsage columnID="BF2F6370-C96A-2149-33F3-5C170E688B48"/>
</indexColumnUsage>
</ind_PK_UK>
</indexes>
</Table>