<?xml version = '1.0' encoding = 'UTF-8'?>
<Table class="oracle.dbtools.crest.model.design.relational.Table" directorySegmentName="seg_0" id="5D88B64B-9920-62E9-88B6-2E4A8538F118" name="Clinic_Clinician">
<sourceConnName>HWSInternal</sourceConnName>
<sourceObjSchema>Clinic</sourceObjSchema>
<sourceObjName>Clinic_Clinician</sourceObjName>
<createdBy>david.moore</createdBy>
<createdTime>2015-01-12 09:17:59 UTC</createdTime>
<ownerDesignName>HWSInternal_12_01_2015</ownerDesignName>
<schemaObject>62C429DA-35AC-33BC-9837-582553CFA2DE</schemaObject>
<allowColumnReorder>false</allowColumnReorder>
<existDependencyGenerateInDDl>true</existDependencyGenerateInDDl>
<columns itemClass="oracle.dbtools.crest.model.design.relational.Column">
<Column name="Clinic_ClinicianId" id="6A56C5E5-5D21-8368-E073-61FF550CCFE9">
<sourceConnName>HWSInternal</sourceConnName>
<sourceObjSchema>Clinic_Clinician</sourceObjSchema>
<sourceObjName>Clinic_ClinicianId</sourceObjName>
<createdBy>david.moore</createdBy>
<createdTime>2015-01-12 09:17:59 UTC</createdTime>
<ownerDesignName>HWSInternal_12_01_2015</ownerDesignName>
<useDomainConstraints>false</useDomainConstraints>
<use>1</use>
<logicalDatatype>LOGDT011</logicalDatatype>
<dataTypePrecision>10</dataTypePrecision>
<dataTypeScale>0</dataTypeScale>
<dataTypeSize>4</dataTypeSize>
<autoIncrementCycle>false</autoIncrementCycle>
</Column>
<Column name="ClinicId" id="79A80794-6F99-0E7D-CE7A-482318B06E5F">
<sourceConnName>HWSInternal</sourceConnName>
<sourceObjSchema>Clinic_Clinician</sourceObjSchema>
<sourceObjName>ClinicId</sourceObjName>
<createdBy>david.moore</createdBy>
<createdTime>2015-01-12 09:17:59 UTC</createdTime>
<ownerDesignName>HWSInternal_12_01_2015</ownerDesignName>
<nullsAllowed>true</nullsAllowed>
<useDomainConstraints>false</useDomainConstraints>
<use>1</use>
<logicalDatatype>LOGDT011</logicalDatatype>
<dataTypePrecision>10</dataTypePrecision>
<dataTypeScale>0</dataTypeScale>
<dataTypeSize>4</dataTypeSize>
<delegate>00483A76-036E-6ED5-1DE1-7E785E5240BA</delegate>
<autoIncrementCycle>false</autoIncrementCycle>
<associations>
<colAssociation fkAssociation="DBBD0D29-D631-FE2A-45BE-379FD607C5D6" referredColumn="00483A76-036E-6ED5-1DE1-7E785E5240BA"/>
</associations>
</Column>
<Column name="ClinicianId" id="8F955A96-9CCD-A875-77A0-4A63DBA81EDC">
<sourceConnName>HWSInternal</sourceConnName>
<sourceObjSchema>Clinic_Clinician</sourceObjSchema>
<sourceObjName>ClinicianId</sourceObjName>
<createdBy>david.moore</createdBy>
<createdTime>2015-01-12 09:17:59 UTC</createdTime>
<ownerDesignName>HWSInternal_12_01_2015</ownerDesignName>
<nullsAllowed>true</nullsAllowed>
<useDomainConstraints>false</useDomainConstraints>
<use>1</use>
<logicalDatatype>LOGDT011</logicalDatatype>
<dataTypePrecision>10</dataTypePrecision>
<dataTypeScale>0</dataTypeScale>
<dataTypeSize>4</dataTypeSize>
<delegate>190EBF21-3C39-4B76-360F-483FD33789E0</delegate>
<autoIncrementCycle>false</autoIncrementCycle>
<associations>
<colAssociation fkAssociation="2F542CD6-1EEE-51BE-4405-3034D3F8008D" referredColumn="190EBF21-3C39-4B76-360F-483FD33789E0"/>
</associations>
</Column>
</columns>
<indexes itemClass="oracle.dbtools.crest.model.design.relational.Index">
<ind_PK_UK id="8C85159D-8392-4693-283D-B91120274F20" name="PK__Clinic_C__22DA4B5E520F23F5">
<sourceConnName>HWSInternal</sourceConnName>
<sourceObjSchema>Clinic</sourceObjSchema>
<sourceObjName>PK__Clinic_C__22DA4B5E520F23F5</sourceObjName>
<createdBy>david.moore</createdBy>
<createdTime>2015-01-12 09:17:59 UTC</createdTime>
<ownerDesignName>HWSInternal_12_01_2015</ownerDesignName>
<pk>true</pk>
<indexState>Primary Constraint</indexState>
<isSurrogateKey>false</isSurrogateKey>
<indexColumnUsage>
<colUsage columnID="6A56C5E5-5D21-8368-E073-61FF550CCFE9"/>
</indexColumnUsage>
</ind_PK_UK>
<ind_PK_UK id="C36D73A5-AFB5-8584-56F2-5848FEA14E0A" name="FK__Clinic_Cl__Clini__54EB90A0">
<createdBy>david.moore</createdBy>
<createdTime>2015-01-12 09:18:00 UTC</createdTime>
<ownerDesignName>HWSInternal_12_01_2015</ownerDesignName>
<indexState>Foreign Key</indexState>
<isSurrogateKey>false</isSurrogateKey>
<indexColumnUsage>
<colUsage columnID="8F955A96-9CCD-A875-77A0-4A63DBA81EDC"/>
</indexColumnUsage>
</ind_PK_UK>
<ind_PK_UK id="2DEA8231-98BF-23B8-364F-2314BB138EFF" name="FK__Clinic_Cl__Clini__53F76C67">
<createdBy>david.moore</createdBy>
<createdTime>2015-01-12 09:18:00 UTC</createdTime>
<ownerDesignName>HWSInternal_12_01_2015</ownerDesignName>
<indexState>Foreign Key</indexState>
<isSurrogateKey>false</isSurrogateKey>
<indexColumnUsage>
<colUsage columnID="79A80794-6F99-0E7D-CE7A-482318B06E5F"/>
</indexColumnUsage>
</ind_PK_UK>
</indexes>
</Table>