<?xml version = '1.0' encoding = 'UTF-8'?>
<Table class="oracle.dbtools.crest.model.design.relational.Table" directorySegmentName="seg_0" id="5EAFE0C3-17B6-0779-C1ED-4F6BF12C3CDC" name="AuditProperty">
<sourceConnName>HWSInternal</sourceConnName>
<sourceObjSchema>Audit</sourceObjSchema>
<sourceObjName>AuditProperty</sourceObjName>
<createdBy>david.moore</createdBy>
<createdTime>2015-01-12 09:17:59 UTC</createdTime>
<ownerDesignName>HWSInternal_12_01_2015</ownerDesignName>
<schemaObject>92A3DDB1-83BB-7A14-7C36-1DA486B17A22</schemaObject>
<allowColumnReorder>false</allowColumnReorder>
<existDependencyGenerateInDDl>true</existDependencyGenerateInDDl>
<columns itemClass="oracle.dbtools.crest.model.design.relational.Column">
<Column name="AuditPropertyId" id="2B600FFC-1CFC-D9F2-D67C-2E652F86F069">
<sourceConnName>HWSInternal</sourceConnName>
<sourceObjSchema>AuditProperty</sourceObjSchema>
<sourceObjName>AuditPropertyId</sourceObjName>
<createdBy>david.moore</createdBy>
<createdTime>2015-01-12 09:17:59 UTC</createdTime>
<ownerDesignName>HWSInternal_12_01_2015</ownerDesignName>
<useDomainConstraints>false</useDomainConstraints>
<use>1</use>
<logicalDatatype>LOGDT011</logicalDatatype>
<dataTypePrecision>10</dataTypePrecision>
<dataTypeScale>0</dataTypeScale>
<dataTypeSize>4</dataTypeSize>
<autoIncrementCycle>false</autoIncrementCycle>
</Column>
<Column name="AuditId" id="95FC6DE0-E125-86C5-DF5A-D6751293A89A">
<sourceConnName>HWSInternal</sourceConnName>
<sourceObjSchema>AuditProperty</sourceObjSchema>
<sourceObjName>AuditId</sourceObjName>
<createdBy>david.moore</createdBy>
<createdTime>2015-01-12 09:17:59 UTC</createdTime>
<ownerDesignName>HWSInternal_12_01_2015</ownerDesignName>
<useDomainConstraints>false</useDomainConstraints>
<use>1</use>
<logicalDatatype>LOGDT011</logicalDatatype>
<dataTypePrecision>10</dataTypePrecision>
<dataTypeScale>0</dataTypeScale>
<dataTypeSize>4</dataTypeSize>
<delegate>E2DC52BB-269D-124C-5139-F32B5401BBAF</delegate>
<autoIncrementCycle>false</autoIncrementCycle>
<associations>
<colAssociation fkAssociation="F5DDE4E7-ECF6-2BAD-9F8F-CB9324438351" referredColumn="E2DC52BB-269D-124C-5139-F32B5401BBAF"/>
</associations>
</Column>
<Column name="PropertyName" id="DE992C8F-2C86-E70D-2692-0F0A3C7D11BF">
<sourceConnName>HWSInternal</sourceConnName>
<sourceObjSchema>AuditProperty</sourceObjSchema>
<sourceObjName>PropertyName</sourceObjName>
<createdBy>david.moore</createdBy>
<createdTime>2015-01-12 09:17:59 UTC</createdTime>
<ownerDesignName>HWSInternal_12_01_2015</ownerDesignName>
<useDomainConstraints>false</useDomainConstraints>
<use>1</use>
<logicalDatatype>LOGDT024</logicalDatatype>
<dataTypePrecision>30</dataTypePrecision>
<dataTypeScale>0</dataTypeScale>
<dataTypeSize>30</dataTypeSize>
<autoIncrementCycle>false</autoIncrementCycle>
</Column>
<Column name="PreviousValue" id="40625868-C77F-842A-1796-D78831817B9B">
<sourceConnName>HWSInternal</sourceConnName>
<sourceObjSchema>AuditProperty</sourceObjSchema>
<sourceObjName>PreviousValue</sourceObjName>
<createdBy>david.moore</createdBy>
<createdTime>2015-01-12 09:17:59 UTC</createdTime>
<ownerDesignName>HWSInternal_12_01_2015</ownerDesignName>
<nullsAllowed>true</nullsAllowed>
<useDomainConstraints>false</useDomainConstraints>
<use>1</use>
<logicalDatatype>LOGDT024</logicalDatatype>
<dataTypePrecision>700</dataTypePrecision>
<dataTypeScale>0</dataTypeScale>
<dataTypeSize>700</dataTypeSize>
<autoIncrementCycle>false</autoIncrementCycle>
</Column>
<Column name="CurrentValue" id="13EED53A-2575-A09F-62FF-752D59FA3F82">
<sourceConnName>HWSInternal</sourceConnName>
<sourceObjSchema>AuditProperty</sourceObjSchema>
<sourceObjName>CurrentValue</sourceObjName>
<createdBy>david.moore</createdBy>
<createdTime>2015-01-12 09:17:59 UTC</createdTime>
<ownerDesignName>HWSInternal_12_01_2015</ownerDesignName>
<nullsAllowed>true</nullsAllowed>
<useDomainConstraints>false</useDomainConstraints>
<use>1</use>
<logicalDatatype>LOGDT024</logicalDatatype>
<dataTypePrecision>700</dataTypePrecision>
<dataTypeScale>0</dataTypeScale>
<dataTypeSize>700</dataTypeSize>
<autoIncrementCycle>false</autoIncrementCycle>
</Column>
</columns>
<indexes itemClass="oracle.dbtools.crest.model.design.relational.Index">
<ind_PK_UK id="3135133F-5E17-603E-90A9-4988DDE66D41" name="PK_AuditProperty">
<sourceConnName>HWSInternal</sourceConnName>
<sourceObjSchema>Audit</sourceObjSchema>
<sourceObjName>PK_AuditProperty</sourceObjName>
<createdBy>david.moore</createdBy>
<createdTime>2015-01-12 09:17:59 UTC</createdTime>
<ownerDesignName>HWSInternal_12_01_2015</ownerDesignName>
<pk>true</pk>
<indexState>Primary Constraint</indexState>
<isSurrogateKey>false</isSurrogateKey>
<indexColumnUsage>
<colUsage columnID="2B600FFC-1CFC-D9F2-D67C-2E652F86F069"/>
</indexColumnUsage>
</ind_PK_UK>
<ind_PK_UK id="144D2133-84D9-CE36-33A4-BC041C0AE799" name="FK_AuditProperty_AuditLog">
<createdBy>david.moore</createdBy>
<createdTime>2015-01-12 09:18:00 UTC</createdTime>
<ownerDesignName>HWSInternal_12_01_2015</ownerDesignName>
<indexState>Foreign Key</indexState>
<isSurrogateKey>false</isSurrogateKey>
<indexColumnUsage>
<colUsage columnID="95FC6DE0-E125-86C5-DF5A-D6751293A89A"/>
</indexColumnUsage>
</ind_PK_UK>
</indexes>
</Table>