<?xml version = '1.0' encoding = 'UTF-8'?>
<Table class="oracle.dbtools.crest.model.design.relational.Table" directorySegmentName="seg_0" id="6014BD6F-FFFF-D1A8-001C-7CF07EA90D74" name="ErrorLog">
<sourceConnName>HWSInternal</sourceConnName>
<sourceObjSchema>Logging</sourceObjSchema>
<sourceObjName>ErrorLog</sourceObjName>
<createdBy>david.moore</createdBy>
<createdTime>2015-01-12 09:17:59 UTC</createdTime>
<ownerDesignName>HWSInternal_12_01_2015</ownerDesignName>
<schemaObject>6E1211DF-23F6-0D37-AA29-4B6C0364D6BA</schemaObject>
<allowColumnReorder>false</allowColumnReorder>
<existDependencyGenerateInDDl>true</existDependencyGenerateInDDl>
<columns itemClass="oracle.dbtools.crest.model.design.relational.Column">
<Column name="Id" id="405C0A05-AC0C-BB94-01B2-250EE5DA21A3">
<sourceConnName>HWSInternal</sourceConnName>
<sourceObjSchema>ErrorLog</sourceObjSchema>
<sourceObjName>Id</sourceObjName>
<createdBy>david.moore</createdBy>
<createdTime>2015-01-12 09:17:59 UTC</createdTime>
<ownerDesignName>HWSInternal_12_01_2015</ownerDesignName>
<useDomainConstraints>false</useDomainConstraints>
<use>1</use>
<logicalDatatype>LOGDT011</logicalDatatype>
<dataTypePrecision>10</dataTypePrecision>
<dataTypeScale>0</dataTypeScale>
<dataTypeSize>4</dataTypeSize>
<autoIncrementCycle>false</autoIncrementCycle>
</Column>
<Column name="MachineName" id="2FB61AA2-E0BC-CAC8-38DC-61F2B018EAD4">
<sourceConnName>HWSInternal</sourceConnName>
<sourceObjSchema>ErrorLog</sourceObjSchema>
<sourceObjName>MachineName</sourceObjName>
<createdBy>david.moore</createdBy>
<createdTime>2015-01-12 09:17:59 UTC</createdTime>
<ownerDesignName>HWSInternal_12_01_2015</ownerDesignName>
<nullsAllowed>true</nullsAllowed>
<useDomainConstraints>false</useDomainConstraints>
<use>1</use>
<logicalDatatype>LOGDT024</logicalDatatype>
<dataTypePrecision>50</dataTypePrecision>
<dataTypeScale>0</dataTypeScale>
<dataTypeSize>50</dataTypeSize>
<autoIncrementCycle>false</autoIncrementCycle>
</Column>
<Column name="Application" id="7CA2558C-13E0-6A1A-0B13-C52E76EFFAC5">
<sourceConnName>HWSInternal</sourceConnName>
<sourceObjSchema>ErrorLog</sourceObjSchema>
<sourceObjName>Application</sourceObjName>
<createdBy>david.moore</createdBy>
<createdTime>2015-01-12 09:17:59 UTC</createdTime>
<ownerDesignName>HWSInternal_12_01_2015</ownerDesignName>
<nullsAllowed>true</nullsAllowed>
<useDomainConstraints>false</useDomainConstraints>
<use>1</use>
<logicalDatatype>LOGDT024</logicalDatatype>
<dataTypePrecision>50</dataTypePrecision>
<dataTypeScale>0</dataTypeScale>
<dataTypeSize>50</dataTypeSize>
<autoIncrementCycle>false</autoIncrementCycle>
</Column>
<Column name="Source" id="280F1605-D262-CB87-E2BE-C2C682629DAD">
<sourceConnName>HWSInternal</sourceConnName>
<sourceObjSchema>ErrorLog</sourceObjSchema>
<sourceObjName>Source</sourceObjName>
<createdBy>david.moore</createdBy>
<createdTime>2015-01-12 09:17:59 UTC</createdTime>
<ownerDesignName>HWSInternal_12_01_2015</ownerDesignName>
<nullsAllowed>true</nullsAllowed>
<useDomainConstraints>false</useDomainConstraints>
<use>1</use>
<logicalDatatype>LOGDT024</logicalDatatype>
<dataTypePrecision>50</dataTypePrecision>
<dataTypeScale>0</dataTypeScale>
<dataTypeSize>50</dataTypeSize>
<autoIncrementCycle>false</autoIncrementCycle>
</Column>
<Column name="UserName" id="5C79CFC0-B0AC-B111-F671-F773EED71278">
<sourceConnName>HWSInternal</sourceConnName>
<sourceObjSchema>ErrorLog</sourceObjSchema>
<sourceObjName>UserName</sourceObjName>
<createdBy>david.moore</createdBy>
<createdTime>2015-01-12 09:17:59 UTC</createdTime>
<ownerDesignName>HWSInternal_12_01_2015</ownerDesignName>
<nullsAllowed>true</nullsAllowed>
<useDomainConstraints>false</useDomainConstraints>
<use>1</use>
<logicalDatatype>LOGDT024</logicalDatatype>
<dataTypePrecision>50</dataTypePrecision>
<dataTypeScale>0</dataTypeScale>
<dataTypeSize>50</dataTypeSize>
<autoIncrementCycle>false</autoIncrementCycle>
</Column>
<Column name="Message" id="6CCF4C89-4C80-BC1C-D2B3-782A5DB4BEAF">
<sourceConnName>HWSInternal</sourceConnName>
<sourceObjSchema>ErrorLog</sourceObjSchema>
<sourceObjName>Message</sourceObjName>
<createdBy>david.moore</createdBy>
<createdTime>2015-01-12 09:17:59 UTC</createdTime>
<ownerDesignName>HWSInternal_12_01_2015</ownerDesignName>
<nullsAllowed>true</nullsAllowed>
<useDomainConstraints>false</useDomainConstraints>
<use>1</use>
<logicalDatatype>LOGDT024</logicalDatatype>
<dataTypePrecision>500</dataTypePrecision>
<dataTypeScale>0</dataTypeScale>
<dataTypeSize>500</dataTypeSize>
<autoIncrementCycle>false</autoIncrementCycle>
</Column>
<Column name="StackTrace" id="8B6144BB-87C0-FECA-BF4B-72DEB20834FF">
<sourceConnName>HWSInternal</sourceConnName>
<sourceObjSchema>ErrorLog</sourceObjSchema>
<sourceObjName>StackTrace</sourceObjName>
<createdBy>david.moore</createdBy>
<createdTime>2015-01-12 09:17:59 UTC</createdTime>
<ownerDesignName>HWSInternal_12_01_2015</ownerDesignName>
<nullsAllowed>true</nullsAllowed>
<useDomainConstraints>false</useDomainConstraints>
<use>1</use>
<logicalDatatype>LOGDT028</logicalDatatype>
<dataTypePrecision>-1</dataTypePrecision>
<dataTypeScale>0</dataTypeScale>
<dataTypeSize>max</dataTypeSize>
<autoIncrementCycle>false</autoIncrementCycle>
</Column>
<Column name="UTCTimestamp" id="5A51C8BB-0041-0065-39AF-92533C8D4E48">
<sourceConnName>HWSInternal</sourceConnName>
<sourceObjSchema>ErrorLog</sourceObjSchema>
<sourceObjName>UTCTimestamp</sourceObjName>
<createdBy>david.moore</createdBy>
<createdTime>2015-01-12 09:17:59 UTC</createdTime>
<ownerDesignName>HWSInternal_12_01_2015</ownerDesignName>
<useDomainConstraints>false</useDomainConstraints>
<use>1</use>
<logicalDatatype>91229484-D19C-D458-8647-333C7FFE7B60</logicalDatatype>
<dataTypePrecision>27</dataTypePrecision>
<dataTypeScale>7</dataTypeScale>
<dataTypeSize>8</dataTypeSize>
<defaultValue>getutcdate()</defaultValue>
<autoIncrementCycle>false</autoIncrementCycle>
</Column>
<Column name="SessionId" id="64244B5E-1037-9AF6-DF5B-C7E54EFCB55E">
<sourceConnName>HWSInternal</sourceConnName>
<sourceObjSchema>ErrorLog</sourceObjSchema>
<sourceObjName>SessionId</sourceObjName>
<createdBy>david.moore</createdBy>
<createdTime>2015-01-12 09:17:59 UTC</createdTime>
<ownerDesignName>HWSInternal_12_01_2015</ownerDesignName>
<nullsAllowed>true</nullsAllowed>
<useDomainConstraints>false</useDomainConstraints>
<use>1</use>
<logicalDatatype>LOGDT024</logicalDatatype>
<dataTypePrecision>50</dataTypePrecision>
<dataTypeScale>0</dataTypeScale>
<dataTypeSize>50</dataTypeSize>
<autoIncrementCycle>false</autoIncrementCycle>
</Column>
<Column name="IPAddress" id="5B4E6814-404A-D246-4C15-343D7DB4EB49">
<sourceConnName>HWSInternal</sourceConnName>
<sourceObjSchema>ErrorLog</sourceObjSchema>
<sourceObjName>IPAddress</sourceObjName>
<createdBy>david.moore</createdBy>
<createdTime>2015-01-12 09:17:59 UTC</createdTime>
<ownerDesignName>HWSInternal_12_01_2015</ownerDesignName>
<nullsAllowed>true</nullsAllowed>
<useDomainConstraints>false</useDomainConstraints>
<use>1</use>
<logicalDatatype>LOGDT024</logicalDatatype>
<dataTypePrecision>45</dataTypePrecision>
<dataTypeScale>0</dataTypeScale>
<dataTypeSize>45</dataTypeSize>
<autoIncrementCycle>false</autoIncrementCycle>
</Column>
</columns>
<indexes itemClass="oracle.dbtools.crest.model.design.relational.Index">
<ind_PK_UK id="93516123-21A8-F502-9DF9-9A92ED823059" name="PK_ErrorLog">
<sourceConnName>HWSInternal</sourceConnName>
<sourceObjSchema>Logging</sourceObjSchema>
<sourceObjName>PK_ErrorLog</sourceObjName>
<createdBy>david.moore</createdBy>
<createdTime>2015-01-12 09:17:59 UTC</createdTime>
<ownerDesignName>HWSInternal_12_01_2015</ownerDesignName>
<pk>true</pk>
<indexState>Primary Constraint</indexState>
<isSurrogateKey>false</isSurrogateKey>
<indexColumnUsage>
<colUsage columnID="405C0A05-AC0C-BB94-01B2-250EE5DA21A3"/>
</indexColumnUsage>
</ind_PK_UK>
</indexes>
<tableCheckConstraints itemClass="oracle.dbtools.crest.model.design.constraint.TableLevelConstraint">
<tableCheckConstraint name="DF_ErrorLog_UTCTimestamp" directorySegmentName="seg_0" id="F97D55DF-4ED4-AA1F-8CD9-0E9825C5370C">
<sourceConnName>HWSInternal</sourceConnName>
<sourceObjSchema>Logging</sourceObjSchema>
<sourceObjName>DF_ErrorLog_UTCTimestamp</sourceObjName>
<createdBy>david.moore</createdBy>
<createdTime>2015-01-12 09:17:59 UTC</createdTime>
<ownerDesignName>HWSInternal_12_01_2015</ownerDesignName>
<rule>getutcdate()</rule>
</tableCheckConstraint>
</tableCheckConstraints>
</Table>