<?xml version = '1.0' encoding = 'UTF-8'?>
<Table class="oracle.dbtools.crest.model.design.relational.Table" directorySegmentName="seg_0" id="60D2AC3D-6527-0F64-5C65-4D2C8BEF0CFD" name="QuestionnaireTotalBand">
<sourceConnName>HWSInternal</sourceConnName>
<sourceObjSchema>Assessment</sourceObjSchema>
<sourceObjName>QuestionnaireTotalBand</sourceObjName>
<createdBy>david.moore</createdBy>
<createdTime>2015-01-12 09:17:59 UTC</createdTime>
<ownerDesignName>HWSInternal_12_01_2015</ownerDesignName>
<schemaObject>B90B0C67-4171-102C-BB60-3A0BF7A3B726</schemaObject>
<allowColumnReorder>false</allowColumnReorder>
<existDependencyGenerateInDDl>true</existDependencyGenerateInDDl>
<columns itemClass="oracle.dbtools.crest.model.design.relational.Column">
<Column name="Id" id="3C1F19C6-8F4C-8E05-4AE9-38BD0132DE09">
<sourceConnName>HWSInternal</sourceConnName>
<sourceObjSchema>QuestionnaireTotalBand</sourceObjSchema>
<sourceObjName>Id</sourceObjName>
<createdBy>david.moore</createdBy>
<createdTime>2015-01-12 09:17:59 UTC</createdTime>
<ownerDesignName>HWSInternal_12_01_2015</ownerDesignName>
<useDomainConstraints>false</useDomainConstraints>
<use>1</use>
<logicalDatatype>LOGDT011</logicalDatatype>
<dataTypePrecision>10</dataTypePrecision>
<dataTypeScale>0</dataTypeScale>
<dataTypeSize>4</dataTypeSize>
<autoIncrementCycle>false</autoIncrementCycle>
</Column>
<Column name="QuestionnaireId" id="7A96E8F3-727F-279E-0580-0B08378767D0">
<sourceConnName>HWSInternal</sourceConnName>
<sourceObjSchema>QuestionnaireTotalBand</sourceObjSchema>
<sourceObjName>QuestionnaireId</sourceObjName>
<createdBy>david.moore</createdBy>
<createdTime>2015-01-12 09:17:59 UTC</createdTime>
<ownerDesignName>HWSInternal_12_01_2015</ownerDesignName>
<useDomainConstraints>false</useDomainConstraints>
<use>1</use>
<logicalDatatype>LOGDT011</logicalDatatype>
<dataTypePrecision>10</dataTypePrecision>
<dataTypeScale>0</dataTypeScale>
<dataTypeSize>4</dataTypeSize>
<delegate>DA6C94E3-347F-604B-0CB2-774293271B0A</delegate>
<autoIncrementCycle>false</autoIncrementCycle>
<associations>
<colAssociation fkAssociation="B015443F-0B43-15CE-8442-5747DA57494B" referredColumn="DA6C94E3-347F-604B-0CB2-774293271B0A"/>
</associations>
</Column>
<Column name="MinScore" id="8E084F86-0903-694C-0CE7-A85D11361A96">
<sourceConnName>HWSInternal</sourceConnName>
<sourceObjSchema>QuestionnaireTotalBand</sourceObjSchema>
<sourceObjName>MinScore</sourceObjName>
<createdBy>david.moore</createdBy>
<createdTime>2015-01-12 09:17:59 UTC</createdTime>
<ownerDesignName>HWSInternal_12_01_2015</ownerDesignName>
<nullsAllowed>true</nullsAllowed>
<useDomainConstraints>false</useDomainConstraints>
<use>1</use>
<logicalDatatype>LOGDT011</logicalDatatype>
<dataTypePrecision>10</dataTypePrecision>
<dataTypeScale>0</dataTypeScale>
<dataTypeSize>4</dataTypeSize>
<autoIncrementCycle>false</autoIncrementCycle>
</Column>
<Column name="MaxScore" id="2D2EA8D9-C429-5833-76FC-2B6838B733C6">
<sourceConnName>HWSInternal</sourceConnName>
<sourceObjSchema>QuestionnaireTotalBand</sourceObjSchema>
<sourceObjName>MaxScore</sourceObjName>
<createdBy>david.moore</createdBy>
<createdTime>2015-01-12 09:17:59 UTC</createdTime>
<ownerDesignName>HWSInternal_12_01_2015</ownerDesignName>
<nullsAllowed>true</nullsAllowed>
<useDomainConstraints>false</useDomainConstraints>
<use>1</use>
<logicalDatatype>LOGDT011</logicalDatatype>
<dataTypePrecision>10</dataTypePrecision>
<dataTypeScale>0</dataTypeScale>
<dataTypeSize>4</dataTypeSize>
<autoIncrementCycle>false</autoIncrementCycle>
</Column>
<Column name="Meaning" id="5AB5A846-C9BB-83BD-8407-13E7D8B05DE2">
<sourceConnName>HWSInternal</sourceConnName>
<sourceObjSchema>QuestionnaireTotalBand</sourceObjSchema>
<sourceObjName>Meaning</sourceObjName>
<createdBy>david.moore</createdBy>
<createdTime>2015-01-12 09:17:59 UTC</createdTime>
<ownerDesignName>HWSInternal_12_01_2015</ownerDesignName>
<useDomainConstraints>false</useDomainConstraints>
<use>1</use>
<logicalDatatype>LOGDT024</logicalDatatype>
<dataTypePrecision>500</dataTypePrecision>
<dataTypeScale>0</dataTypeScale>
<dataTypeSize>500</dataTypeSize>
<autoIncrementCycle>false</autoIncrementCycle>
</Column>
</columns>
<indexes itemClass="oracle.dbtools.crest.model.design.relational.Index">
<ind_PK_UK id="3861A947-97CC-7734-7D13-30E7E17119B6" name="PK_QuestionnaireTotalBand">
<sourceConnName>HWSInternal</sourceConnName>
<sourceObjSchema>Assessment</sourceObjSchema>
<sourceObjName>PK_QuestionnaireTotalBand</sourceObjName>
<createdBy>david.moore</createdBy>
<createdTime>2015-01-12 09:17:59 UTC</createdTime>
<ownerDesignName>HWSInternal_12_01_2015</ownerDesignName>
<pk>true</pk>
<indexState>Primary Constraint</indexState>
<isSurrogateKey>false</isSurrogateKey>
<indexColumnUsage>
<colUsage columnID="3C1F19C6-8F4C-8E05-4AE9-38BD0132DE09"/>
</indexColumnUsage>
</ind_PK_UK>
<ind_PK_UK id="D4E75078-886E-B156-EF7C-DB9CEE1F9326" name="FK_QuestionnaireTotalBand_Questionnaire">
<createdBy>david.moore</createdBy>
<createdTime>2015-01-12 09:18:00 UTC</createdTime>
<ownerDesignName>HWSInternal_12_01_2015</ownerDesignName>
<indexState>Foreign Key</indexState>
<isSurrogateKey>false</isSurrogateKey>
<indexColumnUsage>
<colUsage columnID="7A96E8F3-727F-279E-0580-0B08378767D0"/>
</indexColumnUsage>
</ind_PK_UK>
</indexes>
</Table>