<?xml version = '1.0' encoding = 'UTF-8'?>
<Table class="oracle.dbtools.crest.model.design.relational.Table" directorySegmentName="seg_0" id="62100617-9773-2558-72F1-9A39EB61E559" name="CaseFamily">
<sourceConnName>HWSInternal</sourceConnName>
<sourceObjSchema>Case</sourceObjSchema>
<sourceObjName>CaseFamily</sourceObjName>
<createdBy>david.moore</createdBy>
<createdTime>2015-01-12 09:17:59 UTC</createdTime>
<ownerDesignName>HWSInternal_12_01_2015</ownerDesignName>
<schemaObject>C36C27C4-3D73-E53C-8ACE-D8FA87A1E516</schemaObject>
<allowColumnReorder>false</allowColumnReorder>
<existDependencyGenerateInDDl>true</existDependencyGenerateInDDl>
<columns itemClass="oracle.dbtools.crest.model.design.relational.Column">
<Column name="Id" id="0F67B7CB-A465-5F0D-5353-CD990A3F244B">
<sourceConnName>HWSInternal</sourceConnName>
<sourceObjSchema>CaseFamily</sourceObjSchema>
<sourceObjName>Id</sourceObjName>
<createdBy>david.moore</createdBy>
<createdTime>2015-01-12 09:17:59 UTC</createdTime>
<ownerDesignName>HWSInternal_12_01_2015</ownerDesignName>
<useDomainConstraints>false</useDomainConstraints>
<use>1</use>
<logicalDatatype>LOGDT011</logicalDatatype>
<dataTypePrecision>10</dataTypePrecision>
<dataTypeScale>0</dataTypeScale>
<dataTypeSize>4</dataTypeSize>
<autoIncrementCycle>false</autoIncrementCycle>
</Column>
<Column name="CaseFamilyId" id="B7AE644D-F2FD-AC6B-7E20-766C3D1A6EDE">
<sourceConnName>HWSInternal</sourceConnName>
<sourceObjSchema>CaseFamily</sourceObjSchema>
<sourceObjName>CaseFamilyId</sourceObjName>
<createdBy>david.moore</createdBy>
<createdTime>2015-01-12 09:17:59 UTC</createdTime>
<ownerDesignName>HWSInternal_12_01_2015</ownerDesignName>
<useDomainConstraints>false</useDomainConstraints>
<use>1</use>
<logicalDatatype>LOGDT057</logicalDatatype>
<dataTypePrecision>0</dataTypePrecision>
<dataTypeScale>0</dataTypeScale>
<dataTypeSize>16</dataTypeSize>
<autoIncrementCycle>false</autoIncrementCycle>
</Column>
<Column name="CaseId" id="7E1B21DE-62EA-9D65-167C-06E45B8E08CB">
<sourceConnName>HWSInternal</sourceConnName>
<sourceObjSchema>CaseFamily</sourceObjSchema>
<sourceObjName>CaseId</sourceObjName>
<createdBy>david.moore</createdBy>
<createdTime>2015-01-12 09:17:59 UTC</createdTime>
<ownerDesignName>HWSInternal_12_01_2015</ownerDesignName>
<useDomainConstraints>false</useDomainConstraints>
<use>1</use>
<logicalDatatype>LOGDT011</logicalDatatype>
<dataTypePrecision>10</dataTypePrecision>
<dataTypeScale>0</dataTypeScale>
<dataTypeSize>4</dataTypeSize>
<delegate>05174EA8-17A2-44D7-E20D-58DEB7BF35A2</delegate>
<autoIncrementCycle>false</autoIncrementCycle>
<associations>
<colAssociation fkAssociation="DDB750B6-44EC-5262-9308-4E548CFA47C2" referredColumn="05174EA8-17A2-44D7-E20D-58DEB7BF35A2"/>
</associations>
</Column>
<Column name="CaseNumber" id="12D2AFC5-0529-4D7B-891C-7C19FAC33CB7">
<sourceConnName>HWSInternal</sourceConnName>
<sourceObjSchema>CaseFamily</sourceObjSchema>
<sourceObjName>CaseNumber</sourceObjName>
<createdBy>david.moore</createdBy>
<createdTime>2015-01-12 09:17:59 UTC</createdTime>
<ownerDesignName>HWSInternal_12_01_2015</ownerDesignName>
<useDomainConstraints>false</useDomainConstraints>
<use>1</use>
<logicalDatatype>LOGDT024</logicalDatatype>
<dataTypePrecision>50</dataTypePrecision>
<dataTypeScale>0</dataTypeScale>
<dataTypeSize>50</dataTypeSize>
<autoIncrementCycle>false</autoIncrementCycle>
</Column>
</columns>
<indexes itemClass="oracle.dbtools.crest.model.design.relational.Index">
<ind_PK_UK id="FC5D4977-F8CF-D1DC-82FE-689B1C040562" name="PK_CaseFamily">
<sourceConnName>HWSInternal</sourceConnName>
<sourceObjSchema>Case</sourceObjSchema>
<sourceObjName>PK_CaseFamily</sourceObjName>
<createdBy>david.moore</createdBy>
<createdTime>2015-01-12 09:17:59 UTC</createdTime>
<ownerDesignName>HWSInternal_12_01_2015</ownerDesignName>
<pk>true</pk>
<indexState>Primary Constraint</indexState>
<isSurrogateKey>false</isSurrogateKey>
<indexColumnUsage>
<colUsage columnID="0F67B7CB-A465-5F0D-5353-CD990A3F244B"/>
</indexColumnUsage>
</ind_PK_UK>
<ind_PK_UK id="82FF4C33-7CCB-D7A2-C45C-0191BC6B238A" name="IX_CaseFamily">
<sourceConnName>HWSInternal</sourceConnName>
<sourceObjSchema>Case</sourceObjSchema>
<sourceObjName>IX_CaseFamily</sourceObjName>
<createdBy>david.moore</createdBy>
<createdTime>2015-01-12 09:17:59 UTC</createdTime>
<ownerDesignName>HWSInternal_12_01_2015</ownerDesignName>
<indexState>Unique Plain Index</indexState>
<isSurrogateKey>false</isSurrogateKey>
<indexColumnUsage>
<colUsage columnID="7E1B21DE-62EA-9D65-167C-06E45B8E08CB"/>
</indexColumnUsage>
</ind_PK_UK>
<ind_PK_UK id="9A9DBA39-04CF-D584-913B-421CC1CED22F" name="FK_CaseFamily_Case">
<createdBy>david.moore</createdBy>
<createdTime>2015-01-12 09:18:00 UTC</createdTime>
<ownerDesignName>HWSInternal_12_01_2015</ownerDesignName>
<indexState>Foreign Key</indexState>
<isSurrogateKey>false</isSurrogateKey>
<indexColumnUsage>
<colUsage columnID="7E1B21DE-62EA-9D65-167C-06E45B8E08CB"/>
</indexColumnUsage>
</ind_PK_UK>
</indexes>
</Table>