<?xml version = '1.0' encoding = 'UTF-8'?>
<Table class="oracle.dbtools.crest.model.design.relational.Table" directorySegmentName="seg_0" id="63C4E0F0-AD4B-C73E-3925-963CC265C2A9" name="AssessmentStatus">
<sourceConnName>HWSInternal</sourceConnName>
<sourceObjSchema>Assessment</sourceObjSchema>
<sourceObjName>AssessmentStatus</sourceObjName>
<createdBy>david.moore</createdBy>
<createdTime>2015-01-12 09:17:58 UTC</createdTime>
<ownerDesignName>HWSInternal_12_01_2015</ownerDesignName>
<schemaObject>B90B0C67-4171-102C-BB60-3A0BF7A3B726</schemaObject>
<allowColumnReorder>false</allowColumnReorder>
<existDependencyGenerateInDDl>true</existDependencyGenerateInDDl>
<columns itemClass="oracle.dbtools.crest.model.design.relational.Column">
<Column name="Id" id="EA0BCA47-0D75-6AB4-6DA3-965F0251A98B">
<sourceConnName>HWSInternal</sourceConnName>
<sourceObjSchema>AssessmentStatus</sourceObjSchema>
<sourceObjName>Id</sourceObjName>
<createdBy>david.moore</createdBy>
<createdTime>2015-01-12 09:17:58 UTC</createdTime>
<ownerDesignName>HWSInternal_12_01_2015</ownerDesignName>
<useDomainConstraints>false</useDomainConstraints>
<use>1</use>
<logicalDatatype>LOGDT011</logicalDatatype>
<dataTypePrecision>10</dataTypePrecision>
<dataTypeScale>0</dataTypeScale>
<dataTypeSize>4</dataTypeSize>
<autoIncrementCycle>false</autoIncrementCycle>
</Column>
<Column name="Description" id="D1A9872F-D7D2-357F-A224-D5572EE56EDA">
<sourceConnName>HWSInternal</sourceConnName>
<sourceObjSchema>AssessmentStatus</sourceObjSchema>
<sourceObjName>Description</sourceObjName>
<createdBy>david.moore</createdBy>
<createdTime>2015-01-12 09:17:58 UTC</createdTime>
<ownerDesignName>HWSInternal_12_01_2015</ownerDesignName>
<useDomainConstraints>false</useDomainConstraints>
<use>1</use>
<logicalDatatype>LOGDT024</logicalDatatype>
<dataTypePrecision>50</dataTypePrecision>
<dataTypeScale>0</dataTypeScale>
<dataTypeSize>50</dataTypeSize>
<autoIncrementCycle>false</autoIncrementCycle>
</Column>
</columns>
<indexes itemClass="oracle.dbtools.crest.model.design.relational.Index">
<ind_PK_UK id="64AEA3E2-D3B0-D839-73F8-6C043EF06226" name="PK_AssessmentStatus">
<sourceConnName>HWSInternal</sourceConnName>
<sourceObjSchema>Assessment</sourceObjSchema>
<sourceObjName>PK_AssessmentStatus</sourceObjName>
<createdBy>david.moore</createdBy>
<createdTime>2015-01-12 09:17:58 UTC</createdTime>
<ownerDesignName>HWSInternal_12_01_2015</ownerDesignName>
<pk>true</pk>
<indexState>Primary Constraint</indexState>
<isSurrogateKey>false</isSurrogateKey>
<indexColumnUsage>
<colUsage columnID="EA0BCA47-0D75-6AB4-6DA3-965F0251A98B"/>
</indexColumnUsage>
</ind_PK_UK>
</indexes>
</Table>