<?xml version = '1.0' encoding = 'UTF-8'?>
<Table class="oracle.dbtools.crest.model.design.relational.Table" directorySegmentName="seg_0" id="6413DBD7-B652-D696-185A-BB5B59C3F547" name="ComplaintAction">
<sourceConnName>HWSInternal</sourceConnName>
<sourceObjSchema>Complaint</sourceObjSchema>
<sourceObjName>ComplaintAction</sourceObjName>
<createdBy>david.moore</createdBy>
<createdTime>2015-01-12 09:17:59 UTC</createdTime>
<ownerDesignName>HWSInternal_12_01_2015</ownerDesignName>
<schemaObject>4993326C-B30F-C6B0-E968-1DB9CB2436BE</schemaObject>
<allowColumnReorder>false</allowColumnReorder>
<existDependencyGenerateInDDl>true</existDependencyGenerateInDDl>
<columns itemClass="oracle.dbtools.crest.model.design.relational.Column">
<Column name="Id" id="CC6BC3FF-C256-96B0-3362-6849CF8D6843">
<sourceConnName>HWSInternal</sourceConnName>
<sourceObjSchema>ComplaintAction</sourceObjSchema>
<sourceObjName>Id</sourceObjName>
<createdBy>david.moore</createdBy>
<createdTime>2015-01-12 09:17:59 UTC</createdTime>
<ownerDesignName>HWSInternal_12_01_2015</ownerDesignName>
<useDomainConstraints>false</useDomainConstraints>
<use>1</use>
<logicalDatatype>LOGDT011</logicalDatatype>
<dataTypePrecision>10</dataTypePrecision>
<dataTypeScale>0</dataTypeScale>
<dataTypeSize>4</dataTypeSize>
<autoIncrementCycle>false</autoIncrementCycle>
</Column>
<Column name="ComplaintId" id="9D3F6EA5-4BDB-11EE-330A-F607EB7A0F64">
<sourceConnName>HWSInternal</sourceConnName>
<sourceObjSchema>ComplaintAction</sourceObjSchema>
<sourceObjName>ComplaintId</sourceObjName>
<createdBy>david.moore</createdBy>
<createdTime>2015-01-12 09:17:59 UTC</createdTime>
<ownerDesignName>HWSInternal_12_01_2015</ownerDesignName>
<useDomainConstraints>false</useDomainConstraints>
<use>1</use>
<logicalDatatype>LOGDT011</logicalDatatype>
<dataTypePrecision>10</dataTypePrecision>
<dataTypeScale>0</dataTypeScale>
<dataTypeSize>4</dataTypeSize>
<delegate>FD1F32E8-D0B7-5B6A-4E52-A7CD2F2AC67A</delegate>
<autoIncrementCycle>false</autoIncrementCycle>
<associations>
<colAssociation fkAssociation="D838D615-6D1D-DAF5-7D74-C43002EC0DCD" referredColumn="FD1F32E8-D0B7-5B6A-4E52-A7CD2F2AC67A"/>
</associations>
</Column>
<Column name="Category" id="25F413F3-626B-8526-456F-64411EAC3503">
<sourceConnName>HWSInternal</sourceConnName>
<sourceObjSchema>ComplaintAction</sourceObjSchema>
<sourceObjName>Category</sourceObjName>
<createdBy>david.moore</createdBy>
<createdTime>2015-01-12 09:17:59 UTC</createdTime>
<ownerDesignName>HWSInternal_12_01_2015</ownerDesignName>
<useDomainConstraints>false</useDomainConstraints>
<use>1</use>
<logicalDatatype>LOGDT024</logicalDatatype>
<dataTypePrecision>50</dataTypePrecision>
<dataTypeScale>0</dataTypeScale>
<dataTypeSize>50</dataTypeSize>
<autoIncrementCycle>false</autoIncrementCycle>
</Column>
<Column name="Details" id="533BB76C-DE00-682E-DAD8-B1D2031F4588">
<sourceConnName>HWSInternal</sourceConnName>
<sourceObjSchema>ComplaintAction</sourceObjSchema>
<sourceObjName>Details</sourceObjName>
<createdBy>david.moore</createdBy>
<createdTime>2015-01-12 09:17:59 UTC</createdTime>
<ownerDesignName>HWSInternal_12_01_2015</ownerDesignName>
<useDomainConstraints>false</useDomainConstraints>
<use>1</use>
<logicalDatatype>LOGDT028</logicalDatatype>
<dataTypePrecision>-1</dataTypePrecision>
<dataTypeScale>0</dataTypeScale>
<dataTypeSize>max</dataTypeSize>
<autoIncrementCycle>false</autoIncrementCycle>
</Column>
<Column name="FollowUpDate" id="974FC1E5-C9FF-B314-AF04-28F275C12588">
<sourceConnName>HWSInternal</sourceConnName>
<sourceObjSchema>ComplaintAction</sourceObjSchema>
<sourceObjName>FollowUpDate</sourceObjName>
<createdBy>david.moore</createdBy>
<createdTime>2015-01-12 09:17:59 UTC</createdTime>
<ownerDesignName>HWSInternal_12_01_2015</ownerDesignName>
<useDomainConstraints>false</useDomainConstraints>
<use>1</use>
<logicalDatatype>LOGDT008</logicalDatatype>
<dataTypePrecision>23</dataTypePrecision>
<dataTypeScale>3</dataTypeScale>
<dataTypeSize>8</dataTypeSize>
<autoIncrementCycle>false</autoIncrementCycle>
</Column>
<Column name="IsDeleted" id="36CF3DF9-1529-0B9C-A9BA-46970224F9AB">
<sourceConnName>HWSInternal</sourceConnName>
<sourceObjSchema>ComplaintAction</sourceObjSchema>
<sourceObjName>IsDeleted</sourceObjName>
<createdBy>david.moore</createdBy>
<createdTime>2015-01-12 09:17:59 UTC</createdTime>
<ownerDesignName>HWSInternal_12_01_2015</ownerDesignName>
<useDomainConstraints>false</useDomainConstraints>
<use>1</use>
<logicalDatatype>LOGDT034</logicalDatatype>
<dataTypePrecision>1</dataTypePrecision>
<dataTypeScale>0</dataTypeScale>
<dataTypeSize>1</dataTypeSize>
<autoIncrementCycle>false</autoIncrementCycle>
</Column>
<Column name="CreatedByUser" id="3AD415B0-F52F-7FE5-48F5-E2973A5D85AF">
<sourceConnName>HWSInternal</sourceConnName>
<sourceObjSchema>ComplaintAction</sourceObjSchema>
<sourceObjName>CreatedByUser</sourceObjName>
<createdBy>david.moore</createdBy>
<createdTime>2015-01-12 09:17:59 UTC</createdTime>
<ownerDesignName>HWSInternal_12_01_2015</ownerDesignName>
<useDomainConstraints>false</useDomainConstraints>
<use>1</use>
<logicalDatatype>LOGDT024</logicalDatatype>
<dataTypePrecision>35</dataTypePrecision>
<dataTypeScale>0</dataTypeScale>
<dataTypeSize>35</dataTypeSize>
<autoIncrementCycle>false</autoIncrementCycle>
</Column>
<Column name="CreatedDate" id="C7E8A001-DC3D-48CD-717E-30A23220DA00">
<sourceConnName>HWSInternal</sourceConnName>
<sourceObjSchema>ComplaintAction</sourceObjSchema>
<sourceObjName>CreatedDate</sourceObjName>
<createdBy>david.moore</createdBy>
<createdTime>2015-01-12 09:17:59 UTC</createdTime>
<ownerDesignName>HWSInternal_12_01_2015</ownerDesignName>
<useDomainConstraints>false</useDomainConstraints>
<use>1</use>
<logicalDatatype>LOGDT008</logicalDatatype>
<dataTypePrecision>23</dataTypePrecision>
<dataTypeScale>3</dataTypeScale>
<dataTypeSize>8</dataTypeSize>
<autoIncrementCycle>false</autoIncrementCycle>
</Column>
<Column name="UpdatedByUser" id="36ED39D9-79E2-6D35-9D64-F0B881944D5B">
<sourceConnName>HWSInternal</sourceConnName>
<sourceObjSchema>ComplaintAction</sourceObjSchema>
<sourceObjName>UpdatedByUser</sourceObjName>
<createdBy>david.moore</createdBy>
<createdTime>2015-01-12 09:17:59 UTC</createdTime>
<ownerDesignName>HWSInternal_12_01_2015</ownerDesignName>
<useDomainConstraints>false</useDomainConstraints>
<use>1</use>
<logicalDatatype>LOGDT024</logicalDatatype>
<dataTypePrecision>35</dataTypePrecision>
<dataTypeScale>0</dataTypeScale>
<dataTypeSize>35</dataTypeSize>
<autoIncrementCycle>false</autoIncrementCycle>
</Column>
<Column name="UpdatedDate" id="E24490CC-D710-C5D6-A99E-7C7E34AE4DCB">
<sourceConnName>HWSInternal</sourceConnName>
<sourceObjSchema>ComplaintAction</sourceObjSchema>
<sourceObjName>UpdatedDate</sourceObjName>
<createdBy>david.moore</createdBy>
<createdTime>2015-01-12 09:17:59 UTC</createdTime>
<ownerDesignName>HWSInternal_12_01_2015</ownerDesignName>
<useDomainConstraints>false</useDomainConstraints>
<use>1</use>
<logicalDatatype>LOGDT008</logicalDatatype>
<dataTypePrecision>23</dataTypePrecision>
<dataTypeScale>3</dataTypeScale>
<dataTypeSize>8</dataTypeSize>
<autoIncrementCycle>false</autoIncrementCycle>
</Column>
</columns>
<indexes itemClass="oracle.dbtools.crest.model.design.relational.Index">
<ind_PK_UK id="7AB48774-A138-1B39-93F4-8A8F46F7F0F5" name="PK_ComplaintAction">
<sourceConnName>HWSInternal</sourceConnName>
<sourceObjSchema>Complaint</sourceObjSchema>
<sourceObjName>PK_ComplaintAction</sourceObjName>
<createdBy>david.moore</createdBy>
<createdTime>2015-01-12 09:17:59 UTC</createdTime>
<ownerDesignName>HWSInternal_12_01_2015</ownerDesignName>
<pk>true</pk>
<indexState>Primary Constraint</indexState>
<isSurrogateKey>false</isSurrogateKey>
<indexColumnUsage>
<colUsage columnID="CC6BC3FF-C256-96B0-3362-6849CF8D6843"/>
</indexColumnUsage>
</ind_PK_UK>
<ind_PK_UK id="7F1EDB24-9576-5D2C-43AF-201085DDDF40" name="FK_ComplaintAction_Complaint">
<createdBy>david.moore</createdBy>
<createdTime>2015-01-12 09:18:00 UTC</createdTime>
<ownerDesignName>HWSInternal_12_01_2015</ownerDesignName>
<indexState>Foreign Key</indexState>
<isSurrogateKey>false</isSurrogateKey>
<indexColumnUsage>
<colUsage columnID="9D3F6EA5-4BDB-11EE-330A-F607EB7A0F64"/>
</indexColumnUsage>
</ind_PK_UK>
</indexes>
</Table>