<?xml version = '1.0' encoding = 'UTF-8'?>
<Table class="oracle.dbtools.crest.model.design.relational.Table" directorySegmentName="seg_0" id="69B276F1-5914-E084-D06E-5F2ADAB58255" name="AnswerLookup">
<sourceConnName>HWSInternal</sourceConnName>
<sourceObjSchema>Assessment</sourceObjSchema>
<sourceObjName>AnswerLookup</sourceObjName>
<createdBy>david.moore</createdBy>
<createdTime>2015-01-12 09:17:58 UTC</createdTime>
<ownerDesignName>HWSInternal_12_01_2015</ownerDesignName>
<schemaObject>B90B0C67-4171-102C-BB60-3A0BF7A3B726</schemaObject>
<allowColumnReorder>false</allowColumnReorder>
<existDependencyGenerateInDDl>true</existDependencyGenerateInDDl>
<columns itemClass="oracle.dbtools.crest.model.design.relational.Column">
<Column name="Id" id="F01316A8-7015-0E09-5806-B0F091ED6680">
<sourceConnName>HWSInternal</sourceConnName>
<sourceObjSchema>AnswerLookup</sourceObjSchema>
<sourceObjName>Id</sourceObjName>
<createdBy>david.moore</createdBy>
<createdTime>2015-01-12 09:17:58 UTC</createdTime>
<ownerDesignName>HWSInternal_12_01_2015</ownerDesignName>
<useDomainConstraints>false</useDomainConstraints>
<use>1</use>
<logicalDatatype>LOGDT011</logicalDatatype>
<dataTypePrecision>10</dataTypePrecision>
<dataTypeScale>0</dataTypeScale>
<dataTypeSize>4</dataTypeSize>
<autoIncrementCycle>false</autoIncrementCycle>
</Column>
<Column name="AnswerId" id="A75E6A8C-4D55-7278-D1EF-105027FD9CB8">
<sourceConnName>HWSInternal</sourceConnName>
<sourceObjSchema>AnswerLookup</sourceObjSchema>
<sourceObjName>AnswerId</sourceObjName>
<createdBy>david.moore</createdBy>
<createdTime>2015-01-12 09:17:58 UTC</createdTime>
<ownerDesignName>HWSInternal_12_01_2015</ownerDesignName>
<useDomainConstraints>false</useDomainConstraints>
<use>1</use>
<logicalDatatype>LOGDT011</logicalDatatype>
<dataTypePrecision>10</dataTypePrecision>
<dataTypeScale>0</dataTypeScale>
<dataTypeSize>4</dataTypeSize>
<delegate>3DB4670E-DB41-7B96-BA26-88F89E9DDF07</delegate>
<autoIncrementCycle>false</autoIncrementCycle>
<associations>
<colAssociation fkAssociation="6B6129B3-D909-B2D7-788E-ABC6CF8F74DB" referredColumn="3DB4670E-DB41-7B96-BA26-88F89E9DDF07"/>
</associations>
</Column>
<Column name="LookupItemId" id="46EB6723-D611-D5BF-F86C-980B92FBC17D">
<sourceConnName>HWSInternal</sourceConnName>
<sourceObjSchema>AnswerLookup</sourceObjSchema>
<sourceObjName>LookupItemId</sourceObjName>
<createdBy>david.moore</createdBy>
<createdTime>2015-01-12 09:17:58 UTC</createdTime>
<ownerDesignName>HWSInternal_12_01_2015</ownerDesignName>
<useDomainConstraints>false</useDomainConstraints>
<use>1</use>
<logicalDatatype>LOGDT011</logicalDatatype>
<dataTypePrecision>10</dataTypePrecision>
<dataTypeScale>0</dataTypeScale>
<dataTypeSize>4</dataTypeSize>
<delegate>449614BE-5EA3-C78D-5635-38F0A20D84C3</delegate>
<autoIncrementCycle>false</autoIncrementCycle>
<associations>
<colAssociation fkAssociation="07A9CF9C-83CA-7BE1-8576-8317E6A6ED75" referredColumn="449614BE-5EA3-C78D-5635-38F0A20D84C3"/>
</associations>
</Column>
</columns>
<indexes itemClass="oracle.dbtools.crest.model.design.relational.Index">
<ind_PK_UK id="D4DD26E3-A249-4FC2-ACBD-4CF06CCDBA59" name="PK_AnswerLookup">
<sourceConnName>HWSInternal</sourceConnName>
<sourceObjSchema>Assessment</sourceObjSchema>
<sourceObjName>PK_AnswerLookup</sourceObjName>
<createdBy>david.moore</createdBy>
<createdTime>2015-01-12 09:17:58 UTC</createdTime>
<ownerDesignName>HWSInternal_12_01_2015</ownerDesignName>
<pk>true</pk>
<indexState>Primary Constraint</indexState>
<isSurrogateKey>false</isSurrogateKey>
<indexColumnUsage>
<colUsage columnID="F01316A8-7015-0E09-5806-B0F091ED6680"/>
</indexColumnUsage>
</ind_PK_UK>
<ind_PK_UK id="337F0826-5D5B-FDE3-24A5-05DC816DC4E8" name="FK_AnswerLookup_LookupItem">
<createdBy>david.moore</createdBy>
<createdTime>2015-01-12 09:18:00 UTC</createdTime>
<ownerDesignName>HWSInternal_12_01_2015</ownerDesignName>
<indexState>Foreign Key</indexState>
<isSurrogateKey>false</isSurrogateKey>
<indexColumnUsage>
<colUsage columnID="46EB6723-D611-D5BF-F86C-980B92FBC17D"/>
</indexColumnUsage>
</ind_PK_UK>
<ind_PK_UK id="B17DC1B0-B7BF-D688-47AF-29D0F8E6BD35" name="FK_AnswerLookup_Answer">
<createdBy>david.moore</createdBy>
<createdTime>2015-01-12 09:18:00 UTC</createdTime>
<ownerDesignName>HWSInternal_12_01_2015</ownerDesignName>
<indexState>Foreign Key</indexState>
<isSurrogateKey>false</isSurrogateKey>
<indexColumnUsage>
<colUsage columnID="A75E6A8C-4D55-7278-D1EF-105027FD9CB8"/>
</indexColumnUsage>
</ind_PK_UK>
</indexes>
</Table>