<?xml version = '1.0' encoding = 'UTF-8'?>
<Table class="oracle.dbtools.crest.model.design.relational.Table" directorySegmentName="seg_0" id="6A7432B9-E176-7360-BB2D-07C76D52D421" name="AssessmentObstacleSignpost">
<sourceConnName>HWSInternal</sourceConnName>
<sourceObjSchema>Assessment</sourceObjSchema>
<sourceObjName>AssessmentObstacleSignpost</sourceObjName>
<createdBy>david.moore</createdBy>
<createdTime>2015-01-12 09:17:59 UTC</createdTime>
<ownerDesignName>HWSInternal_12_01_2015</ownerDesignName>
<schemaObject>B90B0C67-4171-102C-BB60-3A0BF7A3B726</schemaObject>
<allowColumnReorder>false</allowColumnReorder>
<existDependencyGenerateInDDl>true</existDependencyGenerateInDDl>
<columns itemClass="oracle.dbtools.crest.model.design.relational.Column">
<Column name="AssessmentObstacleId" id="6012D96B-7DFB-BF39-BAE0-9075E479FA5E">
<sourceConnName>HWSInternal</sourceConnName>
<sourceObjSchema>AssessmentObstacleSignpost</sourceObjSchema>
<sourceObjName>AssessmentObstacleId</sourceObjName>
<createdBy>david.moore</createdBy>
<createdTime>2015-01-12 09:17:59 UTC</createdTime>
<ownerDesignName>HWSInternal_12_01_2015</ownerDesignName>
<useDomainConstraints>false</useDomainConstraints>
<use>1</use>
<logicalDatatype>LOGDT011</logicalDatatype>
<dataTypePrecision>10</dataTypePrecision>
<dataTypeScale>0</dataTypeScale>
<dataTypeSize>4</dataTypeSize>
<delegate>1E258534-343E-6974-9072-69D260AB6C3D</delegate>
<autoIncrementCycle>false</autoIncrementCycle>
<associations>
<colAssociation fkAssociation="DD53B9CD-FA61-06ED-7BA2-D7FA41EC8D22" referredColumn="1E258534-343E-6974-9072-69D260AB6C3D"/>
</associations>
</Column>
<Column name="SignpostId" id="5B9DCBAE-C1A7-9094-E81D-841C94BF490E">
<sourceConnName>HWSInternal</sourceConnName>
<sourceObjSchema>AssessmentObstacleSignpost</sourceObjSchema>
<sourceObjName>SignpostId</sourceObjName>
<createdBy>david.moore</createdBy>
<createdTime>2015-01-12 09:17:59 UTC</createdTime>
<ownerDesignName>HWSInternal_12_01_2015</ownerDesignName>
<useDomainConstraints>false</useDomainConstraints>
<use>1</use>
<logicalDatatype>LOGDT011</logicalDatatype>
<dataTypePrecision>10</dataTypePrecision>
<dataTypeScale>0</dataTypeScale>
<dataTypeSize>4</dataTypeSize>
<delegate>85184430-D3D9-3AB2-2320-553AC71D92FC</delegate>
<autoIncrementCycle>false</autoIncrementCycle>
<associations>
<colAssociation fkAssociation="EAE35974-9435-2405-2F69-C7F333E32B07" referredColumn="85184430-D3D9-3AB2-2320-553AC71D92FC"/>
</associations>
</Column>
</columns>
<indexes itemClass="oracle.dbtools.crest.model.design.relational.Index">
<ind_PK_UK id="2836D1FE-3A2C-6B6C-171C-019ED1A21353" name="PK_AssessmentObstacleSignpost_1">
<sourceConnName>HWSInternal</sourceConnName>
<sourceObjSchema>Assessment</sourceObjSchema>
<sourceObjName>PK_AssessmentObstacleSignpost_1</sourceObjName>
<createdBy>david.moore</createdBy>
<createdTime>2015-01-12 09:17:59 UTC</createdTime>
<ownerDesignName>HWSInternal_12_01_2015</ownerDesignName>
<pk>true</pk>
<indexState>Primary Constraint</indexState>
<isSurrogateKey>false</isSurrogateKey>
<indexColumnUsage>
<colUsage columnID="6012D96B-7DFB-BF39-BAE0-9075E479FA5E"/>
<colUsage columnID="5B9DCBAE-C1A7-9094-E81D-841C94BF490E"/>
</indexColumnUsage>
</ind_PK_UK>
<ind_PK_UK id="8CA6C40C-CA05-E6BE-06DB-F5C5697EAF89" name="FK_AssessmentObstacleSignpost_Signpost">
<createdBy>david.moore</createdBy>
<createdTime>2015-01-12 09:18:00 UTC</createdTime>
<ownerDesignName>HWSInternal_12_01_2015</ownerDesignName>
<indexState>Foreign Key</indexState>
<isSurrogateKey>false</isSurrogateKey>
<indexColumnUsage>
<colUsage columnID="5B9DCBAE-C1A7-9094-E81D-841C94BF490E"/>
</indexColumnUsage>
</ind_PK_UK>
<ind_PK_UK id="202ABB58-9F31-7D5F-8274-B0872022A1B0" name="FK_AssessmentObstacleSignpost_AssessmentObstacle">
<createdBy>david.moore</createdBy>
<createdTime>2015-01-12 09:18:00 UTC</createdTime>
<ownerDesignName>HWSInternal_12_01_2015</ownerDesignName>
<indexState>Foreign Key</indexState>
<isSurrogateKey>false</isSurrogateKey>
<indexColumnUsage>
<colUsage columnID="6012D96B-7DFB-BF39-BAE0-9075E479FA5E"/>
</indexColumnUsage>
</ind_PK_UK>
</indexes>
</Table>