<?xml version = '1.0' encoding = 'UTF-8'?>
<Table class="oracle.dbtools.crest.model.design.relational.Table" directorySegmentName="seg_0" id="7682B980-2188-DE16-51AA-6ACCC0290AA8" name="DocumentType">
<sourceConnName>HWSInternal</sourceConnName>
<sourceObjSchema>INVU</sourceObjSchema>
<sourceObjName>DocumentType</sourceObjName>
<createdBy>david.moore</createdBy>
<createdTime>2015-01-12 09:17:59 UTC</createdTime>
<ownerDesignName>HWSInternal_12_01_2015</ownerDesignName>
<schemaObject>5892E15C-1A7F-957D-6374-B5108D6ED719</schemaObject>
<allowColumnReorder>false</allowColumnReorder>
<existDependencyGenerateInDDl>true</existDependencyGenerateInDDl>
<columns itemClass="oracle.dbtools.crest.model.design.relational.Column">
<Column name="Id" id="84FB959A-F3D8-0CFA-F9D0-01A5F2A41235">
<sourceConnName>HWSInternal</sourceConnName>
<sourceObjSchema>DocumentType</sourceObjSchema>
<sourceObjName>Id</sourceObjName>
<createdBy>david.moore</createdBy>
<createdTime>2015-01-12 09:17:59 UTC</createdTime>
<ownerDesignName>HWSInternal_12_01_2015</ownerDesignName>
<useDomainConstraints>false</useDomainConstraints>
<use>1</use>
<logicalDatatype>LOGDT011</logicalDatatype>
<dataTypePrecision>10</dataTypePrecision>
<dataTypeScale>0</dataTypeScale>
<dataTypeSize>4</dataTypeSize>
<autoIncrementCycle>false</autoIncrementCycle>
</Column>
<Column name="FullyQualifiedTypeName" id="0D1CFFFB-6474-71A4-A804-F8874F041A46">
<sourceConnName>HWSInternal</sourceConnName>
<sourceObjSchema>DocumentType</sourceObjSchema>
<sourceObjName>FullyQualifiedTypeName</sourceObjName>
<createdBy>david.moore</createdBy>
<createdTime>2015-01-12 09:17:59 UTC</createdTime>
<ownerDesignName>HWSInternal_12_01_2015</ownerDesignName>
<useDomainConstraints>false</useDomainConstraints>
<use>1</use>
<logicalDatatype>LOGDT024</logicalDatatype>
<dataTypePrecision>256</dataTypePrecision>
<dataTypeScale>0</dataTypeScale>
<dataTypeSize>256</dataTypeSize>
<autoIncrementCycle>false</autoIncrementCycle>
</Column>
<Column name="DisplayName" id="716A3C9E-377B-32D9-03EE-299D7CD74570">
<sourceConnName>HWSInternal</sourceConnName>
<sourceObjSchema>DocumentType</sourceObjSchema>
<sourceObjName>DisplayName</sourceObjName>
<createdBy>david.moore</createdBy>
<createdTime>2015-01-12 09:17:59 UTC</createdTime>
<ownerDesignName>HWSInternal_12_01_2015</ownerDesignName>
<useDomainConstraints>false</useDomainConstraints>
<use>1</use>
<logicalDatatype>LOGDT024</logicalDatatype>
<dataTypePrecision>256</dataTypePrecision>
<dataTypeScale>0</dataTypeScale>
<dataTypeSize>256</dataTypeSize>
<defaultValue>N&apos;To be defined.&apos;</defaultValue>
<autoIncrementCycle>false</autoIncrementCycle>
</Column>
<Column name="IsClinical" id="037892DE-9B33-51CC-7233-9FE83988CD0A">
<sourceConnName>HWSInternal</sourceConnName>
<sourceObjSchema>DocumentType</sourceObjSchema>
<sourceObjName>IsClinical</sourceObjName>
<createdBy>david.moore</createdBy>
<createdTime>2015-01-12 09:17:59 UTC</createdTime>
<ownerDesignName>HWSInternal_12_01_2015</ownerDesignName>
<useDomainConstraints>false</useDomainConstraints>
<use>1</use>
<logicalDatatype>LOGDT034</logicalDatatype>
<dataTypePrecision>1</dataTypePrecision>
<dataTypeScale>0</dataTypeScale>
<dataTypeSize>1</dataTypeSize>
<defaultValue>0</defaultValue>
<autoIncrementCycle>false</autoIncrementCycle>
</Column>
</columns>
<indexes itemClass="oracle.dbtools.crest.model.design.relational.Index">
<ind_PK_UK id="67CA25ED-B97A-60AE-DE23-8A1C918CE3FB" name="PK_tblInvuDocumentTypes">
<sourceConnName>HWSInternal</sourceConnName>
<sourceObjSchema>INVU</sourceObjSchema>
<sourceObjName>PK_tblInvuDocumentTypes</sourceObjName>
<createdBy>david.moore</createdBy>
<createdTime>2015-01-12 09:17:59 UTC</createdTime>
<ownerDesignName>HWSInternal_12_01_2015</ownerDesignName>
<pk>true</pk>
<indexState>Primary Constraint</indexState>
<isSurrogateKey>false</isSurrogateKey>
<indexColumnUsage>
<colUsage columnID="84FB959A-F3D8-0CFA-F9D0-01A5F2A41235"/>
</indexColumnUsage>
</ind_PK_UK>
</indexes>
<tableCheckConstraints itemClass="oracle.dbtools.crest.model.design.constraint.TableLevelConstraint">
<tableCheckConstraint name="DF_INVU_DocumentTypes_DisplayName" directorySegmentName="seg_0" id="B19462D8-9893-8031-33A4-E3AA92411138">
<sourceConnName>HWSInternal</sourceConnName>
<sourceObjSchema>INVU</sourceObjSchema>
<sourceObjName>DF_INVU_DocumentTypes_DisplayName</sourceObjName>
<createdBy>david.moore</createdBy>
<createdTime>2015-01-12 09:17:59 UTC</createdTime>
<ownerDesignName>HWSInternal_12_01_2015</ownerDesignName>
<rule>N&apos;To be defined.&apos;</rule>
</tableCheckConstraint>
<tableCheckConstraint name="DF_INVU_DocumentTypes_IsClinical" directorySegmentName="seg_0" id="00591244-5211-1351-7920-DE0DB530D20A">
<sourceConnName>HWSInternal</sourceConnName>
<sourceObjSchema>INVU</sourceObjSchema>
<sourceObjName>DF_INVU_DocumentTypes_IsClinical</sourceObjName>
<createdBy>david.moore</createdBy>
<createdTime>2015-01-12 09:17:59 UTC</createdTime>
<ownerDesignName>HWSInternal_12_01_2015</ownerDesignName>
<rule>(0)</rule>
</tableCheckConstraint>
</tableCheckConstraints>
</Table>