<?xml version = '1.0' encoding = 'UTF-8'?>
<Table class="oracle.dbtools.crest.model.design.relational.Table" directorySegmentName="seg_0" id="81F9C10E-F05E-0362-FED4-30EB62DC60CC" name="AssessmentObstacle">
<sourceConnName>HWSInternal</sourceConnName>
<sourceObjSchema>Assessment</sourceObjSchema>
<sourceObjName>AssessmentObstacle</sourceObjName>
<createdBy>david.moore</createdBy>
<createdTime>2015-01-12 09:17:58 UTC</createdTime>
<ownerDesignName>HWSInternal_12_01_2015</ownerDesignName>
<schemaObject>B90B0C67-4171-102C-BB60-3A0BF7A3B726</schemaObject>
<allowColumnReorder>false</allowColumnReorder>
<existDependencyGenerateInDDl>true</existDependencyGenerateInDDl>
<columns itemClass="oracle.dbtools.crest.model.design.relational.Column">
<Column name="Id" id="1E258534-343E-6974-9072-69D260AB6C3D">
<sourceConnName>HWSInternal</sourceConnName>
<sourceObjSchema>AssessmentObstacle</sourceObjSchema>
<sourceObjName>Id</sourceObjName>
<createdBy>david.moore</createdBy>
<createdTime>2015-01-12 09:17:58 UTC</createdTime>
<ownerDesignName>HWSInternal_12_01_2015</ownerDesignName>
<useDomainConstraints>false</useDomainConstraints>
<use>1</use>
<logicalDatatype>LOGDT011</logicalDatatype>
<dataTypePrecision>10</dataTypePrecision>
<dataTypeScale>0</dataTypeScale>
<dataTypeSize>4</dataTypeSize>
<autoIncrementCycle>false</autoIncrementCycle>
</Column>
<Column name="AssessmentId" id="F38ACC41-26D5-313A-7484-127D98A9D6F5">
<sourceConnName>HWSInternal</sourceConnName>
<sourceObjSchema>AssessmentObstacle</sourceObjSchema>
<sourceObjName>AssessmentId</sourceObjName>
<createdBy>david.moore</createdBy>
<createdTime>2015-01-12 09:17:58 UTC</createdTime>
<ownerDesignName>HWSInternal_12_01_2015</ownerDesignName>
<useDomainConstraints>false</useDomainConstraints>
<use>1</use>
<logicalDatatype>LOGDT011</logicalDatatype>
<dataTypePrecision>10</dataTypePrecision>
<dataTypeScale>0</dataTypeScale>
<dataTypeSize>4</dataTypeSize>
<delegate>FD9F416B-4E89-7279-486E-69B774DC65F4</delegate>
<autoIncrementCycle>false</autoIncrementCycle>
<associations>
<colAssociation fkAssociation="4E3EFC83-E61B-ADF1-B293-8FC6B78559F5" referredColumn="FD9F416B-4E89-7279-486E-69B774DC65F4"/>
</associations>
</Column>
<Column name="ObstacleId" id="55A6D1B7-D55C-876C-1534-3F4D07E1B6AE">
<sourceConnName>HWSInternal</sourceConnName>
<sourceObjSchema>AssessmentObstacle</sourceObjSchema>
<sourceObjName>ObstacleId</sourceObjName>
<createdBy>david.moore</createdBy>
<createdTime>2015-01-12 09:17:58 UTC</createdTime>
<ownerDesignName>HWSInternal_12_01_2015</ownerDesignName>
<useDomainConstraints>false</useDomainConstraints>
<use>1</use>
<logicalDatatype>LOGDT011</logicalDatatype>
<dataTypePrecision>10</dataTypePrecision>
<dataTypeScale>0</dataTypeScale>
<dataTypeSize>4</dataTypeSize>
<delegate>E7DB943B-3952-5AA5-0734-8E49D2C6C22E</delegate>
<autoIncrementCycle>false</autoIncrementCycle>
<associations>
<colAssociation fkAssociation="2013F609-81E9-9030-0D2F-C920E2C9A6DF" referredColumn="E7DB943B-3952-5AA5-0734-8E49D2C6C22E"/>
</associations>
</Column>
</columns>
<indexes itemClass="oracle.dbtools.crest.model.design.relational.Index">
<ind_PK_UK id="F5F420CC-1F6A-30F8-BAB3-6BAF548DC51E" name="PK_AssessmentObstacle">
<sourceConnName>HWSInternal</sourceConnName>
<sourceObjSchema>Assessment</sourceObjSchema>
<sourceObjName>PK_AssessmentObstacle</sourceObjName>
<createdBy>david.moore</createdBy>
<createdTime>2015-01-12 09:17:58 UTC</createdTime>
<ownerDesignName>HWSInternal_12_01_2015</ownerDesignName>
<pk>true</pk>
<indexState>Primary Constraint</indexState>
<isSurrogateKey>false</isSurrogateKey>
<indexColumnUsage>
<colUsage columnID="1E258534-343E-6974-9072-69D260AB6C3D"/>
</indexColumnUsage>
</ind_PK_UK>
<ind_PK_UK id="3A955A32-2856-E6EC-FBF4-5B868438B851" name="FK_AssessmentObstacle_Obstacle">
<createdBy>david.moore</createdBy>
<createdTime>2015-01-12 09:18:00 UTC</createdTime>
<ownerDesignName>HWSInternal_12_01_2015</ownerDesignName>
<indexState>Foreign Key</indexState>
<isSurrogateKey>false</isSurrogateKey>
<indexColumnUsage>
<colUsage columnID="55A6D1B7-D55C-876C-1534-3F4D07E1B6AE"/>
</indexColumnUsage>
</ind_PK_UK>
<ind_PK_UK id="C94728A1-33F9-3E53-BDDA-1E61A745AC42" name="FK_AssessmentObstacle_Assessment">
<createdBy>david.moore</createdBy>
<createdTime>2015-01-12 09:18:00 UTC</createdTime>
<ownerDesignName>HWSInternal_12_01_2015</ownerDesignName>
<indexState>Foreign Key</indexState>
<isSurrogateKey>false</isSurrogateKey>
<indexColumnUsage>
<colUsage columnID="F38ACC41-26D5-313A-7484-127D98A9D6F5"/>
</indexColumnUsage>
</ind_PK_UK>
</indexes>
</Table>