<?xml version = '1.0' encoding = 'UTF-8'?>
<Table class="oracle.dbtools.crest.model.design.relational.Table" directorySegmentName="seg_0" id="8534D4B3-BEDB-B92F-4A81-B9B3DB530EDB" name="Appointment">
<sourceConnName>HWSInternal</sourceConnName>
<sourceObjSchema>Appointment</sourceObjSchema>
<sourceObjName>Appointment</sourceObjName>
<createdBy>david.moore</createdBy>
<createdTime>2015-01-12 09:17:58 UTC</createdTime>
<ownerDesignName>HWSInternal_12_01_2015</ownerDesignName>
<schemaObject>23743EFC-90C4-0439-C596-648C2ACC3465</schemaObject>
<allowColumnReorder>false</allowColumnReorder>
<existDependencyGenerateInDDl>true</existDependencyGenerateInDDl>
<columns itemClass="oracle.dbtools.crest.model.design.relational.Column">
<Column name="Id" id="D66E551B-28D0-704C-2700-084F9976BDCB">
<sourceConnName>HWSInternal</sourceConnName>
<sourceObjSchema>Appointment</sourceObjSchema>
<sourceObjName>Id</sourceObjName>
<createdBy>david.moore</createdBy>
<createdTime>2015-01-12 09:17:58 UTC</createdTime>
<ownerDesignName>HWSInternal_12_01_2015</ownerDesignName>
<useDomainConstraints>false</useDomainConstraints>
<use>1</use>
<logicalDatatype>LOGDT011</logicalDatatype>
<dataTypePrecision>10</dataTypePrecision>
<dataTypeScale>0</dataTypeScale>
<dataTypeSize>4</dataTypeSize>
<autoIncrementCycle>false</autoIncrementCycle>
</Column>
<Column name="CaseId" id="B306C2C9-367F-6ACD-6B77-0D8026777C3F">
<sourceConnName>HWSInternal</sourceConnName>
<sourceObjSchema>Appointment</sourceObjSchema>
<sourceObjName>CaseId</sourceObjName>
<createdBy>david.moore</createdBy>
<createdTime>2015-01-12 09:17:58 UTC</createdTime>
<ownerDesignName>HWSInternal_12_01_2015</ownerDesignName>
<useDomainConstraints>false</useDomainConstraints>
<use>1</use>
<logicalDatatype>LOGDT011</logicalDatatype>
<dataTypePrecision>10</dataTypePrecision>
<dataTypeScale>0</dataTypeScale>
<dataTypeSize>4</dataTypeSize>
<delegate>05174EA8-17A2-44D7-E20D-58DEB7BF35A2</delegate>
<autoIncrementCycle>false</autoIncrementCycle>
<associations>
<colAssociation fkAssociation="0D216BD7-CB1E-9BCF-A71F-1B992419FB7D" referredColumn="05174EA8-17A2-44D7-E20D-58DEB7BF35A2"/>
</associations>
</Column>
<Column name="ResourceId" id="AF192090-437B-ADFD-8067-DA2A153D141C">
<sourceConnName>HWSInternal</sourceConnName>
<sourceObjSchema>Appointment</sourceObjSchema>
<sourceObjName>ResourceId</sourceObjName>
<createdBy>david.moore</createdBy>
<createdTime>2015-01-12 09:17:58 UTC</createdTime>
<ownerDesignName>HWSInternal_12_01_2015</ownerDesignName>
<nullsAllowed>true</nullsAllowed>
<useDomainConstraints>false</useDomainConstraints>
<use>1</use>
<logicalDatatype>LOGDT011</logicalDatatype>
<dataTypePrecision>10</dataTypePrecision>
<dataTypeScale>0</dataTypeScale>
<dataTypeSize>4</dataTypeSize>
<delegate>9D06854C-6B2B-4CFC-0E49-C4F5041C674A</delegate>
<autoIncrementCycle>false</autoIncrementCycle>
<associations>
<colAssociation fkAssociation="4D7885EE-E334-AF8B-90F2-D37D13BA04E6" referredColumn="9D06854C-6B2B-4CFC-0E49-C4F5041C674A"/>
</associations>
</Column>
<Column name="ClinicId" id="2BEF2B7D-BE8A-FAC6-62AB-ABB2414A7FE7">
<sourceConnName>HWSInternal</sourceConnName>
<sourceObjSchema>Appointment</sourceObjSchema>
<sourceObjName>ClinicId</sourceObjName>
<createdBy>david.moore</createdBy>
<createdTime>2015-01-12 09:17:58 UTC</createdTime>
<ownerDesignName>HWSInternal_12_01_2015</ownerDesignName>
<nullsAllowed>true</nullsAllowed>
<useDomainConstraints>false</useDomainConstraints>
<use>1</use>
<logicalDatatype>LOGDT057</logicalDatatype>
<dataTypePrecision>0</dataTypePrecision>
<dataTypeScale>0</dataTypeScale>
<dataTypeSize>16</dataTypeSize>
<delegate>2EED7D4D-05C3-DCC9-CBA7-4A425640D43B</delegate>
<autoIncrementCycle>false</autoIncrementCycle>
<associations>
<colAssociation fkAssociation="16EDD56F-B007-FB6F-0C13-01E2DFAFFD58" referredColumn="2EED7D4D-05C3-DCC9-CBA7-4A425640D43B"/>
</associations>
</Column>
<Column name="ClinicName" id="184EDF07-63A7-0885-B0C9-A4BE3C35871D">
<sourceConnName>HWSInternal</sourceConnName>
<sourceObjSchema>Appointment</sourceObjSchema>
<sourceObjName>ClinicName</sourceObjName>
<createdBy>david.moore</createdBy>
<createdTime>2015-01-12 09:17:58 UTC</createdTime>
<ownerDesignName>HWSInternal_12_01_2015</ownerDesignName>
<nullsAllowed>true</nullsAllowed>
<useDomainConstraints>false</useDomainConstraints>
<use>1</use>
<logicalDatatype>LOGDT024</logicalDatatype>
<dataTypePrecision>200</dataTypePrecision>
<dataTypeScale>0</dataTypeScale>
<dataTypeSize>200</dataTypeSize>
<autoIncrementCycle>false</autoIncrementCycle>
</Column>
<Column name="ClinicianId" id="C3F115EE-B6CB-9EAC-C54B-68DD2BD4326F">
<sourceConnName>HWSInternal</sourceConnName>
<sourceObjSchema>Appointment</sourceObjSchema>
<sourceObjName>ClinicianId</sourceObjName>
<createdBy>david.moore</createdBy>
<createdTime>2015-01-12 09:17:58 UTC</createdTime>
<ownerDesignName>HWSInternal_12_01_2015</ownerDesignName>
<nullsAllowed>true</nullsAllowed>
<useDomainConstraints>false</useDomainConstraints>
<use>1</use>
<logicalDatatype>LOGDT057</logicalDatatype>
<dataTypePrecision>0</dataTypePrecision>
<dataTypeScale>0</dataTypeScale>
<dataTypeSize>16</dataTypeSize>
<delegate>973D459A-F858-3C00-78D4-18576F19D75D</delegate>
<autoIncrementCycle>false</autoIncrementCycle>
<associations>
<colAssociation fkAssociation="A38411F4-0AEC-A659-4B12-32FECD128103" referredColumn="973D459A-F858-3C00-78D4-18576F19D75D"/>
</associations>
</Column>
<Column name="ClinicianName" id="D2D0EB46-6B59-21F5-FA58-031C00B55DA9">
<sourceConnName>HWSInternal</sourceConnName>
<sourceObjSchema>Appointment</sourceObjSchema>
<sourceObjName>ClinicianName</sourceObjName>
<createdBy>david.moore</createdBy>
<createdTime>2015-01-12 09:17:58 UTC</createdTime>
<ownerDesignName>HWSInternal_12_01_2015</ownerDesignName>
<nullsAllowed>true</nullsAllowed>
<useDomainConstraints>false</useDomainConstraints>
<use>1</use>
<logicalDatatype>LOGDT024</logicalDatatype>
<dataTypePrecision>200</dataTypePrecision>
<dataTypeScale>0</dataTypeScale>
<dataTypeSize>200</dataTypeSize>
<autoIncrementCycle>false</autoIncrementCycle>
</Column>
<Column name="IsFaceToFace" id="9B534CB5-9906-4B2E-5DA7-85E79F0CC6B8">
<sourceConnName>HWSInternal</sourceConnName>
<sourceObjSchema>Appointment</sourceObjSchema>
<sourceObjName>IsFaceToFace</sourceObjName>
<createdBy>david.moore</createdBy>
<createdTime>2015-01-12 09:17:58 UTC</createdTime>
<ownerDesignName>HWSInternal_12_01_2015</ownerDesignName>
<useDomainConstraints>false</useDomainConstraints>
<use>1</use>
<logicalDatatype>LOGDT034</logicalDatatype>
<dataTypePrecision>1</dataTypePrecision>
<dataTypeScale>0</dataTypeScale>
<dataTypeSize>1</dataTypeSize>
<autoIncrementCycle>false</autoIncrementCycle>
</Column>
<Column name="AppointmentDate" id="3B23FF53-C75E-6DC7-5179-E63C5F5D4113">
<sourceConnName>HWSInternal</sourceConnName>
<sourceObjSchema>Appointment</sourceObjSchema>
<sourceObjName>AppointmentDate</sourceObjName>
<createdBy>david.moore</createdBy>
<createdTime>2015-01-12 09:17:58 UTC</createdTime>
<ownerDesignName>HWSInternal_12_01_2015</ownerDesignName>
<useDomainConstraints>false</useDomainConstraints>
<use>1</use>
<logicalDatatype>LOGDT008</logicalDatatype>
<dataTypePrecision>23</dataTypePrecision>
<dataTypeScale>3</dataTypeScale>
<dataTypeSize>8</dataTypeSize>
<autoIncrementCycle>false</autoIncrementCycle>
</Column>
<Column name="AppointmentBookingDate" id="9CA82190-27E6-9F21-0E66-F46C931E8456">
<sourceConnName>HWSInternal</sourceConnName>
<sourceObjSchema>Appointment</sourceObjSchema>
<sourceObjName>AppointmentBookingDate</sourceObjName>
<createdBy>david.moore</createdBy>
<createdTime>2015-01-12 09:17:58 UTC</createdTime>
<ownerDesignName>HWSInternal_12_01_2015</ownerDesignName>
<useDomainConstraints>false</useDomainConstraints>
<use>1</use>
<logicalDatatype>LOGDT008</logicalDatatype>
<dataTypePrecision>23</dataTypePrecision>
<dataTypeScale>3</dataTypeScale>
<dataTypeSize>8</dataTypeSize>
<autoIncrementCycle>false</autoIncrementCycle>
</Column>
<Column name="AppointmentStatusId" id="99315DDA-D6D0-7865-CB27-F8A367594E3F">
<sourceConnName>HWSInternal</sourceConnName>
<sourceObjSchema>Appointment</sourceObjSchema>
<sourceObjName>AppointmentStatusId</sourceObjName>
<createdBy>david.moore</createdBy>
<createdTime>2015-01-12 09:17:58 UTC</createdTime>
<ownerDesignName>HWSInternal_12_01_2015</ownerDesignName>
<useDomainConstraints>false</useDomainConstraints>
<use>1</use>
<logicalDatatype>LOGDT011</logicalDatatype>
<dataTypePrecision>10</dataTypePrecision>
<dataTypeScale>0</dataTypeScale>
<dataTypeSize>4</dataTypeSize>
<delegate>C9D0CBA1-27D2-6A34-C491-8F26FE8AF6E6</delegate>
<autoIncrementCycle>false</autoIncrementCycle>
<associations>
<colAssociation fkAssociation="276780C8-7681-1C5B-E9ED-9670494B0B9F" referredColumn="C9D0CBA1-27D2-6A34-C491-8F26FE8AF6E6"/>
</associations>
</Column>
<Column name="ElapsedTime" id="E313EC4F-2FFC-DBE2-40B8-EE941BDF25F2">
<sourceConnName>HWSInternal</sourceConnName>
<sourceObjSchema>Appointment</sourceObjSchema>
<sourceObjName>ElapsedTime</sourceObjName>
<createdBy>david.moore</createdBy>
<createdTime>2015-01-12 09:17:58 UTC</createdTime>
<ownerDesignName>HWSInternal_12_01_2015</ownerDesignName>
<useDomainConstraints>false</useDomainConstraints>
<use>1</use>
<logicalDatatype>LOGDT011</logicalDatatype>
<dataTypePrecision>10</dataTypePrecision>
<dataTypeScale>0</dataTypeScale>
<dataTypeSize>4</dataTypeSize>
<autoIncrementCycle>false</autoIncrementCycle>
</Column>
<Column name="AssessmentTypeId" id="F08EAC81-48F3-8176-4901-E863A1654DDF">
<sourceConnName>HWSInternal</sourceConnName>
<sourceObjSchema>Appointment</sourceObjSchema>
<sourceObjName>AssessmentTypeId</sourceObjName>
<createdBy>david.moore</createdBy>
<createdTime>2015-01-12 09:17:58 UTC</createdTime>
<ownerDesignName>HWSInternal_12_01_2015</ownerDesignName>
<useDomainConstraints>false</useDomainConstraints>
<use>1</use>
<logicalDatatype>LOGDT011</logicalDatatype>
<dataTypePrecision>10</dataTypePrecision>
<dataTypeScale>0</dataTypeScale>
<dataTypeSize>4</dataTypeSize>
<delegate>0268A18F-49B5-4E22-418C-AD2F845159C2</delegate>
<autoIncrementCycle>false</autoIncrementCycle>
<associations>
<colAssociation fkAssociation="CE238A67-231B-3E81-B010-D1D538DE5EF5" referredColumn="0268A18F-49B5-4E22-418C-AD2F845159C2"/>
</associations>
</Column>
<Column name="TravelTime" id="64104A48-64DC-B90C-6315-A35D5A2B5590">
<sourceConnName>HWSInternal</sourceConnName>
<sourceObjSchema>Appointment</sourceObjSchema>
<sourceObjName>TravelTime</sourceObjName>
<createdBy>david.moore</createdBy>
<createdTime>2015-01-12 09:17:58 UTC</createdTime>
<ownerDesignName>HWSInternal_12_01_2015</ownerDesignName>
<nullsAllowed>true</nullsAllowed>
<useDomainConstraints>false</useDomainConstraints>
<use>1</use>
<logicalDatatype>LOGDT011</logicalDatatype>
<dataTypePrecision>10</dataTypePrecision>
<dataTypeScale>0</dataTypeScale>
<dataTypeSize>4</dataTypeSize>
<autoIncrementCycle>false</autoIncrementCycle>
</Column>
<Column name="ReasonForChange" id="23AFD73C-65A9-8375-07C2-64A5B61A0985">
<sourceConnName>HWSInternal</sourceConnName>
<sourceObjSchema>Appointment</sourceObjSchema>
<sourceObjName>ReasonForChange</sourceObjName>
<createdBy>david.moore</createdBy>
<createdTime>2015-01-12 09:17:58 UTC</createdTime>
<ownerDesignName>HWSInternal_12_01_2015</ownerDesignName>
<nullsAllowed>true</nullsAllowed>
<useDomainConstraints>false</useDomainConstraints>
<use>1</use>
<logicalDatatype>LOGDT024</logicalDatatype>
<dataTypePrecision>200</dataTypePrecision>
<dataTypeScale>0</dataTypeScale>
<dataTypeSize>200</dataTypeSize>
<autoIncrementCycle>false</autoIncrementCycle>
</Column>
<Column name="RescheduledDate" id="8C3D1763-D882-5C3C-12BA-4B2F5AB65A76">
<sourceConnName>HWSInternal</sourceConnName>
<sourceObjSchema>Appointment</sourceObjSchema>
<sourceObjName>RescheduledDate</sourceObjName>
<createdBy>david.moore</createdBy>
<createdTime>2015-01-12 09:17:58 UTC</createdTime>
<ownerDesignName>HWSInternal_12_01_2015</ownerDesignName>
<nullsAllowed>true</nullsAllowed>
<useDomainConstraints>false</useDomainConstraints>
<use>1</use>
<logicalDatatype>LOGDT008</logicalDatatype>
<dataTypePrecision>23</dataTypePrecision>
<dataTypeScale>3</dataTypeScale>
<dataTypeSize>8</dataTypeSize>
<autoIncrementCycle>false</autoIncrementCycle>
</Column>
<Column name="Actions" id="01B35BD1-0CA4-FB66-6EE6-98FF9806A2AD">
<sourceConnName>HWSInternal</sourceConnName>
<sourceObjSchema>Appointment</sourceObjSchema>
<sourceObjName>Actions</sourceObjName>
<createdBy>david.moore</createdBy>
<createdTime>2015-01-12 09:17:58 UTC</createdTime>
<ownerDesignName>HWSInternal_12_01_2015</ownerDesignName>
<nullsAllowed>true</nullsAllowed>
<useDomainConstraints>false</useDomainConstraints>
<use>1</use>
<logicalDatatype>LOGDT028</logicalDatatype>
<dataTypePrecision>-1</dataTypePrecision>
<dataTypeScale>0</dataTypeScale>
<dataTypeSize>max</dataTypeSize>
<autoIncrementCycle>false</autoIncrementCycle>
</Column>
<Column name="OutcomeId" id="D1A25CB4-4E79-9512-7713-C978A1B992FF">
<sourceConnName>HWSInternal</sourceConnName>
<sourceObjSchema>Appointment</sourceObjSchema>
<sourceObjName>OutcomeId</sourceObjName>
<createdBy>david.moore</createdBy>
<createdTime>2015-01-12 09:17:58 UTC</createdTime>
<ownerDesignName>HWSInternal_12_01_2015</ownerDesignName>
<nullsAllowed>true</nullsAllowed>
<useDomainConstraints>false</useDomainConstraints>
<use>1</use>
<logicalDatatype>LOGDT011</logicalDatatype>
<dataTypePrecision>10</dataTypePrecision>
<dataTypeScale>0</dataTypeScale>
<dataTypeSize>4</dataTypeSize>
<autoIncrementCycle>false</autoIncrementCycle>
</Column>
</columns>
<indexes itemClass="oracle.dbtools.crest.model.design.relational.Index">
<ind_PK_UK id="C2206498-85CC-55CB-D9A1-D5D170322BAB" name="PK_Appointment">
<sourceConnName>HWSInternal</sourceConnName>
<sourceObjSchema>Appointment</sourceObjSchema>
<sourceObjName>PK_Appointment</sourceObjName>
<createdBy>david.moore</createdBy>
<createdTime>2015-01-12 09:17:58 UTC</createdTime>
<ownerDesignName>HWSInternal_12_01_2015</ownerDesignName>
<pk>true</pk>
<indexState>Primary Constraint</indexState>
<isSurrogateKey>false</isSurrogateKey>
<indexColumnUsage>
<colUsage columnID="D66E551B-28D0-704C-2700-084F9976BDCB"/>
</indexColumnUsage>
</ind_PK_UK>
<ind_PK_UK id="3674E9E2-4CD1-A8E8-D77E-990CED563ABC" name="FK_Appointment_Clinic">
<createdBy>david.moore</createdBy>
<createdTime>2015-01-12 09:18:00 UTC</createdTime>
<ownerDesignName>HWSInternal_12_01_2015</ownerDesignName>
<indexState>Foreign Key</indexState>
<isSurrogateKey>false</isSurrogateKey>
<indexColumnUsage>
<colUsage columnID="2BEF2B7D-BE8A-FAC6-62AB-ABB2414A7FE7"/>
</indexColumnUsage>
</ind_PK_UK>
<ind_PK_UK id="81815E8B-37EF-3F9F-1513-D17ED4CCB21A" name="FK_Appointment_Resource">
<createdBy>david.moore</createdBy>
<createdTime>2015-01-12 09:18:00 UTC</createdTime>
<ownerDesignName>HWSInternal_12_01_2015</ownerDesignName>
<indexState>Foreign Key</indexState>
<isSurrogateKey>false</isSurrogateKey>
<indexColumnUsage>
<colUsage columnID="AF192090-437B-ADFD-8067-DA2A153D141C"/>
</indexColumnUsage>
</ind_PK_UK>
<ind_PK_UK id="1F2968D0-63D5-93E8-6880-00F7718B591D" name="FK_Appointment_Case">
<createdBy>david.moore</createdBy>
<createdTime>2015-01-12 09:18:00 UTC</createdTime>
<ownerDesignName>HWSInternal_12_01_2015</ownerDesignName>
<indexState>Foreign Key</indexState>
<isSurrogateKey>false</isSurrogateKey>
<indexColumnUsage>
<colUsage columnID="B306C2C9-367F-6ACD-6B77-0D8026777C3F"/>
</indexColumnUsage>
</ind_PK_UK>
<ind_PK_UK id="F580F58A-83BB-566D-8BF2-4E8EEA74776A" name="FK_Appointment_AppointmentStatus">
<createdBy>david.moore</createdBy>
<createdTime>2015-01-12 09:18:00 UTC</createdTime>
<ownerDesignName>HWSInternal_12_01_2015</ownerDesignName>
<indexState>Foreign Key</indexState>
<isSurrogateKey>false</isSurrogateKey>
<indexColumnUsage>
<colUsage columnID="99315DDA-D6D0-7865-CB27-F8A367594E3F"/>
</indexColumnUsage>
</ind_PK_UK>
<ind_PK_UK id="83183449-95E2-1DE6-E01C-D7EF8926A98B" name="FK_Appointment_AppointmentType">
<createdBy>david.moore</createdBy>
<createdTime>2015-01-12 09:18:00 UTC</createdTime>
<ownerDesignName>HWSInternal_12_01_2015</ownerDesignName>
<indexState>Foreign Key</indexState>
<isSurrogateKey>false</isSurrogateKey>
<indexColumnUsage>
<colUsage columnID="F08EAC81-48F3-8176-4901-E863A1654DDF"/>
</indexColumnUsage>
</ind_PK_UK>
<ind_PK_UK id="5F8B8B01-D2E6-2CFA-6AB2-BA183D49E018" name="FK_Appointment_Clinician">
<createdBy>david.moore</createdBy>
<createdTime>2015-01-12 09:18:00 UTC</createdTime>
<ownerDesignName>HWSInternal_12_01_2015</ownerDesignName>
<indexState>Foreign Key</indexState>
<isSurrogateKey>false</isSurrogateKey>
<indexColumnUsage>
<colUsage columnID="C3F115EE-B6CB-9EAC-C54B-68DD2BD4326F"/>
</indexColumnUsage>
</ind_PK_UK>
</indexes>
</Table>