<?xml version = '1.0' encoding = 'UTF-8'?>
<Table class="oracle.dbtools.crest.model.design.relational.Table" directorySegmentName="seg_0" id="9F5EB80B-C07B-F469-25C9-9118A9AC0552" name="AuditLog">
<sourceConnName>HWSInternal</sourceConnName>
<sourceObjSchema>Audit</sourceObjSchema>
<sourceObjName>AuditLog</sourceObjName>
<createdBy>david.moore</createdBy>
<createdTime>2015-01-12 09:17:59 UTC</createdTime>
<ownerDesignName>HWSInternal_12_01_2015</ownerDesignName>
<schemaObject>92A3DDB1-83BB-7A14-7C36-1DA486B17A22</schemaObject>
<allowColumnReorder>false</allowColumnReorder>
<existDependencyGenerateInDDl>true</existDependencyGenerateInDDl>
<columns itemClass="oracle.dbtools.crest.model.design.relational.Column">
<Column name="AuditId" id="E2DC52BB-269D-124C-5139-F32B5401BBAF">
<sourceConnName>HWSInternal</sourceConnName>
<sourceObjSchema>AuditLog</sourceObjSchema>
<sourceObjName>AuditId</sourceObjName>
<createdBy>david.moore</createdBy>
<createdTime>2015-01-12 09:17:59 UTC</createdTime>
<ownerDesignName>HWSInternal_12_01_2015</ownerDesignName>
<useDomainConstraints>false</useDomainConstraints>
<use>1</use>
<logicalDatatype>LOGDT011</logicalDatatype>
<dataTypePrecision>10</dataTypePrecision>
<dataTypeScale>0</dataTypeScale>
<dataTypeSize>4</dataTypeSize>
<autoIncrementCycle>false</autoIncrementCycle>
</Column>
<Column name="AuditDate" id="95FEFA55-2F1D-4667-0B1A-6DF19BAE1AAF">
<sourceConnName>HWSInternal</sourceConnName>
<sourceObjSchema>AuditLog</sourceObjSchema>
<sourceObjName>AuditDate</sourceObjName>
<createdBy>david.moore</createdBy>
<createdTime>2015-01-12 09:17:59 UTC</createdTime>
<ownerDesignName>HWSInternal_12_01_2015</ownerDesignName>
<useDomainConstraints>false</useDomainConstraints>
<use>1</use>
<logicalDatatype>LOGDT008</logicalDatatype>
<dataTypePrecision>23</dataTypePrecision>
<dataTypeScale>3</dataTypeScale>
<dataTypeSize>8</dataTypeSize>
<autoIncrementCycle>false</autoIncrementCycle>
</Column>
<Column name="MachineName" id="ACF5934C-5A8B-06C0-407A-F84D29D4D432">
<sourceConnName>HWSInternal</sourceConnName>
<sourceObjSchema>AuditLog</sourceObjSchema>
<sourceObjName>MachineName</sourceObjName>
<createdBy>david.moore</createdBy>
<createdTime>2015-01-12 09:17:59 UTC</createdTime>
<ownerDesignName>HWSInternal_12_01_2015</ownerDesignName>
<nullsAllowed>true</nullsAllowed>
<useDomainConstraints>false</useDomainConstraints>
<use>1</use>
<logicalDatatype>LOGDT024</logicalDatatype>
<dataTypePrecision>40</dataTypePrecision>
<dataTypeScale>0</dataTypeScale>
<dataTypeSize>40</dataTypeSize>
<autoIncrementCycle>false</autoIncrementCycle>
</Column>
<Column name="UserName" id="5639E95E-ADF3-BB43-1420-0FC4594F5838">
<sourceConnName>HWSInternal</sourceConnName>
<sourceObjSchema>AuditLog</sourceObjSchema>
<sourceObjName>UserName</sourceObjName>
<createdBy>david.moore</createdBy>
<createdTime>2015-01-12 09:17:59 UTC</createdTime>
<ownerDesignName>HWSInternal_12_01_2015</ownerDesignName>
<nullsAllowed>true</nullsAllowed>
<useDomainConstraints>false</useDomainConstraints>
<use>1</use>
<logicalDatatype>LOGDT024</logicalDatatype>
<dataTypePrecision>50</dataTypePrecision>
<dataTypeScale>0</dataTypeScale>
<dataTypeSize>50</dataTypeSize>
<autoIncrementCycle>false</autoIncrementCycle>
</Column>
<Column name="ActionId" id="B66BD806-FD7E-D442-9D26-3F2BAE1A2E85">
<sourceConnName>HWSInternal</sourceConnName>
<sourceObjSchema>AuditLog</sourceObjSchema>
<sourceObjName>ActionId</sourceObjName>
<createdBy>david.moore</createdBy>
<createdTime>2015-01-12 09:17:59 UTC</createdTime>
<ownerDesignName>HWSInternal_12_01_2015</ownerDesignName>
<useDomainConstraints>false</useDomainConstraints>
<use>1</use>
<logicalDatatype>LOGDT011</logicalDatatype>
<dataTypePrecision>10</dataTypePrecision>
<dataTypeScale>0</dataTypeScale>
<dataTypeSize>4</dataTypeSize>
<delegate>D7105B16-E62C-403F-0AFB-18ABE371F72D</delegate>
<autoIncrementCycle>false</autoIncrementCycle>
<associations>
<colAssociation fkAssociation="A00FA5D7-5C83-E8E8-FAE1-86E197D81BD8" referredColumn="D7105B16-E62C-403F-0AFB-18ABE371F72D"/>
</associations>
</Column>
<Column name="EntityId" id="6E7B3367-6A4C-9C54-53E7-1E0C43551DA5">
<sourceConnName>HWSInternal</sourceConnName>
<sourceObjSchema>AuditLog</sourceObjSchema>
<sourceObjName>EntityId</sourceObjName>
<createdBy>david.moore</createdBy>
<createdTime>2015-01-12 09:17:59 UTC</createdTime>
<ownerDesignName>HWSInternal_12_01_2015</ownerDesignName>
<nullsAllowed>true</nullsAllowed>
<useDomainConstraints>false</useDomainConstraints>
<use>1</use>
<logicalDatatype>LOGDT024</logicalDatatype>
<dataTypePrecision>25</dataTypePrecision>
<dataTypeScale>0</dataTypeScale>
<dataTypeSize>25</dataTypeSize>
<autoIncrementCycle>false</autoIncrementCycle>
</Column>
<Column name="EntityName" id="3D08F3F7-6B5D-B892-DE31-11BEF43B3872">
<sourceConnName>HWSInternal</sourceConnName>
<sourceObjSchema>AuditLog</sourceObjSchema>
<sourceObjName>EntityName</sourceObjName>
<createdBy>david.moore</createdBy>
<createdTime>2015-01-12 09:17:59 UTC</createdTime>
<ownerDesignName>HWSInternal_12_01_2015</ownerDesignName>
<useDomainConstraints>false</useDomainConstraints>
<use>1</use>
<logicalDatatype>LOGDT024</logicalDatatype>
<dataTypePrecision>100</dataTypePrecision>
<dataTypeScale>0</dataTypeScale>
<dataTypeSize>100</dataTypeSize>
<autoIncrementCycle>false</autoIncrementCycle>
</Column>
</columns>
<indexes itemClass="oracle.dbtools.crest.model.design.relational.Index">
<ind_PK_UK id="E707056F-5225-A791-CE52-0CF78A744637" name="PK_AuditLog">
<sourceConnName>HWSInternal</sourceConnName>
<sourceObjSchema>Audit</sourceObjSchema>
<sourceObjName>PK_AuditLog</sourceObjName>
<createdBy>david.moore</createdBy>
<createdTime>2015-01-12 09:17:59 UTC</createdTime>
<ownerDesignName>HWSInternal_12_01_2015</ownerDesignName>
<pk>true</pk>
<indexState>Primary Constraint</indexState>
<isSurrogateKey>false</isSurrogateKey>
<indexColumnUsage>
<colUsage columnID="E2DC52BB-269D-124C-5139-F32B5401BBAF"/>
</indexColumnUsage>
</ind_PK_UK>
<ind_PK_UK id="65C7075E-96D6-DACA-DD03-682768BD71F5" name="FK_AuditLog_AuditAction">
<createdBy>david.moore</createdBy>
<createdTime>2015-01-12 09:18:00 UTC</createdTime>
<ownerDesignName>HWSInternal_12_01_2015</ownerDesignName>
<indexState>Foreign Key</indexState>
<isSurrogateKey>false</isSurrogateKey>
<indexColumnUsage>
<colUsage columnID="B66BD806-FD7E-D442-9D26-3F2BAE1A2E85"/>
</indexColumnUsage>
</ind_PK_UK>
</indexes>
</Table>