<?xml version = '1.0' encoding = 'UTF-8'?>
<Table class="oracle.dbtools.crest.model.design.relational.Table" directorySegmentName="seg_0" id="9FF3883D-6CD4-4FE5-3866-A5847F4B47C8" name="DiagnosticCode">
<sourceConnName>HWSInternal</sourceConnName>
<sourceObjSchema>Lookup</sourceObjSchema>
<sourceObjName>DiagnosticCode</sourceObjName>
<createdBy>david.moore</createdBy>
<createdTime>2015-01-12 09:17:59 UTC</createdTime>
<ownerDesignName>HWSInternal_12_01_2015</ownerDesignName>
<schemaObject>C0E722AD-5E8B-7F68-225F-749577113370</schemaObject>
<allowColumnReorder>false</allowColumnReorder>
<existDependencyGenerateInDDl>true</existDependencyGenerateInDDl>
<columns itemClass="oracle.dbtools.crest.model.design.relational.Column">
<Column name="Id" id="98B75E57-31E6-5B12-C059-8324913AF0EC">
<sourceConnName>HWSInternal</sourceConnName>
<sourceObjSchema>DiagnosticCode</sourceObjSchema>
<sourceObjName>Id</sourceObjName>
<createdBy>david.moore</createdBy>
<createdTime>2015-01-12 09:17:59 UTC</createdTime>
<ownerDesignName>HWSInternal_12_01_2015</ownerDesignName>
<useDomainConstraints>false</useDomainConstraints>
<use>1</use>
<logicalDatatype>LOGDT011</logicalDatatype>
<dataTypePrecision>10</dataTypePrecision>
<dataTypeScale>0</dataTypeScale>
<dataTypeSize>4</dataTypeSize>
<autoIncrementCycle>false</autoIncrementCycle>
</Column>
<Column name="CodeNumber" id="9295E5E8-AC83-9A90-473C-FFA2B8089F11">
<sourceConnName>HWSInternal</sourceConnName>
<sourceObjSchema>DiagnosticCode</sourceObjSchema>
<sourceObjName>CodeNumber</sourceObjName>
<createdBy>david.moore</createdBy>
<createdTime>2015-01-12 09:17:59 UTC</createdTime>
<ownerDesignName>HWSInternal_12_01_2015</ownerDesignName>
<useDomainConstraints>false</useDomainConstraints>
<use>1</use>
<logicalDatatype>LOGDT024</logicalDatatype>
<dataTypePrecision>5</dataTypePrecision>
<dataTypeScale>0</dataTypeScale>
<dataTypeSize>5</dataTypeSize>
<autoIncrementCycle>false</autoIncrementCycle>
</Column>
<Column name="Description" id="2D4534F4-3804-6B3C-59DB-F24694352CD3">
<sourceConnName>HWSInternal</sourceConnName>
<sourceObjSchema>DiagnosticCode</sourceObjSchema>
<sourceObjName>Description</sourceObjName>
<createdBy>david.moore</createdBy>
<createdTime>2015-01-12 09:17:59 UTC</createdTime>
<ownerDesignName>HWSInternal_12_01_2015</ownerDesignName>
<useDomainConstraints>false</useDomainConstraints>
<use>1</use>
<logicalDatatype>LOGDT024</logicalDatatype>
<dataTypePrecision>50</dataTypePrecision>
<dataTypeScale>0</dataTypeScale>
<dataTypeSize>50</dataTypeSize>
<autoIncrementCycle>false</autoIncrementCycle>
</Column>
<Column name="SortOrder" id="9A8C5EA1-02D4-D04A-6241-AF866FB7A68B">
<sourceConnName>HWSInternal</sourceConnName>
<sourceObjSchema>DiagnosticCode</sourceObjSchema>
<sourceObjName>SortOrder</sourceObjName>
<createdBy>david.moore</createdBy>
<createdTime>2015-01-12 09:17:59 UTC</createdTime>
<ownerDesignName>HWSInternal_12_01_2015</ownerDesignName>
<useDomainConstraints>false</useDomainConstraints>
<use>1</use>
<logicalDatatype>LOGDT011</logicalDatatype>
<dataTypePrecision>10</dataTypePrecision>
<dataTypeScale>0</dataTypeScale>
<dataTypeSize>4</dataTypeSize>
<autoIncrementCycle>false</autoIncrementCycle>
</Column>
<Column name="IsEnabled" id="D4C98EBA-0C58-4F2E-567C-B72749EE8202">
<sourceConnName>HWSInternal</sourceConnName>
<sourceObjSchema>DiagnosticCode</sourceObjSchema>
<sourceObjName>IsEnabled</sourceObjName>
<createdBy>david.moore</createdBy>
<createdTime>2015-01-12 09:17:59 UTC</createdTime>
<ownerDesignName>HWSInternal_12_01_2015</ownerDesignName>
<useDomainConstraints>false</useDomainConstraints>
<use>1</use>
<logicalDatatype>LOGDT034</logicalDatatype>
<dataTypePrecision>1</dataTypePrecision>
<dataTypeScale>0</dataTypeScale>
<dataTypeSize>1</dataTypeSize>
<autoIncrementCycle>false</autoIncrementCycle>
</Column>
</columns>
<indexes itemClass="oracle.dbtools.crest.model.design.relational.Index">
<ind_PK_UK id="F501410E-D51A-1D70-6495-65D919199034" name="PK_DiagnosticCode">
<sourceConnName>HWSInternal</sourceConnName>
<sourceObjSchema>Lookup</sourceObjSchema>
<sourceObjName>PK_DiagnosticCode</sourceObjName>
<createdBy>david.moore</createdBy>
<createdTime>2015-01-12 09:17:59 UTC</createdTime>
<ownerDesignName>HWSInternal_12_01_2015</ownerDesignName>
<pk>true</pk>
<indexState>Primary Constraint</indexState>
<isSurrogateKey>false</isSurrogateKey>
<indexColumnUsage>
<colUsage columnID="98B75E57-31E6-5B12-C059-8324913AF0EC"/>
</indexColumnUsage>
</ind_PK_UK>
</indexes>
</Table>