<?xml version = '1.0' encoding = 'UTF-8'?>
<Table class="oracle.dbtools.crest.model.design.relational.Table" directorySegmentName="seg_0" id="A5B28385-B588-878E-F1F6-E26E3A3A0A26" name="ComplaintCase">
<sourceConnName>HWSInternal</sourceConnName>
<sourceObjSchema>Complaint</sourceObjSchema>
<sourceObjName>ComplaintCase</sourceObjName>
<createdBy>david.moore</createdBy>
<createdTime>2015-01-12 09:17:59 UTC</createdTime>
<ownerDesignName>HWSInternal_12_01_2015</ownerDesignName>
<schemaObject>4993326C-B30F-C6B0-E968-1DB9CB2436BE</schemaObject>
<allowColumnReorder>false</allowColumnReorder>
<existDependencyGenerateInDDl>true</existDependencyGenerateInDDl>
<columns itemClass="oracle.dbtools.crest.model.design.relational.Column">
<Column name="Id" id="4DBBDCE0-CE7B-9C10-F0AC-EA8187F32D41">
<sourceConnName>HWSInternal</sourceConnName>
<sourceObjSchema>ComplaintCase</sourceObjSchema>
<sourceObjName>Id</sourceObjName>
<createdBy>david.moore</createdBy>
<createdTime>2015-01-12 09:17:59 UTC</createdTime>
<ownerDesignName>HWSInternal_12_01_2015</ownerDesignName>
<useDomainConstraints>false</useDomainConstraints>
<use>1</use>
<logicalDatatype>LOGDT011</logicalDatatype>
<dataTypePrecision>10</dataTypePrecision>
<dataTypeScale>0</dataTypeScale>
<dataTypeSize>4</dataTypeSize>
<autoIncrementCycle>false</autoIncrementCycle>
</Column>
<Column name="ComplaintId" id="2AEAD51A-4578-B787-F7CB-78D6D1F2A926">
<sourceConnName>HWSInternal</sourceConnName>
<sourceObjSchema>ComplaintCase</sourceObjSchema>
<sourceObjName>ComplaintId</sourceObjName>
<createdBy>david.moore</createdBy>
<createdTime>2015-01-12 09:17:59 UTC</createdTime>
<ownerDesignName>HWSInternal_12_01_2015</ownerDesignName>
<useDomainConstraints>false</useDomainConstraints>
<use>1</use>
<logicalDatatype>LOGDT011</logicalDatatype>
<dataTypePrecision>10</dataTypePrecision>
<dataTypeScale>0</dataTypeScale>
<dataTypeSize>4</dataTypeSize>
<delegate>FD1F32E8-D0B7-5B6A-4E52-A7CD2F2AC67A</delegate>
<autoIncrementCycle>false</autoIncrementCycle>
<associations>
<colAssociation fkAssociation="0B18E9CC-8D0D-82E1-B54F-08073F11A02F" referredColumn="FD1F32E8-D0B7-5B6A-4E52-A7CD2F2AC67A"/>
</associations>
</Column>
<Column name="CaseId" id="E8A5BF3F-D8D2-E6EA-DA6F-4C9FA6F692AE">
<sourceConnName>HWSInternal</sourceConnName>
<sourceObjSchema>ComplaintCase</sourceObjSchema>
<sourceObjName>CaseId</sourceObjName>
<createdBy>david.moore</createdBy>
<createdTime>2015-01-12 09:17:59 UTC</createdTime>
<ownerDesignName>HWSInternal_12_01_2015</ownerDesignName>
<useDomainConstraints>false</useDomainConstraints>
<use>1</use>
<logicalDatatype>LOGDT011</logicalDatatype>
<dataTypePrecision>10</dataTypePrecision>
<dataTypeScale>0</dataTypeScale>
<dataTypeSize>4</dataTypeSize>
<delegate>05174EA8-17A2-44D7-E20D-58DEB7BF35A2</delegate>
<autoIncrementCycle>false</autoIncrementCycle>
<associations>
<colAssociation fkAssociation="CE60BFDE-3F24-7597-9682-1445ED0443E6" referredColumn="05174EA8-17A2-44D7-E20D-58DEB7BF35A2"/>
</associations>
</Column>
<Column name="IsDeleted" id="2E8617E9-4DA6-50F7-116B-F2652E07C969">
<sourceConnName>HWSInternal</sourceConnName>
<sourceObjSchema>ComplaintCase</sourceObjSchema>
<sourceObjName>IsDeleted</sourceObjName>
<createdBy>david.moore</createdBy>
<createdTime>2015-01-12 09:17:59 UTC</createdTime>
<ownerDesignName>HWSInternal_12_01_2015</ownerDesignName>
<useDomainConstraints>false</useDomainConstraints>
<use>1</use>
<logicalDatatype>LOGDT034</logicalDatatype>
<dataTypePrecision>1</dataTypePrecision>
<dataTypeScale>0</dataTypeScale>
<dataTypeSize>1</dataTypeSize>
<autoIncrementCycle>false</autoIncrementCycle>
</Column>
<Column name="CreatedByUser" id="B2C1E32C-1170-1EC1-CB70-4EE56E4F85F6">
<sourceConnName>HWSInternal</sourceConnName>
<sourceObjSchema>ComplaintCase</sourceObjSchema>
<sourceObjName>CreatedByUser</sourceObjName>
<createdBy>david.moore</createdBy>
<createdTime>2015-01-12 09:17:59 UTC</createdTime>
<ownerDesignName>HWSInternal_12_01_2015</ownerDesignName>
<useDomainConstraints>false</useDomainConstraints>
<use>1</use>
<logicalDatatype>LOGDT024</logicalDatatype>
<dataTypePrecision>35</dataTypePrecision>
<dataTypeScale>0</dataTypeScale>
<dataTypeSize>35</dataTypeSize>
<autoIncrementCycle>false</autoIncrementCycle>
</Column>
<Column name="CreatedDate" id="1F20F812-E124-1613-C807-6377B7CB1882">
<sourceConnName>HWSInternal</sourceConnName>
<sourceObjSchema>ComplaintCase</sourceObjSchema>
<sourceObjName>CreatedDate</sourceObjName>
<createdBy>david.moore</createdBy>
<createdTime>2015-01-12 09:17:59 UTC</createdTime>
<ownerDesignName>HWSInternal_12_01_2015</ownerDesignName>
<useDomainConstraints>false</useDomainConstraints>
<use>1</use>
<logicalDatatype>LOGDT008</logicalDatatype>
<dataTypePrecision>23</dataTypePrecision>
<dataTypeScale>3</dataTypeScale>
<dataTypeSize>8</dataTypeSize>
<autoIncrementCycle>false</autoIncrementCycle>
</Column>
<Column name="UpdatedByUser" id="184F077F-4DC7-B1BB-8C8D-E2278D59FBD4">
<sourceConnName>HWSInternal</sourceConnName>
<sourceObjSchema>ComplaintCase</sourceObjSchema>
<sourceObjName>UpdatedByUser</sourceObjName>
<createdBy>david.moore</createdBy>
<createdTime>2015-01-12 09:17:59 UTC</createdTime>
<ownerDesignName>HWSInternal_12_01_2015</ownerDesignName>
<useDomainConstraints>false</useDomainConstraints>
<use>1</use>
<logicalDatatype>LOGDT024</logicalDatatype>
<dataTypePrecision>35</dataTypePrecision>
<dataTypeScale>0</dataTypeScale>
<dataTypeSize>35</dataTypeSize>
<autoIncrementCycle>false</autoIncrementCycle>
</Column>
<Column name="UpdatedDate" id="807FE8A2-8019-C1F1-E932-95463F0AC5AF">
<sourceConnName>HWSInternal</sourceConnName>
<sourceObjSchema>ComplaintCase</sourceObjSchema>
<sourceObjName>UpdatedDate</sourceObjName>
<createdBy>david.moore</createdBy>
<createdTime>2015-01-12 09:17:59 UTC</createdTime>
<ownerDesignName>HWSInternal_12_01_2015</ownerDesignName>
<useDomainConstraints>false</useDomainConstraints>
<use>1</use>
<logicalDatatype>LOGDT008</logicalDatatype>
<dataTypePrecision>23</dataTypePrecision>
<dataTypeScale>3</dataTypeScale>
<dataTypeSize>8</dataTypeSize>
<autoIncrementCycle>false</autoIncrementCycle>
</Column>
</columns>
<indexes itemClass="oracle.dbtools.crest.model.design.relational.Index">
<ind_PK_UK id="5F2A53D9-F737-8CDE-E161-2E5D73861433" name="PK_ComplaintCase">
<sourceConnName>HWSInternal</sourceConnName>
<sourceObjSchema>Complaint</sourceObjSchema>
<sourceObjName>PK_ComplaintCase</sourceObjName>
<createdBy>david.moore</createdBy>
<createdTime>2015-01-12 09:17:59 UTC</createdTime>
<ownerDesignName>HWSInternal_12_01_2015</ownerDesignName>
<pk>true</pk>
<indexState>Primary Constraint</indexState>
<isSurrogateKey>false</isSurrogateKey>
<indexColumnUsage>
<colUsage columnID="4DBBDCE0-CE7B-9C10-F0AC-EA8187F32D41"/>
</indexColumnUsage>
</ind_PK_UK>
<ind_PK_UK id="C49505BE-3639-31A5-C9EB-80EDFE7301E4" name="FK_ComplaintCase_Complaint">
<createdBy>david.moore</createdBy>
<createdTime>2015-01-12 09:18:00 UTC</createdTime>
<ownerDesignName>HWSInternal_12_01_2015</ownerDesignName>
<indexState>Foreign Key</indexState>
<isSurrogateKey>false</isSurrogateKey>
<indexColumnUsage>
<colUsage columnID="2AEAD51A-4578-B787-F7CB-78D6D1F2A926"/>
</indexColumnUsage>
</ind_PK_UK>
<ind_PK_UK id="5E81F319-EF6B-1CBA-FF48-845FC40D8F6F" name="FK_ComplaintCase_Case">
<createdBy>david.moore</createdBy>
<createdTime>2015-01-12 09:18:00 UTC</createdTime>
<ownerDesignName>HWSInternal_12_01_2015</ownerDesignName>
<indexState>Foreign Key</indexState>
<isSurrogateKey>false</isSurrogateKey>
<indexColumnUsage>
<colUsage columnID="E8A5BF3F-D8D2-E6EA-DA6F-4C9FA6F692AE"/>
</indexColumnUsage>
</ind_PK_UK>
</indexes>
</Table>