<?xml version = '1.0' encoding = 'UTF-8'?>
<Table class="oracle.dbtools.crest.model.design.relational.Table" directorySegmentName="seg_0" id="A60FC1AD-8255-47C1-9B78-B01A01B7FD38" name="GenericTemplate">
<sourceConnName>HWSInternal</sourceConnName>
<sourceObjSchema>Template</sourceObjSchema>
<sourceObjName>GenericTemplate</sourceObjName>
<createdBy>david.moore</createdBy>
<createdTime>2015-01-12 09:18:00 UTC</createdTime>
<ownerDesignName>HWSInternal_12_01_2015</ownerDesignName>
<schemaObject>DCC636F5-4C18-915A-0A52-D0189C380DC9</schemaObject>
<allowColumnReorder>false</allowColumnReorder>
<existDependencyGenerateInDDl>true</existDependencyGenerateInDDl>
<columns itemClass="oracle.dbtools.crest.model.design.relational.Column">
<Column name="Id" id="28762519-4F68-96F6-2AA4-FAD6076ADE93">
<sourceConnName>HWSInternal</sourceConnName>
<sourceObjSchema>GenericTemplate</sourceObjSchema>
<sourceObjName>Id</sourceObjName>
<createdBy>david.moore</createdBy>
<createdTime>2015-01-12 09:18:00 UTC</createdTime>
<ownerDesignName>HWSInternal_12_01_2015</ownerDesignName>
<useDomainConstraints>false</useDomainConstraints>
<use>1</use>
<logicalDatatype>LOGDT011</logicalDatatype>
<dataTypePrecision>10</dataTypePrecision>
<dataTypeScale>0</dataTypeScale>
<dataTypeSize>4</dataTypeSize>
<autoIncrementCycle>false</autoIncrementCycle>
</Column>
<Column name="Description" id="4B84FF8A-FF05-5EFC-2714-769E9C0D94C7">
<sourceConnName>HWSInternal</sourceConnName>
<sourceObjSchema>GenericTemplate</sourceObjSchema>
<sourceObjName>Description</sourceObjName>
<createdBy>david.moore</createdBy>
<createdTime>2015-01-12 09:18:00 UTC</createdTime>
<ownerDesignName>HWSInternal_12_01_2015</ownerDesignName>
<nullsAllowed>true</nullsAllowed>
<useDomainConstraints>false</useDomainConstraints>
<use>1</use>
<logicalDatatype>LOGDT037</logicalDatatype>
<dataTypePrecision>800</dataTypePrecision>
<dataTypeScale>0</dataTypeScale>
<dataTypeSize>800</dataTypeSize>
<autoIncrementCycle>false</autoIncrementCycle>
</Column>
</columns>
<indexes itemClass="oracle.dbtools.crest.model.design.relational.Index">
<ind_PK_UK id="18173466-59C3-A56B-6682-5B1BCB7BBA04" name="PK_GenericTemplate">
<sourceConnName>HWSInternal</sourceConnName>
<sourceObjSchema>Template</sourceObjSchema>
<sourceObjName>PK_GenericTemplate</sourceObjName>
<createdBy>david.moore</createdBy>
<createdTime>2015-01-12 09:18:00 UTC</createdTime>
<ownerDesignName>HWSInternal_12_01_2015</ownerDesignName>
<pk>true</pk>
<indexState>Primary Constraint</indexState>
<isSurrogateKey>false</isSurrogateKey>
<indexColumnUsage>
<colUsage columnID="28762519-4F68-96F6-2AA4-FAD6076ADE93"/>
</indexColumnUsage>
</ind_PK_UK>
</indexes>
</Table>