<?xml version = '1.0' encoding = 'UTF-8'?>
<Table class="oracle.dbtools.crest.model.design.relational.Table" directorySegmentName="seg_0" id="BA3161E9-78DD-154B-5615-5D0DDF4A9670" name="AppointmentStatus">
<sourceConnName>HWSInternal</sourceConnName>
<sourceObjSchema>Appointment</sourceObjSchema>
<sourceObjName>AppointmentStatus</sourceObjName>
<createdBy>david.moore</createdBy>
<createdTime>2015-01-12 09:17:58 UTC</createdTime>
<ownerDesignName>HWSInternal_12_01_2015</ownerDesignName>
<schemaObject>23743EFC-90C4-0439-C596-648C2ACC3465</schemaObject>
<allowColumnReorder>false</allowColumnReorder>
<existDependencyGenerateInDDl>true</existDependencyGenerateInDDl>
<columns itemClass="oracle.dbtools.crest.model.design.relational.Column">
<Column name="Id" id="C9D0CBA1-27D2-6A34-C491-8F26FE8AF6E6">
<sourceConnName>HWSInternal</sourceConnName>
<sourceObjSchema>AppointmentStatus</sourceObjSchema>
<sourceObjName>Id</sourceObjName>
<createdBy>david.moore</createdBy>
<createdTime>2015-01-12 09:17:58 UTC</createdTime>
<ownerDesignName>HWSInternal_12_01_2015</ownerDesignName>
<useDomainConstraints>false</useDomainConstraints>
<use>1</use>
<logicalDatatype>LOGDT011</logicalDatatype>
<dataTypePrecision>10</dataTypePrecision>
<dataTypeScale>0</dataTypeScale>
<dataTypeSize>4</dataTypeSize>
<autoIncrementCycle>false</autoIncrementCycle>
</Column>
<Column name="Name" id="C4FF7E4C-A5C7-0887-6C5A-92150010967D">
<sourceConnName>HWSInternal</sourceConnName>
<sourceObjSchema>AppointmentStatus</sourceObjSchema>
<sourceObjName>Name</sourceObjName>
<createdBy>david.moore</createdBy>
<createdTime>2015-01-12 09:17:58 UTC</createdTime>
<ownerDesignName>HWSInternal_12_01_2015</ownerDesignName>
<useDomainConstraints>false</useDomainConstraints>
<use>1</use>
<logicalDatatype>LOGDT024</logicalDatatype>
<dataTypePrecision>50</dataTypePrecision>
<dataTypeScale>0</dataTypeScale>
<dataTypeSize>50</dataTypeSize>
<autoIncrementCycle>false</autoIncrementCycle>
</Column>
</columns>
<indexes itemClass="oracle.dbtools.crest.model.design.relational.Index">
<ind_PK_UK id="6A6C497D-E16A-117F-909B-A6EA21706B38" name="PK_AppointmentStatus">
<sourceConnName>HWSInternal</sourceConnName>
<sourceObjSchema>Appointment</sourceObjSchema>
<sourceObjName>PK_AppointmentStatus</sourceObjName>
<createdBy>david.moore</createdBy>
<createdTime>2015-01-12 09:17:58 UTC</createdTime>
<ownerDesignName>HWSInternal_12_01_2015</ownerDesignName>
<pk>true</pk>
<indexState>Primary Constraint</indexState>
<isSurrogateKey>false</isSurrogateKey>
<indexColumnUsage>
<colUsage columnID="C9D0CBA1-27D2-6A34-C491-8F26FE8AF6E6"/>
</indexColumnUsage>
</ind_PK_UK>
</indexes>
</Table>