<?xml version = '1.0' encoding = 'UTF-8'?>
<Table class="oracle.dbtools.crest.model.design.relational.Table" directorySegmentName="seg_0" id="BF82BCE1-29D3-39B9-4A7E-79E7ED9E060C" name="AssessmentQuestionnaire">
<sourceConnName>HWSInternal</sourceConnName>
<sourceObjSchema>Assessment</sourceObjSchema>
<sourceObjName>AssessmentQuestionnaire</sourceObjName>
<createdBy>david.moore</createdBy>
<createdTime>2015-01-12 09:17:58 UTC</createdTime>
<ownerDesignName>HWSInternal_12_01_2015</ownerDesignName>
<schemaObject>B90B0C67-4171-102C-BB60-3A0BF7A3B726</schemaObject>
<allowColumnReorder>false</allowColumnReorder>
<existDependencyGenerateInDDl>true</existDependencyGenerateInDDl>
<columns itemClass="oracle.dbtools.crest.model.design.relational.Column">
<Column name="Id" id="3AAB7462-0A3E-1A9C-0431-59AE0C60156B">
<sourceConnName>HWSInternal</sourceConnName>
<sourceObjSchema>AssessmentQuestionnaire</sourceObjSchema>
<sourceObjName>Id</sourceObjName>
<createdBy>david.moore</createdBy>
<createdTime>2015-01-12 09:17:58 UTC</createdTime>
<ownerDesignName>HWSInternal_12_01_2015</ownerDesignName>
<useDomainConstraints>false</useDomainConstraints>
<use>1</use>
<logicalDatatype>LOGDT011</logicalDatatype>
<dataTypePrecision>10</dataTypePrecision>
<dataTypeScale>0</dataTypeScale>
<dataTypeSize>4</dataTypeSize>
<autoIncrementCycle>false</autoIncrementCycle>
</Column>
<Column name="AssessmentId" id="4A006EBF-AE49-9BB8-AABB-D9EB3EEE4A1A">
<sourceConnName>HWSInternal</sourceConnName>
<sourceObjSchema>AssessmentQuestionnaire</sourceObjSchema>
<sourceObjName>AssessmentId</sourceObjName>
<createdBy>david.moore</createdBy>
<createdTime>2015-01-12 09:17:58 UTC</createdTime>
<ownerDesignName>HWSInternal_12_01_2015</ownerDesignName>
<nullsAllowed>true</nullsAllowed>
<useDomainConstraints>false</useDomainConstraints>
<use>1</use>
<logicalDatatype>LOGDT011</logicalDatatype>
<dataTypePrecision>10</dataTypePrecision>
<dataTypeScale>0</dataTypeScale>
<dataTypeSize>4</dataTypeSize>
<delegate>FD9F416B-4E89-7279-486E-69B774DC65F4</delegate>
<autoIncrementCycle>false</autoIncrementCycle>
<associations>
<colAssociation fkAssociation="B1106D17-B7E5-2DBB-9A29-6D838D5467BF" referredColumn="FD9F416B-4E89-7279-486E-69B774DC65F4"/>
</associations>
</Column>
<Column name="QuestionnaireId" id="50E25617-4500-EAE2-7100-85AAA0E3EA7C">
<sourceConnName>HWSInternal</sourceConnName>
<sourceObjSchema>AssessmentQuestionnaire</sourceObjSchema>
<sourceObjName>QuestionnaireId</sourceObjName>
<createdBy>david.moore</createdBy>
<createdTime>2015-01-12 09:17:58 UTC</createdTime>
<ownerDesignName>HWSInternal_12_01_2015</ownerDesignName>
<nullsAllowed>true</nullsAllowed>
<useDomainConstraints>false</useDomainConstraints>
<use>1</use>
<logicalDatatype>LOGDT011</logicalDatatype>
<dataTypePrecision>10</dataTypePrecision>
<dataTypeScale>0</dataTypeScale>
<dataTypeSize>4</dataTypeSize>
<delegate>DA6C94E3-347F-604B-0CB2-774293271B0A</delegate>
<autoIncrementCycle>false</autoIncrementCycle>
<associations>
<colAssociation fkAssociation="EF769F95-F83C-3E78-4B14-3BB8197DD276" referredColumn="DA6C94E3-347F-604B-0CB2-774293271B0A"/>
</associations>
</Column>
<Column name="Score" id="A2D9905F-DAE1-5131-1F0C-E04C139C166C">
<sourceConnName>HWSInternal</sourceConnName>
<sourceObjSchema>AssessmentQuestionnaire</sourceObjSchema>
<sourceObjName>Score</sourceObjName>
<createdBy>david.moore</createdBy>
<createdTime>2015-01-12 09:17:58 UTC</createdTime>
<ownerDesignName>HWSInternal_12_01_2015</ownerDesignName>
<nullsAllowed>true</nullsAllowed>
<useDomainConstraints>false</useDomainConstraints>
<use>1</use>
<logicalDatatype>LOGDT011</logicalDatatype>
<dataTypePrecision>10</dataTypePrecision>
<dataTypeScale>0</dataTypeScale>
<dataTypeSize>4</dataTypeSize>
<autoIncrementCycle>false</autoIncrementCycle>
</Column>
</columns>
<indexes itemClass="oracle.dbtools.crest.model.design.relational.Index">
<ind_PK_UK id="EF4B08B7-B9F4-9F29-AF4D-371BA8B50ABF" name="PK_AssessmentQuestionnaire">
<sourceConnName>HWSInternal</sourceConnName>
<sourceObjSchema>Assessment</sourceObjSchema>
<sourceObjName>PK_AssessmentQuestionnaire</sourceObjName>
<createdBy>david.moore</createdBy>
<createdTime>2015-01-12 09:17:58 UTC</createdTime>
<ownerDesignName>HWSInternal_12_01_2015</ownerDesignName>
<pk>true</pk>
<indexState>Primary Constraint</indexState>
<isSurrogateKey>false</isSurrogateKey>
<indexColumnUsage>
<colUsage columnID="3AAB7462-0A3E-1A9C-0431-59AE0C60156B"/>
</indexColumnUsage>
</ind_PK_UK>
<ind_PK_UK id="A2BE2026-EB4B-8C9C-83DB-BE42B39050AB" name="FK_AssessmentQuestionnaire_Questionnaire">
<createdBy>david.moore</createdBy>
<createdTime>2015-01-12 09:18:00 UTC</createdTime>
<ownerDesignName>HWSInternal_12_01_2015</ownerDesignName>
<indexState>Foreign Key</indexState>
<isSurrogateKey>false</isSurrogateKey>
<indexColumnUsage>
<colUsage columnID="50E25617-4500-EAE2-7100-85AAA0E3EA7C"/>
</indexColumnUsage>
</ind_PK_UK>
<ind_PK_UK id="D27F9987-7D69-BFF9-145C-A0688F564EA9" name="FK_AssessmentQuestionnaire_Assessment">
<createdBy>david.moore</createdBy>
<createdTime>2015-01-12 09:18:00 UTC</createdTime>
<ownerDesignName>HWSInternal_12_01_2015</ownerDesignName>
<indexState>Foreign Key</indexState>
<isSurrogateKey>false</isSurrogateKey>
<indexColumnUsage>
<colUsage columnID="4A006EBF-AE49-9BB8-AABB-D9EB3EEE4A1A"/>
</indexColumnUsage>
</ind_PK_UK>
</indexes>
</Table>