<?xml version = '1.0' encoding = 'UTF-8'?>
<Table class="oracle.dbtools.crest.model.design.relational.Table" directorySegmentName="seg_0" id="C0E99B15-4C95-3DBD-89A5-C1AE7E0E334E" name="CaseCTATeam">
<sourceConnName>HWSInternal</sourceConnName>
<sourceObjSchema>Case</sourceObjSchema>
<sourceObjName>CaseCTATeam</sourceObjName>
<createdBy>david.moore</createdBy>
<createdTime>2015-01-12 09:17:59 UTC</createdTime>
<ownerDesignName>HWSInternal_12_01_2015</ownerDesignName>
<schemaObject>C36C27C4-3D73-E53C-8ACE-D8FA87A1E516</schemaObject>
<allowColumnReorder>false</allowColumnReorder>
<existDependencyGenerateInDDl>true</existDependencyGenerateInDDl>
<columns itemClass="oracle.dbtools.crest.model.design.relational.Column">
<Column name="CaseId" id="8595083F-3D92-5B1F-3C6B-3CB39E8BC1D0">
<sourceConnName>HWSInternal</sourceConnName>
<sourceObjSchema>CaseCTATeam</sourceObjSchema>
<sourceObjName>CaseId</sourceObjName>
<createdBy>david.moore</createdBy>
<createdTime>2015-01-12 09:17:59 UTC</createdTime>
<ownerDesignName>HWSInternal_12_01_2015</ownerDesignName>
<useDomainConstraints>false</useDomainConstraints>
<use>1</use>
<logicalDatatype>LOGDT011</logicalDatatype>
<dataTypePrecision>10</dataTypePrecision>
<dataTypeScale>0</dataTypeScale>
<dataTypeSize>4</dataTypeSize>
<delegate>05174EA8-17A2-44D7-E20D-58DEB7BF35A2</delegate>
<autoIncrementCycle>false</autoIncrementCycle>
<associations>
<colAssociation fkAssociation="476AECE8-97F3-3541-2902-402E2C097FD2" referredColumn="05174EA8-17A2-44D7-E20D-58DEB7BF35A2"/>
</associations>
</Column>
<Column name="CTATeamId" id="BD360CA5-6C68-FA5F-7A4C-34BB6AA5A8BA">
<sourceConnName>HWSInternal</sourceConnName>
<sourceObjSchema>CaseCTATeam</sourceObjSchema>
<sourceObjName>CTATeamId</sourceObjName>
<createdBy>david.moore</createdBy>
<createdTime>2015-01-12 09:17:59 UTC</createdTime>
<ownerDesignName>HWSInternal_12_01_2015</ownerDesignName>
<useDomainConstraints>false</useDomainConstraints>
<use>1</use>
<logicalDatatype>LOGDT011</logicalDatatype>
<dataTypePrecision>10</dataTypePrecision>
<dataTypeScale>0</dataTypeScale>
<dataTypeSize>4</dataTypeSize>
<delegate>A1770509-0D2A-E8C2-0A3F-8FE796CD96ED</delegate>
<autoIncrementCycle>false</autoIncrementCycle>
<associations>
<colAssociation fkAssociation="E467559B-E841-02A5-6F71-BEA2FFB063A8" referredColumn="A1770509-0D2A-E8C2-0A3F-8FE796CD96ED"/>
</associations>
</Column>
</columns>
<indexes itemClass="oracle.dbtools.crest.model.design.relational.Index">
<ind_PK_UK id="9FA4634C-C0A8-AB5D-CAF2-01309C03EF0B" name="PK_CaseCTATeam">
<sourceConnName>HWSInternal</sourceConnName>
<sourceObjSchema>Case</sourceObjSchema>
<sourceObjName>PK_CaseCTATeam</sourceObjName>
<createdBy>david.moore</createdBy>
<createdTime>2015-01-12 09:17:59 UTC</createdTime>
<ownerDesignName>HWSInternal_12_01_2015</ownerDesignName>
<pk>true</pk>
<indexState>Primary Constraint</indexState>
<isSurrogateKey>false</isSurrogateKey>
<indexColumnUsage>
<colUsage columnID="8595083F-3D92-5B1F-3C6B-3CB39E8BC1D0"/>
<colUsage columnID="BD360CA5-6C68-FA5F-7A4C-34BB6AA5A8BA"/>
</indexColumnUsage>
</ind_PK_UK>
<ind_PK_UK id="04B2CCDB-59C9-7D2A-B1D7-F78EEDC90A19" name="FK_CaseCTATeam_CTATeam">
<createdBy>david.moore</createdBy>
<createdTime>2015-01-12 09:18:00 UTC</createdTime>
<ownerDesignName>HWSInternal_12_01_2015</ownerDesignName>
<indexState>Foreign Key</indexState>
<isSurrogateKey>false</isSurrogateKey>
<indexColumnUsage>
<colUsage columnID="BD360CA5-6C68-FA5F-7A4C-34BB6AA5A8BA"/>
</indexColumnUsage>
</ind_PK_UK>
<ind_PK_UK id="EA917EFE-F1AB-9F10-FD0E-29B36E7ABC12" name="FK_CaseCTATeam_Case">
<createdBy>david.moore</createdBy>
<createdTime>2015-01-12 09:18:00 UTC</createdTime>
<ownerDesignName>HWSInternal_12_01_2015</ownerDesignName>
<indexState>Foreign Key</indexState>
<isSurrogateKey>false</isSurrogateKey>
<indexColumnUsage>
<colUsage columnID="8595083F-3D92-5B1F-3C6B-3CB39E8BC1D0"/>
</indexColumnUsage>
</ind_PK_UK>
</indexes>
</Table>