<?xml version = '1.0' encoding = 'UTF-8'?>
<Table class="oracle.dbtools.crest.model.design.relational.Table" directorySegmentName="seg_0" id="C6F1EC48-C544-6D35-B17A-2E40BAA5B959" name="GenericTemplateText">
<sourceConnName>HWSInternal</sourceConnName>
<sourceObjSchema>Template</sourceObjSchema>
<sourceObjName>GenericTemplateText</sourceObjName>
<createdBy>david.moore</createdBy>
<createdTime>2015-01-12 09:18:00 UTC</createdTime>
<ownerDesignName>HWSInternal_12_01_2015</ownerDesignName>
<schemaObject>DCC636F5-4C18-915A-0A52-D0189C380DC9</schemaObject>
<allowColumnReorder>false</allowColumnReorder>
<existDependencyGenerateInDDl>true</existDependencyGenerateInDDl>
<columns itemClass="oracle.dbtools.crest.model.design.relational.Column">
<Column name="Id" id="4A55B086-C65A-D931-6B8C-AD2B769FC2FC">
<sourceConnName>HWSInternal</sourceConnName>
<sourceObjSchema>GenericTemplateText</sourceObjSchema>
<sourceObjName>Id</sourceObjName>
<createdBy>david.moore</createdBy>
<createdTime>2015-01-12 09:18:00 UTC</createdTime>
<ownerDesignName>HWSInternal_12_01_2015</ownerDesignName>
<useDomainConstraints>false</useDomainConstraints>
<use>1</use>
<logicalDatatype>LOGDT011</logicalDatatype>
<dataTypePrecision>10</dataTypePrecision>
<dataTypeScale>0</dataTypeScale>
<dataTypeSize>4</dataTypeSize>
<autoIncrementCycle>false</autoIncrementCycle>
</Column>
<Column name="GenericTemplateId" id="CE432A6F-F173-AD7D-889E-7D17B9BAE34C">
<sourceConnName>HWSInternal</sourceConnName>
<sourceObjSchema>GenericTemplateText</sourceObjSchema>
<sourceObjName>GenericTemplateId</sourceObjName>
<createdBy>david.moore</createdBy>
<createdTime>2015-01-12 09:18:00 UTC</createdTime>
<ownerDesignName>HWSInternal_12_01_2015</ownerDesignName>
<useDomainConstraints>false</useDomainConstraints>
<use>1</use>
<logicalDatatype>LOGDT011</logicalDatatype>
<dataTypePrecision>10</dataTypePrecision>
<dataTypeScale>0</dataTypeScale>
<dataTypeSize>4</dataTypeSize>
<delegate>28762519-4F68-96F6-2AA4-FAD6076ADE93</delegate>
<autoIncrementCycle>false</autoIncrementCycle>
<associations>
<colAssociation fkAssociation="A5CA2B08-909C-D536-BB17-7DC2A031FD56" referredColumn="28762519-4F68-96F6-2AA4-FAD6076ADE93"/>
</associations>
</Column>
<Column name="LanguageCultureCode" id="59A562B2-A968-4410-7B96-56123ED7BBAD">
<sourceConnName>HWSInternal</sourceConnName>
<sourceObjSchema>GenericTemplateText</sourceObjSchema>
<sourceObjName>LanguageCultureCode</sourceObjName>
<createdBy>david.moore</createdBy>
<createdTime>2015-01-12 09:18:00 UTC</createdTime>
<ownerDesignName>HWSInternal_12_01_2015</ownerDesignName>
<useDomainConstraints>false</useDomainConstraints>
<use>1</use>
<logicalDatatype>LOGDT037</logicalDatatype>
<dataTypePrecision>10</dataTypePrecision>
<dataTypeScale>0</dataTypeScale>
<dataTypeSize>10</dataTypeSize>
<autoIncrementCycle>false</autoIncrementCycle>
</Column>
<Column name="TitleText" id="4016B972-916E-9D22-90E7-4AF0C87D70B6">
<sourceConnName>HWSInternal</sourceConnName>
<sourceObjSchema>GenericTemplateText</sourceObjSchema>
<sourceObjName>TitleText</sourceObjName>
<createdBy>david.moore</createdBy>
<createdTime>2015-01-12 09:18:00 UTC</createdTime>
<ownerDesignName>HWSInternal_12_01_2015</ownerDesignName>
<nullsAllowed>true</nullsAllowed>
<useDomainConstraints>false</useDomainConstraints>
<use>1</use>
<logicalDatatype>LOGDT037</logicalDatatype>
<dataTypePrecision>800</dataTypePrecision>
<dataTypeScale>0</dataTypeScale>
<dataTypeSize>800</dataTypeSize>
<autoIncrementCycle>false</autoIncrementCycle>
</Column>
<Column name="Content" id="B122B9C2-3526-ECF9-9575-0438419DBADA">
<sourceConnName>HWSInternal</sourceConnName>
<sourceObjSchema>GenericTemplateText</sourceObjSchema>
<sourceObjName>Content</sourceObjName>
<createdBy>david.moore</createdBy>
<createdTime>2015-01-12 09:18:00 UTC</createdTime>
<ownerDesignName>HWSInternal_12_01_2015</ownerDesignName>
<useDomainConstraints>false</useDomainConstraints>
<use>1</use>
<logicalDatatype>LOGDT037</logicalDatatype>
<dataTypePrecision>-1</dataTypePrecision>
<dataTypeScale>0</dataTypeScale>
<dataTypeSize>max</dataTypeSize>
<autoIncrementCycle>false</autoIncrementCycle>
</Column>
</columns>
<indexes itemClass="oracle.dbtools.crest.model.design.relational.Index">
<ind_PK_UK id="5CBA795F-DF76-C108-70AC-34576CD73230" name="PK_GenericTemplateText">
<sourceConnName>HWSInternal</sourceConnName>
<sourceObjSchema>Template</sourceObjSchema>
<sourceObjName>PK_GenericTemplateText</sourceObjName>
<createdBy>david.moore</createdBy>
<createdTime>2015-01-12 09:18:00 UTC</createdTime>
<ownerDesignName>HWSInternal_12_01_2015</ownerDesignName>
<pk>true</pk>
<indexState>Primary Constraint</indexState>
<isSurrogateKey>false</isSurrogateKey>
<indexColumnUsage>
<colUsage columnID="4A55B086-C65A-D931-6B8C-AD2B769FC2FC"/>
</indexColumnUsage>
</ind_PK_UK>
<ind_PK_UK id="8D9363F4-7CA8-4D0E-A235-2184CBBA6481" name="FK_GenericTemplateText_GenericTemaplte">
<createdBy>david.moore</createdBy>
<createdTime>2015-01-12 09:18:00 UTC</createdTime>
<ownerDesignName>HWSInternal_12_01_2015</ownerDesignName>
<indexState>Foreign Key</indexState>
<isSurrogateKey>false</isSurrogateKey>
<indexColumnUsage>
<colUsage columnID="CE432A6F-F173-AD7D-889E-7D17B9BAE34C"/>
</indexColumnUsage>
</ind_PK_UK>
</indexes>
</Table>