<?xml version = '1.0' encoding = 'UTF-8'?>
<Table class="oracle.dbtools.crest.model.design.relational.Table" directorySegmentName="seg_0" id="CCE45CC5-083D-4B0A-E73F-A5F8CEF94DA8" name="AssessmentQuestionnaireAnswer">
<sourceConnName>HWSInternal</sourceConnName>
<sourceObjSchema>Assessment</sourceObjSchema>
<sourceObjName>AssessmentQuestionnaireAnswer</sourceObjName>
<createdBy>david.moore</createdBy>
<createdTime>2015-01-12 09:17:58 UTC</createdTime>
<ownerDesignName>HWSInternal_12_01_2015</ownerDesignName>
<schemaObject>B90B0C67-4171-102C-BB60-3A0BF7A3B726</schemaObject>
<allowColumnReorder>false</allowColumnReorder>
<existDependencyGenerateInDDl>true</existDependencyGenerateInDDl>
<columns itemClass="oracle.dbtools.crest.model.design.relational.Column">
<Column name="Id" id="B79D163F-C4B8-91BB-4812-0172A0E26F17">
<sourceConnName>HWSInternal</sourceConnName>
<sourceObjSchema>AssessmentQuestionnaireAnswer</sourceObjSchema>
<sourceObjName>Id</sourceObjName>
<createdBy>david.moore</createdBy>
<createdTime>2015-01-12 09:17:58 UTC</createdTime>
<ownerDesignName>HWSInternal_12_01_2015</ownerDesignName>
<useDomainConstraints>false</useDomainConstraints>
<use>1</use>
<logicalDatatype>LOGDT011</logicalDatatype>
<dataTypePrecision>10</dataTypePrecision>
<dataTypeScale>0</dataTypeScale>
<dataTypeSize>4</dataTypeSize>
<autoIncrementCycle>false</autoIncrementCycle>
</Column>
<Column name="AssessmentQuestionnaireId" id="66FDFA71-1111-2A47-028C-1268B3F86FF7">
<sourceConnName>HWSInternal</sourceConnName>
<sourceObjSchema>AssessmentQuestionnaireAnswer</sourceObjSchema>
<sourceObjName>AssessmentQuestionnaireId</sourceObjName>
<createdBy>david.moore</createdBy>
<createdTime>2015-01-12 09:17:58 UTC</createdTime>
<ownerDesignName>HWSInternal_12_01_2015</ownerDesignName>
<nullsAllowed>true</nullsAllowed>
<useDomainConstraints>false</useDomainConstraints>
<use>1</use>
<logicalDatatype>LOGDT011</logicalDatatype>
<dataTypePrecision>10</dataTypePrecision>
<dataTypeScale>0</dataTypeScale>
<dataTypeSize>4</dataTypeSize>
<delegate>3AAB7462-0A3E-1A9C-0431-59AE0C60156B</delegate>
<autoIncrementCycle>false</autoIncrementCycle>
<associations>
<colAssociation fkAssociation="D326133B-150C-E425-AF8B-15A612182029" referredColumn="3AAB7462-0A3E-1A9C-0431-59AE0C60156B"/>
</associations>
</Column>
<Column name="QuestionnaireQuestionId" id="1CC21609-AE4A-1604-9068-184ECA308D36">
<sourceConnName>HWSInternal</sourceConnName>
<sourceObjSchema>AssessmentQuestionnaireAnswer</sourceObjSchema>
<sourceObjName>QuestionnaireQuestionId</sourceObjName>
<createdBy>david.moore</createdBy>
<createdTime>2015-01-12 09:17:58 UTC</createdTime>
<ownerDesignName>HWSInternal_12_01_2015</ownerDesignName>
<nullsAllowed>true</nullsAllowed>
<useDomainConstraints>false</useDomainConstraints>
<use>1</use>
<logicalDatatype>LOGDT011</logicalDatatype>
<dataTypePrecision>10</dataTypePrecision>
<dataTypeScale>0</dataTypeScale>
<dataTypeSize>4</dataTypeSize>
<delegate>9B85C926-D11F-FD28-ECB7-92A1133A90FC</delegate>
<autoIncrementCycle>false</autoIncrementCycle>
<associations>
<colAssociation fkAssociation="F1EB7C3E-645A-77D5-DDDE-1CDC4FD97635" referredColumn="9B85C926-D11F-FD28-ECB7-92A1133A90FC"/>
</associations>
</Column>
<Column name="Score" id="463ADF2B-8870-9D30-8EEF-4A585BFCCCB2">
<sourceConnName>HWSInternal</sourceConnName>
<sourceObjSchema>AssessmentQuestionnaireAnswer</sourceObjSchema>
<sourceObjName>Score</sourceObjName>
<createdBy>david.moore</createdBy>
<createdTime>2015-01-12 09:17:58 UTC</createdTime>
<ownerDesignName>HWSInternal_12_01_2015</ownerDesignName>
<nullsAllowed>true</nullsAllowed>
<useDomainConstraints>false</useDomainConstraints>
<use>1</use>
<logicalDatatype>LOGDT011</logicalDatatype>
<dataTypePrecision>10</dataTypePrecision>
<dataTypeScale>0</dataTypeScale>
<dataTypeSize>4</dataTypeSize>
<autoIncrementCycle>false</autoIncrementCycle>
</Column>
</columns>
<indexes itemClass="oracle.dbtools.crest.model.design.relational.Index">
<ind_PK_UK id="173F25E4-3431-CB08-52B8-2B9D4EBB6CD8" name="PK_AssessmentQuestionnaireAnswer">
<sourceConnName>HWSInternal</sourceConnName>
<sourceObjSchema>Assessment</sourceObjSchema>
<sourceObjName>PK_AssessmentQuestionnaireAnswer</sourceObjName>
<createdBy>david.moore</createdBy>
<createdTime>2015-01-12 09:17:58 UTC</createdTime>
<ownerDesignName>HWSInternal_12_01_2015</ownerDesignName>
<pk>true</pk>
<indexState>Primary Constraint</indexState>
<isSurrogateKey>false</isSurrogateKey>
<indexColumnUsage>
<colUsage columnID="B79D163F-C4B8-91BB-4812-0172A0E26F17"/>
</indexColumnUsage>
</ind_PK_UK>
<ind_PK_UK id="C71B7454-575D-7C5B-5DF1-AF26D1180643" name="FK_AssessmentQuestionnaireAnswer_AssessmentQuestionnaire">
<createdBy>david.moore</createdBy>
<createdTime>2015-01-12 09:18:00 UTC</createdTime>
<ownerDesignName>HWSInternal_12_01_2015</ownerDesignName>
<indexState>Foreign Key</indexState>
<isSurrogateKey>false</isSurrogateKey>
<indexColumnUsage>
<colUsage columnID="66FDFA71-1111-2A47-028C-1268B3F86FF7"/>
</indexColumnUsage>
</ind_PK_UK>
<ind_PK_UK id="587D7F57-8D2C-C79D-383E-17900890AF6E" name="FK_AssessmentQuestionnaireAnswer_QuestionnaireQuestion">
<createdBy>david.moore</createdBy>
<createdTime>2015-01-12 09:18:00 UTC</createdTime>
<ownerDesignName>HWSInternal_12_01_2015</ownerDesignName>
<indexState>Foreign Key</indexState>
<isSurrogateKey>false</isSurrogateKey>
<indexColumnUsage>
<colUsage columnID="1CC21609-AE4A-1604-9068-184ECA308D36"/>
</indexColumnUsage>
</ind_PK_UK>
</indexes>
</Table>