<?xml version = '1.0' encoding = 'UTF-8'?>
<Table class="oracle.dbtools.crest.model.design.relational.Table" directorySegmentName="seg_0" id="D486F2CC-BADA-4239-4F62-37F46C50531F" name="GeneralPractitioner">
<sourceConnName>HWSInternal</sourceConnName>
<sourceObjSchema>Referral</sourceObjSchema>
<sourceObjName>GeneralPractitioner</sourceObjName>
<createdBy>david.moore</createdBy>
<createdTime>2015-01-12 09:18:00 UTC</createdTime>
<ownerDesignName>HWSInternal_12_01_2015</ownerDesignName>
<schemaObject>D55EDE21-84CF-1CCE-D96A-1EC34081206C</schemaObject>
<allowColumnReorder>false</allowColumnReorder>
<existDependencyGenerateInDDl>true</existDependencyGenerateInDDl>
<columns itemClass="oracle.dbtools.crest.model.design.relational.Column">
<Column name="Id" id="EC140673-6CF2-F9F9-A3F1-401043526299">
<sourceConnName>HWSInternal</sourceConnName>
<sourceObjSchema>GeneralPractitioner</sourceObjSchema>
<sourceObjName>Id</sourceObjName>
<createdBy>david.moore</createdBy>
<createdTime>2015-01-12 09:18:00 UTC</createdTime>
<ownerDesignName>HWSInternal_12_01_2015</ownerDesignName>
<useDomainConstraints>false</useDomainConstraints>
<use>1</use>
<logicalDatatype>LOGDT011</logicalDatatype>
<dataTypePrecision>10</dataTypePrecision>
<dataTypeScale>0</dataTypeScale>
<dataTypeSize>4</dataTypeSize>
<autoIncrementCycle>false</autoIncrementCycle>
</Column>
<Column name="Title" id="5A4DCC47-77A2-FB5C-4018-84C46DADB8A5">
<sourceConnName>HWSInternal</sourceConnName>
<sourceObjSchema>GeneralPractitioner</sourceObjSchema>
<sourceObjName>Title</sourceObjName>
<createdBy>david.moore</createdBy>
<createdTime>2015-01-12 09:18:00 UTC</createdTime>
<ownerDesignName>HWSInternal_12_01_2015</ownerDesignName>
<nullsAllowed>true</nullsAllowed>
<useDomainConstraints>false</useDomainConstraints>
<use>1</use>
<logicalDatatype>LOGDT024</logicalDatatype>
<dataTypePrecision>20</dataTypePrecision>
<dataTypeScale>0</dataTypeScale>
<dataTypeSize>20</dataTypeSize>
<autoIncrementCycle>false</autoIncrementCycle>
</Column>
<Column name="FirstName" id="4C146F60-18E9-03A1-D1F6-79B985909716">
<sourceConnName>HWSInternal</sourceConnName>
<sourceObjSchema>GeneralPractitioner</sourceObjSchema>
<sourceObjName>FirstName</sourceObjName>
<createdBy>david.moore</createdBy>
<createdTime>2015-01-12 09:18:00 UTC</createdTime>
<ownerDesignName>HWSInternal_12_01_2015</ownerDesignName>
<nullsAllowed>true</nullsAllowed>
<useDomainConstraints>false</useDomainConstraints>
<use>1</use>
<logicalDatatype>LOGDT024</logicalDatatype>
<dataTypePrecision>40</dataTypePrecision>
<dataTypeScale>0</dataTypeScale>
<dataTypeSize>40</dataTypeSize>
<autoIncrementCycle>false</autoIncrementCycle>
</Column>
<Column name="LastName" id="0D25824A-E2DA-74E6-1912-825AFD1EE38D">
<sourceConnName>HWSInternal</sourceConnName>
<sourceObjSchema>GeneralPractitioner</sourceObjSchema>
<sourceObjName>LastName</sourceObjName>
<createdBy>david.moore</createdBy>
<createdTime>2015-01-12 09:18:00 UTC</createdTime>
<ownerDesignName>HWSInternal_12_01_2015</ownerDesignName>
<nullsAllowed>true</nullsAllowed>
<useDomainConstraints>false</useDomainConstraints>
<use>1</use>
<logicalDatatype>LOGDT024</logicalDatatype>
<dataTypePrecision>50</dataTypePrecision>
<dataTypeScale>0</dataTypeScale>
<dataTypeSize>50</dataTypeSize>
<autoIncrementCycle>false</autoIncrementCycle>
</Column>
<Column name="TelephoneNumber" id="DAF9A00F-6F93-3F82-E385-4B7DA3B57260">
<sourceConnName>HWSInternal</sourceConnName>
<sourceObjSchema>GeneralPractitioner</sourceObjSchema>
<sourceObjName>TelephoneNumber</sourceObjName>
<createdBy>david.moore</createdBy>
<createdTime>2015-01-12 09:18:00 UTC</createdTime>
<ownerDesignName>HWSInternal_12_01_2015</ownerDesignName>
<nullsAllowed>true</nullsAllowed>
<useDomainConstraints>false</useDomainConstraints>
<use>1</use>
<logicalDatatype>LOGDT024</logicalDatatype>
<dataTypePrecision>20</dataTypePrecision>
<dataTypeScale>0</dataTypeScale>
<dataTypeSize>20</dataTypeSize>
<autoIncrementCycle>false</autoIncrementCycle>
</Column>
<Column name="MobileNumber" id="DAC08B67-8CBF-D3DD-987F-32E3E05834A9">
<sourceConnName>HWSInternal</sourceConnName>
<sourceObjSchema>GeneralPractitioner</sourceObjSchema>
<sourceObjName>MobileNumber</sourceObjName>
<createdBy>david.moore</createdBy>
<createdTime>2015-01-12 09:18:00 UTC</createdTime>
<ownerDesignName>HWSInternal_12_01_2015</ownerDesignName>
<nullsAllowed>true</nullsAllowed>
<useDomainConstraints>false</useDomainConstraints>
<use>1</use>
<logicalDatatype>LOGDT024</logicalDatatype>
<dataTypePrecision>20</dataTypePrecision>
<dataTypeScale>0</dataTypeScale>
<dataTypeSize>20</dataTypeSize>
<autoIncrementCycle>false</autoIncrementCycle>
</Column>
<Column name="EmailAddress" id="B4FE07C3-519C-1083-27C0-313F65FC00BA">
<sourceConnName>HWSInternal</sourceConnName>
<sourceObjSchema>GeneralPractitioner</sourceObjSchema>
<sourceObjName>EmailAddress</sourceObjName>
<createdBy>david.moore</createdBy>
<createdTime>2015-01-12 09:18:00 UTC</createdTime>
<ownerDesignName>HWSInternal_12_01_2015</ownerDesignName>
<nullsAllowed>true</nullsAllowed>
<useDomainConstraints>false</useDomainConstraints>
<use>1</use>
<logicalDatatype>LOGDT024</logicalDatatype>
<dataTypePrecision>100</dataTypePrecision>
<dataTypeScale>0</dataTypeScale>
<dataTypeSize>100</dataTypeSize>
<autoIncrementCycle>false</autoIncrementCycle>
</Column>
<Column name="GPPracticeIdentifier" id="E25CCE3F-8BDF-A811-0890-6D17C9FBF4DA">
<sourceConnName>HWSInternal</sourceConnName>
<sourceObjSchema>GeneralPractitioner</sourceObjSchema>
<sourceObjName>GPPracticeIdentifier</sourceObjName>
<createdBy>david.moore</createdBy>
<createdTime>2015-01-12 09:18:00 UTC</createdTime>
<ownerDesignName>HWSInternal_12_01_2015</ownerDesignName>
<nullsAllowed>true</nullsAllowed>
<useDomainConstraints>false</useDomainConstraints>
<use>1</use>
<logicalDatatype>LOGDT024</logicalDatatype>
<dataTypePrecision>20</dataTypePrecision>
<dataTypeScale>0</dataTypeScale>
<dataTypeSize>20</dataTypeSize>
<autoIncrementCycle>false</autoIncrementCycle>
</Column>
<Column name="PracticeName" id="B3ED03BA-B8F8-CC42-ED17-8E02CC5BC3BC">
<sourceConnName>HWSInternal</sourceConnName>
<sourceObjSchema>GeneralPractitioner</sourceObjSchema>
<sourceObjName>PracticeName</sourceObjName>
<createdBy>david.moore</createdBy>
<createdTime>2015-01-12 09:18:00 UTC</createdTime>
<ownerDesignName>HWSInternal_12_01_2015</ownerDesignName>
<nullsAllowed>true</nullsAllowed>
<useDomainConstraints>false</useDomainConstraints>
<use>1</use>
<logicalDatatype>LOGDT024</logicalDatatype>
<dataTypePrecision>100</dataTypePrecision>
<dataTypeScale>0</dataTypeScale>
<dataTypeSize>100</dataTypeSize>
<autoIncrementCycle>false</autoIncrementCycle>
</Column>
<Column name="AddressData" id="3B692B59-3B09-C65F-3D4C-7EB6A918BE18">
<sourceConnName>HWSInternal</sourceConnName>
<sourceObjSchema>GeneralPractitioner</sourceObjSchema>
<sourceObjName>AddressData</sourceObjName>
<createdBy>david.moore</createdBy>
<createdTime>2015-01-12 09:18:00 UTC</createdTime>
<ownerDesignName>HWSInternal_12_01_2015</ownerDesignName>
<nullsAllowed>true</nullsAllowed>
<useDomainConstraints>false</useDomainConstraints>
<use>1</use>
<logicalDatatype>LOGDT024</logicalDatatype>
<dataTypePrecision>200</dataTypePrecision>
<dataTypeScale>0</dataTypeScale>
<dataTypeSize>200</dataTypeSize>
<autoIncrementCycle>false</autoIncrementCycle>
</Column>
<Column name="Postcode" id="C7CA71BB-DD30-12F6-1CC9-68A931DE8591">
<sourceConnName>HWSInternal</sourceConnName>
<sourceObjSchema>GeneralPractitioner</sourceObjSchema>
<sourceObjName>Postcode</sourceObjName>
<createdBy>david.moore</createdBy>
<createdTime>2015-01-12 09:18:00 UTC</createdTime>
<ownerDesignName>HWSInternal_12_01_2015</ownerDesignName>
<nullsAllowed>true</nullsAllowed>
<useDomainConstraints>false</useDomainConstraints>
<use>1</use>
<logicalDatatype>LOGDT024</logicalDatatype>
<dataTypePrecision>10</dataTypePrecision>
<dataTypeScale>0</dataTypeScale>
<dataTypeSize>10</dataTypeSize>
<autoIncrementCycle>false</autoIncrementCycle>
</Column>
<Column name="HardOfHearingPreference" id="0C2F0985-D4BC-4AD7-A78D-20BBDE387E11">
<sourceConnName>HWSInternal</sourceConnName>
<sourceObjSchema>GeneralPractitioner</sourceObjSchema>
<sourceObjName>HardOfHearingPreference</sourceObjName>
<createdBy>david.moore</createdBy>
<createdTime>2015-01-12 09:18:00 UTC</createdTime>
<ownerDesignName>HWSInternal_12_01_2015</ownerDesignName>
<nullsAllowed>true</nullsAllowed>
<useDomainConstraints>false</useDomainConstraints>
<use>1</use>
<logicalDatatype>LOGDT024</logicalDatatype>
<dataTypePrecision>50</dataTypePrecision>
<dataTypeScale>0</dataTypeScale>
<dataTypeSize>50</dataTypeSize>
<autoIncrementCycle>false</autoIncrementCycle>
</Column>
<Column name="LanguagePreference" id="9A325BD5-5ADB-92C1-CA94-C5A04412D683">
<sourceConnName>HWSInternal</sourceConnName>
<sourceObjSchema>GeneralPractitioner</sourceObjSchema>
<sourceObjName>LanguagePreference</sourceObjName>
<createdBy>david.moore</createdBy>
<createdTime>2015-01-12 09:18:00 UTC</createdTime>
<ownerDesignName>HWSInternal_12_01_2015</ownerDesignName>
<nullsAllowed>true</nullsAllowed>
<useDomainConstraints>false</useDomainConstraints>
<use>1</use>
<logicalDatatype>LOGDT024</logicalDatatype>
<dataTypePrecision>10</dataTypePrecision>
<dataTypeScale>0</dataTypeScale>
<dataTypeSize>10</dataTypeSize>
<autoIncrementCycle>false</autoIncrementCycle>
</Column>
<Column name="CommsPref" id="5FCB94E6-5EF7-5A1E-7862-971446D9FEED">
<sourceConnName>HWSInternal</sourceConnName>
<sourceObjSchema>GeneralPractitioner</sourceObjSchema>
<sourceObjName>CommsPref</sourceObjName>
<createdBy>david.moore</createdBy>
<createdTime>2015-01-12 09:18:00 UTC</createdTime>
<ownerDesignName>HWSInternal_12_01_2015</ownerDesignName>
<nullsAllowed>true</nullsAllowed>
<useDomainConstraints>false</useDomainConstraints>
<use>1</use>
<logicalDatatype>LOGDT024</logicalDatatype>
<dataTypePrecision>50</dataTypePrecision>
<dataTypeScale>0</dataTypeScale>
<dataTypeSize>50</dataTypeSize>
<autoIncrementCycle>false</autoIncrementCycle>
</Column>
<Column name="Latitude" id="EF5D3B84-11A6-F116-EAF6-D8C3FADCC924">
<sourceConnName>HWSInternal</sourceConnName>
<sourceObjSchema>GeneralPractitioner</sourceObjSchema>
<sourceObjName>Latitude</sourceObjName>
<createdBy>david.moore</createdBy>
<createdTime>2015-01-12 09:18:00 UTC</createdTime>
<ownerDesignName>HWSInternal_12_01_2015</ownerDesignName>
<nullsAllowed>true</nullsAllowed>
<useDomainConstraints>false</useDomainConstraints>
<use>1</use>
<logicalDatatype>LOGDT021</logicalDatatype>
<dataTypePrecision>53</dataTypePrecision>
<dataTypeScale>0</dataTypeScale>
<dataTypeSize>8</dataTypeSize>
<autoIncrementCycle>false</autoIncrementCycle>
</Column>
<Column name="Longitude" id="A77D53DF-BF14-A148-A549-1FD6A62029F2">
<sourceConnName>HWSInternal</sourceConnName>
<sourceObjSchema>GeneralPractitioner</sourceObjSchema>
<sourceObjName>Longitude</sourceObjName>
<createdBy>david.moore</createdBy>
<createdTime>2015-01-12 09:18:00 UTC</createdTime>
<ownerDesignName>HWSInternal_12_01_2015</ownerDesignName>
<nullsAllowed>true</nullsAllowed>
<useDomainConstraints>false</useDomainConstraints>
<use>1</use>
<logicalDatatype>LOGDT021</logicalDatatype>
<dataTypePrecision>53</dataTypePrecision>
<dataTypeScale>0</dataTypeScale>
<dataTypeSize>8</dataTypeSize>
<autoIncrementCycle>false</autoIncrementCycle>
</Column>
<Column name="DateOfBirth" id="403324AF-9509-36D5-0F52-9CD96F530E56">
<sourceConnName>HWSInternal</sourceConnName>
<sourceObjSchema>GeneralPractitioner</sourceObjSchema>
<sourceObjName>DateOfBirth</sourceObjName>
<createdBy>david.moore</createdBy>
<createdTime>2015-01-12 09:18:00 UTC</createdTime>
<ownerDesignName>HWSInternal_12_01_2015</ownerDesignName>
<nullsAllowed>true</nullsAllowed>
<useDomainConstraints>false</useDomainConstraints>
<use>1</use>
<logicalDatatype>LOGDT007</logicalDatatype>
<dataTypePrecision>10</dataTypePrecision>
<dataTypeScale>0</dataTypeScale>
<dataTypeSize>3</dataTypeSize>
<autoIncrementCycle>false</autoIncrementCycle>
</Column>
<Column name="GMCNumber" id="2646C1F4-9F63-D258-B919-9CE66435E8F1">
<sourceConnName>HWSInternal</sourceConnName>
<sourceObjSchema>GeneralPractitioner</sourceObjSchema>
<sourceObjName>GMCNumber</sourceObjName>
<createdBy>david.moore</createdBy>
<createdTime>2015-01-12 09:18:00 UTC</createdTime>
<ownerDesignName>HWSInternal_12_01_2015</ownerDesignName>
<nullsAllowed>true</nullsAllowed>
<useDomainConstraints>false</useDomainConstraints>
<use>1</use>
<logicalDatatype>LOGDT024</logicalDatatype>
<dataTypePrecision>20</dataTypePrecision>
<dataTypeScale>0</dataTypeScale>
<dataTypeSize>20</dataTypeSize>
<autoIncrementCycle>false</autoIncrementCycle>
</Column>
<Column name="Passcode" id="DEBBC7E6-DA5E-0594-F71B-04F3854B609B">
<sourceConnName>HWSInternal</sourceConnName>
<sourceObjSchema>GeneralPractitioner</sourceObjSchema>
<sourceObjName>Passcode</sourceObjName>
<createdBy>david.moore</createdBy>
<createdTime>2015-01-12 09:18:00 UTC</createdTime>
<ownerDesignName>HWSInternal_12_01_2015</ownerDesignName>
<nullsAllowed>true</nullsAllowed>
<useDomainConstraints>false</useDomainConstraints>
<use>1</use>
<logicalDatatype>LOGDT024</logicalDatatype>
<dataTypePrecision>6</dataTypePrecision>
<dataTypeScale>0</dataTypeScale>
<dataTypeSize>6</dataTypeSize>
<autoIncrementCycle>false</autoIncrementCycle>
</Column>
</columns>
<indexes itemClass="oracle.dbtools.crest.model.design.relational.Index">
<ind_PK_UK id="28AF83AE-3B30-7631-606D-DD6CEFD8FB89" name="PK_GeneralPractitioner">
<sourceConnName>HWSInternal</sourceConnName>
<sourceObjSchema>Referral</sourceObjSchema>
<sourceObjName>PK_GeneralPractitioner</sourceObjName>
<createdBy>david.moore</createdBy>
<createdTime>2015-01-12 09:18:00 UTC</createdTime>
<ownerDesignName>HWSInternal_12_01_2015</ownerDesignName>
<pk>true</pk>
<indexState>Primary Constraint</indexState>
<isSurrogateKey>false</isSurrogateKey>
<indexColumnUsage>
<colUsage columnID="EC140673-6CF2-F9F9-A3F1-401043526299"/>
</indexColumnUsage>
</ind_PK_UK>
</indexes>
</Table>