<?xml version = '1.0' encoding = 'UTF-8'?>
<Table class="oracle.dbtools.crest.model.design.relational.Table" directorySegmentName="seg_0" id="E416E0F7-39DC-E19C-3B53-DB60CF830F43" name="CaseHPTeam">
<sourceConnName>HWSInternal</sourceConnName>
<sourceObjSchema>Case</sourceObjSchema>
<sourceObjName>CaseHPTeam</sourceObjName>
<createdBy>david.moore</createdBy>
<createdTime>2015-01-12 09:17:59 UTC</createdTime>
<ownerDesignName>HWSInternal_12_01_2015</ownerDesignName>
<schemaObject>C36C27C4-3D73-E53C-8ACE-D8FA87A1E516</schemaObject>
<allowColumnReorder>false</allowColumnReorder>
<existDependencyGenerateInDDl>true</existDependencyGenerateInDDl>
<columns itemClass="oracle.dbtools.crest.model.design.relational.Column">
<Column name="CaseId" id="4824B20C-2926-5F33-BF0E-C90908A89BED">
<sourceConnName>HWSInternal</sourceConnName>
<sourceObjSchema>CaseHPTeam</sourceObjSchema>
<sourceObjName>CaseId</sourceObjName>
<createdBy>david.moore</createdBy>
<createdTime>2015-01-12 09:17:59 UTC</createdTime>
<ownerDesignName>HWSInternal_12_01_2015</ownerDesignName>
<useDomainConstraints>false</useDomainConstraints>
<use>1</use>
<logicalDatatype>LOGDT011</logicalDatatype>
<dataTypePrecision>10</dataTypePrecision>
<dataTypeScale>0</dataTypeScale>
<dataTypeSize>4</dataTypeSize>
<delegate>05174EA8-17A2-44D7-E20D-58DEB7BF35A2</delegate>
<autoIncrementCycle>false</autoIncrementCycle>
<associations>
<colAssociation fkAssociation="26F96676-AC93-227D-FCE8-B37851456A50" referredColumn="05174EA8-17A2-44D7-E20D-58DEB7BF35A2"/>
</associations>
</Column>
<Column name="HPTeamId" id="25636C65-9182-2EDD-D842-935AE6634EAE">
<sourceConnName>HWSInternal</sourceConnName>
<sourceObjSchema>CaseHPTeam</sourceObjSchema>
<sourceObjName>HPTeamId</sourceObjName>
<createdBy>david.moore</createdBy>
<createdTime>2015-01-12 09:17:59 UTC</createdTime>
<ownerDesignName>HWSInternal_12_01_2015</ownerDesignName>
<useDomainConstraints>false</useDomainConstraints>
<use>1</use>
<logicalDatatype>LOGDT011</logicalDatatype>
<dataTypePrecision>10</dataTypePrecision>
<dataTypeScale>0</dataTypeScale>
<dataTypeSize>4</dataTypeSize>
<delegate>A1770509-0D2A-E8C2-0A3F-8FE796CD96ED</delegate>
<autoIncrementCycle>false</autoIncrementCycle>
<associations>
<colAssociation fkAssociation="CDDEF948-81F4-23BB-0240-1539A6EB0D0D" referredColumn="A1770509-0D2A-E8C2-0A3F-8FE796CD96ED"/>
</associations>
</Column>
</columns>
<indexes itemClass="oracle.dbtools.crest.model.design.relational.Index">
<ind_PK_UK id="BD949BBD-0413-37D3-071E-8836762C33DF" name="PK_CaseHPTeam">
<sourceConnName>HWSInternal</sourceConnName>
<sourceObjSchema>Case</sourceObjSchema>
<sourceObjName>PK_CaseHPTeam</sourceObjName>
<createdBy>david.moore</createdBy>
<createdTime>2015-01-12 09:17:59 UTC</createdTime>
<ownerDesignName>HWSInternal_12_01_2015</ownerDesignName>
<pk>true</pk>
<indexState>Primary Constraint</indexState>
<isSurrogateKey>false</isSurrogateKey>
<indexColumnUsage>
<colUsage columnID="4824B20C-2926-5F33-BF0E-C90908A89BED"/>
<colUsage columnID="25636C65-9182-2EDD-D842-935AE6634EAE"/>
</indexColumnUsage>
</ind_PK_UK>
<ind_PK_UK id="8858D6EB-72FA-A6FC-B635-AAC383551750" name="FK_CaseHPTeam_Case">
<createdBy>david.moore</createdBy>
<createdTime>2015-01-12 09:18:00 UTC</createdTime>
<ownerDesignName>HWSInternal_12_01_2015</ownerDesignName>
<indexState>Foreign Key</indexState>
<isSurrogateKey>false</isSurrogateKey>
<indexColumnUsage>
<colUsage columnID="4824B20C-2926-5F33-BF0E-C90908A89BED"/>
</indexColumnUsage>
</ind_PK_UK>
<ind_PK_UK id="E24ED990-BDF9-65F6-1D50-2F539CD86771" name="FK_CaseHPTeam_CTATeam">
<createdBy>david.moore</createdBy>
<createdTime>2015-01-12 09:18:00 UTC</createdTime>
<ownerDesignName>HWSInternal_12_01_2015</ownerDesignName>
<indexState>Foreign Key</indexState>
<isSurrogateKey>false</isSurrogateKey>
<indexColumnUsage>
<colUsage columnID="25636C65-9182-2EDD-D842-935AE6634EAE"/>
</indexColumnUsage>
</ind_PK_UK>
</indexes>
</Table>