<?xml version = '1.0' encoding = 'UTF-8'?>
<Table class="oracle.dbtools.crest.model.design.relational.Table" directorySegmentName="seg_0" id="E77022D5-912C-8A4B-4332-2C23AB9B361F" name="DischargeReason">
<sourceConnName>HWSInternal</sourceConnName>
<sourceObjSchema>Lookup</sourceObjSchema>
<sourceObjName>DischargeReason</sourceObjName>
<createdBy>david.moore</createdBy>
<createdTime>2015-01-12 09:17:59 UTC</createdTime>
<ownerDesignName>HWSInternal_12_01_2015</ownerDesignName>
<schemaObject>C0E722AD-5E8B-7F68-225F-749577113370</schemaObject>
<allowColumnReorder>false</allowColumnReorder>
<existDependencyGenerateInDDl>true</existDependencyGenerateInDDl>
<columns itemClass="oracle.dbtools.crest.model.design.relational.Column">
<Column name="Id" id="9A738B16-57FD-4651-4ED6-4C8933EB9BEA">
<sourceConnName>HWSInternal</sourceConnName>
<sourceObjSchema>DischargeReason</sourceObjSchema>
<sourceObjName>Id</sourceObjName>
<createdBy>david.moore</createdBy>
<createdTime>2015-01-12 09:17:59 UTC</createdTime>
<ownerDesignName>HWSInternal_12_01_2015</ownerDesignName>
<useDomainConstraints>false</useDomainConstraints>
<use>1</use>
<logicalDatatype>LOGDT011</logicalDatatype>
<dataTypePrecision>10</dataTypePrecision>
<dataTypeScale>0</dataTypeScale>
<dataTypeSize>4</dataTypeSize>
<autoIncrementCycle>false</autoIncrementCycle>
</Column>
<Column name="Description" id="ADAD0FCC-D0FC-F92E-7154-ED5C96DDDBE7">
<sourceConnName>HWSInternal</sourceConnName>
<sourceObjSchema>DischargeReason</sourceObjSchema>
<sourceObjName>Description</sourceObjName>
<createdBy>david.moore</createdBy>
<createdTime>2015-01-12 09:17:59 UTC</createdTime>
<ownerDesignName>HWSInternal_12_01_2015</ownerDesignName>
<useDomainConstraints>false</useDomainConstraints>
<use>1</use>
<logicalDatatype>LOGDT024</logicalDatatype>
<dataTypePrecision>100</dataTypePrecision>
<dataTypeScale>0</dataTypeScale>
<dataTypeSize>100</dataTypeSize>
<autoIncrementCycle>false</autoIncrementCycle>
</Column>
</columns>
<indexes itemClass="oracle.dbtools.crest.model.design.relational.Index">
<ind_PK_UK id="E6E03A64-095D-01D5-EF3D-429CEB96BBE9" name="PK_DischargeReason">
<sourceConnName>HWSInternal</sourceConnName>
<sourceObjSchema>Lookup</sourceObjSchema>
<sourceObjName>PK_DischargeReason</sourceObjName>
<createdBy>david.moore</createdBy>
<createdTime>2015-01-12 09:17:59 UTC</createdTime>
<ownerDesignName>HWSInternal_12_01_2015</ownerDesignName>
<pk>true</pk>
<indexState>Primary Constraint</indexState>
<isSurrogateKey>false</isSurrogateKey>
<indexColumnUsage>
<colUsage columnID="9A738B16-57FD-4651-4ED6-4C8933EB9BEA"/>
</indexColumnUsage>
</ind_PK_UK>
</indexes>
</Table>