<?xml version = '1.0' encoding = 'UTF-8'?>
<Table class="oracle.dbtools.crest.model.design.relational.Table" directorySegmentName="seg_0" id="E77F9ADD-1948-9FC2-A29D-3445342D0D4B" name="CaseStatusHistory">
<sourceConnName>HWSInternal</sourceConnName>
<sourceObjSchema>Case</sourceObjSchema>
<sourceObjName>CaseStatusHistory</sourceObjName>
<createdBy>david.moore</createdBy>
<createdTime>2015-01-12 09:17:59 UTC</createdTime>
<ownerDesignName>HWSInternal_12_01_2015</ownerDesignName>
<schemaObject>C36C27C4-3D73-E53C-8ACE-D8FA87A1E516</schemaObject>
<allowColumnReorder>false</allowColumnReorder>
<existDependencyGenerateInDDl>true</existDependencyGenerateInDDl>
<columns itemClass="oracle.dbtools.crest.model.design.relational.Column">
<Column name="Id" id="9D8B6D9A-A842-531D-8421-55D77754E05E">
<sourceConnName>HWSInternal</sourceConnName>
<sourceObjSchema>CaseStatusHistory</sourceObjSchema>
<sourceObjName>Id</sourceObjName>
<createdBy>david.moore</createdBy>
<createdTime>2015-01-12 09:17:59 UTC</createdTime>
<ownerDesignName>HWSInternal_12_01_2015</ownerDesignName>
<useDomainConstraints>false</useDomainConstraints>
<use>1</use>
<logicalDatatype>LOGDT011</logicalDatatype>
<dataTypePrecision>10</dataTypePrecision>
<dataTypeScale>0</dataTypeScale>
<dataTypeSize>4</dataTypeSize>
<autoIncrementCycle>false</autoIncrementCycle>
</Column>
<Column name="CaseId" id="204D0E90-9606-0282-856D-46BF5D17A4C1">
<sourceConnName>HWSInternal</sourceConnName>
<sourceObjSchema>CaseStatusHistory</sourceObjSchema>
<sourceObjName>CaseId</sourceObjName>
<createdBy>david.moore</createdBy>
<createdTime>2015-01-12 09:17:59 UTC</createdTime>
<ownerDesignName>HWSInternal_12_01_2015</ownerDesignName>
<useDomainConstraints>false</useDomainConstraints>
<use>1</use>
<logicalDatatype>LOGDT011</logicalDatatype>
<dataTypePrecision>10</dataTypePrecision>
<dataTypeScale>0</dataTypeScale>
<dataTypeSize>4</dataTypeSize>
<delegate>05174EA8-17A2-44D7-E20D-58DEB7BF35A2</delegate>
<autoIncrementCycle>false</autoIncrementCycle>
<associations>
<colAssociation fkAssociation="93077A47-57C3-16A7-4CFF-696FCEBCD104" referredColumn="05174EA8-17A2-44D7-E20D-58DEB7BF35A2"/>
</associations>
</Column>
<Column name="CaseStatusId" id="E872147D-A1C3-EC8F-E7E2-F33184BB3A8D">
<sourceConnName>HWSInternal</sourceConnName>
<sourceObjSchema>CaseStatusHistory</sourceObjSchema>
<sourceObjName>CaseStatusId</sourceObjName>
<createdBy>david.moore</createdBy>
<createdTime>2015-01-12 09:17:59 UTC</createdTime>
<ownerDesignName>HWSInternal_12_01_2015</ownerDesignName>
<useDomainConstraints>false</useDomainConstraints>
<use>1</use>
<logicalDatatype>LOGDT011</logicalDatatype>
<dataTypePrecision>10</dataTypePrecision>
<dataTypeScale>0</dataTypeScale>
<dataTypeSize>4</dataTypeSize>
<delegate>3C167527-7AE4-B25C-0C7F-859027BECC90</delegate>
<autoIncrementCycle>false</autoIncrementCycle>
<associations>
<colAssociation fkAssociation="D01E1DBE-E921-A189-FAA0-AAE7CCF79564" referredColumn="3C167527-7AE4-B25C-0C7F-859027BECC90"/>
</associations>
</Column>
<Column name="EffectiveFrom" id="4AB8E2F4-353A-2DF4-DFB0-D4B933346607">
<sourceConnName>HWSInternal</sourceConnName>
<sourceObjSchema>CaseStatusHistory</sourceObjSchema>
<sourceObjName>EffectiveFrom</sourceObjName>
<createdBy>david.moore</createdBy>
<createdTime>2015-01-12 09:17:59 UTC</createdTime>
<ownerDesignName>HWSInternal_12_01_2015</ownerDesignName>
<useDomainConstraints>false</useDomainConstraints>
<use>1</use>
<logicalDatatype>LOGDT008</logicalDatatype>
<dataTypePrecision>23</dataTypePrecision>
<dataTypeScale>3</dataTypeScale>
<dataTypeSize>8</dataTypeSize>
<autoIncrementCycle>false</autoIncrementCycle>
</Column>
<Column name="EffectiveTo" id="F9762A57-4BB7-57A6-45C5-4B93364EE3B7">
<sourceConnName>HWSInternal</sourceConnName>
<sourceObjSchema>CaseStatusHistory</sourceObjSchema>
<sourceObjName>EffectiveTo</sourceObjName>
<createdBy>david.moore</createdBy>
<createdTime>2015-01-12 09:17:59 UTC</createdTime>
<ownerDesignName>HWSInternal_12_01_2015</ownerDesignName>
<nullsAllowed>true</nullsAllowed>
<useDomainConstraints>false</useDomainConstraints>
<use>1</use>
<logicalDatatype>LOGDT008</logicalDatatype>
<dataTypePrecision>23</dataTypePrecision>
<dataTypeScale>3</dataTypeScale>
<dataTypeSize>8</dataTypeSize>
<autoIncrementCycle>false</autoIncrementCycle>
</Column>
</columns>
<indexes itemClass="oracle.dbtools.crest.model.design.relational.Index">
<ind_PK_UK id="BC103711-9B91-3170-FFBD-0F51AA72CDA7" name="PK_CaseStatusHistory">
<sourceConnName>HWSInternal</sourceConnName>
<sourceObjSchema>Case</sourceObjSchema>
<sourceObjName>PK_CaseStatusHistory</sourceObjName>
<createdBy>david.moore</createdBy>
<createdTime>2015-01-12 09:17:59 UTC</createdTime>
<ownerDesignName>HWSInternal_12_01_2015</ownerDesignName>
<pk>true</pk>
<indexState>Primary Constraint</indexState>
<isSurrogateKey>false</isSurrogateKey>
<indexColumnUsage>
<colUsage columnID="9D8B6D9A-A842-531D-8421-55D77754E05E"/>
</indexColumnUsage>
</ind_PK_UK>
<ind_PK_UK id="E57E941D-861E-9CBD-D6DE-FB4E495CD221" name="FK_CaseStatusHistory_Case">
<createdBy>david.moore</createdBy>
<createdTime>2015-01-12 09:18:00 UTC</createdTime>
<ownerDesignName>HWSInternal_12_01_2015</ownerDesignName>
<indexState>Foreign Key</indexState>
<isSurrogateKey>false</isSurrogateKey>
<indexColumnUsage>
<colUsage columnID="204D0E90-9606-0282-856D-46BF5D17A4C1"/>
</indexColumnUsage>
</ind_PK_UK>
<ind_PK_UK id="1CD11B1E-B6C5-0950-20BA-0B3055B571C9" name="FK_CaseStatusHistory_CaseStatus">
<createdBy>david.moore</createdBy>
<createdTime>2015-01-12 09:18:00 UTC</createdTime>
<ownerDesignName>HWSInternal_12_01_2015</ownerDesignName>
<indexState>Foreign Key</indexState>
<isSurrogateKey>false</isSurrogateKey>
<indexColumnUsage>
<colUsage columnID="E872147D-A1C3-EC8F-E7E2-F33184BB3A8D"/>
</indexColumnUsage>
</ind_PK_UK>
</indexes>
</Table>