<?xml version = '1.0' encoding = 'UTF-8'?>
<Table class="oracle.dbtools.crest.model.design.relational.Table" directorySegmentName="seg_0" id="E98D848B-F4B9-6350-D332-05A162983004" name="ResourceSkill">
<sourceConnName>HWSInternal</sourceConnName>
<sourceObjSchema>Resources</sourceObjSchema>
<sourceObjName>ResourceSkill</sourceObjName>
<createdBy>david.moore</createdBy>
<createdTime>2015-01-12 09:18:00 UTC</createdTime>
<ownerDesignName>HWSInternal_12_01_2015</ownerDesignName>
<schemaObject>B2CE024C-A3AD-0370-F028-DF2BAB8F0C5F</schemaObject>
<allowColumnReorder>false</allowColumnReorder>
<existDependencyGenerateInDDl>true</existDependencyGenerateInDDl>
<columns itemClass="oracle.dbtools.crest.model.design.relational.Column">
<Column name="ResourceId" id="C4700921-1039-8801-4A89-FF032B25553F">
<sourceConnName>HWSInternal</sourceConnName>
<sourceObjSchema>ResourceSkill</sourceObjSchema>
<sourceObjName>ResourceId</sourceObjName>
<createdBy>david.moore</createdBy>
<createdTime>2015-01-12 09:18:00 UTC</createdTime>
<ownerDesignName>HWSInternal_12_01_2015</ownerDesignName>
<useDomainConstraints>false</useDomainConstraints>
<use>1</use>
<logicalDatatype>LOGDT011</logicalDatatype>
<dataTypePrecision>10</dataTypePrecision>
<dataTypeScale>0</dataTypeScale>
<dataTypeSize>4</dataTypeSize>
<delegate>9D06854C-6B2B-4CFC-0E49-C4F5041C674A</delegate>
<autoIncrementCycle>false</autoIncrementCycle>
<associations>
<colAssociation fkAssociation="FFFCE430-FAED-B7A3-CC77-020916A00A0C" referredColumn="9D06854C-6B2B-4CFC-0E49-C4F5041C674A"/>
</associations>
</Column>
<Column name="SkillId" id="E6208189-B285-8517-972D-DD4AB685CB98">
<sourceConnName>HWSInternal</sourceConnName>
<sourceObjSchema>ResourceSkill</sourceObjSchema>
<sourceObjName>SkillId</sourceObjName>
<createdBy>david.moore</createdBy>
<createdTime>2015-01-12 09:18:00 UTC</createdTime>
<ownerDesignName>HWSInternal_12_01_2015</ownerDesignName>
<useDomainConstraints>false</useDomainConstraints>
<use>1</use>
<logicalDatatype>LOGDT011</logicalDatatype>
<dataTypePrecision>10</dataTypePrecision>
<dataTypeScale>0</dataTypeScale>
<dataTypeSize>4</dataTypeSize>
<delegate>49AB1049-467F-8774-0E80-60039CBDDCBF</delegate>
<autoIncrementCycle>false</autoIncrementCycle>
<associations>
<colAssociation fkAssociation="66CE2143-EDE0-9972-003F-065C11B2C71B" referredColumn="49AB1049-467F-8774-0E80-60039CBDDCBF"/>
</associations>
</Column>
</columns>
<indexes itemClass="oracle.dbtools.crest.model.design.relational.Index">
<ind_PK_UK id="B4927278-089F-AF0B-69C8-22FE880C46D3" name="PK_ResourceSkill">
<sourceConnName>HWSInternal</sourceConnName>
<sourceObjSchema>Resources</sourceObjSchema>
<sourceObjName>PK_ResourceSkill</sourceObjName>
<createdBy>david.moore</createdBy>
<createdTime>2015-01-12 09:18:00 UTC</createdTime>
<ownerDesignName>HWSInternal_12_01_2015</ownerDesignName>
<pk>true</pk>
<indexState>Primary Constraint</indexState>
<isSurrogateKey>false</isSurrogateKey>
<indexColumnUsage>
<colUsage columnID="C4700921-1039-8801-4A89-FF032B25553F"/>
<colUsage columnID="E6208189-B285-8517-972D-DD4AB685CB98"/>
</indexColumnUsage>
</ind_PK_UK>
<ind_PK_UK id="FCF718BF-7F9B-EB32-AB17-B0048E861B01" name="FK_ResourceSkill_Resource">
<createdBy>david.moore</createdBy>
<createdTime>2015-01-12 09:18:00 UTC</createdTime>
<ownerDesignName>HWSInternal_12_01_2015</ownerDesignName>
<indexState>Foreign Key</indexState>
<isSurrogateKey>false</isSurrogateKey>
<indexColumnUsage>
<colUsage columnID="C4700921-1039-8801-4A89-FF032B25553F"/>
</indexColumnUsage>
</ind_PK_UK>
<ind_PK_UK id="EDBBB892-E767-4F6C-1B94-501285049112" name="FK_ResourceSkill_Skill">
<createdBy>david.moore</createdBy>
<createdTime>2015-01-12 09:18:00 UTC</createdTime>
<ownerDesignName>HWSInternal_12_01_2015</ownerDesignName>
<indexState>Foreign Key</indexState>
<isSurrogateKey>false</isSurrogateKey>
<indexColumnUsage>
<colUsage columnID="E6208189-B285-8517-972D-DD4AB685CB98"/>
</indexColumnUsage>
</ind_PK_UK>
</indexes>
</Table>