<?xml version = '1.0' encoding = 'UTF-8'?>
<Table class="oracle.dbtools.crest.model.design.relational.Table" directorySegmentName="seg_0" id="EAEA76EB-AC63-58F4-8A33-DF145523B642" name="Answer">
<sourceConnName>HWSInternal</sourceConnName>
<sourceObjSchema>Assessment</sourceObjSchema>
<sourceObjName>Answer</sourceObjName>
<createdBy>david.moore</createdBy>
<createdTime>2015-01-12 09:17:59 UTC</createdTime>
<ownerDesignName>HWSInternal_12_01_2015</ownerDesignName>
<schemaObject>B90B0C67-4171-102C-BB60-3A0BF7A3B726</schemaObject>
<allowColumnReorder>false</allowColumnReorder>
<existDependencyGenerateInDDl>true</existDependencyGenerateInDDl>
<columns itemClass="oracle.dbtools.crest.model.design.relational.Column">
<Column name="Id" id="3DB4670E-DB41-7B96-BA26-88F89E9DDF07">
<sourceConnName>HWSInternal</sourceConnName>
<sourceObjSchema>Answer</sourceObjSchema>
<sourceObjName>Id</sourceObjName>
<createdBy>david.moore</createdBy>
<createdTime>2015-01-12 09:17:59 UTC</createdTime>
<ownerDesignName>HWSInternal_12_01_2015</ownerDesignName>
<useDomainConstraints>false</useDomainConstraints>
<use>1</use>
<logicalDatatype>LOGDT011</logicalDatatype>
<dataTypePrecision>10</dataTypePrecision>
<dataTypeScale>0</dataTypeScale>
<dataTypeSize>4</dataTypeSize>
<autoIncrementCycle>false</autoIncrementCycle>
</Column>
<Column name="AssessmentObstacleId" id="EC6E75C5-3312-506D-6292-10089ECE9EA2">
<sourceConnName>HWSInternal</sourceConnName>
<sourceObjSchema>Answer</sourceObjSchema>
<sourceObjName>AssessmentObstacleId</sourceObjName>
<createdBy>david.moore</createdBy>
<createdTime>2015-01-12 09:17:59 UTC</createdTime>
<ownerDesignName>HWSInternal_12_01_2015</ownerDesignName>
<useDomainConstraints>false</useDomainConstraints>
<use>1</use>
<logicalDatatype>LOGDT011</logicalDatatype>
<dataTypePrecision>10</dataTypePrecision>
<dataTypeScale>0</dataTypeScale>
<dataTypeSize>4</dataTypeSize>
<delegate>1E258534-343E-6974-9072-69D260AB6C3D</delegate>
<autoIncrementCycle>false</autoIncrementCycle>
<associations>
<colAssociation fkAssociation="E0DA1B70-1735-496C-D15D-711767E00BA9" referredColumn="1E258534-343E-6974-9072-69D260AB6C3D"/>
</associations>
</Column>
<Column name="QuestionTemplateId" id="F80A115D-9009-2A0D-D3A3-D4B9C3181A70">
<sourceConnName>HWSInternal</sourceConnName>
<sourceObjSchema>Answer</sourceObjSchema>
<sourceObjName>QuestionTemplateId</sourceObjName>
<createdBy>david.moore</createdBy>
<createdTime>2015-01-12 09:17:59 UTC</createdTime>
<ownerDesignName>HWSInternal_12_01_2015</ownerDesignName>
<useDomainConstraints>false</useDomainConstraints>
<use>1</use>
<logicalDatatype>LOGDT011</logicalDatatype>
<dataTypePrecision>10</dataTypePrecision>
<dataTypeScale>0</dataTypeScale>
<dataTypeSize>4</dataTypeSize>
<delegate>5A7B6A47-8A45-4B2C-5530-47DB04C1D73E</delegate>
<autoIncrementCycle>false</autoIncrementCycle>
<associations>
<colAssociation fkAssociation="B80FC507-D3FE-1581-EB10-07856D0E4F44" referredColumn="5A7B6A47-8A45-4B2C-5530-47DB04C1D73E"/>
</associations>
</Column>
<Column name="YesNoAnswer" id="5B5EC5BF-E84A-763F-35CC-2F6EDFA55DC3">
<sourceConnName>HWSInternal</sourceConnName>
<sourceObjSchema>Answer</sourceObjSchema>
<sourceObjName>YesNoAnswer</sourceObjName>
<createdBy>david.moore</createdBy>
<createdTime>2015-01-12 09:17:59 UTC</createdTime>
<ownerDesignName>HWSInternal_12_01_2015</ownerDesignName>
<nullsAllowed>true</nullsAllowed>
<useDomainConstraints>false</useDomainConstraints>
<use>1</use>
<logicalDatatype>LOGDT034</logicalDatatype>
<dataTypePrecision>1</dataTypePrecision>
<dataTypeScale>0</dataTypeScale>
<dataTypeSize>1</dataTypeSize>
<autoIncrementCycle>false</autoIncrementCycle>
</Column>
<Column name="FreeTextAnswer" id="B72FAC56-2D79-39DA-BEAB-17BC06A89083">
<sourceConnName>HWSInternal</sourceConnName>
<sourceObjSchema>Answer</sourceObjSchema>
<sourceObjName>FreeTextAnswer</sourceObjName>
<createdBy>david.moore</createdBy>
<createdTime>2015-01-12 09:17:59 UTC</createdTime>
<ownerDesignName>HWSInternal_12_01_2015</ownerDesignName>
<nullsAllowed>true</nullsAllowed>
<useDomainConstraints>false</useDomainConstraints>
<use>1</use>
<logicalDatatype>LOGDT024</logicalDatatype>
<dataTypePrecision>200</dataTypePrecision>
<dataTypeScale>0</dataTypeScale>
<dataTypeSize>200</dataTypeSize>
<autoIncrementCycle>false</autoIncrementCycle>
</Column>
</columns>
<indexes itemClass="oracle.dbtools.crest.model.design.relational.Index">
<ind_PK_UK id="181804C6-916B-C3F2-1A16-C49E7FC2EE6D" name="PK_AssessmentAnswer">
<sourceConnName>HWSInternal</sourceConnName>
<sourceObjSchema>Assessment</sourceObjSchema>
<sourceObjName>PK_AssessmentAnswer</sourceObjName>
<createdBy>david.moore</createdBy>
<createdTime>2015-01-12 09:17:59 UTC</createdTime>
<ownerDesignName>HWSInternal_12_01_2015</ownerDesignName>
<pk>true</pk>
<indexState>Primary Constraint</indexState>
<isSurrogateKey>false</isSurrogateKey>
<indexColumnUsage>
<colUsage columnID="3DB4670E-DB41-7B96-BA26-88F89E9DDF07"/>
</indexColumnUsage>
</ind_PK_UK>
<ind_PK_UK id="EF3B2FB5-05B7-97DE-7238-07F1EBA59FF6" name="FK_AssessmentAnswer_QuestionTemplate">
<createdBy>david.moore</createdBy>
<createdTime>2015-01-12 09:18:00 UTC</createdTime>
<ownerDesignName>HWSInternal_12_01_2015</ownerDesignName>
<indexState>Foreign Key</indexState>
<isSurrogateKey>false</isSurrogateKey>
<indexColumnUsage>
<colUsage columnID="F80A115D-9009-2A0D-D3A3-D4B9C3181A70"/>
</indexColumnUsage>
</ind_PK_UK>
<ind_PK_UK id="9B14F299-4357-16EA-2CBC-97550AFD6FB1" name="FK_AssessmentAnswer_Obstacle">
<createdBy>david.moore</createdBy>
<createdTime>2015-01-12 09:18:00 UTC</createdTime>
<ownerDesignName>HWSInternal_12_01_2015</ownerDesignName>
<indexState>Foreign Key</indexState>
<isSurrogateKey>false</isSurrogateKey>
<indexColumnUsage>
<colUsage columnID="EC6E75C5-3312-506D-6292-10089ECE9EA2"/>
</indexColumnUsage>
</ind_PK_UK>
</indexes>
</Table>