<?xml version = '1.0' encoding = 'UTF-8'?>
<Table class="oracle.dbtools.crest.model.design.relational.Table" directorySegmentName="seg_0" id="EAF53EF9-F75C-5DEE-E17F-9FBAB5FFA6B6" name="Clinician_Specialisation">
<sourceConnName>HWSInternal</sourceConnName>
<sourceObjSchema>Clinic</sourceObjSchema>
<sourceObjName>Clinician_Specialisation</sourceObjName>
<createdBy>david.moore</createdBy>
<createdTime>2015-01-12 09:17:59 UTC</createdTime>
<ownerDesignName>HWSInternal_12_01_2015</ownerDesignName>
<schemaObject>62C429DA-35AC-33BC-9837-582553CFA2DE</schemaObject>
<allowColumnReorder>false</allowColumnReorder>
<existDependencyGenerateInDDl>true</existDependencyGenerateInDDl>
<columns itemClass="oracle.dbtools.crest.model.design.relational.Column">
<Column name="Clinician_SpecialisationId" id="D0FBBCF9-F851-C45E-CBFA-03368AA3E1B3">
<sourceConnName>HWSInternal</sourceConnName>
<sourceObjSchema>Clinician_Specialisation</sourceObjSchema>
<sourceObjName>Clinician_SpecialisationId</sourceObjName>
<createdBy>david.moore</createdBy>
<createdTime>2015-01-12 09:17:59 UTC</createdTime>
<ownerDesignName>HWSInternal_12_01_2015</ownerDesignName>
<useDomainConstraints>false</useDomainConstraints>
<use>1</use>
<logicalDatatype>LOGDT011</logicalDatatype>
<dataTypePrecision>10</dataTypePrecision>
<dataTypeScale>0</dataTypeScale>
<dataTypeSize>4</dataTypeSize>
<autoIncrementCycle>false</autoIncrementCycle>
</Column>
<Column name="ClinicianId" id="F857DFC0-E58F-DA9E-6BB6-92B59E5F674A">
<sourceConnName>HWSInternal</sourceConnName>
<sourceObjSchema>Clinician_Specialisation</sourceObjSchema>
<sourceObjName>ClinicianId</sourceObjName>
<createdBy>david.moore</createdBy>
<createdTime>2015-01-12 09:17:59 UTC</createdTime>
<ownerDesignName>HWSInternal_12_01_2015</ownerDesignName>
<nullsAllowed>true</nullsAllowed>
<useDomainConstraints>false</useDomainConstraints>
<use>1</use>
<logicalDatatype>LOGDT011</logicalDatatype>
<dataTypePrecision>10</dataTypePrecision>
<dataTypeScale>0</dataTypeScale>
<dataTypeSize>4</dataTypeSize>
<delegate>190EBF21-3C39-4B76-360F-483FD33789E0</delegate>
<autoIncrementCycle>false</autoIncrementCycle>
<associations>
<colAssociation fkAssociation="767D4DA4-FF93-5C9F-9FB1-EB12A021F3BF" referredColumn="190EBF21-3C39-4B76-360F-483FD33789E0"/>
</associations>
</Column>
<Column name="SpecialisationId" id="2197D928-7272-D90F-76BB-2EC9B996ADE2">
<sourceConnName>HWSInternal</sourceConnName>
<sourceObjSchema>Clinician_Specialisation</sourceObjSchema>
<sourceObjName>SpecialisationId</sourceObjName>
<createdBy>david.moore</createdBy>
<createdTime>2015-01-12 09:17:59 UTC</createdTime>
<ownerDesignName>HWSInternal_12_01_2015</ownerDesignName>
<nullsAllowed>true</nullsAllowed>
<useDomainConstraints>false</useDomainConstraints>
<use>1</use>
<logicalDatatype>LOGDT011</logicalDatatype>
<dataTypePrecision>10</dataTypePrecision>
<dataTypeScale>0</dataTypeScale>
<dataTypeSize>4</dataTypeSize>
<delegate>104FE537-38F9-698D-B6FE-C38FA415640A</delegate>
<autoIncrementCycle>false</autoIncrementCycle>
<associations>
<colAssociation fkAssociation="82950AC1-229D-2C73-0D9C-3ABFD819AEA1" referredColumn="104FE537-38F9-698D-B6FE-C38FA415640A"/>
</associations>
</Column>
</columns>
<indexes itemClass="oracle.dbtools.crest.model.design.relational.Index">
<ind_PK_UK id="4F31357B-3227-6DA0-C5CB-941E9D03D16E" name="PK__Clinicia__2F06640462458BBE">
<sourceConnName>HWSInternal</sourceConnName>
<sourceObjSchema>Clinic</sourceObjSchema>
<sourceObjName>PK__Clinicia__2F06640462458BBE</sourceObjName>
<createdBy>david.moore</createdBy>
<createdTime>2015-01-12 09:17:59 UTC</createdTime>
<ownerDesignName>HWSInternal_12_01_2015</ownerDesignName>
<pk>true</pk>
<indexState>Primary Constraint</indexState>
<isSurrogateKey>false</isSurrogateKey>
<indexColumnUsage>
<colUsage columnID="D0FBBCF9-F851-C45E-CBFA-03368AA3E1B3"/>
</indexColumnUsage>
</ind_PK_UK>
<ind_PK_UK id="F9CA982D-545F-9CFC-2D92-0189C44F4F17" name="FK__Clinician__Clini__642DD430">
<createdBy>david.moore</createdBy>
<createdTime>2015-01-12 09:18:00 UTC</createdTime>
<ownerDesignName>HWSInternal_12_01_2015</ownerDesignName>
<indexState>Foreign Key</indexState>
<isSurrogateKey>false</isSurrogateKey>
<indexColumnUsage>
<colUsage columnID="F857DFC0-E58F-DA9E-6BB6-92B59E5F674A"/>
</indexColumnUsage>
</ind_PK_UK>
<ind_PK_UK id="FEC858BF-EE09-2AF1-E392-74A824E4AE55" name="FK__Clinician__Speci__6521F869">
<createdBy>david.moore</createdBy>
<createdTime>2015-01-12 09:18:00 UTC</createdTime>
<ownerDesignName>HWSInternal_12_01_2015</ownerDesignName>
<indexState>Foreign Key</indexState>
<isSurrogateKey>false</isSurrogateKey>
<indexColumnUsage>
<colUsage columnID="2197D928-7272-D90F-76BB-2EC9B996ADE2"/>
</indexColumnUsage>
</ind_PK_UK>
</indexes>
</Table>