<?xml version = '1.0' encoding = 'UTF-8'?>
<Table class="oracle.dbtools.crest.model.design.relational.Table" directorySegmentName="seg_0" id="F38047DF-7F96-6448-79D3-2117BE2714A7" name="AssessmentObstacleRecomendation">
<sourceConnName>HWSInternal</sourceConnName>
<sourceObjSchema>Assessment</sourceObjSchema>
<sourceObjName>AssessmentObstacleRecomendation</sourceObjName>
<createdBy>david.moore</createdBy>
<createdTime>2015-01-12 09:17:59 UTC</createdTime>
<ownerDesignName>HWSInternal_12_01_2015</ownerDesignName>
<schemaObject>B90B0C67-4171-102C-BB60-3A0BF7A3B726</schemaObject>
<allowColumnReorder>false</allowColumnReorder>
<existDependencyGenerateInDDl>true</existDependencyGenerateInDDl>
<columns itemClass="oracle.dbtools.crest.model.design.relational.Column">
<Column name="Id" id="72DC46A4-B315-1B9A-70D5-D2768D6A4FA3">
<sourceConnName>HWSInternal</sourceConnName>
<sourceObjSchema>AssessmentObstacleRecomendation</sourceObjSchema>
<sourceObjName>Id</sourceObjName>
<createdBy>david.moore</createdBy>
<createdTime>2015-01-12 09:17:59 UTC</createdTime>
<ownerDesignName>HWSInternal_12_01_2015</ownerDesignName>
<useDomainConstraints>false</useDomainConstraints>
<use>1</use>
<logicalDatatype>LOGDT011</logicalDatatype>
<dataTypePrecision>10</dataTypePrecision>
<dataTypeScale>0</dataTypeScale>
<dataTypeSize>4</dataTypeSize>
<autoIncrementCycle>false</autoIncrementCycle>
</Column>
<Column name="AssessmentObstacleId" id="78EF4878-7A63-6AB0-9D85-1B1EBF7B0B83">
<sourceConnName>HWSInternal</sourceConnName>
<sourceObjSchema>AssessmentObstacleRecomendation</sourceObjSchema>
<sourceObjName>AssessmentObstacleId</sourceObjName>
<createdBy>david.moore</createdBy>
<createdTime>2015-01-12 09:17:59 UTC</createdTime>
<ownerDesignName>HWSInternal_12_01_2015</ownerDesignName>
<useDomainConstraints>false</useDomainConstraints>
<use>1</use>
<logicalDatatype>LOGDT011</logicalDatatype>
<dataTypePrecision>10</dataTypePrecision>
<dataTypeScale>0</dataTypeScale>
<dataTypeSize>4</dataTypeSize>
<delegate>1E258534-343E-6974-9072-69D260AB6C3D</delegate>
<autoIncrementCycle>false</autoIncrementCycle>
<associations>
<colAssociation fkAssociation="F76348B2-ECC1-5CFF-611E-5BFF17163849" referredColumn="1E258534-343E-6974-9072-69D260AB6C3D"/>
</associations>
</Column>
<Column name="RecomendationText" id="3A74D21B-C367-0AD2-BC47-538BFC552158">
<sourceConnName>HWSInternal</sourceConnName>
<sourceObjSchema>AssessmentObstacleRecomendation</sourceObjSchema>
<sourceObjName>RecomendationText</sourceObjName>
<createdBy>david.moore</createdBy>
<createdTime>2015-01-12 09:17:59 UTC</createdTime>
<ownerDesignName>HWSInternal_12_01_2015</ownerDesignName>
<useDomainConstraints>false</useDomainConstraints>
<use>1</use>
<logicalDatatype>LOGDT024</logicalDatatype>
<dataTypePrecision>500</dataTypePrecision>
<dataTypeScale>0</dataTypeScale>
<dataTypeSize>500</dataTypeSize>
<autoIncrementCycle>false</autoIncrementCycle>
</Column>
<Column name="RecomendationId" id="5C5C01D5-2BF9-069E-7759-6E4E2B1A853F">
<sourceConnName>HWSInternal</sourceConnName>
<sourceObjSchema>AssessmentObstacleRecomendation</sourceObjSchema>
<sourceObjName>RecomendationId</sourceObjName>
<createdBy>david.moore</createdBy>
<createdTime>2015-01-12 09:17:59 UTC</createdTime>
<ownerDesignName>HWSInternal_12_01_2015</ownerDesignName>
<useDomainConstraints>false</useDomainConstraints>
<use>1</use>
<logicalDatatype>LOGDT011</logicalDatatype>
<dataTypePrecision>10</dataTypePrecision>
<dataTypeScale>0</dataTypeScale>
<dataTypeSize>4</dataTypeSize>
<delegate>8B1ED2E9-A8CE-67B6-144E-561FC7AB8A7E</delegate>
<autoIncrementCycle>false</autoIncrementCycle>
<associations>
<colAssociation fkAssociation="482BA966-CE83-7B5A-040C-48D8B9587A75" referredColumn="8B1ED2E9-A8CE-67B6-144E-561FC7AB8A7E"/>
</associations>
</Column>
</columns>
<indexes itemClass="oracle.dbtools.crest.model.design.relational.Index">
<ind_PK_UK id="5F7E9B7D-590D-C36C-CDD6-6629CDDF0095" name="PK_AssessmentObstacleRecomendation">
<sourceConnName>HWSInternal</sourceConnName>
<sourceObjSchema>Assessment</sourceObjSchema>
<sourceObjName>PK_AssessmentObstacleRecomendation</sourceObjName>
<createdBy>david.moore</createdBy>
<createdTime>2015-01-12 09:17:59 UTC</createdTime>
<ownerDesignName>HWSInternal_12_01_2015</ownerDesignName>
<pk>true</pk>
<indexState>Primary Constraint</indexState>
<isSurrogateKey>false</isSurrogateKey>
<indexColumnUsage>
<colUsage columnID="72DC46A4-B315-1B9A-70D5-D2768D6A4FA3"/>
</indexColumnUsage>
</ind_PK_UK>
<ind_PK_UK id="9C27BF5C-5383-DB7D-C5C2-7BB468700735" name="FK_AssessmentObstacleRecomendation_AssessmentObstacle">
<createdBy>david.moore</createdBy>
<createdTime>2015-01-12 09:18:00 UTC</createdTime>
<ownerDesignName>HWSInternal_12_01_2015</ownerDesignName>
<indexState>Foreign Key</indexState>
<isSurrogateKey>false</isSurrogateKey>
<indexColumnUsage>
<colUsage columnID="78EF4878-7A63-6AB0-9D85-1B1EBF7B0B83"/>
</indexColumnUsage>
</ind_PK_UK>
<ind_PK_UK id="305EBBDD-8129-016A-ABF7-727825DE6DB1" name="FK_AssessmentObstacleRecomendation_Recommendation">
<createdBy>david.moore</createdBy>
<createdTime>2015-01-12 09:18:00 UTC</createdTime>
<ownerDesignName>HWSInternal_12_01_2015</ownerDesignName>
<indexState>Foreign Key</indexState>
<isSurrogateKey>false</isSurrogateKey>
<indexColumnUsage>
<colUsage columnID="5C5C01D5-2BF9-069E-7759-6E4E2B1A853F"/>
</indexColumnUsage>
</ind_PK_UK>
</indexes>
</Table>