<?xml version = '1.0' encoding = 'UTF-8'?>
<relationalModel class="oracle.dbtools.crest.model.design.relational.RelationalDesign" name="Relational_1" id="2FD76AB7-0C4A-7824-9B31-99B0F4C4B70A" mainViewID="3BA78FD7-73B2-D749-352C-C295685F0DD1">
<createdBy>50472</createdBy>
<createdTime>2014-11-20 22:41:00 UTC</createdTime>
<ownerDesignName>UK_HWS_Assessments_data_model_diagram</ownerDesignName>
<shouldBeOpen>true</shouldBeOpen>
<selectedRDBMSSite>22943E51-0387-1F2A-CED9-5FB738BA5A0C</selectedRDBMSSite>
<importConnectionStamps>
<importConnectionStamp class="oracle.dbtools.crest.imports.DBConnectionStamp">
<connName>UK_HWS rk50472</connName>
<connUrl>jdbc:jtds:sqlserver://10.200.147.21:1435/</connUrl>
<connUser>rk50472</connUser>
<connType>2</connType>
</importConnectionStamp>
</importConnectionStamps>
</relationalModel>