<?xml version = '1.0' encoding = 'UTF-8'?>
<TableProxyOraclev11g class="oracle.dbtools.crest.model.design.storage.oracle.v11g.TableProxyOraclev11g" name="F_CMOR_BY_DATE" id="306F311A-938D-41A7-12F1-4356A9C115BE" directorySegmentName="seg_0">
<createdBy>mb56142</createdBy>
<createdTime>2013-10-01 02:00:21 UTC</createdTime>
<ownerDesignName>TXEB_BPM_Semantic_data_model_diagram</ownerDesignName>
<logging>YES</logging>
<parallel>YES</parallel>
<partitionList class="oracle.dbtools.crest.model.design.storage.oracle.v11g.PartitionListOraclev11g" name="PL1" id="AB69CB6F-0409-11D5-6884-690E34449877">
<createdBy>mb56142</createdBy>
<createdTime>2013-10-01 02:00:24 UTC</createdTime>
<ownerDesignName>TXEB_BPM_Semantic_data_model_diagram</ownerDesignName>
<columnIDs>E85BA676-D5C2-AD9F-FE3B-30854DBCADDE</columnIDs>
<intervalExpression>NUMTODSINTERVAL(1,&apos;DAY&apos;)</intervalExpression>
</partitionList>
<partitioned>YES</partitioned>
<partitionedRowMovement>DISABLE</partitionedRowMovement>
<segment>568C8176-06AE-9B9D-D201-9DB37F0EA943</segment>
<tableSpace>DD753006-1797-19FB-2460-18BDB0C52331</tableSpace>
<columnProxies>
<ColumnProxy class="oracle.dbtools.crest.model.design.storage.oracle.v11g.ColumnProxyOraclev11g" name="DCMORSS_ID" id="19C1C336-77BB-23AF-70CE-5D9B35F797CD">
<createdBy>mb56142</createdBy>
<createdTime>2013-10-01 02:00:21 UTC</createdTime>
<ownerDesignName>TXEB_BPM_Semantic_data_model_diagram</ownerDesignName>
</ColumnProxy>
<ColumnProxy class="oracle.dbtools.crest.model.design.storage.oracle.v11g.ColumnProxyOraclev11g" name="FCMORBD_ID" id="1E43EFD9-8759-D3A4-C6E1-86BD852973A5">
<createdBy>mb56142</createdBy>
<createdTime>2013-10-01 02:00:21 UTC</createdTime>
<ownerDesignName>TXEB_BPM_Semantic_data_model_diagram</ownerDesignName>
</ColumnProxy>
<ColumnProxy class="oracle.dbtools.crest.model.design.storage.oracle.v11g.ColumnProxyOraclev11g" name="D_DATE" id="32023856-32C3-EAF5-688E-87F2E77E5882">
<createdBy>mb56142</createdBy>
<createdTime>2013-10-01 02:00:21 UTC</createdTime>
<ownerDesignName>TXEB_BPM_Semantic_data_model_diagram</ownerDesignName>
</ColumnProxy>
<ColumnProxy class="oracle.dbtools.crest.model.design.storage.oracle.v11g.ColumnProxyOraclev11g" name="BUCKET_END_DATE" id="63F864F5-88E9-F52C-A229-2E7BB7F2D5EC">
<createdBy>mb56142</createdBy>
<createdTime>2013-10-01 02:00:22 UTC</createdTime>
<ownerDesignName>TXEB_BPM_Semantic_data_model_diagram</ownerDesignName>
</ColumnProxy>
<ColumnProxy class="oracle.dbtools.crest.model.design.storage.oracle.v11g.ColumnProxyOraclev11g" name="INVENTORY_COUNT" id="9B02BA92-4C4E-F149-1D44-2792E1791229">
<createdBy>mb56142</createdBy>
<createdTime>2013-10-01 02:00:22 UTC</createdTime>
<ownerDesignName>TXEB_BPM_Semantic_data_model_diagram</ownerDesignName>
</ColumnProxy>
<ColumnProxy class="oracle.dbtools.crest.model.design.storage.oracle.v11g.ColumnProxyOraclev11g" name="COMPLETION_COUNT" id="B655F90D-41E8-0BF9-963F-14CD4DFE573B">
<createdBy>mb56142</createdBy>
<createdTime>2013-10-01 02:00:22 UTC</createdTime>
<ownerDesignName>TXEB_BPM_Semantic_data_model_diagram</ownerDesignName>
</ColumnProxy>
<ColumnProxy class="oracle.dbtools.crest.model.design.storage.oracle.v11g.ColumnProxyOraclev11g" name="CMOR_BI_ID" id="D3162777-856B-BA8F-2024-ADB162EF77F8">
<createdBy>mb56142</createdBy>
<createdTime>2013-10-01 02:00:21 UTC</createdTime>
<ownerDesignName>TXEB_BPM_Semantic_data_model_diagram</ownerDesignName>
</ColumnProxy>
<ColumnProxy class="oracle.dbtools.crest.model.design.storage.oracle.v11g.ColumnProxyOraclev11g" name="CREATION_COUNT" id="D69DEA62-5FF4-9E56-8DBE-A4AD461F2FA1">
<createdBy>mb56142</createdBy>
<createdTime>2013-10-01 02:00:22 UTC</createdTime>
<ownerDesignName>TXEB_BPM_Semantic_data_model_diagram</ownerDesignName>
</ColumnProxy>
<ColumnProxy class="oracle.dbtools.crest.model.design.storage.oracle.v11g.ColumnProxyOraclev11g" name="BUCKET_START_DATE" id="E85BA676-D5C2-AD9F-FE3B-30854DBCADDE">
<createdBy>mb56142</createdBy>
<createdTime>2013-10-01 02:00:22 UTC</createdTime>
<ownerDesignName>TXEB_BPM_Semantic_data_model_diagram</ownerDesignName>
</ColumnProxy>
<ColumnProxy class="oracle.dbtools.crest.model.design.storage.oracle.v11g.ColumnProxyOraclev11g" name="LAST_UPDATE_BY_DATE" id="F7023863-E647-D2BD-2DC9-07DDFB8BF56E">
<createdBy>mb56142</createdBy>
<createdTime>2013-10-01 02:00:22 UTC</createdTime>
<ownerDesignName>TXEB_BPM_Semantic_data_model_diagram</ownerDesignName>
</ColumnProxy>
</columnProxies>
<indexProxies>
<IndexProxy class="oracle.dbtools.crest.model.design.storage.oracle.v10g.IndexProxyOraclev10g" name="FCMORBD_UIX1" id="8847055D-3C8D-6621-B1A8-61150F22C878">
<createdBy>mb56142</createdBy>
<createdTime>2013-10-01 02:00:23 UTC</createdTime>
<ownerDesignName>TXEB_BPM_Semantic_data_model_diagram</ownerDesignName>
<parallel>YES</parallel>
<segment>937DF5B4-A60F-AB71-BC50-0AE3F683B8A1</segment>
<tableSpace>4866B604-BC74-F4A2-CF3C-7AD89845D7C3</tableSpace>
</IndexProxy>
<IndexProxy class="oracle.dbtools.crest.model.design.storage.oracle.v10g.IndexProxyOraclev10g" name="FCMORBD_PK" id="BF7936C3-23F0-9BF2-46EA-1F532BA6ABE7">
<createdBy>mb56142</createdBy>
<createdTime>2013-10-01 02:00:23 UTC</createdTime>
<ownerDesignName>TXEB_BPM_Semantic_data_model_diagram</ownerDesignName>
<parallel>YES</parallel>
<segment>937DF5B4-A60F-AB71-BC50-0AE3F683B8A1</segment>
<tableSpace>4866B604-BC74-F4A2-CF3C-7AD89845D7C3</tableSpace>
</IndexProxy>
</indexProxies>
<foreignKeys>
<ForeignKey class="oracle.dbtools.crest.model.design.storage.oracle.v10g.FKProxyOraclev10g" name="FCMORBD_DCMORCUR_FK" id="2C387970-AFD4-2F58-08DA-EBCFE472EEA7">
<createdBy>mb56142</createdBy>
<createdTime>2013-10-01 02:00:24 UTC</createdTime>
<ownerDesignName>TXEB_BPM_Semantic_data_model_diagram</ownerDesignName>
</ForeignKey>
<ForeignKey class="oracle.dbtools.crest.model.design.storage.oracle.v10g.FKProxyOraclev10g" name="FCMORBD_DCMORSS_FK" id="878861F5-AB9B-FD62-C355-88298027DB0C">
<createdBy>mb56142</createdBy>
<createdTime>2013-10-01 02:00:24 UTC</createdTime>
<ownerDesignName>TXEB_BPM_Semantic_data_model_diagram</ownerDesignName>
</ForeignKey>
</foreignKeys>
<partitions>
<Partition class="oracle.dbtools.crest.model.design.storage.oracle.v11g.PartitionOraclev11g" name="PT_BUCKET_START_DATE_LT_2013" id="E2B44AEF-896B-B8A0-9FFA-1182C3CAAD2A">
<createdBy>mb56142</createdBy>
<createdTime>2013-10-01 02:00:25 UTC</createdTime>
<ownerDesignName>TXEB_BPM_Semantic_data_model_diagram</ownerDesignName>
<dataSegmentCompression>NO</dataSegmentCompression>
<logging>YES</logging>
<position>1</position>
<segment>568C8176-06AE-9B9D-D201-9DB37F0EA943</segment>
<tableSpace>DD753006-1797-19FB-2460-18BDB0C52331</tableSpace>
<valueList>TO_DATE(&apos; 2013-01-01 00:00:00&apos;, &apos;SYYYY-MM-DD HH24:MI:SS&apos;, &apos;NLS_CALENDAR=GREGORIAN&apos;)</valueList>
</Partition>
<Partition class="oracle.dbtools.crest.model.design.storage.oracle.v11g.PartitionOraclev11g" name="SYS_P10462" id="F5C8F505-EE7B-F9D2-F648-E10A32347EB3">
<createdBy>mb56142</createdBy>
<createdTime>2013-10-01 02:00:25 UTC</createdTime>
<ownerDesignName>TXEB_BPM_Semantic_data_model_diagram</ownerDesignName>
<dataSegmentCompression>NO</dataSegmentCompression>
<logging>YES</logging>
<position>2</position>
<segment>8C3F3B9C-7F75-8354-C35B-C71CD4BECC53</segment>
<tableSpace>DD753006-1797-19FB-2460-18BDB0C52331</tableSpace>
<valueList>TO_DATE(&apos; 2013-08-09 00:00:00&apos;, &apos;SYYYY-MM-DD HH24:MI:SS&apos;, &apos;NLS_CALENDAR=GREGORIAN&apos;)</valueList>
</Partition>
<Partition class="oracle.dbtools.crest.model.design.storage.oracle.v11g.PartitionOraclev11g" name="SYS_P10469" id="EE2CFCAA-05FE-F66A-B9C5-C66867C5030C">
<createdBy>mb56142</createdBy>
<createdTime>2013-10-01 02:00:25 UTC</createdTime>
<ownerDesignName>TXEB_BPM_Semantic_data_model_diagram</ownerDesignName>
<dataSegmentCompression>NO</dataSegmentCompression>
<logging>YES</logging>
<position>3</position>
<segment>8C3F3B9C-7F75-8354-C35B-C71CD4BECC53</segment>
<tableSpace>DD753006-1797-19FB-2460-18BDB0C52331</tableSpace>
<valueList>TO_DATE(&apos; 2013-08-10 00:00:00&apos;, &apos;SYYYY-MM-DD HH24:MI:SS&apos;, &apos;NLS_CALENDAR=GREGORIAN&apos;)</valueList>
</Partition>
<Partition class="oracle.dbtools.crest.model.design.storage.oracle.v11g.PartitionOraclev11g" name="SYS_P10471" id="4FD3E503-E229-97B5-4FB4-AECDB397CFA6">
<createdBy>mb56142</createdBy>
<createdTime>2013-10-01 02:00:25 UTC</createdTime>
<ownerDesignName>TXEB_BPM_Semantic_data_model_diagram</ownerDesignName>
<dataSegmentCompression>NO</dataSegmentCompression>
<logging>YES</logging>
<position>4</position>
<segment>8C3F3B9C-7F75-8354-C35B-C71CD4BECC53</segment>
<tableSpace>DD753006-1797-19FB-2460-18BDB0C52331</tableSpace>
<valueList>TO_DATE(&apos; 2013-08-11 00:00:00&apos;, &apos;SYYYY-MM-DD HH24:MI:SS&apos;, &apos;NLS_CALENDAR=GREGORIAN&apos;)</valueList>
</Partition>
<Partition class="oracle.dbtools.crest.model.design.storage.oracle.v11g.PartitionOraclev11g" name="SYS_P10472" id="0B0D519C-28FA-B682-EDB4-65FE7B65E934">
<createdBy>mb56142</createdBy>
<createdTime>2013-10-01 02:00:25 UTC</createdTime>
<ownerDesignName>TXEB_BPM_Semantic_data_model_diagram</ownerDesignName>
<dataSegmentCompression>NO</dataSegmentCompression>
<logging>YES</logging>
<position>5</position>
<segment>8C3F3B9C-7F75-8354-C35B-C71CD4BECC53</segment>
<tableSpace>DD753006-1797-19FB-2460-18BDB0C52331</tableSpace>
<valueList>TO_DATE(&apos; 2013-08-13 00:00:00&apos;, &apos;SYYYY-MM-DD HH24:MI:SS&apos;, &apos;NLS_CALENDAR=GREGORIAN&apos;)</valueList>
</Partition>
<Partition class="oracle.dbtools.crest.model.design.storage.oracle.v11g.PartitionOraclev11g" name="SYS_P10473" id="A0A88045-512A-3179-FC6C-AE85404CD8EB">
<createdBy>mb56142</createdBy>
<createdTime>2013-10-01 02:00:25 UTC</createdTime>
<ownerDesignName>TXEB_BPM_Semantic_data_model_diagram</ownerDesignName>
<dataSegmentCompression>NO</dataSegmentCompression>
<logging>YES</logging>
<position>6</position>
<segment>8C3F3B9C-7F75-8354-C35B-C71CD4BECC53</segment>
<tableSpace>DD753006-1797-19FB-2460-18BDB0C52331</tableSpace>
<valueList>TO_DATE(&apos; 2013-08-14 00:00:00&apos;, &apos;SYYYY-MM-DD HH24:MI:SS&apos;, &apos;NLS_CALENDAR=GREGORIAN&apos;)</valueList>
</Partition>
<Partition class="oracle.dbtools.crest.model.design.storage.oracle.v11g.PartitionOraclev11g" name="SYS_P10474" id="1C4E4DB6-0A80-0110-1310-C73F0D55FFE8">
<createdBy>mb56142</createdBy>
<createdTime>2013-10-01 02:00:26 UTC</createdTime>
<ownerDesignName>TXEB_BPM_Semantic_data_model_diagram</ownerDesignName>
<dataSegmentCompression>NO</dataSegmentCompression>
<logging>YES</logging>
<position>7</position>
<segment>8C3F3B9C-7F75-8354-C35B-C71CD4BECC53</segment>
<tableSpace>DD753006-1797-19FB-2460-18BDB0C52331</tableSpace>
<valueList>TO_DATE(&apos; 2013-08-20 00:00:00&apos;, &apos;SYYYY-MM-DD HH24:MI:SS&apos;, &apos;NLS_CALENDAR=GREGORIAN&apos;)</valueList>
</Partition>
<Partition class="oracle.dbtools.crest.model.design.storage.oracle.v11g.PartitionOraclev11g" name="SYS_P10475" id="7585DD85-68BF-5AA3-8B2C-31BE64ADFCEB">
<createdBy>mb56142</createdBy>
<createdTime>2013-10-01 02:00:26 UTC</createdTime>
<ownerDesignName>TXEB_BPM_Semantic_data_model_diagram</ownerDesignName>
<dataSegmentCompression>NO</dataSegmentCompression>
<logging>YES</logging>
<position>8</position>
<segment>8C3F3B9C-7F75-8354-C35B-C71CD4BECC53</segment>
<tableSpace>DD753006-1797-19FB-2460-18BDB0C52331</tableSpace>
<valueList>TO_DATE(&apos; 2013-08-21 00:00:00&apos;, &apos;SYYYY-MM-DD HH24:MI:SS&apos;, &apos;NLS_CALENDAR=GREGORIAN&apos;)</valueList>
</Partition>
<Partition class="oracle.dbtools.crest.model.design.storage.oracle.v11g.PartitionOraclev11g" name="SYS_P10476" id="ED85693F-22B3-0424-3698-5BCFCA5A001D">
<createdBy>mb56142</createdBy>
<createdTime>2013-10-01 02:00:26 UTC</createdTime>
<ownerDesignName>TXEB_BPM_Semantic_data_model_diagram</ownerDesignName>
<dataSegmentCompression>NO</dataSegmentCompression>
<logging>YES</logging>
<position>9</position>
<segment>8C3F3B9C-7F75-8354-C35B-C71CD4BECC53</segment>
<tableSpace>DD753006-1797-19FB-2460-18BDB0C52331</tableSpace>
<valueList>TO_DATE(&apos; 2013-08-22 00:00:00&apos;, &apos;SYYYY-MM-DD HH24:MI:SS&apos;, &apos;NLS_CALENDAR=GREGORIAN&apos;)</valueList>
</Partition>
<Partition class="oracle.dbtools.crest.model.design.storage.oracle.v11g.PartitionOraclev11g" name="SYS_P10477" id="BF6BD49C-14E4-EE28-5377-44364CB53F8F">
<createdBy>mb56142</createdBy>
<createdTime>2013-10-01 02:00:26 UTC</createdTime>
<ownerDesignName>TXEB_BPM_Semantic_data_model_diagram</ownerDesignName>
<dataSegmentCompression>NO</dataSegmentCompression>
<logging>YES</logging>
<position>10</position>
<segment>8C3F3B9C-7F75-8354-C35B-C71CD4BECC53</segment>
<tableSpace>DD753006-1797-19FB-2460-18BDB0C52331</tableSpace>
<valueList>TO_DATE(&apos; 2013-08-29 00:00:00&apos;, &apos;SYYYY-MM-DD HH24:MI:SS&apos;, &apos;NLS_CALENDAR=GREGORIAN&apos;)</valueList>
</Partition>
<Partition class="oracle.dbtools.crest.model.design.storage.oracle.v11g.PartitionOraclev11g" name="SYS_P10478" id="E54AD4F1-8BAF-1824-7B54-2970538A1F31">
<createdBy>mb56142</createdBy>
<createdTime>2013-10-01 02:00:26 UTC</createdTime>
<ownerDesignName>TXEB_BPM_Semantic_data_model_diagram</ownerDesignName>
<dataSegmentCompression>NO</dataSegmentCompression>
<logging>YES</logging>
<position>11</position>
<segment>8C3F3B9C-7F75-8354-C35B-C71CD4BECC53</segment>
<tableSpace>DD753006-1797-19FB-2460-18BDB0C52331</tableSpace>
<valueList>TO_DATE(&apos; 2013-09-04 00:00:00&apos;, &apos;SYYYY-MM-DD HH24:MI:SS&apos;, &apos;NLS_CALENDAR=GREGORIAN&apos;)</valueList>
</Partition>
<Partition class="oracle.dbtools.crest.model.design.storage.oracle.v11g.PartitionOraclev11g" name="SYS_P10525" id="B9D10FB7-777D-FDA5-9717-A13C2286B0CB">
<createdBy>mb56142</createdBy>
<createdTime>2013-10-01 02:00:26 UTC</createdTime>
<ownerDesignName>TXEB_BPM_Semantic_data_model_diagram</ownerDesignName>
<dataSegmentCompression>NO</dataSegmentCompression>
<logging>YES</logging>
<position>12</position>
<segment>8C3F3B9C-7F75-8354-C35B-C71CD4BECC53</segment>
<tableSpace>DD753006-1797-19FB-2460-18BDB0C52331</tableSpace>
<valueList>TO_DATE(&apos; 2013-09-10 00:00:00&apos;, &apos;SYYYY-MM-DD HH24:MI:SS&apos;, &apos;NLS_CALENDAR=GREGORIAN&apos;)</valueList>
</Partition>
<Partition class="oracle.dbtools.crest.model.design.storage.oracle.v11g.PartitionOraclev11g" name="SYS_P10940" id="7D764ED3-7B68-1066-BE45-038C5B16AB0B">
<createdBy>mb56142</createdBy>
<createdTime>2013-10-01 02:00:26 UTC</createdTime>
<ownerDesignName>TXEB_BPM_Semantic_data_model_diagram</ownerDesignName>
<dataSegmentCompression>NO</dataSegmentCompression>
<logging>YES</logging>
<position>13</position>
<segment>8C3F3B9C-7F75-8354-C35B-C71CD4BECC53</segment>
<tableSpace>DD753006-1797-19FB-2460-18BDB0C52331</tableSpace>
<valueList>TO_DATE(&apos; 2013-09-17 00:00:00&apos;, &apos;SYYYY-MM-DD HH24:MI:SS&apos;, &apos;NLS_CALENDAR=GREGORIAN&apos;)</valueList>
</Partition>
<Partition class="oracle.dbtools.crest.model.design.storage.oracle.v11g.PartitionOraclev11g" name="SYS_P10953" id="17C38FCC-1CFC-2505-0C70-C40DF24851A9">
<createdBy>mb56142</createdBy>
<createdTime>2013-10-01 02:00:26 UTC</createdTime>
<ownerDesignName>TXEB_BPM_Semantic_data_model_diagram</ownerDesignName>
<dataSegmentCompression>NO</dataSegmentCompression>
<logging>YES</logging>
<position>14</position>
<segment>8C3F3B9C-7F75-8354-C35B-C71CD4BECC53</segment>
<tableSpace>DD753006-1797-19FB-2460-18BDB0C52331</tableSpace>
<valueList>TO_DATE(&apos; 2013-09-18 00:00:00&apos;, &apos;SYYYY-MM-DD HH24:MI:SS&apos;, &apos;NLS_CALENDAR=GREGORIAN&apos;)</valueList>
</Partition>
<Partition class="oracle.dbtools.crest.model.design.storage.oracle.v11g.PartitionOraclev11g" name="SYS_P11032" id="209EEA1C-5294-405B-07D1-1EFABD9B9B8E">
<createdBy>mb56142</createdBy>
<createdTime>2013-10-01 02:00:26 UTC</createdTime>
<ownerDesignName>TXEB_BPM_Semantic_data_model_diagram</ownerDesignName>
<dataSegmentCompression>NO</dataSegmentCompression>
<logging>YES</logging>
<position>15</position>
<segment>8C3F3B9C-7F75-8354-C35B-C71CD4BECC53</segment>
<tableSpace>DD753006-1797-19FB-2460-18BDB0C52331</tableSpace>
<valueList>TO_DATE(&apos; 2013-10-01 00:00:00&apos;, &apos;SYYYY-MM-DD HH24:MI:SS&apos;, &apos;NLS_CALENDAR=GREGORIAN&apos;)</valueList>
</Partition>
<Partition class="oracle.dbtools.crest.model.design.storage.oracle.v11g.PartitionOraclev11g" name="SYS_P10470" id="93FD4076-E4D3-076A-B2F1-C65B1D2CF15E">
<createdBy>mb56142</createdBy>
<createdTime>2013-10-01 02:00:26 UTC</createdTime>
<ownerDesignName>TXEB_BPM_Semantic_data_model_diagram</ownerDesignName>
<dataSegmentCompression>NO</dataSegmentCompression>
<logging>YES</logging>
<position>16</position>
<segment>8C3F3B9C-7F75-8354-C35B-C71CD4BECC53</segment>
<tableSpace>DD753006-1797-19FB-2460-18BDB0C52331</tableSpace>
<valueList>TO_DATE(&apos; 2013-11-02 00:00:00&apos;, &apos;SYYYY-MM-DD HH24:MI:SS&apos;, &apos;NLS_CALENDAR=GREGORIAN&apos;)</valueList>
</Partition>
<Partition class="oracle.dbtools.crest.model.design.storage.oracle.v11g.PartitionOraclev11g" name="SYS_P10468" id="B4EACB47-F1BA-F1AC-94F1-AAC9F0E29D9B">
<createdBy>mb56142</createdBy>
<createdTime>2013-10-01 02:00:27 UTC</createdTime>
<ownerDesignName>TXEB_BPM_Semantic_data_model_diagram</ownerDesignName>
<dataSegmentCompression>NO</dataSegmentCompression>
<logging>YES</logging>
<position>17</position>
<segment>8C3F3B9C-7F75-8354-C35B-C71CD4BECC53</segment>
<tableSpace>DD753006-1797-19FB-2460-18BDB0C52331</tableSpace>
<valueList>TO_DATE(&apos; 2013-11-03 00:00:00&apos;, &apos;SYYYY-MM-DD HH24:MI:SS&apos;, &apos;NLS_CALENDAR=GREGORIAN&apos;)</valueList>
</Partition>
</partitions>
<primaryKeys>
<PrimaryKey class="oracle.dbtools.crest.model.design.storage.oracle.v10g.PKProxyOraclev10g" name="FCMORBD_PK" id="C247B67E-37B9-A781-7164-D02E9397168A">
<createdBy>mb56142</createdBy>
<createdTime>2013-10-01 02:00:23 UTC</createdTime>
<ownerDesignName>TXEB_BPM_Semantic_data_model_diagram</ownerDesignName>
<tableSpace>4866B604-BC74-F4A2-CF3C-7AD89845D7C3</tableSpace>
<existingIndex>BF7936C3-23F0-9BF2-46EA-1F532BA6ABE7</existingIndex>
<indexSegment>937DF5B4-A60F-AB71-BC50-0AE3F683B8A1</indexSegment>
<indexSort>SORTED</indexSort>
<usingIndex>BY INDEX NAME</usingIndex>
</PrimaryKey>
</primaryKeys>
</TableProxyOraclev11g>