<?xml version = '1.0' encoding = 'UTF-8'?>
<TableProxyOraclev11g class="oracle.dbtools.crest.model.design.storage.oracle.v11g.TableProxyOraclev11g" name="F_PL_BY_DATE" id="3E07923A-9B55-CE1E-6FC2-6E2BC1621C70" directorySegmentName="seg_0">
<createdBy>mb56142</createdBy>
<createdTime>2013-10-01 01:55:30 UTC</createdTime>
<ownerDesignName>TXEB_BPM_Semantic_data_model_diagram</ownerDesignName>
<logging>YES</logging>
<columnProxies>
<ColumnProxy class="oracle.dbtools.crest.model.design.storage.oracle.v11g.ColumnProxyOraclev11g" name="CREATION_COUNT" id="2EEF6986-9DE0-0DA2-05E3-73646E3454E3">
<createdBy>mb56142</createdBy>
<createdTime>2013-10-01 01:55:30 UTC</createdTime>
<ownerDesignName>TXEB_BPM_Semantic_data_model_diagram</ownerDesignName>
</ColumnProxy>
<ColumnProxy class="oracle.dbtools.crest.model.design.storage.oracle.v11g.ColumnProxyOraclev11g" name="PL_BI_ID" id="590B7ECA-4779-79F7-64F4-AFDE9CD9CFA3">
<createdBy>mb56142</createdBy>
<createdTime>2013-10-01 01:55:30 UTC</createdTime>
<ownerDesignName>TXEB_BPM_Semantic_data_model_diagram</ownerDesignName>
</ColumnProxy>
<ColumnProxy class="oracle.dbtools.crest.model.design.storage.oracle.v11g.ColumnProxyOraclev11g" name="INVENTORY_COUNT" id="60EAA42E-8213-65BA-DCA7-5ED65BA9DFFF">
<createdBy>mb56142</createdBy>
<createdTime>2013-10-01 01:55:30 UTC</createdTime>
<ownerDesignName>TXEB_BPM_Semantic_data_model_diagram</ownerDesignName>
</ColumnProxy>
<ColumnProxy class="oracle.dbtools.crest.model.design.storage.oracle.v11g.ColumnProxyOraclev11g" name="BUCKET_START_DATE" id="6DD6EB03-6557-8B00-B847-4E2983F6D2BB">
<createdBy>mb56142</createdBy>
<createdTime>2013-10-01 01:55:30 UTC</createdTime>
<ownerDesignName>TXEB_BPM_Semantic_data_model_diagram</ownerDesignName>
</ColumnProxy>
<ColumnProxy class="oracle.dbtools.crest.model.design.storage.oracle.v11g.ColumnProxyOraclev11g" name="D_DATE" id="727EA190-6C3A-942D-476D-8A11E8A6737C">
<createdBy>mb56142</createdBy>
<createdTime>2013-10-01 01:55:30 UTC</createdTime>
<ownerDesignName>TXEB_BPM_Semantic_data_model_diagram</ownerDesignName>
</ColumnProxy>
<ColumnProxy class="oracle.dbtools.crest.model.design.storage.oracle.v11g.ColumnProxyOraclev11g" name="BUCKET_END_DATE" id="8826FD71-CB4B-A28F-581E-171C033F1F7D">
<createdBy>mb56142</createdBy>
<createdTime>2013-10-01 01:55:30 UTC</createdTime>
<ownerDesignName>TXEB_BPM_Semantic_data_model_diagram</ownerDesignName>
</ColumnProxy>
<ColumnProxy class="oracle.dbtools.crest.model.design.storage.oracle.v11g.ColumnProxyOraclev11g" name="FPLBD_ID" id="939070CA-113B-9698-19CD-A950C52FC817">
<createdBy>mb56142</createdBy>
<createdTime>2013-10-01 01:55:30 UTC</createdTime>
<ownerDesignName>TXEB_BPM_Semantic_data_model_diagram</ownerDesignName>
</ColumnProxy>
<ColumnProxy class="oracle.dbtools.crest.model.design.storage.oracle.v11g.ColumnProxyOraclev11g" name="LETTER_STATUS_DATE" id="AF701D28-B2BC-FA8E-42D8-07E28D3F01C1">
<createdBy>mb56142</createdBy>
<createdTime>2013-10-01 01:55:30 UTC</createdTime>
<ownerDesignName>TXEB_BPM_Semantic_data_model_diagram</ownerDesignName>
</ColumnProxy>
<ColumnProxy class="oracle.dbtools.crest.model.design.storage.oracle.v11g.ColumnProxyOraclev11g" name="DPLLS_ID" id="EFCFDEA5-4B26-5546-D2DB-ACDD86514C8D">
<createdBy>mb56142</createdBy>
<createdTime>2013-10-01 01:55:30 UTC</createdTime>
<ownerDesignName>TXEB_BPM_Semantic_data_model_diagram</ownerDesignName>
</ColumnProxy>
<ColumnProxy class="oracle.dbtools.crest.model.design.storage.oracle.v11g.ColumnProxyOraclev11g" name="COMPLETION_COUNT" id="FB269046-3269-F8E9-C3D3-5A4E8106B806">
<createdBy>mb56142</createdBy>
<createdTime>2013-10-01 01:55:30 UTC</createdTime>
<ownerDesignName>TXEB_BPM_Semantic_data_model_diagram</ownerDesignName>
</ColumnProxy>
</columnProxies>
<indexProxies>
<IndexProxy class="oracle.dbtools.crest.model.design.storage.oracle.v10g.IndexProxyOraclev10g" name="FPLBD_UIX2" id="49FD795E-8464-AD1E-A71A-C4946FE71C8D">
<createdBy>mb56142</createdBy>
<createdTime>2013-10-01 01:55:30 UTC</createdTime>
<ownerDesignName>TXEB_BPM_Semantic_data_model_diagram</ownerDesignName>
</IndexProxy>
<IndexProxy class="oracle.dbtools.crest.model.design.storage.oracle.v10g.IndexProxyOraclev10g" name="FPLBD_UIX1" id="5B083D75-0E55-69F3-C966-886B45208915">
<createdBy>mb56142</createdBy>
<createdTime>2013-10-01 01:55:30 UTC</createdTime>
<ownerDesignName>TXEB_BPM_Semantic_data_model_diagram</ownerDesignName>
</IndexProxy>
<IndexProxy class="oracle.dbtools.crest.model.design.storage.oracle.v10g.IndexProxyOraclev10g" name="FPLBD_IXL1" id="850B0322-FFC7-5F44-B73B-D64970F65306">
<createdBy>mb56142</createdBy>
<createdTime>2013-10-01 01:55:30 UTC</createdTime>
<ownerDesignName>TXEB_BPM_Semantic_data_model_diagram</ownerDesignName>
</IndexProxy>
</indexProxies>
<foreignKeys>
<ForeignKey class="oracle.dbtools.crest.model.design.storage.oracle.v10g.FKProxyOraclev10g" name="FPLBD_DPLCUR_FK" id="54EFFBE4-0ABD-F9DC-B2E2-B85433EDC554">
<createdBy>mb56142</createdBy>
<createdTime>2013-10-01 01:55:30 UTC</createdTime>
<ownerDesignName>TXEB_BPM_Semantic_data_model_diagram</ownerDesignName>
</ForeignKey>
<ForeignKey class="oracle.dbtools.crest.model.design.storage.oracle.v10g.FKProxyOraclev10g" name="FPLBD_DPLLS_FK" id="A53BB830-E7C5-8A01-9439-86590C073207">
<createdBy>mb56142</createdBy>
<createdTime>2013-10-01 01:55:30 UTC</createdTime>
<ownerDesignName>TXEB_BPM_Semantic_data_model_diagram</ownerDesignName>
</ForeignKey>
</foreignKeys>
<primaryKeys>
<PrimaryKey class="oracle.dbtools.crest.model.design.storage.oracle.v10g.PKProxyOraclev10g" name="FPLBD_PK" id="E29B46D5-F5D3-D0A8-2CF3-1280E323D2EB">
<createdBy>mb56142</createdBy>
<createdTime>2013-10-01 01:55:30 UTC</createdTime>
<ownerDesignName>TXEB_BPM_Semantic_data_model_diagram</ownerDesignName>
<indexSort>SORTED</indexSort>
</PrimaryKey>
</primaryKeys>
</TableProxyOraclev11g>