<?xml version = '1.0' encoding = 'UTF-8'?>
<TableProxyOraclev11g class="oracle.dbtools.crest.model.design.storage.oracle.v11g.TableProxyOraclev11g" name="D_CMOR_CURRENT" id="54E69CBC-AE18-1B89-B708-7BFB612DF2A9" directorySegmentName="seg_0">
<createdBy>mb56142</createdBy>
<createdTime>2013-10-01 01:57:40 UTC</createdTime>
<ownerDesignName>TXEB_BPM_Semantic_data_model_diagram</ownerDesignName>
<logging>YES</logging>
<parallel>YES</parallel>
<partitionedRowMovement>DISABLE</partitionedRowMovement>
<segment>FCF50C23-17AC-DB63-C302-018CEC72ABF5</segment>
<tableSpace>DD753006-1797-19FB-2460-18BDB0C52331</tableSpace>
<columnProxies>
<ColumnProxy class="oracle.dbtools.crest.model.design.storage.oracle.v11g.ColumnProxyOraclev11g" name="RCRD_OUTCOME_TIMELY_STATUS" id="05A3B845-3112-682D-7D0C-7CCB58C9745D">
<createdBy>mb56142</createdBy>
<createdTime>2013-10-01 01:57:50 UTC</createdTime>
<ownerDesignName>TXEB_BPM_Semantic_data_model_diagram</ownerDesignName>
</ColumnProxy>
<ColumnProxy class="oracle.dbtools.crest.model.design.storage.oracle.v11g.ColumnProxyOraclev11g" name="MULTILINGUAL_INDICATOR" id="08FCB4F7-6028-B03A-A0A3-0AEB7211FFF2">
<createdBy>mb56142</createdBy>
<createdTime>2013-10-01 01:57:42 UTC</createdTime>
<ownerDesignName>TXEB_BPM_Semantic_data_model_diagram</ownerDesignName>
</ColumnProxy>
<ColumnProxy class="oracle.dbtools.crest.model.design.storage.oracle.v11g.ColumnProxyOraclev11g" name="RSVP_DEADLINE" id="091F3388-55BA-E0E7-36B8-7CD2EE14C7E8">
<createdBy>mb56142</createdBy>
<createdTime>2013-10-01 01:57:47 UTC</createdTime>
<ownerDesignName>TXEB_BPM_Semantic_data_model_diagram</ownerDesignName>
</ColumnProxy>
<ColumnProxy class="oracle.dbtools.crest.model.design.storage.oracle.v11g.ColumnProxyOraclev11g" name="PLANS_TO_ATTEND" id="0A703A4E-C03A-78C4-CB12-429F8E5BC8FC">
<createdBy>mb56142</createdBy>
<createdTime>2013-10-01 01:57:46 UTC</createdTime>
<ownerDesignName>TXEB_BPM_Semantic_data_model_diagram</ownerDesignName>
</ColumnProxy>
<ColumnProxy class="oracle.dbtools.crest.model.design.storage.oracle.v11g.ColumnProxyOraclev11g" name="SESSION_UPDATED_DT" id="0DE06B2F-6012-1247-53E6-654096C684C2">
<createdBy>mb56142</createdBy>
<createdTime>2013-10-01 01:57:44 UTC</createdTime>
<ownerDesignName>TXEB_BPM_Semantic_data_model_diagram</ownerDesignName>
</ColumnProxy>
<ColumnProxy class="oracle.dbtools.crest.model.design.storage.oracle.v11g.ColumnProxyOraclev11g" name="RECURRING_FREQUENCY" id="144B18D7-8AE7-FD38-3D58-1499B777EB60">
<createdBy>mb56142</createdBy>
<createdTime>2013-10-01 01:57:45 UTC</createdTime>
<ownerDesignName>TXEB_BPM_Semantic_data_model_diagram</ownerDesignName>
</ColumnProxy>
<ColumnProxy class="oracle.dbtools.crest.model.design.storage.oracle.v11g.ColumnProxyOraclev11g" name="SITE_ZIP_CODE" id="151FCFEE-6787-3762-B9AC-887F2F61824D">
<createdBy>mb56142</createdBy>
<createdTime>2013-10-01 01:57:43 UTC</createdTime>
<ownerDesignName>TXEB_BPM_Semantic_data_model_diagram</ownerDesignName>
</ColumnProxy>
<ColumnProxy class="oracle.dbtools.crest.model.design.storage.oracle.v11g.ColumnProxyOraclev11g" name="SITE_COUNTY" id="159085CA-A988-1C68-E0D1-4DE40DEA8565">
<createdBy>mb56142</createdBy>
<createdTime>2013-10-01 01:57:43 UTC</createdTime>
<ownerDesignName>TXEB_BPM_Semantic_data_model_diagram</ownerDesignName>
</ColumnProxy>
<ColumnProxy class="oracle.dbtools.crest.model.design.storage.oracle.v11g.ColumnProxyOraclev11g" name="STAR_EVENT_INDICATOR" id="1647AF67-B212-C83C-B283-6CD26F3761A9">
<createdBy>mb56142</createdBy>
<createdTime>2013-10-01 01:57:47 UTC</createdTime>
<ownerDesignName>TXEB_BPM_Semantic_data_model_diagram</ownerDesignName>
</ColumnProxy>
<ColumnProxy class="oracle.dbtools.crest.model.design.storage.oracle.v11g.ColumnProxyOraclev11g" name="REVIEW_EVENT_PERFORMED_BY" id="17DBD354-DFC3-CF70-ABB9-439617011B2E">
<createdBy>mb56142</createdBy>
<createdTime>2013-10-01 01:57:49 UTC</createdTime>
<ownerDesignName>TXEB_BPM_Semantic_data_model_diagram</ownerDesignName>
</ColumnProxy>
<ColumnProxy class="oracle.dbtools.crest.model.design.storage.oracle.v11g.ColumnProxyOraclev11g" name="PRESENTER_NAME" id="186C70B0-8170-19B2-5D2F-4330BD46DBA8">
<createdBy>mb56142</createdBy>
<createdTime>2013-10-01 01:57:43 UTC</createdTime>
<ownerDesignName>TXEB_BPM_Semantic_data_model_diagram</ownerDesignName>
</ColumnProxy>
<ColumnProxy class="oracle.dbtools.crest.model.design.storage.oracle.v11g.ColumnProxyOraclev11g" name="AGE_IN_CALENDAR_DAYS" id="1ACB444C-C3D6-1E5B-1FA1-1F6067F11B97">
<createdBy>mb56142</createdBy>
<createdTime>2013-10-01 01:57:49 UTC</createdTime>
<ownerDesignName>TXEB_BPM_Semantic_data_model_diagram</ownerDesignName>
</ColumnProxy>
<ColumnProxy class="oracle.dbtools.crest.model.design.storage.oracle.v11g.ColumnProxyOraclev11g" name="ALL_PLANS_INVITED_INDICATOR" id="1C4EA398-4C17-C1C0-3BD0-9AB48AEC34E4">
<createdBy>mb56142</createdBy>
<createdTime>2013-10-01 01:57:46 UTC</createdTime>
<ownerDesignName>TXEB_BPM_Semantic_data_model_diagram</ownerDesignName>
</ColumnProxy>
<ColumnProxy class="oracle.dbtools.crest.model.design.storage.oracle.v11g.ColumnProxyOraclev11g" name="TRAVEL_TIME" id="1CBE1E87-126E-DE94-CC89-A03A2B241CAE">
<createdBy>mb56142</createdBy>
<createdTime>2013-10-01 01:57:43 UTC</createdTime>
<ownerDesignName>TXEB_BPM_Semantic_data_model_diagram</ownerDesignName>
</ColumnProxy>
<ColumnProxy class="oracle.dbtools.crest.model.design.storage.oracle.v11g.ColumnProxyOraclev11g" name="SESSION_CREATED_BY" id="2DC3D511-4057-067E-DD78-5CAA5BA7C25E">
<createdBy>mb56142</createdBy>
<createdTime>2013-10-01 01:57:41 UTC</createdTime>
<ownerDesignName>TXEB_BPM_Semantic_data_model_diagram</ownerDesignName>
</ColumnProxy>
<ColumnProxy class="oracle.dbtools.crest.model.design.storage.oracle.v11g.ColumnProxyOraclev11g" name="WAIT_FOR_EVENT_START_DATE" id="2F64E325-2D6E-28A6-99BD-AC1FE125CB6A">
<createdBy>mb56142</createdBy>
<createdTime>2013-10-01 01:57:49 UTC</createdTime>
<ownerDesignName>TXEB_BPM_Semantic_data_model_diagram</ownerDesignName>
</ColumnProxy>
<ColumnProxy class="oracle.dbtools.crest.model.design.storage.oracle.v11g.ColumnProxyOraclev11g" name="RESCHEDULE_INDICATOR" id="31B15C6C-109E-E7FE-D6FB-AECCF18924F8">
<createdBy>mb56142</createdBy>
<createdTime>2013-10-01 01:57:44 UTC</createdTime>
<ownerDesignName>TXEB_BPM_Semantic_data_model_diagram</ownerDesignName>
</ColumnProxy>
<ColumnProxy class="oracle.dbtools.crest.model.design.storage.oracle.v11g.ColumnProxyOraclev11g" name="DETAILS_SURVEY_ID" id="35E7CB58-1693-1A41-4060-90DC78169739">
<createdBy>mb56142</createdBy>
<createdTime>2013-10-01 01:57:45 UTC</createdTime>
<ownerDesignName>TXEB_BPM_Semantic_data_model_diagram</ownerDesignName>
</ColumnProxy>
<ColumnProxy class="oracle.dbtools.crest.model.design.storage.oracle.v11g.ColumnProxyOraclev11g" name="SESSION_CREATE_DATE" id="3884EE4D-00FC-C4FE-EADC-CFFD311F7C61">
<createdBy>mb56142</createdBy>
<createdTime>2013-10-01 01:57:41 UTC</createdTime>
<ownerDesignName>TXEB_BPM_Semantic_data_model_diagram</ownerDesignName>
</ColumnProxy>
<ColumnProxy class="oracle.dbtools.crest.model.design.storage.oracle.v11g.ColumnProxyOraclev11g" name="SCHOOL_AGED_FAMILIES_INDICATOR" id="4010087D-D789-7434-16A0-00654D90575C">
<createdBy>mb56142</createdBy>
<createdTime>2013-10-01 01:57:46 UTC</createdTime>
<ownerDesignName>TXEB_BPM_Semantic_data_model_diagram</ownerDesignName>
</ColumnProxy>
<ColumnProxy class="oracle.dbtools.crest.model.design.storage.oracle.v11g.ColumnProxyOraclev11g" name="OUTREACH_SESSION_ID" id="434B9DE7-B800-C72F-C5BB-E51F10B71A13">
<createdBy>mb56142</createdBy>
<createdTime>2013-10-01 01:57:41 UTC</createdTime>
<ownerDesignName>TXEB_BPM_Semantic_data_model_diagram</ownerDesignName>
</ColumnProxy>
<ColumnProxy class="oracle.dbtools.crest.model.design.storage.oracle.v11g.ColumnProxyOraclev11g" name="CMOR_BI_ID" id="47FD1B99-9C8F-76E9-1FEE-D6E2D362E262">
<createdBy>mb56142</createdBy>
<createdTime>2013-10-01 01:57:41 UTC</createdTime>
<ownerDesignName>TXEB_BPM_Semantic_data_model_diagram</ownerDesignName>
</ColumnProxy>
<ColumnProxy class="oracle.dbtools.crest.model.design.storage.oracle.v11g.ColumnProxyOraclev11g" name="REVIEW_EVENT_END_DATE" id="4E74B06D-FA94-88A5-49C0-8AA97A1D4263">
<createdBy>mb56142</createdBy>
<createdTime>2013-10-01 01:57:48 UTC</createdTime>
<ownerDesignName>TXEB_BPM_Semantic_data_model_diagram</ownerDesignName>
</ColumnProxy>
<ColumnProxy class="oracle.dbtools.crest.model.design.storage.oracle.v11g.ColumnProxyOraclev11g" name="DURATION" id="4FE0AFD5-F583-5020-FB85-8328FA5EE00F">
<createdBy>mb56142</createdBy>
<createdTime>2013-10-01 01:57:50 UTC</createdTime>
<ownerDesignName>TXEB_BPM_Semantic_data_model_diagram</ownerDesignName>
</ColumnProxy>
<ColumnProxy class="oracle.dbtools.crest.model.design.storage.oracle.v11g.ColumnProxyOraclev11g" name="REQUEST_DATE" id="50BD99FB-D30C-21F7-5F72-112DEE59CD9E">
<createdBy>mb56142</createdBy>
<createdTime>2013-10-01 01:57:41 UTC</createdTime>
<ownerDesignName>TXEB_BPM_Semantic_data_model_diagram</ownerDesignName>
</ColumnProxy>
<ColumnProxy class="oracle.dbtools.crest.model.design.storage.oracle.v11g.ColumnProxyOraclev11g" name="WAIT_FOR_EVENT_END_DATE" id="5134F181-8E97-00CD-37FA-3358434F83EB">
<createdBy>mb56142</createdBy>
<createdTime>2013-10-01 01:57:49 UTC</createdTime>
<ownerDesignName>TXEB_BPM_Semantic_data_model_diagram</ownerDesignName>
</ColumnProxy>
<ColumnProxy class="oracle.dbtools.crest.model.design.storage.oracle.v11g.ColumnProxyOraclev11g" name="PLAN_RSVP_INDICATOR" id="536F473D-AE01-ACE9-425C-FA7C9BFD07A8">
<createdBy>mb56142</createdBy>
<createdTime>2013-10-01 01:57:47 UTC</createdTime>
<ownerDesignName>TXEB_BPM_Semantic_data_model_diagram</ownerDesignName>
</ColumnProxy>
<ColumnProxy class="oracle.dbtools.crest.model.design.storage.oracle.v11g.ColumnProxyOraclev11g" name="REQUESTED_BY" id="565580A2-51B8-0C79-9237-2C88EEA37183">
<createdBy>mb56142</createdBy>
<createdTime>2013-10-01 01:57:41 UTC</createdTime>
<ownerDesignName>TXEB_BPM_Semantic_data_model_diagram</ownerDesignName>
</ColumnProxy>
<ColumnProxy class="oracle.dbtools.crest.model.design.storage.oracle.v11g.ColumnProxyOraclev11g" name="SITE_ID" id="5867D0A1-F8C1-9ACC-A42E-14CFA6377CC2">
<createdBy>mb56142</createdBy>
<createdTime>2013-10-01 01:57:43 UTC</createdTime>
<ownerDesignName>TXEB_BPM_Semantic_data_model_diagram</ownerDesignName>
</ColumnProxy>
<ColumnProxy class="oracle.dbtools.crest.model.design.storage.oracle.v11g.ColumnProxyOraclev11g" name="EVENT_DATE" id="5991BA51-C8FB-CA3B-8630-8138B003BEA7">
<createdBy>mb56142</createdBy>
<createdTime>2013-10-01 01:57:42 UTC</createdTime>
<ownerDesignName>TXEB_BPM_Semantic_data_model_diagram</ownerDesignName>
</ColumnProxy>
<ColumnProxy class="oracle.dbtools.crest.model.design.storage.oracle.v11g.ColumnProxyOraclev11g" name="STAR_INVITED_INDICATOR" id="5C1F25A9-DD78-C9F5-9C6A-EDC8B6441DA6">
<createdBy>mb56142</createdBy>
<createdTime>2013-10-01 01:57:46 UTC</createdTime>
<ownerDesignName>TXEB_BPM_Semantic_data_model_diagram</ownerDesignName>
</ColumnProxy>
<ColumnProxy class="oracle.dbtools.crest.model.design.storage.oracle.v11g.ColumnProxyOraclev11g" name="DENTAL_EVENT_INDICATOR" id="5D016E5B-B019-A553-9631-6A854A5EDA4E">
<createdBy>mb56142</createdBy>
<createdTime>2013-10-01 01:57:48 UTC</createdTime>
<ownerDesignName>TXEB_BPM_Semantic_data_model_diagram</ownerDesignName>
</ColumnProxy>
<ColumnProxy class="oracle.dbtools.crest.model.design.storage.oracle.v11g.ColumnProxyOraclev11g" name="LANGUAGES_SUPPORTED" id="5F35C09F-4139-C9BF-AA34-2CF1B082AFCC">
<createdBy>mb56142</createdBy>
<createdTime>2013-10-01 01:57:45 UTC</createdTime>
<ownerDesignName>TXEB_BPM_Semantic_data_model_diagram</ownerDesignName>
</ColumnProxy>
<ColumnProxy class="oracle.dbtools.crest.model.design.storage.oracle.v11g.ColumnProxyOraclev11g" name="MIGRANTS_INDICATOR" id="60AD1BD4-DCD4-328C-C7AF-D19E2D1D8EE6">
<createdBy>mb56142</createdBy>
<createdTime>2013-10-01 01:57:46 UTC</createdTime>
<ownerDesignName>TXEB_BPM_Semantic_data_model_diagram</ownerDesignName>
</ColumnProxy>
<ColumnProxy class="oracle.dbtools.crest.model.design.storage.oracle.v11g.ColumnProxyOraclev11g" name="PLAN_SPONSORED_INDICATOR" id="65E11811-3EA8-68E0-990F-1D98F535E147">
<createdBy>mb56142</createdBy>
<createdTime>2013-10-01 01:57:47 UTC</createdTime>
<ownerDesignName>TXEB_BPM_Semantic_data_model_diagram</ownerDesignName>
</ColumnProxy>
<ColumnProxy class="oracle.dbtools.crest.model.design.storage.oracle.v11g.ColumnProxyOraclev11g" name="SURVEY_COMMENTS" id="6D7684B9-E490-AAC6-838F-1BECD9367A79">
<createdBy>mb56142</createdBy>
<createdTime>2013-10-01 01:57:48 UTC</createdTime>
<ownerDesignName>TXEB_BPM_Semantic_data_model_diagram</ownerDesignName>
</ColumnProxy>
<ColumnProxy class="oracle.dbtools.crest.model.design.storage.oracle.v11g.ColumnProxyOraclev11g" name="GROUP_INDIVIDUAL_INDICATOR" id="74B79937-3AE9-E49C-FD22-0E7B82137369">
<createdBy>mb56142</createdBy>
<createdTime>2013-10-01 01:57:42 UTC</createdTime>
<ownerDesignName>TXEB_BPM_Semantic_data_model_diagram</ownerDesignName>
</ColumnProxy>
<ColumnProxy class="oracle.dbtools.crest.model.design.storage.oracle.v11g.ColumnProxyOraclev11g" name="ALTERNATIVE_DATE_3" id="7875B803-F674-84FC-B7CC-A5AF03684FB5">
<createdBy>mb56142</createdBy>
<createdTime>2013-10-01 01:57:42 UTC</createdTime>
<ownerDesignName>TXEB_BPM_Semantic_data_model_diagram</ownerDesignName>
</ColumnProxy>
<ColumnProxy class="oracle.dbtools.crest.model.design.storage.oracle.v11g.ColumnProxyOraclev11g" name="SESSION_START_TIME" id="797FA944-FBA2-40AA-AC0F-5343AF26136E">
<createdBy>mb56142</createdBy>
<createdTime>2013-10-01 01:57:45 UTC</createdTime>
<ownerDesignName>TXEB_BPM_Semantic_data_model_diagram</ownerDesignName>
</ColumnProxy>
<ColumnProxy class="oracle.dbtools.crest.model.design.storage.oracle.v11g.ColumnProxyOraclev11g" name="EVENT_RECEIVED_FROM" id="7CD08A46-0FC3-AEDB-AFF1-1B0B6206FF73">
<createdBy>mb56142</createdBy>
<createdTime>2013-10-01 01:57:45 UTC</createdTime>
<ownerDesignName>TXEB_BPM_Semantic_data_model_diagram</ownerDesignName>
</ColumnProxy>
<ColumnProxy class="oracle.dbtools.crest.model.design.storage.oracle.v11g.ColumnProxyOraclev11g" name="EVENT_TYPE" id="7D2995D2-0022-EE45-45BB-F5C6A5027915">
<createdBy>mb56142</createdBy>
<createdTime>2013-10-01 01:57:41 UTC</createdTime>
<ownerDesignName>TXEB_BPM_Semantic_data_model_diagram</ownerDesignName>
</ColumnProxy>
<ColumnProxy class="oracle.dbtools.crest.model.design.storage.oracle.v11g.ColumnProxyOraclev11g" name="REVIEW_TIMELINESS_STATUS" id="80C2EB7E-4E93-2949-7B2A-8E122D8AC94D">
<createdBy>mb56142</createdBy>
<createdTime>2013-10-01 01:57:50 UTC</createdTime>
<ownerDesignName>TXEB_BPM_Semantic_data_model_diagram</ownerDesignName>
</ColumnProxy>
<ColumnProxy class="oracle.dbtools.crest.model.design.storage.oracle.v11g.ColumnProxyOraclev11g" name="DENTAL_INVITED_INDICATOR" id="82142AC9-CD2D-640F-A321-64EC7DB1D2CA">
<createdBy>mb56142</createdBy>
<createdTime>2013-10-01 01:57:47 UTC</createdTime>
<ownerDesignName>TXEB_BPM_Semantic_data_model_diagram</ownerDesignName>
</ColumnProxy>
<ColumnProxy class="oracle.dbtools.crest.model.design.storage.oracle.v11g.ColumnProxyOraclev11g" name="SITE_STATE" id="866BAC5A-0475-9577-4B0B-3975155A398D">
<createdBy>mb56142</createdBy>
<createdTime>2013-10-01 01:57:43 UTC</createdTime>
<ownerDesignName>TXEB_BPM_Semantic_data_model_diagram</ownerDesignName>
</ColumnProxy>
<ColumnProxy class="oracle.dbtools.crest.model.design.storage.oracle.v11g.ColumnProxyOraclev11g" name="SITE_LANGUAGE" id="89B490B8-A901-496F-3123-AAE8B47A57CA">
<createdBy>mb56142</createdBy>
<createdTime>2013-10-01 01:57:43 UTC</createdTime>
<ownerDesignName>TXEB_BPM_Semantic_data_model_diagram</ownerDesignName>
</ColumnProxy>
<ColumnProxy class="oracle.dbtools.crest.model.design.storage.oracle.v11g.ColumnProxyOraclev11g" name="CANCEL_BY" id="89E43AF0-A54D-7CB9-8FFD-F2D678905291">
<createdBy>mb56142</createdBy>
<createdTime>2013-10-01 01:57:48 UTC</createdTime>
<ownerDesignName>TXEB_BPM_Semantic_data_model_diagram</ownerDesignName>
</ColumnProxy>
<ColumnProxy class="oracle.dbtools.crest.model.design.storage.oracle.v11g.ColumnProxyOraclev11g" name="AGE_IN_BUSINESS_DAYS" id="8AEE65B1-C9CA-916E-7E27-809930AECBB6">
<createdBy>mb56142</createdBy>
<createdTime>2013-10-01 01:57:49 UTC</createdTime>
<ownerDesignName>TXEB_BPM_Semantic_data_model_diagram</ownerDesignName>
</ColumnProxy>
<ColumnProxy class="oracle.dbtools.crest.model.design.storage.oracle.v11g.ColumnProxyOraclev11g" name="ALTERNATIVE_DATE_2" id="8BC3B753-03F4-0572-89E8-4D0D427D6F35">
<createdBy>mb56142</createdBy>
<createdTime>2013-10-01 01:57:42 UTC</createdTime>
<ownerDesignName>TXEB_BPM_Semantic_data_model_diagram</ownerDesignName>
</ColumnProxy>
<ColumnProxy class="oracle.dbtools.crest.model.design.storage.oracle.v11g.ColumnProxyOraclev11g" name="RECORD_OUTCOME_PERFORMED_BY" id="8BC9CEB3-62FD-D8E3-66DB-FADCFC3225BB">
<createdBy>mb56142</createdBy>
<createdTime>2013-10-01 01:57:49 UTC</createdTime>
<ownerDesignName>TXEB_BPM_Semantic_data_model_diagram</ownerDesignName>
</ColumnProxy>
<ColumnProxy class="oracle.dbtools.crest.model.design.storage.oracle.v11g.ColumnProxyOraclev11g" name="SITE_NAME" id="8D64BE86-4CA5-0A6B-AC6E-46CDD7E36DB7">
<createdBy>mb56142</createdBy>
<createdTime>2013-10-01 01:57:44 UTC</createdTime>
<ownerDesignName>TXEB_BPM_Semantic_data_model_diagram</ownerDesignName>
</ColumnProxy>
<ColumnProxy class="oracle.dbtools.crest.model.design.storage.oracle.v11g.ColumnProxyOraclev11g" name="RECURRING_GROUP_ID" id="905FE0D2-6872-146D-3CD9-362B9047A07A">
<createdBy>mb56142</createdBy>
<createdTime>2013-10-01 01:57:44 UTC</createdTime>
<ownerDesignName>TXEB_BPM_Semantic_data_model_diagram</ownerDesignName>
</ColumnProxy>
<ColumnProxy class="oracle.dbtools.crest.model.design.storage.oracle.v11g.ColumnProxyOraclev11g" name="SITE_SERVICE_AREA" id="910F1FC1-EBEF-00E9-62B4-F91952357ED9">
<createdBy>mb56142</createdBy>
<createdTime>2013-10-01 01:57:44 UTC</createdTime>
<ownerDesignName>TXEB_BPM_Semantic_data_model_diagram</ownerDesignName>
</ColumnProxy>
<ColumnProxy class="oracle.dbtools.crest.model.design.storage.oracle.v11g.ColumnProxyOraclev11g" name="GENERAL_PUBLIC_INDICATOR" id="92BED041-1A63-C9AC-E357-AFC43AE0316B">
<createdBy>mb56142</createdBy>
<createdTime>2013-10-01 01:57:46 UTC</createdTime>
<ownerDesignName>TXEB_BPM_Semantic_data_model_diagram</ownerDesignName>
</ColumnProxy>
<ColumnProxy class="oracle.dbtools.crest.model.design.storage.oracle.v11g.ColumnProxyOraclev11g" name="NORTHSTAR_INVITED_INDICATOR" id="96B3B344-9390-D0E0-0C65-D45234540986">
<createdBy>mb56142</createdBy>
<createdTime>2013-10-01 01:57:47 UTC</createdTime>
<ownerDesignName>TXEB_BPM_Semantic_data_model_diagram</ownerDesignName>
</ColumnProxy>
<ColumnProxy class="oracle.dbtools.crest.model.design.storage.oracle.v11g.ColumnProxyOraclev11g" name="STARPLUS_INVITED_INDICATOR" id="977C2A05-9C25-17F0-F6C9-42D6F803CB33">
<createdBy>mb56142</createdBy>
<createdTime>2013-10-01 01:57:47 UTC</createdTime>
<ownerDesignName>TXEB_BPM_Semantic_data_model_diagram</ownerDesignName>
</ColumnProxy>
<ColumnProxy class="oracle.dbtools.crest.model.design.storage.oracle.v11g.ColumnProxyOraclev11g" name="OTHER_GROUPS_INDICATOR" id="99923802-0B12-9986-711D-1AF5EE0598C2">
<createdBy>mb56142</createdBy>
<createdTime>2013-10-01 01:57:46 UTC</createdTime>
<ownerDesignName>TXEB_BPM_Semantic_data_model_diagram</ownerDesignName>
</ColumnProxy>
<ColumnProxy class="oracle.dbtools.crest.model.design.storage.oracle.v11g.ColumnProxyOraclev11g" name="EVENT_RECEIVED_VIA" id="9C280680-ADAB-3B60-4298-962791564B53">
<createdBy>mb56142</createdBy>
<createdTime>2013-10-01 01:57:46 UTC</createdTime>
<ownerDesignName>TXEB_BPM_Semantic_data_model_diagram</ownerDesignName>
</ColumnProxy>
<ColumnProxy class="oracle.dbtools.crest.model.design.storage.oracle.v11g.ColumnProxyOraclev11g" name="ALTERNATIVE_DATE_1" id="9FB7225D-C7CF-728B-380B-48FE113B32D8">
<createdBy>mb56142</createdBy>
<createdTime>2013-10-01 01:57:42 UTC</createdTime>
<ownerDesignName>TXEB_BPM_Semantic_data_model_diagram</ownerDesignName>
</ColumnProxy>
<ColumnProxy class="oracle.dbtools.crest.model.design.storage.oracle.v11g.ColumnProxyOraclev11g" name="SESSION_END_TIME" id="A020F06D-6653-BA1E-C2C8-EA9893FEBA18">
<createdBy>mb56142</createdBy>
<createdTime>2013-10-01 01:57:45 UTC</createdTime>
<ownerDesignName>TXEB_BPM_Semantic_data_model_diagram</ownerDesignName>
</ColumnProxy>
<ColumnProxy class="oracle.dbtools.crest.model.design.storage.oracle.v11g.ColumnProxyOraclev11g" name="RESTRICTED_TO_AGENCY_INDICATOR" id="A1E5B59A-C727-6F93-1B09-F81E489A07ED">
<createdBy>mb56142</createdBy>
<createdTime>2013-10-01 01:57:46 UTC</createdTime>
<ownerDesignName>TXEB_BPM_Semantic_data_model_diagram</ownerDesignName>
</ColumnProxy>
<ColumnProxy class="oracle.dbtools.crest.model.design.storage.oracle.v11g.ColumnProxyOraclev11g" name="JEOPARDY_FLAG" id="A4D9EF6C-E6F3-85F8-FAA0-6F1B895DA4DC">
<createdBy>mb56142</createdBy>
<createdTime>2013-10-01 01:57:50 UTC</createdTime>
<ownerDesignName>TXEB_BPM_Semantic_data_model_diagram</ownerDesignName>
</ColumnProxy>
<ColumnProxy class="oracle.dbtools.crest.model.design.storage.oracle.v11g.ColumnProxyOraclev11g" name="INSTANCE_STATUS" id="A5741C11-331A-1967-76BB-43A29C6E1430">
<createdBy>mb56142</createdBy>
<createdTime>2013-10-01 01:57:48 UTC</createdTime>
<ownerDesignName>TXEB_BPM_Semantic_data_model_diagram</ownerDesignName>
</ColumnProxy>
<ColumnProxy class="oracle.dbtools.crest.model.design.storage.oracle.v11g.ColumnProxyOraclev11g" name="NORTHSTAR_EVENT_INDICATOR" id="A9E027E6-B08E-3E3C-C06E-EF1B153219B1">
<createdBy>mb56142</createdBy>
<createdTime>2013-10-01 01:57:47 UTC</createdTime>
<ownerDesignName>TXEB_BPM_Semantic_data_model_diagram</ownerDesignName>
</ColumnProxy>
<ColumnProxy class="oracle.dbtools.crest.model.design.storage.oracle.v11g.ColumnProxyOraclev11g" name="REVIEW_EVENT_START_DATE" id="AB118BCB-AB58-6132-A101-D08978FF3AFA">
<createdBy>mb56142</createdBy>
<createdTime>2013-10-01 01:57:48 UTC</createdTime>
<ownerDesignName>TXEB_BPM_Semantic_data_model_diagram</ownerDesignName>
</ColumnProxy>
<ColumnProxy class="oracle.dbtools.crest.model.design.storage.oracle.v11g.ColumnProxyOraclev11g" name="PREPARATION_TIME" id="ABDEEFB3-5E2A-4A1A-35F7-E580C8CC12DF">
<createdBy>mb56142</createdBy>
<createdTime>2013-10-01 01:57:43 UTC</createdTime>
<ownerDesignName>TXEB_BPM_Semantic_data_model_diagram</ownerDesignName>
</ColumnProxy>
<ColumnProxy class="oracle.dbtools.crest.model.design.storage.oracle.v11g.ColumnProxyOraclev11g" name="SENIORS_INDICATOR" id="AE09237E-97FC-4A67-6D27-6D6FD556761E">
<createdBy>mb56142</createdBy>
<createdTime>2013-10-01 01:57:46 UTC</createdTime>
<ownerDesignName>TXEB_BPM_Semantic_data_model_diagram</ownerDesignName>
</ColumnProxy>
<ColumnProxy class="oracle.dbtools.crest.model.design.storage.oracle.v11g.ColumnProxyOraclev11g" name="REQUEST_METHOD" id="B0965952-F6E8-6A8F-BF2A-C8118AD885D5">
<createdBy>mb56142</createdBy>
<createdTime>2013-10-01 01:57:41 UTC</createdTime>
<ownerDesignName>TXEB_BPM_Semantic_data_model_diagram</ownerDesignName>
</ColumnProxy>
<ColumnProxy class="oracle.dbtools.crest.model.design.storage.oracle.v11g.ColumnProxyOraclev11g" name="PREGNANT_WOMEN_TEENS_INDICATOR" id="B1C6787A-9F73-6403-1552-EE93CFBD07B6">
<createdBy>mb56142</createdBy>
<createdTime>2013-10-01 01:57:46 UTC</createdTime>
<ownerDesignName>TXEB_BPM_Semantic_data_model_diagram</ownerDesignName>
</ColumnProxy>
<ColumnProxy class="oracle.dbtools.crest.model.design.storage.oracle.v11g.ColumnProxyOraclev11g" name="SITE_CITY" id="B75B2BBA-515A-2910-BB2A-99C8EA1BE182">
<createdBy>mb56142</createdBy>
<createdTime>2013-10-01 01:57:43 UTC</createdTime>
<ownerDesignName>TXEB_BPM_Semantic_data_model_diagram</ownerDesignName>
</ColumnProxy>
<ColumnProxy class="oracle.dbtools.crest.model.design.storage.oracle.v11g.ColumnProxyOraclev11g" name="SESSION_STATUS_DATE" id="BAAC90F6-2608-4B98-2F9F-F5317ACA9F3B">
<createdBy>mb56142</createdBy>
<createdTime>2013-10-01 01:57:42 UTC</createdTime>
<ownerDesignName>TXEB_BPM_Semantic_data_model_diagram</ownerDesignName>
</ColumnProxy>
<ColumnProxy class="oracle.dbtools.crest.model.design.storage.oracle.v11g.ColumnProxyOraclev11g" name="PUBLISH_TO_CAL_TIMELY_STATUS" id="BE440075-04E2-5CEB-5A11-F9D5E023DF16">
<createdBy>mb56142</createdBy>
<createdTime>2013-10-01 01:57:50 UTC</createdTime>
<ownerDesignName>TXEB_BPM_Semantic_data_model_diagram</ownerDesignName>
</ColumnProxy>
<ColumnProxy class="oracle.dbtools.crest.model.design.storage.oracle.v11g.ColumnProxyOraclev11g" name="SESSION_UPDATED_BY" id="C4ED8CE8-9241-171A-72C7-FA071B00E2A4">
<createdBy>mb56142</createdBy>
<createdTime>2013-10-01 01:57:44 UTC</createdTime>
<ownerDesignName>TXEB_BPM_Semantic_data_model_diagram</ownerDesignName>
</ColumnProxy>
<ColumnProxy class="oracle.dbtools.crest.model.design.storage.oracle.v11g.ColumnProxyOraclev11g" name="RECORD_OUTCOME_END_DATE" id="C88BB9DD-0F29-B857-3F06-F6AFF7E1B5DD">
<createdBy>mb56142</createdBy>
<createdTime>2013-10-01 01:57:49 UTC</createdTime>
<ownerDesignName>TXEB_BPM_Semantic_data_model_diagram</ownerDesignName>
</ColumnProxy>
<ColumnProxy class="oracle.dbtools.crest.model.design.storage.oracle.v11g.ColumnProxyOraclev11g" name="CANCEL_DATE" id="C923D945-FDFB-D84A-0037-66C55E104F8C">
<createdBy>mb56142</createdBy>
<createdTime>2013-10-01 01:57:48 UTC</createdTime>
<ownerDesignName>TXEB_BPM_Semantic_data_model_diagram</ownerDesignName>
</ColumnProxy>
<ColumnProxy class="oracle.dbtools.crest.model.design.storage.oracle.v11g.ColumnProxyOraclev11g" name="CANCEL_METHOD" id="CAB60302-C5E0-6960-EF4B-0FAF963E6E54">
<createdBy>mb56142</createdBy>
<createdTime>2013-10-01 01:57:48 UTC</createdTime>
<ownerDesignName>TXEB_BPM_Semantic_data_model_diagram</ownerDesignName>
</ColumnProxy>
<ColumnProxy class="oracle.dbtools.crest.model.design.storage.oracle.v11g.ColumnProxyOraclev11g" name="CUR_SESSION_STATUS" id="CB3D9400-3F9B-1FEC-5AA7-34E31858F461">
<createdBy>mb56142</createdBy>
<createdTime>2013-10-01 01:57:42 UTC</createdTime>
<ownerDesignName>TXEB_BPM_Semantic_data_model_diagram</ownerDesignName>
</ColumnProxy>
<ColumnProxy class="oracle.dbtools.crest.model.design.storage.oracle.v11g.ColumnProxyOraclev11g" name="SITE_TYPE" id="CBB7E3A9-1884-29E6-E9E2-712352ED5906">
<createdBy>mb56142</createdBy>
<createdTime>2013-10-01 01:57:43 UTC</createdTime>
<ownerDesignName>TXEB_BPM_Semantic_data_model_diagram</ownerDesignName>
</ColumnProxy>
<ColumnProxy class="oracle.dbtools.crest.model.design.storage.oracle.v11g.ColumnProxyOraclev11g" name="OUTREACH_CYCLE_TIME" id="CBEE24A1-7FC5-EF0C-9EAE-2DFB25246CB3">
<createdBy>mb56142</createdBy>
<createdTime>2013-10-01 01:57:49 UTC</createdTime>
<ownerDesignName>TXEB_BPM_Semantic_data_model_diagram</ownerDesignName>
</ColumnProxy>
<ColumnProxy class="oracle.dbtools.crest.model.design.storage.oracle.v11g.ColumnProxyOraclev11g" name="CONTACT_NAME" id="CC68BE70-4816-6A6A-7E9E-39741865990F">
<createdBy>mb56142</createdBy>
<createdTime>2013-10-01 01:57:44 UTC</createdTime>
<ownerDesignName>TXEB_BPM_Semantic_data_model_diagram</ownerDesignName>
</ColumnProxy>
<ColumnProxy class="oracle.dbtools.crest.model.design.storage.oracle.v11g.ColumnProxyOraclev11g" name="SITE_CAPACITY" id="D11C407C-13F9-B3C6-CDE9-31AE7AD89476">
<createdBy>mb56142</createdBy>
<createdTime>2013-10-01 01:57:44 UTC</createdTime>
<ownerDesignName>TXEB_BPM_Semantic_data_model_diagram</ownerDesignName>
</ColumnProxy>
<ColumnProxy class="oracle.dbtools.crest.model.design.storage.oracle.v11g.ColumnProxyOraclev11g" name="CLIENT_REG_REQ_INDICATOR" id="D3399E66-E9B4-3022-2768-AA9E952ABE68">
<createdBy>mb56142</createdBy>
<createdTime>2013-10-01 01:57:45 UTC</createdTime>
<ownerDesignName>TXEB_BPM_Semantic_data_model_diagram</ownerDesignName>
</ColumnProxy>
<ColumnProxy class="oracle.dbtools.crest.model.design.storage.oracle.v11g.ColumnProxyOraclev11g" name="ESTIMATED_ATTENDEES" id="D38D8134-5976-E4A3-3565-C501DCC80730">
<createdBy>mb56142</createdBy>
<createdTime>2013-10-01 01:57:42 UTC</createdTime>
<ownerDesignName>TXEB_BPM_Semantic_data_model_diagram</ownerDesignName>
</ColumnProxy>
<ColumnProxy class="oracle.dbtools.crest.model.design.storage.oracle.v11g.ColumnProxyOraclev11g" name="RECORD_OUTCOME_START_DATE" id="DAAE8D88-B290-2965-B6EA-C60B8C7E58D8">
<createdBy>mb56142</createdBy>
<createdTime>2013-10-01 01:57:49 UTC</createdTime>
<ownerDesignName>TXEB_BPM_Semantic_data_model_diagram</ownerDesignName>
</ColumnProxy>
<ColumnProxy class="oracle.dbtools.crest.model.design.storage.oracle.v11g.ColumnProxyOraclev11g" name="SITE_STATUS" id="DB92B6C5-8074-9D46-B184-A567DF1F0AB7">
<createdBy>mb56142</createdBy>
<createdTime>2013-10-01 01:57:44 UTC</createdTime>
<ownerDesignName>TXEB_BPM_Semantic_data_model_diagram</ownerDesignName>
</ColumnProxy>
<ColumnProxy class="oracle.dbtools.crest.model.design.storage.oracle.v11g.ColumnProxyOraclev11g" name="CANCEL_REASON" id="E201520F-3D8A-3B56-EEC5-AC00B2BF7C13">
<createdBy>mb56142</createdBy>
<createdTime>2013-10-01 01:57:48 UTC</createdTime>
<ownerDesignName>TXEB_BPM_Semantic_data_model_diagram</ownerDesignName>
</ColumnProxy>
<ColumnProxy class="oracle.dbtools.crest.model.design.storage.oracle.v11g.ColumnProxyOraclev11g" name="SURVEY_NAME" id="E60F503E-58AC-1DF5-60AF-77F2A69DAD05">
<createdBy>mb56142</createdBy>
<createdTime>2013-10-01 01:57:45 UTC</createdTime>
<ownerDesignName>TXEB_BPM_Semantic_data_model_diagram</ownerDesignName>
</ColumnProxy>
<ColumnProxy class="oracle.dbtools.crest.model.design.storage.oracle.v11g.ColumnProxyOraclev11g" name="PUBLIC_ALLOWED_INDICATOR" id="E7C4413E-CDB1-FFB3-FAC1-EA8457A68F1D">
<createdBy>mb56142</createdBy>
<createdTime>2013-10-01 01:57:42 UTC</createdTime>
<ownerDesignName>TXEB_BPM_Semantic_data_model_diagram</ownerDesignName>
</ColumnProxy>
<ColumnProxy class="oracle.dbtools.crest.model.design.storage.oracle.v11g.ColumnProxyOraclev11g" name="NOTE_REF_ID" id="EA43FF1A-E560-590B-6C79-4097D4B4801D">
<createdBy>mb56142</createdBy>
<createdTime>2013-10-01 01:57:44 UTC</createdTime>
<ownerDesignName>TXEB_BPM_Semantic_data_model_diagram</ownerDesignName>
</ColumnProxy>
<ColumnProxy class="oracle.dbtools.crest.model.design.storage.oracle.v11g.ColumnProxyOraclev11g" name="EVENT_TITLE" id="EE67BCEB-C8D5-6835-B8E3-1BD5877BC234">
<createdBy>mb56142</createdBy>
<createdTime>2013-10-01 01:57:45 UTC</createdTime>
<ownerDesignName>TXEB_BPM_Semantic_data_model_diagram</ownerDesignName>
</ColumnProxy>
<ColumnProxy class="oracle.dbtools.crest.model.design.storage.oracle.v11g.ColumnProxyOraclev11g" name="PLAN_EXCLUSIVE_INDICATOR" id="F51B5938-6CFB-8074-B0E6-9F45885A3F00">
<createdBy>mb56142</createdBy>
<createdTime>2013-10-01 01:57:47 UTC</createdTime>
<ownerDesignName>TXEB_BPM_Semantic_data_model_diagram</ownerDesignName>
</ColumnProxy>
<ColumnProxy class="oracle.dbtools.crest.model.design.storage.oracle.v11g.ColumnProxyOraclev11g" name="NUMBER_OF_OCCURENCES" id="F73D5FB4-906A-5C4F-7EFD-81051E6B6B02">
<createdBy>mb56142</createdBy>
<createdTime>2013-10-01 01:57:45 UTC</createdTime>
<ownerDesignName>TXEB_BPM_Semantic_data_model_diagram</ownerDesignName>
</ColumnProxy>
<ColumnProxy class="oracle.dbtools.crest.model.design.storage.oracle.v11g.ColumnProxyOraclev11g" name="COMPLETE_DATE" id="FA08E20A-66BC-2A18-DE39-91E395E840E5">
<createdBy>mb56142</createdBy>
<createdTime>2013-10-01 01:57:48 UTC</createdTime>
<ownerDesignName>TXEB_BPM_Semantic_data_model_diagram</ownerDesignName>
</ColumnProxy>
<ColumnProxy class="oracle.dbtools.crest.model.design.storage.oracle.v11g.ColumnProxyOraclev11g" name="STAR_PLUS_EVENT_INDICATOR" id="FB3E06A9-0DE2-E74D-C146-2CEC11626A1A">
<createdBy>mb56142</createdBy>
<createdTime>2013-10-01 01:57:47 UTC</createdTime>
<ownerDesignName>TXEB_BPM_Semantic_data_model_diagram</ownerDesignName>
</ColumnProxy>
</columnProxies>
<indexProxies>
<IndexProxy class="oracle.dbtools.crest.model.design.storage.oracle.v10g.IndexProxyOraclev10g" name="DCMORCUR_PK" id="A14F3A14-B226-3A46-F9B6-962B81CB50E1">
<createdBy>mb56142</createdBy>
<createdTime>2013-10-01 01:57:50 UTC</createdTime>
<ownerDesignName>TXEB_BPM_Semantic_data_model_diagram</ownerDesignName>
<parallel>YES</parallel>
<segment>937DF5B4-A60F-AB71-BC50-0AE3F683B8A1</segment>
<tableSpace>4866B604-BC74-F4A2-CF3C-7AD89845D7C3</tableSpace>
</IndexProxy>
</indexProxies>
<primaryKeys>
<PrimaryKey class="oracle.dbtools.crest.model.design.storage.oracle.v10g.PKProxyOraclev10g" name="DCMORCUR_PK" id="68C2E0FA-0DD0-41D2-443F-284F58F6B573">
<createdBy>mb56142</createdBy>
<createdTime>2013-10-01 01:57:51 UTC</createdTime>
<ownerDesignName>TXEB_BPM_Semantic_data_model_diagram</ownerDesignName>
<tableSpace>4866B604-BC74-F4A2-CF3C-7AD89845D7C3</tableSpace>
<existingIndex>A14F3A14-B226-3A46-F9B6-962B81CB50E1</existingIndex>
<indexSegment>937DF5B4-A60F-AB71-BC50-0AE3F683B8A1</indexSegment>
<indexSort>SORTED</indexSort>
<usingIndex>BY INDEX NAME</usingIndex>
</PrimaryKey>
</primaryKeys>
</TableProxyOraclev11g>