<?xml version = '1.0' encoding = 'UTF-8'?>
<TableProxyOraclev11g class="oracle.dbtools.crest.model.design.storage.oracle.v11g.TableProxyOraclev11g" name="F_SCIE_BY_DATE" id="5B01E99D-6A8D-CF5E-F4F1-4E5BDB0273CF" directorySegmentName="seg_0">
<createdBy>mb56142</createdBy>
<createdTime>2013-10-01 01:55:30 UTC</createdTime>
<ownerDesignName>TXEB_BPM_Semantic_data_model_diagram</ownerDesignName>
<logging>YES</logging>
<columnProxies>
<ColumnProxy class="oracle.dbtools.crest.model.design.storage.oracle.v11g.ColumnProxyOraclev11g" name="D_DATE" id="00D079BE-EA68-769F-087A-0AE49D1C1926">
<createdBy>mb56142</createdBy>
<createdTime>2013-10-01 01:55:30 UTC</createdTime>
<ownerDesignName>TXEB_BPM_Semantic_data_model_diagram</ownerDesignName>
</ColumnProxy>
<ColumnProxy class="oracle.dbtools.crest.model.design.storage.oracle.v11g.ColumnProxyOraclev11g" name="FSCIEBD_ID" id="11F78795-23FA-C3D3-C855-7289F1EF37C4">
<createdBy>mb56142</createdBy>
<createdTime>2013-10-01 01:55:30 UTC</createdTime>
<ownerDesignName>TXEB_BPM_Semantic_data_model_diagram</ownerDesignName>
</ColumnProxy>
<ColumnProxy class="oracle.dbtools.crest.model.design.storage.oracle.v11g.ColumnProxyOraclev11g" name="CREATION_COUNT" id="3DA2E43B-88D9-05B0-7752-BD527431DADC">
<createdBy>mb56142</createdBy>
<createdTime>2013-10-01 01:55:30 UTC</createdTime>
<ownerDesignName>TXEB_BPM_Semantic_data_model_diagram</ownerDesignName>
</ColumnProxy>
<ColumnProxy class="oracle.dbtools.crest.model.design.storage.oracle.v11g.ColumnProxyOraclev11g" name="COMPLETION_COUNT" id="7139A29E-055D-C4AE-7E02-09857E445717">
<createdBy>mb56142</createdBy>
<createdTime>2013-10-01 01:55:30 UTC</createdTime>
<ownerDesignName>TXEB_BPM_Semantic_data_model_diagram</ownerDesignName>
</ColumnProxy>
<ColumnProxy class="oracle.dbtools.crest.model.design.storage.oracle.v11g.ColumnProxyOraclev11g" name="BUCKET_START_DATE" id="C458C839-2DAD-D9CD-60F6-91BA4CF9E9F3">
<createdBy>mb56142</createdBy>
<createdTime>2013-10-01 01:55:30 UTC</createdTime>
<ownerDesignName>TXEB_BPM_Semantic_data_model_diagram</ownerDesignName>
</ColumnProxy>
<ColumnProxy class="oracle.dbtools.crest.model.design.storage.oracle.v11g.ColumnProxyOraclev11g" name="INVENTORY_COUNT" id="C9AE1DA1-EC38-7D53-8D95-2981092DCD9F">
<createdBy>mb56142</createdBy>
<createdTime>2013-10-01 01:55:30 UTC</createdTime>
<ownerDesignName>TXEB_BPM_Semantic_data_model_diagram</ownerDesignName>
</ColumnProxy>
<ColumnProxy class="oracle.dbtools.crest.model.design.storage.oracle.v11g.ColumnProxyOraclev11g" name="BUCKET_END_DATE" id="DF8977C8-D46A-D043-FCB6-14D76138E5D5">
<createdBy>mb56142</createdBy>
<createdTime>2013-10-01 01:55:30 UTC</createdTime>
<ownerDesignName>TXEB_BPM_Semantic_data_model_diagram</ownerDesignName>
</ColumnProxy>
<ColumnProxy class="oracle.dbtools.crest.model.design.storage.oracle.v11g.ColumnProxyOraclev11g" name="SCIE_BI_ID" id="F679E0F8-98BC-41CF-D541-B5069DA5F1FC">
<createdBy>mb56142</createdBy>
<createdTime>2013-10-01 01:55:30 UTC</createdTime>
<ownerDesignName>TXEB_BPM_Semantic_data_model_diagram</ownerDesignName>
</ColumnProxy>
</columnProxies>
<indexProxies>
<IndexProxy class="oracle.dbtools.crest.model.design.storage.oracle.v10g.IndexProxyOraclev10g" name="FSCIEBD_IXL1" id="6451E538-B663-E719-2627-07924E650E54">
<createdBy>mb56142</createdBy>
<createdTime>2013-10-01 01:55:30 UTC</createdTime>
<ownerDesignName>TXEB_BPM_Semantic_data_model_diagram</ownerDesignName>
</IndexProxy>
<IndexProxy class="oracle.dbtools.crest.model.design.storage.oracle.v10g.IndexProxyOraclev10g" name="FSCIEBD_UIX2" id="766BDECF-9FE3-2D3C-519A-612DEF80CD34">
<createdBy>mb56142</createdBy>
<createdTime>2013-10-01 01:55:30 UTC</createdTime>
<ownerDesignName>TXEB_BPM_Semantic_data_model_diagram</ownerDesignName>
</IndexProxy>
<IndexProxy class="oracle.dbtools.crest.model.design.storage.oracle.v10g.IndexProxyOraclev10g" name="FSCIEBD_UIX1" id="965E189D-B454-A4FC-FCF5-9208C6801242">
<createdBy>mb56142</createdBy>
<createdTime>2013-10-01 01:55:30 UTC</createdTime>
<ownerDesignName>TXEB_BPM_Semantic_data_model_diagram</ownerDesignName>
</IndexProxy>
</indexProxies>
<foreignKeys>
<ForeignKey class="oracle.dbtools.crest.model.design.storage.oracle.v10g.FKProxyOraclev10g" name="FSCIERBD_DSCICUR_FK" id="884A0687-3CAB-DFE9-3F77-7A670EB8F99A">
<createdBy>mb56142</createdBy>
<createdTime>2013-10-01 01:55:30 UTC</createdTime>
<ownerDesignName>TXEB_BPM_Semantic_data_model_diagram</ownerDesignName>
</ForeignKey>
</foreignKeys>
<primaryKeys>
<PrimaryKey class="oracle.dbtools.crest.model.design.storage.oracle.v10g.PKProxyOraclev10g" name="FSCIEBD_PK" id="3ABB063E-BA9E-3299-9FC6-C8C9585D5339">
<createdBy>mb56142</createdBy>
<createdTime>2013-10-01 01:55:30 UTC</createdTime>
<ownerDesignName>TXEB_BPM_Semantic_data_model_diagram</ownerDesignName>
<indexSort>SORTED</indexSort>
</PrimaryKey>
</primaryKeys>
</TableProxyOraclev11g>