<?xml version = '1.0' encoding = 'UTF-8'?>
<TableProxyOraclev11g class="oracle.dbtools.crest.model.design.storage.oracle.v11g.TableProxyOraclev11g" name="D_CMOR_SESSION_STATUS" id="94E979A5-68E7-0CC0-D387-F6F3C2FCFAE9" directorySegmentName="seg_0">
<createdBy>mb56142</createdBy>
<createdTime>2013-10-01 01:59:21 UTC</createdTime>
<ownerDesignName>TXEB_BPM_Semantic_data_model_diagram</ownerDesignName>
<logging>YES</logging>
<parallel>YES</parallel>
<partitionedRowMovement>DISABLE</partitionedRowMovement>
<segment>FCF50C23-17AC-DB63-C302-018CEC72ABF5</segment>
<tableSpace>DD753006-1797-19FB-2460-18BDB0C52331</tableSpace>
<columnProxies>
<ColumnProxy class="oracle.dbtools.crest.model.design.storage.oracle.v11g.ColumnProxyOraclev11g" name="DCMORSS_ID" id="1DB5A333-1885-3F4E-5A3E-71C3020D0F11">
<createdBy>mb56142</createdBy>
<createdTime>2013-10-01 01:59:21 UTC</createdTime>
<ownerDesignName>TXEB_BPM_Semantic_data_model_diagram</ownerDesignName>
</ColumnProxy>
<ColumnProxy class="oracle.dbtools.crest.model.design.storage.oracle.v11g.ColumnProxyOraclev11g" name="SESSION_STATUS" id="BAC297EB-DF35-8DF6-AF3D-413AC54865A3">
<createdBy>mb56142</createdBy>
<createdTime>2013-10-01 01:59:21 UTC</createdTime>
<ownerDesignName>TXEB_BPM_Semantic_data_model_diagram</ownerDesignName>
</ColumnProxy>
</columnProxies>
<indexProxies>
<IndexProxy class="oracle.dbtools.crest.model.design.storage.oracle.v10g.IndexProxyOraclev10g" name="DCMORSS_PK" id="618C68A4-20AF-CCF0-E396-B1B515240D9E">
<createdBy>mb56142</createdBy>
<createdTime>2013-10-01 01:59:22 UTC</createdTime>
<ownerDesignName>TXEB_BPM_Semantic_data_model_diagram</ownerDesignName>
<parallel>YES</parallel>
<segment>937DF5B4-A60F-AB71-BC50-0AE3F683B8A1</segment>
<tableSpace>4866B604-BC74-F4A2-CF3C-7AD89845D7C3</tableSpace>
</IndexProxy>
<IndexProxy class="oracle.dbtools.crest.model.design.storage.oracle.v10g.IndexProxyOraclev10g" name="DCMORSS_UIX1" id="6E2BA1F4-DAD3-9E99-58BE-818F5AC20BBD">
<createdBy>mb56142</createdBy>
<createdTime>2013-10-01 01:59:22 UTC</createdTime>
<ownerDesignName>TXEB_BPM_Semantic_data_model_diagram</ownerDesignName>
<parallel>YES</parallel>
<segment>937DF5B4-A60F-AB71-BC50-0AE3F683B8A1</segment>
<tableSpace>4866B604-BC74-F4A2-CF3C-7AD89845D7C3</tableSpace>
</IndexProxy>
</indexProxies>
<primaryKeys>
<PrimaryKey class="oracle.dbtools.crest.model.design.storage.oracle.v10g.PKProxyOraclev10g" name="DCMORSS_PK" id="C1410B57-8BAB-0F94-7331-2E6C574FB2FD">
<createdBy>mb56142</createdBy>
<createdTime>2013-10-01 01:59:23 UTC</createdTime>
<ownerDesignName>TXEB_BPM_Semantic_data_model_diagram</ownerDesignName>
<tableSpace>4866B604-BC74-F4A2-CF3C-7AD89845D7C3</tableSpace>
<existingIndex>618C68A4-20AF-CCF0-E396-B1B515240D9E</existingIndex>
<indexSegment>937DF5B4-A60F-AB71-BC50-0AE3F683B8A1</indexSegment>
<indexSort>SORTED</indexSort>
<usingIndex>BY INDEX NAME</usingIndex>
</PrimaryKey>
</primaryKeys>
</TableProxyOraclev11g>