<?xml version = '1.0' encoding = 'UTF-8'?>
<TableProxyOraclev11g class="oracle.dbtools.crest.model.design.storage.oracle.v11g.TableProxyOraclev11g" name="D_MFDOC_TIMELINESS_STATUS" id="CDD396BF-F3EA-6F09-3998-6FF06729B359" directorySegmentName="seg_0">
<createdBy>mb56142</createdBy>
<createdTime>2013-10-01 01:55:30 UTC</createdTime>
<ownerDesignName>TXEB_BPM_Semantic_data_model_diagram</ownerDesignName>
<logging>YES</logging>
<columnProxies>
<ColumnProxy class="oracle.dbtools.crest.model.design.storage.oracle.v11g.ColumnProxyOraclev11g" name="DCN Timeliness Status" id="2DC37DC2-AEAF-37F0-B7ED-027817BC9188">
<createdBy>mb56142</createdBy>
<createdTime>2013-10-01 01:55:30 UTC</createdTime>
<ownerDesignName>TXEB_BPM_Semantic_data_model_diagram</ownerDesignName>
</ColumnProxy>
<ColumnProxy class="oracle.dbtools.crest.model.design.storage.oracle.v11g.ColumnProxyOraclev11g" name="DMFDOCTS_ID" id="C470B84F-C89E-13F9-29DB-5EFA943DC0D7">
<createdBy>mb56142</createdBy>
<createdTime>2013-10-01 01:55:30 UTC</createdTime>
<ownerDesignName>TXEB_BPM_Semantic_data_model_diagram</ownerDesignName>
</ColumnProxy>
</columnProxies>
<indexProxies>
<IndexProxy class="oracle.dbtools.crest.model.design.storage.oracle.v10g.IndexProxyOraclev10g" name="DMFDOCTS_UIX1" id="F205FCBB-3BDF-BC61-F620-3B9A4B3E8858">
<createdBy>mb56142</createdBy>
<createdTime>2013-10-01 01:55:30 UTC</createdTime>
<ownerDesignName>TXEB_BPM_Semantic_data_model_diagram</ownerDesignName>
</IndexProxy>
</indexProxies>
<primaryKeys>
<PrimaryKey class="oracle.dbtools.crest.model.design.storage.oracle.v10g.PKProxyOraclev10g" name="DMFDOCTS_PK" id="454F9DAC-78E9-1A29-6992-5A5C239C46D7">
<createdBy>mb56142</createdBy>
<createdTime>2013-10-01 01:55:30 UTC</createdTime>
<ownerDesignName>TXEB_BPM_Semantic_data_model_diagram</ownerDesignName>
<indexSort>SORTED</indexSort>
</PrimaryKey>
</primaryKeys>
</TableProxyOraclev11g>