<?xml version = '1.0' encoding = 'UTF-8'?>
<TableProxyOraclev11g class="oracle.dbtools.crest.model.design.storage.oracle.v11g.TableProxyOraclev11g" name="D_MFDOC_INSTANCE_STATUS" id="D2161D4F-04BE-81B4-D2E0-0E6E016BD54A" directorySegmentName="seg_0">
<createdBy>mb56142</createdBy>
<createdTime>2013-10-01 01:55:30 UTC</createdTime>
<ownerDesignName>TXEB_BPM_Semantic_data_model_diagram</ownerDesignName>
<logging>YES</logging>
<columnProxies>
<ColumnProxy class="oracle.dbtools.crest.model.design.storage.oracle.v11g.ColumnProxyOraclev11g" name="DMFDOCIS_ID" id="2E03C5FF-06F1-5BEF-A32B-6F49ECE4C84F">
<createdBy>mb56142</createdBy>
<createdTime>2013-10-01 01:55:30 UTC</createdTime>
<ownerDesignName>TXEB_BPM_Semantic_data_model_diagram</ownerDesignName>
</ColumnProxy>
<ColumnProxy class="oracle.dbtools.crest.model.design.storage.oracle.v11g.ColumnProxyOraclev11g" name="Instance Status" id="DC132767-6D2D-4BA3-3F43-CDA5680801E2">
<createdBy>mb56142</createdBy>
<createdTime>2013-10-01 01:55:30 UTC</createdTime>
<ownerDesignName>TXEB_BPM_Semantic_data_model_diagram</ownerDesignName>
</ColumnProxy>
</columnProxies>
<indexProxies>
<IndexProxy class="oracle.dbtools.crest.model.design.storage.oracle.v10g.IndexProxyOraclev10g" name="DMFDOCIS_UIX1" id="D4C29BB8-109D-56E1-2EFD-FE7805440B59">
<createdBy>mb56142</createdBy>
<createdTime>2013-10-01 01:55:30 UTC</createdTime>
<ownerDesignName>TXEB_BPM_Semantic_data_model_diagram</ownerDesignName>
</IndexProxy>
</indexProxies>
<primaryKeys>
<PrimaryKey class="oracle.dbtools.crest.model.design.storage.oracle.v10g.PKProxyOraclev10g" name="DMFDOCIS_PK" id="2AE3ECF2-5A90-9697-60B3-29E23DC67AD5">
<createdBy>mb56142</createdBy>
<createdTime>2013-10-01 01:55:30 UTC</createdTime>
<ownerDesignName>TXEB_BPM_Semantic_data_model_diagram</ownerDesignName>
<indexSort>SORTED</indexSort>
</PrimaryKey>
</primaryKeys>
</TableProxyOraclev11g>