<?xml version = '1.0' encoding = 'UTF-8'?>
<TableProxyOraclev11g class="oracle.dbtools.crest.model.design.storage.oracle.v11g.TableProxyOraclev11g" name="F_SCI_BY_DATE" id="E0850298-A194-AFAB-A8D3-8D19F703A9DD" directorySegmentName="seg_0">
<createdBy>mb56142</createdBy>
<createdTime>2013-10-01 01:55:30 UTC</createdTime>
<ownerDesignName>TXEB_BPM_Semantic_data_model_diagram</ownerDesignName>
<logging>YES</logging>
<columnProxies>
<ColumnProxy class="oracle.dbtools.crest.model.design.storage.oracle.v11g.ColumnProxyOraclev11g" name="FSCIBD_ID" id="1D6DAAA7-886B-75C2-6E82-312292F4BA6C">
<createdBy>mb56142</createdBy>
<createdTime>2013-10-01 01:55:30 UTC</createdTime>
<ownerDesignName>TXEB_BPM_Semantic_data_model_diagram</ownerDesignName>
</ColumnProxy>
<ColumnProxy class="oracle.dbtools.crest.model.design.storage.oracle.v11g.ColumnProxyOraclev11g" name="D_DATE" id="53B9490B-82C0-A769-1E9A-294F603F2624">
<createdBy>mb56142</createdBy>
<createdTime>2013-10-01 01:55:30 UTC</createdTime>
<ownerDesignName>TXEB_BPM_Semantic_data_model_diagram</ownerDesignName>
</ColumnProxy>
<ColumnProxy class="oracle.dbtools.crest.model.design.storage.oracle.v11g.ColumnProxyOraclev11g" name="CREATION_COUNT" id="77B44FA5-012C-2CCA-5F7D-EC484528A452">
<createdBy>mb56142</createdBy>
<createdTime>2013-10-01 01:55:30 UTC</createdTime>
<ownerDesignName>TXEB_BPM_Semantic_data_model_diagram</ownerDesignName>
</ColumnProxy>
<ColumnProxy class="oracle.dbtools.crest.model.design.storage.oracle.v11g.ColumnProxyOraclev11g" name="INVENTORY_COUNT" id="A1229AE1-AC66-3402-A15F-D720B58896C9">
<createdBy>mb56142</createdBy>
<createdTime>2013-10-01 01:55:30 UTC</createdTime>
<ownerDesignName>TXEB_BPM_Semantic_data_model_diagram</ownerDesignName>
</ColumnProxy>
<ColumnProxy class="oracle.dbtools.crest.model.design.storage.oracle.v11g.ColumnProxyOraclev11g" name="BUCKET_END_DATE" id="D1606261-2D37-F0DC-9CE7-9410BA451CD1">
<createdBy>mb56142</createdBy>
<createdTime>2013-10-01 01:55:30 UTC</createdTime>
<ownerDesignName>TXEB_BPM_Semantic_data_model_diagram</ownerDesignName>
</ColumnProxy>
<ColumnProxy class="oracle.dbtools.crest.model.design.storage.oracle.v11g.ColumnProxyOraclev11g" name="SCI_BI_ID" id="D281FD17-5205-70CC-D50E-7415B3464FC7">
<createdBy>mb56142</createdBy>
<createdTime>2013-10-01 01:55:30 UTC</createdTime>
<ownerDesignName>TXEB_BPM_Semantic_data_model_diagram</ownerDesignName>
</ColumnProxy>
<ColumnProxy class="oracle.dbtools.crest.model.design.storage.oracle.v11g.ColumnProxyOraclev11g" name="BUCKET_START_DATE" id="F302213E-5A01-4C29-F4DF-559555D19E2A">
<createdBy>mb56142</createdBy>
<createdTime>2013-10-01 01:55:30 UTC</createdTime>
<ownerDesignName>TXEB_BPM_Semantic_data_model_diagram</ownerDesignName>
</ColumnProxy>
<ColumnProxy class="oracle.dbtools.crest.model.design.storage.oracle.v11g.ColumnProxyOraclev11g" name="COMPLETION_COUNT" id="F8043245-29DD-662B-7C6F-FCD20049E5AD">
<createdBy>mb56142</createdBy>
<createdTime>2013-10-01 01:55:30 UTC</createdTime>
<ownerDesignName>TXEB_BPM_Semantic_data_model_diagram</ownerDesignName>
</ColumnProxy>
</columnProxies>
<indexProxies>
<IndexProxy class="oracle.dbtools.crest.model.design.storage.oracle.v10g.IndexProxyOraclev10g" name="FSCIBD_UIX2" id="5E63790C-50FF-3C60-30B6-99267E1BA925">
<createdBy>mb56142</createdBy>
<createdTime>2013-10-01 01:55:30 UTC</createdTime>
<ownerDesignName>TXEB_BPM_Semantic_data_model_diagram</ownerDesignName>
</IndexProxy>
<IndexProxy class="oracle.dbtools.crest.model.design.storage.oracle.v10g.IndexProxyOraclev10g" name="FSCIBD_UIX1" id="C4C24411-8A1C-01E7-7BE6-E5178B3FA44B">
<createdBy>mb56142</createdBy>
<createdTime>2013-10-01 01:55:30 UTC</createdTime>
<ownerDesignName>TXEB_BPM_Semantic_data_model_diagram</ownerDesignName>
</IndexProxy>
<IndexProxy class="oracle.dbtools.crest.model.design.storage.oracle.v10g.IndexProxyOraclev10g" name="FSCIBD_IXL1" id="FC60B054-0D6E-AE2A-D41C-AD42CFD1E76F">
<createdBy>mb56142</createdBy>
<createdTime>2013-10-01 01:55:30 UTC</createdTime>
<ownerDesignName>TXEB_BPM_Semantic_data_model_diagram</ownerDesignName>
</IndexProxy>
</indexProxies>
<foreignKeys>
<ForeignKey class="oracle.dbtools.crest.model.design.storage.oracle.v10g.FKProxyOraclev10g" name="FSCIRBD_DSCICUR_FK" id="BBE23BB6-18BD-6EA0-E706-86979F9E2612">
<createdBy>mb56142</createdBy>
<createdTime>2013-10-01 01:55:30 UTC</createdTime>
<ownerDesignName>TXEB_BPM_Semantic_data_model_diagram</ownerDesignName>
</ForeignKey>
</foreignKeys>
<primaryKeys>
<PrimaryKey class="oracle.dbtools.crest.model.design.storage.oracle.v10g.PKProxyOraclev10g" name="FSCIBD_PK" id="DC994B4D-62D5-7531-D967-CBD79B72FB57">
<createdBy>mb56142</createdBy>
<createdTime>2013-10-01 01:55:30 UTC</createdTime>
<ownerDesignName>TXEB_BPM_Semantic_data_model_diagram</ownerDesignName>
<indexSort>SORTED</indexSort>
</PrimaryKey>
</primaryKeys>
</TableProxyOraclev11g>