INSERT INTO TS_QA_ANALYST(QA_ANALYST_ID, QA_ANALYST_NAME) VALUES ('system', 'System');


insert into TS_QUESTION_TYPE_LKUP(question_type_id,question_type_desc) values(1, 'Numeric');
insert into TS_QUESTION_TYPE_LKUP(question_type_id,question_type_desc) values(2, 'Yes or No');
insert into TS_QUESTION_TYPE_LKUP(question_type_id,question_type_desc) values(3, 'Pass or Fail');
insert into TS_QUESTION_TYPE_LKUP(question_type_id,question_type_desc) values(4, 'Date');
insert into TS_QUESTION_TYPE_LKUP(question_type_id,question_type_desc) values(5, 'Other');
insert into TS_CALL_TYPE_LKUP(call_type_id,call_type_desc) values(1, 'Medicaid');
insert into TS_CALL_TYPE_LKUP(call_type_id,call_type_desc) values(2, 'IVL');
insert into TS_CALL_TYPE_LKUP(call_type_id,call_type_desc) values(3, 'DC SHOP');
insert into TS_CALL_TYPE_LKUP(call_type_id,call_type_desc) values(4, 'MA SHOP');

insert into TS_SCORE_TYPE_LKUP(score_type_id,score_type_desc) values(0, '-------');
insert into TS_SCORE_TYPE_LKUP(score_type_id,score_type_desc) values(1, 'Greeting / Call Flow / Closing');
insert into TS_SCORE_TYPE_LKUP(score_type_id,score_type_desc) values(2, 'HIPAA COMPLIANCE / Verification of Caller Identity');
insert into TS_SCORE_TYPE_LKUP(score_type_id,score_type_desc) values(3, 'Accuracy of Information');
insert into TS_SCORE_TYPE_LKUP(score_type_id,score_type_desc) values(4, 'Customer Service Skills');
insert into TS_SCORE_TYPE_LKUP(score_type_id,score_type_desc) values(5, 'Documentation / Data Entered Correctly');


insert into TS_QUESTION_DETAIL_TYPE_LKUP(question_detail_type_id,question_detail_type_desc) values(0, 'No additional Information');
insert into TS_QUESTION_DETAIL_TYPE_LKUP(question_detail_type_id,question_detail_type_desc) values(1, 'List');
insert into TS_QUESTION_DETAIL_TYPE_LKUP(question_detail_type_id,question_detail_type_desc) values(2, 'Date');
insert into TS_QUESTION_DETAIL_TYPE_LKUP(question_detail_type_id,question_detail_type_desc) values(3, 'Comment');
insert into TS_QA_QUESTION(qa_question_id,qa_question_number,qa_question_desc,question_type_id,question_detail_type_id,qa_question_start_date,qa_question_end_date,qa_question_max_score,qa_question_control,score_type_id,create_by,create_datetime,last_updated_by,last_updated_datetime) values(1, 1, 'CSR adhered to call center scripts associated with the call type.', 2, 1, sysdate, null, 5, 0, 1, 'system', sysdate, 'system', sysdate);
insert into TS_QA_QUESTION(qa_question_id,qa_question_number,qa_question_desc,question_type_id,question_detail_type_id,qa_question_start_date,qa_question_end_date,qa_question_max_score,qa_question_control,score_type_id,create_by,create_datetime,last_updated_by,last_updated_datetime) values(2, 2, 'CSR properly verified, maintained HIPAA and obtained permission to discuss the case with language line representative if applicable.', 3, 1, sysdate, null, 0, 0, 2, 'system', sysdate, 'system', sysdate);
insert into TS_QA_QUESTION(qa_question_id,qa_question_number,qa_question_desc,question_type_id,question_detail_type_id,qa_question_start_date,qa_question_end_date,qa_question_max_score,qa_question_control,score_type_id,create_by,create_datetime,last_updated_by,last_updated_datetime) values(3, 3, 'CSR asked appropriate probing questions to identify the caller''s needs.', 2, 3, sysdate, sysdate, 0, 0, 0, 'system', sysdate, 'system', sysdate);
insert into TS_QA_QUESTION(qa_question_id,qa_question_number,qa_question_desc,question_type_id,question_detail_type_id,qa_question_start_date,qa_question_end_date,qa_question_max_score,qa_question_control,score_type_id,create_by,create_datetime,last_updated_by,last_updated_datetime) values(4, 4, 'CSR provided accurate and complete information to address all of the callers concerns, while adhering to the Standard Operating Procedures i.e., job aides, SOP scripts and training updates.', 2, 1, sysdate, null, 30, 0, 3, 'system', sysdate, 'system', sysdate);
insert into TS_QA_QUESTION(qa_question_id,qa_question_number,qa_question_desc,question_type_id,question_detail_type_id,qa_question_start_date,qa_question_end_date,qa_question_max_score,qa_question_control,score_type_id,create_by,create_datetime,last_updated_by,last_updated_datetime) values(5, 5, 'CSR provided an excellent consumer experience, and remained professional by demonstrating proper word choice, pace, tone, and allowing the caller to speak without interruption.', 2, 1, sysdate, null, 30, 0, 4, 'system', sysdate, 'system', sysdate);
insert into TS_QA_QUESTION(qa_question_id,qa_question_number,qa_question_desc,question_type_id,question_detail_type_id,qa_question_start_date,qa_question_end_date,qa_question_max_score,qa_question_control,score_type_id,create_by,create_datetime,last_updated_by,last_updated_datetime) values(6, 6, 'CSR maintained proper call control by adhering to the initial hold of 2 minutes, extended hold of 3 minutes and dead air of 30 seconds.', 2, 1, sysdate, null, 15, 0, 4, 'system', sysdate, 'system', sysdate);
insert into TS_QA_QUESTION(qa_question_id,qa_question_number,qa_question_desc,question_type_id,question_detail_type_id,qa_question_start_date,qa_question_end_date,qa_question_max_score,qa_question_control,score_type_id,create_by,create_datetime,last_updated_by,last_updated_datetime) values(7, 7, 'CSR repeated and spelled any newly collected verification information.', 2, 1, sysdate, null, 20, 0, 4, 'system', sysdate, 'system', sysdate);
insert into TS_QA_QUESTION(qa_question_id,qa_question_number,qa_question_desc,question_type_id,question_detail_type_id,qa_question_start_date,qa_question_end_date,qa_question_max_score,qa_question_control,score_type_id,create_by,create_datetime,last_updated_by,last_updated_datetime) values(8, 8, 'CSR properly created, commented, documented, pinged, triaged and closed the CSL.', 2, 1, sysdate, null, 20, 0, 5, 'system', sysdate, 'system', sysdate);
insert into TS_QA_QUESTION(qa_question_id,qa_question_number,qa_question_desc,question_type_id,question_detail_type_id,qa_question_start_date,qa_question_end_date,qa_question_max_score,qa_question_control,score_type_id,create_by,create_datetime,last_updated_by,last_updated_datetime) values(9, 9, 'Was the audit form submitted to the CSR''s Supervisor?', 2, 0, sysdate, null, 0, 1, 0, 'system', sysdate, 'system', sysdate);
insert into TS_QA_QUESTION(qa_question_id,qa_question_number,qa_question_desc,question_type_id,question_detail_type_id,qa_question_start_date,qa_question_end_date,qa_question_max_score,qa_question_control,score_type_id,create_by,create_datetime,last_updated_by,last_updated_datetime) values(10, 10, 'Is follow up required?', 2, 3, sysdate, null, 0, 1, 0, 'system', sysdate, 'system', sysdate);
insert into TS_QA_QUESTION(qa_question_id,qa_question_number,qa_question_desc,question_type_id,question_detail_type_id,qa_question_start_date,qa_question_end_date,qa_question_max_score,qa_question_control,score_type_id,create_by,create_datetime,last_updated_by,last_updated_datetime) values(11, 11, 'Was the follow up completed?', 2, 0, sysdate, null, 0, 1, 0, 'system', sysdate, 'system', sysdate);
insert into TS_QA_QUESTION(qa_question_id,qa_question_number,qa_question_desc,question_type_id,question_detail_type_id,qa_question_start_date,qa_question_end_date,qa_question_max_score,qa_question_control,score_type_id,create_by,create_datetime,last_updated_by,last_updated_datetime) values(12, 12, 'Was supervisor coaching completed?', 2, 2, sysdate, null, 0, 1, 0, 'system', sysdate, 'system', sysdate);
insert into TS_QUESTION_DETAIL(question_detail_id,qa_question_id,question_detail_desc,question_detail_enable,create_by,create_datetime,last_updated_by,last_updated_datetime) values(0, 1, '-------', 1, 'system', sysdate, 'system', sysdate);
insert into TS_QUESTION_DETAIL(question_detail_id,qa_question_id,question_detail_desc,question_detail_enable,create_by,create_datetime,last_updated_by,last_updated_datetime) values(SEQ_TS_QUESTION_DETAIL.nextval, 1, 'Contact Center Script', 1, 'system', sysdate, 'system', sysdate);
insert into TS_QUESTION_DETAIL(question_detail_id,qa_question_id,question_detail_desc,question_detail_enable,create_by,create_datetime,last_updated_by,last_updated_datetime) values(SEQ_TS_QUESTION_DETAIL.nextval, 1, 'IVL Phone Verification Script', 1, 'system', sysdate, 'system', sysdate);
insert into TS_QUESTION_DETAIL(question_detail_id,qa_question_id,question_detail_desc,question_detail_enable,create_by,create_datetime,last_updated_by,last_updated_datetime) values(SEQ_TS_QUESTION_DETAIL.nextval, 1, 'SHOP Phone Verification Script', 1, 'system', sysdate, 'system', sysdate);
insert into TS_QUESTION_DETAIL(question_detail_id,qa_question_id,question_detail_desc,question_detail_enable,create_by,create_datetime,last_updated_by,last_updated_datetime) values(SEQ_TS_QUESTION_DETAIL.nextval, 1, 'Mass Opening Script', 1, 'system', sysdate, 'system', sysdate);
insert into TS_QUESTION_DETAIL(question_detail_id,qa_question_id,question_detail_desc,question_detail_enable,create_by,create_datetime,last_updated_by,last_updated_datetime) values(SEQ_TS_QUESTION_DETAIL.nextval, 1, 'Verbal Consent Script', 1, 'system', sysdate, 'system', sysdate);
insert into TS_QUESTION_DETAIL(question_detail_id,qa_question_id,question_detail_desc,question_detail_enable,create_by,create_datetime,last_updated_by,last_updated_datetime) values(SEQ_TS_QUESTION_DETAIL.nextval, 1, 'Three Way Conferencing script', 1, 'system', sysdate, 'system', sysdate);
insert into TS_QUESTION_DETAIL(question_detail_id,qa_question_id,question_detail_desc,question_detail_enable,create_by,create_datetime,last_updated_by,last_updated_datetime) values(SEQ_TS_QUESTION_DETAIL.nextval, 1, 'Hold Script', 1, 'system', sysdate, 'system', sysdate);
insert into TS_QUESTION_DETAIL(question_detail_id,qa_question_id,question_detail_desc,question_detail_enable,create_by,create_datetime,last_updated_by,last_updated_datetime) values(SEQ_TS_QUESTION_DETAIL.nextval, 1, 'Closing Script', 1, 'system', sysdate, 'system', sysdate);
insert into TS_QUESTION_DETAIL(question_detail_id,qa_question_id,question_detail_desc,question_detail_enable,create_by,create_datetime,last_updated_by,last_updated_datetime) values(SEQ_TS_QUESTION_DETAIL.nextval, 1, 'Outbound Call Script', 1, 'system', sysdate, 'system', sysdate);
insert into TS_QUESTION_DETAIL(question_detail_id,qa_question_id,question_detail_desc,question_detail_enable,create_by,create_datetime,last_updated_by,last_updated_datetime) values(SEQ_TS_QUESTION_DETAIL.nextval, 1, 'Special outbound campaign script', 1, 'system', sysdate, 'system', sysdate);
insert into TS_QUESTION_DETAIL(question_detail_id,qa_question_id,question_detail_desc,question_detail_enable,create_by,create_datetime,last_updated_by,last_updated_datetime) values(0, 2, '-------', 1, 'system', sysdate, 'system', sysdate);    
insert into TS_QUESTION_DETAIL(question_detail_id,qa_question_id,question_detail_desc,question_detail_enable,create_by,create_datetime,last_updated_by,last_updated_datetime) values(SEQ_TS_QUESTION_DETAIL.nextval, 2, 'IVL', 1, 'system', sysdate, 'system', sysdate);
insert into TS_QUESTION_DETAIL(question_detail_id,qa_question_id,question_detail_desc,question_detail_enable,create_by,create_datetime,last_updated_by,last_updated_datetime) values(SEQ_TS_QUESTION_DETAIL.nextval, 2, 'IVL No DOB or SSN', 1, 'system', sysdate, 'system', sysdate);
insert into TS_QUESTION_DETAIL(question_detail_id,qa_question_id,question_detail_desc,question_detail_enable,create_by,create_datetime,last_updated_by,last_updated_datetime) values(SEQ_TS_QUESTION_DETAIL.nextval, 2, 'DC SHOP Employer', 1, 'system', sysdate, 'system', sysdate);
insert into TS_QUESTION_DETAIL(question_detail_id,qa_question_id,question_detail_desc,question_detail_enable,create_by,create_datetime,last_updated_by,last_updated_datetime) values(SEQ_TS_QUESTION_DETAIL.nextval, 2, 'DC SHOP Broker', 1, 'system', sysdate, 'system', sysdate);
insert into TS_QUESTION_DETAIL(question_detail_id,qa_question_id,question_detail_desc,question_detail_enable,create_by,create_datetime,last_updated_by,last_updated_datetime) values(SEQ_TS_QUESTION_DETAIL.nextval, 2, 'DC SHOP Employee', 1, 'system', sysdate, 'system', sysdate);
insert into TS_QUESTION_DETAIL(question_detail_id,qa_question_id,question_detail_desc,question_detail_enable,create_by,create_datetime,last_updated_by,last_updated_datetime) values(SEQ_TS_QUESTION_DETAIL.nextval, 2, 'DC SHOP Employee No DOB or SSN', 1, 'system', sysdate, 'system', sysdate);
insert into TS_QUESTION_DETAIL(question_detail_id,qa_question_id,question_detail_desc,question_detail_enable,create_by,create_datetime,last_updated_by,last_updated_datetime) values(SEQ_TS_QUESTION_DETAIL.nextval, 2, 'MA SHOP Employer', 1, 'system', sysdate, 'system', sysdate);
insert into TS_QUESTION_DETAIL(question_detail_id,qa_question_id,question_detail_desc,question_detail_enable,create_by,create_datetime,last_updated_by,last_updated_datetime) values(SEQ_TS_QUESTION_DETAIL.nextval, 2, 'MA SHOP Employee', 1, 'system', sysdate, 'system', sysdate);
insert into TS_QUESTION_DETAIL(question_detail_id,qa_question_id,question_detail_desc,question_detail_enable,create_by,create_datetime,last_updated_by,last_updated_datetime) values(SEQ_TS_QUESTION_DETAIL.nextval, 2, 'MA SHOP Broker', 1, 'system', sysdate, 'system', sysdate);
insert into TS_QUESTION_DETAIL(question_detail_id,qa_question_id,question_detail_desc,question_detail_enable,create_by,create_datetime,last_updated_by,last_updated_datetime) values(0, 4, '-------', 1, 'system', sysdate, 'system', sysdate);        
insert into TS_QUESTION_DETAIL(question_detail_id,qa_question_id,question_detail_desc,question_detail_enable,create_by,create_datetime,last_updated_by,last_updated_datetime) values(SEQ_TS_QUESTION_DETAIL.nextval, 4, 'SOP 1', 1, 'system', sysdate, 'system', sysdate);
insert into TS_QUESTION_DETAIL(question_detail_id,qa_question_id,question_detail_desc,question_detail_enable,create_by,create_datetime,last_updated_by,last_updated_datetime) values(SEQ_TS_QUESTION_DETAIL.nextval, 4, 'SOP 2', 1, 'system', sysdate, 'system', sysdate);
insert into TS_QUESTION_DETAIL(question_detail_id,qa_question_id,question_detail_desc,question_detail_enable,create_by,create_datetime,last_updated_by,last_updated_datetime) values(SEQ_TS_QUESTION_DETAIL.nextval, 4, 'SOP 3', 1, 'system', sysdate, 'system', sysdate);
insert into TS_QUESTION_DETAIL(question_detail_id,qa_question_id,question_detail_desc,question_detail_enable,create_by,create_datetime,last_updated_by,last_updated_datetime) values(0, 5, '-------', 1, 'system', sysdate, 'system', sysdate);    
insert into TS_QUESTION_DETAIL(question_detail_id,qa_question_id,question_detail_desc,question_detail_enable,create_by,create_datetime,last_updated_by,last_updated_datetime) values(SEQ_TS_QUESTION_DETAIL.nextval, 5, 'Word Choice', 1, 'system', sysdate, 'system', sysdate);
insert into TS_QUESTION_DETAIL(question_detail_id,qa_question_id,question_detail_desc,question_detail_enable,create_by,create_datetime,last_updated_by,last_updated_datetime) values(SEQ_TS_QUESTION_DETAIL.nextval, 5, 'Pace', 1, 'system', sysdate, 'system', sysdate);
insert into TS_QUESTION_DETAIL(question_detail_id,qa_question_id,question_detail_desc,question_detail_enable,create_by,create_datetime,last_updated_by,last_updated_datetime) values(SEQ_TS_QUESTION_DETAIL.nextval, 5, 'Tone', 1, 'system', sysdate, 'system', sysdate);
insert into TS_QUESTION_DETAIL(question_detail_id,qa_question_id,question_detail_desc,question_detail_enable,create_by,create_datetime,last_updated_by,last_updated_datetime) values(SEQ_TS_QUESTION_DETAIL.nextval, 5, 'Interrupted the caller', 1, 'system', sysdate, 'system', sysdate);
insert into TS_QUESTION_DETAIL(question_detail_id,qa_question_id,question_detail_desc,question_detail_enable,create_by,create_datetime,last_updated_by,last_updated_datetime) values(0, 6, '-------', 1, 'system', sysdate, 'system', sysdate);    
insert into TS_QUESTION_DETAIL(question_detail_id,qa_question_id,question_detail_desc,question_detail_enable,create_by,create_datetime,last_updated_by,last_updated_datetime) values(SEQ_TS_QUESTION_DETAIL.nextval, 6, 'Initial Hold', 1, 'system', sysdate, 'system', sysdate);
insert into TS_QUESTION_DETAIL(question_detail_id,qa_question_id,question_detail_desc,question_detail_enable,create_by,create_datetime,last_updated_by,last_updated_datetime) values(SEQ_TS_QUESTION_DETAIL.nextval, 6, 'Extended Hold', 1, 'system', sysdate, 'system', sysdate);
insert into TS_QUESTION_DETAIL(question_detail_id,qa_question_id,question_detail_desc,question_detail_enable,create_by,create_datetime,last_updated_by,last_updated_datetime) values(SEQ_TS_QUESTION_DETAIL.nextval, 6, 'Dead Air', 1, 'system', sysdate, 'system', sysdate);
insert into TS_QUESTION_DETAIL(question_detail_id,qa_question_id,question_detail_desc,question_detail_enable,create_by,create_datetime,last_updated_by,last_updated_datetime) values(0, 7, '-------', 1, 'system', sysdate, 'system', sysdate);    
insert into TS_QUESTION_DETAIL(question_detail_id,qa_question_id,question_detail_desc,question_detail_enable,create_by,create_datetime,last_updated_by,last_updated_datetime) values(SEQ_TS_QUESTION_DETAIL.nextval, 7, 'Did not repeat verification information', 1, 'system', sysdate, 'system', sysdate);
insert into TS_QUESTION_DETAIL(question_detail_id,qa_question_id,question_detail_desc,question_detail_enable,create_by,create_datetime,last_updated_by,last_updated_datetime) values(SEQ_TS_QUESTION_DETAIL.nextval, 7, 'Did not spell verification Information', 1, 'system', sysdate, 'system', sysdate);
insert into TS_QUESTION_DETAIL(question_detail_id,qa_question_id,question_detail_desc,question_detail_enable,create_by,create_datetime,last_updated_by,last_updated_datetime) values(0, 8, '-------', 1, 'system', sysdate, 'system', sysdate);
insert into TS_QUESTION_DETAIL(question_detail_id,qa_question_id,question_detail_desc,question_detail_enable,create_by,create_datetime,last_updated_by,last_updated_datetime) values(SEQ_TS_QUESTION_DETAIL.nextval, 8, 'Created', 1, 'system', sysdate, 'system', sysdate);
insert into TS_QUESTION_DETAIL(question_detail_id,qa_question_id,question_detail_desc,question_detail_enable,create_by,create_datetime,last_updated_by,last_updated_datetime) values(SEQ_TS_QUESTION_DETAIL.nextval, 8, 'Commented', 1, 'system', sysdate, 'system', sysdate);
insert into TS_QUESTION_DETAIL(question_detail_id,qa_question_id,question_detail_desc,question_detail_enable,create_by,create_datetime,last_updated_by,last_updated_datetime) values(SEQ_TS_QUESTION_DETAIL.nextval, 8, 'Documented all elements of the call', 1, 'system', sysdate, 'system', sysdate);
insert into TS_QUESTION_DETAIL(question_detail_id,qa_question_id,question_detail_desc,question_detail_enable,create_by,create_datetime,last_updated_by,last_updated_datetime) values(SEQ_TS_QUESTION_DETAIL.nextval, 8, 'Used CSL Template', 1, 'system', sysdate, 'system', sysdate);
insert into TS_QUESTION_DETAIL(question_detail_id,qa_question_id,question_detail_desc,question_detail_enable,create_by,create_datetime,last_updated_by,last_updated_datetime) values(SEQ_TS_QUESTION_DETAIL.nextval, 8, 'Pinged', 1, 'system', sysdate, 'system', sysdate);
insert into TS_QUESTION_DETAIL(question_detail_id,qa_question_id,question_detail_desc,question_detail_enable,create_by,create_datetime,last_updated_by,last_updated_datetime) values(SEQ_TS_QUESTION_DETAIL.nextval, 8, 'Triaged i.e. caller type, csl type, status', 1, 'system', sysdate, 'system', sysdate);
insert into TS_QUESTION_DETAIL(question_detail_id,qa_question_id,question_detail_desc,question_detail_enable,create_by,create_datetime,last_updated_by,last_updated_datetime) values(SEQ_TS_QUESTION_DETAIL.nextval, 8, 'Closed', 1, 'system', sysdate, 'system', sysdate);
commit;
