<?xml version = '1.0' encoding = 'UTF-8'?>
<DataBaseSqlServerv2k5 class="oracle.dbtools.crest.model.design.storage.sqlserver.v2k5.DataBaseSqlServerv2k5" name="UK_HWS" directorySegmentName="seg_0" id="E2F033E4-F5AA-AF06-191E-1EAB2E74135C">
<sourceConnName>UK_HWS maxdat</sourceConnName>
<sourceObjName>UK_HWS</sourceObjName>
<createdBy>50472</createdBy>
<createdTime>2014-11-18 19:25:22 UTC</createdTime>
<ownerDesignName>Process_Incidents_data_model_diagram</ownerDesignName>
<fileGroups>
<FileGroup class="oracle.dbtools.crest.model.design.storage.sqlserver.v2k5.FileGroupSqlServerv2k5" name="PRIMARY" id="63DA86D5-F1A4-27A3-42C7-177D19D97316">
<createdBy>50472</createdBy>
<createdTime>2014-12-09 21:50:21 UTC</createdTime>
<ownerDesignName>Process_Incidents_data_model_diagram</ownerDesignName>
<dataFiles>
<DataFile class="oracle.dbtools.crest.model.design.storage.sqlserver.v2k5.DataFileSqlServerv2k5" name="DB1_Data.MDF" id="6E0DBE08-C17B-30EB-AADC-CF6305A00680">
<createdBy>50472</createdBy>
<createdTime>2014-12-09 21:50:21 UTC</createdTime>
<ownerDesignName>Process_Incidents_data_model_diagram</ownerDesignName>
<fileName>c:\program files\microsoft sql server\mssql\data\DB1_Data.MDF</fileName>
</DataFile>
<DataFile class="oracle.dbtools.crest.model.design.storage.sqlserver.v2k5.DataFileSqlServerv2k5" name="UK-HWS" id="90FE7C9E-A7A2-B414-42DF-3810460B2ACA">
<createdBy>50472</createdBy>
<createdTime>2014-12-09 21:50:21 UTC</createdTime>
<ownerDesignName>Process_Incidents_data_model_diagram</ownerDesignName>
<fileName>D:\Program Files\Microsoft SQL Server\MSSQL11.MSSQLSERVER\MSSQL\DATA\UK-HWS .mdf</fileName>
<growthMethod>By Percent</growthMethod>
<growthValue>10</growthValue>
<initialSize>14080</initialSize>
</DataFile>
</dataFiles>
</FileGroup>
</fileGroups>
</DataBaseSqlServerv2k5>