<?xml version = '1.0' encoding = 'UTF-8'?>
<StorageDesignOraclev11g class="oracle.dbtools.crest.model.design.storage.oracle.v11g.StorageDesignOraclev11g" name="Oracle Database 11g" id="59E9DF97-549C-B946-040D-167F8CB919FC">
<createdBy>mb56142</createdBy>
<createdTime>2014-06-25 15:58:26 UTC</createdTime>
<ownerDesignName>TXEB_BPM_Semantic_data_model_diagram</ownerDesignName>
<siteID>32076570-2523-435C-2E92-BF29817DFF70</siteID>
<siteName>Oracle Database 11g</siteName>
<siteType>9</siteType>
</StorageDesignOraclev11g>