-- Units of work

insert into cc_c_unit_of_work (unit_of_work_name, unit_of_work_category, record_eff_dt, record_end_dt, acd, ivr) values ('Ombudsman','INBOUND',to_date('1900/01/01', 'yyyy/mm/dd'),to_date('2999/12/31', 'yyyy/mm/dd'), 1, 0);
insert into cc_c_unit_of_work (unit_of_work_name, unit_of_work_category, record_eff_dt, record_end_dt, acd, ivr) values ('After Hours Language Voicemail','VOICE_MAIL',to_date('1900/01/01', 'yyyy/mm/dd'),to_date('2999/12/31', 'yyyy/mm/dd'), 1, 0);
insert into cc_c_unit_of_work (unit_of_work_name, unit_of_work_category, record_eff_dt, record_end_dt, acd, ivr) values ('CCI Arabic','INBOUND',to_date('1900/01/01', 'yyyy/mm/dd'),to_date('2999/12/31', 'yyyy/mm/dd'), 1, 0);
insert into cc_c_unit_of_work (unit_of_work_name, unit_of_work_category, record_eff_dt, record_end_dt, acd, ivr) values ('CCI Armenian','INBOUND',to_date('1900/01/01', 'yyyy/mm/dd'),to_date('2999/12/31', 'yyyy/mm/dd'), 1, 0);
insert into cc_c_unit_of_work (unit_of_work_name, unit_of_work_category, record_eff_dt, record_end_dt, acd, ivr) values ('CCI Cambodian','INBOUND',to_date('1900/01/01', 'yyyy/mm/dd'),to_date('2999/12/31', 'yyyy/mm/dd'), 1, 0);
insert into cc_c_unit_of_work (unit_of_work_name, unit_of_work_category, record_eff_dt, record_end_dt, acd, ivr) values ('CCI Cantonese','INBOUND',to_date('1900/01/01', 'yyyy/mm/dd'),to_date('2999/12/31', 'yyyy/mm/dd'), 1, 0);
insert into cc_c_unit_of_work (unit_of_work_name, unit_of_work_category, record_eff_dt, record_end_dt, acd, ivr) values ('CCI English','INBOUND',to_date('1900/01/01', 'yyyy/mm/dd'),to_date('2999/12/31', 'yyyy/mm/dd'), 1, 0);
insert into cc_c_unit_of_work (unit_of_work_name, unit_of_work_category, record_eff_dt, record_end_dt, acd, ivr) values ('CCI Farsi','INBOUND',to_date('1900/01/01', 'yyyy/mm/dd'),to_date('2999/12/31', 'yyyy/mm/dd'), 1, 0);
insert into cc_c_unit_of_work (unit_of_work_name, unit_of_work_category, record_eff_dt, record_end_dt, acd, ivr) values ('CCI Hindi','INBOUND',to_date('1900/01/01', 'yyyy/mm/dd'),to_date('2999/12/31', 'yyyy/mm/dd'), 1, 0);
insert into cc_c_unit_of_work (unit_of_work_name, unit_of_work_category, record_eff_dt, record_end_dt, acd, ivr) values ('CCI Hmong','INBOUND',to_date('1900/01/01', 'yyyy/mm/dd'),to_date('2999/12/31', 'yyyy/mm/dd'), 1, 0);
insert into cc_c_unit_of_work (unit_of_work_name, unit_of_work_category, record_eff_dt, record_end_dt, acd, ivr) values ('CCI Japanese','INBOUND',to_date('1900/01/01', 'yyyy/mm/dd'),to_date('2999/12/31', 'yyyy/mm/dd'), 1, 0);
insert into cc_c_unit_of_work (unit_of_work_name, unit_of_work_category, record_eff_dt, record_end_dt, acd, ivr) values ('CCI Korean','INBOUND',to_date('1900/01/01', 'yyyy/mm/dd'),to_date('2999/12/31', 'yyyy/mm/dd'), 1, 0);
insert into cc_c_unit_of_work (unit_of_work_name, unit_of_work_category, record_eff_dt, record_end_dt, acd, ivr) values ('CCI Mandarin','INBOUND',to_date('1900/01/01', 'yyyy/mm/dd'),to_date('2999/12/31', 'yyyy/mm/dd'), 1, 0);
insert into cc_c_unit_of_work (unit_of_work_name, unit_of_work_category, record_eff_dt, record_end_dt, acd, ivr) values ('CCI Punjabi','INBOUND',to_date('1900/01/01', 'yyyy/mm/dd'),to_date('2999/12/31', 'yyyy/mm/dd'), 1, 0);
insert into cc_c_unit_of_work (unit_of_work_name, unit_of_work_category, record_eff_dt, record_end_dt, acd, ivr) values ('CCI Russian','INBOUND',to_date('1900/01/01', 'yyyy/mm/dd'),to_date('2999/12/31', 'yyyy/mm/dd'), 1, 0);
insert into cc_c_unit_of_work (unit_of_work_name, unit_of_work_category, record_eff_dt, record_end_dt, acd, ivr) values ('CCI Spanish','INBOUND',to_date('1900/01/01', 'yyyy/mm/dd'),to_date('2999/12/31', 'yyyy/mm/dd'), 1, 0);
insert into cc_c_unit_of_work (unit_of_work_name, unit_of_work_category, record_eff_dt, record_end_dt, acd, ivr) values ('CCI Tagalog','INBOUND',to_date('1900/01/01', 'yyyy/mm/dd'),to_date('2999/12/31', 'yyyy/mm/dd'), 1, 0);
insert into cc_c_unit_of_work (unit_of_work_name, unit_of_work_category, record_eff_dt, record_end_dt, acd, ivr) values ('CCI Thai','INBOUND',to_date('1900/01/01', 'yyyy/mm/dd'),to_date('2999/12/31', 'yyyy/mm/dd'), 1, 0);
insert into cc_c_unit_of_work (unit_of_work_name, unit_of_work_category, record_eff_dt, record_end_dt, acd, ivr) values ('CCI Vietnamese','INBOUND',to_date('1900/01/01', 'yyyy/mm/dd'),to_date('2999/12/31', 'yyyy/mm/dd'), 1, 0);
insert into cc_c_unit_of_work (unit_of_work_name, unit_of_work_category, record_eff_dt, record_end_dt, acd, ivr) values ('CAHCO Hindi','INBOUND',to_date('1900/01/01', 'yyyy/mm/dd'),to_date('2999/12/31', 'yyyy/mm/dd'), 1, 0);
insert into cc_c_unit_of_work (unit_of_work_name, unit_of_work_category, record_eff_dt, record_end_dt, acd, ivr) values ('CAHCO Japanese','INBOUND',to_date('1900/01/01', 'yyyy/mm/dd'),to_date('2999/12/31', 'yyyy/mm/dd'), 1, 0);
insert into cc_c_unit_of_work (unit_of_work_name, unit_of_work_category, record_eff_dt, record_end_dt, acd, ivr) values ('CAHCO Punjabi','INBOUND',to_date('1900/01/01', 'yyyy/mm/dd'),to_date('2999/12/31', 'yyyy/mm/dd'), 1, 0);
insert into cc_c_unit_of_work (unit_of_work_name, unit_of_work_category, record_eff_dt, record_end_dt, acd, ivr) values ('CAHCO Thai','INBOUND',to_date('1900/01/01', 'yyyy/mm/dd'),to_date('2999/12/31', 'yyyy/mm/dd'), 1, 0);




insert into cc_d_unit_of_work (unit_of_work_name, unit_of_work_category, production_plan_id, hourly_flag, handle_time_unit, acd, ivr) values ('Ombudsman','INBOUND', 1, 'N', 'Seconds', 1, 0);
insert into cc_d_unit_of_work (unit_of_work_name, unit_of_work_category, production_plan_id, hourly_flag, handle_time_unit, acd, ivr) values ('After Hours Language Voicemail','VOICE_MAIL', 1, 'N', 'Seconds', 1, 0);
insert into cc_d_unit_of_work (unit_of_work_name, unit_of_work_category, production_plan_id, hourly_flag, handle_time_unit, acd, ivr) values ('CCI Arabic','INBOUND', 1, 'N', 'Seconds', 1, 0);
insert into cc_d_unit_of_work (unit_of_work_name, unit_of_work_category, production_plan_id, hourly_flag, handle_time_unit, acd, ivr) values ('CCI Armenian','INBOUND', 1, 'N', 'Seconds', 1, 0);
insert into cc_d_unit_of_work (unit_of_work_name, unit_of_work_category, production_plan_id, hourly_flag, handle_time_unit, acd, ivr) values ('CCI Cambodian','INBOUND', 1, 'N', 'Seconds', 1, 0);
insert into cc_d_unit_of_work (unit_of_work_name, unit_of_work_category, production_plan_id, hourly_flag, handle_time_unit, acd, ivr) values ('CCI Cantonese','INBOUND', 1, 'N', 'Seconds', 1, 0);
insert into cc_d_unit_of_work (unit_of_work_name, unit_of_work_category, production_plan_id, hourly_flag, handle_time_unit, acd, ivr) values ('CCI English','INBOUND', 1, 'N', 'Seconds', 1, 0);
insert into cc_d_unit_of_work (unit_of_work_name, unit_of_work_category, production_plan_id, hourly_flag, handle_time_unit, acd, ivr) values ('CCI Farsi','INBOUND', 1, 'N', 'Seconds', 1, 0);
insert into cc_d_unit_of_work (unit_of_work_name, unit_of_work_category, production_plan_id, hourly_flag, handle_time_unit, acd, ivr) values ('CCI Hindi','INBOUND', 1, 'N', 'Seconds', 1, 0);
insert into cc_d_unit_of_work (unit_of_work_name, unit_of_work_category, production_plan_id, hourly_flag, handle_time_unit, acd, ivr) values ('CCI Hmong','INBOUND', 1, 'N', 'Seconds', 1, 0);
insert into cc_d_unit_of_work (unit_of_work_name, unit_of_work_category, production_plan_id, hourly_flag, handle_time_unit, acd, ivr) values ('CCI Japanese','INBOUND', 1, 'N', 'Seconds', 1, 0);
insert into cc_d_unit_of_work (unit_of_work_name, unit_of_work_category, production_plan_id, hourly_flag, handle_time_unit, acd, ivr) values ('CCI Korean','INBOUND', 1, 'N', 'Seconds', 1, 0);
insert into cc_d_unit_of_work (unit_of_work_name, unit_of_work_category, production_plan_id, hourly_flag, handle_time_unit, acd, ivr) values ('CCI Mandarin','INBOUND', 1, 'N', 'Seconds', 1, 0);
insert into cc_d_unit_of_work (unit_of_work_name, unit_of_work_category, production_plan_id, hourly_flag, handle_time_unit, acd, ivr) values ('CCI Punjabi','INBOUND', 1, 'N', 'Seconds', 1, 0);
insert into cc_d_unit_of_work (unit_of_work_name, unit_of_work_category, production_plan_id, hourly_flag, handle_time_unit, acd, ivr) values ('CCI Russian','INBOUND', 1, 'N', 'Seconds', 1, 0);
insert into cc_d_unit_of_work (unit_of_work_name, unit_of_work_category, production_plan_id, hourly_flag, handle_time_unit, acd, ivr) values ('CCI Spanish','INBOUND', 1, 'N', 'Seconds', 1, 0);
insert into cc_d_unit_of_work (unit_of_work_name, unit_of_work_category, production_plan_id, hourly_flag, handle_time_unit, acd, ivr) values ('CCI Tagalog','INBOUND', 1, 'N', 'Seconds', 1, 0);
insert into cc_d_unit_of_work (unit_of_work_name, unit_of_work_category, production_plan_id, hourly_flag, handle_time_unit, acd, ivr) values ('CCI Thai','INBOUND', 1, 'N', 'Seconds', 1, 0);
insert into cc_d_unit_of_work (unit_of_work_name, unit_of_work_category, production_plan_id, hourly_flag, handle_time_unit, acd, ivr) values ('CCI Vietnamese','INBOUND', 1, 'N', 'Seconds', 1, 0);
insert into cc_d_unit_of_work (unit_of_work_name, unit_of_work_category, production_plan_id, hourly_flag, handle_time_unit, acd, ivr) values ('CAHCO Hindi','INBOUND', 1, 'N', 'Seconds', 1, 0);
insert into cc_d_unit_of_work (unit_of_work_name, unit_of_work_category, production_plan_id, hourly_flag, handle_time_unit, acd, ivr) values ('CAHCO Japanese','INBOUND', 1, 'N', 'Seconds', 1, 0);
insert into cc_d_unit_of_work (unit_of_work_name, unit_of_work_category, production_plan_id, hourly_flag, handle_time_unit, acd, ivr) values ('CAHCO Punjabi','INBOUND', 1, 'N', 'Seconds', 1, 0);
insert into cc_d_unit_of_work (unit_of_work_name, unit_of_work_category, production_plan_id, hourly_flag, handle_time_unit, acd, ivr) values ('CAHCO Thai','INBOUND', 1, 'N', 'Seconds', 1, 0);

commit;

-- Contact queues

update cc_c_contact_queue set queue_type = 'Inbound', Unit_of_work_name = 'Ombudsman', project_name = 'CA HCO', program_name = 'Medi-Cal', region_name = 'West', state_name = 'California', service_seconds = 20, interval_minutes = 15 where queue_number = '7402';
update cc_c_contact_queue set queue_type = 'Voicemail', Unit_of_work_name = 'After Hours Language Voicemail', project_name = 'CA HCO', program_name = 'Medi-Cal', region_name = 'West', state_name = 'California', interval_minutes = 15 where queue_number = '7398';
update cc_c_contact_queue set queue_type = 'Voicemail', Unit_of_work_name = 'After Hours Language Voicemail', project_name = 'CA HCO', program_name = 'Medi-Cal', region_name = 'West', state_name = 'California', interval_minutes = 15 where queue_number = '7399';
update cc_c_contact_queue set queue_type = 'Voicemail', Unit_of_work_name = 'After Hours Language Voicemail', project_name = 'CA HCO', program_name = 'Medi-Cal', region_name = 'West', state_name = 'California', interval_minutes = 15 where queue_number = '7400';
update cc_c_contact_queue set queue_type = 'Voicemail', Unit_of_work_name = 'After Hours Language Voicemail', project_name = 'CA HCO', program_name = 'Medi-Cal', region_name = 'West', state_name = 'California', interval_minutes = 15 where queue_number = '7401';
update cc_c_contact_queue set queue_type = 'Inbound', Unit_of_work_name = 'CCI Arabic', project_name = 'CA HCO', program_name = 'Medi-Cal', region_name = 'West', state_name = 'California', service_seconds = 20, interval_minutes = 15 where queue_number = '7381';
update cc_c_contact_queue set queue_type = 'Inbound', Unit_of_work_name = 'CCI Armenian', project_name = 'CA HCO', program_name = 'Medi-Cal', region_name = 'West', state_name = 'California', service_seconds = 20, interval_minutes = 15 where queue_number = '7382';
update cc_c_contact_queue set queue_type = 'Inbound', Unit_of_work_name = 'CCI Cambodian', project_name = 'CA HCO', program_name = 'Medi-Cal', region_name = 'West', state_name = 'California', service_seconds = 20, interval_minutes = 15 where queue_number = '7383';
update cc_c_contact_queue set queue_type = 'Inbound', Unit_of_work_name = 'CCI Cantonese', project_name = 'CA HCO', program_name = 'Medi-Cal', region_name = 'West', state_name = 'California', service_seconds = 20, interval_minutes = 15 where queue_number = '7384';
update cc_c_contact_queue set queue_type = 'Inbound', Unit_of_work_name = 'CCI English', project_name = 'CA HCO', program_name = 'Medi-Cal', region_name = 'West', state_name = 'California', service_seconds = 20, interval_minutes = 15 where queue_number = '7385';
update cc_c_contact_queue set queue_type = 'Inbound', Unit_of_work_name = 'CCI Farsi', project_name = 'CA HCO', program_name = 'Medi-Cal', region_name = 'West', state_name = 'California', service_seconds = 20, interval_minutes = 15 where queue_number = '7386';
update cc_c_contact_queue set queue_type = 'Inbound', Unit_of_work_name = 'CCI Hindi', project_name = 'CA HCO', program_name = 'Medi-Cal', region_name = 'West', state_name = 'California', service_seconds = 20, interval_minutes = 15 where queue_number = '7387';
update cc_c_contact_queue set queue_type = 'Inbound', Unit_of_work_name = 'CCI Hmong', project_name = 'CA HCO', program_name = 'Medi-Cal', region_name = 'West', state_name = 'California', service_seconds = 20, interval_minutes = 15 where queue_number = '7388';
update cc_c_contact_queue set queue_type = 'Inbound', Unit_of_work_name = 'CCI Japanese', project_name = 'CA HCO', program_name = 'Medi-Cal', region_name = 'West', state_name = 'California', service_seconds = 20, interval_minutes = 15 where queue_number = '7389';
update cc_c_contact_queue set queue_type = 'Inbound', Unit_of_work_name = 'CCI Korean', project_name = 'CA HCO', program_name = 'Medi-Cal', region_name = 'West', state_name = 'California', service_seconds = 20, interval_minutes = 15 where queue_number = '7390';
update cc_c_contact_queue set queue_type = 'Inbound', Unit_of_work_name = 'CCI Mandarin', project_name = 'CA HCO', program_name = 'Medi-Cal', region_name = 'West', state_name = 'California', service_seconds = 20, interval_minutes = 15 where queue_number = '7391';
update cc_c_contact_queue set queue_type = 'Inbound', Unit_of_work_name = 'CCI Punjabi', project_name = 'CA HCO', program_name = 'Medi-Cal', region_name = 'West', state_name = 'California', service_seconds = 20, interval_minutes = 15 where queue_number = '7392';
update cc_c_contact_queue set queue_type = 'Inbound', Unit_of_work_name = 'CCI Russian', project_name = 'CA HCO', program_name = 'Medi-Cal', region_name = 'West', state_name = 'California', service_seconds = 20, interval_minutes = 15 where queue_number = '7393';
update cc_c_contact_queue set queue_type = 'Inbound', Unit_of_work_name = 'CCI Spanish', project_name = 'CA HCO', program_name = 'Medi-Cal', region_name = 'West', state_name = 'California', service_seconds = 20, interval_minutes = 15 where queue_number = '7394';
update cc_c_contact_queue set queue_type = 'Inbound', Unit_of_work_name = 'CCI Tagalog', project_name = 'CA HCO', program_name = 'Medi-Cal', region_name = 'West', state_name = 'California', service_seconds = 20, interval_minutes = 15 where queue_number = '7395';
update cc_c_contact_queue set queue_type = 'Inbound', Unit_of_work_name = 'CCI Thai', project_name = 'CA HCO', program_name = 'Medi-Cal', region_name = 'West', state_name = 'California', service_seconds = 20, interval_minutes = 15 where queue_number = '7396';
update cc_c_contact_queue set queue_type = 'Inbound', Unit_of_work_name = 'CCI Vietnamese', project_name = 'CA HCO', program_name = 'Medi-Cal', region_name = 'West', state_name = 'California', service_seconds = 20, interval_minutes = 15 where queue_number = '7397';
update cc_c_contact_queue set queue_type = 'Inbound', Unit_of_work_name = 'CAHCO Hindi', project_name = 'CA HCO', program_name = 'Medi-Cal', region_name = 'West', state_name = 'California', service_seconds = 20, interval_minutes = 15 where queue_number = '7376';
update cc_c_contact_queue set queue_type = 'Inbound', Unit_of_work_name = 'CAHCO Japanese', project_name = 'CA HCO', program_name = 'Medi-Cal', region_name = 'West', state_name = 'California', service_seconds = 20, interval_minutes = 15 where queue_number = '7377';
update cc_c_contact_queue set queue_type = 'Inbound', Unit_of_work_name = 'CAHCO Punjabi', project_name = 'CA HCO', program_name = 'Medi-Cal', region_name = 'West', state_name = 'California', service_seconds = 20, interval_minutes = 15 where queue_number = '7378';
update cc_c_contact_queue set queue_type = 'Inbound', Unit_of_work_name = 'CAHCO Thai', project_name = 'CA HCO', program_name = 'Medi-Cal', region_name = 'West', state_name = 'California', service_seconds = 20, interval_minutes = 15 where queue_number = '7379';



update cc_s_contact_queue set project_config_id = (select project_config_id from cc_c_project_config where project_name = 'CA HCO' and program_name = 'Medi-Cal'), queue_type = 'Inbound', unit_of_work_id = (select unit_of_work_id from cc_c_unit_of_work where unit_of_work_name = 'Ombudsman'), service_seconds = 20, interval_minutes = 15 where queue_number = '7402';
update cc_s_contact_queue set project_config_id = (select project_config_id from cc_c_project_config where project_name = 'CA HCO' and program_name = 'Medi-Cal'), queue_type = 'Voicemail', unit_of_work_id = (select unit_of_work_id from cc_c_unit_of_work where unit_of_work_name = 'After Hours Language Voicemail'), interval_minutes = 15 where queue_number = '7398';
update cc_s_contact_queue set project_config_id = (select project_config_id from cc_c_project_config where project_name = 'CA HCO' and program_name = 'Medi-Cal'), queue_type = 'Voicemail', unit_of_work_id = (select unit_of_work_id from cc_c_unit_of_work where unit_of_work_name = 'After Hours Language Voicemail'), interval_minutes = 15 where queue_number = '7399';
update cc_s_contact_queue set project_config_id = (select project_config_id from cc_c_project_config where project_name = 'CA HCO' and program_name = 'Medi-Cal'), queue_type = 'Voicemail', unit_of_work_id = (select unit_of_work_id from cc_c_unit_of_work where unit_of_work_name = 'After Hours Language Voicemail'), interval_minutes = 15 where queue_number = '7400';
update cc_s_contact_queue set project_config_id = (select project_config_id from cc_c_project_config where project_name = 'CA HCO' and program_name = 'Medi-Cal'), queue_type = 'Voicemail', unit_of_work_id = (select unit_of_work_id from cc_c_unit_of_work where unit_of_work_name = 'After Hours Language Voicemail'), interval_minutes = 15 where queue_number = '7401';
update cc_s_contact_queue set project_config_id = (select project_config_id from cc_c_project_config where project_name = 'CA HCO' and program_name = 'Medi-Cal'), queue_type = 'Inbound', unit_of_work_id = (select unit_of_work_id from cc_c_unit_of_work where unit_of_work_name = 'CCI Arabic'), service_seconds = 20, interval_minutes = 15 where queue_number = '7381';
update cc_s_contact_queue set project_config_id = (select project_config_id from cc_c_project_config where project_name = 'CA HCO' and program_name = 'Medi-Cal'), queue_type = 'Inbound', unit_of_work_id = (select unit_of_work_id from cc_c_unit_of_work where unit_of_work_name = 'CCI Armenian'), service_seconds = 20, interval_minutes = 15 where queue_number = '7382';
update cc_s_contact_queue set project_config_id = (select project_config_id from cc_c_project_config where project_name = 'CA HCO' and program_name = 'Medi-Cal'), queue_type = 'Inbound', unit_of_work_id = (select unit_of_work_id from cc_c_unit_of_work where unit_of_work_name = 'CCI Cambodian'), service_seconds = 20, interval_minutes = 15 where queue_number = '7383';
update cc_s_contact_queue set project_config_id = (select project_config_id from cc_c_project_config where project_name = 'CA HCO' and program_name = 'Medi-Cal'), queue_type = 'Inbound', unit_of_work_id = (select unit_of_work_id from cc_c_unit_of_work where unit_of_work_name = 'CCI Cantonese'), service_seconds = 20, interval_minutes = 15 where queue_number = '7384';
update cc_s_contact_queue set project_config_id = (select project_config_id from cc_c_project_config where project_name = 'CA HCO' and program_name = 'Medi-Cal'), queue_type = 'Inbound', unit_of_work_id = (select unit_of_work_id from cc_c_unit_of_work where unit_of_work_name = 'CCI English'), service_seconds = 20, interval_minutes = 15 where queue_number = '7385';
update cc_s_contact_queue set project_config_id = (select project_config_id from cc_c_project_config where project_name = 'CA HCO' and program_name = 'Medi-Cal'), queue_type = 'Inbound', unit_of_work_id = (select unit_of_work_id from cc_c_unit_of_work where unit_of_work_name = 'CCI Farsi'), service_seconds = 20, interval_minutes = 15 where queue_number = '7386';
update cc_s_contact_queue set project_config_id = (select project_config_id from cc_c_project_config where project_name = 'CA HCO' and program_name = 'Medi-Cal'), queue_type = 'Inbound', unit_of_work_id = (select unit_of_work_id from cc_c_unit_of_work where unit_of_work_name = 'CCI Hindi'), service_seconds = 20, interval_minutes = 15 where queue_number = '7387';
update cc_s_contact_queue set project_config_id = (select project_config_id from cc_c_project_config where project_name = 'CA HCO' and program_name = 'Medi-Cal'), queue_type = 'Inbound', unit_of_work_id = (select unit_of_work_id from cc_c_unit_of_work where unit_of_work_name = 'CCI Hmong'), service_seconds = 20, interval_minutes = 15 where queue_number = '7388';
update cc_s_contact_queue set project_config_id = (select project_config_id from cc_c_project_config where project_name = 'CA HCO' and program_name = 'Medi-Cal'), queue_type = 'Inbound', unit_of_work_id = (select unit_of_work_id from cc_c_unit_of_work where unit_of_work_name = 'CCI Japanese'), service_seconds = 20, interval_minutes = 15 where queue_number = '7389';
update cc_s_contact_queue set project_config_id = (select project_config_id from cc_c_project_config where project_name = 'CA HCO' and program_name = 'Medi-Cal'), queue_type = 'Inbound', unit_of_work_id = (select unit_of_work_id from cc_c_unit_of_work where unit_of_work_name = 'CCI Korean'), service_seconds = 20, interval_minutes = 15 where queue_number = '7390';
update cc_s_contact_queue set project_config_id = (select project_config_id from cc_c_project_config where project_name = 'CA HCO' and program_name = 'Medi-Cal'), queue_type = 'Inbound', unit_of_work_id = (select unit_of_work_id from cc_c_unit_of_work where unit_of_work_name = 'CCI Mandarin'), service_seconds = 20, interval_minutes = 15 where queue_number = '7391';
update cc_s_contact_queue set project_config_id = (select project_config_id from cc_c_project_config where project_name = 'CA HCO' and program_name = 'Medi-Cal'), queue_type = 'Inbound', unit_of_work_id = (select unit_of_work_id from cc_c_unit_of_work where unit_of_work_name = 'CCI Punjabi'), service_seconds = 20, interval_minutes = 15 where queue_number = '7392';
update cc_s_contact_queue set project_config_id = (select project_config_id from cc_c_project_config where project_name = 'CA HCO' and program_name = 'Medi-Cal'), queue_type = 'Inbound', unit_of_work_id = (select unit_of_work_id from cc_c_unit_of_work where unit_of_work_name = 'CCI Russian'), service_seconds = 20, interval_minutes = 15 where queue_number = '7393';
update cc_s_contact_queue set project_config_id = (select project_config_id from cc_c_project_config where project_name = 'CA HCO' and program_name = 'Medi-Cal'), queue_type = 'Inbound', unit_of_work_id = (select unit_of_work_id from cc_c_unit_of_work where unit_of_work_name = 'CCI Spanish'), service_seconds = 20, interval_minutes = 15 where queue_number = '7394';
update cc_s_contact_queue set project_config_id = (select project_config_id from cc_c_project_config where project_name = 'CA HCO' and program_name = 'Medi-Cal'), queue_type = 'Inbound', unit_of_work_id = (select unit_of_work_id from cc_c_unit_of_work where unit_of_work_name = 'CCI Tagalog'), service_seconds = 20, interval_minutes = 15 where queue_number = '7395';
update cc_s_contact_queue set project_config_id = (select project_config_id from cc_c_project_config where project_name = 'CA HCO' and program_name = 'Medi-Cal'), queue_type = 'Inbound', unit_of_work_id = (select unit_of_work_id from cc_c_unit_of_work where unit_of_work_name = 'CCI Thai'), service_seconds = 20, interval_minutes = 15 where queue_number = '7396';
update cc_s_contact_queue set project_config_id = (select project_config_id from cc_c_project_config where project_name = 'CA HCO' and program_name = 'Medi-Cal'), queue_type = 'Inbound', unit_of_work_id = (select unit_of_work_id from cc_c_unit_of_work where unit_of_work_name = 'CCI Vietnamese'), service_seconds = 20, interval_minutes = 15 where queue_number = '7397';
update cc_s_contact_queue set project_config_id = (select project_config_id from cc_c_project_config where project_name = 'CA HCO' and program_name = 'Medi-Cal'), queue_type = 'Inbound', unit_of_work_id = (select unit_of_work_id from cc_c_unit_of_work where unit_of_work_name = 'CAHCO Hindi'), service_seconds = 20, interval_minutes = 15 where queue_number = '7376';
update cc_s_contact_queue set project_config_id = (select project_config_id from cc_c_project_config where project_name = 'CA HCO' and program_name = 'Medi-Cal'), queue_type = 'Inbound', unit_of_work_id = (select unit_of_work_id from cc_c_unit_of_work where unit_of_work_name = 'CAHCO Japanese'), service_seconds = 20, interval_minutes = 15 where queue_number = '7377';
update cc_s_contact_queue set project_config_id = (select project_config_id from cc_c_project_config where project_name = 'CA HCO' and program_name = 'Medi-Cal'), queue_type = 'Inbound', unit_of_work_id = (select unit_of_work_id from cc_c_unit_of_work where unit_of_work_name = 'CAHCO Punjabi'), service_seconds = 20, interval_minutes = 15 where queue_number = '7378';
update cc_s_contact_queue set project_config_id = (select project_config_id from cc_c_project_config where project_name = 'CA HCO' and program_name = 'Medi-Cal'), queue_type = 'Inbound', unit_of_work_id = (select unit_of_work_id from cc_c_unit_of_work where unit_of_work_name = 'CAHCO Thai'), service_seconds = 20, interval_minutes = 15 where queue_number = '7379';



update cc_d_contact_queue set queue_type = 'Inbound', d_project_id = (select project_id from cc_d_project where project_name = 'CA HCO'), d_program_id = (select program_id from cc_d_program where program_name = 'Medi-Cal'), d_unit_of_work_id = (select uow_id from cc_d_unit_of_work where unit_of_work_name = 'Ombudsman'), d_geography_master_id = (select geography_master_id from cc_d_geography_master where geography_name = 'California'), service_seconds = 20, interval_minutes = 15 where queue_number = '7402';
update cc_d_contact_queue set queue_type = 'Voicemail', d_project_id = (select project_id from cc_d_project where project_name = 'CA HCO'), d_program_id = (select program_id from cc_d_program where program_name = 'Medi-Cal'), d_unit_of_work_id = (select uow_id from cc_d_unit_of_work where unit_of_work_name = 'After Hours Language Voicemail'), d_geography_master_id = (select geography_master_id from cc_d_geography_master where geography_name = 'California'), interval_minutes = 15 where queue_number = '7398';
update cc_d_contact_queue set queue_type = 'Voicemail', d_project_id = (select project_id from cc_d_project where project_name = 'CA HCO'), d_program_id = (select program_id from cc_d_program where program_name = 'Medi-Cal'), d_unit_of_work_id = (select uow_id from cc_d_unit_of_work where unit_of_work_name = 'After Hours Language Voicemail'), d_geography_master_id = (select geography_master_id from cc_d_geography_master where geography_name = 'California'), interval_minutes = 15 where queue_number = '7399';
update cc_d_contact_queue set queue_type = 'Voicemail', d_project_id = (select project_id from cc_d_project where project_name = 'CA HCO'), d_program_id = (select program_id from cc_d_program where program_name = 'Medi-Cal'), d_unit_of_work_id = (select uow_id from cc_d_unit_of_work where unit_of_work_name = 'After Hours Language Voicemail'), d_geography_master_id = (select geography_master_id from cc_d_geography_master where geography_name = 'California'), interval_minutes = 15 where queue_number = '7400';
update cc_d_contact_queue set queue_type = 'Voicemail', d_project_id = (select project_id from cc_d_project where project_name = 'CA HCO'), d_program_id = (select program_id from cc_d_program where program_name = 'Medi-Cal'), d_unit_of_work_id = (select uow_id from cc_d_unit_of_work where unit_of_work_name = 'After Hours Language Voicemail'), d_geography_master_id = (select geography_master_id from cc_d_geography_master where geography_name = 'California'), interval_minutes = 15 where queue_number = '7401';
update cc_d_contact_queue set queue_type = 'Inbound', d_project_id = (select project_id from cc_d_project where project_name = 'CA HCO'), d_program_id = (select program_id from cc_d_program where program_name = 'Medi-Cal'), d_unit_of_work_id = (select uow_id from cc_d_unit_of_work where unit_of_work_name = 'CCI Arabic'), d_geography_master_id = (select geography_master_id from cc_d_geography_master where geography_name = 'California'), service_seconds = 20, interval_minutes = 15 where queue_number = '7381';
update cc_d_contact_queue set queue_type = 'Inbound', d_project_id = (select project_id from cc_d_project where project_name = 'CA HCO'), d_program_id = (select program_id from cc_d_program where program_name = 'Medi-Cal'), d_unit_of_work_id = (select uow_id from cc_d_unit_of_work where unit_of_work_name = 'CCI Armenian'), d_geography_master_id = (select geography_master_id from cc_d_geography_master where geography_name = 'California'), service_seconds = 20, interval_minutes = 15 where queue_number = '7382';
update cc_d_contact_queue set queue_type = 'Inbound', d_project_id = (select project_id from cc_d_project where project_name = 'CA HCO'), d_program_id = (select program_id from cc_d_program where program_name = 'Medi-Cal'), d_unit_of_work_id = (select uow_id from cc_d_unit_of_work where unit_of_work_name = 'CCI Cambodian'), d_geography_master_id = (select geography_master_id from cc_d_geography_master where geography_name = 'California'), service_seconds = 20, interval_minutes = 15 where queue_number = '7383';
update cc_d_contact_queue set queue_type = 'Inbound', d_project_id = (select project_id from cc_d_project where project_name = 'CA HCO'), d_program_id = (select program_id from cc_d_program where program_name = 'Medi-Cal'), d_unit_of_work_id = (select uow_id from cc_d_unit_of_work where unit_of_work_name = 'CCI Cantonese'), d_geography_master_id = (select geography_master_id from cc_d_geography_master where geography_name = 'California'), service_seconds = 20, interval_minutes = 15 where queue_number = '7384';
update cc_d_contact_queue set queue_type = 'Inbound', d_project_id = (select project_id from cc_d_project where project_name = 'CA HCO'), d_program_id = (select program_id from cc_d_program where program_name = 'Medi-Cal'), d_unit_of_work_id = (select uow_id from cc_d_unit_of_work where unit_of_work_name = 'CCI English'), d_geography_master_id = (select geography_master_id from cc_d_geography_master where geography_name = 'California'), service_seconds = 20, interval_minutes = 15 where queue_number = '7385';
update cc_d_contact_queue set queue_type = 'Inbound', d_project_id = (select project_id from cc_d_project where project_name = 'CA HCO'), d_program_id = (select program_id from cc_d_program where program_name = 'Medi-Cal'), d_unit_of_work_id = (select uow_id from cc_d_unit_of_work where unit_of_work_name = 'CCI Farsi'), d_geography_master_id = (select geography_master_id from cc_d_geography_master where geography_name = 'California'), service_seconds = 20, interval_minutes = 15 where queue_number = '7386';
update cc_d_contact_queue set queue_type = 'Inbound', d_project_id = (select project_id from cc_d_project where project_name = 'CA HCO'), d_program_id = (select program_id from cc_d_program where program_name = 'Medi-Cal'), d_unit_of_work_id = (select uow_id from cc_d_unit_of_work where unit_of_work_name = 'CCI Hindi'), d_geography_master_id = (select geography_master_id from cc_d_geography_master where geography_name = 'California'), service_seconds = 20, interval_minutes = 15 where queue_number = '7387';
update cc_d_contact_queue set queue_type = 'Inbound', d_project_id = (select project_id from cc_d_project where project_name = 'CA HCO'), d_program_id = (select program_id from cc_d_program where program_name = 'Medi-Cal'), d_unit_of_work_id = (select uow_id from cc_d_unit_of_work where unit_of_work_name = 'CCI Hmong'), d_geography_master_id = (select geography_master_id from cc_d_geography_master where geography_name = 'California'), service_seconds = 20, interval_minutes = 15 where queue_number = '7388';
update cc_d_contact_queue set queue_type = 'Inbound', d_project_id = (select project_id from cc_d_project where project_name = 'CA HCO'), d_program_id = (select program_id from cc_d_program where program_name = 'Medi-Cal'), d_unit_of_work_id = (select uow_id from cc_d_unit_of_work where unit_of_work_name = 'CCI Japanese'), d_geography_master_id = (select geography_master_id from cc_d_geography_master where geography_name = 'California'), service_seconds = 20, interval_minutes = 15 where queue_number = '7389';
update cc_d_contact_queue set queue_type = 'Inbound', d_project_id = (select project_id from cc_d_project where project_name = 'CA HCO'), d_program_id = (select program_id from cc_d_program where program_name = 'Medi-Cal'), d_unit_of_work_id = (select uow_id from cc_d_unit_of_work where unit_of_work_name = 'CCI Korean'), d_geography_master_id = (select geography_master_id from cc_d_geography_master where geography_name = 'California'), service_seconds = 20, interval_minutes = 15 where queue_number = '7390';
update cc_d_contact_queue set queue_type = 'Inbound', d_project_id = (select project_id from cc_d_project where project_name = 'CA HCO'), d_program_id = (select program_id from cc_d_program where program_name = 'Medi-Cal'), d_unit_of_work_id = (select uow_id from cc_d_unit_of_work where unit_of_work_name = 'CCI Mandarin'), d_geography_master_id = (select geography_master_id from cc_d_geography_master where geography_name = 'California'), service_seconds = 20, interval_minutes = 15 where queue_number = '7391';
update cc_d_contact_queue set queue_type = 'Inbound', d_project_id = (select project_id from cc_d_project where project_name = 'CA HCO'), d_program_id = (select program_id from cc_d_program where program_name = 'Medi-Cal'), d_unit_of_work_id = (select uow_id from cc_d_unit_of_work where unit_of_work_name = 'CCI Punjabi'), d_geography_master_id = (select geography_master_id from cc_d_geography_master where geography_name = 'California'), service_seconds = 20, interval_minutes = 15 where queue_number = '7392';
update cc_d_contact_queue set queue_type = 'Inbound', d_project_id = (select project_id from cc_d_project where project_name = 'CA HCO'), d_program_id = (select program_id from cc_d_program where program_name = 'Medi-Cal'), d_unit_of_work_id = (select uow_id from cc_d_unit_of_work where unit_of_work_name = 'CCI Russian'), d_geography_master_id = (select geography_master_id from cc_d_geography_master where geography_name = 'California'), service_seconds = 20, interval_minutes = 15 where queue_number = '7393';
update cc_d_contact_queue set queue_type = 'Inbound', d_project_id = (select project_id from cc_d_project where project_name = 'CA HCO'), d_program_id = (select program_id from cc_d_program where program_name = 'Medi-Cal'), d_unit_of_work_id = (select uow_id from cc_d_unit_of_work where unit_of_work_name = 'CCI Spanish'), d_geography_master_id = (select geography_master_id from cc_d_geography_master where geography_name = 'California'), service_seconds = 20, interval_minutes = 15 where queue_number = '7394';
update cc_d_contact_queue set queue_type = 'Inbound', d_project_id = (select project_id from cc_d_project where project_name = 'CA HCO'), d_program_id = (select program_id from cc_d_program where program_name = 'Medi-Cal'), d_unit_of_work_id = (select uow_id from cc_d_unit_of_work where unit_of_work_name = 'CCI Tagalog'), d_geography_master_id = (select geography_master_id from cc_d_geography_master where geography_name = 'California'), service_seconds = 20, interval_minutes = 15 where queue_number = '7395';
update cc_d_contact_queue set queue_type = 'Inbound', d_project_id = (select project_id from cc_d_project where project_name = 'CA HCO'), d_program_id = (select program_id from cc_d_program where program_name = 'Medi-Cal'), d_unit_of_work_id = (select uow_id from cc_d_unit_of_work where unit_of_work_name = 'CCI Thai'), d_geography_master_id = (select geography_master_id from cc_d_geography_master where geography_name = 'California'), service_seconds = 20, interval_minutes = 15 where queue_number = '7396';
update cc_d_contact_queue set queue_type = 'Inbound', d_project_id = (select project_id from cc_d_project where project_name = 'CA HCO'), d_program_id = (select program_id from cc_d_program where program_name = 'Medi-Cal'), d_unit_of_work_id = (select uow_id from cc_d_unit_of_work where unit_of_work_name = 'CCI Vietnamese'), d_geography_master_id = (select geography_master_id from cc_d_geography_master where geography_name = 'California'), service_seconds = 20, interval_minutes = 15 where queue_number = '7397';
update cc_d_contact_queue set queue_type = 'Inbound', d_project_id = (select project_id from cc_d_project where project_name = 'CA HCO'), d_program_id = (select program_id from cc_d_program where program_name = 'Medi-Cal'), d_unit_of_work_id = (select uow_id from cc_d_unit_of_work where unit_of_work_name = 'CAHCO Hindi'), d_geography_master_id = (select geography_master_id from cc_d_geography_master where geography_name = 'California'), service_seconds = 20, interval_minutes = 15 where queue_number = '7376';
update cc_d_contact_queue set queue_type = 'Inbound', d_project_id = (select project_id from cc_d_project where project_name = 'CA HCO'), d_program_id = (select program_id from cc_d_program where program_name = 'Medi-Cal'), d_unit_of_work_id = (select uow_id from cc_d_unit_of_work where unit_of_work_name = 'CAHCO Japanese'), d_geography_master_id = (select geography_master_id from cc_d_geography_master where geography_name = 'California'), service_seconds = 20, interval_minutes = 15 where queue_number = '7377';
update cc_d_contact_queue set queue_type = 'Inbound', d_project_id = (select project_id from cc_d_project where project_name = 'CA HCO'), d_program_id = (select program_id from cc_d_program where program_name = 'Medi-Cal'), d_unit_of_work_id = (select uow_id from cc_d_unit_of_work where unit_of_work_name = 'CAHCO Punjabi'), d_geography_master_id = (select geography_master_id from cc_d_geography_master where geography_name = 'California'), service_seconds = 20, interval_minutes = 15 where queue_number = '7378';
update cc_d_contact_queue set queue_type = 'Inbound', d_project_id = (select project_id from cc_d_project where project_name = 'CA HCO'), d_program_id = (select program_id from cc_d_program where program_name = 'Medi-Cal'), d_unit_of_work_id = (select uow_id from cc_d_unit_of_work where unit_of_work_name = 'CAHCO Thai'), d_geography_master_id = (select geography_master_id from cc_d_geography_master where geography_name = 'California'), service_seconds = 20, interval_minutes = 15 where queue_number = '7379';

commit;

-- Agent Routing Groups

update cc_c_agent_rtg_grp set project_name = 'CA HCO', program_name = 'Medi-Cal', region_name = 'West', state_name = 'California' where agent_routing_group_number = 5369;
update cc_c_agent_rtg_grp set project_name = 'CA HCO', program_name = 'Medi-Cal', region_name = 'West', state_name = 'California' where agent_routing_group_number = 5370;
update cc_c_agent_rtg_grp set project_name = 'CA HCO', program_name = 'Medi-Cal', region_name = 'West', state_name = 'California' where agent_routing_group_number = 5371;
update cc_c_agent_rtg_grp set project_name = 'CA HCO', program_name = 'Medi-Cal', region_name = 'West', state_name = 'California' where agent_routing_group_number = 5372;
update cc_c_agent_rtg_grp set project_name = 'CA HCO', program_name = 'Medi-Cal', region_name = 'West', state_name = 'California' where agent_routing_group_number = 5373;
update cc_c_agent_rtg_grp set project_name = 'CA HCO', program_name = 'Medi-Cal', region_name = 'West', state_name = 'California' where agent_routing_group_number = 5374;
update cc_c_agent_rtg_grp set project_name = 'CA HCO', program_name = 'Medi-Cal', region_name = 'West', state_name = 'California' where agent_routing_group_number = 5375;
update cc_c_agent_rtg_grp set project_name = 'CA HCO', program_name = 'Medi-Cal', region_name = 'West', state_name = 'California' where agent_routing_group_number = 5359;
update cc_c_agent_rtg_grp set project_name = 'CA HCO', program_name = 'Medi-Cal', region_name = 'West', state_name = 'California' where agent_routing_group_number = 5360;
update cc_c_agent_rtg_grp set project_name = 'CA HCO', program_name = 'Medi-Cal', region_name = 'West', state_name = 'California' where agent_routing_group_number = 5361;
update cc_c_agent_rtg_grp set project_name = 'CA HCO', program_name = 'Medi-Cal', region_name = 'West', state_name = 'California' where agent_routing_group_number = 5362;
update cc_c_agent_rtg_grp set project_name = 'CA HCO', program_name = 'Medi-Cal', region_name = 'West', state_name = 'California' where agent_routing_group_number = 5363;
update cc_c_agent_rtg_grp set project_name = 'CA HCO', program_name = 'Medi-Cal', region_name = 'West', state_name = 'California' where agent_routing_group_number = 5364;
update cc_c_agent_rtg_grp set project_name = 'CA HCO', program_name = 'Medi-Cal', region_name = 'West', state_name = 'California' where agent_routing_group_number = 5365;
update cc_c_agent_rtg_grp set project_name = 'CA HCO', program_name = 'Medi-Cal', region_name = 'West', state_name = 'California' where agent_routing_group_number = 5366;
update cc_c_agent_rtg_grp set project_name = 'CA HCO', program_name = 'Medi-Cal', region_name = 'West', state_name = 'California' where agent_routing_group_number = 5367;
update cc_c_agent_rtg_grp set project_name = 'CA HCO', program_name = 'Medi-Cal', region_name = 'West', state_name = 'California' where agent_routing_group_number = 5368;
update cc_c_agent_rtg_grp set project_name = 'CA HCO', program_name = 'Medi-Cal', region_name = 'West', state_name = 'California' where agent_routing_group_number = 5376;
update cc_c_agent_rtg_grp set project_name = 'CA HCO', program_name = 'Medi-Cal', region_name = 'West', state_name = 'California' where agent_routing_group_number = 5377;
update cc_c_agent_rtg_grp set project_name = 'CA HCO', program_name = 'Medi-Cal', region_name = 'West', state_name = 'California' where agent_routing_group_number = 5378;



commit;    

-- cc_c_filter

insert into cc_c_filter (filter_type, value) values ('ACD_PQ_ID_INC',5369 );
insert into cc_c_filter (filter_type, value) values ('ACD_PQ_ID_INC',5370 );
insert into cc_c_filter (filter_type, value) values ('ACD_PQ_ID_INC',5371 );
insert into cc_c_filter (filter_type, value) values ('ACD_PQ_ID_INC',5372 );
insert into cc_c_filter (filter_type, value) values ('ACD_PQ_ID_INC',5373 );
insert into cc_c_filter (filter_type, value) values ('ACD_PQ_ID_INC',5374 );
insert into cc_c_filter (filter_type, value) values ('ACD_PQ_ID_INC',5375 );
insert into cc_c_filter (filter_type, value) values ('ACD_PQ_ID_INC',5359 );
insert into cc_c_filter (filter_type, value) values ('ACD_PQ_ID_INC',5360 );
insert into cc_c_filter (filter_type, value) values ('ACD_PQ_ID_INC',5361 );
insert into cc_c_filter (filter_type, value) values ('ACD_PQ_ID_INC',5362 );
insert into cc_c_filter (filter_type, value) values ('ACD_PQ_ID_INC',5363 );
insert into cc_c_filter (filter_type, value) values ('ACD_PQ_ID_INC',5364 );
insert into cc_c_filter (filter_type, value) values ('ACD_PQ_ID_INC',5365 );
insert into cc_c_filter (filter_type, value) values ('ACD_PQ_ID_INC',5366 );
insert into cc_c_filter (filter_type, value) values ('ACD_PQ_ID_INC',5367 );
insert into cc_c_filter (filter_type, value) values ('ACD_PQ_ID_INC',5368 );
insert into cc_c_filter (filter_type, value) values ('ACD_PQ_ID_INC',5376 );
insert into cc_c_filter (filter_type, value) values ('ACD_PQ_ID_INC',5377 );
insert into cc_c_filter (filter_type, value) values ('ACD_PQ_ID_INC',5378 );


commit;