UNIT_OF_WORK_NAME,RECORD_EFF_DT,RECORD_END_DT
N/A,1/1/1900,12/31/2999
EEV English,1/1/1900,12/31/2999
EEV Spanish,1/1/1900,12/31/2999
CES English,1/1/1900,12/31/2999
CES Spanish,1/1/1900,12/31/2999
VMC English,1/1/1900,12/31/2999
VMC Spanish,1/1/1900,12/31/2999
ICP English,1/1/1900,12/31/2999
ICP Spanish,1/1/1900,12/31/2999
Health Connect English,1/1/1900,12/31/2999
Health Connect Spanish,1/1/1900,12/31/2999
General English,1/1/1900,12/31/2999
General Spanish,1/1/1900,12/31/2999
MMAI English,1/1/1900,12/31/2999
MMAI Spanish,1/1/1900,12/31/2999
