<?xml version = '1.0' encoding = 'UTF-8'?>
<DataBaseSqlServerv2k5 class="oracle.dbtools.crest.model.design.storage.sqlserver.v2k5.DataBaseSqlServerv2k5" name="UK_HWS" directorySegmentName="seg_0" id="9E5DB530-24AB-88CE-E991-EFC5690BE626">
<sourceConnName>UK_HWS rk50472</sourceConnName>
<sourceObjName>UK_HWS</sourceObjName>
<createdBy>50472</createdBy>
<createdTime>2014-11-20 22:42:08 UTC</createdTime>
<ownerDesignName>UK_HWS_Assessments_data_model_diagram12172014</ownerDesignName>
<fileGroups>
<FileGroup class="oracle.dbtools.crest.model.design.storage.sqlserver.v2k5.FileGroupSqlServerv2k5" name="PRIMARY" id="75266422-2B70-EF47-42AC-FE2499733385">
<createdBy>50472</createdBy>
<createdTime>2014-11-20 22:42:08 UTC</createdTime>
<ownerDesignName>UK_HWS_Assessments_data_model_diagram12172014</ownerDesignName>
<dataFiles>
<DataFile class="oracle.dbtools.crest.model.design.storage.sqlserver.v2k5.DataFileSqlServerv2k5" name="DB1_Data.MDF" id="8F229EB1-31DA-8EC0-A0C2-8076AAEA4641">
<createdBy>50472</createdBy>
<createdTime>2014-11-20 22:42:08 UTC</createdTime>
<ownerDesignName>UK_HWS_Assessments_data_model_diagram12172014</ownerDesignName>
<fileName>c:\program files\microsoft sql server\mssql\data\DB1_Data.MDF</fileName>
</DataFile>
<DataFile class="oracle.dbtools.crest.model.design.storage.sqlserver.v2k5.DataFileSqlServerv2k5" name="UK-HWS" id="A5950A0F-FE85-386B-D33B-8525A6D790FE">
<createdBy>50472</createdBy>
<createdTime>2014-11-20 22:42:08 UTC</createdTime>
<ownerDesignName>UK_HWS_Assessments_data_model_diagram12172014</ownerDesignName>
<fileName>D:\Program Files\Microsoft SQL Server\MSSQL11.MSSQLSERVER\MSSQL\DATA\UK-HWS .mdf</fileName>
<growthMethod>By Percent</growthMethod>
<growthValue>10</growthValue>
<initialSize>12800</initialSize>
</DataFile>
</dataFiles>
</FileGroup>
</fileGroups>
</DataBaseSqlServerv2k5>