<?xml version = '1.0' encoding = 'UTF-8'?>
<FKIndexAssociation class="oracle.dbtools.crest.model.design.relational.FKIndexAssociation" id="181197A2-283E-E354-EE75-B931FC28E877" directorySegmentName="seg_0" name="FMFDOCBD_DMFDOCCUR_FK">
<createdBy>ro38606</createdBy>
<createdTime>2013-05-09 18:10:04 UTC</createdTime>
<ownerDesignName>TXEB_BPM_Semantic_data_model_diagram</ownerDesignName>
<containerWithKeyObject>5C425949-F273-27ED-90D4-0B2013437206</containerWithKeyObject>
<deleteRule>NO ACTION</deleteRule>
<localFKIndex>08143860-E44C-D7EA-66A4-7D74BB672B34</localFKIndex>
<keyObject>6130A384-3623-C7C7-5A01-AA281975F1C6</keyObject>
<mandatory>true</mandatory>
<transferable>true</transferable>
</FKIndexAssociation>