<?xml version = '1.0' encoding = 'UTF-8'?>
<FKIndexAssociation class="oracle.dbtools.crest.model.design.relational.FKIndexAssociation" id="206E6930-79D6-B96A-4201-96E0EF0BF153" directorySegmentName="seg_0" name="FPIBD_DPIIR_FK">
<createdBy>ro38606</createdBy>
<createdTime>2013-05-09 18:10:04 UTC</createdTime>
<ownerDesignName>TXEB_BPM_Semantic_data_model_diagram</ownerDesignName>
<containerWithKeyObject>1CC62694-BC68-EF0D-1F50-8D29BD1B92B6</containerWithKeyObject>
<deleteRule>NO ACTION</deleteRule>
<localFKIndex>43DEEFBA-5B62-2769-DAF5-59241B8D28C1</localFKIndex>
<keyObject>CC91FEBC-D6A9-FA85-8541-929EC1907EA2</keyObject>
<mandatory>true</mandatory>
<transferable>true</transferable>
</FKIndexAssociation>