<?xml version = '1.0' encoding = 'UTF-8'?>
<FKIndexAssociation class="oracle.dbtools.crest.model.design.relational.FKIndexAssociation" id="45129F62-113C-6D74-7163-0EEA6E9AD376" directorySegmentName="seg_0" name="FIMJBD_DIMJLUB_FK">
<sourceConnName>MAXDTDEV</sourceConnName>
<sourceObjSchema>MAXDAT</sourceObjSchema>
<sourceObjName>FIMJBD_DIMJLUB_FK</sourceObjName>
<createdBy>mb56142</createdBy>
<createdTime>2013-05-23 21:45:52 UTC</createdTime>
<ownerDesignName>TXEB_BPM_Semantic_data_model_diagram</ownerDesignName>
<containerWithKeyObject>A4C8CBEF-0EE1-5DFD-8674-716C5C52087A</containerWithKeyObject>
<deleteRule>NO ACTION</deleteRule>
<localFKIndex>7CC35D91-C184-9FAD-D63F-060CDBF985D0</localFKIndex>
<keyObject>06A9629C-E503-2076-B53E-D39C3331BECC</keyObject>
<mandatory>true</mandatory>
<transferable>true</transferable>
</FKIndexAssociation>