<?xml version = '1.0' encoding = 'UTF-8'?>
<FKIndexAssociation class="oracle.dbtools.crest.model.design.relational.FKIndexAssociation" id="5E85FF60-42DB-1EB5-7398-E1D73F6AE54C" directorySegmentName="seg_0" name="FPLBD_DPLCUR_FK">
<createdBy>ro38606</createdBy>
<createdTime>2013-05-09 18:10:04 UTC</createdTime>
<ownerDesignName>TXEB_BPM_Semantic_data_model_diagram</ownerDesignName>
<containerWithKeyObject>3E07923A-9B55-CE1E-6FC2-6E2BC1621C70</containerWithKeyObject>
<deleteRule>NO ACTION</deleteRule>
<localFKIndex>54EFFBE4-0ABD-F9DC-B2E2-B85433EDC554</localFKIndex>
<keyObject>A4EECFC5-AA6F-3830-5ECD-A9A38DC96501</keyObject>
<mandatory>true</mandatory>
<transferable>true</transferable>
</FKIndexAssociation>