<?xml version = '1.0' encoding = 'UTF-8'?>
<FKIndexAssociation class="oracle.dbtools.crest.model.design.relational.FKIndexAssociation" id="67C5902D-A8F0-A778-30E8-DB4AE4AA31D9" directorySegmentName="seg_0" name="FMFDOCBD_DMFDOCDT_FK">
<createdBy>ro38606</createdBy>
<createdTime>2013-05-09 18:10:04 UTC</createdTime>
<ownerDesignName>TXEB_BPM_Semantic_data_model_diagram</ownerDesignName>
<containerWithKeyObject>5C425949-F273-27ED-90D4-0B2013437206</containerWithKeyObject>
<deleteRule>NO ACTION</deleteRule>
<localFKIndex>AF9503E2-29C6-FC7B-2809-729AB86DD733</localFKIndex>
<keyObject>7267C70C-0C63-19D9-1F66-758E9EC906A2</keyObject>
<mandatory>false</mandatory>
<transferable>true</transferable>
</FKIndexAssociation>