<?xml version = '1.0' encoding = 'UTF-8'?>
<FKIndexAssociation class="oracle.dbtools.crest.model.design.relational.FKIndexAssociation" id="6F1A9B5E-AC52-9375-8A43-196E0F12A7D9" directorySegmentName="seg_0" name="FPIBD_DPITI_FK">
<createdBy>ro38606</createdBy>
<createdTime>2013-05-09 18:10:04 UTC</createdTime>
<ownerDesignName>TXEB_BPM_Semantic_data_model_diagram</ownerDesignName>
<containerWithKeyObject>1CC62694-BC68-EF0D-1F50-8D29BD1B92B6</containerWithKeyObject>
<deleteRule>NO ACTION</deleteRule>
<localFKIndex>425DCB29-A272-D43C-4DB8-CDF6D88AAC98</localFKIndex>
<keyObject>2E6B990C-577A-3E9B-A845-34DBB93F348E</keyObject>
<mandatory>true</mandatory>
<transferable>true</transferable>
</FKIndexAssociation>