<?xml version = '1.0' encoding = 'UTF-8'?>
<FKIndexAssociation class="oracle.dbtools.crest.model.design.relational.FKIndexAssociation" id="724668F7-E8A0-07E4-F099-025A7801A877" directorySegmentName="seg_0" name="FCMORBD_DCMORSS_FK">
<sourceConnName>TXMAXDAT</sourceConnName>
<sourceObjSchema>MAXDAT</sourceObjSchema>
<sourceObjName>FCMORBD_DCMORSS_FK</sourceObjName>
<createdBy>mb56142</createdBy>
<createdTime>2013-10-01 02:00:24 UTC</createdTime>
<ownerDesignName>TXEB_BPM_Semantic_data_model_diagram</ownerDesignName>
<containerWithKeyObject>306F311A-938D-41A7-12F1-4356A9C115BE</containerWithKeyObject>
<deleteRule>NO ACTION</deleteRule>
<localFKIndex>878861F5-AB9B-FD62-C355-88298027DB0C</localFKIndex>
<keyObject>618C68A4-20AF-CCF0-E396-B1B515240D9E</keyObject>
<mandatory>true</mandatory>
<transferable>true</transferable>
</FKIndexAssociation>