<?xml version = '1.0' encoding = 'UTF-8'?>
<FKIndexAssociation class="oracle.dbtools.crest.model.design.relational.FKIndexAssociation" id="9423C1F1-2DB5-7E67-2DA3-D8963B8DFADB" directorySegmentName="seg_0" name="FPIBD_DPIID_FK">
<createdBy>ro38606</createdBy>
<createdTime>2013-05-09 18:10:04 UTC</createdTime>
<ownerDesignName>TXEB_BPM_Semantic_data_model_diagram</ownerDesignName>
<containerWithKeyObject>1CC62694-BC68-EF0D-1F50-8D29BD1B92B6</containerWithKeyObject>
<deleteRule>NO ACTION</deleteRule>
<localFKIndex>D2A4BBC4-07F8-F742-1F30-8B6C7AE46B9F</localFKIndex>
<keyObject>A415E6DF-3045-729D-9331-9F6B8E348120</keyObject>
<mandatory>true</mandatory>
<transferable>true</transferable>
</FKIndexAssociation>