<?xml version = '1.0' encoding = 'UTF-8'?>
<FKIndexAssociation class="oracle.dbtools.crest.model.design.relational.FKIndexAssociation" id="96D68FFA-107F-253F-1E4D-59893707277F" directorySegmentName="seg_0" name="FCMORBD_DCMORCUR_FK">
<sourceConnName>TXMAXDAT</sourceConnName>
<sourceObjSchema>MAXDAT</sourceObjSchema>
<sourceObjName>FCMORBD_DCMORCUR_FK</sourceObjName>
<createdBy>mb56142</createdBy>
<createdTime>2013-10-01 02:00:24 UTC</createdTime>
<ownerDesignName>TXEB_BPM_Semantic_data_model_diagram</ownerDesignName>
<containerWithKeyObject>306F311A-938D-41A7-12F1-4356A9C115BE</containerWithKeyObject>
<deleteRule>NO ACTION</deleteRule>
<localFKIndex>2C387970-AFD4-2F58-08DA-EBCFE472EEA7</localFKIndex>
<keyObject>A14F3A14-B226-3A46-F9B6-962B81CB50E1</keyObject>
<mandatory>true</mandatory>
<transferable>true</transferable>
</FKIndexAssociation>