<?xml version = '1.0' encoding = 'UTF-8'?>
<FKIndexAssociation class="oracle.dbtools.crest.model.design.relational.FKIndexAssociation" id="98247737-97E2-3573-125E-3CC6E441C4B4" directorySegmentName="seg_0" name="FPIBD_DPICUR_FK">
<createdBy>ro38606</createdBy>
<createdTime>2013-05-09 18:10:04 UTC</createdTime>
<ownerDesignName>TXEB_BPM_Semantic_data_model_diagram</ownerDesignName>
<containerWithKeyObject>1CC62694-BC68-EF0D-1F50-8D29BD1B92B6</containerWithKeyObject>
<deleteRule>NO ACTION</deleteRule>
<localFKIndex>423E326D-136F-0922-F539-A3DF6E0E95BD</localFKIndex>
<keyObject>F092D91C-27B7-C441-AD9D-40D5BDA1B67C</keyObject>
<mandatory>true</mandatory>
<transferable>true</transferable>
</FKIndexAssociation>