<?xml version = '1.0' encoding = 'UTF-8'?>
<FKIndexAssociation class="oracle.dbtools.crest.model.design.relational.FKIndexAssociation" id="B3334CE4-E7B8-B331-7692-E86BCACD05A3" directorySegmentName="seg_0" name="FSCIDRBD_DSCICUR_FK">
<createdBy>ro38606</createdBy>
<createdTime>2013-05-13 19:44:03 UTC</createdTime>
<ownerDesignName>TXEB_BPM_Semantic_data_model_diagram</ownerDesignName>
<containerWithKeyObject>25550278-3B6E-62ED-CE34-2E831AFB15EC</containerWithKeyObject>
<deleteRule>NO ACTION</deleteRule>
<localFKIndex>19726773-B98E-A8EB-4ACA-97E0573150CF</localFKIndex>
<keyObject>C978D2B4-6F9B-9341-2A4C-5D12A9979330</keyObject>
<mandatory>true</mandatory>
<transferable>true</transferable>
</FKIndexAssociation>