<?xml version = '1.0' encoding = 'UTF-8'?>
<FKIndexAssociation class="oracle.dbtools.crest.model.design.relational.FKIndexAssociation" id="CBCC2026-A54C-B6B3-A9C6-3D985F4B4C1F" directorySegmentName="seg_0" name="FIMJBD_DIMJCUR_FK">
<sourceConnName>MAXDTDEV</sourceConnName>
<sourceObjSchema>MAXDAT</sourceObjSchema>
<sourceObjName>FIMJBD_DIMJCUR_FK</sourceObjName>
<createdBy>mb56142</createdBy>
<createdTime>2013-05-23 21:45:52 UTC</createdTime>
<ownerDesignName>TXEB_BPM_Semantic_data_model_diagram</ownerDesignName>
<containerWithKeyObject>A4C8CBEF-0EE1-5DFD-8674-716C5C52087A</containerWithKeyObject>
<deleteRule>NO ACTION</deleteRule>
<localFKIndex>6A2857C1-4E93-765F-3FCF-0E857339FED9</localFKIndex>
<keyObject>DD5FEB94-2737-0E88-99CD-F93EBB708E16</keyObject>
<mandatory>true</mandatory>
<transferable>true</transferable>
</FKIndexAssociation>