<?xml version = '1.0' encoding = 'UTF-8'?>
<FKIndexAssociation class="oracle.dbtools.crest.model.design.relational.FKIndexAssociation" id="D8E3D7D6-908F-640E-0DBB-CAB09E9768D2" directorySegmentName="seg_0" name="FMFDOCBD_DMFDOCJS_FK">
<createdBy>ro38606</createdBy>
<createdTime>2013-05-09 18:10:04 UTC</createdTime>
<ownerDesignName>TXEB_BPM_Semantic_data_model_diagram</ownerDesignName>
<containerWithKeyObject>5C425949-F273-27ED-90D4-0B2013437206</containerWithKeyObject>
<deleteRule>NO ACTION</deleteRule>
<localFKIndex>0DB59054-98F2-0C67-C290-63AF01C651E6</localFKIndex>
<keyObject>3968477C-50D0-DD4D-4DD9-D290EE522A25</keyObject>
<mandatory>true</mandatory>
<transferable>true</transferable>
</FKIndexAssociation>