<?xml version = '1.0' encoding = 'UTF-8'?>
<RoleSqlServerv2k5 class="oracle.dbtools.crest.model.design.storage.sqlserver.v2k5.RoleSqlServerv2k5" directorySegmentName="seg_0" id="87F335AC-6593-0972-57CD-EF38C413D6F0_PUBLIC" name="PUBLIC">
<createdBy>david.moore</createdBy>
<createdTime>2015-01-12 09:17:58 UTC</createdTime>
<ownerDesignName>HWSInternal_12_01_2015</ownerDesignName>
<nullInstance>true</nullInstance>
<storableNullInstance>true</storableNullInstance>
<database>87F335AC-6593-0972-57CD-EF38C413D6F0</database>
</RoleSqlServerv2k5>