<?xml version = '1.0' encoding = 'UTF-8'?>
<TableProxySqlServerv2k5 class="oracle.dbtools.crest.model.design.storage.sqlserver.v2k5.TableProxySqlServerv2k5" name="ASSESSMENT_OUTCOMES" directorySegmentName="seg_0" id="242E58F2-048E-516E-11B1-A2651077149F">
<createdBy>andrew.yuhas</createdBy>
<createdTime>2014-12-08 10:23:55 UTC</createdTime>
<ownerDesignName>UK_HWS_Assessments_data_model_diagram12172014</ownerDesignName>
<database>DB_NULLELEMENT</database>
<columnProxies>
<ColumnProxy class="oracle.dbtools.crest.model.design.storage.sqlserver.v2k5.ColumnProxySqlServerv2k5" name="ASSESSMENT_OUTCOME_EFFECTIVE_DT" id="148AC0B7-EFC7-35AB-8029-B4E9662C253D">
<createdBy>andrew.yuhas</createdBy>
<createdTime>2014-12-11 10:20:28 UTC</createdTime>
<ownerDesignName>UK_HWS_Assessments_data_model_diagram12172014</ownerDesignName>
</ColumnProxy>
<ColumnProxy class="oracle.dbtools.crest.model.design.storage.sqlserver.v2k5.ColumnProxySqlServerv2k5" name="ASSESMENT_OUTCOME_NAME" id="672BAED3-B50F-9AF2-FAAD-0247345F0D89">
<createdBy>andrew.yuhas</createdBy>
<createdTime>2014-12-08 10:24:42 UTC</createdTime>
<ownerDesignName>UK_HWS_Assessments_data_model_diagram12172014</ownerDesignName>
</ColumnProxy>
<ColumnProxy class="oracle.dbtools.crest.model.design.storage.sqlserver.v2k5.ColumnProxySqlServerv2k5" name="ASSESSMENT_OUTCOME_ID" id="7E3F483D-8345-4B18-45B3-26516B95E66E">
<createdBy>andrew.yuhas</createdBy>
<createdTime>2014-12-08 10:24:42 UTC</createdTime>
<ownerDesignName>UK_HWS_Assessments_data_model_diagram12172014</ownerDesignName>
</ColumnProxy>
<ColumnProxy class="oracle.dbtools.crest.model.design.storage.sqlserver.v2k5.ColumnProxySqlServerv2k5" name="ASSESSMENT_ID" id="AAE73561-AE98-4BD9-C1BF-DCC9CB6F0AB7">
<createdBy>andrew.yuhas</createdBy>
<createdTime>2014-12-08 10:24:57 UTC</createdTime>
<ownerDesignName>UK_HWS_Assessments_data_model_diagram12172014</ownerDesignName>
</ColumnProxy>
</columnProxies>
<foreignKeys>
<ForeignKey class="oracle.dbtools.crest.model.design.storage.sqlserver.v2k5.FKProxySqlServerv2k5" name="Assessment_Outcomes_ASSESSMENTS_FK" id="0A0B96EF-BA74-F135-2F0D-3337692C1459">
<createdBy>andrew.yuhas</createdBy>
<createdTime>2014-12-08 10:25:09 UTC</createdTime>
<ownerDesignName>UK_HWS_Assessments_data_model_diagram12082014</ownerDesignName>
</ForeignKey>
</foreignKeys>
<primaryKeys>
<PrimaryKey class="oracle.dbtools.crest.model.design.storage.sqlserver.v2k5.PKProxySqlServerv2k5" name="Assessment_Outcomes_PK" id="076FDA5E-15C8-03D4-E7FC-396F7D7B227D">
<createdBy>andrew.yuhas</createdBy>
<createdTime>2014-12-08 10:24:42 UTC</createdTime>
<ownerDesignName>UK_HWS_Assessments_data_model_diagram12172014</ownerDesignName>
<clustered>true</clustered>
</PrimaryKey>
</primaryKeys>
</TableProxySqlServerv2k5>