<?xml version = '1.0' encoding = 'UTF-8'?>
<TableProxySqlServerv2k5 class="oracle.dbtools.crest.model.design.storage.sqlserver.v2k5.TableProxySqlServerv2k5" name="APPOINTMENTS" directorySegmentName="seg_0" id="38B8BAE7-2F61-6B14-F2F6-7D7BD5D5DE04">
<createdBy>50472</createdBy>
<createdTime>2014-11-20 22:42:09 UTC</createdTime>
<ownerDesignName>UK_HWS_Assessments_data_model_diagram12172014</ownerDesignName>
<database>9E5DB530-24AB-88CE-E991-EFC5690BE626</database>
<filegroup>75266422-2B70-EF47-42AC-FE2499733385</filegroup>
<schema>5</schema>
<columnProxies>
<ColumnProxy class="oracle.dbtools.crest.model.design.storage.sqlserver.v2k5.ColumnProxySqlServerv2k5" name="APPOINTMENT_TYPE_ID" id="182B30EB-568D-2720-3579-37CA42749802">
<createdBy>50472</createdBy>
<createdTime>2014-11-20 22:42:09 UTC</createdTime>
<ownerDesignName>UK_HWS_Assessments_data_model_diagram12172014</ownerDesignName>
</ColumnProxy>
<ColumnProxy class="oracle.dbtools.crest.model.design.storage.sqlserver.v2k5.ColumnProxySqlServerv2k5" name="CLINICIAN_ID" id="2C0AFCC5-3E1A-3953-9600-4DB63820C5E2">
<createdBy>50472</createdBy>
<createdTime>2014-11-20 22:42:09 UTC</createdTime>
<ownerDesignName>UK_HWS_Assessments_data_model_diagram12172014</ownerDesignName>
</ColumnProxy>
<ColumnProxy class="oracle.dbtools.crest.model.design.storage.sqlserver.v2k5.ColumnProxySqlServerv2k5" name="RESOURCE_ID" id="34D08609-4C09-EDD6-0B29-E70A25A4EA40">
<createdBy>50472</createdBy>
<createdTime>2014-11-20 22:42:09 UTC</createdTime>
<ownerDesignName>UK_HWS_Assessments_data_model_diagram12172014</ownerDesignName>
</ColumnProxy>
<ColumnProxy class="oracle.dbtools.crest.model.design.storage.sqlserver.v2k5.ColumnProxySqlServerv2k5" name="CLINIC_NAME" id="36A9749D-D3A8-CA43-A4E3-B4FA2FCE7A4F">
<createdBy>50472</createdBy>
<createdTime>2014-11-20 22:42:09 UTC</createdTime>
<ownerDesignName>UK_HWS_Assessments_data_model_diagram12172014</ownerDesignName>
<collation>SQL_Latin1_General_CP1_CI_AS</collation>
</ColumnProxy>
<ColumnProxy class="oracle.dbtools.crest.model.design.storage.sqlserver.v2k5.ColumnProxySqlServerv2k5" name="APPOINTMENT_CANCEL_DT" id="38EFD899-184B-104E-4419-C6FBFB54ECE6">
<createdBy>50472</createdBy>
<createdTime>2014-11-20 22:42:09 UTC</createdTime>
<ownerDesignName>UK_HWS_Assessments_data_model_diagram12172014</ownerDesignName>
</ColumnProxy>
<ColumnProxy class="oracle.dbtools.crest.model.design.storage.sqlserver.v2k5.ColumnProxySqlServerv2k5" name="CASE_ID" id="488A5A55-6529-7F57-9977-1922A4A97F6F">
<createdBy>50472</createdBy>
<createdTime>2014-11-20 22:42:09 UTC</createdTime>
<ownerDesignName>UK_HWS_Assessments_data_model_diagram12172014</ownerDesignName>
</ColumnProxy>
<ColumnProxy class="oracle.dbtools.crest.model.design.storage.sqlserver.v2k5.ColumnProxySqlServerv2k5" name="ASSESSMENT_ID" id="56B00BA3-F5A3-8C92-9A9A-D0FE591D199A">
<createdBy>50472</createdBy>
<createdTime>2014-11-20 22:42:09 UTC</createdTime>
<ownerDesignName>UK_HWS_Assessments_data_model_diagram12172014</ownerDesignName>
</ColumnProxy>
<ColumnProxy class="oracle.dbtools.crest.model.design.storage.sqlserver.v2k5.ColumnProxySqlServerv2k5" name="APPOINTMENT_STATUS_ID" id="5E119A23-D543-DEE9-CE11-01B0718CB684">
<createdBy>50472</createdBy>
<createdTime>2014-11-20 22:42:09 UTC</createdTime>
<ownerDesignName>UK_HWS_Assessments_data_model_diagram12172014</ownerDesignName>
</ColumnProxy>
<ColumnProxy class="oracle.dbtools.crest.model.design.storage.sqlserver.v2k5.ColumnProxySqlServerv2k5" name="APPOINTMENT_STATUS" id="637ED12A-093F-0E4D-8758-86E89659846B">
<createdBy>50472</createdBy>
<createdTime>2014-11-20 22:42:09 UTC</createdTime>
<ownerDesignName>UK_HWS_Assessments_data_model_diagram12172014</ownerDesignName>
<collation>SQL_Latin1_General_CP1_CI_AS</collation>
</ColumnProxy>
<ColumnProxy class="oracle.dbtools.crest.model.design.storage.sqlserver.v2k5.ColumnProxySqlServerv2k5" name="RESCHEDULE_REASON" id="69F9074F-6264-C4A1-5362-DDF753250AB4">
<createdBy>50472</createdBy>
<createdTime>2014-11-20 22:42:09 UTC</createdTime>
<ownerDesignName>UK_HWS_Assessments_data_model_diagram12172014</ownerDesignName>
<collation>SQL_Latin1_General_CP1_CI_AS</collation>
</ColumnProxy>
<ColumnProxy class="oracle.dbtools.crest.model.design.storage.sqlserver.v2k5.ColumnProxySqlServerv2k5" name="CLINIC_ID" id="7B24F7D1-6708-0B8E-B84A-E11D63C83D7D">
<createdBy>50472</createdBy>
<createdTime>2014-11-20 22:42:09 UTC</createdTime>
<ownerDesignName>UK_HWS_Assessments_data_model_diagram12172014</ownerDesignName>
</ColumnProxy>
<ColumnProxy class="oracle.dbtools.crest.model.design.storage.sqlserver.v2k5.ColumnProxySqlServerv2k5" name="TRAVEL_TIME" id="82BBD4D6-435B-FD04-8A88-503E822678B3">
<createdBy>50472</createdBy>
<createdTime>2014-11-20 22:42:09 UTC</createdTime>
<ownerDesignName>UK_HWS_Assessments_data_model_diagram12172014</ownerDesignName>
</ColumnProxy>
<ColumnProxy class="oracle.dbtools.crest.model.design.storage.sqlserver.v2k5.ColumnProxySqlServerv2k5" name="ISFACETOFACE" id="83EA0601-9622-C10B-8FA3-2F630E528257">
<createdBy>50472</createdBy>
<createdTime>2014-11-20 22:42:09 UTC</createdTime>
<ownerDesignName>UK_HWS_Assessments_data_model_diagram12172014</ownerDesignName>
</ColumnProxy>
<ColumnProxy class="oracle.dbtools.crest.model.design.storage.sqlserver.v2k5.ColumnProxySqlServerv2k5" name="APPOINTMENT_TYPE" id="879F33BF-FE3B-8C05-7680-B2E7168B4E89">
<createdBy>50472</createdBy>
<createdTime>2014-11-20 22:42:09 UTC</createdTime>
<ownerDesignName>UK_HWS_Assessments_data_model_diagram12172014</ownerDesignName>
<collation>SQL_Latin1_General_CP1_CI_AS</collation>
</ColumnProxy>
<ColumnProxy class="oracle.dbtools.crest.model.design.storage.sqlserver.v2k5.ColumnProxySqlServerv2k5" name="APPOINTMENT_ID" id="9B57A30A-ADDE-EF42-B679-F05E48AAA2BF">
<createdBy>50472</createdBy>
<createdTime>2014-11-20 22:42:09 UTC</createdTime>
<ownerDesignName>UK_HWS_Assessments_data_model_diagram12172014</ownerDesignName>
</ColumnProxy>
<ColumnProxy class="oracle.dbtools.crest.model.design.storage.sqlserver.v2k5.ColumnProxySqlServerv2k5" name="APPOINTMENT_DT" id="BAB47ED8-6C3F-E0EE-3C5C-34F9D6B8F13C">
<createdBy>50472</createdBy>
<createdTime>2014-11-20 22:42:09 UTC</createdTime>
<ownerDesignName>UK_HWS_Assessments_data_model_diagram12172014</ownerDesignName>
</ColumnProxy>
<ColumnProxy class="oracle.dbtools.crest.model.design.storage.sqlserver.v2k5.ColumnProxySqlServerv2k5" name="CLINICIAN_NAME" id="DF8D86E1-5F3E-E797-B86A-50E8A10BBCC6">
<createdBy>50472</createdBy>
<createdTime>2014-11-20 22:42:09 UTC</createdTime>
<ownerDesignName>UK_HWS_Assessments_data_model_diagram12172014</ownerDesignName>
<collation>SQL_Latin1_General_CP1_CI_AS</collation>
</ColumnProxy>
<ColumnProxy class="oracle.dbtools.crest.model.design.storage.sqlserver.v2k5.ColumnProxySqlServerv2k5" name="RESCHEDULED_DT" id="E9D7813B-7273-4BEA-93FA-73B39593D297">
<createdBy>50472</createdBy>
<createdTime>2014-11-20 22:42:09 UTC</createdTime>
<ownerDesignName>UK_HWS_Assessments_data_model_diagram12172014</ownerDesignName>
</ColumnProxy>
<ColumnProxy class="oracle.dbtools.crest.model.design.storage.sqlserver.v2k5.ColumnProxySqlServerv2k5" name="APPOINTMENT_BOOKED_DT" id="EB80EEE5-1A1C-06EB-BF2F-B6F977A03CE0">
<createdBy>50472</createdBy>
<createdTime>2014-11-20 22:42:09 UTC</createdTime>
<ownerDesignName>UK_HWS_Assessments_data_model_diagram12172014</ownerDesignName>
</ColumnProxy>
<ColumnProxy class="oracle.dbtools.crest.model.design.storage.sqlserver.v2k5.ColumnProxySqlServerv2k5" name="APPOINTMENT_CANCEL_REASON" id="ECC7A420-FB7F-86D6-71F1-78B146BF1094">
<createdBy>50472</createdBy>
<createdTime>2014-11-20 22:42:09 UTC</createdTime>
<ownerDesignName>UK_HWS_Assessments_data_model_diagram12172014</ownerDesignName>
<collation>SQL_Latin1_General_CP1_CI_AS</collation>
</ColumnProxy>
<ColumnProxy class="oracle.dbtools.crest.model.design.storage.sqlserver.v2k5.ColumnProxySqlServerv2k5" name="ELAPSED_TIME" id="F5D5FF4F-C0CE-3FB7-FCE0-A27D8F5AA5D7">
<createdBy>50472</createdBy>
<createdTime>2014-11-20 22:42:09 UTC</createdTime>
<ownerDesignName>UK_HWS_Assessments_data_model_diagram12172014</ownerDesignName>
</ColumnProxy>
<ColumnProxy class="oracle.dbtools.crest.model.design.storage.sqlserver.v2k5.ColumnProxySqlServerv2k5" name="APPOINTMENT_STATUS_DT" id="F9E8CDCD-173C-315F-5D56-67B65DC4F5D9">
<createdBy>50472</createdBy>
<createdTime>2014-11-20 22:42:09 UTC</createdTime>
<ownerDesignName>UK_HWS_Assessments_data_model_diagram12172014</ownerDesignName>
</ColumnProxy>
</columnProxies>
<foreignKeys>
<ForeignKey class="oracle.dbtools.crest.model.design.storage.sqlserver.v2k5.FKProxySqlServerv2k5" name="APPOINTMENTS_CASES_FK" id="10F6AA7B-1664-8B17-ACE6-837C3B1CD398">
<createdBy>50472</createdBy>
<createdTime>2014-11-20 22:42:16 UTC</createdTime>
<ownerDesignName>UK_HWS_Assessments_data_model_diagram</ownerDesignName>
</ForeignKey>
<ForeignKey class="oracle.dbtools.crest.model.design.storage.sqlserver.v2k5.FKProxySqlServerv2k5" name="APPOINTMENTS_ASSESSMENT_FK" id="E3AC2A30-8CCD-A490-AC51-4431C8ACA88F">
<createdBy>50472</createdBy>
<createdTime>2014-11-20 22:42:16 UTC</createdTime>
<ownerDesignName>UK_HWS_Assessments_data_model_diagram</ownerDesignName>
</ForeignKey>
<ForeignKey class="oracle.dbtools.crest.model.design.storage.sqlserver.v2k5.FKProxySqlServerv2k5" name="APPOINTMENTS_RESOURCES_FK" id="EE2694EA-EAC9-9958-709E-5450AAB3267F">
<createdBy>50472</createdBy>
<createdTime>2014-11-20 22:42:15 UTC</createdTime>
<ownerDesignName>UK_HWS_Assessments_data_model_diagram</ownerDesignName>
</ForeignKey>
</foreignKeys>
<primaryKeys>
<PrimaryKey class="oracle.dbtools.crest.model.design.storage.sqlserver.v2k5.PKProxySqlServerv2k5" name="APPOINTMENTS_PK" id="BCDD4D9B-A5F5-60B6-B1DF-5A31E989D370">
<createdBy>50472</createdBy>
<createdTime>2014-11-20 22:42:10 UTC</createdTime>
<ownerDesignName>UK_HWS_Assessments_data_model_diagram12172014</ownerDesignName>
<clustered>true</clustered>
<fileGroup>75266422-2B70-EF47-42AC-FE2499733385</fileGroup>
<recomputeStatistics>NO</recomputeStatistics>
</PrimaryKey>
</primaryKeys>
</TableProxySqlServerv2k5>