<?xml version = '1.0' encoding = 'UTF-8'?>
<TableProxySqlServerv2k5 class="oracle.dbtools.crest.model.design.storage.sqlserver.v2k5.TableProxySqlServerv2k5" name="CASES" directorySegmentName="seg_0" id="4F585CA6-C4FE-DFBD-E4EF-31E83DDA7ECB">
<createdBy>50472</createdBy>
<createdTime>2014-11-20 22:42:13 UTC</createdTime>
<ownerDesignName>UK_HWS_Assessments_data_model_diagram12172014</ownerDesignName>
<database>9E5DB530-24AB-88CE-E991-EFC5690BE626</database>
<filegroup>75266422-2B70-EF47-42AC-FE2499733385</filegroup>
<schema>5</schema>
<textImageFG>75266422-2B70-EF47-42AC-FE2499733385</textImageFG>
<columnProxies>
<ColumnProxy class="oracle.dbtools.crest.model.design.storage.sqlserver.v2k5.ColumnProxySqlServerv2k5" name="DISCHARGE_REASON_ID" id="009B0CAE-7EEB-617C-12B9-BB2F408A8BB1">
<createdBy>50472</createdBy>
<createdTime>2014-11-20 22:42:13 UTC</createdTime>
<ownerDesignName>UK_HWS_Assessments_data_model_diagram12172014</ownerDesignName>
</ColumnProxy>
<ColumnProxy class="oracle.dbtools.crest.model.design.storage.sqlserver.v2k5.ColumnProxySqlServerv2k5" name="CASE_FAMILY" id="0260F6FC-365B-C51E-72EC-B3368511007A">
<createdBy>50472</createdBy>
<createdTime>2014-11-20 22:42:13 UTC</createdTime>
<ownerDesignName>UK_HWS_Assessments_data_model_diagram12172014</ownerDesignName>
</ColumnProxy>
<ColumnProxy class="oracle.dbtools.crest.model.design.storage.sqlserver.v2k5.ColumnProxySqlServerv2k5" name="CURRENT_STATUS_DT" id="076CC0F2-02B4-DE40-A0D3-DB3ECA4C61D7">
<createdBy>50472</createdBy>
<createdTime>2014-11-20 22:42:13 UTC</createdTime>
<ownerDesignName>UK_HWS_Assessments_data_model_diagram12172014</ownerDesignName>
</ColumnProxy>
<ColumnProxy class="oracle.dbtools.crest.model.design.storage.sqlserver.v2k5.ColumnProxySqlServerv2k5" name="EMPLOYEE_DISABILITY" id="092B8487-6C1E-C70E-6641-4F4845E011BC">
<createdBy>50472</createdBy>
<createdTime>2014-11-20 22:42:13 UTC</createdTime>
<ownerDesignName>UK_HWS_Assessments_data_model_diagram12172014</ownerDesignName>
<collation>SQL_Latin1_General_CP1_CI_AS</collation>
</ColumnProxy>
<ColumnProxy class="oracle.dbtools.crest.model.design.storage.sqlserver.v2k5.ColumnProxySqlServerv2k5" name="GP_LANGUAGE_PREF" id="09EA8143-E88E-B09B-1B9B-7433DAF436C8">
<createdBy>50472</createdBy>
<createdTime>2014-11-20 22:42:13 UTC</createdTime>
<ownerDesignName>UK_HWS_Assessments_data_model_diagram12172014</ownerDesignName>
<collation>SQL_Latin1_General_CP1_CI_AS</collation>
</ColumnProxy>
<ColumnProxy class="oracle.dbtools.crest.model.design.storage.sqlserver.v2k5.ColumnProxySqlServerv2k5" name="EMPLOYER_EMPLOYERNAME" id="09FC6A49-549F-D45A-3D08-3926ABB273BE">
<createdBy>50472</createdBy>
<createdTime>2014-11-20 22:42:13 UTC</createdTime>
<ownerDesignName>UK_HWS_Assessments_data_model_diagram12172014</ownerDesignName>
<collation>SQL_Latin1_General_CP1_CI_AS</collation>
</ColumnProxy>
<ColumnProxy class="oracle.dbtools.crest.model.design.storage.sqlserver.v2k5.ColumnProxySqlServerv2k5" name="IS_MARKED_FOR_DELETION" id="0B07AAA0-3D46-1A40-22D3-085445644915">
<createdBy>50472</createdBy>
<createdTime>2014-11-20 22:42:13 UTC</createdTime>
<ownerDesignName>UK_HWS_Assessments_data_model_diagram12172014</ownerDesignName>
</ColumnProxy>
<ColumnProxy class="oracle.dbtools.crest.model.design.storage.sqlserver.v2k5.ColumnProxySqlServerv2k5" name="EMPLOYEECONSENTED" id="107EFC58-AA8E-2E86-DD6B-6D5129106C68">
<createdBy>50472</createdBy>
<createdTime>2014-11-20 22:42:13 UTC</createdTime>
<ownerDesignName>UK_HWS_Assessments_data_model_diagram12172014</ownerDesignName>
</ColumnProxy>
<ColumnProxy class="oracle.dbtools.crest.model.design.storage.sqlserver.v2k5.ColumnProxySqlServerv2k5" name="GP_PRACTICE_CD" id="11F593A9-5061-528F-EBAD-AFFEAE2096CB">
<createdBy>50472</createdBy>
<createdTime>2014-11-20 22:42:13 UTC</createdTime>
<ownerDesignName>UK_HWS_Assessments_data_model_diagram12172014</ownerDesignName>
<collation>SQL_Latin1_General_CP1_CI_AS</collation>
</ColumnProxy>
<ColumnProxy class="oracle.dbtools.crest.model.design.storage.sqlserver.v2k5.ColumnProxySqlServerv2k5" name="EMPLOYEE_HARDOFHEARING_PREF" id="185C09E8-14AD-7B65-B885-2E995FA4E370">
<createdBy>50472</createdBy>
<createdTime>2014-11-20 22:42:13 UTC</createdTime>
<ownerDesignName>UK_HWS_Assessments_data_model_diagram12172014</ownerDesignName>
<collation>SQL_Latin1_General_CP1_CI_AS</collation>
</ColumnProxy>
<ColumnProxy class="oracle.dbtools.crest.model.design.storage.sqlserver.v2k5.ColumnProxySqlServerv2k5" name="EMPLOYEE_WORK_HOURS_ID" id="1BF9318E-223E-B4A9-533D-AB4EB2867BFA">
<createdBy>50472</createdBy>
<createdTime>2014-11-20 22:42:13 UTC</createdTime>
<ownerDesignName>UK_HWS_Assessments_data_model_diagram12172014</ownerDesignName>
</ColumnProxy>
<ColumnProxy class="oracle.dbtools.crest.model.design.storage.sqlserver.v2k5.ColumnProxySqlServerv2k5" name="ISABSENTFROMWORK" id="24FD023C-AF5D-3162-B15A-F7F05AE02AB7">
<createdBy>50472</createdBy>
<createdTime>2014-11-20 22:42:13 UTC</createdTime>
<ownerDesignName>UK_HWS_Assessments_data_model_diagram12172014</ownerDesignName>
</ColumnProxy>
<ColumnProxy class="oracle.dbtools.crest.model.design.storage.sqlserver.v2k5.ColumnProxySqlServerv2k5" name="CASENUMBER" id="257F2F9D-4B11-2E3E-534B-46ED1C8DF30C">
<createdBy>50472</createdBy>
<createdTime>2014-11-20 22:42:13 UTC</createdTime>
<ownerDesignName>UK_HWS_Assessments_data_model_diagram12172014</ownerDesignName>
<collation>SQL_Latin1_General_CP1_CI_AS</collation>
</ColumnProxy>
<ColumnProxy class="oracle.dbtools.crest.model.design.storage.sqlserver.v2k5.ColumnProxySqlServerv2k5" name="RETURN_TO_WORK_DATE" id="26FEBAE5-1F9E-F081-01C5-F667895108F8">
<createdBy>50472</createdBy>
<createdTime>2014-11-20 22:42:13 UTC</createdTime>
<ownerDesignName>UK_HWS_Assessments_data_model_diagram12172014</ownerDesignName>
</ColumnProxy>
<ColumnProxy class="oracle.dbtools.crest.model.design.storage.sqlserver.v2k5.ColumnProxySqlServerv2k5" name="GP_POSTCODE" id="291CAC54-5B2F-D9CD-0F50-7C31A521C43A">
<createdBy>50472</createdBy>
<createdTime>2014-11-20 22:42:13 UTC</createdTime>
<ownerDesignName>UK_HWS_Assessments_data_model_diagram12172014</ownerDesignName>
<collation>SQL_Latin1_General_CP1_CI_AS</collation>
</ColumnProxy>
<ColumnProxy class="oracle.dbtools.crest.model.design.storage.sqlserver.v2k5.ColumnProxySqlServerv2k5" name="EMPLOYEE_COMMS_PREF" id="2B2EAD65-B209-67AC-D755-ECE2CF5F1EE5">
<createdBy>50472</createdBy>
<createdTime>2014-11-20 22:42:13 UTC</createdTime>
<ownerDesignName>UK_HWS_Assessments_data_model_diagram12172014</ownerDesignName>
<collation>SQL_Latin1_General_CP1_CI_AS</collation>
</ColumnProxy>
<ColumnProxy class="oracle.dbtools.crest.model.design.storage.sqlserver.v2k5.ColumnProxySqlServerv2k5" name="REFERRAL_ID" id="2C1E6C52-03F0-4EF3-F7E4-A480287A9C92">
<createdBy>50472</createdBy>
<createdTime>2014-11-20 22:42:13 UTC</createdTime>
<ownerDesignName>UK_HWS_Assessments_data_model_diagram12172014</ownerDesignName>
</ColumnProxy>
<ColumnProxy class="oracle.dbtools.crest.model.design.storage.sqlserver.v2k5.ColumnProxySqlServerv2k5" name="FOLLOW_UP_REQUEST_SENT_DT" id="301C40DD-671B-13FA-F697-2A9D2E02F895">
<createdBy>50472</createdBy>
<createdTime>2014-11-20 22:42:13 UTC</createdTime>
<ownerDesignName>UK_HWS_Assessments_data_model_diagram12172014</ownerDesignName>
</ColumnProxy>
<ColumnProxy class="oracle.dbtools.crest.model.design.storage.sqlserver.v2k5.ColumnProxySqlServerv2k5" name="REFERRAL_CHANNEL" id="30E54FAD-1F26-0612-DF35-F41FF1CFAE26">
<createdBy>50472</createdBy>
<createdTime>2014-11-20 22:42:13 UTC</createdTime>
<ownerDesignName>UK_HWS_Assessments_data_model_diagram12172014</ownerDesignName>
<collation>SQL_Latin1_General_CP1_CI_AS</collation>
</ColumnProxy>
<ColumnProxy class="oracle.dbtools.crest.model.design.storage.sqlserver.v2k5.ColumnProxySqlServerv2k5" name="ISGEOGRAPHICALLYELIGIBLE" id="311E2481-47D1-CFE3-462F-374737F746E4">
<createdBy>50472</createdBy>
<createdTime>2014-11-20 22:42:13 UTC</createdTime>
<ownerDesignName>UK_HWS_Assessments_data_model_diagram12172014</ownerDesignName>
</ColumnProxy>
<ColumnProxy class="oracle.dbtools.crest.model.design.storage.sqlserver.v2k5.ColumnProxySqlServerv2k5" name="EMPLOYEE_ETHNICITY_ID" id="31F41533-DA66-3331-11E9-07E9D07940B4">
<createdBy>50472</createdBy>
<createdTime>2014-11-20 22:42:13 UTC</createdTime>
<ownerDesignName>UK_HWS_Assessments_data_model_diagram12172014</ownerDesignName>
</ColumnProxy>
<ColumnProxy class="oracle.dbtools.crest.model.design.storage.sqlserver.v2k5.ColumnProxySqlServerv2k5" name="CASE_ESCALATED_DT" id="32168AB2-1507-7970-B044-8331DC5A017E">
<createdBy>50472</createdBy>
<createdTime>2014-11-20 22:42:13 UTC</createdTime>
<ownerDesignName>UK_HWS_Assessments_data_model_diagram12172014</ownerDesignName>
</ColumnProxy>
<ColumnProxy class="oracle.dbtools.crest.model.design.storage.sqlserver.v2k5.ColumnProxySqlServerv2k5" name="FIT_NOTE_IND" id="32191F95-4184-6F00-F01F-489C8EBF979C">
<createdBy>50472</createdBy>
<createdTime>2014-11-20 22:42:13 UTC</createdTime>
<ownerDesignName>UK_HWS_Assessments_data_model_diagram12172014</ownerDesignName>
</ColumnProxy>
<ColumnProxy class="oracle.dbtools.crest.model.design.storage.sqlserver.v2k5.ColumnProxySqlServerv2k5" name="CASE_DISCHARGE_DT" id="3315EA25-F91B-1730-1EE3-545246D992F2">
<createdBy>50472</createdBy>
<createdTime>2014-11-20 22:42:13 UTC</createdTime>
<ownerDesignName>UK_HWS_Assessments_data_model_diagram12172014</ownerDesignName>
</ColumnProxy>
<ColumnProxy class="oracle.dbtools.crest.model.design.storage.sqlserver.v2k5.ColumnProxySqlServerv2k5" name="EMPLOYER_JOBTITLE" id="37F8F808-6F90-95F8-05B4-0E16CC406689">
<createdBy>50472</createdBy>
<createdTime>2014-11-20 22:42:13 UTC</createdTime>
<ownerDesignName>UK_HWS_Assessments_data_model_diagram12172014</ownerDesignName>
<collation>SQL_Latin1_General_CP1_CI_AS</collation>
</ColumnProxy>
<ColumnProxy class="oracle.dbtools.crest.model.design.storage.sqlserver.v2k5.ColumnProxySqlServerv2k5" name="EMPLOYEE_JOB_ACTIVITIES" id="384A4085-0576-F666-8477-C192442F0075">
<createdBy>50472</createdBy>
<createdTime>2014-11-20 22:42:13 UTC</createdTime>
<ownerDesignName>UK_HWS_Assessments_data_model_diagram12172014</ownerDesignName>
<collation>SQL_Latin1_General_CP1_CI_AS</collation>
</ColumnProxy>
<ColumnProxy class="oracle.dbtools.crest.model.design.storage.sqlserver.v2k5.ColumnProxySqlServerv2k5" name="MISSING_INFORMATION_IND" id="3B6D1B29-544C-6517-634A-DACF8DD3EF47">
<createdBy>50472</createdBy>
<createdTime>2014-11-20 22:42:13 UTC</createdTime>
<ownerDesignName>UK_HWS_Assessments_data_model_diagram12172014</ownerDesignName>
</ColumnProxy>
<ColumnProxy class="oracle.dbtools.crest.model.design.storage.sqlserver.v2k5.ColumnProxySqlServerv2k5" name="EMPLOYEE_POSTCODE" id="3C89894C-0461-68EE-EAEE-B2F0E4240683">
<createdBy>50472</createdBy>
<createdTime>2014-11-20 22:42:13 UTC</createdTime>
<ownerDesignName>UK_HWS_Assessments_data_model_diagram12172014</ownerDesignName>
<collation>SQL_Latin1_General_CP1_CI_AS</collation>
</ColumnProxy>
<ColumnProxy class="oracle.dbtools.crest.model.design.storage.sqlserver.v2k5.ColumnProxySqlServerv2k5" name="ADDITIONAL_SUPPORT_NEEDS" id="4773C7B1-B53A-C107-BE73-CDD3E1221DEF">
<createdBy>50472</createdBy>
<createdTime>2014-11-20 22:42:13 UTC</createdTime>
<ownerDesignName>UK_HWS_Assessments_data_model_diagram12172014</ownerDesignName>
<collation>SQL_Latin1_General_CP1_CI_AS</collation>
</ColumnProxy>
<ColumnProxy class="oracle.dbtools.crest.model.design.storage.sqlserver.v2k5.ColumnProxySqlServerv2k5" name="REFERRAL_ABSENCE_START_DATE" id="48E2132B-0DF6-29C9-50EE-CD4C8F257327">
<createdBy>50472</createdBy>
<createdTime>2014-11-20 22:42:13 UTC</createdTime>
<ownerDesignName>UK_HWS_Assessments_data_model_diagram12172014</ownerDesignName>
</ColumnProxy>
<ColumnProxy class="oracle.dbtools.crest.model.design.storage.sqlserver.v2k5.ColumnProxySqlServerv2k5" name="EMPLOYER_HARDOFHEARING_PREF" id="4A27293A-1F3E-BBED-A435-3B7823DB8DF1">
<createdBy>50472</createdBy>
<createdTime>2014-11-20 22:42:13 UTC</createdTime>
<ownerDesignName>UK_HWS_Assessments_data_model_diagram12172014</ownerDesignName>
<collation>SQL_Latin1_General_CP1_CI_AS</collation>
</ColumnProxy>
<ColumnProxy class="oracle.dbtools.crest.model.design.storage.sqlserver.v2k5.ColumnProxySqlServerv2k5" name="EMPLOYEE_WORK_HOURS" id="4BE09CD5-4318-A232-D732-F45BEDE40162">
<createdBy>50472</createdBy>
<createdTime>2014-11-20 22:42:13 UTC</createdTime>
<ownerDesignName>UK_HWS_Assessments_data_model_diagram12172014</ownerDesignName>
<collation>SQL_Latin1_General_CP1_CI_AS</collation>
</ColumnProxy>
<ColumnProxy class="oracle.dbtools.crest.model.design.storage.sqlserver.v2k5.ColumnProxySqlServerv2k5" name="ISVALID" id="4D02E481-5A4A-D7A5-43B0-315652B2528B">
<createdBy>50472</createdBy>
<createdTime>2014-11-20 22:42:13 UTC</createdTime>
<ownerDesignName>UK_HWS_Assessments_data_model_diagram12172014</ownerDesignName>
</ColumnProxy>
<ColumnProxy class="oracle.dbtools.crest.model.design.storage.sqlserver.v2k5.ColumnProxySqlServerv2k5" name="REFERRAL_FURTHER_INFORMATION" id="5060B2C0-6B31-B194-29CC-8EB4B766BAAF">
<createdBy>50472</createdBy>
<createdTime>2014-11-20 22:42:13 UTC</createdTime>
<ownerDesignName>UK_HWS_Assessments_data_model_diagram12172014</ownerDesignName>
<collation>SQL_Latin1_General_CP1_CI_AS</collation>
</ColumnProxy>
<ColumnProxy class="oracle.dbtools.crest.model.design.storage.sqlserver.v2k5.ColumnProxySqlServerv2k5" name="EMPLOYEE_ETHNICITY" id="5C6712D1-650F-0AAF-8CBB-9DC9C94A5871">
<createdBy>50472</createdBy>
<createdTime>2014-11-20 22:42:13 UTC</createdTime>
<ownerDesignName>UK_HWS_Assessments_data_model_diagram12172014</ownerDesignName>
<collation>SQL_Latin1_General_CP1_CI_AS</collation>
</ColumnProxy>
<ColumnProxy class="oracle.dbtools.crest.model.design.storage.sqlserver.v2k5.ColumnProxySqlServerv2k5" name="RECALL_DT" id="5D360F0A-53A9-65DF-3ABB-BAB9D80F306C">
<createdBy>50472</createdBy>
<createdTime>2014-11-20 22:42:13 UTC</createdTime>
<ownerDesignName>UK_HWS_Assessments_data_model_diagram12172014</ownerDesignName>
</ColumnProxy>
<ColumnProxy class="oracle.dbtools.crest.model.design.storage.sqlserver.v2k5.ColumnProxySqlServerv2k5" name="EMPLOYER_COMMS_PREF" id="62BBC03F-9BF8-A3CE-A104-009733106829">
<createdBy>50472</createdBy>
<createdTime>2014-11-20 22:42:13 UTC</createdTime>
<ownerDesignName>UK_HWS_Assessments_data_model_diagram12172014</ownerDesignName>
<collation>SQL_Latin1_General_CP1_CI_AS</collation>
</ColumnProxy>
<ColumnProxy class="oracle.dbtools.crest.model.design.storage.sqlserver.v2k5.ColumnProxySqlServerv2k5" name="ELIGIBILITY_SESSION_ID" id="6C54ED61-FB07-94DC-FE20-C3ECD2565269">
<createdBy>50472</createdBy>
<createdTime>2014-11-20 22:42:13 UTC</createdTime>
<ownerDesignName>UK_HWS_Assessments_data_model_diagram12172014</ownerDesignName>
<collation>SQL_Latin1_General_CP1_CI_AS</collation>
</ColumnProxy>
<ColumnProxy class="oracle.dbtools.crest.model.design.storage.sqlserver.v2k5.ColumnProxySqlServerv2k5" name="REFERRAL_CREATED_BY" id="6DBAE235-B593-B663-91F3-8933B74D69DD">
<createdBy>50472</createdBy>
<createdTime>2014-11-20 22:42:13 UTC</createdTime>
<ownerDesignName>UK_HWS_Assessments_data_model_diagram12172014</ownerDesignName>
<collation>SQL_Latin1_General_CP1_CI_AS</collation>
</ColumnProxy>
<ColumnProxy class="oracle.dbtools.crest.model.design.storage.sqlserver.v2k5.ColumnProxySqlServerv2k5" name="REFERRAL_EMPLOYEECONSENT" id="7155971E-2C28-06E0-EC34-648D749E0217">
<createdBy>50472</createdBy>
<createdTime>2014-11-20 22:42:13 UTC</createdTime>
<ownerDesignName>UK_HWS_Assessments_data_model_diagram12172014</ownerDesignName>
</ColumnProxy>
<ColumnProxy class="oracle.dbtools.crest.model.design.storage.sqlserver.v2k5.ColumnProxySqlServerv2k5" name="EMPLOYEE_LANGUAGE_PREF" id="715FEE7C-74C3-D84C-DD7A-0DF7CE86A19E">
<createdBy>50472</createdBy>
<createdTime>2014-11-20 22:42:13 UTC</createdTime>
<ownerDesignName>UK_HWS_Assessments_data_model_diagram12172014</ownerDesignName>
<collation>SQL_Latin1_General_CP1_CI_AS</collation>
</ColumnProxy>
<ColumnProxy class="oracle.dbtools.crest.model.design.storage.sqlserver.v2k5.ColumnProxySqlServerv2k5" name="EMPLOYER_OTHER_SERVICE" id="73930995-49D8-2259-BF85-E4E82638D35A">
<createdBy>andrew.yuhas</createdBy>
<createdTime>2014-12-11 10:01:42 UTC</createdTime>
<ownerDesignName>UK_HWS_Assessments_data_model_diagram12172014</ownerDesignName>
</ColumnProxy>
<ColumnProxy class="oracle.dbtools.crest.model.design.storage.sqlserver.v2k5.ColumnProxySqlServerv2k5" name="REFERRAL_MAIN_HEALTH_CONDITION" id="78D7B17B-D125-E89F-A5B8-5578D6F71A54">
<createdBy>50472</createdBy>
<createdTime>2014-11-20 22:42:13 UTC</createdTime>
<ownerDesignName>UK_HWS_Assessments_data_model_diagram12172014</ownerDesignName>
<collation>SQL_Latin1_General_CP1_CI_AS</collation>
</ColumnProxy>
<ColumnProxy class="oracle.dbtools.crest.model.design.storage.sqlserver.v2k5.ColumnProxySqlServerv2k5" name="DISCHARGE_DUE_DT" id="7AA30222-9220-F663-91FB-AAF4225E17B2">
<createdBy>50472</createdBy>
<createdTime>2014-11-20 22:42:13 UTC</createdTime>
<ownerDesignName>UK_HWS_Assessments_data_model_diagram12172014</ownerDesignName>
</ColumnProxy>
<ColumnProxy class="oracle.dbtools.crest.model.design.storage.sqlserver.v2k5.ColumnProxySqlServerv2k5" name="EMPLOYER_IDENTIFIER" id="7B20C6D5-BD1D-C469-F958-D4226877FBFC">
<createdBy>50472</createdBy>
<createdTime>2014-11-20 22:42:13 UTC</createdTime>
<ownerDesignName>UK_HWS_Assessments_data_model_diagram12172014</ownerDesignName>
<collation>SQL_Latin1_General_CP1_CI_AS</collation>
</ColumnProxy>
<ColumnProxy class="oracle.dbtools.crest.model.design.storage.sqlserver.v2k5.ColumnProxySqlServerv2k5" name="ISINPAIDEMPLOYMENT" id="7C3D5EC6-F6AA-975A-8F7C-B69D18C29A36">
<createdBy>50472</createdBy>
<createdTime>2014-11-20 22:42:13 UTC</createdTime>
<ownerDesignName>UK_HWS_Assessments_data_model_diagram12172014</ownerDesignName>
</ColumnProxy>
<ColumnProxy class="oracle.dbtools.crest.model.design.storage.sqlserver.v2k5.ColumnProxySqlServerv2k5" name="REFERRAL_SOURCE_ID" id="7CDE00BC-30F8-6851-748D-4E9611698918">
<createdBy>50472</createdBy>
<createdTime>2014-11-20 22:42:13 UTC</createdTime>
<ownerDesignName>UK_HWS_Assessments_data_model_diagram12172014</ownerDesignName>
</ColumnProxy>
<ColumnProxy class="oracle.dbtools.crest.model.design.storage.sqlserver.v2k5.ColumnProxySqlServerv2k5" name="EMPLOYEE_TRANSLATION_REQUIRED" id="80211FE8-9DBC-00FA-9AF9-703B6BBE8FE8">
<createdBy>50472</createdBy>
<createdTime>2014-11-20 22:42:13 UTC</createdTime>
<ownerDesignName>UK_HWS_Assessments_data_model_diagram12172014</ownerDesignName>
<collation>SQL_Latin1_General_CP1_CI_AS</collation>
</ColumnProxy>
<ColumnProxy class="oracle.dbtools.crest.model.design.storage.sqlserver.v2k5.ColumnProxySqlServerv2k5" name="EMPLOYEE_JOB_TITLE" id="807C75FD-1E68-842D-5D2E-69F21C5EE015">
<createdBy>50472</createdBy>
<createdTime>2014-11-20 22:42:13 UTC</createdTime>
<ownerDesignName>UK_HWS_Assessments_data_model_diagram12172014</ownerDesignName>
<collation>SQL_Latin1_General_CP1_CI_AS</collation>
</ColumnProxy>
<ColumnProxy class="oracle.dbtools.crest.model.design.storage.sqlserver.v2k5.ColumnProxySqlServerv2k5" name="EMPLOYER_OCC_HEALTH_SERVICE" id="824599BC-6B45-EF38-E2F3-2686DE745B04">
<createdBy>50472</createdBy>
<createdTime>2014-11-20 22:42:13 UTC</createdTime>
<ownerDesignName>UK_HWS_Assessments_data_model_diagram12172014</ownerDesignName>
<collation>SQL_Latin1_General_CP1_CI_AS</collation>
</ColumnProxy>
<ColumnProxy class="oracle.dbtools.crest.model.design.storage.sqlserver.v2k5.ColumnProxySqlServerv2k5" name="EMPLOYEE_AGE" id="84FAF75F-B8C2-C166-1A39-F7D1CACD8720">
<createdBy>andrew.yuhas</createdBy>
<createdTime>2014-12-11 10:01:42 UTC</createdTime>
<ownerDesignName>UK_HWS_Assessments_data_model_diagram12172014</ownerDesignName>
</ColumnProxy>
<ColumnProxy class="oracle.dbtools.crest.model.design.storage.sqlserver.v2k5.ColumnProxySqlServerv2k5" name="REFERRAL_REASONFORREFERRAL" id="8737882F-48D0-F357-3EC2-8A0121E9F10F">
<createdBy>50472</createdBy>
<createdTime>2014-11-20 22:42:13 UTC</createdTime>
<ownerDesignName>UK_HWS_Assessments_data_model_diagram12172014</ownerDesignName>
<collation>SQL_Latin1_General_CP1_CI_AS</collation>
</ColumnProxy>
<ColumnProxy class="oracle.dbtools.crest.model.design.storage.sqlserver.v2k5.ColumnProxySqlServerv2k5" name="GP_ID" id="89449441-574D-3E82-B263-CE0DA4ADC705">
<createdBy>50472</createdBy>
<createdTime>2014-11-20 22:42:13 UTC</createdTime>
<ownerDesignName>UK_HWS_Assessments_data_model_diagram12172014</ownerDesignName>
</ColumnProxy>
<ColumnProxy class="oracle.dbtools.crest.model.design.storage.sqlserver.v2k5.ColumnProxySqlServerv2k5" name="ISREFERREDINLAST12MONTHS" id="8957EC60-01B3-11B3-3B23-8AD7D81CB499">
<createdBy>50472</createdBy>
<createdTime>2014-11-20 22:42:13 UTC</createdTime>
<ownerDesignName>UK_HWS_Assessments_data_model_diagram12172014</ownerDesignName>
</ColumnProxy>
<ColumnProxy class="oracle.dbtools.crest.model.design.storage.sqlserver.v2k5.ColumnProxySqlServerv2k5" name="EMPLOYER_OFFERED_SERVICES" id="89BCD61D-6389-44AD-E7D6-D0F684BA3016">
<createdBy>andrew.yuhas</createdBy>
<createdTime>2014-12-11 10:01:42 UTC</createdTime>
<ownerDesignName>UK_HWS_Assessments_data_model_diagram12172014</ownerDesignName>
</ColumnProxy>
<ColumnProxy class="oracle.dbtools.crest.model.design.storage.sqlserver.v2k5.ColumnProxySqlServerv2k5" name="EMPLOYER_ASSISTANCE_PROGRAMME" id="8B49DCF4-C3C7-31D1-6D18-E4D3EA0ADFD4">
<createdBy>andrew.yuhas</createdBy>
<createdTime>2014-12-11 10:01:42 UTC</createdTime>
<ownerDesignName>UK_HWS_Assessments_data_model_diagram12172014</ownerDesignName>
</ColumnProxy>
<ColumnProxy class="oracle.dbtools.crest.model.design.storage.sqlserver.v2k5.ColumnProxySqlServerv2k5" name="CASE_MANAGER_ID" id="8D1F4D03-AD43-657F-8432-6603BE6DC71E">
<createdBy>50472</createdBy>
<createdTime>2014-11-20 22:42:13 UTC</createdTime>
<ownerDesignName>UK_HWS_Assessments_data_model_diagram12172014</ownerDesignName>
</ColumnProxy>
<ColumnProxy class="oracle.dbtools.crest.model.design.storage.sqlserver.v2k5.ColumnProxySqlServerv2k5" name="CASE_STATUS" id="8E4484CA-8573-B66B-A0AC-A1A781E9F646">
<createdBy>50472</createdBy>
<createdTime>2014-11-20 22:42:13 UTC</createdTime>
<ownerDesignName>UK_HWS_Assessments_data_model_diagram12172014</ownerDesignName>
<collation>SQL_Latin1_General_CP1_CI_AS</collation>
</ColumnProxy>
<ColumnProxy class="oracle.dbtools.crest.model.design.storage.sqlserver.v2k5.ColumnProxySqlServerv2k5" name="DROP_SERVICE_DT" id="8FD1BCF8-9BE5-BFD4-FED2-29CE5B81F21F">
<createdBy>50472</createdBy>
<createdTime>2014-11-20 22:42:13 UTC</createdTime>
<ownerDesignName>UK_HWS_Assessments_data_model_diagram12172014</ownerDesignName>
</ColumnProxy>
<ColumnProxy class="oracle.dbtools.crest.model.design.storage.sqlserver.v2k5.ColumnProxySqlServerv2k5" name="EMPLOYER_ID" id="9941EE14-B2F8-175C-6CFC-BC02FAE89150">
<createdBy>50472</createdBy>
<createdTime>2014-11-20 22:42:13 UTC</createdTime>
<ownerDesignName>UK_HWS_Assessments_data_model_diagram12172014</ownerDesignName>
</ColumnProxy>
<ColumnProxy class="oracle.dbtools.crest.model.design.storage.sqlserver.v2k5.ColumnProxySqlServerv2k5" name="EMPLOYER_POSTCODE" id="9993EB62-371E-62D6-2C4B-D43402A12682">
<createdBy>50472</createdBy>
<createdTime>2014-11-20 22:42:13 UTC</createdTime>
<ownerDesignName>UK_HWS_Assessments_data_model_diagram12172014</ownerDesignName>
<collation>SQL_Latin1_General_CP1_CI_AS</collation>
</ColumnProxy>
<ColumnProxy class="oracle.dbtools.crest.model.design.storage.sqlserver.v2k5.ColumnProxySqlServerv2k5" name="CASE_CLOSED_DT" id="9BE7E764-F746-60B0-B44A-7DD5828CC69C">
<createdBy>50472</createdBy>
<createdTime>2014-11-20 22:42:13 UTC</createdTime>
<ownerDesignName>UK_HWS_Assessments_data_model_diagram12172014</ownerDesignName>
</ColumnProxy>
<ColumnProxy class="oracle.dbtools.crest.model.design.storage.sqlserver.v2k5.ColumnProxySqlServerv2k5" name="EMPLOYEE_WORKINGPATTERNS" id="9C4A5086-D150-BE57-F79A-DEC2EB7307AC">
<createdBy>50472</createdBy>
<createdTime>2014-11-20 22:42:13 UTC</createdTime>
<ownerDesignName>UK_HWS_Assessments_data_model_diagram12172014</ownerDesignName>
<collation>SQL_Latin1_General_CP1_CI_AS</collation>
</ColumnProxy>
<ColumnProxy class="oracle.dbtools.crest.model.design.storage.sqlserver.v2k5.ColumnProxySqlServerv2k5" name="REFERRAL_RECEIPT_DT" id="9C554B8E-C763-92A3-E2BF-659BA377DDB1">
<createdBy>50472</createdBy>
<createdTime>2014-11-20 22:42:13 UTC</createdTime>
<ownerDesignName>UK_HWS_Assessments_data_model_diagram12172014</ownerDesignName>
</ColumnProxy>
<ColumnProxy class="oracle.dbtools.crest.model.design.storage.sqlserver.v2k5.ColumnProxySqlServerv2k5" name="NO_FIT_NOTE_REASON" id="9DDF1519-A926-ABD9-05B6-FB22B99AE334">
<createdBy>50472</createdBy>
<createdTime>2014-11-20 22:42:13 UTC</createdTime>
<ownerDesignName>UK_HWS_Assessments_data_model_diagram12172014</ownerDesignName>
<collation>SQL_Latin1_General_CP1_CI_AS</collation>
</ColumnProxy>
<ColumnProxy class="oracle.dbtools.crest.model.design.storage.sqlserver.v2k5.ColumnProxySqlServerv2k5" name="MISSING_INFORMATION_DUE_DT" id="A4D5D320-473D-9F78-3658-4D0CD715363B">
<createdBy>50472</createdBy>
<createdTime>2014-11-20 22:42:13 UTC</createdTime>
<ownerDesignName>UK_HWS_Assessments_data_model_diagram12172014</ownerDesignName>
</ColumnProxy>
<ColumnProxy class="oracle.dbtools.crest.model.design.storage.sqlserver.v2k5.ColumnProxySqlServerv2k5" name="REGION" id="A5C6CDA8-D0F6-B967-77BE-25A348D13294">
<createdBy>50472</createdBy>
<createdTime>2014-11-20 22:42:13 UTC</createdTime>
<ownerDesignName>UK_HWS_Assessments_data_model_diagram12172014</ownerDesignName>
<collation>SQL_Latin1_General_CP1_CI_AS</collation>
</ColumnProxy>
<ColumnProxy class="oracle.dbtools.crest.model.design.storage.sqlserver.v2k5.ColumnProxySqlServerv2k5" name="EMPLOYER_NAME" id="A619B8B8-3F19-C657-1A3B-9BFE28E9B012">
<createdBy>50472</createdBy>
<createdTime>2014-11-20 22:42:13 UTC</createdTime>
<ownerDesignName>UK_HWS_Assessments_data_model_diagram12172014</ownerDesignName>
<collation>SQL_Latin1_General_CP1_CI_AS</collation>
</ColumnProxy>
<ColumnProxy class="oracle.dbtools.crest.model.design.storage.sqlserver.v2k5.ColumnProxySqlServerv2k5" name="CASE_STATUS_ID" id="A6860A89-EDB3-0143-799B-E88486508A6D">
<createdBy>50472</createdBy>
<createdTime>2014-11-20 22:42:13 UTC</createdTime>
<ownerDesignName>UK_HWS_Assessments_data_model_diagram12172014</ownerDesignName>
</ColumnProxy>
<ColumnProxy class="oracle.dbtools.crest.model.design.storage.sqlserver.v2k5.ColumnProxySqlServerv2k5" name="EMPLOYER_OCC_SECTOR" id="A70E04C7-EAF9-D0F5-C25E-EEA26A78BA3E">
<createdBy>50472</createdBy>
<createdTime>2014-11-20 22:42:13 UTC</createdTime>
<ownerDesignName>UK_HWS_Assessments_data_model_diagram12172014</ownerDesignName>
<collation>SQL_Latin1_General_CP1_CI_AS</collation>
</ColumnProxy>
<ColumnProxy class="oracle.dbtools.crest.model.design.storage.sqlserver.v2k5.ColumnProxySqlServerv2k5" name="EMPLOYER_COUNSELING_SERVICE" id="A7172E88-B35E-3145-4BC2-C07319062FEE">
<createdBy>andrew.yuhas</createdBy>
<createdTime>2014-12-11 10:01:42 UTC</createdTime>
<ownerDesignName>UK_HWS_Assessments_data_model_diagram12172014</ownerDesignName>
</ColumnProxy>
<ColumnProxy class="oracle.dbtools.crest.model.design.storage.sqlserver.v2k5.ColumnProxySqlServerv2k5" name="EMPLOYER_SIZE" id="A8F9B0CF-A912-259B-432F-D84356B80EB0">
<createdBy>50472</createdBy>
<createdTime>2014-11-20 22:42:13 UTC</createdTime>
<ownerDesignName>UK_HWS_Assessments_data_model_diagram12172014</ownerDesignName>
<collation>SQL_Latin1_General_CP1_CI_AS</collation>
</ColumnProxy>
<ColumnProxy class="oracle.dbtools.crest.model.design.storage.sqlserver.v2k5.ColumnProxySqlServerv2k5" name="FULL_PART_TIME" id="AAA31797-7B50-AB67-A0BE-CF330FF6B77C">
<createdBy>50472</createdBy>
<createdTime>2014-11-20 22:42:13 UTC</createdTime>
<ownerDesignName>UK_HWS_Assessments_data_model_diagram12172014</ownerDesignName>
<collation>SQL_Latin1_General_CP1_CI_AS</collation>
</ColumnProxy>
<ColumnProxy class="oracle.dbtools.crest.model.design.storage.sqlserver.v2k5.ColumnProxySqlServerv2k5" name="EMPLOYEE_ID" id="B0F3C20C-9FFB-3DCF-4FF2-86FA2F963445">
<createdBy>50472</createdBy>
<createdTime>2014-11-20 22:42:13 UTC</createdTime>
<ownerDesignName>UK_HWS_Assessments_data_model_diagram12172014</ownerDesignName>
</ColumnProxy>
<ColumnProxy class="oracle.dbtools.crest.model.design.storage.sqlserver.v2k5.ColumnProxySqlServerv2k5" name="CASE_ESCALATED_TO" id="B4EA9FA0-664C-6739-388A-5BD9464BCA36">
<createdBy>50472</createdBy>
<createdTime>2014-11-20 22:42:13 UTC</createdTime>
<ownerDesignName>UK_HWS_Assessments_data_model_diagram12172014</ownerDesignName>
<collation>SQL_Latin1_General_CP1_CI_AS</collation>
</ColumnProxy>
<ColumnProxy class="oracle.dbtools.crest.model.design.storage.sqlserver.v2k5.ColumnProxySqlServerv2k5" name="EMPLOYEE_GENDER" id="B649D327-DF9F-4AE2-0AE4-B45FAE9E470F">
<createdBy>50472</createdBy>
<createdTime>2014-11-20 22:42:13 UTC</createdTime>
<ownerDesignName>UK_HWS_Assessments_data_model_diagram12172014</ownerDesignName>
<collation>SQL_Latin1_General_CP1_CI_AS</collation>
</ColumnProxy>
<ColumnProxy class="oracle.dbtools.crest.model.design.storage.sqlserver.v2k5.ColumnProxySqlServerv2k5" name="REFERRAL_FIT_NOTE_EXPIRY_DATE" id="BA0F789C-E726-38D4-9C5E-0F17E685E450">
<createdBy>50472</createdBy>
<createdTime>2014-11-20 22:42:13 UTC</createdTime>
<ownerDesignName>UK_HWS_Assessments_data_model_diagram12172014</ownerDesignName>
</ColumnProxy>
<ColumnProxy class="oracle.dbtools.crest.model.design.storage.sqlserver.v2k5.ColumnProxySqlServerv2k5" name="CASE_FAMILY_ID" id="BCE8854C-46FD-91D1-C538-13190E2674B8">
<createdBy>50472</createdBy>
<createdTime>2014-11-20 22:42:13 UTC</createdTime>
<ownerDesignName>UK_HWS_Assessments_data_model_diagram12172014</ownerDesignName>
</ColumnProxy>
<ColumnProxy class="oracle.dbtools.crest.model.design.storage.sqlserver.v2k5.ColumnProxySqlServerv2k5" name="ADVICELINE_IND" id="BD5534D5-DC71-79AE-6515-6EE98D356674">
<createdBy>50472</createdBy>
<createdTime>2014-11-20 22:42:13 UTC</createdTime>
<ownerDesignName>UK_HWS_Assessments_data_model_diagram12172014</ownerDesignName>
</ColumnProxy>
<ColumnProxy class="oracle.dbtools.crest.model.design.storage.sqlserver.v2k5.ColumnProxySqlServerv2k5" name="INITIAL_CONTACT_DT" id="C8D75E40-B39D-B9EC-1D62-B8EAFABAB10B">
<createdBy>50472</createdBy>
<createdTime>2014-11-20 22:42:13 UTC</createdTime>
<ownerDesignName>UK_HWS_Assessments_data_model_diagram12172014</ownerDesignName>
</ColumnProxy>
<ColumnProxy class="oracle.dbtools.crest.model.design.storage.sqlserver.v2k5.ColumnProxySqlServerv2k5" name="ABSENT_FROM_WORK" id="D15EC397-9608-34FC-84C4-A820A5E4815D">
<createdBy>50472</createdBy>
<createdTime>2014-11-20 22:42:13 UTC</createdTime>
<ownerDesignName>UK_HWS_Assessments_data_model_diagram12172014</ownerDesignName>
</ColumnProxy>
<ColumnProxy class="oracle.dbtools.crest.model.design.storage.sqlserver.v2k5.ColumnProxySqlServerv2k5" name="DISCHARGE_REASON" id="D67CC0CA-AFD5-B80E-DD3B-FACFAA808E5F">
<createdBy>50472</createdBy>
<createdTime>2014-11-20 22:42:13 UTC</createdTime>
<ownerDesignName>UK_HWS_Assessments_data_model_diagram12172014</ownerDesignName>
<collation>SQL_Latin1_General_CP1_CI_AS</collation>
</ColumnProxy>
<ColumnProxy class="oracle.dbtools.crest.model.design.storage.sqlserver.v2k5.ColumnProxySqlServerv2k5" name="CASE_ID" id="DABF43A3-C0DF-9FC9-1FB3-C2A5CC5445D6">
<createdBy>50472</createdBy>
<createdTime>2014-11-20 22:42:13 UTC</createdTime>
<ownerDesignName>UK_HWS_Assessments_data_model_diagram12172014</ownerDesignName>
</ColumnProxy>
<ColumnProxy class="oracle.dbtools.crest.model.design.storage.sqlserver.v2k5.ColumnProxySqlServerv2k5" name="REFERRAL_DIAGNOSISFROMFITNOTE" id="DC8EE1A9-2D85-9F86-3A9D-C5109F74FB59">
<createdBy>50472</createdBy>
<createdTime>2014-11-20 22:42:13 UTC</createdTime>
<ownerDesignName>UK_HWS_Assessments_data_model_diagram12172014</ownerDesignName>
<collation>SQL_Latin1_General_CP1_CI_AS</collation>
</ColumnProxy>
<ColumnProxy class="oracle.dbtools.crest.model.design.storage.sqlserver.v2k5.ColumnProxySqlServerv2k5" name="EMPLOYEE_ENGAGED_OCC_HEALTH" id="E12299F7-911B-596C-BDD7-B895BC63C6F3">
<createdBy>50472</createdBy>
<createdTime>2014-11-20 22:42:13 UTC</createdTime>
<ownerDesignName>UK_HWS_Assessments_data_model_diagram12172014</ownerDesignName>
<collation>SQL_Latin1_General_CP1_CI_AS</collation>
</ColumnProxy>
<ColumnProxy class="oracle.dbtools.crest.model.design.storage.sqlserver.v2k5.ColumnProxySqlServerv2k5" name="GP_COMMS_PREF" id="E187B736-DBEE-A3B7-3A4A-AA0E99FD7149">
<createdBy>50472</createdBy>
<createdTime>2014-11-20 22:42:13 UTC</createdTime>
<ownerDesignName>UK_HWS_Assessments_data_model_diagram12172014</ownerDesignName>
<collation>SQL_Latin1_General_CP1_CI_AS</collation>
</ColumnProxy>
<ColumnProxy class="oracle.dbtools.crest.model.design.storage.sqlserver.v2k5.ColumnProxySqlServerv2k5" name="EMPLOYER_PHYSIOTHERAPY_SERVICE" id="E24EBB2C-3FF9-6477-D153-9CE13F932736">
<createdBy>andrew.yuhas</createdBy>
<createdTime>2014-12-11 10:01:42 UTC</createdTime>
<ownerDesignName>UK_HWS_Assessments_data_model_diagram12172014</ownerDesignName>
</ColumnProxy>
<ColumnProxy class="oracle.dbtools.crest.model.design.storage.sqlserver.v2k5.ColumnProxySqlServerv2k5" name="EMPLOYEE_RECEIVE_SMS" id="E5FA7218-1C34-E719-B6C8-6D936CA72A88">
<createdBy>50472</createdBy>
<createdTime>2014-11-20 22:42:13 UTC</createdTime>
<ownerDesignName>UK_HWS_Assessments_data_model_diagram12172014</ownerDesignName>
</ColumnProxy>
<ColumnProxy class="oracle.dbtools.crest.model.design.storage.sqlserver.v2k5.ColumnProxySqlServerv2k5" name="EMPLOYEE_DATE_OF_BIRTH" id="E9B51CEE-29AD-26EA-A94A-E5634830EB68">
<createdBy>50472</createdBy>
<createdTime>2014-11-20 22:42:13 UTC</createdTime>
<ownerDesignName>UK_HWS_Assessments_data_model_diagram12172014</ownerDesignName>
</ColumnProxy>
<ColumnProxy class="oracle.dbtools.crest.model.design.storage.sqlserver.v2k5.ColumnProxySqlServerv2k5" name="ELIGIBILITY_FLAG" id="EC738B14-B63D-2340-9A84-3DDB19F2E048">
<createdBy>andrew.yuhas</createdBy>
<createdTime>2014-12-11 10:01:42 UTC</createdTime>
<ownerDesignName>UK_HWS_Assessments_data_model_diagram12172014</ownerDesignName>
</ColumnProxy>
<ColumnProxy class="oracle.dbtools.crest.model.design.storage.sqlserver.v2k5.ColumnProxySqlServerv2k5" name="EMPLOYER_TYPE" id="ECE73FFC-0D67-AEBE-0DB9-32721F4A730F">
<createdBy>50472</createdBy>
<createdTime>2014-11-20 22:42:13 UTC</createdTime>
<ownerDesignName>UK_HWS_Assessments_data_model_diagram12172014</ownerDesignName>
<collation>SQL_Latin1_General_CP1_CI_AS</collation>
</ColumnProxy>
<ColumnProxy class="oracle.dbtools.crest.model.design.storage.sqlserver.v2k5.ColumnProxySqlServerv2k5" name="EMPLOYER_LANGUAGE_PREF" id="ED345359-EB67-CDCE-26D3-7E8C17EDFFB7">
<createdBy>50472</createdBy>
<createdTime>2014-11-20 22:42:13 UTC</createdTime>
<ownerDesignName>UK_HWS_Assessments_data_model_diagram12172014</ownerDesignName>
<collation>SQL_Latin1_General_CP1_CI_AS</collation>
</ColumnProxy>
<ColumnProxy class="oracle.dbtools.crest.model.design.storage.sqlserver.v2k5.ColumnProxySqlServerv2k5" name="CASE_CREATE_DT" id="F3A91FA7-5377-A0E5-2A69-16A1F2B8BCFD">
<createdBy>50472</createdBy>
<createdTime>2014-11-20 22:42:13 UTC</createdTime>
<ownerDesignName>UK_HWS_Assessments_data_model_diagram12172014</ownerDesignName>
</ColumnProxy>
<ColumnProxy class="oracle.dbtools.crest.model.design.storage.sqlserver.v2k5.ColumnProxySqlServerv2k5" name="REFERRAL_SOURCE" id="F4A1E103-BB3F-F761-ED8C-081E1F31A6EC">
<createdBy>50472</createdBy>
<createdTime>2014-11-20 22:42:13 UTC</createdTime>
<ownerDesignName>UK_HWS_Assessments_data_model_diagram12172014</ownerDesignName>
<collation>SQL_Latin1_General_CP1_CI_AS</collation>
</ColumnProxy>
<ColumnProxy class="oracle.dbtools.crest.model.design.storage.sqlserver.v2k5.ColumnProxySqlServerv2k5" name="GP_HARDOFHEARING_PREF" id="F4CC5C44-362F-91BC-1CA4-9CD82DDEF552">
<createdBy>50472</createdBy>
<createdTime>2014-11-20 22:42:13 UTC</createdTime>
<ownerDesignName>UK_HWS_Assessments_data_model_diagram12172014</ownerDesignName>
<collation>SQL_Latin1_General_CP1_CI_AS</collation>
</ColumnProxy>
<ColumnProxy class="oracle.dbtools.crest.model.design.storage.sqlserver.v2k5.ColumnProxySqlServerv2k5" name="GP_PRACTICE_NAME" id="F5565271-71C5-90BA-8B07-466F63062E1C">
<createdBy>50472</createdBy>
<createdTime>2014-11-20 22:42:13 UTC</createdTime>
<ownerDesignName>UK_HWS_Assessments_data_model_diagram12172014</ownerDesignName>
<collation>SQL_Latin1_General_CP1_CI_AS</collation>
</ColumnProxy>
<ColumnProxy class="oracle.dbtools.crest.model.design.storage.sqlserver.v2k5.ColumnProxySqlServerv2k5" name="EMPLOYEE_RECEIVE_EMAIL" id="F615065F-38F5-C7F1-79A5-8750E80C1214">
<createdBy>50472</createdBy>
<createdTime>2014-11-20 22:42:13 UTC</createdTime>
<ownerDesignName>UK_HWS_Assessments_data_model_diagram12172014</ownerDesignName>
</ColumnProxy>
<ColumnProxy class="oracle.dbtools.crest.model.design.storage.sqlserver.v2k5.ColumnProxySqlServerv2k5" name="CASE_DROP_REASON" id="FF6BC39F-8568-5B22-0E39-DBC164E276D9">
<createdBy>50472</createdBy>
<createdTime>2014-11-20 22:42:13 UTC</createdTime>
<ownerDesignName>UK_HWS_Assessments_data_model_diagram12172014</ownerDesignName>
<collation>SQL_Latin1_General_CP1_CI_AS</collation>
</ColumnProxy>
</columnProxies>
<foreignKeys>
<ForeignKey class="oracle.dbtools.crest.model.design.storage.sqlserver.v2k5.FKProxySqlServerv2k5" name="CASES_RESOURCES_FK" id="109F7594-21BE-16BD-C202-61F8150B945A">
<createdBy>andrew.yuhas</createdBy>
<createdTime>2014-12-11 10:23:56 UTC</createdTime>
<ownerDesignName>UK_HWS_Assessments_data_model_diagram12112014</ownerDesignName>
</ForeignKey>
</foreignKeys>
<primaryKeys>
<PrimaryKey class="oracle.dbtools.crest.model.design.storage.sqlserver.v2k5.PKProxySqlServerv2k5" name="CASE_ID" id="611A8B22-9E8A-3257-7185-4D1A33DD1577">
<createdBy>50472</createdBy>
<createdTime>2014-11-20 22:42:13 UTC</createdTime>
<ownerDesignName>UK_HWS_Assessments_data_model_diagram12172014</ownerDesignName>
<clustered>true</clustered>
<fileGroup>75266422-2B70-EF47-42AC-FE2499733385</fileGroup>
<recomputeStatistics>NO</recomputeStatistics>
</PrimaryKey>
</primaryKeys>
</TableProxySqlServerv2k5>