<?xml version = '1.0' encoding = 'UTF-8'?>
<TableProxySqlServerv2k5 class="oracle.dbtools.crest.model.design.storage.sqlserver.v2k5.TableProxySqlServerv2k5" name="DWP_SIGNPOSTING" directorySegmentName="seg_0" id="504306A6-7DC3-08E3-7C7B-5D2385284BBF">
<createdBy>andrew.yuhas</createdBy>
<createdTime>2014-12-08 10:27:17 UTC</createdTime>
<ownerDesignName>UK_HWS_Assessments_data_model_diagram12172014</ownerDesignName>
<database>DB_NULLELEMENT</database>
<columnProxies>
<ColumnProxy class="oracle.dbtools.crest.model.design.storage.sqlserver.v2k5.ColumnProxySqlServerv2k5" name="ASSESSMENT_ID" id="25A88AC8-9DEF-CECC-B7E8-B7D4F146F781">
<createdBy>andrew.yuhas</createdBy>
<createdTime>2014-12-08 10:28:07 UTC</createdTime>
<ownerDesignName>UK_HWS_Assessments_data_model_diagram12172014</ownerDesignName>
</ColumnProxy>
<ColumnProxy class="oracle.dbtools.crest.model.design.storage.sqlserver.v2k5.ColumnProxySqlServerv2k5" name="DWP_SIGNPOSTING_NAME" id="2A1071F4-7A8B-9FBF-935F-22281658B9EF">
<createdBy>andrew.yuhas</createdBy>
<createdTime>2014-12-08 10:28:07 UTC</createdTime>
<ownerDesignName>UK_HWS_Assessments_data_model_diagram12172014</ownerDesignName>
</ColumnProxy>
<ColumnProxy class="oracle.dbtools.crest.model.design.storage.sqlserver.v2k5.ColumnProxySqlServerv2k5" name="DWP_SIGNPOSTING_ID" id="8372C2EB-B35A-968C-CB8E-8494C844B5FC">
<createdBy>andrew.yuhas</createdBy>
<createdTime>2014-12-08 10:28:07 UTC</createdTime>
<ownerDesignName>UK_HWS_Assessments_data_model_diagram12172014</ownerDesignName>
</ColumnProxy>
<ColumnProxy class="oracle.dbtools.crest.model.design.storage.sqlserver.v2k5.ColumnProxySqlServerv2k5" name="DWP_SIGNPOSTING_EFFECTIVE_DT" id="B7258756-2FF7-2C78-01AD-4B52E9016BF3">
<createdBy>andrew.yuhas</createdBy>
<createdTime>2014-12-11 10:14:41 UTC</createdTime>
<ownerDesignName>UK_HWS_Assessments_data_model_diagram12172014</ownerDesignName>
</ColumnProxy>
</columnProxies>
<foreignKeys>
<ForeignKey class="oracle.dbtools.crest.model.design.storage.sqlserver.v2k5.FKProxySqlServerv2k5" name="DWP_SIGNPOSTING_ASSESSMENTS_FK" id="B79186EC-8FF7-09E5-AF7E-4B3BA4726FF5">
<createdBy>andrew.yuhas</createdBy>
<createdTime>2014-12-08 10:28:18 UTC</createdTime>
<ownerDesignName>UK_HWS_Assessments_data_model_diagram12082014</ownerDesignName>
</ForeignKey>
</foreignKeys>
<primaryKeys>
<PrimaryKey class="oracle.dbtools.crest.model.design.storage.sqlserver.v2k5.PKProxySqlServerv2k5" name="DWP_SIGNPOSTING_PK" id="103ACC76-D1F7-EBB5-369F-17D5BE1A9FC6">
<createdBy>andrew.yuhas</createdBy>
<createdTime>2014-12-08 10:28:18 UTC</createdTime>
<ownerDesignName>UK_HWS_Assessments_data_model_diagram12172014</ownerDesignName>
<clustered>true</clustered>
</PrimaryKey>
</primaryKeys>
</TableProxySqlServerv2k5>