<?xml version = '1.0' encoding = 'UTF-8'?>
<TableProxySqlServerv2k5 class="oracle.dbtools.crest.model.design.storage.sqlserver.v2k5.TableProxySqlServerv2k5" name="SLA_CONFIG" directorySegmentName="seg_0" id="541B55D7-D9D3-51AE-84F3-274CAE8C0B37">
<createdBy>andrew.yuhas</createdBy>
<createdTime>2014-12-11 10:01:42 UTC</createdTime>
<ownerDesignName>UK_HWS_Assessments_data_model_diagram12172014</ownerDesignName>
<database>DB_NULLELEMENT</database>
<columnProxies>
<ColumnProxy class="oracle.dbtools.crest.model.design.storage.sqlserver.v2k5.ColumnProxySqlServerv2k5" name="END_DT" id="294CA057-33F9-5064-AEE0-C0FAC7CF779F">
<createdBy>andrew.yuhas</createdBy>
<createdTime>2014-12-11 10:01:42 UTC</createdTime>
<ownerDesignName>UK_HWS_Assessments_data_model_diagram12172014</ownerDesignName>
</ColumnProxy>
<ColumnProxy class="oracle.dbtools.crest.model.design.storage.sqlserver.v2k5.ColumnProxySqlServerv2k5" name="SLA_VALUE_TYPE" id="7F6DF3C6-B659-3DA5-178C-76F95D4DBF86">
<createdBy>andrew.yuhas</createdBy>
<createdTime>2014-12-11 10:01:42 UTC</createdTime>
<ownerDesignName>UK_HWS_Assessments_data_model_diagram12172014</ownerDesignName>
</ColumnProxy>
<ColumnProxy class="oracle.dbtools.crest.model.design.storage.sqlserver.v2k5.ColumnProxySqlServerv2k5" name="EFFECTIVE_DT" id="920BBE5F-FDE1-BB24-449B-2794593B6E10">
<createdBy>andrew.yuhas</createdBy>
<createdTime>2014-12-11 10:01:42 UTC</createdTime>
<ownerDesignName>UK_HWS_Assessments_data_model_diagram12172014</ownerDesignName>
</ColumnProxy>
<ColumnProxy class="oracle.dbtools.crest.model.design.storage.sqlserver.v2k5.ColumnProxySqlServerv2k5" name="SLA_ID" id="ADAFEEA9-1136-2B42-ADDF-3F3D70BE0770">
<createdBy>andrew.yuhas</createdBy>
<createdTime>2014-12-11 10:01:42 UTC</createdTime>
<ownerDesignName>UK_HWS_Assessments_data_model_diagram12172014</ownerDesignName>
</ColumnProxy>
<ColumnProxy class="oracle.dbtools.crest.model.design.storage.sqlserver.v2k5.ColumnProxySqlServerv2k5" name="TARGET_VALUE" id="D51C3E0E-0B42-EBFA-29D0-7BFC57A873A4">
<createdBy>andrew.yuhas</createdBy>
<createdTime>2014-12-11 10:01:42 UTC</createdTime>
<ownerDesignName>UK_HWS_Assessments_data_model_diagram12172014</ownerDesignName>
</ColumnProxy>
<ColumnProxy class="oracle.dbtools.crest.model.design.storage.sqlserver.v2k5.ColumnProxySqlServerv2k5" name="SLA_NAME" id="F1DCC164-B258-A849-F4B3-BF095240A7B5">
<createdBy>andrew.yuhas</createdBy>
<createdTime>2014-12-11 10:01:42 UTC</createdTime>
<ownerDesignName>UK_HWS_Assessments_data_model_diagram12172014</ownerDesignName>
</ColumnProxy>
<ColumnProxy class="oracle.dbtools.crest.model.design.storage.sqlserver.v2k5.ColumnProxySqlServerv2k5" name="JEOPARDY_VALUE" id="F5039754-9C66-4799-3A38-1674AD211667">
<createdBy>andrew.yuhas</createdBy>
<createdTime>2014-12-11 10:01:42 UTC</createdTime>
<ownerDesignName>UK_HWS_Assessments_data_model_diagram12172014</ownerDesignName>
</ColumnProxy>
</columnProxies>
<primaryKeys>
<PrimaryKey class="oracle.dbtools.crest.model.design.storage.sqlserver.v2k5.PKProxySqlServerv2k5" name="SLA_CONFIG_PK" id="3E8B0EC6-B7F2-141F-B617-090351B07D8B">
<createdBy>andrew.yuhas</createdBy>
<createdTime>2014-12-11 10:01:42 UTC</createdTime>
<ownerDesignName>UK_HWS_Assessments_data_model_diagram12172014</ownerDesignName>
<clustered>true</clustered>
</PrimaryKey>
</primaryKeys>
</TableProxySqlServerv2k5>