<?xml version = '1.0' encoding = 'UTF-8'?>
<TableProxySqlServerv2k5 class="oracle.dbtools.crest.model.design.storage.sqlserver.v2k5.TableProxySqlServerv2k5" name="RECOM_SIGNPOSTING_ADJUST" directorySegmentName="seg_0" id="59B1705A-9AE1-63E0-8D2F-7B54B5789D4E">
<createdBy>50472</createdBy>
<createdTime>2014-11-20 22:42:14 UTC</createdTime>
<ownerDesignName>UK_HWS_Assessments_data_model_diagram12172014</ownerDesignName>
<database>9E5DB530-24AB-88CE-E991-EFC5690BE626</database>
<filegroup>75266422-2B70-EF47-42AC-FE2499733385</filegroup>
<schema>5</schema>
<columnProxies>
<ColumnProxy class="oracle.dbtools.crest.model.design.storage.sqlserver.v2k5.ColumnProxySqlServerv2k5" name="OBSTACLE_ID" id="026EF448-2F60-1ADA-23D1-B1BC372B2463">
<createdBy>50472</createdBy>
<createdTime>2014-11-20 22:42:14 UTC</createdTime>
<ownerDesignName>UK_HWS_Assessments_data_model_diagram12172014</ownerDesignName>
</ColumnProxy>
<ColumnProxy class="oracle.dbtools.crest.model.design.storage.sqlserver.v2k5.ColumnProxySqlServerv2k5" name="RSA_DETAIL" id="294076B8-B297-CF13-66CA-1134068E30D6">
<createdBy>50472</createdBy>
<createdTime>2014-11-20 22:42:14 UTC</createdTime>
<ownerDesignName>UK_HWS_Assessments_data_model_diagram12172014</ownerDesignName>
<collation>SQL_Latin1_General_CP1_CI_AS</collation>
</ColumnProxy>
<ColumnProxy class="oracle.dbtools.crest.model.design.storage.sqlserver.v2k5.ColumnProxySqlServerv2k5" name="RSA_ID" id="2C77963D-306F-B20C-A637-A5E7C27C0808">
<createdBy>50472</createdBy>
<createdTime>2014-11-20 22:42:14 UTC</createdTime>
<ownerDesignName>UK_HWS_Assessments_data_model_diagram12172014</ownerDesignName>
</ColumnProxy>
<ColumnProxy class="oracle.dbtools.crest.model.design.storage.sqlserver.v2k5.ColumnProxySqlServerv2k5" name="RSA_TYPE" id="8914B36A-CE76-B395-77FF-EDD146AB2DDE">
<createdBy>50472</createdBy>
<createdTime>2014-11-20 22:42:14 UTC</createdTime>
<ownerDesignName>UK_HWS_Assessments_data_model_diagram12172014</ownerDesignName>
<collation>SQL_Latin1_General_CP1_CI_AS</collation>
</ColumnProxy>
<ColumnProxy class="oracle.dbtools.crest.model.design.storage.sqlserver.v2k5.ColumnProxySqlServerv2k5" name="RSA_CATEGORY" id="9DC55F7F-50C7-57F5-EC6E-3B2D1A3D5A54">
<createdBy>50472</createdBy>
<createdTime>2014-11-20 22:42:14 UTC</createdTime>
<ownerDesignName>UK_HWS_Assessments_data_model_diagram12172014</ownerDesignName>
<collation>SQL_Latin1_General_CP1_CI_AS</collation>
</ColumnProxy>
<ColumnProxy class="oracle.dbtools.crest.model.design.storage.sqlserver.v2k5.ColumnProxySqlServerv2k5" name="RSA_TARGET_DATE" id="CB09FB81-476B-AEA6-B97F-48DDE463A181">
<createdBy>50472</createdBy>
<createdTime>2014-11-20 22:42:14 UTC</createdTime>
<ownerDesignName>UK_HWS_Assessments_data_model_diagram12172014</ownerDesignName>
</ColumnProxy>
<ColumnProxy class="oracle.dbtools.crest.model.design.storage.sqlserver.v2k5.ColumnProxySqlServerv2k5" name="RSA_TEXT" id="FC003D13-B29B-6EB2-5051-0FC43D61C129">
<createdBy>50472</createdBy>
<createdTime>2014-11-20 22:42:14 UTC</createdTime>
<ownerDesignName>UK_HWS_Assessments_data_model_diagram12172014</ownerDesignName>
<collation>SQL_Latin1_General_CP1_CI_AS</collation>
</ColumnProxy>
</columnProxies>
<foreignKeys>
<ForeignKey class="oracle.dbtools.crest.model.design.storage.sqlserver.v2k5.FKProxySqlServerv2k5" name="RECOM_SIGNPOSTING_ADJUST_OBSTACLES_FK" id="91325671-3DA6-1AAE-368A-0AAE4B155D95">
<createdBy>50472</createdBy>
<createdTime>2014-11-20 22:42:16 UTC</createdTime>
<ownerDesignName>UK_HWS_Assessments_data_model_diagram</ownerDesignName>
</ForeignKey>
</foreignKeys>
<primaryKeys>
<PrimaryKey class="oracle.dbtools.crest.model.design.storage.sqlserver.v2k5.PKProxySqlServerv2k5" name="RECOMMENDATIONS_SIGNPOSTING_PK" id="8EFAA5F7-207C-26D7-BF85-0640B696928B">
<createdBy>50472</createdBy>
<createdTime>2014-11-20 22:42:14 UTC</createdTime>
<ownerDesignName>UK_HWS_Assessments_data_model_diagram12172014</ownerDesignName>
<clustered>true</clustered>
<fileGroup>75266422-2B70-EF47-42AC-FE2499733385</fileGroup>
<recomputeStatistics>NO</recomputeStatistics>
</PrimaryKey>
</primaryKeys>
</TableProxySqlServerv2k5>