<?xml version = '1.0' encoding = 'UTF-8'?>
<TableProxySqlServerv2k5 class="oracle.dbtools.crest.model.design.storage.sqlserver.v2k5.TableProxySqlServerv2k5" name="APPOINTMENT_STATUS_HISTORY" directorySegmentName="seg_0" id="61E4675E-C5E4-27B2-7B22-13E87B510DCC">
<createdBy>50472</createdBy>
<createdTime>2014-11-20 22:42:09 UTC</createdTime>
<ownerDesignName>UK_HWS_Assessments_data_model_diagram12172014</ownerDesignName>
<database>9E5DB530-24AB-88CE-E991-EFC5690BE626</database>
<filegroup>75266422-2B70-EF47-42AC-FE2499733385</filegroup>
<schema>5</schema>
<columnProxies>
<ColumnProxy class="oracle.dbtools.crest.model.design.storage.sqlserver.v2k5.ColumnProxySqlServerv2k5" name="APPOINTMENT_STATUS_EFFECTIVE_DT" id="1115E0B5-70A8-CF9E-7C73-616AE4701933">
<createdBy>50472</createdBy>
<createdTime>2014-11-20 22:42:09 UTC</createdTime>
<ownerDesignName>UK_HWS_Assessments_data_model_diagram12172014</ownerDesignName>
</ColumnProxy>
<ColumnProxy class="oracle.dbtools.crest.model.design.storage.sqlserver.v2k5.ColumnProxySqlServerv2k5" name="APPOINTMENT_ID" id="2C37A695-4625-546B-B786-8A639ED2E820">
<createdBy>50472</createdBy>
<createdTime>2014-11-20 22:42:09 UTC</createdTime>
<ownerDesignName>UK_HWS_Assessments_data_model_diagram12172014</ownerDesignName>
</ColumnProxy>
<ColumnProxy class="oracle.dbtools.crest.model.design.storage.sqlserver.v2k5.ColumnProxySqlServerv2k5" name="APPOINTMENT_STATUS_END_DT" id="B58877CE-7871-7B01-A688-7542F2922E0A">
<createdBy>50472</createdBy>
<createdTime>2014-11-20 22:42:09 UTC</createdTime>
<ownerDesignName>UK_HWS_Assessments_data_model_diagram12172014</ownerDesignName>
</ColumnProxy>
<ColumnProxy class="oracle.dbtools.crest.model.design.storage.sqlserver.v2k5.ColumnProxySqlServerv2k5" name="APPOINTMENT_STATUS_ID" id="C987DC85-747E-2950-E1FC-F82E8602D102">
<createdBy>50472</createdBy>
<createdTime>2014-11-20 22:42:09 UTC</createdTime>
<ownerDesignName>UK_HWS_Assessments_data_model_diagram12172014</ownerDesignName>
</ColumnProxy>
</columnProxies>
<foreignKeys>
<ForeignKey class="oracle.dbtools.crest.model.design.storage.sqlserver.v2k5.FKProxySqlServerv2k5" name="APPOINTMENT_STATUS_HISTORY_APPOINTMENTS_FK" id="98912893-2C81-760F-4A07-1300503B56DE">
<createdBy>50472</createdBy>
<createdTime>2014-11-20 22:42:17 UTC</createdTime>
<ownerDesignName>UK_HWS_Assessments_data_model_diagram</ownerDesignName>
</ForeignKey>
</foreignKeys>
<primaryKeys>
<PrimaryKey class="oracle.dbtools.crest.model.design.storage.sqlserver.v2k5.PKProxySqlServerv2k5" name="APPOINTMENT_STATUS_HISTORY_PK" id="17FCEF24-D37A-AD95-D801-5EBB6A75625D">
<createdBy>50472</createdBy>
<createdTime>2014-11-20 22:42:09 UTC</createdTime>
<ownerDesignName>UK_HWS_Assessments_data_model_diagram12172014</ownerDesignName>
<clustered>true</clustered>
<fileGroup>75266422-2B70-EF47-42AC-FE2499733385</fileGroup>
<recomputeStatistics>NO</recomputeStatistics>
</PrimaryKey>
</primaryKeys>
</TableProxySqlServerv2k5>