<?xml version = '1.0' encoding = 'UTF-8'?>
<TableProxySqlServerv2k5 class="oracle.dbtools.crest.model.design.storage.sqlserver.v2k5.TableProxySqlServerv2k5" name="RESOURCES" directorySegmentName="seg_0" id="6B7F1952-B96E-6EFE-4306-C47BC06F5C64">
<createdBy>50472</createdBy>
<createdTime>2014-11-20 22:42:15 UTC</createdTime>
<ownerDesignName>UK_HWS_Assessments_data_model_diagram12172014</ownerDesignName>
<database>9E5DB530-24AB-88CE-E991-EFC5690BE626</database>
<filegroup>75266422-2B70-EF47-42AC-FE2499733385</filegroup>
<schema>5</schema>
<columnProxies>
<ColumnProxy class="oracle.dbtools.crest.model.design.storage.sqlserver.v2k5.ColumnProxySqlServerv2k5" name="CTATEAM_ID" id="3A9BACD2-BF4A-772C-9ABA-DC1583C2AC88">
<createdBy>50472</createdBy>
<createdTime>2014-11-20 22:42:15 UTC</createdTime>
<ownerDesignName>UK_HWS_Assessments_data_model_diagram12172014</ownerDesignName>
</ColumnProxy>
<ColumnProxy class="oracle.dbtools.crest.model.design.storage.sqlserver.v2k5.ColumnProxySqlServerv2k5" name="RESOURCE_IS_HP" id="9F797BB5-C4DA-007A-1766-2010105BC51D">
<createdBy>50472</createdBy>
<createdTime>2014-11-20 22:42:15 UTC</createdTime>
<ownerDesignName>UK_HWS_Assessments_data_model_diagram12172014</ownerDesignName>
</ColumnProxy>
<ColumnProxy class="oracle.dbtools.crest.model.design.storage.sqlserver.v2k5.ColumnProxySqlServerv2k5" name="AGENT_ID" id="B639F206-A65C-169D-E3FB-7550964F2A68">
<createdBy>50472</createdBy>
<createdTime>2014-11-20 22:42:15 UTC</createdTime>
<ownerDesignName>UK_HWS_Assessments_data_model_diagram12172014</ownerDesignName>
<collation>SQL_Latin1_General_CP1_CI_AS</collation>
</ColumnProxy>
<ColumnProxy class="oracle.dbtools.crest.model.design.storage.sqlserver.v2k5.ColumnProxySqlServerv2k5" name="RESOURCE_ID" id="C4596EAC-567E-488A-9625-23CA7F82DFF3">
<createdBy>50472</createdBy>
<createdTime>2014-11-20 22:42:15 UTC</createdTime>
<ownerDesignName>UK_HWS_Assessments_data_model_diagram12172014</ownerDesignName>
</ColumnProxy>
<ColumnProxy class="oracle.dbtools.crest.model.design.storage.sqlserver.v2k5.ColumnProxySqlServerv2k5" name="ACCOUNTNAME" id="CF683E2F-96AB-9F77-F513-EDC2B998DE7D">
<createdBy>50472</createdBy>
<createdTime>2014-11-20 22:42:15 UTC</createdTime>
<ownerDesignName>UK_HWS_Assessments_data_model_diagram12172014</ownerDesignName>
<collation>SQL_Latin1_General_CP1_CI_AS</collation>
</ColumnProxy>
</columnProxies>
<primaryKeys>
<PrimaryKey class="oracle.dbtools.crest.model.design.storage.sqlserver.v2k5.PKProxySqlServerv2k5" name="RESOURCE_ID" id="C5CDD36F-8C2F-61D7-A7A5-472C48BECC65">
<createdBy>50472</createdBy>
<createdTime>2014-11-20 22:42:15 UTC</createdTime>
<ownerDesignName>UK_HWS_Assessments_data_model_diagram12172014</ownerDesignName>
<clustered>true</clustered>
<fileGroup>75266422-2B70-EF47-42AC-FE2499733385</fileGroup>
<recomputeStatistics>NO</recomputeStatistics>
</PrimaryKey>
</primaryKeys>
</TableProxySqlServerv2k5>