<?xml version = '1.0' encoding = 'UTF-8'?>
<TableProxySqlServerv2k5 class="oracle.dbtools.crest.model.design.storage.sqlserver.v2k5.TableProxySqlServerv2k5" name="CASE_STATUS_HISTORY" directorySegmentName="seg_0" id="6CFB361F-E101-E33D-1DA2-35904E3E0008">
<createdBy>50472</createdBy>
<createdTime>2014-11-20 22:42:12 UTC</createdTime>
<ownerDesignName>UK_HWS_Assessments_data_model_diagram12172014</ownerDesignName>
<database>9E5DB530-24AB-88CE-E991-EFC5690BE626</database>
<filegroup>75266422-2B70-EF47-42AC-FE2499733385</filegroup>
<schema>5</schema>
<columnProxies>
<ColumnProxy class="oracle.dbtools.crest.model.design.storage.sqlserver.v2k5.ColumnProxySqlServerv2k5" name="CASE_STATUS_END_DT" id="1150D500-3759-6953-230D-863236048DA7">
<createdBy>50472</createdBy>
<createdTime>2014-11-20 22:42:12 UTC</createdTime>
<ownerDesignName>UK_HWS_Assessments_data_model_diagram12172014</ownerDesignName>
</ColumnProxy>
<ColumnProxy class="oracle.dbtools.crest.model.design.storage.sqlserver.v2k5.ColumnProxySqlServerv2k5" name="CASE_ID" id="2B02D3F2-B425-7C9F-16E1-DDDF7D7D3880">
<createdBy>50472</createdBy>
<createdTime>2014-11-20 22:42:12 UTC</createdTime>
<ownerDesignName>UK_HWS_Assessments_data_model_diagram12172014</ownerDesignName>
</ColumnProxy>
<ColumnProxy class="oracle.dbtools.crest.model.design.storage.sqlserver.v2k5.ColumnProxySqlServerv2k5" name="CASE_STATUS_ID" id="A5C7B7B5-33C4-215C-C911-7D286780CD44">
<createdBy>50472</createdBy>
<createdTime>2014-11-20 22:42:12 UTC</createdTime>
<ownerDesignName>UK_HWS_Assessments_data_model_diagram12172014</ownerDesignName>
</ColumnProxy>
<ColumnProxy class="oracle.dbtools.crest.model.design.storage.sqlserver.v2k5.ColumnProxySqlServerv2k5" name="CASE_STATUS_EFFECTIVE_DT" id="B1FBEAE1-B40F-F794-8692-B53AF234A387">
<createdBy>50472</createdBy>
<createdTime>2014-11-20 22:42:12 UTC</createdTime>
<ownerDesignName>UK_HWS_Assessments_data_model_diagram12172014</ownerDesignName>
</ColumnProxy>
</columnProxies>
<foreignKeys>
<ForeignKey class="oracle.dbtools.crest.model.design.storage.sqlserver.v2k5.FKProxySqlServerv2k5" name="CASE_STATUS_HISTORY_CASES_FK" id="F7725D94-7179-08FD-F765-7E447E6D5266">
<createdBy>50472</createdBy>
<createdTime>2014-11-20 22:42:16 UTC</createdTime>
<ownerDesignName>UK_HWS_Assessments_data_model_diagram</ownerDesignName>
</ForeignKey>
</foreignKeys>
<primaryKeys>
<PrimaryKey class="oracle.dbtools.crest.model.design.storage.sqlserver.v2k5.PKProxySqlServerv2k5" name="CASE_STATUS_HISTORY_PK" id="2746BC69-3FC3-1C3C-0307-81A809A6DDC2">
<createdBy>50472</createdBy>
<createdTime>2014-11-20 22:42:12 UTC</createdTime>
<ownerDesignName>UK_HWS_Assessments_data_model_diagram12172014</ownerDesignName>
<clustered>true</clustered>
<fileGroup>75266422-2B70-EF47-42AC-FE2499733385</fileGroup>
<recomputeStatistics>NO</recomputeStatistics>
</PrimaryKey>
</primaryKeys>
</TableProxySqlServerv2k5>