<?xml version = '1.0' encoding = 'UTF-8'?>
<TableProxySqlServerv2k5 class="oracle.dbtools.crest.model.design.storage.sqlserver.v2k5.TableProxySqlServerv2k5" name="ASSESSMENT_STATUS_HISTORY" directorySegmentName="seg_0" id="7C584638-CD67-7BC8-566D-DC86737B90A0">
<createdBy>50472</createdBy>
<createdTime>2014-11-20 22:42:11 UTC</createdTime>
<ownerDesignName>UK_HWS_Assessments_data_model_diagram12172014</ownerDesignName>
<database>9E5DB530-24AB-88CE-E991-EFC5690BE626</database>
<filegroup>75266422-2B70-EF47-42AC-FE2499733385</filegroup>
<schema>5</schema>
<columnProxies>
<ColumnProxy class="oracle.dbtools.crest.model.design.storage.sqlserver.v2k5.ColumnProxySqlServerv2k5" name="ASSESSMENT_STATUS_ID" id="3C523708-355B-A2F8-B421-18E21DCF2D61">
<createdBy>50472</createdBy>
<createdTime>2014-11-20 22:42:11 UTC</createdTime>
<ownerDesignName>UK_HWS_Assessments_data_model_diagram12172014</ownerDesignName>
</ColumnProxy>
<ColumnProxy class="oracle.dbtools.crest.model.design.storage.sqlserver.v2k5.ColumnProxySqlServerv2k5" name="ASSESSMENT_STATUS_END_DT" id="78786244-0207-FD57-3753-DB21BAAD431D">
<createdBy>50472</createdBy>
<createdTime>2014-11-20 22:42:11 UTC</createdTime>
<ownerDesignName>UK_HWS_Assessments_data_model_diagram12172014</ownerDesignName>
</ColumnProxy>
<ColumnProxy class="oracle.dbtools.crest.model.design.storage.sqlserver.v2k5.ColumnProxySqlServerv2k5" name="ASSESSMENT_ID" id="8BF69666-51B6-B8A1-306E-DA3CD743B633">
<createdBy>50472</createdBy>
<createdTime>2014-11-20 22:42:11 UTC</createdTime>
<ownerDesignName>UK_HWS_Assessments_data_model_diagram12172014</ownerDesignName>
</ColumnProxy>
<ColumnProxy class="oracle.dbtools.crest.model.design.storage.sqlserver.v2k5.ColumnProxySqlServerv2k5" name="ASSESSMENT_STATUS_EFFECTIVE_DT" id="CBA51B7A-3BA5-EB9D-FDBE-1824D2733D06">
<createdBy>50472</createdBy>
<createdTime>2014-11-20 22:42:11 UTC</createdTime>
<ownerDesignName>UK_HWS_Assessments_data_model_diagram12172014</ownerDesignName>
</ColumnProxy>
</columnProxies>
<foreignKeys>
<ForeignKey class="oracle.dbtools.crest.model.design.storage.sqlserver.v2k5.FKProxySqlServerv2k5" name="ASSESSMENT_STATUS_HISTORY_ASSESSMENTS_FK" id="F4CC240C-10A8-B8E7-D9C4-2E2A99AAE4A8">
<createdBy>50472</createdBy>
<createdTime>2014-11-20 22:42:16 UTC</createdTime>
<ownerDesignName>UK_HWS_Assessments_data_model_diagram</ownerDesignName>
</ForeignKey>
</foreignKeys>
<primaryKeys>
<PrimaryKey class="oracle.dbtools.crest.model.design.storage.sqlserver.v2k5.PKProxySqlServerv2k5" name="ASSESSMENT_STATUS_HISTORY_PK" id="039760B6-E573-2CE9-3352-86E2DE96D447">
<createdBy>50472</createdBy>
<createdTime>2014-11-20 22:42:11 UTC</createdTime>
<ownerDesignName>UK_HWS_Assessments_data_model_diagram12172014</ownerDesignName>
<clustered>true</clustered>
<fileGroup>75266422-2B70-EF47-42AC-FE2499733385</fileGroup>
<recomputeStatistics>NO</recomputeStatistics>
</PrimaryKey>
</primaryKeys>
</TableProxySqlServerv2k5>