<?xml version = '1.0' encoding = 'UTF-8'?>
<TableProxySqlServerv2k5 class="oracle.dbtools.crest.model.design.storage.sqlserver.v2k5.TableProxySqlServerv2k5" name="ASSESSMENTS" directorySegmentName="seg_0" id="B1666379-E856-DE31-90D1-62981B93FF04">
<createdBy>50472</createdBy>
<createdTime>2014-11-20 22:42:11 UTC</createdTime>
<ownerDesignName>UK_HWS_Assessments_data_model_diagram12172014</ownerDesignName>
<database>9E5DB530-24AB-88CE-E991-EFC5690BE626</database>
<filegroup>75266422-2B70-EF47-42AC-FE2499733385</filegroup>
<schema>5</schema>
<textImageFG>75266422-2B70-EF47-42AC-FE2499733385</textImageFG>
<columnProxies>
<ColumnProxy class="oracle.dbtools.crest.model.design.storage.sqlserver.v2k5.ColumnProxySqlServerv2k5" name="PUBLISH_TO_3RDPARTY_DT" id="014C517A-A9BD-F0AA-CE39-F7128DE00056">
<createdBy>50472</createdBy>
<createdTime>2014-11-20 22:42:12 UTC</createdTime>
<ownerDesignName>UK_HWS_Assessments_data_model_diagram12172014</ownerDesignName>
</ColumnProxy>
<ColumnProxy class="oracle.dbtools.crest.model.design.storage.sqlserver.v2k5.ColumnProxySqlServerv2k5" name="PUBLISH_TO_EMPLOYER_DT" id="02A24D79-BC86-EDD4-3FF4-9BC0E7AE21FD">
<createdBy>50472</createdBy>
<createdTime>2014-11-20 22:42:12 UTC</createdTime>
<ownerDesignName>UK_HWS_Assessments_data_model_diagram12172014</ownerDesignName>
</ColumnProxy>
<ColumnProxy class="oracle.dbtools.crest.model.design.storage.sqlserver.v2k5.ColumnProxySqlServerv2k5" name="RTW_OPTIONS" id="037B857C-A43A-5D46-CA19-49A931DB8169">
<createdBy>50472</createdBy>
<createdTime>2014-11-20 22:42:12 UTC</createdTime>
<ownerDesignName>UK_HWS_Assessments_data_model_diagram12172014</ownerDesignName>
<collation>SQL_Latin1_General_CP1_CI_AS</collation>
</ColumnProxy>
<ColumnProxy class="oracle.dbtools.crest.model.design.storage.sqlserver.v2k5.ColumnProxySqlServerv2k5" name="PUBLISH_TO_EMPLOYEE_DT" id="056DE00E-029A-2316-4D7D-450D2826B37C">
<createdBy>50472</createdBy>
<createdTime>2014-11-20 22:42:12 UTC</createdTime>
<ownerDesignName>UK_HWS_Assessments_data_model_diagram12172014</ownerDesignName>
</ColumnProxy>
<ColumnProxy class="oracle.dbtools.crest.model.design.storage.sqlserver.v2k5.ColumnProxySqlServerv2k5" name="ASSESSMENT_LAST_UPDATE_DT" id="0FF0143F-810D-8A50-61BF-1373A09E3F4F">
<createdBy>50472</createdBy>
<createdTime>2014-11-20 22:42:12 UTC</createdTime>
<ownerDesignName>UK_HWS_Assessments_data_model_diagram12172014</ownerDesignName>
</ColumnProxy>
<ColumnProxy class="oracle.dbtools.crest.model.design.storage.sqlserver.v2k5.ColumnProxySqlServerv2k5" name="RECOMMENDED_RTW_DATE" id="116D6D46-31FC-5E72-C347-5EAC8B6A3440">
<createdBy>50472</createdBy>
<createdTime>2014-11-20 22:42:12 UTC</createdTime>
<ownerDesignName>UK_HWS_Assessments_data_model_diagram12172014</ownerDesignName>
</ColumnProxy>
<ColumnProxy class="oracle.dbtools.crest.model.design.storage.sqlserver.v2k5.ColumnProxySqlServerv2k5" name="ASSESSMENT_SEQUENCE" id="142BB4EF-B5CE-05AB-2127-9F99CBF139DB">
<createdBy>andrew.yuhas</createdBy>
<createdTime>2014-12-11 10:01:42 UTC</createdTime>
<ownerDesignName>UK_HWS_Assessments_data_model_diagram12172014</ownerDesignName>
</ColumnProxy>
<ColumnProxy class="oracle.dbtools.crest.model.design.storage.sqlserver.v2k5.ColumnProxySqlServerv2k5" name="RTWP_EXPIRY_DATE" id="1CA00D9E-62A3-AADC-402C-7883D5735EFC">
<createdBy>50472</createdBy>
<createdTime>2014-11-20 22:42:12 UTC</createdTime>
<ownerDesignName>UK_HWS_Assessments_data_model_diagram12172014</ownerDesignName>
</ColumnProxy>
<ColumnProxy class="oracle.dbtools.crest.model.design.storage.sqlserver.v2k5.ColumnProxySqlServerv2k5" name="PROFESSIONAL_ID" id="1D5F0D41-D656-78AC-E65A-CC680E52D00B">
<createdBy>50472</createdBy>
<createdTime>2014-11-20 22:42:12 UTC</createdTime>
<ownerDesignName>UK_HWS_Assessments_data_model_diagram12172014</ownerDesignName>
</ColumnProxy>
<ColumnProxy class="oracle.dbtools.crest.model.design.storage.sqlserver.v2k5.ColumnProxySqlServerv2k5" name="ASSESSMENT_CALL_BACK_IND" id="22092950-6FF5-AAA7-076B-CB4E8C5BE02B">
<createdBy>50472</createdBy>
<createdTime>2014-11-20 22:42:12 UTC</createdTime>
<ownerDesignName>UK_HWS_Assessments_data_model_diagram12172014</ownerDesignName>
</ColumnProxy>
<ColumnProxy class="oracle.dbtools.crest.model.design.storage.sqlserver.v2k5.ColumnProxySqlServerv2k5" name="NEXT_TOUCHPOINT_DT" id="24CA6F51-4EB7-3A6B-C85F-8B6E1CA3F70D">
<createdBy>50472</createdBy>
<createdTime>2014-11-20 22:42:12 UTC</createdTime>
<ownerDesignName>UK_HWS_Assessments_data_model_diagram12172014</ownerDesignName>
</ColumnProxy>
<ColumnProxy class="oracle.dbtools.crest.model.design.storage.sqlserver.v2k5.ColumnProxySqlServerv2k5" name="ASSESSMENT_CANCEL_DT" id="3AA3D25F-EECB-DD51-8CE8-14A69645B7A0">
<createdBy>50472</createdBy>
<createdTime>2014-11-20 22:42:12 UTC</createdTime>
<ownerDesignName>UK_HWS_Assessments_data_model_diagram12172014</ownerDesignName>
</ColumnProxy>
<ColumnProxy class="oracle.dbtools.crest.model.design.storage.sqlserver.v2k5.ColumnProxySqlServerv2k5" name="PROFESSIONAL_DISCIPLINE" id="3EC77345-4B33-EECB-16E3-5F12C96CF707">
<createdBy>50472</createdBy>
<createdTime>2014-11-20 22:42:12 UTC</createdTime>
<ownerDesignName>UK_HWS_Assessments_data_model_diagram12172014</ownerDesignName>
<collation>SQL_Latin1_General_CP1_CI_AS</collation>
</ColumnProxy>
<ColumnProxy class="oracle.dbtools.crest.model.design.storage.sqlserver.v2k5.ColumnProxySqlServerv2k5" name="ASSESSMENT_STATUS_ID" id="45C83FE5-BCEA-183F-1058-70E70AFB9772">
<createdBy>50472</createdBy>
<createdTime>2014-11-20 22:42:12 UTC</createdTime>
<ownerDesignName>UK_HWS_Assessments_data_model_diagram12172014</ownerDesignName>
</ColumnProxy>
<ColumnProxy class="oracle.dbtools.crest.model.design.storage.sqlserver.v2k5.ColumnProxySqlServerv2k5" name="Assessment_Required_DT" id="4EAF96BE-99AF-54B8-38C0-3F502A29BE4D">
<createdBy>andrew.yuhas</createdBy>
<createdTime>2014-12-11 10:01:42 UTC</createdTime>
<ownerDesignName>UK_HWS_Assessments_data_model_diagram12172014</ownerDesignName>
</ColumnProxy>
<ColumnProxy class="oracle.dbtools.crest.model.design.storage.sqlserver.v2k5.ColumnProxySqlServerv2k5" name="ASSESSMENT_CONSENT" id="576B1694-4EAD-D4F0-8694-7F9C1A5EBEFA">
<createdBy>50472</createdBy>
<createdTime>2014-11-20 22:42:12 UTC</createdTime>
<ownerDesignName>UK_HWS_Assessments_data_model_diagram12172014</ownerDesignName>
</ColumnProxy>
<ColumnProxy class="oracle.dbtools.crest.model.design.storage.sqlserver.v2k5.ColumnProxySqlServerv2k5" name="ASSESSMENT_CANCEL_REASON" id="5CF9CCC7-67A2-5D09-F113-DF42DBB0BB68">
<createdBy>50472</createdBy>
<createdTime>2014-11-20 22:42:12 UTC</createdTime>
<ownerDesignName>UK_HWS_Assessments_data_model_diagram12172014</ownerDesignName>
<collation>SQL_Latin1_General_CP1_CI_AS</collation>
</ColumnProxy>
<ColumnProxy class="oracle.dbtools.crest.model.design.storage.sqlserver.v2k5.ColumnProxySqlServerv2k5" name="ASSESSMENT_NOT_CONDUCTED_DTL" id="6D2C5681-5FED-5352-C4D6-03464DF1797F">
<createdBy>50472</createdBy>
<createdTime>2014-11-20 22:42:12 UTC</createdTime>
<ownerDesignName>UK_HWS_Assessments_data_model_diagram12172014</ownerDesignName>
<collation>SQL_Latin1_General_CP1_CI_AS</collation>
</ColumnProxy>
<ColumnProxy class="oracle.dbtools.crest.model.design.storage.sqlserver.v2k5.ColumnProxySqlServerv2k5" name="RTWP_ID" id="7204F770-77C7-FCCA-FDC1-91E5FF37A6BC">
<createdBy>50472</createdBy>
<createdTime>2014-11-20 22:42:12 UTC</createdTime>
<ownerDesignName>UK_HWS_Assessments_data_model_diagram12172014</ownerDesignName>
</ColumnProxy>
<ColumnProxy class="oracle.dbtools.crest.model.design.storage.sqlserver.v2k5.ColumnProxySqlServerv2k5" name="FIT_STATUS" id="7B9EB496-C44D-0AFD-2060-C94DB8088B2E">
<createdBy>50472</createdBy>
<createdTime>2014-11-20 22:42:12 UTC</createdTime>
<ownerDesignName>UK_HWS_Assessments_data_model_diagram12172014</ownerDesignName>
<collation>SQL_Latin1_General_CP1_CI_AS</collation>
</ColumnProxy>
<ColumnProxy class="oracle.dbtools.crest.model.design.storage.sqlserver.v2k5.ColumnProxySqlServerv2k5" name="FIT_STATUS_ID" id="814CEA36-5E29-C2D7-D1A7-183F3CFA084B">
<createdBy>50472</createdBy>
<createdTime>2014-11-20 22:42:12 UTC</createdTime>
<ownerDesignName>UK_HWS_Assessments_data_model_diagram12172014</ownerDesignName>
</ColumnProxy>
<ColumnProxy class="oracle.dbtools.crest.model.design.storage.sqlserver.v2k5.ColumnProxySqlServerv2k5" name="ASSESSMENT_STATUS" id="890C1393-52AE-5C56-D1FC-9A862854B3FE">
<createdBy>50472</createdBy>
<createdTime>2014-11-20 22:42:12 UTC</createdTime>
<ownerDesignName>UK_HWS_Assessments_data_model_diagram12172014</ownerDesignName>
<collation>SQL_Latin1_General_CP1_CI_AS</collation>
</ColumnProxy>
<ColumnProxy class="oracle.dbtools.crest.model.design.storage.sqlserver.v2k5.ColumnProxySqlServerv2k5" name="PREASSESSMENT_COMPLETE_IND" id="895D0C34-BBC6-D74A-828A-9322A0347BFA">
<createdBy>50472</createdBy>
<createdTime>2014-11-20 22:42:12 UTC</createdTime>
<ownerDesignName>UK_HWS_Assessments_data_model_diagram12172014</ownerDesignName>
</ColumnProxy>
<ColumnProxy class="oracle.dbtools.crest.model.design.storage.sqlserver.v2k5.ColumnProxySqlServerv2k5" name="PUBLISH_TO_GP_DT" id="AA600100-B337-DB97-DF9E-D085AE58A0AD">
<createdBy>50472</createdBy>
<createdTime>2014-11-20 22:42:12 UTC</createdTime>
<ownerDesignName>UK_HWS_Assessments_data_model_diagram12172014</ownerDesignName>
</ColumnProxy>
<ColumnProxy class="oracle.dbtools.crest.model.design.storage.sqlserver.v2k5.ColumnProxySqlServerv2k5" name="ASSESSMENT_TYPE_ID" id="BAFBFE15-E92F-72CE-9286-17C210915276">
<createdBy>50472</createdBy>
<createdTime>2014-11-20 22:42:12 UTC</createdTime>
<ownerDesignName>UK_HWS_Assessments_data_model_diagram12172014</ownerDesignName>
</ColumnProxy>
<ColumnProxy class="oracle.dbtools.crest.model.design.storage.sqlserver.v2k5.ColumnProxySqlServerv2k5" name="EMPLOYEE_REVIEW_RTWP" id="BEFD3191-4C1B-94BB-CD48-574F43063034">
<createdBy>50472</createdBy>
<createdTime>2014-11-20 22:42:12 UTC</createdTime>
<ownerDesignName>UK_HWS_Assessments_data_model_diagram12172014</ownerDesignName>
</ColumnProxy>
<ColumnProxy class="oracle.dbtools.crest.model.design.storage.sqlserver.v2k5.ColumnProxySqlServerv2k5" name="ASSESSMENT_START_DT" id="C2C0F267-BCF2-5FC9-F677-9B75E8A9320F">
<createdBy>50472</createdBy>
<createdTime>2014-11-20 22:42:12 UTC</createdTime>
<ownerDesignName>UK_HWS_Assessments_data_model_diagram12172014</ownerDesignName>
</ColumnProxy>
<ColumnProxy class="oracle.dbtools.crest.model.design.storage.sqlserver.v2k5.ColumnProxySqlServerv2k5" name="NEXT_TOUCHPOINT" id="C5F7F1D4-60EA-125F-99C4-F1F097C3775F">
<createdBy>50472</createdBy>
<createdTime>2014-11-20 22:42:12 UTC</createdTime>
<ownerDesignName>UK_HWS_Assessments_data_model_diagram12172014</ownerDesignName>
<collation>SQL_Latin1_General_CP1_CI_AS</collation>
</ColumnProxy>
<ColumnProxy class="oracle.dbtools.crest.model.design.storage.sqlserver.v2k5.ColumnProxySqlServerv2k5" name="ASSESSMENT_END_DT" id="C6E7AFDB-B929-DF32-2BC1-ED150BBEE667">
<createdBy>50472</createdBy>
<createdTime>2014-11-20 22:42:12 UTC</createdTime>
<ownerDesignName>UK_HWS_Assessments_data_model_diagram12172014</ownerDesignName>
</ColumnProxy>
<ColumnProxy class="oracle.dbtools.crest.model.design.storage.sqlserver.v2k5.ColumnProxySqlServerv2k5" name="ASSESSMENT_TYPE" id="CAF4878C-8AE0-5DFC-9B68-C66C55AF88B8">
<createdBy>50472</createdBy>
<createdTime>2014-11-20 22:42:12 UTC</createdTime>
<ownerDesignName>UK_HWS_Assessments_data_model_diagram12172014</ownerDesignName>
<collation>SQL_Latin1_General_CP1_CI_AS</collation>
</ColumnProxy>
<ColumnProxy class="oracle.dbtools.crest.model.design.storage.sqlserver.v2k5.ColumnProxySqlServerv2k5" name="CASE_ID" id="DCD2BE93-DB60-B75D-4A91-F03E6C0A6250">
<createdBy>50472</createdBy>
<createdTime>2014-11-20 22:42:12 UTC</createdTime>
<ownerDesignName>UK_HWS_Assessments_data_model_diagram12172014</ownerDesignName>
</ColumnProxy>
<ColumnProxy class="oracle.dbtools.crest.model.design.storage.sqlserver.v2k5.ColumnProxySqlServerv2k5" name="ASSESSMENT_STATUS_DT" id="E6DCFFF2-94B6-2DE9-703C-B206EEF2B027">
<createdBy>50472</createdBy>
<createdTime>2014-11-20 22:42:12 UTC</createdTime>
<ownerDesignName>UK_HWS_Assessments_data_model_diagram12172014</ownerDesignName>
</ColumnProxy>
<ColumnProxy class="oracle.dbtools.crest.model.design.storage.sqlserver.v2k5.ColumnProxySqlServerv2k5" name="ASSESSMENT_ID" id="F7BA1A49-5E9B-A03B-52F7-9FF2494B9F1A">
<createdBy>50472</createdBy>
<createdTime>2014-11-20 22:42:12 UTC</createdTime>
<ownerDesignName>UK_HWS_Assessments_data_model_diagram12172014</ownerDesignName>
</ColumnProxy>
</columnProxies>
<foreignKeys>
<ForeignKey class="oracle.dbtools.crest.model.design.storage.sqlserver.v2k5.FKProxySqlServerv2k5" name="ASSESSMENT_CASE_FK" id="366F8290-12E4-C21C-03D4-6B10ECF32782">
<createdBy>50472</createdBy>
<createdTime>2014-11-20 22:42:16 UTC</createdTime>
<ownerDesignName>UK_HWS_Assessments_data_model_diagram</ownerDesignName>
</ForeignKey>
</foreignKeys>
<primaryKeys>
<PrimaryKey class="oracle.dbtools.crest.model.design.storage.sqlserver.v2k5.PKProxySqlServerv2k5" name="ASSESSMENT_PK" id="B9369DDD-A189-F69E-8B50-C931BFFB0493">
<createdBy>50472</createdBy>
<createdTime>2014-11-20 22:42:12 UTC</createdTime>
<ownerDesignName>UK_HWS_Assessments_data_model_diagram12172014</ownerDesignName>
<clustered>true</clustered>
<fileGroup>75266422-2B70-EF47-42AC-FE2499733385</fileGroup>
<recomputeStatistics>NO</recomputeStatistics>
</PrimaryKey>
</primaryKeys>
</TableProxySqlServerv2k5>