<?xml version = '1.0' encoding = 'UTF-8'?>
<TableProxySqlServerv2k5 class="oracle.dbtools.crest.model.design.storage.sqlserver.v2k5.TableProxySqlServerv2k5" name="DWP_INTERVENTIONS" directorySegmentName="seg_0" id="D3501D41-EA89-E240-4476-0DC00F1A3B00">
<createdBy>andrew.yuhas</createdBy>
<createdTime>2014-12-08 10:25:30 UTC</createdTime>
<ownerDesignName>UK_HWS_Assessments_data_model_diagram12172014</ownerDesignName>
<database>DB_NULLELEMENT</database>
<columnProxies>
<ColumnProxy class="oracle.dbtools.crest.model.design.storage.sqlserver.v2k5.ColumnProxySqlServerv2k5" name="DWP_INTERVENTION_ID" id="129600E3-4A7F-5F4F-2F6F-9C4D8C8A01C2">
<createdBy>andrew.yuhas</createdBy>
<createdTime>2014-12-08 10:26:21 UTC</createdTime>
<ownerDesignName>UK_HWS_Assessments_data_model_diagram12172014</ownerDesignName>
</ColumnProxy>
<ColumnProxy class="oracle.dbtools.crest.model.design.storage.sqlserver.v2k5.ColumnProxySqlServerv2k5" name="ASSESSMENT_ID" id="2536F933-54C4-4052-037E-20C76A89411F">
<createdBy>andrew.yuhas</createdBy>
<createdTime>2014-12-08 10:26:21 UTC</createdTime>
<ownerDesignName>UK_HWS_Assessments_data_model_diagram12172014</ownerDesignName>
</ColumnProxy>
<ColumnProxy class="oracle.dbtools.crest.model.design.storage.sqlserver.v2k5.ColumnProxySqlServerv2k5" name="DWP_INTERVENTION_EFFECTIVE_DT" id="9493B550-03E1-0026-56D8-1E299C107222">
<createdBy>andrew.yuhas</createdBy>
<createdTime>2014-12-11 10:17:42 UTC</createdTime>
<ownerDesignName>UK_HWS_Assessments_data_model_diagram12172014</ownerDesignName>
</ColumnProxy>
<ColumnProxy class="oracle.dbtools.crest.model.design.storage.sqlserver.v2k5.ColumnProxySqlServerv2k5" name="DWP_INTERVENTION_NAME" id="9E6F847B-60B7-F7DC-0D93-9F2F1E20D2E7">
<createdBy>andrew.yuhas</createdBy>
<createdTime>2014-12-08 10:26:21 UTC</createdTime>
<ownerDesignName>UK_HWS_Assessments_data_model_diagram12172014</ownerDesignName>
</ColumnProxy>
</columnProxies>
<foreignKeys>
<ForeignKey class="oracle.dbtools.crest.model.design.storage.sqlserver.v2k5.FKProxySqlServerv2k5" name="DWP_INTERVENTION_ASSESSMENTS_FK" id="62DD490F-AEA6-0D55-5A6C-86445BC64DEA">
<createdBy>andrew.yuhas</createdBy>
<createdTime>2014-12-08 10:26:33 UTC</createdTime>
<ownerDesignName>UK_HWS_Assessments_data_model_diagram12082014</ownerDesignName>
</ForeignKey>
</foreignKeys>
<primaryKeys>
<PrimaryKey class="oracle.dbtools.crest.model.design.storage.sqlserver.v2k5.PKProxySqlServerv2k5" name="Interventions_PK" id="A685831C-CF39-4DC6-7D1A-B3594EE99C5E">
<createdBy>andrew.yuhas</createdBy>
<createdTime>2014-12-08 10:26:33 UTC</createdTime>
<ownerDesignName>UK_HWS_Assessments_data_model_diagram12172014</ownerDesignName>
<clustered>true</clustered>
</PrimaryKey>
</primaryKeys>
</TableProxySqlServerv2k5>