<?xml version = '1.0' encoding = 'UTF-8'?>
<TableProxySqlServerv2k5 class="oracle.dbtools.crest.model.design.storage.sqlserver.v2k5.TableProxySqlServerv2k5" name="OBSTACLES" directorySegmentName="seg_0" id="D932BC3C-9882-CD80-E60A-7AE386B645A5">
<createdBy>50472</createdBy>
<createdTime>2014-11-20 22:42:13 UTC</createdTime>
<ownerDesignName>UK_HWS_Assessments_data_model_diagram12172014</ownerDesignName>
<database>9E5DB530-24AB-88CE-E991-EFC5690BE626</database>
<filegroup>75266422-2B70-EF47-42AC-FE2499733385</filegroup>
<schema>5</schema>
<textImageFG>75266422-2B70-EF47-42AC-FE2499733385</textImageFG>
<columnProxies>
<ColumnProxy class="oracle.dbtools.crest.model.design.storage.sqlserver.v2k5.ColumnProxySqlServerv2k5" name="CONSENT_PUBLISH_3RDPARTY" id="30C9BDA0-A588-C8DE-B8B7-F8D7C7FC8E3E">
<createdBy>50472</createdBy>
<createdTime>2014-11-20 22:42:14 UTC</createdTime>
<ownerDesignName>UK_HWS_Assessments_data_model_diagram12172014</ownerDesignName>
</ColumnProxy>
<ColumnProxy class="oracle.dbtools.crest.model.design.storage.sqlserver.v2k5.ColumnProxySqlServerv2k5" name="IS_PRIMARY" id="69F615C7-BA14-ADA8-B410-76189B85DA6E">
<createdBy>50472</createdBy>
<createdTime>2014-11-20 22:42:14 UTC</createdTime>
<ownerDesignName>UK_HWS_Assessments_data_model_diagram12172014</ownerDesignName>
</ColumnProxy>
<ColumnProxy class="oracle.dbtools.crest.model.design.storage.sqlserver.v2k5.ColumnProxySqlServerv2k5" name="OBSTACLE_ID" id="9E42FC63-BB4E-5C73-09F3-52CCDA789126">
<createdBy>50472</createdBy>
<createdTime>2014-11-20 22:42:14 UTC</createdTime>
<ownerDesignName>UK_HWS_Assessments_data_model_diagram12172014</ownerDesignName>
</ColumnProxy>
<ColumnProxy class="oracle.dbtools.crest.model.design.storage.sqlserver.v2k5.ColumnProxySqlServerv2k5" name="CONSENT_PUBLISH_GP" id="B084E46A-55DC-7A45-F1F4-A72DF8F0C242">
<createdBy>50472</createdBy>
<createdTime>2014-11-20 22:42:14 UTC</createdTime>
<ownerDesignName>UK_HWS_Assessments_data_model_diagram12172014</ownerDesignName>
</ColumnProxy>
<ColumnProxy class="oracle.dbtools.crest.model.design.storage.sqlserver.v2k5.ColumnProxySqlServerv2k5" name="OBSTACLE_DETAIL" id="B33A53AF-1790-8B0F-1C17-5C1A13DC2E26">
<createdBy>50472</createdBy>
<createdTime>2014-11-20 22:42:14 UTC</createdTime>
<ownerDesignName>UK_HWS_Assessments_data_model_diagram12172014</ownerDesignName>
<collation>SQL_Latin1_General_CP1_CI_AS</collation>
</ColumnProxy>
<ColumnProxy class="oracle.dbtools.crest.model.design.storage.sqlserver.v2k5.ColumnProxySqlServerv2k5" name="CONSENT_PUBLISH_EMPLOYER" id="B4F74B1C-00FF-5100-DB5C-4B0541E39A7F">
<createdBy>50472</createdBy>
<createdTime>2014-11-20 22:42:14 UTC</createdTime>
<ownerDesignName>UK_HWS_Assessments_data_model_diagram12172014</ownerDesignName>
</ColumnProxy>
<ColumnProxy class="oracle.dbtools.crest.model.design.storage.sqlserver.v2k5.ColumnProxySqlServerv2k5" name="ASSESSMENT_ID" id="CB4E0371-2DF0-34A3-6203-19761C4B9666">
<createdBy>50472</createdBy>
<createdTime>2014-11-20 22:42:14 UTC</createdTime>
<ownerDesignName>UK_HWS_Assessments_data_model_diagram12172014</ownerDesignName>
</ColumnProxy>
<ColumnProxy class="oracle.dbtools.crest.model.design.storage.sqlserver.v2k5.ColumnProxySqlServerv2k5" name="OBSTACLE_TYPE" id="EC9ED6DB-1107-82B0-773E-F5CD4D73DF72">
<createdBy>50472</createdBy>
<createdTime>2014-11-20 22:42:14 UTC</createdTime>
<ownerDesignName>UK_HWS_Assessments_data_model_diagram12172014</ownerDesignName>
<collation>SQL_Latin1_General_CP1_CI_AS</collation>
</ColumnProxy>
</columnProxies>
<foreignKeys>
<ForeignKey class="oracle.dbtools.crest.model.design.storage.sqlserver.v2k5.FKProxySqlServerv2k5" name="ASSESSMENT_FK" id="9E3580BA-D7FC-2779-F097-210CE57360F7">
<createdBy>50472</createdBy>
<createdTime>2014-11-20 22:42:16 UTC</createdTime>
<ownerDesignName>UK_HWS_Assessments_data_model_diagram</ownerDesignName>
</ForeignKey>
</foreignKeys>
<primaryKeys>
<PrimaryKey class="oracle.dbtools.crest.model.design.storage.sqlserver.v2k5.PKProxySqlServerv2k5" name="OBSTACLE_PK" id="320F6406-AD40-30A3-262F-A1A53C80A430">
<createdBy>50472</createdBy>
<createdTime>2014-11-20 22:42:14 UTC</createdTime>
<ownerDesignName>UK_HWS_Assessments_data_model_diagram12172014</ownerDesignName>
<clustered>true</clustered>
<fileGroup>75266422-2B70-EF47-42AC-FE2499733385</fileGroup>
<recomputeStatistics>NO</recomputeStatistics>
</PrimaryKey>
</primaryKeys>
</TableProxySqlServerv2k5>