<?xml version = '1.0' encoding = 'UTF-8'?>
<TableProxySqlServerv2k5 class="oracle.dbtools.crest.model.design.storage.sqlserver.v2k5.TableProxySqlServerv2k5" name="APPT_DATE_HISTORY" directorySegmentName="seg_0" id="E7BDCBA0-067A-61E7-AB1E-5229EFD09A26">
<createdBy>50472</createdBy>
<createdTime>2014-11-20 22:42:10 UTC</createdTime>
<ownerDesignName>UK_HWS_Assessments_data_model_diagram12172014</ownerDesignName>
<database>9E5DB530-24AB-88CE-E991-EFC5690BE626</database>
<filegroup>75266422-2B70-EF47-42AC-FE2499733385</filegroup>
<schema>5</schema>
<columnProxies>
<ColumnProxy class="oracle.dbtools.crest.model.design.storage.sqlserver.v2k5.ColumnProxySqlServerv2k5" name="APPOINTMENT_RESCHEDULE_REASON" id="02A698F5-D7F4-8A0E-2307-9C7BCF9DF862">
<createdBy>50472</createdBy>
<createdTime>2014-11-20 22:42:10 UTC</createdTime>
<ownerDesignName>UK_HWS_Assessments_data_model_diagram12172014</ownerDesignName>
<collation>SQL_Latin1_General_CP1_CI_AS</collation>
</ColumnProxy>
<ColumnProxy class="oracle.dbtools.crest.model.design.storage.sqlserver.v2k5.ColumnProxySqlServerv2k5" name="NEW_APPOINTMENT_DT" id="4D553931-8BB9-1808-AF38-E32FCE1AB498">
<createdBy>50472</createdBy>
<createdTime>2014-11-20 22:42:10 UTC</createdTime>
<ownerDesignName>UK_HWS_Assessments_data_model_diagram12172014</ownerDesignName>
</ColumnProxy>
<ColumnProxy class="oracle.dbtools.crest.model.design.storage.sqlserver.v2k5.ColumnProxySqlServerv2k5" name="RESCHEDULE_END_DT" id="65A7F270-F745-BEA6-DDDB-E30D8A39A8C2">
<createdBy>50472</createdBy>
<createdTime>2014-11-20 22:42:10 UTC</createdTime>
<ownerDesignName>UK_HWS_Assessments_data_model_diagram12172014</ownerDesignName>
</ColumnProxy>
<ColumnProxy class="oracle.dbtools.crest.model.design.storage.sqlserver.v2k5.ColumnProxySqlServerv2k5" name="APPOINTMENT_RESCHEDULED_DT" id="802E4166-11A8-D6A6-6902-3B189AC2E6EA">
<createdBy>50472</createdBy>
<createdTime>2014-11-20 22:42:10 UTC</createdTime>
<ownerDesignName>UK_HWS_Assessments_data_model_diagram12172014</ownerDesignName>
</ColumnProxy>
<ColumnProxy class="oracle.dbtools.crest.model.design.storage.sqlserver.v2k5.ColumnProxySqlServerv2k5" name="APPOINTMENT_ID" id="A75D5569-F85F-1340-6583-399E3F23A940">
<createdBy>50472</createdBy>
<createdTime>2014-11-20 22:42:10 UTC</createdTime>
<ownerDesignName>UK_HWS_Assessments_data_model_diagram12172014</ownerDesignName>
</ColumnProxy>
<ColumnProxy class="oracle.dbtools.crest.model.design.storage.sqlserver.v2k5.ColumnProxySqlServerv2k5" name="APPOINTMENT_DT" id="E964DBE8-D7CF-CA96-4977-147D4C55ECD6">
<createdBy>50472</createdBy>
<createdTime>2014-11-20 22:42:10 UTC</createdTime>
<ownerDesignName>UK_HWS_Assessments_data_model_diagram12172014</ownerDesignName>
</ColumnProxy>
<ColumnProxy class="oracle.dbtools.crest.model.design.storage.sqlserver.v2k5.ColumnProxySqlServerv2k5" name="APPOINTMENT_DATE_EFFECTIVE_DT" id="F82827BD-6CEE-5E4B-0DC6-BEAEFF71FFD9">
<createdBy>50472</createdBy>
<createdTime>2014-11-20 22:42:10 UTC</createdTime>
<ownerDesignName>UK_HWS_Assessments_data_model_diagram12172014</ownerDesignName>
</ColumnProxy>
</columnProxies>
<foreignKeys>
<ForeignKey class="oracle.dbtools.crest.model.design.storage.sqlserver.v2k5.FKProxySqlServerv2k5" name="APPT_DATE_HISTORY_APPOINTMENTS_FK" id="F92964D5-09F0-4A11-36B5-B02D5C4A76FE">
<createdBy>50472</createdBy>
<createdTime>2014-11-20 22:42:17 UTC</createdTime>
<ownerDesignName>UK_HWS_Assessments_data_model_diagram</ownerDesignName>
</ForeignKey>
</foreignKeys>
<primaryKeys>
<PrimaryKey class="oracle.dbtools.crest.model.design.storage.sqlserver.v2k5.PKProxySqlServerv2k5" name="APPOINTMENT_DATE_HISTORY_PK" id="1CCE0120-4602-3DD4-EFB7-DE32A80668CD">
<createdBy>50472</createdBy>
<createdTime>2014-11-20 22:42:10 UTC</createdTime>
<ownerDesignName>UK_HWS_Assessments_data_model_diagram12172014</ownerDesignName>
<clustered>true</clustered>
<fileGroup>75266422-2B70-EF47-42AC-FE2499733385</fileGroup>
<recomputeStatistics>NO</recomputeStatistics>
</PrimaryKey>
</primaryKeys>
</TableProxySqlServerv2k5>