<?xml version = '1.0' encoding = 'UTF-8'?>
<UserOraclev10g class="oracle.dbtools.crest.model.design.storage.oracle.v10g.UserOraclev10g" name="MAXDAT" id="1B789DE8-AB78-BE33-0C08-8AFFA609FBB0" directorySegmentName="seg_0">
<sourceConnName>nyecdrbk maxdat</sourceConnName>
<sourceObjName>MAXDAT</sourceObjName>
<createdBy>50472</createdBy>
<createdTime>2013-08-08 16:19:03 UTC</createdTime>
<ownerDesignName>BPM_Event_data_model_diagram</ownerDesignName>
<schemaObject>0EBF03F6-AD2B-6345-8998-B45AA35F30F6</schemaObject>
</UserOraclev10g>