<?xml version = '1.0' encoding = 'UTF-8'?>
<RoleOraclev10g class="oracle.dbtools.crest.model.design.storage.oracle.v10g.RoleOraclev10g" name="MAXDAT_READ_ONLY" directorySegmentName="seg_0" id="11889665-9FF3-0244-69DB-60688C6A764F">
<sourceConnName>TX_MAXDAT_PROD</sourceConnName>
<sourceObjName>MAXDAT_READ_ONLY</sourceObjName>
<createdBy>mb56142</createdBy>
<createdTime>2014-06-25 16:00:00 UTC</createdTime>
<ownerDesignName>TXEB_BPM_Semantic_data_model_diagram</ownerDesignName>
<permissions>
<Permission class="oracle.dbtools.crest.model.design.storage.oracle.v10g.PermissionsOraclev10g" name="Permissions1" id="C22190E0-1C4F-3162-7BA3-FD048343D01B">
<createdBy>mb56142</createdBy>
<createdTime>2014-06-25 16:00:00 UTC</createdTime>
<ownerDesignName>TXEB_BPM_Semantic_data_model_diagram</ownerDesignName>
<privileges>SELECT</privileges>
<table>43D0B4E9-2C90-4088-2452-99E99EDBFA6B</table>
</Permission>
<Permission class="oracle.dbtools.crest.model.design.storage.oracle.v10g.PermissionsOraclev10g" name="Permissions2" id="2A2F5EBC-BF07-1440-B9E4-43AC2B34C5FF">
<createdBy>mb56142</createdBy>
<createdTime>2014-06-25 16:00:40 UTC</createdTime>
<ownerDesignName>TXEB_BPM_Semantic_data_model_diagram</ownerDesignName>
<privileges>SELECT</privileges>
<table>F026A3C9-8F72-6A13-FDE2-1F0F1F79D4DD</table>
</Permission>
<Permission class="oracle.dbtools.crest.model.design.storage.oracle.v10g.PermissionsOraclev10g" name="Permissions3" id="819178F3-1837-B817-55AB-A7CFFD67AC7C">
<createdBy>mb56142</createdBy>
<createdTime>2014-06-25 16:01:32 UTC</createdTime>
<ownerDesignName>TXEB_BPM_Semantic_data_model_diagram</ownerDesignName>
<privileges>SELECT</privileges>
<view>1872E1F8-C349-ABC4-16A5-FB9ED331102D</view>
</Permission>
<Permission class="oracle.dbtools.crest.model.design.storage.oracle.v10g.PermissionsOraclev10g" name="Permissions4" id="DFF01D02-9DA4-FEC3-BDDC-984AD2FA0206">
<createdBy>mb56142</createdBy>
<createdTime>2014-06-25 16:01:43 UTC</createdTime>
<ownerDesignName>TXEB_BPM_Semantic_data_model_diagram</ownerDesignName>
<privileges>SELECT</privileges>
<view>A5CF99D4-DFB1-E42D-C327-634DF29E5857</view>
</Permission>
</permissions>
</RoleOraclev10g>