<?xml version = '1.0' encoding = 'UTF-8'?>
<RoleOraclev10g class="oracle.dbtools.crest.model.design.storage.oracle.v10g.RoleOraclev10g" name="MAXDAT_READ_ONLY" directorySegmentName="seg_0" id="30619596-365E-225F-8B85-69B4587A6BAF">
<sourceConnName>TX_MAXDAT_PROD</sourceConnName>
<sourceObjName>MAXDAT_READ_ONLY</sourceObjName>
<createdBy>mb56142</createdBy>
<createdTime>2014-06-24 16:20:24 UTC</createdTime>
<ownerDesignName>TXEB_BPM_Semantic_data_model_diagram</ownerDesignName>
<permissions>
<Permission class="oracle.dbtools.crest.model.design.storage.oracle.v10g.PermissionsOraclev10g" name="Permissions1" id="896D5312-4F60-AEAA-C030-9FBEE4FB901C">
<createdBy>mb56142</createdBy>
<createdTime>2014-06-24 16:20:24 UTC</createdTime>
<ownerDesignName>TXEB_BPM_Semantic_data_model_diagram</ownerDesignName>
<privileges>SELECT</privileges>
<table>3B0B45F2-AEE6-E68A-34C6-D1110AAB9826</table>
</Permission>
<Permission class="oracle.dbtools.crest.model.design.storage.oracle.v10g.PermissionsOraclev10g" name="Permissions2" id="1B1580D6-497C-CB10-8D71-8722CA92AFDA">
<createdBy>mb56142</createdBy>
<createdTime>2014-06-24 16:21:21 UTC</createdTime>
<ownerDesignName>TXEB_BPM_Semantic_data_model_diagram</ownerDesignName>
<privileges>SELECT</privileges>
<table>3C9E8FFD-9B16-F286-BB07-F66069B7483F</table>
</Permission>
<Permission class="oracle.dbtools.crest.model.design.storage.oracle.v10g.PermissionsOraclev10g" name="Permissions3" id="51E167B9-DBAF-5C4F-6BC2-D4B68AB7F18F">
<createdBy>mb56142</createdBy>
<createdTime>2014-06-24 16:21:40 UTC</createdTime>
<ownerDesignName>TXEB_BPM_Semantic_data_model_diagram</ownerDesignName>
<privileges>SELECT</privileges>
<table>CDB2F369-DC41-5333-A6DD-10C38F173F90</table>
</Permission>
<Permission class="oracle.dbtools.crest.model.design.storage.oracle.v10g.PermissionsOraclev10g" name="Permissions4" id="A75D738D-21AE-B58B-7E7B-D9F55EACF82A">
<createdBy>mb56142</createdBy>
<createdTime>2014-06-24 16:22:26 UTC</createdTime>
<ownerDesignName>TXEB_BPM_Semantic_data_model_diagram</ownerDesignName>
<privileges>SELECT</privileges>
<table>D6F42B2D-2356-B325-C4A9-CB1D95F5F190</table>
</Permission>
</permissions>
</RoleOraclev10g>