<?xml version = '1.0' encoding = 'UTF-8'?>
<RoleOraclev10g class="oracle.dbtools.crest.model.design.storage.oracle.v10g.RoleOraclev10g" name="MAXDAT_READ_ONLY" directorySegmentName="seg_0" id="ACCB3CE1-5ABE-198C-7BDD-648364C5FACB">
<sourceConnName>TX_MAXDAT_PROD</sourceConnName>
<sourceObjName>MAXDAT_READ_ONLY</sourceObjName>
<createdBy>mb56142</createdBy>
<createdTime>2014-06-24 01:21:32 UTC</createdTime>
<ownerDesignName>TXEB_BPM_Semantic_data_model_diagram</ownerDesignName>
<permissions>
<Permission class="oracle.dbtools.crest.model.design.storage.oracle.v10g.PermissionsOraclev10g" name="Permissions1" id="464402F5-0069-5ED7-8166-EB48F7B5D701">
<createdBy>mb56142</createdBy>
<createdTime>2014-06-24 01:21:32 UTC</createdTime>
<ownerDesignName>TXEB_BPM_Semantic_data_model_diagram</ownerDesignName>
<privileges>SELECT</privileges>
<view>5157C547-0111-1660-B709-28C0F8828953</view>
</Permission>
<Permission class="oracle.dbtools.crest.model.design.storage.oracle.v10g.PermissionsOraclev10g" name="Permissions2" id="648FAA7B-5B01-4E34-11FA-E8F1E1D1C6DB">
<createdBy>mb56142</createdBy>
<createdTime>2014-06-24 01:24:45 UTC</createdTime>
<ownerDesignName>TXEB_BPM_Semantic_data_model_diagram</ownerDesignName>
<privileges>SELECT</privileges>
<view>6C4A05A6-DBEE-4FA3-EAE6-7BD6B2638D3B</view>
</Permission>
<Permission class="oracle.dbtools.crest.model.design.storage.oracle.v10g.PermissionsOraclev10g" name="Permissions3" id="75071D9B-9DD2-0E4B-F4FC-2F5004CDF935">
<createdBy>mb56142</createdBy>
<createdTime>2014-06-24 01:26:26 UTC</createdTime>
<ownerDesignName>TXEB_BPM_Semantic_data_model_diagram</ownerDesignName>
<privileges>SELECT</privileges>
<table>B49F9DEF-7F3A-1A82-2FC8-D3020B0C35BB</table>
</Permission>
<Permission class="oracle.dbtools.crest.model.design.storage.oracle.v10g.PermissionsOraclev10g" name="Permissions4" id="CFD56ACF-D992-4754-54A0-961100BA4628">
<createdBy>mb56142</createdBy>
<createdTime>2014-06-24 01:29:06 UTC</createdTime>
<ownerDesignName>TXEB_BPM_Semantic_data_model_diagram</ownerDesignName>
<privileges>SELECT</privileges>
<table>C74D7534-02DB-B983-1451-CD3009C42CE3</table>
</Permission>
<Permission class="oracle.dbtools.crest.model.design.storage.oracle.v10g.PermissionsOraclev10g" name="Permissions5" id="8C3D1389-626C-B1E7-EFC5-7E05FC72B8D2">
<createdBy>mb56142</createdBy>
<createdTime>2014-06-24 01:29:40 UTC</createdTime>
<ownerDesignName>TXEB_BPM_Semantic_data_model_diagram</ownerDesignName>
<privileges>SELECT</privileges>
<table>66854592-9AAF-AB1B-3CF5-9EA9D0A580B3</table>
</Permission>
<Permission class="oracle.dbtools.crest.model.design.storage.oracle.v10g.PermissionsOraclev10g" name="Permissions6" id="AFD2DAB3-904F-15BD-88AB-1589F39440D3">
<createdBy>mb56142</createdBy>
<createdTime>2014-06-24 01:36:21 UTC</createdTime>
<ownerDesignName>TXEB_BPM_Semantic_data_model_diagram</ownerDesignName>
<privileges>SELECT</privileges>
<table>6F9B2D2A-B44C-7B98-413D-1981B4CD82FA</table>
</Permission>
<Permission class="oracle.dbtools.crest.model.design.storage.oracle.v10g.PermissionsOraclev10g" name="Permissions7" id="56F54630-14FD-1727-4ED9-6CAAA851387F">
<createdBy>mb56142</createdBy>
<createdTime>2014-06-24 01:37:27 UTC</createdTime>
<ownerDesignName>TXEB_BPM_Semantic_data_model_diagram</ownerDesignName>
<privileges>SELECT</privileges>
<table>EE0AC83A-ED88-DEC6-87AF-20A7E6CB5A47</table>
</Permission>
<Permission class="oracle.dbtools.crest.model.design.storage.oracle.v10g.PermissionsOraclev10g" name="Permissions8" id="DCE91013-4242-8F6F-FCDC-B4D75138AF57">
<createdBy>mb56142</createdBy>
<createdTime>2014-06-24 01:38:56 UTC</createdTime>
<ownerDesignName>TXEB_BPM_Semantic_data_model_diagram</ownerDesignName>
<privileges>SELECT</privileges>
<table>1DBD102D-34C8-2132-0990-937C13EC51AE</table>
</Permission>
<Permission class="oracle.dbtools.crest.model.design.storage.oracle.v10g.PermissionsOraclev10g" name="Permissions9" id="F209E8EE-13CF-3FB7-167B-499659F437F9">
<createdBy>mb56142</createdBy>
<createdTime>2014-06-24 01:39:36 UTC</createdTime>
<ownerDesignName>TXEB_BPM_Semantic_data_model_diagram</ownerDesignName>
<privileges>SELECT</privileges>
<table>4A67BD5B-2A11-0C05-EC21-A80E0EBD7C41</table>
</Permission>
<Permission class="oracle.dbtools.crest.model.design.storage.oracle.v10g.PermissionsOraclev10g" name="Permissions10" id="0755072B-61A1-0EAA-8F54-6F623F188426">
<createdBy>mb56142</createdBy>
<createdTime>2014-06-24 01:39:58 UTC</createdTime>
<ownerDesignName>TXEB_BPM_Semantic_data_model_diagram</ownerDesignName>
<privileges>SELECT</privileges>
<table>F8E1586C-C590-62D4-511B-9D426325A5F1</table>
</Permission>
<Permission class="oracle.dbtools.crest.model.design.storage.oracle.v10g.PermissionsOraclev10g" name="Permissions11" id="328492CC-6A60-5813-D4CB-B4BAAE3120F9">
<createdBy>mb56142</createdBy>
<createdTime>2014-06-24 01:40:20 UTC</createdTime>
<ownerDesignName>TXEB_BPM_Semantic_data_model_diagram</ownerDesignName>
<privileges>SELECT</privileges>
<table>3A81D4FE-5B3E-A998-9136-5D62F1AF79B0</table>
</Permission>
<Permission class="oracle.dbtools.crest.model.design.storage.oracle.v10g.PermissionsOraclev10g" name="Permissions12" id="B2D6AEB6-69C8-C575-79C0-DB4D6A566320">
<createdBy>mb56142</createdBy>
<createdTime>2014-06-24 01:40:36 UTC</createdTime>
<ownerDesignName>TXEB_BPM_Semantic_data_model_diagram</ownerDesignName>
<privileges>SELECT</privileges>
<table>CE222804-A65E-C62B-EA2A-7A1E4005053E</table>
</Permission>
<Permission class="oracle.dbtools.crest.model.design.storage.oracle.v10g.PermissionsOraclev10g" name="Permissions13" id="B6FAD175-38F6-AE82-80A5-B7AD53880C3B">
<createdBy>mb56142</createdBy>
<createdTime>2014-06-24 01:41:13 UTC</createdTime>
<ownerDesignName>TXEB_BPM_Semantic_data_model_diagram</ownerDesignName>
<privileges>SELECT</privileges>
<table>00D216B0-AB2E-2F90-46F7-33B77A30A1FA</table>
</Permission>
<Permission class="oracle.dbtools.crest.model.design.storage.oracle.v10g.PermissionsOraclev10g" name="Permissions14" id="29EB9E17-6762-8CD7-3386-A3A0E7EEDEBA">
<createdBy>mb56142</createdBy>
<createdTime>2014-06-24 01:52:22 UTC</createdTime>
<ownerDesignName>TXEB_BPM_Semantic_data_model_diagram</ownerDesignName>
<privileges>SELECT</privileges>
<table>627EA8B3-C812-D80A-BA2A-6702EC08C1B7</table>
</Permission>
<Permission class="oracle.dbtools.crest.model.design.storage.oracle.v10g.PermissionsOraclev10g" name="Permissions15" id="B0E3080D-31C5-29D9-0E2E-3EAFEE51FB83">
<createdBy>mb56142</createdBy>
<createdTime>2014-06-24 01:54:38 UTC</createdTime>
<ownerDesignName>TXEB_BPM_Semantic_data_model_diagram</ownerDesignName>
<privileges>SELECT</privileges>
<table>AAE55709-4EF8-AB08-5C77-4E7CAFCE32D8</table>
</Permission>
<Permission class="oracle.dbtools.crest.model.design.storage.oracle.v10g.PermissionsOraclev10g" name="Permissions16" id="102F1917-5B0E-65B5-03A6-1B8A3FD2B530">
<createdBy>mb56142</createdBy>
<createdTime>2014-06-24 01:55:13 UTC</createdTime>
<ownerDesignName>TXEB_BPM_Semantic_data_model_diagram</ownerDesignName>
<privileges>SELECT</privileges>
<table>3D51AF4F-C919-9991-450A-0D9E9135BCE9</table>
</Permission>
<Permission class="oracle.dbtools.crest.model.design.storage.oracle.v10g.PermissionsOraclev10g" name="Permissions17" id="75E0E66D-9770-854B-6C36-435E7DF015C7">
<createdBy>mb56142</createdBy>
<createdTime>2014-06-24 01:55:54 UTC</createdTime>
<ownerDesignName>TXEB_BPM_Semantic_data_model_diagram</ownerDesignName>
<privileges>SELECT</privileges>
<table>D97DF76F-121A-66D2-472D-49296E0956FA</table>
</Permission>
<Permission class="oracle.dbtools.crest.model.design.storage.oracle.v10g.PermissionsOraclev10g" name="Permissions18" id="964C2074-3DF0-0618-FFCA-D5E10FD2F89B">
<createdBy>mb56142</createdBy>
<createdTime>2014-06-24 02:01:37 UTC</createdTime>
<ownerDesignName>TXEB_BPM_Semantic_data_model_diagram</ownerDesignName>
<privileges>SELECT</privileges>
<table>49698739-1B16-A1AE-1663-9D33E0D3EC7C</table>
</Permission>
<Permission class="oracle.dbtools.crest.model.design.storage.oracle.v10g.PermissionsOraclev10g" name="Permissions19" id="66FD483B-D41D-F149-C680-B61DA26C3429">
<createdBy>mb56142</createdBy>
<createdTime>2014-06-24 02:06:54 UTC</createdTime>
<ownerDesignName>TXEB_BPM_Semantic_data_model_diagram</ownerDesignName>
<privileges>SELECT</privileges>
<table>3B782934-5669-F921-29A6-5B22CBD2DAFA</table>
</Permission>
<Permission class="oracle.dbtools.crest.model.design.storage.oracle.v10g.PermissionsOraclev10g" name="Permissions20" id="3571B206-F674-AEB3-CAE6-B217FF25477A">
<createdBy>mb56142</createdBy>
<createdTime>2014-06-24 02:09:37 UTC</createdTime>
<ownerDesignName>TXEB_BPM_Semantic_data_model_diagram</ownerDesignName>
<privileges>SELECT</privileges>
<table>BBD114DC-47BF-3A1A-2D25-D4669CF0C8DB</table>
</Permission>
<Permission class="oracle.dbtools.crest.model.design.storage.oracle.v10g.PermissionsOraclev10g" name="Permissions21" id="9FCEEFE9-D513-6D67-7AD7-2FC09B7C101B">
<createdBy>mb56142</createdBy>
<createdTime>2014-06-24 02:10:23 UTC</createdTime>
<ownerDesignName>TXEB_BPM_Semantic_data_model_diagram</ownerDesignName>
<privileges>SELECT</privileges>
<table>6EEDDEB1-A855-A029-F158-A8B2901F17F9</table>
</Permission>
<Permission class="oracle.dbtools.crest.model.design.storage.oracle.v10g.PermissionsOraclev10g" name="Permissions22" id="9347934E-E96A-9D21-4055-3128FE40C20C">
<createdBy>mb56142</createdBy>
<createdTime>2014-06-24 02:11:24 UTC</createdTime>
<ownerDesignName>TXEB_BPM_Semantic_data_model_diagram</ownerDesignName>
<privileges>SELECT</privileges>
<table>7786A681-0864-CC00-2F5A-AEC17B81F0BC</table>
</Permission>
<Permission class="oracle.dbtools.crest.model.design.storage.oracle.v10g.PermissionsOraclev10g" name="Permissions23" id="24066003-6D18-8A67-4D19-E653E813E0DB">
<createdBy>mb56142</createdBy>
<createdTime>2014-06-24 02:17:00 UTC</createdTime>
<ownerDesignName>TXEB_BPM_Semantic_data_model_diagram</ownerDesignName>
<privileges>SELECT</privileges>
<table>37F3B011-A181-5673-1A25-3CC16415BE96</table>
</Permission>
<Permission class="oracle.dbtools.crest.model.design.storage.oracle.v10g.PermissionsOraclev10g" name="Permissions24" id="52B03E6B-B298-49BD-7F4B-781CFAE2C178">
<createdBy>mb56142</createdBy>
<createdTime>2014-06-24 02:17:21 UTC</createdTime>
<ownerDesignName>TXEB_BPM_Semantic_data_model_diagram</ownerDesignName>
<privileges>SELECT</privileges>
<table>23FD517B-844C-5B5B-3898-C38E7BE59AD3</table>
</Permission>
<Permission class="oracle.dbtools.crest.model.design.storage.oracle.v10g.PermissionsOraclev10g" name="Permissions25" id="3879FED0-2F3F-5C96-4CDA-C6298B68AA9A">
<createdBy>mb56142</createdBy>
<createdTime>2014-06-24 02:17:52 UTC</createdTime>
<ownerDesignName>TXEB_BPM_Semantic_data_model_diagram</ownerDesignName>
<privileges>SELECT</privileges>
<table>75CCF750-403B-C96E-E25C-5A1390E42C30</table>
</Permission>
</permissions>
</RoleOraclev10g>