<?xml version = '1.0' encoding = 'UTF-8'?>
<RoleOraclev10g class="oracle.dbtools.crest.model.design.storage.oracle.v10g.RoleOraclev10g" name="MAXDAT_READ_ONLY" directorySegmentName="seg_0" id="CDD3DFB6-740B-D401-4E0C-6F5C4D454A91">
<sourceConnName>TX_MAXDAT_PROD</sourceConnName>
<sourceObjName>MAXDAT_READ_ONLY</sourceObjName>
<createdBy>mb56142</createdBy>
<createdTime>2014-06-24 19:29:27 UTC</createdTime>
<ownerDesignName>TXEB_BPM_Semantic_data_model_diagram</ownerDesignName>
<permissions>
<Permission class="oracle.dbtools.crest.model.design.storage.oracle.v10g.PermissionsOraclev10g" name="Permissions1" id="597B14AE-DBF2-6A09-FFDA-0922CF432C47">
<createdBy>mb56142</createdBy>
<createdTime>2014-06-24 19:29:27 UTC</createdTime>
<ownerDesignName>TXEB_BPM_Semantic_data_model_diagram</ownerDesignName>
<privileges>SELECT</privileges>
<table>FC36493F-9561-84AA-F75A-1CC2567D9F2F</table>
</Permission>
<Permission class="oracle.dbtools.crest.model.design.storage.oracle.v10g.PermissionsOraclev10g" name="Permissions2" id="7C17A979-138E-6ACC-A504-68368B348390">
<createdBy>mb56142</createdBy>
<createdTime>2014-06-24 19:30:53 UTC</createdTime>
<ownerDesignName>TXEB_BPM_Semantic_data_model_diagram</ownerDesignName>
<privileges>SELECT</privileges>
<table>CCE06162-706E-411C-A431-EFF1ABC281BA</table>
</Permission>
<Permission class="oracle.dbtools.crest.model.design.storage.oracle.v10g.PermissionsOraclev10g" name="Permissions3" id="560DF588-7A47-C548-9CD7-69F6ACAB5368">
<createdBy>mb56142</createdBy>
<createdTime>2014-06-24 19:31:33 UTC</createdTime>
<ownerDesignName>TXEB_BPM_Semantic_data_model_diagram</ownerDesignName>
<privileges>SELECT</privileges>
<table>DAA57FEE-A1B7-8497-465A-26D9C652B862</table>
</Permission>
</permissions>
</RoleOraclev10g>