<?xml version = '1.0' encoding = 'UTF-8'?>
<RoleOraclev10g class="oracle.dbtools.crest.model.design.storage.oracle.v10g.RoleOraclev10g" name="MAXDAT_READ_ONLY" directorySegmentName="seg_0" id="E91D6447-4B96-45F4-572C-0A7610ABC493">
<sourceConnName>TX_MAXDAT_PROD</sourceConnName>
<sourceObjName>MAXDAT_READ_ONLY</sourceObjName>
<createdBy>mb56142</createdBy>
<createdTime>2014-06-25 01:57:11 UTC</createdTime>
<ownerDesignName>TXEB_BPM_Semantic_data_model_diagram</ownerDesignName>
<permissions>
<Permission class="oracle.dbtools.crest.model.design.storage.oracle.v10g.PermissionsOraclev10g" name="Permissions1" id="DC80BAB1-FF26-4DFB-8E33-098426A49E82">
<createdBy>mb56142</createdBy>
<createdTime>2014-06-25 01:57:11 UTC</createdTime>
<ownerDesignName>TXEB_BPM_Semantic_data_model_diagram</ownerDesignName>
<privileges>SELECT</privileges>
<table>DE22F01F-42E1-4EDC-2767-72B31C7773AF</table>
</Permission>
<Permission class="oracle.dbtools.crest.model.design.storage.oracle.v10g.PermissionsOraclev10g" name="Permissions2" id="88577D8D-F1B4-8C50-4994-49E0DFE7D9E1">
<createdBy>mb56142</createdBy>
<createdTime>2014-06-25 01:57:57 UTC</createdTime>
<ownerDesignName>TXEB_BPM_Semantic_data_model_diagram</ownerDesignName>
<privileges>SELECT</privileges>
<table>309B789B-4EAD-F595-7B45-A8D9666783FF</table>
</Permission>
<Permission class="oracle.dbtools.crest.model.design.storage.oracle.v10g.PermissionsOraclev10g" name="Permissions3" id="461DA322-98E2-0CA9-A636-02A260F6E8F4">
<createdBy>mb56142</createdBy>
<createdTime>2014-06-25 01:58:27 UTC</createdTime>
<ownerDesignName>TXEB_BPM_Semantic_data_model_diagram</ownerDesignName>
<privileges>SELECT</privileges>
<table>3AE3600F-B330-7E98-E9FF-EA4397B14372</table>
</Permission>
<Permission class="oracle.dbtools.crest.model.design.storage.oracle.v10g.PermissionsOraclev10g" name="Permissions4" id="24671838-94DA-3E4A-9303-3F9AC6B10CB7">
<createdBy>mb56142</createdBy>
<createdTime>2014-06-25 02:03:41 UTC</createdTime>
<ownerDesignName>TXEB_BPM_Semantic_data_model_diagram</ownerDesignName>
<privileges>SELECT</privileges>
<table>FBE1389D-4B9E-B9BE-32B0-D32EE6C67490</table>
</Permission>
<Permission class="oracle.dbtools.crest.model.design.storage.oracle.v10g.PermissionsOraclev10g" name="Permissions5" id="AE3F2001-BCE6-2B55-8E69-8203A959EBF3">
<createdBy>mb56142</createdBy>
<createdTime>2014-06-25 02:04:03 UTC</createdTime>
<ownerDesignName>TXEB_BPM_Semantic_data_model_diagram</ownerDesignName>
<privileges>SELECT</privileges>
<table>5C7518C2-53A4-47F3-BC80-3271EB51AE8D</table>
</Permission>
<Permission class="oracle.dbtools.crest.model.design.storage.oracle.v10g.PermissionsOraclev10g" name="Permissions6" id="5F7E3129-E3F1-73D4-3EB4-6D7ED42C1272">
<createdBy>mb56142</createdBy>
<createdTime>2014-06-25 02:04:28 UTC</createdTime>
<ownerDesignName>TXEB_BPM_Semantic_data_model_diagram</ownerDesignName>
<privileges>SELECT</privileges>
<table>B62C97DD-2ADF-22B3-D470-DBB66E64E122</table>
</Permission>
<Permission class="oracle.dbtools.crest.model.design.storage.oracle.v10g.PermissionsOraclev10g" name="Permissions7" id="1172360C-6041-AAC6-2B33-409B925450EC">
<createdBy>mb56142</createdBy>
<createdTime>2014-06-25 02:04:59 UTC</createdTime>
<ownerDesignName>TXEB_BPM_Semantic_data_model_diagram</ownerDesignName>
<privileges>SELECT</privileges>
<table>90F64F3A-DB05-5BE0-C6EA-CDA8C7B91B23</table>
</Permission>
<Permission class="oracle.dbtools.crest.model.design.storage.oracle.v10g.PermissionsOraclev10g" name="Permissions8" id="0E0CCF11-8A1F-42B0-00DC-7987F7EE616B">
<createdBy>mb56142</createdBy>
<createdTime>2014-06-25 02:05:20 UTC</createdTime>
<ownerDesignName>TXEB_BPM_Semantic_data_model_diagram</ownerDesignName>
<privileges>SELECT</privileges>
<table>A916831B-6EBF-E20F-D73E-D380362693E1</table>
</Permission>
<Permission class="oracle.dbtools.crest.model.design.storage.oracle.v10g.PermissionsOraclev10g" name="Permissions9" id="12F73847-314A-E9E4-781C-7FDF14A3519F">
<createdBy>mb56142</createdBy>
<createdTime>2014-06-25 02:05:34 UTC</createdTime>
<ownerDesignName>TXEB_BPM_Semantic_data_model_diagram</ownerDesignName>
<privileges>SELECT</privileges>
<table>00E04614-0DCB-0544-032A-5214F427F8BB</table>
</Permission>
<Permission class="oracle.dbtools.crest.model.design.storage.oracle.v10g.PermissionsOraclev10g" name="Permissions10" id="31CEF0C4-D209-7AD1-8BB7-E858C585CADD">
<createdBy>mb56142</createdBy>
<createdTime>2014-06-25 02:06:26 UTC</createdTime>
<ownerDesignName>TXEB_BPM_Semantic_data_model_diagram</ownerDesignName>
<privileges>SELECT</privileges>
<table>5F4CC6EB-7315-276C-43F2-707E3942790B</table>
</Permission>
<Permission class="oracle.dbtools.crest.model.design.storage.oracle.v10g.PermissionsOraclev10g" name="Permissions11" id="134548C3-1810-B5B4-3817-0F1F33CC92E1">
<createdBy>mb56142</createdBy>
<createdTime>2014-06-25 02:10:46 UTC</createdTime>
<ownerDesignName>TXEB_BPM_Semantic_data_model_diagram</ownerDesignName>
<privileges>SELECT</privileges>
<table>76B6B92A-5836-3410-2380-2A2A929F815A</table>
</Permission>
<Permission class="oracle.dbtools.crest.model.design.storage.oracle.v10g.PermissionsOraclev10g" name="Permissions12" id="3FE69B02-1A7A-3A80-ACAB-561A567BB10A">
<createdBy>mb56142</createdBy>
<createdTime>2014-06-25 02:25:34 UTC</createdTime>
<ownerDesignName>TXEB_BPM_Semantic_data_model_diagram</ownerDesignName>
<privileges>SELECT</privileges>
<table>0B45A501-CFA1-F65E-7DB2-1B7A5E877BC4</table>
</Permission>
<Permission class="oracle.dbtools.crest.model.design.storage.oracle.v10g.PermissionsOraclev10g" name="Permissions13" id="75EF0D04-49C9-575A-C240-5D6FFEE62CE5">
<createdBy>mb56142</createdBy>
<createdTime>2014-06-25 02:27:33 UTC</createdTime>
<ownerDesignName>TXEB_BPM_Semantic_data_model_diagram</ownerDesignName>
<privileges>SELECT</privileges>
<table>4288F01F-62E1-FD80-28D4-6FDD0F43DE3D</table>
</Permission>
<Permission class="oracle.dbtools.crest.model.design.storage.oracle.v10g.PermissionsOraclev10g" name="Permissions14" id="057FEB99-C73D-9B4C-4CC5-53DD50ACF992">
<createdBy>mb56142</createdBy>
<createdTime>2014-06-25 02:27:54 UTC</createdTime>
<ownerDesignName>TXEB_BPM_Semantic_data_model_diagram</ownerDesignName>
<privileges>SELECT</privileges>
<table>07FBF2B6-F0EA-ADCA-AD12-C315F41BFC9D</table>
</Permission>
<Permission class="oracle.dbtools.crest.model.design.storage.oracle.v10g.PermissionsOraclev10g" name="Permissions15" id="B3F70D64-4C46-6693-4137-A1C9BDD6C148">
<createdBy>mb56142</createdBy>
<createdTime>2014-06-25 02:28:49 UTC</createdTime>
<ownerDesignName>TXEB_BPM_Semantic_data_model_diagram</ownerDesignName>
<privileges>SELECT</privileges>
<table>8A420213-91EC-1771-0293-F49A57916DBD</table>
</Permission>
<Permission class="oracle.dbtools.crest.model.design.storage.oracle.v10g.PermissionsOraclev10g" name="Permissions16" id="A3CCFC19-D882-C5F4-3611-D3B63AC30CDE">
<createdBy>mb56142</createdBy>
<createdTime>2014-06-25 02:29:05 UTC</createdTime>
<ownerDesignName>TXEB_BPM_Semantic_data_model_diagram</ownerDesignName>
<privileges>SELECT</privileges>
<table>C4097B32-8A10-0C26-8EFA-CF8BA6989287</table>
</Permission>
<Permission class="oracle.dbtools.crest.model.design.storage.oracle.v10g.PermissionsOraclev10g" name="Permissions17" id="F160E6CA-DAC1-E82F-FE95-5BCDF7FD7DC4">
<createdBy>mb56142</createdBy>
<createdTime>2014-06-25 02:29:20 UTC</createdTime>
<ownerDesignName>TXEB_BPM_Semantic_data_model_diagram</ownerDesignName>
<privileges>SELECT</privileges>
<table>B38B9170-D518-653E-77FA-E9FB25E136EE</table>
</Permission>
<Permission class="oracle.dbtools.crest.model.design.storage.oracle.v10g.PermissionsOraclev10g" name="Permissions18" id="DFDB1E3A-70B8-F6C4-F0DE-8432EC1FB418">
<createdBy>mb56142</createdBy>
<createdTime>2014-06-25 02:29:47 UTC</createdTime>
<ownerDesignName>TXEB_BPM_Semantic_data_model_diagram</ownerDesignName>
<privileges>SELECT</privileges>
<table>8689B214-0CBA-AF5E-54D4-6046745F16F2</table>
</Permission>
<Permission class="oracle.dbtools.crest.model.design.storage.oracle.v10g.PermissionsOraclev10g" name="Permissions19" id="09AB3AC3-F591-8192-9D8C-D2A7CF624459">
<createdBy>mb56142</createdBy>
<createdTime>2014-06-25 02:30:29 UTC</createdTime>
<ownerDesignName>TXEB_BPM_Semantic_data_model_diagram</ownerDesignName>
<privileges>SELECT</privileges>
<table>0317F283-8229-0D6D-83D4-0622ED41084B</table>
</Permission>
</permissions>
</RoleOraclev10g>