<?xml version = '1.0' encoding = 'UTF-8'?>
<TableSpaceOraclev10g class="oracle.dbtools.crest.model.design.storage.oracle.v10g.TableSpaceOraclev10g" name="MAXDAT_INDX" id="4866B604-BC74-F4A2-CF3C-7AD89845D7C3" directorySegmentName="seg_0">
<sourceConnName>TXMAXDAT</sourceConnName>
<sourceObjSchema>MAXDAT</sourceObjSchema>
<sourceObjName>MAXDAT_INDX</sourceObjName>
<createdBy>mb56142</createdBy>
<createdTime>2013-10-01 01:57:51 UTC</createdTime>
<ownerDesignName>TXEB_BPM_Semantic_data_model_diagram</ownerDesignName>
<emUniformSize>0</emUniformSize>
<extentManagement>LOCAL</extentManagement>
</TableSpaceOraclev10g>