<?xml version = '1.0' encoding = 'UTF-8'?>
<FKIndexAssociation class="oracle.dbtools.crest.model.design.relational.FKIndexAssociation" id="10263619-7D25-FEE0-F50B-523334B2411B" directorySegmentName="seg_0" name="BEM_BPRG_FK">
<sourceConnName>nyecdrbk maxdat</sourceConnName>
<sourceObjSchema>MAXDAT</sourceObjSchema>
<sourceObjName>BEM_BPRG_FK</sourceObjName>
<createdBy>50472</createdBy>
<createdTime>2013-08-08 16:19:10 UTC</createdTime>
<ownerDesignName>BPM_Event_data_model_diagram</ownerDesignName>
<containerWithKeyObject>C6B39CCA-D764-1386-B89B-A724D5E6E745</containerWithKeyObject>
<deleteRule>NO ACTION</deleteRule>
<localFKIndex>1853900F-C2F7-ABF6-14CC-675BE1AB7A60</localFKIndex>
<keyObject>E22983B3-EC7D-EB84-73A1-EC4D0A3A2D68</keyObject>
<mandatory>true</mandatory>
<transferable>true</transferable>
</FKIndexAssociation>