<?xml version = '1.0' encoding = 'UTF-8'?>
<FKIndexAssociation class="oracle.dbtools.crest.model.design.relational.FKIndexAssociation" id="1A860A14-3FDD-5DD9-AA20-0FD17A7DF8A1" directorySegmentName="seg_0" name="BA_BAL_FK">
<sourceConnName>nyecdrbk maxdat</sourceConnName>
<sourceObjSchema>MAXDAT</sourceObjSchema>
<sourceObjName>BA_BAL_FK</sourceObjName>
<createdBy>50472</createdBy>
<createdTime>2013-08-08 16:19:10 UTC</createdTime>
<ownerDesignName>BPM_Event_data_model_diagram</ownerDesignName>
<containerWithKeyObject>F9191379-A633-15D4-112E-17E3CB31A468</containerWithKeyObject>
<deleteRule>NO ACTION</deleteRule>
<localFKIndex>EC2BE569-4789-E2ED-5BD2-4FE028F1563C</localFKIndex>
<keyObject>0ECFE027-6AAB-4E69-2765-D005E8EEAAFD</keyObject>
<mandatory>true</mandatory>
<transferable>true</transferable>
</FKIndexAssociation>