<?xml version = '1.0' encoding = 'UTF-8'?>
<FKIndexAssociation class="oracle.dbtools.crest.model.design.relational.FKIndexAssociation" id="270E519E-0EAB-9BF0-55D7-92AAEDE2493F" directorySegmentName="seg_0" name="BUE_BUTL_FK">
<sourceConnName>nyecdrbk maxdat</sourceConnName>
<sourceObjSchema>MAXDAT</sourceObjSchema>
<sourceObjName>BUE_BUTL_FK</sourceObjName>
<createdBy>50472</createdBy>
<createdTime>2013-08-08 16:19:10 UTC</createdTime>
<ownerDesignName>BPM_Event_data_model_diagram</ownerDesignName>
<containerWithKeyObject>052F792C-FCCF-124C-4CC2-BD8B66FB7FF2</containerWithKeyObject>
<deleteRule>NO ACTION</deleteRule>
<localFKIndex>26BC531D-2A87-3B75-CAE7-0496DA50DA80</localFKIndex>
<keyObject>7CD009B6-ED94-4D8B-01D6-85A1A33C24FC</keyObject>
<mandatory>true</mandatory>
<transferable>true</transferable>
</FKIndexAssociation>