<?xml version = '1.0' encoding = 'UTF-8'?>
<FKIndexAssociation class="oracle.dbtools.crest.model.design.relational.FKIndexAssociation" id="2886F5A8-BEFF-5C8A-42E4-B5B14DA042A6" directorySegmentName="seg_0" name="BUEQ_BUE_ID_FK">
<sourceConnName>nyecdrbk maxdat</sourceConnName>
<sourceObjSchema>MAXDAT</sourceObjSchema>
<sourceObjName>BUEQ_BUE_ID_FK</sourceObjName>
<createdBy>50472</createdBy>
<createdTime>2013-08-08 16:19:10 UTC</createdTime>
<ownerDesignName>BPM_Event_data_model_diagram</ownerDesignName>
<containerWithKeyObject>A17346F9-5F29-D46F-DF96-405E82C2F2C5</containerWithKeyObject>
<deleteRule>NO ACTION</deleteRule>
<localFKIndex>7ACFAD5D-C9D1-A059-A005-5E9A353B922D</localFKIndex>
<keyObject>DA4CE8CF-B572-747B-18E8-E75B886E9F81</keyObject>
<mandatory>false</mandatory>
<transferable>true</transferable>
</FKIndexAssociation>