<?xml version = '1.0' encoding = 'UTF-8'?>
<FKIndexAssociation class="oracle.dbtools.crest.model.design.relational.FKIndexAssociation" id="2DEF8FC4-1CBF-02D2-3F59-8396B0BAA78F" directorySegmentName="seg_0" name="BIA_BA_FK">
<sourceConnName>nyecdrbk maxdat</sourceConnName>
<sourceObjSchema>MAXDAT</sourceObjSchema>
<sourceObjName>BIA_BA_FK</sourceObjName>
<createdBy>50472</createdBy>
<createdTime>2013-08-08 16:19:10 UTC</createdTime>
<ownerDesignName>BPM_Event_data_model_diagram</ownerDesignName>
<containerWithKeyObject>ED6453DC-BD0C-6056-32CF-3C36292B1667</containerWithKeyObject>
<deleteRule>NO ACTION</deleteRule>
<localFKIndex>04723096-B664-2E07-F2A1-3A9082A1178C</localFKIndex>
<keyObject>021A6F03-4972-2CE5-2A10-1C80E959501A</keyObject>
<mandatory>true</mandatory>
<transferable>true</transferable>
</FKIndexAssociation>