<?xml version = '1.0' encoding = 'UTF-8'?>
<FKIndexAssociation class="oracle.dbtools.crest.model.design.relational.FKIndexAssociation" id="3060A46C-990B-FC59-BC46-B4875A318B1A" directorySegmentName="seg_0" name="BUEQ_BSL_ID_FK">
<sourceConnName>nyecdrbk maxdat</sourceConnName>
<sourceObjSchema>MAXDAT</sourceObjSchema>
<sourceObjName>BUEQ_BSL_ID_FK</sourceObjName>
<createdBy>50472</createdBy>
<createdTime>2013-08-08 16:19:10 UTC</createdTime>
<ownerDesignName>BPM_Event_data_model_diagram</ownerDesignName>
<containerWithKeyObject>A17346F9-5F29-D46F-DF96-405E82C2F2C5</containerWithKeyObject>
<deleteRule>NO ACTION</deleteRule>
<localFKIndex>DA5EB5B8-FDDE-8588-8327-1AA57D12D928</localFKIndex>
<keyObject>B5CFD43A-0CA1-9078-5DAB-54780777795C</keyObject>
<mandatory>true</mandatory>
<transferable>true</transferable>
</FKIndexAssociation>