<?xml version = '1.0' encoding = 'UTF-8'?>
<FKIndexAssociation class="oracle.dbtools.crest.model.design.relational.FKIndexAssociation" id="427423C1-69FD-3FF1-C61D-8430B4A82064" directorySegmentName="seg_0" name="PBQJ_STOP_REASON_ID_FK">
<sourceConnName>nyecdrbk maxdat</sourceConnName>
<sourceObjSchema>MAXDAT</sourceObjSchema>
<sourceObjName>PBQJ_STOP_REASON_ID_FK</sourceObjName>
<createdBy>50472</createdBy>
<createdTime>2013-08-08 16:19:10 UTC</createdTime>
<ownerDesignName>BPM_Event_data_model_diagram</ownerDesignName>
<containerWithKeyObject>16AB0FE5-76B1-E810-B282-7726DCB813AB</containerWithKeyObject>
<deleteRule>NO ACTION</deleteRule>
<localFKIndex>629B6EF5-4A9A-AAB8-1080-688824A7F7AE</localFKIndex>
<keyObject>204577F1-5A21-E02C-166E-E7B8A1248E76</keyObject>
<mandatory>false</mandatory>
<transferable>true</transferable>
</FKIndexAssociation>