<?xml version = '1.0' encoding = 'UTF-8'?>
<FKIndexAssociation class="oracle.dbtools.crest.model.design.relational.FKIndexAssociation" id="48E1BC20-E72B-80DF-0669-8937CDEDA498" directorySegmentName="seg_0" name="BAA_BEM_FK">
<sourceConnName>nyecdrbk maxdat</sourceConnName>
<sourceObjSchema>MAXDAT</sourceObjSchema>
<sourceObjName>BAA_BEM_FK</sourceObjName>
<createdBy>50472</createdBy>
<createdTime>2013-08-08 16:19:10 UTC</createdTime>
<ownerDesignName>BPM_Event_data_model_diagram</ownerDesignName>
<containerWithKeyObject>8E071099-307C-A79A-901E-4332B33DA2C8</containerWithKeyObject>
<deleteRule>NO ACTION</deleteRule>
<localFKIndex>EB40A8B3-2898-1087-2D16-73CD5D090E48</localFKIndex>
<keyObject>B6FE5EA1-1B28-0325-3344-120CDCFF1784</keyObject>
<mandatory>true</mandatory>
<transferable>true</transferable>
</FKIndexAssociation>