<?xml version = '1.0' encoding = 'UTF-8'?>
<FKIndexAssociation class="oracle.dbtools.crest.model.design.relational.FKIndexAssociation" id="4B921C69-CA84-2FE6-B4E6-9EB75D0727EF" directorySegmentName="seg_0" name="BACE_BACA_FK">
<sourceConnName>nyecdrbk maxdat</sourceConnName>
<sourceObjSchema>MAXDAT</sourceObjSchema>
<sourceObjName>BACE_BACA_FK</sourceObjName>
<createdBy>50472</createdBy>
<createdTime>2013-08-08 16:19:10 UTC</createdTime>
<ownerDesignName>BPM_Event_data_model_diagram</ownerDesignName>
<containerWithKeyObject>AB2E5589-C2AE-5212-556A-5EE24D398D91</containerWithKeyObject>
<deleteRule>NO ACTION</deleteRule>
<localFKIndex>07C67572-5573-07D6-0E96-29011CFB9FB7</localFKIndex>
<keyObject>054621B5-D7A4-2312-3F81-5B2DEBC74D94</keyObject>
<mandatory>true</mandatory>
<transferable>true</transferable>
</FKIndexAssociation>