<?xml version = '1.0' encoding = 'UTF-8'?>
<FKIndexAssociation class="oracle.dbtools.crest.model.design.relational.FKIndexAssociation" id="5E737C25-C136-E65E-D908-32350637D036" directorySegmentName="seg_0" name="BIA_BI_FK">
<sourceConnName>nyecdrbk maxdat</sourceConnName>
<sourceObjSchema>MAXDAT</sourceObjSchema>
<sourceObjName>BIA_BI_FK</sourceObjName>
<createdBy>50472</createdBy>
<createdTime>2013-08-08 16:19:10 UTC</createdTime>
<ownerDesignName>BPM_Event_data_model_diagram</ownerDesignName>
<containerWithKeyObject>ED6453DC-BD0C-6056-32CF-3C36292B1667</containerWithKeyObject>
<deleteRule>NO ACTION</deleteRule>
<localFKIndex>8A2ED8A1-39AF-438A-C4A3-DDAA0FA290EC</localFKIndex>
<keyObject>32B2B6B7-75BF-5488-3FE4-254544CF776E</keyObject>
<mandatory>true</mandatory>
<transferable>true</transferable>
</FKIndexAssociation>