<?xml version = '1.0' encoding = 'UTF-8'?>
<FKIndexAssociation class="oracle.dbtools.crest.model.design.relational.FKIndexAssociation" id="61FE4D0E-A1EF-9123-0F4F-71FC4C5189F9" directorySegmentName="seg_0" name="BAST_BSL_FK">
<sourceConnName>nyecdrbk maxdat</sourceConnName>
<sourceObjSchema>MAXDAT</sourceObjSchema>
<sourceObjName>BAST_BSL_FK</sourceObjName>
<createdBy>50472</createdBy>
<createdTime>2013-08-08 21:48:44 UTC</createdTime>
<ownerDesignName>BPM_Event_data_model_diagram</ownerDesignName>
<importedID>3F5254F7-16EB-433F-9AFB-5E31E36621AC</importedID>
<containerWithKeyObject>F8AE0F02-90C9-50BB-611B-9E9F673BB1CF</containerWithKeyObject>
<deleteRule>NO ACTION</deleteRule>
<localFKIndex>8C0DE101-B8D4-4B68-8106-4A646421433A</localFKIndex>
<keyObject>B5CFD43A-0CA1-9078-5DAB-54780777795C</keyObject>
<mandatory>true</mandatory>
<transferable>true</transferable>
</FKIndexAssociation>