<?xml version = '1.0' encoding = 'UTF-8'?>
<FKIndexAssociation class="oracle.dbtools.crest.model.design.relational.FKIndexAssociation" id="635C67A5-D2CE-FE46-03AD-705118886591" directorySegmentName="seg_0" name="BAL_BDL_FK">
<sourceConnName>nyecdrbk maxdat</sourceConnName>
<sourceObjSchema>MAXDAT</sourceObjSchema>
<sourceObjName>BAL_BDL_FK</sourceObjName>
<createdBy>50472</createdBy>
<createdTime>2013-08-08 16:19:10 UTC</createdTime>
<ownerDesignName>BPM_Event_data_model_diagram</ownerDesignName>
<containerWithKeyObject>9BF8C188-C299-9DC7-A585-D83E5008240D</containerWithKeyObject>
<deleteRule>NO ACTION</deleteRule>
<localFKIndex>3AB402F0-30FC-F888-BC7B-9B0092B604B8</localFKIndex>
<keyObject>8A139180-56F2-82F6-38A5-1651A30D5300</keyObject>
<mandatory>true</mandatory>
<transferable>true</transferable>
</FKIndexAssociation>