<?xml version = '1.0' encoding = 'UTF-8'?>
<FKIndexAssociation class="oracle.dbtools.crest.model.design.relational.FKIndexAssociation" id="6B6D80B3-BA13-1EF5-4606-87B212A718B2" directorySegmentName="seg_0" name="BUEQ_BIL_ID_FK">
<sourceConnName>nyecdrbk maxdat</sourceConnName>
<sourceObjSchema>MAXDAT</sourceObjSchema>
<sourceObjName>BUEQ_BIL_ID_FK</sourceObjName>
<createdBy>50472</createdBy>
<createdTime>2013-08-08 16:19:10 UTC</createdTime>
<ownerDesignName>BPM_Event_data_model_diagram</ownerDesignName>
<containerWithKeyObject>A17346F9-5F29-D46F-DF96-405E82C2F2C5</containerWithKeyObject>
<deleteRule>NO ACTION</deleteRule>
<localFKIndex>189C89A8-D252-A9F8-46A1-89BB6F0A6154</localFKIndex>
<keyObject>2B5456D6-9CBF-B42C-0FD7-A02EF81C6EEB</keyObject>
<mandatory>true</mandatory>
<transferable>true</transferable>
</FKIndexAssociation>