<?xml version = '1.0' encoding = 'UTF-8'?>
<FKIndexAssociation class="oracle.dbtools.crest.model.design.relational.FKIndexAssociation" id="6D4D35A0-0279-DC64-68CF-67B9E4966ED5" directorySegmentName="seg_0" name="BUE_BI_FK">
<sourceConnName>nyecdrbk maxdat</sourceConnName>
<sourceObjSchema>MAXDAT</sourceObjSchema>
<sourceObjName>BUE_BI_FK</sourceObjName>
<createdBy>50472</createdBy>
<createdTime>2013-08-08 16:19:10 UTC</createdTime>
<ownerDesignName>BPM_Event_data_model_diagram</ownerDesignName>
<containerWithKeyObject>052F792C-FCCF-124C-4CC2-BD8B66FB7FF2</containerWithKeyObject>
<deleteRule>NO ACTION</deleteRule>
<localFKIndex>25DF7905-5757-B959-6C87-88DE64DCE861</localFKIndex>
<keyObject>32B2B6B7-75BF-5488-3FE4-254544CF776E</keyObject>
<mandatory>true</mandatory>
<transferable>true</transferable>
</FKIndexAssociation>