<?xml version = '1.0' encoding = 'UTF-8'?>
<FKIndexAssociation class="oracle.dbtools.crest.model.design.relational.FKIndexAssociation" id="7C36624E-1D17-C7FF-AD1B-B2994EBCE4A5" directorySegmentName="seg_0" name="BI_BSL_FK">
<sourceConnName>nyecdrbk maxdat</sourceConnName>
<sourceObjSchema>MAXDAT</sourceObjSchema>
<sourceObjName>BI_BSL_FK</sourceObjName>
<createdBy>50472</createdBy>
<createdTime>2013-08-08 16:19:10 UTC</createdTime>
<ownerDesignName>BPM_Event_data_model_diagram</ownerDesignName>
<containerWithKeyObject>AA6AF9CE-2CB3-986C-CE3E-E17DB5B80CFC</containerWithKeyObject>
<deleteRule>NO ACTION</deleteRule>
<localFKIndex>155AB8CC-76DE-3404-7196-F5D9CE4937D1</localFKIndex>
<keyObject>B5CFD43A-0CA1-9078-5DAB-54780777795C</keyObject>
<mandatory>true</mandatory>
<transferable>true</transferable>
</FKIndexAssociation>