<?xml version = '1.0' encoding = 'UTF-8'?>
<FKIndexAssociation class="oracle.dbtools.crest.model.design.relational.FKIndexAssociation" id="7C6BFD58-925E-7776-719B-AEF3E010A8CB" directorySegmentName="seg_0" name="BI_BEM_FK">
<sourceConnName>nyecdrbk maxdat</sourceConnName>
<sourceObjSchema>MAXDAT</sourceObjSchema>
<sourceObjName>BI_BEM_FK</sourceObjName>
<createdBy>50472</createdBy>
<createdTime>2013-08-08 16:19:10 UTC</createdTime>
<ownerDesignName>BPM_Event_data_model_diagram</ownerDesignName>
<containerWithKeyObject>AA6AF9CE-2CB3-986C-CE3E-E17DB5B80CFC</containerWithKeyObject>
<deleteRule>NO ACTION</deleteRule>
<localFKIndex>02C9C8ED-040D-88A9-C954-6BD5CFF11794</localFKIndex>
<keyObject>B6FE5EA1-1B28-0325-3344-120CDCFF1784</keyObject>
<mandatory>true</mandatory>
<transferable>true</transferable>
</FKIndexAssociation>