<?xml version = '1.0' encoding = 'UTF-8'?>
<FKIndexAssociation class="oracle.dbtools.crest.model.design.relational.FKIndexAssociation" id="7FF9B7E9-C37D-24D1-C4AA-96F977D2AA35" directorySegmentName="seg_0" name="BACL_BACTL_FK">
<sourceConnName>nyecdrbk maxdat</sourceConnName>
<sourceObjSchema>MAXDAT</sourceObjSchema>
<sourceObjName>BACL_BACTL_FK</sourceObjName>
<createdBy>50472</createdBy>
<createdTime>2013-08-08 16:19:10 UTC</createdTime>
<ownerDesignName>BPM_Event_data_model_diagram</ownerDesignName>
<containerWithKeyObject>A89A1E58-3158-86D1-F39C-F09804666E53</containerWithKeyObject>
<deleteRule>NO ACTION</deleteRule>
<localFKIndex>167E1D2B-601D-3200-4FD6-59C077787FAC</localFKIndex>
<keyObject>4E36D65F-2DA6-BB05-8A9D-031A290DF472</keyObject>
<mandatory>true</mandatory>
<transferable>true</transferable>
</FKIndexAssociation>