<?xml version = '1.0' encoding = 'UTF-8'?>
<FKIndexAssociation class="oracle.dbtools.crest.model.design.relational.FKIndexAssociation" id="805F4562-8639-4708-F7B8-D189204EBD5F" directorySegmentName="seg_0" name="BSL_BSTL_FK">
<sourceConnName>nyecdrbk maxdat</sourceConnName>
<sourceObjSchema>MAXDAT</sourceObjSchema>
<sourceObjName>BSL_BSTL_FK</sourceObjName>
<createdBy>50472</createdBy>
<createdTime>2013-08-08 16:19:10 UTC</createdTime>
<ownerDesignName>BPM_Event_data_model_diagram</ownerDesignName>
<containerWithKeyObject>25F35553-9BEB-7AFC-75D1-1E7362B5E30C</containerWithKeyObject>
<deleteRule>NO ACTION</deleteRule>
<localFKIndex>C5606926-9004-978A-C3F0-91DE8C7A6F0B</localFKIndex>
<keyObject>7F57197F-FBA6-D007-D782-C6713953C8D5</keyObject>
<mandatory>true</mandatory>
<transferable>true</transferable>
</FKIndexAssociation>