<?xml version = '1.0' encoding = 'UTF-8'?>
<FKIndexAssociation class="oracle.dbtools.crest.model.design.relational.FKIndexAssociation" id="8593582B-4C69-C218-B998-F14488CFDDC8" directorySegmentName="seg_0" name="BACA_BACL_FK">
<sourceConnName>nyecdrbk maxdat</sourceConnName>
<sourceObjSchema>MAXDAT</sourceObjSchema>
<sourceObjName>BACA_BACL_FK</sourceObjName>
<createdBy>50472</createdBy>
<createdTime>2013-08-08 16:19:10 UTC</createdTime>
<ownerDesignName>BPM_Event_data_model_diagram</ownerDesignName>
<containerWithKeyObject>8E071099-307C-A79A-901E-4332B33DA2C8</containerWithKeyObject>
<deleteRule>NO ACTION</deleteRule>
<localFKIndex>B8EB5BB9-2154-5597-6803-1C39D3A22856</localFKIndex>
<keyObject>9AC00151-AA63-6C28-F29A-8DE7A68333B9</keyObject>
<mandatory>true</mandatory>
<transferable>true</transferable>
</FKIndexAssociation>