<?xml version = '1.0' encoding = 'UTF-8'?>
<FKIndexAssociation class="oracle.dbtools.crest.model.design.relational.FKIndexAssociation" id="8B1E15C8-22DC-A2FE-527F-09C4BB0C072D" directorySegmentName="seg_0" name="BPF_CUR_BACA_FK">
<sourceConnName>nyecdrbk maxdat</sourceConnName>
<sourceObjSchema>MAXDAT</sourceObjSchema>
<sourceObjName>BPF_CUR_BACA_FK</sourceObjName>
<createdBy>50472</createdBy>
<createdTime>2013-08-08 16:19:10 UTC</createdTime>
<ownerDesignName>BPM_Event_data_model_diagram</ownerDesignName>
<containerWithKeyObject>95F8A368-3186-606C-DD67-748509BD232C</containerWithKeyObject>
<deleteRule>NO ACTION</deleteRule>
<localFKIndex>B16A63ED-9FE4-3F90-3E08-2A273FFF36D7</localFKIndex>
<keyObject>054621B5-D7A4-2312-3F81-5B2DEBC74D94</keyObject>
<mandatory>true</mandatory>
<transferable>true</transferable>
</FKIndexAssociation>