<?xml version = '1.0' encoding = 'UTF-8'?>
<FKIndexAssociation class="oracle.dbtools.crest.model.design.relational.FKIndexAssociation" id="9AC62150-727B-39FD-3A22-D1F9EFE0462C" directorySegmentName="seg_0" name="PBQJB_PBQJ_ID_FK">
<sourceConnName>nyecdrbk maxdat</sourceConnName>
<sourceObjSchema>MAXDAT</sourceObjSchema>
<sourceObjName>PBQJB_PBQJ_ID_FK</sourceObjName>
<createdBy>50472</createdBy>
<createdTime>2013-08-08 21:48:44 UTC</createdTime>
<ownerDesignName>BPM_Event_data_model_diagram</ownerDesignName>
<importedID>2589204B-23CB-D7B9-A7EB-A13621C0C20A</importedID>
<containerWithKeyObject>54503BC2-5A96-C830-CA04-0DE4C80BEA7A</containerWithKeyObject>
<deleteRule>NO ACTION</deleteRule>
<localFKIndex>6C0F2326-9D60-46E5-5D52-4997CC858754</localFKIndex>
<keyObject>F6BC5047-474B-1B06-DBE1-0DB8009657F0</keyObject>
<mandatory>true</mandatory>
<transferable>true</transferable>
</FKIndexAssociation>