<?xml version = '1.0' encoding = 'UTF-8'?>
<FKIndexAssociation class="oracle.dbtools.crest.model.design.relational.FKIndexAssociation" id="B381B697-5C8C-58B8-76C3-F3976B01A5B7" directorySegmentName="seg_0" name="BEM_BPRJ_FK">
<sourceConnName>nyecdrbk maxdat</sourceConnName>
<sourceObjSchema>MAXDAT</sourceObjSchema>
<sourceObjName>BEM_BPRJ_FK</sourceObjName>
<createdBy>50472</createdBy>
<createdTime>2013-08-08 16:19:10 UTC</createdTime>
<ownerDesignName>BPM_Event_data_model_diagram</ownerDesignName>
<containerWithKeyObject>C6B39CCA-D764-1386-B89B-A724D5E6E745</containerWithKeyObject>
<deleteRule>NO ACTION</deleteRule>
<localFKIndex>528F727D-DC2A-AAE9-F64D-6D93B5B85E67</localFKIndex>
<keyObject>37D36939-A3B9-1A18-76A9-A40EA8B3D6A8</keyObject>
<mandatory>true</mandatory>
<transferable>true</transferable>
</FKIndexAssociation>