<?xml version = '1.0' encoding = 'UTF-8'?>
<FKIndexAssociation class="oracle.dbtools.crest.model.design.relational.FKIndexAssociation" id="C242BE48-3D4F-A8CE-6450-8569095A0BF8" directorySegmentName="seg_0" name="BAST_BA_FK">
<sourceConnName>nyecdrbk maxdat</sourceConnName>
<sourceObjSchema>MAXDAT</sourceObjSchema>
<sourceObjName>BAST_BA_FK</sourceObjName>
<createdBy>50472</createdBy>
<createdTime>2013-08-08 21:48:44 UTC</createdTime>
<ownerDesignName>BPM_Event_data_model_diagram</ownerDesignName>
<importedID>EF9D88D5-7DDB-EE23-7AFD-E79E761B7669</importedID>
<containerWithKeyObject>F8AE0F02-90C9-50BB-611B-9E9F673BB1CF</containerWithKeyObject>
<deleteRule>NO ACTION</deleteRule>
<localFKIndex>FCB06E75-A16A-A1FA-2B18-59CC9ADB5FFC</localFKIndex>
<keyObject>021A6F03-4972-2CE5-2A10-1C80E959501A</keyObject>
<mandatory>true</mandatory>
<transferable>true</transferable>
</FKIndexAssociation>