<?xml version = '1.0' encoding = 'UTF-8'?>
<FKIndexAssociation class="oracle.dbtools.crest.model.design.relational.FKIndexAssociation" id="C2ABBEC4-1677-CE95-0CD5-23530B459978" directorySegmentName="seg_0" name="BEM_BRL_FK">
<sourceConnName>nyecdrbk maxdat</sourceConnName>
<sourceObjSchema>MAXDAT</sourceObjSchema>
<sourceObjName>BEM_BRL_FK</sourceObjName>
<createdBy>50472</createdBy>
<createdTime>2013-08-08 16:19:10 UTC</createdTime>
<ownerDesignName>BPM_Event_data_model_diagram</ownerDesignName>
<containerWithKeyObject>C6B39CCA-D764-1386-B89B-A724D5E6E745</containerWithKeyObject>
<deleteRule>NO ACTION</deleteRule>
<localFKIndex>C8940B2B-ABC6-2E69-15A2-C0DE76059B9C</localFKIndex>
<keyObject>93475FF5-303A-D4EA-B90A-C12F82A7297C</keyObject>
<mandatory>true</mandatory>
<transferable>true</transferable>
</FKIndexAssociation>