<?xml version = '1.0' encoding = 'UTF-8'?>
<FKIndexAssociation class="oracle.dbtools.crest.model.design.relational.FKIndexAssociation" id="C89B769B-90C7-B151-F5F1-629B94178AD0" directorySegmentName="seg_0" name="BI_BIL_FK">
<sourceConnName>nyecdrbk maxdat</sourceConnName>
<sourceObjSchema>MAXDAT</sourceObjSchema>
<sourceObjName>BI_BIL_FK</sourceObjName>
<createdBy>50472</createdBy>
<createdTime>2013-08-08 16:19:10 UTC</createdTime>
<ownerDesignName>BPM_Event_data_model_diagram</ownerDesignName>
<containerWithKeyObject>AA6AF9CE-2CB3-986C-CE3E-E17DB5B80CFC</containerWithKeyObject>
<deleteRule>NO ACTION</deleteRule>
<localFKIndex>57851C6E-100C-1A16-1071-A07CCC3231E9</localFKIndex>
<keyObject>2B5456D6-9CBF-B42C-0FD7-A02EF81C6EEB</keyObject>
<mandatory>true</mandatory>
<transferable>true</transferable>
</FKIndexAssociation>