<?xml version = '1.0' encoding = 'UTF-8'?>
<FKIndexAssociation class="oracle.dbtools.crest.model.design.relational.FKIndexAssociation" id="D5E60C6D-D0FE-1DA8-DF32-2DFF49A8F076" directorySegmentName="seg_0" name="BIA_BUE_FK">
<sourceConnName>nyecdrbk maxdat</sourceConnName>
<sourceObjSchema>MAXDAT</sourceObjSchema>
<sourceObjName>BIA_BUE_FK</sourceObjName>
<createdBy>50472</createdBy>
<createdTime>2013-08-08 16:19:10 UTC</createdTime>
<ownerDesignName>BPM_Event_data_model_diagram</ownerDesignName>
<containerWithKeyObject>ED6453DC-BD0C-6056-32CF-3C36292B1667</containerWithKeyObject>
<deleteRule>NO ACTION</deleteRule>
<localFKIndex>AAC8E3E6-C89E-BB66-D60B-15E8D8A644D2</localFKIndex>
<keyObject>DA4CE8CF-B572-747B-18E8-E75B886E9F81</keyObject>
<mandatory>true</mandatory>
<transferable>true</transferable>
</FKIndexAssociation>