<?xml version = '1.0' encoding = 'UTF-8'?>
<FKIndexAssociation class="oracle.dbtools.crest.model.design.relational.FKIndexAssociation" id="D6BBCB28-A500-9908-62BB-A3FFBE6F1337" directorySegmentName="seg_0" name="BPF_COMP_REQ_BACA_FK">
<sourceConnName>nyecdrbk maxdat</sourceConnName>
<sourceObjSchema>MAXDAT</sourceObjSchema>
<sourceObjName>BPF_COMP_REQ_BACA_FK</sourceObjName>
<createdBy>50472</createdBy>
<createdTime>2013-08-08 16:19:10 UTC</createdTime>
<ownerDesignName>BPM_Event_data_model_diagram</ownerDesignName>
<containerWithKeyObject>95F8A368-3186-606C-DD67-748509BD232C</containerWithKeyObject>
<deleteRule>NO ACTION</deleteRule>
<localFKIndex>ECBD27EB-674A-BC16-BCED-F4A0AAD3A4B8</localFKIndex>
<keyObject>054621B5-D7A4-2312-3F81-5B2DEBC74D94</keyObject>
<mandatory>true</mandatory>
<transferable>true</transferable>
</FKIndexAssociation>