<?xml version = '1.0' encoding = 'UTF-8'?>
<FKIndexAssociation class="oracle.dbtools.crest.model.design.relational.FKIndexAssociation" id="DA980740-0B26-9E65-F4E2-75C1AEAB003E" directorySegmentName="seg_0" name="PBQJ_START_REASON_ID_FK">
<sourceConnName>nyecdrbk maxdat</sourceConnName>
<sourceObjSchema>MAXDAT</sourceObjSchema>
<sourceObjName>PBQJ_START_REASON_ID_FK</sourceObjName>
<createdBy>50472</createdBy>
<createdTime>2013-08-08 16:19:10 UTC</createdTime>
<ownerDesignName>BPM_Event_data_model_diagram</ownerDesignName>
<containerWithKeyObject>16AB0FE5-76B1-E810-B282-7726DCB813AB</containerWithKeyObject>
<deleteRule>NO ACTION</deleteRule>
<localFKIndex>48455656-B38C-CEBF-A004-60F6B71BB9FC</localFKIndex>
<keyObject>204577F1-5A21-E02C-166E-E7B8A1248E76</keyObject>
<mandatory>false</mandatory>
<transferable>true</transferable>
</FKIndexAssociation>