<?xml version = '1.0' encoding = 'UTF-8'?>
<FKIndexAssociation class="oracle.dbtools.crest.model.design.relational.FKIndexAssociation" id="E16F1FBB-3E83-F397-566F-10D74EC70DA3" directorySegmentName="seg_0" name="BACE_BACETL_FK">
<sourceConnName>nyecdrbk maxdat</sourceConnName>
<sourceObjSchema>MAXDAT</sourceObjSchema>
<sourceObjName>BACE_BACETL_FK</sourceObjName>
<createdBy>50472</createdBy>
<createdTime>2013-08-08 16:19:10 UTC</createdTime>
<ownerDesignName>BPM_Event_data_model_diagram</ownerDesignName>
<containerWithKeyObject>AB2E5589-C2AE-5212-556A-5EE24D398D91</containerWithKeyObject>
<deleteRule>NO ACTION</deleteRule>
<localFKIndex>D6A6FF62-1BD8-4F0D-1DDD-7CDDFDF59121</localFKIndex>
<keyObject>7E80142C-6752-A0E9-B1A3-0EF9EF202C63</keyObject>
<mandatory>true</mandatory>
<transferable>true</transferable>
</FKIndexAssociation>