<?xml version = '1.0' encoding = 'UTF-8'?>
<FKIndexAssociation class="oracle.dbtools.crest.model.design.relational.FKIndexAssociation" id="E540CC05-F37D-829B-4E26-D38ACA73F1C7" directorySegmentName="seg_0" name="PBQJ_BDM_ID_CK">
<sourceConnName>nyecdrbk maxdat</sourceConnName>
<sourceObjSchema>MAXDAT</sourceObjSchema>
<sourceObjName>PBQJ_BDM_ID_CK</sourceObjName>
<createdBy>50472</createdBy>
<createdTime>2013-08-08 16:19:10 UTC</createdTime>
<ownerDesignName>BPM_Event_data_model_diagram</ownerDesignName>
<containerWithKeyObject>16AB0FE5-76B1-E810-B282-7726DCB813AB</containerWithKeyObject>
<deleteRule>NO ACTION</deleteRule>
<localFKIndex>027BD6AA-1CA4-D9CB-D51B-B5C79646F7AD</localFKIndex>
<keyObject>14DB033A-937A-70FF-FB81-37155C144980</keyObject>
<mandatory>false</mandatory>
<transferable>true</transferable>
</FKIndexAssociation>