<?xml version = '1.0' encoding = 'UTF-8'?>
<FKIndexAssociation class="oracle.dbtools.crest.model.design.relational.FKIndexAssociation" id="E8CEB751-B52F-35A3-DD37-C13DFC578519" directorySegmentName="seg_0" name="BACE_BI_FK">
<sourceConnName>nyecdrbk maxdat</sourceConnName>
<sourceObjSchema>MAXDAT</sourceObjSchema>
<sourceObjName>BACE_BI_FK</sourceObjName>
<createdBy>50472</createdBy>
<createdTime>2013-08-08 16:19:10 UTC</createdTime>
<ownerDesignName>BPM_Event_data_model_diagram</ownerDesignName>
<containerWithKeyObject>AB2E5589-C2AE-5212-556A-5EE24D398D91</containerWithKeyObject>
<deleteRule>NO ACTION</deleteRule>
<localFKIndex>F4862E46-5B11-214F-ABC8-FE4E6560C3EA</localFKIndex>
<keyObject>32B2B6B7-75BF-5488-3FE4-254544CF776E</keyObject>
<mandatory>true</mandatory>
<transferable>true</transferable>
</FKIndexAssociation>