<?xml version = '1.0' encoding = 'UTF-8'?>
<FKIndexAssociation class="oracle.dbtools.crest.model.design.relational.FKIndexAssociation" id="EB95C01E-F672-D0B5-015D-3121B54B9E8A" directorySegmentName="seg_0" name="BA_BEM_FK">
<sourceConnName>nyecdrbk maxdat</sourceConnName>
<sourceObjSchema>MAXDAT</sourceObjSchema>
<sourceObjName>BA_BEM_FK</sourceObjName>
<createdBy>50472</createdBy>
<createdTime>2013-08-08 16:19:10 UTC</createdTime>
<ownerDesignName>BPM_Event_data_model_diagram</ownerDesignName>
<containerWithKeyObject>F9191379-A633-15D4-112E-17E3CB31A468</containerWithKeyObject>
<deleteRule>NO ACTION</deleteRule>
<localFKIndex>335CD76E-B842-6FE7-6558-F425FC20F2EF</localFKIndex>
<keyObject>B6FE5EA1-1B28-0325-3344-120CDCFF1784</keyObject>
<mandatory>true</mandatory>
<transferable>true</transferable>
</FKIndexAssociation>