<?xml version = '1.0' encoding = 'UTF-8'?>
<FKIndexAssociation class="oracle.dbtools.crest.model.design.relational.FKIndexAssociation" id="ECC18FF0-152B-D20F-A42B-31AD0F4C131B" directorySegmentName="seg_0" name="BEM_BPROL_FK">
<sourceConnName>nyecdrbk maxdat</sourceConnName>
<sourceObjSchema>MAXDAT</sourceObjSchema>
<sourceObjName>BEM_BPROL_FK</sourceObjName>
<createdBy>50472</createdBy>
<createdTime>2013-08-08 20:14:06 UTC</createdTime>
<ownerDesignName>BPM_Event_data_model_diagram</ownerDesignName>
<importedID>501713C1-8171-E8F5-5B75-9E7AF21D2F82</importedID>
<containerWithKeyObject>C6B39CCA-D764-1386-B89B-A724D5E6E745</containerWithKeyObject>
<deleteRule>NO ACTION</deleteRule>
<localFKIndex>6FD598AE-BCA9-9CA1-C542-03479CF6EF83</localFKIndex>
<keyObject>5E21155F-A2AD-1269-5AF1-5762B77E27B7</keyObject>
<mandatory>true</mandatory>
<transferable>true</transferable>
</FKIndexAssociation>