<?xml version = '1.0' encoding = 'UTF-8'?>
<FKIndexAssociation class="oracle.dbtools.crest.model.design.relational.FKIndexAssociation" id="F9A069A2-C8A0-729E-723A-7556B942669F" directorySegmentName="seg_0" name="PBQJ_BSL_ID_FK">
<sourceConnName>nyecdrbk maxdat</sourceConnName>
<sourceObjSchema>MAXDAT</sourceObjSchema>
<sourceObjName>PBQJ_BSL_ID_FK</sourceObjName>
<createdBy>50472</createdBy>
<createdTime>2013-08-08 16:19:10 UTC</createdTime>
<ownerDesignName>BPM_Event_data_model_diagram</ownerDesignName>
<containerWithKeyObject>16AB0FE5-76B1-E810-B282-7726DCB813AB</containerWithKeyObject>
<deleteRule>NO ACTION</deleteRule>
<localFKIndex>C84FA103-DAA1-8055-3FFC-A22DE908DC2E</localFKIndex>
<keyObject>B5CFD43A-0CA1-9078-5DAB-54780777795C</keyObject>
<mandatory>false</mandatory>
<transferable>true</transferable>
</FKIndexAssociation>