<?xml version = '1.0' encoding = 'UTF-8'?>
<StructuredType class="oracle.dbtools.crest.model.design.datatypes.StructuredType" name="SDO_GEOMETRY" id="47E390DE-0671-C4B1-8428-0F45CBEE18F8" directorySegmentName="seg_0">
<createdBy>ro38606</createdBy>
<createdTime>2013-05-07 16:41:48 UTC</createdTime>
<ownerDesignName>NYEC_BPM_Semantic_data_model_diagram</ownerDesignName>
<visible>false</visible>
<predefined>true</predefined>
<final>false</final>
<instantiable>true</instantiable>
<fonts itemClass="oracle.dbtools.crest.model.design.FontObjectWr">
<FontObject>
<foType>Title</foType>
<fontStyle>1</fontStyle>
<colorRGB>-16776961</colorRGB>
</FontObject>
<FontObject>
<foType>Attribute</foType>
<colorRGB>-16777216</colorRGB>
</FontObject>
<FontObject>
<foType>Datatype</foType>
<colorRGB>-16777056</colorRGB>
</FontObject>
<FontObject>
<foType>Method</foType>
<colorRGB>-16777216</colorRGB>
</FontObject>
<FontObject>
<foType>Not Instantiable</foType>
<colorRGB>-65536</colorRGB>
</FontObject>
<FontObject>
<foType>Mandatory</foType>
<colorRGB>-65536</colorRGB>
</FontObject>
</fonts>
</StructuredType>