<?xml version = '1.0' encoding = 'UTF-8'?>
<UserSqlServerv2k5 class="oracle.dbtools.crest.model.design.storage.sqlserver.v2k5.UserSqlServerv2k5" directorySegmentName="seg_0" id="10FE6147-A845-3D71-743C-15C9AF415675_dbo" name="dbo">
<createdBy>50472</createdBy>
<createdTime>2014-11-18 22:00:55 UTC</createdTime>
<ownerDesignName>Manage_Work_V2_data_model_diagram</ownerDesignName>
<nullInstance>true</nullInstance>
<storableNullInstance>true</storableNullInstance>
<database>10FE6147-A845-3D71-743C-15C9AF415675</database>
</UserSqlServerv2k5>