<?xml version = '1.0' encoding = 'UTF-8'?>
<StorageDesignOraclev11g class="oracle.dbtools.crest.model.design.storage.oracle.v11g.StorageDesignOraclev11g" name="Oracle Database 11g" id="DD26F3A8-A541-8D01-0EE4-82D7A86C452C">
<createdBy>50472</createdBy>
<createdTime>2013-08-08 16:15:39 UTC</createdTime>
<ownerDesignName>BPM_Event_data_model_diagram</ownerDesignName>
<siteID>32076570-2523-435C-2E92-BF29817DFF70</siteID>
<siteName>Oracle Database 11g</siteName>
<siteType>9</siteType>
</StorageDesignOraclev11g>