<?xml version = '1.0' encoding = 'UTF-8'?>
<TableSpaceOraclev10g class="oracle.dbtools.crest.model.design.storage.oracle.v10g.TableSpaceOraclev10g" name="MAXDAT_DATA" id="ED71B489-8CBD-3CCE-5B50-21489D07961E" directorySegmentName="seg_0">
<sourceConnName>nyecdrbk maxdat</sourceConnName>
<sourceObjName>MAXDAT_DATA</sourceObjName>
<createdBy>50472</createdBy>
<createdTime>2013-08-08 16:19:06 UTC</createdTime>
<ownerDesignName>BPM_Event_data_model_diagram</ownerDesignName>
<dsInitialExtent>65536</dsInitialExtent>
<dsMaxExtents>2147483645</dsMaxExtents>
<emUniformSize>0</emUniformSize>
<extentManagement>LOCAL</extentManagement>
<minExtLen>65536</minExtLen>
<dsCompression>NOCOMPRESS</dsCompression>
<fileType>SMALLFILE</fileType>
</TableSpaceOraclev10g>