<?xml version = '1.0' encoding = 'UTF-8'?>
<FKIndexAssociation class="oracle.dbtools.crest.model.design.relational.FKIndexAssociation" directorySegmentName="seg_0" id="066F7E18-6C14-3511-09CC-69860B1B801B" name="FPIBD_DPIES_FK">
<sourceConnName>TX_MAXDAT_PROD</sourceConnName>
<sourceObjSchema>MAXDAT</sourceObjSchema>
<sourceObjName>FPIBD_DPIES_FK</sourceObjName>
<createdBy>mb56142</createdBy>
<createdTime>2014-06-25 02:06:14 UTC</createdTime>
<ownerDesignName>TXEB_BPM_Semantic_data_model_diagram</ownerDesignName>
<containerWithKeyObject>5F4CC6EB-7315-276C-43F2-707E3942790B</containerWithKeyObject>
<deleteRule>NO ACTION</deleteRule>
<localFKIndex>4FCE2225-AE13-9E98-2796-9FCAF771EA53</localFKIndex>
<keyObject>8DEA20AD-900E-B7B0-8753-ADA8523CA912</keyObject>
<mandatory>true</mandatory>
<transferable>true</transferable>
<columnDependencyConstraintGenerateInDDL>true</columnDependencyConstraintGenerateInDDL>
</FKIndexAssociation>