<?xml version = '1.0' encoding = 'UTF-8'?>
<FKIndexAssociation class="oracle.dbtools.crest.model.design.relational.FKIndexAssociation" directorySegmentName="seg_0" id="14398025-43F2-2D80-2005-68C8D26D9C6A" name="FIMJBD_DIMJCUR_FK">
<createdBy>mb56142</createdBy>
<createdTime>2014-06-24 16:22:26 UTC</createdTime>
<ownerDesignName>TXEB_BPM_Semantic_data_model_diagram</ownerDesignName>
<containerWithKeyObject>CDB2F369-DC41-5333-A6DD-10C38F173F90</containerWithKeyObject>
<deleteRule>NO ACTION</deleteRule>
<localFKIndex>FB20C030-DE21-8F82-9FDD-4FB0E312D954</localFKIndex>
<keyObject>C08B35E2-BDB7-15AA-2969-66E8A3CA595D</keyObject>
<mandatory>true</mandatory>
<transferable>true</transferable>
<columnDependencyConstraintGenerateInDDL>true</columnDependencyConstraintGenerateInDDL>
</FKIndexAssociation>