<?xml version = '1.0' encoding = 'UTF-8'?>
<FKIndexAssociation class="oracle.dbtools.crest.model.design.relational.FKIndexAssociation" directorySegmentName="seg_0" id="1887B4BE-D86D-3EC8-E2D5-352F1658EAA9" name="FCORBD_DCORCUR_FK">
<sourceConnName>TX_MAXDAT_PROD</sourceConnName>
<sourceObjSchema>MAXDAT</sourceObjSchema>
<sourceObjName>FCORBD_DCORCUR_FK</sourceObjName>
<createdBy>mb56142</createdBy>
<createdTime>2014-06-24 01:55:46 UTC</createdTime>
<ownerDesignName>TXEB_BPM_Semantic_data_model_diagram</ownerDesignName>
<containerWithKeyObject>D97DF76F-121A-66D2-472D-49296E0956FA</containerWithKeyObject>
<deleteRule>NO ACTION</deleteRule>
<localFKIndex>0CF7F1F4-8F14-652A-C3D1-A4B9B1A9911F</localFKIndex>
<keyObject>BCFEE2C6-5997-39D6-6594-BA178E731521</keyObject>
<mandatory>true</mandatory>
<transferable>true</transferable>
<columnDependencyConstraintGenerateInDDL>true</columnDependencyConstraintGenerateInDDL>
</FKIndexAssociation>