<?xml version = '1.0' encoding = 'UTF-8'?>
<FKIndexAssociation class="oracle.dbtools.crest.model.design.relational.FKIndexAssociation" directorySegmentName="seg_0" id="1F36DF11-AE55-45BE-4049-777253390952" name="FIMJBD_DIMJLUB_FK">
<sourceConnName>TX_MAXDAT_PROD</sourceConnName>
<sourceObjSchema>MAXDAT</sourceObjSchema>
<sourceObjName>FIMJBD_DIMJLUB_FK</sourceObjName>
<createdBy>mb56142</createdBy>
<createdTime>2014-06-24 16:21:34 UTC</createdTime>
<ownerDesignName>TXEB_BPM_Semantic_data_model_diagram</ownerDesignName>
<containerWithKeyObject>CDB2F369-DC41-5333-A6DD-10C38F173F90</containerWithKeyObject>
<deleteRule>NO ACTION</deleteRule>
<localFKIndex>E9CF8C3B-6AF1-08F4-963C-B6433F343532</localFKIndex>
<keyObject>774533F1-185C-CDC4-7EDB-956BF7E43F34</keyObject>
<mandatory>true</mandatory>
<transferable>true</transferable>
<columnDependencyConstraintGenerateInDDL>true</columnDependencyConstraintGenerateInDDL>
</FKIndexAssociation>