<?xml version = '1.0' encoding = 'UTF-8'?>
<FKIndexAssociation class="oracle.dbtools.crest.model.design.relational.FKIndexAssociation" directorySegmentName="seg_0" id="378C6E04-7DF3-69A2-7A8A-8369E490C90E" name="FMWBD_DMWTT_FK">
<createdBy>mb56142</createdBy>
<createdTime>2014-06-24 02:11:24 UTC</createdTime>
<ownerDesignName>TXEB_BPM_Semantic_data_model_diagram</ownerDesignName>
<containerWithKeyObject>3B782934-5669-F921-29A6-5B22CBD2DAFA</containerWithKeyObject>
<deleteRule>NO ACTION</deleteRule>
<localFKIndex>61E7F77E-55A6-EADF-BA30-2DCB9BE241C9</localFKIndex>
<keyObject>EE2F65A9-890E-CCC5-76F3-79034B069A7E</keyObject>
<mandatory>true</mandatory>
<transferable>true</transferable>
<columnDependencyConstraintGenerateInDDL>true</columnDependencyConstraintGenerateInDDL>
</FKIndexAssociation>