<?xml version = '1.0' encoding = 'UTF-8'?>
<FKIndexAssociation class="oracle.dbtools.crest.model.design.relational.FKIndexAssociation" directorySegmentName="seg_0" id="3B71C3B2-8342-97C3-F812-DAB04FE35589" name="FPIBD_DPIIS_FK">
<sourceConnName>TX_MAXDAT_PROD</sourceConnName>
<sourceObjSchema>MAXDAT</sourceObjSchema>
<sourceObjName>FPIBD_DPIIS_FK</sourceObjName>
<createdBy>mb56142</createdBy>
<createdTime>2014-06-25 02:06:14 UTC</createdTime>
<ownerDesignName>TXEB_BPM_Semantic_data_model_diagram</ownerDesignName>
<containerWithKeyObject>5F4CC6EB-7315-276C-43F2-707E3942790B</containerWithKeyObject>
<deleteRule>NO ACTION</deleteRule>
<localFKIndex>B03A14AD-46B6-0CE7-5C4A-13E8C10AB07A</localFKIndex>
<keyObject>9140B9AE-F121-D5F5-7C27-764614BD42EA</keyObject>
<mandatory>true</mandatory>
<transferable>true</transferable>
<columnDependencyConstraintGenerateInDDL>true</columnDependencyConstraintGenerateInDDL>
</FKIndexAssociation>