<?xml version = '1.0' encoding = 'UTF-8'?>
<FKIndexAssociation class="oracle.dbtools.crest.model.design.relational.FKIndexAssociation" directorySegmentName="seg_0" id="3CA4C6D9-44AD-95DA-07E6-FDEE002C535D" name="FPLBD_DPLCUR_FK">
<sourceConnName>TX_MAXDAT_PROD</sourceConnName>
<sourceObjSchema>MAXDAT</sourceObjSchema>
<sourceObjName>FPLBD_DPLCUR_FK</sourceObjName>
<createdBy>mb56142</createdBy>
<createdTime>2014-06-24 19:31:12 UTC</createdTime>
<ownerDesignName>TXEB_BPM_Semantic_data_model_diagram</ownerDesignName>
<containerWithKeyObject>DAA57FEE-A1B7-8497-465A-26D9C652B862</containerWithKeyObject>
<deleteRule>NO ACTION</deleteRule>
<localFKIndex>68C60487-94F3-B55E-8963-9FD0724C7826</localFKIndex>
<keyObject>B736D72E-A6B8-9534-BF5B-6287786756FA</keyObject>
<mandatory>true</mandatory>
<transferable>true</transferable>
<columnDependencyConstraintGenerateInDDL>true</columnDependencyConstraintGenerateInDDL>
</FKIndexAssociation>