<?xml version = '1.0' encoding = 'UTF-8'?>
<FKIndexAssociation class="oracle.dbtools.crest.model.design.relational.FKIndexAssociation" directorySegmentName="seg_0" id="3FE82887-870C-7CC1-F46B-A4F9A4ED3821" name="FCMORBD_DCMORCUR_FK">
<sourceConnName>TX_MAXDAT_PROD</sourceConnName>
<sourceObjSchema>MAXDAT</sourceObjSchema>
<sourceObjName>FCMORBD_DCMORCUR_FK</sourceObjName>
<createdBy>mb56142</createdBy>
<createdTime>2014-06-24 01:29:31 UTC</createdTime>
<ownerDesignName>TXEB_BPM_Semantic_data_model_diagram</ownerDesignName>
<containerWithKeyObject>66854592-9AAF-AB1B-3CF5-9EA9D0A580B3</containerWithKeyObject>
<deleteRule>NO ACTION</deleteRule>
<localFKIndex>8ED69475-FAA1-B60A-756E-C9E523EE6C77</localFKIndex>
<keyObject>A15AC3EF-C6F6-6A25-7768-1E6860F746DD</keyObject>
<mandatory>true</mandatory>
<transferable>true</transferable>
<columnDependencyConstraintGenerateInDDL>true</columnDependencyConstraintGenerateInDDL>
</FKIndexAssociation>