<?xml version = '1.0' encoding = 'UTF-8'?>
<FKIndexAssociation class="oracle.dbtools.crest.model.design.relational.FKIndexAssociation" directorySegmentName="seg_0" id="45E31D60-87AD-C5F2-9173-59A145C03B7D" name="FMEBD_ID_FK">
<sourceConnName>TX_MAXDAT_PROD</sourceConnName>
<sourceObjSchema>MAXDAT</sourceObjSchema>
<sourceObjName>FMEBD_ID_FK</sourceObjName>
<createdBy>mb56142</createdBy>
<createdTime>2014-06-24 02:17:41 UTC</createdTime>
<ownerDesignName>TXEB_BPM_Semantic_data_model_diagram</ownerDesignName>
<containerWithKeyObject>75CCF750-403B-C96E-E25C-5A1390E42C30</containerWithKeyObject>
<deleteRule>NO ACTION</deleteRule>
<localFKIndex>E13EF680-D2BD-49FB-2B0A-DB50DC4715AB</localFKIndex>
<keyObject>57D14C08-5121-7854-BF31-A7FB4D3EF0F6</keyObject>
<mandatory>true</mandatory>
<transferable>true</transferable>
<columnDependencyConstraintGenerateInDDL>true</columnDependencyConstraintGenerateInDDL>
</FKIndexAssociation>