<?xml version = '1.0' encoding = 'UTF-8'?>
<FKIndexAssociation class="oracle.dbtools.crest.model.design.relational.FKIndexAssociation" directorySegmentName="seg_0" id="47A1B251-3648-0615-4F21-CB78411618E4" name="FMEBD_DMECUR_FK">
<sourceConnName>TX_MAXDAT_PROD</sourceConnName>
<sourceObjSchema>MAXDAT</sourceObjSchema>
<sourceObjName>FMEBD_DMECUR_FK</sourceObjName>
<createdBy>mb56142</createdBy>
<createdTime>2014-06-24 02:17:41 UTC</createdTime>
<ownerDesignName>TXEB_BPM_Semantic_data_model_diagram</ownerDesignName>
<containerWithKeyObject>75CCF750-403B-C96E-E25C-5A1390E42C30</containerWithKeyObject>
<deleteRule>NO ACTION</deleteRule>
<localFKIndex>9554FFC3-BF1A-403E-1743-DC91AEAA4D2F</localFKIndex>
<keyObject>9CBECFED-E3FF-9579-7E98-039DFD9E8845</keyObject>
<mandatory>true</mandatory>
<transferable>true</transferable>
<columnDependencyConstraintGenerateInDDL>true</columnDependencyConstraintGenerateInDDL>
</FKIndexAssociation>