<?xml version = '1.0' encoding = 'UTF-8'?>
<FKIndexAssociation class="oracle.dbtools.crest.model.design.relational.FKIndexAssociation" directorySegmentName="seg_0" id="4EBA8A10-E9DE-4823-F811-1FDC77E0EA3E" name="FCORBD_DCORCI_FK">
<createdBy>mb56142</createdBy>
<createdTime>2014-06-24 02:01:37 UTC</createdTime>
<ownerDesignName>TXEB_BPM_Semantic_data_model_diagram</ownerDesignName>
<containerWithKeyObject>D97DF76F-121A-66D2-472D-49296E0956FA</containerWithKeyObject>
<deleteRule>NO ACTION</deleteRule>
<localFKIndex>635FA318-90B0-4B94-3239-2E3CF2EE7FB4</localFKIndex>
<keyObject>A90D0D17-8956-4E6C-AB74-CF0686337409</keyObject>
<mandatory>true</mandatory>
<transferable>true</transferable>
<columnDependencyConstraintGenerateInDDL>true</columnDependencyConstraintGenerateInDDL>
</FKIndexAssociation>