<?xml version = '1.0' encoding = 'UTF-8'?>
<FKIndexAssociation class="oracle.dbtools.crest.model.design.relational.FKIndexAssociation" directorySegmentName="seg_0" id="54032679-AE79-3D8C-F6DD-A4DF6A056A6C" name="FCORBD_DCORRS_FK">
<sourceConnName>TX_MAXDAT_PROD</sourceConnName>
<sourceObjSchema>MAXDAT</sourceObjSchema>
<sourceObjName>FCORBD_DCORRS_FK</sourceObjName>
<createdBy>mb56142</createdBy>
<createdTime>2014-06-24 01:55:46 UTC</createdTime>
<ownerDesignName>TXEB_BPM_Semantic_data_model_diagram</ownerDesignName>
<containerWithKeyObject>D97DF76F-121A-66D2-472D-49296E0956FA</containerWithKeyObject>
<deleteRule>NO ACTION</deleteRule>
<localFKIndex>BBBD7B29-604D-80FF-C000-8F24A9548940</localFKIndex>
<keyObject>A275C0D0-279D-FF54-FF02-E72946D49AFF</keyObject>
<mandatory>true</mandatory>
<transferable>true</transferable>
<columnDependencyConstraintGenerateInDDL>true</columnDependencyConstraintGenerateInDDL>
</FKIndexAssociation>