<?xml version = '1.0' encoding = 'UTF-8'?>
<FKIndexAssociation class="oracle.dbtools.crest.model.design.relational.FKIndexAssociation" directorySegmentName="seg_0" id="56848F03-7B91-0D5E-4DBE-42EA62CBA748" name="FPIBD_DPIJS_FK">
<sourceConnName>TX_MAXDAT_PROD</sourceConnName>
<sourceObjSchema>MAXDAT</sourceObjSchema>
<sourceObjName>FPIBD_DPIJS_FK</sourceObjName>
<createdBy>mb56142</createdBy>
<createdTime>2014-06-25 02:06:14 UTC</createdTime>
<ownerDesignName>TXEB_BPM_Semantic_data_model_diagram</ownerDesignName>
<containerWithKeyObject>5F4CC6EB-7315-276C-43F2-707E3942790B</containerWithKeyObject>
<deleteRule>NO ACTION</deleteRule>
<localFKIndex>5084E16A-77D9-671D-B4E3-9D4CB34B9228</localFKIndex>
<keyObject>D475938C-C3B1-49E3-DD43-F07D7FAD7F8E</keyObject>
<mandatory>true</mandatory>
<transferable>true</transferable>
<columnDependencyConstraintGenerateInDDL>true</columnDependencyConstraintGenerateInDDL>
</FKIndexAssociation>