<?xml version = '1.0' encoding = 'UTF-8'?>
<FKIndexAssociation class="oracle.dbtools.crest.model.design.relational.FKIndexAssociation" directorySegmentName="seg_0" id="5DC80E7A-4679-2042-7C1B-49D1545E8A27" name="FPLBD_DPLLS_FK">
<sourceConnName>TX_MAXDAT_PROD</sourceConnName>
<sourceObjSchema>MAXDAT</sourceObjSchema>
<sourceObjName>FPLBD_DPLLS_FK</sourceObjName>
<createdBy>mb56142</createdBy>
<createdTime>2014-06-24 19:31:13 UTC</createdTime>
<ownerDesignName>TXEB_BPM_Semantic_data_model_diagram</ownerDesignName>
<containerWithKeyObject>DAA57FEE-A1B7-8497-465A-26D9C652B862</containerWithKeyObject>
<deleteRule>NO ACTION</deleteRule>
<localFKIndex>4647E99C-C481-274A-E7BA-0D264B6E952B</localFKIndex>
<keyObject>724BE960-9E10-0744-CF24-974657566ECF</keyObject>
<mandatory>true</mandatory>
<transferable>true</transferable>
<columnDependencyConstraintGenerateInDDL>true</columnDependencyConstraintGenerateInDDL>
</FKIndexAssociation>