<?xml version = '1.0' encoding = 'UTF-8'?>
<FKIndexAssociation class="oracle.dbtools.crest.model.design.relational.FKIndexAssociation" directorySegmentName="seg_0" id="681C29B3-E4DF-384B-ACAE-F822D20AC0B5" name="FMWBD_DMWTS_FK">
<createdBy>mb56142</createdBy>
<createdTime>2014-06-24 02:09:37 UTC</createdTime>
<ownerDesignName>TXEB_BPM_Semantic_data_model_diagram</ownerDesignName>
<containerWithKeyObject>3B782934-5669-F921-29A6-5B22CBD2DAFA</containerWithKeyObject>
<deleteRule>NO ACTION</deleteRule>
<localFKIndex>19E2E776-00C6-57D5-E007-EB070513770D</localFKIndex>
<keyObject>DD4A2BEA-A51A-EEEF-B977-91342F14B420</keyObject>
<mandatory>true</mandatory>
<transferable>true</transferable>
<columnDependencyConstraintGenerateInDDL>true</columnDependencyConstraintGenerateInDDL>
</FKIndexAssociation>