<?xml version = '1.0' encoding = 'UTF-8'?>
<FKIndexAssociation class="oracle.dbtools.crest.model.design.relational.FKIndexAssociation" directorySegmentName="seg_0" id="8AF70B39-A976-48BB-F448-9DCC3C3ADE23" name="FPIBD_DPIUB_FK">
<createdBy>mb56142</createdBy>
<createdTime>2014-06-25 02:10:46 UTC</createdTime>
<ownerDesignName>TXEB_BPM_Semantic_data_model_diagram</ownerDesignName>
<containerWithKeyObject>5F4CC6EB-7315-276C-43F2-707E3942790B</containerWithKeyObject>
<deleteRule>NO ACTION</deleteRule>
<localFKIndex>CF05F87F-BF28-E3C1-EC20-A55ADF37F5C0</localFKIndex>
<keyObject>C255BF67-AF0E-F6BB-A4B5-735C0449216E</keyObject>
<mandatory>true</mandatory>
<transferable>true</transferable>
<columnDependencyConstraintGenerateInDDL>true</columnDependencyConstraintGenerateInDDL>
</FKIndexAssociation>