<?xml version = '1.0' encoding = 'UTF-8'?>
<FKIndexAssociation class="oracle.dbtools.crest.model.design.relational.FKIndexAssociation" directorySegmentName="seg_0" id="9BF38B09-DF93-B018-B4C4-8F8BA286BCEC" name="FMFDOCBD_DMFDOCCUR_FK">
<sourceConnName>TX_MAXDAT_PROD</sourceConnName>
<sourceObjSchema>MAXDAT</sourceObjSchema>
<sourceObjName>FMFDOCBD_DMFDOCCUR_FK</sourceObjName>
<createdBy>mb56142</createdBy>
<createdTime>2014-06-25 02:30:20 UTC</createdTime>
<ownerDesignName>TXEB_BPM_Semantic_data_model_diagram</ownerDesignName>
<containerWithKeyObject>0317F283-8229-0D6D-83D4-0622ED41084B</containerWithKeyObject>
<deleteRule>NO ACTION</deleteRule>
<localFKIndex>C2C756CB-8B05-A982-0B56-72A466AEF4FA</localFKIndex>
<keyObject>1D02FCBE-148F-331E-7E77-C4E1F492FBE2</keyObject>
<mandatory>true</mandatory>
<transferable>true</transferable>
<columnDependencyConstraintGenerateInDDL>true</columnDependencyConstraintGenerateInDDL>
</FKIndexAssociation>