<?xml version = '1.0' encoding = 'UTF-8'?>
<FKIndexAssociation class="oracle.dbtools.crest.model.design.relational.FKIndexAssociation" directorySegmentName="seg_0" id="A717C8C3-CFE5-F815-2DA3-BAA44AEAD117" name="FMFDOCBD_DMFDOCDT_FK">
<sourceConnName>TX_MAXDAT_PROD</sourceConnName>
<sourceObjSchema>MAXDAT</sourceObjSchema>
<sourceObjName>FMFDOCBD_DMFDOCDT_FK</sourceObjName>
<createdBy>mb56142</createdBy>
<createdTime>2014-06-25 02:30:20 UTC</createdTime>
<ownerDesignName>TXEB_BPM_Semantic_data_model_diagram</ownerDesignName>
<containerWithKeyObject>0317F283-8229-0D6D-83D4-0622ED41084B</containerWithKeyObject>
<deleteRule>NO ACTION</deleteRule>
<localFKIndex>B3144633-4C83-36A9-CE34-2F5833B6D22D</localFKIndex>
<keyObject>5672452C-3E20-1770-6760-05B54E73315D</keyObject>
<mandatory>false</mandatory>
<transferable>true</transferable>
<columnDependencyConstraintGenerateInDDL>true</columnDependencyConstraintGenerateInDDL>
</FKIndexAssociation>