<?xml version = '1.0' encoding = 'UTF-8'?>
<FKIndexAssociation class="oracle.dbtools.crest.model.design.relational.FKIndexAssociation" directorySegmentName="seg_0" id="B5447681-3295-EB2B-B093-5E81C37AA222" name="FMFDOCBD_DMFDOCTS_FK">
<sourceConnName>TX_MAXDAT_PROD</sourceConnName>
<sourceObjSchema>MAXDAT</sourceObjSchema>
<sourceObjName>FMFDOCBD_DMFDOCTS_FK</sourceObjName>
<createdBy>mb56142</createdBy>
<createdTime>2014-06-25 02:30:20 UTC</createdTime>
<ownerDesignName>TXEB_BPM_Semantic_data_model_diagram</ownerDesignName>
<containerWithKeyObject>0317F283-8229-0D6D-83D4-0622ED41084B</containerWithKeyObject>
<deleteRule>NO ACTION</deleteRule>
<localFKIndex>B83B6F71-E0AA-C5F3-56DA-237A26C9C4C5</localFKIndex>
<keyObject>A1A9E54C-1EBB-03D9-EDE9-6A17101E7BFB</keyObject>
<mandatory>true</mandatory>
<transferable>true</transferable>
<columnDependencyConstraintGenerateInDDL>true</columnDependencyConstraintGenerateInDDL>
</FKIndexAssociation>