<?xml version = '1.0' encoding = 'UTF-8'?>
<FKIndexAssociation class="oracle.dbtools.crest.model.design.relational.FKIndexAssociation" directorySegmentName="seg_0" id="B9053599-11F8-79BF-9A88-170D9A3F54B9" name="FMWBD_DMWO_FK">
<sourceConnName>TX_MAXDAT_PROD</sourceConnName>
<sourceObjSchema>MAXDAT</sourceObjSchema>
<sourceObjName>FMWBD_DMWO_FK</sourceObjName>
<createdBy>mb56142</createdBy>
<createdTime>2014-06-24 02:06:45 UTC</createdTime>
<ownerDesignName>TXEB_BPM_Semantic_data_model_diagram</ownerDesignName>
<containerWithKeyObject>3B782934-5669-F921-29A6-5B22CBD2DAFA</containerWithKeyObject>
<deleteRule>NO ACTION</deleteRule>
<localFKIndex>A03474E4-A104-5853-D320-5F0D757C9C78</localFKIndex>
<keyObject>95B4AB7D-1A7E-B23D-96D3-0730C3AB862E</keyObject>
<mandatory>true</mandatory>
<transferable>true</transferable>
<columnDependencyConstraintGenerateInDDL>true</columnDependencyConstraintGenerateInDDL>
</FKIndexAssociation>