<?xml version = '1.0' encoding = 'UTF-8'?>
<FKIndexAssociation class="oracle.dbtools.crest.model.design.relational.FKIndexAssociation" directorySegmentName="seg_0" id="BA966B53-8018-579A-A2D2-17B73844CD71" name="FMWBD_DMWE_FK">
<sourceConnName>TX_MAXDAT_PROD</sourceConnName>
<sourceObjSchema>MAXDAT</sourceObjSchema>
<sourceObjName>FMWBD_DMWE_FK</sourceObjName>
<createdBy>mb56142</createdBy>
<createdTime>2014-06-24 02:06:45 UTC</createdTime>
<ownerDesignName>TXEB_BPM_Semantic_data_model_diagram</ownerDesignName>
<containerWithKeyObject>3B782934-5669-F921-29A6-5B22CBD2DAFA</containerWithKeyObject>
<deleteRule>NO ACTION</deleteRule>
<localFKIndex>639F7C30-BDFE-F06C-89DE-7424BEAC02B2</localFKIndex>
<keyObject>743FCA05-E1DC-FE3A-A2AE-3E77B0DB8621</keyObject>
<mandatory>true</mandatory>
<transferable>true</transferable>
<columnDependencyConstraintGenerateInDDL>true</columnDependencyConstraintGenerateInDDL>
</FKIndexAssociation>