<?xml version = '1.0' encoding = 'UTF-8'?>
<FKIndexAssociation class="oracle.dbtools.crest.model.design.relational.FKIndexAssociation" directorySegmentName="seg_0" id="C6DC7E39-DE12-1353-A69C-C9E3165D09F2" name="FPIBD_DPICUR_FK">
<sourceConnName>TX_MAXDAT_PROD</sourceConnName>
<sourceObjSchema>MAXDAT</sourceObjSchema>
<sourceObjName>FPIBD_DPICUR_FK</sourceObjName>
<createdBy>mb56142</createdBy>
<createdTime>2014-06-25 02:06:14 UTC</createdTime>
<ownerDesignName>TXEB_BPM_Semantic_data_model_diagram</ownerDesignName>
<containerWithKeyObject>5F4CC6EB-7315-276C-43F2-707E3942790B</containerWithKeyObject>
<deleteRule>NO ACTION</deleteRule>
<localFKIndex>02D74ED4-EA1D-6B01-AE22-282AF15B7D4F</localFKIndex>
<keyObject>CED5242D-53B8-8191-A552-556C367D5DBA</keyObject>
<mandatory>true</mandatory>
<transferable>true</transferable>
<columnDependencyConstraintGenerateInDDL>true</columnDependencyConstraintGenerateInDDL>
</FKIndexAssociation>