<?xml version = '1.0' encoding = 'UTF-8'?>
<FKIndexAssociation class="oracle.dbtools.crest.model.design.relational.FKIndexAssociation" directorySegmentName="seg_0" id="CA0F1DA5-84A8-66A3-97E6-A3A30012EF43" name="FSCIBD_DSCICUR_FK">
<sourceConnName>TX_MAXDAT_PROD</sourceConnName>
<sourceObjSchema>MAXDAT</sourceObjSchema>
<sourceObjName>FSCIBD_DSCICUR_FK</sourceObjName>
<createdBy>mb56142</createdBy>
<createdTime>2014-06-25 16:00:30 UTC</createdTime>
<ownerDesignName>TXEB_BPM_Semantic_data_model_diagram</ownerDesignName>
<containerWithKeyObject>F026A3C9-8F72-6A13-FDE2-1F0F1F79D4DD</containerWithKeyObject>
<deleteRule>NO ACTION</deleteRule>
<localFKIndex>0EE29369-DCC6-89DF-E12B-3E30F398D94C</localFKIndex>
<keyObject>7982EAFE-6584-EDC2-9ECF-1761A4C811A7</keyObject>
<mandatory>true</mandatory>
<transferable>true</transferable>
<columnDependencyConstraintGenerateInDDL>true</columnDependencyConstraintGenerateInDDL>
</FKIndexAssociation>