<?xml version = '1.0' encoding = 'UTF-8'?>
<FKIndexAssociation class="oracle.dbtools.crest.model.design.relational.FKIndexAssociation" directorySegmentName="seg_0" id="CF502E3A-2F0B-5667-9435-76F478016D54" name="FMFDOCBD_DMFDOCB_FK">
<sourceConnName>TX_MAXDAT_PROD</sourceConnName>
<sourceObjSchema>MAXDAT</sourceObjSchema>
<sourceObjName>FMFDOCBD_DMFDOCB_FK</sourceObjName>
<createdBy>mb56142</createdBy>
<createdTime>2014-06-25 02:30:20 UTC</createdTime>
<ownerDesignName>TXEB_BPM_Semantic_data_model_diagram</ownerDesignName>
<containerWithKeyObject>0317F283-8229-0D6D-83D4-0622ED41084B</containerWithKeyObject>
<deleteRule>NO ACTION</deleteRule>
<localFKIndex>357B0F03-2E5D-DE1F-00F7-A809A461DD3F</localFKIndex>
<keyObject>8086653E-992B-F2EA-00C9-F0089104E085</keyObject>
<mandatory>true</mandatory>
<transferable>true</transferable>
<columnDependencyConstraintGenerateInDDL>true</columnDependencyConstraintGenerateInDDL>
</FKIndexAssociation>