<?xml version = '1.0' encoding = 'UTF-8'?>
<FKIndexAssociation class="oracle.dbtools.crest.model.design.relational.FKIndexAssociation" directorySegmentName="seg_0" id="DF6D2C31-6C91-D281-A80B-D6B2AFA39A61" name="FMWBD_DMWF_FK">
<sourceConnName>TX_MAXDAT_PROD</sourceConnName>
<sourceObjSchema>MAXDAT</sourceObjSchema>
<sourceObjName>FMWBD_DMWF_FK</sourceObjName>
<createdBy>mb56142</createdBy>
<createdTime>2014-06-24 02:06:45 UTC</createdTime>
<ownerDesignName>TXEB_BPM_Semantic_data_model_diagram</ownerDesignName>
<containerWithKeyObject>3B782934-5669-F921-29A6-5B22CBD2DAFA</containerWithKeyObject>
<deleteRule>NO ACTION</deleteRule>
<localFKIndex>12109DFE-4C9A-80D2-51F5-D2C83C76EE36</localFKIndex>
<keyObject>35B30BF8-E1DF-F007-9E35-D5FE76B421EE</keyObject>
<mandatory>true</mandatory>
<transferable>true</transferable>
<columnDependencyConstraintGenerateInDDL>true</columnDependencyConstraintGenerateInDDL>
</FKIndexAssociation>