<?xml version = '1.0' encoding = 'UTF-8'?>
<FKIndexAssociation class="oracle.dbtools.crest.model.design.relational.FKIndexAssociation" directorySegmentName="seg_0" id="E88C88F6-CCB2-6762-B8BC-9026D38F3726" name="FCMORBD_DCMORSS_FK">
<sourceConnName>TX_MAXDAT_PROD</sourceConnName>
<sourceObjSchema>MAXDAT</sourceObjSchema>
<sourceObjName>FCMORBD_DCMORSS_FK</sourceObjName>
<createdBy>mb56142</createdBy>
<createdTime>2014-06-24 01:29:31 UTC</createdTime>
<ownerDesignName>TXEB_BPM_Semantic_data_model_diagram</ownerDesignName>
<containerWithKeyObject>66854592-9AAF-AB1B-3CF5-9EA9D0A580B3</containerWithKeyObject>
<deleteRule>NO ACTION</deleteRule>
<localFKIndex>7569C6AC-C713-2D64-4C90-00DDC8A4DAD9</localFKIndex>
<keyObject>8214E655-B45C-0ABC-2046-D01277BF15E0</keyObject>
<mandatory>true</mandatory>
<transferable>true</transferable>
<columnDependencyConstraintGenerateInDDL>true</columnDependencyConstraintGenerateInDDL>
</FKIndexAssociation>