<?xml version = '1.0' encoding = 'UTF-8'?>
<FKIndexAssociation class="oracle.dbtools.crest.model.design.relational.FKIndexAssociation" directorySegmentName="seg_0" id="EF6D5369-CD73-8451-2366-96DBCF6B3978" name="FMFDOCBD_DMFDOCDS_FK">
<sourceConnName>TX_MAXDAT_PROD</sourceConnName>
<sourceObjSchema>MAXDAT</sourceObjSchema>
<sourceObjName>FMFDOCBD_DMFDOCDS_FK</sourceObjName>
<createdBy>mb56142</createdBy>
<createdTime>2014-06-25 02:30:20 UTC</createdTime>
<ownerDesignName>TXEB_BPM_Semantic_data_model_diagram</ownerDesignName>
<containerWithKeyObject>0317F283-8229-0D6D-83D4-0622ED41084B</containerWithKeyObject>
<deleteRule>NO ACTION</deleteRule>
<localFKIndex>43C5F74E-6F00-8480-18DE-E22937B06AA5</localFKIndex>
<keyObject>FE129448-FFDF-72B4-2852-8BE764BC995C</keyObject>
<mandatory>true</mandatory>
<transferable>true</transferable>
<columnDependencyConstraintGenerateInDDL>true</columnDependencyConstraintGenerateInDDL>
</FKIndexAssociation>