<?xml version = '1.0' encoding = 'UTF-8'?>
<FKIndexAssociation class="oracle.dbtools.crest.model.design.relational.FKIndexAssociation" directorySegmentName="seg_0" id="EFF631B8-305D-2AB2-3A4D-8E8284787BE6" name="FCORBD_DCORSI_FK">
<sourceConnName>TX_MAXDAT_PROD</sourceConnName>
<sourceObjSchema>MAXDAT</sourceObjSchema>
<sourceObjName>FCORBD_DCORSI_FK</sourceObjName>
<createdBy>mb56142</createdBy>
<createdTime>2014-06-24 01:55:46 UTC</createdTime>
<ownerDesignName>TXEB_BPM_Semantic_data_model_diagram</ownerDesignName>
<containerWithKeyObject>D97DF76F-121A-66D2-472D-49296E0956FA</containerWithKeyObject>
<deleteRule>NO ACTION</deleteRule>
<localFKIndex>29C18D6C-470D-7320-52D0-2B1F382B3E5C</localFKIndex>
<keyObject>02E74F0D-0CDD-1539-EF90-4C9A23F456A2</keyObject>
<mandatory>true</mandatory>
<transferable>true</transferable>
<columnDependencyConstraintGenerateInDDL>true</columnDependencyConstraintGenerateInDDL>
</FKIndexAssociation>