<?xml version = '1.0' encoding = 'UTF-8'?>
<UserOraclev10g class="oracle.dbtools.crest.model.design.storage.oracle.v10g.UserOraclev10g" name="MAXDAT" id="066962B6-BEC1-C4C8-E2C8-6D30D677D0CC" directorySegmentName="seg_0">
<createdBy>ro38606</createdBy>
<createdTime>2013-05-10 06:32:55 UTC</createdTime>
<ownerDesignName>NYEC_BPM_Semantic_data_model_diagram</ownerDesignName>
<schemaObject>8395E672-89A2-8150-B09D-55D1ECC2042E</schemaObject>
<defTableSpace>49103D8C-B61A-BBCA-77AA-EF6B9A69D4F7</defTableSpace>
<privileges>CREATE TABLE, ADVISOR, CREATE VIEW, UNLIMITED TABLESPACE, CREATE ANY MATERIALIZED VIEW, CREATE JOB, ALTER ANY MATERIALIZED VIEW, DEBUG CONNECT SESSION, DEBUG ANY PROCEDURE</privileges>
</UserOraclev10g>