<?xml version = '1.0' encoding = 'UTF-8'?>
<UserOraclev10g class="oracle.dbtools.crest.model.design.storage.oracle.v10g.UserOraclev10g" name="MAXDAT" id="26946899-6F51-2CDB-5B66-2D3894394292" directorySegmentName="seg_0">
<sourceConnName>MAXDTDEV</sourceConnName>
<sourceObjSchema>MAXDAT</sourceObjSchema>
<sourceObjName>MAXDAT</sourceObjName>
<createdBy>ro38606</createdBy>
<createdTime>2013-05-07 16:46:44 UTC</createdTime>
<ownerDesignName>NYEC_BPM_Semantic_data_model_diagram</ownerDesignName>
<schemaObject>8395E672-89A2-8150-B09D-55D1ECC2042E</schemaObject>
<defTableSpace>8D282799-0AFE-F2FF-2AEA-CF205662762F</defTableSpace>
<privileges>CREATE TABLE, ADVISOR, CREATE VIEW, UNLIMITED TABLESPACE, CREATE ANY MATERIALIZED VIEW, CREATE JOB, ALTER ANY MATERIALIZED VIEW, DEBUG CONNECT SESSION, DEBUG ANY PROCEDURE</privileges>
</UserOraclev10g>