<?xml version = '1.0' encoding = 'UTF-8'?>
<UserOraclev10g class="oracle.dbtools.crest.model.design.storage.oracle.v10g.UserOraclev10g" name="MAXDAT" id="BC4CF2B4-50B2-47F5-E129-02E9F8DC2791" directorySegmentName="seg_0">
<createdBy>ro38606</createdBy>
<createdTime>2013-05-08 20:47:47 UTC</createdTime>
<ownerDesignName>NYEC_BPM_Semantic_data_model_diagram</ownerDesignName>
<schemaObject>8395E672-89A2-8150-B09D-55D1ECC2042E</schemaObject>
<privileges>CREATE TABLE, ADVISOR, CREATE VIEW, UNLIMITED TABLESPACE, CREATE ANY MATERIALIZED VIEW, CREATE JOB, ALTER ANY MATERIALIZED VIEW, DEBUG CONNECT SESSION, DEBUG ANY PROCEDURE</privileges>
</UserOraclev10g>