<?xml version = '1.0' encoding = 'UTF-8'?>
<UserOraclev10g class="oracle.dbtools.crest.model.design.storage.oracle.v10g.UserOraclev10g" name="MAXDAT" id="E9BC822F-C822-A0AC-240A-F4F5B010E5D8" directorySegmentName="seg_0">
<createdBy>ro38606</createdBy>
<createdTime>2013-05-17 15:00:53 UTC</createdTime>
<ownerDesignName>NYEC_BPM_Semantic_data_model_diagram</ownerDesignName>
<schemaObject>8395E672-89A2-8150-B09D-55D1ECC2042E</schemaObject>
<privileges>CREATE TABLE, ADVISOR, CREATE VIEW, UNLIMITED TABLESPACE, CREATE ANY MATERIALIZED VIEW, CREATE JOB, ALTER ANY MATERIALIZED VIEW, DEBUG CONNECT SESSION, DEBUG ANY PROCEDURE</privileges>
</UserOraclev10g>