<?xml version = '1.0' encoding = 'UTF-8'?>
<RoleSqlServerv2k12 class="oracle.dbtools.crest.model.design.storage.sqlserver.v2k12.RoleSqlServerv2k12" directorySegmentName="seg_0" id="DB_NULLELEMENT_PUBLIC" name="PUBLIC">
<createdBy>88641</createdBy>
<createdTime>2018-02-22 22:55:02 UTC</createdTime>
<ownerDesignName>MicroStrategy_NICE_WFM_metrics</ownerDesignName>
<nullInstance>true</nullInstance>
<storableNullInstance>true</storableNullInstance>
<database>DB_NULLELEMENT</database>
</RoleSqlServerv2k12>