<?xml version = '1.0' encoding = 'UTF-8'?>
<DomainFile class="oracle.dbtools.crest.model.design.DomainFileWrapper" fileName="My_Temp_Domains">
<domains>
<Domain class="oracle.dbtools.crest.model.design.Domain" name="Integer_0_0_0" id="068B09E9-8A4B-8599-A570-1F33666D50F9">
<createdBy>88641</createdBy>
<createdTime>2018-02-22 22:55:35 UTC</createdTime>
<ownerDesignName>MicroStrategy_NICE_WFM_metrics</ownerDesignName>
<avTSortOrder>0</avTSortOrder>
<fileName>My_Temp_Domains</fileName>
<logicalDatatype>LOGDT011</logicalDatatype>
</Domain>
<Domain class="oracle.dbtools.crest.model.design.Domain" name="VARCHAR_0_0_50" id="14EC8041-9412-BC4F-DFCE-68C45F24A341">
<createdBy>88641</createdBy>
<createdTime>2018-02-22 22:55:35 UTC</createdTime>
<ownerDesignName>MicroStrategy_NICE_WFM_metrics</ownerDesignName>
<avTSortOrder>0</avTSortOrder>
<dataTypePrecision>0</dataTypePrecision>
<dataTypeScale>0</dataTypeScale>
<dataTypeSize>50</dataTypeSize>
<fileName>My_Temp_Domains</fileName>
<logicalDatatype>LOGDT024</logicalDatatype>
</Domain>
<Domain class="oracle.dbtools.crest.model.design.Domain" name="NUMERIC_18_0_0" id="2B4B7F4C-62E4-7502-5AF0-5E5B440EB5FE">
<createdBy>88641</createdBy>
<createdTime>2018-02-22 22:55:35 UTC</createdTime>
<ownerDesignName>MicroStrategy_NICE_WFM_metrics</ownerDesignName>
<avTSortOrder>0</avTSortOrder>
<dataTypePrecision>18</dataTypePrecision>
<dataTypeScale>0</dataTypeScale>
<dataTypeSize>0</dataTypeSize>
<fileName>My_Temp_Domains</fileName>
<logicalDatatype>LOGDT019</logicalDatatype>
</Domain>
<Domain class="oracle.dbtools.crest.model.design.Domain" name="NVARCHAR_0_0_10" id="2E8D67BE-BDAA-B90C-91ED-DBE7EA3EA689">
<createdBy>88641</createdBy>
<createdTime>2018-02-22 22:55:35 UTC</createdTime>
<ownerDesignName>MicroStrategy_NICE_WFM_metrics</ownerDesignName>
<avTSortOrder>0</avTSortOrder>
<dataTypePrecision>0</dataTypePrecision>
<dataTypeScale>0</dataTypeScale>
<dataTypeSize>10</dataTypeSize>
<fileName>My_Temp_Domains</fileName>
<logicalDatatype>LOGDT037</logicalDatatype>
</Domain>
<Domain class="oracle.dbtools.crest.model.design.Domain" name="BIT_0_0_0" id="405F84B4-8929-AA73-BF59-B0F89B3BD26E">
<createdBy>88641</createdBy>
<createdTime>2018-02-22 22:55:35 UTC</createdTime>
<ownerDesignName>MicroStrategy_NICE_WFM_metrics</ownerDesignName>
<avTSortOrder>0</avTSortOrder>
<fileName>My_Temp_Domains</fileName>
<logicalDatatype>LOGDT034</logicalDatatype>
</Domain>
<Domain class="oracle.dbtools.crest.model.design.Domain" name="SMALLINT_0_0_0" id="4C5E245F-C6E6-0285-8988-654B1E8710DF">
<createdBy>88641</createdBy>
<createdTime>2018-02-22 22:55:35 UTC</createdTime>
<ownerDesignName>MicroStrategy_NICE_WFM_metrics</ownerDesignName>
<avTSortOrder>0</avTSortOrder>
<fileName>My_Temp_Domains</fileName>
<logicalDatatype>LOGDT018</logicalDatatype>
</Domain>
<Domain class="oracle.dbtools.crest.model.design.Domain" name="DECIMAL_12_2_0" id="5BEFD449-B03E-E2BD-B919-DDA886C91907">
<createdBy>88641</createdBy>
<createdTime>2018-02-22 22:55:35 UTC</createdTime>
<ownerDesignName>MicroStrategy_NICE_WFM_metrics</ownerDesignName>
<avTSortOrder>0</avTSortOrder>
<dataTypePrecision>12</dataTypePrecision>
<dataTypeScale>2</dataTypeScale>
<dataTypeSize>0</dataTypeSize>
<fileName>My_Temp_Domains</fileName>
<logicalDatatype>LOGDT026</logicalDatatype>
</Domain>
<Domain class="oracle.dbtools.crest.model.design.Domain" name="NVARCHAR_0_0_40" id="62FF9F2A-0623-41EF-881B-CB05514E9826">
<createdBy>88641</createdBy>
<createdTime>2018-02-22 22:55:35 UTC</createdTime>
<ownerDesignName>MicroStrategy_NICE_WFM_metrics</ownerDesignName>
<avTSortOrder>0</avTSortOrder>
<dataTypePrecision>0</dataTypePrecision>
<dataTypeScale>0</dataTypeScale>
<dataTypeSize>40</dataTypeSize>
<fileName>My_Temp_Domains</fileName>
<logicalDatatype>LOGDT037</logicalDatatype>
</Domain>
<Domain class="oracle.dbtools.crest.model.design.Domain" name="CHAR_0_0_1" id="7D690B1E-4901-FB19-2244-F446395950B3">
<createdBy>88641</createdBy>
<createdTime>2018-02-22 22:55:35 UTC</createdTime>
<ownerDesignName>MicroStrategy_NICE_WFM_metrics</ownerDesignName>
<avTSortOrder>0</avTSortOrder>
<dataTypePrecision>0</dataTypePrecision>
<dataTypeScale>0</dataTypeScale>
<dataTypeSize>1</dataTypeSize>
<fileName>My_Temp_Domains</fileName>
<logicalDatatype>LOGDT025</logicalDatatype>
</Domain>
<Domain class="oracle.dbtools.crest.model.design.Domain" name="Date_0_0_0" id="8D69433F-7D3C-833C-D5BE-6EEE7ED1AF63">
<createdBy>88641</createdBy>
<createdTime>2018-02-22 22:55:35 UTC</createdTime>
<ownerDesignName>MicroStrategy_NICE_WFM_metrics</ownerDesignName>
<avTSortOrder>0</avTSortOrder>
<fileName>My_Temp_Domains</fileName>
<logicalDatatype>LOGDT007</logicalDatatype>
</Domain>
<Domain class="oracle.dbtools.crest.model.design.Domain" name="Datetime_0_0_0" id="DA972885-D882-8A04-B2D6-A08D76D22B31">
<createdBy>88641</createdBy>
<createdTime>2018-02-22 22:55:35 UTC</createdTime>
<ownerDesignName>MicroStrategy_NICE_WFM_metrics</ownerDesignName>
<avTSortOrder>0</avTSortOrder>
<fileName>My_Temp_Domains</fileName>
<logicalDatatype>LOGDT008</logicalDatatype>
</Domain>
<Domain class="oracle.dbtools.crest.model.design.Domain" name="NVARCHAR_0_0_20" id="FAEC2E3A-7A5F-1C69-87BF-CC394B09713D">
<createdBy>88641</createdBy>
<createdTime>2018-02-22 22:55:35 UTC</createdTime>
<ownerDesignName>MicroStrategy_NICE_WFM_metrics</ownerDesignName>
<avTSortOrder>0</avTSortOrder>
<dataTypePrecision>0</dataTypePrecision>
<dataTypeScale>0</dataTypeScale>
<dataTypeSize>20</dataTypeSize>
<fileName>My_Temp_Domains</fileName>
<logicalDatatype>LOGDT037</logicalDatatype>
</Domain>
</domains>
</DomainFile>