<?xml version = '1.0' encoding = 'UTF-8'?>
<FKIndexAssociation class="oracle.dbtools.crest.model.design.relational.FKIndexAssociation" directorySegmentName="seg_0" id="071AF00F-2403-C165-66C7-C71457393BAA" name="DPIH_DPITI_FK">
<sourceConnName>UK_HWS maxdat</sourceConnName>
<sourceObjSchema>maxdat</sourceObjSchema>
<sourceObjName>DPIH_DPITI_FK</sourceObjName>
<createdBy>50472</createdBy>
<createdTime>2014-11-21 22:22:08 UTC</createdTime>
<ownerDesignName>Process_Incidents_data_model_diagram</ownerDesignName>
<importedID>952B7DF3-07DA-AA3B-D66C-131D0AF72F2E</importedID>
<containerWithKeyObject>AA658B1D-21C8-A1AB-BD51-D67B72DE7FB6</containerWithKeyObject>
<deleteRule>NO ACTION</deleteRule>
<localFKIndex>CBD02C61-0E0D-C008-7AC4-BF6802D36C02</localFKIndex>
<keyObject>AEC6835C-C575-C5C2-C3FF-C89CD7644701</keyObject>
<mandatory>true</mandatory>
<transferable>true</transferable>
<columnDependencyConstraintGenerateInDDL>true</columnDependencyConstraintGenerateInDDL>
</FKIndexAssociation>