<?xml version = '1.0' encoding = 'UTF-8'?>
<FKIndexAssociation class="oracle.dbtools.crest.model.design.relational.FKIndexAssociation" directorySegmentName="seg_0" id="70EA11DE-748B-953E-B063-3B2CCC5965CD" name="DPIH_DPIIA_FK">
<sourceConnName>UK_HWS maxdat</sourceConnName>
<sourceObjSchema>maxdat</sourceObjSchema>
<sourceObjName>DPIH_DPIIA_FK</sourceObjName>
<createdBy>50472</createdBy>
<createdTime>2014-11-21 22:22:08 UTC</createdTime>
<ownerDesignName>Process_Incidents_data_model_diagram</ownerDesignName>
<importedID>3110D1B1-CA65-BEF7-7B04-DA077CBF9393</importedID>
<containerWithKeyObject>AA658B1D-21C8-A1AB-BD51-D67B72DE7FB6</containerWithKeyObject>
<deleteRule>NO ACTION</deleteRule>
<localFKIndex>8C36866D-CC88-9AC2-BBF8-9F97EF1C988E</localFKIndex>
<keyObject>06E8C011-8D62-2008-E27B-F73156F02513</keyObject>
<mandatory>true</mandatory>
<transferable>true</transferable>
<columnDependencyConstraintGenerateInDDL>true</columnDependencyConstraintGenerateInDDL>
</FKIndexAssociation>