<?xml version = '1.0' encoding = 'UTF-8'?>
<FKIndexAssociation class="oracle.dbtools.crest.model.design.relational.FKIndexAssociation" directorySegmentName="seg_0" id="A0F15D4C-5685-FA3A-88A5-4D474EE6FA21" name="DPIH_DPIISS_FK">
<sourceConnName>UK_HWS maxdat</sourceConnName>
<sourceObjSchema>maxdat</sourceObjSchema>
<sourceObjName>DPIH_DPIISS_FK</sourceObjName>
<createdBy>50472</createdBy>
<createdTime>2014-11-21 22:22:08 UTC</createdTime>
<ownerDesignName>Process_Incidents_data_model_diagram</ownerDesignName>
<importedID>A1E782BF-C272-62DE-D80A-298C39A01C8C</importedID>
<containerWithKeyObject>AA658B1D-21C8-A1AB-BD51-D67B72DE7FB6</containerWithKeyObject>
<deleteRule>NO ACTION</deleteRule>
<localFKIndex>8469F3D6-3931-06CE-292D-807AD5E8D275</localFKIndex>
<keyObject>20CA1A3D-002C-03FA-0AB9-19EF4F025D77</keyObject>
<mandatory>true</mandatory>
<transferable>true</transferable>
<columnDependencyConstraintGenerateInDDL>true</columnDependencyConstraintGenerateInDDL>
</FKIndexAssociation>