<?xml version = '1.0' encoding = 'UTF-8'?>
<FKIndexAssociation class="oracle.dbtools.crest.model.design.relational.FKIndexAssociation" directorySegmentName="seg_0" id="D8C6C417-6CF3-2122-1002-4550E69B685F" name="DPIH_DPIIR_FK">
<sourceConnName>UK_HWS maxdat</sourceConnName>
<sourceObjSchema>maxdat</sourceObjSchema>
<sourceObjName>DPIH_DPIIR_FK</sourceObjName>
<createdBy>50472</createdBy>
<createdTime>2014-11-21 22:22:08 UTC</createdTime>
<ownerDesignName>Process_Incidents_data_model_diagram</ownerDesignName>
<importedID>8A16C4FC-6B44-8080-5C7B-E5202897D483</importedID>
<containerWithKeyObject>AA658B1D-21C8-A1AB-BD51-D67B72DE7FB6</containerWithKeyObject>
<deleteRule>NO ACTION</deleteRule>
<localFKIndex>5F5079D2-0681-E9E2-6910-B2B17A07BCAC</localFKIndex>
<keyObject>C4B47D3F-7191-C084-CB4E-95C9330E984A</keyObject>
<mandatory>true</mandatory>
<transferable>true</transferable>
<columnDependencyConstraintGenerateInDDL>true</columnDependencyConstraintGenerateInDDL>
</FKIndexAssociation>