<?xml version = '1.0' encoding = 'UTF-8'?>
<FKIndexAssociation class="oracle.dbtools.crest.model.design.relational.FKIndexAssociation" directorySegmentName="seg_0" id="E7C2235D-471F-914F-1191-69430C7275FF" name="DPIH_DPIIS_FK">
<sourceConnName>UK_HWS maxdat</sourceConnName>
<sourceObjSchema>maxdat</sourceObjSchema>
<sourceObjName>DPIH_DPIIS_FK</sourceObjName>
<createdBy>50472</createdBy>
<createdTime>2014-11-21 22:22:08 UTC</createdTime>
<ownerDesignName>Process_Incidents_data_model_diagram</ownerDesignName>
<importedID>1027C6DD-4C5C-4182-631C-6F242E9977EF</importedID>
<containerWithKeyObject>AA658B1D-21C8-A1AB-BD51-D67B72DE7FB6</containerWithKeyObject>
<deleteRule>NO ACTION</deleteRule>
<localFKIndex>A43F8B69-84E9-7715-7376-30A9442505CE</localFKIndex>
<keyObject>A7463D52-B273-2619-A0E4-D623428843BA</keyObject>
<mandatory>true</mandatory>
<transferable>true</transferable>
<columnDependencyConstraintGenerateInDDL>true</columnDependencyConstraintGenerateInDDL>
</FKIndexAssociation>