<?xml version = '1.0' encoding = 'UTF-8'?>
<SegmentOraclev10g class="oracle.dbtools.crest.model.design.storage.oracle.v10g.SegmentOraclev10g" name="Storage10" id="8C3F3B9C-7F75-8354-C35B-C71CD4BECC53" directorySegmentName="seg_0">
<createdBy>mb56142</createdBy>
<createdTime>2013-10-01 02:00:25 UTC</createdTime>
<ownerDesignName>TXEB_BPM_Semantic_data_model_diagram</ownerDesignName>
<maxTrans>255</maxTrans>
<scInitialExtent>8388608</scInitialExtent>
<scMaxExtents>2147483645</scMaxExtents>
<scNextExtent>1048576</scNextExtent>
</SegmentOraclev10g>