<?xml version = '1.0' encoding = 'UTF-8'?>
<TableProxyOraclev11g class="oracle.dbtools.crest.model.design.storage.oracle.v11g.TableProxyOraclev11g" name="BPM_SOURCE_LKUP" id="25F35553-9BEB-7AFC-75D1-1E7362B5E30C" directorySegmentName="seg_0">
<createdBy>50472</createdBy>
<createdTime>2013-08-08 16:19:06 UTC</createdTime>
<ownerDesignName>BPM_Event_data_model_diagram</ownerDesignName>
<logging>YES</logging>
<partitionedRowMovement>DISABLE</partitionedRowMovement>
<segment>1D2CA58D-FAAA-2036-3CBA-40F0B32E6720</segment>
<tableSpace>ED71B489-8CBD-3CCE-5B50-21489D07961E</tableSpace>
<columnProxies>
<ColumnProxy class="oracle.dbtools.crest.model.design.storage.oracle.v11g.ColumnProxyOraclev11g" name="BSL_ID" id="4295EAB4-D48C-480D-B147-6852DFAA2E59">
<createdBy>50472</createdBy>
<createdTime>2013-08-08 16:19:07 UTC</createdTime>
<ownerDesignName>BPM_Event_data_model_diagram</ownerDesignName>
</ColumnProxy>
<ColumnProxy class="oracle.dbtools.crest.model.design.storage.oracle.v11g.ColumnProxyOraclev11g" name="BSTL_ID" id="5636106E-9E72-262C-413B-58777F117A10">
<createdBy>50472</createdBy>
<createdTime>2013-08-08 16:19:07 UTC</createdTime>
<ownerDesignName>BPM_Event_data_model_diagram</ownerDesignName>
</ColumnProxy>
<ColumnProxy class="oracle.dbtools.crest.model.design.storage.oracle.v11g.ColumnProxyOraclev11g" name="NAME" id="7FFFD28F-5798-C883-5709-20716A2F75C1">
<createdBy>50472</createdBy>
<createdTime>2013-08-08 16:19:07 UTC</createdTime>
<ownerDesignName>BPM_Event_data_model_diagram</ownerDesignName>
</ColumnProxy>
</columnProxies>
<indexProxies>
<IndexProxy class="oracle.dbtools.crest.model.design.storage.oracle.v10g.IndexProxyOraclev10g" name="BPM_SOURCE_LKUP_PK" id="994545D8-1C9E-62BC-248B-DB4AF9ADA4AD">
<createdBy>50472</createdBy>
<createdTime>2013-08-08 16:19:08 UTC</createdTime>
<ownerDesignName>BPM_Event_data_model_diagram</ownerDesignName>
<segment>0D7D34FB-5908-E0A4-45E8-CDE77E7B7A98</segment>
<tableSpace>0CE94FE4-92AB-934D-B471-D06F7EB099DD</tableSpace>
</IndexProxy>
<IndexProxy class="oracle.dbtools.crest.model.design.storage.oracle.v10g.IndexProxyOraclev10g" name="BPM_SOURCE_LKUP_UNK" id="BB46C453-BF3D-76C0-5B91-484921FD378B">
<createdBy>50472</createdBy>
<createdTime>2013-08-08 16:19:08 UTC</createdTime>
<ownerDesignName>BPM_Event_data_model_diagram</ownerDesignName>
<segment>0D7D34FB-5908-E0A4-45E8-CDE77E7B7A98</segment>
<tableSpace>0CE94FE4-92AB-934D-B471-D06F7EB099DD</tableSpace>
</IndexProxy>
</indexProxies>
<foreignKeys>
<ForeignKey class="oracle.dbtools.crest.model.design.storage.oracle.v10g.FKProxyOraclev10g" name="BSL_BSTL_FK" id="C5606926-9004-978A-C3F0-91DE8C7A6F0B">
<createdBy>50472</createdBy>
<createdTime>2013-08-08 16:19:10 UTC</createdTime>
<ownerDesignName>BPM_Event_data_model_diagram</ownerDesignName>
</ForeignKey>
</foreignKeys>
<primaryKeys>
<PrimaryKey class="oracle.dbtools.crest.model.design.storage.oracle.v10g.PKProxyOraclev10g" name="BPM_SOURCE_LKUP_PK" id="B5CFD43A-0CA1-9078-5DAB-54780777795C">
<createdBy>50472</createdBy>
<createdTime>2013-08-08 16:19:09 UTC</createdTime>
<ownerDesignName>BPM_Event_data_model_diagram</ownerDesignName>
<tableSpace>0CE94FE4-92AB-934D-B471-D06F7EB099DD</tableSpace>
<existingIndex>994545D8-1C9E-62BC-248B-DB4AF9ADA4AD</existingIndex>
<indexSegment>0D7D34FB-5908-E0A4-45E8-CDE77E7B7A98</indexSegment>
<indexSort>SORTED</indexSort>
<usingIndex>BY INDEX NAME</usingIndex>
</PrimaryKey>
</primaryKeys>
<uniqueKeys>
<UniqueKey class="oracle.dbtools.crest.model.design.storage.oracle.v10g.UniqueOraclev10g" name="BPM_SOURCE_LKUP_UNK" id="BB1066D7-38F7-4095-52D1-AC2836CEB235">
<createdBy>50472</createdBy>
<createdTime>2013-08-08 16:19:09 UTC</createdTime>
<ownerDesignName>BPM_Event_data_model_diagram</ownerDesignName>
<tableSpace>0CE94FE4-92AB-934D-B471-D06F7EB099DD</tableSpace>
<existingIndex>BB46C453-BF3D-76C0-5B91-484921FD378B</existingIndex>
<indexSegment>0D7D34FB-5908-E0A4-45E8-CDE77E7B7A98</indexSegment>
<indexSort>SORTED</indexSort>
<usingIndex>BY INDEX NAME</usingIndex>
</UniqueKey>
</uniqueKeys>
</TableProxyOraclev11g>