<?xml version = '1.0' encoding = 'UTF-8'?>
<TableProxyOraclev11g class="oracle.dbtools.crest.model.design.storage.oracle.v11g.TableProxyOraclev11g" name="PROCESS_BPM_QUEUE_JOB_BATCH" id="54503BC2-5A96-C830-CA04-0DE4C80BEA7A" directorySegmentName="seg_0">
<createdBy>50472</createdBy>
<createdTime>2013-08-08 16:19:06 UTC</createdTime>
<ownerDesignName>BPM_Event_data_model_diagram</ownerDesignName>
<logging>YES</logging>
<parallel>YES</parallel>
<partitionList class="oracle.dbtools.crest.model.design.storage.oracle.v11g.PartitionListOraclev11g" name="PL6" id="4FA5DB8F-ABBD-4CE7-CB89-964CC036E3ED">
<createdBy>50472</createdBy>
<createdTime>2013-08-08 16:19:11 UTC</createdTime>
<ownerDesignName>BPM_Event_data_model_diagram</ownerDesignName>
<columnIDs>48E13C84-EB95-FC16-7E28-06EB07C2516D</columnIDs>
<intervalExpression>NUMTODSINTERVAL(1,&apos;DAY&apos;)</intervalExpression>
</partitionList>
<partitioned>YES</partitioned>
<partitionedRowMovement>DISABLE</partitionedRowMovement>
<segment>E6935EC4-2804-593C-E010-612BE9E2DAE9</segment>
<tableSpace>ED71B489-8CBD-3CCE-5B50-21489D07961E</tableSpace>
<columnProxies>
<ColumnProxy class="oracle.dbtools.crest.model.design.storage.oracle.v11g.ColumnProxyOraclev11g" name="LOCKING_END_DATE" id="07BABF68-FBD5-1CE4-5102-01E3C35AF2F0">
<createdBy>50472</createdBy>
<createdTime>2013-08-08 16:19:07 UTC</createdTime>
<ownerDesignName>BPM_Event_data_model_diagram</ownerDesignName>
</ColumnProxy>
<ColumnProxy class="oracle.dbtools.crest.model.design.storage.oracle.v11g.ColumnProxyOraclev11g" name="RESERVE_END_DATE" id="0873CF1A-40FF-73C7-FF3D-A7CF700E9B5B">
<createdBy>50472</createdBy>
<createdTime>2013-08-08 16:19:07 UTC</createdTime>
<ownerDesignName>BPM_Event_data_model_diagram</ownerDesignName>
</ColumnProxy>
<ColumnProxy class="oracle.dbtools.crest.model.design.storage.oracle.v11g.ColumnProxyOraclev11g" name="BATCH_END_DATE" id="36255F5F-99F7-874B-5B28-31898B5B9A02">
<createdBy>50472</createdBy>
<createdTime>2013-08-08 16:19:07 UTC</createdTime>
<ownerDesignName>BPM_Event_data_model_diagram</ownerDesignName>
</ColumnProxy>
<ColumnProxy class="oracle.dbtools.crest.model.design.storage.oracle.v11g.ColumnProxyOraclev11g" name="RESERVE_START_DATE" id="3E030AC5-12F2-3FEF-E5C2-27B21BAAA239">
<createdBy>50472</createdBy>
<createdTime>2013-08-08 16:19:07 UTC</createdTime>
<ownerDesignName>BPM_Event_data_model_diagram</ownerDesignName>
</ColumnProxy>
<ColumnProxy class="oracle.dbtools.crest.model.design.storage.oracle.v11g.ColumnProxyOraclev11g" name="NUM_BPM_SEMANTIC_UPDATE" id="44A38C01-8E58-5B43-743D-CA59DB144985">
<createdBy>50472</createdBy>
<createdTime>2013-08-08 16:19:07 UTC</createdTime>
<ownerDesignName>BPM_Event_data_model_diagram</ownerDesignName>
<defaultValue>(0)</defaultValue>
</ColumnProxy>
<ColumnProxy class="oracle.dbtools.crest.model.design.storage.oracle.v11g.ColumnProxyOraclev11g" name="BATCH_START_DATE" id="48E13C84-EB95-FC16-7E28-06EB07C2516D">
<createdBy>50472</createdBy>
<createdTime>2013-08-08 16:19:07 UTC</createdTime>
<ownerDesignName>BPM_Event_data_model_diagram</ownerDesignName>
</ColumnProxy>
<ColumnProxy class="oracle.dbtools.crest.model.design.storage.oracle.v11g.ColumnProxyOraclev11g" name="PROCESS_BUEQ_ID" id="5992E9A0-DFC5-089A-743C-4807307E0CB6">
<createdBy>50472</createdBy>
<createdTime>2013-08-08 16:19:07 UTC</createdTime>
<ownerDesignName>BPM_Event_data_model_diagram</ownerDesignName>
</ColumnProxy>
<ColumnProxy class="oracle.dbtools.crest.model.design.storage.oracle.v11g.ColumnProxyOraclev11g" name="BATCH_ID" id="663CC1AF-29AD-54E2-905A-947358173477">
<createdBy>50472</createdBy>
<createdTime>2013-08-08 16:19:07 UTC</createdTime>
<ownerDesignName>BPM_Event_data_model_diagram</ownerDesignName>
</ColumnProxy>
<ColumnProxy class="oracle.dbtools.crest.model.design.storage.oracle.v11g.ColumnProxyOraclev11g" name="NUM_BPM_EVENT_INSERT" id="6975D79E-BCB4-B97F-BAA7-B48F917B64B6">
<createdBy>50472</createdBy>
<createdTime>2013-08-08 16:19:07 UTC</createdTime>
<ownerDesignName>BPM_Event_data_model_diagram</ownerDesignName>
<defaultValue>(0)</defaultValue>
</ColumnProxy>
<ColumnProxy class="oracle.dbtools.crest.model.design.storage.oracle.v11g.ColumnProxyOraclev11g" name="NUM_BPM_SEMANTIC_INSERT" id="BCF9A45D-5CA1-FAC1-AA41-7F718DF9C7AF">
<createdBy>50472</createdBy>
<createdTime>2013-08-08 16:19:07 UTC</createdTime>
<ownerDesignName>BPM_Event_data_model_diagram</ownerDesignName>
<defaultValue>(0)</defaultValue>
</ColumnProxy>
<ColumnProxy class="oracle.dbtools.crest.model.design.storage.oracle.v11g.ColumnProxyOraclev11g" name="PROC_XML_END_DATE" id="C93B3654-BA41-5D64-AA8F-8708A1CAB200">
<createdBy>50472</createdBy>
<createdTime>2013-08-08 16:19:07 UTC</createdTime>
<ownerDesignName>BPM_Event_data_model_diagram</ownerDesignName>
</ColumnProxy>
<ColumnProxy class="oracle.dbtools.crest.model.design.storage.oracle.v11g.ColumnProxyOraclev11g" name="PROC_XML_START_DATE" id="D9676F02-1C4F-9557-2C8F-F341B4FD9111">
<createdBy>50472</createdBy>
<createdTime>2013-08-08 16:19:07 UTC</createdTime>
<ownerDesignName>BPM_Event_data_model_diagram</ownerDesignName>
</ColumnProxy>
<ColumnProxy class="oracle.dbtools.crest.model.design.storage.oracle.v11g.ColumnProxyOraclev11g" name="NUM_QUEUE_ROWS_IN_BATCH" id="E2E62EE9-7A61-02C1-B779-2BAEF9F7880A">
<createdBy>50472</createdBy>
<createdTime>2013-08-08 16:19:07 UTC</createdTime>
<ownerDesignName>BPM_Event_data_model_diagram</ownerDesignName>
<defaultValue>(0)</defaultValue>
</ColumnProxy>
<ColumnProxy class="oracle.dbtools.crest.model.design.storage.oracle.v11g.ColumnProxyOraclev11g" name="NUM_BPM_EVENT_UPDATE" id="E9AB7E97-B2C2-F129-13FA-72281BD863D5">
<createdBy>50472</createdBy>
<createdTime>2013-08-08 16:19:07 UTC</createdTime>
<ownerDesignName>BPM_Event_data_model_diagram</ownerDesignName>
<defaultValue>(0)</defaultValue>
</ColumnProxy>
<ColumnProxy class="oracle.dbtools.crest.model.design.storage.oracle.v11g.ColumnProxyOraclev11g" name="STATUS_DATE" id="EAA54284-AD35-8E43-8E3B-14F4DEE6A0BD">
<createdBy>50472</createdBy>
<createdTime>2013-08-08 16:19:07 UTC</createdTime>
<ownerDesignName>BPM_Event_data_model_diagram</ownerDesignName>
</ColumnProxy>
<ColumnProxy class="oracle.dbtools.crest.model.design.storage.oracle.v11g.ColumnProxyOraclev11g" name="PBQJB_ID" id="EE6FEB9F-846E-D429-55B6-D39753C19734">
<createdBy>50472</createdBy>
<createdTime>2013-08-08 16:19:07 UTC</createdTime>
<ownerDesignName>BPM_Event_data_model_diagram</ownerDesignName>
</ColumnProxy>
<ColumnProxy class="oracle.dbtools.crest.model.design.storage.oracle.v11g.ColumnProxyOraclev11g" name="LOCKING_START_DATE" id="EF1B56EE-1B09-8691-DB39-BCF27BD14AF0">
<createdBy>50472</createdBy>
<createdTime>2013-08-08 16:19:07 UTC</createdTime>
<ownerDesignName>BPM_Event_data_model_diagram</ownerDesignName>
</ColumnProxy>
<ColumnProxy class="oracle.dbtools.crest.model.design.storage.oracle.v11g.ColumnProxyOraclev11g" name="NUM_SLEEP_SECONDS" id="F11F870D-12B4-F32F-7A5E-F3D83A643CE3">
<createdBy>50472</createdBy>
<createdTime>2013-08-08 16:19:07 UTC</createdTime>
<ownerDesignName>BPM_Event_data_model_diagram</ownerDesignName>
<defaultValue>(0)</defaultValue>
</ColumnProxy>
<ColumnProxy class="oracle.dbtools.crest.model.design.storage.oracle.v11g.ColumnProxyOraclev11g" name="PBQJ_ID" id="FE1ED7F8-3C88-8DA2-8F8D-41A009212AF9">
<createdBy>50472</createdBy>
<createdTime>2013-08-08 16:19:07 UTC</createdTime>
<ownerDesignName>BPM_Event_data_model_diagram</ownerDesignName>
</ColumnProxy>
</columnProxies>
<indexProxies>
<IndexProxy class="oracle.dbtools.crest.model.design.storage.oracle.v10g.IndexProxyOraclev10g" name="PBQJB_LX1" id="CE42D33E-0478-B017-D837-E8AE5FFDB516">
<createdBy>50472</createdBy>
<createdTime>2013-08-08 16:19:08 UTC</createdTime>
<ownerDesignName>BPM_Event_data_model_diagram</ownerDesignName>
<partitioned>true</partitioned>
<indexPartitioned>LOCAL</indexPartitioned>
<parallel>YES</parallel>
<segment>8CEB3208-2545-13F0-62B9-F141D8E894C3</segment>
<tableSpace>0CE94FE4-92AB-934D-B471-D06F7EB099DD</tableSpace>
</IndexProxy>
<IndexProxy class="oracle.dbtools.crest.model.design.storage.oracle.v10g.IndexProxyOraclev10g" name="PBQJB_PK" id="DB19DD8F-F26F-CAB0-058F-64ED6221FD48">
<createdBy>50472</createdBy>
<createdTime>2013-08-08 16:19:08 UTC</createdTime>
<ownerDesignName>BPM_Event_data_model_diagram</ownerDesignName>
<parallel>YES</parallel>
<segment>0D7D34FB-5908-E0A4-45E8-CDE77E7B7A98</segment>
<tableSpace>0CE94FE4-92AB-934D-B471-D06F7EB099DD</tableSpace>
</IndexProxy>
<IndexProxy class="oracle.dbtools.crest.model.design.storage.oracle.v10g.IndexProxyOraclev10g" name="PBQJB_LX2" id="DCBE8503-446B-0579-916E-66E981CDC82D">
<createdBy>50472</createdBy>
<createdTime>2013-08-08 16:19:08 UTC</createdTime>
<ownerDesignName>BPM_Event_data_model_diagram</ownerDesignName>
<partitioned>true</partitioned>
<indexPartitioned>LOCAL</indexPartitioned>
<parallel>YES</parallel>
<segment>8CEB3208-2545-13F0-62B9-F141D8E894C3</segment>
<tableSpace>0CE94FE4-92AB-934D-B471-D06F7EB099DD</tableSpace>
</IndexProxy>
</indexProxies>
<foreignKeys>
<ForeignKey class="oracle.dbtools.crest.model.design.storage.oracle.v10g.FKProxyOraclev10g" name="PBQJB_PBQJ_ID_FK" id="6C0F2326-9D60-46E5-5D52-4997CC858754">
<createdBy>50472</createdBy>
<createdTime>2013-08-08 21:48:44 UTC</createdTime>
<ownerDesignName>BPM_Event_data_model_diagram</ownerDesignName>
</ForeignKey>
</foreignKeys>
<partitions>
<Partition class="oracle.dbtools.crest.model.design.storage.oracle.v11g.PartitionOraclev11g" name="PT_BE_ERROR_DATE_LT_2013" id="4B015A7A-D177-27B6-E53A-198808ADD367">
<createdBy>50472</createdBy>
<createdTime>2013-08-08 21:48:44 UTC</createdTime>
<ownerDesignName>BPM_Event_data_model_diagram</ownerDesignName>
<dataSegmentCompression>NO</dataSegmentCompression>
<logging>YES</logging>
<position>1</position>
<segment>1D2CA58D-FAAA-2036-3CBA-40F0B32E6720</segment>
<tableSpace>ED71B489-8CBD-3CCE-5B50-21489D07961E</tableSpace>
<valueList>TO_DATE(&apos; 2013-01-01 00:00:00&apos;, &apos;SYYYY-MM-DD HH24:MI:SS&apos;, &apos;NLS_CALENDAR=GREGORIAN&apos;)</valueList>
<localIndexProperties>
<LocalIndexProperties class="oracle.dbtools.crest.model.design.storage.oracle.LocalIndexProperties" name="LIP8" id="5A5D7F07-0461-BA6D-E7E6-F104DD765D9F">
<createdBy>50472</createdBy>
<createdTime>2013-08-08 21:48:44 UTC</createdTime>
<ownerDesignName>BPM_Event_data_model_diagram</ownerDesignName>
<index>CE42D33E-0478-B017-D837-E8AE5FFDB516</index>
<logging>YES</logging>
<partitionName>PT_BE_ERROR_DATE_LT_2013</partitionName>
<segment>0D7D34FB-5908-E0A4-45E8-CDE77E7B7A98</segment>
<tableSpace>0CE94FE4-92AB-934D-B471-D06F7EB099DD</tableSpace>
</LocalIndexProperties>
<LocalIndexProperties class="oracle.dbtools.crest.model.design.storage.oracle.LocalIndexProperties" name="LIP16" id="0A419A21-B461-E8CB-13CE-7FFD3848EAAB">
<createdBy>50472</createdBy>
<createdTime>2013-08-08 21:48:44 UTC</createdTime>
<ownerDesignName>BPM_Event_data_model_diagram</ownerDesignName>
<index>DCBE8503-446B-0579-916E-66E981CDC82D</index>
<logging>YES</logging>
<partitionName>PT_BE_ERROR_DATE_LT_2013</partitionName>
<segment>0D7D34FB-5908-E0A4-45E8-CDE77E7B7A98</segment>
<tableSpace>0CE94FE4-92AB-934D-B471-D06F7EB099DD</tableSpace>
</LocalIndexProperties>
</localIndexProperties>
</Partition>
<Partition class="oracle.dbtools.crest.model.design.storage.oracle.v11g.PartitionOraclev11g" name="SYS_P38" id="460D66D6-78D8-B497-F411-1781DBFB1FC8">
<createdBy>50472</createdBy>
<createdTime>2013-08-08 21:48:44 UTC</createdTime>
<ownerDesignName>BPM_Event_data_model_diagram</ownerDesignName>
<dataSegmentCompression>NO</dataSegmentCompression>
<logging>YES</logging>
<position>2</position>
<segment>1D2CA58D-FAAA-2036-3CBA-40F0B32E6720</segment>
<tableSpace>ED71B489-8CBD-3CCE-5B50-21489D07961E</tableSpace>
<valueList>TO_DATE(&apos; 2013-06-01 00:00:00&apos;, &apos;SYYYY-MM-DD HH24:MI:SS&apos;, &apos;NLS_CALENDAR=GREGORIAN&apos;)</valueList>
<localIndexProperties>
<LocalIndexProperties class="oracle.dbtools.crest.model.design.storage.oracle.LocalIndexProperties" name="LIP9" id="4B7898EA-2922-3C92-73E0-EB23491F9FCD">
<createdBy>50472</createdBy>
<createdTime>2013-08-08 21:48:44 UTC</createdTime>
<ownerDesignName>BPM_Event_data_model_diagram</ownerDesignName>
<index>CE42D33E-0478-B017-D837-E8AE5FFDB516</index>
<logging>YES</logging>
<partitionName>SYS_P38</partitionName>
<segment>0D7D34FB-5908-E0A4-45E8-CDE77E7B7A98</segment>
<tableSpace>0CE94FE4-92AB-934D-B471-D06F7EB099DD</tableSpace>
</LocalIndexProperties>
<LocalIndexProperties class="oracle.dbtools.crest.model.design.storage.oracle.LocalIndexProperties" name="LIP17" id="F6C9DE7A-504A-32FA-9D96-107BC1E5E5CE">
<createdBy>50472</createdBy>
<createdTime>2013-08-08 21:48:44 UTC</createdTime>
<ownerDesignName>BPM_Event_data_model_diagram</ownerDesignName>
<index>DCBE8503-446B-0579-916E-66E981CDC82D</index>
<logging>YES</logging>
<partitionName>SYS_P38</partitionName>
<segment>0D7D34FB-5908-E0A4-45E8-CDE77E7B7A98</segment>
<tableSpace>0CE94FE4-92AB-934D-B471-D06F7EB099DD</tableSpace>
</LocalIndexProperties>
</localIndexProperties>
</Partition>
<Partition class="oracle.dbtools.crest.model.design.storage.oracle.v11g.PartitionOraclev11g" name="SYS_P44" id="94F066C9-BEA4-D2E9-ADA0-A75D3B9B8A36">
<createdBy>50472</createdBy>
<createdTime>2013-08-08 21:48:44 UTC</createdTime>
<ownerDesignName>BPM_Event_data_model_diagram</ownerDesignName>
<dataSegmentCompression>NO</dataSegmentCompression>
<logging>YES</logging>
<position>3</position>
<segment>1D2CA58D-FAAA-2036-3CBA-40F0B32E6720</segment>
<tableSpace>ED71B489-8CBD-3CCE-5B50-21489D07961E</tableSpace>
<valueList>TO_DATE(&apos; 2013-06-12 00:00:00&apos;, &apos;SYYYY-MM-DD HH24:MI:SS&apos;, &apos;NLS_CALENDAR=GREGORIAN&apos;)</valueList>
<localIndexProperties>
<LocalIndexProperties class="oracle.dbtools.crest.model.design.storage.oracle.LocalIndexProperties" name="LIP10" id="85758899-3A7D-05CF-CBEE-7F37750F6C83">
<createdBy>50472</createdBy>
<createdTime>2013-08-08 21:48:44 UTC</createdTime>
<ownerDesignName>BPM_Event_data_model_diagram</ownerDesignName>
<index>CE42D33E-0478-B017-D837-E8AE5FFDB516</index>
<logging>YES</logging>
<partitionName>SYS_P44</partitionName>
<segment>0D7D34FB-5908-E0A4-45E8-CDE77E7B7A98</segment>
<tableSpace>0CE94FE4-92AB-934D-B471-D06F7EB099DD</tableSpace>
</LocalIndexProperties>
<LocalIndexProperties class="oracle.dbtools.crest.model.design.storage.oracle.LocalIndexProperties" name="LIP18" id="FA7C8722-EFB5-E1C9-221A-7C120EF98D02">
<createdBy>50472</createdBy>
<createdTime>2013-08-08 21:48:44 UTC</createdTime>
<ownerDesignName>BPM_Event_data_model_diagram</ownerDesignName>
<index>DCBE8503-446B-0579-916E-66E981CDC82D</index>
<logging>YES</logging>
<partitionName>SYS_P44</partitionName>
<segment>0D7D34FB-5908-E0A4-45E8-CDE77E7B7A98</segment>
<tableSpace>0CE94FE4-92AB-934D-B471-D06F7EB099DD</tableSpace>
</LocalIndexProperties>
</localIndexProperties>
</Partition>
<Partition class="oracle.dbtools.crest.model.design.storage.oracle.v11g.PartitionOraclev11g" name="SYS_P50" id="C69B418F-1C45-2EB6-F9F0-067901BB731A">
<createdBy>50472</createdBy>
<createdTime>2013-08-08 21:48:44 UTC</createdTime>
<ownerDesignName>BPM_Event_data_model_diagram</ownerDesignName>
<dataSegmentCompression>NO</dataSegmentCompression>
<logging>YES</logging>
<position>4</position>
<segment>1D2CA58D-FAAA-2036-3CBA-40F0B32E6720</segment>
<tableSpace>ED71B489-8CBD-3CCE-5B50-21489D07961E</tableSpace>
<valueList>TO_DATE(&apos; 2013-06-13 00:00:00&apos;, &apos;SYYYY-MM-DD HH24:MI:SS&apos;, &apos;NLS_CALENDAR=GREGORIAN&apos;)</valueList>
<localIndexProperties>
<LocalIndexProperties class="oracle.dbtools.crest.model.design.storage.oracle.LocalIndexProperties" name="LIP11" id="188E8576-1DA1-F54D-1076-4FD61C243FCC">
<createdBy>50472</createdBy>
<createdTime>2013-08-08 21:48:44 UTC</createdTime>
<ownerDesignName>BPM_Event_data_model_diagram</ownerDesignName>
<index>CE42D33E-0478-B017-D837-E8AE5FFDB516</index>
<logging>YES</logging>
<partitionName>SYS_P50</partitionName>
<segment>0D7D34FB-5908-E0A4-45E8-CDE77E7B7A98</segment>
<tableSpace>0CE94FE4-92AB-934D-B471-D06F7EB099DD</tableSpace>
</LocalIndexProperties>
<LocalIndexProperties class="oracle.dbtools.crest.model.design.storage.oracle.LocalIndexProperties" name="LIP19" id="4EE6AE10-F9C1-05AD-5930-DE2908199E0B">
<createdBy>50472</createdBy>
<createdTime>2013-08-08 21:48:44 UTC</createdTime>
<ownerDesignName>BPM_Event_data_model_diagram</ownerDesignName>
<index>DCBE8503-446B-0579-916E-66E981CDC82D</index>
<logging>YES</logging>
<partitionName>SYS_P50</partitionName>
<segment>0D7D34FB-5908-E0A4-45E8-CDE77E7B7A98</segment>
<tableSpace>0CE94FE4-92AB-934D-B471-D06F7EB099DD</tableSpace>
</LocalIndexProperties>
</localIndexProperties>
</Partition>
<Partition class="oracle.dbtools.crest.model.design.storage.oracle.v11g.PartitionOraclev11g" name="SYS_P56" id="AB1CC287-E324-5476-71F5-A0964B830116">
<createdBy>50472</createdBy>
<createdTime>2013-08-08 21:48:44 UTC</createdTime>
<ownerDesignName>BPM_Event_data_model_diagram</ownerDesignName>
<dataSegmentCompression>NO</dataSegmentCompression>
<logging>YES</logging>
<position>5</position>
<segment>1D2CA58D-FAAA-2036-3CBA-40F0B32E6720</segment>
<tableSpace>ED71B489-8CBD-3CCE-5B50-21489D07961E</tableSpace>
<valueList>TO_DATE(&apos; 2013-06-14 00:00:00&apos;, &apos;SYYYY-MM-DD HH24:MI:SS&apos;, &apos;NLS_CALENDAR=GREGORIAN&apos;)</valueList>
<localIndexProperties>
<LocalIndexProperties class="oracle.dbtools.crest.model.design.storage.oracle.LocalIndexProperties" name="LIP12" id="CBC72BC9-FCC5-B096-51E7-C6E2FE13505D">
<createdBy>50472</createdBy>
<createdTime>2013-08-08 21:48:44 UTC</createdTime>
<ownerDesignName>BPM_Event_data_model_diagram</ownerDesignName>
<index>CE42D33E-0478-B017-D837-E8AE5FFDB516</index>
<logging>YES</logging>
<partitionName>SYS_P56</partitionName>
<segment>0D7D34FB-5908-E0A4-45E8-CDE77E7B7A98</segment>
<tableSpace>0CE94FE4-92AB-934D-B471-D06F7EB099DD</tableSpace>
</LocalIndexProperties>
<LocalIndexProperties class="oracle.dbtools.crest.model.design.storage.oracle.LocalIndexProperties" name="LIP20" id="DA9C14A5-DD7C-1F23-8056-0C109CFC79C0">
<createdBy>50472</createdBy>
<createdTime>2013-08-08 21:48:44 UTC</createdTime>
<ownerDesignName>BPM_Event_data_model_diagram</ownerDesignName>
<index>DCBE8503-446B-0579-916E-66E981CDC82D</index>
<logging>YES</logging>
<partitionName>SYS_P56</partitionName>
<segment>0D7D34FB-5908-E0A4-45E8-CDE77E7B7A98</segment>
<tableSpace>0CE94FE4-92AB-934D-B471-D06F7EB099DD</tableSpace>
</LocalIndexProperties>
</localIndexProperties>
</Partition>
<Partition class="oracle.dbtools.crest.model.design.storage.oracle.v11g.PartitionOraclev11g" name="SYS_P64" id="59868ABC-F17D-7289-95C5-D636D9931391">
<createdBy>50472</createdBy>
<createdTime>2013-08-08 21:48:44 UTC</createdTime>
<ownerDesignName>BPM_Event_data_model_diagram</ownerDesignName>
<dataSegmentCompression>NO</dataSegmentCompression>
<logging>YES</logging>
<position>6</position>
<segment>1D2CA58D-FAAA-2036-3CBA-40F0B32E6720</segment>
<tableSpace>ED71B489-8CBD-3CCE-5B50-21489D07961E</tableSpace>
<valueList>TO_DATE(&apos; 2013-06-18 00:00:00&apos;, &apos;SYYYY-MM-DD HH24:MI:SS&apos;, &apos;NLS_CALENDAR=GREGORIAN&apos;)</valueList>
<localIndexProperties>
<LocalIndexProperties class="oracle.dbtools.crest.model.design.storage.oracle.LocalIndexProperties" name="LIP13" id="46227DC2-1D43-7D24-EE16-A75196B9820D">
<createdBy>50472</createdBy>
<createdTime>2013-08-08 21:48:44 UTC</createdTime>
<ownerDesignName>BPM_Event_data_model_diagram</ownerDesignName>
<index>CE42D33E-0478-B017-D837-E8AE5FFDB516</index>
<logging>YES</logging>
<partitionName>SYS_P64</partitionName>
<segment>0D7D34FB-5908-E0A4-45E8-CDE77E7B7A98</segment>
<tableSpace>0CE94FE4-92AB-934D-B471-D06F7EB099DD</tableSpace>
</LocalIndexProperties>
<LocalIndexProperties class="oracle.dbtools.crest.model.design.storage.oracle.LocalIndexProperties" name="LIP21" id="DE1C31A3-4B4A-1CEA-94C9-BFB4A2A37EBE">
<createdBy>50472</createdBy>
<createdTime>2013-08-08 21:48:44 UTC</createdTime>
<ownerDesignName>BPM_Event_data_model_diagram</ownerDesignName>
<index>DCBE8503-446B-0579-916E-66E981CDC82D</index>
<logging>YES</logging>
<partitionName>SYS_P64</partitionName>
<segment>0D7D34FB-5908-E0A4-45E8-CDE77E7B7A98</segment>
<tableSpace>0CE94FE4-92AB-934D-B471-D06F7EB099DD</tableSpace>
</LocalIndexProperties>
</localIndexProperties>
</Partition>
<Partition class="oracle.dbtools.crest.model.design.storage.oracle.v11g.PartitionOraclev11g" name="SYS_P94" id="E2F8B237-B194-B6D1-F894-11A1745ECC27">
<createdBy>50472</createdBy>
<createdTime>2013-08-08 21:48:44 UTC</createdTime>
<ownerDesignName>BPM_Event_data_model_diagram</ownerDesignName>
<dataSegmentCompression>NO</dataSegmentCompression>
<logging>YES</logging>
<position>7</position>
<segment>1D2CA58D-FAAA-2036-3CBA-40F0B32E6720</segment>
<tableSpace>ED71B489-8CBD-3CCE-5B50-21489D07961E</tableSpace>
<valueList>TO_DATE(&apos; 2013-07-10 00:00:00&apos;, &apos;SYYYY-MM-DD HH24:MI:SS&apos;, &apos;NLS_CALENDAR=GREGORIAN&apos;)</valueList>
<localIndexProperties>
<LocalIndexProperties class="oracle.dbtools.crest.model.design.storage.oracle.LocalIndexProperties" name="LIP14" id="D3A897BA-9FC2-0208-BF74-D0014D7DDBD6">
<createdBy>50472</createdBy>
<createdTime>2013-08-08 21:48:44 UTC</createdTime>
<ownerDesignName>BPM_Event_data_model_diagram</ownerDesignName>
<index>CE42D33E-0478-B017-D837-E8AE5FFDB516</index>
<logging>YES</logging>
<partitionName>SYS_P94</partitionName>
<segment>0D7D34FB-5908-E0A4-45E8-CDE77E7B7A98</segment>
<tableSpace>0CE94FE4-92AB-934D-B471-D06F7EB099DD</tableSpace>
</LocalIndexProperties>
<LocalIndexProperties class="oracle.dbtools.crest.model.design.storage.oracle.LocalIndexProperties" name="LIP22" id="B4B4E157-FECA-6B78-8A09-282BF1677E28">
<createdBy>50472</createdBy>
<createdTime>2013-08-08 21:48:44 UTC</createdTime>
<ownerDesignName>BPM_Event_data_model_diagram</ownerDesignName>
<index>DCBE8503-446B-0579-916E-66E981CDC82D</index>
<logging>YES</logging>
<partitionName>SYS_P94</partitionName>
<segment>0D7D34FB-5908-E0A4-45E8-CDE77E7B7A98</segment>
<tableSpace>0CE94FE4-92AB-934D-B471-D06F7EB099DD</tableSpace>
</LocalIndexProperties>
</localIndexProperties>
</Partition>
<Partition class="oracle.dbtools.crest.model.design.storage.oracle.v11g.PartitionOraclev11g" name="SYS_P109" id="704C67EF-B219-1992-2B69-1609BF74FF84">
<createdBy>50472</createdBy>
<createdTime>2013-08-08 21:48:44 UTC</createdTime>
<ownerDesignName>BPM_Event_data_model_diagram</ownerDesignName>
<dataSegmentCompression>NO</dataSegmentCompression>
<logging>YES</logging>
<position>8</position>
<segment>1D2CA58D-FAAA-2036-3CBA-40F0B32E6720</segment>
<tableSpace>ED71B489-8CBD-3CCE-5B50-21489D07961E</tableSpace>
<valueList>TO_DATE(&apos; 2013-07-19 00:00:00&apos;, &apos;SYYYY-MM-DD HH24:MI:SS&apos;, &apos;NLS_CALENDAR=GREGORIAN&apos;)</valueList>
<localIndexProperties>
<LocalIndexProperties class="oracle.dbtools.crest.model.design.storage.oracle.LocalIndexProperties" name="LIP15" id="588AA356-3B41-2FF9-8250-25A2FD7CF71C">
<createdBy>50472</createdBy>
<createdTime>2013-08-08 21:48:44 UTC</createdTime>
<ownerDesignName>BPM_Event_data_model_diagram</ownerDesignName>
<index>CE42D33E-0478-B017-D837-E8AE5FFDB516</index>
<logging>YES</logging>
<partitionName>SYS_P109</partitionName>
<segment>0D7D34FB-5908-E0A4-45E8-CDE77E7B7A98</segment>
<tableSpace>0CE94FE4-92AB-934D-B471-D06F7EB099DD</tableSpace>
</LocalIndexProperties>
<LocalIndexProperties class="oracle.dbtools.crest.model.design.storage.oracle.LocalIndexProperties" name="LIP23" id="954DA970-1025-913A-A8CB-ACD183C3762D">
<createdBy>50472</createdBy>
<createdTime>2013-08-08 21:48:44 UTC</createdTime>
<ownerDesignName>BPM_Event_data_model_diagram</ownerDesignName>
<index>DCBE8503-446B-0579-916E-66E981CDC82D</index>
<logging>YES</logging>
<partitionName>SYS_P109</partitionName>
<segment>0D7D34FB-5908-E0A4-45E8-CDE77E7B7A98</segment>
<tableSpace>0CE94FE4-92AB-934D-B471-D06F7EB099DD</tableSpace>
</LocalIndexProperties>
</localIndexProperties>
</Partition>
</partitions>
<primaryKeys>
<PrimaryKey class="oracle.dbtools.crest.model.design.storage.oracle.v10g.PKProxyOraclev10g" name="PBQJB_PK" id="BD393CE5-F227-C5DE-0511-49E5BD7F609B">
<createdBy>50472</createdBy>
<createdTime>2013-08-08 16:19:09 UTC</createdTime>
<ownerDesignName>BPM_Event_data_model_diagram</ownerDesignName>
<tableSpace>0CE94FE4-92AB-934D-B471-D06F7EB099DD</tableSpace>
<existingIndex>DB19DD8F-F26F-CAB0-058F-64ED6221FD48</existingIndex>
<indexSegment>0D7D34FB-5908-E0A4-45E8-CDE77E7B7A98</indexSegment>
<indexSort>SORTED</indexSort>
<usingIndex>BY INDEX NAME</usingIndex>
</PrimaryKey>
</primaryKeys>
</TableProxyOraclev11g>