<?xml version = '1.0' encoding = 'UTF-8'?>
<TableProxyOraclev11g class="oracle.dbtools.crest.model.design.storage.oracle.v11g.TableProxyOraclev11g" name="BPM_ACTIVITY_TYPE_LKUP" id="60CD1CF4-603E-9B52-ED63-2F99EFA9D4B1" directorySegmentName="seg_0">
<createdBy>50472</createdBy>
<createdTime>2013-08-08 16:19:06 UTC</createdTime>
<ownerDesignName>BPM_Event_data_model_diagram</ownerDesignName>
<logging>YES</logging>
<partitionedRowMovement>DISABLE</partitionedRowMovement>
<segment>1D2CA58D-FAAA-2036-3CBA-40F0B32E6720</segment>
<tableSpace>ED71B489-8CBD-3CCE-5B50-21489D07961E</tableSpace>
<columnProxies>
<ColumnProxy class="oracle.dbtools.crest.model.design.storage.oracle.v11g.ColumnProxyOraclev11g" name="BACTL_ID" id="A2F0A03D-679F-256C-CA0A-3F89CA0913CF">
<createdBy>50472</createdBy>
<createdTime>2013-08-08 16:19:07 UTC</createdTime>
<ownerDesignName>BPM_Event_data_model_diagram</ownerDesignName>
</ColumnProxy>
<ColumnProxy class="oracle.dbtools.crest.model.design.storage.oracle.v11g.ColumnProxyOraclev11g" name="ACTIVITY_TYPE_CD" id="C82C7761-AD0D-B240-E5C0-987A808B9EA1">
<createdBy>50472</createdBy>
<createdTime>2013-08-08 16:19:07 UTC</createdTime>
<ownerDesignName>BPM_Event_data_model_diagram</ownerDesignName>
</ColumnProxy>
<ColumnProxy class="oracle.dbtools.crest.model.design.storage.oracle.v11g.ColumnProxyOraclev11g" name="ACTIVITY_TYPE_DESC" id="DAF3C089-90C8-2446-7D95-5A2E1943BAB3">
<createdBy>50472</createdBy>
<createdTime>2013-08-08 16:19:07 UTC</createdTime>
<ownerDesignName>BPM_Event_data_model_diagram</ownerDesignName>
</ColumnProxy>
</columnProxies>
<indexProxies>
<IndexProxy class="oracle.dbtools.crest.model.design.storage.oracle.v10g.IndexProxyOraclev10g" name="BATL_UNK" id="561F599A-D89C-91F5-5D55-401C3BDEC948">
<createdBy>50472</createdBy>
<createdTime>2013-08-08 16:19:08 UTC</createdTime>
<ownerDesignName>BPM_Event_data_model_diagram</ownerDesignName>
<segment>0D7D34FB-5908-E0A4-45E8-CDE77E7B7A98</segment>
<tableSpace>0CE94FE4-92AB-934D-B471-D06F7EB099DD</tableSpace>
</IndexProxy>
<IndexProxy class="oracle.dbtools.crest.model.design.storage.oracle.v10g.IndexProxyOraclev10g" name="BPM_ACTIVITY_TYPE_LKUP_PK" id="CEE5D6C7-D566-D652-E5D2-53F231E43FDF">
<createdBy>50472</createdBy>
<createdTime>2013-08-08 16:19:08 UTC</createdTime>
<ownerDesignName>BPM_Event_data_model_diagram</ownerDesignName>
<segment>0D7D34FB-5908-E0A4-45E8-CDE77E7B7A98</segment>
<tableSpace>0CE94FE4-92AB-934D-B471-D06F7EB099DD</tableSpace>
</IndexProxy>
</indexProxies>
<primaryKeys>
<PrimaryKey class="oracle.dbtools.crest.model.design.storage.oracle.v10g.PKProxyOraclev10g" name="BPM_ACTIVITY_TYPE_LKUP_PK" id="4E36D65F-2DA6-BB05-8A9D-031A290DF472">
<createdBy>50472</createdBy>
<createdTime>2013-08-08 16:19:09 UTC</createdTime>
<ownerDesignName>BPM_Event_data_model_diagram</ownerDesignName>
<tableSpace>0CE94FE4-92AB-934D-B471-D06F7EB099DD</tableSpace>
<existingIndex>CEE5D6C7-D566-D652-E5D2-53F231E43FDF</existingIndex>
<indexSegment>0D7D34FB-5908-E0A4-45E8-CDE77E7B7A98</indexSegment>
<indexSort>SORTED</indexSort>
<usingIndex>BY INDEX NAME</usingIndex>
</PrimaryKey>
</primaryKeys>
<uniqueKeys>
<UniqueKey class="oracle.dbtools.crest.model.design.storage.oracle.v10g.UniqueOraclev10g" name="BATL_UNK" id="9E019684-C435-59C0-7E4A-0A634C025191">
<createdBy>50472</createdBy>
<createdTime>2013-08-08 16:19:09 UTC</createdTime>
<ownerDesignName>BPM_Event_data_model_diagram</ownerDesignName>
<tableSpace>0CE94FE4-92AB-934D-B471-D06F7EB099DD</tableSpace>
<existingIndex>561F599A-D89C-91F5-5D55-401C3BDEC948</existingIndex>
<indexSegment>0D7D34FB-5908-E0A4-45E8-CDE77E7B7A98</indexSegment>
<indexSort>SORTED</indexSort>
<usingIndex>BY INDEX NAME</usingIndex>
</UniqueKey>
</uniqueKeys>
</TableProxyOraclev11g>