<?xml version = '1.0' encoding = 'UTF-8'?>
<TableProxyOraclev11g class="oracle.dbtools.crest.model.design.storage.oracle.v11g.TableProxyOraclev11g" name="BPM_ATTRIBUTE_LKUP" id="9BF8C188-C299-9DC7-A585-D83E5008240D" directorySegmentName="seg_0">
<createdBy>50472</createdBy>
<createdTime>2013-08-08 16:19:06 UTC</createdTime>
<ownerDesignName>BPM_Event_data_model_diagram</ownerDesignName>
<logging>YES</logging>
<partitionedRowMovement>DISABLE</partitionedRowMovement>
<segment>1D2CA58D-FAAA-2036-3CBA-40F0B32E6720</segment>
<tableSpace>ED71B489-8CBD-3CCE-5B50-21489D07961E</tableSpace>
<columnProxies>
<ColumnProxy class="oracle.dbtools.crest.model.design.storage.oracle.v11g.ColumnProxyOraclev11g" name="BAL_ID" id="4B75B903-14C4-999D-640C-FA3AB1A6C777">
<createdBy>50472</createdBy>
<createdTime>2013-08-08 16:19:07 UTC</createdTime>
<ownerDesignName>BPM_Event_data_model_diagram</ownerDesignName>
</ColumnProxy>
<ColumnProxy class="oracle.dbtools.crest.model.design.storage.oracle.v11g.ColumnProxyOraclev11g" name="BDL_ID" id="6385B427-E356-7D0B-9938-6C9EFCD7BFF0">
<createdBy>50472</createdBy>
<createdTime>2013-08-08 16:19:07 UTC</createdTime>
<ownerDesignName>BPM_Event_data_model_diagram</ownerDesignName>
</ColumnProxy>
<ColumnProxy class="oracle.dbtools.crest.model.design.storage.oracle.v11g.ColumnProxyOraclev11g" name="PURPOSE" id="96F762E3-A942-0953-F125-47A7989A4565">
<createdBy>50472</createdBy>
<createdTime>2013-08-08 16:19:07 UTC</createdTime>
<ownerDesignName>BPM_Event_data_model_diagram</ownerDesignName>
</ColumnProxy>
<ColumnProxy class="oracle.dbtools.crest.model.design.storage.oracle.v11g.ColumnProxyOraclev11g" name="NAME" id="B2CD344D-C578-E5B6-E465-B31B834128D6">
<createdBy>50472</createdBy>
<createdTime>2013-08-08 16:19:07 UTC</createdTime>
<ownerDesignName>BPM_Event_data_model_diagram</ownerDesignName>
</ColumnProxy>
</columnProxies>
<indexProxies>
<IndexProxy class="oracle.dbtools.crest.model.design.storage.oracle.v10g.IndexProxyOraclev10g" name="BPM_ATTRIBUTE_LKUP_PK" id="4EB0C42C-116D-C527-BDE1-E1AEFB4714EF">
<createdBy>50472</createdBy>
<createdTime>2013-08-08 16:19:08 UTC</createdTime>
<ownerDesignName>BPM_Event_data_model_diagram</ownerDesignName>
<segment>0D7D34FB-5908-E0A4-45E8-CDE77E7B7A98</segment>
<tableSpace>0CE94FE4-92AB-934D-B471-D06F7EB099DD</tableSpace>
</IndexProxy>
<IndexProxy class="oracle.dbtools.crest.model.design.storage.oracle.v10g.IndexProxyOraclev10g" name="BPM_ATTRIBUTE_LKUP_UNK" id="5345C3D2-C1FD-9BB9-4263-075AAB9D3994">
<createdBy>50472</createdBy>
<createdTime>2013-08-08 16:19:08 UTC</createdTime>
<ownerDesignName>BPM_Event_data_model_diagram</ownerDesignName>
<segment>0D7D34FB-5908-E0A4-45E8-CDE77E7B7A98</segment>
<tableSpace>0CE94FE4-92AB-934D-B471-D06F7EB099DD</tableSpace>
</IndexProxy>
</indexProxies>
<foreignKeys>
<ForeignKey class="oracle.dbtools.crest.model.design.storage.oracle.v10g.FKProxyOraclev10g" name="BAL_BDL_FK" id="3AB402F0-30FC-F888-BC7B-9B0092B604B8">
<createdBy>50472</createdBy>
<createdTime>2013-08-08 16:19:10 UTC</createdTime>
<ownerDesignName>BPM_Event_data_model_diagram</ownerDesignName>
</ForeignKey>
</foreignKeys>
<primaryKeys>
<PrimaryKey class="oracle.dbtools.crest.model.design.storage.oracle.v10g.PKProxyOraclev10g" name="BPM_ATTRIBUTE_LKUP_PK" id="0ECFE027-6AAB-4E69-2765-D005E8EEAAFD">
<createdBy>50472</createdBy>
<createdTime>2013-08-08 16:19:09 UTC</createdTime>
<ownerDesignName>BPM_Event_data_model_diagram</ownerDesignName>
<tableSpace>0CE94FE4-92AB-934D-B471-D06F7EB099DD</tableSpace>
<existingIndex>4EB0C42C-116D-C527-BDE1-E1AEFB4714EF</existingIndex>
<indexSegment>0D7D34FB-5908-E0A4-45E8-CDE77E7B7A98</indexSegment>
<indexSort>SORTED</indexSort>
<usingIndex>BY INDEX NAME</usingIndex>
</PrimaryKey>
</primaryKeys>
<uniqueKeys>
<UniqueKey class="oracle.dbtools.crest.model.design.storage.oracle.v10g.UniqueOraclev10g" name="BPM_ATTRIBUTE_LKUP_UNK" id="919C86A0-69BE-6D5C-8883-B44D0DFB9C07">
<createdBy>50472</createdBy>
<createdTime>2013-08-08 16:19:09 UTC</createdTime>
<ownerDesignName>BPM_Event_data_model_diagram</ownerDesignName>
<tableSpace>0CE94FE4-92AB-934D-B471-D06F7EB099DD</tableSpace>
<existingIndex>5345C3D2-C1FD-9BB9-4263-075AAB9D3994</existingIndex>
<indexSegment>0D7D34FB-5908-E0A4-45E8-CDE77E7B7A98</indexSegment>
<indexSort>SORTED</indexSort>
<usingIndex>BY INDEX NAME</usingIndex>
</UniqueKey>
</uniqueKeys>
</TableProxyOraclev11g>