<?xml version = '1.0' encoding = 'UTF-8'?>
<TableProxyOraclev11g class="oracle.dbtools.crest.model.design.storage.oracle.v11g.TableProxyOraclev11g" name="BPM_INSTANCE_ATTRIBUTE" id="ED6453DC-BD0C-6056-32CF-3C36292B1667" directorySegmentName="seg_0">
<createdBy>50472</createdBy>
<createdTime>2013-08-08 16:19:06 UTC</createdTime>
<ownerDesignName>BPM_Event_data_model_diagram</ownerDesignName>
<logging>YES</logging>
<parallel>YES</parallel>
<partitionList class="oracle.dbtools.crest.model.design.storage.oracle.v11g.PartitionListOraclev11g" name="PL2" id="0F8C77F5-BDD3-C7E4-DAFE-2BD1C208B73D">
<createdBy>50472</createdBy>
<createdTime>2013-08-08 16:19:11 UTC</createdTime>
<ownerDesignName>BPM_Event_data_model_diagram</ownerDesignName>
<columnIDs>297CF9C2-2D43-6739-D690-DB0F0B4FBAD9</columnIDs>
<intervalExpression>1</intervalExpression>
</partitionList>
<partitioned>YES</partitioned>
<partitionedRowMovement>DISABLE</partitionedRowMovement>
<segment>B9007486-0B9C-F08E-931C-0C4941841F8A</segment>
<tableSpace>ED71B489-8CBD-3CCE-5B50-21489D07961E</tableSpace>
<columnProxies>
<ColumnProxy class="oracle.dbtools.crest.model.design.storage.oracle.v11g.ColumnProxyOraclev11g" name="BA_ID" id="297CF9C2-2D43-6739-D690-DB0F0B4FBAD9">
<createdBy>50472</createdBy>
<createdTime>2013-08-08 16:19:07 UTC</createdTime>
<ownerDesignName>BPM_Event_data_model_diagram</ownerDesignName>
</ColumnProxy>
<ColumnProxy class="oracle.dbtools.crest.model.design.storage.oracle.v11g.ColumnProxyOraclev11g" name="BI_ID" id="2E506361-8479-FD1B-3EB8-DD5C35CCF80C">
<createdBy>50472</createdBy>
<createdTime>2013-08-08 16:19:07 UTC</createdTime>
<ownerDesignName>BPM_Event_data_model_diagram</ownerDesignName>
</ColumnProxy>
<ColumnProxy class="oracle.dbtools.crest.model.design.storage.oracle.v11g.ColumnProxyOraclev11g" name="VALUE_DATE" id="3E5E4919-6B8A-DE3D-B384-2263FF9EE170">
<createdBy>50472</createdBy>
<createdTime>2013-08-08 16:19:07 UTC</createdTime>
<ownerDesignName>BPM_Event_data_model_diagram</ownerDesignName>
</ColumnProxy>
<ColumnProxy class="oracle.dbtools.crest.model.design.storage.oracle.v11g.ColumnProxyOraclev11g" name="START_DATE" id="58AA7DB9-358E-555B-B998-4CFE0DA6E21F">
<createdBy>50472</createdBy>
<createdTime>2013-08-08 16:19:07 UTC</createdTime>
<ownerDesignName>BPM_Event_data_model_diagram</ownerDesignName>
</ColumnProxy>
<ColumnProxy class="oracle.dbtools.crest.model.design.storage.oracle.v11g.ColumnProxyOraclev11g" name="VALUE_NUMBER" id="6F9B7620-D457-5075-F33B-9049248B7E75">
<createdBy>50472</createdBy>
<createdTime>2013-08-08 16:19:07 UTC</createdTime>
<ownerDesignName>BPM_Event_data_model_diagram</ownerDesignName>
</ColumnProxy>
<ColumnProxy class="oracle.dbtools.crest.model.design.storage.oracle.v11g.ColumnProxyOraclev11g" name="BUE_ID" id="7D229E3D-AEF8-65A4-0EE1-1975802E7786">
<createdBy>50472</createdBy>
<createdTime>2013-08-08 16:19:07 UTC</createdTime>
<ownerDesignName>BPM_Event_data_model_diagram</ownerDesignName>
</ColumnProxy>
<ColumnProxy class="oracle.dbtools.crest.model.design.storage.oracle.v11g.ColumnProxyOraclev11g" name="VALUE_CHAR" id="8AE44825-AB6E-3505-4344-0B920F8BBAEB">
<createdBy>50472</createdBy>
<createdTime>2013-08-08 16:19:07 UTC</createdTime>
<ownerDesignName>BPM_Event_data_model_diagram</ownerDesignName>
</ColumnProxy>
<ColumnProxy class="oracle.dbtools.crest.model.design.storage.oracle.v11g.ColumnProxyOraclev11g" name="BIA_ID" id="DD318E43-F4C7-D536-8443-838568BAA3C4">
<createdBy>50472</createdBy>
<createdTime>2013-08-08 16:19:07 UTC</createdTime>
<ownerDesignName>BPM_Event_data_model_diagram</ownerDesignName>
</ColumnProxy>
<ColumnProxy class="oracle.dbtools.crest.model.design.storage.oracle.v11g.ColumnProxyOraclev11g" name="END_DATE" id="ED2542DF-1707-7FEE-E842-6C5B24190E34">
<createdBy>50472</createdBy>
<createdTime>2013-08-08 16:19:07 UTC</createdTime>
<ownerDesignName>BPM_Event_data_model_diagram</ownerDesignName>
</ColumnProxy>
</columnProxies>
<indexProxies>
<IndexProxy class="oracle.dbtools.crest.model.design.storage.oracle.v10g.IndexProxyOraclev10g" name="BPM_INSTANCE_ATTRIBUTE_IX1" id="12CE256B-0833-92F8-F3CB-F16B81D9D25E">
<createdBy>50472</createdBy>
<createdTime>2013-08-08 16:19:08 UTC</createdTime>
<ownerDesignName>BPM_Event_data_model_diagram</ownerDesignName>
<parallel>YES</parallel>
<segment>0D7D34FB-5908-E0A4-45E8-CDE77E7B7A98</segment>
<tableSpace>0CE94FE4-92AB-934D-B471-D06F7EB099DD</tableSpace>
</IndexProxy>
<IndexProxy class="oracle.dbtools.crest.model.design.storage.oracle.v10g.IndexProxyOraclev10g" name="BPM_INSTANCE_ATTRIBUTE_LX1" id="3D3C8916-5D88-7858-86E1-7563E638BCA6">
<createdBy>50472</createdBy>
<createdTime>2013-08-08 16:19:08 UTC</createdTime>
<ownerDesignName>BPM_Event_data_model_diagram</ownerDesignName>
<partitioned>true</partitioned>
<indexPartitioned>LOCAL</indexPartitioned>
<parallel>YES</parallel>
<segment>8CEB3208-2545-13F0-62B9-F141D8E894C3</segment>
<tableSpace>0CE94FE4-92AB-934D-B471-D06F7EB099DD</tableSpace>
</IndexProxy>
<IndexProxy class="oracle.dbtools.crest.model.design.storage.oracle.v10g.IndexProxyOraclev10g" name="BPM_INSTANCE_ATTRIBUTE_IX2" id="7EDAC3C5-E2F7-B047-0C9A-97AC3D07A9BA">
<createdBy>50472</createdBy>
<createdTime>2013-08-08 16:19:08 UTC</createdTime>
<ownerDesignName>BPM_Event_data_model_diagram</ownerDesignName>
<parallel>YES</parallel>
<segment>0D7D34FB-5908-E0A4-45E8-CDE77E7B7A98</segment>
<tableSpace>0CE94FE4-92AB-934D-B471-D06F7EB099DD</tableSpace>
</IndexProxy>
<IndexProxy class="oracle.dbtools.crest.model.design.storage.oracle.v10g.IndexProxyOraclev10g" name="BPM_INSTANCE_ATTRIBUTE_UNK1" id="8FF4FF9A-4160-6351-2AEF-B081CB8087F5">
<createdBy>50472</createdBy>
<createdTime>2013-08-08 16:19:08 UTC</createdTime>
<ownerDesignName>BPM_Event_data_model_diagram</ownerDesignName>
<parallel>YES</parallel>
<segment>0D7D34FB-5908-E0A4-45E8-CDE77E7B7A98</segment>
<tableSpace>0CE94FE4-92AB-934D-B471-D06F7EB099DD</tableSpace>
</IndexProxy>
<IndexProxy class="oracle.dbtools.crest.model.design.storage.oracle.v10g.IndexProxyOraclev10g" name="BPM_INSTANCE_ATTRIBUTE_PK" id="FF9B6D01-FECD-F496-AAA4-9BEC4328F422">
<createdBy>50472</createdBy>
<createdTime>2013-08-08 16:19:08 UTC</createdTime>
<ownerDesignName>BPM_Event_data_model_diagram</ownerDesignName>
<parallel>YES</parallel>
<segment>0D7D34FB-5908-E0A4-45E8-CDE77E7B7A98</segment>
<tableSpace>0CE94FE4-92AB-934D-B471-D06F7EB099DD</tableSpace>
</IndexProxy>
</indexProxies>
<foreignKeys>
<ForeignKey class="oracle.dbtools.crest.model.design.storage.oracle.v10g.FKProxyOraclev10g" name="BIA_BA_FK" id="04723096-B664-2E07-F2A1-3A9082A1178C">
<createdBy>50472</createdBy>
<createdTime>2013-08-08 16:19:10 UTC</createdTime>
<ownerDesignName>BPM_Event_data_model_diagram</ownerDesignName>
</ForeignKey>
<ForeignKey class="oracle.dbtools.crest.model.design.storage.oracle.v10g.FKProxyOraclev10g" name="BIA_BI_FK" id="8A2ED8A1-39AF-438A-C4A3-DDAA0FA290EC">
<createdBy>50472</createdBy>
<createdTime>2013-08-08 16:19:10 UTC</createdTime>
<ownerDesignName>BPM_Event_data_model_diagram</ownerDesignName>
</ForeignKey>
<ForeignKey class="oracle.dbtools.crest.model.design.storage.oracle.v10g.FKProxyOraclev10g" name="BIA_BUE_FK" id="AAC8E3E6-C89E-BB66-D60B-15E8D8A644D2">
<createdBy>50472</createdBy>
<createdTime>2013-08-08 16:19:10 UTC</createdTime>
<ownerDesignName>BPM_Event_data_model_diagram</ownerDesignName>
</ForeignKey>
</foreignKeys>
<partitions>
<Partition class="oracle.dbtools.crest.model.design.storage.oracle.v11g.PartitionOraclev11g" name="PT_BIA_BA_LT_0" id="DAA3D763-5F4E-EC46-0549-40CF1328EF29">
<createdBy>50472</createdBy>
<createdTime>2013-08-08 16:19:11 UTC</createdTime>
<ownerDesignName>BPM_Event_data_model_diagram</ownerDesignName>
<dataSegmentCompression>NO</dataSegmentCompression>
<logging>YES</logging>
<position>1</position>
<segment>1D2CA58D-FAAA-2036-3CBA-40F0B32E6720</segment>
<tableSpace>ED71B489-8CBD-3CCE-5B50-21489D07961E</tableSpace>
<valueList>0</valueList>
<localIndexProperties>
<LocalIndexProperties class="oracle.dbtools.crest.model.design.storage.oracle.LocalIndexProperties" name="LIP1" id="361C86A1-382B-E079-27A4-5B2AD4208B3D">
<createdBy>50472</createdBy>
<createdTime>2013-08-08 16:19:12 UTC</createdTime>
<ownerDesignName>BPM_Event_data_model_diagram</ownerDesignName>
<index>3D3C8916-5D88-7858-86E1-7563E638BCA6</index>
<logging>YES</logging>
<partitionName>PT_BIA_BA_LT_0</partitionName>
<segment>0D7D34FB-5908-E0A4-45E8-CDE77E7B7A98</segment>
<tableSpace>0CE94FE4-92AB-934D-B471-D06F7EB099DD</tableSpace>
</LocalIndexProperties>
</localIndexProperties>
</Partition>
</partitions>
<primaryKeys>
<PrimaryKey class="oracle.dbtools.crest.model.design.storage.oracle.v10g.PKProxyOraclev10g" name="BPM_INSTANCE_ATTRIBUTE_PK" id="3C79DE8D-0B5B-5846-3617-6CE82EB6B421">
<createdBy>50472</createdBy>
<createdTime>2013-08-08 16:19:09 UTC</createdTime>
<ownerDesignName>BPM_Event_data_model_diagram</ownerDesignName>
<tableSpace>0CE94FE4-92AB-934D-B471-D06F7EB099DD</tableSpace>
<existingIndex>FF9B6D01-FECD-F496-AAA4-9BEC4328F422</existingIndex>
<indexSegment>0D7D34FB-5908-E0A4-45E8-CDE77E7B7A98</indexSegment>
<indexSort>SORTED</indexSort>
<usingIndex>BY INDEX NAME</usingIndex>
</PrimaryKey>
</primaryKeys>
</TableProxyOraclev11g>