<?xml version = '1.0' encoding = 'UTF-8'?>
<TableProxyOraclev11g class="oracle.dbtools.crest.model.design.storage.oracle.v11g.TableProxyOraclev11g" name="BPM_LOGGING" id="F898DF32-C625-ADCD-64E8-30BAB089C3F4" directorySegmentName="seg_0">
<createdBy>50472</createdBy>
<createdTime>2013-08-08 16:19:06 UTC</createdTime>
<ownerDesignName>BPM_Event_data_model_diagram</ownerDesignName>
<logging>YES</logging>
<parallel>YES</parallel>
<partitionList class="oracle.dbtools.crest.model.design.storage.oracle.v11g.PartitionListOraclev11g" name="PL3" id="92D049E7-6E43-33C8-12F8-4C3DDB5193D2">
<createdBy>50472</createdBy>
<createdTime>2013-08-08 16:19:11 UTC</createdTime>
<ownerDesignName>BPM_Event_data_model_diagram</ownerDesignName>
<columnIDs>6DBB6E67-44F2-279C-F529-0D4767A11A38</columnIDs>
<intervalExpression>NUMTODSINTERVAL(1,&apos;DAY&apos;)</intervalExpression>
</partitionList>
<partitioned>YES</partitioned>
<partitionedRowMovement>DISABLE</partitionedRowMovement>
<segment>E6935EC4-2804-593C-E010-612BE9E2DAE9</segment>
<tableSpace>ED71B489-8CBD-3CCE-5B50-21489D07961E</tableSpace>
<columnProxies>
<ColumnProxy class="oracle.dbtools.crest.model.design.storage.oracle.v11g.ColumnProxyOraclev11g" name="BSL_ID" id="01EC3E27-CE05-F88C-6D5C-36E81DCD4EEB">
<createdBy>50472</createdBy>
<createdTime>2013-08-08 16:19:07 UTC</createdTime>
<ownerDesignName>BPM_Event_data_model_diagram</ownerDesignName>
</ColumnProxy>
<ColumnProxy class="oracle.dbtools.crest.model.design.storage.oracle.v11g.ColumnProxyOraclev11g" name="PBQJ_ID" id="0777B888-36E8-87BB-2EF7-583656F507E7">
<createdBy>50472</createdBy>
<createdTime>2013-08-08 16:19:07 UTC</createdTime>
<ownerDesignName>BPM_Event_data_model_diagram</ownerDesignName>
</ColumnProxy>
<ColumnProxy class="oracle.dbtools.crest.model.design.storage.oracle.v11g.ColumnProxyOraclev11g" name="LOG_LEVEL" id="12828A8B-0540-0A54-F1E6-0144FB8D5D9E">
<createdBy>50472</createdBy>
<createdTime>2013-08-08 16:19:07 UTC</createdTime>
<ownerDesignName>BPM_Event_data_model_diagram</ownerDesignName>
</ColumnProxy>
<ColumnProxy class="oracle.dbtools.crest.model.design.storage.oracle.v11g.ColumnProxyOraclev11g" name="BI_ID" id="180786BA-2024-D71E-CEDF-799213D719FC">
<createdBy>50472</createdBy>
<createdTime>2013-08-08 16:19:07 UTC</createdTime>
<ownerDesignName>BPM_Event_data_model_diagram</ownerDesignName>
</ColumnProxy>
<ColumnProxy class="oracle.dbtools.crest.model.design.storage.oracle.v11g.ColumnProxyOraclev11g" name="BA_ID" id="2B9FEB5D-8EC7-6C65-1335-257046530EBF">
<createdBy>50472</createdBy>
<createdTime>2013-08-08 16:19:07 UTC</createdTime>
<ownerDesignName>BPM_Event_data_model_diagram</ownerDesignName>
</ColumnProxy>
<ColumnProxy class="oracle.dbtools.crest.model.design.storage.oracle.v11g.ColumnProxyOraclev11g" name="RUN_DATA_OBJECT" id="4F96CB26-9B97-E971-EF3F-F2193C439FF8">
<createdBy>50472</createdBy>
<createdTime>2013-08-08 16:19:07 UTC</createdTime>
<ownerDesignName>BPM_Event_data_model_diagram</ownerDesignName>
</ColumnProxy>
<ColumnProxy class="oracle.dbtools.crest.model.design.storage.oracle.v11g.ColumnProxyOraclev11g" name="BACKTRACE" id="53FDE7B1-94F0-6EF5-3BBC-D495CB30F50F">
<createdBy>50472</createdBy>
<createdTime>2013-08-08 16:19:07 UTC</createdTime>
<ownerDesignName>BPM_Event_data_model_diagram</ownerDesignName>
</ColumnProxy>
<ColumnProxy class="oracle.dbtools.crest.model.design.storage.oracle.v11g.ColumnProxyOraclev11g" name="BL_ID" id="63E08DB2-BEA7-EF52-281F-1F9A7E0570B7">
<createdBy>50472</createdBy>
<createdTime>2013-08-08 16:19:07 UTC</createdTime>
<ownerDesignName>BPM_Event_data_model_diagram</ownerDesignName>
</ColumnProxy>
<ColumnProxy class="oracle.dbtools.crest.model.design.storage.oracle.v11g.ColumnProxyOraclev11g" name="LOG_DATE" id="6DBB6E67-44F2-279C-F529-0D4767A11A38">
<createdBy>50472</createdBy>
<createdTime>2013-08-08 16:19:07 UTC</createdTime>
<ownerDesignName>BPM_Event_data_model_diagram</ownerDesignName>
</ColumnProxy>
<ColumnProxy class="oracle.dbtools.crest.model.design.storage.oracle.v11g.ColumnProxyOraclev11g" name="IDENTIFIER" id="A304CA7B-2214-27F5-443C-18154A62EA9D">
<createdBy>50472</createdBy>
<createdTime>2013-08-08 16:19:07 UTC</createdTime>
<ownerDesignName>BPM_Event_data_model_diagram</ownerDesignName>
</ColumnProxy>
<ColumnProxy class="oracle.dbtools.crest.model.design.storage.oracle.v11g.ColumnProxyOraclev11g" name="ERROR_NUMBER" id="BFA912A3-78E1-55BD-4146-39D03E78C1A8">
<createdBy>50472</createdBy>
<createdTime>2013-08-08 16:19:07 UTC</createdTime>
<ownerDesignName>BPM_Event_data_model_diagram</ownerDesignName>
</ColumnProxy>
<ColumnProxy class="oracle.dbtools.crest.model.design.storage.oracle.v11g.ColumnProxyOraclev11g" name="MESSAGE" id="C0267FD1-111E-8A7A-9E23-E655027ADAF1">
<createdBy>50472</createdBy>
<createdTime>2013-08-08 16:19:07 UTC</createdTime>
<ownerDesignName>BPM_Event_data_model_diagram</ownerDesignName>
</ColumnProxy>
<ColumnProxy class="oracle.dbtools.crest.model.design.storage.oracle.v11g.ColumnProxyOraclev11g" name="BIL_ID" id="E3459824-1F14-6662-1035-3DDDD8DB1BD9">
<createdBy>50472</createdBy>
<createdTime>2013-08-08 16:19:07 UTC</createdTime>
<ownerDesignName>BPM_Event_data_model_diagram</ownerDesignName>
</ColumnProxy>
</columnProxies>
<indexProxies>
<IndexProxy class="oracle.dbtools.crest.model.design.storage.oracle.v10g.IndexProxyOraclev10g" name="BPM_LOGGING_PK" id="2D983B4B-CFC7-AC1E-590E-0C843D08DA50">
<createdBy>50472</createdBy>
<createdTime>2013-08-08 16:19:08 UTC</createdTime>
<ownerDesignName>BPM_Event_data_model_diagram</ownerDesignName>
<parallel>YES</parallel>
<segment>0D7D34FB-5908-E0A4-45E8-CDE77E7B7A98</segment>
<tableSpace>0CE94FE4-92AB-934D-B471-D06F7EB099DD</tableSpace>
</IndexProxy>
<IndexProxy class="oracle.dbtools.crest.model.design.storage.oracle.v10g.IndexProxyOraclev10g" name="BPM_LOGGING_LX1" id="F72CF171-2560-E50A-4C2D-1736684AD75B">
<createdBy>50472</createdBy>
<createdTime>2013-08-08 16:19:08 UTC</createdTime>
<ownerDesignName>BPM_Event_data_model_diagram</ownerDesignName>
<parallel>YES</parallel>
<segment>0D7D34FB-5908-E0A4-45E8-CDE77E7B7A98</segment>
<tableSpace>0CE94FE4-92AB-934D-B471-D06F7EB099DD</tableSpace>
</IndexProxy>
</indexProxies>
<lobStorages>
<LobStorage class="oracle.dbtools.crest.model.design.storage.oracle.v11g.LobStorageOraclev11g" name="SYS_LOB0000073485C00011$$" id="6315924E-C148-3D11-DF94-BE6ED0E8A2CE">
<createdBy>50472</createdBy>
<createdTime>2013-08-08 16:19:12 UTC</createdTime>
<ownerDesignName>BPM_Event_data_model_diagram</ownerDesignName>
<cache>NOCACHE</cache>
<chunk>1</chunk>
<column>MESSAGE</column>
<pcTVersion>10</pcTVersion>
</LobStorage>
<LobStorage class="oracle.dbtools.crest.model.design.storage.oracle.v11g.LobStorageOraclev11g" name="SYS_LOB0000073485C00013$$" id="3229662F-BB45-8574-B372-E6CB62B80C27">
<createdBy>50472</createdBy>
<createdTime>2013-08-08 16:19:12 UTC</createdTime>
<ownerDesignName>BPM_Event_data_model_diagram</ownerDesignName>
<cache>NOCACHE</cache>
<chunk>1</chunk>
<column>BACKTRACE</column>
<pcTVersion>10</pcTVersion>
</LobStorage>
</lobStorages>
<partitions>
<Partition class="oracle.dbtools.crest.model.design.storage.oracle.v11g.PartitionOraclev11g" name="PT_BL_LOG_DATE_LT_2012" id="68739CE9-7340-D7EF-27DA-D669FBA28CB6">
<createdBy>50472</createdBy>
<createdTime>2013-08-08 16:19:11 UTC</createdTime>
<ownerDesignName>BPM_Event_data_model_diagram</ownerDesignName>
<dataSegmentCompression>NO</dataSegmentCompression>
<logging>YES</logging>
<position>1</position>
<segment>1D2CA58D-FAAA-2036-3CBA-40F0B32E6720</segment>
<tableSpace>ED71B489-8CBD-3CCE-5B50-21489D07961E</tableSpace>
<valueList>TO_DATE(&apos; 2012-01-01 00:00:00&apos;, &apos;SYYYY-MM-DD HH24:MI:SS&apos;, &apos;NLS_CALENDAR=GREGORIAN&apos;)</valueList>
<lobs>
<Lob class="oracle.dbtools.crest.model.design.storage.oracle.v11g.LobStorageOraclev11g" name="SYS_LOB0000073485C00011$$" id="E668DBF0-D121-4116-B268-E70ACE4844FA">
<createdBy>50472</createdBy>
<createdTime>2013-08-08 16:19:11 UTC</createdTime>
<ownerDesignName>BPM_Event_data_model_diagram</ownerDesignName>
<cache>NOCACHE</cache>
<chunk>8192</chunk>
<column>MESSAGE</column>
<logging>YES</logging>
<pcTVersion>10</pcTVersion>
<scInitialExtent>65536</scInitialExtent>
<scMaxExtents>2147483645</scMaxExtents>
<scNextExtent>1048576</scNextExtent>
<tableSpace>ED71B489-8CBD-3CCE-5B50-21489D07961E</tableSpace>
</Lob>
<Lob class="oracle.dbtools.crest.model.design.storage.oracle.v11g.LobStorageOraclev11g" name="SYS_LOB0000073485C00013$$" id="F528DBB6-C3D7-17FA-4CF1-B85849841349">
<createdBy>50472</createdBy>
<createdTime>2013-08-08 16:19:11 UTC</createdTime>
<ownerDesignName>BPM_Event_data_model_diagram</ownerDesignName>
<cache>NOCACHE</cache>
<chunk>8192</chunk>
<column>BACKTRACE</column>
<logging>YES</logging>
<pcTVersion>10</pcTVersion>
<scInitialExtent>65536</scInitialExtent>
<scMaxExtents>2147483645</scMaxExtents>
<scNextExtent>1048576</scNextExtent>
<tableSpace>ED71B489-8CBD-3CCE-5B50-21489D07961E</tableSpace>
</Lob>
</lobs>
</Partition>
<Partition class="oracle.dbtools.crest.model.design.storage.oracle.v11g.PartitionOraclev11g" name="SYS_P33" id="FAF0686B-A607-4ECF-BB6D-7294AEE1E3C4">
<createdBy>50472</createdBy>
<createdTime>2013-08-08 16:19:11 UTC</createdTime>
<ownerDesignName>BPM_Event_data_model_diagram</ownerDesignName>
<dataSegmentCompression>NO</dataSegmentCompression>
<logging>YES</logging>
<position>2</position>
<segment>1D2CA58D-FAAA-2036-3CBA-40F0B32E6720</segment>
<tableSpace>ED71B489-8CBD-3CCE-5B50-21489D07961E</tableSpace>
<valueList>TO_DATE(&apos; 2013-06-01 00:00:00&apos;, &apos;SYYYY-MM-DD HH24:MI:SS&apos;, &apos;NLS_CALENDAR=GREGORIAN&apos;)</valueList>
<lobs>
<Lob class="oracle.dbtools.crest.model.design.storage.oracle.v11g.LobStorageOraclev11g" name="SYS_LOB0000073485C00011$$" id="34267B58-063A-5BA6-14E4-E8D4F4388EC7">
<createdBy>50472</createdBy>
<createdTime>2013-08-08 16:19:11 UTC</createdTime>
<ownerDesignName>BPM_Event_data_model_diagram</ownerDesignName>
<cache>NOCACHE</cache>
<chunk>8192</chunk>
<column>MESSAGE</column>
<logging>YES</logging>
<pcTVersion>10</pcTVersion>
<scInitialExtent>65536</scInitialExtent>
<scMaxExtents>2147483645</scMaxExtents>
<scNextExtent>1048576</scNextExtent>
<tableSpace>ED71B489-8CBD-3CCE-5B50-21489D07961E</tableSpace>
</Lob>
<Lob class="oracle.dbtools.crest.model.design.storage.oracle.v11g.LobStorageOraclev11g" name="SYS_LOB0000073485C00013$$" id="AA19532A-8375-4DBF-EFBE-9C1D374983E0">
<createdBy>50472</createdBy>
<createdTime>2013-08-08 16:19:11 UTC</createdTime>
<ownerDesignName>BPM_Event_data_model_diagram</ownerDesignName>
<cache>NOCACHE</cache>
<chunk>8192</chunk>
<column>BACKTRACE</column>
<logging>YES</logging>
<pcTVersion>10</pcTVersion>
<scInitialExtent>65536</scInitialExtent>
<scMaxExtents>2147483645</scMaxExtents>
<scNextExtent>1048576</scNextExtent>
<tableSpace>ED71B489-8CBD-3CCE-5B50-21489D07961E</tableSpace>
</Lob>
</lobs>
</Partition>
<Partition class="oracle.dbtools.crest.model.design.storage.oracle.v11g.PartitionOraclev11g" name="SYS_P39" id="0D8CE069-E686-C8F9-25C2-1FF007A8C402">
<createdBy>50472</createdBy>
<createdTime>2013-08-08 16:19:11 UTC</createdTime>
<ownerDesignName>BPM_Event_data_model_diagram</ownerDesignName>
<dataSegmentCompression>NO</dataSegmentCompression>
<logging>YES</logging>
<position>3</position>
<segment>1D2CA58D-FAAA-2036-3CBA-40F0B32E6720</segment>
<tableSpace>ED71B489-8CBD-3CCE-5B50-21489D07961E</tableSpace>
<valueList>TO_DATE(&apos; 2013-06-12 00:00:00&apos;, &apos;SYYYY-MM-DD HH24:MI:SS&apos;, &apos;NLS_CALENDAR=GREGORIAN&apos;)</valueList>
<lobs>
<Lob class="oracle.dbtools.crest.model.design.storage.oracle.v11g.LobStorageOraclev11g" name="SYS_LOB0000073485C00011$$" id="CA4F2E14-D4FF-B0D1-6E45-0164D1D61D38">
<createdBy>50472</createdBy>
<createdTime>2013-08-08 16:19:11 UTC</createdTime>
<ownerDesignName>BPM_Event_data_model_diagram</ownerDesignName>
<cache>NOCACHE</cache>
<chunk>8192</chunk>
<column>MESSAGE</column>
<logging>YES</logging>
<pcTVersion>10</pcTVersion>
<scInitialExtent>65536</scInitialExtent>
<scMaxExtents>2147483645</scMaxExtents>
<scNextExtent>1048576</scNextExtent>
<tableSpace>ED71B489-8CBD-3CCE-5B50-21489D07961E</tableSpace>
</Lob>
<Lob class="oracle.dbtools.crest.model.design.storage.oracle.v11g.LobStorageOraclev11g" name="SYS_LOB0000073485C00013$$" id="016CB7A7-E90D-BAF1-9ACA-86D59FE641D9">
<createdBy>50472</createdBy>
<createdTime>2013-08-08 16:19:11 UTC</createdTime>
<ownerDesignName>BPM_Event_data_model_diagram</ownerDesignName>
<cache>NOCACHE</cache>
<chunk>8192</chunk>
<column>BACKTRACE</column>
<logging>YES</logging>
<pcTVersion>10</pcTVersion>
<scInitialExtent>65536</scInitialExtent>
<scMaxExtents>2147483645</scMaxExtents>
<scNextExtent>1048576</scNextExtent>
<tableSpace>ED71B489-8CBD-3CCE-5B50-21489D07961E</tableSpace>
</Lob>
</lobs>
</Partition>
<Partition class="oracle.dbtools.crest.model.design.storage.oracle.v11g.PartitionOraclev11g" name="SYS_P45" id="496AE331-3A61-F347-1554-0480D1145599">
<createdBy>50472</createdBy>
<createdTime>2013-08-08 16:19:11 UTC</createdTime>
<ownerDesignName>BPM_Event_data_model_diagram</ownerDesignName>
<dataSegmentCompression>NO</dataSegmentCompression>
<logging>YES</logging>
<position>4</position>
<segment>1D2CA58D-FAAA-2036-3CBA-40F0B32E6720</segment>
<tableSpace>ED71B489-8CBD-3CCE-5B50-21489D07961E</tableSpace>
<valueList>TO_DATE(&apos; 2013-06-13 00:00:00&apos;, &apos;SYYYY-MM-DD HH24:MI:SS&apos;, &apos;NLS_CALENDAR=GREGORIAN&apos;)</valueList>
<lobs>
<Lob class="oracle.dbtools.crest.model.design.storage.oracle.v11g.LobStorageOraclev11g" name="SYS_LOB0000073485C00011$$" id="0734512B-C49A-A307-CAA8-5C0D26DC2873">
<createdBy>50472</createdBy>
<createdTime>2013-08-08 16:19:11 UTC</createdTime>
<ownerDesignName>BPM_Event_data_model_diagram</ownerDesignName>
<cache>NOCACHE</cache>
<chunk>8192</chunk>
<column>MESSAGE</column>
<logging>YES</logging>
<pcTVersion>10</pcTVersion>
<scInitialExtent>65536</scInitialExtent>
<scMaxExtents>2147483645</scMaxExtents>
<scNextExtent>1048576</scNextExtent>
<tableSpace>ED71B489-8CBD-3CCE-5B50-21489D07961E</tableSpace>
</Lob>
<Lob class="oracle.dbtools.crest.model.design.storage.oracle.v11g.LobStorageOraclev11g" name="SYS_LOB0000073485C00013$$" id="AC298521-7A80-A60D-6913-1761C13646C3">
<createdBy>50472</createdBy>
<createdTime>2013-08-08 16:19:11 UTC</createdTime>
<ownerDesignName>BPM_Event_data_model_diagram</ownerDesignName>
<cache>NOCACHE</cache>
<chunk>8192</chunk>
<column>BACKTRACE</column>
<logging>YES</logging>
<pcTVersion>10</pcTVersion>
<scInitialExtent>65536</scInitialExtent>
<scMaxExtents>2147483645</scMaxExtents>
<scNextExtent>1048576</scNextExtent>
<tableSpace>ED71B489-8CBD-3CCE-5B50-21489D07961E</tableSpace>
</Lob>
</lobs>
</Partition>
<Partition class="oracle.dbtools.crest.model.design.storage.oracle.v11g.PartitionOraclev11g" name="SYS_P51" id="622B0FD4-96F4-E19C-AC4E-13E174CDCF6D">
<createdBy>50472</createdBy>
<createdTime>2013-08-08 16:19:11 UTC</createdTime>
<ownerDesignName>BPM_Event_data_model_diagram</ownerDesignName>
<dataSegmentCompression>NO</dataSegmentCompression>
<logging>YES</logging>
<position>5</position>
<segment>1D2CA58D-FAAA-2036-3CBA-40F0B32E6720</segment>
<tableSpace>ED71B489-8CBD-3CCE-5B50-21489D07961E</tableSpace>
<valueList>TO_DATE(&apos; 2013-06-14 00:00:00&apos;, &apos;SYYYY-MM-DD HH24:MI:SS&apos;, &apos;NLS_CALENDAR=GREGORIAN&apos;)</valueList>
<lobs>
<Lob class="oracle.dbtools.crest.model.design.storage.oracle.v11g.LobStorageOraclev11g" name="SYS_LOB0000073485C00011$$" id="1879F741-A108-C6CE-341C-6895B907E4F7">
<createdBy>50472</createdBy>
<createdTime>2013-08-08 16:19:11 UTC</createdTime>
<ownerDesignName>BPM_Event_data_model_diagram</ownerDesignName>
<cache>NOCACHE</cache>
<chunk>8192</chunk>
<column>MESSAGE</column>
<logging>YES</logging>
<pcTVersion>10</pcTVersion>
<scInitialExtent>65536</scInitialExtent>
<scMaxExtents>2147483645</scMaxExtents>
<scNextExtent>1048576</scNextExtent>
<tableSpace>ED71B489-8CBD-3CCE-5B50-21489D07961E</tableSpace>
</Lob>
<Lob class="oracle.dbtools.crest.model.design.storage.oracle.v11g.LobStorageOraclev11g" name="SYS_LOB0000073485C00013$$" id="3D6A6A80-110B-D11E-7E06-6B676F0BBA16">
<createdBy>50472</createdBy>
<createdTime>2013-08-08 16:19:11 UTC</createdTime>
<ownerDesignName>BPM_Event_data_model_diagram</ownerDesignName>
<cache>NOCACHE</cache>
<chunk>8192</chunk>
<column>BACKTRACE</column>
<logging>YES</logging>
<pcTVersion>10</pcTVersion>
<scInitialExtent>65536</scInitialExtent>
<scMaxExtents>2147483645</scMaxExtents>
<scNextExtent>1048576</scNextExtent>
<tableSpace>ED71B489-8CBD-3CCE-5B50-21489D07961E</tableSpace>
</Lob>
</lobs>
</Partition>
<Partition class="oracle.dbtools.crest.model.design.storage.oracle.v11g.PartitionOraclev11g" name="SYS_P59" id="0BCDAFFA-D58F-635E-4CC0-7122422B0400">
<createdBy>50472</createdBy>
<createdTime>2013-08-08 16:19:11 UTC</createdTime>
<ownerDesignName>BPM_Event_data_model_diagram</ownerDesignName>
<dataSegmentCompression>NO</dataSegmentCompression>
<logging>YES</logging>
<position>6</position>
<segment>1D2CA58D-FAAA-2036-3CBA-40F0B32E6720</segment>
<tableSpace>ED71B489-8CBD-3CCE-5B50-21489D07961E</tableSpace>
<valueList>TO_DATE(&apos; 2013-06-18 00:00:00&apos;, &apos;SYYYY-MM-DD HH24:MI:SS&apos;, &apos;NLS_CALENDAR=GREGORIAN&apos;)</valueList>
<lobs>
<Lob class="oracle.dbtools.crest.model.design.storage.oracle.v11g.LobStorageOraclev11g" name="SYS_LOB0000073485C00011$$" id="F71841D1-88CF-4B92-22D9-F5AEED160EE4">
<createdBy>50472</createdBy>
<createdTime>2013-08-08 16:19:11 UTC</createdTime>
<ownerDesignName>BPM_Event_data_model_diagram</ownerDesignName>
<cache>NOCACHE</cache>
<chunk>8192</chunk>
<column>MESSAGE</column>
<logging>YES</logging>
<pcTVersion>10</pcTVersion>
<scInitialExtent>65536</scInitialExtent>
<scMaxExtents>2147483645</scMaxExtents>
<scNextExtent>1048576</scNextExtent>
<tableSpace>ED71B489-8CBD-3CCE-5B50-21489D07961E</tableSpace>
</Lob>
<Lob class="oracle.dbtools.crest.model.design.storage.oracle.v11g.LobStorageOraclev11g" name="SYS_LOB0000073485C00013$$" id="C851077E-7C4B-59B1-788D-8EE91B070437">
<createdBy>50472</createdBy>
<createdTime>2013-08-08 16:19:11 UTC</createdTime>
<ownerDesignName>BPM_Event_data_model_diagram</ownerDesignName>
<cache>NOCACHE</cache>
<chunk>8192</chunk>
<column>BACKTRACE</column>
<logging>YES</logging>
<pcTVersion>10</pcTVersion>
<scInitialExtent>65536</scInitialExtent>
<scMaxExtents>2147483645</scMaxExtents>
<scNextExtent>1048576</scNextExtent>
<tableSpace>ED71B489-8CBD-3CCE-5B50-21489D07961E</tableSpace>
</Lob>
</lobs>
</Partition>
<Partition class="oracle.dbtools.crest.model.design.storage.oracle.v11g.PartitionOraclev11g" name="SYS_P65" id="CA9AEBC0-531C-AE27-D97C-EC622AC5832F">
<createdBy>50472</createdBy>
<createdTime>2013-08-08 16:19:11 UTC</createdTime>
<ownerDesignName>BPM_Event_data_model_diagram</ownerDesignName>
<dataSegmentCompression>NO</dataSegmentCompression>
<logging>YES</logging>
<position>7</position>
<segment>1D2CA58D-FAAA-2036-3CBA-40F0B32E6720</segment>
<tableSpace>ED71B489-8CBD-3CCE-5B50-21489D07961E</tableSpace>
<valueList>TO_DATE(&apos; 2013-06-29 00:00:00&apos;, &apos;SYYYY-MM-DD HH24:MI:SS&apos;, &apos;NLS_CALENDAR=GREGORIAN&apos;)</valueList>
<lobs>
<Lob class="oracle.dbtools.crest.model.design.storage.oracle.v11g.LobStorageOraclev11g" name="SYS_LOB0000073485C00011$$" id="D8F88A28-1317-3449-D2F3-5574FF45D343">
<createdBy>50472</createdBy>
<createdTime>2013-08-08 16:19:11 UTC</createdTime>
<ownerDesignName>BPM_Event_data_model_diagram</ownerDesignName>
<cache>NOCACHE</cache>
<chunk>8192</chunk>
<column>MESSAGE</column>
<logging>YES</logging>
<pcTVersion>10</pcTVersion>
<scInitialExtent>65536</scInitialExtent>
<scMaxExtents>2147483645</scMaxExtents>
<scNextExtent>1048576</scNextExtent>
<tableSpace>ED71B489-8CBD-3CCE-5B50-21489D07961E</tableSpace>
</Lob>
<Lob class="oracle.dbtools.crest.model.design.storage.oracle.v11g.LobStorageOraclev11g" name="SYS_LOB0000073485C00013$$" id="78D333BD-2379-B131-AF25-314A8492A85D">
<createdBy>50472</createdBy>
<createdTime>2013-08-08 16:19:11 UTC</createdTime>
<ownerDesignName>BPM_Event_data_model_diagram</ownerDesignName>
<cache>NOCACHE</cache>
<chunk>8192</chunk>
<column>BACKTRACE</column>
<logging>YES</logging>
<pcTVersion>10</pcTVersion>
<scInitialExtent>65536</scInitialExtent>
<scMaxExtents>2147483645</scMaxExtents>
<scNextExtent>1048576</scNextExtent>
<tableSpace>ED71B489-8CBD-3CCE-5B50-21489D07961E</tableSpace>
</Lob>
</lobs>
</Partition>
<Partition class="oracle.dbtools.crest.model.design.storage.oracle.v11g.PartitionOraclev11g" name="SYS_P70" id="37C5BCDA-55C6-8CB2-2CA4-C40721F2A4E2">
<createdBy>50472</createdBy>
<createdTime>2013-08-08 16:19:11 UTC</createdTime>
<ownerDesignName>BPM_Event_data_model_diagram</ownerDesignName>
<dataSegmentCompression>NO</dataSegmentCompression>
<logging>YES</logging>
<position>8</position>
<segment>1D2CA58D-FAAA-2036-3CBA-40F0B32E6720</segment>
<tableSpace>ED71B489-8CBD-3CCE-5B50-21489D07961E</tableSpace>
<valueList>TO_DATE(&apos; 2013-07-02 00:00:00&apos;, &apos;SYYYY-MM-DD HH24:MI:SS&apos;, &apos;NLS_CALENDAR=GREGORIAN&apos;)</valueList>
<lobs>
<Lob class="oracle.dbtools.crest.model.design.storage.oracle.v11g.LobStorageOraclev11g" name="SYS_LOB0000073485C00011$$" id="4CD588D5-C660-A5B0-8412-1B65DBBA4C26">
<createdBy>50472</createdBy>
<createdTime>2013-08-08 16:19:11 UTC</createdTime>
<ownerDesignName>BPM_Event_data_model_diagram</ownerDesignName>
<cache>NOCACHE</cache>
<chunk>8192</chunk>
<column>MESSAGE</column>
<logging>YES</logging>
<pcTVersion>10</pcTVersion>
<scInitialExtent>65536</scInitialExtent>
<scMaxExtents>2147483645</scMaxExtents>
<scNextExtent>1048576</scNextExtent>
<tableSpace>ED71B489-8CBD-3CCE-5B50-21489D07961E</tableSpace>
</Lob>
<Lob class="oracle.dbtools.crest.model.design.storage.oracle.v11g.LobStorageOraclev11g" name="SYS_LOB0000073485C00013$$" id="741CF27B-EDF0-003F-D2CF-E6B6EAE8DB51">
<createdBy>50472</createdBy>
<createdTime>2013-08-08 16:19:11 UTC</createdTime>
<ownerDesignName>BPM_Event_data_model_diagram</ownerDesignName>
<cache>NOCACHE</cache>
<chunk>8192</chunk>
<column>BACKTRACE</column>
<logging>YES</logging>
<pcTVersion>10</pcTVersion>
<scInitialExtent>65536</scInitialExtent>
<scMaxExtents>2147483645</scMaxExtents>
<scNextExtent>1048576</scNextExtent>
<tableSpace>ED71B489-8CBD-3CCE-5B50-21489D07961E</tableSpace>
</Lob>
</lobs>
</Partition>
<Partition class="oracle.dbtools.crest.model.design.storage.oracle.v11g.PartitionOraclev11g" name="SYS_P75" id="32E9B03E-150A-9CA4-4B9E-8C38442093FD">
<createdBy>50472</createdBy>
<createdTime>2013-08-08 16:19:11 UTC</createdTime>
<ownerDesignName>BPM_Event_data_model_diagram</ownerDesignName>
<dataSegmentCompression>NO</dataSegmentCompression>
<logging>YES</logging>
<position>9</position>
<segment>1D2CA58D-FAAA-2036-3CBA-40F0B32E6720</segment>
<tableSpace>ED71B489-8CBD-3CCE-5B50-21489D07961E</tableSpace>
<valueList>TO_DATE(&apos; 2013-07-04 00:00:00&apos;, &apos;SYYYY-MM-DD HH24:MI:SS&apos;, &apos;NLS_CALENDAR=GREGORIAN&apos;)</valueList>
<lobs>
<Lob class="oracle.dbtools.crest.model.design.storage.oracle.v11g.LobStorageOraclev11g" name="SYS_LOB0000073485C00011$$" id="5FE0CF4C-92C3-2398-D718-F4B19FB3972A">
<createdBy>50472</createdBy>
<createdTime>2013-08-08 16:19:11 UTC</createdTime>
<ownerDesignName>BPM_Event_data_model_diagram</ownerDesignName>
<cache>NOCACHE</cache>
<chunk>8192</chunk>
<column>MESSAGE</column>
<logging>YES</logging>
<pcTVersion>10</pcTVersion>
<scInitialExtent>65536</scInitialExtent>
<scMaxExtents>2147483645</scMaxExtents>
<scNextExtent>1048576</scNextExtent>
<tableSpace>ED71B489-8CBD-3CCE-5B50-21489D07961E</tableSpace>
</Lob>
<Lob class="oracle.dbtools.crest.model.design.storage.oracle.v11g.LobStorageOraclev11g" name="SYS_LOB0000073485C00013$$" id="A219230E-AA66-38D1-ACF1-E9ED49E9DBF8">
<createdBy>50472</createdBy>
<createdTime>2013-08-08 16:19:11 UTC</createdTime>
<ownerDesignName>BPM_Event_data_model_diagram</ownerDesignName>
<cache>NOCACHE</cache>
<chunk>8192</chunk>
<column>BACKTRACE</column>
<logging>YES</logging>
<pcTVersion>10</pcTVersion>
<scInitialExtent>65536</scInitialExtent>
<scMaxExtents>2147483645</scMaxExtents>
<scNextExtent>1048576</scNextExtent>
<tableSpace>ED71B489-8CBD-3CCE-5B50-21489D07961E</tableSpace>
</Lob>
</lobs>
</Partition>
<Partition class="oracle.dbtools.crest.model.design.storage.oracle.v11g.PartitionOraclev11g" name="SYS_P80" id="8838734F-17B5-10FB-149A-A7F839440E0C">
<createdBy>50472</createdBy>
<createdTime>2013-08-08 16:19:11 UTC</createdTime>
<ownerDesignName>BPM_Event_data_model_diagram</ownerDesignName>
<dataSegmentCompression>NO</dataSegmentCompression>
<logging>YES</logging>
<position>10</position>
<segment>1D2CA58D-FAAA-2036-3CBA-40F0B32E6720</segment>
<tableSpace>ED71B489-8CBD-3CCE-5B50-21489D07961E</tableSpace>
<valueList>TO_DATE(&apos; 2013-07-06 00:00:00&apos;, &apos;SYYYY-MM-DD HH24:MI:SS&apos;, &apos;NLS_CALENDAR=GREGORIAN&apos;)</valueList>
<lobs>
<Lob class="oracle.dbtools.crest.model.design.storage.oracle.v11g.LobStorageOraclev11g" name="SYS_LOB0000073485C00011$$" id="BFB18DE6-37EF-ED77-5963-2EC4C72D14CF">
<createdBy>50472</createdBy>
<createdTime>2013-08-08 16:19:11 UTC</createdTime>
<ownerDesignName>BPM_Event_data_model_diagram</ownerDesignName>
<cache>NOCACHE</cache>
<chunk>8192</chunk>
<column>MESSAGE</column>
<logging>YES</logging>
<pcTVersion>10</pcTVersion>
<scInitialExtent>65536</scInitialExtent>
<scMaxExtents>2147483645</scMaxExtents>
<scNextExtent>1048576</scNextExtent>
<tableSpace>ED71B489-8CBD-3CCE-5B50-21489D07961E</tableSpace>
</Lob>
<Lob class="oracle.dbtools.crest.model.design.storage.oracle.v11g.LobStorageOraclev11g" name="SYS_LOB0000073485C00013$$" id="2D93865C-46D5-8382-3452-7E90E3B0826A">
<createdBy>50472</createdBy>
<createdTime>2013-08-08 16:19:11 UTC</createdTime>
<ownerDesignName>BPM_Event_data_model_diagram</ownerDesignName>
<cache>NOCACHE</cache>
<chunk>8192</chunk>
<column>BACKTRACE</column>
<logging>YES</logging>
<pcTVersion>10</pcTVersion>
<scInitialExtent>65536</scInitialExtent>
<scMaxExtents>2147483645</scMaxExtents>
<scNextExtent>1048576</scNextExtent>
<tableSpace>ED71B489-8CBD-3CCE-5B50-21489D07961E</tableSpace>
</Lob>
</lobs>
</Partition>
<Partition class="oracle.dbtools.crest.model.design.storage.oracle.v11g.PartitionOraclev11g" name="SYS_P89" id="FBA6D181-C8E0-81BB-920F-5A236327EDA9">
<createdBy>50472</createdBy>
<createdTime>2013-08-08 16:19:11 UTC</createdTime>
<ownerDesignName>BPM_Event_data_model_diagram</ownerDesignName>
<dataSegmentCompression>NO</dataSegmentCompression>
<logging>YES</logging>
<position>11</position>
<segment>1D2CA58D-FAAA-2036-3CBA-40F0B32E6720</segment>
<tableSpace>ED71B489-8CBD-3CCE-5B50-21489D07961E</tableSpace>
<valueList>TO_DATE(&apos; 2013-07-10 00:00:00&apos;, &apos;SYYYY-MM-DD HH24:MI:SS&apos;, &apos;NLS_CALENDAR=GREGORIAN&apos;)</valueList>
<lobs>
<Lob class="oracle.dbtools.crest.model.design.storage.oracle.v11g.LobStorageOraclev11g" name="SYS_LOB0000073485C00011$$" id="15A6A806-A36A-6FB4-60EE-ABBA8651A6EB">
<createdBy>50472</createdBy>
<createdTime>2013-08-08 16:19:11 UTC</createdTime>
<ownerDesignName>BPM_Event_data_model_diagram</ownerDesignName>
<cache>NOCACHE</cache>
<chunk>8192</chunk>
<column>MESSAGE</column>
<logging>YES</logging>
<pcTVersion>10</pcTVersion>
<scInitialExtent>65536</scInitialExtent>
<scMaxExtents>2147483645</scMaxExtents>
<scNextExtent>1048576</scNextExtent>
<tableSpace>ED71B489-8CBD-3CCE-5B50-21489D07961E</tableSpace>
</Lob>
<Lob class="oracle.dbtools.crest.model.design.storage.oracle.v11g.LobStorageOraclev11g" name="SYS_LOB0000073485C00013$$" id="DC45F791-3B9B-1315-A97C-7CD2E70831DF">
<createdBy>50472</createdBy>
<createdTime>2013-08-08 16:19:11 UTC</createdTime>
<ownerDesignName>BPM_Event_data_model_diagram</ownerDesignName>
<cache>NOCACHE</cache>
<chunk>8192</chunk>
<column>BACKTRACE</column>
<logging>YES</logging>
<pcTVersion>10</pcTVersion>
<scInitialExtent>65536</scInitialExtent>
<scMaxExtents>2147483645</scMaxExtents>
<scNextExtent>1048576</scNextExtent>
<tableSpace>ED71B489-8CBD-3CCE-5B50-21489D07961E</tableSpace>
</Lob>
</lobs>
</Partition>
<Partition class="oracle.dbtools.crest.model.design.storage.oracle.v11g.PartitionOraclev11g" name="SYS_P99" id="735B25C4-94C8-1849-5466-F7477417AA4B">
<createdBy>50472</createdBy>
<createdTime>2013-08-08 16:19:11 UTC</createdTime>
<ownerDesignName>BPM_Event_data_model_diagram</ownerDesignName>
<dataSegmentCompression>NO</dataSegmentCompression>
<logging>YES</logging>
<position>12</position>
<segment>1D2CA58D-FAAA-2036-3CBA-40F0B32E6720</segment>
<tableSpace>ED71B489-8CBD-3CCE-5B50-21489D07961E</tableSpace>
<valueList>TO_DATE(&apos; 2013-07-17 00:00:00&apos;, &apos;SYYYY-MM-DD HH24:MI:SS&apos;, &apos;NLS_CALENDAR=GREGORIAN&apos;)</valueList>
<lobs>
<Lob class="oracle.dbtools.crest.model.design.storage.oracle.v11g.LobStorageOraclev11g" name="SYS_LOB0000073485C00011$$" id="539879FC-194A-EFF7-C800-168D28A16C6E">
<createdBy>50472</createdBy>
<createdTime>2013-08-08 16:19:11 UTC</createdTime>
<ownerDesignName>BPM_Event_data_model_diagram</ownerDesignName>
<cache>NOCACHE</cache>
<chunk>8192</chunk>
<column>MESSAGE</column>
<logging>YES</logging>
<pcTVersion>10</pcTVersion>
<scInitialExtent>65536</scInitialExtent>
<scMaxExtents>2147483645</scMaxExtents>
<scNextExtent>1048576</scNextExtent>
<tableSpace>ED71B489-8CBD-3CCE-5B50-21489D07961E</tableSpace>
</Lob>
<Lob class="oracle.dbtools.crest.model.design.storage.oracle.v11g.LobStorageOraclev11g" name="SYS_LOB0000073485C00013$$" id="A09A6E95-DB3D-D8B8-D3DA-6B2490F3A075">
<createdBy>50472</createdBy>
<createdTime>2013-08-08 16:19:11 UTC</createdTime>
<ownerDesignName>BPM_Event_data_model_diagram</ownerDesignName>
<cache>NOCACHE</cache>
<chunk>8192</chunk>
<column>BACKTRACE</column>
<logging>YES</logging>
<pcTVersion>10</pcTVersion>
<scInitialExtent>65536</scInitialExtent>
<scMaxExtents>2147483645</scMaxExtents>
<scNextExtent>1048576</scNextExtent>
<tableSpace>ED71B489-8CBD-3CCE-5B50-21489D07961E</tableSpace>
</Lob>
</lobs>
</Partition>
<Partition class="oracle.dbtools.crest.model.design.storage.oracle.v11g.PartitionOraclev11g" name="SYS_P104" id="D4DC5299-748F-12E4-7B89-4533E8481E7A">
<createdBy>50472</createdBy>
<createdTime>2013-08-08 16:19:11 UTC</createdTime>
<ownerDesignName>BPM_Event_data_model_diagram</ownerDesignName>
<dataSegmentCompression>NO</dataSegmentCompression>
<logging>YES</logging>
<position>13</position>
<segment>1D2CA58D-FAAA-2036-3CBA-40F0B32E6720</segment>
<tableSpace>ED71B489-8CBD-3CCE-5B50-21489D07961E</tableSpace>
<valueList>TO_DATE(&apos; 2013-07-18 00:00:00&apos;, &apos;SYYYY-MM-DD HH24:MI:SS&apos;, &apos;NLS_CALENDAR=GREGORIAN&apos;)</valueList>
<lobs>
<Lob class="oracle.dbtools.crest.model.design.storage.oracle.v11g.LobStorageOraclev11g" name="SYS_LOB0000073485C00011$$" id="C1C916C4-C06B-6161-5CAD-FB6C27EAE86E">
<createdBy>50472</createdBy>
<createdTime>2013-08-08 16:19:11 UTC</createdTime>
<ownerDesignName>BPM_Event_data_model_diagram</ownerDesignName>
<cache>NOCACHE</cache>
<chunk>8192</chunk>
<column>MESSAGE</column>
<logging>YES</logging>
<pcTVersion>10</pcTVersion>
<scInitialExtent>65536</scInitialExtent>
<scMaxExtents>2147483645</scMaxExtents>
<scNextExtent>1048576</scNextExtent>
<tableSpace>ED71B489-8CBD-3CCE-5B50-21489D07961E</tableSpace>
</Lob>
<Lob class="oracle.dbtools.crest.model.design.storage.oracle.v11g.LobStorageOraclev11g" name="SYS_LOB0000073485C00013$$" id="09163D66-358F-F109-7A89-3063F0C72E3D">
<createdBy>50472</createdBy>
<createdTime>2013-08-08 16:19:11 UTC</createdTime>
<ownerDesignName>BPM_Event_data_model_diagram</ownerDesignName>
<cache>NOCACHE</cache>
<chunk>8192</chunk>
<column>BACKTRACE</column>
<logging>YES</logging>
<pcTVersion>10</pcTVersion>
<scInitialExtent>65536</scInitialExtent>
<scMaxExtents>2147483645</scMaxExtents>
<scNextExtent>1048576</scNextExtent>
<tableSpace>ED71B489-8CBD-3CCE-5B50-21489D07961E</tableSpace>
</Lob>
</lobs>
</Partition>
<Partition class="oracle.dbtools.crest.model.design.storage.oracle.v11g.PartitionOraclev11g" name="SYS_P110" id="49EC0333-A2F9-54B6-6FB0-4494C576AF7C">
<createdBy>50472</createdBy>
<createdTime>2013-08-08 16:19:11 UTC</createdTime>
<ownerDesignName>BPM_Event_data_model_diagram</ownerDesignName>
<dataSegmentCompression>NO</dataSegmentCompression>
<logging>YES</logging>
<position>14</position>
<segment>1D2CA58D-FAAA-2036-3CBA-40F0B32E6720</segment>
<tableSpace>ED71B489-8CBD-3CCE-5B50-21489D07961E</tableSpace>
<valueList>TO_DATE(&apos; 2013-07-19 00:00:00&apos;, &apos;SYYYY-MM-DD HH24:MI:SS&apos;, &apos;NLS_CALENDAR=GREGORIAN&apos;)</valueList>
<lobs>
<Lob class="oracle.dbtools.crest.model.design.storage.oracle.v11g.LobStorageOraclev11g" name="SYS_LOB0000073485C00011$$" id="4297EF7F-9022-3B38-AA7E-330E037C7942">
<createdBy>50472</createdBy>
<createdTime>2013-08-08 16:19:11 UTC</createdTime>
<ownerDesignName>BPM_Event_data_model_diagram</ownerDesignName>
<cache>NOCACHE</cache>
<chunk>8192</chunk>
<column>MESSAGE</column>
<logging>YES</logging>
<pcTVersion>10</pcTVersion>
<scInitialExtent>65536</scInitialExtent>
<scMaxExtents>2147483645</scMaxExtents>
<scNextExtent>1048576</scNextExtent>
<tableSpace>ED71B489-8CBD-3CCE-5B50-21489D07961E</tableSpace>
</Lob>
<Lob class="oracle.dbtools.crest.model.design.storage.oracle.v11g.LobStorageOraclev11g" name="SYS_LOB0000073485C00013$$" id="D110B513-C628-A677-2DBD-4038CB243F73">
<createdBy>50472</createdBy>
<createdTime>2013-08-08 16:19:11 UTC</createdTime>
<ownerDesignName>BPM_Event_data_model_diagram</ownerDesignName>
<cache>NOCACHE</cache>
<chunk>8192</chunk>
<column>BACKTRACE</column>
<logging>YES</logging>
<pcTVersion>10</pcTVersion>
<scInitialExtent>65536</scInitialExtent>
<scMaxExtents>2147483645</scMaxExtents>
<scNextExtent>1048576</scNextExtent>
<tableSpace>ED71B489-8CBD-3CCE-5B50-21489D07961E</tableSpace>
</Lob>
</lobs>
</Partition>
<Partition class="oracle.dbtools.crest.model.design.storage.oracle.v11g.PartitionOraclev11g" name="SYS_P115" id="440FEBFC-BA46-D875-D6B3-C21554A12084">
<createdBy>50472</createdBy>
<createdTime>2013-08-08 16:19:11 UTC</createdTime>
<ownerDesignName>BPM_Event_data_model_diagram</ownerDesignName>
<dataSegmentCompression>NO</dataSegmentCompression>
<logging>YES</logging>
<position>15</position>
<segment>1D2CA58D-FAAA-2036-3CBA-40F0B32E6720</segment>
<tableSpace>ED71B489-8CBD-3CCE-5B50-21489D07961E</tableSpace>
<valueList>TO_DATE(&apos; 2013-07-24 00:00:00&apos;, &apos;SYYYY-MM-DD HH24:MI:SS&apos;, &apos;NLS_CALENDAR=GREGORIAN&apos;)</valueList>
<lobs>
<Lob class="oracle.dbtools.crest.model.design.storage.oracle.v11g.LobStorageOraclev11g" name="SYS_LOB0000073485C00011$$" id="9C00AD0B-324D-4782-5CA6-8AC0088AD1E3">
<createdBy>50472</createdBy>
<createdTime>2013-08-08 16:19:11 UTC</createdTime>
<ownerDesignName>BPM_Event_data_model_diagram</ownerDesignName>
<cache>NOCACHE</cache>
<chunk>8192</chunk>
<column>MESSAGE</column>
<logging>YES</logging>
<pcTVersion>10</pcTVersion>
<scInitialExtent>65536</scInitialExtent>
<scMaxExtents>2147483645</scMaxExtents>
<scNextExtent>1048576</scNextExtent>
<tableSpace>ED71B489-8CBD-3CCE-5B50-21489D07961E</tableSpace>
</Lob>
<Lob class="oracle.dbtools.crest.model.design.storage.oracle.v11g.LobStorageOraclev11g" name="SYS_LOB0000073485C00013$$" id="CDE0A096-B518-42C8-32E9-9A5B890EC583">
<createdBy>50472</createdBy>
<createdTime>2013-08-08 16:19:11 UTC</createdTime>
<ownerDesignName>BPM_Event_data_model_diagram</ownerDesignName>
<cache>NOCACHE</cache>
<chunk>8192</chunk>
<column>BACKTRACE</column>
<logging>YES</logging>
<pcTVersion>10</pcTVersion>
<scInitialExtent>65536</scInitialExtent>
<scMaxExtents>2147483645</scMaxExtents>
<scNextExtent>1048576</scNextExtent>
<tableSpace>ED71B489-8CBD-3CCE-5B50-21489D07961E</tableSpace>
</Lob>
</lobs>
</Partition>
</partitions>
<primaryKeys>
<PrimaryKey class="oracle.dbtools.crest.model.design.storage.oracle.v10g.PKProxyOraclev10g" name="BPM_LOGGING_PK" id="952582E6-5290-F078-D56D-445F56742F25">
<createdBy>50472</createdBy>
<createdTime>2013-08-08 16:19:09 UTC</createdTime>
<ownerDesignName>BPM_Event_data_model_diagram</ownerDesignName>
<tableSpace>0CE94FE4-92AB-934D-B471-D06F7EB099DD</tableSpace>
<existingIndex>2D983B4B-CFC7-AC1E-590E-0C843D08DA50</existingIndex>
<indexSegment>0D7D34FB-5908-E0A4-45E8-CDE77E7B7A98</indexSegment>
<indexSort>SORTED</indexSort>
<usingIndex>BY INDEX NAME</usingIndex>
</PrimaryKey>
</primaryKeys>
</TableProxyOraclev11g>