<?xml version = '1.0' encoding = 'UTF-8'?>
<Diagram class="oracle.dbtools.crest.swingui.relational.DPVRelational" name="ILEBMXDD" id="04F657FE-E38D-2127-B152-7CE91BFE2D0E">
<createdBy>ro38606</createdBy>
<createdTime>2013-04-09 20:20:28 UTC</createdTime>
<autoRoute>false</autoRoute>
<boxInbox>true</boxInbox>
<showLegend>false</showLegend>
<showLabels>false</showLabels>
<showGrid>false</showGrid>
<diagramColor>-1</diagramColor>
<display>false</display>
<notation>1</notation>
<objectViews>
<OView class="oracle.dbtools.crest.swingui.relational.TVTable" oid="02420D0E-93E2-AB88-136C-124B670A9614" otype="Table" vid="DB96A392-65F4-2884-8115-75525BB1F31C">
<bounds x="1520" y="1270" width="453" height="629"/>
</OView>
<OView class="oracle.dbtools.crest.swingui.relational.TVTable" oid="181F0747-64A7-BCF4-F353-996F652D2D0A" otype="Table" vid="A5E6ABCB-C585-6A07-DA53-DEDD98E841D7">
<bounds x="708" y="55" width="353" height="765"/>
</OView>
<OView class="oracle.dbtools.crest.swingui.relational.TVTable" oid="1CC62694-BC68-EF0D-1F50-8D29BD1B92B6" otype="Table" vid="B63A5288-451A-D06C-EC32-B85F29513BF7">
<bounds x="1500" y="50" width="260" height="922"/>
</OView>
<OView class="oracle.dbtools.crest.swingui.relational.TVTable" oid="1FA90CC6-3A2F-AB4D-4F6D-72E1E4D2521B" otype="Table" vid="6D06A4D1-5622-8861-D1F8-9E7C22AFF9B3">
<bounds x="1172" y="876" width="289" height="91"/>
</OView>
<OView class="oracle.dbtools.crest.swingui.relational.TVTable" oid="25550278-3B6E-62ED-CE34-2E831AFB15EC" otype="Table" vid="416C73ED-48E4-055D-5E9A-88C5786B0634">
<bounds x="2059" y="1269" width="288" height="207"/>
</OView>
<OView class="oracle.dbtools.crest.swingui.relational.TVTable" oid="306F311A-938D-41A7-12F1-4356A9C115BE" otype="Table" vid="FF98EE81-FB60-5302-01B5-E95200E9794B">
<bounds x="1821" y="2239" width="242" height="223"/>
</OView>
<OView class="oracle.dbtools.crest.swingui.relational.TVTable" oid="3E07923A-9B55-CE1E-6FC2-6E2BC1621C70" otype="Table" vid="5FFDCA50-9B93-25B0-3014-E2C467A097A9">
<bounds x="327" y="2149" width="266" height="237"/>
</OView>
<OView class="oracle.dbtools.crest.swingui.relational.TVTable" oid="53D17D5E-3E4E-5E79-E617-EE12DC14A459" otype="Table" vid="BD447162-D6A7-91E4-47B7-50391F89193F">
<bounds x="12" y="287" width="289" height="105"/>
</OView>
<OView class="oracle.dbtools.crest.swingui.relational.TVTable" oid="54E69CBC-AE18-1B89-B708-7BFB612DF2A9" otype="Table" vid="2506C2A3-0DC0-06D1-7860-2AB7013B6627">
<bounds x="2245" y="2189" width="392" height="1454"/>
</OView>
<OView class="oracle.dbtools.crest.swingui.relational.TVTable" oid="5931911E-B04D-1097-AB88-54A08757D60F" otype="Table" vid="6547CAFB-84C4-69A0-0B79-6408E3167A90">
<bounds x="1173" y="374" width="288" height="91"/>
</OView>
<OView class="oracle.dbtools.crest.swingui.relational.TVTable" oid="5B01E99D-6A8D-CF5E-F4F1-4E5BDB0273CF" otype="Table" vid="BA1E1E55-BD20-E6E1-E517-0BF138822C78">
<bounds x="2059" y="1718" width="288" height="207"/>
</OView>
<OView class="oracle.dbtools.crest.swingui.relational.TVTable" oid="5C425949-F273-27ED-90D4-0B2013437206" otype="Table" vid="D21503EE-1A83-C911-C652-FB04C970C8EF">
<bounds x="348" y="59" width="314" height="771"/>
</OView>
<OView class="oracle.dbtools.crest.swingui.relational.TVTable" oid="5F425194-5B92-E259-FE8D-BBC8C85F9F42" otype="Table" vid="E4F3ED09-31B7-42FA-8C32-F9AB071866CE">
<bounds x="1168" y="475" width="293" height="91"/>
</OView>
<OView class="oracle.dbtools.crest.swingui.relational.TVTable" oid="6CEFC434-ACF2-A6D5-F6B3-5A87AC9071F8" otype="Table" vid="B438E429-26C3-0679-8CBA-28334C7908E1">
<bounds x="29" y="2154" width="261" height="89"/>
</OView>
<OView class="oracle.dbtools.crest.swingui.relational.TVTable" oid="6FDB3CD4-1F02-373E-7053-BF24D2AB06C5" otype="Table" vid="70784768-AD85-E8E5-E0ED-EF8A9175D37D">
<bounds x="1173" y="274" width="290" height="77"/>
</OView>
<OView class="oracle.dbtools.crest.swingui.relational.TVView" oid="77769FC6-BCAF-D83C-0B52-5DAEF2A8B066" otype="View" vid="876858B8-E3E8-348B-A2AB-B5D8327BB77F">
<bounds x="1861" y="3177" width="289" height="220"/>
</OView>
<OView class="oracle.dbtools.crest.swingui.relational.TVTable" oid="78D9D560-81E7-EA7B-C614-3294FC80D212" otype="Table" vid="75C632A4-FC89-64AE-5DE6-FF6DED1EE79E">
<bounds x="26" y="166" width="275" height="90"/>
</OView>
<OView class="oracle.dbtools.crest.swingui.relational.TVTable" oid="7AA2692F-CAF4-5FCC-A4E4-899C161F036E" otype="Table" vid="6EB6DCC1-1ECC-68B8-1ECD-1572B2BC8075">
<bounds x="1175" y="776" width="286" height="91"/>
</OView>
<OView class="oracle.dbtools.crest.swingui.relational.TVTable" oid="7E9F14DE-5E57-C0D0-8C90-BA6676053EAC" otype="Table" vid="250F5265-0C7F-8FB3-7BD9-24B3E7712DAC">
<bounds x="9" y="727" width="282" height="89"/>
</OView>
<OView class="oracle.dbtools.crest.swingui.relational.TVTable" oid="8684E189-E880-B103-D714-5437BB78E1FC" otype="Table" vid="C648C7E0-5BA3-B66C-1ACC-DB12C22ADA1E">
<bounds x="1169" y="166" width="292" height="91"/>
</OView>
<OView class="oracle.dbtools.crest.swingui.relational.TVTable" oid="878325D0-F53A-555A-C9B0-ECF8C8E22808" otype="Table" vid="A965EDBC-DA0C-EF51-A54F-DE7CB78B4102">
<bounds x="22" y="1445" width="307" height="103"/>
</OView>
<OView class="oracle.dbtools.crest.swingui.relational.TVTable" oid="8832C910-531A-837E-D2CE-E0119DE63FC2" otype="Table" vid="9A80A536-48EE-619E-50E9-50AEC2CD1C07">
<bounds x="18" y="506" width="283" height="89"/>
</OView>
<OView class="oracle.dbtools.crest.swingui.relational.TVView" oid="8834E301-A082-E142-0975-5A3C95B44C7C" otype="View" vid="7A7911FC-794F-240B-69F5-024A02BC9233">
<bounds x="1854" y="2511" width="292" height="355"/>
</OView>
<OView class="oracle.dbtools.crest.swingui.relational.TVTable" oid="8BA81316-8789-E22B-EA00-033A57BCA260" otype="Table" vid="19CAEEEE-E593-8EA0-D529-E765FFAB842B">
<bounds x="1173" y="676" width="288" height="91"/>
</OView>
<OView class="oracle.dbtools.crest.swingui.relational.TVTable" oid="94E979A5-68E7-0CC0-D387-F6F3C2FCFAE9" otype="Table" vid="2774AD2D-D548-2DFA-FE05-C0E9B862F7A8">
<bounds x="1445" y="2285" width="270" height="103"/>
</OView>
<OView class="oracle.dbtools.crest.swingui.relational.TVTable" oid="9A09A162-51D2-76D2-0A55-A63B809A5E6D" otype="Table" vid="7ECA6A3E-C7CD-5901-3F2A-692DED8849B7">
<bounds x="746" y="1145" width="379" height="794"/>
</OView>
<OView class="oracle.dbtools.crest.swingui.relational.TVTable" oid="A1259C4D-9C1A-6E1E-BE88-12EAF6FB6A7C" otype="Table" vid="61B4D149-7EF4-6578-51AD-A17AF9130A6C">
<bounds x="25" y="63" width="283" height="90"/>
</OView>
<OView class="oracle.dbtools.crest.swingui.relational.TVTable" oid="A4C8CBEF-0EE1-5DFD-8674-716C5C52087A" otype="Table" vid="69122AA6-10A0-3956-AF3C-5F6248E2C9E9">
<bounds x="392" y="1417" width="285" height="251"/>
</OView>
<OView class="oracle.dbtools.crest.swingui.relational.TVTable" oid="A85C76AD-0B47-5B1E-7910-1CC12CF2E8E8" otype="Table" vid="6F4C310F-78CF-ABDE-0473-80C3217312C9">
<bounds x="1170" y="43" width="291" height="90"/>
</OView>
<OView class="oracle.dbtools.crest.swingui.relational.TVView" oid="BA0BEFB1-9247-4BA4-3D64-0236F9B653A5" otype="View" vid="7ACD2AD5-99F6-5068-E986-5006E4BE14E4">
<bounds x="1838" y="2920" width="334" height="160"/>
</OView>
<OView class="oracle.dbtools.crest.swingui.relational.TVTable" oid="C812AC7B-27DC-1D81-8282-2965946022CD" otype="Table" vid="A076CB57-E6DA-A69B-CB03-9BBFA9B15070">
<bounds x="640" y="2151" width="383" height="989"/>
</OView>
<OView class="oracle.dbtools.crest.swingui.relational.TVTable" oid="CDD396BF-F3EA-6F09-3998-6FF06729B359" otype="Table" vid="7CF16692-448B-2FD6-AD88-FF63DBF768F7">
<bounds x="15" y="406" width="291" height="90"/>
</OView>
<OView class="oracle.dbtools.crest.swingui.relational.TVTable" oid="D2161D4F-04BE-81B4-D2E0-0E6E016BD54A" otype="Table" vid="FB656738-6A89-F1D8-8074-738CD0F8F7B2">
<bounds x="12" y="628" width="279" height="89"/>
</OView>
<OView class="oracle.dbtools.crest.swingui.relational.TVTable" oid="DC161BBF-012C-46A1-5597-7491C3B54A0D" otype="Table" vid="07342A76-9611-DC80-8B80-4E437684FC5E">
<bounds x="1786" y="49" width="335" height="1095"/>
</OView>
<OView class="oracle.dbtools.crest.swingui.relational.TVTable" oid="E0850298-A194-AFAB-A8D3-8D19F703A9DD" otype="Table" vid="A02709AA-3BD2-F27E-BCD7-ADB483C6009B">
<bounds x="1193" y="1270" width="274" height="207"/>
</OView>
<OView class="oracle.dbtools.crest.swingui.relational.TVTable" oid="E0E2CD26-B041-8B15-4581-D39714DF6160" otype="Table" vid="259B1762-DCAF-BF07-6A99-0869DC2DCF68">
<bounds x="2410" y="1267" width="320" height="325"/>
</OView>
<OView class="oracle.dbtools.crest.swingui.relational.TVTable" oid="E5BFCD08-D4AF-F1EA-8F96-0B5AE82A0609" otype="Table" vid="05067364-95BE-AE86-2978-82BE4C1762BE">
<bounds x="2403" y="1708" width="334" height="314"/>
</OView>
<OView class="oracle.dbtools.crest.swingui.relational.TVTable" oid="F75EF60E-CA84-142A-5DDF-C93582CE50A5" otype="Table" vid="04C9D1DA-0B12-1DAD-F543-1E7F3D83C23F">
<bounds x="1172" y="575" width="290" height="91"/>
</OView>
</objectViews>
<connectors>
<Connector class="oracle.dbtools.crest.swingui.relational.TVFKRelation" oid="06A73F91-2B1D-F621-C173-D6E895EADBB7" otype="FKIndexAssociation" vid_source="FB656738-6A89-F1D8-8074-738CD0F8F7B2" vid_target="D21503EE-1A83-C911-C652-FB04C970C8EF">
<lineWidth>1</lineWidth>
<points>
<point x="291" y="672"/>
<point x="348" y="672"/>
</points>
</Connector>
<Connector class="oracle.dbtools.crest.swingui.relational.TVFKRelation" oid="0DFB1632-A145-D7F5-2930-72846DCFE1B7" otype="FKIndexAssociation" vid_source="6547CAFB-84C4-69A0-0B79-6408E3167A90" vid_target="B63A5288-451A-D06C-EC32-B85F29513BF7">
<lineWidth>1</lineWidth>
<points>
<point x="1461" y="419"/>
<point x="1500" y="419"/>
</points>
</Connector>
<Connector class="oracle.dbtools.crest.swingui.relational.TVFKRelation" oid="101C3647-64EF-C0F1-6027-22CCC54E449C" otype="FKIndexAssociation" vid_source="6F4C310F-78CF-ABDE-0473-80C3217312C9" vid_target="B63A5288-451A-D06C-EC32-B85F29513BF7">
<lineWidth>1</lineWidth>
<points>
<point x="1461" y="91"/>
<point x="1500" y="91"/>
</points>
</Connector>
<Connector class="oracle.dbtools.crest.swingui.relational.TVFKRelation" oid="1164A5F1-C107-23DE-F61C-9F1A542FB168" otype="FKIndexAssociation" vid_source="BD447162-D6A7-91E4-47B7-50391F89193F" vid_target="D21503EE-1A83-C911-C652-FB04C970C8EF">
<lineWidth>1</lineWidth>
<points>
<point x="301" y="339"/>
<point x="348" y="339"/>
</points>
</Connector>
<Connector class="oracle.dbtools.crest.swingui.relational.TVFKRelation" oid="181197A2-283E-E354-EE75-B931FC28E877" otype="FKIndexAssociation" vid_source="A5E6ABCB-C585-6A07-DA53-DEDD98E841D7" vid_target="D21503EE-1A83-C911-C652-FB04C970C8EF">
<lineWidth>1</lineWidth>
<points>
<point x="708" y="439"/>
<point x="662" y="439"/>
</points>
</Connector>
<Connector class="oracle.dbtools.crest.swingui.relational.TVFKRelation" oid="1C47CABB-8558-1968-6A8F-F2B8F5DA3543" otype="FKIndexAssociation" vid_source="DB96A392-65F4-2884-8115-75525BB1F31C" vid_target="A02709AA-3BD2-F27E-BCD7-ADB483C6009B">
<lineWidth>1</lineWidth>
<points>
<point x="1520" y="1373"/>
<point x="1467" y="1373"/>
</points>
</Connector>
<Connector class="oracle.dbtools.crest.swingui.relational.TVFKRelation" oid="206E6930-79D6-B96A-4201-96E0EF0BF153" otype="FKIndexAssociation" vid_source="C648C7E0-5BA3-B66C-1ACC-DB12C22ADA1E" vid_target="B63A5288-451A-D06C-EC32-B85F29513BF7">
<lineWidth>1</lineWidth>
<points>
<point x="1461" y="211"/>
<point x="1500" y="211"/>
</points>
</Connector>
<Connector class="oracle.dbtools.crest.swingui.relational.TVFKRelation" oid="21E6EF1F-7C0F-70B0-23C4-9EFEF92B2975" otype="FKIndexAssociation" vid_source="B438E429-26C3-0679-8CBA-28334C7908E1" vid_target="5FFDCA50-9B93-25B0-3014-E2C467A097A9">
<lineWidth>1</lineWidth>
<points>
<point x="290" y="2198"/>
<point x="327" y="2198"/>
</points>
</Connector>
<Connector class="oracle.dbtools.crest.swingui.relational.TVFKRelation" oid="364B6882-D16F-4E5F-49B6-EE6052B4EC18" otype="FKIndexAssociation" vid_source="6D06A4D1-5622-8861-D1F8-9E7C22AFF9B3" vid_target="B63A5288-451A-D06C-EC32-B85F29513BF7">
<lineWidth>1</lineWidth>
<points>
<point x="1461" y="921"/>
<point x="1500" y="921"/>
</points>
</Connector>
<Connector class="oracle.dbtools.crest.swingui.relational.TVFKRelation" oid="45129F62-113C-6D74-7163-0EEA6E9AD376" otype="FKIndexAssociation" vid_source="A965EDBC-DA0C-EF51-A54F-DE7CB78B4102" vid_target="69122AA6-10A0-3956-AF3C-5F6248E2C9E9">
<lineWidth>1</lineWidth>
<points>
<point x="329" y="1496"/>
<point x="392" y="1496"/>
</points>
</Connector>
<Connector class="oracle.dbtools.crest.swingui.relational.TVFKRelation" oid="5E85FF60-42DB-1EB5-7398-E1D73F6AE54C" otype="FKIndexAssociation" vid_source="A076CB57-E6DA-A69B-CB03-9BBFA9B15070" vid_target="5FFDCA50-9B93-25B0-3014-E2C467A097A9">
<lineWidth>1</lineWidth>
<points>
<point x="640" y="2268"/>
<point x="593" y="2268"/>
</points>
</Connector>
<Connector class="oracle.dbtools.crest.swingui.relational.TVFKRelation" oid="67C5902D-A8F0-A778-30E8-DB4AE4AA31D9" otype="FKIndexAssociation" vid_source="9A80A536-48EE-619E-50E9-50AEC2CD1C07" vid_target="D21503EE-1A83-C911-C652-FB04C970C8EF">
<lineWidth>1</lineWidth>
<points>
<point x="301" y="550"/>
<point x="348" y="550"/>
</points>
</Connector>
<Connector class="oracle.dbtools.crest.swingui.relational.TVFKRelation" oid="6823B6B0-9E35-24E4-2CAF-A65C9B20B820" otype="FKIndexAssociation" vid_source="75C632A4-FC89-64AE-5DE6-FF6DED1EE79E" vid_target="D21503EE-1A83-C911-C652-FB04C970C8EF">
<lineWidth>1</lineWidth>
<points>
<point x="301" y="211"/>
<point x="348" y="211"/>
</points>
</Connector>
<Connector class="oracle.dbtools.crest.swingui.relational.TVFKRelation" oid="6F1A9B5E-AC52-9375-8A43-196E0F12A7D9" otype="FKIndexAssociation" vid_source="19CAEEEE-E593-8EA0-D529-E765FFAB842B" vid_target="B63A5288-451A-D06C-EC32-B85F29513BF7">
<lineWidth>1</lineWidth>
<points>
<point x="1461" y="721"/>
<point x="1500" y="721"/>
</points>
</Connector>
<Connector class="oracle.dbtools.crest.swingui.relational.TVFKRelation" oid="724668F7-E8A0-07E4-F099-025A7801A877" otype="FKIndexAssociation" vid_source="2774AD2D-D548-2DFA-FE05-C0E9B862F7A8" vid_target="FF98EE81-FB60-5302-01B5-E95200E9794B">
<lineWidth>1</lineWidth>
<points>
<point x="1445" y="2388"/>
<point x="1942" y="2462"/>
</points>
</Connector>
<Connector class="oracle.dbtools.crest.swingui.relational.TVFKRelation" oid="742184B6-38C8-811D-C09F-1F2069E06F37" otype="FKIndexAssociation" vid_source="E4F3ED09-31B7-42FA-8C32-F9AB071866CE" vid_target="B63A5288-451A-D06C-EC32-B85F29513BF7">
<lineWidth>1</lineWidth>
<points>
<point x="1461" y="520"/>
<point x="1500" y="520"/>
</points>
</Connector>
<Connector class="oracle.dbtools.crest.swingui.relational.TVFKRelation" oid="83E3BF2F-3A8E-00A6-F7F5-7C08E31092E9" otype="FKIndexAssociation" vid_source="7CF16692-448B-2FD6-AD88-FF63DBF768F7" vid_target="D21503EE-1A83-C911-C652-FB04C970C8EF">
<lineWidth>1</lineWidth>
<points>
<point x="306" y="451"/>
<point x="348" y="451"/>
</points>
</Connector>
<Connector class="oracle.dbtools.crest.swingui.relational.TVFKRelation" oid="9423C1F1-2DB5-7E67-2DA3-D8963B8DFADB" otype="FKIndexAssociation" vid_source="70784768-AD85-E8E5-E0ED-EF8A9175D37D" vid_target="B63A5288-451A-D06C-EC32-B85F29513BF7">
<lineWidth>1</lineWidth>
<points>
<point x="1463" y="312"/>
<point x="1500" y="312"/>
</points>
</Connector>
<Connector class="oracle.dbtools.crest.swingui.relational.TVFKRelation" oid="96D68FFA-107F-253F-1E4D-59893707277F" otype="FKIndexAssociation" vid_source="2506C2A3-0DC0-06D1-7860-2AB7013B6627" vid_target="FF98EE81-FB60-5302-01B5-E95200E9794B">
<lineWidth>1</lineWidth>
<points>
<point x="2245" y="2350"/>
<point x="2063" y="2350"/>
</points>
</Connector>
<Connector class="oracle.dbtools.crest.swingui.relational.TVFKRelation" oid="98247737-97E2-3573-125E-3CC6E441C4B4" otype="FKIndexAssociation" vid_source="07342A76-9611-DC80-8B80-4E437684FC5E" vid_target="B63A5288-451A-D06C-EC32-B85F29513BF7">
<lineWidth>1</lineWidth>
<points>
<point x="1786" y="511"/>
<point x="1760" y="511"/>
</points>
</Connector>
<Connector class="oracle.dbtools.crest.swingui.relational.TVFKRelation" oid="AD73DAA3-3261-9909-A400-89A4AEB14973" otype="FKIndexAssociation" vid_source="04C9D1DA-0B12-1DAD-F543-1E7F3D83C23F" vid_target="B63A5288-451A-D06C-EC32-B85F29513BF7">
<lineWidth>1</lineWidth>
<points>
<point x="1462" y="620"/>
<point x="1500" y="620"/>
</points>
</Connector>
<Connector class="oracle.dbtools.crest.swingui.relational.TVFKRelation" oid="B3334CE4-E7B8-B331-7692-E86BCACD05A3" otype="FKIndexAssociation" vid_source="259B1762-DCAF-BF07-6A99-0869DC2DCF68" vid_target="416C73ED-48E4-055D-5E9A-88C5786B0634">
<lineWidth>1</lineWidth>
<points>
<point x="2410" y="1372"/>
<point x="2347" y="1372"/>
</points>
</Connector>
<Connector class="oracle.dbtools.crest.swingui.relational.TVFKRelation" oid="C231D9DA-9853-DF90-7161-2D7109AECC06" otype="FKIndexAssociation" vid_source="05067364-95BE-AE86-2978-82BE4C1762BE" vid_target="BA1E1E55-BD20-E6E1-E517-0BF138822C78">
<lineWidth>1</lineWidth>
<points>
<point x="2403" y="1821"/>
<point x="2347" y="1821"/>
</points>
</Connector>
<Connector class="oracle.dbtools.crest.swingui.relational.TVFKRelation" oid="CBCC2026-A54C-B6B3-A9C6-3D985F4B4C1F" otype="FKIndexAssociation" vid_source="7ECA6A3E-C7CD-5901-3F2A-692DED8849B7" vid_target="69122AA6-10A0-3956-AF3C-5F6248E2C9E9">
<lineWidth>1</lineWidth>
<points>
<point x="746" y="1542"/>
<point x="677" y="1542"/>
</points>
</Connector>
<Connector class="oracle.dbtools.crest.swingui.relational.TVFKRelation" oid="D8E3D7D6-908F-640E-0DBB-CAB09E9768D2" otype="FKIndexAssociation" vid_source="61B4D149-7EF4-6578-51AD-A17AF9130A6C" vid_target="D21503EE-1A83-C911-C652-FB04C970C8EF">
<lineWidth>1</lineWidth>
<points>
<point x="308" y="108"/>
<point x="348" y="108"/>
</points>
</Connector>
<Connector class="oracle.dbtools.crest.swingui.relational.TVFKRelation" oid="FE3952F2-4CB8-3074-C536-09046E6BF58A" otype="FKIndexAssociation" vid_source="6EB6DCC1-1ECC-68B8-1ECD-1572B2BC8075" vid_target="B63A5288-451A-D06C-EC32-B85F29513BF7">
<lineWidth>1</lineWidth>
<points>
<point x="1461" y="821"/>
<point x="1500" y="821"/>
</points>
</Connector>
</connectors>
</Diagram>