PROJECT_CONFIG_ID	PROJECT_NAME	PROGRAM_NAME	REGION_NAME	STATE_NAME	PROVINCE_NAME	DISTRICT_NAME	COUNTRY_NAME	RECORD_EFF_DT	RECORD_END_DT
0	Unknown	Unknown	Unknown	Unknown	Unknown	Unknown	Unknown	1900/01/01	2999/12/31
1	Enrollment Broker	EB	Central	Texas	n/a	n/a	USA	1900/01/01	2999/12/31
2	Enrollment Broker	THS	Central	Texas	n/a	n/a	USA	1900/01/01	2999/12/31
3	Enrollment Broker	CHIP	Central	Texas	n/a	n/a	USA	1900/01/01	2999/12/31
4	TX Eligibility Support	ES	Central	Texas	n/a	n/a	USA	1900/01/01	2999/12/31
