FILTER_TYPE,VALUE
ACD_CALL_TYPE_ID_INC,5145
ACD_CALL_TYPE_ID_INC,5146
ACD_CALL_TYPE_ID_INC,5147
ACD_CALL_TYPE_ID_INC,5188
ACD_CALL_TYPE_ID_INC,5552
ACD_CALL_TYPE_ID_INC,6561
ACD_CALL_TYPE_ID_INC,6562
ACD_CALL_TYPE_ID_INC,6695
ACD_CALL_TYPE_ID_INC,6698
ACD_CALL_TYPE_ID_INC,6704
ACD_CALL_TYPE_ID_INC,6821
ACD_CALL_TYPE_ID_INC,6853
ACD_CALL_TYPE_ID_INC,6890
ACD_CALL_TYPE_ID_INC,6894
ACD_CALL_TYPE_ID_INC,6919
ACD_CALL_TYPE_ID_INC,6920
ACD_CALL_TYPE_ID_INC,5050
ACD_CALL_TYPE_ID_INC,5051
ACD_CALL_TYPE_ID_INC,5052
ACD_CALL_TYPE_ID_INC,5055
ACD_CALL_TYPE_ID_INC,5056
ACD_CALL_TYPE_ID_INC,5483
ACD_CALL_TYPE_ID_INC,5486
ACD_CALL_TYPE_ID_INC,6718
ACD_CALL_TYPE_ID_INC,6721
ACD_CALL_TYPE_ID_INC,5094
ACD_CALL_TYPE_ID_INC,5102
ACD_CALL_TYPE_ID_INC,5197
ACD_CALL_TYPE_ID_INC,5248
ACD_CALL_TYPE_ID_INC,5474
ACD_CALL_TYPE_ID_INC,5480
ACD_CALL_TYPE_ID_INC,6683
ACD_CALL_TYPE_ID_INC,6684
ACD_CALL_TYPE_ID_INC,6691
ACD_CALL_TYPE_ID_INC,5086
ACD_CALL_TYPE_ID_INC,5138
ACD_CALL_TYPE_ID_INC,5152
ACD_CALL_TYPE_ID_INC,6792
ACD_CALL_TYPE_ID_INC,6795
ACD_CALL_TYPE_ID_INC,5088
ACD_CALL_TYPE_ID_INC,5091
ACD_CALL_TYPE_ID_INC,5500
ACD_CALL_TYPE_ID_INC,5501
ACD_CALL_TYPE_ID_INC,6707
ACD_CALL_TYPE_ID_INC,6710
ACD_CALL_TYPE_ID_INC,6713
ACD_CALL_TYPE_ID_INC,6716
ACD_CALL_TYPE_ID_INC,5087
ACD_CALL_TYPE_ID_INC,5090
ACD_CALL_TYPE_ID_INC,5638
ACD_CALL_TYPE_ID_INC,5639
ACD_CALL_TYPE_ID_INC,5527
ACD_CALL_TYPE_ID_INC,5528
ACD_SKILL_GROUP_INC,5000
ACD_SKILL_GROUP_INC,5001
ACD_SKILL_GROUP_INC,5002
ACD_SKILL_GROUP_INC,5003
ACD_SKILL_GROUP_INC,5004
ACD_SKILL_GROUP_INC,5182
ACD_SKILL_GROUP_INC,5183
ACD_SKILL_GROUP_INC,5184
ACD_SKILL_GROUP_INC,5185
ACD_SKILL_GROUP_INC,5186
ACD_SKILL_GROUP_INC,5187
ACD_SKILL_GROUP_INC,5188
ACD_SKILL_GROUP_INC,5189
ACD_SKILL_GROUP_INC,5190
ACD_SKILL_GROUP_INC,5192
ACD_SKILL_GROUP_INC,5193
ACD_SKILL_GROUP_INC,5194
ACD_SKILL_GROUP_INC,5195
ACD_SKILL_GROUP_INC,5196
ACD_SKILL_GROUP_INC,5197
ACD_SKILL_GROUP_INC,5198
ACD_SKILL_GROUP_INC,5199
ACD_SKILL_GROUP_INC,5200
ACD_SKILL_GROUP_INC,5201
ACD_SKILL_GROUP_INC,5202
ACD_SKILL_GROUP_INC,5203
ACD_SKILL_GROUP_INC,5204
ACD_SKILL_GROUP_INC,5205
ACD_SKILL_GROUP_INC,5206
ACD_SKILL_GROUP_INC,5207
ACD_SKILL_GROUP_INC,5257
ACD_SKILL_GROUP_INC,5313
ACD_SKILL_GROUP_INC,5314
ACD_SKILL_GROUP_INC,5317
ACD_SKILL_GROUP_INC,5318
ACD_SKILL_GROUP_INC,5319
ACD_SKILL_GROUP_INC,5320
ACD_SKILL_GROUP_INC,5436
ACD_SKILL_GROUP_INC,7284
ACD_SKILL_GROUP_INC,7285
ACD_SKILL_GROUP_INC,7286
ACD_SKILL_GROUP_INC,7287
ACD_SKILL_GROUP_INC,7288
ACD_SKILL_GROUP_INC,7289
ACD_SKILL_GROUP_INC,7290
ACD_SKILL_GROUP_INC,7291
ACD_SKILL_GROUP_INC,7568
ACD_SKILL_GROUP_INC,7606
ACD_SKILL_GROUP_INC,7609
ACD_SKILL_GROUP_INC,7610
ACD_SKILL_GROUP_INC,8220
ACD_SKILL_GROUP_INC,8221
ACD_SKILL_GROUP_INC,8242
ACD_SKILL_GROUP_INC,8243
ACD_SKILL_GROUP_INC,8244
ACD_SKILL_GROUP_INC,8245
ACD_SKILL_GROUP_INC,8250
ACD_SKILL_GROUP_INC,8251
ACD_SKILL_GROUP_INC,8329
ACD_SKILL_GROUP_INC,8330
ACD_SKILL_GROUP_INC,8406
ACD_SKILL_GROUP_INC,8407
ACD_SKILL_GROUP_INC,8408
ACD_SKILL_GROUP_INC,8409
ACD_SKILL_GROUP_INC,8410
ACD_SKILL_GROUP_INC,8411
ACD_SKILL_GROUP_INC,8412
ACD_SKILL_GROUP_INC,8413
ACD_SKILL_GROUP_INC,8436
ACD_SKILL_GROUP_INC,8607
ACD_SKILL_GROUP_INC,8913
ACD_SKILL_GROUP_INC,9100
ACD_SKILL_GROUP_INC,9101
ACD_SKILL_GROUP_INC,9282
ACD_SKILL_GROUP_INC,9283
ACD_SKILL_GROUP_INC,9284
ACD_SKILL_GROUP_INC,9285
ACD_SKILL_GROUP_INC,9286
ACD_SKILL_GROUP_INC,9287
ACD_SKILL_GROUP_INC,9827
ACD_SKILL_GROUP_INC,9828
ACD_SKILL_GROUP_INC,9829
ACD_SKILL_GROUP_INC,9830
ACD_SKILL_GROUP_INC,9831
ACD_SKILL_GROUP_INC,9832
ACD_SKILL_GROUP_INC,9833
ACD_SKILL_GROUP_INC,9834
ACD_SKILL_GROUP_INC,9835
ACD_SKILL_GROUP_INC,9836
ACD_SKILL_GROUP_INC,9837
ACD_SKILL_GROUP_INC,9838
ACD_SKILL_GROUP_INC,9839
ACD_SKILL_GROUP_INC,9840
ACD_SKILL_GROUP_INC,9841
ACD_SKILL_GROUP_INC,9842
ACD_SKILL_GROUP_INC,9843
ACD_SKILL_GROUP_INC,9844
ACD_SKILL_GROUP_INC,9845
ACD_SKILL_GROUP_INC,9846
ACD_SKILL_GROUP_INC,9847
ACD_SKILL_GROUP_INC,9848
ACD_SKILL_GROUP_INC,9849
ACD_SKILL_GROUP_INC,9850
ACD_SKILL_GROUP_INC,9851
ACD_SKILL_GROUP_INC,9852
ACD_SKILL_GROUP_INC,9853
ACD_SKILL_GROUP_INC,9854
ACD_SKILL_GROUP_INC,9855
ACD_SKILL_GROUP_INC,9856
ACD_SKILL_GROUP_INC,9857
ACD_SKILL_GROUP_INC,9858
ACD_SKILL_GROUP_INC,9859
ACD_SKILL_GROUP_INC,9860
ACD_SKILL_GROUP_INC,9861
ACD_SKILL_GROUP_INC,9862
ACD_SKILL_GROUP_INC,9863
ACD_SKILL_GROUP_INC,9864
ACD_SKILL_GROUP_INC,9865
ACD_SKILL_GROUP_INC,9866
ACD_SKILL_GROUP_INC,9867
ACD_SKILL_GROUP_INC,9868
ACD_SKILL_GROUP_INC,9869
ACD_SKILL_GROUP_INC,9870
ACD_SKILL_GROUP_INC,9871
ACD_SKILL_GROUP_INC,9872
ACD_SKILL_GROUP_INC,9873
ACD_SKILL_GROUP_INC,9874
ACD_SKILL_GROUP_INC,10163
ACD_SKILL_GROUP_INC,10540
ACD_SKILL_GROUP_INC,10541
ACD_SKILL_GROUP_INC,10544
ACD_SKILL_GROUP_INC,10545
ACD_SKILL_GROUP_INC,10546
ACD_SKILL_GROUP_INC,10547
ACD_SKILL_GROUP_INC,10548
ACD_SKILL_GROUP_INC,10549
ACD_SKILL_GROUP_INC,10720
ACD_SKILL_GROUP_INC,10721
ACD_SKILL_GROUP_INC,10882
ACD_SKILL_GROUP_INC,10988
ACD_SKILL_GROUP_INC,10989
ACD_SKILL_GROUP_INC,10990
ACD_SKILL_GROUP_INC,10991
ACD_SKILL_GROUP_INC,11229
ACD_SKILL_GROUP_INC,11230
ACD_SKILL_GROUP_INC,11236
ACD_SKILL_GROUP_INC,11237
ACD_SKILL_GROUP_INC,11238
ACD_SKILL_GROUP_INC,11239
ACD_SKILL_GROUP_INC,11240
ACD_SKILL_GROUP_INC,11241
ACD_SKILL_GROUP_INC,11538
ACD_SKILL_GROUP_INC,11539
ACD_SKILL_GROUP_INC,11714
ACD_SKILL_GROUP_INC,11715
ACD_SKILL_GROUP_INC,11759
ACD_SKILL_GROUP_INC,11760
ACD_SKILL_GROUP_INC,12739
ACD_SKILL_GROUP_INC,12740
ACD_SKILL_GROUP_INC,13711
ACD_SKILL_GROUP_INC,13712
ACD_SKILL_GROUP_INC,13717
ACD_SKILL_GROUP_INC,13718
ACD_SKILL_GROUP_INC,13719
ACD_SKILL_GROUP_INC,13720
ACD_SKILL_GROUP_INC,13958
ACD_SKILL_GROUP_INC,13959
ACD_SKILL_GROUP_INC,13960
ACD_SKILL_GROUP_INC,13961
ACD_SKILL_GROUP_INC,14100
ACD_SKILL_GROUP_INC,14101
ACD_SKILL_GROUP_INC,14102
ACD_SKILL_GROUP_INC,14103
ACD_SKILL_GROUP_INC,15446
ACD_SKILL_GROUP_INC,15894
ACD_SKILL_GROUP_INC,15895
ACD_SKILL_GROUP_INC,16181
ACD_SKILL_GROUP_INC,16182
ACD_SKILL_GROUP_INC,17021
ACD_SKILL_GROUP_INC,17022
ACD_SKILL_GROUP_INC,17023
ACD_SKILL_GROUP_INC,17024
ACD_SKILL_GROUP_INC,17025
ACD_SKILL_GROUP_INC,17026
ACD_SKILL_GROUP_INC,17053
ACD_SKILL_GROUP_INC,17054
ACD_SKILL_GROUP_INC,17055
ACD_SKILL_GROUP_INC,17056
ACD_SKILL_GROUP_INC,17057
ACD_SKILL_GROUP_INC,17058
ACD_SKILL_GROUP_INC,5579
ACD_SKILL_GROUP_INC,5580
ACD_SKILL_GROUP_INC,5994
ACD_SKILL_GROUP_INC,5995
ACD_SKILL_GROUP_INC,6700
ACD_SKILL_GROUP_INC,6701
ACD_SKILL_GROUP_INC,6702
ACD_SKILL_GROUP_INC,6703
ACD_SKILL_GROUP_INC,7611
ACD_SKILL_GROUP_INC,7612
ACD_SKILL_GROUP_INC,9876
ACD_SKILL_GROUP_INC,9877
ACD_SKILL_GROUP_INC,10981
ACD_SKILL_GROUP_INC,10982
ACD_SKILL_GROUP_INC,10983
ACD_SKILL_GROUP_INC,10984
ACD_SKILL_GROUP_INC,11086
ACD_SKILL_GROUP_INC,11087
ACD_SKILL_GROUP_INC,11088
ACD_SKILL_GROUP_INC,11089
ACD_SKILL_GROUP_INC,13715
ACD_SKILL_GROUP_INC,13716
ACD_SKILL_GROUP_INC,14014
ACD_SKILL_GROUP_INC,14015
WFM_ORGANIZATION_INC,CHIP Athens
WFM_ORGANIZATION_INC,CHIP Austin EEU
WFM_ORGANIZATION_INC,CHIP Austin PT
WFM_ORGANIZATION_INC,CHIP ENG ATHENS
WFM_ORGANIZATION_INC,CHIP ENG MIDLAND
WFM_ORGANIZATION_INC,CHIP ENG SEU MIDLAND
WFM_ORGANIZATION_INC,CHIP ENRL ENG Austin
WFM_ORGANIZATION_INC,CHIP ENRL SPN Austin
WFM_ORGANIZATION_INC,Chip Enroll Austin
WFM_ORGANIZATION_INC,CHIP MIDLAND
WFM_ORGANIZATION_INC,CHIP Provider Austin
WFM_ORGANIZATION_INC,CHIP QC
WFM_ORGANIZATION_INC,CHIP SEU English
WFM_ORGANIZATION_INC,CHIP SEU MIDLAND
WFM_ORGANIZATION_INC,CHIP SEU Spanish
WFM_ORGANIZATION_INC,CHIP SEU Virtual Contact Center
WFM_ORGANIZATION_INC,CHIP SPN ATHENS
WFM_ORGANIZATION_INC,CHIP SPN MIDLAND
WFM_ORGANIZATION_INC,CHIP SPN SEU MIDLAND
WFM_ORGANIZATION_INC,CHIP Virtual Contact Center
WFM_ORGANIZATION_INC,CHIP.ATHENS
WFM_ORGANIZATION_INC,CHIP.ATHENS ENG
WFM_ORGANIZATION_INC,CHIP.ATHENS SPN
WFM_ORGANIZATION_INC,CHIP.Austin
WFM_ORGANIZATION_INC,CHIP.Austin ENG
WFM_ORGANIZATION_INC,CHIP.Austin SPN
WFM_ORGANIZATION_INC,CHIP.MIDLAND
WFM_ORGANIZATION_INC,CHIP.MIDLAND ENG
WFM_ORGANIZATION_INC,CHIP.MIDLAND SPN
WFM_ORGANIZATION_INC,EB
WFM_ORGANIZATION_INC,EB Athens
WFM_ORGANIZATION_INC,EB Eng Athens
WFM_ORGANIZATION_INC,EB ENG Austin
WFM_ORGANIZATION_INC,EB SEU Austin
WFM_ORGANIZATION_INC,EB SPN Athens
WFM_ORGANIZATION_INC,EB SPN Austin
WFM_ORGANIZATION_INC,EB VM
WFM_ORGANIZATION_INC,EB/THS Austin
WFM_ORGANIZATION_INC,EB/THS ENG Austin
WFM_ORGANIZATION_INC,EB/THS Outbound Agents
WFM_ORGANIZATION_INC,EB/THS SPN Austin
WFM_ORGANIZATION_INC,THS
WFM_ORGANIZATION_INC,THS Athens
WFM_ORGANIZATION_INC,THS ENG Athens
WFM_ORGANIZATION_INC,THS ENG Austin
WFM_ORGANIZATION_INC,THS SPN Athens
WFM_ORGANIZATION_INC,THS SPN Austin
WFM_ORGANIZATION_INC,THS VM
