<?xml version = '1.0' encoding = 'UTF-8'?>
<relationalModel class="oracle.dbtools.crest.model.design.relational.RelationalDesign" name="MAXDTDEV" id="55CD1845-5998-963D-CDA0-9A1CC787AC72" mainViewID="26E09B0A-04F0-FF14-63A6-EDA7DB2D38C3">
<createdBy>ro38606</createdBy>
<createdTime>2013-05-07 16:46:44 UTC</createdTime>
<ownerDesignName>NYEC_BPM_Semantic_data_model_diagram</ownerDesignName>
<shouldBeOpen>false</shouldBeOpen>
<selectedRDBMSSite>32076570-2523-435C-2E92-BF29817DFF70</selectedRDBMSSite>
<importConnectionStamps>
<importConnectionStamp class="oracle.dbtools.crest.imports.DBConnectionStamp">
<connName>MAXDTDEV</connName>
<connUrl>jdbc:oracle:thin:@rcmxdb4d.maximus.com:1542/maxdtdev.maximus.com</connUrl>
<connUser>ro38606[MAXDAT]</connUser>
<connType>1</connType>
</importConnectionStamp>
</importConnectionStamps>
</relationalModel>