<?xml version = '1.0' encoding = 'UTF-8'?>
<relationalModel class="oracle.dbtools.crest.model.design.relational.RelationalDesign" name="Relational_1" id="7339B27E-E341-45FF-F2AA-AB3BDA52FD2B" mainViewID="AD0FC3B6-3AFB-2C59-AFAB-D51962A42A49">
<createdBy>ro38606</createdBy>
<createdTime>2013-05-07 16:41:48 UTC</createdTime>
<ownerDesignName>NYEC_BPM_Semantic_data_model_diagram</ownerDesignName>
<shouldBeOpen>false</shouldBeOpen>
<selectedRDBMSSite>32076570-2523-435C-2E92-BF29817DFF70</selectedRDBMSSite>
</relationalModel>