delete corp_etl_list_lkup;
delete bpm_d_ops_group_task;
delete d_bpm_process_segment;
delete d_bpm_flow;
delete d_bpm_task_type_entity;
delete d_bpm_entity;
delete d_bpm_entity_type;
delete d_bpm_process;
delete d_task_types;

--truncate table d_task_types;
insert into d_task_types (TASK_TYPE_ID, TASK_NAME,TASK_DESCRIPTION,OPERATIONS_GROUP,SLA_DAYS, SLA_DAYS_TYPE, SLA_TARGET_DAYS, SLA_JEOPARDY_DAYS,UNIT_OF_WORK) values (39,'Appeal Entered','Appeal Entered','CMS',2,'B',2,1,null);
insert into d_task_types (TASK_TYPE_ID, TASK_NAME,TASK_DESCRIPTION,OPERATIONS_GROUP,SLA_DAYS, SLA_DAYS_TYPE, SLA_TARGET_DAYS, SLA_JEOPARDY_DAYS,UNIT_OF_WORK) values (51,'ReOpened','ReOpened','CMS',0,'C',0,0,null);
insert into d_task_types (TASK_TYPE_ID, TASK_NAME,TASK_DESCRIPTION,OPERATIONS_GROUP,SLA_DAYS, SLA_DAYS_TYPE, SLA_TARGET_DAYS, SLA_JEOPARDY_DAYS,UNIT_OF_WORK) values (1576215,'MAS Error','MAS Error','CMS',1,'B',1,0.5,null);
insert into d_task_types (TASK_TYPE_ID, TASK_NAME,TASK_DESCRIPTION,OPERATIONS_GROUP,SLA_DAYS, SLA_DAYS_TYPE, SLA_TARGET_DAYS, SLA_JEOPARDY_DAYS,UNIT_OF_WORK) values (57,'Document Sorting','Document Sorting','Production Services',2,'B',2,1,null);
insert into d_task_types (TASK_TYPE_ID, TASK_NAME,TASK_DESCRIPTION,OPERATIONS_GROUP,SLA_DAYS, SLA_DAYS_TYPE, SLA_TARGET_DAYS, SLA_JEOPARDY_DAYS,UNIT_OF_WORK) values (56,'Not a Case File','Not a Case File','Production Services',5,'B',5,4,null);
insert into d_task_types (TASK_TYPE_ID, TASK_NAME,TASK_DESCRIPTION,OPERATIONS_GROUP,SLA_DAYS, SLA_DAYS_TYPE, SLA_TARGET_DAYS, SLA_JEOPARDY_DAYS,UNIT_OF_WORK) values (50,'New Investigation','New Investigation','Production Services',5,'B',5,4,null);
insert into d_task_types (TASK_TYPE_ID, TASK_NAME,TASK_DESCRIPTION,OPERATIONS_GROUP,SLA_DAYS, SLA_DAYS_TYPE, SLA_TARGET_DAYS, SLA_JEOPARDY_DAYS,UNIT_OF_WORK) values (41,'New Request','New Request','Production Services',2,'C',2,1,null);
insert into d_task_types (TASK_TYPE_ID, TASK_NAME,TASK_DESCRIPTION,OPERATIONS_GROUP,SLA_DAYS, SLA_DAYS_TYPE, SLA_TARGET_DAYS, SLA_JEOPARDY_DAYS,UNIT_OF_WORK) values (55,'Case File Received','Case File Received','Production Services',2,'B',2,1,null);
insert into d_task_types (TASK_TYPE_ID, TASK_NAME,TASK_DESCRIPTION,OPERATIONS_GROUP,SLA_DAYS, SLA_DAYS_TYPE, SLA_TARGET_DAYS, SLA_JEOPARDY_DAYS,UNIT_OF_WORK) values (58,'Possible Duplicate','Possible Duplicate','Production Services',2,'B',2,1,null);
insert into d_task_types (TASK_TYPE_ID, TASK_NAME,TASK_DESCRIPTION,OPERATIONS_GROUP,SLA_DAYS, SLA_DAYS_TYPE, SLA_TARGET_DAYS, SLA_JEOPARDY_DAYS,UNIT_OF_WORK) values (63,'Duplicate Case File','Duplicate Case File','Production Services',5,'B',5,4,null);
insert into d_task_types (TASK_TYPE_ID, TASK_NAME,TASK_DESCRIPTION,OPERATIONS_GROUP,SLA_DAYS, SLA_DAYS_TYPE, SLA_TARGET_DAYS, SLA_JEOPARDY_DAYS,UNIT_OF_WORK) values (48,'Invalid Appeal Number','Invalid Appeal Number','Production Services',5,'B',5,4,null);
insert into d_task_types (TASK_TYPE_ID, TASK_NAME,TASK_DESCRIPTION,OPERATIONS_GROUP,SLA_DAYS, SLA_DAYS_TYPE, SLA_TARGET_DAYS, SLA_JEOPARDY_DAYS,UNIT_OF_WORK) values (62,'Image Issues','Image Issues','Production Services',5,'B',5,4,null);
insert into d_task_types (TASK_TYPE_ID, TASK_NAME,TASK_DESCRIPTION,OPERATIONS_GROUP,SLA_DAYS, SLA_DAYS_TYPE, SLA_TARGET_DAYS, SLA_JEOPARDY_DAYS,UNIT_OF_WORK) values (45,'Not an Appeal Request','Not an Appeal Request','Production Services',3,'B',3,2,null);
insert into d_task_types (TASK_TYPE_ID, TASK_NAME,TASK_DESCRIPTION,OPERATIONS_GROUP,SLA_DAYS, SLA_DAYS_TYPE, SLA_TARGET_DAYS, SLA_JEOPARDY_DAYS,UNIT_OF_WORK) values (40,'Ready to Close','Ready to Close','Production Services',2,'B',2,1,null);
insert into d_task_types (TASK_TYPE_ID, TASK_NAME,TASK_DESCRIPTION,OPERATIONS_GROUP,SLA_DAYS, SLA_DAYS_TYPE, SLA_TARGET_DAYS, SLA_JEOPARDY_DAYS,UNIT_OF_WORK) values (44,'Ready for Appeal Review','Ready for Appeal Review','Adjudicator or Precheck',20,'C',20,18,null);
insert into d_task_types (TASK_TYPE_ID, TASK_NAME,TASK_DESCRIPTION,OPERATIONS_GROUP,SLA_DAYS, SLA_DAYS_TYPE, SLA_TARGET_DAYS, SLA_JEOPARDY_DAYS,UNIT_OF_WORK) values (54,'AutoPromoted','AutoPromoted','Adjudicator or Precheck',0,'C',0,0,null);
insert into d_task_types (TASK_TYPE_ID, TASK_NAME,TASK_DESCRIPTION,OPERATIONS_GROUP,SLA_DAYS, SLA_DAYS_TYPE, SLA_TARGET_DAYS, SLA_JEOPARDY_DAYS,UNIT_OF_WORK) values (38,'Pending Request for Information','Pending Request for Information','Adjudicator or Precheck',7,'C',7,6,null);
insert into d_task_types (TASK_TYPE_ID, TASK_NAME,TASK_DESCRIPTION,OPERATIONS_GROUP,SLA_DAYS, SLA_DAYS_TYPE, SLA_TARGET_DAYS, SLA_JEOPARDY_DAYS,UNIT_OF_WORK) values (52,'Conflict of Interest','Conflict of Interest','Supervisor',4,'B',4,3,null);
insert into d_task_types (TASK_TYPE_ID, TASK_NAME,TASK_DESCRIPTION,OPERATIONS_GROUP,SLA_DAYS, SLA_DAYS_TYPE, SLA_TARGET_DAYS, SLA_JEOPARDY_DAYS,UNIT_OF_WORK) values (53,'Wrong Appeal Type/Part','Wrong Appeal Type/Part','Supervisor',4,'B',4,3,null);
insert into d_task_types (TASK_TYPE_ID, TASK_NAME,TASK_DESCRIPTION,OPERATIONS_GROUP,SLA_DAYS, SLA_DAYS_TYPE, SLA_TARGET_DAYS, SLA_JEOPARDY_DAYS,UNIT_OF_WORK) values (46,'Pending Medical Review','Pending Medical Review','Physician',2,'C',2,1.5,null);

insert into d_task_types (TASK_TYPE_ID, TASK_NAME,TASK_DESCRIPTION,OPERATIONS_GROUP,SLA_DAYS, SLA_DAYS_TYPE, SLA_TARGET_DAYS, SLA_JEOPARDY_DAYS,UNIT_OF_WORK) values (43,'Awaiting Case File','Awaiting Case File','None',7,'C',7,6,null);
--insert into d_task_types (TASK_TYPE_ID, TASK_NAME,TASK_DESCRIPTION,OPERATIONS_GROUP,SLA_DAYS, SLA_DAYS_TYPE, SLA_TARGET_DAYS, SLA_JEOPARDY_DAYS,UNIT_OF_WORK) values (,'Ready for Appeal Review (Expedited)','Ready for Appeal Review (Expedited)','None',2,'C',2,1,null);
insert into d_task_types (TASK_TYPE_ID, TASK_NAME,TASK_DESCRIPTION,OPERATIONS_GROUP,SLA_DAYS, SLA_DAYS_TYPE, SLA_TARGET_DAYS, SLA_JEOPARDY_DAYS,UNIT_OF_WORK) values (59,'Second Review Needed','Second Review Needed','None',2,'B',2,1,null);
insert into d_task_types (TASK_TYPE_ID, TASK_NAME,TASK_DESCRIPTION,OPERATIONS_GROUP,SLA_DAYS, SLA_DAYS_TYPE, SLA_TARGET_DAYS, SLA_JEOPARDY_DAYS,UNIT_OF_WORK) values (60,'Third Review Needed','Third Review Needed','None',2,'B',2,1,null);
insert into d_task_types (TASK_TYPE_ID, TASK_NAME,TASK_DESCRIPTION,OPERATIONS_GROUP,SLA_DAYS, SLA_DAYS_TYPE, SLA_TARGET_DAYS, SLA_JEOPARDY_DAYS,UNIT_OF_WORK) values (61,'Medical Review Completed','Medical Review Completed','None',1,'B',1,0.5,null);

insert into d_task_types (TASK_TYPE_ID, TASK_NAME,TASK_DESCRIPTION,OPERATIONS_GROUP,SLA_DAYS, SLA_DAYS_TYPE, SLA_TARGET_DAYS, SLA_JEOPARDY_DAYS,UNIT_OF_WORK) 
values (37,'New',null,null,null,null,null,null,null);
insert into d_task_types (TASK_TYPE_ID, TASK_NAME,TASK_DESCRIPTION,OPERATIONS_GROUP,SLA_DAYS, SLA_DAYS_TYPE, SLA_TARGET_DAYS, SLA_JEOPARDY_DAYS,UNIT_OF_WORK) 
values (42,'Appeal Updated',null,null,null,null,null,null,null);
insert into d_task_types (TASK_TYPE_ID, TASK_NAME,TASK_DESCRIPTION,OPERATIONS_GROUP,SLA_DAYS, SLA_DAYS_TYPE, SLA_TARGET_DAYS, SLA_JEOPARDY_DAYS,UNIT_OF_WORK) 
values (47,'Closed',null,null,null,null,null,null,null);
insert into d_task_types (TASK_TYPE_ID, TASK_NAME,TASK_DESCRIPTION,OPERATIONS_GROUP,SLA_DAYS, SLA_DAYS_TYPE, SLA_TARGET_DAYS, SLA_JEOPARDY_DAYS,UNIT_OF_WORK) 
values (49,'Archive',null,null,null,null,null,null,null);
insert into d_task_types (TASK_TYPE_ID, TASK_NAME,TASK_DESCRIPTION,OPERATIONS_GROUP,SLA_DAYS, SLA_DAYS_TYPE, SLA_TARGET_DAYS, SLA_JEOPARDY_DAYS,UNIT_OF_WORK) 
values (34,'Tolling',null,null,null,null,null,null,null);
insert into d_task_types (TASK_TYPE_ID, TASK_NAME,TASK_DESCRIPTION,OPERATIONS_GROUP,SLA_DAYS, SLA_DAYS_TYPE, SLA_TARGET_DAYS, SLA_JEOPARDY_DAYS,UNIT_OF_WORK) 
values (35,'Pending Tolling Cure Date',null,null,null,null,null,null,null);
insert into d_task_types (TASK_TYPE_ID, TASK_NAME,TASK_DESCRIPTION,OPERATIONS_GROUP,SLA_DAYS, SLA_DAYS_TYPE, SLA_TARGET_DAYS, SLA_JEOPARDY_DAYS,UNIT_OF_WORK) 
values (36,'Pending Tolling',null,null,null,null,null,null,null);
--insert into d_task_types (TASK_TYPE_ID, TASK_NAME,TASK_DESCRIPTION,OPERATIONS_GROUP,SLA_DAYS, SLA_DAYS_TYPE, SLA_TARGET_DAYS, SLA_JEOPARDY_DAYS,UNIT_OF_WORK) 
--values (769877,'details open',null,null,null,null,null,null,null);
insert into d_task_types (TASK_TYPE_ID, TASK_NAME,TASK_DESCRIPTION,OPERATIONS_GROUP,SLA_DAYS, SLA_DAYS_TYPE, SLA_TARGET_DAYS, SLA_JEOPARDY_DAYS,UNIT_OF_WORK) 
values (9286496,'Ready For Demo',null,null,null,null,null,null,null);
insert into d_task_types (TASK_TYPE_ID, TASK_NAME,TASK_DESCRIPTION,OPERATIONS_GROUP,SLA_DAYS, SLA_DAYS_TYPE, SLA_TARGET_DAYS, SLA_JEOPARDY_DAYS,UNIT_OF_WORK) 
values (9286497,'Potential Demo Reopening',null,null,null,null,null,null,null);


--truncate table d_bpm_process;
insert into d_bpm_process values (1,'FEDQIC','FEDQIC','APPEAL',null,null,null);

--truncate table d_bpm_entity_type;
Insert into D_BPM_ENTITY_TYPE (ENTITY_TYPE_ID,ENTITY_TYPE_NAME,ENTITY_TYPE_DESCRIPTION) values (1,'EXCLUSIVE_GATEWAY','Presents mutually exclusive options');
Insert into D_BPM_ENTITY_TYPE (ENTITY_TYPE_ID,ENTITY_TYPE_NAME,ENTITY_TYPE_DESCRIPTION) values (2,'PARALLEL_GATEWAY','Presents options that can proceed in parallell');
Insert into D_BPM_ENTITY_TYPE (ENTITY_TYPE_ID,ENTITY_TYPE_NAME,ENTITY_TYPE_DESCRIPTION) values (3,'PROCESS_ACTIVITY','Process activity');
Insert into D_BPM_ENTITY_TYPE (ENTITY_TYPE_ID,ENTITY_TYPE_NAME,ENTITY_TYPE_DESCRIPTION) values (4,'SUBPROCESS_ACTIVITY','Sub-Process activity');
Insert into D_BPM_ENTITY_TYPE (ENTITY_TYPE_ID,ENTITY_TYPE_NAME,ENTITY_TYPE_DESCRIPTION) values (5,'TASK_ACTIVITY','Task activity');
Insert into D_BPM_ENTITY_TYPE (ENTITY_TYPE_ID,ENTITY_TYPE_NAME,ENTITY_TYPE_DESCRIPTION) values (6,'PROCESS_COMPLETE','Process completion entity, marks end of process');
Insert into D_BPM_ENTITY_TYPE (ENTITY_TYPE_ID,ENTITY_TYPE_NAME,ENTITY_TYPE_DESCRIPTION) values (7,'PROCESS_START','Process start entity, marks the start of a process');

--truncate table d_bpm_entity;
Insert into D_BPM_ENTITY (ENTITY_ID,ENTITY_TYPE_ID,PROCESS_ID,ENTITY_NAME,ENTITY_DESCRIPTION,SOURCE_REFERENCE_TYPE,TIMELINESS_THRESHOLD,TIMELINESS_DAYS_TYPE,IS_STARTING_ENTITY,IS_TERMINATING_ENTITY) values (1,7,1,'DOCUMENT_IMAGE_AND_DATA_RECEIVED','Document Image and Data Received','',0,'B','Y','N');
Insert into D_BPM_ENTITY (ENTITY_ID,ENTITY_TYPE_ID,PROCESS_ID,ENTITY_NAME,ENTITY_DESCRIPTION,SOURCE_REFERENCE_TYPE,TIMELINESS_THRESHOLD,TIMELINESS_DAYS_TYPE,IS_STARTING_ENTITY,IS_TERMINATING_ENTITY) values (2,1,1,'DOC_TYPE_CASE_FILE_OR_APPEAL_REQUEST?','Document Type =Case File or Appeal Request or Neither? Gateway','',0,'B','N','N');
Insert into D_BPM_ENTITY (ENTITY_ID,ENTITY_TYPE_ID,PROCESS_ID,ENTITY_NAME,ENTITY_DESCRIPTION,SOURCE_REFERENCE_TYPE,TIMELINESS_THRESHOLD,TIMELINESS_DAYS_TYPE,IS_STARTING_ENTITY,IS_TERMINATING_ENTITY) values (3,1,1,'ABLE_TO_ASSOCIATE_CASE_FILE_TO_EXISTING_APPEAL_AUTOMATICALLY?','Able to associate case file to existing appeal Automatically? Gateway','',0,'B','N','N');
Insert into D_BPM_ENTITY (ENTITY_ID,ENTITY_TYPE_ID,PROCESS_ID,ENTITY_NAME,ENTITY_DESCRIPTION,SOURCE_REFERENCE_TYPE,TIMELINESS_THRESHOLD,TIMELINESS_DAYS_TYPE,IS_STARTING_ENTITY,IS_TERMINATING_ENTITY) values (4,6,1,'CASE_FILE_ASSOCIATED_TO_EXISTING_APPEAL','Case file associated to existing appeal','',0,'B','N','Y');
Insert into D_BPM_ENTITY (ENTITY_ID,ENTITY_TYPE_ID,PROCESS_ID,ENTITY_NAME,ENTITY_DESCRIPTION,SOURCE_REFERENCE_TYPE,TIMELINESS_THRESHOLD,TIMELINESS_DAYS_TYPE,IS_STARTING_ENTITY,IS_TERMINATING_ENTITY) values (5,4,1,'ASSOCIATE_CASE_FILE_TO_APPEAL','Associate Case File To Appeal','',1,'B','N','N');
Insert into D_BPM_ENTITY (ENTITY_ID,ENTITY_TYPE_ID,PROCESS_ID,ENTITY_NAME,ENTITY_DESCRIPTION,SOURCE_REFERENCE_TYPE,TIMELINESS_THRESHOLD,TIMELINESS_DAYS_TYPE,IS_STARTING_ENTITY,IS_TERMINATING_ENTITY) values (6,4,1,'RESEARCH_PROBLEM','Research Problem Task','',5,'B','N','N');
Insert into D_BPM_ENTITY (ENTITY_ID,ENTITY_TYPE_ID,PROCESS_ID,ENTITY_NAME,ENTITY_DESCRIPTION,SOURCE_REFERENCE_TYPE,TIMELINESS_THRESHOLD,TIMELINESS_DAYS_TYPE,IS_STARTING_ENTITY,IS_TERMINATING_ENTITY) values (7,1,1,'TRASH?','Trash? Gateway','',0,'B','N','N');
Insert into D_BPM_ENTITY (ENTITY_ID,ENTITY_TYPE_ID,PROCESS_ID,ENTITY_NAME,ENTITY_DESCRIPTION,SOURCE_REFERENCE_TYPE,TIMELINESS_THRESHOLD,TIMELINESS_DAYS_TYPE,IS_STARTING_ENTITY,IS_TERMINATING_ENTITY) values (8,6,1,'NOT_AN_APPEAL_TRASHED','Not An Appeal - Trashed','',0,'B','N','Y');
Insert into D_BPM_ENTITY (ENTITY_ID,ENTITY_TYPE_ID,PROCESS_ID,ENTITY_NAME,ENTITY_DESCRIPTION,SOURCE_REFERENCE_TYPE,TIMELINESS_THRESHOLD,TIMELINESS_DAYS_TYPE,IS_STARTING_ENTITY,IS_TERMINATING_ENTITY) values (9,6,1,'NOT_AN_APPEAL_ATTACHED_AND_ARCHIVED','Not an Appeal - Attached and Archived','',0,'B','N','Y');
Insert into D_BPM_ENTITY (ENTITY_ID,ENTITY_TYPE_ID,PROCESS_ID,ENTITY_NAME,ENTITY_DESCRIPTION,SOURCE_REFERENCE_TYPE,TIMELINESS_THRESHOLD,TIMELINESS_DAYS_TYPE,IS_STARTING_ENTITY,IS_TERMINATING_ENTITY) values (10,4,1,'PERFORM_DETAILED_INVESTIGATION','Perform Detailed Investigation','',3,'B','N','N');
Insert into D_BPM_ENTITY (ENTITY_ID,ENTITY_TYPE_ID,PROCESS_ID,ENTITY_NAME,ENTITY_DESCRIPTION,SOURCE_REFERENCE_TYPE,TIMELINESS_THRESHOLD,TIMELINESS_DAYS_TYPE,IS_STARTING_ENTITY,IS_TERMINATING_ENTITY) values (11,1,1,'APPEAL_OR_CASE_FILE?','Appeal or Case File Gateway','',0,'B','N','N');
Insert into D_BPM_ENTITY (ENTITY_ID,ENTITY_TYPE_ID,PROCESS_ID,ENTITY_NAME,ENTITY_DESCRIPTION,SOURCE_REFERENCE_TYPE,TIMELINESS_THRESHOLD,TIMELINESS_DAYS_TYPE,IS_STARTING_ENTITY,IS_TERMINATING_ENTITY) values (12,4,1,'CREATE_APPEAL','Create Appeal','',2,'C','N','N');
Insert into D_BPM_ENTITY (ENTITY_ID,ENTITY_TYPE_ID,PROCESS_ID,ENTITY_NAME,ENTITY_DESCRIPTION,SOURCE_REFERENCE_TYPE,TIMELINESS_THRESHOLD,TIMELINESS_DAYS_TYPE,IS_STARTING_ENTITY,IS_TERMINATING_ENTITY) values (13,4,1,'CONFIRM_DUPLICATE','Confirm Duplicate Task','',2,'B','N','N');
Insert into D_BPM_ENTITY (ENTITY_ID,ENTITY_TYPE_ID,PROCESS_ID,ENTITY_NAME,ENTITY_DESCRIPTION,SOURCE_REFERENCE_TYPE,TIMELINESS_THRESHOLD,TIMELINESS_DAYS_TYPE,IS_STARTING_ENTITY,IS_TERMINATING_ENTITY) values (14,1,1,'DUPLICATE_CONFIRMED?','Duplicate Confirmed? Gateway','',0,'B','N','N');
Insert into D_BPM_ENTITY (ENTITY_ID,ENTITY_TYPE_ID,PROCESS_ID,ENTITY_NAME,ENTITY_DESCRIPTION,SOURCE_REFERENCE_TYPE,TIMELINESS_THRESHOLD,TIMELINESS_DAYS_TYPE,IS_STARTING_ENTITY,IS_TERMINATING_ENTITY) values (15,6,1,'DOCS_ASSOCIATED_TO_EXISTING_APPEAL_OR_CASE_RECORD_ARCHIVED','Documents Associated To Existing Appeal/Case -- Record Archived','',0,'B','N','Y');
Insert into D_BPM_ENTITY (ENTITY_ID,ENTITY_TYPE_ID,PROCESS_ID,ENTITY_NAME,ENTITY_DESCRIPTION,SOURCE_REFERENCE_TYPE,TIMELINESS_THRESHOLD,TIMELINESS_DAYS_TYPE,IS_STARTING_ENTITY,IS_TERMINATING_ENTITY) values (16,5,1,'RECEIVE_APPEAL_NUMBER_FROM_MAS','Receive Appeal Number From MAS','',1,'B','N','N');
Insert into D_BPM_ENTITY (ENTITY_ID,ENTITY_TYPE_ID,PROCESS_ID,ENTITY_NAME,ENTITY_DESCRIPTION,SOURCE_REFERENCE_TYPE,TIMELINESS_THRESHOLD,TIMELINESS_DAYS_TYPE,IS_STARTING_ENTITY,IS_TERMINATING_ENTITY) values (17,4,1,'PERFORM_APPEAL_REVIEW','Perform Appeal Review (Or PreCheck Or Appellant Dismissal Or Complete Appeal Review Following Expert Review)','',20,'C','N','N');

Insert into D_BPM_ENTITY (ENTITY_ID,ENTITY_TYPE_ID,PROCESS_ID,ENTITY_NAME,ENTITY_DESCRIPTION,SOURCE_REFERENCE_TYPE,TIMELINESS_THRESHOLD,TIMELINESS_DAYS_TYPE,IS_STARTING_ENTITY,IS_TERMINATING_ENTITY) values (18,4,1,'PERFORM_EXPERT_REVIEW','Perform Expert Review','',2,'C','N','N');
Insert into D_BPM_ENTITY (ENTITY_ID,ENTITY_TYPE_ID,PROCESS_ID,ENTITY_NAME,ENTITY_DESCRIPTION,SOURCE_REFERENCE_TYPE,TIMELINESS_THRESHOLD,TIMELINESS_DAYS_TYPE,IS_STARTING_ENTITY,IS_TERMINATING_ENTITY) values (19,4,1,'HANDLE_WRONG_APPEAL_TYPE_OR_PART','Handle Worng Appeal Type or Part','',4,'B','N','N');
Insert into D_BPM_ENTITY (ENTITY_ID,ENTITY_TYPE_ID,PROCESS_ID,ENTITY_NAME,ENTITY_DESCRIPTION,SOURCE_REFERENCE_TYPE,TIMELINESS_THRESHOLD,TIMELINESS_DAYS_TYPE,IS_STARTING_ENTITY,IS_TERMINATING_ENTITY) values (20,1,1,'WRONG_TYPE_OR_PART?','Wrong Type/Part? Gateway','',0,'B','N','N');
Insert into D_BPM_ENTITY (ENTITY_ID,ENTITY_TYPE_ID,PROCESS_ID,ENTITY_NAME,ENTITY_DESCRIPTION,SOURCE_REFERENCE_TYPE,TIMELINESS_THRESHOLD,TIMELINESS_DAYS_TYPE,IS_STARTING_ENTITY,IS_TERMINATING_ENTITY) values (21,6,1,'WRONG_APPEAL_TYPE_OR_PART','Wrong Appeal Type or Part','',0,'B','N','Y');
Insert into D_BPM_ENTITY (ENTITY_ID,ENTITY_TYPE_ID,PROCESS_ID,ENTITY_NAME,ENTITY_DESCRIPTION,SOURCE_REFERENCE_TYPE,TIMELINESS_THRESHOLD,TIMELINESS_DAYS_TYPE,IS_STARTING_ENTITY,IS_TERMINATING_ENTITY) values (22,4,1,'HANDLE_CONFLICT_OF_INTEREST','Handle Conflict of Interest','',4,'B','N','N');
Insert into D_BPM_ENTITY (ENTITY_ID,ENTITY_TYPE_ID,PROCESS_ID,ENTITY_NAME,ENTITY_DESCRIPTION,SOURCE_REFERENCE_TYPE,TIMELINESS_THRESHOLD,TIMELINESS_DAYS_TYPE,IS_STARTING_ENTITY,IS_TERMINATING_ENTITY) values (23,4,1,'CLOSE_APPEAL','Close Appeal','',2,'C','N','N');
Insert into D_BPM_ENTITY (ENTITY_ID,ENTITY_TYPE_ID,PROCESS_ID,ENTITY_NAME,ENTITY_DESCRIPTION,SOURCE_REFERENCE_TYPE,TIMELINESS_THRESHOLD,TIMELINESS_DAYS_TYPE,IS_STARTING_ENTITY,IS_TERMINATING_ENTITY) values (24,6,1,'APPEAL_COMPLETE','Appeal Complete','',0,'B','N','Y');
Insert into D_BPM_ENTITY (ENTITY_ID,ENTITY_TYPE_ID,PROCESS_ID,ENTITY_NAME,ENTITY_DESCRIPTION,SOURCE_REFERENCE_TYPE,TIMELINESS_THRESHOLD,TIMELINESS_DAYS_TYPE,IS_STARTING_ENTITY,IS_TERMINATING_ENTITY) values (25,7,1,'APPEAL_REOPENED','Appeal Reopened','',0,'B','Y','N');
Insert into D_BPM_ENTITY (ENTITY_ID,ENTITY_TYPE_ID,PROCESS_ID,ENTITY_NAME,ENTITY_DESCRIPTION,SOURCE_REFERENCE_TYPE,TIMELINESS_THRESHOLD,TIMELINESS_DAYS_TYPE,IS_STARTING_ENTITY,IS_TERMINATING_ENTITY) values (26,4,1,'CLASSIFY_DOCUMENTS','Classify Documents','',1,'B','N','N');
Insert into D_BPM_ENTITY (ENTITY_ID,ENTITY_TYPE_ID,PROCESS_ID,ENTITY_NAME,ENTITY_DESCRIPTION,SOURCE_REFERENCE_TYPE,TIMELINESS_THRESHOLD,TIMELINESS_DAYS_TYPE,IS_STARTING_ENTITY,IS_TERMINATING_ENTITY) values (27,1,1,'APPEAL_RECORD_OPEN?','Appeal Record Open? Gateway','',0,'B','N','N');
Insert into D_BPM_ENTITY (ENTITY_ID,ENTITY_TYPE_ID,PROCESS_ID,ENTITY_NAME,ENTITY_DESCRIPTION,SOURCE_REFERENCE_TYPE,TIMELINESS_THRESHOLD,TIMELINESS_DAYS_TYPE,IS_STARTING_ENTITY,IS_TERMINATING_ENTITY) values (28,6,1,'REOPENING_REQUEST_LOGGED','ReOpening Request Logged','',0,'B','N','Y');
Insert into D_BPM_ENTITY (ENTITY_ID,ENTITY_TYPE_ID,PROCESS_ID,ENTITY_NAME,ENTITY_DESCRIPTION,SOURCE_REFERENCE_TYPE,TIMELINESS_THRESHOLD,TIMELINESS_DAYS_TYPE,IS_STARTING_ENTITY,IS_TERMINATING_ENTITY) values (29,1,1,'DOC_TYPE_APPEAL_REQUEST_WITHOUT_APPEAL_NUMBER?','Doc Type = Appeal Request Without Appeal Number? Gateway','',0,'B','N','N');
Insert into D_BPM_ENTITY (ENTITY_ID,ENTITY_TYPE_ID,PROCESS_ID,ENTITY_NAME,ENTITY_DESCRIPTION,SOURCE_REFERENCE_TYPE,TIMELINESS_THRESHOLD,TIMELINESS_DAYS_TYPE,IS_STARTING_ENTITY,IS_TERMINATING_ENTITY) values (30,6,1,'NON_APPEAL_DOC_ASSOCIATED_TO_EXISTING_APPEAL_RECORD','Non Appeal Doc Associated To Existing Appeal Record','',0,'B','N','Y');


--truncate table d_bpm_task_type_entity;
Insert into D_BPM_TASK_TYPE_ENTITY (TASK_TYPE_ID,ENTITY_ID) values (55,5);
Insert into D_BPM_TASK_TYPE_ENTITY (TASK_TYPE_ID,ENTITY_ID) values (63,6);
Insert into D_BPM_TASK_TYPE_ENTITY (TASK_TYPE_ID,ENTITY_ID) values (48,6);
Insert into D_BPM_TASK_TYPE_ENTITY (TASK_TYPE_ID,ENTITY_ID) values (62,6);
Insert into D_BPM_TASK_TYPE_ENTITY (TASK_TYPE_ID,ENTITY_ID) values (45,6);
Insert into D_BPM_TASK_TYPE_ENTITY (TASK_TYPE_ID,ENTITY_ID) values (56,10);
Insert into D_BPM_TASK_TYPE_ENTITY (TASK_TYPE_ID,ENTITY_ID) values (50,10);
Insert into D_BPM_TASK_TYPE_ENTITY (TASK_TYPE_ID,ENTITY_ID) values (41,12);
Insert into D_BPM_TASK_TYPE_ENTITY (TASK_TYPE_ID,ENTITY_ID) values (58,13);
Insert into D_BPM_TASK_TYPE_ENTITY (TASK_TYPE_ID,ENTITY_ID) values (39,16);
Insert into D_BPM_TASK_TYPE_ENTITY (TASK_TYPE_ID,ENTITY_ID) values (51,16);
Insert into D_BPM_TASK_TYPE_ENTITY (TASK_TYPE_ID,ENTITY_ID) values (1576215,16);
Insert into D_BPM_TASK_TYPE_ENTITY (TASK_TYPE_ID,ENTITY_ID) values (44,17);
Insert into D_BPM_TASK_TYPE_ENTITY (TASK_TYPE_ID,ENTITY_ID) values (54,17);
Insert into D_BPM_TASK_TYPE_ENTITY (TASK_TYPE_ID,ENTITY_ID) values (38,17);
Insert into D_BPM_TASK_TYPE_ENTITY (TASK_TYPE_ID,ENTITY_ID) values (46,18);
Insert into D_BPM_TASK_TYPE_ENTITY (TASK_TYPE_ID,ENTITY_ID) values (53,19);
Insert into D_BPM_TASK_TYPE_ENTITY (TASK_TYPE_ID,ENTITY_ID) values (52,22);
Insert into D_BPM_TASK_TYPE_ENTITY (TASK_TYPE_ID,ENTITY_ID) values (40,23);
Insert into D_BPM_TASK_TYPE_ENTITY (TASK_TYPE_ID,ENTITY_ID) values (57,26);


--truncate table d_bpm_flow;
Insert into D_BPM_FLOW (FLOW_ID,PROCESS_ID,FLOW_NAME,FLOW_DESCRIPTION,FLOW_SOURCE_ENTITY_ID,FLOW_DESTINATION_ENTITY_ID) values (1,1,'ASSOCIATE_CASE_FILE_TO_APPEAL_TO_RESEARCH_PROBLEMS','Associate Case File To Appeal to Research Problem because Duplicate Case File Or Invalid Appeal Number',5,6);
Insert into D_BPM_FLOW (FLOW_ID,PROCESS_ID,FLOW_NAME,FLOW_DESCRIPTION,FLOW_SOURCE_ENTITY_ID,FLOW_DESTINATION_ENTITY_ID) values (2,1,'ASSOCIATE_CASE_FILE_TO_APPEAL_TO_PERFORM_DETAILED_INVESTIGATION','Associate Case File To Appeal to Perform Detailed Investigation because Not A Case File',5,10);
Insert into D_BPM_FLOW (FLOW_ID,PROCESS_ID,FLOW_NAME,FLOW_DESCRIPTION,FLOW_SOURCE_ENTITY_ID,FLOW_DESTINATION_ENTITY_ID) values (3,1,'PERFORM_DETAILED_INVESTIGATION_TO_CREATE_APPEAL','Perform Detailed Investigation to Create Appeal',10,12);
Insert into D_BPM_FLOW (FLOW_ID,PROCESS_ID,FLOW_NAME,FLOW_DESCRIPTION,FLOW_SOURCE_ENTITY_ID,FLOW_DESTINATION_ENTITY_ID) values (4,1,'PERFORM_DETAILED_INVESTIGATION_TO_ASSOCIATE_CASE_FILE_TO_APPEAL','Perform Detailed Investigation to Associate Case File To Appeal',10,5);
Insert into D_BPM_FLOW (FLOW_ID,PROCESS_ID,FLOW_NAME,FLOW_DESCRIPTION,FLOW_SOURCE_ENTITY_ID,FLOW_DESTINATION_ENTITY_ID) values (5,1,'CREATE_APPEAL_TO_PERFORM_DETAILED_INVESTIGATION','Create Appeal to Perform Detailed Investigation because New Investigation Or Incomplete Appeal Request',12,10);
Insert into D_BPM_FLOW (FLOW_ID,PROCESS_ID,FLOW_NAME,FLOW_DESCRIPTION,FLOW_SOURCE_ENTITY_ID,FLOW_DESTINATION_ENTITY_ID) values (6,1,'CREATE_APPEAL_TO_RESEARCH_PROBLEM','Create Appeal to Research Problem because Not An Appeal Request',12,6);
Insert into D_BPM_FLOW (FLOW_ID,PROCESS_ID,FLOW_NAME,FLOW_DESCRIPTION,FLOW_SOURCE_ENTITY_ID,FLOW_DESTINATION_ENTITY_ID) values (7,1,'CREATE_APPEAL_TO_CONFIRM_DUPLICATE','Create Appeal to Confirm Duplicate because Duplicate Ffound',12,13);
Insert into D_BPM_FLOW (FLOW_ID,PROCESS_ID,FLOW_NAME,FLOW_DESCRIPTION,FLOW_SOURCE_ENTITY_ID,FLOW_DESTINATION_ENTITY_ID) values (8,1,'CREATE_APPEAL_RECEIVE_APPEAL_NUMBER_FROM_MAS','Create Appeal to Receive Appeal Number From MAS',12,16);
Insert into D_BPM_FLOW (FLOW_ID,PROCESS_ID,FLOW_NAME,FLOW_DESCRIPTION,FLOW_SOURCE_ENTITY_ID,FLOW_DESTINATION_ENTITY_ID) values (9,1,'CONFIRM_DUPLICATE_TO_RECEIVE_APPEAL_NUMBER_FROM_MAS','Confirm Duplicate to Receive Appeal Number From MAS',13,16);
Insert into D_BPM_FLOW (FLOW_ID,PROCESS_ID,FLOW_NAME,FLOW_DESCRIPTION,FLOW_SOURCE_ENTITY_ID,FLOW_DESTINATION_ENTITY_ID) values (10,1,'RECEIVE_APPEAL_NUMBER_FROM_MAS_TO_CREATE_APPEAL','Receive Appeal Number From MAS to Create Appeal',16,12);
Insert into D_BPM_FLOW (FLOW_ID,PROCESS_ID,FLOW_NAME,FLOW_DESCRIPTION,FLOW_SOURCE_ENTITY_ID,FLOW_DESTINATION_ENTITY_ID) values (11,1,'RECEIVE_APPEAL_NUMBER_FROM_MAS_TO_PERFROM_APPEAL_REVIEW','Receive Appeal Number From MAS to Perform Appeal Review (OR Precheck Or Appelant dismissal Or Complete Appeal Review Following Expert Review)',16,17);
Insert into D_BPM_FLOW (FLOW_ID,PROCESS_ID,FLOW_NAME,FLOW_DESCRIPTION,FLOW_SOURCE_ENTITY_ID,FLOW_DESTINATION_ENTITY_ID) values (12,1,'PERFORM_APPEAL_REVIEW_TO_RESEARCH_PROBLEM','Perform Appeal Review to Research Problem because Image Issues',17,6);
Insert into D_BPM_FLOW (FLOW_ID,PROCESS_ID,FLOW_NAME,FLOW_DESCRIPTION,FLOW_SOURCE_ENTITY_ID,FLOW_DESTINATION_ENTITY_ID) values (13,1,'PERFORM_APPEAL_REVIEW_TO_PERFORM_EXPERT_REVIEW','Perform Appeal Review to Perform Expert Review because Medical Review Required',17,18);
Insert into D_BPM_FLOW (FLOW_ID,PROCESS_ID,FLOW_NAME,FLOW_DESCRIPTION,FLOW_SOURCE_ENTITY_ID,FLOW_DESTINATION_ENTITY_ID) values (14,1,'PERFORM_APPEAL_REVIEW_TO_HANDLE_CONFLICT_OF_INTEREST','Perform Appeal Review to Handle Conflict Of Interest because Conflict Of Interest',17,22);
Insert into D_BPM_FLOW (FLOW_ID,PROCESS_ID,FLOW_NAME,FLOW_DESCRIPTION,FLOW_SOURCE_ENTITY_ID,FLOW_DESTINATION_ENTITY_ID) values (15,1,'PERFORM_APPEAL_REVIEW_TO_HANDLE_WRONG_APPEAL_TYPE_OR_PART','Perform Appeal Review to Handle Wrong Appeal Type Or Part because Wrong Appeal Type Or Part',17,19);
Insert into D_BPM_FLOW (FLOW_ID,PROCESS_ID,FLOW_NAME,FLOW_DESCRIPTION,FLOW_SOURCE_ENTITY_ID,FLOW_DESTINATION_ENTITY_ID) values (16,1,'PEFORM_APPEAL_REVIEW_TO CLOSE_APPEAL','Perform Appeal Review to Close Appeal',17,23);
Insert into D_BPM_FLOW (FLOW_ID,PROCESS_ID,FLOW_NAME,FLOW_DESCRIPTION,FLOW_SOURCE_ENTITY_ID,FLOW_DESTINATION_ENTITY_ID) values (17,1,'PERFORM_EXPERT_REVIEW_TO_HANDLE_CONFLICT_OF_INTEREST','Perform Expert Review to Handle Conflict Of Interest because Conflict Of Interest',18,22);
Insert into D_BPM_FLOW (FLOW_ID,PROCESS_ID,FLOW_NAME,FLOW_DESCRIPTION,FLOW_SOURCE_ENTITY_ID,FLOW_DESTINATION_ENTITY_ID) values (18,1,'PERFORM_EXPERT_REVIEW_TO_RESEARCH_PROBLEM','Perform Expert review to Research Problem because Image Issues',18,6);
Insert into D_BPM_FLOW (FLOW_ID,PROCESS_ID,FLOW_NAME,FLOW_DESCRIPTION,FLOW_SOURCE_ENTITY_ID,FLOW_DESTINATION_ENTITY_ID) values (19,1,'PERFORM_EXPERT_REVIEW_TO_PERFORM_APPEAL_REVIEW','Perform Expert Review to Perform Appeal Review',18,17);
Insert into D_BPM_FLOW (FLOW_ID,PROCESS_ID,FLOW_NAME,FLOW_DESCRIPTION,FLOW_SOURCE_ENTITY_ID,FLOW_DESTINATION_ENTITY_ID) values (20,1,'PERFORM_EXPERT_REVIEW_TO_HANDLE_WRONG_APPEAL_TYPE_OR_PART','Perform Expert Rreview to Handle Wrong Appeal Type Or Part because Wrong Appeal Type Or Part',18,19);
Insert into D_BPM_FLOW (FLOW_ID,PROCESS_ID,FLOW_NAME,FLOW_DESCRIPTION,FLOW_SOURCE_ENTITY_ID,FLOW_DESTINATION_ENTITY_ID) values (21,1,'HANDLE_WRONG_APPEAL_TYPE_OR_PART_TO_PERFORM_APPEAL_REVIEW','Handle Wrong Appeal Type Or Part to Perform Appeal Review',19,17);
Insert into D_BPM_FLOW (FLOW_ID,PROCESS_ID,FLOW_NAME,FLOW_DESCRIPTION,FLOW_SOURCE_ENTITY_ID,FLOW_DESTINATION_ENTITY_ID) values (22,1,'HANDLE_CONFLICT_OF_INTEREST_TO_PERFORM_APPEAL_REVIEW','Handle Conflict Of Interest to Perform Appeal Review',22,17);
Insert into D_BPM_FLOW (FLOW_ID,PROCESS_ID,FLOW_NAME,FLOW_DESCRIPTION,FLOW_SOURCE_ENTITY_ID,FLOW_DESTINATION_ENTITY_ID) values (23,1,'HANDLE_CONFLICT_OF_INTEREST_TO_PERFORM_EXPERT_REVIEW','Handle Conflict Of Interest to Perform Expert Review',22,18);
Insert into D_BPM_FLOW (FLOW_ID,PROCESS_ID,FLOW_NAME,FLOW_DESCRIPTION,FLOW_SOURCE_ENTITY_ID,FLOW_DESTINATION_ENTITY_ID) values (24,1,'CLASSIFY_DOCUMENTS_TO_CREATE_APPEAL','Classify Documents to Create Appeal',26,12);
Insert into D_BPM_FLOW (FLOW_ID,PROCESS_ID,FLOW_NAME,FLOW_DESCRIPTION,FLOW_SOURCE_ENTITY_ID,FLOW_DESTINATION_ENTITY_ID) values (25,1,'CLASSIFY_DOCUMENTS_TOPERFORM_DETAILED_INVESTIGATION','Classify Documents to Perform Detailed Investigation because New Investigation Or Incomplete Appeal Request',26,10);
Insert into D_BPM_FLOW (FLOW_ID,PROCESS_ID,FLOW_NAME,FLOW_DESCRIPTION,FLOW_SOURCE_ENTITY_ID,FLOW_DESTINATION_ENTITY_ID) values (26,1,'CLASSIFY_DOCUMENTS_TO_RESEARCH_PROBLEM','Classify Documents to Research Problem because Invalid Appeal Number',26,6);
Insert into D_BPM_FLOW (FLOW_ID,PROCESS_ID,FLOW_NAME,FLOW_DESCRIPTION,FLOW_SOURCE_ENTITY_ID,FLOW_DESTINATION_ENTITY_ID) values (5001,1,'DOCUMENT_IMAGE_AND_DATA_RECEIVED_TO_DOC_TYPE_CASE_FILE_OR_APPEAL_REQUEST?','Document Image And Data Received to Doc Type Case File Or Appeal Request?',1,2);
Insert into D_BPM_FLOW (FLOW_ID,PROCESS_ID,FLOW_NAME,FLOW_DESCRIPTION,FLOW_SOURCE_ENTITY_ID,FLOW_DESTINATION_ENTITY_ID) values (5002,1,'DOC_TYPE_CASE_FILE_OR_APPEAL_REQUEST?_TO_ABLE_TO_ASSOCIATE_CASE_FILE_TO_EXISTING_APPEAL_AUTOMATICALLY?','Doc Type Case File Or Appeal Request Or Neither? To Able To Associate Case File To Existing Appeal Automatically? (if Case File)',2,3);
Insert into D_BPM_FLOW (FLOW_ID,PROCESS_ID,FLOW_NAME,FLOW_DESCRIPTION,FLOW_SOURCE_ENTITY_ID,FLOW_DESTINATION_ENTITY_ID) values (5003,1,'DOC_TYPE_CASE_FILE_OR_APPEAL_REQUEST?_TO_CREATE_APPEAL','Doc Type Case File Or Appeal Request Or Neither? To Able To Associate Case File To Create Appeal (if Appeal Request)',2,12);
Insert into D_BPM_FLOW (FLOW_ID,PROCESS_ID,FLOW_NAME,FLOW_DESCRIPTION,FLOW_SOURCE_ENTITY_ID,FLOW_DESTINATION_ENTITY_ID) values (5004,1,'DOC_TYPE_CASE_FILE_OR_APPEAL_REQUEST?_TO_CLASSIFY_DOCUMENTS','Doc Type Case File Or Appeal Request Or Neither? To Classify Documents (if neither)',2,26);
Insert into D_BPM_FLOW (FLOW_ID,PROCESS_ID,FLOW_NAME,FLOW_DESCRIPTION,FLOW_SOURCE_ENTITY_ID,FLOW_DESTINATION_ENTITY_ID) values (5005,1,'ABLE_TO_ASSOCIATE_CASE_FILE_TO_EXISTING_APPEAL_AUTOMATICALLY?_TO_CASE_FILE_ASSOCIATED_TO_EXISTING_APPEAL','Able To Associate Case File To Existing Appeal Automatically? To Case File Associated To Existing Appeal (if Yes)',3,4);
Insert into D_BPM_FLOW (FLOW_ID,PROCESS_ID,FLOW_NAME,FLOW_DESCRIPTION,FLOW_SOURCE_ENTITY_ID,FLOW_DESTINATION_ENTITY_ID) values (5006,1,'ABLE_TO_ASSOCIATE_CASE_FILE_TO_EXISTING_APPEAL_AUTOMATICALLY?_TO_ASSOCIATE_CASE_FILE_TO_APPEAL','Able To Associate Case File To Existing Appeal Automatically? To Associate Case File to Appeal (if No)',3,5);
Insert into D_BPM_FLOW (FLOW_ID,PROCESS_ID,FLOW_NAME,FLOW_DESCRIPTION,FLOW_SOURCE_ENTITY_ID,FLOW_DESTINATION_ENTITY_ID) values (5007,1,'ASSOCIATE_CASE_FILE_TO_APPEAL_TO_CASE_FILE_ASSOCIATED_TO_EXISTING_APPEAL','Associate Case File To Appeal to Case File Associated To Existing Appeal',5,4);
Insert into D_BPM_FLOW (FLOW_ID,PROCESS_ID,FLOW_NAME,FLOW_DESCRIPTION,FLOW_SOURCE_ENTITY_ID,FLOW_DESTINATION_ENTITY_ID) values (5008,1,'CLASSIFY_DOCUMENTS_TO_APPEAL_RECORD_OPEN?','Classify Documents to Appeal Record Open?',26,27);
Insert into D_BPM_FLOW (FLOW_ID,PROCESS_ID,FLOW_NAME,FLOW_DESCRIPTION,FLOW_SOURCE_ENTITY_ID,FLOW_DESTINATION_ENTITY_ID) values (5009,1,'APPEAL_RECORD_OPEN?_TO_DOC_TYPE_APPEAL_REQUEST_WITHOUT_APPEAL_NUMBER?','Appeal Record Open? to Doc Type Appeal Request Without Appeal Number? (if Yes)',27,29);
Insert into D_BPM_FLOW (FLOW_ID,PROCESS_ID,FLOW_NAME,FLOW_DESCRIPTION,FLOW_SOURCE_ENTITY_ID,FLOW_DESTINATION_ENTITY_ID) values (5010,1,'APPEAL_RECORD_OPEN?_TO_REOPENING_REQUEST_LOGGED','Appeal Record Open? To Reopening Request Logged (if No)',27,28);
Insert into D_BPM_FLOW (FLOW_ID,PROCESS_ID,FLOW_NAME,FLOW_DESCRIPTION,FLOW_SOURCE_ENTITY_ID,FLOW_DESTINATION_ENTITY_ID) values (5011,1,'DOC_TYPE_APPEAL_REQUEST_WITHOUT_APPEAL_NUMBER?_TO_CREATE_APPEAL','Doc Type Appeal Request Without Appeal Number? To Create Appeal',29,12);
Insert into D_BPM_FLOW (FLOW_ID,PROCESS_ID,FLOW_NAME,FLOW_DESCRIPTION,FLOW_SOURCE_ENTITY_ID,FLOW_DESTINATION_ENTITY_ID) values (5012,1,'DOC_TYPE_APPEAL_REQUEST_WITHOUT_APPEAL_NUMBER?_TO_NON_APPEAL_DOC_ASSOCIATED_TO_EXISTING_APPEAL_RECORD','Doc Type Appeal Request Without Appeal Number? To Non-Appeal Doc Associated To Existing Appeal Record',29,30);
Insert into D_BPM_FLOW (FLOW_ID,PROCESS_ID,FLOW_NAME,FLOW_DESCRIPTION,FLOW_SOURCE_ENTITY_ID,FLOW_DESTINATION_ENTITY_ID) values (5013,1,'PERFORM_DETAILED_INVESTIGATION_TO_APPEAL_OR_CASE_FILE?','Perform Detailed Investigation To Appeal or Case File?',10,11);
Insert into D_BPM_FLOW (FLOW_ID,PROCESS_ID,FLOW_NAME,FLOW_DESCRIPTION,FLOW_SOURCE_ENTITY_ID,FLOW_DESTINATION_ENTITY_ID) values (5014,1,'APPEAL_OR_CASE_FILE?_TO_CREATE_APPEAL','Appeal Or Case File? To Create Appeal (if Appeal)',11,12);
Insert into D_BPM_FLOW (FLOW_ID,PROCESS_ID,FLOW_NAME,FLOW_DESCRIPTION,FLOW_SOURCE_ENTITY_ID,FLOW_DESTINATION_ENTITY_ID) values (5015,1,'APPEAL_OR_CASE_FILE?_TO_ASSOCIATE_CASE_FILE_TO_APPEAL','Appeal Or Case File? To Associate Case File To Appeal (if Case File)',11,5);
Insert into D_BPM_FLOW (FLOW_ID,PROCESS_ID,FLOW_NAME,FLOW_DESCRIPTION,FLOW_SOURCE_ENTITY_ID,FLOW_DESTINATION_ENTITY_ID) values (5016,1,'CONFIRM_DUPLICATE_TO_DUPLICATE_CONFIRMED?','Confirm Duplicate to Duplicate Confirmed?',13,14);
Insert into D_BPM_FLOW (FLOW_ID,PROCESS_ID,FLOW_NAME,FLOW_DESCRIPTION,FLOW_SOURCE_ENTITY_ID,FLOW_DESTINATION_ENTITY_ID) values (5017,1,'DUPLICATE_CONFIRMED?_TO_DOCUMENTS_ASSOCIATED_TO_EXISTING_APPEAL_OR_CASE_RECORD_ARCHIVED','Duplicate Confirmed? To Documents Associated to Existing Appeal Or Case Record Archived (if Yes)',14,15);
Insert into D_BPM_FLOW (FLOW_ID,PROCESS_ID,FLOW_NAME,FLOW_DESCRIPTION,FLOW_SOURCE_ENTITY_ID,FLOW_DESTINATION_ENTITY_ID) values (5018,1,'DUPLICATE_CONFIRMED?_TO_RECEIVE_APPEAL_NUMBER_FROM_MAS','Duplicate Confirmed? To Receive Appeal Number From MAS (if No)',14,16);
Insert into D_BPM_FLOW (FLOW_ID,PROCESS_ID,FLOW_NAME,FLOW_DESCRIPTION,FLOW_SOURCE_ENTITY_ID,FLOW_DESTINATION_ENTITY_ID) values (5019,1,'APPEAL_REOPENED_TO_RECEIVE_APPEAL_NUMBER_FROM_MAS','Appeal Reopened to Receive Appeal Number Fro,m MAS',25,16);
Insert into D_BPM_FLOW (FLOW_ID,PROCESS_ID,FLOW_NAME,FLOW_DESCRIPTION,FLOW_SOURCE_ENTITY_ID,FLOW_DESTINATION_ENTITY_ID) values (5020,1,'RESEARCH_PROBLEM_TO_TRASHED?','Research Problem to Trashed?',6,7);
Insert into D_BPM_FLOW (FLOW_ID,PROCESS_ID,FLOW_NAME,FLOW_DESCRIPTION,FLOW_SOURCE_ENTITY_ID,FLOW_DESTINATION_ENTITY_ID) values (5021,1,'TRASHED?_TO_NOT_AN_APPEAL_TRASHED','Trashed? to Not An Appeal - Trashed (if Yes)',7,8);
Insert into D_BPM_FLOW (FLOW_ID,PROCESS_ID,FLOW_NAME,FLOW_DESCRIPTION,FLOW_SOURCE_ENTITY_ID,FLOW_DESTINATION_ENTITY_ID) values (5022,1,'TRASHED?_TO_NOT_AN_APPEAL_ATTACHED_AND_ARCHIVED','Trashed? to Not An Appeal - Attached And Archived (if No)',7,9);
Insert into D_BPM_FLOW (FLOW_ID,PROCESS_ID,FLOW_NAME,FLOW_DESCRIPTION,FLOW_SOURCE_ENTITY_ID,FLOW_DESTINATION_ENTITY_ID) values (5023,1,'CLOSE_APPEAL_TO_APPEAL_COMPLETE','Close Appeal to Appeal Complete',23,24);
Insert into D_BPM_FLOW (FLOW_ID,PROCESS_ID,FLOW_NAME,FLOW_DESCRIPTION,FLOW_SOURCE_ENTITY_ID,FLOW_DESTINATION_ENTITY_ID) values (5024,1,'HANDLE_WRONG_APPEAL_TYPE_OR_PART_TO_WRONG_TYPE_OR_PART?','Handle Wrong Appeal Type Or Part to Wrong Type Or Part?',19,20);
Insert into D_BPM_FLOW (FLOW_ID,PROCESS_ID,FLOW_NAME,FLOW_DESCRIPTION,FLOW_SOURCE_ENTITY_ID,FLOW_DESTINATION_ENTITY_ID) values (5025,1,'WRONG_TYPE_OR_PART?_TO_WRONG_APPEAL_TYPE_OR_PART','Wrong Type Or Part? To Wrong Appeal Type Or Part (if Yes)',20,21);
Insert into D_BPM_FLOW (FLOW_ID,PROCESS_ID,FLOW_NAME,FLOW_DESCRIPTION,FLOW_SOURCE_ENTITY_ID,FLOW_DESTINATION_ENTITY_ID) values (5026,1,'WRONG_TYPE_OR_PART?_TO_PERFORM_APPEAL_REVIEW','Wrong Type Or Part? To Perform Appeal Review (if No)',20,17);

--truncate table d_bpm_process_segment;
Insert into D_BPM_PROCESS_SEGMENT (PROCESS_SEGMENT_ID,PROCESS_ID,PROCESS_SEGMENT_NAME,PROCESS_SEGMENT_DESCRIPTION,PROCESS_TIMELINESS_THRESHOLD,PROCESS_TIMELINESS_DAYS_TYPE,SEGMENT_START_ENTITY_ID,SEGMENT_FINISH_ENTITY_ID) values (1,1,'DOCUMENT_BEFORE_ASSOCIATED_TO_AN_APPEAL_REQUEST','Document Before Associated To an Appeal Request',12,'B',1,16);
Insert into D_BPM_PROCESS_SEGMENT (PROCESS_SEGMENT_ID,PROCESS_ID,PROCESS_SEGMENT_NAME,PROCESS_SEGMENT_DESCRIPTION,PROCESS_TIMELINESS_THRESHOLD,PROCESS_TIMELINESS_DAYS_TYPE,SEGMENT_START_ENTITY_ID,SEGMENT_FINISH_ENTITY_ID) values (2,1,'APPEAL_REQUESTS','Appeal Requests',12,'B',16,24);

--truncate table bpm_d_ops_group_task;
insert into BPM_D_OPS_GROUP_TASK (OPS_GROUP,TASK_TYPE) values ('CMS','Appeal Entered');
insert into BPM_D_OPS_GROUP_TASK (OPS_GROUP,TASK_TYPE) values ('CMS','ReOpened');
insert into BPM_D_OPS_GROUP_TASK (OPS_GROUP,TASK_TYPE) values ('CMS','MAS Error');
insert into BPM_D_OPS_GROUP_TASK (OPS_GROUP,TASK_TYPE) values ('Production Services','Document Sorting');
insert into BPM_D_OPS_GROUP_TASK (OPS_GROUP,TASK_TYPE) values ('Production Services','Not a Case File');
insert into BPM_D_OPS_GROUP_TASK (OPS_GROUP,TASK_TYPE) values ('Production Services','New Investigation');
insert into BPM_D_OPS_GROUP_TASK (OPS_GROUP,TASK_TYPE) values ('Production Services','New Request');
insert into BPM_D_OPS_GROUP_TASK (OPS_GROUP,TASK_TYPE) values ('Production Services','Case File Received');
insert into BPM_D_OPS_GROUP_TASK (OPS_GROUP,TASK_TYPE) values ('Production Services','Possible Duplicate');
insert into BPM_D_OPS_GROUP_TASK (OPS_GROUP,TASK_TYPE) values ('Production Services','Duplicate Case File');
insert into BPM_D_OPS_GROUP_TASK (OPS_GROUP,TASK_TYPE) values ('Production Services','Invalid Appeal Number');
insert into BPM_D_OPS_GROUP_TASK (OPS_GROUP,TASK_TYPE) values ('Production Services','Image Issues');
insert into BPM_D_OPS_GROUP_TASK (OPS_GROUP,TASK_TYPE) values ('Production Services','Not an Appeal Request');
insert into BPM_D_OPS_GROUP_TASK (OPS_GROUP,TASK_TYPE) values ('Production Services','Ready to Close');
insert into BPM_D_OPS_GROUP_TASK (OPS_GROUP,TASK_TYPE) values ('Adjudicator or Precheck','Ready for Appeal Review');
insert into BPM_D_OPS_GROUP_TASK (OPS_GROUP,TASK_TYPE) values ('Adjudicator or Precheck','AutoPromoted');
insert into BPM_D_OPS_GROUP_TASK (OPS_GROUP,TASK_TYPE) values ('Adjudicator or Precheck','Pending Request for Information');
insert into BPM_D_OPS_GROUP_TASK (OPS_GROUP,TASK_TYPE) values ('Supervisor','Conflict of Interest');
insert into BPM_D_OPS_GROUP_TASK (OPS_GROUP,TASK_TYPE) values ('Supervisor','Wrong Appeal Type/Part');
insert into BPM_D_OPS_GROUP_TASK (OPS_GROUP,TASK_TYPE) values ('Physician','Pending Medical Review');

insert into BPM_D_OPS_GROUP_TASK (OPS_GROUP,TASK_TYPE) values ('None','Awaiting Case File');
--insert into BPM_D_OPS_GROUP_TASK (OPS_GROUP,TASK_TYPE) values ('None','Ready for Appeal Review (Expedited)');
insert into BPM_D_OPS_GROUP_TASK (OPS_GROUP,TASK_TYPE) values ('None','Second Review Needed');
insert into BPM_D_OPS_GROUP_TASK (OPS_GROUP,TASK_TYPE) values ('None','Third Review Needed');
insert into BPM_D_OPS_GROUP_TASK (OPS_GROUP,TASK_TYPE) values ('None','Medical Review Completed');


--truncate table corp_etl_list_lkup;

insert into CORP_ETL_LIST_LKUP (cell_id,name,list_type, value, out_var, ref_type, ref_id, start_date, end_date, comments, created_ts, updated_ts) VALUES (seq_cell_id.nextval,'ManageWork_SLA_Days_Type','TASK_TYPE','Appeal Entered','B','STEP_DEFINITION_ID',39,trunc(sysdate-1),to_date('07077777','mmddyyyy'),'Initial Load',sysdate,sysdate);
insert into CORP_ETL_LIST_LKUP (cell_id,name,list_type, value, out_var, ref_type, ref_id, start_date, end_date, comments, created_ts, updated_ts) VALUES (seq_cell_id.nextval,'ManageWork_SLA_Days_Type','TASK_TYPE','ReOpened','C','STEP_DEFINITION_ID',51,trunc(sysdate-1),to_date('07077777','mmddyyyy'),'Initial Load',sysdate,sysdate);
insert into CORP_ETL_LIST_LKUP (cell_id,name,list_type, value, out_var, ref_type, ref_id, start_date, end_date, comments, created_ts, updated_ts) VALUES (seq_cell_id.nextval,'ManageWork_SLA_Days_Type','TASK_TYPE','MAS Error','B','STEP_DEFINITION_ID',1576215,trunc(sysdate-1),to_date('07077777','mmddyyyy'),'Initial Load',sysdate,sysdate);
insert into CORP_ETL_LIST_LKUP (cell_id,name,list_type, value, out_var, ref_type, ref_id, start_date, end_date, comments, created_ts, updated_ts) VALUES (seq_cell_id.nextval,'ManageWork_SLA_Days_Type','TASK_TYPE','Document Sorting','B','STEP_DEFINITION_ID',57,trunc(sysdate-1),to_date('07077777','mmddyyyy'),'Initial Load',sysdate,sysdate);
insert into CORP_ETL_LIST_LKUP (cell_id,name,list_type, value, out_var, ref_type, ref_id, start_date, end_date, comments, created_ts, updated_ts) VALUES (seq_cell_id.nextval,'ManageWork_SLA_Days_Type','TASK_TYPE','Not a Case File','B','STEP_DEFINITION_ID',56,trunc(sysdate-1),to_date('07077777','mmddyyyy'),'Initial Load',sysdate,sysdate);
insert into CORP_ETL_LIST_LKUP (cell_id,name,list_type, value, out_var, ref_type, ref_id, start_date, end_date, comments, created_ts, updated_ts) VALUES (seq_cell_id.nextval,'ManageWork_SLA_Days_Type','TASK_TYPE','New Investigation','B','STEP_DEFINITION_ID',50,trunc(sysdate-1),to_date('07077777','mmddyyyy'),'Initial Load',sysdate,sysdate);
insert into CORP_ETL_LIST_LKUP (cell_id,name,list_type, value, out_var, ref_type, ref_id, start_date, end_date, comments, created_ts, updated_ts) VALUES (seq_cell_id.nextval,'ManageWork_SLA_Days_Type','TASK_TYPE','New Request','C','STEP_DEFINITION_ID',41,trunc(sysdate-1),to_date('07077777','mmddyyyy'),'Initial Load',sysdate,sysdate);
insert into CORP_ETL_LIST_LKUP (cell_id,name,list_type, value, out_var, ref_type, ref_id, start_date, end_date, comments, created_ts, updated_ts) VALUES (seq_cell_id.nextval,'ManageWork_SLA_Days_Type','TASK_TYPE','Case File Received','B','STEP_DEFINITION_ID',55,trunc(sysdate-1),to_date('07077777','mmddyyyy'),'Initial Load',sysdate,sysdate);
insert into CORP_ETL_LIST_LKUP (cell_id,name,list_type, value, out_var, ref_type, ref_id, start_date, end_date, comments, created_ts, updated_ts) VALUES (seq_cell_id.nextval,'ManageWork_SLA_Days_Type','TASK_TYPE','Possible Duplicate','B','STEP_DEFINITION_ID',58,trunc(sysdate-1),to_date('07077777','mmddyyyy'),'Initial Load',sysdate,sysdate);
insert into CORP_ETL_LIST_LKUP (cell_id,name,list_type, value, out_var, ref_type, ref_id, start_date, end_date, comments, created_ts, updated_ts) VALUES (seq_cell_id.nextval,'ManageWork_SLA_Days_Type','TASK_TYPE','Duplicate Case File','B','STEP_DEFINITION_ID',63,trunc(sysdate-1),to_date('07077777','mmddyyyy'),'Initial Load',sysdate,sysdate);
insert into CORP_ETL_LIST_LKUP (cell_id,name,list_type, value, out_var, ref_type, ref_id, start_date, end_date, comments, created_ts, updated_ts) VALUES (seq_cell_id.nextval,'ManageWork_SLA_Days_Type','TASK_TYPE','Invalid Appeal Number','B','STEP_DEFINITION_ID',48,trunc(sysdate-1),to_date('07077777','mmddyyyy'),'Initial Load',sysdate,sysdate);
insert into CORP_ETL_LIST_LKUP (cell_id,name,list_type, value, out_var, ref_type, ref_id, start_date, end_date, comments, created_ts, updated_ts) VALUES (seq_cell_id.nextval,'ManageWork_SLA_Days_Type','TASK_TYPE','Image Issues','B','STEP_DEFINITION_ID',62,trunc(sysdate-1),to_date('07077777','mmddyyyy'),'Initial Load',sysdate,sysdate);
insert into CORP_ETL_LIST_LKUP (cell_id,name,list_type, value, out_var, ref_type, ref_id, start_date, end_date, comments, created_ts, updated_ts) VALUES (seq_cell_id.nextval,'ManageWork_SLA_Days_Type','TASK_TYPE','Not an Appeal Request','B','STEP_DEFINITION_ID',45,trunc(sysdate-1),to_date('07077777','mmddyyyy'),'Initial Load',sysdate,sysdate);
insert into CORP_ETL_LIST_LKUP (cell_id,name,list_type, value, out_var, ref_type, ref_id, start_date, end_date, comments, created_ts, updated_ts) VALUES (seq_cell_id.nextval,'ManageWork_SLA_Days_Type','TASK_TYPE','Ready to Close','B','STEP_DEFINITION_ID',40,trunc(sysdate-1),to_date('07077777','mmddyyyy'),'Initial Load',sysdate,sysdate);
insert into CORP_ETL_LIST_LKUP (cell_id,name,list_type, value, out_var, ref_type, ref_id, start_date, end_date, comments, created_ts, updated_ts) VALUES (seq_cell_id.nextval,'ManageWork_SLA_Days_Type','TASK_TYPE','Ready for Appeal Review','C','STEP_DEFINITION_ID',44,trunc(sysdate-1),to_date('07077777','mmddyyyy'),'Initial Load',sysdate,sysdate);
insert into CORP_ETL_LIST_LKUP (cell_id,name,list_type, value, out_var, ref_type, ref_id, start_date, end_date, comments, created_ts, updated_ts) VALUES (seq_cell_id.nextval,'ManageWork_SLA_Days_Type','TASK_TYPE','AutoPromoted','C','STEP_DEFINITION_ID',54,trunc(sysdate-1),to_date('07077777','mmddyyyy'),'Initial Load',sysdate,sysdate);
insert into CORP_ETL_LIST_LKUP (cell_id,name,list_type, value, out_var, ref_type, ref_id, start_date, end_date, comments, created_ts, updated_ts) VALUES (seq_cell_id.nextval,'ManageWork_SLA_Days_Type','TASK_TYPE','Pending Request for Information','C','STEP_DEFINITION_ID',38,trunc(sysdate-1),to_date('07077777','mmddyyyy'),'Initial Load',sysdate,sysdate);
insert into CORP_ETL_LIST_LKUP (cell_id,name,list_type, value, out_var, ref_type, ref_id, start_date, end_date, comments, created_ts, updated_ts) VALUES (seq_cell_id.nextval,'ManageWork_SLA_Days_Type','TASK_TYPE','Conflict of Interest','B','STEP_DEFINITION_ID',52,trunc(sysdate-1),to_date('07077777','mmddyyyy'),'Initial Load',sysdate,sysdate);
insert into CORP_ETL_LIST_LKUP (cell_id,name,list_type, value, out_var, ref_type, ref_id, start_date, end_date, comments, created_ts, updated_ts) VALUES (seq_cell_id.nextval,'ManageWork_SLA_Days_Type','TASK_TYPE','Wrong Appeal Type/Part','B','STEP_DEFINITION_ID',53,trunc(sysdate-1),to_date('07077777','mmddyyyy'),'Initial Load',sysdate,sysdate);
insert into CORP_ETL_LIST_LKUP (cell_id,name,list_type, value, out_var, ref_type, ref_id, start_date, end_date, comments, created_ts, updated_ts) VALUES (seq_cell_id.nextval,'ManageWork_SLA_Days_Type','TASK_TYPE','Pending Medical Review','C','STEP_DEFINITION_ID',46,trunc(sysdate-1),to_date('07077777','mmddyyyy'),'Initial Load',sysdate,sysdate);

insert into CORP_ETL_LIST_LKUP (cell_id,name,list_type, value, out_var, ref_type, ref_id, start_date, end_date, comments, created_ts, updated_ts) VALUES (seq_cell_id.nextval,'ManageWork_SLA_Days_Type','TASK_TYPE','Awaiting Case File','C','STEP_DEFINITION_ID',43,trunc(sysdate-1),to_date('07077777','mmddyyyy'),'Initial Load',sysdate,sysdate);
--insert into CORP_ETL_LIST_LKUP (cell_id,name,list_type, value, out_var, ref_type, ref_id, start_date, end_date, comments, created_ts, updated_ts) VALUES (seq_cell_id.nextval,'ManageWork_SLA_Days_Type','TASK_TYPE','Ready for Appeal Review (Expedited)','C','STEP_DEFINITION_ID',,trunc(sysdate-1),to_date('07077777','mmddyyyy'),'Initial Load',sysdate,sysdate);
insert into CORP_ETL_LIST_LKUP (cell_id,name,list_type, value, out_var, ref_type, ref_id, start_date, end_date, comments, created_ts, updated_ts) VALUES (seq_cell_id.nextval,'ManageWork_SLA_Days_Type','TASK_TYPE','Second Review Needed','B','STEP_DEFINITION_ID',59,trunc(sysdate-1),to_date('07077777','mmddyyyy'),'Initial Load',sysdate,sysdate);
insert into CORP_ETL_LIST_LKUP (cell_id,name,list_type, value, out_var, ref_type, ref_id, start_date, end_date, comments, created_ts, updated_ts) VALUES (seq_cell_id.nextval,'ManageWork_SLA_Days_Type','TASK_TYPE','Third Review Needed','B','STEP_DEFINITION_ID',60,trunc(sysdate-1),to_date('07077777','mmddyyyy'),'Initial Load',sysdate,sysdate);
insert into CORP_ETL_LIST_LKUP (cell_id,name,list_type, value, out_var, ref_type, ref_id, start_date, end_date, comments, created_ts, updated_ts) VALUES (seq_cell_id.nextval,'ManageWork_SLA_Days_Type','TASK_TYPE','Medical Review Completed','B','STEP_DEFINITION_ID',61,trunc(sysdate-1),to_date('07077777','mmddyyyy'),'Initial Load',sysdate,sysdate);

insert into CORP_ETL_LIST_LKUP (cell_id,name,list_type, value, out_var, ref_type, ref_id, start_date, end_date, comments, created_ts, updated_ts) VALUES (seq_cell_id.nextval,'ManageWork_SLA_Days','TASK_TYPE','Appeal Entered','2','STEP_DEFINITION_ID',39,trunc(sysdate-1),to_date('07077777','mmddyyyy'),'Initial Load',sysdate,sysdate);
insert into CORP_ETL_LIST_LKUP (cell_id,name,list_type, value, out_var, ref_type, ref_id, start_date, end_date, comments, created_ts, updated_ts) VALUES (seq_cell_id.nextval,'ManageWork_SLA_Days','TASK_TYPE','ReOpened','0','STEP_DEFINITION_ID',51,trunc(sysdate-1),to_date('07077777','mmddyyyy'),'Initial Load',sysdate,sysdate);
insert into CORP_ETL_LIST_LKUP (cell_id,name,list_type, value, out_var, ref_type, ref_id, start_date, end_date, comments, created_ts, updated_ts) VALUES (seq_cell_id.nextval,'ManageWork_SLA_Days','TASK_TYPE','MAS Error','1','STEP_DEFINITION_ID',1576215,trunc(sysdate-1),to_date('07077777','mmddyyyy'),'Initial Load',sysdate,sysdate);
insert into CORP_ETL_LIST_LKUP (cell_id,name,list_type, value, out_var, ref_type, ref_id, start_date, end_date, comments, created_ts, updated_ts) VALUES (seq_cell_id.nextval,'ManageWork_SLA_Days','TASK_TYPE','Document Sorting','2','STEP_DEFINITION_ID',57,trunc(sysdate-1),to_date('07077777','mmddyyyy'),'Initial Load',sysdate,sysdate);
insert into CORP_ETL_LIST_LKUP (cell_id,name,list_type, value, out_var, ref_type, ref_id, start_date, end_date, comments, created_ts, updated_ts) VALUES (seq_cell_id.nextval,'ManageWork_SLA_Days','TASK_TYPE','Not a Case File','5','STEP_DEFINITION_ID',56,trunc(sysdate-1),to_date('07077777','mmddyyyy'),'Initial Load',sysdate,sysdate);
insert into CORP_ETL_LIST_LKUP (cell_id,name,list_type, value, out_var, ref_type, ref_id, start_date, end_date, comments, created_ts, updated_ts) VALUES (seq_cell_id.nextval,'ManageWork_SLA_Days','TASK_TYPE','New Investigation','5','STEP_DEFINITION_ID',50,trunc(sysdate-1),to_date('07077777','mmddyyyy'),'Initial Load',sysdate,sysdate);

insert into CORP_ETL_LIST_LKUP (cell_id,name,list_type, value, out_var, ref_type, ref_id, start_date, end_date, comments, created_ts, updated_ts) VALUES (seq_cell_id.nextval,'ManageWork_SLA_Days','TASK_TYPE','New Request','2','STEP_DEFINITION_ID',41,trunc(sysdate-1),to_date('07077777','mmddyyyy'),'Initial Load',sysdate,sysdate);
insert into CORP_ETL_LIST_LKUP (cell_id,name,list_type, value, out_var, ref_type, ref_id, start_date, end_date, comments, created_ts, updated_ts) VALUES (seq_cell_id.nextval,'ManageWork_SLA_Days','TASK_TYPE','Case File Received','2','STEP_DEFINITION_ID',55,trunc(sysdate-1),to_date('07077777','mmddyyyy'),'Initial Load',sysdate,sysdate);
insert into CORP_ETL_LIST_LKUP (cell_id,name,list_type, value, out_var, ref_type, ref_id, start_date, end_date, comments, created_ts, updated_ts) VALUES (seq_cell_id.nextval,'ManageWork_SLA_Days','TASK_TYPE','Possible Duplicate','2','STEP_DEFINITION_ID',58,trunc(sysdate-1),to_date('07077777','mmddyyyy'),'Initial Load',sysdate,sysdate);
insert into CORP_ETL_LIST_LKUP (cell_id,name,list_type, value, out_var, ref_type, ref_id, start_date, end_date, comments, created_ts, updated_ts) VALUES (seq_cell_id.nextval,'ManageWork_SLA_Days','TASK_TYPE','Duplicate Case File','5','STEP_DEFINITION_ID',63,trunc(sysdate-1),to_date('07077777','mmddyyyy'),'Initial Load',sysdate,sysdate);
insert into CORP_ETL_LIST_LKUP (cell_id,name,list_type, value, out_var, ref_type, ref_id, start_date, end_date, comments, created_ts, updated_ts) VALUES (seq_cell_id.nextval,'ManageWork_SLA_Days','TASK_TYPE','Invalid Appeal Number','5','STEP_DEFINITION_ID',48,trunc(sysdate-1),to_date('07077777','mmddyyyy'),'Initial Load',sysdate,sysdate);
insert into CORP_ETL_LIST_LKUP (cell_id,name,list_type, value, out_var, ref_type, ref_id, start_date, end_date, comments, created_ts, updated_ts) VALUES (seq_cell_id.nextval,'ManageWork_SLA_Days','TASK_TYPE','Image Issues','5','STEP_DEFINITION_ID',62,trunc(sysdate-1),to_date('07077777','mmddyyyy'),'Initial Load',sysdate,sysdate);
insert into CORP_ETL_LIST_LKUP (cell_id,name,list_type, value, out_var, ref_type, ref_id, start_date, end_date, comments, created_ts, updated_ts) VALUES (seq_cell_id.nextval,'ManageWork_SLA_Days','TASK_TYPE','Not an Appeal Request','3','STEP_DEFINITION_ID',45,trunc(sysdate-1),to_date('07077777','mmddyyyy'),'Initial Load',sysdate,sysdate);
insert into CORP_ETL_LIST_LKUP (cell_id,name,list_type, value, out_var, ref_type, ref_id, start_date, end_date, comments, created_ts, updated_ts) VALUES (seq_cell_id.nextval,'ManageWork_SLA_Days','TASK_TYPE','Ready to Close','2','STEP_DEFINITION_ID',40,trunc(sysdate-1),to_date('07077777','mmddyyyy'),'Initial Load',sysdate,sysdate);
insert into CORP_ETL_LIST_LKUP (cell_id,name,list_type, value, out_var, ref_type, ref_id, start_date, end_date, comments, created_ts, updated_ts) VALUES (seq_cell_id.nextval,'ManageWork_SLA_Days','TASK_TYPE','Ready for Appeal Review','20','STEP_DEFINITION_ID',44,trunc(sysdate-1),to_date('07077777','mmddyyyy'),'Initial Load',sysdate,sysdate);
insert into CORP_ETL_LIST_LKUP (cell_id,name,list_type, value, out_var, ref_type, ref_id, start_date, end_date, comments, created_ts, updated_ts) VALUES (seq_cell_id.nextval,'ManageWork_SLA_Days','TASK_TYPE','AutoPromoted','0','STEP_DEFINITION_ID',54,trunc(sysdate-1),to_date('07077777','mmddyyyy'),'Initial Load',sysdate,sysdate);
insert into CORP_ETL_LIST_LKUP (cell_id,name,list_type, value, out_var, ref_type, ref_id, start_date, end_date, comments, created_ts, updated_ts) VALUES (seq_cell_id.nextval,'ManageWork_SLA_Days','TASK_TYPE','Pending Request for Information','7','STEP_DEFINITION_ID',38,trunc(sysdate-1),to_date('07077777','mmddyyyy'),'Initial Load',sysdate,sysdate);
insert into CORP_ETL_LIST_LKUP (cell_id,name,list_type, value, out_var, ref_type, ref_id, start_date, end_date, comments, created_ts, updated_ts) VALUES (seq_cell_id.nextval,'ManageWork_SLA_Days','TASK_TYPE','Conflict of Interest','4','STEP_DEFINITION_ID',52,trunc(sysdate-1),to_date('07077777','mmddyyyy'),'Initial Load',sysdate,sysdate);
insert into CORP_ETL_LIST_LKUP (cell_id,name,list_type, value, out_var, ref_type, ref_id, start_date, end_date, comments, created_ts, updated_ts) VALUES (seq_cell_id.nextval,'ManageWork_SLA_Days','TASK_TYPE','Wrong Appeal Type/Part','4','STEP_DEFINITION_ID',53,trunc(sysdate-1),to_date('07077777','mmddyyyy'),'Initial Load',sysdate,sysdate);
insert into CORP_ETL_LIST_LKUP (cell_id,name,list_type, value, out_var, ref_type, ref_id, start_date, end_date, comments, created_ts, updated_ts) VALUES (seq_cell_id.nextval,'ManageWork_SLA_Days','TASK_TYPE','Pending Medical Review','2','STEP_DEFINITION_ID',46,trunc(sysdate-1),to_date('07077777','mmddyyyy'),'Initial Load',sysdate,sysdate);

insert into CORP_ETL_LIST_LKUP (cell_id,name,list_type, value, out_var, ref_type, ref_id, start_date, end_date, comments, created_ts, updated_ts) VALUES (seq_cell_id.nextval,'ManageWork_SLA_Days','TASK_TYPE','Awaiting Case File','7','STEP_DEFINITION_ID',43,trunc(sysdate-1),to_date('07077777','mmddyyyy'),'Initial Load',sysdate,sysdate);
--insert into CORP_ETL_LIST_LKUP (cell_id,name,list_type, value, out_var, ref_type, ref_id, start_date, end_date, comments, created_ts, updated_ts) VALUES (seq_cell_id.nextval,'ManageWork_SLA_Days','TASK_TYPE','Ready for Appeal Review (Expedited)','2','STEP_DEFINITION_ID',,trunc(sysdate-1),to_date('07077777','mmddyyyy'),'Initial Load',sysdate,sysdate);
insert into CORP_ETL_LIST_LKUP (cell_id,name,list_type, value, out_var, ref_type, ref_id, start_date, end_date, comments, created_ts, updated_ts) VALUES (seq_cell_id.nextval,'ManageWork_SLA_Days','TASK_TYPE','Second Review Needed','2','STEP_DEFINITION_ID',59,trunc(sysdate-1),to_date('07077777','mmddyyyy'),'Initial Load',sysdate,sysdate);
insert into CORP_ETL_LIST_LKUP (cell_id,name,list_type, value, out_var, ref_type, ref_id, start_date, end_date, comments, created_ts, updated_ts) VALUES (seq_cell_id.nextval,'ManageWork_SLA_Days','TASK_TYPE','Third Review Needed','2','STEP_DEFINITION_ID',60,trunc(sysdate-1),to_date('07077777','mmddyyyy'),'Initial Load',sysdate,sysdate);
insert into CORP_ETL_LIST_LKUP (cell_id,name,list_type, value, out_var, ref_type, ref_id, start_date, end_date, comments, created_ts, updated_ts) VALUES (seq_cell_id.nextval,'ManageWork_SLA_Days','TASK_TYPE','Medical Review Completed','1','STEP_DEFINITION_ID',61,trunc(sysdate-1),to_date('07077777','mmddyyyy'),'Initial Load',sysdate,sysdate);

insert into CORP_ETL_LIST_LKUP (cell_id,name,list_type, value, out_var, ref_type, ref_id, start_date, end_date, comments, created_ts, updated_ts) VALUES (seq_cell_id.nextval,'ManageWork_SLA_Jeopardy_Days','TASK_TYPE','Appeal Entered','1','STEP_DEFINITION_ID',39,trunc(sysdate-1),to_date('07077777','mmddyyyy'),'Initial Load',sysdate,sysdate);
insert into CORP_ETL_LIST_LKUP (cell_id,name,list_type, value, out_var, ref_type, ref_id, start_date, end_date, comments, created_ts, updated_ts) VALUES (seq_cell_id.nextval,'ManageWork_SLA_Jeopardy_Days','TASK_TYPE','ReOpened','0','STEP_DEFINITION_ID',51,trunc(sysdate-1),to_date('07077777','mmddyyyy'),'Initial Load',sysdate,sysdate);
insert into CORP_ETL_LIST_LKUP (cell_id,name,list_type, value, out_var, ref_type, ref_id, start_date, end_date, comments, created_ts, updated_ts) VALUES (seq_cell_id.nextval,'ManageWork_SLA_Jeopardy_Days','TASK_TYPE','MAS Error','0.5','STEP_DEFINITION_ID',1576215,trunc(sysdate-1),to_date('07077777','mmddyyyy'),'Initial Load',sysdate,sysdate);
insert into CORP_ETL_LIST_LKUP (cell_id,name,list_type, value, out_var, ref_type, ref_id, start_date, end_date, comments, created_ts, updated_ts) VALUES (seq_cell_id.nextval,'ManageWork_SLA_Jeopardy_Days','TASK_TYPE','Document Sorting','1','STEP_DEFINITION_ID',57,trunc(sysdate-1),to_date('07077777','mmddyyyy'),'Initial Load',sysdate,sysdate);
insert into CORP_ETL_LIST_LKUP (cell_id,name,list_type, value, out_var, ref_type, ref_id, start_date, end_date, comments, created_ts, updated_ts) VALUES (seq_cell_id.nextval,'ManageWork_SLA_Jeopardy_Days','TASK_TYPE','Not a Case File','4','STEP_DEFINITION_ID',56,trunc(sysdate-1),to_date('07077777','mmddyyyy'),'Initial Load',sysdate,sysdate);
insert into CORP_ETL_LIST_LKUP (cell_id,name,list_type, value, out_var, ref_type, ref_id, start_date, end_date, comments, created_ts, updated_ts) VALUES (seq_cell_id.nextval,'ManageWork_SLA_Jeopardy_Days','TASK_TYPE','New Investigation','4','STEP_DEFINITION_ID',50,trunc(sysdate-1),to_date('07077777','mmddyyyy'),'Initial Load',sysdate,sysdate);

insert into CORP_ETL_LIST_LKUP (cell_id,name,list_type, value, out_var, ref_type, ref_id, start_date, end_date, comments, created_ts, updated_ts) VALUES (seq_cell_id.nextval,'ManageWork_SLA_Jeopardy_Days','TASK_TYPE','New Request','1','STEP_DEFINITION_ID',41,trunc(sysdate-1),to_date('07077777','mmddyyyy'),'Initial Load',sysdate,sysdate);
insert into CORP_ETL_LIST_LKUP (cell_id,name,list_type, value, out_var, ref_type, ref_id, start_date, end_date, comments, created_ts, updated_ts) VALUES (seq_cell_id.nextval,'ManageWork_SLA_Jeopardy_Days','TASK_TYPE','Case File Received','1','STEP_DEFINITION_ID',55,trunc(sysdate-1),to_date('07077777','mmddyyyy'),'Initial Load',sysdate,sysdate);
insert into CORP_ETL_LIST_LKUP (cell_id,name,list_type, value, out_var, ref_type, ref_id, start_date, end_date, comments, created_ts, updated_ts) VALUES (seq_cell_id.nextval,'ManageWork_SLA_Jeopardy_Days','TASK_TYPE','Possible Duplicate','1','STEP_DEFINITION_ID',58,trunc(sysdate-1),to_date('07077777','mmddyyyy'),'Initial Load',sysdate,sysdate);
insert into CORP_ETL_LIST_LKUP (cell_id,name,list_type, value, out_var, ref_type, ref_id, start_date, end_date, comments, created_ts, updated_ts) VALUES (seq_cell_id.nextval,'ManageWork_SLA_Jeopardy_Days','TASK_TYPE','Duplicate Case File','4','STEP_DEFINITION_ID',63,trunc(sysdate-1),to_date('07077777','mmddyyyy'),'Initial Load',sysdate,sysdate);
insert into CORP_ETL_LIST_LKUP (cell_id,name,list_type, value, out_var, ref_type, ref_id, start_date, end_date, comments, created_ts, updated_ts) VALUES (seq_cell_id.nextval,'ManageWork_SLA_Jeopardy_Days','TASK_TYPE','Invalid Appeal Number','4','STEP_DEFINITION_ID',48,trunc(sysdate-1),to_date('07077777','mmddyyyy'),'Initial Load',sysdate,sysdate);
insert into CORP_ETL_LIST_LKUP (cell_id,name,list_type, value, out_var, ref_type, ref_id, start_date, end_date, comments, created_ts, updated_ts) VALUES (seq_cell_id.nextval,'ManageWork_SLA_Jeopardy_Days','TASK_TYPE','Image Issues','4','STEP_DEFINITION_ID',62,trunc(sysdate-1),to_date('07077777','mmddyyyy'),'Initial Load',sysdate,sysdate);
insert into CORP_ETL_LIST_LKUP (cell_id,name,list_type, value, out_var, ref_type, ref_id, start_date, end_date, comments, created_ts, updated_ts) VALUES (seq_cell_id.nextval,'ManageWork_SLA_Jeopardy_Days','TASK_TYPE','Not an Appeal Request','2','STEP_DEFINITION_ID',45,trunc(sysdate-1),to_date('07077777','mmddyyyy'),'Initial Load',sysdate,sysdate);
insert into CORP_ETL_LIST_LKUP (cell_id,name,list_type, value, out_var, ref_type, ref_id, start_date, end_date, comments, created_ts, updated_ts) VALUES (seq_cell_id.nextval,'ManageWork_SLA_Jeopardy_Days','TASK_TYPE','Ready to Close','1','STEP_DEFINITION_ID',40,trunc(sysdate-1),to_date('07077777','mmddyyyy'),'Initial Load',sysdate,sysdate);
insert into CORP_ETL_LIST_LKUP (cell_id,name,list_type, value, out_var, ref_type, ref_id, start_date, end_date, comments, created_ts, updated_ts) VALUES (seq_cell_id.nextval,'ManageWork_SLA_Jeopardy_Days','TASK_TYPE','Ready for Appeal Review','18','STEP_DEFINITION_ID',44,trunc(sysdate-1),to_date('07077777','mmddyyyy'),'Initial Load',sysdate,sysdate);
insert into CORP_ETL_LIST_LKUP (cell_id,name,list_type, value, out_var, ref_type, ref_id, start_date, end_date, comments, created_ts, updated_ts) VALUES (seq_cell_id.nextval,'ManageWork_SLA_Jeopardy_Days','TASK_TYPE','AutoPromoted','0','STEP_DEFINITION_ID',54,trunc(sysdate-1),to_date('07077777','mmddyyyy'),'Initial Load',sysdate,sysdate);
insert into CORP_ETL_LIST_LKUP (cell_id,name,list_type, value, out_var, ref_type, ref_id, start_date, end_date, comments, created_ts, updated_ts) VALUES (seq_cell_id.nextval,'ManageWork_SLA_Jeopardy_Days','TASK_TYPE','Pending Request for Information','6','STEP_DEFINITION_ID',38,trunc(sysdate-1),to_date('07077777','mmddyyyy'),'Initial Load',sysdate,sysdate);
insert into CORP_ETL_LIST_LKUP (cell_id,name,list_type, value, out_var, ref_type, ref_id, start_date, end_date, comments, created_ts, updated_ts) VALUES (seq_cell_id.nextval,'ManageWork_SLA_Jeopardy_Days','TASK_TYPE','Conflict of Interest','3','STEP_DEFINITION_ID',52,trunc(sysdate-1),to_date('07077777','mmddyyyy'),'Initial Load',sysdate,sysdate);
insert into CORP_ETL_LIST_LKUP (cell_id,name,list_type, value, out_var, ref_type, ref_id, start_date, end_date, comments, created_ts, updated_ts) VALUES (seq_cell_id.nextval,'ManageWork_SLA_Jeopardy_Days','TASK_TYPE','Wrong Appeal Type/Part','3','STEP_DEFINITION_ID',53,trunc(sysdate-1),to_date('07077777','mmddyyyy'),'Initial Load',sysdate,sysdate);
insert into CORP_ETL_LIST_LKUP (cell_id,name,list_type, value, out_var, ref_type, ref_id, start_date, end_date, comments, created_ts, updated_ts) VALUES (seq_cell_id.nextval,'ManageWork_SLA_Jeopardy_Days','TASK_TYPE','Pending Medical Review','1.5','STEP_DEFINITION_ID',46,trunc(sysdate-1),to_date('07077777','mmddyyyy'),'Initial Load',sysdate,sysdate);

insert into CORP_ETL_LIST_LKUP (cell_id,name,list_type, value, out_var, ref_type, ref_id, start_date, end_date, comments, created_ts, updated_ts) VALUES (seq_cell_id.nextval,'ManageWork_SLA_Jeopardy_Days','TASK_TYPE','Awaiting Case File','6','STEP_DEFINITION_ID',43,trunc(sysdate-1),to_date('07077777','mmddyyyy'),'Initial Load',sysdate,sysdate);
--insert into CORP_ETL_LIST_LKUP (cell_id,name,list_type, value, out_var, ref_type, ref_id, start_date, end_date, comments, created_ts, updated_ts) VALUES (seq_cell_id.nextval,'ManageWork_SLA_Jeopardy_Days','TASK_TYPE','Ready for Appeal Review (Expedited)','1','STEP_DEFINITION_ID',,trunc(sysdate-1),to_date('07077777','mmddyyyy'),'Initial Load',sysdate,sysdate);
insert into CORP_ETL_LIST_LKUP (cell_id,name,list_type, value, out_var, ref_type, ref_id, start_date, end_date, comments, created_ts, updated_ts) VALUES (seq_cell_id.nextval,'ManageWork_SLA_Jeopardy_Days','TASK_TYPE','Second Review Needed','1','STEP_DEFINITION_ID',59,trunc(sysdate-1),to_date('07077777','mmddyyyy'),'Initial Load',sysdate,sysdate);
insert into CORP_ETL_LIST_LKUP (cell_id,name,list_type, value, out_var, ref_type, ref_id, start_date, end_date, comments, created_ts, updated_ts) VALUES (seq_cell_id.nextval,'ManageWork_SLA_Jeopardy_Days','TASK_TYPE','Third Review Needed','1','STEP_DEFINITION_ID',60,trunc(sysdate-1),to_date('07077777','mmddyyyy'),'Initial Load',sysdate,sysdate);
insert into CORP_ETL_LIST_LKUP (cell_id,name,list_type, value, out_var, ref_type, ref_id, start_date, end_date, comments, created_ts, updated_ts) VALUES (seq_cell_id.nextval,'ManageWork_SLA_Jeopardy_Days','TASK_TYPE','Medical Review Completed','0.5','STEP_DEFINITION_ID',61,trunc(sysdate-1),to_date('07077777','mmddyyyy'),'Initial Load',sysdate,sysdate);

insert into CORP_ETL_LIST_LKUP (cell_id,name,list_type, value, out_var, ref_type, ref_id, start_date, end_date, comments, created_ts, updated_ts) VALUES (seq_cell_id.nextval,'ManageWork_SLA_Target_Days','TASK_TYPE','Appeal Entered','2','STEP_DEFINITION_ID',39,trunc(sysdate-1),to_date('07077777','mmddyyyy'),'Initial Load',sysdate,sysdate);
insert into CORP_ETL_LIST_LKUP (cell_id,name,list_type, value, out_var, ref_type, ref_id, start_date, end_date, comments, created_ts, updated_ts) VALUES (seq_cell_id.nextval,'ManageWork_SLA_Target_Days','TASK_TYPE','ReOpened','0','STEP_DEFINITION_ID',51,trunc(sysdate-1),to_date('07077777','mmddyyyy'),'Initial Load',sysdate,sysdate);
insert into CORP_ETL_LIST_LKUP (cell_id,name,list_type, value, out_var, ref_type, ref_id, start_date, end_date, comments, created_ts, updated_ts) VALUES (seq_cell_id.nextval,'ManageWork_SLA_Target_Days','TASK_TYPE','MAS Error','1','STEP_DEFINITION_ID',1576215,trunc(sysdate-1),to_date('07077777','mmddyyyy'),'Initial Load',sysdate,sysdate);
insert into CORP_ETL_LIST_LKUP (cell_id,name,list_type, value, out_var, ref_type, ref_id, start_date, end_date, comments, created_ts, updated_ts) VALUES (seq_cell_id.nextval,'ManageWork_SLA_Target_Days','TASK_TYPE','Document Sorting','2','STEP_DEFINITION_ID',57,trunc(sysdate-1),to_date('07077777','mmddyyyy'),'Initial Load',sysdate,sysdate);
insert into CORP_ETL_LIST_LKUP (cell_id,name,list_type, value, out_var, ref_type, ref_id, start_date, end_date, comments, created_ts, updated_ts) VALUES (seq_cell_id.nextval,'ManageWork_SLA_Target_Days','TASK_TYPE','Not a Case File','5','STEP_DEFINITION_ID',56,trunc(sysdate-1),to_date('07077777','mmddyyyy'),'Initial Load',sysdate,sysdate);
insert into CORP_ETL_LIST_LKUP (cell_id,name,list_type, value, out_var, ref_type, ref_id, start_date, end_date, comments, created_ts, updated_ts) VALUES (seq_cell_id.nextval,'ManageWork_SLA_Target_Days','TASK_TYPE','New Investigation','5','STEP_DEFINITION_ID',50,trunc(sysdate-1),to_date('07077777','mmddyyyy'),'Initial Load',sysdate,sysdate);

insert into CORP_ETL_LIST_LKUP (cell_id,name,list_type, value, out_var, ref_type, ref_id, start_date, end_date, comments, created_ts, updated_ts) VALUES (seq_cell_id.nextval,'ManageWork_SLA_Target_Days','TASK_TYPE','New Request','2','STEP_DEFINITION_ID',41,trunc(sysdate-1),to_date('07077777','mmddyyyy'),'Initial Load',sysdate,sysdate);
insert into CORP_ETL_LIST_LKUP (cell_id,name,list_type, value, out_var, ref_type, ref_id, start_date, end_date, comments, created_ts, updated_ts) VALUES (seq_cell_id.nextval,'ManageWork_SLA_Target_Days','TASK_TYPE','Case File Received','2','STEP_DEFINITION_ID',55,trunc(sysdate-1),to_date('07077777','mmddyyyy'),'Initial Load',sysdate,sysdate);
insert into CORP_ETL_LIST_LKUP (cell_id,name,list_type, value, out_var, ref_type, ref_id, start_date, end_date, comments, created_ts, updated_ts) VALUES (seq_cell_id.nextval,'ManageWork_SLA_Target_Days','TASK_TYPE','Possible Duplicate','2','STEP_DEFINITION_ID',58,trunc(sysdate-1),to_date('07077777','mmddyyyy'),'Initial Load',sysdate,sysdate);
insert into CORP_ETL_LIST_LKUP (cell_id,name,list_type, value, out_var, ref_type, ref_id, start_date, end_date, comments, created_ts, updated_ts) VALUES (seq_cell_id.nextval,'ManageWork_SLA_Target_Days','TASK_TYPE','Duplicate Case File','5','STEP_DEFINITION_ID',63,trunc(sysdate-1),to_date('07077777','mmddyyyy'),'Initial Load',sysdate,sysdate);
insert into CORP_ETL_LIST_LKUP (cell_id,name,list_type, value, out_var, ref_type, ref_id, start_date, end_date, comments, created_ts, updated_ts) VALUES (seq_cell_id.nextval,'ManageWork_SLA_Target_Days','TASK_TYPE','Invalid Appeal Number','5','STEP_DEFINITION_ID',48,trunc(sysdate-1),to_date('07077777','mmddyyyy'),'Initial Load',sysdate,sysdate);
insert into CORP_ETL_LIST_LKUP (cell_id,name,list_type, value, out_var, ref_type, ref_id, start_date, end_date, comments, created_ts, updated_ts) VALUES (seq_cell_id.nextval,'ManageWork_SLA_Target_Days','TASK_TYPE','Image Issues','5','STEP_DEFINITION_ID',62,trunc(sysdate-1),to_date('07077777','mmddyyyy'),'Initial Load',sysdate,sysdate);
insert into CORP_ETL_LIST_LKUP (cell_id,name,list_type, value, out_var, ref_type, ref_id, start_date, end_date, comments, created_ts, updated_ts) VALUES (seq_cell_id.nextval,'ManageWork_SLA_Target_Days','TASK_TYPE','Not an Appeal Request','3','STEP_DEFINITION_ID',45,trunc(sysdate-1),to_date('07077777','mmddyyyy'),'Initial Load',sysdate,sysdate);
insert into CORP_ETL_LIST_LKUP (cell_id,name,list_type, value, out_var, ref_type, ref_id, start_date, end_date, comments, created_ts, updated_ts) VALUES (seq_cell_id.nextval,'ManageWork_SLA_Target_Days','TASK_TYPE','Ready to Close','2','STEP_DEFINITION_ID',40,trunc(sysdate-1),to_date('07077777','mmddyyyy'),'Initial Load',sysdate,sysdate);
insert into CORP_ETL_LIST_LKUP (cell_id,name,list_type, value, out_var, ref_type, ref_id, start_date, end_date, comments, created_ts, updated_ts) VALUES (seq_cell_id.nextval,'ManageWork_SLA_Target_Days','TASK_TYPE','Ready for Appeal Review','20','STEP_DEFINITION_ID',44,trunc(sysdate-1),to_date('07077777','mmddyyyy'),'Initial Load',sysdate,sysdate);
insert into CORP_ETL_LIST_LKUP (cell_id,name,list_type, value, out_var, ref_type, ref_id, start_date, end_date, comments, created_ts, updated_ts) VALUES (seq_cell_id.nextval,'ManageWork_SLA_Target_Days','TASK_TYPE','AutoPromoted','0','STEP_DEFINITION_ID',54,trunc(sysdate-1),to_date('07077777','mmddyyyy'),'Initial Load',sysdate,sysdate);
insert into CORP_ETL_LIST_LKUP (cell_id,name,list_type, value, out_var, ref_type, ref_id, start_date, end_date, comments, created_ts, updated_ts) VALUES (seq_cell_id.nextval,'ManageWork_SLA_Target_Days','TASK_TYPE','Pending Request for Information','7','STEP_DEFINITION_ID',38,trunc(sysdate-1),to_date('07077777','mmddyyyy'),'Initial Load',sysdate,sysdate);
insert into CORP_ETL_LIST_LKUP (cell_id,name,list_type, value, out_var, ref_type, ref_id, start_date, end_date, comments, created_ts, updated_ts) VALUES (seq_cell_id.nextval,'ManageWork_SLA_Target_Days','TASK_TYPE','Conflict of Interest','4','STEP_DEFINITION_ID',52,trunc(sysdate-1),to_date('07077777','mmddyyyy'),'Initial Load',sysdate,sysdate);
insert into CORP_ETL_LIST_LKUP (cell_id,name,list_type, value, out_var, ref_type, ref_id, start_date, end_date, comments, created_ts, updated_ts) VALUES (seq_cell_id.nextval,'ManageWork_SLA_Target_Days','TASK_TYPE','Wrong Appeal Type/Part','4','STEP_DEFINITION_ID',53,trunc(sysdate-1),to_date('07077777','mmddyyyy'),'Initial Load',sysdate,sysdate);
insert into CORP_ETL_LIST_LKUP (cell_id,name,list_type, value, out_var, ref_type, ref_id, start_date, end_date, comments, created_ts, updated_ts) VALUES (seq_cell_id.nextval,'ManageWork_SLA_Target_Days','TASK_TYPE','Pending Medical Review','2','STEP_DEFINITION_ID',46,trunc(sysdate-1),to_date('07077777','mmddyyyy'),'Initial Load',sysdate,sysdate);

insert into CORP_ETL_LIST_LKUP (cell_id,name,list_type, value, out_var, ref_type, ref_id, start_date, end_date, comments, created_ts, updated_ts) VALUES (seq_cell_id.nextval,'ManageWork_SLA_Target_Days','TASK_TYPE','Awaiting Case File','7','STEP_DEFINITION_ID',43,trunc(sysdate-1),to_date('07077777','mmddyyyy'),'Initial Load',sysdate,sysdate);
--insert into CORP_ETL_LIST_LKUP (cell_id,name,list_type, value, out_var, ref_type, ref_id, start_date, end_date, comments, created_ts, updated_ts) VALUES (seq_cell_id.nextval,'ManageWork_SLA_Target_Days','TASK_TYPE','Ready for Appeal Review (Expedited)','2','STEP_DEFINITION_ID',,trunc(sysdate-1),to_date('07077777','mmddyyyy'),'Initial Load',sysdate,sysdate);
insert into CORP_ETL_LIST_LKUP (cell_id,name,list_type, value, out_var, ref_type, ref_id, start_date, end_date, comments, created_ts, updated_ts) VALUES (seq_cell_id.nextval,'ManageWork_SLA_Target_Days','TASK_TYPE','Second Review Needed','2','STEP_DEFINITION_ID',59,trunc(sysdate-1),to_date('07077777','mmddyyyy'),'Initial Load',sysdate,sysdate);
insert into CORP_ETL_LIST_LKUP (cell_id,name,list_type, value, out_var, ref_type, ref_id, start_date, end_date, comments, created_ts, updated_ts) VALUES (seq_cell_id.nextval,'ManageWork_SLA_Target_Days','TASK_TYPE','Third Review Needed','2','STEP_DEFINITION_ID',60,trunc(sysdate-1),to_date('07077777','mmddyyyy'),'Initial Load',sysdate,sysdate);
insert into CORP_ETL_LIST_LKUP (cell_id,name,list_type, value, out_var, ref_type, ref_id, start_date, end_date, comments, created_ts, updated_ts) VALUES (seq_cell_id.nextval,'ManageWork_SLA_Target_Days','TASK_TYPE','Medical Review Completed','1','STEP_DEFINITION_ID',61,trunc(sysdate-1),to_date('07077777','mmddyyyy'),'Initial Load',sysdate,sysdate);

insert into CORP_ETL_LIST_LKUP (cell_id,name,list_type, value, out_var, ref_type, ref_id, start_date, end_date, comments, created_ts, updated_ts) VALUES (seq_cell_id.nextval,'TASK_MONITOR_TYPE','LIST','Appeal Entered','not used','STEP_DEFINITION_ID',39,trunc(sysdate-1),to_date('07077777','mmddyyyy'),'Initial Load',sysdate,sysdate);
insert into CORP_ETL_LIST_LKUP (cell_id,name,list_type, value, out_var, ref_type, ref_id, start_date, end_date, comments, created_ts, updated_ts) VALUES (seq_cell_id.nextval,'TASK_MONITOR_TYPE','LIST','ReOpened','not used','STEP_DEFINITION_ID',51,trunc(sysdate-1),to_date('07077777','mmddyyyy'),'Initial Load',sysdate,sysdate);
insert into CORP_ETL_LIST_LKUP (cell_id,name,list_type, value, out_var, ref_type, ref_id, start_date, end_date, comments, created_ts, updated_ts) VALUES (seq_cell_id.nextval,'TASK_MONITOR_TYPE','LIST','MAS Error','not used','STEP_DEFINITION_ID',1576215,trunc(sysdate-1),to_date('07077777','mmddyyyy'),'Initial Load',sysdate,sysdate);
insert into CORP_ETL_LIST_LKUP (cell_id,name,list_type, value, out_var, ref_type, ref_id, start_date, end_date, comments, created_ts, updated_ts) VALUES (seq_cell_id.nextval,'TASK_MONITOR_TYPE','LIST','Document Sorting','not used','STEP_DEFINITION_ID',57,trunc(sysdate-1),to_date('07077777','mmddyyyy'),'Initial Load',sysdate,sysdate);
insert into CORP_ETL_LIST_LKUP (cell_id,name,list_type, value, out_var, ref_type, ref_id, start_date, end_date, comments, created_ts, updated_ts) VALUES (seq_cell_id.nextval,'TASK_MONITOR_TYPE','LIST','Not a Case File','not used','STEP_DEFINITION_ID',56,trunc(sysdate-1),to_date('07077777','mmddyyyy'),'Initial Load',sysdate,sysdate);
insert into CORP_ETL_LIST_LKUP (cell_id,name,list_type, value, out_var, ref_type, ref_id, start_date, end_date, comments, created_ts, updated_ts) VALUES (seq_cell_id.nextval,'TASK_MONITOR_TYPE','LIST','New Investigation','not used','STEP_DEFINITION_ID',50,trunc(sysdate-1),to_date('07077777','mmddyyyy'),'Initial Load',sysdate,sysdate);

insert into CORP_ETL_LIST_LKUP (cell_id,name,list_type, value, out_var, ref_type, ref_id, start_date, end_date, comments, created_ts, updated_ts) VALUES (seq_cell_id.nextval,'TASK_MONITOR_TYPE','LIST','New Request','not used','STEP_DEFINITION_ID',41,trunc(sysdate-1),to_date('07077777','mmddyyyy'),'Initial Load',sysdate,sysdate);
insert into CORP_ETL_LIST_LKUP (cell_id,name,list_type, value, out_var, ref_type, ref_id, start_date, end_date, comments, created_ts, updated_ts) VALUES (seq_cell_id.nextval,'TASK_MONITOR_TYPE','LIST','Case File Received','not used','STEP_DEFINITION_ID',55,trunc(sysdate-1),to_date('07077777','mmddyyyy'),'Initial Load',sysdate,sysdate);
insert into CORP_ETL_LIST_LKUP (cell_id,name,list_type, value, out_var, ref_type, ref_id, start_date, end_date, comments, created_ts, updated_ts) VALUES (seq_cell_id.nextval,'TASK_MONITOR_TYPE','LIST','Possible Duplicate','not used','STEP_DEFINITION_ID',58,trunc(sysdate-1),to_date('07077777','mmddyyyy'),'Initial Load',sysdate,sysdate);
insert into CORP_ETL_LIST_LKUP (cell_id,name,list_type, value, out_var, ref_type, ref_id, start_date, end_date, comments, created_ts, updated_ts) VALUES (seq_cell_id.nextval,'TASK_MONITOR_TYPE','LIST','Duplicate Case File','not used','STEP_DEFINITION_ID',63,trunc(sysdate-1),to_date('07077777','mmddyyyy'),'Initial Load',sysdate,sysdate);
insert into CORP_ETL_LIST_LKUP (cell_id,name,list_type, value, out_var, ref_type, ref_id, start_date, end_date, comments, created_ts, updated_ts) VALUES (seq_cell_id.nextval,'TASK_MONITOR_TYPE','LIST','Invalid Appeal Number','not used','STEP_DEFINITION_ID',48,trunc(sysdate-1),to_date('07077777','mmddyyyy'),'Initial Load',sysdate,sysdate);
insert into CORP_ETL_LIST_LKUP (cell_id,name,list_type, value, out_var, ref_type, ref_id, start_date, end_date, comments, created_ts, updated_ts) VALUES (seq_cell_id.nextval,'TASK_MONITOR_TYPE','LIST','Image Issues','not used','STEP_DEFINITION_ID',62,trunc(sysdate-1),to_date('07077777','mmddyyyy'),'Initial Load',sysdate,sysdate);
insert into CORP_ETL_LIST_LKUP (cell_id,name,list_type, value, out_var, ref_type, ref_id, start_date, end_date, comments, created_ts, updated_ts) VALUES (seq_cell_id.nextval,'TASK_MONITOR_TYPE','LIST','Not an Appeal Request','not used','STEP_DEFINITION_ID',45,trunc(sysdate-1),to_date('07077777','mmddyyyy'),'Initial Load',sysdate,sysdate);
insert into CORP_ETL_LIST_LKUP (cell_id,name,list_type, value, out_var, ref_type, ref_id, start_date, end_date, comments, created_ts, updated_ts) VALUES (seq_cell_id.nextval,'TASK_MONITOR_TYPE','LIST','Ready to Close','not used','STEP_DEFINITION_ID',40,trunc(sysdate-1),to_date('07077777','mmddyyyy'),'Initial Load',sysdate,sysdate);
insert into CORP_ETL_LIST_LKUP (cell_id,name,list_type, value, out_var, ref_type, ref_id, start_date, end_date, comments, created_ts, updated_ts) VALUES (seq_cell_id.nextval,'TASK_MONITOR_TYPE','LIST','Ready for Appeal Review','not used','STEP_DEFINITION_ID',44,trunc(sysdate-1),to_date('07077777','mmddyyyy'),'Initial Load',sysdate,sysdate);
insert into CORP_ETL_LIST_LKUP (cell_id,name,list_type, value, out_var, ref_type, ref_id, start_date, end_date, comments, created_ts, updated_ts) VALUES (seq_cell_id.nextval,'TASK_MONITOR_TYPE','LIST','AutoPromoted','not used','STEP_DEFINITION_ID',54,trunc(sysdate-1),to_date('07077777','mmddyyyy'),'Initial Load',sysdate,sysdate);
insert into CORP_ETL_LIST_LKUP (cell_id,name,list_type, value, out_var, ref_type, ref_id, start_date, end_date, comments, created_ts, updated_ts) VALUES (seq_cell_id.nextval,'TASK_MONITOR_TYPE','LIST','Pending Request for Information','not used','STEP_DEFINITION_ID',38,trunc(sysdate-1),to_date('07077777','mmddyyyy'),'Initial Load',sysdate,sysdate);
insert into CORP_ETL_LIST_LKUP (cell_id,name,list_type, value, out_var, ref_type, ref_id, start_date, end_date, comments, created_ts, updated_ts) VALUES (seq_cell_id.nextval,'TASK_MONITOR_TYPE','LIST','Conflict of Interest','not used','STEP_DEFINITION_ID',52,trunc(sysdate-1),to_date('07077777','mmddyyyy'),'Initial Load',sysdate,sysdate);
insert into CORP_ETL_LIST_LKUP (cell_id,name,list_type, value, out_var, ref_type, ref_id, start_date, end_date, comments, created_ts, updated_ts) VALUES (seq_cell_id.nextval,'TASK_MONITOR_TYPE','LIST','Wrong Appeal Type/Part','not used','STEP_DEFINITION_ID',53,trunc(sysdate-1),to_date('07077777','mmddyyyy'),'Initial Load',sysdate,sysdate);
insert into CORP_ETL_LIST_LKUP (cell_id,name,list_type, value, out_var, ref_type, ref_id, start_date, end_date, comments, created_ts, updated_ts) VALUES (seq_cell_id.nextval,'TASK_MONITOR_TYPE','LIST','Pending Medical Review','not used','STEP_DEFINITION_ID',46,trunc(sysdate-1),to_date('07077777','mmddyyyy'),'Initial Load',sysdate,sysdate);

insert into CORP_ETL_LIST_LKUP (cell_id,name,list_type, value, out_var, ref_type, ref_id, start_date, end_date, comments, created_ts, updated_ts) VALUES (seq_cell_id.nextval,'TASK_MONITOR_TYPE','LIST','Awaiting Case File','not used','STEP_DEFINITION_ID',43,trunc(sysdate-1),to_date('07077777','mmddyyyy'),'Initial Load',sysdate,sysdate);
--insert into CORP_ETL_LIST_LKUP (cell_id,name,list_type, value, out_var, ref_type, ref_id, start_date, end_date, comments, created_ts, updated_ts) VALUES (seq_cell_id.nextval,'TASK_MONITOR_TYPE','LIST','Ready for Appeal Review (Expedited)','not used','STEP_DEFINITION_ID',,trunc(sysdate-1),to_date('07077777','mmddyyyy'),'Initial Load',sysdate,sysdate);
insert into CORP_ETL_LIST_LKUP (cell_id,name,list_type, value, out_var, ref_type, ref_id, start_date, end_date, comments, created_ts, updated_ts) VALUES (seq_cell_id.nextval,'TASK_MONITOR_TYPE','LIST','Second Review Needed','not used','STEP_DEFINITION_ID',59,trunc(sysdate-1),to_date('07077777','mmddyyyy'),'Initial Load',sysdate,sysdate);
insert into CORP_ETL_LIST_LKUP (cell_id,name,list_type, value, out_var, ref_type, ref_id, start_date, end_date, comments, created_ts, updated_ts) VALUES (seq_cell_id.nextval,'TASK_MONITOR_TYPE','LIST','Third Review Needed','not used','STEP_DEFINITION_ID',60,trunc(sysdate-1),to_date('07077777','mmddyyyy'),'Initial Load',sysdate,sysdate);
insert into CORP_ETL_LIST_LKUP (cell_id,name,list_type, value, out_var, ref_type, ref_id, start_date, end_date, comments, created_ts, updated_ts) VALUES (seq_cell_id.nextval,'TASK_MONITOR_TYPE','LIST','Medical Review Completed','not used','STEP_DEFINITION_ID',61,trunc(sysdate-1),to_date('07077777','mmddyyyy'),'Initial Load',sysdate,sysdate);


Insert into D_BPM_ENTITY (ENTITY_ID,ENTITY_TYPE_ID,PROCESS_ID,ENTITY_NAME,ENTITY_DESCRIPTION,SOURCE_REFERENCE_TYPE,TIMELINESS_THRESHOLD, 
TIMELINESS_DAYS_TYPE,IS_STARTING_ENTITY,IS_TERMINATING_ENTITY) 
values (0,5,1,'NEW','New','',1,'B','Y','N');

insert into d_bpm_task_type_entity values (37,0); 

update d_task_types set task_description = 'New', 
operations_group = 'CMS', sla_days = 1, sla_days_type = 'B', 
sla_target_days = 1, sla_jeopardy_days = 1 where task_type_id = 37; 


insert into BPM_D_OPS_GROUP_TASK (OPS_GROUP,TASK_TYPE) values ('CMS','New');
insert into CORP_ETL_LIST_LKUP (cell_id,name,list_type, value, out_var, ref_type, ref_id, start_date, end_date, comments, created_ts, updated_ts) VALUES (seq_cell_id.nextval,'ManageWork_SLA_Days_Type','TASK_TYPE','New','B','STEP_DEFINITION_ID',37,trunc(sysdate-1),to_date('07077777','mmddyyyy'),'Initial Load',sysdate,sysdate);
insert into CORP_ETL_LIST_LKUP (cell_id,name,list_type, value, out_var, ref_type, ref_id, start_date, end_date, comments, created_ts, updated_ts) VALUES (seq_cell_id.nextval,'ManageWork_SLA_Days','TASK_TYPE','New','1','STEP_DEFINITION_ID',37,trunc(sysdate-1),to_date('07077777','mmddyyyy'),'Initial Load',sysdate,sysdate);
insert into CORP_ETL_LIST_LKUP (cell_id,name,list_type, value, out_var, ref_type, ref_id, start_date, end_date, comments, created_ts, updated_ts) VALUES (seq_cell_id.nextval,'ManageWork_SLA_Jeopardy_Days','TASK_TYPE','New','1','STEP_DEFINITION_ID',37,trunc(sysdate-1),to_date('07077777','mmddyyyy'),'Initial Load',sysdate,sysdate);
insert into CORP_ETL_LIST_LKUP (cell_id,name,list_type, value, out_var, ref_type, ref_id, start_date, end_date, comments, created_ts, updated_ts) VALUES (seq_cell_id.nextval,'ManageWork_SLA_Target_Days','TASK_TYPE','New','1','STEP_DEFINITION_ID',37,trunc(sysdate-1),to_date('07077777','mmddyyyy'),'Initial Load',sysdate,sysdate);
insert into CORP_ETL_LIST_LKUP (cell_id,name,list_type, value, out_var, ref_type, ref_id, start_date, end_date, comments, created_ts, updated_ts) VALUES (seq_cell_id.nextval,'TASK_MONITOR_TYPE','LIST','New','not used','STEP_DEFINITION_ID',37,trunc(sysdate-1),to_date('07077777','mmddyyyy'),'Initial Load',sysdate,sysdate);

