<?xml version = '1.0' encoding = 'UTF-8'?>
<relationalModel class="oracle.dbtools.crest.model.design.relational.RelationalDesign" name="MicroStrategy_NICE_WFM_metrics" id="1006A4D3-D8A6-BEC2-31E7-93FEEFD2FA78" mainViewID="92569BDD-8ACE-C067-1C3C-BA7EDD96CF78">
<createdBy>88641</createdBy>
<createdTime>2018-02-22 22:55:02 UTC</createdTime>
<ownerDesignName>My_Test_1</ownerDesignName>
<shouldBeOpen>true</shouldBeOpen>
<selectedRDBMSSite>980FCE9E-D688-BDF0-C89A-C9FB2DCAED45</selectedRDBMSSite>
<importDDLFileStamps>
<importDDLFileStamp class="oracle.dbtools.crest.imports.DDLFileStamp">
<fileName>My_Temp.sql</fileName>
<pathName>C:\Users\88641\Desktop</pathName>
<dbType>13</dbType>
</importDDLFileStamp>
<importDDLFileStamp class="oracle.dbtools.crest.imports.DDLFileStamp">
<fileName>My_Temp.sql</fileName>
<pathName>C:\Users\88641\Desktop</pathName>
<dbType>13</dbType>
</importDDLFileStamp>
<importDDLFileStamp class="oracle.dbtools.crest.imports.DDLFileStamp">
<fileName>My_Temp.sql</fileName>
<pathName>C:\Users\88641\Desktop</pathName>
<dbType>13</dbType>
</importDDLFileStamp>
<importDDLFileStamp class="oracle.dbtools.crest.imports.DDLFileStamp">
<fileName>My_Temp.sql</fileName>
<pathName>C:\Users\88641\Desktop</pathName>
<dbType>13</dbType>
</importDDLFileStamp>
<importDDLFileStamp class="oracle.dbtools.crest.imports.DDLFileStamp">
<fileName>My_Temp.sql</fileName>
<pathName>C:\Users\88641\Desktop</pathName>
<dbType>13</dbType>
</importDDLFileStamp>
<importDDLFileStamp class="oracle.dbtools.crest.imports.DDLFileStamp">
<fileName>My_Temp.sql</fileName>
<pathName>C:\Users\88641\Desktop</pathName>
<dbType>13</dbType>
</importDDLFileStamp>
<importDDLFileStamp class="oracle.dbtools.crest.imports.DDLFileStamp">
<fileName>My_Temp.sql</fileName>
<pathName>C:\Users\88641\Desktop</pathName>
<dbType>13</dbType>
</importDDLFileStamp>
<importDDLFileStamp class="oracle.dbtools.crest.imports.DDLFileStamp">
<fileName>My_Temp.sql</fileName>
<pathName>C:\Users\88641\Desktop</pathName>
<dbType>13</dbType>
</importDDLFileStamp>
<importDDLFileStamp class="oracle.dbtools.crest.imports.DDLFileStamp">
<fileName>My_Temp.sql</fileName>
<pathName>C:\Users\88641\Desktop</pathName>
<dbType>13</dbType>
</importDDLFileStamp>
<importDDLFileStamp class="oracle.dbtools.crest.imports.DDLFileStamp">
<fileName>My_Temp.sql</fileName>
<pathName>C:\Users\88641\Desktop</pathName>
<dbType>13</dbType>
</importDDLFileStamp>
<importDDLFileStamp class="oracle.dbtools.crest.imports.DDLFileStamp">
<fileName>My_Temp.sql</fileName>
<pathName>C:\Users\88641\Desktop</pathName>
<dbType>13</dbType>
</importDDLFileStamp>
<importDDLFileStamp class="oracle.dbtools.crest.imports.DDLFileStamp">
<fileName>My_Temp.sql</fileName>
<pathName>C:\Users\88641\Desktop</pathName>
<dbType>13</dbType>
</importDDLFileStamp>
</importDDLFileStamps>
</relationalModel>