alter session set current_schema = cisco_enterprise_cc;


-- Units of work
/*
insert into cc_c_unit_of_work (unit_of_work_name, unit_of_work_category, record_eff_dt, record_end_dt, acd, ivr) values ('Armenian','Inbound',to_date('1900/01/01', 'yyyy/mm/dd'),to_date('2999/12/31', 'yyyy/mm/dd'), 1, 0);
insert into cc_c_unit_of_work (unit_of_work_name, unit_of_work_category, record_eff_dt, record_end_dt, acd, ivr) values ('Armenian Voicemail','Voicemail',to_date('1900/01/01', 'yyyy/mm/dd'),to_date('2999/12/31', 'yyyy/mm/dd'), 1, 0);
insert into cc_c_unit_of_work (unit_of_work_name, unit_of_work_category, record_eff_dt, record_end_dt, acd, ivr) values ('Armenian Transfer','Transfer',to_date('1900/01/01', 'yyyy/mm/dd'),to_date('2999/12/31', 'yyyy/mm/dd'), 1, 0);
insert into cc_c_unit_of_work (unit_of_work_name, unit_of_work_category, record_eff_dt, record_end_dt, acd, ivr) values ('Cambodian','Inbound',to_date('1900/01/01', 'yyyy/mm/dd'),to_date('2999/12/31', 'yyyy/mm/dd'), 1, 0);
insert into cc_c_unit_of_work (unit_of_work_name, unit_of_work_category, record_eff_dt, record_end_dt, acd, ivr) values ('Cambodian Voicemail','Voicemail',to_date('1900/01/01', 'yyyy/mm/dd'),to_date('2999/12/31', 'yyyy/mm/dd'), 1, 0);
insert into cc_c_unit_of_work (unit_of_work_name, unit_of_work_category, record_eff_dt, record_end_dt, acd, ivr) values ('Cambodian Transfer','Transfer',to_date('1900/01/01', 'yyyy/mm/dd'),to_date('2999/12/31', 'yyyy/mm/dd'), 1, 0);
insert into cc_c_unit_of_work (unit_of_work_name, unit_of_work_category, record_eff_dt, record_end_dt, acd, ivr) values ('Cantonese','Inbound',to_date('1900/01/01', 'yyyy/mm/dd'),to_date('2999/12/31', 'yyyy/mm/dd'), 1, 0);
insert into cc_c_unit_of_work (unit_of_work_name, unit_of_work_category, record_eff_dt, record_end_dt, acd, ivr) values ('Cantonese Voicemail','Voicemail',to_date('1900/01/01', 'yyyy/mm/dd'),to_date('2999/12/31', 'yyyy/mm/dd'), 1, 0);
insert into cc_c_unit_of_work (unit_of_work_name, unit_of_work_category, record_eff_dt, record_end_dt, acd, ivr) values ('Cantonese Transfer','Transfer',to_date('1900/01/01', 'yyyy/mm/dd'),to_date('2999/12/31', 'yyyy/mm/dd'), 1, 0);
insert into cc_c_unit_of_work (unit_of_work_name, unit_of_work_category, record_eff_dt, record_end_dt, acd, ivr) values ('Farsi','Inbound',to_date('1900/01/01', 'yyyy/mm/dd'),to_date('2999/12/31', 'yyyy/mm/dd'), 1, 0);
insert into cc_c_unit_of_work (unit_of_work_name, unit_of_work_category, record_eff_dt, record_end_dt, acd, ivr) values ('Farsi Voicemail','Voicemail',to_date('1900/01/01', 'yyyy/mm/dd'),to_date('2999/12/31', 'yyyy/mm/dd'), 1, 0);
insert into cc_c_unit_of_work (unit_of_work_name, unit_of_work_category, record_eff_dt, record_end_dt, acd, ivr) values ('Farsi Transfer','Transfer',to_date('1900/01/01', 'yyyy/mm/dd'),to_date('2999/12/31', 'yyyy/mm/dd'), 1, 0);
insert into cc_c_unit_of_work (unit_of_work_name, unit_of_work_category, record_eff_dt, record_end_dt, acd, ivr) values ('Hmong','Inbound',to_date('1900/01/01', 'yyyy/mm/dd'),to_date('2999/12/31', 'yyyy/mm/dd'), 1, 0);
insert into cc_c_unit_of_work (unit_of_work_name, unit_of_work_category, record_eff_dt, record_end_dt, acd, ivr) values ('Hmong Voicemail','Voicemail',to_date('1900/01/01', 'yyyy/mm/dd'),to_date('2999/12/31', 'yyyy/mm/dd'), 1, 0);
insert into cc_c_unit_of_work (unit_of_work_name, unit_of_work_category, record_eff_dt, record_end_dt, acd, ivr) values ('Hmong Transfer','Transfer',to_date('1900/01/01', 'yyyy/mm/dd'),to_date('2999/12/31', 'yyyy/mm/dd'), 1, 0);
insert into cc_c_unit_of_work (unit_of_work_name, unit_of_work_category, record_eff_dt, record_end_dt, acd, ivr) values ('Korean','Inbound',to_date('1900/01/01', 'yyyy/mm/dd'),to_date('2999/12/31', 'yyyy/mm/dd'), 1, 0);
insert into cc_c_unit_of_work (unit_of_work_name, unit_of_work_category, record_eff_dt, record_end_dt, acd, ivr) values ('Korean Voicemail','Voicemail',to_date('1900/01/01', 'yyyy/mm/dd'),to_date('2999/12/31', 'yyyy/mm/dd'), 1, 0);
insert into cc_c_unit_of_work (unit_of_work_name, unit_of_work_category, record_eff_dt, record_end_dt, acd, ivr) values ('Korean Transfer','Transfer',to_date('1900/01/01', 'yyyy/mm/dd'),to_date('2999/12/31', 'yyyy/mm/dd'), 1, 0);
insert into cc_c_unit_of_work (unit_of_work_name, unit_of_work_category, record_eff_dt, record_end_dt, acd, ivr) values ('Laotian','Inbound',to_date('1900/01/01', 'yyyy/mm/dd'),to_date('2999/12/31', 'yyyy/mm/dd'), 1, 0);
insert into cc_c_unit_of_work (unit_of_work_name, unit_of_work_category, record_eff_dt, record_end_dt, acd, ivr) values ('Laotian Voicemail','Voicemail',to_date('1900/01/01', 'yyyy/mm/dd'),to_date('2999/12/31', 'yyyy/mm/dd'), 1, 0);
insert into cc_c_unit_of_work (unit_of_work_name, unit_of_work_category, record_eff_dt, record_end_dt, acd, ivr) values ('Laotian Transfer','Transfer',to_date('1900/01/01', 'yyyy/mm/dd'),to_date('2999/12/31', 'yyyy/mm/dd'), 1, 0);
insert into cc_c_unit_of_work (unit_of_work_name, unit_of_work_category, record_eff_dt, record_end_dt, acd, ivr) values ('Russian','Inbound',to_date('1900/01/01', 'yyyy/mm/dd'),to_date('2999/12/31', 'yyyy/mm/dd'), 1, 0);
insert into cc_c_unit_of_work (unit_of_work_name, unit_of_work_category, record_eff_dt, record_end_dt, acd, ivr) values ('Russian Voicemail','Voicemail',to_date('1900/01/01', 'yyyy/mm/dd'),to_date('2999/12/31', 'yyyy/mm/dd'), 1, 0);
insert into cc_c_unit_of_work (unit_of_work_name, unit_of_work_category, record_eff_dt, record_end_dt, acd, ivr) values ('Russian Transfer','Transfer',to_date('1900/01/01', 'yyyy/mm/dd'),to_date('2999/12/31', 'yyyy/mm/dd'), 1, 0);
insert into cc_c_unit_of_work (unit_of_work_name, unit_of_work_category, record_eff_dt, record_end_dt, acd, ivr) values ('Vietnamese','Inbound',to_date('1900/01/01', 'yyyy/mm/dd'),to_date('2999/12/31', 'yyyy/mm/dd'), 1, 0);
insert into cc_c_unit_of_work (unit_of_work_name, unit_of_work_category, record_eff_dt, record_end_dt, acd, ivr) values ('Vietnamese Voicemail','Voicemail',to_date('1900/01/01', 'yyyy/mm/dd'),to_date('2999/12/31', 'yyyy/mm/dd'), 1, 0);
insert into cc_c_unit_of_work (unit_of_work_name, unit_of_work_category, record_eff_dt, record_end_dt, acd, ivr) values ('Vietnamese Transfer','Transfer',to_date('1900/01/01', 'yyyy/mm/dd'),to_date('2999/12/31', 'yyyy/mm/dd'), 1, 0);

--cc_d_unit_of_work

insert into cc_d_unit_of_work (unit_of_work_name, unit_of_work_category, production_plan_id, hourly_flag, handle_time_unit, acd, ivr) values ('Armenian','Inbound', 1, 'N', 'Seconds', 1, 0);
insert into cc_d_unit_of_work (unit_of_work_name, unit_of_work_category, production_plan_id, hourly_flag, handle_time_unit, acd, ivr) values ('Armenian Voicemail','Voicemail', 1, 'N', 'Seconds', 1, 0);
insert into cc_d_unit_of_work (unit_of_work_name, unit_of_work_category, production_plan_id, hourly_flag, handle_time_unit, acd, ivr) values ('Armenian Transfer','Transfer', 1, 'N', 'Seconds', 1, 0);
insert into cc_d_unit_of_work (unit_of_work_name, unit_of_work_category, production_plan_id, hourly_flag, handle_time_unit, acd, ivr) values ('Cambodian','Inbound', 1, 'N', 'Seconds', 1, 0);
insert into cc_d_unit_of_work (unit_of_work_name, unit_of_work_category, production_plan_id, hourly_flag, handle_time_unit, acd, ivr) values ('Cambodian Voicemail','Voicemail', 1, 'N', 'Seconds', 1, 0);
insert into cc_d_unit_of_work (unit_of_work_name, unit_of_work_category, production_plan_id, hourly_flag, handle_time_unit, acd, ivr) values ('Cambodian Transfer','Transfer', 1, 'N', 'Seconds', 1, 0);
insert into cc_d_unit_of_work (unit_of_work_name, unit_of_work_category, production_plan_id, hourly_flag, handle_time_unit, acd, ivr) values ('Cantonese','Inbound', 1, 'N', 'Seconds', 1, 0);
insert into cc_d_unit_of_work (unit_of_work_name, unit_of_work_category, production_plan_id, hourly_flag, handle_time_unit, acd, ivr) values ('Cantonese Voicemail','Voicemail', 1, 'N', 'Seconds', 1, 0);
insert into cc_d_unit_of_work (unit_of_work_name, unit_of_work_category, production_plan_id, hourly_flag, handle_time_unit, acd, ivr) values ('Cantonese Transfer','Transfer', 1, 'N', 'Seconds', 1, 0);
insert into cc_d_unit_of_work (unit_of_work_name, unit_of_work_category, production_plan_id, hourly_flag, handle_time_unit, acd, ivr) values ('Farsi','Inbound', 1, 'N', 'Seconds', 1, 0);
insert into cc_d_unit_of_work (unit_of_work_name, unit_of_work_category, production_plan_id, hourly_flag, handle_time_unit, acd, ivr) values ('Farsi Voicemail','Voicemail', 1, 'N', 'Seconds', 1, 0);
insert into cc_d_unit_of_work (unit_of_work_name, unit_of_work_category, production_plan_id, hourly_flag, handle_time_unit, acd, ivr) values ('Farsi Transfer','Transfer', 1, 'N', 'Seconds', 1, 0);
insert into cc_d_unit_of_work (unit_of_work_name, unit_of_work_category, production_plan_id, hourly_flag, handle_time_unit, acd, ivr) values ('Hmong','Inbound', 1, 'N', 'Seconds', 1, 0);
insert into cc_d_unit_of_work (unit_of_work_name, unit_of_work_category, production_plan_id, hourly_flag, handle_time_unit, acd, ivr) values ('Hmong Voicemail','Voicemail', 1, 'N', 'Seconds', 1, 0);
insert into cc_d_unit_of_work (unit_of_work_name, unit_of_work_category, production_plan_id, hourly_flag, handle_time_unit, acd, ivr) values ('Hmong Transfer','Transfer', 1, 'N', 'Seconds', 1, 0);
insert into cc_d_unit_of_work (unit_of_work_name, unit_of_work_category, production_plan_id, hourly_flag, handle_time_unit, acd, ivr) values ('Korean','Inbound', 1, 'N', 'Seconds', 1, 0);
insert into cc_d_unit_of_work (unit_of_work_name, unit_of_work_category, production_plan_id, hourly_flag, handle_time_unit, acd, ivr) values ('Korean Voicemail','Voicemail', 1, 'N', 'Seconds', 1, 0);
insert into cc_d_unit_of_work (unit_of_work_name, unit_of_work_category, production_plan_id, hourly_flag, handle_time_unit, acd, ivr) values ('Korean Transfer','Transfer', 1, 'N', 'Seconds', 1, 0);
insert into cc_d_unit_of_work (unit_of_work_name, unit_of_work_category, production_plan_id, hourly_flag, handle_time_unit, acd, ivr) values ('Laotian','Inbound', 1, 'N', 'Seconds', 1, 0);
insert into cc_d_unit_of_work (unit_of_work_name, unit_of_work_category, production_plan_id, hourly_flag, handle_time_unit, acd, ivr) values ('Laotian Voicemail','Voicemail', 1, 'N', 'Seconds', 1, 0);
insert into cc_d_unit_of_work (unit_of_work_name, unit_of_work_category, production_plan_id, hourly_flag, handle_time_unit, acd, ivr) values ('Laotian Transfer','Transfer', 1, 'N', 'Seconds', 1, 0);
insert into cc_d_unit_of_work (unit_of_work_name, unit_of_work_category, production_plan_id, hourly_flag, handle_time_unit, acd, ivr) values ('Russian','Inbound', 1, 'N', 'Seconds', 1, 0);
insert into cc_d_unit_of_work (unit_of_work_name, unit_of_work_category, production_plan_id, hourly_flag, handle_time_unit, acd, ivr) values ('Russian Voicemail','Voicemail', 1, 'N', 'Seconds', 1, 0);
insert into cc_d_unit_of_work (unit_of_work_name, unit_of_work_category, production_plan_id, hourly_flag, handle_time_unit, acd, ivr) values ('Russian Transfer','Transfer', 1, 'N', 'Seconds', 1, 0);
insert into cc_d_unit_of_work (unit_of_work_name, unit_of_work_category, production_plan_id, hourly_flag, handle_time_unit, acd, ivr) values ('Vietnamese','Inbound', 1, 'N', 'Seconds', 1, 0);
insert into cc_d_unit_of_work (unit_of_work_name, unit_of_work_category, production_plan_id, hourly_flag, handle_time_unit, acd, ivr) values ('Vietnamese Voicemail','Voicemail', 1, 'N', 'Seconds', 1, 0);
insert into cc_d_unit_of_work (unit_of_work_name, unit_of_work_category, production_plan_id, hourly_flag, handle_time_unit, acd, ivr) values ('Vietnamese Transfer','Transfer', 1, 'N', 'Seconds', 1, 0);

commit;
*/

-- contact queues

update cc_c_contact_queue set queue_type = 'Inbound', Unit_of_work_name = 'Armenian', project_name = 'Medi-Cal For Families', program_name = q'[County Children's Health Initiative - CCHIP]', region_name = 'West', state_name = 'California', service_seconds = 20, interval_minutes = 15 where queue_number = '7981';
update cc_c_contact_queue set queue_type = 'Voicemail', Unit_of_work_name = 'Armenian Voicemail', project_name = 'Medi-Cal For Families', program_name = q'[County Children's Health Initiative - CCHIP]', region_name = 'West', state_name = 'California', service_seconds = 20, interval_minutes = 15 where queue_number = '7982';
update cc_c_contact_queue set queue_type = 'Transfer', Unit_of_work_name = 'Armenian Transfer', project_name = 'Medi-Cal For Families', program_name = q'[County Children's Health Initiative - CCHIP]', region_name = 'West', state_name = 'California', service_seconds = 20, interval_minutes = 15 where queue_number = '7983';
update cc_c_contact_queue set queue_type = 'Inbound', Unit_of_work_name = 'Cambodian', project_name = 'Medi-Cal For Families', program_name = q'[County Children's Health Initiative - CCHIP]', region_name = 'West', state_name = 'California', service_seconds = 20, interval_minutes = 15 where queue_number = '7987';
update cc_c_contact_queue set queue_type = 'Voicemail', Unit_of_work_name = 'Cambodian Voicemail', project_name = 'Medi-Cal For Families', program_name = q'[County Children's Health Initiative - CCHIP]', region_name = 'West', state_name = 'California', service_seconds = 20, interval_minutes = 15 where queue_number = '7988';
update cc_c_contact_queue set queue_type = 'Transfer', Unit_of_work_name = 'Cambodian Transfer', project_name = 'Medi-Cal For Families', program_name = q'[County Children's Health Initiative - CCHIP]', region_name = 'West', state_name = 'California', service_seconds = 20, interval_minutes = 15 where queue_number = '7989';
update cc_c_contact_queue set queue_type = 'Inbound', Unit_of_work_name = 'Cantonese', project_name = 'Medi-Cal For Families', program_name = q'[County Children's Health Initiative - CCHIP]', region_name = 'West', state_name = 'California', service_seconds = 20, interval_minutes = 15 where queue_number = '7969';
update cc_c_contact_queue set queue_type = 'Voicemail', Unit_of_work_name = 'Cantonese Voicemail', project_name = 'Medi-Cal For Families', program_name = q'[County Children's Health Initiative - CCHIP]', region_name = 'West', state_name = 'California', service_seconds = 20, interval_minutes = 15 where queue_number = '7970';
update cc_c_contact_queue set queue_type = 'Transfer', Unit_of_work_name = 'Cantonese Transfer', project_name = 'Medi-Cal For Families', program_name = q'[County Children's Health Initiative - CCHIP]', region_name = 'West', state_name = 'California', service_seconds = 20, interval_minutes = 15 where queue_number = '7971';
update cc_c_contact_queue set queue_type = 'Inbound', Unit_of_work_name = 'Farsi', project_name = 'Medi-Cal For Families', program_name = q'[County Children's Health Initiative - CCHIP]', region_name = 'West', state_name = 'California', service_seconds = 20, interval_minutes = 15 where queue_number = '7984';
update cc_c_contact_queue set queue_type = 'Voicemail', Unit_of_work_name = 'Farsi Voicemail', project_name = 'Medi-Cal For Families', program_name = q'[County Children's Health Initiative - CCHIP]', region_name = 'West', state_name = 'California', service_seconds = 20, interval_minutes = 15 where queue_number = '7985';
update cc_c_contact_queue set queue_type = 'Transfer', Unit_of_work_name = 'Farsi Transfer', project_name = 'Medi-Cal For Families', program_name = q'[County Children's Health Initiative - CCHIP]', region_name = 'West', state_name = 'California', service_seconds = 20, interval_minutes = 15 where queue_number = '7986';
update cc_c_contact_queue set queue_type = 'Inbound', Unit_of_work_name = 'Hmong', project_name = 'Medi-Cal For Families', program_name = q'[County Children's Health Initiative - CCHIP]', region_name = 'West', state_name = 'California', service_seconds = 20, interval_minutes = 15 where queue_number = '7993';
update cc_c_contact_queue set queue_type = 'Voicemail', Unit_of_work_name = 'Hmong Voicemail', project_name = 'Medi-Cal For Families', program_name = q'[County Children's Health Initiative - CCHIP]', region_name = 'West', state_name = 'California', service_seconds = 20, interval_minutes = 15 where queue_number = '7994';
update cc_c_contact_queue set queue_type = 'Transfer', Unit_of_work_name = 'Hmong Transfer', project_name = 'Medi-Cal For Families', program_name = q'[County Children's Health Initiative - CCHIP]', region_name = 'West', state_name = 'California', service_seconds = 20, interval_minutes = 15 where queue_number = '7995';
update cc_c_contact_queue set queue_type = 'Inbound', Unit_of_work_name = 'Korean', project_name = 'Medi-Cal For Families', program_name = q'[County Children's Health Initiative - CCHIP]', region_name = 'West', state_name = 'California', service_seconds = 20, interval_minutes = 15 where queue_number = '7975';
update cc_c_contact_queue set queue_type = 'Voicemail', Unit_of_work_name = 'Korean Voicemail', project_name = 'Medi-Cal For Families', program_name = q'[County Children's Health Initiative - CCHIP]', region_name = 'West', state_name = 'California', service_seconds = 20, interval_minutes = 15 where queue_number = '7976';
update cc_c_contact_queue set queue_type = 'Transfer', Unit_of_work_name = 'Korean Transfer', project_name = 'Medi-Cal For Families', program_name = q'[County Children's Health Initiative - CCHIP]', region_name = 'West', state_name = 'California', service_seconds = 20, interval_minutes = 15 where queue_number = '7977';
update cc_c_contact_queue set queue_type = 'Inbound', Unit_of_work_name = 'Laotian', project_name = 'Medi-Cal For Families', program_name = q'[County Children's Health Initiative - CCHIP]', region_name = 'West', state_name = 'California', service_seconds = 20, interval_minutes = 15 where queue_number = '7990';
update cc_c_contact_queue set queue_type = 'Voicemail', Unit_of_work_name = 'Laotian Voicemail', project_name = 'Medi-Cal For Families', program_name = q'[County Children's Health Initiative - CCHIP]', region_name = 'West', state_name = 'California', service_seconds = 20, interval_minutes = 15 where queue_number = '7991';
update cc_c_contact_queue set queue_type = 'Transfer', Unit_of_work_name = 'Laotian Transfer', project_name = 'Medi-Cal For Families', program_name = q'[County Children's Health Initiative - CCHIP]', region_name = 'West', state_name = 'California', service_seconds = 20, interval_minutes = 15 where queue_number = '7992';
update cc_c_contact_queue set queue_type = 'Inbound', Unit_of_work_name = 'Russian', project_name = 'Medi-Cal For Families', program_name = q'[County Children's Health Initiative - CCHIP]', region_name = 'West', state_name = 'California', service_seconds = 20, interval_minutes = 15 where queue_number = '7978';
update cc_c_contact_queue set queue_type = 'Voicemail', Unit_of_work_name = 'Russian Voicemail', project_name = 'Medi-Cal For Families', program_name = q'[County Children's Health Initiative - CCHIP]', region_name = 'West', state_name = 'California', service_seconds = 20, interval_minutes = 15 where queue_number = '7979';
update cc_c_contact_queue set queue_type = 'Transfer', Unit_of_work_name = 'Russian Transfer', project_name = 'Medi-Cal For Families', program_name = q'[County Children's Health Initiative - CCHIP]', region_name = 'West', state_name = 'California', service_seconds = 20, interval_minutes = 15 where queue_number = '7980';
update cc_c_contact_queue set queue_type = 'Inbound', Unit_of_work_name = 'Vietnamese', project_name = 'Medi-Cal For Families', program_name = q'[County Children's Health Initiative - CCHIP]', region_name = 'West', state_name = 'California', service_seconds = 20, interval_minutes = 15 where queue_number = '7972';
update cc_c_contact_queue set queue_type = 'Voicemail', Unit_of_work_name = 'Vietnamese Voicemail', project_name = 'Medi-Cal For Families', program_name = q'[County Children's Health Initiative - CCHIP]', region_name = 'West', state_name = 'California', service_seconds = 20, interval_minutes = 15 where queue_number = '7973';
update cc_c_contact_queue set queue_type = 'Transfer', Unit_of_work_name = 'Vietnamese Transfer', project_name = 'Medi-Cal For Families', program_name = q'[County Children's Health Initiative - CCHIP]', region_name = 'West', state_name = 'California', service_seconds = 20, interval_minutes = 15 where queue_number = '7974';


update cc_s_contact_queue set project_config_id = (select project_config_id from cc_c_project_config where project_name = 'Medi-Cal For Families' and program_name = q'[County Children's Health Initiative - CCHIP]'), queue_type = 'Inbound', unit_of_work_id = (select unit_of_work_id from cc_c_unit_of_work where unit_of_work_name = 'Armenian'), service_seconds = 20, interval_minutes = 15 where queue_number = '7981';
update cc_s_contact_queue set project_config_id = (select project_config_id from cc_c_project_config where project_name = 'Medi-Cal For Families' and program_name = q'[County Children's Health Initiative - CCHIP]'), queue_type = 'Voicemail', unit_of_work_id = (select unit_of_work_id from cc_c_unit_of_work where unit_of_work_name = 'Armenian Voicemail'), service_seconds = 20, interval_minutes = 15 where queue_number = '7982';
update cc_s_contact_queue set project_config_id = (select project_config_id from cc_c_project_config where project_name = 'Medi-Cal For Families' and program_name = q'[County Children's Health Initiative - CCHIP]'), queue_type = 'Transfer', unit_of_work_id = (select unit_of_work_id from cc_c_unit_of_work where unit_of_work_name = 'Armenian Transfer'), service_seconds = 20, interval_minutes = 15 where queue_number = '7983';
update cc_s_contact_queue set project_config_id = (select project_config_id from cc_c_project_config where project_name = 'Medi-Cal For Families' and program_name = q'[County Children's Health Initiative - CCHIP]'), queue_type = 'Inbound', unit_of_work_id = (select unit_of_work_id from cc_c_unit_of_work where unit_of_work_name = 'Cambodian'), service_seconds = 20, interval_minutes = 15 where queue_number = '7987';
update cc_s_contact_queue set project_config_id = (select project_config_id from cc_c_project_config where project_name = 'Medi-Cal For Families' and program_name = q'[County Children's Health Initiative - CCHIP]'), queue_type = 'Voicemail', unit_of_work_id = (select unit_of_work_id from cc_c_unit_of_work where unit_of_work_name = 'Cambodian Voicemail'), service_seconds = 20, interval_minutes = 15 where queue_number = '7988';
update cc_s_contact_queue set project_config_id = (select project_config_id from cc_c_project_config where project_name = 'Medi-Cal For Families' and program_name = q'[County Children's Health Initiative - CCHIP]'), queue_type = 'Transfer', unit_of_work_id = (select unit_of_work_id from cc_c_unit_of_work where unit_of_work_name = 'Cambodian Transfer'), service_seconds = 20, interval_minutes = 15 where queue_number = '7989';
update cc_s_contact_queue set project_config_id = (select project_config_id from cc_c_project_config where project_name = 'Medi-Cal For Families' and program_name = q'[County Children's Health Initiative - CCHIP]'), queue_type = 'Inbound', unit_of_work_id = (select unit_of_work_id from cc_c_unit_of_work where unit_of_work_name = 'Cantonese'), service_seconds = 20, interval_minutes = 15 where queue_number = '7969';
update cc_s_contact_queue set project_config_id = (select project_config_id from cc_c_project_config where project_name = 'Medi-Cal For Families' and program_name = q'[County Children's Health Initiative - CCHIP]'), queue_type = 'Voicemail', unit_of_work_id = (select unit_of_work_id from cc_c_unit_of_work where unit_of_work_name = 'Cantonese Voicemail'), service_seconds = 20, interval_minutes = 15 where queue_number = '7970';
update cc_s_contact_queue set project_config_id = (select project_config_id from cc_c_project_config where project_name = 'Medi-Cal For Families' and program_name = q'[County Children's Health Initiative - CCHIP]'), queue_type = 'Transfer', unit_of_work_id = (select unit_of_work_id from cc_c_unit_of_work where unit_of_work_name = 'Cantonese Transfer'), service_seconds = 20, interval_minutes = 15 where queue_number = '7971';
update cc_s_contact_queue set project_config_id = (select project_config_id from cc_c_project_config where project_name = 'Medi-Cal For Families' and program_name = q'[County Children's Health Initiative - CCHIP]'), queue_type = 'Inbound', unit_of_work_id = (select unit_of_work_id from cc_c_unit_of_work where unit_of_work_name = 'Farsi'), service_seconds = 20, interval_minutes = 15 where queue_number = '7984';
update cc_s_contact_queue set project_config_id = (select project_config_id from cc_c_project_config where project_name = 'Medi-Cal For Families' and program_name = q'[County Children's Health Initiative - CCHIP]'), queue_type = 'Voicemail', unit_of_work_id = (select unit_of_work_id from cc_c_unit_of_work where unit_of_work_name = 'Farsi Voicemail'), service_seconds = 20, interval_minutes = 15 where queue_number = '7985';
update cc_s_contact_queue set project_config_id = (select project_config_id from cc_c_project_config where project_name = 'Medi-Cal For Families' and program_name = q'[County Children's Health Initiative - CCHIP]'), queue_type = 'Transfer', unit_of_work_id = (select unit_of_work_id from cc_c_unit_of_work where unit_of_work_name = 'Farsi Transfer'), service_seconds = 20, interval_minutes = 15 where queue_number = '7986';
update cc_s_contact_queue set project_config_id = (select project_config_id from cc_c_project_config where project_name = 'Medi-Cal For Families' and program_name = q'[County Children's Health Initiative - CCHIP]'), queue_type = 'Inbound', unit_of_work_id = (select unit_of_work_id from cc_c_unit_of_work where unit_of_work_name = 'Hmong'), service_seconds = 20, interval_minutes = 15 where queue_number = '7993';
update cc_s_contact_queue set project_config_id = (select project_config_id from cc_c_project_config where project_name = 'Medi-Cal For Families' and program_name = q'[County Children's Health Initiative - CCHIP]'), queue_type = 'Voicemail', unit_of_work_id = (select unit_of_work_id from cc_c_unit_of_work where unit_of_work_name = 'Hmong Voicemail'), service_seconds = 20, interval_minutes = 15 where queue_number = '7994';
update cc_s_contact_queue set project_config_id = (select project_config_id from cc_c_project_config where project_name = 'Medi-Cal For Families' and program_name = q'[County Children's Health Initiative - CCHIP]'), queue_type = 'Transfer', unit_of_work_id = (select unit_of_work_id from cc_c_unit_of_work where unit_of_work_name = 'Hmong Transfer'), service_seconds = 20, interval_minutes = 15 where queue_number = '7995';
update cc_s_contact_queue set project_config_id = (select project_config_id from cc_c_project_config where project_name = 'Medi-Cal For Families' and program_name = q'[County Children's Health Initiative - CCHIP]'), queue_type = 'Inbound', unit_of_work_id = (select unit_of_work_id from cc_c_unit_of_work where unit_of_work_name = 'Korean'), service_seconds = 20, interval_minutes = 15 where queue_number = '7975';
update cc_s_contact_queue set project_config_id = (select project_config_id from cc_c_project_config where project_name = 'Medi-Cal For Families' and program_name = q'[County Children's Health Initiative - CCHIP]'), queue_type = 'Voicemail', unit_of_work_id = (select unit_of_work_id from cc_c_unit_of_work where unit_of_work_name = 'Korean Voicemail'), service_seconds = 20, interval_minutes = 15 where queue_number = '7976';
update cc_s_contact_queue set project_config_id = (select project_config_id from cc_c_project_config where project_name = 'Medi-Cal For Families' and program_name = q'[County Children's Health Initiative - CCHIP]'), queue_type = 'Transfer', unit_of_work_id = (select unit_of_work_id from cc_c_unit_of_work where unit_of_work_name = 'Korean Transfer'), service_seconds = 20, interval_minutes = 15 where queue_number = '7977';
update cc_s_contact_queue set project_config_id = (select project_config_id from cc_c_project_config where project_name = 'Medi-Cal For Families' and program_name = q'[County Children's Health Initiative - CCHIP]'), queue_type = 'Inbound', unit_of_work_id = (select unit_of_work_id from cc_c_unit_of_work where unit_of_work_name = 'Laotian'), service_seconds = 20, interval_minutes = 15 where queue_number = '7990';
update cc_s_contact_queue set project_config_id = (select project_config_id from cc_c_project_config where project_name = 'Medi-Cal For Families' and program_name = q'[County Children's Health Initiative - CCHIP]'), queue_type = 'Voicemail', unit_of_work_id = (select unit_of_work_id from cc_c_unit_of_work where unit_of_work_name = 'Laotian Voicemail'), service_seconds = 20, interval_minutes = 15 where queue_number = '7991';
update cc_s_contact_queue set project_config_id = (select project_config_id from cc_c_project_config where project_name = 'Medi-Cal For Families' and program_name = q'[County Children's Health Initiative - CCHIP]'), queue_type = 'Transfer', unit_of_work_id = (select unit_of_work_id from cc_c_unit_of_work where unit_of_work_name = 'Laotian Transfer'), service_seconds = 20, interval_minutes = 15 where queue_number = '7992';
update cc_s_contact_queue set project_config_id = (select project_config_id from cc_c_project_config where project_name = 'Medi-Cal For Families' and program_name = q'[County Children's Health Initiative - CCHIP]'), queue_type = 'Inbound', unit_of_work_id = (select unit_of_work_id from cc_c_unit_of_work where unit_of_work_name = 'Russian'), service_seconds = 20, interval_minutes = 15 where queue_number = '7978';
update cc_s_contact_queue set project_config_id = (select project_config_id from cc_c_project_config where project_name = 'Medi-Cal For Families' and program_name = q'[County Children's Health Initiative - CCHIP]'), queue_type = 'Voicemail', unit_of_work_id = (select unit_of_work_id from cc_c_unit_of_work where unit_of_work_name = 'Russian Voicemail'), service_seconds = 20, interval_minutes = 15 where queue_number = '7979';
update cc_s_contact_queue set project_config_id = (select project_config_id from cc_c_project_config where project_name = 'Medi-Cal For Families' and program_name = q'[County Children's Health Initiative - CCHIP]'), queue_type = 'Transfer', unit_of_work_id = (select unit_of_work_id from cc_c_unit_of_work where unit_of_work_name = 'Russian Transfer'), service_seconds = 20, interval_minutes = 15 where queue_number = '7980';
update cc_s_contact_queue set project_config_id = (select project_config_id from cc_c_project_config where project_name = 'Medi-Cal For Families' and program_name = q'[County Children's Health Initiative - CCHIP]'), queue_type = 'Inbound', unit_of_work_id = (select unit_of_work_id from cc_c_unit_of_work where unit_of_work_name = 'Vietnamese'), service_seconds = 20, interval_minutes = 15 where queue_number = '7972';
update cc_s_contact_queue set project_config_id = (select project_config_id from cc_c_project_config where project_name = 'Medi-Cal For Families' and program_name = q'[County Children's Health Initiative - CCHIP]'), queue_type = 'Voicemail', unit_of_work_id = (select unit_of_work_id from cc_c_unit_of_work where unit_of_work_name = 'Vietnamese Voicemail'), service_seconds = 20, interval_minutes = 15 where queue_number = '7973';
update cc_s_contact_queue set project_config_id = (select project_config_id from cc_c_project_config where project_name = 'Medi-Cal For Families' and program_name = q'[County Children's Health Initiative - CCHIP]'), queue_type = 'Transfer', unit_of_work_id = (select unit_of_work_id from cc_c_unit_of_work where unit_of_work_name = 'Vietnamese Transfer'), service_seconds = 20, interval_minutes = 15 where queue_number = '7974';

update cc_d_contact_queue set queue_type = 'Inbound', d_project_id = (select project_id from cc_d_project where project_name = 'Medi-Cal For Families'), d_program_id = (select program_id from cc_d_program where program_name = q'[County Children's Health Initiative - CCHIP]'), d_unit_of_work_id = (select uow_id from cc_d_unit_of_work where unit_of_work_name = 'Armenian'), d_geography_master_id = (select geography_master_id from cc_d_geography_master where geography_name = 'California'),service_seconds= 24, interval_minutes = 15 where queue_number = '7981';
update cc_d_contact_queue set queue_type = 'Voicemail', d_project_id = (select project_id from cc_d_project where project_name = 'Medi-Cal For Families'), d_program_id = (select program_id from cc_d_program where program_name = q'[County Children's Health Initiative - CCHIP]'), d_unit_of_work_id = (select uow_id from cc_d_unit_of_work where unit_of_work_name = 'Armenian Voicemail'), d_geography_master_id = (select geography_master_id from cc_d_geography_master where geography_name = 'California'),service_seconds= 24, interval_minutes = 15 where queue_number = '7982';
update cc_d_contact_queue set queue_type = 'Transfer', d_project_id = (select project_id from cc_d_project where project_name = 'Medi-Cal For Families'), d_program_id = (select program_id from cc_d_program where program_name = q'[County Children's Health Initiative - CCHIP]'), d_unit_of_work_id = (select uow_id from cc_d_unit_of_work where unit_of_work_name = 'Armenian Transfer'), d_geography_master_id = (select geography_master_id from cc_d_geography_master where geography_name = 'California'),service_seconds= 24, interval_minutes = 15 where queue_number = '7983';
update cc_d_contact_queue set queue_type = 'Inbound', d_project_id = (select project_id from cc_d_project where project_name = 'Medi-Cal For Families'), d_program_id = (select program_id from cc_d_program where program_name = q'[County Children's Health Initiative - CCHIP]'), d_unit_of_work_id = (select uow_id from cc_d_unit_of_work where unit_of_work_name = 'Cambodian'), d_geography_master_id = (select geography_master_id from cc_d_geography_master where geography_name = 'California'),service_seconds= 24, interval_minutes = 15 where queue_number = '7987';
update cc_d_contact_queue set queue_type = 'Voicemail', d_project_id = (select project_id from cc_d_project where project_name = 'Medi-Cal For Families'), d_program_id = (select program_id from cc_d_program where program_name = q'[County Children's Health Initiative - CCHIP]'), d_unit_of_work_id = (select uow_id from cc_d_unit_of_work where unit_of_work_name = 'Cambodian Voicemail'), d_geography_master_id = (select geography_master_id from cc_d_geography_master where geography_name = 'California'),service_seconds= 24, interval_minutes = 15 where queue_number = '7988';
update cc_d_contact_queue set queue_type = 'Transfer', d_project_id = (select project_id from cc_d_project where project_name = 'Medi-Cal For Families'), d_program_id = (select program_id from cc_d_program where program_name = q'[County Children's Health Initiative - CCHIP]'), d_unit_of_work_id = (select uow_id from cc_d_unit_of_work where unit_of_work_name = 'Cambodian Transfer'), d_geography_master_id = (select geography_master_id from cc_d_geography_master where geography_name = 'California'),service_seconds= 24, interval_minutes = 15 where queue_number = '7989';
update cc_d_contact_queue set queue_type = 'Inbound', d_project_id = (select project_id from cc_d_project where project_name = 'Medi-Cal For Families'), d_program_id = (select program_id from cc_d_program where program_name = q'[County Children's Health Initiative - CCHIP]'), d_unit_of_work_id = (select uow_id from cc_d_unit_of_work where unit_of_work_name = 'Cantonese'), d_geography_master_id = (select geography_master_id from cc_d_geography_master where geography_name = 'California'),service_seconds= 24, interval_minutes = 15 where queue_number = '7969';
update cc_d_contact_queue set queue_type = 'Voicemail', d_project_id = (select project_id from cc_d_project where project_name = 'Medi-Cal For Families'), d_program_id = (select program_id from cc_d_program where program_name = q'[County Children's Health Initiative - CCHIP]'), d_unit_of_work_id = (select uow_id from cc_d_unit_of_work where unit_of_work_name = 'Cantonese Voicemail'), d_geography_master_id = (select geography_master_id from cc_d_geography_master where geography_name = 'California'),service_seconds= 24, interval_minutes = 15 where queue_number = '7970';
update cc_d_contact_queue set queue_type = 'Transfer', d_project_id = (select project_id from cc_d_project where project_name = 'Medi-Cal For Families'), d_program_id = (select program_id from cc_d_program where program_name = q'[County Children's Health Initiative - CCHIP]'), d_unit_of_work_id = (select uow_id from cc_d_unit_of_work where unit_of_work_name = 'Cantonese Transfer'), d_geography_master_id = (select geography_master_id from cc_d_geography_master where geography_name = 'California'),service_seconds= 24, interval_minutes = 15 where queue_number = '7971';
update cc_d_contact_queue set queue_type = 'Inbound', d_project_id = (select project_id from cc_d_project where project_name = 'Medi-Cal For Families'), d_program_id = (select program_id from cc_d_program where program_name = q'[County Children's Health Initiative - CCHIP]'), d_unit_of_work_id = (select uow_id from cc_d_unit_of_work where unit_of_work_name = 'Farsi'), d_geography_master_id = (select geography_master_id from cc_d_geography_master where geography_name = 'California'),service_seconds= 24, interval_minutes = 15 where queue_number = '7984';
update cc_d_contact_queue set queue_type = 'Voicemail', d_project_id = (select project_id from cc_d_project where project_name = 'Medi-Cal For Families'), d_program_id = (select program_id from cc_d_program where program_name = q'[County Children's Health Initiative - CCHIP]'), d_unit_of_work_id = (select uow_id from cc_d_unit_of_work where unit_of_work_name = 'Farsi Voicemail'), d_geography_master_id = (select geography_master_id from cc_d_geography_master where geography_name = 'California'),service_seconds= 24, interval_minutes = 15 where queue_number = '7985';
update cc_d_contact_queue set queue_type = 'Transfer', d_project_id = (select project_id from cc_d_project where project_name = 'Medi-Cal For Families'), d_program_id = (select program_id from cc_d_program where program_name = q'[County Children's Health Initiative - CCHIP]'), d_unit_of_work_id = (select uow_id from cc_d_unit_of_work where unit_of_work_name = 'Farsi Transfer'), d_geography_master_id = (select geography_master_id from cc_d_geography_master where geography_name = 'California'),service_seconds= 24, interval_minutes = 15 where queue_number = '7986';
update cc_d_contact_queue set queue_type = 'Inbound', d_project_id = (select project_id from cc_d_project where project_name = 'Medi-Cal For Families'), d_program_id = (select program_id from cc_d_program where program_name = q'[County Children's Health Initiative - CCHIP]'), d_unit_of_work_id = (select uow_id from cc_d_unit_of_work where unit_of_work_name = 'Hmong'), d_geography_master_id = (select geography_master_id from cc_d_geography_master where geography_name = 'California'),service_seconds= 24, interval_minutes = 15 where queue_number = '7993';
update cc_d_contact_queue set queue_type = 'Voicemail', d_project_id = (select project_id from cc_d_project where project_name = 'Medi-Cal For Families'), d_program_id = (select program_id from cc_d_program where program_name = q'[County Children's Health Initiative - CCHIP]'), d_unit_of_work_id = (select uow_id from cc_d_unit_of_work where unit_of_work_name = 'Hmong Voicemail'), d_geography_master_id = (select geography_master_id from cc_d_geography_master where geography_name = 'California'),service_seconds= 24, interval_minutes = 15 where queue_number = '7994';
update cc_d_contact_queue set queue_type = 'Transfer', d_project_id = (select project_id from cc_d_project where project_name = 'Medi-Cal For Families'), d_program_id = (select program_id from cc_d_program where program_name = q'[County Children's Health Initiative - CCHIP]'), d_unit_of_work_id = (select uow_id from cc_d_unit_of_work where unit_of_work_name = 'Hmong Transfer'), d_geography_master_id = (select geography_master_id from cc_d_geography_master where geography_name = 'California'),service_seconds= 24, interval_minutes = 15 where queue_number = '7995';
update cc_d_contact_queue set queue_type = 'Inbound', d_project_id = (select project_id from cc_d_project where project_name = 'Medi-Cal For Families'), d_program_id = (select program_id from cc_d_program where program_name = q'[County Children's Health Initiative - CCHIP]'), d_unit_of_work_id = (select uow_id from cc_d_unit_of_work where unit_of_work_name = 'Korean'), d_geography_master_id = (select geography_master_id from cc_d_geography_master where geography_name = 'California'),service_seconds= 24, interval_minutes = 15 where queue_number = '7975';
update cc_d_contact_queue set queue_type = 'Voicemail', d_project_id = (select project_id from cc_d_project where project_name = 'Medi-Cal For Families'), d_program_id = (select program_id from cc_d_program where program_name = q'[County Children's Health Initiative - CCHIP]'), d_unit_of_work_id = (select uow_id from cc_d_unit_of_work where unit_of_work_name = 'Korean Voicemail'), d_geography_master_id = (select geography_master_id from cc_d_geography_master where geography_name = 'California'),service_seconds= 24, interval_minutes = 15 where queue_number = '7976';
update cc_d_contact_queue set queue_type = 'Transfer', d_project_id = (select project_id from cc_d_project where project_name = 'Medi-Cal For Families'), d_program_id = (select program_id from cc_d_program where program_name = q'[County Children's Health Initiative - CCHIP]'), d_unit_of_work_id = (select uow_id from cc_d_unit_of_work where unit_of_work_name = 'Korean Transfer'), d_geography_master_id = (select geography_master_id from cc_d_geography_master where geography_name = 'California'),service_seconds= 24, interval_minutes = 15 where queue_number = '7977';
update cc_d_contact_queue set queue_type = 'Inbound', d_project_id = (select project_id from cc_d_project where project_name = 'Medi-Cal For Families'), d_program_id = (select program_id from cc_d_program where program_name = q'[County Children's Health Initiative - CCHIP]'), d_unit_of_work_id = (select uow_id from cc_d_unit_of_work where unit_of_work_name = 'Laotian'), d_geography_master_id = (select geography_master_id from cc_d_geography_master where geography_name = 'California'),service_seconds= 24, interval_minutes = 15 where queue_number = '7990';
update cc_d_contact_queue set queue_type = 'Voicemail', d_project_id = (select project_id from cc_d_project where project_name = 'Medi-Cal For Families'), d_program_id = (select program_id from cc_d_program where program_name = q'[County Children's Health Initiative - CCHIP]'), d_unit_of_work_id = (select uow_id from cc_d_unit_of_work where unit_of_work_name = 'Laotian Voicemail'), d_geography_master_id = (select geography_master_id from cc_d_geography_master where geography_name = 'California'),service_seconds= 24, interval_minutes = 15 where queue_number = '7991';
update cc_d_contact_queue set queue_type = 'Transfer', d_project_id = (select project_id from cc_d_project where project_name = 'Medi-Cal For Families'), d_program_id = (select program_id from cc_d_program where program_name = q'[County Children's Health Initiative - CCHIP]'), d_unit_of_work_id = (select uow_id from cc_d_unit_of_work where unit_of_work_name = 'Laotian Transfer'), d_geography_master_id = (select geography_master_id from cc_d_geography_master where geography_name = 'California'),service_seconds= 24, interval_minutes = 15 where queue_number = '7992';
update cc_d_contact_queue set queue_type = 'Inbound', d_project_id = (select project_id from cc_d_project where project_name = 'Medi-Cal For Families'), d_program_id = (select program_id from cc_d_program where program_name = q'[County Children's Health Initiative - CCHIP]'), d_unit_of_work_id = (select uow_id from cc_d_unit_of_work where unit_of_work_name = 'Russian'), d_geography_master_id = (select geography_master_id from cc_d_geography_master where geography_name = 'California'),service_seconds= 24, interval_minutes = 15 where queue_number = '7978';
update cc_d_contact_queue set queue_type = 'Voicemail', d_project_id = (select project_id from cc_d_project where project_name = 'Medi-Cal For Families'), d_program_id = (select program_id from cc_d_program where program_name = q'[County Children's Health Initiative - CCHIP]'), d_unit_of_work_id = (select uow_id from cc_d_unit_of_work where unit_of_work_name = 'Russian Voicemail'), d_geography_master_id = (select geography_master_id from cc_d_geography_master where geography_name = 'California'),service_seconds= 24, interval_minutes = 15 where queue_number = '7979';
update cc_d_contact_queue set queue_type = 'Transfer', d_project_id = (select project_id from cc_d_project where project_name = 'Medi-Cal For Families'), d_program_id = (select program_id from cc_d_program where program_name = q'[County Children's Health Initiative - CCHIP]'), d_unit_of_work_id = (select uow_id from cc_d_unit_of_work where unit_of_work_name = 'Russian Transfer'), d_geography_master_id = (select geography_master_id from cc_d_geography_master where geography_name = 'California'),service_seconds= 24, interval_minutes = 15 where queue_number = '7980';
update cc_d_contact_queue set queue_type = 'Inbound', d_project_id = (select project_id from cc_d_project where project_name = 'Medi-Cal For Families'), d_program_id = (select program_id from cc_d_program where program_name = q'[County Children's Health Initiative - CCHIP]'), d_unit_of_work_id = (select uow_id from cc_d_unit_of_work where unit_of_work_name = 'Vietnamese'), d_geography_master_id = (select geography_master_id from cc_d_geography_master where geography_name = 'California'),service_seconds= 24, interval_minutes = 15 where queue_number = '7972';
update cc_d_contact_queue set queue_type = 'Voicemail', d_project_id = (select project_id from cc_d_project where project_name = 'Medi-Cal For Families'), d_program_id = (select program_id from cc_d_program where program_name = q'[County Children's Health Initiative - CCHIP]'), d_unit_of_work_id = (select uow_id from cc_d_unit_of_work where unit_of_work_name = 'Vietnamese Voicemail'), d_geography_master_id = (select geography_master_id from cc_d_geography_master where geography_name = 'California'),service_seconds= 24, interval_minutes = 15 where queue_number = '7973';
update cc_d_contact_queue set queue_type = 'Transfer', d_project_id = (select project_id from cc_d_project where project_name = 'Medi-Cal For Families'), d_program_id = (select program_id from cc_d_program where program_name = q'[County Children's Health Initiative - CCHIP]'), d_unit_of_work_id = (select uow_id from cc_d_unit_of_work where unit_of_work_name = 'Vietnamese Transfer'), d_geography_master_id = (select geography_master_id from cc_d_geography_master where geography_name = 'California'),service_seconds= 24, interval_minutes = 15 where queue_number = '7974';


commit;


-- Agent Routing groups

update cc_c_agent_rtg_grp 
set project_name = 'Medi-Cal For Families', 
program_name = q'[County Children's Health Initiative - CCHIP]', 
region_name = 'West', 
state_name = 'California' 
where agent_routing_group_number in 
(5478,
5481,
5473,
5480,
5483,
5475,
5482,
5476,
5474
);


insert into cc_c_filter (filter_type, value) values ('ACD_PQ_ID_INC', 5478);
insert into cc_c_filter (filter_type, value) values ('ACD_PQ_ID_INC', 5481);
insert into cc_c_filter (filter_type, value) values ('ACD_PQ_ID_INC', 5473);
insert into cc_c_filter (filter_type, value) values ('ACD_PQ_ID_INC', 5480);
insert into cc_c_filter (filter_type, value) values ('ACD_PQ_ID_INC', 5483);
insert into cc_c_filter (filter_type, value) values ('ACD_PQ_ID_INC', 5475);
insert into cc_c_filter (filter_type, value) values ('ACD_PQ_ID_INC', 5482);
insert into cc_c_filter (filter_type, value) values ('ACD_PQ_ID_INC', 5476);
insert into cc_c_filter (filter_type, value) values ('ACD_PQ_ID_INC', 5474);

commit;


					