<?xml version = '1.0' encoding = 'UTF-8'?>
<RoleSqlServerv2k5 class="oracle.dbtools.crest.model.design.storage.sqlserver.v2k5.RoleSqlServerv2k5" directorySegmentName="seg_0" id="E2F033E4-F5AA-AF06-191E-1EAB2E74135C_PUBLIC" name="PUBLIC">
<createdBy>50472</createdBy>
<createdTime>2014-11-18 19:25:22 UTC</createdTime>
<ownerDesignName>Process_Incidents_data_model_diagram</ownerDesignName>
<nullInstance>true</nullInstance>
<storableNullInstance>true</storableNullInstance>
<database>E2F033E4-F5AA-AF06-191E-1EAB2E74135C</database>
</RoleSqlServerv2k5>