<?xml version = '1.0' encoding = 'UTF-8'?>
<Table class="oracle.dbtools.crest.model.design.relational.Table" directorySegmentName="seg_1" id="035BBD0B-E7B5-3FED-FE8E-FB0C7AD715E1" name="ReturnToWorkPlanSignposting">
<sourceConnName>HWSInternal</sourceConnName>
<sourceObjSchema>Assessment</sourceObjSchema>
<sourceObjName>ReturnToWorkPlanSignposting</sourceObjName>
<createdBy>david.moore</createdBy>
<createdTime>2015-01-12 09:17:58 UTC</createdTime>
<ownerDesignName>HWSInternal_12_01_2015</ownerDesignName>
<schemaObject>B90B0C67-4171-102C-BB60-3A0BF7A3B726</schemaObject>
<allowColumnReorder>false</allowColumnReorder>
<existDependencyGenerateInDDl>true</existDependencyGenerateInDDl>
<columns itemClass="oracle.dbtools.crest.model.design.relational.Column">
<Column name="Id" id="9769FD6F-C023-10BC-9B35-2D63EA6B83B0">
<sourceConnName>HWSInternal</sourceConnName>
<sourceObjSchema>ReturnToWorkPlanSignposting</sourceObjSchema>
<sourceObjName>Id</sourceObjName>
<createdBy>david.moore</createdBy>
<createdTime>2015-01-12 09:17:58 UTC</createdTime>
<ownerDesignName>HWSInternal_12_01_2015</ownerDesignName>
<useDomainConstraints>false</useDomainConstraints>
<use>1</use>
<logicalDatatype>LOGDT011</logicalDatatype>
<dataTypePrecision>10</dataTypePrecision>
<dataTypeScale>0</dataTypeScale>
<dataTypeSize>4</dataTypeSize>
<autoIncrementCycle>false</autoIncrementCycle>
</Column>
<Column name="ReturnToWorkPlanId" id="36F05279-86A3-12D1-EA6E-717C7F9193DB">
<sourceConnName>HWSInternal</sourceConnName>
<sourceObjSchema>ReturnToWorkPlanSignposting</sourceObjSchema>
<sourceObjName>ReturnToWorkPlanId</sourceObjName>
<createdBy>david.moore</createdBy>
<createdTime>2015-01-12 09:17:58 UTC</createdTime>
<ownerDesignName>HWSInternal_12_01_2015</ownerDesignName>
<useDomainConstraints>false</useDomainConstraints>
<use>1</use>
<logicalDatatype>LOGDT011</logicalDatatype>
<dataTypePrecision>10</dataTypePrecision>
<dataTypeScale>0</dataTypeScale>
<dataTypeSize>4</dataTypeSize>
<delegate>C3B6AD54-87FD-B7EC-9B49-F21CB8454B9D</delegate>
<autoIncrementCycle>false</autoIncrementCycle>
<associations>
<colAssociation fkAssociation="90A9B736-2F49-0DD5-681F-8C70715E371D" referredColumn="C3B6AD54-87FD-B7EC-9B49-F21CB8454B9D"/>
</associations>
</Column>
<Column name="SignpostingId" id="F133DF58-A088-F51F-0F2D-FF014C88580B">
<sourceConnName>HWSInternal</sourceConnName>
<sourceObjSchema>ReturnToWorkPlanSignposting</sourceObjSchema>
<sourceObjName>SignpostingId</sourceObjName>
<createdBy>david.moore</createdBy>
<createdTime>2015-01-12 09:17:58 UTC</createdTime>
<ownerDesignName>HWSInternal_12_01_2015</ownerDesignName>
<useDomainConstraints>false</useDomainConstraints>
<use>1</use>
<logicalDatatype>LOGDT011</logicalDatatype>
<dataTypePrecision>10</dataTypePrecision>
<dataTypeScale>0</dataTypeScale>
<dataTypeSize>4</dataTypeSize>
<delegate>449614BE-5EA3-C78D-5635-38F0A20D84C3</delegate>
<autoIncrementCycle>false</autoIncrementCycle>
<associations>
<colAssociation fkAssociation="B71E6527-C2B6-B9FD-6EF9-F5FD682994E1" referredColumn="449614BE-5EA3-C78D-5635-38F0A20D84C3"/>
</associations>
</Column>
</columns>
<indexes itemClass="oracle.dbtools.crest.model.design.relational.Index">
<ind_PK_UK id="7D68C1A1-0FCD-E8F0-F593-67FAC04A2318" name="PK_ReturnToWorkPlanSignposting">
<sourceConnName>HWSInternal</sourceConnName>
<sourceObjSchema>Assessment</sourceObjSchema>
<sourceObjName>PK_ReturnToWorkPlanSignposting</sourceObjName>
<createdBy>david.moore</createdBy>
<createdTime>2015-01-12 09:17:58 UTC</createdTime>
<ownerDesignName>HWSInternal_12_01_2015</ownerDesignName>
<pk>true</pk>
<indexState>Primary Constraint</indexState>
<isSurrogateKey>false</isSurrogateKey>
<indexColumnUsage>
<colUsage columnID="9769FD6F-C023-10BC-9B35-2D63EA6B83B0"/>
</indexColumnUsage>
</ind_PK_UK>
<ind_PK_UK id="1E8F19C2-1701-1FC7-4403-87C1F93AD4C7" name="FK_ReturnToWorkPlanSignposting_LookupItem">
<createdBy>david.moore</createdBy>
<createdTime>2015-01-12 09:18:00 UTC</createdTime>
<ownerDesignName>HWSInternal_12_01_2015</ownerDesignName>
<indexState>Foreign Key</indexState>
<isSurrogateKey>false</isSurrogateKey>
<indexColumnUsage>
<colUsage columnID="F133DF58-A088-F51F-0F2D-FF014C88580B"/>
</indexColumnUsage>
</ind_PK_UK>
<ind_PK_UK id="2B26C341-C2F2-B001-F4AA-28C6F64AA3AD" name="FK_ReturnToWorkPlanSignposting_ReturnToWorkPlan">
<createdBy>david.moore</createdBy>
<createdTime>2015-01-12 09:18:00 UTC</createdTime>
<ownerDesignName>HWSInternal_12_01_2015</ownerDesignName>
<indexState>Foreign Key</indexState>
<isSurrogateKey>false</isSurrogateKey>
<indexColumnUsage>
<colUsage columnID="36F05279-86A3-12D1-EA6E-717C7F9193DB"/>
</indexColumnUsage>
</ind_PK_UK>
</indexes>
</Table>