<?xml version = '1.0' encoding = 'UTF-8'?>
<Table class="oracle.dbtools.crest.model.design.relational.Table" directorySegmentName="seg_1" id="179092F2-D789-0531-5643-FEB7F7123AF3" name="SectionQuestion">
<sourceConnName>HWSInternal</sourceConnName>
<sourceObjSchema>Assessment</sourceObjSchema>
<sourceObjName>SectionQuestion</sourceObjName>
<createdBy>david.moore</createdBy>
<createdTime>2015-01-12 09:17:58 UTC</createdTime>
<ownerDesignName>HWSInternal_12_01_2015</ownerDesignName>
<schemaObject>B90B0C67-4171-102C-BB60-3A0BF7A3B726</schemaObject>
<allowColumnReorder>false</allowColumnReorder>
<existDependencyGenerateInDDl>true</existDependencyGenerateInDDl>
<columns itemClass="oracle.dbtools.crest.model.design.relational.Column">
<Column name="Id" id="5D6B3708-BA57-5CE5-33FA-A04D0F042458">
<sourceConnName>HWSInternal</sourceConnName>
<sourceObjSchema>SectionQuestion</sourceObjSchema>
<sourceObjName>Id</sourceObjName>
<createdBy>david.moore</createdBy>
<createdTime>2015-01-12 09:17:58 UTC</createdTime>
<ownerDesignName>HWSInternal_12_01_2015</ownerDesignName>
<useDomainConstraints>false</useDomainConstraints>
<use>1</use>
<logicalDatatype>LOGDT011</logicalDatatype>
<dataTypePrecision>10</dataTypePrecision>
<dataTypeScale>0</dataTypeScale>
<dataTypeSize>4</dataTypeSize>
<autoIncrementCycle>false</autoIncrementCycle>
</Column>
<Column name="AssessmentSectionId" id="3A11714C-7750-4728-560F-463E46A117E1">
<sourceConnName>HWSInternal</sourceConnName>
<sourceObjSchema>SectionQuestion</sourceObjSchema>
<sourceObjName>AssessmentSectionId</sourceObjName>
<createdBy>david.moore</createdBy>
<createdTime>2015-01-12 09:17:58 UTC</createdTime>
<ownerDesignName>HWSInternal_12_01_2015</ownerDesignName>
<useDomainConstraints>false</useDomainConstraints>
<use>1</use>
<logicalDatatype>LOGDT011</logicalDatatype>
<dataTypePrecision>10</dataTypePrecision>
<dataTypeScale>0</dataTypeScale>
<dataTypeSize>4</dataTypeSize>
<delegate>C884CF9D-E3C3-7159-B743-16A14752883A</delegate>
<autoIncrementCycle>false</autoIncrementCycle>
<associations>
<colAssociation fkAssociation="599B0084-2DDA-D25A-94EA-D03BCB9129C5" referredColumn="C884CF9D-E3C3-7159-B743-16A14752883A"/>
</associations>
</Column>
<Column name="QuestionTemplateId" id="3C6F20CD-6C04-564A-D3E6-C1C790919B81">
<sourceConnName>HWSInternal</sourceConnName>
<sourceObjSchema>SectionQuestion</sourceObjSchema>
<sourceObjName>QuestionTemplateId</sourceObjName>
<createdBy>david.moore</createdBy>
<createdTime>2015-01-12 09:17:58 UTC</createdTime>
<ownerDesignName>HWSInternal_12_01_2015</ownerDesignName>
<useDomainConstraints>false</useDomainConstraints>
<use>1</use>
<logicalDatatype>LOGDT011</logicalDatatype>
<dataTypePrecision>10</dataTypePrecision>
<dataTypeScale>0</dataTypeScale>
<dataTypeSize>4</dataTypeSize>
<delegate>5A7B6A47-8A45-4B2C-5530-47DB04C1D73E</delegate>
<autoIncrementCycle>false</autoIncrementCycle>
<associations>
<colAssociation fkAssociation="119098BF-C7D7-CB97-951E-627334251FFE" referredColumn="5A7B6A47-8A45-4B2C-5530-47DB04C1D73E"/>
</associations>
</Column>
<Column name="OrderId" id="324688D0-4CE8-C39A-7015-D7B779786B05">
<sourceConnName>HWSInternal</sourceConnName>
<sourceObjSchema>SectionQuestion</sourceObjSchema>
<sourceObjName>OrderId</sourceObjName>
<createdBy>david.moore</createdBy>
<createdTime>2015-01-12 09:17:58 UTC</createdTime>
<ownerDesignName>HWSInternal_12_01_2015</ownerDesignName>
<useDomainConstraints>false</useDomainConstraints>
<use>1</use>
<logicalDatatype>LOGDT011</logicalDatatype>
<dataTypePrecision>10</dataTypePrecision>
<dataTypeScale>0</dataTypeScale>
<dataTypeSize>4</dataTypeSize>
<autoIncrementCycle>false</autoIncrementCycle>
</Column>
</columns>
<indexes itemClass="oracle.dbtools.crest.model.design.relational.Index">
<ind_PK_UK id="79392AA6-C1D4-4C83-0C5E-A0B00F6DA976" name="PK_SectionQuestion">
<sourceConnName>HWSInternal</sourceConnName>
<sourceObjSchema>Assessment</sourceObjSchema>
<sourceObjName>PK_SectionQuestion</sourceObjName>
<createdBy>david.moore</createdBy>
<createdTime>2015-01-12 09:17:58 UTC</createdTime>
<ownerDesignName>HWSInternal_12_01_2015</ownerDesignName>
<pk>true</pk>
<indexState>Primary Constraint</indexState>
<isSurrogateKey>false</isSurrogateKey>
<indexColumnUsage>
<colUsage columnID="5D6B3708-BA57-5CE5-33FA-A04D0F042458"/>
</indexColumnUsage>
</ind_PK_UK>
<ind_PK_UK id="4AB8E6BD-0A94-DF87-3F66-B0A1EFC2DC8D" name="FK_AssessmentSectionQuestion_AssessmentSection">
<createdBy>david.moore</createdBy>
<createdTime>2015-01-12 09:18:00 UTC</createdTime>
<ownerDesignName>HWSInternal_12_01_2015</ownerDesignName>
<indexState>Foreign Key</indexState>
<isSurrogateKey>false</isSurrogateKey>
<indexColumnUsage>
<colUsage columnID="3A11714C-7750-4728-560F-463E46A117E1"/>
</indexColumnUsage>
</ind_PK_UK>
<ind_PK_UK id="8AA0C425-863D-06CB-999B-64C69BF2C0FD" name="FK_AssessmentSectionQuestion_QuestionTemplate">
<createdBy>david.moore</createdBy>
<createdTime>2015-01-12 09:18:00 UTC</createdTime>
<ownerDesignName>HWSInternal_12_01_2015</ownerDesignName>
<indexState>Foreign Key</indexState>
<isSurrogateKey>false</isSurrogateKey>
<indexColumnUsage>
<colUsage columnID="3C6F20CD-6C04-564A-D3E6-C1C790919B81"/>
</indexColumnUsage>
</ind_PK_UK>
</indexes>
</Table>