<?xml version = '1.0' encoding = 'UTF-8'?>
<Table class="oracle.dbtools.crest.model.design.relational.Table" directorySegmentName="seg_1" id="24B5B0FE-571A-7566-5F3B-D1657A42EA83" name="webpages_Roles">
<sourceConnName>HWSInternal</sourceConnName>
<sourceObjSchema>Authentication</sourceObjSchema>
<sourceObjName>webpages_Roles</sourceObjName>
<createdBy>david.moore</createdBy>
<createdTime>2015-01-12 09:17:59 UTC</createdTime>
<ownerDesignName>HWSInternal_12_01_2015</ownerDesignName>
<schemaObject>6934995E-10D9-77E9-7AFE-E809CE685C96</schemaObject>
<allowColumnReorder>false</allowColumnReorder>
<existDependencyGenerateInDDl>true</existDependencyGenerateInDDl>
<columns itemClass="oracle.dbtools.crest.model.design.relational.Column">
<Column name="RoleId" id="6A0CA799-488C-A556-2AB8-F55355428822">
<sourceConnName>HWSInternal</sourceConnName>
<sourceObjSchema>webpages_Roles</sourceObjSchema>
<sourceObjName>RoleId</sourceObjName>
<createdBy>david.moore</createdBy>
<createdTime>2015-01-12 09:17:59 UTC</createdTime>
<ownerDesignName>HWSInternal_12_01_2015</ownerDesignName>
<useDomainConstraints>false</useDomainConstraints>
<use>1</use>
<logicalDatatype>LOGDT011</logicalDatatype>
<dataTypePrecision>10</dataTypePrecision>
<dataTypeScale>0</dataTypeScale>
<dataTypeSize>4</dataTypeSize>
<autoIncrementCycle>false</autoIncrementCycle>
</Column>
<Column name="RoleName" id="3D766019-045D-6CB0-F31D-5A786CE6574E">
<sourceConnName>HWSInternal</sourceConnName>
<sourceObjSchema>webpages_Roles</sourceObjSchema>
<sourceObjName>RoleName</sourceObjName>
<createdBy>david.moore</createdBy>
<createdTime>2015-01-12 09:17:59 UTC</createdTime>
<ownerDesignName>HWSInternal_12_01_2015</ownerDesignName>
<useDomainConstraints>false</useDomainConstraints>
<use>1</use>
<logicalDatatype>LOGDT037</logicalDatatype>
<dataTypePrecision>256</dataTypePrecision>
<dataTypeScale>0</dataTypeScale>
<dataTypeSize>256</dataTypeSize>
<autoIncrementCycle>false</autoIncrementCycle>
</Column>
</columns>
<indexes itemClass="oracle.dbtools.crest.model.design.relational.Index">
<ind_PK_UK id="C414128D-6DFD-9730-B3C6-2BCF88B9F7D8" name="PK__webpages__8AFACE1A65570293">
<sourceConnName>HWSInternal</sourceConnName>
<sourceObjSchema>Authentication</sourceObjSchema>
<sourceObjName>PK__webpages__8AFACE1A65570293</sourceObjName>
<createdBy>david.moore</createdBy>
<createdTime>2015-01-12 09:17:59 UTC</createdTime>
<ownerDesignName>HWSInternal_12_01_2015</ownerDesignName>
<pk>true</pk>
<indexState>Primary Constraint</indexState>
<isSurrogateKey>false</isSurrogateKey>
<indexColumnUsage>
<colUsage columnID="6A0CA799-488C-A556-2AB8-F55355428822"/>
</indexColumnUsage>
</ind_PK_UK>
<ind_PK_UK id="75E59903-ACF6-54FC-0F88-BBDC192E03B0" name="UQ__webpages__8A2B616068336F3E">
<sourceConnName>HWSInternal</sourceConnName>
<sourceObjSchema>Authentication</sourceObjSchema>
<sourceObjName>UQ__webpages__8A2B616068336F3E</sourceObjName>
<createdBy>david.moore</createdBy>
<createdTime>2015-01-12 09:17:59 UTC</createdTime>
<ownerDesignName>HWSInternal_12_01_2015</ownerDesignName>
<indexState>Unique Constraint</indexState>
<isSurrogateKey>false</isSurrogateKey>
<indexColumnUsage>
<colUsage columnID="3D766019-045D-6CB0-F31D-5A786CE6574E"/>
</indexColumnUsage>
</ind_PK_UK>
</indexes>
</Table>