<?xml version = '1.0' encoding = 'UTF-8'?>
<Table class="oracle.dbtools.crest.model.design.relational.Table" directorySegmentName="seg_1" id="2659EEDF-F97C-345F-9927-6EE1A3B416AA" name="tblCountries">
<sourceConnName>HWSInternal</sourceConnName>
<sourceObjSchema>dbo</sourceObjSchema>
<sourceObjName>tblCountries</sourceObjName>
<createdBy>david.moore</createdBy>
<createdTime>2015-01-12 09:17:59 UTC</createdTime>
<ownerDesignName>HWSInternal_12_01_2015</ownerDesignName>
<schemaObject>4EB6B9C6-0365-2F78-E252-562BC729FF40</schemaObject>
<allowColumnReorder>false</allowColumnReorder>
<existDependencyGenerateInDDl>true</existDependencyGenerateInDDl>
<columns itemClass="oracle.dbtools.crest.model.design.relational.Column">
<Column name="PKCountryCode" id="0AF0540E-1BBF-E4D6-098B-43E71DFA59F0">
<sourceConnName>HWSInternal</sourceConnName>
<sourceObjSchema>tblCountries</sourceObjSchema>
<sourceObjName>PKCountryCode</sourceObjName>
<createdBy>david.moore</createdBy>
<createdTime>2015-01-12 09:17:59 UTC</createdTime>
<ownerDesignName>HWSInternal_12_01_2015</ownerDesignName>
<useDomainConstraints>false</useDomainConstraints>
<use>1</use>
<logicalDatatype>LOGDT025</logicalDatatype>
<dataTypePrecision>2</dataTypePrecision>
<dataTypeScale>0</dataTypeScale>
<dataTypeSize>2</dataTypeSize>
<autoIncrementCycle>false</autoIncrementCycle>
</Column>
<Column name="strLongName" id="261A01A9-D3FD-E2C2-F0EE-0A9792E9D017">
<sourceConnName>HWSInternal</sourceConnName>
<sourceObjSchema>tblCountries</sourceObjSchema>
<sourceObjName>strLongName</sourceObjName>
<createdBy>david.moore</createdBy>
<createdTime>2015-01-12 09:17:59 UTC</createdTime>
<ownerDesignName>HWSInternal_12_01_2015</ownerDesignName>
<nullsAllowed>true</nullsAllowed>
<useDomainConstraints>false</useDomainConstraints>
<use>1</use>
<logicalDatatype>LOGDT025</logicalDatatype>
<dataTypePrecision>30</dataTypePrecision>
<dataTypeScale>0</dataTypeScale>
<dataTypeSize>30</dataTypeSize>
<autoIncrementCycle>false</autoIncrementCycle>
</Column>
<Column name="isEnabled" id="76CC7CBC-1EA0-A015-FFFC-316778726630">
<sourceConnName>HWSInternal</sourceConnName>
<sourceObjSchema>tblCountries</sourceObjSchema>
<sourceObjName>isEnabled</sourceObjName>
<createdBy>david.moore</createdBy>
<createdTime>2015-01-12 09:17:59 UTC</createdTime>
<ownerDesignName>HWSInternal_12_01_2015</ownerDesignName>
<useDomainConstraints>false</useDomainConstraints>
<use>1</use>
<logicalDatatype>LOGDT034</logicalDatatype>
<dataTypePrecision>1</dataTypePrecision>
<dataTypeScale>0</dataTypeScale>
<dataTypeSize>1</dataTypeSize>
<defaultValue>1</defaultValue>
<autoIncrementCycle>false</autoIncrementCycle>
</Column>
<Column name="dtmMod" id="353FDE94-9E02-A6E3-3790-01A95E83087E">
<sourceConnName>HWSInternal</sourceConnName>
<sourceObjSchema>tblCountries</sourceObjSchema>
<sourceObjName>dtmMod</sourceObjName>
<createdBy>david.moore</createdBy>
<createdTime>2015-01-12 09:17:59 UTC</createdTime>
<ownerDesignName>HWSInternal_12_01_2015</ownerDesignName>
<useDomainConstraints>false</useDomainConstraints>
<use>1</use>
<logicalDatatype>LOGDT008</logicalDatatype>
<dataTypePrecision>23</dataTypePrecision>
<dataTypeScale>3</dataTypeScale>
<dataTypeSize>8</dataTypeSize>
<defaultValue>getdate()</defaultValue>
<autoIncrementCycle>false</autoIncrementCycle>
</Column>
<Column name="dtmCreated" id="8EE3D7F3-F178-9BCC-55CA-E8F033E05264">
<sourceConnName>HWSInternal</sourceConnName>
<sourceObjSchema>tblCountries</sourceObjSchema>
<sourceObjName>dtmCreated</sourceObjName>
<createdBy>david.moore</createdBy>
<createdTime>2015-01-12 09:17:59 UTC</createdTime>
<ownerDesignName>HWSInternal_12_01_2015</ownerDesignName>
<useDomainConstraints>false</useDomainConstraints>
<use>1</use>
<logicalDatatype>LOGDT008</logicalDatatype>
<dataTypePrecision>23</dataTypePrecision>
<dataTypeScale>3</dataTypeScale>
<dataTypeSize>8</dataTypeSize>
<defaultValue>getdate()</defaultValue>
<autoIncrementCycle>false</autoIncrementCycle>
</Column>
<Column name="strCreatedBy" id="4DB54F63-EC8C-0620-6E3B-A913F4B5BD3E">
<sourceConnName>HWSInternal</sourceConnName>
<sourceObjSchema>tblCountries</sourceObjSchema>
<sourceObjName>strCreatedBy</sourceObjName>
<createdBy>david.moore</createdBy>
<createdTime>2015-01-12 09:17:59 UTC</createdTime>
<ownerDesignName>HWSInternal_12_01_2015</ownerDesignName>
<useDomainConstraints>false</useDomainConstraints>
<use>1</use>
<logicalDatatype>LOGDT024</logicalDatatype>
<dataTypePrecision>30</dataTypePrecision>
<dataTypeScale>0</dataTypeScale>
<dataTypeSize>30</dataTypeSize>
<defaultValue>System</defaultValue>
<autoIncrementCycle>false</autoIncrementCycle>
</Column>
<Column name="strModBy" id="0F5B386E-6504-8DF2-1F34-E0EDA59295BE">
<sourceConnName>HWSInternal</sourceConnName>
<sourceObjSchema>tblCountries</sourceObjSchema>
<sourceObjName>strModBy</sourceObjName>
<createdBy>david.moore</createdBy>
<createdTime>2015-01-12 09:17:59 UTC</createdTime>
<ownerDesignName>HWSInternal_12_01_2015</ownerDesignName>
<useDomainConstraints>false</useDomainConstraints>
<use>1</use>
<logicalDatatype>LOGDT024</logicalDatatype>
<dataTypePrecision>30</dataTypePrecision>
<dataTypeScale>0</dataTypeScale>
<dataTypeSize>30</dataTypeSize>
<defaultValue>System</defaultValue>
<autoIncrementCycle>false</autoIncrementCycle>
</Column>
</columns>
<indexes itemClass="oracle.dbtools.crest.model.design.relational.Index">
<ind_PK_UK id="1D8F6405-6183-3071-6F36-06378D1FBF1A" name="PK__tblCountries__1367E606">
<sourceConnName>HWSInternal</sourceConnName>
<sourceObjSchema>dbo</sourceObjSchema>
<sourceObjName>PK__tblCountries__1367E606</sourceObjName>
<createdBy>david.moore</createdBy>
<createdTime>2015-01-12 09:17:59 UTC</createdTime>
<ownerDesignName>HWSInternal_12_01_2015</ownerDesignName>
<pk>true</pk>
<indexState>Primary Constraint</indexState>
<isSurrogateKey>false</isSurrogateKey>
<indexColumnUsage>
<colUsage columnID="0AF0540E-1BBF-E4D6-098B-43E71DFA59F0"/>
</indexColumnUsage>
</ind_PK_UK>
</indexes>
<tableCheckConstraints itemClass="oracle.dbtools.crest.model.design.constraint.TableLevelConstraint">
<tableCheckConstraint name="DF__tblCountr__isEna__40058253" directorySegmentName="seg_0" id="5D79B008-6E21-4B0D-BB83-586F0048F3F2">
<sourceConnName>HWSInternal</sourceConnName>
<sourceObjSchema>dbo</sourceObjSchema>
<sourceObjName>DF__tblCountr__isEna__40058253</sourceObjName>
<createdBy>david.moore</createdBy>
<createdTime>2015-01-12 09:17:59 UTC</createdTime>
<ownerDesignName>HWSInternal_12_01_2015</ownerDesignName>
<rule>(1)</rule>
</tableCheckConstraint>
<tableCheckConstraint name="DF__tblCountr__dtmMo__40F9A68C" directorySegmentName="seg_0" id="2481DE50-D228-312B-CB9E-922E9182D315">
<sourceConnName>HWSInternal</sourceConnName>
<sourceObjSchema>dbo</sourceObjSchema>
<sourceObjName>DF__tblCountr__dtmMo__40F9A68C</sourceObjName>
<createdBy>david.moore</createdBy>
<createdTime>2015-01-12 09:17:59 UTC</createdTime>
<ownerDesignName>HWSInternal_12_01_2015</ownerDesignName>
<rule>getdate()</rule>
</tableCheckConstraint>
<tableCheckConstraint name="DF__tblCountr__dtmCr__41EDCAC5" directorySegmentName="seg_0" id="4637F3C1-1F9B-E7F4-6833-94340A11EBE6">
<sourceConnName>HWSInternal</sourceConnName>
<sourceObjSchema>dbo</sourceObjSchema>
<sourceObjName>DF__tblCountr__dtmCr__41EDCAC5</sourceObjName>
<createdBy>david.moore</createdBy>
<createdTime>2015-01-12 09:17:59 UTC</createdTime>
<ownerDesignName>HWSInternal_12_01_2015</ownerDesignName>
<rule>getdate()</rule>
</tableCheckConstraint>
<tableCheckConstraint name="DF__tblCountr__strCr__42E1EEFE" directorySegmentName="seg_0" id="638C2CCD-728A-84FE-CFA4-E1DC4261057B">
<sourceConnName>HWSInternal</sourceConnName>
<sourceObjSchema>dbo</sourceObjSchema>
<sourceObjName>DF__tblCountr__strCr__42E1EEFE</sourceObjName>
<createdBy>david.moore</createdBy>
<createdTime>2015-01-12 09:17:59 UTC</createdTime>
<ownerDesignName>HWSInternal_12_01_2015</ownerDesignName>
<rule>&apos;System&apos;</rule>
</tableCheckConstraint>
<tableCheckConstraint name="DF__tblCountr__strMo__43D61337" directorySegmentName="seg_0" id="89D7C1BB-FF54-94FA-9BE2-6A8BA0809D4A">
<sourceConnName>HWSInternal</sourceConnName>
<sourceObjSchema>dbo</sourceObjSchema>
<sourceObjName>DF__tblCountr__strMo__43D61337</sourceObjName>
<createdBy>david.moore</createdBy>
<createdTime>2015-01-12 09:17:59 UTC</createdTime>
<ownerDesignName>HWSInternal_12_01_2015</ownerDesignName>
<rule>&apos;System&apos;</rule>
</tableCheckConstraint>
</tableCheckConstraints>
</Table>