<?xml version = '1.0' encoding = 'UTF-8'?>
<Table class="oracle.dbtools.crest.model.design.relational.Table" directorySegmentName="seg_1" id="290441AA-C13B-CEFD-A14B-1C322B97397E" name="tblScannedDocumentTypes">
<sourceConnName>HWSInternal</sourceConnName>
<sourceObjSchema>dbo</sourceObjSchema>
<sourceObjName>tblScannedDocumentTypes</sourceObjName>
<createdBy>david.moore</createdBy>
<createdTime>2015-01-12 09:17:59 UTC</createdTime>
<ownerDesignName>HWSInternal_12_01_2015</ownerDesignName>
<schemaObject>4EB6B9C6-0365-2F78-E252-562BC729FF40</schemaObject>
<allowColumnReorder>false</allowColumnReorder>
<existDependencyGenerateInDDl>true</existDependencyGenerateInDDl>
<columns itemClass="oracle.dbtools.crest.model.design.relational.Column">
<Column name="Id" id="207DBC39-2ACD-B249-EF6D-29A11D0B6CDD">
<sourceConnName>HWSInternal</sourceConnName>
<sourceObjSchema>tblScannedDocumentTypes</sourceObjSchema>
<sourceObjName>Id</sourceObjName>
<createdBy>david.moore</createdBy>
<createdTime>2015-01-12 09:17:59 UTC</createdTime>
<ownerDesignName>HWSInternal_12_01_2015</ownerDesignName>
<useDomainConstraints>false</useDomainConstraints>
<use>1</use>
<logicalDatatype>LOGDT011</logicalDatatype>
<dataTypePrecision>10</dataTypePrecision>
<dataTypeScale>0</dataTypeScale>
<dataTypeSize>4</dataTypeSize>
<autoIncrementCycle>false</autoIncrementCycle>
</Column>
<Column name="Description" id="D5EAF0EF-3AB5-C7FE-BF80-2095411C38F4">
<sourceConnName>HWSInternal</sourceConnName>
<sourceObjSchema>tblScannedDocumentTypes</sourceObjSchema>
<sourceObjName>Description</sourceObjName>
<createdBy>david.moore</createdBy>
<createdTime>2015-01-12 09:17:59 UTC</createdTime>
<ownerDesignName>HWSInternal_12_01_2015</ownerDesignName>
<useDomainConstraints>false</useDomainConstraints>
<use>1</use>
<logicalDatatype>LOGDT037</logicalDatatype>
<dataTypePrecision>250</dataTypePrecision>
<dataTypeScale>0</dataTypeScale>
<dataTypeSize>250</dataTypeSize>
<autoIncrementCycle>false</autoIncrementCycle>
</Column>
<Column name="IsClinical" id="356CD823-D3BB-8FE5-EC85-8D44DB163C46">
<sourceConnName>HWSInternal</sourceConnName>
<sourceObjSchema>tblScannedDocumentTypes</sourceObjSchema>
<sourceObjName>IsClinical</sourceObjName>
<createdBy>david.moore</createdBy>
<createdTime>2015-01-12 09:17:59 UTC</createdTime>
<ownerDesignName>HWSInternal_12_01_2015</ownerDesignName>
<useDomainConstraints>false</useDomainConstraints>
<use>1</use>
<logicalDatatype>LOGDT034</logicalDatatype>
<dataTypePrecision>1</dataTypePrecision>
<dataTypeScale>0</dataTypeScale>
<dataTypeSize>1</dataTypeSize>
<autoIncrementCycle>false</autoIncrementCycle>
</Column>
<Column name="FkInvuDocType" id="C1A12B54-6AB0-909E-DBD9-2FBB2BD4A7FE">
<sourceConnName>HWSInternal</sourceConnName>
<sourceObjSchema>tblScannedDocumentTypes</sourceObjSchema>
<sourceObjName>FkInvuDocType</sourceObjName>
<createdBy>david.moore</createdBy>
<createdTime>2015-01-12 09:17:59 UTC</createdTime>
<ownerDesignName>HWSInternal_12_01_2015</ownerDesignName>
<useDomainConstraints>false</useDomainConstraints>
<use>1</use>
<logicalDatatype>LOGDT011</logicalDatatype>
<dataTypePrecision>10</dataTypePrecision>
<dataTypeScale>0</dataTypeScale>
<dataTypeSize>4</dataTypeSize>
<delegate>A6D500E6-2F75-C6EF-6C94-D7C5F9DD2CFD</delegate>
<autoIncrementCycle>false</autoIncrementCycle>
<associations>
<colAssociation fkAssociation="C95D5D01-0DCA-5424-E14A-303AE3E0A211" referredColumn="A6D500E6-2F75-C6EF-6C94-D7C5F9DD2CFD"/>
</associations>
</Column>
</columns>
<indexes itemClass="oracle.dbtools.crest.model.design.relational.Index">
<ind_PK_UK id="3A90321A-D786-ED38-33F3-406BDA36099D" name="PK_tblScannedDocumentTypes">
<sourceConnName>HWSInternal</sourceConnName>
<sourceObjSchema>dbo</sourceObjSchema>
<sourceObjName>PK_tblScannedDocumentTypes</sourceObjName>
<createdBy>david.moore</createdBy>
<createdTime>2015-01-12 09:17:59 UTC</createdTime>
<ownerDesignName>HWSInternal_12_01_2015</ownerDesignName>
<pk>true</pk>
<indexState>Primary Constraint</indexState>
<isSurrogateKey>false</isSurrogateKey>
<indexColumnUsage>
<colUsage columnID="207DBC39-2ACD-B249-EF6D-29A11D0B6CDD"/>
</indexColumnUsage>
</ind_PK_UK>
<ind_PK_UK id="3B8C5779-959C-3031-712C-05306060CB47" name="FK_tblScannedDocumentTypes_tblInvuDocumentTypes">
<createdBy>david.moore</createdBy>
<createdTime>2015-01-12 09:18:00 UTC</createdTime>
<ownerDesignName>HWSInternal_12_01_2015</ownerDesignName>
<indexState>Foreign Key</indexState>
<isSurrogateKey>false</isSurrogateKey>
<indexColumnUsage>
<colUsage columnID="C1A12B54-6AB0-909E-DBD9-2FBB2BD4A7FE"/>
</indexColumnUsage>
</ind_PK_UK>
</indexes>
</Table>