<?xml version = '1.0' encoding = 'UTF-8'?>
<Table class="oracle.dbtools.crest.model.design.relational.Table" directorySegmentName="seg_1" id="403C4D88-48A9-B024-0CC0-011DF1F0B226" name="ViewCounter">
<sourceConnName>HWSInternal</sourceConnName>
<sourceObjSchema>Assessment</sourceObjSchema>
<sourceObjName>ViewCounter</sourceObjName>
<createdBy>david.moore</createdBy>
<createdTime>2015-01-12 09:17:58 UTC</createdTime>
<ownerDesignName>HWSInternal_12_01_2015</ownerDesignName>
<schemaObject>B90B0C67-4171-102C-BB60-3A0BF7A3B726</schemaObject>
<allowColumnReorder>false</allowColumnReorder>
<existDependencyGenerateInDDl>true</existDependencyGenerateInDDl>
<columns itemClass="oracle.dbtools.crest.model.design.relational.Column">
<Column name="Id" id="8BA7267E-9ED1-1251-5518-D6AB7CF2ACD4">
<sourceConnName>HWSInternal</sourceConnName>
<sourceObjSchema>ViewCounter</sourceObjSchema>
<sourceObjName>Id</sourceObjName>
<createdBy>david.moore</createdBy>
<createdTime>2015-01-12 09:17:58 UTC</createdTime>
<ownerDesignName>HWSInternal_12_01_2015</ownerDesignName>
<useDomainConstraints>false</useDomainConstraints>
<use>1</use>
<logicalDatatype>LOGDT011</logicalDatatype>
<dataTypePrecision>10</dataTypePrecision>
<dataTypeScale>0</dataTypeScale>
<dataTypeSize>4</dataTypeSize>
<autoIncrementCycle>false</autoIncrementCycle>
</Column>
<Column name="ReturnToWorkPlanId" id="EE8B4111-AA50-FB0E-5A88-D162C2C74EC1">
<sourceConnName>HWSInternal</sourceConnName>
<sourceObjSchema>ViewCounter</sourceObjSchema>
<sourceObjName>ReturnToWorkPlanId</sourceObjName>
<createdBy>david.moore</createdBy>
<createdTime>2015-01-12 09:17:58 UTC</createdTime>
<ownerDesignName>HWSInternal_12_01_2015</ownerDesignName>
<nullsAllowed>true</nullsAllowed>
<useDomainConstraints>false</useDomainConstraints>
<use>1</use>
<logicalDatatype>LOGDT011</logicalDatatype>
<dataTypePrecision>10</dataTypePrecision>
<dataTypeScale>0</dataTypeScale>
<dataTypeSize>4</dataTypeSize>
<delegate>C3B6AD54-87FD-B7EC-9B49-F21CB8454B9D</delegate>
<autoIncrementCycle>false</autoIncrementCycle>
<associations>
<colAssociation fkAssociation="672569BD-06CF-989C-93A7-E8F8A3286053" referredColumn="C3B6AD54-87FD-B7EC-9B49-F21CB8454B9D"/>
</associations>
</Column>
<Column name="CaseNoteId" id="A941378A-5FFD-027A-8109-24173CAE273E">
<sourceConnName>HWSInternal</sourceConnName>
<sourceObjSchema>ViewCounter</sourceObjSchema>
<sourceObjName>CaseNoteId</sourceObjName>
<createdBy>david.moore</createdBy>
<createdTime>2015-01-12 09:17:58 UTC</createdTime>
<ownerDesignName>HWSInternal_12_01_2015</ownerDesignName>
<nullsAllowed>true</nullsAllowed>
<useDomainConstraints>false</useDomainConstraints>
<use>1</use>
<logicalDatatype>LOGDT011</logicalDatatype>
<dataTypePrecision>10</dataTypePrecision>
<dataTypeScale>0</dataTypeScale>
<dataTypeSize>4</dataTypeSize>
<delegate>7ACBA0C3-55C0-76AA-5C8F-C85AF6BA57FC</delegate>
<autoIncrementCycle>false</autoIncrementCycle>
<associations>
<colAssociation fkAssociation="013D94DB-FB82-F822-8A86-5074A5812CBE" referredColumn="7ACBA0C3-55C0-76AA-5C8F-C85AF6BA57FC"/>
</associations>
</Column>
<Column name="Token" id="F7A79E30-229C-1ED1-A871-D63E8181B158">
<sourceConnName>HWSInternal</sourceConnName>
<sourceObjSchema>ViewCounter</sourceObjSchema>
<sourceObjName>Token</sourceObjName>
<createdBy>david.moore</createdBy>
<createdTime>2015-01-12 09:17:58 UTC</createdTime>
<ownerDesignName>HWSInternal_12_01_2015</ownerDesignName>
<useDomainConstraints>false</useDomainConstraints>
<use>1</use>
<logicalDatatype>LOGDT024</logicalDatatype>
<dataTypePrecision>100</dataTypePrecision>
<dataTypeScale>0</dataTypeScale>
<dataTypeSize>100</dataTypeSize>
<autoIncrementCycle>false</autoIncrementCycle>
</Column>
<Column name="Pin" id="5777FBD5-CA71-D7A7-E8B4-564A9E303BCC">
<sourceConnName>HWSInternal</sourceConnName>
<sourceObjSchema>ViewCounter</sourceObjSchema>
<sourceObjName>Pin</sourceObjName>
<createdBy>david.moore</createdBy>
<createdTime>2015-01-12 09:17:58 UTC</createdTime>
<ownerDesignName>HWSInternal_12_01_2015</ownerDesignName>
<nullsAllowed>true</nullsAllowed>
<useDomainConstraints>false</useDomainConstraints>
<use>1</use>
<logicalDatatype>LOGDT024</logicalDatatype>
<dataTypePrecision>4</dataTypePrecision>
<dataTypeScale>0</dataTypeScale>
<dataTypeSize>4</dataTypeSize>
<autoIncrementCycle>false</autoIncrementCycle>
</Column>
<Column name="FailedAccessCount" id="3F5FDF0D-AAB7-C870-513B-048A84EB9E4A">
<sourceConnName>HWSInternal</sourceConnName>
<sourceObjSchema>ViewCounter</sourceObjSchema>
<sourceObjName>FailedAccessCount</sourceObjName>
<createdBy>david.moore</createdBy>
<createdTime>2015-01-12 09:17:58 UTC</createdTime>
<ownerDesignName>HWSInternal_12_01_2015</ownerDesignName>
<useDomainConstraints>false</useDomainConstraints>
<use>1</use>
<logicalDatatype>LOGDT011</logicalDatatype>
<dataTypePrecision>10</dataTypePrecision>
<dataTypeScale>0</dataTypeScale>
<dataTypeSize>4</dataTypeSize>
<autoIncrementCycle>false</autoIncrementCycle>
</Column>
<Column name="SuccessfulAccessCount" id="F95306FA-957E-2845-A1E4-6A7505A1EBAD">
<sourceConnName>HWSInternal</sourceConnName>
<sourceObjSchema>ViewCounter</sourceObjSchema>
<sourceObjName>SuccessfulAccessCount</sourceObjName>
<createdBy>david.moore</createdBy>
<createdTime>2015-01-12 09:17:58 UTC</createdTime>
<ownerDesignName>HWSInternal_12_01_2015</ownerDesignName>
<useDomainConstraints>false</useDomainConstraints>
<use>1</use>
<logicalDatatype>LOGDT011</logicalDatatype>
<dataTypePrecision>10</dataTypePrecision>
<dataTypeScale>0</dataTypeScale>
<dataTypeSize>4</dataTypeSize>
<autoIncrementCycle>false</autoIncrementCycle>
</Column>
<Column name="UserTypeId" id="79D0B2B5-16D5-28E2-CDF7-3815D9A7FCB9">
<sourceConnName>HWSInternal</sourceConnName>
<sourceObjSchema>ViewCounter</sourceObjSchema>
<sourceObjName>UserTypeId</sourceObjName>
<createdBy>david.moore</createdBy>
<createdTime>2015-01-12 09:17:58 UTC</createdTime>
<ownerDesignName>HWSInternal_12_01_2015</ownerDesignName>
<useDomainConstraints>false</useDomainConstraints>
<use>1</use>
<logicalDatatype>LOGDT011</logicalDatatype>
<dataTypePrecision>10</dataTypePrecision>
<dataTypeScale>0</dataTypeScale>
<dataTypeSize>4</dataTypeSize>
<autoIncrementCycle>false</autoIncrementCycle>
</Column>
<Column name="Active" id="015D68D9-84E5-8377-2BD2-59A16C0D91C5">
<sourceConnName>HWSInternal</sourceConnName>
<sourceObjSchema>ViewCounter</sourceObjSchema>
<sourceObjName>Active</sourceObjName>
<createdBy>david.moore</createdBy>
<createdTime>2015-01-12 09:17:58 UTC</createdTime>
<ownerDesignName>HWSInternal_12_01_2015</ownerDesignName>
<useDomainConstraints>false</useDomainConstraints>
<use>1</use>
<logicalDatatype>LOGDT034</logicalDatatype>
<dataTypePrecision>1</dataTypePrecision>
<dataTypeScale>0</dataTypeScale>
<dataTypeSize>1</dataTypeSize>
<defaultValue>1</defaultValue>
<autoIncrementCycle>false</autoIncrementCycle>
</Column>
<Column name="TokenExpiry" id="9755B2DC-DA26-627E-7908-699D1A4BD7AE">
<sourceConnName>HWSInternal</sourceConnName>
<sourceObjSchema>ViewCounter</sourceObjSchema>
<sourceObjName>TokenExpiry</sourceObjName>
<createdBy>david.moore</createdBy>
<createdTime>2015-01-12 09:17:58 UTC</createdTime>
<ownerDesignName>HWSInternal_12_01_2015</ownerDesignName>
<nullsAllowed>true</nullsAllowed>
<useDomainConstraints>false</useDomainConstraints>
<use>1</use>
<logicalDatatype>LOGDT008</logicalDatatype>
<dataTypePrecision>23</dataTypePrecision>
<dataTypeScale>3</dataTypeScale>
<dataTypeSize>8</dataTypeSize>
<autoIncrementCycle>false</autoIncrementCycle>
</Column>
<Column name="EmailSentTo" id="6B00184C-1CB3-616D-AEA8-FF5129C03192">
<sourceConnName>HWSInternal</sourceConnName>
<sourceObjSchema>ViewCounter</sourceObjSchema>
<sourceObjName>EmailSentTo</sourceObjName>
<createdBy>david.moore</createdBy>
<createdTime>2015-01-12 09:17:58 UTC</createdTime>
<ownerDesignName>HWSInternal_12_01_2015</ownerDesignName>
<nullsAllowed>true</nullsAllowed>
<useDomainConstraints>false</useDomainConstraints>
<use>1</use>
<logicalDatatype>LOGDT024</logicalDatatype>
<dataTypePrecision>200</dataTypePrecision>
<dataTypeScale>0</dataTypeScale>
<dataTypeSize>200</dataTypeSize>
<autoIncrementCycle>false</autoIncrementCycle>
</Column>
<Column name="EmailSentDate" id="005529E8-4247-8579-D760-FD5ADDAEE15C">
<sourceConnName>HWSInternal</sourceConnName>
<sourceObjSchema>ViewCounter</sourceObjSchema>
<sourceObjName>EmailSentDate</sourceObjName>
<createdBy>david.moore</createdBy>
<createdTime>2015-01-12 09:17:58 UTC</createdTime>
<ownerDesignName>HWSInternal_12_01_2015</ownerDesignName>
<nullsAllowed>true</nullsAllowed>
<useDomainConstraints>false</useDomainConstraints>
<use>1</use>
<logicalDatatype>LOGDT008</logicalDatatype>
<dataTypePrecision>23</dataTypePrecision>
<dataTypeScale>3</dataTypeScale>
<dataTypeSize>8</dataTypeSize>
<autoIncrementCycle>false</autoIncrementCycle>
</Column>
<Column name="TypeId" id="8855292E-B263-5A21-CBD9-431943F73ACA">
<sourceConnName>HWSInternal</sourceConnName>
<sourceObjSchema>ViewCounter</sourceObjSchema>
<sourceObjName>TypeId</sourceObjName>
<createdBy>david.moore</createdBy>
<createdTime>2015-01-12 09:17:58 UTC</createdTime>
<ownerDesignName>HWSInternal_12_01_2015</ownerDesignName>
<useDomainConstraints>false</useDomainConstraints>
<use>1</use>
<logicalDatatype>LOGDT011</logicalDatatype>
<dataTypePrecision>10</dataTypePrecision>
<dataTypeScale>0</dataTypeScale>
<dataTypeSize>4</dataTypeSize>
<autoIncrementCycle>false</autoIncrementCycle>
</Column>
</columns>
<indexes itemClass="oracle.dbtools.crest.model.design.relational.Index">
<ind_PK_UK id="76C7A97E-E765-87F6-516A-65EC1D44EDA8" name="PK_ViewCounter">
<sourceConnName>HWSInternal</sourceConnName>
<sourceObjSchema>Assessment</sourceObjSchema>
<sourceObjName>PK_ViewCounter</sourceObjName>
<createdBy>david.moore</createdBy>
<createdTime>2015-01-12 09:17:58 UTC</createdTime>
<ownerDesignName>HWSInternal_12_01_2015</ownerDesignName>
<pk>true</pk>
<indexState>Primary Constraint</indexState>
<isSurrogateKey>false</isSurrogateKey>
<indexColumnUsage>
<colUsage columnID="8BA7267E-9ED1-1251-5518-D6AB7CF2ACD4"/>
</indexColumnUsage>
</ind_PK_UK>
<ind_PK_UK id="3968877E-7932-BA99-17B8-A69A7CBB5247" name="IX_ViewCounter_Token">
<sourceConnName>HWSInternal</sourceConnName>
<sourceObjSchema>Assessment</sourceObjSchema>
<sourceObjName>IX_ViewCounter_Token</sourceObjName>
<createdBy>david.moore</createdBy>
<createdTime>2015-01-12 09:17:58 UTC</createdTime>
<ownerDesignName>HWSInternal_12_01_2015</ownerDesignName>
<indexState>Unique Plain Index</indexState>
<isSurrogateKey>false</isSurrogateKey>
<indexColumnUsage>
<colUsage columnID="F7A79E30-229C-1ED1-A871-D63E8181B158"/>
</indexColumnUsage>
</ind_PK_UK>
<ind_PK_UK id="D7D7F02B-F507-4AFC-0C56-DF3A4BD8FB27" name="FK_ViewCounter_CaseNote">
<createdBy>david.moore</createdBy>
<createdTime>2015-01-12 09:18:00 UTC</createdTime>
<ownerDesignName>HWSInternal_12_01_2015</ownerDesignName>
<indexState>Foreign Key</indexState>
<isSurrogateKey>false</isSurrogateKey>
<indexColumnUsage>
<colUsage columnID="A941378A-5FFD-027A-8109-24173CAE273E"/>
</indexColumnUsage>
</ind_PK_UK>
<ind_PK_UK id="7A438CFB-BD7D-8D1B-7F46-CE84B89E9EEF" name="FK_ViewCounter_ReturnToWorkPlan">
<createdBy>david.moore</createdBy>
<createdTime>2015-01-12 09:18:00 UTC</createdTime>
<ownerDesignName>HWSInternal_12_01_2015</ownerDesignName>
<indexState>Foreign Key</indexState>
<isSurrogateKey>false</isSurrogateKey>
<indexColumnUsage>
<colUsage columnID="EE8B4111-AA50-FB0E-5A88-D162C2C74EC1"/>
</indexColumnUsage>
</ind_PK_UK>
</indexes>
<tableCheckConstraints itemClass="oracle.dbtools.crest.model.design.constraint.TableLevelConstraint">
<tableCheckConstraint name="DF__ViewCount__Activ__28D80438" directorySegmentName="seg_0" id="3FF03B65-B267-A49B-CD40-9DE19E227ED6">
<sourceConnName>HWSInternal</sourceConnName>
<sourceObjSchema>Assessment</sourceObjSchema>
<sourceObjName>DF__ViewCount__Activ__28D80438</sourceObjName>
<createdBy>david.moore</createdBy>
<createdTime>2015-01-12 09:17:58 UTC</createdTime>
<ownerDesignName>HWSInternal_12_01_2015</ownerDesignName>
<rule>(1)</rule>
</tableCheckConstraint>
</tableCheckConstraints>
</Table>