<?xml version = '1.0' encoding = 'UTF-8'?>
<Table class="oracle.dbtools.crest.model.design.relational.Table" directorySegmentName="seg_1" id="417161D9-A72A-FD26-D6A6-D099DD249481" name="ReturnToWorkPlanIntervention">
<sourceConnName>HWSInternal</sourceConnName>
<sourceObjSchema>Assessment</sourceObjSchema>
<sourceObjName>ReturnToWorkPlanIntervention</sourceObjName>
<createdBy>david.moore</createdBy>
<createdTime>2015-01-12 09:17:58 UTC</createdTime>
<ownerDesignName>HWSInternal_12_01_2015</ownerDesignName>
<schemaObject>B90B0C67-4171-102C-BB60-3A0BF7A3B726</schemaObject>
<allowColumnReorder>false</allowColumnReorder>
<existDependencyGenerateInDDl>true</existDependencyGenerateInDDl>
<columns itemClass="oracle.dbtools.crest.model.design.relational.Column">
<Column name="Id" id="7D13874F-E086-FEC4-674F-71B84B12DD49">
<sourceConnName>HWSInternal</sourceConnName>
<sourceObjSchema>ReturnToWorkPlanIntervention</sourceObjSchema>
<sourceObjName>Id</sourceObjName>
<createdBy>david.moore</createdBy>
<createdTime>2015-01-12 09:17:58 UTC</createdTime>
<ownerDesignName>HWSInternal_12_01_2015</ownerDesignName>
<useDomainConstraints>false</useDomainConstraints>
<use>1</use>
<logicalDatatype>LOGDT011</logicalDatatype>
<dataTypePrecision>10</dataTypePrecision>
<dataTypeScale>0</dataTypeScale>
<dataTypeSize>4</dataTypeSize>
<autoIncrementCycle>false</autoIncrementCycle>
</Column>
<Column name="ReturnToWorkPlanId" id="24B81FB5-89B0-7DBF-F19E-0FF8898CB568">
<sourceConnName>HWSInternal</sourceConnName>
<sourceObjSchema>ReturnToWorkPlanIntervention</sourceObjSchema>
<sourceObjName>ReturnToWorkPlanId</sourceObjName>
<createdBy>david.moore</createdBy>
<createdTime>2015-01-12 09:17:58 UTC</createdTime>
<ownerDesignName>HWSInternal_12_01_2015</ownerDesignName>
<useDomainConstraints>false</useDomainConstraints>
<use>1</use>
<logicalDatatype>LOGDT011</logicalDatatype>
<dataTypePrecision>10</dataTypePrecision>
<dataTypeScale>0</dataTypeScale>
<dataTypeSize>4</dataTypeSize>
<delegate>C3B6AD54-87FD-B7EC-9B49-F21CB8454B9D</delegate>
<autoIncrementCycle>false</autoIncrementCycle>
<associations>
<colAssociation fkAssociation="5C208BBE-5316-A717-8401-D21DF1C4E7E5" referredColumn="C3B6AD54-87FD-B7EC-9B49-F21CB8454B9D"/>
</associations>
</Column>
<Column name="InterventionId" id="15AFC552-7636-45C0-A360-A031BE0F1D1E">
<sourceConnName>HWSInternal</sourceConnName>
<sourceObjSchema>ReturnToWorkPlanIntervention</sourceObjSchema>
<sourceObjName>InterventionId</sourceObjName>
<createdBy>david.moore</createdBy>
<createdTime>2015-01-12 09:17:58 UTC</createdTime>
<ownerDesignName>HWSInternal_12_01_2015</ownerDesignName>
<useDomainConstraints>false</useDomainConstraints>
<use>1</use>
<logicalDatatype>LOGDT011</logicalDatatype>
<dataTypePrecision>10</dataTypePrecision>
<dataTypeScale>0</dataTypeScale>
<dataTypeSize>4</dataTypeSize>
<delegate>449614BE-5EA3-C78D-5635-38F0A20D84C3</delegate>
<autoIncrementCycle>false</autoIncrementCycle>
<associations>
<colAssociation fkAssociation="EA50E1BB-FF98-030E-A058-C9E8C78D67D5" referredColumn="449614BE-5EA3-C78D-5635-38F0A20D84C3"/>
</associations>
</Column>
</columns>
<indexes itemClass="oracle.dbtools.crest.model.design.relational.Index">
<ind_PK_UK id="6FC0BB54-8C49-5E92-25B8-4EA24FAFF6FE" name="PK_ReturnToWorkPlanIntervention">
<sourceConnName>HWSInternal</sourceConnName>
<sourceObjSchema>Assessment</sourceObjSchema>
<sourceObjName>PK_ReturnToWorkPlanIntervention</sourceObjName>
<createdBy>david.moore</createdBy>
<createdTime>2015-01-12 09:17:58 UTC</createdTime>
<ownerDesignName>HWSInternal_12_01_2015</ownerDesignName>
<pk>true</pk>
<indexState>Primary Constraint</indexState>
<isSurrogateKey>false</isSurrogateKey>
<indexColumnUsage>
<colUsage columnID="7D13874F-E086-FEC4-674F-71B84B12DD49"/>
</indexColumnUsage>
</ind_PK_UK>
<ind_PK_UK id="49543A85-3F29-16BB-BD6A-1938FFBEDEBE" name="FK_ReturnToWorkPlanIntervention_ReturnToWorkPlan">
<createdBy>david.moore</createdBy>
<createdTime>2015-01-12 09:18:00 UTC</createdTime>
<ownerDesignName>HWSInternal_12_01_2015</ownerDesignName>
<indexState>Foreign Key</indexState>
<isSurrogateKey>false</isSurrogateKey>
<indexColumnUsage>
<colUsage columnID="24B81FB5-89B0-7DBF-F19E-0FF8898CB568"/>
</indexColumnUsage>
</ind_PK_UK>
<ind_PK_UK id="D92E5BE8-430E-685E-6C85-730D4A3144B8" name="FK_ReturnToWorkPlanIntervention_LookupItem">
<createdBy>david.moore</createdBy>
<createdTime>2015-01-12 09:18:00 UTC</createdTime>
<ownerDesignName>HWSInternal_12_01_2015</ownerDesignName>
<indexState>Foreign Key</indexState>
<isSurrogateKey>false</isSurrogateKey>
<indexColumnUsage>
<colUsage columnID="15AFC552-7636-45C0-A360-A031BE0F1D1E"/>
</indexColumnUsage>
</ind_PK_UK>
</indexes>
</Table>