<?xml version = '1.0' encoding = 'UTF-8'?>
<Table class="oracle.dbtools.crest.model.design.relational.Table" directorySegmentName="seg_1" id="6933E23E-4660-0803-AB91-16FCD2B3D31D" name="SMSTemplate">
<sourceConnName>HWSInternal</sourceConnName>
<sourceObjSchema>Template</sourceObjSchema>
<sourceObjName>SMSTemplate</sourceObjName>
<createdBy>david.moore</createdBy>
<createdTime>2015-01-12 09:18:00 UTC</createdTime>
<ownerDesignName>HWSInternal_12_01_2015</ownerDesignName>
<schemaObject>DCC636F5-4C18-915A-0A52-D0189C380DC9</schemaObject>
<allowColumnReorder>false</allowColumnReorder>
<existDependencyGenerateInDDl>true</existDependencyGenerateInDDl>
<columns itemClass="oracle.dbtools.crest.model.design.relational.Column">
<Column name="TemplateId" id="BD96CF6D-359B-9070-FE10-01F8C10617F1">
<sourceConnName>HWSInternal</sourceConnName>
<sourceObjSchema>SMSTemplate</sourceObjSchema>
<sourceObjName>TemplateId</sourceObjName>
<createdBy>david.moore</createdBy>
<createdTime>2015-01-12 09:18:00 UTC</createdTime>
<ownerDesignName>HWSInternal_12_01_2015</ownerDesignName>
<useDomainConstraints>false</useDomainConstraints>
<use>1</use>
<logicalDatatype>LOGDT011</logicalDatatype>
<dataTypePrecision>10</dataTypePrecision>
<dataTypeScale>0</dataTypeScale>
<dataTypeSize>4</dataTypeSize>
<autoIncrementCycle>false</autoIncrementCycle>
</Column>
<Column name="TemplateType" id="DAD6E355-B1A2-AE02-3914-2967EEC3ABA9">
<sourceConnName>HWSInternal</sourceConnName>
<sourceObjSchema>SMSTemplate</sourceObjSchema>
<sourceObjName>TemplateType</sourceObjName>
<createdBy>david.moore</createdBy>
<createdTime>2015-01-12 09:18:00 UTC</createdTime>
<ownerDesignName>HWSInternal_12_01_2015</ownerDesignName>
<useDomainConstraints>false</useDomainConstraints>
<use>1</use>
<logicalDatatype>LOGDT037</logicalDatatype>
<dataTypePrecision>50</dataTypePrecision>
<dataTypeScale>0</dataTypeScale>
<dataTypeSize>50</dataTypeSize>
<autoIncrementCycle>false</autoIncrementCycle>
</Column>
<Column name="Language" id="B6E50A80-189D-672D-8659-80790F62DB06">
<sourceConnName>HWSInternal</sourceConnName>
<sourceObjSchema>SMSTemplate</sourceObjSchema>
<sourceObjName>Language</sourceObjName>
<createdBy>david.moore</createdBy>
<createdTime>2015-01-12 09:18:00 UTC</createdTime>
<ownerDesignName>HWSInternal_12_01_2015</ownerDesignName>
<useDomainConstraints>false</useDomainConstraints>
<use>1</use>
<logicalDatatype>LOGDT037</logicalDatatype>
<dataTypePrecision>20</dataTypePrecision>
<dataTypeScale>0</dataTypeScale>
<dataTypeSize>20</dataTypeSize>
<autoIncrementCycle>false</autoIncrementCycle>
</Column>
<Column name="Content" id="1108A246-41C8-B495-07C5-F64DEEFEF852">
<sourceConnName>HWSInternal</sourceConnName>
<sourceObjSchema>SMSTemplate</sourceObjSchema>
<sourceObjName>Content</sourceObjName>
<createdBy>david.moore</createdBy>
<createdTime>2015-01-12 09:18:00 UTC</createdTime>
<ownerDesignName>HWSInternal_12_01_2015</ownerDesignName>
<useDomainConstraints>false</useDomainConstraints>
<use>1</use>
<logicalDatatype>LOGDT036</logicalDatatype>
<dataTypePrecision>0</dataTypePrecision>
<dataTypeScale>0</dataTypeScale>
<dataTypeSize>16</dataTypeSize>
<autoIncrementCycle>false</autoIncrementCycle>
</Column>
<Column name="DateCreated" id="763D6D8F-7075-E947-F2A6-3C45AC301579">
<sourceConnName>HWSInternal</sourceConnName>
<sourceObjSchema>SMSTemplate</sourceObjSchema>
<sourceObjName>DateCreated</sourceObjName>
<createdBy>david.moore</createdBy>
<createdTime>2015-01-12 09:18:00 UTC</createdTime>
<ownerDesignName>HWSInternal_12_01_2015</ownerDesignName>
<useDomainConstraints>false</useDomainConstraints>
<use>1</use>
<logicalDatatype>LOGDT008</logicalDatatype>
<dataTypePrecision>23</dataTypePrecision>
<dataTypeScale>3</dataTypeScale>
<dataTypeSize>8</dataTypeSize>
<autoIncrementCycle>false</autoIncrementCycle>
</Column>
<Column name="DateModififed" id="25669E20-52B0-AA19-15A9-B5DAB356E791">
<sourceConnName>HWSInternal</sourceConnName>
<sourceObjSchema>SMSTemplate</sourceObjSchema>
<sourceObjName>DateModififed</sourceObjName>
<createdBy>david.moore</createdBy>
<createdTime>2015-01-12 09:18:00 UTC</createdTime>
<ownerDesignName>HWSInternal_12_01_2015</ownerDesignName>
<nullsAllowed>true</nullsAllowed>
<useDomainConstraints>false</useDomainConstraints>
<use>1</use>
<logicalDatatype>LOGDT008</logicalDatatype>
<dataTypePrecision>23</dataTypePrecision>
<dataTypeScale>3</dataTypeScale>
<dataTypeSize>8</dataTypeSize>
<autoIncrementCycle>false</autoIncrementCycle>
</Column>
<Column name="IsDeleted" id="1F46EBA4-9CE4-9FEB-E9AB-FC24E8EDC5DE">
<sourceConnName>HWSInternal</sourceConnName>
<sourceObjSchema>SMSTemplate</sourceObjSchema>
<sourceObjName>IsDeleted</sourceObjName>
<createdBy>david.moore</createdBy>
<createdTime>2015-01-12 09:18:00 UTC</createdTime>
<ownerDesignName>HWSInternal_12_01_2015</ownerDesignName>
<useDomainConstraints>false</useDomainConstraints>
<use>1</use>
<logicalDatatype>LOGDT034</logicalDatatype>
<dataTypePrecision>1</dataTypePrecision>
<dataTypeScale>0</dataTypeScale>
<dataTypeSize>1</dataTypeSize>
<defaultValue>0</defaultValue>
<autoIncrementCycle>false</autoIncrementCycle>
</Column>
</columns>
<indexes itemClass="oracle.dbtools.crest.model.design.relational.Index">
<ind_PK_UK id="EA8D59C4-E0A3-B00E-9EAB-B900B87ECC5D" name="PK__SMSTempl__F87ADD275006DFF2">
<sourceConnName>HWSInternal</sourceConnName>
<sourceObjSchema>Template</sourceObjSchema>
<sourceObjName>PK__SMSTempl__F87ADD275006DFF2</sourceObjName>
<createdBy>david.moore</createdBy>
<createdTime>2015-01-12 09:18:00 UTC</createdTime>
<ownerDesignName>HWSInternal_12_01_2015</ownerDesignName>
<pk>true</pk>
<indexState>Primary Constraint</indexState>
<isSurrogateKey>false</isSurrogateKey>
<indexColumnUsage>
<colUsage columnID="BD96CF6D-359B-9070-FE10-01F8C10617F1"/>
</indexColumnUsage>
</ind_PK_UK>
</indexes>
<tableCheckConstraints itemClass="oracle.dbtools.crest.model.design.constraint.TableLevelConstraint">
<tableCheckConstraint name="DF__SMSTempla__IsDel__51EF2864" directorySegmentName="seg_0" id="B69B56F8-D0E6-C437-5C99-978215BD8530">
<sourceConnName>HWSInternal</sourceConnName>
<sourceObjSchema>Template</sourceObjSchema>
<sourceObjName>DF__SMSTempla__IsDel__51EF2864</sourceObjName>
<createdBy>david.moore</createdBy>
<createdTime>2015-01-12 09:18:00 UTC</createdTime>
<ownerDesignName>HWSInternal_12_01_2015</ownerDesignName>
<rule>(0)</rule>
</tableCheckConstraint>
</tableCheckConstraints>
</Table>