<?xml version = '1.0' encoding = 'UTF-8'?>
<Table class="oracle.dbtools.crest.model.design.relational.Table" directorySegmentName="seg_1" id="71A1FFB7-2BC2-1E55-531C-7FE129BEBED7" name="tblInvuDocuments">
<sourceConnName>HWSInternal</sourceConnName>
<sourceObjSchema>dbo</sourceObjSchema>
<sourceObjName>tblInvuDocuments</sourceObjName>
<createdBy>david.moore</createdBy>
<createdTime>2015-01-12 09:17:59 UTC</createdTime>
<ownerDesignName>HWSInternal_12_01_2015</ownerDesignName>
<schemaObject>4EB6B9C6-0365-2F78-E252-562BC729FF40</schemaObject>
<allowColumnReorder>false</allowColumnReorder>
<existDependencyGenerateInDDl>true</existDependencyGenerateInDDl>
<columns itemClass="oracle.dbtools.crest.model.design.relational.Column">
<Column name="id" id="205E1752-239A-FFD7-FC7F-294F1421FABF">
<sourceConnName>HWSInternal</sourceConnName>
<sourceObjSchema>tblInvuDocuments</sourceObjSchema>
<sourceObjName>id</sourceObjName>
<createdBy>david.moore</createdBy>
<createdTime>2015-01-12 09:17:59 UTC</createdTime>
<ownerDesignName>HWSInternal_12_01_2015</ownerDesignName>
<useDomainConstraints>false</useDomainConstraints>
<use>1</use>
<logicalDatatype>LOGDT011</logicalDatatype>
<dataTypePrecision>10</dataTypePrecision>
<dataTypeScale>0</dataTypeScale>
<dataTypeSize>4</dataTypeSize>
<autoIncrementCycle>false</autoIncrementCycle>
</Column>
<Column name="invuDocument" id="F2CBD4ED-1DE8-D58F-AB77-53E5240EFB14">
<sourceConnName>HWSInternal</sourceConnName>
<sourceObjSchema>tblInvuDocuments</sourceObjSchema>
<sourceObjName>invuDocument</sourceObjName>
<createdBy>david.moore</createdBy>
<createdTime>2015-01-12 09:17:59 UTC</createdTime>
<ownerDesignName>HWSInternal_12_01_2015</ownerDesignName>
<useDomainConstraints>false</useDomainConstraints>
<use>1</use>
<logicalDatatype>LOGDT028</logicalDatatype>
<dataTypePrecision>-1</dataTypePrecision>
<dataTypeScale>0</dataTypeScale>
<dataTypeSize>max</dataTypeSize>
<autoIncrementCycle>false</autoIncrementCycle>
</Column>
<Column name="createdBy" id="C25EBCAD-E4F0-AF5B-23AB-07817437D6DC">
<sourceConnName>HWSInternal</sourceConnName>
<sourceObjSchema>tblInvuDocuments</sourceObjSchema>
<sourceObjName>createdBy</sourceObjName>
<createdBy>david.moore</createdBy>
<createdTime>2015-01-12 09:17:59 UTC</createdTime>
<ownerDesignName>HWSInternal_12_01_2015</ownerDesignName>
<useDomainConstraints>false</useDomainConstraints>
<use>1</use>
<logicalDatatype>LOGDT024</logicalDatatype>
<dataTypePrecision>30</dataTypePrecision>
<dataTypeScale>0</dataTypeScale>
<dataTypeSize>30</dataTypeSize>
<autoIncrementCycle>false</autoIncrementCycle>
</Column>
<Column name="createdDate" id="13E75FF4-446A-55AE-F875-DB366F164408">
<sourceConnName>HWSInternal</sourceConnName>
<sourceObjSchema>tblInvuDocuments</sourceObjSchema>
<sourceObjName>createdDate</sourceObjName>
<createdBy>david.moore</createdBy>
<createdTime>2015-01-12 09:17:59 UTC</createdTime>
<ownerDesignName>HWSInternal_12_01_2015</ownerDesignName>
<useDomainConstraints>false</useDomainConstraints>
<use>1</use>
<logicalDatatype>LOGDT008</logicalDatatype>
<dataTypePrecision>23</dataTypePrecision>
<dataTypeScale>3</dataTypeScale>
<dataTypeSize>8</dataTypeSize>
<defaultValue>getdate()</defaultValue>
<autoIncrementCycle>false</autoIncrementCycle>
</Column>
<Column name="processed" id="B384F300-39E7-08FA-7D0B-AF4466BA46E9">
<sourceConnName>HWSInternal</sourceConnName>
<sourceObjSchema>tblInvuDocuments</sourceObjSchema>
<sourceObjName>processed</sourceObjName>
<createdBy>david.moore</createdBy>
<createdTime>2015-01-12 09:17:59 UTC</createdTime>
<ownerDesignName>HWSInternal_12_01_2015</ownerDesignName>
<useDomainConstraints>false</useDomainConstraints>
<use>1</use>
<logicalDatatype>LOGDT034</logicalDatatype>
<dataTypePrecision>1</dataTypePrecision>
<dataTypeScale>0</dataTypeScale>
<dataTypeSize>1</dataTypeSize>
<defaultValue>0</defaultValue>
<autoIncrementCycle>false</autoIncrementCycle>
</Column>
<Column name="invuId" id="A511BB9D-AA69-F956-73AA-55BE1C1138B9">
<sourceConnName>HWSInternal</sourceConnName>
<sourceObjSchema>tblInvuDocuments</sourceObjSchema>
<sourceObjName>invuId</sourceObjName>
<createdBy>david.moore</createdBy>
<createdTime>2015-01-12 09:17:59 UTC</createdTime>
<ownerDesignName>HWSInternal_12_01_2015</ownerDesignName>
<nullsAllowed>true</nullsAllowed>
<useDomainConstraints>false</useDomainConstraints>
<use>1</use>
<logicalDatatype>LOGDT011</logicalDatatype>
<dataTypePrecision>10</dataTypePrecision>
<dataTypeScale>0</dataTypeScale>
<dataTypeSize>4</dataTypeSize>
<autoIncrementCycle>false</autoIncrementCycle>
</Column>
<Column name="docAssembly" id="7DA71058-FF56-5E72-E22A-5E7B263C8501">
<sourceConnName>HWSInternal</sourceConnName>
<sourceObjSchema>tblInvuDocuments</sourceObjSchema>
<sourceObjName>docAssembly</sourceObjName>
<createdBy>david.moore</createdBy>
<createdTime>2015-01-12 09:17:59 UTC</createdTime>
<ownerDesignName>HWSInternal_12_01_2015</ownerDesignName>
<useDomainConstraints>false</useDomainConstraints>
<use>1</use>
<logicalDatatype>LOGDT037</logicalDatatype>
<dataTypePrecision>255</dataTypePrecision>
<dataTypeScale>0</dataTypeScale>
<dataTypeSize>255</dataTypeSize>
<autoIncrementCycle>false</autoIncrementCycle>
</Column>
<Column name="docBaseTypeFullName" id="C4577C97-6F24-8665-A973-79727D5BBF29">
<sourceConnName>HWSInternal</sourceConnName>
<sourceObjSchema>tblInvuDocuments</sourceObjSchema>
<sourceObjName>docBaseTypeFullName</sourceObjName>
<createdBy>david.moore</createdBy>
<createdTime>2015-01-12 09:17:59 UTC</createdTime>
<ownerDesignName>HWSInternal_12_01_2015</ownerDesignName>
<useDomainConstraints>false</useDomainConstraints>
<use>1</use>
<logicalDatatype>LOGDT037</logicalDatatype>
<dataTypePrecision>255</dataTypePrecision>
<dataTypeScale>0</dataTypeScale>
<dataTypeSize>255</dataTypeSize>
<autoIncrementCycle>false</autoIncrementCycle>
</Column>
<Column name="docTypeFullName" id="F27CA6F0-AB5D-3FDF-8449-A2FC612A102A">
<sourceConnName>HWSInternal</sourceConnName>
<sourceObjSchema>tblInvuDocuments</sourceObjSchema>
<sourceObjName>docTypeFullName</sourceObjName>
<createdBy>david.moore</createdBy>
<createdTime>2015-01-12 09:17:59 UTC</createdTime>
<ownerDesignName>HWSInternal_12_01_2015</ownerDesignName>
<useDomainConstraints>false</useDomainConstraints>
<use>1</use>
<logicalDatatype>LOGDT037</logicalDatatype>
<dataTypePrecision>255</dataTypePrecision>
<dataTypeScale>0</dataTypeScale>
<dataTypeSize>255</dataTypeSize>
<autoIncrementCycle>false</autoIncrementCycle>
</Column>
<Column name="failed" id="A427B057-BD5A-F06D-90D2-D3FDDB5639A4">
<sourceConnName>HWSInternal</sourceConnName>
<sourceObjSchema>tblInvuDocuments</sourceObjSchema>
<sourceObjName>failed</sourceObjName>
<createdBy>david.moore</createdBy>
<createdTime>2015-01-12 09:17:59 UTC</createdTime>
<ownerDesignName>HWSInternal_12_01_2015</ownerDesignName>
<useDomainConstraints>false</useDomainConstraints>
<use>1</use>
<logicalDatatype>LOGDT034</logicalDatatype>
<dataTypePrecision>1</dataTypePrecision>
<dataTypeScale>0</dataTypeScale>
<dataTypeSize>1</dataTypeSize>
<defaultValue>0</defaultValue>
<autoIncrementCycle>false</autoIncrementCycle>
</Column>
<Column name="docPath" id="4AEF0399-1015-CBA5-47F4-B75966CF573A">
<sourceConnName>HWSInternal</sourceConnName>
<sourceObjSchema>tblInvuDocuments</sourceObjSchema>
<sourceObjName>docPath</sourceObjName>
<createdBy>david.moore</createdBy>
<createdTime>2015-01-12 09:17:59 UTC</createdTime>
<ownerDesignName>HWSInternal_12_01_2015</ownerDesignName>
<nullsAllowed>true</nullsAllowed>
<useDomainConstraints>false</useDomainConstraints>
<use>1</use>
<logicalDatatype>LOGDT037</logicalDatatype>
<dataTypePrecision>510</dataTypePrecision>
<dataTypeScale>0</dataTypeScale>
<dataTypeSize>510</dataTypeSize>
<autoIncrementCycle>false</autoIncrementCycle>
</Column>
<Column name="caseId" id="240BD6B5-23D8-A9EF-D84A-8DE4CB9CC972">
<sourceConnName>HWSInternal</sourceConnName>
<sourceObjSchema>tblInvuDocuments</sourceObjSchema>
<sourceObjName>caseId</sourceObjName>
<createdBy>david.moore</createdBy>
<createdTime>2015-01-12 09:17:59 UTC</createdTime>
<ownerDesignName>HWSInternal_12_01_2015</ownerDesignName>
<useDomainConstraints>false</useDomainConstraints>
<use>1</use>
<logicalDatatype>LOGDT011</logicalDatatype>
<dataTypePrecision>10</dataTypePrecision>
<dataTypeScale>0</dataTypeScale>
<dataTypeSize>4</dataTypeSize>
<delegate>05174EA8-17A2-44D7-E20D-58DEB7BF35A2</delegate>
<autoIncrementCycle>false</autoIncrementCycle>
<associations>
<colAssociation fkAssociation="B836F78F-B1E6-3EF2-6AF4-409766D53DFC" referredColumn="05174EA8-17A2-44D7-E20D-58DEB7BF35A2"/>
</associations>
</Column>
<Column name="caseNoteId" id="9F1B27D6-EE9B-F1B8-49B4-0ACBE6749D2D">
<sourceConnName>HWSInternal</sourceConnName>
<sourceObjSchema>tblInvuDocuments</sourceObjSchema>
<sourceObjName>caseNoteId</sourceObjName>
<createdBy>david.moore</createdBy>
<createdTime>2015-01-12 09:17:59 UTC</createdTime>
<ownerDesignName>HWSInternal_12_01_2015</ownerDesignName>
<useDomainConstraints>false</useDomainConstraints>
<use>1</use>
<logicalDatatype>LOGDT011</logicalDatatype>
<dataTypePrecision>10</dataTypePrecision>
<dataTypeScale>0</dataTypeScale>
<dataTypeSize>4</dataTypeSize>
<delegate>7ACBA0C3-55C0-76AA-5C8F-C85AF6BA57FC</delegate>
<autoIncrementCycle>false</autoIncrementCycle>
<associations>
<colAssociation fkAssociation="83C252DB-8D17-B8BC-BB91-EDC96FA077D8" referredColumn="7ACBA0C3-55C0-76AA-5C8F-C85AF6BA57FC"/>
</associations>
</Column>
</columns>
<indexes itemClass="oracle.dbtools.crest.model.design.relational.Index">
<ind_PK_UK id="1059A66B-948C-1D38-C2E9-4A0BA06A21B3" name="PK_tblInvuDocuments">
<sourceConnName>HWSInternal</sourceConnName>
<sourceObjSchema>dbo</sourceObjSchema>
<sourceObjName>PK_tblInvuDocuments</sourceObjName>
<createdBy>david.moore</createdBy>
<createdTime>2015-01-12 09:17:59 UTC</createdTime>
<ownerDesignName>HWSInternal_12_01_2015</ownerDesignName>
<pk>true</pk>
<indexState>Primary Constraint</indexState>
<isSurrogateKey>false</isSurrogateKey>
<indexColumnUsage>
<colUsage columnID="205E1752-239A-FFD7-FC7F-294F1421FABF"/>
</indexColumnUsage>
</ind_PK_UK>
<ind_PK_UK id="30981A17-8865-D819-73EA-972C3BEF11F2" name="FK_tblInvuDocuments_Case">
<createdBy>david.moore</createdBy>
<createdTime>2015-01-12 09:18:00 UTC</createdTime>
<ownerDesignName>HWSInternal_12_01_2015</ownerDesignName>
<indexState>Foreign Key</indexState>
<isSurrogateKey>false</isSurrogateKey>
<indexColumnUsage>
<colUsage columnID="240BD6B5-23D8-A9EF-D84A-8DE4CB9CC972"/>
</indexColumnUsage>
</ind_PK_UK>
<ind_PK_UK id="9EB2DA5B-EB5F-A585-9EFD-31FCF38B6F2A" name="FK_tblInvuDocuments_CaseNote">
<createdBy>david.moore</createdBy>
<createdTime>2015-01-12 09:18:00 UTC</createdTime>
<ownerDesignName>HWSInternal_12_01_2015</ownerDesignName>
<indexState>Foreign Key</indexState>
<isSurrogateKey>false</isSurrogateKey>
<indexColumnUsage>
<colUsage columnID="9F1B27D6-EE9B-F1B8-49B4-0ACBE6749D2D"/>
</indexColumnUsage>
</ind_PK_UK>
</indexes>
<tableCheckConstraints itemClass="oracle.dbtools.crest.model.design.constraint.TableLevelConstraint">
<tableCheckConstraint name="DF_tblInvuDocuments_createdDate" directorySegmentName="seg_0" id="904E7FEC-0117-C99E-4DF2-18A6EC8D851E">
<sourceConnName>HWSInternal</sourceConnName>
<sourceObjSchema>dbo</sourceObjSchema>
<sourceObjName>DF_tblInvuDocuments_createdDate</sourceObjName>
<createdBy>david.moore</createdBy>
<createdTime>2015-01-12 09:17:59 UTC</createdTime>
<ownerDesignName>HWSInternal_12_01_2015</ownerDesignName>
<rule>getdate()</rule>
</tableCheckConstraint>
<tableCheckConstraint name="DF_tblInvuDocuments_processed" directorySegmentName="seg_0" id="8F9E6B3F-035E-91C1-8E52-D2DCBED01927">
<sourceConnName>HWSInternal</sourceConnName>
<sourceObjSchema>dbo</sourceObjSchema>
<sourceObjName>DF_tblInvuDocuments_processed</sourceObjName>
<createdBy>david.moore</createdBy>
<createdTime>2015-01-12 09:17:59 UTC</createdTime>
<ownerDesignName>HWSInternal_12_01_2015</ownerDesignName>
<rule>(0)</rule>
</tableCheckConstraint>
<tableCheckConstraint name="DF_tblInvuDocuments_indexFailed" directorySegmentName="seg_0" id="5AC2ED4D-7CAD-CF54-D557-3E4A90C4434C">
<sourceConnName>HWSInternal</sourceConnName>
<sourceObjSchema>dbo</sourceObjSchema>
<sourceObjName>DF_tblInvuDocuments_indexFailed</sourceObjName>
<createdBy>david.moore</createdBy>
<createdTime>2015-01-12 09:17:59 UTC</createdTime>
<ownerDesignName>HWSInternal_12_01_2015</ownerDesignName>
<rule>(0)</rule>
</tableCheckConstraint>
</tableCheckConstraints>
</Table>