<?xml version = '1.0' encoding = 'UTF-8'?>
<Table class="oracle.dbtools.crest.model.design.relational.Table" directorySegmentName="seg_1" id="775A6D80-C5F4-109E-227B-829FDC74533C" name="tblClinic2OHP">
<sourceConnName>HWSInternal</sourceConnName>
<sourceObjSchema>dbo</sourceObjSchema>
<sourceObjName>tblClinic2OHP</sourceObjName>
<createdBy>david.moore</createdBy>
<createdTime>2015-01-12 09:17:59 UTC</createdTime>
<ownerDesignName>HWSInternal_12_01_2015</ownerDesignName>
<schemaObject>4EB6B9C6-0365-2F78-E252-562BC729FF40</schemaObject>
<allowColumnReorder>false</allowColumnReorder>
<existDependencyGenerateInDDl>true</existDependencyGenerateInDDl>
<columns itemClass="oracle.dbtools.crest.model.design.relational.Column">
<Column name="fkClinic" id="F135AD84-336A-1C71-6C91-49B532760464">
<sourceConnName>HWSInternal</sourceConnName>
<sourceObjSchema>tblClinic2OHP</sourceObjSchema>
<sourceObjName>fkClinic</sourceObjName>
<createdBy>david.moore</createdBy>
<createdTime>2015-01-12 09:17:59 UTC</createdTime>
<ownerDesignName>HWSInternal_12_01_2015</ownerDesignName>
<useDomainConstraints>false</useDomainConstraints>
<use>1</use>
<logicalDatatype>LOGDT057</logicalDatatype>
<dataTypePrecision>0</dataTypePrecision>
<dataTypeScale>0</dataTypeScale>
<dataTypeSize>16</dataTypeSize>
<delegate>2EED7D4D-05C3-DCC9-CBA7-4A425640D43B</delegate>
<autoIncrementCycle>false</autoIncrementCycle>
<associations>
<colAssociation fkAssociation="D11E821A-9D32-C25D-9CAA-E70228840935" referredColumn="2EED7D4D-05C3-DCC9-CBA7-4A425640D43B"/>
</associations>
</Column>
<Column name="fkNetworkOHP" id="F33BA68A-0C54-C063-0BC4-68BF07A0ECBF">
<sourceConnName>HWSInternal</sourceConnName>
<sourceObjSchema>tblClinic2OHP</sourceObjSchema>
<sourceObjName>fkNetworkOHP</sourceObjName>
<createdBy>david.moore</createdBy>
<createdTime>2015-01-12 09:17:59 UTC</createdTime>
<ownerDesignName>HWSInternal_12_01_2015</ownerDesignName>
<useDomainConstraints>false</useDomainConstraints>
<use>1</use>
<logicalDatatype>LOGDT057</logicalDatatype>
<dataTypePrecision>0</dataTypePrecision>
<dataTypeScale>0</dataTypeScale>
<dataTypeSize>16</dataTypeSize>
<delegate>973D459A-F858-3C00-78D4-18576F19D75D</delegate>
<autoIncrementCycle>false</autoIncrementCycle>
<associations>
<colAssociation fkAssociation="53814958-EFBF-24CB-B8AE-A10F3CB6E6B4" referredColumn="973D459A-F858-3C00-78D4-18576F19D75D"/>
</associations>
</Column>
<Column name="strCreatedBy" id="F806DBEA-F5C7-CE08-3AC1-B9792EEC76D5">
<sourceConnName>HWSInternal</sourceConnName>
<sourceObjSchema>tblClinic2OHP</sourceObjSchema>
<sourceObjName>strCreatedBy</sourceObjName>
<createdBy>david.moore</createdBy>
<createdTime>2015-01-12 09:17:59 UTC</createdTime>
<ownerDesignName>HWSInternal_12_01_2015</ownerDesignName>
<nullsAllowed>true</nullsAllowed>
<useDomainConstraints>false</useDomainConstraints>
<use>1</use>
<logicalDatatype>LOGDT024</logicalDatatype>
<dataTypePrecision>30</dataTypePrecision>
<dataTypeScale>0</dataTypeScale>
<dataTypeSize>30</dataTypeSize>
<autoIncrementCycle>false</autoIncrementCycle>
</Column>
<Column name="dtmCreated" id="77CCC362-B8E2-1FE3-AB10-3E49440395ED">
<sourceConnName>HWSInternal</sourceConnName>
<sourceObjSchema>tblClinic2OHP</sourceObjSchema>
<sourceObjName>dtmCreated</sourceObjName>
<createdBy>david.moore</createdBy>
<createdTime>2015-01-12 09:17:59 UTC</createdTime>
<ownerDesignName>HWSInternal_12_01_2015</ownerDesignName>
<useDomainConstraints>false</useDomainConstraints>
<use>1</use>
<logicalDatatype>LOGDT008</logicalDatatype>
<dataTypePrecision>23</dataTypePrecision>
<dataTypeScale>3</dataTypeScale>
<dataTypeSize>8</dataTypeSize>
<defaultValue>getdate()</defaultValue>
<autoIncrementCycle>false</autoIncrementCycle>
</Column>
<Column name="isDeleted" id="340ED439-504E-8765-B990-9654420F20E0">
<sourceConnName>HWSInternal</sourceConnName>
<sourceObjSchema>tblClinic2OHP</sourceObjSchema>
<sourceObjName>isDeleted</sourceObjName>
<createdBy>david.moore</createdBy>
<createdTime>2015-01-12 09:17:59 UTC</createdTime>
<ownerDesignName>HWSInternal_12_01_2015</ownerDesignName>
<nullsAllowed>true</nullsAllowed>
<useDomainConstraints>false</useDomainConstraints>
<use>1</use>
<logicalDatatype>LOGDT034</logicalDatatype>
<dataTypePrecision>1</dataTypePrecision>
<dataTypeScale>0</dataTypeScale>
<dataTypeSize>1</dataTypeSize>
<defaultValue>0</defaultValue>
<autoIncrementCycle>false</autoIncrementCycle>
</Column>
<Column name="dtmMod" id="95B72C7C-761B-5028-760C-FD7058FC021E">
<sourceConnName>HWSInternal</sourceConnName>
<sourceObjSchema>tblClinic2OHP</sourceObjSchema>
<sourceObjName>dtmMod</sourceObjName>
<createdBy>david.moore</createdBy>
<createdTime>2015-01-12 09:17:59 UTC</createdTime>
<ownerDesignName>HWSInternal_12_01_2015</ownerDesignName>
<useDomainConstraints>false</useDomainConstraints>
<use>1</use>
<logicalDatatype>LOGDT008</logicalDatatype>
<dataTypePrecision>23</dataTypePrecision>
<dataTypeScale>3</dataTypeScale>
<dataTypeSize>8</dataTypeSize>
<defaultValue>getdate()</defaultValue>
<autoIncrementCycle>false</autoIncrementCycle>
</Column>
<Column name="fkAdminCentre" id="2B44F651-1B48-CDEF-1DBD-221345BD63A2">
<sourceConnName>HWSInternal</sourceConnName>
<sourceObjSchema>tblClinic2OHP</sourceObjSchema>
<sourceObjName>fkAdminCentre</sourceObjName>
<createdBy>david.moore</createdBy>
<createdTime>2015-01-12 09:17:59 UTC</createdTime>
<ownerDesignName>HWSInternal_12_01_2015</ownerDesignName>
<nullsAllowed>true</nullsAllowed>
<useDomainConstraints>false</useDomainConstraints>
<use>1</use>
<logicalDatatype>LOGDT057</logicalDatatype>
<dataTypePrecision>0</dataTypePrecision>
<dataTypeScale>0</dataTypeScale>
<dataTypeSize>16</dataTypeSize>
<delegate>2EED7D4D-05C3-DCC9-CBA7-4A425640D43B</delegate>
<autoIncrementCycle>false</autoIncrementCycle>
<associations>
<colAssociation fkAssociation="8635D60A-EDE3-4E00-DF1E-910221B825DF" referredColumn="2EED7D4D-05C3-DCC9-CBA7-4A425640D43B"/>
</associations>
</Column>
<Column name="strModBy" id="7E864C57-597A-8FFC-D4AB-64C31FC95A9C">
<sourceConnName>HWSInternal</sourceConnName>
<sourceObjSchema>tblClinic2OHP</sourceObjSchema>
<sourceObjName>strModBy</sourceObjName>
<createdBy>david.moore</createdBy>
<createdTime>2015-01-12 09:17:59 UTC</createdTime>
<ownerDesignName>HWSInternal_12_01_2015</ownerDesignName>
<useDomainConstraints>false</useDomainConstraints>
<use>1</use>
<logicalDatatype>LOGDT024</logicalDatatype>
<dataTypePrecision>30</dataTypePrecision>
<dataTypeScale>0</dataTypeScale>
<dataTypeSize>30</dataTypeSize>
<defaultValue>System</defaultValue>
<autoIncrementCycle>false</autoIncrementCycle>
</Column>
<Column name="ccyFee" id="60902D7F-97AA-74E6-13CE-4CD29A50DAA6">
<sourceConnName>HWSInternal</sourceConnName>
<sourceObjSchema>tblClinic2OHP</sourceObjSchema>
<sourceObjName>ccyFee</sourceObjName>
<createdBy>david.moore</createdBy>
<createdTime>2015-01-12 09:17:59 UTC</createdTime>
<ownerDesignName>HWSInternal_12_01_2015</ownerDesignName>
<nullsAllowed>true</nullsAllowed>
<useDomainConstraints>false</useDomainConstraints>
<use>1</use>
<logicalDatatype>LOGDT043</logicalDatatype>
<dataTypePrecision>19</dataTypePrecision>
<dataTypeScale>4</dataTypeScale>
<dataTypeSize>8</dataTypeSize>
<autoIncrementCycle>false</autoIncrementCycle>
</Column>
<Column name="ccyFeeDNA" id="FC028AC5-B83E-26D1-5977-A509DB48AF26">
<sourceConnName>HWSInternal</sourceConnName>
<sourceObjSchema>tblClinic2OHP</sourceObjSchema>
<sourceObjName>ccyFeeDNA</sourceObjName>
<createdBy>david.moore</createdBy>
<createdTime>2015-01-12 09:17:59 UTC</createdTime>
<ownerDesignName>HWSInternal_12_01_2015</ownerDesignName>
<nullsAllowed>true</nullsAllowed>
<useDomainConstraints>false</useDomainConstraints>
<use>1</use>
<logicalDatatype>LOGDT043</logicalDatatype>
<dataTypePrecision>19</dataTypePrecision>
<dataTypeScale>4</dataTypeScale>
<dataTypeSize>8</dataTypeSize>
<autoIncrementCycle>false</autoIncrementCycle>
</Column>
<Column name="isVAT" id="19EF1F22-FE53-0BA9-98AD-A75046AA0582">
<sourceConnName>HWSInternal</sourceConnName>
<sourceObjSchema>tblClinic2OHP</sourceObjSchema>
<sourceObjName>isVAT</sourceObjName>
<createdBy>david.moore</createdBy>
<createdTime>2015-01-12 09:17:59 UTC</createdTime>
<ownerDesignName>HWSInternal_12_01_2015</ownerDesignName>
<nullsAllowed>true</nullsAllowed>
<useDomainConstraints>false</useDomainConstraints>
<use>1</use>
<logicalDatatype>LOGDT034</logicalDatatype>
<dataTypePrecision>1</dataTypePrecision>
<dataTypeScale>0</dataTypeScale>
<dataTypeSize>1</dataTypeSize>
<autoIncrementCycle>false</autoIncrementCycle>
</Column>
<Column name="strComment" id="6FE2F4A5-A132-8AED-415F-A88F04CD2ADA">
<sourceConnName>HWSInternal</sourceConnName>
<sourceObjSchema>tblClinic2OHP</sourceObjSchema>
<sourceObjName>strComment</sourceObjName>
<createdBy>david.moore</createdBy>
<createdTime>2015-01-12 09:17:59 UTC</createdTime>
<ownerDesignName>HWSInternal_12_01_2015</ownerDesignName>
<nullsAllowed>true</nullsAllowed>
<useDomainConstraints>false</useDomainConstraints>
<use>1</use>
<logicalDatatype>LOGDT024</logicalDatatype>
<dataTypePrecision>512</dataTypePrecision>
<dataTypeScale>0</dataTypeScale>
<dataTypeSize>512</dataTypeSize>
<autoIncrementCycle>false</autoIncrementCycle>
</Column>
<Column name="ccyFeeCanx" id="7A59F139-389F-ECB2-985F-FF22758CC378">
<sourceConnName>HWSInternal</sourceConnName>
<sourceObjSchema>tblClinic2OHP</sourceObjSchema>
<sourceObjName>ccyFeeCanx</sourceObjName>
<createdBy>david.moore</createdBy>
<createdTime>2015-01-12 09:17:59 UTC</createdTime>
<ownerDesignName>HWSInternal_12_01_2015</ownerDesignName>
<nullsAllowed>true</nullsAllowed>
<useDomainConstraints>false</useDomainConstraints>
<use>1</use>
<logicalDatatype>LOGDT043</logicalDatatype>
<dataTypePrecision>19</dataTypePrecision>
<dataTypeScale>4</dataTypeScale>
<dataTypeSize>8</dataTypeSize>
<autoIncrementCycle>false</autoIncrementCycle>
</Column>
</columns>
<indexes itemClass="oracle.dbtools.crest.model.design.relational.Index">
<ind_PK_UK id="C7E8E295-7AD0-711E-EB11-C3F857D8A651" name="PK_clinic2OHP">
<sourceConnName>HWSInternal</sourceConnName>
<sourceObjSchema>dbo</sourceObjSchema>
<sourceObjName>PK_clinic2OHP</sourceObjName>
<createdBy>david.moore</createdBy>
<createdTime>2015-01-12 09:17:59 UTC</createdTime>
<ownerDesignName>HWSInternal_12_01_2015</ownerDesignName>
<pk>true</pk>
<indexState>Primary Constraint</indexState>
<isSurrogateKey>false</isSurrogateKey>
<indexColumnUsage>
<colUsage columnID="F135AD84-336A-1C71-6C91-49B532760464"/>
<colUsage columnID="F33BA68A-0C54-C063-0BC4-68BF07A0ECBF"/>
</indexColumnUsage>
</ind_PK_UK>
<ind_PK_UK id="9633B0ED-D898-1E33-89D5-2C86490DB9D3" name="FK_tblClinic2OHP_tblOHPClinics">
<createdBy>david.moore</createdBy>
<createdTime>2015-01-12 09:18:00 UTC</createdTime>
<ownerDesignName>HWSInternal_12_01_2015</ownerDesignName>
<indexState>Foreign Key</indexState>
<isSurrogateKey>false</isSurrogateKey>
<indexColumnUsage>
<colUsage columnID="2B44F651-1B48-CDEF-1DBD-221345BD63A2"/>
</indexColumnUsage>
</ind_PK_UK>
<ind_PK_UK id="3F5A67BB-0D81-BB1B-1C54-AE14CB61E90C" name="FK_Clinic2OHP_OHP">
<createdBy>david.moore</createdBy>
<createdTime>2015-01-12 09:18:00 UTC</createdTime>
<ownerDesignName>HWSInternal_12_01_2015</ownerDesignName>
<indexState>Foreign Key</indexState>
<isSurrogateKey>false</isSurrogateKey>
<indexColumnUsage>
<colUsage columnID="F33BA68A-0C54-C063-0BC4-68BF07A0ECBF"/>
</indexColumnUsage>
</ind_PK_UK>
<ind_PK_UK id="8864F989-F5B6-C9C5-B214-E62D5E2588EC" name="FK_Clinic2OHP_Clinic">
<createdBy>david.moore</createdBy>
<createdTime>2015-01-12 09:18:00 UTC</createdTime>
<ownerDesignName>HWSInternal_12_01_2015</ownerDesignName>
<indexState>Foreign Key</indexState>
<isSurrogateKey>false</isSurrogateKey>
<indexColumnUsage>
<colUsage columnID="F135AD84-336A-1C71-6C91-49B532760464"/>
</indexColumnUsage>
</ind_PK_UK>
</indexes>
<tableCheckConstraints itemClass="oracle.dbtools.crest.model.design.constraint.TableLevelConstraint">
<tableCheckConstraint name="DF__DbaMgr_Tm__dtmCr__11207638" directorySegmentName="seg_0" id="59618E5C-D2EB-353A-1904-95091C2B1168">
<sourceConnName>HWSInternal</sourceConnName>
<sourceObjSchema>dbo</sourceObjSchema>
<sourceObjName>DF__DbaMgr_Tm__dtmCr__11207638</sourceObjName>
<createdBy>david.moore</createdBy>
<createdTime>2015-01-12 09:17:59 UTC</createdTime>
<ownerDesignName>HWSInternal_12_01_2015</ownerDesignName>
<rule>getdate()</rule>
</tableCheckConstraint>
<tableCheckConstraint name="DF__DbaMgr_Tm__isDel__12149A71" directorySegmentName="seg_0" id="34B7FFB7-BD74-F214-0015-8600D5AF299D">
<sourceConnName>HWSInternal</sourceConnName>
<sourceObjSchema>dbo</sourceObjSchema>
<sourceObjName>DF__DbaMgr_Tm__isDel__12149A71</sourceObjName>
<createdBy>david.moore</createdBy>
<createdTime>2015-01-12 09:17:59 UTC</createdTime>
<ownerDesignName>HWSInternal_12_01_2015</ownerDesignName>
<rule>(0)</rule>
</tableCheckConstraint>
<tableCheckConstraint name="DF__tblClinic__dtmMo__619C4B9F" directorySegmentName="seg_0" id="01E97B40-5806-8512-1F65-B75D81ACFEA1">
<sourceConnName>HWSInternal</sourceConnName>
<sourceObjSchema>dbo</sourceObjSchema>
<sourceObjName>DF__tblClinic__dtmMo__619C4B9F</sourceObjName>
<createdBy>david.moore</createdBy>
<createdTime>2015-01-12 09:17:59 UTC</createdTime>
<ownerDesignName>HWSInternal_12_01_2015</ownerDesignName>
<rule>getdate()</rule>
</tableCheckConstraint>
<tableCheckConstraint name="DF__tblClinic__strMo__62906FD8" directorySegmentName="seg_0" id="C67723AC-F9DC-9AAB-3179-8AFF0A2A331C">
<sourceConnName>HWSInternal</sourceConnName>
<sourceObjSchema>dbo</sourceObjSchema>
<sourceObjName>DF__tblClinic__strMo__62906FD8</sourceObjName>
<createdBy>david.moore</createdBy>
<createdTime>2015-01-12 09:17:59 UTC</createdTime>
<ownerDesignName>HWSInternal_12_01_2015</ownerDesignName>
<rule>&apos;System&apos;</rule>
</tableCheckConstraint>
</tableCheckConstraints>
</Table>