<?xml version = '1.0' encoding = 'UTF-8'?>
<Table class="oracle.dbtools.crest.model.design.relational.Table" directorySegmentName="seg_1" id="7DF803F5-F9DD-9555-088B-5558B5CB7C2B" name="tblGlobalVars">
<sourceConnName>HWSInternal</sourceConnName>
<sourceObjSchema>dbo</sourceObjSchema>
<sourceObjName>tblGlobalVars</sourceObjName>
<createdBy>david.moore</createdBy>
<createdTime>2015-01-12 09:17:59 UTC</createdTime>
<ownerDesignName>HWSInternal_12_01_2015</ownerDesignName>
<schemaObject>4EB6B9C6-0365-2F78-E252-562BC729FF40</schemaObject>
<allowColumnReorder>false</allowColumnReorder>
<existDependencyGenerateInDDl>true</existDependencyGenerateInDDl>
<columns itemClass="oracle.dbtools.crest.model.design.relational.Column">
<Column name="uidGlobalVars" id="305662C2-6A91-4D42-15D3-CAB95CB99A9D">
<sourceConnName>HWSInternal</sourceConnName>
<sourceObjSchema>tblGlobalVars</sourceObjSchema>
<sourceObjName>uidGlobalVars</sourceObjName>
<createdBy>david.moore</createdBy>
<createdTime>2015-01-12 09:17:59 UTC</createdTime>
<ownerDesignName>HWSInternal_12_01_2015</ownerDesignName>
<useDomainConstraints>false</useDomainConstraints>
<use>1</use>
<logicalDatatype>LOGDT057</logicalDatatype>
<dataTypePrecision>0</dataTypePrecision>
<dataTypeScale>0</dataTypeScale>
<dataTypeSize>16</dataTypeSize>
<defaultValue>newid()</defaultValue>
<autoIncrementCycle>false</autoIncrementCycle>
</Column>
<Column name="flVAT" id="EEA5657D-5DF9-D741-09F7-70B1CC41AEA6">
<sourceConnName>HWSInternal</sourceConnName>
<sourceObjSchema>tblGlobalVars</sourceObjSchema>
<sourceObjName>flVAT</sourceObjName>
<createdBy>david.moore</createdBy>
<createdTime>2015-01-12 09:17:59 UTC</createdTime>
<ownerDesignName>HWSInternal_12_01_2015</ownerDesignName>
<nullsAllowed>true</nullsAllowed>
<useDomainConstraints>false</useDomainConstraints>
<use>1</use>
<logicalDatatype>LOGDT021</logicalDatatype>
<dataTypePrecision>53</dataTypePrecision>
<dataTypeScale>0</dataTypeScale>
<dataTypeSize>8</dataTypeSize>
<autoIncrementCycle>false</autoIncrementCycle>
</Column>
<Column name="dtmCreated" id="E6ACF272-7E2C-A8FE-FB6B-B873456BFC3F">
<sourceConnName>HWSInternal</sourceConnName>
<sourceObjSchema>tblGlobalVars</sourceObjSchema>
<sourceObjName>dtmCreated</sourceObjName>
<createdBy>david.moore</createdBy>
<createdTime>2015-01-12 09:17:59 UTC</createdTime>
<ownerDesignName>HWSInternal_12_01_2015</ownerDesignName>
<nullsAllowed>true</nullsAllowed>
<useDomainConstraints>false</useDomainConstraints>
<use>1</use>
<logicalDatatype>LOGDT008</logicalDatatype>
<dataTypePrecision>23</dataTypePrecision>
<dataTypeScale>3</dataTypeScale>
<dataTypeSize>8</dataTypeSize>
<defaultValue>getdate()</defaultValue>
<autoIncrementCycle>false</autoIncrementCycle>
</Column>
<Column name="strCreatedBy" id="103C3D7E-1A49-0DC1-C05A-AC4F649F8A3E">
<sourceConnName>HWSInternal</sourceConnName>
<sourceObjSchema>tblGlobalVars</sourceObjSchema>
<sourceObjName>strCreatedBy</sourceObjName>
<createdBy>david.moore</createdBy>
<createdTime>2015-01-12 09:17:59 UTC</createdTime>
<ownerDesignName>HWSInternal_12_01_2015</ownerDesignName>
<nullsAllowed>true</nullsAllowed>
<useDomainConstraints>false</useDomainConstraints>
<use>1</use>
<logicalDatatype>LOGDT024</logicalDatatype>
<dataTypePrecision>30</dataTypePrecision>
<dataTypeScale>0</dataTypeScale>
<dataTypeSize>30</dataTypeSize>
<autoIncrementCycle>false</autoIncrementCycle>
</Column>
<Column name="isCurrent" id="5ED049AA-859B-8591-7311-281D12CBE7BF">
<sourceConnName>HWSInternal</sourceConnName>
<sourceObjSchema>tblGlobalVars</sourceObjSchema>
<sourceObjName>isCurrent</sourceObjName>
<createdBy>david.moore</createdBy>
<createdTime>2015-01-12 09:17:59 UTC</createdTime>
<ownerDesignName>HWSInternal_12_01_2015</ownerDesignName>
<nullsAllowed>true</nullsAllowed>
<useDomainConstraints>false</useDomainConstraints>
<use>1</use>
<logicalDatatype>LOGDT034</logicalDatatype>
<dataTypePrecision>1</dataTypePrecision>
<dataTypeScale>0</dataTypeScale>
<dataTypeSize>1</dataTypeSize>
<defaultValue>1</defaultValue>
<autoIncrementCycle>false</autoIncrementCycle>
</Column>
<Column name="dtmMod" id="43D6119E-936F-A87D-1253-974E5181B1B6">
<sourceConnName>HWSInternal</sourceConnName>
<sourceObjSchema>tblGlobalVars</sourceObjSchema>
<sourceObjName>dtmMod</sourceObjName>
<createdBy>david.moore</createdBy>
<createdTime>2015-01-12 09:17:59 UTC</createdTime>
<ownerDesignName>HWSInternal_12_01_2015</ownerDesignName>
<useDomainConstraints>false</useDomainConstraints>
<use>1</use>
<logicalDatatype>LOGDT008</logicalDatatype>
<dataTypePrecision>23</dataTypePrecision>
<dataTypeScale>3</dataTypeScale>
<dataTypeSize>8</dataTypeSize>
<defaultValue>getdate()</defaultValue>
<autoIncrementCycle>false</autoIncrementCycle>
</Column>
<Column name="strModBy" id="8925802B-2B6C-511A-AA85-DE821C2F8EB9">
<sourceConnName>HWSInternal</sourceConnName>
<sourceObjSchema>tblGlobalVars</sourceObjSchema>
<sourceObjName>strModBy</sourceObjName>
<createdBy>david.moore</createdBy>
<createdTime>2015-01-12 09:17:59 UTC</createdTime>
<ownerDesignName>HWSInternal_12_01_2015</ownerDesignName>
<useDomainConstraints>false</useDomainConstraints>
<use>1</use>
<logicalDatatype>LOGDT024</logicalDatatype>
<dataTypePrecision>30</dataTypePrecision>
<dataTypeScale>0</dataTypeScale>
<dataTypeSize>30</dataTypeSize>
<defaultValue>System</defaultValue>
<autoIncrementCycle>false</autoIncrementCycle>
</Column>
<Column name="intFMEInformClientChase" id="A1E04A7A-BCF4-EDD8-5CDB-2FD8ECDD2A40">
<sourceConnName>HWSInternal</sourceConnName>
<sourceObjSchema>tblGlobalVars</sourceObjSchema>
<sourceObjName>intFMEInformClientChase</sourceObjName>
<createdBy>david.moore</createdBy>
<createdTime>2015-01-12 09:17:59 UTC</createdTime>
<commentInRDBMS>Task occurs how many days after fme when client still not informed</commentInRDBMS>
<ownerDesignName>HWSInternal_12_01_2015</ownerDesignName>
<useDomainConstraints>false</useDomainConstraints>
<use>1</use>
<logicalDatatype>LOGDT011</logicalDatatype>
<dataTypePrecision>10</dataTypePrecision>
<dataTypeScale>0</dataTypeScale>
<dataTypeSize>4</dataTypeSize>
<defaultValue>2</defaultValue>
<autoIncrementCycle>false</autoIncrementCycle>
</Column>
<Column name="strOutPutFolder" id="3CB56440-6589-C632-8686-076A3F115DA6">
<sourceConnName>HWSInternal</sourceConnName>
<sourceObjSchema>tblGlobalVars</sourceObjSchema>
<sourceObjName>strOutPutFolder</sourceObjName>
<createdBy>david.moore</createdBy>
<createdTime>2015-01-12 09:17:59 UTC</createdTime>
<ownerDesignName>HWSInternal_12_01_2015</ownerDesignName>
<nullsAllowed>true</nullsAllowed>
<useDomainConstraints>false</useDomainConstraints>
<use>1</use>
<logicalDatatype>LOGDT024</logicalDatatype>
<dataTypePrecision>255</dataTypePrecision>
<dataTypeScale>0</dataTypeScale>
<dataTypeSize>255</dataTypeSize>
<autoIncrementCycle>false</autoIncrementCycle>
</Column>
<Column name="intMonthsConsentFormActive" id="1F2C464F-8319-1B4C-AA81-C827977D6E00">
<sourceConnName>HWSInternal</sourceConnName>
<sourceObjSchema>tblGlobalVars</sourceObjSchema>
<sourceObjName>intMonthsConsentFormActive</sourceObjName>
<createdBy>david.moore</createdBy>
<createdTime>2015-01-12 09:17:59 UTC</createdTime>
<ownerDesignName>HWSInternal_12_01_2015</ownerDesignName>
<nullsAllowed>true</nullsAllowed>
<useDomainConstraints>false</useDomainConstraints>
<use>1</use>
<logicalDatatype>LOGDT011</logicalDatatype>
<dataTypePrecision>10</dataTypePrecision>
<dataTypeScale>0</dataTypeScale>
<dataTypeSize>4</dataTypeSize>
<autoIncrementCycle>false</autoIncrementCycle>
</Column>
<Column name="strOverridePwd" id="B431F1FF-A083-006A-307E-97C68814847B">
<sourceConnName>HWSInternal</sourceConnName>
<sourceObjSchema>tblGlobalVars</sourceObjSchema>
<sourceObjName>strOverridePwd</sourceObjName>
<createdBy>david.moore</createdBy>
<createdTime>2015-01-12 09:17:59 UTC</createdTime>
<ownerDesignName>HWSInternal_12_01_2015</ownerDesignName>
<useDomainConstraints>false</useDomainConstraints>
<use>1</use>
<logicalDatatype>LOGDT025</logicalDatatype>
<dataTypePrecision>32</dataTypePrecision>
<dataTypeScale>0</dataTypeScale>
<dataTypeSize>32</dataTypeSize>
<defaultValue>test</defaultValue>
<autoIncrementCycle>false</autoIncrementCycle>
</Column>
<Column name="intCheckContractDays" id="52BAA21E-8FDA-3C8D-F831-C1745F928C5E">
<sourceConnName>HWSInternal</sourceConnName>
<sourceObjSchema>tblGlobalVars</sourceObjSchema>
<sourceObjName>intCheckContractDays</sourceObjName>
<createdBy>david.moore</createdBy>
<createdTime>2015-01-12 09:17:59 UTC</createdTime>
<ownerDesignName>HWSInternal_12_01_2015</ownerDesignName>
<useDomainConstraints>false</useDomainConstraints>
<use>1</use>
<logicalDatatype>LOGDT034</logicalDatatype>
<dataTypePrecision>1</dataTypePrecision>
<dataTypeScale>0</dataTypeScale>
<dataTypeSize>1</dataTypeSize>
<defaultValue>90</defaultValue>
<autoIncrementCycle>false</autoIncrementCycle>
</Column>
<Column name="strAccountsEmail" id="DEAE4AF6-8598-5774-36D4-6164F3CD2DC3">
<sourceConnName>HWSInternal</sourceConnName>
<sourceObjSchema>tblGlobalVars</sourceObjSchema>
<sourceObjName>strAccountsEmail</sourceObjName>
<createdBy>david.moore</createdBy>
<createdTime>2015-01-12 09:17:59 UTC</createdTime>
<ownerDesignName>HWSInternal_12_01_2015</ownerDesignName>
<nullsAllowed>true</nullsAllowed>
<useDomainConstraints>false</useDomainConstraints>
<use>1</use>
<logicalDatatype>LOGDT024</logicalDatatype>
<dataTypePrecision>100</dataTypePrecision>
<dataTypeScale>0</dataTypeScale>
<dataTypeSize>100</dataTypeSize>
<autoIncrementCycle>false</autoIncrementCycle>
</Column>
<Column name="strWipitEmail" id="9CB32D6C-0C49-9136-0352-ACF4635970DC">
<sourceConnName>HWSInternal</sourceConnName>
<sourceObjSchema>tblGlobalVars</sourceObjSchema>
<sourceObjName>strWipitEmail</sourceObjName>
<createdBy>david.moore</createdBy>
<createdTime>2015-01-12 09:17:59 UTC</createdTime>
<ownerDesignName>HWSInternal_12_01_2015</ownerDesignName>
<nullsAllowed>true</nullsAllowed>
<useDomainConstraints>false</useDomainConstraints>
<use>1</use>
<logicalDatatype>LOGDT024</logicalDatatype>
<dataTypePrecision>100</dataTypePrecision>
<dataTypeScale>0</dataTypeScale>
<dataTypeSize>100</dataTypeSize>
<autoIncrementCycle>false</autoIncrementCycle>
</Column>
<Column name="HMLOnlineEmailTemplates" id="289384AB-FEF9-8BA9-360E-23179FA3BD05">
<sourceConnName>HWSInternal</sourceConnName>
<sourceObjSchema>tblGlobalVars</sourceObjSchema>
<sourceObjName>HMLOnlineEmailTemplates</sourceObjName>
<createdBy>david.moore</createdBy>
<createdTime>2015-01-12 09:17:59 UTC</createdTime>
<ownerDesignName>HWSInternal_12_01_2015</ownerDesignName>
<nullsAllowed>true</nullsAllowed>
<useDomainConstraints>false</useDomainConstraints>
<use>1</use>
<logicalDatatype>LOGDT028</logicalDatatype>
<dataTypePrecision>-1</dataTypePrecision>
<dataTypeScale>0</dataTypeScale>
<dataTypeSize>max</dataTypeSize>
<autoIncrementCycle>false</autoIncrementCycle>
</Column>
<Column name="HMLOnlineScannedDocsFolder" id="8DB8468D-E10B-2169-7937-963442A5427F">
<sourceConnName>HWSInternal</sourceConnName>
<sourceObjSchema>tblGlobalVars</sourceObjSchema>
<sourceObjName>HMLOnlineScannedDocsFolder</sourceObjName>
<createdBy>david.moore</createdBy>
<createdTime>2015-01-12 09:17:59 UTC</createdTime>
<ownerDesignName>HWSInternal_12_01_2015</ownerDesignName>
<nullsAllowed>true</nullsAllowed>
<useDomainConstraints>false</useDomainConstraints>
<use>1</use>
<logicalDatatype>LOGDT028</logicalDatatype>
<dataTypePrecision>-1</dataTypePrecision>
<dataTypeScale>0</dataTypeScale>
<dataTypeSize>max</dataTypeSize>
<autoIncrementCycle>false</autoIncrementCycle>
</Column>
<Column name="OnlineUserEmailAddress" id="3C8F871D-440C-7644-3A92-68A87770C52E">
<sourceConnName>HWSInternal</sourceConnName>
<sourceObjSchema>tblGlobalVars</sourceObjSchema>
<sourceObjName>OnlineUserEmailAddress</sourceObjName>
<createdBy>david.moore</createdBy>
<createdTime>2015-01-12 09:17:59 UTC</createdTime>
<ownerDesignName>HWSInternal_12_01_2015</ownerDesignName>
<nullsAllowed>true</nullsAllowed>
<useDomainConstraints>false</useDomainConstraints>
<use>1</use>
<logicalDatatype>LOGDT024</logicalDatatype>
<dataTypePrecision>50</dataTypePrecision>
<dataTypeScale>0</dataTypeScale>
<dataTypeSize>50</dataTypeSize>
<autoIncrementCycle>false</autoIncrementCycle>
</Column>
<Column name="OnlineUserPassword" id="F8C4FEB3-37C5-138C-3394-76EF5F02C14F">
<sourceConnName>HWSInternal</sourceConnName>
<sourceObjSchema>tblGlobalVars</sourceObjSchema>
<sourceObjName>OnlineUserPassword</sourceObjName>
<createdBy>david.moore</createdBy>
<createdTime>2015-01-12 09:17:59 UTC</createdTime>
<ownerDesignName>HWSInternal_12_01_2015</ownerDesignName>
<nullsAllowed>true</nullsAllowed>
<useDomainConstraints>false</useDomainConstraints>
<use>1</use>
<logicalDatatype>LOGDT024</logicalDatatype>
<dataTypePrecision>50</dataTypePrecision>
<dataTypeScale>0</dataTypeScale>
<dataTypeSize>50</dataTypeSize>
<autoIncrementCycle>false</autoIncrementCycle>
</Column>
<Column name="OnlineUserNTUsername" id="B57F1AC8-A9D8-6BF2-17E2-9A3CBA04B94A">
<sourceConnName>HWSInternal</sourceConnName>
<sourceObjSchema>tblGlobalVars</sourceObjSchema>
<sourceObjName>OnlineUserNTUsername</sourceObjName>
<createdBy>david.moore</createdBy>
<createdTime>2015-01-12 09:17:59 UTC</createdTime>
<ownerDesignName>HWSInternal_12_01_2015</ownerDesignName>
<nullsAllowed>true</nullsAllowed>
<useDomainConstraints>false</useDomainConstraints>
<use>1</use>
<logicalDatatype>LOGDT024</logicalDatatype>
<dataTypePrecision>50</dataTypePrecision>
<dataTypeScale>0</dataTypeScale>
<dataTypeSize>50</dataTypeSize>
<autoIncrementCycle>false</autoIncrementCycle>
</Column>
<Column name="DefaultQuestionnaireClinicianTriageTeamId" id="6AE0A389-E476-E605-DEF9-C843B88D27F4">
<sourceConnName>HWSInternal</sourceConnName>
<sourceObjSchema>tblGlobalVars</sourceObjSchema>
<sourceObjName>DefaultQuestionnaireClinicianTriageTeamId</sourceObjName>
<createdBy>david.moore</createdBy>
<createdTime>2015-01-12 09:17:59 UTC</createdTime>
<ownerDesignName>HWSInternal_12_01_2015</ownerDesignName>
<nullsAllowed>true</nullsAllowed>
<useDomainConstraints>false</useDomainConstraints>
<use>1</use>
<logicalDatatype>LOGDT057</logicalDatatype>
<dataTypePrecision>0</dataTypePrecision>
<dataTypeScale>0</dataTypeScale>
<dataTypeSize>16</dataTypeSize>
<autoIncrementCycle>false</autoIncrementCycle>
</Column>
<Column name="DefaultReferralClinicianTriageTeamId" id="A8BA031C-D81E-30E2-BF26-6F6477738933">
<sourceConnName>HWSInternal</sourceConnName>
<sourceObjSchema>tblGlobalVars</sourceObjSchema>
<sourceObjName>DefaultReferralClinicianTriageTeamId</sourceObjName>
<createdBy>david.moore</createdBy>
<createdTime>2015-01-12 09:17:59 UTC</createdTime>
<ownerDesignName>HWSInternal_12_01_2015</ownerDesignName>
<nullsAllowed>true</nullsAllowed>
<useDomainConstraints>false</useDomainConstraints>
<use>1</use>
<logicalDatatype>LOGDT057</logicalDatatype>
<dataTypePrecision>0</dataTypePrecision>
<dataTypeScale>0</dataTypeScale>
<dataTypeSize>16</dataTypeSize>
<autoIncrementCycle>false</autoIncrementCycle>
</Column>
<Column name="DefaultClipStartDate" id="1F2E2848-15E3-A88D-B26A-09E28325F1A4">
<sourceConnName>HWSInternal</sourceConnName>
<sourceObjSchema>tblGlobalVars</sourceObjSchema>
<sourceObjName>DefaultClipStartDate</sourceObjName>
<createdBy>david.moore</createdBy>
<createdTime>2015-01-12 09:17:59 UTC</createdTime>
<ownerDesignName>HWSInternal_12_01_2015</ownerDesignName>
<nullsAllowed>true</nullsAllowed>
<useDomainConstraints>false</useDomainConstraints>
<use>1</use>
<logicalDatatype>LOGDT008</logicalDatatype>
<dataTypePrecision>23</dataTypePrecision>
<dataTypeScale>3</dataTypeScale>
<dataTypeSize>8</dataTypeSize>
<autoIncrementCycle>false</autoIncrementCycle>
</Column>
<Column name="CertificateStoreFolder" id="8FEA39AE-51A5-AC77-3933-74062BAE8B27">
<sourceConnName>HWSInternal</sourceConnName>
<sourceObjSchema>tblGlobalVars</sourceObjSchema>
<sourceObjName>CertificateStoreFolder</sourceObjName>
<createdBy>david.moore</createdBy>
<createdTime>2015-01-12 09:17:59 UTC</createdTime>
<ownerDesignName>HWSInternal_12_01_2015</ownerDesignName>
<nullsAllowed>true</nullsAllowed>
<useDomainConstraints>false</useDomainConstraints>
<use>1</use>
<logicalDatatype>LOGDT024</logicalDatatype>
<dataTypePrecision>100</dataTypePrecision>
<dataTypeScale>0</dataTypeScale>
<dataTypeSize>100</dataTypeSize>
<autoIncrementCycle>false</autoIncrementCycle>
</Column>
<Column name="RootHMLOnlineFolder" id="7657236E-C58F-D2FA-1F5B-F59039FD545E">
<sourceConnName>HWSInternal</sourceConnName>
<sourceObjSchema>tblGlobalVars</sourceObjSchema>
<sourceObjName>RootHMLOnlineFolder</sourceObjName>
<createdBy>david.moore</createdBy>
<createdTime>2015-01-12 09:17:59 UTC</createdTime>
<ownerDesignName>HWSInternal_12_01_2015</ownerDesignName>
<nullsAllowed>true</nullsAllowed>
<useDomainConstraints>false</useDomainConstraints>
<use>1</use>
<logicalDatatype>LOGDT028</logicalDatatype>
<dataTypePrecision>-1</dataTypePrecision>
<dataTypeScale>0</dataTypeScale>
<dataTypeSize>max</dataTypeSize>
<autoIncrementCycle>false</autoIncrementCycle>
</Column>
<Column name="CurrentVersion" id="63B2B094-CBC2-5D6C-B4FE-6134C1CA1038">
<sourceConnName>HWSInternal</sourceConnName>
<sourceObjSchema>tblGlobalVars</sourceObjSchema>
<sourceObjName>CurrentVersion</sourceObjName>
<createdBy>david.moore</createdBy>
<createdTime>2015-01-12 09:17:59 UTC</createdTime>
<ownerDesignName>HWSInternal_12_01_2015</ownerDesignName>
<nullsAllowed>true</nullsAllowed>
<useDomainConstraints>false</useDomainConstraints>
<use>1</use>
<logicalDatatype>LOGDT028</logicalDatatype>
<dataTypePrecision>-1</dataTypePrecision>
<dataTypeScale>0</dataTypeScale>
<dataTypeSize>max</dataTypeSize>
<autoIncrementCycle>false</autoIncrementCycle>
</Column>
<Column name="HMLOnlineOverridePwd" id="D7D022AF-A95D-6539-5D2F-ECB824768F9C">
<sourceConnName>HWSInternal</sourceConnName>
<sourceObjSchema>tblGlobalVars</sourceObjSchema>
<sourceObjName>HMLOnlineOverridePwd</sourceObjName>
<createdBy>david.moore</createdBy>
<createdTime>2015-01-12 09:17:59 UTC</createdTime>
<ownerDesignName>HWSInternal_12_01_2015</ownerDesignName>
<nullsAllowed>true</nullsAllowed>
<useDomainConstraints>false</useDomainConstraints>
<use>1</use>
<logicalDatatype>LOGDT028</logicalDatatype>
<dataTypePrecision>-1</dataTypePrecision>
<dataTypeScale>0</dataTypeScale>
<dataTypeSize>max</dataTypeSize>
<autoIncrementCycle>false</autoIncrementCycle>
</Column>
<Column name="SMSAlertPriorToAppointmentHours" id="FBFA499D-E558-A9AC-E48E-41A9D92A2EDF">
<sourceConnName>HWSInternal</sourceConnName>
<sourceObjSchema>tblGlobalVars</sourceObjSchema>
<sourceObjName>SMSAlertPriorToAppointmentHours</sourceObjName>
<createdBy>david.moore</createdBy>
<createdTime>2015-01-12 09:17:59 UTC</createdTime>
<ownerDesignName>HWSInternal_12_01_2015</ownerDesignName>
<nullsAllowed>true</nullsAllowed>
<useDomainConstraints>false</useDomainConstraints>
<use>1</use>
<logicalDatatype>LOGDT011</logicalDatatype>
<dataTypePrecision>10</dataTypePrecision>
<dataTypeScale>0</dataTypeScale>
<dataTypeSize>4</dataTypeSize>
<autoIncrementCycle>false</autoIncrementCycle>
</Column>
<Column name="ITInformedOfError" id="5DC71F97-DE10-4A11-26C5-505F9940BAEF">
<sourceConnName>HWSInternal</sourceConnName>
<sourceObjSchema>tblGlobalVars</sourceObjSchema>
<sourceObjName>ITInformedOfError</sourceObjName>
<createdBy>david.moore</createdBy>
<createdTime>2015-01-12 09:17:59 UTC</createdTime>
<ownerDesignName>HWSInternal_12_01_2015</ownerDesignName>
<nullsAllowed>true</nullsAllowed>
<useDomainConstraints>false</useDomainConstraints>
<use>1</use>
<logicalDatatype>LOGDT034</logicalDatatype>
<dataTypePrecision>1</dataTypePrecision>
<dataTypeScale>0</dataTypeScale>
<dataTypeSize>1</dataTypeSize>
<autoIncrementCycle>false</autoIncrementCycle>
</Column>
<Column name="ScannedPaperFormRoot" id="A3A56B5E-F191-2010-1494-731B54CD8FB2">
<sourceConnName>HWSInternal</sourceConnName>
<sourceObjSchema>tblGlobalVars</sourceObjSchema>
<sourceObjName>ScannedPaperFormRoot</sourceObjName>
<createdBy>david.moore</createdBy>
<createdTime>2015-01-12 09:17:59 UTC</createdTime>
<ownerDesignName>HWSInternal_12_01_2015</ownerDesignName>
<nullsAllowed>true</nullsAllowed>
<useDomainConstraints>false</useDomainConstraints>
<use>1</use>
<logicalDatatype>LOGDT024</logicalDatatype>
<dataTypePrecision>255</dataTypePrecision>
<dataTypeScale>0</dataTypeScale>
<dataTypeSize>255</dataTypeSize>
<autoIncrementCycle>false</autoIncrementCycle>
</Column>
<Column name="DefaultAutoScreenSignatory" id="BE608B42-E9E7-F1C0-C15A-B536BEFFA638">
<sourceConnName>HWSInternal</sourceConnName>
<sourceObjSchema>tblGlobalVars</sourceObjSchema>
<sourceObjName>DefaultAutoScreenSignatory</sourceObjName>
<createdBy>david.moore</createdBy>
<createdTime>2015-01-12 09:17:59 UTC</createdTime>
<ownerDesignName>HWSInternal_12_01_2015</ownerDesignName>
<nullsAllowed>true</nullsAllowed>
<useDomainConstraints>false</useDomainConstraints>
<use>1</use>
<logicalDatatype>LOGDT024</logicalDatatype>
<dataTypePrecision>255</dataTypePrecision>
<dataTypeScale>0</dataTypeScale>
<dataTypeSize>255</dataTypeSize>
<autoIncrementCycle>false</autoIncrementCycle>
</Column>
<Column name="DefaultHRAdviceViewableDays" id="D05A51C6-238B-5CEE-264F-580A52498FDC">
<sourceConnName>HWSInternal</sourceConnName>
<sourceObjSchema>tblGlobalVars</sourceObjSchema>
<sourceObjName>DefaultHRAdviceViewableDays</sourceObjName>
<createdBy>david.moore</createdBy>
<createdTime>2015-01-12 09:17:59 UTC</createdTime>
<ownerDesignName>HWSInternal_12_01_2015</ownerDesignName>
<nullsAllowed>true</nullsAllowed>
<useDomainConstraints>false</useDomainConstraints>
<use>1</use>
<logicalDatatype>LOGDT042</logicalDatatype>
<dataTypePrecision>3</dataTypePrecision>
<dataTypeScale>0</dataTypeScale>
<dataTypeSize>1</dataTypeSize>
<autoIncrementCycle>false</autoIncrementCycle>
</Column>
<Column name="DocumentTemplateRoot" id="E40D7A3A-7C44-516A-5C78-82B513EC2D9E">
<sourceConnName>HWSInternal</sourceConnName>
<sourceObjSchema>tblGlobalVars</sourceObjSchema>
<sourceObjName>DocumentTemplateRoot</sourceObjName>
<createdBy>david.moore</createdBy>
<createdTime>2015-01-12 09:17:59 UTC</createdTime>
<ownerDesignName>HWSInternal_12_01_2015</ownerDesignName>
<nullsAllowed>true</nullsAllowed>
<useDomainConstraints>false</useDomainConstraints>
<use>1</use>
<logicalDatatype>LOGDT024</logicalDatatype>
<dataTypePrecision>255</dataTypePrecision>
<dataTypeScale>0</dataTypeScale>
<dataTypeSize>255</dataTypeSize>
<autoIncrementCycle>false</autoIncrementCycle>
</Column>
<Column name="LastFinanceAuditEmailSent" id="734725C7-B0C1-F2CD-60A8-E0ACD367F1DE">
<sourceConnName>HWSInternal</sourceConnName>
<sourceObjSchema>tblGlobalVars</sourceObjSchema>
<sourceObjName>LastFinanceAuditEmailSent</sourceObjName>
<createdBy>david.moore</createdBy>
<createdTime>2015-01-12 09:17:59 UTC</createdTime>
<ownerDesignName>HWSInternal_12_01_2015</ownerDesignName>
<nullsAllowed>true</nullsAllowed>
<useDomainConstraints>false</useDomainConstraints>
<use>1</use>
<logicalDatatype>LOGDT008</logicalDatatype>
<dataTypePrecision>23</dataTypePrecision>
<dataTypeScale>3</dataTypeScale>
<dataTypeSize>8</dataTypeSize>
<autoIncrementCycle>false</autoIncrementCycle>
</Column>
</columns>
<indexes itemClass="oracle.dbtools.crest.model.design.relational.Index">
<ind_PK_UK id="185A9299-FFBF-D478-D931-008E60104AFA" name="PK__tblGlobalVars__060DEAE8">
<sourceConnName>HWSInternal</sourceConnName>
<sourceObjSchema>dbo</sourceObjSchema>
<sourceObjName>PK__tblGlobalVars__060DEAE8</sourceObjName>
<createdBy>david.moore</createdBy>
<createdTime>2015-01-12 09:17:59 UTC</createdTime>
<ownerDesignName>HWSInternal_12_01_2015</ownerDesignName>
<pk>true</pk>
<indexState>Primary Constraint</indexState>
<isSurrogateKey>false</isSurrogateKey>
<indexColumnUsage>
<colUsage columnID="305662C2-6A91-4D42-15D3-CAB95CB99A9D"/>
</indexColumnUsage>
</ind_PK_UK>
</indexes>
<tableCheckConstraints itemClass="oracle.dbtools.crest.model.design.constraint.TableLevelConstraint">
<tableCheckConstraint name="DF__DbaMgr_Tm__uidGl__3B80C458" directorySegmentName="seg_0" id="38C4A8AB-E27C-DE85-1333-8CC8449F1CDA">
<sourceConnName>HWSInternal</sourceConnName>
<sourceObjSchema>dbo</sourceObjSchema>
<sourceObjName>DF__DbaMgr_Tm__uidGl__3B80C458</sourceObjName>
<createdBy>david.moore</createdBy>
<createdTime>2015-01-12 09:17:59 UTC</createdTime>
<ownerDesignName>HWSInternal_12_01_2015</ownerDesignName>
<rule>newid()</rule>
</tableCheckConstraint>
<tableCheckConstraint name="DF__DbaMgr_Tm__dtmCr__3C74E891" directorySegmentName="seg_0" id="50C67E28-06DC-86A8-7C3C-16DE07AF9536">
<sourceConnName>HWSInternal</sourceConnName>
<sourceObjSchema>dbo</sourceObjSchema>
<sourceObjName>DF__DbaMgr_Tm__dtmCr__3C74E891</sourceObjName>
<createdBy>david.moore</createdBy>
<createdTime>2015-01-12 09:17:59 UTC</createdTime>
<ownerDesignName>HWSInternal_12_01_2015</ownerDesignName>
<rule>getdate()</rule>
</tableCheckConstraint>
<tableCheckConstraint name="DF__DbaMgr_Tm__isCur__3D690CCA" directorySegmentName="seg_0" id="EE3B83D4-69D4-F07F-9742-1142D4FDD196">
<sourceConnName>HWSInternal</sourceConnName>
<sourceObjSchema>dbo</sourceObjSchema>
<sourceObjName>DF__DbaMgr_Tm__isCur__3D690CCA</sourceObjName>
<createdBy>david.moore</createdBy>
<createdTime>2015-01-12 09:17:59 UTC</createdTime>
<ownerDesignName>HWSInternal_12_01_2015</ownerDesignName>
<rule>(1)</rule>
</tableCheckConstraint>
<tableCheckConstraint name="DF__tblGlobal__dtmMo__72C6D7A1" directorySegmentName="seg_0" id="D746DFD1-B6A1-AB83-AB47-2C224FB5486C">
<sourceConnName>HWSInternal</sourceConnName>
<sourceObjSchema>dbo</sourceObjSchema>
<sourceObjName>DF__tblGlobal__dtmMo__72C6D7A1</sourceObjName>
<createdBy>david.moore</createdBy>
<createdTime>2015-01-12 09:17:59 UTC</createdTime>
<ownerDesignName>HWSInternal_12_01_2015</ownerDesignName>
<rule>getdate()</rule>
</tableCheckConstraint>
<tableCheckConstraint name="DF__tblGlobal__strMo__73BAFBDA" directorySegmentName="seg_0" id="00470738-6564-8E85-FC5E-2E53014215A2">
<sourceConnName>HWSInternal</sourceConnName>
<sourceObjSchema>dbo</sourceObjSchema>
<sourceObjName>DF__tblGlobal__strMo__73BAFBDA</sourceObjName>
<createdBy>david.moore</createdBy>
<createdTime>2015-01-12 09:17:59 UTC</createdTime>
<ownerDesignName>HWSInternal_12_01_2015</ownerDesignName>
<rule>&apos;System&apos;</rule>
</tableCheckConstraint>
<tableCheckConstraint name="DF_tblGlobalVars_intFMEInformClientChase" directorySegmentName="seg_0" id="44024A65-55C5-9308-8FA4-D2E2C101F930">
<sourceConnName>HWSInternal</sourceConnName>
<sourceObjSchema>dbo</sourceObjSchema>
<sourceObjName>DF_tblGlobalVars_intFMEInformClientChase</sourceObjName>
<createdBy>david.moore</createdBy>
<createdTime>2015-01-12 09:17:59 UTC</createdTime>
<ownerDesignName>HWSInternal_12_01_2015</ownerDesignName>
<rule>(2)</rule>
</tableCheckConstraint>
<tableCheckConstraint name="DF_tblGlobalVars_strOverridePwd" directorySegmentName="seg_0" id="D08FA715-8C98-CEAB-1D64-C4B6DAD81EE0">
<sourceConnName>HWSInternal</sourceConnName>
<sourceObjSchema>dbo</sourceObjSchema>
<sourceObjName>DF_tblGlobalVars_strOverridePwd</sourceObjName>
<createdBy>david.moore</createdBy>
<createdTime>2015-01-12 09:17:59 UTC</createdTime>
<ownerDesignName>HWSInternal_12_01_2015</ownerDesignName>
<rule>&apos;test&apos;</rule>
</tableCheckConstraint>
<tableCheckConstraint name="DF__tblGlobal__intCh__12DF6CCF" directorySegmentName="seg_0" id="712A2981-6ADB-D1FD-4486-7E21EBC2F5DC">
<sourceConnName>HWSInternal</sourceConnName>
<sourceObjSchema>dbo</sourceObjSchema>
<sourceObjName>DF__tblGlobal__intCh__12DF6CCF</sourceObjName>
<createdBy>david.moore</createdBy>
<createdTime>2015-01-12 09:17:59 UTC</createdTime>
<ownerDesignName>HWSInternal_12_01_2015</ownerDesignName>
<rule>(90)</rule>
</tableCheckConstraint>
</tableCheckConstraints>
</Table>