<?xml version = '1.0' encoding = 'UTF-8'?>
<Table class="oracle.dbtools.crest.model.design.relational.Table" directorySegmentName="seg_1" id="81631FD0-DB87-1E1F-3015-539722AA4C6F" name="tblInvuDocumentTypes">
<sourceConnName>HWSInternal</sourceConnName>
<sourceObjSchema>dbo</sourceObjSchema>
<sourceObjName>tblInvuDocumentTypes</sourceObjName>
<createdBy>david.moore</createdBy>
<createdTime>2015-01-12 09:17:59 UTC</createdTime>
<ownerDesignName>HWSInternal_12_01_2015</ownerDesignName>
<schemaObject>4EB6B9C6-0365-2F78-E252-562BC729FF40</schemaObject>
<allowColumnReorder>false</allowColumnReorder>
<existDependencyGenerateInDDl>true</existDependencyGenerateInDDl>
<columns itemClass="oracle.dbtools.crest.model.design.relational.Column">
<Column name="ID" id="A6D500E6-2F75-C6EF-6C94-D7C5F9DD2CFD">
<sourceConnName>HWSInternal</sourceConnName>
<sourceObjSchema>tblInvuDocumentTypes</sourceObjSchema>
<sourceObjName>ID</sourceObjName>
<createdBy>david.moore</createdBy>
<createdTime>2015-01-12 09:17:59 UTC</createdTime>
<ownerDesignName>HWSInternal_12_01_2015</ownerDesignName>
<useDomainConstraints>false</useDomainConstraints>
<use>1</use>
<logicalDatatype>LOGDT011</logicalDatatype>
<dataTypePrecision>10</dataTypePrecision>
<dataTypeScale>0</dataTypeScale>
<dataTypeSize>4</dataTypeSize>
<autoIncrementCycle>false</autoIncrementCycle>
</Column>
<Column name="FullyQualifiedTypeName" id="B9332500-1796-86C0-7043-B3670CECC288">
<sourceConnName>HWSInternal</sourceConnName>
<sourceObjSchema>tblInvuDocumentTypes</sourceObjSchema>
<sourceObjName>FullyQualifiedTypeName</sourceObjName>
<createdBy>david.moore</createdBy>
<createdTime>2015-01-12 09:17:59 UTC</createdTime>
<ownerDesignName>HWSInternal_12_01_2015</ownerDesignName>
<useDomainConstraints>false</useDomainConstraints>
<use>1</use>
<logicalDatatype>LOGDT037</logicalDatatype>
<dataTypePrecision>256</dataTypePrecision>
<dataTypeScale>0</dataTypeScale>
<dataTypeSize>256</dataTypeSize>
<autoIncrementCycle>false</autoIncrementCycle>
</Column>
<Column name="DisplayName" id="B919E522-AC4F-B990-9A21-8C66FEE24451">
<sourceConnName>HWSInternal</sourceConnName>
<sourceObjSchema>tblInvuDocumentTypes</sourceObjSchema>
<sourceObjName>DisplayName</sourceObjName>
<createdBy>david.moore</createdBy>
<createdTime>2015-01-12 09:17:59 UTC</createdTime>
<ownerDesignName>HWSInternal_12_01_2015</ownerDesignName>
<useDomainConstraints>false</useDomainConstraints>
<use>1</use>
<logicalDatatype>LOGDT037</logicalDatatype>
<dataTypePrecision>256</dataTypePrecision>
<dataTypeScale>0</dataTypeScale>
<dataTypeSize>256</dataTypeSize>
<defaultValue>N&apos;To be defined.&apos;</defaultValue>
<autoIncrementCycle>false</autoIncrementCycle>
</Column>
<Column name="IsClinical" id="6A853A4E-2AA0-7966-4E7D-B59CCC427EC2">
<sourceConnName>HWSInternal</sourceConnName>
<sourceObjSchema>tblInvuDocumentTypes</sourceObjSchema>
<sourceObjName>IsClinical</sourceObjName>
<createdBy>david.moore</createdBy>
<createdTime>2015-01-12 09:17:59 UTC</createdTime>
<ownerDesignName>HWSInternal_12_01_2015</ownerDesignName>
<useDomainConstraints>false</useDomainConstraints>
<use>1</use>
<logicalDatatype>LOGDT034</logicalDatatype>
<dataTypePrecision>1</dataTypePrecision>
<dataTypeScale>0</dataTypeScale>
<dataTypeSize>1</dataTypeSize>
<defaultValue>0</defaultValue>
<autoIncrementCycle>false</autoIncrementCycle>
</Column>
</columns>
<indexes itemClass="oracle.dbtools.crest.model.design.relational.Index">
<ind_PK_UK id="613F6FEE-811E-AAE7-1875-B8991FB63DBC" name="PK_tblInvuDocumentTypes">
<sourceConnName>HWSInternal</sourceConnName>
<sourceObjSchema>dbo</sourceObjSchema>
<sourceObjName>PK_tblInvuDocumentTypes</sourceObjName>
<createdBy>david.moore</createdBy>
<createdTime>2015-01-12 09:17:59 UTC</createdTime>
<ownerDesignName>HWSInternal_12_01_2015</ownerDesignName>
<pk>true</pk>
<indexState>Primary Constraint</indexState>
<isSurrogateKey>false</isSurrogateKey>
<indexColumnUsage>
<colUsage columnID="A6D500E6-2F75-C6EF-6C94-D7C5F9DD2CFD"/>
</indexColumnUsage>
</ind_PK_UK>
</indexes>
<tableCheckConstraints itemClass="oracle.dbtools.crest.model.design.constraint.TableLevelConstraint">
<tableCheckConstraint name="DF_tblInvuDocumentTypes_DisplayName" directorySegmentName="seg_0" id="21714363-4740-2403-EF38-5F8CB60328FA">
<sourceConnName>HWSInternal</sourceConnName>
<sourceObjSchema>dbo</sourceObjSchema>
<sourceObjName>DF_tblInvuDocumentTypes_DisplayName</sourceObjName>
<createdBy>david.moore</createdBy>
<createdTime>2015-01-12 09:17:59 UTC</createdTime>
<ownerDesignName>HWSInternal_12_01_2015</ownerDesignName>
<rule>N&apos;To be defined.&apos;</rule>
</tableCheckConstraint>
<tableCheckConstraint name="DF_tblInvuDocumentTypes_IsClinical" directorySegmentName="seg_0" id="7A8C5D54-08D3-8CBF-D04E-8219A605DA9A">
<sourceConnName>HWSInternal</sourceConnName>
<sourceObjSchema>dbo</sourceObjSchema>
<sourceObjName>DF_tblInvuDocumentTypes_IsClinical</sourceObjName>
<createdBy>david.moore</createdBy>
<createdTime>2015-01-12 09:17:59 UTC</createdTime>
<ownerDesignName>HWSInternal_12_01_2015</ownerDesignName>
<rule>(0)</rule>
</tableCheckConstraint>
</tableCheckConstraints>
</Table>