<?xml version = '1.0' encoding = 'UTF-8'?>
<Table class="oracle.dbtools.crest.model.design.relational.Table" directorySegmentName="seg_1" id="88A3D0F7-2ED3-5182-8120-9E37C7F2F100" name="tblSpecialisations">
<sourceConnName>HWSInternal</sourceConnName>
<sourceObjSchema>dbo</sourceObjSchema>
<sourceObjName>tblSpecialisations</sourceObjName>
<createdBy>david.moore</createdBy>
<createdTime>2015-01-12 09:17:59 UTC</createdTime>
<ownerDesignName>HWSInternal_12_01_2015</ownerDesignName>
<schemaObject>4EB6B9C6-0365-2F78-E252-562BC729FF40</schemaObject>
<allowColumnReorder>false</allowColumnReorder>
<existDependencyGenerateInDDl>true</existDependencyGenerateInDDl>
<columns itemClass="oracle.dbtools.crest.model.design.relational.Column">
<Column name="uidSpecialisation" id="C0E2DBE2-95D0-6D9C-A258-6FE86E6D2635">
<sourceConnName>HWSInternal</sourceConnName>
<sourceObjSchema>tblSpecialisations</sourceObjSchema>
<sourceObjName>uidSpecialisation</sourceObjName>
<createdBy>david.moore</createdBy>
<createdTime>2015-01-12 09:17:59 UTC</createdTime>
<ownerDesignName>HWSInternal_12_01_2015</ownerDesignName>
<useDomainConstraints>false</useDomainConstraints>
<use>1</use>
<logicalDatatype>LOGDT057</logicalDatatype>
<dataTypePrecision>0</dataTypePrecision>
<dataTypeScale>0</dataTypeScale>
<dataTypeSize>16</dataTypeSize>
<defaultValue>newid()</defaultValue>
<autoIncrementCycle>false</autoIncrementCycle>
</Column>
<Column name="strName" id="F1815B1E-CFA4-BF78-56A7-D1852FFDF6D6">
<sourceConnName>HWSInternal</sourceConnName>
<sourceObjSchema>tblSpecialisations</sourceObjSchema>
<sourceObjName>strName</sourceObjName>
<createdBy>david.moore</createdBy>
<createdTime>2015-01-12 09:17:59 UTC</createdTime>
<ownerDesignName>HWSInternal_12_01_2015</ownerDesignName>
<useDomainConstraints>false</useDomainConstraints>
<use>1</use>
<logicalDatatype>LOGDT024</logicalDatatype>
<dataTypePrecision>50</dataTypePrecision>
<dataTypeScale>0</dataTypeScale>
<dataTypeSize>50</dataTypeSize>
<autoIncrementCycle>false</autoIncrementCycle>
</Column>
<Column name="strModBy" id="6758DDA3-F435-639E-633A-32F5DFA7B92C">
<sourceConnName>HWSInternal</sourceConnName>
<sourceObjSchema>tblSpecialisations</sourceObjSchema>
<sourceObjName>strModBy</sourceObjName>
<createdBy>david.moore</createdBy>
<createdTime>2015-01-12 09:17:59 UTC</createdTime>
<ownerDesignName>HWSInternal_12_01_2015</ownerDesignName>
<useDomainConstraints>false</useDomainConstraints>
<use>1</use>
<logicalDatatype>LOGDT024</logicalDatatype>
<dataTypePrecision>30</dataTypePrecision>
<dataTypeScale>0</dataTypeScale>
<dataTypeSize>30</dataTypeSize>
<defaultValue>suser_sname()</defaultValue>
<autoIncrementCycle>false</autoIncrementCycle>
</Column>
<Column name="dtmMod" id="D92C4FE2-D7DF-C9E0-C740-840AE7E7DC90">
<sourceConnName>HWSInternal</sourceConnName>
<sourceObjSchema>tblSpecialisations</sourceObjSchema>
<sourceObjName>dtmMod</sourceObjName>
<createdBy>david.moore</createdBy>
<createdTime>2015-01-12 09:17:59 UTC</createdTime>
<ownerDesignName>HWSInternal_12_01_2015</ownerDesignName>
<useDomainConstraints>false</useDomainConstraints>
<use>1</use>
<logicalDatatype>LOGDT008</logicalDatatype>
<dataTypePrecision>23</dataTypePrecision>
<dataTypeScale>3</dataTypeScale>
<dataTypeSize>8</dataTypeSize>
<defaultValue>getdate()</defaultValue>
<autoIncrementCycle>false</autoIncrementCycle>
</Column>
<Column name="strCreatedBy" id="96EE0AC9-F024-C202-75A6-2E9A914B8DD9">
<sourceConnName>HWSInternal</sourceConnName>
<sourceObjSchema>tblSpecialisations</sourceObjSchema>
<sourceObjName>strCreatedBy</sourceObjName>
<createdBy>david.moore</createdBy>
<createdTime>2015-01-12 09:17:59 UTC</createdTime>
<ownerDesignName>HWSInternal_12_01_2015</ownerDesignName>
<useDomainConstraints>false</useDomainConstraints>
<use>1</use>
<logicalDatatype>LOGDT024</logicalDatatype>
<dataTypePrecision>30</dataTypePrecision>
<dataTypeScale>0</dataTypeScale>
<dataTypeSize>30</dataTypeSize>
<defaultValue>suser_sname()</defaultValue>
<autoIncrementCycle>false</autoIncrementCycle>
</Column>
<Column name="dtmCreated" id="001B50C3-B3D4-3439-98F9-F651477EDD65">
<sourceConnName>HWSInternal</sourceConnName>
<sourceObjSchema>tblSpecialisations</sourceObjSchema>
<sourceObjName>dtmCreated</sourceObjName>
<createdBy>david.moore</createdBy>
<createdTime>2015-01-12 09:17:59 UTC</createdTime>
<ownerDesignName>HWSInternal_12_01_2015</ownerDesignName>
<useDomainConstraints>false</useDomainConstraints>
<use>1</use>
<logicalDatatype>LOGDT008</logicalDatatype>
<dataTypePrecision>23</dataTypePrecision>
<dataTypeScale>3</dataTypeScale>
<dataTypeSize>8</dataTypeSize>
<defaultValue>getdate()</defaultValue>
<autoIncrementCycle>false</autoIncrementCycle>
</Column>
<Column name="strShortDesc" id="F92D3938-6D44-F42D-2E56-400A067F375D">
<sourceConnName>HWSInternal</sourceConnName>
<sourceObjSchema>tblSpecialisations</sourceObjSchema>
<sourceObjName>strShortDesc</sourceObjName>
<createdBy>david.moore</createdBy>
<createdTime>2015-01-12 09:17:59 UTC</createdTime>
<ownerDesignName>HWSInternal_12_01_2015</ownerDesignName>
<useDomainConstraints>false</useDomainConstraints>
<use>1</use>
<logicalDatatype>LOGDT024</logicalDatatype>
<dataTypePrecision>10</dataTypePrecision>
<dataTypeScale>0</dataTypeScale>
<dataTypeSize>10</dataTypeSize>
<autoIncrementCycle>false</autoIncrementCycle>
</Column>
<Column name="intOrder" id="AFB9FAA4-8272-F116-EA64-414617E0FE17">
<sourceConnName>HWSInternal</sourceConnName>
<sourceObjSchema>tblSpecialisations</sourceObjSchema>
<sourceObjName>intOrder</sourceObjName>
<createdBy>david.moore</createdBy>
<createdTime>2015-01-12 09:17:59 UTC</createdTime>
<commentInRDBMS>order for display and in grids</commentInRDBMS>
<ownerDesignName>HWSInternal_12_01_2015</ownerDesignName>
<useDomainConstraints>false</useDomainConstraints>
<use>1</use>
<logicalDatatype>LOGDT011</logicalDatatype>
<dataTypePrecision>10</dataTypePrecision>
<dataTypeScale>0</dataTypeScale>
<dataTypeSize>4</dataTypeSize>
<defaultValue>0</defaultValue>
<autoIncrementCycle>false</autoIncrementCycle>
</Column>
<Column name="isActive" id="5F87E588-862E-F8E2-42CC-3D0E0D0B7B95">
<sourceConnName>HWSInternal</sourceConnName>
<sourceObjSchema>tblSpecialisations</sourceObjSchema>
<sourceObjName>isActive</sourceObjName>
<createdBy>david.moore</createdBy>
<createdTime>2015-01-12 09:17:59 UTC</createdTime>
<commentInRDBMS>is this a current specialisation</commentInRDBMS>
<ownerDesignName>HWSInternal_12_01_2015</ownerDesignName>
<useDomainConstraints>false</useDomainConstraints>
<use>1</use>
<logicalDatatype>LOGDT034</logicalDatatype>
<dataTypePrecision>1</dataTypePrecision>
<dataTypeScale>0</dataTypeScale>
<dataTypeSize>1</dataTypeSize>
<defaultValue>1</defaultValue>
<autoIncrementCycle>false</autoIncrementCycle>
</Column>
</columns>
<indexes itemClass="oracle.dbtools.crest.model.design.relational.Index">
<ind_PK_UK id="6B859B6B-B8F5-9904-AF6E-38B98B0B5521" name="PK_tblSpecialisations">
<sourceConnName>HWSInternal</sourceConnName>
<sourceObjSchema>dbo</sourceObjSchema>
<sourceObjName>PK_tblSpecialisations</sourceObjName>
<createdBy>david.moore</createdBy>
<createdTime>2015-01-12 09:17:59 UTC</createdTime>
<ownerDesignName>HWSInternal_12_01_2015</ownerDesignName>
<pk>true</pk>
<indexState>Primary Constraint</indexState>
<isSurrogateKey>false</isSurrogateKey>
<indexColumnUsage>
<colUsage columnID="C0E2DBE2-95D0-6D9C-A258-6FE86E6D2635"/>
</indexColumnUsage>
</ind_PK_UK>
<ind_PK_UK id="B5408C05-87CE-F817-9662-7777FB7BE51E" name="IX_tblSpecialisations_UniqueName">
<sourceConnName>HWSInternal</sourceConnName>
<sourceObjSchema>dbo</sourceObjSchema>
<sourceObjName>IX_tblSpecialisations_UniqueName</sourceObjName>
<createdBy>david.moore</createdBy>
<createdTime>2015-01-12 09:17:59 UTC</createdTime>
<ownerDesignName>HWSInternal_12_01_2015</ownerDesignName>
<indexState>Unique Constraint</indexState>
<isSurrogateKey>false</isSurrogateKey>
<indexColumnUsage>
<colUsage columnID="F1815B1E-CFA4-BF78-56A7-D1852FFDF6D6"/>
</indexColumnUsage>
</ind_PK_UK>
</indexes>
<tableCheckConstraints itemClass="oracle.dbtools.crest.model.design.constraint.TableLevelConstraint">
<tableCheckConstraint name="DF_tblSpecialisations_uidSpecialisation" directorySegmentName="seg_1" id="B0289E74-3139-0C39-5D37-E75EC643DA0F">
<sourceConnName>HWSInternal</sourceConnName>
<sourceObjSchema>dbo</sourceObjSchema>
<sourceObjName>DF_tblSpecialisations_uidSpecialisation</sourceObjName>
<createdBy>david.moore</createdBy>
<createdTime>2015-01-12 09:17:59 UTC</createdTime>
<ownerDesignName>HWSInternal_12_01_2015</ownerDesignName>
<rule>newid()</rule>
</tableCheckConstraint>
<tableCheckConstraint name="DF_tblSpecialisations_strModBy" directorySegmentName="seg_1" id="51C9F68B-9295-C35E-2131-A6414E84360A">
<sourceConnName>HWSInternal</sourceConnName>
<sourceObjSchema>dbo</sourceObjSchema>
<sourceObjName>DF_tblSpecialisations_strModBy</sourceObjName>
<createdBy>david.moore</createdBy>
<createdTime>2015-01-12 09:17:59 UTC</createdTime>
<ownerDesignName>HWSInternal_12_01_2015</ownerDesignName>
<rule>suser_sname()</rule>
</tableCheckConstraint>
<tableCheckConstraint name="DF_tblSpecialisations_dtmMod" directorySegmentName="seg_1" id="8AA7259F-8241-BD1F-4937-6BE2C603899F">
<sourceConnName>HWSInternal</sourceConnName>
<sourceObjSchema>dbo</sourceObjSchema>
<sourceObjName>DF_tblSpecialisations_dtmMod</sourceObjName>
<createdBy>david.moore</createdBy>
<createdTime>2015-01-12 09:17:59 UTC</createdTime>
<ownerDesignName>HWSInternal_12_01_2015</ownerDesignName>
<rule>getdate()</rule>
</tableCheckConstraint>
<tableCheckConstraint name="DF_tblSpecialisations_strCreatedBy" directorySegmentName="seg_1" id="A951DD40-040C-0C7F-8BBD-D13D6190DFAB">
<sourceConnName>HWSInternal</sourceConnName>
<sourceObjSchema>dbo</sourceObjSchema>
<sourceObjName>DF_tblSpecialisations_strCreatedBy</sourceObjName>
<createdBy>david.moore</createdBy>
<createdTime>2015-01-12 09:17:59 UTC</createdTime>
<ownerDesignName>HWSInternal_12_01_2015</ownerDesignName>
<rule>suser_sname()</rule>
</tableCheckConstraint>
<tableCheckConstraint name="DF_tblSpecialisations_dtmCreated" directorySegmentName="seg_1" id="E24D47F9-7E57-2CA3-EC32-6E128F18E0D6">
<sourceConnName>HWSInternal</sourceConnName>
<sourceObjSchema>dbo</sourceObjSchema>
<sourceObjName>DF_tblSpecialisations_dtmCreated</sourceObjName>
<createdBy>david.moore</createdBy>
<createdTime>2015-01-12 09:17:59 UTC</createdTime>
<ownerDesignName>HWSInternal_12_01_2015</ownerDesignName>
<rule>getdate()</rule>
</tableCheckConstraint>
<tableCheckConstraint name="DF_tblSpecialisations_intOrder" directorySegmentName="seg_1" id="44ABDE60-B83A-0B0C-5798-C900F6B5B030">
<sourceConnName>HWSInternal</sourceConnName>
<sourceObjSchema>dbo</sourceObjSchema>
<sourceObjName>DF_tblSpecialisations_intOrder</sourceObjName>
<createdBy>david.moore</createdBy>
<createdTime>2015-01-12 09:17:59 UTC</createdTime>
<ownerDesignName>HWSInternal_12_01_2015</ownerDesignName>
<rule>(0)</rule>
</tableCheckConstraint>
<tableCheckConstraint name="DF_tblSpecialisations_isActive" directorySegmentName="seg_1" id="A5CC01C7-C54C-EBBB-4960-B64081FA15E2">
<sourceConnName>HWSInternal</sourceConnName>
<sourceObjSchema>dbo</sourceObjSchema>
<sourceObjName>DF_tblSpecialisations_isActive</sourceObjName>
<createdBy>david.moore</createdBy>
<createdTime>2015-01-12 09:17:59 UTC</createdTime>
<ownerDesignName>HWSInternal_12_01_2015</ownerDesignName>
<rule>(1)</rule>
</tableCheckConstraint>
</tableCheckConstraints>
</Table>