<?xml version = '1.0' encoding = 'UTF-8'?>
<Table class="oracle.dbtools.crest.model.design.relational.Table" directorySegmentName="seg_1" id="8A519D64-E14F-8252-3BB1-F86CF39D4168" name="tblNetworkOHPs">
<sourceConnName>HWSInternal</sourceConnName>
<sourceObjSchema>dbo</sourceObjSchema>
<sourceObjName>tblNetworkOHPs</sourceObjName>
<createdBy>david.moore</createdBy>
<createdTime>2015-01-12 09:17:59 UTC</createdTime>
<ownerDesignName>HWSInternal_12_01_2015</ownerDesignName>
<schemaObject>4EB6B9C6-0365-2F78-E252-562BC729FF40</schemaObject>
<allowColumnReorder>false</allowColumnReorder>
<existDependencyGenerateInDDl>true</existDependencyGenerateInDDl>
<columns itemClass="oracle.dbtools.crest.model.design.relational.Column">
<Column name="uidNetworkOHP" id="973D459A-F858-3C00-78D4-18576F19D75D">
<sourceConnName>HWSInternal</sourceConnName>
<sourceObjSchema>tblNetworkOHPs</sourceObjSchema>
<sourceObjName>uidNetworkOHP</sourceObjName>
<createdBy>david.moore</createdBy>
<createdTime>2015-01-12 09:17:59 UTC</createdTime>
<ownerDesignName>HWSInternal_12_01_2015</ownerDesignName>
<useDomainConstraints>false</useDomainConstraints>
<use>1</use>
<logicalDatatype>LOGDT057</logicalDatatype>
<dataTypePrecision>0</dataTypePrecision>
<dataTypeScale>0</dataTypeScale>
<dataTypeSize>16</dataTypeSize>
<defaultValue>newid()</defaultValue>
<autoIncrementCycle>false</autoIncrementCycle>
</Column>
<Column name="strTitle" id="75628AD2-8A5E-2DB9-3101-FF982FA289A5">
<sourceConnName>HWSInternal</sourceConnName>
<sourceObjSchema>tblNetworkOHPs</sourceObjSchema>
<sourceObjName>strTitle</sourceObjName>
<createdBy>david.moore</createdBy>
<createdTime>2015-01-12 09:17:59 UTC</createdTime>
<ownerDesignName>HWSInternal_12_01_2015</ownerDesignName>
<nullsAllowed>true</nullsAllowed>
<useDomainConstraints>false</useDomainConstraints>
<use>1</use>
<logicalDatatype>LOGDT024</logicalDatatype>
<dataTypePrecision>10</dataTypePrecision>
<dataTypeScale>0</dataTypeScale>
<dataTypeSize>10</dataTypeSize>
<autoIncrementCycle>false</autoIncrementCycle>
</Column>
<Column name="strFirstName" id="3AAF4E3B-F6A4-4821-0D64-BF4B7689A5DF">
<sourceConnName>HWSInternal</sourceConnName>
<sourceObjSchema>tblNetworkOHPs</sourceObjSchema>
<sourceObjName>strFirstName</sourceObjName>
<createdBy>david.moore</createdBy>
<createdTime>2015-01-12 09:17:59 UTC</createdTime>
<ownerDesignName>HWSInternal_12_01_2015</ownerDesignName>
<nullsAllowed>true</nullsAllowed>
<useDomainConstraints>false</useDomainConstraints>
<use>1</use>
<logicalDatatype>LOGDT037</logicalDatatype>
<dataTypePrecision>50</dataTypePrecision>
<dataTypeScale>0</dataTypeScale>
<dataTypeSize>50</dataTypeSize>
<autoIncrementCycle>false</autoIncrementCycle>
</Column>
<Column name="strLastName" id="521FC3B1-92CB-4E81-F6E8-18E7615982A7">
<sourceConnName>HWSInternal</sourceConnName>
<sourceObjSchema>tblNetworkOHPs</sourceObjSchema>
<sourceObjName>strLastName</sourceObjName>
<createdBy>david.moore</createdBy>
<createdTime>2015-01-12 09:17:59 UTC</createdTime>
<ownerDesignName>HWSInternal_12_01_2015</ownerDesignName>
<useDomainConstraints>false</useDomainConstraints>
<use>1</use>
<logicalDatatype>LOGDT037</logicalDatatype>
<dataTypePrecision>50</dataTypePrecision>
<dataTypeScale>0</dataTypeScale>
<dataTypeSize>50</dataTypeSize>
<autoIncrementCycle>false</autoIncrementCycle>
</Column>
<Column name="strMobile" id="DD72F09D-9EAF-549C-25C1-EB4FB5858DD8">
<sourceConnName>HWSInternal</sourceConnName>
<sourceObjSchema>tblNetworkOHPs</sourceObjSchema>
<sourceObjName>strMobile</sourceObjName>
<createdBy>david.moore</createdBy>
<createdTime>2015-01-12 09:17:59 UTC</createdTime>
<ownerDesignName>HWSInternal_12_01_2015</ownerDesignName>
<nullsAllowed>true</nullsAllowed>
<useDomainConstraints>false</useDomainConstraints>
<use>1</use>
<logicalDatatype>LOGDT024</logicalDatatype>
<dataTypePrecision>20</dataTypePrecision>
<dataTypeScale>0</dataTypeScale>
<dataTypeSize>20</dataTypeSize>
<autoIncrementCycle>false</autoIncrementCycle>
</Column>
<Column name="strTelWork" id="803C3153-09BD-89D2-C71F-5A9990121670">
<sourceConnName>HWSInternal</sourceConnName>
<sourceObjSchema>tblNetworkOHPs</sourceObjSchema>
<sourceObjName>strTelWork</sourceObjName>
<createdBy>david.moore</createdBy>
<createdTime>2015-01-12 09:17:59 UTC</createdTime>
<ownerDesignName>HWSInternal_12_01_2015</ownerDesignName>
<nullsAllowed>true</nullsAllowed>
<useDomainConstraints>false</useDomainConstraints>
<use>1</use>
<logicalDatatype>LOGDT024</logicalDatatype>
<dataTypePrecision>20</dataTypePrecision>
<dataTypeScale>0</dataTypeScale>
<dataTypeSize>20</dataTypeSize>
<autoIncrementCycle>false</autoIncrementCycle>
</Column>
<Column name="strTelHome" id="CB4436B0-9F4E-C75C-88D7-5DA0DB0DCA3F">
<sourceConnName>HWSInternal</sourceConnName>
<sourceObjSchema>tblNetworkOHPs</sourceObjSchema>
<sourceObjName>strTelHome</sourceObjName>
<createdBy>david.moore</createdBy>
<createdTime>2015-01-12 09:17:59 UTC</createdTime>
<ownerDesignName>HWSInternal_12_01_2015</ownerDesignName>
<nullsAllowed>true</nullsAllowed>
<useDomainConstraints>false</useDomainConstraints>
<use>1</use>
<logicalDatatype>LOGDT024</logicalDatatype>
<dataTypePrecision>20</dataTypePrecision>
<dataTypeScale>0</dataTypeScale>
<dataTypeSize>20</dataTypeSize>
<autoIncrementCycle>false</autoIncrementCycle>
</Column>
<Column name="strEmail" id="7C509247-A9F4-C1AC-F945-583175810471">
<sourceConnName>HWSInternal</sourceConnName>
<sourceObjSchema>tblNetworkOHPs</sourceObjSchema>
<sourceObjName>strEmail</sourceObjName>
<createdBy>david.moore</createdBy>
<createdTime>2015-01-12 09:17:59 UTC</createdTime>
<ownerDesignName>HWSInternal_12_01_2015</ownerDesignName>
<nullsAllowed>true</nullsAllowed>
<useDomainConstraints>false</useDomainConstraints>
<use>1</use>
<logicalDatatype>LOGDT024</logicalDatatype>
<dataTypePrecision>80</dataTypePrecision>
<dataTypeScale>0</dataTypeScale>
<dataTypeSize>80</dataTypeSize>
<autoIncrementCycle>false</autoIncrementCycle>
</Column>
<Column name="isEnabled" id="DF20742C-DFAA-B223-6D42-C09F06B60013">
<sourceConnName>HWSInternal</sourceConnName>
<sourceObjSchema>tblNetworkOHPs</sourceObjSchema>
<sourceObjName>isEnabled</sourceObjName>
<createdBy>david.moore</createdBy>
<createdTime>2015-01-12 09:17:59 UTC</createdTime>
<ownerDesignName>HWSInternal_12_01_2015</ownerDesignName>
<nullsAllowed>true</nullsAllowed>
<useDomainConstraints>false</useDomainConstraints>
<use>1</use>
<logicalDatatype>LOGDT034</logicalDatatype>
<dataTypePrecision>1</dataTypePrecision>
<dataTypeScale>0</dataTypeScale>
<dataTypeSize>1</dataTypeSize>
<defaultValue>1</defaultValue>
<autoIncrementCycle>false</autoIncrementCycle>
</Column>
<Column name="strModBy" id="6198AC21-869F-9E13-AE93-5FBF81071A3C">
<sourceConnName>HWSInternal</sourceConnName>
<sourceObjSchema>tblNetworkOHPs</sourceObjSchema>
<sourceObjName>strModBy</sourceObjName>
<createdBy>david.moore</createdBy>
<createdTime>2015-01-12 09:17:59 UTC</createdTime>
<ownerDesignName>HWSInternal_12_01_2015</ownerDesignName>
<useDomainConstraints>false</useDomainConstraints>
<use>1</use>
<logicalDatatype>LOGDT024</logicalDatatype>
<dataTypePrecision>30</dataTypePrecision>
<dataTypeScale>0</dataTypeScale>
<dataTypeSize>30</dataTypeSize>
<defaultValue>suser_sname()</defaultValue>
<autoIncrementCycle>false</autoIncrementCycle>
</Column>
<Column name="dtmMod" id="891715BB-D647-2ABD-F015-F7CC1DBC8050">
<sourceConnName>HWSInternal</sourceConnName>
<sourceObjSchema>tblNetworkOHPs</sourceObjSchema>
<sourceObjName>dtmMod</sourceObjName>
<createdBy>david.moore</createdBy>
<createdTime>2015-01-12 09:17:59 UTC</createdTime>
<ownerDesignName>HWSInternal_12_01_2015</ownerDesignName>
<useDomainConstraints>false</useDomainConstraints>
<use>1</use>
<logicalDatatype>LOGDT008</logicalDatatype>
<dataTypePrecision>23</dataTypePrecision>
<dataTypeScale>3</dataTypeScale>
<dataTypeSize>8</dataTypeSize>
<defaultValue>getdate()</defaultValue>
<autoIncrementCycle>false</autoIncrementCycle>
</Column>
<Column name="strCreatedBy" id="A509CDE4-B5B7-3BE3-5F2E-D2578CB05D75">
<sourceConnName>HWSInternal</sourceConnName>
<sourceObjSchema>tblNetworkOHPs</sourceObjSchema>
<sourceObjName>strCreatedBy</sourceObjName>
<createdBy>david.moore</createdBy>
<createdTime>2015-01-12 09:17:59 UTC</createdTime>
<ownerDesignName>HWSInternal_12_01_2015</ownerDesignName>
<useDomainConstraints>false</useDomainConstraints>
<use>1</use>
<logicalDatatype>LOGDT024</logicalDatatype>
<dataTypePrecision>30</dataTypePrecision>
<dataTypeScale>0</dataTypeScale>
<dataTypeSize>30</dataTypeSize>
<defaultValue>suser_sname()</defaultValue>
<autoIncrementCycle>false</autoIncrementCycle>
</Column>
<Column name="dtmCreated" id="CAE0737E-DF4A-05F7-9AF0-620C0BA5855B">
<sourceConnName>HWSInternal</sourceConnName>
<sourceObjSchema>tblNetworkOHPs</sourceObjSchema>
<sourceObjName>dtmCreated</sourceObjName>
<createdBy>david.moore</createdBy>
<createdTime>2015-01-12 09:17:59 UTC</createdTime>
<ownerDesignName>HWSInternal_12_01_2015</ownerDesignName>
<useDomainConstraints>false</useDomainConstraints>
<use>1</use>
<logicalDatatype>LOGDT008</logicalDatatype>
<dataTypePrecision>23</dataTypePrecision>
<dataTypeScale>3</dataTypeScale>
<dataTypeSize>8</dataTypeSize>
<defaultValue>getdate()</defaultValue>
<autoIncrementCycle>false</autoIncrementCycle>
</Column>
<Column name="ccyDefaultFee" id="9001A990-89C6-08CD-1E09-AB88CFC22C9B">
<sourceConnName>HWSInternal</sourceConnName>
<sourceObjSchema>tblNetworkOHPs</sourceObjSchema>
<sourceObjName>ccyDefaultFee</sourceObjName>
<createdBy>david.moore</createdBy>
<createdTime>2015-01-12 09:17:59 UTC</createdTime>
<ownerDesignName>HWSInternal_12_01_2015</ownerDesignName>
<nullsAllowed>true</nullsAllowed>
<useDomainConstraints>false</useDomainConstraints>
<use>1</use>
<logicalDatatype>LOGDT043</logicalDatatype>
<dataTypePrecision>19</dataTypePrecision>
<dataTypeScale>4</dataTypeScale>
<dataTypeSize>8</dataTypeSize>
<autoIncrementCycle>false</autoIncrementCycle>
</Column>
<Column name="isActive" id="1D1CB53C-7C0D-4BC0-679C-A8AD007F2C19">
<sourceConnName>HWSInternal</sourceConnName>
<sourceObjSchema>tblNetworkOHPs</sourceObjSchema>
<sourceObjName>isActive</sourceObjName>
<createdBy>david.moore</createdBy>
<createdTime>2015-01-12 09:17:59 UTC</createdTime>
<ownerDesignName>HWSInternal_12_01_2015</ownerDesignName>
<useDomainConstraints>false</useDomainConstraints>
<use>1</use>
<logicalDatatype>LOGDT034</logicalDatatype>
<dataTypePrecision>1</dataTypePrecision>
<dataTypeScale>0</dataTypeScale>
<dataTypeSize>1</dataTypeSize>
<defaultValue>1</defaultValue>
<autoIncrementCycle>false</autoIncrementCycle>
</Column>
<Column name="strComments" id="287E0175-D0B0-9D76-CB9D-9444CE9564B1">
<sourceConnName>HWSInternal</sourceConnName>
<sourceObjSchema>tblNetworkOHPs</sourceObjSchema>
<sourceObjName>strComments</sourceObjName>
<createdBy>david.moore</createdBy>
<createdTime>2015-01-12 09:17:59 UTC</createdTime>
<ownerDesignName>HWSInternal_12_01_2015</ownerDesignName>
<nullsAllowed>true</nullsAllowed>
<useDomainConstraints>false</useDomainConstraints>
<use>1</use>
<logicalDatatype>LOGDT024</logicalDatatype>
<dataTypePrecision>1024</dataTypePrecision>
<dataTypeScale>0</dataTypeScale>
<dataTypeSize>1024</dataTypeSize>
<autoIncrementCycle>false</autoIncrementCycle>
</Column>
<Column name="strNetOHPType" id="E064395E-8DCE-B443-4922-DB6219126E77">
<sourceConnName>HWSInternal</sourceConnName>
<sourceObjSchema>tblNetworkOHPs</sourceObjSchema>
<sourceObjName>strNetOHPType</sourceObjName>
<createdBy>david.moore</createdBy>
<createdTime>2015-01-12 09:17:59 UTC</createdTime>
<ownerDesignName>HWSInternal_12_01_2015</ownerDesignName>
<nullsAllowed>true</nullsAllowed>
<useDomainConstraints>false</useDomainConstraints>
<use>1</use>
<logicalDatatype>LOGDT024</logicalDatatype>
<dataTypePrecision>20</dataTypePrecision>
<dataTypeScale>0</dataTypeScale>
<dataTypeSize>20</dataTypeSize>
<autoIncrementCycle>false</autoIncrementCycle>
</Column>
<Column name="strClass" id="ED7679BA-1360-4AD1-ED15-0CF36D00B81A">
<sourceConnName>HWSInternal</sourceConnName>
<sourceObjSchema>tblNetworkOHPs</sourceObjSchema>
<sourceObjName>strClass</sourceObjName>
<createdBy>david.moore</createdBy>
<createdTime>2015-01-12 09:17:59 UTC</createdTime>
<ownerDesignName>HWSInternal_12_01_2015</ownerDesignName>
<nullsAllowed>true</nullsAllowed>
<useDomainConstraints>false</useDomainConstraints>
<use>1</use>
<logicalDatatype>LOGDT024</logicalDatatype>
<dataTypePrecision>10</dataTypePrecision>
<dataTypeScale>0</dataTypeScale>
<dataTypeSize>10</dataTypeSize>
<autoIncrementCycle>false</autoIncrementCycle>
</Column>
<Column name="ccyDefaultFeeDNA" id="1B64B824-D886-B5A8-75C1-55767979B025">
<sourceConnName>HWSInternal</sourceConnName>
<sourceObjSchema>tblNetworkOHPs</sourceObjSchema>
<sourceObjName>ccyDefaultFeeDNA</sourceObjName>
<createdBy>david.moore</createdBy>
<createdTime>2015-01-12 09:17:59 UTC</createdTime>
<ownerDesignName>HWSInternal_12_01_2015</ownerDesignName>
<nullsAllowed>true</nullsAllowed>
<useDomainConstraints>false</useDomainConstraints>
<use>1</use>
<logicalDatatype>LOGDT043</logicalDatatype>
<dataTypePrecision>19</dataTypePrecision>
<dataTypeScale>4</dataTypeScale>
<dataTypeSize>8</dataTypeSize>
<autoIncrementCycle>false</autoIncrementCycle>
</Column>
<Column name="isSpecialist" id="5CEDAB7D-A553-C23F-0354-E479A1213B11">
<sourceConnName>HWSInternal</sourceConnName>
<sourceObjSchema>tblNetworkOHPs</sourceObjSchema>
<sourceObjName>isSpecialist</sourceObjName>
<createdBy>david.moore</createdBy>
<createdTime>2015-01-12 09:17:59 UTC</createdTime>
<ownerDesignName>HWSInternal_12_01_2015</ownerDesignName>
<useDomainConstraints>false</useDomainConstraints>
<use>1</use>
<logicalDatatype>LOGDT034</logicalDatatype>
<dataTypePrecision>1</dataTypePrecision>
<dataTypeScale>0</dataTypeScale>
<dataTypeSize>1</dataTypeSize>
<defaultValue>0</defaultValue>
<autoIncrementCycle>false</autoIncrementCycle>
</Column>
<Column name="isOHP" id="59459296-A88D-C5B6-83E5-FD2E72D543DD">
<sourceConnName>HWSInternal</sourceConnName>
<sourceObjSchema>tblNetworkOHPs</sourceObjSchema>
<sourceObjName>isOHP</sourceObjName>
<createdBy>david.moore</createdBy>
<createdTime>2015-01-12 09:17:59 UTC</createdTime>
<ownerDesignName>HWSInternal_12_01_2015</ownerDesignName>
<useDomainConstraints>false</useDomainConstraints>
<use>1</use>
<logicalDatatype>LOGDT034</logicalDatatype>
<dataTypePrecision>1</dataTypePrecision>
<dataTypeScale>0</dataTypeScale>
<dataTypeSize>1</dataTypeSize>
<defaultValue>1</defaultValue>
<autoIncrementCycle>false</autoIncrementCycle>
</Column>
<Column name="ccyDefaultFeeCanx" id="2E209AA9-5DA5-D763-8C39-BC4FDCCD7113">
<sourceConnName>HWSInternal</sourceConnName>
<sourceObjSchema>tblNetworkOHPs</sourceObjSchema>
<sourceObjName>ccyDefaultFeeCanx</sourceObjName>
<createdBy>david.moore</createdBy>
<createdTime>2015-01-12 09:17:59 UTC</createdTime>
<ownerDesignName>HWSInternal_12_01_2015</ownerDesignName>
<nullsAllowed>true</nullsAllowed>
<useDomainConstraints>false</useDomainConstraints>
<use>1</use>
<logicalDatatype>LOGDT043</logicalDatatype>
<dataTypePrecision>19</dataTypePrecision>
<dataTypeScale>4</dataTypeScale>
<dataTypeSize>8</dataTypeSize>
<autoIncrementCycle>false</autoIncrementCycle>
</Column>
<Column name="fkOHQualification" id="A9F02123-405D-1BF9-B6D4-34ADDD3DBEFE">
<sourceConnName>HWSInternal</sourceConnName>
<sourceObjSchema>tblNetworkOHPs</sourceObjSchema>
<sourceObjName>fkOHQualification</sourceObjName>
<createdBy>david.moore</createdBy>
<createdTime>2015-01-12 09:17:59 UTC</createdTime>
<ownerDesignName>HWSInternal_12_01_2015</ownerDesignName>
<nullsAllowed>true</nullsAllowed>
<useDomainConstraints>false</useDomainConstraints>
<use>1</use>
<logicalDatatype>LOGDT057</logicalDatatype>
<dataTypePrecision>0</dataTypePrecision>
<dataTypeScale>0</dataTypeScale>
<dataTypeSize>16</dataTypeSize>
<delegate>5AD937D2-7E9B-D1B8-F0E2-59F8C09943B5</delegate>
<autoIncrementCycle>false</autoIncrementCycle>
<associations>
<colAssociation fkAssociation="F4C08CEC-92AD-C982-D0AE-EAA77C40412B" referredColumn="5AD937D2-7E9B-D1B8-F0E2-59F8C09943B5"/>
</associations>
</Column>
<Column name="strTelWork2" id="60FC5277-7850-7274-A82B-24CF704F89BC">
<sourceConnName>HWSInternal</sourceConnName>
<sourceObjSchema>tblNetworkOHPs</sourceObjSchema>
<sourceObjName>strTelWork2</sourceObjName>
<createdBy>david.moore</createdBy>
<createdTime>2015-01-12 09:17:59 UTC</createdTime>
<ownerDesignName>HWSInternal_12_01_2015</ownerDesignName>
<nullsAllowed>true</nullsAllowed>
<useDomainConstraints>false</useDomainConstraints>
<use>1</use>
<logicalDatatype>LOGDT024</logicalDatatype>
<dataTypePrecision>20</dataTypePrecision>
<dataTypeScale>0</dataTypeScale>
<dataTypeSize>20</dataTypeSize>
<autoIncrementCycle>false</autoIncrementCycle>
</Column>
<Column name="isPreferred" id="CAD55853-AD83-F10A-D0DF-DCAA55BE3149">
<sourceConnName>HWSInternal</sourceConnName>
<sourceObjSchema>tblNetworkOHPs</sourceObjSchema>
<sourceObjName>isPreferred</sourceObjName>
<createdBy>david.moore</createdBy>
<createdTime>2015-01-12 09:17:59 UTC</createdTime>
<ownerDesignName>HWSInternal_12_01_2015</ownerDesignName>
<useDomainConstraints>false</useDomainConstraints>
<use>1</use>
<logicalDatatype>LOGDT034</logicalDatatype>
<dataTypePrecision>1</dataTypePrecision>
<dataTypeScale>0</dataTypeScale>
<dataTypeSize>1</dataTypeSize>
<defaultValue>0</defaultValue>
<autoIncrementCycle>false</autoIncrementCycle>
</Column>
<Column name="isChase" id="F0C71C11-C440-2106-A9B5-1AD750727C91">
<sourceConnName>HWSInternal</sourceConnName>
<sourceObjSchema>tblNetworkOHPs</sourceObjSchema>
<sourceObjName>isChase</sourceObjName>
<createdBy>david.moore</createdBy>
<createdTime>2015-01-12 09:17:59 UTC</createdTime>
<ownerDesignName>HWSInternal_12_01_2015</ownerDesignName>
<useDomainConstraints>false</useDomainConstraints>
<use>1</use>
<logicalDatatype>LOGDT034</logicalDatatype>
<dataTypePrecision>1</dataTypePrecision>
<dataTypeScale>0</dataTypeScale>
<dataTypeSize>1</dataTypeSize>
<defaultValue>1</defaultValue>
<autoIncrementCycle>false</autoIncrementCycle>
</Column>
<Column name="isBookNow" id="F39BA634-25D8-CA61-94D9-02CE8B637E8E">
<sourceConnName>HWSInternal</sourceConnName>
<sourceObjSchema>tblNetworkOHPs</sourceObjSchema>
<sourceObjName>isBookNow</sourceObjName>
<createdBy>david.moore</createdBy>
<createdTime>2015-01-12 09:17:59 UTC</createdTime>
<ownerDesignName>HWSInternal_12_01_2015</ownerDesignName>
<useDomainConstraints>false</useDomainConstraints>
<use>1</use>
<logicalDatatype>LOGDT034</logicalDatatype>
<dataTypePrecision>1</dataTypePrecision>
<dataTypeScale>0</dataTypeScale>
<dataTypeSize>1</dataTypeSize>
<defaultValue>1</defaultValue>
<autoIncrementCycle>false</autoIncrementCycle>
</Column>
<Column name="dtmPIRenewal" id="FB081D84-1F5F-18D6-646E-70D57F9D8623">
<sourceConnName>HWSInternal</sourceConnName>
<sourceObjSchema>tblNetworkOHPs</sourceObjSchema>
<sourceObjName>dtmPIRenewal</sourceObjName>
<createdBy>david.moore</createdBy>
<createdTime>2015-01-12 09:17:59 UTC</createdTime>
<ownerDesignName>HWSInternal_12_01_2015</ownerDesignName>
<nullsAllowed>true</nullsAllowed>
<useDomainConstraints>false</useDomainConstraints>
<use>1</use>
<logicalDatatype>LOGDT008</logicalDatatype>
<dataTypePrecision>23</dataTypePrecision>
<dataTypeScale>3</dataTypeScale>
<dataTypeSize>8</dataTypeSize>
<autoIncrementCycle>false</autoIncrementCycle>
</Column>
<Column name="dtmGMCRenewal" id="6BEE5BEB-CE81-4DBC-0869-047AA4E8445E">
<sourceConnName>HWSInternal</sourceConnName>
<sourceObjSchema>tblNetworkOHPs</sourceObjSchema>
<sourceObjName>dtmGMCRenewal</sourceObjName>
<createdBy>david.moore</createdBy>
<createdTime>2015-01-12 09:17:59 UTC</createdTime>
<ownerDesignName>HWSInternal_12_01_2015</ownerDesignName>
<nullsAllowed>true</nullsAllowed>
<useDomainConstraints>false</useDomainConstraints>
<use>1</use>
<logicalDatatype>LOGDT008</logicalDatatype>
<dataTypePrecision>23</dataTypePrecision>
<dataTypeScale>3</dataTypeScale>
<dataTypeSize>8</dataTypeSize>
<autoIncrementCycle>false</autoIncrementCycle>
</Column>
<Column name="isOHA" id="239DD271-8951-BA7A-E2ED-F114E3E88BA4">
<sourceConnName>HWSInternal</sourceConnName>
<sourceObjSchema>tblNetworkOHPs</sourceObjSchema>
<sourceObjName>isOHA</sourceObjName>
<createdBy>david.moore</createdBy>
<createdTime>2015-01-12 09:17:59 UTC</createdTime>
<ownerDesignName>HWSInternal_12_01_2015</ownerDesignName>
<nullsAllowed>true</nullsAllowed>
<useDomainConstraints>false</useDomainConstraints>
<use>1</use>
<logicalDatatype>LOGDT034</logicalDatatype>
<dataTypePrecision>1</dataTypePrecision>
<dataTypeScale>0</dataTypeScale>
<dataTypeSize>1</dataTypeSize>
<defaultValue>0</defaultValue>
<autoIncrementCycle>false</autoIncrementCycle>
</Column>
<Column name="isHML" id="83415F4B-2E01-E7E2-0D7D-B9978B048EF9">
<sourceConnName>HWSInternal</sourceConnName>
<sourceObjSchema>tblNetworkOHPs</sourceObjSchema>
<sourceObjName>isHML</sourceObjName>
<createdBy>david.moore</createdBy>
<createdTime>2015-01-12 09:17:59 UTC</createdTime>
<ownerDesignName>HWSInternal_12_01_2015</ownerDesignName>
<nullsAllowed>true</nullsAllowed>
<useDomainConstraints>false</useDomainConstraints>
<use>1</use>
<logicalDatatype>LOGDT034</logicalDatatype>
<dataTypePrecision>1</dataTypePrecision>
<dataTypeScale>0</dataTypeScale>
<dataTypeSize>1</dataTypeSize>
<defaultValue>0</defaultValue>
<autoIncrementCycle>false</autoIncrementCycle>
</Column>
<Column name="ResourceId" id="EAF7A652-8AA5-BD5C-1890-EDC219625088">
<sourceConnName>HWSInternal</sourceConnName>
<sourceObjSchema>tblNetworkOHPs</sourceObjSchema>
<sourceObjName>ResourceId</sourceObjName>
<createdBy>david.moore</createdBy>
<createdTime>2015-01-12 09:17:59 UTC</createdTime>
<ownerDesignName>HWSInternal_12_01_2015</ownerDesignName>
<nullsAllowed>true</nullsAllowed>
<useDomainConstraints>false</useDomainConstraints>
<use>1</use>
<logicalDatatype>LOGDT011</logicalDatatype>
<dataTypePrecision>10</dataTypePrecision>
<dataTypeScale>0</dataTypeScale>
<dataTypeSize>4</dataTypeSize>
<autoIncrementCycle>false</autoIncrementCycle>
</Column>
<Column name="NetworkDoctorId" id="3053AD8D-3641-95D3-7502-E0DF3C590A92">
<sourceConnName>HWSInternal</sourceConnName>
<sourceObjSchema>tblNetworkOHPs</sourceObjSchema>
<sourceObjName>NetworkDoctorId</sourceObjName>
<createdBy>david.moore</createdBy>
<createdTime>2015-01-12 09:17:59 UTC</createdTime>
<ownerDesignName>HWSInternal_12_01_2015</ownerDesignName>
<nullsAllowed>true</nullsAllowed>
<useDomainConstraints>false</useDomainConstraints>
<use>1</use>
<logicalDatatype>LOGDT011</logicalDatatype>
<dataTypePrecision>10</dataTypePrecision>
<dataTypeScale>0</dataTypeScale>
<dataTypeSize>4</dataTypeSize>
<delegate>83E0F913-92FA-7611-8D22-ABEDCE0C2344</delegate>
<autoIncrementCycle>false</autoIncrementCycle>
<associations>
<colAssociation fkAssociation="FB938913-6E6A-81CB-7F36-4917254DAAAA" referredColumn="83E0F913-92FA-7611-8D22-ABEDCE0C2344"/>
</associations>
</Column>
</columns>
<indexes itemClass="oracle.dbtools.crest.model.design.relational.Index">
<ind_PK_UK id="6E651C39-FA7E-5E14-C501-F92D84502208" name="PK_NetworkOHPs">
<sourceConnName>HWSInternal</sourceConnName>
<sourceObjSchema>dbo</sourceObjSchema>
<sourceObjName>PK_NetworkOHPs</sourceObjName>
<createdBy>david.moore</createdBy>
<createdTime>2015-01-12 09:17:59 UTC</createdTime>
<ownerDesignName>HWSInternal_12_01_2015</ownerDesignName>
<pk>true</pk>
<indexState>Primary Constraint</indexState>
<isSurrogateKey>false</isSurrogateKey>
<indexColumnUsage>
<colUsage columnID="973D459A-F858-3C00-78D4-18576F19D75D"/>
</indexColumnUsage>
</ind_PK_UK>
<ind_PK_UK id="01912EB8-C52E-B060-535B-61615557036D" name="IX_tblNetworkOHPs_strEmail">
<sourceConnName>HWSInternal</sourceConnName>
<sourceObjSchema>dbo</sourceObjSchema>
<sourceObjName>IX_tblNetworkOHPs_strEmail</sourceObjName>
<createdBy>david.moore</createdBy>
<createdTime>2015-01-12 09:17:59 UTC</createdTime>
<ownerDesignName>HWSInternal_12_01_2015</ownerDesignName>
<indexState>Unique Plain Index</indexState>
<isSurrogateKey>false</isSurrogateKey>
<indexColumnUsage>
<colUsage columnID="7C509247-A9F4-C1AC-F945-583175810471"/>
</indexColumnUsage>
</ind_PK_UK>
<ind_PK_UK id="42BF5117-8FB4-F0FA-541F-45947DC42BC5" name="FK_tblNetworkOHPs_NetworkDoctor">
<createdBy>david.moore</createdBy>
<createdTime>2015-01-12 09:18:00 UTC</createdTime>
<ownerDesignName>HWSInternal_12_01_2015</ownerDesignName>
<indexState>Foreign Key</indexState>
<isSurrogateKey>false</isSurrogateKey>
<indexColumnUsage>
<colUsage columnID="3053AD8D-3641-95D3-7502-E0DF3C590A92"/>
</indexColumnUsage>
</ind_PK_UK>
<ind_PK_UK id="D2D86141-5355-89A0-D6ED-51789B672928" name="FK_tblNetworkOHPs_tblOHQualifications">
<createdBy>david.moore</createdBy>
<createdTime>2015-01-12 09:18:00 UTC</createdTime>
<ownerDesignName>HWSInternal_12_01_2015</ownerDesignName>
<indexState>Foreign Key</indexState>
<isSurrogateKey>false</isSurrogateKey>
<indexColumnUsage>
<colUsage columnID="A9F02123-405D-1BF9-B6D4-34ADDD3DBEFE"/>
</indexColumnUsage>
</ind_PK_UK>
</indexes>
<tableCheckConstraints itemClass="oracle.dbtools.crest.model.design.constraint.TableLevelConstraint">
<tableCheckConstraint name="DF_tblNetworkOHPs_isHML" directorySegmentName="seg_0" id="BE779514-E27E-9A07-7F74-F96B4C5B90E8">
<sourceConnName>HWSInternal</sourceConnName>
<sourceObjSchema>dbo</sourceObjSchema>
<sourceObjName>DF_tblNetworkOHPs_isHML</sourceObjName>
<createdBy>david.moore</createdBy>
<createdTime>2015-01-12 09:17:59 UTC</createdTime>
<ownerDesignName>HWSInternal_12_01_2015</ownerDesignName>
<rule>(0)</rule>
</tableCheckConstraint>
<tableCheckConstraint name="DF__DbaMgr_Tm__uidNe__1B33F057" directorySegmentName="seg_0" id="41D420AD-A7C9-0E9A-F393-917AFCB8B701">
<sourceConnName>HWSInternal</sourceConnName>
<sourceObjSchema>dbo</sourceObjSchema>
<sourceObjName>DF__DbaMgr_Tm__uidNe__1B33F057</sourceObjName>
<createdBy>david.moore</createdBy>
<createdTime>2015-01-12 09:17:59 UTC</createdTime>
<ownerDesignName>HWSInternal_12_01_2015</ownerDesignName>
<rule>newid()</rule>
</tableCheckConstraint>
<tableCheckConstraint name="DF__DbaMgr_Tm__isEna__1C281490" directorySegmentName="seg_0" id="BBDF845D-4385-512B-2F92-AECCFD41A708">
<sourceConnName>HWSInternal</sourceConnName>
<sourceObjSchema>dbo</sourceObjSchema>
<sourceObjName>DF__DbaMgr_Tm__isEna__1C281490</sourceObjName>
<createdBy>david.moore</createdBy>
<createdTime>2015-01-12 09:17:59 UTC</createdTime>
<ownerDesignName>HWSInternal_12_01_2015</ownerDesignName>
<rule>(1)</rule>
</tableCheckConstraint>
<tableCheckConstraint name="DF_tblNetworkOHPs_strModBy" directorySegmentName="seg_0" id="19D3D9EB-9284-7C02-C562-1A18FB260DF6">
<sourceConnName>HWSInternal</sourceConnName>
<sourceObjSchema>dbo</sourceObjSchema>
<sourceObjName>DF_tblNetworkOHPs_strModBy</sourceObjName>
<createdBy>david.moore</createdBy>
<createdTime>2015-01-12 09:17:59 UTC</createdTime>
<ownerDesignName>HWSInternal_12_01_2015</ownerDesignName>
<rule>suser_sname()</rule>
</tableCheckConstraint>
<tableCheckConstraint name="DF__DbaMgr_Tm__dtmMo__1D1C38C9" directorySegmentName="seg_0" id="7B38EF5F-D091-1821-93A5-2FE27CDB7B56">
<sourceConnName>HWSInternal</sourceConnName>
<sourceObjSchema>dbo</sourceObjSchema>
<sourceObjName>DF__DbaMgr_Tm__dtmMo__1D1C38C9</sourceObjName>
<createdBy>david.moore</createdBy>
<createdTime>2015-01-12 09:17:59 UTC</createdTime>
<ownerDesignName>HWSInternal_12_01_2015</ownerDesignName>
<rule>getdate()</rule>
</tableCheckConstraint>
<tableCheckConstraint name="DF_tblNetworkOHPs_strCreatedBy" directorySegmentName="seg_0" id="F3EC5BEF-D099-8EDA-25CD-63102F6443B8">
<sourceConnName>HWSInternal</sourceConnName>
<sourceObjSchema>dbo</sourceObjSchema>
<sourceObjName>DF_tblNetworkOHPs_strCreatedBy</sourceObjName>
<createdBy>david.moore</createdBy>
<createdTime>2015-01-12 09:17:59 UTC</createdTime>
<ownerDesignName>HWSInternal_12_01_2015</ownerDesignName>
<rule>suser_sname()</rule>
</tableCheckConstraint>
<tableCheckConstraint name="DF__DbaMgr_Tm__dtmCr__1E105D02" directorySegmentName="seg_0" id="080BA3DB-0629-380A-9089-36FE1AD31920">
<sourceConnName>HWSInternal</sourceConnName>
<sourceObjSchema>dbo</sourceObjSchema>
<sourceObjName>DF__DbaMgr_Tm__dtmCr__1E105D02</sourceObjName>
<createdBy>david.moore</createdBy>
<createdTime>2015-01-12 09:17:59 UTC</createdTime>
<ownerDesignName>HWSInternal_12_01_2015</ownerDesignName>
<rule>getdate()</rule>
</tableCheckConstraint>
<tableCheckConstraint name="DF__DbaMgr_Tm__isDel__1F04813B" directorySegmentName="seg_0" id="8D76795D-4511-D1A4-05B7-021879C8A17A">
<sourceConnName>HWSInternal</sourceConnName>
<sourceObjSchema>dbo</sourceObjSchema>
<sourceObjName>DF__DbaMgr_Tm__isDel__1F04813B</sourceObjName>
<createdBy>david.moore</createdBy>
<createdTime>2015-01-12 09:17:59 UTC</createdTime>
<ownerDesignName>HWSInternal_12_01_2015</ownerDesignName>
<rule>(1)</rule>
</tableCheckConstraint>
<tableCheckConstraint name="DF_tblNetworkOHPs_isSpecialist" directorySegmentName="seg_0" id="971D3BA4-572A-0880-2980-6C561FD491EB">
<sourceConnName>HWSInternal</sourceConnName>
<sourceObjSchema>dbo</sourceObjSchema>
<sourceObjName>DF_tblNetworkOHPs_isSpecialist</sourceObjName>
<createdBy>david.moore</createdBy>
<createdTime>2015-01-12 09:17:59 UTC</createdTime>
<ownerDesignName>HWSInternal_12_01_2015</ownerDesignName>
<rule>(0)</rule>
</tableCheckConstraint>
<tableCheckConstraint name="DF_tblNetworkOHPs_isDoesOH" directorySegmentName="seg_0" id="BEF83F28-5F47-FACE-7E55-B52B965AE2B0">
<sourceConnName>HWSInternal</sourceConnName>
<sourceObjSchema>dbo</sourceObjSchema>
<sourceObjName>DF_tblNetworkOHPs_isDoesOH</sourceObjName>
<createdBy>david.moore</createdBy>
<createdTime>2015-01-12 09:17:59 UTC</createdTime>
<ownerDesignName>HWSInternal_12_01_2015</ownerDesignName>
<rule>(1)</rule>
</tableCheckConstraint>
<tableCheckConstraint name="DF__tblNetwor__isPre__7F7792A0" directorySegmentName="seg_0" id="5BAA8B8A-6283-E0E2-B478-C14F4385A57E">
<sourceConnName>HWSInternal</sourceConnName>
<sourceObjSchema>dbo</sourceObjSchema>
<sourceObjName>DF__tblNetwor__isPre__7F7792A0</sourceObjName>
<createdBy>david.moore</createdBy>
<createdTime>2015-01-12 09:17:59 UTC</createdTime>
<ownerDesignName>HWSInternal_12_01_2015</ownerDesignName>
<rule>(0)</rule>
</tableCheckConstraint>
<tableCheckConstraint name="DF__tblNetwor__isCha__015FDB12" directorySegmentName="seg_0" id="2D01ADCF-904F-C21F-FEF6-13DD38518D9B">
<sourceConnName>HWSInternal</sourceConnName>
<sourceObjSchema>dbo</sourceObjSchema>
<sourceObjName>DF__tblNetwor__isCha__015FDB12</sourceObjName>
<createdBy>david.moore</createdBy>
<createdTime>2015-01-12 09:17:59 UTC</createdTime>
<ownerDesignName>HWSInternal_12_01_2015</ownerDesignName>
<rule>(1)</rule>
</tableCheckConstraint>
<tableCheckConstraint name="DF__tblNetwor__isBoo__043C47BD" directorySegmentName="seg_0" id="1D95C207-1406-5FF1-AC3F-B826F3C7ED38">
<sourceConnName>HWSInternal</sourceConnName>
<sourceObjSchema>dbo</sourceObjSchema>
<sourceObjName>DF__tblNetwor__isBoo__043C47BD</sourceObjName>
<createdBy>david.moore</createdBy>
<createdTime>2015-01-12 09:17:59 UTC</createdTime>
<ownerDesignName>HWSInternal_12_01_2015</ownerDesignName>
<rule>(1)</rule>
</tableCheckConstraint>
<tableCheckConstraint name="DF__tblNetwor__isOHA__69FBBC1F" directorySegmentName="seg_0" id="190CAD3B-353F-7F6B-D251-EF28572D3E3C">
<sourceConnName>HWSInternal</sourceConnName>
<sourceObjSchema>dbo</sourceObjSchema>
<sourceObjName>DF__tblNetwor__isOHA__69FBBC1F</sourceObjName>
<createdBy>david.moore</createdBy>
<createdTime>2015-01-12 09:17:59 UTC</createdTime>
<ownerDesignName>HWSInternal_12_01_2015</ownerDesignName>
<rule>(0)</rule>
</tableCheckConstraint>
</tableCheckConstraints>
</Table>