<?xml version = '1.0' encoding = 'UTF-8'?>
<Table class="oracle.dbtools.crest.model.design.relational.Table" directorySegmentName="seg_1" id="8C8531C0-3251-9F7F-3714-37AD404A4DA5" name="tblInvuIndexExceptions">
<sourceConnName>HWSInternal</sourceConnName>
<sourceObjSchema>dbo</sourceObjSchema>
<sourceObjName>tblInvuIndexExceptions</sourceObjName>
<createdBy>david.moore</createdBy>
<createdTime>2015-01-12 09:17:59 UTC</createdTime>
<ownerDesignName>HWSInternal_12_01_2015</ownerDesignName>
<schemaObject>4EB6B9C6-0365-2F78-E252-562BC729FF40</schemaObject>
<allowColumnReorder>false</allowColumnReorder>
<existDependencyGenerateInDDl>true</existDependencyGenerateInDDl>
<columns itemClass="oracle.dbtools.crest.model.design.relational.Column">
<Column name="id" id="032A149F-6BAE-DE43-3F98-65B97D6E634B">
<sourceConnName>HWSInternal</sourceConnName>
<sourceObjSchema>tblInvuIndexExceptions</sourceObjSchema>
<sourceObjName>id</sourceObjName>
<createdBy>david.moore</createdBy>
<createdTime>2015-01-12 09:17:59 UTC</createdTime>
<ownerDesignName>HWSInternal_12_01_2015</ownerDesignName>
<useDomainConstraints>false</useDomainConstraints>
<use>1</use>
<logicalDatatype>LOGDT011</logicalDatatype>
<dataTypePrecision>10</dataTypePrecision>
<dataTypeScale>0</dataTypeScale>
<dataTypeSize>4</dataTypeSize>
<autoIncrementCycle>false</autoIncrementCycle>
</Column>
<Column name="invuDocumentId" id="ABAFFF1D-4944-9D93-EA6E-182419891894">
<sourceConnName>HWSInternal</sourceConnName>
<sourceObjSchema>tblInvuIndexExceptions</sourceObjSchema>
<sourceObjName>invuDocumentId</sourceObjName>
<createdBy>david.moore</createdBy>
<createdTime>2015-01-12 09:17:59 UTC</createdTime>
<ownerDesignName>HWSInternal_12_01_2015</ownerDesignName>
<useDomainConstraints>false</useDomainConstraints>
<use>1</use>
<logicalDatatype>LOGDT011</logicalDatatype>
<dataTypePrecision>10</dataTypePrecision>
<dataTypeScale>0</dataTypeScale>
<dataTypeSize>4</dataTypeSize>
<autoIncrementCycle>false</autoIncrementCycle>
</Column>
<Column name="exception" id="5F902998-41DC-9EC1-A0FE-2167494718AC">
<sourceConnName>HWSInternal</sourceConnName>
<sourceObjSchema>tblInvuIndexExceptions</sourceObjSchema>
<sourceObjName>exception</sourceObjName>
<createdBy>david.moore</createdBy>
<createdTime>2015-01-12 09:17:59 UTC</createdTime>
<ownerDesignName>HWSInternal_12_01_2015</ownerDesignName>
<useDomainConstraints>false</useDomainConstraints>
<use>1</use>
<logicalDatatype>LOGDT037</logicalDatatype>
<dataTypePrecision>-1</dataTypePrecision>
<dataTypeScale>0</dataTypeScale>
<dataTypeSize>max</dataTypeSize>
<autoIncrementCycle>false</autoIncrementCycle>
</Column>
<Column name="caseId" id="97745877-54FE-BE75-3AD8-25330183E5E0">
<sourceConnName>HWSInternal</sourceConnName>
<sourceObjSchema>tblInvuIndexExceptions</sourceObjSchema>
<sourceObjName>caseId</sourceObjName>
<createdBy>david.moore</createdBy>
<createdTime>2015-01-12 09:17:59 UTC</createdTime>
<ownerDesignName>HWSInternal_12_01_2015</ownerDesignName>
<useDomainConstraints>false</useDomainConstraints>
<use>1</use>
<logicalDatatype>LOGDT011</logicalDatatype>
<dataTypePrecision>10</dataTypePrecision>
<dataTypeScale>0</dataTypeScale>
<dataTypeSize>4</dataTypeSize>
<delegate>05174EA8-17A2-44D7-E20D-58DEB7BF35A2</delegate>
<autoIncrementCycle>false</autoIncrementCycle>
<associations>
<colAssociation fkAssociation="3FB5D914-AB5F-D0D7-CCAB-1D6587799200" referredColumn="05174EA8-17A2-44D7-E20D-58DEB7BF35A2"/>
</associations>
</Column>
<Column name="caseNoteId" id="3181E40E-E587-E67F-488D-EBCC170F1768">
<sourceConnName>HWSInternal</sourceConnName>
<sourceObjSchema>tblInvuIndexExceptions</sourceObjSchema>
<sourceObjName>caseNoteId</sourceObjName>
<createdBy>david.moore</createdBy>
<createdTime>2015-01-12 09:17:59 UTC</createdTime>
<ownerDesignName>HWSInternal_12_01_2015</ownerDesignName>
<useDomainConstraints>false</useDomainConstraints>
<use>1</use>
<logicalDatatype>LOGDT011</logicalDatatype>
<dataTypePrecision>10</dataTypePrecision>
<dataTypeScale>0</dataTypeScale>
<dataTypeSize>4</dataTypeSize>
<delegate>7ACBA0C3-55C0-76AA-5C8F-C85AF6BA57FC</delegate>
<autoIncrementCycle>false</autoIncrementCycle>
<associations>
<colAssociation fkAssociation="ED09209B-F07C-8C7B-4ECD-88F067C0A745" referredColumn="7ACBA0C3-55C0-76AA-5C8F-C85AF6BA57FC"/>
</associations>
</Column>
<Column name="createdDate" id="5FE727DA-8C42-9316-2FDB-2D83B0C7CDDF">
<sourceConnName>HWSInternal</sourceConnName>
<sourceObjSchema>tblInvuIndexExceptions</sourceObjSchema>
<sourceObjName>createdDate</sourceObjName>
<createdBy>david.moore</createdBy>
<createdTime>2015-01-12 09:17:59 UTC</createdTime>
<ownerDesignName>HWSInternal_12_01_2015</ownerDesignName>
<useDomainConstraints>false</useDomainConstraints>
<use>1</use>
<logicalDatatype>LOGDT008</logicalDatatype>
<dataTypePrecision>23</dataTypePrecision>
<dataTypeScale>3</dataTypeScale>
<dataTypeSize>8</dataTypeSize>
<defaultValue>getdate()</defaultValue>
<autoIncrementCycle>false</autoIncrementCycle>
</Column>
</columns>
<indexes itemClass="oracle.dbtools.crest.model.design.relational.Index">
<ind_PK_UK id="86B2F588-6ED6-2DBE-9F4E-2EA8BFC73A5E" name="PK_tblInvuIndexExceptions">
<sourceConnName>HWSInternal</sourceConnName>
<sourceObjSchema>dbo</sourceObjSchema>
<sourceObjName>PK_tblInvuIndexExceptions</sourceObjName>
<createdBy>david.moore</createdBy>
<createdTime>2015-01-12 09:17:59 UTC</createdTime>
<ownerDesignName>HWSInternal_12_01_2015</ownerDesignName>
<pk>true</pk>
<indexState>Primary Constraint</indexState>
<isSurrogateKey>false</isSurrogateKey>
<indexColumnUsage>
<colUsage columnID="032A149F-6BAE-DE43-3F98-65B97D6E634B"/>
</indexColumnUsage>
</ind_PK_UK>
<ind_PK_UK id="00C79459-1718-E3E2-5F4E-CC7794152AC3" name="FK_tblInvuIndexExceptions_Case">
<createdBy>david.moore</createdBy>
<createdTime>2015-01-12 09:18:00 UTC</createdTime>
<ownerDesignName>HWSInternal_12_01_2015</ownerDesignName>
<indexState>Foreign Key</indexState>
<isSurrogateKey>false</isSurrogateKey>
<indexColumnUsage>
<colUsage columnID="97745877-54FE-BE75-3AD8-25330183E5E0"/>
</indexColumnUsage>
</ind_PK_UK>
<ind_PK_UK id="C9DFF816-B85B-868C-C26F-C615F9BD0F3C" name="FK_tblInvuIndexExceptions_CaseNote">
<createdBy>david.moore</createdBy>
<createdTime>2015-01-12 09:18:00 UTC</createdTime>
<ownerDesignName>HWSInternal_12_01_2015</ownerDesignName>
<indexState>Foreign Key</indexState>
<isSurrogateKey>false</isSurrogateKey>
<indexColumnUsage>
<colUsage columnID="3181E40E-E587-E67F-488D-EBCC170F1768"/>
</indexColumnUsage>
</ind_PK_UK>
</indexes>
<tableCheckConstraints itemClass="oracle.dbtools.crest.model.design.constraint.TableLevelConstraint">
<tableCheckConstraint name="DF_tblInvuIndexExceptions_createdDate" directorySegmentName="seg_0" id="1C3937D9-6F8E-BE7F-35F3-9D513FDCE1B9">
<sourceConnName>HWSInternal</sourceConnName>
<sourceObjSchema>dbo</sourceObjSchema>
<sourceObjName>DF_tblInvuIndexExceptions_createdDate</sourceObjName>
<createdBy>david.moore</createdBy>
<createdTime>2015-01-12 09:17:59 UTC</createdTime>
<ownerDesignName>HWSInternal_12_01_2015</ownerDesignName>
<rule>getdate()</rule>
</tableCheckConstraint>
</tableCheckConstraints>
</Table>