<?xml version = '1.0' encoding = 'UTF-8'?>
<Table class="oracle.dbtools.crest.model.design.relational.Table" directorySegmentName="seg_1" id="8FD9CB38-3775-7F67-1302-CD729BF95008" name="webpages_UsersInRoles">
<sourceConnName>HWSInternal</sourceConnName>
<sourceObjSchema>Authentication</sourceObjSchema>
<sourceObjName>webpages_UsersInRoles</sourceObjName>
<createdBy>david.moore</createdBy>
<createdTime>2015-01-12 09:17:59 UTC</createdTime>
<ownerDesignName>HWSInternal_12_01_2015</ownerDesignName>
<schemaObject>6934995E-10D9-77E9-7AFE-E809CE685C96</schemaObject>
<allowColumnReorder>false</allowColumnReorder>
<existDependencyGenerateInDDl>true</existDependencyGenerateInDDl>
<columns itemClass="oracle.dbtools.crest.model.design.relational.Column">
<Column name="UserId" id="9A53EE1A-13DA-CDA8-C4D0-3506A9FF40B3">
<sourceConnName>HWSInternal</sourceConnName>
<sourceObjSchema>webpages_UsersInRoles</sourceObjSchema>
<sourceObjName>UserId</sourceObjName>
<createdBy>david.moore</createdBy>
<createdTime>2015-01-12 09:17:59 UTC</createdTime>
<ownerDesignName>HWSInternal_12_01_2015</ownerDesignName>
<useDomainConstraints>false</useDomainConstraints>
<use>1</use>
<logicalDatatype>LOGDT011</logicalDatatype>
<dataTypePrecision>10</dataTypePrecision>
<dataTypeScale>0</dataTypeScale>
<dataTypeSize>4</dataTypeSize>
<delegate>83E0F913-92FA-7611-8D22-ABEDCE0C2344</delegate>
<autoIncrementCycle>false</autoIncrementCycle>
<associations>
<colAssociation fkAssociation="CC72CFB9-F80A-BF1F-A17A-ACC7F2E32D31" referredColumn="83E0F913-92FA-7611-8D22-ABEDCE0C2344"/>
</associations>
</Column>
<Column name="RoleId" id="E82C1453-59DF-E397-EEA4-28DDA3274977">
<sourceConnName>HWSInternal</sourceConnName>
<sourceObjSchema>webpages_UsersInRoles</sourceObjSchema>
<sourceObjName>RoleId</sourceObjName>
<createdBy>david.moore</createdBy>
<createdTime>2015-01-12 09:17:59 UTC</createdTime>
<ownerDesignName>HWSInternal_12_01_2015</ownerDesignName>
<useDomainConstraints>false</useDomainConstraints>
<use>1</use>
<logicalDatatype>LOGDT011</logicalDatatype>
<dataTypePrecision>10</dataTypePrecision>
<dataTypeScale>0</dataTypeScale>
<dataTypeSize>4</dataTypeSize>
<delegate>6A0CA799-488C-A556-2AB8-F55355428822</delegate>
<autoIncrementCycle>false</autoIncrementCycle>
<associations>
<colAssociation fkAssociation="2A036548-5ADB-4BF1-E752-87EA4182AE54" referredColumn="6A0CA799-488C-A556-2AB8-F55355428822"/>
</associations>
</Column>
</columns>
<indexes itemClass="oracle.dbtools.crest.model.design.relational.Index">
<ind_PK_UK id="9999386F-AF9F-A6F3-1ECE-869106FD3EAD" name="PK__webpages__AF2760AD6C040022">
<sourceConnName>HWSInternal</sourceConnName>
<sourceObjSchema>Authentication</sourceObjSchema>
<sourceObjName>PK__webpages__AF2760AD6C040022</sourceObjName>
<createdBy>david.moore</createdBy>
<createdTime>2015-01-12 09:17:59 UTC</createdTime>
<ownerDesignName>HWSInternal_12_01_2015</ownerDesignName>
<pk>true</pk>
<indexState>Primary Constraint</indexState>
<isSurrogateKey>false</isSurrogateKey>
<indexColumnUsage>
<colUsage columnID="9A53EE1A-13DA-CDA8-C4D0-3506A9FF40B3"/>
<colUsage columnID="E82C1453-59DF-E397-EEA4-28DDA3274977"/>
</indexColumnUsage>
</ind_PK_UK>
<ind_PK_UK id="E97A8B0D-C689-A5B6-47E3-7A86CCB14042" name="fk_RoleId">
<createdBy>david.moore</createdBy>
<createdTime>2015-01-12 09:18:00 UTC</createdTime>
<ownerDesignName>HWSInternal_12_01_2015</ownerDesignName>
<indexState>Foreign Key</indexState>
<isSurrogateKey>false</isSurrogateKey>
<indexColumnUsage>
<colUsage columnID="E82C1453-59DF-E397-EEA4-28DDA3274977"/>
</indexColumnUsage>
</ind_PK_UK>
<ind_PK_UK id="53BBE0E9-9D09-0FA0-E143-8B6047FD07D5" name="fk_UserId">
<createdBy>david.moore</createdBy>
<createdTime>2015-01-12 09:18:00 UTC</createdTime>
<ownerDesignName>HWSInternal_12_01_2015</ownerDesignName>
<indexState>Foreign Key</indexState>
<isSurrogateKey>false</isSurrogateKey>
<indexColumnUsage>
<colUsage columnID="9A53EE1A-13DA-CDA8-C4D0-3506A9FF40B3"/>
</indexColumnUsage>
</ind_PK_UK>
</indexes>
</Table>