<?xml version = '1.0' encoding = 'UTF-8'?>
<Table class="oracle.dbtools.crest.model.design.relational.Table" directorySegmentName="seg_1" id="9FA5E6BA-99C3-A5A9-E85A-5345E6C14F6A" name="tblClinic2Specialisation">
<sourceConnName>HWSInternal</sourceConnName>
<sourceObjSchema>dbo</sourceObjSchema>
<sourceObjName>tblClinic2Specialisation</sourceObjName>
<createdBy>david.moore</createdBy>
<createdTime>2015-01-12 09:17:59 UTC</createdTime>
<ownerDesignName>HWSInternal_12_01_2015</ownerDesignName>
<schemaObject>4EB6B9C6-0365-2F78-E252-562BC729FF40</schemaObject>
<allowColumnReorder>false</allowColumnReorder>
<existDependencyGenerateInDDl>true</existDependencyGenerateInDDl>
<columns itemClass="oracle.dbtools.crest.model.design.relational.Column">
<Column name="fkClinic" id="BD3C49B3-63DE-1AD1-8D46-8BF67C8B7857">
<sourceConnName>HWSInternal</sourceConnName>
<sourceObjSchema>tblClinic2Specialisation</sourceObjSchema>
<sourceObjName>fkClinic</sourceObjName>
<createdBy>david.moore</createdBy>
<createdTime>2015-01-12 09:17:59 UTC</createdTime>
<ownerDesignName>HWSInternal_12_01_2015</ownerDesignName>
<useDomainConstraints>false</useDomainConstraints>
<use>1</use>
<logicalDatatype>LOGDT057</logicalDatatype>
<dataTypePrecision>0</dataTypePrecision>
<dataTypeScale>0</dataTypeScale>
<dataTypeSize>16</dataTypeSize>
<delegate>2EED7D4D-05C3-DCC9-CBA7-4A425640D43B</delegate>
<autoIncrementCycle>false</autoIncrementCycle>
<associations>
<colAssociation fkAssociation="6C42FEC0-7DBE-53DE-C73E-237EA9627DDD" referredColumn="2EED7D4D-05C3-DCC9-CBA7-4A425640D43B"/>
</associations>
</Column>
<Column name="fkSpecialisation" id="AA01FB85-CF39-3634-FB41-95266824437A">
<sourceConnName>HWSInternal</sourceConnName>
<sourceObjSchema>tblClinic2Specialisation</sourceObjSchema>
<sourceObjName>fkSpecialisation</sourceObjName>
<createdBy>david.moore</createdBy>
<createdTime>2015-01-12 09:17:59 UTC</createdTime>
<ownerDesignName>HWSInternal_12_01_2015</ownerDesignName>
<useDomainConstraints>false</useDomainConstraints>
<use>1</use>
<logicalDatatype>LOGDT057</logicalDatatype>
<dataTypePrecision>0</dataTypePrecision>
<dataTypeScale>0</dataTypeScale>
<dataTypeSize>16</dataTypeSize>
<delegate>C0E2DBE2-95D0-6D9C-A258-6FE86E6D2635</delegate>
<autoIncrementCycle>false</autoIncrementCycle>
<associations>
<colAssociation fkAssociation="21B6872D-D462-BEF9-31E8-8C34786EE3F0" referredColumn="C0E2DBE2-95D0-6D9C-A258-6FE86E6D2635"/>
</associations>
</Column>
</columns>
<indexes itemClass="oracle.dbtools.crest.model.design.relational.Index">
<ind_PK_UK id="528B5A0D-8E50-64F6-47C0-348E6D1819A8" name="PK_tblClinic2Specialisation">
<sourceConnName>HWSInternal</sourceConnName>
<sourceObjSchema>dbo</sourceObjSchema>
<sourceObjName>PK_tblClinic2Specialisation</sourceObjName>
<createdBy>david.moore</createdBy>
<createdTime>2015-01-12 09:17:59 UTC</createdTime>
<ownerDesignName>HWSInternal_12_01_2015</ownerDesignName>
<pk>true</pk>
<indexState>Primary Constraint</indexState>
<isSurrogateKey>false</isSurrogateKey>
<indexColumnUsage>
<colUsage columnID="BD3C49B3-63DE-1AD1-8D46-8BF67C8B7857"/>
<colUsage columnID="AA01FB85-CF39-3634-FB41-95266824437A"/>
</indexColumnUsage>
</ind_PK_UK>
<ind_PK_UK id="6009BEA8-C80D-61BC-C0F4-7CC23CBBC7F9" name="FK_tblClinic2Specialisation_tblSpecialisations">
<createdBy>david.moore</createdBy>
<createdTime>2015-01-12 09:18:00 UTC</createdTime>
<ownerDesignName>HWSInternal_12_01_2015</ownerDesignName>
<indexState>Foreign Key</indexState>
<isSurrogateKey>false</isSurrogateKey>
<indexColumnUsage>
<colUsage columnID="AA01FB85-CF39-3634-FB41-95266824437A"/>
</indexColumnUsage>
</ind_PK_UK>
<ind_PK_UK id="C892AEAE-F2C5-078D-125A-299BD4EEA3F3" name="FK_tblClinic2Specialisation_tblOHPClinics">
<createdBy>david.moore</createdBy>
<createdTime>2015-01-12 09:18:00 UTC</createdTime>
<ownerDesignName>HWSInternal_12_01_2015</ownerDesignName>
<indexState>Foreign Key</indexState>
<isSurrogateKey>false</isSurrogateKey>
<indexColumnUsage>
<colUsage columnID="BD3C49B3-63DE-1AD1-8D46-8BF67C8B7857"/>
</indexColumnUsage>
</ind_PK_UK>
</indexes>
</Table>