<?xml version = '1.0' encoding = 'UTF-8'?>
<Table class="oracle.dbtools.crest.model.design.relational.Table" directorySegmentName="seg_1" id="A1E0515A-83DA-B764-29BF-0920E7800B14" name="tblDr2Specialisation">
<sourceConnName>HWSInternal</sourceConnName>
<sourceObjSchema>dbo</sourceObjSchema>
<sourceObjName>tblDr2Specialisation</sourceObjName>
<createdBy>david.moore</createdBy>
<createdTime>2015-01-12 09:17:59 UTC</createdTime>
<ownerDesignName>HWSInternal_12_01_2015</ownerDesignName>
<schemaObject>4EB6B9C6-0365-2F78-E252-562BC729FF40</schemaObject>
<allowColumnReorder>false</allowColumnReorder>
<existDependencyGenerateInDDl>true</existDependencyGenerateInDDl>
<columns itemClass="oracle.dbtools.crest.model.design.relational.Column">
<Column name="fkSpecialisation" id="524C9E24-FC85-B148-37CA-AE3DC078C868">
<sourceConnName>HWSInternal</sourceConnName>
<sourceObjSchema>tblDr2Specialisation</sourceObjSchema>
<sourceObjName>fkSpecialisation</sourceObjName>
<createdBy>david.moore</createdBy>
<createdTime>2015-01-12 09:17:59 UTC</createdTime>
<ownerDesignName>HWSInternal_12_01_2015</ownerDesignName>
<useDomainConstraints>false</useDomainConstraints>
<use>1</use>
<logicalDatatype>LOGDT057</logicalDatatype>
<dataTypePrecision>0</dataTypePrecision>
<dataTypeScale>0</dataTypeScale>
<dataTypeSize>16</dataTypeSize>
<delegate>C0E2DBE2-95D0-6D9C-A258-6FE86E6D2635</delegate>
<autoIncrementCycle>false</autoIncrementCycle>
<associations>
<colAssociation fkAssociation="3B8B4CB1-E742-F5FD-6743-6B27C364B8F0" referredColumn="C0E2DBE2-95D0-6D9C-A258-6FE86E6D2635"/>
</associations>
</Column>
<Column name="fkOHP" id="606DF339-00E4-3F06-0F1C-4CCE5FD74F1F">
<sourceConnName>HWSInternal</sourceConnName>
<sourceObjSchema>tblDr2Specialisation</sourceObjSchema>
<sourceObjName>fkOHP</sourceObjName>
<createdBy>david.moore</createdBy>
<createdTime>2015-01-12 09:17:59 UTC</createdTime>
<ownerDesignName>HWSInternal_12_01_2015</ownerDesignName>
<useDomainConstraints>false</useDomainConstraints>
<use>1</use>
<logicalDatatype>LOGDT057</logicalDatatype>
<dataTypePrecision>0</dataTypePrecision>
<dataTypeScale>0</dataTypeScale>
<dataTypeSize>16</dataTypeSize>
<delegate>973D459A-F858-3C00-78D4-18576F19D75D</delegate>
<autoIncrementCycle>false</autoIncrementCycle>
<associations>
<colAssociation fkAssociation="F763486F-C1A7-2172-C0FE-F95064D3B7C3" referredColumn="973D459A-F858-3C00-78D4-18576F19D75D"/>
</associations>
</Column>
</columns>
<indexes itemClass="oracle.dbtools.crest.model.design.relational.Index">
<ind_PK_UK id="333A9DAC-80BB-55D8-3412-3DC4BB4D1AFF" name="PK_tblDr2Specialisation">
<sourceConnName>HWSInternal</sourceConnName>
<sourceObjSchema>dbo</sourceObjSchema>
<sourceObjName>PK_tblDr2Specialisation</sourceObjName>
<createdBy>david.moore</createdBy>
<createdTime>2015-01-12 09:17:59 UTC</createdTime>
<ownerDesignName>HWSInternal_12_01_2015</ownerDesignName>
<pk>true</pk>
<indexState>Primary Constraint</indexState>
<isSurrogateKey>false</isSurrogateKey>
<indexColumnUsage>
<colUsage columnID="524C9E24-FC85-B148-37CA-AE3DC078C868"/>
<colUsage columnID="606DF339-00E4-3F06-0F1C-4CCE5FD74F1F"/>
</indexColumnUsage>
</ind_PK_UK>
<ind_PK_UK id="A578D5AD-C65A-476D-6EA2-472FF23A5F64" name="FK_tblDr2Specialisation_tblSpecialisations">
<createdBy>david.moore</createdBy>
<createdTime>2015-01-12 09:18:00 UTC</createdTime>
<ownerDesignName>HWSInternal_12_01_2015</ownerDesignName>
<indexState>Foreign Key</indexState>
<isSurrogateKey>false</isSurrogateKey>
<indexColumnUsage>
<colUsage columnID="524C9E24-FC85-B148-37CA-AE3DC078C868"/>
</indexColumnUsage>
</ind_PK_UK>
<ind_PK_UK id="45586BAD-A9E9-0004-3860-6D894D3CD0AC" name="FK_tblDr2Specialisation_tblNetworkOHPs">
<createdBy>david.moore</createdBy>
<createdTime>2015-01-12 09:18:00 UTC</createdTime>
<ownerDesignName>HWSInternal_12_01_2015</ownerDesignName>
<indexState>Foreign Key</indexState>
<isSurrogateKey>false</isSurrogateKey>
<indexColumnUsage>
<colUsage columnID="606DF339-00E4-3F06-0F1C-4CCE5FD74F1F"/>
</indexColumnUsage>
</ind_PK_UK>
</indexes>
</Table>