<?xml version = '1.0' encoding = 'UTF-8'?>
<Table class="oracle.dbtools.crest.model.design.relational.Table" directorySegmentName="seg_1" id="A7E0E2AA-B1CC-CEA4-59DF-63101E5BA245" name="tblClinician2Specialisation">
<sourceConnName>HWSInternal</sourceConnName>
<sourceObjSchema>dbo</sourceObjSchema>
<sourceObjName>tblClinician2Specialisation</sourceObjName>
<createdBy>david.moore</createdBy>
<createdTime>2015-01-12 09:17:59 UTC</createdTime>
<ownerDesignName>HWSInternal_12_01_2015</ownerDesignName>
<schemaObject>4EB6B9C6-0365-2F78-E252-562BC729FF40</schemaObject>
<allowColumnReorder>false</allowColumnReorder>
<existDependencyGenerateInDDl>true</existDependencyGenerateInDDl>
<columns itemClass="oracle.dbtools.crest.model.design.relational.Column">
<Column name="fkNetworkOHP" id="B5617AC7-239B-AFE0-6038-2405B97BB7CB">
<sourceConnName>HWSInternal</sourceConnName>
<sourceObjSchema>tblClinician2Specialisation</sourceObjSchema>
<sourceObjName>fkNetworkOHP</sourceObjName>
<createdBy>david.moore</createdBy>
<createdTime>2015-01-12 09:17:59 UTC</createdTime>
<ownerDesignName>HWSInternal_12_01_2015</ownerDesignName>
<useDomainConstraints>false</useDomainConstraints>
<use>1</use>
<logicalDatatype>LOGDT057</logicalDatatype>
<dataTypePrecision>0</dataTypePrecision>
<dataTypeScale>0</dataTypeScale>
<dataTypeSize>16</dataTypeSize>
<delegate>973D459A-F858-3C00-78D4-18576F19D75D</delegate>
<autoIncrementCycle>false</autoIncrementCycle>
<associations>
<colAssociation fkAssociation="09514162-FE7C-2827-2013-4A4C91DFE842" referredColumn="973D459A-F858-3C00-78D4-18576F19D75D"/>
</associations>
</Column>
<Column name="fkSpecialisation" id="9DB3F0C8-E813-B20B-6179-7F3E8B90452B">
<sourceConnName>HWSInternal</sourceConnName>
<sourceObjSchema>tblClinician2Specialisation</sourceObjSchema>
<sourceObjName>fkSpecialisation</sourceObjName>
<createdBy>david.moore</createdBy>
<createdTime>2015-01-12 09:17:59 UTC</createdTime>
<ownerDesignName>HWSInternal_12_01_2015</ownerDesignName>
<useDomainConstraints>false</useDomainConstraints>
<use>1</use>
<logicalDatatype>LOGDT057</logicalDatatype>
<dataTypePrecision>0</dataTypePrecision>
<dataTypeScale>0</dataTypeScale>
<dataTypeSize>16</dataTypeSize>
<delegate>C0E2DBE2-95D0-6D9C-A258-6FE86E6D2635</delegate>
<autoIncrementCycle>false</autoIncrementCycle>
<associations>
<colAssociation fkAssociation="D2F40982-7571-365D-9B1B-838CF15B36B7" referredColumn="C0E2DBE2-95D0-6D9C-A258-6FE86E6D2635"/>
</associations>
</Column>
</columns>
<indexes itemClass="oracle.dbtools.crest.model.design.relational.Index">
<ind_PK_UK id="F5A31202-67C7-C56D-BAB1-F23DF151F953" name="PK_tblClinician2Specialisation">
<sourceConnName>HWSInternal</sourceConnName>
<sourceObjSchema>dbo</sourceObjSchema>
<sourceObjName>PK_tblClinician2Specialisation</sourceObjName>
<createdBy>david.moore</createdBy>
<createdTime>2015-01-12 09:17:59 UTC</createdTime>
<ownerDesignName>HWSInternal_12_01_2015</ownerDesignName>
<pk>true</pk>
<indexState>Primary Constraint</indexState>
<isSurrogateKey>false</isSurrogateKey>
<indexColumnUsage>
<colUsage columnID="B5617AC7-239B-AFE0-6038-2405B97BB7CB"/>
<colUsage columnID="9DB3F0C8-E813-B20B-6179-7F3E8B90452B"/>
</indexColumnUsage>
</ind_PK_UK>
<ind_PK_UK id="260AD564-7D89-C41A-574A-B7CE58E21477" name="FK_tblClinician2Specialisation_tblSpecialisations">
<createdBy>david.moore</createdBy>
<createdTime>2015-01-12 09:18:00 UTC</createdTime>
<ownerDesignName>HWSInternal_12_01_2015</ownerDesignName>
<indexState>Foreign Key</indexState>
<isSurrogateKey>false</isSurrogateKey>
<indexColumnUsage>
<colUsage columnID="9DB3F0C8-E813-B20B-6179-7F3E8B90452B"/>
</indexColumnUsage>
</ind_PK_UK>
<ind_PK_UK id="41B60E84-8CCC-7B3F-3524-7601002226F2" name="FK_tblClinician2Specialisation_tblNetworkOHPs">
<createdBy>david.moore</createdBy>
<createdTime>2015-01-12 09:18:00 UTC</createdTime>
<ownerDesignName>HWSInternal_12_01_2015</ownerDesignName>
<indexState>Foreign Key</indexState>
<isSurrogateKey>false</isSurrogateKey>
<indexColumnUsage>
<colUsage columnID="B5617AC7-239B-AFE0-6038-2405B97BB7CB"/>
</indexColumnUsage>
</ind_PK_UK>
</indexes>
</Table>