<?xml version = '1.0' encoding = 'UTF-8'?>
<Table class="oracle.dbtools.crest.model.design.relational.Table" directorySegmentName="seg_1" id="B1EBC82C-ACE8-19E3-33D8-7BEBD4AFD89B" name="tblTemplateButtons">
<sourceConnName>HWSInternal</sourceConnName>
<sourceObjSchema>dbo</sourceObjSchema>
<sourceObjName>tblTemplateButtons</sourceObjName>
<createdBy>david.moore</createdBy>
<createdTime>2015-01-12 09:17:59 UTC</createdTime>
<ownerDesignName>HWSInternal_12_01_2015</ownerDesignName>
<schemaObject>4EB6B9C6-0365-2F78-E252-562BC729FF40</schemaObject>
<allowColumnReorder>false</allowColumnReorder>
<existDependencyGenerateInDDl>true</existDependencyGenerateInDDl>
<columns itemClass="oracle.dbtools.crest.model.design.relational.Column">
<Column name="uidTemplateButton" id="9A218417-6A8C-F6AA-2C59-F7AA467306C2">
<sourceConnName>HWSInternal</sourceConnName>
<sourceObjSchema>tblTemplateButtons</sourceObjSchema>
<sourceObjName>uidTemplateButton</sourceObjName>
<createdBy>david.moore</createdBy>
<createdTime>2015-01-12 09:17:59 UTC</createdTime>
<ownerDesignName>HWSInternal_12_01_2015</ownerDesignName>
<useDomainConstraints>false</useDomainConstraints>
<use>1</use>
<logicalDatatype>LOGDT057</logicalDatatype>
<dataTypePrecision>0</dataTypePrecision>
<dataTypeScale>0</dataTypeScale>
<dataTypeSize>16</dataTypeSize>
<defaultValue>newid()</defaultValue>
<autoIncrementCycle>false</autoIncrementCycle>
</Column>
<Column name="fkButtonGroup" id="D13C16D2-4303-79EB-C7F3-3F1EF468328D">
<sourceConnName>HWSInternal</sourceConnName>
<sourceObjSchema>tblTemplateButtons</sourceObjSchema>
<sourceObjName>fkButtonGroup</sourceObjName>
<createdBy>david.moore</createdBy>
<createdTime>2015-01-12 09:17:59 UTC</createdTime>
<ownerDesignName>HWSInternal_12_01_2015</ownerDesignName>
<useDomainConstraints>false</useDomainConstraints>
<use>1</use>
<logicalDatatype>LOGDT057</logicalDatatype>
<dataTypePrecision>0</dataTypePrecision>
<dataTypeScale>0</dataTypeScale>
<dataTypeSize>16</dataTypeSize>
<delegate>4BC7872A-0C7B-059B-C755-559E8544A4B0</delegate>
<autoIncrementCycle>false</autoIncrementCycle>
<associations>
<colAssociation fkAssociation="20F15308-75D0-4428-95B8-03C86A4FE52A" referredColumn="4BC7872A-0C7B-059B-C755-559E8544A4B0"/>
</associations>
</Column>
<Column name="strName" id="707CF0E2-9F37-E93E-7507-8824A22ABF37">
<sourceConnName>HWSInternal</sourceConnName>
<sourceObjSchema>tblTemplateButtons</sourceObjSchema>
<sourceObjName>strName</sourceObjName>
<createdBy>david.moore</createdBy>
<createdTime>2015-01-12 09:17:59 UTC</createdTime>
<ownerDesignName>HWSInternal_12_01_2015</ownerDesignName>
<useDomainConstraints>false</useDomainConstraints>
<use>1</use>
<logicalDatatype>LOGDT024</logicalDatatype>
<dataTypePrecision>50</dataTypePrecision>
<dataTypeScale>0</dataTypeScale>
<dataTypeSize>50</dataTypeSize>
<autoIncrementCycle>false</autoIncrementCycle>
</Column>
<Column name="fkTemplate" id="642F9F89-12AC-0D18-653C-1254AB395257">
<sourceConnName>HWSInternal</sourceConnName>
<sourceObjSchema>tblTemplateButtons</sourceObjSchema>
<sourceObjName>fkTemplate</sourceObjName>
<createdBy>david.moore</createdBy>
<createdTime>2015-01-12 09:17:59 UTC</createdTime>
<ownerDesignName>HWSInternal_12_01_2015</ownerDesignName>
<useDomainConstraints>false</useDomainConstraints>
<use>1</use>
<logicalDatatype>LOGDT057</logicalDatatype>
<dataTypePrecision>0</dataTypePrecision>
<dataTypeScale>0</dataTypeScale>
<dataTypeSize>16</dataTypeSize>
<delegate>A02F2FFC-9A93-41E5-CE81-AE97EA542EA5</delegate>
<autoIncrementCycle>false</autoIncrementCycle>
<associations>
<colAssociation fkAssociation="87735176-929C-82FA-A63D-FBD35E2A4153" referredColumn="A02F2FFC-9A93-41E5-CE81-AE97EA542EA5"/>
</associations>
</Column>
<Column name="strModBy" id="8AEB9E63-2110-BBF1-8B76-3B4590C41C88">
<sourceConnName>HWSInternal</sourceConnName>
<sourceObjSchema>tblTemplateButtons</sourceObjSchema>
<sourceObjName>strModBy</sourceObjName>
<createdBy>david.moore</createdBy>
<createdTime>2015-01-12 09:17:59 UTC</createdTime>
<ownerDesignName>HWSInternal_12_01_2015</ownerDesignName>
<useDomainConstraints>false</useDomainConstraints>
<use>1</use>
<logicalDatatype>LOGDT025</logicalDatatype>
<dataTypePrecision>30</dataTypePrecision>
<dataTypeScale>0</dataTypeScale>
<dataTypeSize>30</dataTypeSize>
<defaultValue>suser_sname()</defaultValue>
<autoIncrementCycle>false</autoIncrementCycle>
</Column>
<Column name="dtmMod" id="F124611D-44F8-E4BF-8C72-D8186CB1B73C">
<sourceConnName>HWSInternal</sourceConnName>
<sourceObjSchema>tblTemplateButtons</sourceObjSchema>
<sourceObjName>dtmMod</sourceObjName>
<createdBy>david.moore</createdBy>
<createdTime>2015-01-12 09:17:59 UTC</createdTime>
<ownerDesignName>HWSInternal_12_01_2015</ownerDesignName>
<useDomainConstraints>false</useDomainConstraints>
<use>1</use>
<logicalDatatype>LOGDT008</logicalDatatype>
<dataTypePrecision>23</dataTypePrecision>
<dataTypeScale>3</dataTypeScale>
<dataTypeSize>8</dataTypeSize>
<defaultValue>getdate()</defaultValue>
<autoIncrementCycle>false</autoIncrementCycle>
</Column>
<Column name="dtmCreated" id="89BFBF6A-6393-D7B4-ED86-2A3A0FEC6E9F">
<sourceConnName>HWSInternal</sourceConnName>
<sourceObjSchema>tblTemplateButtons</sourceObjSchema>
<sourceObjName>dtmCreated</sourceObjName>
<createdBy>david.moore</createdBy>
<createdTime>2015-01-12 09:17:59 UTC</createdTime>
<ownerDesignName>HWSInternal_12_01_2015</ownerDesignName>
<useDomainConstraints>false</useDomainConstraints>
<use>1</use>
<logicalDatatype>LOGDT008</logicalDatatype>
<dataTypePrecision>23</dataTypePrecision>
<dataTypeScale>3</dataTypeScale>
<dataTypeSize>8</dataTypeSize>
<defaultValue>getdate()</defaultValue>
<autoIncrementCycle>false</autoIncrementCycle>
</Column>
<Column name="strCreatedBy" id="270F3B04-C158-495C-F079-F57F02B68A00">
<sourceConnName>HWSInternal</sourceConnName>
<sourceObjSchema>tblTemplateButtons</sourceObjSchema>
<sourceObjName>strCreatedBy</sourceObjName>
<createdBy>david.moore</createdBy>
<createdTime>2015-01-12 09:17:59 UTC</createdTime>
<ownerDesignName>HWSInternal_12_01_2015</ownerDesignName>
<useDomainConstraints>false</useDomainConstraints>
<use>1</use>
<logicalDatatype>LOGDT024</logicalDatatype>
<dataTypePrecision>30</dataTypePrecision>
<dataTypeScale>0</dataTypeScale>
<dataTypeSize>30</dataTypeSize>
<defaultValue>suser_sname()</defaultValue>
<autoIncrementCycle>false</autoIncrementCycle>
</Column>
<Column name="isDateCert" id="2F5A4867-6BF4-A20D-3BD9-7A6B7AFBF08A">
<sourceConnName>HWSInternal</sourceConnName>
<sourceObjSchema>tblTemplateButtons</sourceObjSchema>
<sourceObjName>isDateCert</sourceObjName>
<createdBy>david.moore</createdBy>
<createdTime>2015-01-12 09:17:59 UTC</createdTime>
<commentInRDBMS>Until full logging is there for button events, use for checking about HM050 certificate</commentInRDBMS>
<ownerDesignName>HWSInternal_12_01_2015</ownerDesignName>
<useDomainConstraints>false</useDomainConstraints>
<use>1</use>
<logicalDatatype>LOGDT034</logicalDatatype>
<dataTypePrecision>1</dataTypePrecision>
<dataTypeScale>0</dataTypeScale>
<dataTypeSize>1</dataTypeSize>
<defaultValue>0</defaultValue>
<autoIncrementCycle>false</autoIncrementCycle>
</Column>
<Column name="EmailSubject" id="F1950938-246F-BED5-F17E-3E86FFFA03E1">
<sourceConnName>HWSInternal</sourceConnName>
<sourceObjSchema>tblTemplateButtons</sourceObjSchema>
<sourceObjName>EmailSubject</sourceObjName>
<createdBy>david.moore</createdBy>
<createdTime>2015-01-12 09:17:59 UTC</createdTime>
<ownerDesignName>HWSInternal_12_01_2015</ownerDesignName>
<nullsAllowed>true</nullsAllowed>
<useDomainConstraints>false</useDomainConstraints>
<use>1</use>
<logicalDatatype>LOGDT037</logicalDatatype>
<dataTypePrecision>255</dataTypePrecision>
<dataTypeScale>0</dataTypeScale>
<dataTypeSize>255</dataTypeSize>
<autoIncrementCycle>false</autoIncrementCycle>
</Column>
</columns>
<indexes itemClass="oracle.dbtools.crest.model.design.relational.Index">
<ind_PK_UK id="2B7FF721-1D83-05C2-AE19-BA2B80072ECA" name="PK_tblTemplateButtons">
<sourceConnName>HWSInternal</sourceConnName>
<sourceObjSchema>dbo</sourceObjSchema>
<sourceObjName>PK_tblTemplateButtons</sourceObjName>
<createdBy>david.moore</createdBy>
<createdTime>2015-01-12 09:17:59 UTC</createdTime>
<ownerDesignName>HWSInternal_12_01_2015</ownerDesignName>
<pk>true</pk>
<indexState>Primary Constraint</indexState>
<isSurrogateKey>false</isSurrogateKey>
<indexColumnUsage>
<colUsage columnID="9A218417-6A8C-F6AA-2C59-F7AA467306C2"/>
</indexColumnUsage>
</ind_PK_UK>
<ind_PK_UK id="FE55428C-5FDB-551D-FEC1-1958578376C0" name="FK_tblTemplateButtons_tblTemplates">
<createdBy>david.moore</createdBy>
<createdTime>2015-01-12 09:18:00 UTC</createdTime>
<ownerDesignName>HWSInternal_12_01_2015</ownerDesignName>
<indexState>Foreign Key</indexState>
<isSurrogateKey>false</isSurrogateKey>
<indexColumnUsage>
<colUsage columnID="642F9F89-12AC-0D18-653C-1254AB395257"/>
</indexColumnUsage>
</ind_PK_UK>
<ind_PK_UK id="A1B58532-01BE-8876-6263-43724BCBDCB7" name="FK_tblTemplateButtons_tblButtonGroups">
<createdBy>david.moore</createdBy>
<createdTime>2015-01-12 09:18:00 UTC</createdTime>
<ownerDesignName>HWSInternal_12_01_2015</ownerDesignName>
<indexState>Foreign Key</indexState>
<isSurrogateKey>false</isSurrogateKey>
<indexColumnUsage>
<colUsage columnID="D13C16D2-4303-79EB-C7F3-3F1EF468328D"/>
</indexColumnUsage>
</ind_PK_UK>
</indexes>
<tableCheckConstraints itemClass="oracle.dbtools.crest.model.design.constraint.TableLevelConstraint">
<tableCheckConstraint name="DF_tblTemplateButtons_uidTemplateButton" directorySegmentName="seg_1" id="5C612A30-495C-7905-3752-A330240CE732">
<sourceConnName>HWSInternal</sourceConnName>
<sourceObjSchema>dbo</sourceObjSchema>
<sourceObjName>DF_tblTemplateButtons_uidTemplateButton</sourceObjName>
<createdBy>david.moore</createdBy>
<createdTime>2015-01-12 09:17:59 UTC</createdTime>
<ownerDesignName>HWSInternal_12_01_2015</ownerDesignName>
<rule>newid()</rule>
</tableCheckConstraint>
<tableCheckConstraint name="DF_tblTemplateButtons_strModBy" directorySegmentName="seg_1" id="90DDAB3E-4614-78FF-1F98-03C2895D49C0">
<sourceConnName>HWSInternal</sourceConnName>
<sourceObjSchema>dbo</sourceObjSchema>
<sourceObjName>DF_tblTemplateButtons_strModBy</sourceObjName>
<createdBy>david.moore</createdBy>
<createdTime>2015-01-12 09:17:59 UTC</createdTime>
<ownerDesignName>HWSInternal_12_01_2015</ownerDesignName>
<rule>suser_sname()</rule>
</tableCheckConstraint>
<tableCheckConstraint name="DF_tblTemplateButtons_dtmMod" directorySegmentName="seg_1" id="AF91C4F0-7DD8-EDDE-EFA4-4F44867D512A">
<sourceConnName>HWSInternal</sourceConnName>
<sourceObjSchema>dbo</sourceObjSchema>
<sourceObjName>DF_tblTemplateButtons_dtmMod</sourceObjName>
<createdBy>david.moore</createdBy>
<createdTime>2015-01-12 09:17:59 UTC</createdTime>
<ownerDesignName>HWSInternal_12_01_2015</ownerDesignName>
<rule>getdate()</rule>
</tableCheckConstraint>
<tableCheckConstraint name="DF_tblTemplateButtons_dtmCreated" directorySegmentName="seg_1" id="18202EA3-5C2E-F3FA-207D-98AFD2C111A3">
<sourceConnName>HWSInternal</sourceConnName>
<sourceObjSchema>dbo</sourceObjSchema>
<sourceObjName>DF_tblTemplateButtons_dtmCreated</sourceObjName>
<createdBy>david.moore</createdBy>
<createdTime>2015-01-12 09:17:59 UTC</createdTime>
<ownerDesignName>HWSInternal_12_01_2015</ownerDesignName>
<rule>getdate()</rule>
</tableCheckConstraint>
<tableCheckConstraint name="DF_tblTemplateButtons_strCreatedBy" directorySegmentName="seg_1" id="2D95E9A1-61C3-F396-1934-DB698DC9EC90">
<sourceConnName>HWSInternal</sourceConnName>
<sourceObjSchema>dbo</sourceObjSchema>
<sourceObjName>DF_tblTemplateButtons_strCreatedBy</sourceObjName>
<createdBy>david.moore</createdBy>
<createdTime>2015-01-12 09:17:59 UTC</createdTime>
<ownerDesignName>HWSInternal_12_01_2015</ownerDesignName>
<rule>suser_sname()</rule>
</tableCheckConstraint>
<tableCheckConstraint name="DF_tblTemplateButtons_isDateCert" directorySegmentName="seg_1" id="7BF80194-2ECC-5EAE-F403-753DF1A1BDD4">
<sourceConnName>HWSInternal</sourceConnName>
<sourceObjSchema>dbo</sourceObjSchema>
<sourceObjName>DF_tblTemplateButtons_isDateCert</sourceObjName>
<createdBy>david.moore</createdBy>
<createdTime>2015-01-12 09:17:59 UTC</createdTime>
<ownerDesignName>HWSInternal_12_01_2015</ownerDesignName>
<rule>(0)</rule>
</tableCheckConstraint>
</tableCheckConstraints>
</Table>