<?xml version = '1.0' encoding = 'UTF-8'?>
<Table class="oracle.dbtools.crest.model.design.relational.Table" directorySegmentName="seg_1" id="B5E2D5A1-D26B-CED9-5706-63DE1DF79F59" name="WorkplaceAdjustment">
<sourceConnName>HWSInternal</sourceConnName>
<sourceObjSchema>Assessment</sourceObjSchema>
<sourceObjName>WorkplaceAdjustment</sourceObjName>
<createdBy>david.moore</createdBy>
<createdTime>2015-01-12 09:17:58 UTC</createdTime>
<ownerDesignName>HWSInternal_12_01_2015</ownerDesignName>
<schemaObject>B90B0C67-4171-102C-BB60-3A0BF7A3B726</schemaObject>
<allowColumnReorder>false</allowColumnReorder>
<existDependencyGenerateInDDl>true</existDependencyGenerateInDDl>
<columns itemClass="oracle.dbtools.crest.model.design.relational.Column">
<Column name="Id" id="804233CF-1808-792F-2BE8-CC95A21EBE7D">
<sourceConnName>HWSInternal</sourceConnName>
<sourceObjSchema>WorkplaceAdjustment</sourceObjSchema>
<sourceObjName>Id</sourceObjName>
<createdBy>david.moore</createdBy>
<createdTime>2015-01-12 09:17:58 UTC</createdTime>
<ownerDesignName>HWSInternal_12_01_2015</ownerDesignName>
<useDomainConstraints>false</useDomainConstraints>
<use>1</use>
<logicalDatatype>LOGDT011</logicalDatatype>
<dataTypePrecision>10</dataTypePrecision>
<dataTypeScale>0</dataTypeScale>
<dataTypeSize>4</dataTypeSize>
<autoIncrementCycle>false</autoIncrementCycle>
</Column>
<Column name="ObstacleId" id="84E08476-3C24-BDA8-B687-C35C6D0A8B0F">
<sourceConnName>HWSInternal</sourceConnName>
<sourceObjSchema>WorkplaceAdjustment</sourceObjSchema>
<sourceObjName>ObstacleId</sourceObjName>
<createdBy>david.moore</createdBy>
<createdTime>2015-01-12 09:17:58 UTC</createdTime>
<ownerDesignName>HWSInternal_12_01_2015</ownerDesignName>
<useDomainConstraints>false</useDomainConstraints>
<use>1</use>
<logicalDatatype>LOGDT011</logicalDatatype>
<dataTypePrecision>10</dataTypePrecision>
<dataTypeScale>0</dataTypeScale>
<dataTypeSize>4</dataTypeSize>
<delegate>E7DB943B-3952-5AA5-0734-8E49D2C6C22E</delegate>
<autoIncrementCycle>false</autoIncrementCycle>
<associations>
<colAssociation fkAssociation="8DB4885D-5D7D-A17D-5A6E-E55260F0A2FA" referredColumn="E7DB943B-3952-5AA5-0734-8E49D2C6C22E"/>
</associations>
</Column>
<Column name="Name" id="009E718F-7A97-8B77-7C0D-9D4621AB7691">
<sourceConnName>HWSInternal</sourceConnName>
<sourceObjSchema>WorkplaceAdjustment</sourceObjSchema>
<sourceObjName>Name</sourceObjName>
<createdBy>david.moore</createdBy>
<createdTime>2015-01-12 09:17:58 UTC</createdTime>
<ownerDesignName>HWSInternal_12_01_2015</ownerDesignName>
<useDomainConstraints>false</useDomainConstraints>
<use>1</use>
<logicalDatatype>LOGDT024</logicalDatatype>
<dataTypePrecision>50</dataTypePrecision>
<dataTypeScale>0</dataTypeScale>
<dataTypeSize>50</dataTypeSize>
<autoIncrementCycle>false</autoIncrementCycle>
</Column>
<Column name="WorkplaceAdjustmentText" id="257ABBA5-8CCD-D4CC-0231-DE976ED97F7B">
<sourceConnName>HWSInternal</sourceConnName>
<sourceObjSchema>WorkplaceAdjustment</sourceObjSchema>
<sourceObjName>WorkplaceAdjustmentText</sourceObjName>
<createdBy>david.moore</createdBy>
<createdTime>2015-01-12 09:17:58 UTC</createdTime>
<ownerDesignName>HWSInternal_12_01_2015</ownerDesignName>
<useDomainConstraints>false</useDomainConstraints>
<use>1</use>
<logicalDatatype>LOGDT024</logicalDatatype>
<dataTypePrecision>255</dataTypePrecision>
<dataTypeScale>0</dataTypeScale>
<dataTypeSize>255</dataTypeSize>
<autoIncrementCycle>false</autoIncrementCycle>
</Column>
</columns>
<indexes itemClass="oracle.dbtools.crest.model.design.relational.Index">
<ind_PK_UK id="20E528F4-8283-422A-8394-4C3356A9F644" name="PK_WorkplaceAdjustment">
<sourceConnName>HWSInternal</sourceConnName>
<sourceObjSchema>Assessment</sourceObjSchema>
<sourceObjName>PK_WorkplaceAdjustment</sourceObjName>
<createdBy>david.moore</createdBy>
<createdTime>2015-01-12 09:17:58 UTC</createdTime>
<ownerDesignName>HWSInternal_12_01_2015</ownerDesignName>
<pk>true</pk>
<indexState>Primary Constraint</indexState>
<isSurrogateKey>false</isSurrogateKey>
<indexColumnUsage>
<colUsage columnID="804233CF-1808-792F-2BE8-CC95A21EBE7D"/>
</indexColumnUsage>
</ind_PK_UK>
<ind_PK_UK id="35082C23-B20C-4E4F-6E01-52AE4A041D75" name="FK_WorkplaceAdjustment_Obstacle">
<createdBy>david.moore</createdBy>
<createdTime>2015-01-12 09:18:00 UTC</createdTime>
<ownerDesignName>HWSInternal_12_01_2015</ownerDesignName>
<indexState>Foreign Key</indexState>
<isSurrogateKey>false</isSurrogateKey>
<indexColumnUsage>
<colUsage columnID="84E08476-3C24-BDA8-B687-C35C6D0A8B0F"/>
</indexColumnUsage>
</ind_PK_UK>
</indexes>
</Table>