<?xml version = '1.0' encoding = 'UTF-8'?>
<Table class="oracle.dbtools.crest.model.design.relational.Table" directorySegmentName="seg_1" id="B61BA2E3-E195-0957-D57B-D194CD847EEE" name="tblTemplates">
<sourceConnName>HWSInternal</sourceConnName>
<sourceObjSchema>dbo</sourceObjSchema>
<sourceObjName>tblTemplates</sourceObjName>
<createdBy>david.moore</createdBy>
<createdTime>2015-01-12 09:17:59 UTC</createdTime>
<ownerDesignName>HWSInternal_12_01_2015</ownerDesignName>
<schemaObject>4EB6B9C6-0365-2F78-E252-562BC729FF40</schemaObject>
<allowColumnReorder>false</allowColumnReorder>
<existDependencyGenerateInDDl>true</existDependencyGenerateInDDl>
<columns itemClass="oracle.dbtools.crest.model.design.relational.Column">
<Column name="uidTemplate" id="A02F2FFC-9A93-41E5-CE81-AE97EA542EA5">
<sourceConnName>HWSInternal</sourceConnName>
<sourceObjSchema>tblTemplates</sourceObjSchema>
<sourceObjName>uidTemplate</sourceObjName>
<createdBy>david.moore</createdBy>
<createdTime>2015-01-12 09:17:59 UTC</createdTime>
<ownerDesignName>HWSInternal_12_01_2015</ownerDesignName>
<useDomainConstraints>false</useDomainConstraints>
<use>1</use>
<logicalDatatype>LOGDT057</logicalDatatype>
<dataTypePrecision>0</dataTypePrecision>
<dataTypeScale>0</dataTypeScale>
<dataTypeSize>16</dataTypeSize>
<defaultValue>newid()</defaultValue>
<autoIncrementCycle>false</autoIncrementCycle>
</Column>
<Column name="strName" id="0058B75B-F364-8549-2B87-F27A598A31EE">
<sourceConnName>HWSInternal</sourceConnName>
<sourceObjSchema>tblTemplates</sourceObjSchema>
<sourceObjName>strName</sourceObjName>
<createdBy>david.moore</createdBy>
<createdTime>2015-01-12 09:17:59 UTC</createdTime>
<ownerDesignName>HWSInternal_12_01_2015</ownerDesignName>
<useDomainConstraints>false</useDomainConstraints>
<use>1</use>
<logicalDatatype>LOGDT024</logicalDatatype>
<dataTypePrecision>255</dataTypePrecision>
<dataTypeScale>0</dataTypeScale>
<dataTypeSize>255</dataTypeSize>
<autoIncrementCycle>false</autoIncrementCycle>
</Column>
<Column name="strURL" id="60BB76C2-38E5-2F20-2B0D-A81CF7B7FA10">
<sourceConnName>HWSInternal</sourceConnName>
<sourceObjSchema>tblTemplates</sourceObjSchema>
<sourceObjName>strURL</sourceObjName>
<createdBy>david.moore</createdBy>
<createdTime>2015-01-12 09:17:59 UTC</createdTime>
<ownerDesignName>HWSInternal_12_01_2015</ownerDesignName>
<nullsAllowed>true</nullsAllowed>
<useDomainConstraints>false</useDomainConstraints>
<use>1</use>
<logicalDatatype>LOGDT024</logicalDatatype>
<dataTypePrecision>500</dataTypePrecision>
<dataTypeScale>0</dataTypeScale>
<dataTypeSize>500</dataTypeSize>
<autoIncrementCycle>false</autoIncrementCycle>
</Column>
<Column name="strModBy" id="6CF44862-B6FC-A4D3-548C-8E3A9E16BE4F">
<sourceConnName>HWSInternal</sourceConnName>
<sourceObjSchema>tblTemplates</sourceObjSchema>
<sourceObjName>strModBy</sourceObjName>
<createdBy>david.moore</createdBy>
<createdTime>2015-01-12 09:17:59 UTC</createdTime>
<ownerDesignName>HWSInternal_12_01_2015</ownerDesignName>
<useDomainConstraints>false</useDomainConstraints>
<use>1</use>
<logicalDatatype>LOGDT025</logicalDatatype>
<dataTypePrecision>30</dataTypePrecision>
<dataTypeScale>0</dataTypeScale>
<dataTypeSize>30</dataTypeSize>
<defaultValue>suser_sname()</defaultValue>
<autoIncrementCycle>false</autoIncrementCycle>
</Column>
<Column name="dtmMod" id="54A15793-2E1C-DDF7-9D17-8AD8A93BC37F">
<sourceConnName>HWSInternal</sourceConnName>
<sourceObjSchema>tblTemplates</sourceObjSchema>
<sourceObjName>dtmMod</sourceObjName>
<createdBy>david.moore</createdBy>
<createdTime>2015-01-12 09:17:59 UTC</createdTime>
<ownerDesignName>HWSInternal_12_01_2015</ownerDesignName>
<useDomainConstraints>false</useDomainConstraints>
<use>1</use>
<logicalDatatype>LOGDT008</logicalDatatype>
<dataTypePrecision>23</dataTypePrecision>
<dataTypeScale>3</dataTypeScale>
<dataTypeSize>8</dataTypeSize>
<defaultValue>getdate()</defaultValue>
<autoIncrementCycle>false</autoIncrementCycle>
</Column>
<Column name="dtmCreated" id="D79D8259-0BD7-C2C4-BE97-05923A43B313">
<sourceConnName>HWSInternal</sourceConnName>
<sourceObjSchema>tblTemplates</sourceObjSchema>
<sourceObjName>dtmCreated</sourceObjName>
<createdBy>david.moore</createdBy>
<createdTime>2015-01-12 09:17:59 UTC</createdTime>
<ownerDesignName>HWSInternal_12_01_2015</ownerDesignName>
<useDomainConstraints>false</useDomainConstraints>
<use>1</use>
<logicalDatatype>LOGDT008</logicalDatatype>
<dataTypePrecision>23</dataTypePrecision>
<dataTypeScale>3</dataTypeScale>
<dataTypeSize>8</dataTypeSize>
<defaultValue>getdate()</defaultValue>
<autoIncrementCycle>false</autoIncrementCycle>
</Column>
<Column name="strCreatedBy" id="6CA69680-809D-63F2-6BD0-3219BC643395">
<sourceConnName>HWSInternal</sourceConnName>
<sourceObjSchema>tblTemplates</sourceObjSchema>
<sourceObjName>strCreatedBy</sourceObjName>
<createdBy>david.moore</createdBy>
<createdTime>2015-01-12 09:17:59 UTC</createdTime>
<ownerDesignName>HWSInternal_12_01_2015</ownerDesignName>
<useDomainConstraints>false</useDomainConstraints>
<use>1</use>
<logicalDatatype>LOGDT024</logicalDatatype>
<dataTypePrecision>30</dataTypePrecision>
<dataTypeScale>0</dataTypeScale>
<dataTypeSize>30</dataTypeSize>
<defaultValue>suser_sname()</defaultValue>
<autoIncrementCycle>false</autoIncrementCycle>
</Column>
<Column name="isEmail" id="94F571E6-04B3-8165-C3E8-C6868C195610">
<sourceConnName>HWSInternal</sourceConnName>
<sourceObjSchema>tblTemplates</sourceObjSchema>
<sourceObjName>isEmail</sourceObjName>
<createdBy>david.moore</createdBy>
<createdTime>2015-01-12 09:17:59 UTC</createdTime>
<ownerDesignName>HWSInternal_12_01_2015</ownerDesignName>
<nullsAllowed>true</nullsAllowed>
<useDomainConstraints>false</useDomainConstraints>
<use>1</use>
<logicalDatatype>LOGDT034</logicalDatatype>
<dataTypePrecision>1</dataTypePrecision>
<dataTypeScale>0</dataTypeScale>
<dataTypeSize>1</dataTypeSize>
<defaultValue>0</defaultValue>
<autoIncrementCycle>false</autoIncrementCycle>
</Column>
<Column name="fkInvuDocType" id="4E4AA0FF-94CA-B155-2317-547B44AF100A">
<sourceConnName>HWSInternal</sourceConnName>
<sourceObjSchema>tblTemplates</sourceObjSchema>
<sourceObjName>fkInvuDocType</sourceObjName>
<createdBy>david.moore</createdBy>
<createdTime>2015-01-12 09:17:59 UTC</createdTime>
<ownerDesignName>HWSInternal_12_01_2015</ownerDesignName>
<nullsAllowed>true</nullsAllowed>
<useDomainConstraints>false</useDomainConstraints>
<use>1</use>
<logicalDatatype>LOGDT011</logicalDatatype>
<dataTypePrecision>10</dataTypePrecision>
<dataTypeScale>0</dataTypeScale>
<dataTypeSize>4</dataTypeSize>
<delegate>A6D500E6-2F75-C6EF-6C94-D7C5F9DD2CFD</delegate>
<autoIncrementCycle>false</autoIncrementCycle>
<associations>
<colAssociation fkAssociation="4A323EE4-496D-FD2A-BBA3-D5D10F708B9E" referredColumn="A6D500E6-2F75-C6EF-6C94-D7C5F9DD2CFD"/>
</associations>
</Column>
<Column name="CategoryID" id="C655E603-735A-249E-507C-E46A7FB7CBD7">
<sourceConnName>HWSInternal</sourceConnName>
<sourceObjSchema>tblTemplates</sourceObjSchema>
<sourceObjName>CategoryID</sourceObjName>
<createdBy>david.moore</createdBy>
<createdTime>2015-01-12 09:17:59 UTC</createdTime>
<ownerDesignName>HWSInternal_12_01_2015</ownerDesignName>
<nullsAllowed>true</nullsAllowed>
<useDomainConstraints>false</useDomainConstraints>
<use>1</use>
<logicalDatatype>LOGDT057</logicalDatatype>
<dataTypePrecision>0</dataTypePrecision>
<dataTypeScale>0</dataTypeScale>
<dataTypeSize>16</dataTypeSize>
<autoIncrementCycle>false</autoIncrementCycle>
</Column>
<Column name="NotForHR" id="36942FBD-24A4-D8EC-E719-CE1B612F9675">
<sourceConnName>HWSInternal</sourceConnName>
<sourceObjSchema>tblTemplates</sourceObjSchema>
<sourceObjName>NotForHR</sourceObjName>
<createdBy>david.moore</createdBy>
<createdTime>2015-01-12 09:17:59 UTC</createdTime>
<ownerDesignName>HWSInternal_12_01_2015</ownerDesignName>
<nullsAllowed>true</nullsAllowed>
<useDomainConstraints>false</useDomainConstraints>
<use>1</use>
<logicalDatatype>LOGDT034</logicalDatatype>
<dataTypePrecision>1</dataTypePrecision>
<dataTypeScale>0</dataTypeScale>
<dataTypeSize>1</dataTypeSize>
<autoIncrementCycle>false</autoIncrementCycle>
</Column>
<Column name="IntendedAudience" id="3BBF6EF0-2770-9D88-DC45-45440B2929A0">
<sourceConnName>HWSInternal</sourceConnName>
<sourceObjSchema>tblTemplates</sourceObjSchema>
<sourceObjName>IntendedAudience</sourceObjName>
<createdBy>david.moore</createdBy>
<createdTime>2015-01-12 09:17:59 UTC</createdTime>
<ownerDesignName>HWSInternal_12_01_2015</ownerDesignName>
<nullsAllowed>true</nullsAllowed>
<useDomainConstraints>false</useDomainConstraints>
<use>1</use>
<logicalDatatype>LOGDT042</logicalDatatype>
<dataTypePrecision>3</dataTypePrecision>
<dataTypeScale>0</dataTypeScale>
<dataTypeSize>1</dataTypeSize>
<autoIncrementCycle>false</autoIncrementCycle>
</Column>
</columns>
<indexes itemClass="oracle.dbtools.crest.model.design.relational.Index">
<ind_PK_UK id="C36410FB-BEAB-9DA2-1304-F6C22F8C95A2" name="PK_tblReportTemplates">
<sourceConnName>HWSInternal</sourceConnName>
<sourceObjSchema>dbo</sourceObjSchema>
<sourceObjName>PK_tblReportTemplates</sourceObjName>
<createdBy>david.moore</createdBy>
<createdTime>2015-01-12 09:17:59 UTC</createdTime>
<ownerDesignName>HWSInternal_12_01_2015</ownerDesignName>
<pk>true</pk>
<indexState>Primary Constraint</indexState>
<isSurrogateKey>false</isSurrogateKey>
<indexColumnUsage>
<colUsage columnID="A02F2FFC-9A93-41E5-CE81-AE97EA542EA5"/>
</indexColumnUsage>
</ind_PK_UK>
<ind_PK_UK id="CAC335BA-D46C-1215-FE54-86FAB5A4DCD0" name="FK_tblTemplates_tblInvuDocumentTypes">
<createdBy>david.moore</createdBy>
<createdTime>2015-01-12 09:18:00 UTC</createdTime>
<ownerDesignName>HWSInternal_12_01_2015</ownerDesignName>
<indexState>Foreign Key</indexState>
<isSurrogateKey>false</isSurrogateKey>
<indexColumnUsage>
<colUsage columnID="4E4AA0FF-94CA-B155-2317-547B44AF100A"/>
</indexColumnUsage>
</ind_PK_UK>
</indexes>
<tableCheckConstraints itemClass="oracle.dbtools.crest.model.design.constraint.TableLevelConstraint">
<tableCheckConstraint name="DF_tblReportTemplates_uidReportTemplate" directorySegmentName="seg_1" id="33E65FB9-6F20-75CC-CF33-DE8E84775297">
<sourceConnName>HWSInternal</sourceConnName>
<sourceObjSchema>dbo</sourceObjSchema>
<sourceObjName>DF_tblReportTemplates_uidReportTemplate</sourceObjName>
<createdBy>david.moore</createdBy>
<createdTime>2015-01-12 09:17:59 UTC</createdTime>
<ownerDesignName>HWSInternal_12_01_2015</ownerDesignName>
<rule>newid()</rule>
</tableCheckConstraint>
<tableCheckConstraint name="DF_tblTemplates_strModBy" directorySegmentName="seg_1" id="A11CD1E7-8B3F-FDFE-31D2-AA059190B5FE">
<sourceConnName>HWSInternal</sourceConnName>
<sourceObjSchema>dbo</sourceObjSchema>
<sourceObjName>DF_tblTemplates_strModBy</sourceObjName>
<createdBy>david.moore</createdBy>
<createdTime>2015-01-12 09:17:59 UTC</createdTime>
<ownerDesignName>HWSInternal_12_01_2015</ownerDesignName>
<rule>suser_sname()</rule>
</tableCheckConstraint>
<tableCheckConstraint name="DF_tblReportTemplates_dtmMod" directorySegmentName="seg_1" id="AE55F35D-096D-2DF5-BA08-AF01D8828632">
<sourceConnName>HWSInternal</sourceConnName>
<sourceObjSchema>dbo</sourceObjSchema>
<sourceObjName>DF_tblReportTemplates_dtmMod</sourceObjName>
<createdBy>david.moore</createdBy>
<createdTime>2015-01-12 09:17:59 UTC</createdTime>
<ownerDesignName>HWSInternal_12_01_2015</ownerDesignName>
<rule>getdate()</rule>
</tableCheckConstraint>
<tableCheckConstraint name="DF_tblReportTemplates_dtmCreated" directorySegmentName="seg_1" id="14FA9C3A-E7D1-F5D6-F77C-6D8FF6F8AEAB">
<sourceConnName>HWSInternal</sourceConnName>
<sourceObjSchema>dbo</sourceObjSchema>
<sourceObjName>DF_tblReportTemplates_dtmCreated</sourceObjName>
<createdBy>david.moore</createdBy>
<createdTime>2015-01-12 09:17:59 UTC</createdTime>
<ownerDesignName>HWSInternal_12_01_2015</ownerDesignName>
<rule>getdate()</rule>
</tableCheckConstraint>
<tableCheckConstraint name="DF_tblTemplates_strCreatedBy" directorySegmentName="seg_1" id="A1D36060-3BF1-794C-8C62-664C1E09B48E">
<sourceConnName>HWSInternal</sourceConnName>
<sourceObjSchema>dbo</sourceObjSchema>
<sourceObjName>DF_tblTemplates_strCreatedBy</sourceObjName>
<createdBy>david.moore</createdBy>
<createdTime>2015-01-12 09:17:59 UTC</createdTime>
<ownerDesignName>HWSInternal_12_01_2015</ownerDesignName>
<rule>suser_sname()</rule>
</tableCheckConstraint>
<tableCheckConstraint name="DF_tblTemplates_isEmail" directorySegmentName="seg_1" id="F730C5EB-C461-2B06-EA53-AB7FB79AF08E">
<sourceConnName>HWSInternal</sourceConnName>
<sourceObjSchema>dbo</sourceObjSchema>
<sourceObjName>DF_tblTemplates_isEmail</sourceObjName>
<createdBy>david.moore</createdBy>
<createdTime>2015-01-12 09:17:59 UTC</createdTime>
<ownerDesignName>HWSInternal_12_01_2015</ownerDesignName>
<rule>(0)</rule>
</tableCheckConstraint>
</tableCheckConstraints>
</Table>