<?xml version = '1.0' encoding = 'UTF-8'?>
<Table class="oracle.dbtools.crest.model.design.relational.Table" directorySegmentName="seg_1" id="B67E817A-7025-333F-92D9-CA67F0B33409" name="webpages_Membership">
<sourceConnName>HWSInternal</sourceConnName>
<sourceObjSchema>Authentication</sourceObjSchema>
<sourceObjName>webpages_Membership</sourceObjName>
<createdBy>david.moore</createdBy>
<createdTime>2015-01-12 09:17:59 UTC</createdTime>
<ownerDesignName>HWSInternal_12_01_2015</ownerDesignName>
<schemaObject>6934995E-10D9-77E9-7AFE-E809CE685C96</schemaObject>
<allowColumnReorder>false</allowColumnReorder>
<existDependencyGenerateInDDl>true</existDependencyGenerateInDDl>
<columns itemClass="oracle.dbtools.crest.model.design.relational.Column">
<Column name="UserId" id="961E329A-5D3B-6BA7-2A4F-64ADC97A926F">
<sourceConnName>HWSInternal</sourceConnName>
<sourceObjSchema>webpages_Membership</sourceObjSchema>
<sourceObjName>UserId</sourceObjName>
<createdBy>david.moore</createdBy>
<createdTime>2015-01-12 09:17:59 UTC</createdTime>
<ownerDesignName>HWSInternal_12_01_2015</ownerDesignName>
<useDomainConstraints>false</useDomainConstraints>
<use>1</use>
<logicalDatatype>LOGDT011</logicalDatatype>
<dataTypePrecision>10</dataTypePrecision>
<dataTypeScale>0</dataTypeScale>
<dataTypeSize>4</dataTypeSize>
<delegate>83E0F913-92FA-7611-8D22-ABEDCE0C2344</delegate>
<autoIncrementCycle>false</autoIncrementCycle>
<associations>
<colAssociation fkAssociation="F477B94A-7D9B-E980-1BA6-A1B2D7AE5D8C" referredColumn="83E0F913-92FA-7611-8D22-ABEDCE0C2344"/>
</associations>
</Column>
<Column name="CreateDate" id="562074EB-CCD8-89E4-F369-41EC14D61182">
<sourceConnName>HWSInternal</sourceConnName>
<sourceObjSchema>webpages_Membership</sourceObjSchema>
<sourceObjName>CreateDate</sourceObjName>
<createdBy>david.moore</createdBy>
<createdTime>2015-01-12 09:17:59 UTC</createdTime>
<ownerDesignName>HWSInternal_12_01_2015</ownerDesignName>
<nullsAllowed>true</nullsAllowed>
<useDomainConstraints>false</useDomainConstraints>
<use>1</use>
<logicalDatatype>LOGDT008</logicalDatatype>
<dataTypePrecision>23</dataTypePrecision>
<dataTypeScale>3</dataTypeScale>
<dataTypeSize>8</dataTypeSize>
<autoIncrementCycle>false</autoIncrementCycle>
</Column>
<Column name="ConfirmationToken" id="F0FDEA83-000A-88BC-F149-AA4843FAD368">
<sourceConnName>HWSInternal</sourceConnName>
<sourceObjSchema>webpages_Membership</sourceObjSchema>
<sourceObjName>ConfirmationToken</sourceObjName>
<createdBy>david.moore</createdBy>
<createdTime>2015-01-12 09:17:59 UTC</createdTime>
<ownerDesignName>HWSInternal_12_01_2015</ownerDesignName>
<nullsAllowed>true</nullsAllowed>
<useDomainConstraints>false</useDomainConstraints>
<use>1</use>
<logicalDatatype>LOGDT037</logicalDatatype>
<dataTypePrecision>128</dataTypePrecision>
<dataTypeScale>0</dataTypeScale>
<dataTypeSize>128</dataTypeSize>
<autoIncrementCycle>false</autoIncrementCycle>
</Column>
<Column name="IsConfirmed" id="B8111A9B-1C40-78EB-762D-71A08B7D2C1B">
<sourceConnName>HWSInternal</sourceConnName>
<sourceObjSchema>webpages_Membership</sourceObjSchema>
<sourceObjName>IsConfirmed</sourceObjName>
<createdBy>david.moore</createdBy>
<createdTime>2015-01-12 09:17:59 UTC</createdTime>
<ownerDesignName>HWSInternal_12_01_2015</ownerDesignName>
<nullsAllowed>true</nullsAllowed>
<useDomainConstraints>false</useDomainConstraints>
<use>1</use>
<logicalDatatype>LOGDT034</logicalDatatype>
<dataTypePrecision>1</dataTypePrecision>
<dataTypeScale>0</dataTypeScale>
<dataTypeSize>1</dataTypeSize>
<defaultValue>0</defaultValue>
<autoIncrementCycle>false</autoIncrementCycle>
</Column>
<Column name="LastPasswordFailureDate" id="6DBFC511-52A1-18BE-F66E-EE63512EEDE1">
<sourceConnName>HWSInternal</sourceConnName>
<sourceObjSchema>webpages_Membership</sourceObjSchema>
<sourceObjName>LastPasswordFailureDate</sourceObjName>
<createdBy>david.moore</createdBy>
<createdTime>2015-01-12 09:17:59 UTC</createdTime>
<ownerDesignName>HWSInternal_12_01_2015</ownerDesignName>
<nullsAllowed>true</nullsAllowed>
<useDomainConstraints>false</useDomainConstraints>
<use>1</use>
<logicalDatatype>LOGDT008</logicalDatatype>
<dataTypePrecision>23</dataTypePrecision>
<dataTypeScale>3</dataTypeScale>
<dataTypeSize>8</dataTypeSize>
<autoIncrementCycle>false</autoIncrementCycle>
</Column>
<Column name="PasswordFailuresSinceLastSuccess" id="B2316FAB-E753-0DC3-DBBF-28E7C3C0B724">
<sourceConnName>HWSInternal</sourceConnName>
<sourceObjSchema>webpages_Membership</sourceObjSchema>
<sourceObjName>PasswordFailuresSinceLastSuccess</sourceObjName>
<createdBy>david.moore</createdBy>
<createdTime>2015-01-12 09:17:59 UTC</createdTime>
<ownerDesignName>HWSInternal_12_01_2015</ownerDesignName>
<useDomainConstraints>false</useDomainConstraints>
<use>1</use>
<logicalDatatype>LOGDT011</logicalDatatype>
<dataTypePrecision>10</dataTypePrecision>
<dataTypeScale>0</dataTypeScale>
<dataTypeSize>4</dataTypeSize>
<defaultValue>0</defaultValue>
<autoIncrementCycle>false</autoIncrementCycle>
</Column>
<Column name="Password" id="C9124B8B-02B8-3CE7-6593-20605241EABD">
<sourceConnName>HWSInternal</sourceConnName>
<sourceObjSchema>webpages_Membership</sourceObjSchema>
<sourceObjName>Password</sourceObjName>
<createdBy>david.moore</createdBy>
<createdTime>2015-01-12 09:17:59 UTC</createdTime>
<ownerDesignName>HWSInternal_12_01_2015</ownerDesignName>
<useDomainConstraints>false</useDomainConstraints>
<use>1</use>
<logicalDatatype>LOGDT037</logicalDatatype>
<dataTypePrecision>128</dataTypePrecision>
<dataTypeScale>0</dataTypeScale>
<dataTypeSize>128</dataTypeSize>
<autoIncrementCycle>false</autoIncrementCycle>
</Column>
<Column name="PasswordChangedDate" id="CE20ED8C-372E-C07F-BF1A-FC231F960850">
<sourceConnName>HWSInternal</sourceConnName>
<sourceObjSchema>webpages_Membership</sourceObjSchema>
<sourceObjName>PasswordChangedDate</sourceObjName>
<createdBy>david.moore</createdBy>
<createdTime>2015-01-12 09:17:59 UTC</createdTime>
<ownerDesignName>HWSInternal_12_01_2015</ownerDesignName>
<nullsAllowed>true</nullsAllowed>
<useDomainConstraints>false</useDomainConstraints>
<use>1</use>
<logicalDatatype>LOGDT008</logicalDatatype>
<dataTypePrecision>23</dataTypePrecision>
<dataTypeScale>3</dataTypeScale>
<dataTypeSize>8</dataTypeSize>
<autoIncrementCycle>false</autoIncrementCycle>
</Column>
<Column name="PasswordSalt" id="CCB0BA8E-27EA-C76A-219A-6FE0EFD38660">
<sourceConnName>HWSInternal</sourceConnName>
<sourceObjSchema>webpages_Membership</sourceObjSchema>
<sourceObjName>PasswordSalt</sourceObjName>
<createdBy>david.moore</createdBy>
<createdTime>2015-01-12 09:17:59 UTC</createdTime>
<ownerDesignName>HWSInternal_12_01_2015</ownerDesignName>
<useDomainConstraints>false</useDomainConstraints>
<use>1</use>
<logicalDatatype>LOGDT037</logicalDatatype>
<dataTypePrecision>128</dataTypePrecision>
<dataTypeScale>0</dataTypeScale>
<dataTypeSize>128</dataTypeSize>
<autoIncrementCycle>false</autoIncrementCycle>
</Column>
<Column name="PasswordVerificationToken" id="45C431D6-E7BA-4B2A-D666-01FA21D597CB">
<sourceConnName>HWSInternal</sourceConnName>
<sourceObjSchema>webpages_Membership</sourceObjSchema>
<sourceObjName>PasswordVerificationToken</sourceObjName>
<createdBy>david.moore</createdBy>
<createdTime>2015-01-12 09:17:59 UTC</createdTime>
<ownerDesignName>HWSInternal_12_01_2015</ownerDesignName>
<nullsAllowed>true</nullsAllowed>
<useDomainConstraints>false</useDomainConstraints>
<use>1</use>
<logicalDatatype>LOGDT037</logicalDatatype>
<dataTypePrecision>128</dataTypePrecision>
<dataTypeScale>0</dataTypeScale>
<dataTypeSize>128</dataTypeSize>
<autoIncrementCycle>false</autoIncrementCycle>
</Column>
<Column name="PasswordVerificationTokenExpirationDate" id="BC48DD7C-0050-97C9-8DFD-87CA5FE01A6C">
<sourceConnName>HWSInternal</sourceConnName>
<sourceObjSchema>webpages_Membership</sourceObjSchema>
<sourceObjName>PasswordVerificationTokenExpirationDate</sourceObjName>
<createdBy>david.moore</createdBy>
<createdTime>2015-01-12 09:17:59 UTC</createdTime>
<ownerDesignName>HWSInternal_12_01_2015</ownerDesignName>
<nullsAllowed>true</nullsAllowed>
<useDomainConstraints>false</useDomainConstraints>
<use>1</use>
<logicalDatatype>LOGDT008</logicalDatatype>
<dataTypePrecision>23</dataTypePrecision>
<dataTypeScale>3</dataTypeScale>
<dataTypeSize>8</dataTypeSize>
<autoIncrementCycle>false</autoIncrementCycle>
</Column>
</columns>
<indexes itemClass="oracle.dbtools.crest.model.design.relational.Index">
<ind_PK_UK id="68A409A3-E783-B73A-5A23-13D0003A9168" name="PK__webpages__1788CC4C71BCD978">
<sourceConnName>HWSInternal</sourceConnName>
<sourceObjSchema>Authentication</sourceObjSchema>
<sourceObjName>PK__webpages__1788CC4C71BCD978</sourceObjName>
<createdBy>david.moore</createdBy>
<createdTime>2015-01-12 09:17:59 UTC</createdTime>
<ownerDesignName>HWSInternal_12_01_2015</ownerDesignName>
<pk>true</pk>
<indexState>Primary Constraint</indexState>
<isSurrogateKey>false</isSurrogateKey>
<indexColumnUsage>
<colUsage columnID="961E329A-5D3B-6BA7-2A4F-64ADC97A926F"/>
</indexColumnUsage>
</ind_PK_UK>
<ind_PK_UK id="86E935E3-0149-9B86-E1C1-CA5C56005000" name="FK_webpges_Membership_NetworkDoctor">
<createdBy>david.moore</createdBy>
<createdTime>2015-01-12 09:18:00 UTC</createdTime>
<ownerDesignName>HWSInternal_12_01_2015</ownerDesignName>
<indexState>Foreign Key</indexState>
<isSurrogateKey>false</isSurrogateKey>
<indexColumnUsage>
<colUsage columnID="961E329A-5D3B-6BA7-2A4F-64ADC97A926F"/>
</indexColumnUsage>
</ind_PK_UK>
</indexes>
<tableCheckConstraints itemClass="oracle.dbtools.crest.model.design.constraint.TableLevelConstraint">
<tableCheckConstraint name="DF__webpages___IsCon__73A521EA" directorySegmentName="seg_1" id="50B514D6-5F0E-4E25-BCD8-BC37F542CF10">
<sourceConnName>HWSInternal</sourceConnName>
<sourceObjSchema>Authentication</sourceObjSchema>
<sourceObjName>DF__webpages___IsCon__73A521EA</sourceObjName>
<createdBy>david.moore</createdBy>
<createdTime>2015-01-12 09:17:59 UTC</createdTime>
<ownerDesignName>HWSInternal_12_01_2015</ownerDesignName>
<rule>(0)</rule>
</tableCheckConstraint>
<tableCheckConstraint name="DF__webpages___Passw__74994623" directorySegmentName="seg_1" id="0A8ED423-95F2-E021-81D4-24BA8CCA2881">
<sourceConnName>HWSInternal</sourceConnName>
<sourceObjSchema>Authentication</sourceObjSchema>
<sourceObjName>DF__webpages___Passw__74994623</sourceObjName>
<createdBy>david.moore</createdBy>
<createdTime>2015-01-12 09:17:59 UTC</createdTime>
<ownerDesignName>HWSInternal_12_01_2015</ownerDesignName>
<rule>(0)</rule>
</tableCheckConstraint>
</tableCheckConstraints>
</Table>