<?xml version = '1.0' encoding = 'UTF-8'?>
<Table class="oracle.dbtools.crest.model.design.relational.Table" directorySegmentName="seg_1" id="FCEB9247-B09D-98F2-9DC6-2A47190C8F39" name="tblOHPClinics">
<sourceConnName>HWSInternal</sourceConnName>
<sourceObjSchema>dbo</sourceObjSchema>
<sourceObjName>tblOHPClinics</sourceObjName>
<createdBy>david.moore</createdBy>
<createdTime>2015-01-12 09:17:59 UTC</createdTime>
<ownerDesignName>HWSInternal_12_01_2015</ownerDesignName>
<schemaObject>4EB6B9C6-0365-2F78-E252-562BC729FF40</schemaObject>
<allowColumnReorder>false</allowColumnReorder>
<existDependencyGenerateInDDl>true</existDependencyGenerateInDDl>
<columns itemClass="oracle.dbtools.crest.model.design.relational.Column">
<Column name="uidClinic" id="2EED7D4D-05C3-DCC9-CBA7-4A425640D43B">
<sourceConnName>HWSInternal</sourceConnName>
<sourceObjSchema>tblOHPClinics</sourceObjSchema>
<sourceObjName>uidClinic</sourceObjName>
<createdBy>david.moore</createdBy>
<createdTime>2015-01-12 09:17:59 UTC</createdTime>
<ownerDesignName>HWSInternal_12_01_2015</ownerDesignName>
<useDomainConstraints>false</useDomainConstraints>
<use>1</use>
<logicalDatatype>LOGDT057</logicalDatatype>
<dataTypePrecision>0</dataTypePrecision>
<dataTypeScale>0</dataTypeScale>
<dataTypeSize>16</dataTypeSize>
<defaultValue>newid()</defaultValue>
<autoIncrementCycle>false</autoIncrementCycle>
</Column>
<Column name="strPostCode" id="1106460B-9C45-1A71-AE5C-CD2260850F7A">
<sourceConnName>HWSInternal</sourceConnName>
<sourceObjSchema>tblOHPClinics</sourceObjSchema>
<sourceObjName>strPostCode</sourceObjName>
<createdBy>david.moore</createdBy>
<createdTime>2015-01-12 09:17:59 UTC</createdTime>
<ownerDesignName>HWSInternal_12_01_2015</ownerDesignName>
<nullsAllowed>true</nullsAllowed>
<useDomainConstraints>false</useDomainConstraints>
<use>1</use>
<logicalDatatype>LOGDT024</logicalDatatype>
<dataTypePrecision>10</dataTypePrecision>
<dataTypeScale>0</dataTypeScale>
<dataTypeSize>10</dataTypeSize>
<autoIncrementCycle>false</autoIncrementCycle>
</Column>
<Column name="strAddress" id="279D6AC3-6BEB-36A4-4657-E460FCDDFAC0">
<sourceConnName>HWSInternal</sourceConnName>
<sourceObjSchema>tblOHPClinics</sourceObjSchema>
<sourceObjName>strAddress</sourceObjName>
<createdBy>david.moore</createdBy>
<createdTime>2015-01-12 09:17:59 UTC</createdTime>
<ownerDesignName>HWSInternal_12_01_2015</ownerDesignName>
<nullsAllowed>true</nullsAllowed>
<useDomainConstraints>false</useDomainConstraints>
<use>1</use>
<logicalDatatype>LOGDT037</logicalDatatype>
<dataTypePrecision>255</dataTypePrecision>
<dataTypeScale>0</dataTypeScale>
<dataTypeSize>255</dataTypeSize>
<autoIncrementCycle>false</autoIncrementCycle>
</Column>
<Column name="strContact1" id="07BC45B4-F118-1FD4-1D64-32093FB6D22D">
<sourceConnName>HWSInternal</sourceConnName>
<sourceObjSchema>tblOHPClinics</sourceObjSchema>
<sourceObjName>strContact1</sourceObjName>
<createdBy>david.moore</createdBy>
<createdTime>2015-01-12 09:17:59 UTC</createdTime>
<ownerDesignName>HWSInternal_12_01_2015</ownerDesignName>
<nullsAllowed>true</nullsAllowed>
<useDomainConstraints>false</useDomainConstraints>
<use>1</use>
<logicalDatatype>LOGDT037</logicalDatatype>
<dataTypePrecision>70</dataTypePrecision>
<dataTypeScale>0</dataTypeScale>
<dataTypeSize>70</dataTypeSize>
<autoIncrementCycle>false</autoIncrementCycle>
</Column>
<Column name="strContact1Email" id="2F2C560D-96DF-09EF-2827-E4D65AE2F6E7">
<sourceConnName>HWSInternal</sourceConnName>
<sourceObjSchema>tblOHPClinics</sourceObjSchema>
<sourceObjName>strContact1Email</sourceObjName>
<createdBy>david.moore</createdBy>
<createdTime>2015-01-12 09:17:59 UTC</createdTime>
<ownerDesignName>HWSInternal_12_01_2015</ownerDesignName>
<nullsAllowed>true</nullsAllowed>
<useDomainConstraints>false</useDomainConstraints>
<use>1</use>
<logicalDatatype>LOGDT024</logicalDatatype>
<dataTypePrecision>70</dataTypePrecision>
<dataTypeScale>0</dataTypeScale>
<dataTypeSize>70</dataTypeSize>
<autoIncrementCycle>false</autoIncrementCycle>
</Column>
<Column name="strContact1Tel" id="865EF7B9-C45B-7867-EAAB-909892E361F5">
<sourceConnName>HWSInternal</sourceConnName>
<sourceObjSchema>tblOHPClinics</sourceObjSchema>
<sourceObjName>strContact1Tel</sourceObjName>
<createdBy>david.moore</createdBy>
<createdTime>2015-01-12 09:17:59 UTC</createdTime>
<ownerDesignName>HWSInternal_12_01_2015</ownerDesignName>
<nullsAllowed>true</nullsAllowed>
<useDomainConstraints>false</useDomainConstraints>
<use>1</use>
<logicalDatatype>LOGDT024</logicalDatatype>
<dataTypePrecision>50</dataTypePrecision>
<dataTypeScale>0</dataTypeScale>
<dataTypeSize>50</dataTypeSize>
<autoIncrementCycle>false</autoIncrementCycle>
</Column>
<Column name="strContact2" id="811CFFB8-9109-39AA-BB06-575513CAB830">
<sourceConnName>HWSInternal</sourceConnName>
<sourceObjSchema>tblOHPClinics</sourceObjSchema>
<sourceObjName>strContact2</sourceObjName>
<createdBy>david.moore</createdBy>
<createdTime>2015-01-12 09:17:59 UTC</createdTime>
<ownerDesignName>HWSInternal_12_01_2015</ownerDesignName>
<nullsAllowed>true</nullsAllowed>
<useDomainConstraints>false</useDomainConstraints>
<use>1</use>
<logicalDatatype>LOGDT037</logicalDatatype>
<dataTypePrecision>70</dataTypePrecision>
<dataTypeScale>0</dataTypeScale>
<dataTypeSize>70</dataTypeSize>
<autoIncrementCycle>false</autoIncrementCycle>
</Column>
<Column name="strContact2Email" id="08C82C2D-904C-C49D-0DA8-DAA1448E81A7">
<sourceConnName>HWSInternal</sourceConnName>
<sourceObjSchema>tblOHPClinics</sourceObjSchema>
<sourceObjName>strContact2Email</sourceObjName>
<createdBy>david.moore</createdBy>
<createdTime>2015-01-12 09:17:59 UTC</createdTime>
<ownerDesignName>HWSInternal_12_01_2015</ownerDesignName>
<nullsAllowed>true</nullsAllowed>
<useDomainConstraints>false</useDomainConstraints>
<use>1</use>
<logicalDatatype>LOGDT024</logicalDatatype>
<dataTypePrecision>60</dataTypePrecision>
<dataTypeScale>0</dataTypeScale>
<dataTypeSize>60</dataTypeSize>
<autoIncrementCycle>false</autoIncrementCycle>
</Column>
<Column name="strContact2Tel" id="6E50A7E7-30CC-B4F1-1B66-2920F78AE9A3">
<sourceConnName>HWSInternal</sourceConnName>
<sourceObjSchema>tblOHPClinics</sourceObjSchema>
<sourceObjName>strContact2Tel</sourceObjName>
<createdBy>david.moore</createdBy>
<createdTime>2015-01-12 09:17:59 UTC</createdTime>
<ownerDesignName>HWSInternal_12_01_2015</ownerDesignName>
<nullsAllowed>true</nullsAllowed>
<useDomainConstraints>false</useDomainConstraints>
<use>1</use>
<logicalDatatype>LOGDT024</logicalDatatype>
<dataTypePrecision>50</dataTypePrecision>
<dataTypeScale>0</dataTypeScale>
<dataTypeSize>50</dataTypeSize>
<autoIncrementCycle>false</autoIncrementCycle>
</Column>
<Column name="strEmail" id="B4572FE8-6501-E651-1F3F-2CE74B24BED4">
<sourceConnName>HWSInternal</sourceConnName>
<sourceObjSchema>tblOHPClinics</sourceObjSchema>
<sourceObjName>strEmail</sourceObjName>
<createdBy>david.moore</createdBy>
<createdTime>2015-01-12 09:17:59 UTC</createdTime>
<ownerDesignName>HWSInternal_12_01_2015</ownerDesignName>
<nullsAllowed>true</nullsAllowed>
<useDomainConstraints>false</useDomainConstraints>
<use>1</use>
<logicalDatatype>LOGDT037</logicalDatatype>
<dataTypePrecision>60</dataTypePrecision>
<dataTypeScale>0</dataTypeScale>
<dataTypeSize>60</dataTypeSize>
<autoIncrementCycle>false</autoIncrementCycle>
</Column>
<Column name="strSwitchboard" id="4C27143C-BE4F-88FC-7279-6905BFC5E792">
<sourceConnName>HWSInternal</sourceConnName>
<sourceObjSchema>tblOHPClinics</sourceObjSchema>
<sourceObjName>strSwitchboard</sourceObjName>
<createdBy>david.moore</createdBy>
<createdTime>2015-01-12 09:17:59 UTC</createdTime>
<ownerDesignName>HWSInternal_12_01_2015</ownerDesignName>
<nullsAllowed>true</nullsAllowed>
<useDomainConstraints>false</useDomainConstraints>
<use>1</use>
<logicalDatatype>LOGDT024</logicalDatatype>
<dataTypePrecision>20</dataTypePrecision>
<dataTypeScale>0</dataTypeScale>
<dataTypeSize>20</dataTypeSize>
<autoIncrementCycle>false</autoIncrementCycle>
</Column>
<Column name="strCountry" id="99F6C3B0-6EE3-7C1E-742F-CFA06581F46B">
<sourceConnName>HWSInternal</sourceConnName>
<sourceObjSchema>tblOHPClinics</sourceObjSchema>
<sourceObjName>strCountry</sourceObjName>
<createdBy>david.moore</createdBy>
<createdTime>2015-01-12 09:17:59 UTC</createdTime>
<ownerDesignName>HWSInternal_12_01_2015</ownerDesignName>
<nullsAllowed>true</nullsAllowed>
<useDomainConstraints>false</useDomainConstraints>
<use>1</use>
<logicalDatatype>LOGDT025</logicalDatatype>
<dataTypePrecision>2</dataTypePrecision>
<dataTypeScale>0</dataTypeScale>
<dataTypeSize>2</dataTypeSize>
<defaultValue>UK</defaultValue>
<delegate>0AF0540E-1BBF-E4D6-098B-43E71DFA59F0</delegate>
<autoIncrementCycle>false</autoIncrementCycle>
<associations>
<colAssociation fkAssociation="EA9DB983-51C9-65F9-036C-F9391922B885" referredColumn="0AF0540E-1BBF-E4D6-098B-43E71DFA59F0"/>
</associations>
</Column>
<Column name="strModBy" id="00B6DC3B-0B94-C1F1-FE46-A4B4698CA095">
<sourceConnName>HWSInternal</sourceConnName>
<sourceObjSchema>tblOHPClinics</sourceObjSchema>
<sourceObjName>strModBy</sourceObjName>
<createdBy>david.moore</createdBy>
<createdTime>2015-01-12 09:17:59 UTC</createdTime>
<ownerDesignName>HWSInternal_12_01_2015</ownerDesignName>
<nullsAllowed>true</nullsAllowed>
<useDomainConstraints>false</useDomainConstraints>
<use>1</use>
<logicalDatatype>LOGDT024</logicalDatatype>
<dataTypePrecision>30</dataTypePrecision>
<dataTypeScale>0</dataTypeScale>
<dataTypeSize>30</dataTypeSize>
<autoIncrementCycle>false</autoIncrementCycle>
</Column>
<Column name="dtmMod" id="17A2EFCE-49B9-7281-ECCD-7BBF5856D153">
<sourceConnName>HWSInternal</sourceConnName>
<sourceObjSchema>tblOHPClinics</sourceObjSchema>
<sourceObjName>dtmMod</sourceObjName>
<createdBy>david.moore</createdBy>
<createdTime>2015-01-12 09:17:59 UTC</createdTime>
<ownerDesignName>HWSInternal_12_01_2015</ownerDesignName>
<useDomainConstraints>false</useDomainConstraints>
<use>1</use>
<logicalDatatype>LOGDT008</logicalDatatype>
<dataTypePrecision>23</dataTypePrecision>
<dataTypeScale>3</dataTypeScale>
<dataTypeSize>8</dataTypeSize>
<defaultValue>getdate()</defaultValue>
<autoIncrementCycle>false</autoIncrementCycle>
</Column>
<Column name="strCreatedBy" id="ACAEC928-5E85-A427-9F1B-6688DAA8CE2D">
<sourceConnName>HWSInternal</sourceConnName>
<sourceObjSchema>tblOHPClinics</sourceObjSchema>
<sourceObjName>strCreatedBy</sourceObjName>
<createdBy>david.moore</createdBy>
<createdTime>2015-01-12 09:17:59 UTC</createdTime>
<ownerDesignName>HWSInternal_12_01_2015</ownerDesignName>
<nullsAllowed>true</nullsAllowed>
<useDomainConstraints>false</useDomainConstraints>
<use>1</use>
<logicalDatatype>LOGDT024</logicalDatatype>
<dataTypePrecision>30</dataTypePrecision>
<dataTypeScale>0</dataTypeScale>
<dataTypeSize>30</dataTypeSize>
<autoIncrementCycle>false</autoIncrementCycle>
</Column>
<Column name="dtmCreated" id="659BA70D-6594-531D-1248-FD1594716AB6">
<sourceConnName>HWSInternal</sourceConnName>
<sourceObjSchema>tblOHPClinics</sourceObjSchema>
<sourceObjName>dtmCreated</sourceObjName>
<createdBy>david.moore</createdBy>
<createdTime>2015-01-12 09:17:59 UTC</createdTime>
<ownerDesignName>HWSInternal_12_01_2015</ownerDesignName>
<useDomainConstraints>false</useDomainConstraints>
<use>1</use>
<logicalDatatype>LOGDT008</logicalDatatype>
<dataTypePrecision>23</dataTypePrecision>
<dataTypeScale>3</dataTypeScale>
<dataTypeSize>8</dataTypeSize>
<defaultValue>getdate()</defaultValue>
<autoIncrementCycle>false</autoIncrementCycle>
</Column>
<Column name="strName" id="8A722241-5D04-7580-D2A0-EBF1B4530118">
<sourceConnName>HWSInternal</sourceConnName>
<sourceObjSchema>tblOHPClinics</sourceObjSchema>
<sourceObjName>strName</sourceObjName>
<createdBy>david.moore</createdBy>
<createdTime>2015-01-12 09:17:59 UTC</createdTime>
<ownerDesignName>HWSInternal_12_01_2015</ownerDesignName>
<useDomainConstraints>false</useDomainConstraints>
<use>1</use>
<logicalDatatype>LOGDT024</logicalDatatype>
<dataTypePrecision>60</dataTypePrecision>
<dataTypeScale>0</dataTypeScale>
<dataTypeSize>60</dataTypeSize>
<autoIncrementCycle>false</autoIncrementCycle>
</Column>
<Column name="isActive" id="AB5B9DE2-B0DA-7353-B13F-0B1147E595AB">
<sourceConnName>HWSInternal</sourceConnName>
<sourceObjSchema>tblOHPClinics</sourceObjSchema>
<sourceObjName>isActive</sourceObjName>
<createdBy>david.moore</createdBy>
<createdTime>2015-01-12 09:17:59 UTC</createdTime>
<ownerDesignName>HWSInternal_12_01_2015</ownerDesignName>
<useDomainConstraints>false</useDomainConstraints>
<use>1</use>
<logicalDatatype>LOGDT034</logicalDatatype>
<dataTypePrecision>1</dataTypePrecision>
<dataTypeScale>0</dataTypeScale>
<dataTypeSize>1</dataTypeSize>
<defaultValue>1</defaultValue>
<autoIncrementCycle>false</autoIncrementCycle>
</Column>
<Column name="strComments" id="FC154048-A917-4B43-4B37-25BC34976936">
<sourceConnName>HWSInternal</sourceConnName>
<sourceObjSchema>tblOHPClinics</sourceObjSchema>
<sourceObjName>strComments</sourceObjName>
<createdBy>david.moore</createdBy>
<createdTime>2015-01-12 09:17:59 UTC</createdTime>
<ownerDesignName>HWSInternal_12_01_2015</ownerDesignName>
<nullsAllowed>true</nullsAllowed>
<useDomainConstraints>false</useDomainConstraints>
<use>1</use>
<logicalDatatype>LOGDT024</logicalDatatype>
<dataTypePrecision>512</dataTypePrecision>
<dataTypeScale>0</dataTypeScale>
<dataTypeSize>512</dataTypeSize>
<autoIncrementCycle>false</autoIncrementCycle>
</Column>
<Column name="fkAdminCentre" id="87A706A2-1DD1-EC3F-5971-104ACA396AC1">
<sourceConnName>HWSInternal</sourceConnName>
<sourceObjSchema>tblOHPClinics</sourceObjSchema>
<sourceObjName>fkAdminCentre</sourceObjName>
<createdBy>david.moore</createdBy>
<createdTime>2015-01-12 09:17:59 UTC</createdTime>
<ownerDesignName>HWSInternal_12_01_2015</ownerDesignName>
<nullsAllowed>true</nullsAllowed>
<useDomainConstraints>false</useDomainConstraints>
<use>1</use>
<logicalDatatype>LOGDT057</logicalDatatype>
<dataTypePrecision>0</dataTypePrecision>
<dataTypeScale>0</dataTypeScale>
<dataTypeSize>16</dataTypeSize>
<delegate>2EED7D4D-05C3-DCC9-CBA7-4A425640D43B</delegate>
<autoIncrementCycle>false</autoIncrementCycle>
<associations>
<colAssociation fkAssociation="89C56911-9475-9053-05D6-8D9CC726991C" referredColumn="2EED7D4D-05C3-DCC9-CBA7-4A425640D43B"/>
</associations>
</Column>
<Column name="flClinicLat" id="A8E9AD4C-D97A-DF5B-2814-51A3613499D9">
<sourceConnName>HWSInternal</sourceConnName>
<sourceObjSchema>tblOHPClinics</sourceObjSchema>
<sourceObjName>flClinicLat</sourceObjName>
<createdBy>david.moore</createdBy>
<createdTime>2015-01-12 09:17:59 UTC</createdTime>
<ownerDesignName>HWSInternal_12_01_2015</ownerDesignName>
<nullsAllowed>true</nullsAllowed>
<useDomainConstraints>false</useDomainConstraints>
<use>1</use>
<logicalDatatype>LOGDT021</logicalDatatype>
<dataTypePrecision>53</dataTypePrecision>
<dataTypeScale>0</dataTypeScale>
<dataTypeSize>8</dataTypeSize>
<autoIncrementCycle>false</autoIncrementCycle>
</Column>
<Column name="flClinicLong" id="F793962D-72F5-9953-9D4A-3278B588E1C2">
<sourceConnName>HWSInternal</sourceConnName>
<sourceObjSchema>tblOHPClinics</sourceObjSchema>
<sourceObjName>flClinicLong</sourceObjName>
<createdBy>david.moore</createdBy>
<createdTime>2015-01-12 09:17:59 UTC</createdTime>
<ownerDesignName>HWSInternal_12_01_2015</ownerDesignName>
<nullsAllowed>true</nullsAllowed>
<useDomainConstraints>false</useDomainConstraints>
<use>1</use>
<logicalDatatype>LOGDT021</logicalDatatype>
<dataTypePrecision>53</dataTypePrecision>
<dataTypeScale>0</dataTypeScale>
<dataTypeSize>8</dataTypeSize>
<autoIncrementCycle>false</autoIncrementCycle>
</Column>
<Column name="isUseForPaperWork" id="0BCB4CA7-8BB7-32F5-16F2-C4EBCB22E7BC">
<sourceConnName>HWSInternal</sourceConnName>
<sourceObjSchema>tblOHPClinics</sourceObjSchema>
<sourceObjName>isUseForPaperWork</sourceObjName>
<createdBy>david.moore</createdBy>
<createdTime>2015-01-12 09:17:59 UTC</createdTime>
<ownerDesignName>HWSInternal_12_01_2015</ownerDesignName>
<nullsAllowed>true</nullsAllowed>
<useDomainConstraints>false</useDomainConstraints>
<use>1</use>
<logicalDatatype>LOGDT034</logicalDatatype>
<dataTypePrecision>1</dataTypePrecision>
<dataTypeScale>0</dataTypeScale>
<dataTypeSize>1</dataTypeSize>
<defaultValue>1</defaultValue>
<autoIncrementCycle>false</autoIncrementCycle>
</Column>
<Column name="strContact1Mobile" id="3DFFCF2B-DB19-D0A3-D4B4-5C8D63927874">
<sourceConnName>HWSInternal</sourceConnName>
<sourceObjSchema>tblOHPClinics</sourceObjSchema>
<sourceObjName>strContact1Mobile</sourceObjName>
<createdBy>david.moore</createdBy>
<createdTime>2015-01-12 09:17:59 UTC</createdTime>
<ownerDesignName>HWSInternal_12_01_2015</ownerDesignName>
<nullsAllowed>true</nullsAllowed>
<useDomainConstraints>false</useDomainConstraints>
<use>1</use>
<logicalDatatype>LOGDT024</logicalDatatype>
<dataTypePrecision>50</dataTypePrecision>
<dataTypeScale>0</dataTypeScale>
<dataTypeSize>50</dataTypeSize>
<autoIncrementCycle>false</autoIncrementCycle>
</Column>
<Column name="strContact2Mobile" id="245E879A-AA94-802B-DD2A-DD827016F3CA">
<sourceConnName>HWSInternal</sourceConnName>
<sourceObjSchema>tblOHPClinics</sourceObjSchema>
<sourceObjName>strContact2Mobile</sourceObjName>
<createdBy>david.moore</createdBy>
<createdTime>2015-01-12 09:17:59 UTC</createdTime>
<ownerDesignName>HWSInternal_12_01_2015</ownerDesignName>
<nullsAllowed>true</nullsAllowed>
<useDomainConstraints>false</useDomainConstraints>
<use>1</use>
<logicalDatatype>LOGDT024</logicalDatatype>
<dataTypePrecision>50</dataTypePrecision>
<dataTypeScale>0</dataTypeScale>
<dataTypeSize>50</dataTypeSize>
<autoIncrementCycle>false</autoIncrementCycle>
</Column>
<Column name="ccyFee" id="E3C3C394-69D1-134B-1FC4-4827708F44CF">
<sourceConnName>HWSInternal</sourceConnName>
<sourceObjSchema>tblOHPClinics</sourceObjSchema>
<sourceObjName>ccyFee</sourceObjName>
<createdBy>david.moore</createdBy>
<createdTime>2015-01-12 09:17:59 UTC</createdTime>
<ownerDesignName>HWSInternal_12_01_2015</ownerDesignName>
<nullsAllowed>true</nullsAllowed>
<useDomainConstraints>false</useDomainConstraints>
<use>1</use>
<logicalDatatype>LOGDT043</logicalDatatype>
<dataTypePrecision>19</dataTypePrecision>
<dataTypeScale>4</dataTypeScale>
<dataTypeSize>8</dataTypeSize>
<autoIncrementCycle>false</autoIncrementCycle>
</Column>
<Column name="ccyFeeDNA" id="B36F8C4B-800F-8444-C976-5EC6A2953F21">
<sourceConnName>HWSInternal</sourceConnName>
<sourceObjSchema>tblOHPClinics</sourceObjSchema>
<sourceObjName>ccyFeeDNA</sourceObjName>
<createdBy>david.moore</createdBy>
<createdTime>2015-01-12 09:17:59 UTC</createdTime>
<ownerDesignName>HWSInternal_12_01_2015</ownerDesignName>
<nullsAllowed>true</nullsAllowed>
<useDomainConstraints>false</useDomainConstraints>
<use>1</use>
<logicalDatatype>LOGDT043</logicalDatatype>
<dataTypePrecision>19</dataTypePrecision>
<dataTypeScale>4</dataTypeScale>
<dataTypeSize>8</dataTypeSize>
<autoIncrementCycle>false</autoIncrementCycle>
</Column>
<Column name="isVAT" id="2330C377-5B42-1C5F-A0D8-F5114AD7A5E3">
<sourceConnName>HWSInternal</sourceConnName>
<sourceObjSchema>tblOHPClinics</sourceObjSchema>
<sourceObjName>isVAT</sourceObjName>
<createdBy>david.moore</createdBy>
<createdTime>2015-01-12 09:17:59 UTC</createdTime>
<ownerDesignName>HWSInternal_12_01_2015</ownerDesignName>
<nullsAllowed>true</nullsAllowed>
<useDomainConstraints>false</useDomainConstraints>
<use>1</use>
<logicalDatatype>LOGDT034</logicalDatatype>
<dataTypePrecision>1</dataTypePrecision>
<dataTypeScale>0</dataTypeScale>
<dataTypeSize>1</dataTypeSize>
<autoIncrementCycle>false</autoIncrementCycle>
</Column>
<Column name="strFax" id="08078BCE-6EB5-BBF1-7725-D026CB14B4D4">
<sourceConnName>HWSInternal</sourceConnName>
<sourceObjSchema>tblOHPClinics</sourceObjSchema>
<sourceObjName>strFax</sourceObjName>
<createdBy>david.moore</createdBy>
<createdTime>2015-01-12 09:17:59 UTC</createdTime>
<ownerDesignName>HWSInternal_12_01_2015</ownerDesignName>
<nullsAllowed>true</nullsAllowed>
<useDomainConstraints>false</useDomainConstraints>
<use>1</use>
<logicalDatatype>LOGDT024</logicalDatatype>
<dataTypePrecision>50</dataTypePrecision>
<dataTypeScale>0</dataTypeScale>
<dataTypeSize>50</dataTypeSize>
<autoIncrementCycle>false</autoIncrementCycle>
</Column>
<Column name="strURLDirections" id="89910426-EA51-74DC-3979-2F1C6BE74BF0">
<sourceConnName>HWSInternal</sourceConnName>
<sourceObjSchema>tblOHPClinics</sourceObjSchema>
<sourceObjName>strURLDirections</sourceObjName>
<createdBy>david.moore</createdBy>
<createdTime>2015-01-12 09:17:59 UTC</createdTime>
<ownerDesignName>HWSInternal_12_01_2015</ownerDesignName>
<nullsAllowed>true</nullsAllowed>
<useDomainConstraints>false</useDomainConstraints>
<use>1</use>
<logicalDatatype>LOGDT024</logicalDatatype>
<dataTypePrecision>500</dataTypePrecision>
<dataTypeScale>0</dataTypeScale>
<dataTypeSize>500</dataTypeSize>
<autoIncrementCycle>false</autoIncrementCycle>
</Column>
<Column name="strURLWebSite" id="8493439A-2167-10E8-5E75-68F7447833E9">
<sourceConnName>HWSInternal</sourceConnName>
<sourceObjSchema>tblOHPClinics</sourceObjSchema>
<sourceObjName>strURLWebSite</sourceObjName>
<createdBy>david.moore</createdBy>
<createdTime>2015-01-12 09:17:59 UTC</createdTime>
<ownerDesignName>HWSInternal_12_01_2015</ownerDesignName>
<nullsAllowed>true</nullsAllowed>
<useDomainConstraints>false</useDomainConstraints>
<use>1</use>
<logicalDatatype>LOGDT024</logicalDatatype>
<dataTypePrecision>500</dataTypePrecision>
<dataTypeScale>0</dataTypeScale>
<dataTypeSize>500</dataTypeSize>
<autoIncrementCycle>false</autoIncrementCycle>
</Column>
<Column name="isAdminOnly" id="6982C49D-518B-FF48-E2F7-D40A721B8B1F">
<sourceConnName>HWSInternal</sourceConnName>
<sourceObjSchema>tblOHPClinics</sourceObjSchema>
<sourceObjName>isAdminOnly</sourceObjName>
<createdBy>david.moore</createdBy>
<createdTime>2015-01-12 09:17:59 UTC</createdTime>
<ownerDesignName>HWSInternal_12_01_2015</ownerDesignName>
<useDomainConstraints>false</useDomainConstraints>
<use>1</use>
<logicalDatatype>LOGDT034</logicalDatatype>
<dataTypePrecision>1</dataTypePrecision>
<dataTypeScale>0</dataTypeScale>
<dataTypeSize>1</dataTypeSize>
<defaultValue>0</defaultValue>
<autoIncrementCycle>false</autoIncrementCycle>
</Column>
<Column name="isSpecialist" id="B89748F5-138B-394E-C564-0E298CFD018F">
<sourceConnName>HWSInternal</sourceConnName>
<sourceObjSchema>tblOHPClinics</sourceObjSchema>
<sourceObjName>isSpecialist</sourceObjName>
<createdBy>david.moore</createdBy>
<createdTime>2015-01-12 09:17:59 UTC</createdTime>
<ownerDesignName>HWSInternal_12_01_2015</ownerDesignName>
<useDomainConstraints>false</useDomainConstraints>
<use>1</use>
<logicalDatatype>LOGDT034</logicalDatatype>
<dataTypePrecision>1</dataTypePrecision>
<dataTypeScale>0</dataTypeScale>
<dataTypeSize>1</dataTypeSize>
<defaultValue>0</defaultValue>
<autoIncrementCycle>false</autoIncrementCycle>
</Column>
<Column name="isOH" id="69B085A0-1D5B-B13D-D023-E1FEABB5CA85">
<sourceConnName>HWSInternal</sourceConnName>
<sourceObjSchema>tblOHPClinics</sourceObjSchema>
<sourceObjName>isOH</sourceObjName>
<createdBy>david.moore</createdBy>
<createdTime>2015-01-12 09:17:59 UTC</createdTime>
<ownerDesignName>HWSInternal_12_01_2015</ownerDesignName>
<useDomainConstraints>false</useDomainConstraints>
<use>1</use>
<logicalDatatype>LOGDT034</logicalDatatype>
<dataTypePrecision>1</dataTypePrecision>
<dataTypeScale>0</dataTypeScale>
<dataTypeSize>1</dataTypeSize>
<defaultValue>1</defaultValue>
<autoIncrementCycle>false</autoIncrementCycle>
</Column>
<Column name="ccyFeeCanx" id="77727E95-941C-5833-2E5F-B4155EF7CCC5">
<sourceConnName>HWSInternal</sourceConnName>
<sourceObjSchema>tblOHPClinics</sourceObjSchema>
<sourceObjName>ccyFeeCanx</sourceObjName>
<createdBy>david.moore</createdBy>
<createdTime>2015-01-12 09:17:59 UTC</createdTime>
<ownerDesignName>HWSInternal_12_01_2015</ownerDesignName>
<nullsAllowed>true</nullsAllowed>
<useDomainConstraints>false</useDomainConstraints>
<use>1</use>
<logicalDatatype>LOGDT043</logicalDatatype>
<dataTypePrecision>19</dataTypePrecision>
<dataTypeScale>4</dataTypeScale>
<dataTypeSize>8</dataTypeSize>
<autoIncrementCycle>false</autoIncrementCycle>
</Column>
<Column name="isPreferred" id="266824C0-5664-7BBF-8080-24D154DEA460">
<sourceConnName>HWSInternal</sourceConnName>
<sourceObjSchema>tblOHPClinics</sourceObjSchema>
<sourceObjName>isPreferred</sourceObjName>
<createdBy>david.moore</createdBy>
<createdTime>2015-01-12 09:17:59 UTC</createdTime>
<ownerDesignName>HWSInternal_12_01_2015</ownerDesignName>
<useDomainConstraints>false</useDomainConstraints>
<use>1</use>
<logicalDatatype>LOGDT034</logicalDatatype>
<dataTypePrecision>1</dataTypePrecision>
<dataTypeScale>0</dataTypeScale>
<dataTypeSize>1</dataTypeSize>
<defaultValue>0</defaultValue>
<autoIncrementCycle>false</autoIncrementCycle>
</Column>
<Column name="isChase" id="8CED4D25-5B9E-BD97-EEBF-D4555133CE3F">
<sourceConnName>HWSInternal</sourceConnName>
<sourceObjSchema>tblOHPClinics</sourceObjSchema>
<sourceObjName>isChase</sourceObjName>
<createdBy>david.moore</createdBy>
<createdTime>2015-01-12 09:17:59 UTC</createdTime>
<ownerDesignName>HWSInternal_12_01_2015</ownerDesignName>
<useDomainConstraints>false</useDomainConstraints>
<use>1</use>
<logicalDatatype>LOGDT034</logicalDatatype>
<dataTypePrecision>1</dataTypePrecision>
<dataTypeScale>0</dataTypeScale>
<dataTypeSize>1</dataTypeSize>
<defaultValue>1</defaultValue>
<autoIncrementCycle>false</autoIncrementCycle>
</Column>
<Column name="isBookNow" id="FE945F65-DF71-C703-2E5D-D217A8AF31A3">
<sourceConnName>HWSInternal</sourceConnName>
<sourceObjSchema>tblOHPClinics</sourceObjSchema>
<sourceObjName>isBookNow</sourceObjName>
<createdBy>david.moore</createdBy>
<createdTime>2015-01-12 09:17:59 UTC</createdTime>
<ownerDesignName>HWSInternal_12_01_2015</ownerDesignName>
<useDomainConstraints>false</useDomainConstraints>
<use>1</use>
<logicalDatatype>LOGDT034</logicalDatatype>
<dataTypePrecision>1</dataTypePrecision>
<dataTypeScale>0</dataTypeScale>
<dataTypeSize>1</dataTypeSize>
<defaultValue>1</defaultValue>
<autoIncrementCycle>false</autoIncrementCycle>
</Column>
<Column name="isHML" id="C6FDF86D-F1B1-1942-ABFF-BA9115B906ED">
<sourceConnName>HWSInternal</sourceConnName>
<sourceObjSchema>tblOHPClinics</sourceObjSchema>
<sourceObjName>isHML</sourceObjName>
<createdBy>david.moore</createdBy>
<createdTime>2015-01-12 09:17:59 UTC</createdTime>
<ownerDesignName>HWSInternal_12_01_2015</ownerDesignName>
<useDomainConstraints>false</useDomainConstraints>
<use>1</use>
<logicalDatatype>LOGDT034</logicalDatatype>
<dataTypePrecision>1</dataTypePrecision>
<dataTypeScale>0</dataTypeScale>
<dataTypeSize>1</dataTypeSize>
<defaultValue>0</defaultValue>
<autoIncrementCycle>false</autoIncrementCycle>
</Column>
<Column name="isOnsite" id="C725F7EC-EDBF-877F-27F2-65DE84186A11">
<sourceConnName>HWSInternal</sourceConnName>
<sourceObjSchema>tblOHPClinics</sourceObjSchema>
<sourceObjName>isOnsite</sourceObjName>
<createdBy>david.moore</createdBy>
<createdTime>2015-01-12 09:17:59 UTC</createdTime>
<ownerDesignName>HWSInternal_12_01_2015</ownerDesignName>
<useDomainConstraints>false</useDomainConstraints>
<use>1</use>
<logicalDatatype>LOGDT034</logicalDatatype>
<dataTypePrecision>1</dataTypePrecision>
<dataTypeScale>0</dataTypeScale>
<dataTypeSize>1</dataTypeSize>
<defaultValue>0</defaultValue>
<autoIncrementCycle>false</autoIncrementCycle>
</Column>
</columns>
<indexes itemClass="oracle.dbtools.crest.model.design.relational.Index">
<ind_PK_UK id="95FFC6A0-FB4C-FE15-AD79-5EBFD472FEFA" name="PK_OHPClinics">
<sourceConnName>HWSInternal</sourceConnName>
<sourceObjSchema>dbo</sourceObjSchema>
<sourceObjName>PK_OHPClinics</sourceObjName>
<createdBy>david.moore</createdBy>
<createdTime>2015-01-12 09:17:59 UTC</createdTime>
<ownerDesignName>HWSInternal_12_01_2015</ownerDesignName>
<pk>true</pk>
<indexState>Primary Constraint</indexState>
<isSurrogateKey>false</isSurrogateKey>
<indexColumnUsage>
<colUsage columnID="2EED7D4D-05C3-DCC9-CBA7-4A425640D43B"/>
</indexColumnUsage>
</ind_PK_UK>
<ind_PK_UK id="54B55E53-D568-3E95-B2BC-3DF3B4070509" name="FK_tblOHPClinics_tblOHPClinics">
<createdBy>david.moore</createdBy>
<createdTime>2015-01-12 09:18:00 UTC</createdTime>
<ownerDesignName>HWSInternal_12_01_2015</ownerDesignName>
<indexState>Foreign Key</indexState>
<isSurrogateKey>false</isSurrogateKey>
<indexColumnUsage>
<colUsage columnID="87A706A2-1DD1-EC3F-5971-104ACA396AC1"/>
</indexColumnUsage>
</ind_PK_UK>
<ind_PK_UK id="52F4AEDF-42F4-6345-357C-FA5E85DACF73" name="FK_tblOHPClinics_tblCountries">
<createdBy>david.moore</createdBy>
<createdTime>2015-01-12 09:18:00 UTC</createdTime>
<ownerDesignName>HWSInternal_12_01_2015</ownerDesignName>
<indexState>Foreign Key</indexState>
<isSurrogateKey>false</isSurrogateKey>
<indexColumnUsage>
<colUsage columnID="99F6C3B0-6EE3-7C1E-742F-CFA06581F46B"/>
</indexColumnUsage>
</ind_PK_UK>
</indexes>
<tableCheckConstraints itemClass="oracle.dbtools.crest.model.design.constraint.TableLevelConstraint">
<tableCheckConstraint name="DF__DbaMgr_Tm__uidCl__11AA861D" directorySegmentName="seg_0" id="F4C73C99-6067-B32C-C4FB-A8F19FBE968D">
<sourceConnName>HWSInternal</sourceConnName>
<sourceObjSchema>dbo</sourceObjSchema>
<sourceObjName>DF__DbaMgr_Tm__uidCl__11AA861D</sourceObjName>
<createdBy>david.moore</createdBy>
<createdTime>2015-01-12 09:17:59 UTC</createdTime>
<ownerDesignName>HWSInternal_12_01_2015</ownerDesignName>
<rule>newid()</rule>
</tableCheckConstraint>
<tableCheckConstraint name="DF_tblOHPClinics_strCountry" directorySegmentName="seg_1" id="D3F207F9-8B37-A193-CDEB-939BCD21435F">
<sourceConnName>HWSInternal</sourceConnName>
<sourceObjSchema>dbo</sourceObjSchema>
<sourceObjName>DF_tblOHPClinics_strCountry</sourceObjName>
<createdBy>david.moore</createdBy>
<createdTime>2015-01-12 09:17:59 UTC</createdTime>
<ownerDesignName>HWSInternal_12_01_2015</ownerDesignName>
<rule>&apos;UK&apos;</rule>
</tableCheckConstraint>
<tableCheckConstraint name="DF__DbaMgr_Tm__dtmMo__129EAA56" directorySegmentName="seg_1" id="966A33FA-36F1-953B-3474-42A97C021083">
<sourceConnName>HWSInternal</sourceConnName>
<sourceObjSchema>dbo</sourceObjSchema>
<sourceObjName>DF__DbaMgr_Tm__dtmMo__129EAA56</sourceObjName>
<createdBy>david.moore</createdBy>
<createdTime>2015-01-12 09:17:59 UTC</createdTime>
<ownerDesignName>HWSInternal_12_01_2015</ownerDesignName>
<rule>getdate()</rule>
</tableCheckConstraint>
<tableCheckConstraint name="DF__DbaMgr_Tm__dtmCr__1392CE8F" directorySegmentName="seg_1" id="035B3EB4-3A36-8ED6-5799-B26648D49FE4">
<sourceConnName>HWSInternal</sourceConnName>
<sourceObjSchema>dbo</sourceObjSchema>
<sourceObjName>DF__DbaMgr_Tm__dtmCr__1392CE8F</sourceObjName>
<createdBy>david.moore</createdBy>
<createdTime>2015-01-12 09:17:59 UTC</createdTime>
<ownerDesignName>HWSInternal_12_01_2015</ownerDesignName>
<rule>getdate()</rule>
</tableCheckConstraint>
<tableCheckConstraint name="DF__DbaMgr_Tm__isDel__1486F2C8" directorySegmentName="seg_1" id="AA72E26A-3DEF-EBCC-9F0D-A5A8AE6D3E02">
<sourceConnName>HWSInternal</sourceConnName>
<sourceObjSchema>dbo</sourceObjSchema>
<sourceObjName>DF__DbaMgr_Tm__isDel__1486F2C8</sourceObjName>
<createdBy>david.moore</createdBy>
<createdTime>2015-01-12 09:17:59 UTC</createdTime>
<ownerDesignName>HWSInternal_12_01_2015</ownerDesignName>
<rule>(1)</rule>
</tableCheckConstraint>
<tableCheckConstraint name="DF_tblOHPClinics_isUseForPaperWork" directorySegmentName="seg_1" id="7ECFC3D0-A25B-18F4-5475-867F4C9813F7">
<sourceConnName>HWSInternal</sourceConnName>
<sourceObjSchema>dbo</sourceObjSchema>
<sourceObjName>DF_tblOHPClinics_isUseForPaperWork</sourceObjName>
<createdBy>david.moore</createdBy>
<createdTime>2015-01-12 09:17:59 UTC</createdTime>
<ownerDesignName>HWSInternal_12_01_2015</ownerDesignName>
<rule>(1)</rule>
</tableCheckConstraint>
<tableCheckConstraint name="DF_tblOHPClinics_isAdminOnly" directorySegmentName="seg_1" id="E2BE6398-DEBB-20F4-CAAA-6C2C0C034DC8">
<sourceConnName>HWSInternal</sourceConnName>
<sourceObjSchema>dbo</sourceObjSchema>
<sourceObjName>DF_tblOHPClinics_isAdminOnly</sourceObjName>
<createdBy>david.moore</createdBy>
<createdTime>2015-01-12 09:17:59 UTC</createdTime>
<ownerDesignName>HWSInternal_12_01_2015</ownerDesignName>
<rule>(0)</rule>
</tableCheckConstraint>
<tableCheckConstraint name="DF_tblOHPClinics_isSpecialist" directorySegmentName="seg_1" id="4F19EF02-0DCF-210C-25DC-143E0455905F">
<sourceConnName>HWSInternal</sourceConnName>
<sourceObjSchema>dbo</sourceObjSchema>
<sourceObjName>DF_tblOHPClinics_isSpecialist</sourceObjName>
<createdBy>david.moore</createdBy>
<createdTime>2015-01-12 09:17:59 UTC</createdTime>
<ownerDesignName>HWSInternal_12_01_2015</ownerDesignName>
<rule>(0)</rule>
</tableCheckConstraint>
<tableCheckConstraint name="DF_tblOHPClinics_isOH" directorySegmentName="seg_1" id="9F043557-02F1-20E7-A6D3-8839C1938FC5">
<sourceConnName>HWSInternal</sourceConnName>
<sourceObjSchema>dbo</sourceObjSchema>
<sourceObjName>DF_tblOHPClinics_isOH</sourceObjName>
<createdBy>david.moore</createdBy>
<createdTime>2015-01-12 09:17:59 UTC</createdTime>
<ownerDesignName>HWSInternal_12_01_2015</ownerDesignName>
<rule>(1)</rule>
</tableCheckConstraint>
<tableCheckConstraint name="DF__tblOHPCli__isPre__006BB6D9" directorySegmentName="seg_1" id="62233C5C-FBF0-0928-12BC-7C7B58D6F6F9">
<sourceConnName>HWSInternal</sourceConnName>
<sourceObjSchema>dbo</sourceObjSchema>
<sourceObjName>DF__tblOHPCli__isPre__006BB6D9</sourceObjName>
<createdBy>david.moore</createdBy>
<createdTime>2015-01-12 09:17:59 UTC</createdTime>
<ownerDesignName>HWSInternal_12_01_2015</ownerDesignName>
<rule>(0)</rule>
</tableCheckConstraint>
<tableCheckConstraint name="DF__tblOHPCli__isCha__0253FF4B" directorySegmentName="seg_1" id="4924E66F-3017-0024-328D-CEE29C06CC4F">
<sourceConnName>HWSInternal</sourceConnName>
<sourceObjSchema>dbo</sourceObjSchema>
<sourceObjName>DF__tblOHPCli__isCha__0253FF4B</sourceObjName>
<createdBy>david.moore</createdBy>
<createdTime>2015-01-12 09:17:59 UTC</createdTime>
<ownerDesignName>HWSInternal_12_01_2015</ownerDesignName>
<rule>(1)</rule>
</tableCheckConstraint>
<tableCheckConstraint name="DF__tblOHPCli__isBoo__05306BF6" directorySegmentName="seg_1" id="C4FA15DD-6A57-829D-D5A8-1E3E62623028">
<sourceConnName>HWSInternal</sourceConnName>
<sourceObjSchema>dbo</sourceObjSchema>
<sourceObjName>DF__tblOHPCli__isBoo__05306BF6</sourceObjName>
<createdBy>david.moore</createdBy>
<createdTime>2015-01-12 09:17:59 UTC</createdTime>
<ownerDesignName>HWSInternal_12_01_2015</ownerDesignName>
<rule>(1)</rule>
</tableCheckConstraint>
<tableCheckConstraint name="DF_tblOHPClinics_isHML" directorySegmentName="seg_1" id="2BF8AEA1-6CA3-E029-88DD-CFA749505F97">
<sourceConnName>HWSInternal</sourceConnName>
<sourceObjSchema>dbo</sourceObjSchema>
<sourceObjName>DF_tblOHPClinics_isHML</sourceObjName>
<createdBy>david.moore</createdBy>
<createdTime>2015-01-12 09:17:59 UTC</createdTime>
<ownerDesignName>HWSInternal_12_01_2015</ownerDesignName>
<rule>(0)</rule>
</tableCheckConstraint>
<tableCheckConstraint name="DF_tblOHPClinics_isOnsite" directorySegmentName="seg_1" id="AB47F347-6FA1-13F0-771C-571CFAB54047">
<sourceConnName>HWSInternal</sourceConnName>
<sourceObjSchema>dbo</sourceObjSchema>
<sourceObjName>DF_tblOHPClinics_isOnsite</sourceObjName>
<createdBy>david.moore</createdBy>
<createdTime>2015-01-12 09:17:59 UTC</createdTime>
<ownerDesignName>HWSInternal_12_01_2015</ownerDesignName>
<rule>(0)</rule>
</tableCheckConstraint>
</tableCheckConstraints>
</Table>