<?xml version = '1.0' encoding = 'UTF-8'?>
<Table class="oracle.dbtools.crest.model.design.relational.Table" id="0F7F1012-B838-205C-E57B-9684BDC57C45" directorySegmentName="seg_0" name="D_ONL_INSTANCE_STATUS">
<sourceConnName>ILEBMXDD</sourceConnName>
<sourceObjSchema>MAXDAT</sourceObjSchema>
<sourceObjName>D_ONL_INSTANCE_STATUS</sourceObjName>
<createdBy>mb56142</createdBy>
<createdTime>2013-10-06 20:01:08 UTC</createdTime>
<ownerDesignName>ILEB_BPM_Semantic_data_model_diagram</ownerDesignName>
<schemaObject>121AEE1F-FD79-403A-F17D-FF8859EA2228</schemaObject>
<pkName>DONLIS_PK</pkName>
<fonts>
<FontObject class="oracle.dbtools.crest.model.design.FontObjectWr">
<foType>Title</foType>
<fontStyle>1</fontStyle>
<colorRGB>-16776961</colorRGB>
</FontObject>
<FontObject class="oracle.dbtools.crest.model.design.FontObjectWr">
<foType>Column</foType>
<colorRGB>-16777216</colorRGB>
</FontObject>
<FontObject class="oracle.dbtools.crest.model.design.FontObjectWr">
<foType>Datatype</foType>
<colorRGB>-16744448</colorRGB>
</FontObject>
<FontObject class="oracle.dbtools.crest.model.design.FontObjectWr">
<foType>PK Element</foType>
<colorRGB>-16776961</colorRGB>
</FontObject>
<FontObject class="oracle.dbtools.crest.model.design.FontObjectWr">
<foType>FK Element</foType>
<colorRGB>-16777216</colorRGB>
</FontObject>
<FontObject class="oracle.dbtools.crest.model.design.FontObjectWr">
<foType>UK Element</foType>
<colorRGB>-16776961</colorRGB>
</FontObject>
<FontObject class="oracle.dbtools.crest.model.design.FontObjectWr">
<foType>Not Null</foType>
<colorRGB>-65536</colorRGB>
</FontObject>
<FontObject class="oracle.dbtools.crest.model.design.FontObjectWr">
<foType>Key</foType>
<colorRGB>-16777216</colorRGB>
</FontObject>
</fonts>
<columns>
<Column class="oracle.dbtools.crest.model.design.relational.Column" name="DONLIS_ID" id="228C29CD-0ED3-6436-D8E8-3B8C4B9BB8DE">
<sourceConnName>ILEBMXDD</sourceConnName>
<sourceObjSchema>D_ONL_INSTANCE_STATUS</sourceObjSchema>
<sourceObjName>DONLIS_ID</sourceObjName>
<createdBy>mb56142</createdBy>
<createdTime>2013-10-06 20:01:08 UTC</createdTime>
<ownerDesignName>ILEB_BPM_Semantic_data_model_diagram</ownerDesignName>
<useDomainConstraints>false</useDomainConstraints>
<use>1</use>
<logicalDatatype>LOGDT019</logicalDatatype>
<dataTypeSize>22</dataTypeSize>
<autoIncrementCycle>false</autoIncrementCycle>
</Column>
<Column class="oracle.dbtools.crest.model.design.relational.Column" name="INSTANCE_STATUS" id="FC5936FD-6253-D5FA-679A-31CD444B8E5A">
<sourceConnName>ILEBMXDD</sourceConnName>
<sourceObjSchema>D_ONL_INSTANCE_STATUS</sourceObjSchema>
<sourceObjName>INSTANCE_STATUS</sourceObjName>
<createdBy>mb56142</createdBy>
<createdTime>2013-10-06 20:01:08 UTC</createdTime>
<ownerDesignName>ILEB_BPM_Semantic_data_model_diagram</ownerDesignName>
<nullsAllowed>true</nullsAllowed>
<useDomainConstraints>false</useDomainConstraints>
<use>1</use>
<logicalDatatype>LOGDT024</logicalDatatype>
<dataTypeSize>50 BYTE</dataTypeSize>
<autoIncrementCycle>false</autoIncrementCycle>
</Column>
</columns>
<indexes>
<ind_PK_UK class="oracle.dbtools.crest.model.design.relational.Index" id="13BE8090-5A84-3215-64FB-58D31195E736" name="DONLIS_PK">
<sourceConnName>ILEBMXDD</sourceConnName>
<sourceObjSchema>MAXDAT</sourceObjSchema>
<sourceObjName>DONLIS_PK</sourceObjName>
<createdBy>mb56142</createdBy>
<createdTime>2013-10-06 20:01:10 UTC</createdTime>
<ownerDesignName>ILEB_BPM_Semantic_data_model_diagram</ownerDesignName>
<pk>true</pk>
<indexState>Primary Constraint</indexState>
<indexColumnUsage>
<colUsage columnID="228C29CD-0ED3-6436-D8E8-3B8C4B9BB8DE"/>
</indexColumnUsage>
</ind_PK_UK>
<ind_PK_UK class="oracle.dbtools.crest.model.design.relational.Index" id="FB31F2F3-14F5-A85F-0E64-70714D341298" name="DONLIS_PK">
<sourceConnName>ILEBMXDD</sourceConnName>
<sourceObjSchema>MAXDAT</sourceObjSchema>
<sourceObjName>DONLIS_PK</sourceObjName>
<createdBy>mb56142</createdBy>
<createdTime>2013-10-06 20:01:09 UTC</createdTime>
<ownerDesignName>ILEB_BPM_Semantic_data_model_diagram</ownerDesignName>
<schemaObject>121AEE1F-FD79-403A-F17D-FF8859EA2228</schemaObject>
<indexState>Unique Plain Index</indexState>
<indexColumnUsage>
<colUsage columnID="228C29CD-0ED3-6436-D8E8-3B8C4B9BB8DE"/>
</indexColumnUsage>
</ind_PK_UK>
<ind_PK_UK class="oracle.dbtools.crest.model.design.relational.Index" id="39E5AC33-B833-FB55-BC5A-2FEC9BC4AAB6" name="DONLIS_PK_UIX1">
<sourceConnName>ILEBMXDD</sourceConnName>
<sourceObjSchema>MAXDAT</sourceObjSchema>
<sourceObjName>DONLIS_PK_UIX1</sourceObjName>
<createdBy>mb56142</createdBy>
<createdTime>2013-10-06 20:01:09 UTC</createdTime>
<ownerDesignName>ILEB_BPM_Semantic_data_model_diagram</ownerDesignName>
<schemaObject>121AEE1F-FD79-403A-F17D-FF8859EA2228</schemaObject>
<indexState>Unique Plain Index</indexState>
<indexColumnUsage>
<colUsage columnID="FC5936FD-6253-D5FA-679A-31CD444B8E5A"/>
</indexColumnUsage>
</ind_PK_UK>
</indexes>
</Table>