<?xml version = '1.0' encoding = 'UTF-8'?>
<Table class="oracle.dbtools.crest.model.design.relational.Table" id="5BCC5CFF-E913-9CBF-A3D2-C4A89A54F651" directorySegmentName="seg_0" name="D_ONL_CURRENT">
<sourceConnName>ILEBMXDD</sourceConnName>
<sourceObjSchema>MAXDAT</sourceObjSchema>
<sourceObjName>D_ONL_CURRENT</sourceObjName>
<createdBy>mb56142</createdBy>
<createdTime>2013-10-06 19:59:52 UTC</createdTime>
<ownerDesignName>ILEB_BPM_Semantic_data_model_diagram</ownerDesignName>
<schemaObject>121AEE1F-FD79-403A-F17D-FF8859EA2228</schemaObject>
<pkName>DONLCUR_PK</pkName>
<fonts>
<FontObject class="oracle.dbtools.crest.model.design.FontObjectWr">
<foType>Title</foType>
<fontStyle>1</fontStyle>
<colorRGB>-16776961</colorRGB>
</FontObject>
<FontObject class="oracle.dbtools.crest.model.design.FontObjectWr">
<foType>Column</foType>
<colorRGB>-16777216</colorRGB>
</FontObject>
<FontObject class="oracle.dbtools.crest.model.design.FontObjectWr">
<foType>Datatype</foType>
<colorRGB>-16744448</colorRGB>
</FontObject>
<FontObject class="oracle.dbtools.crest.model.design.FontObjectWr">
<foType>PK Element</foType>
<colorRGB>-16776961</colorRGB>
</FontObject>
<FontObject class="oracle.dbtools.crest.model.design.FontObjectWr">
<foType>FK Element</foType>
<colorRGB>-16777216</colorRGB>
</FontObject>
<FontObject class="oracle.dbtools.crest.model.design.FontObjectWr">
<foType>UK Element</foType>
<colorRGB>-16776961</colorRGB>
</FontObject>
<FontObject class="oracle.dbtools.crest.model.design.FontObjectWr">
<foType>Not Null</foType>
<colorRGB>-65536</colorRGB>
</FontObject>
<FontObject class="oracle.dbtools.crest.model.design.FontObjectWr">
<foType>Key</foType>
<colorRGB>-16777216</colorRGB>
</FontObject>
</fonts>
<columns>
<Column class="oracle.dbtools.crest.model.design.relational.Column" name="ONL_BI_ID" id="E718D00D-5FFA-B035-1965-D34238A9E110">
<sourceConnName>ILEBMXDD</sourceConnName>
<sourceObjSchema>D_ONL_CURRENT</sourceObjSchema>
<sourceObjName>ONL_BI_ID</sourceObjName>
<createdBy>mb56142</createdBy>
<createdTime>2013-10-06 19:59:53 UTC</createdTime>
<ownerDesignName>ILEB_BPM_Semantic_data_model_diagram</ownerDesignName>
<useDomainConstraints>false</useDomainConstraints>
<use>1</use>
<logicalDatatype>LOGDT019</logicalDatatype>
<dataTypeSize>22</dataTypeSize>
<autoIncrementCycle>false</autoIncrementCycle>
</Column>
<Column class="oracle.dbtools.crest.model.design.relational.Column" name="TRANSACTION_ID" id="F51EDF21-3814-D97D-626C-98E2ACFD7373">
<sourceConnName>ILEBMXDD</sourceConnName>
<sourceObjSchema>D_ONL_CURRENT</sourceObjSchema>
<sourceObjName>TRANSACTION_ID</sourceObjName>
<createdBy>mb56142</createdBy>
<createdTime>2013-10-06 19:59:53 UTC</createdTime>
<ownerDesignName>ILEB_BPM_Semantic_data_model_diagram</ownerDesignName>
<nullsAllowed>true</nullsAllowed>
<useDomainConstraints>false</useDomainConstraints>
<use>1</use>
<logicalDatatype>LOGDT019</logicalDatatype>
<dataTypeSize>22</dataTypeSize>
<autoIncrementCycle>false</autoIncrementCycle>
</Column>
<Column class="oracle.dbtools.crest.model.design.relational.Column" name="TRANSACTION_TYPE" id="00F03CFE-8BB7-7102-1DFA-EAC5D9E54BB4">
<sourceConnName>ILEBMXDD</sourceConnName>
<sourceObjSchema>D_ONL_CURRENT</sourceObjSchema>
<sourceObjName>TRANSACTION_TYPE</sourceObjName>
<createdBy>mb56142</createdBy>
<createdTime>2013-10-06 19:59:53 UTC</createdTime>
<ownerDesignName>ILEB_BPM_Semantic_data_model_diagram</ownerDesignName>
<nullsAllowed>true</nullsAllowed>
<useDomainConstraints>false</useDomainConstraints>
<use>1</use>
<logicalDatatype>LOGDT024</logicalDatatype>
<dataTypeSize>50 BYTE</dataTypeSize>
<autoIncrementCycle>false</autoIncrementCycle>
</Column>
<Column class="oracle.dbtools.crest.model.design.relational.Column" name="CREATE_DATE" id="3284E13E-4C8D-FE6B-E4F8-4DA290511504">
<sourceConnName>ILEBMXDD</sourceConnName>
<sourceObjSchema>D_ONL_CURRENT</sourceObjSchema>
<sourceObjName>CREATE_DATE</sourceObjName>
<createdBy>mb56142</createdBy>
<createdTime>2013-10-06 19:59:53 UTC</createdTime>
<ownerDesignName>ILEB_BPM_Semantic_data_model_diagram</ownerDesignName>
<nullsAllowed>true</nullsAllowed>
<useDomainConstraints>false</useDomainConstraints>
<use>1</use>
<logicalDatatype>LOGDT007</logicalDatatype>
<dataTypeSize>7</dataTypeSize>
<autoIncrementCycle>false</autoIncrementCycle>
</Column>
<Column class="oracle.dbtools.crest.model.design.relational.Column" name="CREATE_BY_NAME" id="29DD5CAF-D571-D354-68C2-92B14BBE70C7">
<sourceConnName>ILEBMXDD</sourceConnName>
<sourceObjSchema>D_ONL_CURRENT</sourceObjSchema>
<sourceObjName>CREATE_BY_NAME</sourceObjName>
<createdBy>mb56142</createdBy>
<createdTime>2013-10-06 19:59:53 UTC</createdTime>
<ownerDesignName>ILEB_BPM_Semantic_data_model_diagram</ownerDesignName>
<nullsAllowed>true</nullsAllowed>
<useDomainConstraints>false</useDomainConstraints>
<use>1</use>
<logicalDatatype>LOGDT024</logicalDatatype>
<dataTypeSize>80 BYTE</dataTypeSize>
<autoIncrementCycle>false</autoIncrementCycle>
</Column>
<Column class="oracle.dbtools.crest.model.design.relational.Column" name="CASE_ID" id="88FB091B-3023-FA59-541F-3697840EF1EC">
<sourceConnName>ILEBMXDD</sourceConnName>
<sourceObjSchema>D_ONL_CURRENT</sourceObjSchema>
<sourceObjName>CASE_ID</sourceObjName>
<createdBy>mb56142</createdBy>
<createdTime>2013-10-06 19:59:54 UTC</createdTime>
<ownerDesignName>ILEB_BPM_Semantic_data_model_diagram</ownerDesignName>
<nullsAllowed>true</nullsAllowed>
<useDomainConstraints>false</useDomainConstraints>
<use>1</use>
<logicalDatatype>LOGDT019</logicalDatatype>
<dataTypeSize>22</dataTypeSize>
<autoIncrementCycle>false</autoIncrementCycle>
</Column>
<Column class="oracle.dbtools.crest.model.design.relational.Column" name="CLIENT_ID" id="2F1530EC-A5EA-1E43-DC44-994A0AD43FD0">
<sourceConnName>ILEBMXDD</sourceConnName>
<sourceObjSchema>D_ONL_CURRENT</sourceObjSchema>
<sourceObjName>CLIENT_ID</sourceObjName>
<createdBy>mb56142</createdBy>
<createdTime>2013-10-06 19:59:54 UTC</createdTime>
<ownerDesignName>ILEB_BPM_Semantic_data_model_diagram</ownerDesignName>
<nullsAllowed>true</nullsAllowed>
<useDomainConstraints>false</useDomainConstraints>
<use>1</use>
<logicalDatatype>LOGDT019</logicalDatatype>
<dataTypeSize>22</dataTypeSize>
<autoIncrementCycle>false</autoIncrementCycle>
</Column>
<Column class="oracle.dbtools.crest.model.design.relational.Column" name="WORK_REQUIRED_FLAG" id="5601F187-599A-8C00-86E8-E5CD25AF8DC8">
<sourceConnName>ILEBMXDD</sourceConnName>
<sourceObjSchema>D_ONL_CURRENT</sourceObjSchema>
<sourceObjName>WORK_REQUIRED_FLAG</sourceObjName>
<createdBy>mb56142</createdBy>
<createdTime>2013-10-06 19:59:54 UTC</createdTime>
<ownerDesignName>ILEB_BPM_Semantic_data_model_diagram</ownerDesignName>
<nullsAllowed>true</nullsAllowed>
<useDomainConstraints>false</useDomainConstraints>
<use>1</use>
<logicalDatatype>LOGDT024</logicalDatatype>
<dataTypeSize>1 BYTE</dataTypeSize>
<autoIncrementCycle>false</autoIncrementCycle>
</Column>
<Column class="oracle.dbtools.crest.model.design.relational.Column" name="CUR_INSTANCE_STATUS" id="0573CDC2-5936-3476-FFCB-F1CB5FDA0500">
<sourceConnName>ILEBMXDD</sourceConnName>
<sourceObjSchema>D_ONL_CURRENT</sourceObjSchema>
<sourceObjName>CUR_INSTANCE_STATUS</sourceObjName>
<createdBy>mb56142</createdBy>
<createdTime>2013-10-06 19:59:54 UTC</createdTime>
<ownerDesignName>ILEB_BPM_Semantic_data_model_diagram</ownerDesignName>
<nullsAllowed>true</nullsAllowed>
<useDomainConstraints>false</useDomainConstraints>
<use>1</use>
<logicalDatatype>LOGDT024</logicalDatatype>
<dataTypeSize>10 BYTE</dataTypeSize>
<autoIncrementCycle>false</autoIncrementCycle>
</Column>
<Column class="oracle.dbtools.crest.model.design.relational.Column" name="SOURCE_RECORD_TYPE" id="B57895A6-A575-A23D-B335-B5D29521D0CD">
<sourceConnName>ILEBMXDD</sourceConnName>
<sourceObjSchema>D_ONL_CURRENT</sourceObjSchema>
<sourceObjName>SOURCE_RECORD_TYPE</sourceObjName>
<createdBy>mb56142</createdBy>
<createdTime>2013-10-06 19:59:54 UTC</createdTime>
<ownerDesignName>ILEB_BPM_Semantic_data_model_diagram</ownerDesignName>
<nullsAllowed>true</nullsAllowed>
<useDomainConstraints>false</useDomainConstraints>
<use>1</use>
<logicalDatatype>LOGDT024</logicalDatatype>
<dataTypeSize>50 BYTE</dataTypeSize>
<autoIncrementCycle>false</autoIncrementCycle>
</Column>
<Column class="oracle.dbtools.crest.model.design.relational.Column" name="SOURCE_RECORD_ID" id="9861BD53-7166-7053-3239-9852B2A269C1">
<sourceConnName>ILEBMXDD</sourceConnName>
<sourceObjSchema>D_ONL_CURRENT</sourceObjSchema>
<sourceObjName>SOURCE_RECORD_ID</sourceObjName>
<createdBy>mb56142</createdBy>
<createdTime>2013-10-06 19:59:54 UTC</createdTime>
<ownerDesignName>ILEB_BPM_Semantic_data_model_diagram</ownerDesignName>
<nullsAllowed>true</nullsAllowed>
<useDomainConstraints>false</useDomainConstraints>
<use>1</use>
<logicalDatatype>LOGDT019</logicalDatatype>
<dataTypeSize>22</dataTypeSize>
<autoIncrementCycle>false</autoIncrementCycle>
</Column>
<Column class="oracle.dbtools.crest.model.design.relational.Column" name="LAST_UPDATE_DATE" id="0460A0F5-8F9C-C056-2DC6-AE3427F1F467">
<sourceConnName>ILEBMXDD</sourceConnName>
<sourceObjSchema>D_ONL_CURRENT</sourceObjSchema>
<sourceObjName>LAST_UPDATE_DATE</sourceObjName>
<createdBy>mb56142</createdBy>
<createdTime>2013-10-06 19:59:55 UTC</createdTime>
<ownerDesignName>ILEB_BPM_Semantic_data_model_diagram</ownerDesignName>
<nullsAllowed>true</nullsAllowed>
<useDomainConstraints>false</useDomainConstraints>
<use>1</use>
<logicalDatatype>LOGDT007</logicalDatatype>
<dataTypeSize>7</dataTypeSize>
<autoIncrementCycle>false</autoIncrementCycle>
</Column>
<Column class="oracle.dbtools.crest.model.design.relational.Column" name="LAST_UPDATED_BY_NAME" id="88E52C47-881B-DF40-450B-528B91E36F95">
<sourceConnName>ILEBMXDD</sourceConnName>
<sourceObjSchema>D_ONL_CURRENT</sourceObjSchema>
<sourceObjName>LAST_UPDATED_BY_NAME</sourceObjName>
<createdBy>mb56142</createdBy>
<createdTime>2013-10-06 19:59:55 UTC</createdTime>
<ownerDesignName>ILEB_BPM_Semantic_data_model_diagram</ownerDesignName>
<nullsAllowed>true</nullsAllowed>
<useDomainConstraints>false</useDomainConstraints>
<use>1</use>
<logicalDatatype>LOGDT024</logicalDatatype>
<dataTypeSize>80 BYTE</dataTypeSize>
<autoIncrementCycle>false</autoIncrementCycle>
</Column>
<Column class="oracle.dbtools.crest.model.design.relational.Column" name="LANGUAGE" id="64266374-4B1F-AF81-CD2A-ED83CDC4C090">
<sourceConnName>ILEBMXDD</sourceConnName>
<sourceObjSchema>D_ONL_CURRENT</sourceObjSchema>
<sourceObjName>LANGUAGE</sourceObjName>
<createdBy>mb56142</createdBy>
<createdTime>2013-10-06 19:59:55 UTC</createdTime>
<ownerDesignName>ILEB_BPM_Semantic_data_model_diagram</ownerDesignName>
<nullsAllowed>true</nullsAllowed>
<useDomainConstraints>false</useDomainConstraints>
<use>1</use>
<logicalDatatype>LOGDT024</logicalDatatype>
<dataTypeSize>2 BYTE</dataTypeSize>
<autoIncrementCycle>false</autoIncrementCycle>
</Column>
<Column class="oracle.dbtools.crest.model.design.relational.Column" name="PROCESS_NEW_INFO_START_DATE" id="8F9DA0CC-1859-93E4-0127-CC78496DA216">
<sourceConnName>ILEBMXDD</sourceConnName>
<sourceObjSchema>D_ONL_CURRENT</sourceObjSchema>
<sourceObjName>PROCESS_NEW_INFO_START_DATE</sourceObjName>
<createdBy>mb56142</createdBy>
<createdTime>2013-10-06 19:59:55 UTC</createdTime>
<ownerDesignName>ILEB_BPM_Semantic_data_model_diagram</ownerDesignName>
<nullsAllowed>true</nullsAllowed>
<useDomainConstraints>false</useDomainConstraints>
<use>1</use>
<logicalDatatype>LOGDT007</logicalDatatype>
<dataTypeSize>7</dataTypeSize>
<autoIncrementCycle>false</autoIncrementCycle>
</Column>
<Column class="oracle.dbtools.crest.model.design.relational.Column" name="PROCESS_NEW_INFO_END_DATE" id="A059DE8A-8999-B509-64DF-6A117832D52C">
<sourceConnName>ILEBMXDD</sourceConnName>
<sourceObjSchema>D_ONL_CURRENT</sourceObjSchema>
<sourceObjName>PROCESS_NEW_INFO_END_DATE</sourceObjName>
<createdBy>mb56142</createdBy>
<createdTime>2013-10-06 19:59:55 UTC</createdTime>
<ownerDesignName>ILEB_BPM_Semantic_data_model_diagram</ownerDesignName>
<nullsAllowed>true</nullsAllowed>
<useDomainConstraints>false</useDomainConstraints>
<use>1</use>
<logicalDatatype>LOGDT007</logicalDatatype>
<dataTypeSize>7</dataTypeSize>
<autoIncrementCycle>false</autoIncrementCycle>
</Column>
<Column class="oracle.dbtools.crest.model.design.relational.Column" name="PROCESS_NEW_INFO_FLAG" id="5A3C055F-4A74-97FD-546A-D4A5E47DA9C4">
<sourceConnName>ILEBMXDD</sourceConnName>
<sourceObjSchema>D_ONL_CURRENT</sourceObjSchema>
<sourceObjName>PROCESS_NEW_INFO_FLAG</sourceObjName>
<createdBy>mb56142</createdBy>
<createdTime>2013-10-06 19:59:55 UTC</createdTime>
<ownerDesignName>ILEB_BPM_Semantic_data_model_diagram</ownerDesignName>
<nullsAllowed>true</nullsAllowed>
<useDomainConstraints>false</useDomainConstraints>
<use>1</use>
<logicalDatatype>LOGDT024</logicalDatatype>
<dataTypeSize>1 BYTE</dataTypeSize>
<autoIncrementCycle>false</autoIncrementCycle>
</Column>
<Column class="oracle.dbtools.crest.model.design.relational.Column" name="CREATE_ROUTE_WORK_START_DATE" id="796F6607-5676-A056-D114-BA658ED4C6C3">
<sourceConnName>ILEBMXDD</sourceConnName>
<sourceObjSchema>D_ONL_CURRENT</sourceObjSchema>
<sourceObjName>CREATE_ROUTE_WORK_START_DATE</sourceObjName>
<createdBy>mb56142</createdBy>
<createdTime>2013-10-06 19:59:56 UTC</createdTime>
<ownerDesignName>ILEB_BPM_Semantic_data_model_diagram</ownerDesignName>
<nullsAllowed>true</nullsAllowed>
<useDomainConstraints>false</useDomainConstraints>
<use>1</use>
<logicalDatatype>LOGDT007</logicalDatatype>
<dataTypeSize>7</dataTypeSize>
<autoIncrementCycle>false</autoIncrementCycle>
</Column>
<Column class="oracle.dbtools.crest.model.design.relational.Column" name="CREATE_ROUTE_WORK_END_DATE" id="0CC5212F-67AE-A89D-ACCE-1C5851715838">
<sourceConnName>ILEBMXDD</sourceConnName>
<sourceObjSchema>D_ONL_CURRENT</sourceObjSchema>
<sourceObjName>CREATE_ROUTE_WORK_END_DATE</sourceObjName>
<createdBy>mb56142</createdBy>
<createdTime>2013-10-06 19:59:56 UTC</createdTime>
<ownerDesignName>ILEB_BPM_Semantic_data_model_diagram</ownerDesignName>
<nullsAllowed>true</nullsAllowed>
<useDomainConstraints>false</useDomainConstraints>
<use>1</use>
<logicalDatatype>LOGDT007</logicalDatatype>
<dataTypeSize>7</dataTypeSize>
<autoIncrementCycle>false</autoIncrementCycle>
</Column>
<Column class="oracle.dbtools.crest.model.design.relational.Column" name="CREATE_ROUTE_WORK_FLAG" id="0B97FE29-CB04-1DAF-08DD-69B844DB9BBD">
<sourceConnName>ILEBMXDD</sourceConnName>
<sourceObjSchema>D_ONL_CURRENT</sourceObjSchema>
<sourceObjName>CREATE_ROUTE_WORK_FLAG</sourceObjName>
<createdBy>mb56142</createdBy>
<createdTime>2013-10-06 19:59:56 UTC</createdTime>
<ownerDesignName>ILEB_BPM_Semantic_data_model_diagram</ownerDesignName>
<nullsAllowed>true</nullsAllowed>
<useDomainConstraints>false</useDomainConstraints>
<use>1</use>
<logicalDatatype>LOGDT024</logicalDatatype>
<dataTypeSize>1 BYTE</dataTypeSize>
<autoIncrementCycle>false</autoIncrementCycle>
</Column>
<Column class="oracle.dbtools.crest.model.design.relational.Column" name="WORK_IDENTIFIED_FLAG" id="0075024B-0E76-108F-34F1-6A7D103FA0A4">
<sourceConnName>ILEBMXDD</sourceConnName>
<sourceObjSchema>D_ONL_CURRENT</sourceObjSchema>
<sourceObjName>WORK_IDENTIFIED_FLAG</sourceObjName>
<createdBy>mb56142</createdBy>
<createdTime>2013-10-06 19:59:56 UTC</createdTime>
<ownerDesignName>ILEB_BPM_Semantic_data_model_diagram</ownerDesignName>
<nullsAllowed>true</nullsAllowed>
<useDomainConstraints>false</useDomainConstraints>
<use>1</use>
<logicalDatatype>LOGDT024</logicalDatatype>
<dataTypeSize>1 BYTE</dataTypeSize>
<autoIncrementCycle>false</autoIncrementCycle>
</Column>
<Column class="oracle.dbtools.crest.model.design.relational.Column" name="CANCEL_REASON" id="FC34461E-E3BF-F706-088C-0DF704C2A916">
<sourceConnName>ILEBMXDD</sourceConnName>
<sourceObjSchema>D_ONL_CURRENT</sourceObjSchema>
<sourceObjName>CANCEL_REASON</sourceObjName>
<createdBy>mb56142</createdBy>
<createdTime>2013-10-06 19:59:56 UTC</createdTime>
<ownerDesignName>ILEB_BPM_Semantic_data_model_diagram</ownerDesignName>
<nullsAllowed>true</nullsAllowed>
<useDomainConstraints>false</useDomainConstraints>
<use>1</use>
<logicalDatatype>LOGDT024</logicalDatatype>
<dataTypeSize>50 BYTE</dataTypeSize>
<autoIncrementCycle>false</autoIncrementCycle>
</Column>
<Column class="oracle.dbtools.crest.model.design.relational.Column" name="CANCEL_METHOD" id="AEDFB7CD-465D-6A85-2004-FD9B515180B3">
<sourceConnName>ILEBMXDD</sourceConnName>
<sourceObjSchema>D_ONL_CURRENT</sourceObjSchema>
<sourceObjName>CANCEL_METHOD</sourceObjName>
<createdBy>mb56142</createdBy>
<createdTime>2013-10-06 19:59:56 UTC</createdTime>
<ownerDesignName>ILEB_BPM_Semantic_data_model_diagram</ownerDesignName>
<nullsAllowed>true</nullsAllowed>
<useDomainConstraints>false</useDomainConstraints>
<use>1</use>
<logicalDatatype>LOGDT024</logicalDatatype>
<dataTypeSize>32 BYTE</dataTypeSize>
<autoIncrementCycle>false</autoIncrementCycle>
</Column>
<Column class="oracle.dbtools.crest.model.design.relational.Column" name="CANCEL_BY" id="1524F4F6-9713-C49A-2C3E-C19FBD0CF57B">
<sourceConnName>ILEBMXDD</sourceConnName>
<sourceObjSchema>D_ONL_CURRENT</sourceObjSchema>
<sourceObjName>CANCEL_BY</sourceObjName>
<createdBy>mb56142</createdBy>
<createdTime>2013-10-06 19:59:57 UTC</createdTime>
<ownerDesignName>ILEB_BPM_Semantic_data_model_diagram</ownerDesignName>
<nullsAllowed>true</nullsAllowed>
<useDomainConstraints>false</useDomainConstraints>
<use>1</use>
<logicalDatatype>LOGDT024</logicalDatatype>
<dataTypeSize>80 BYTE</dataTypeSize>
<autoIncrementCycle>false</autoIncrementCycle>
</Column>
<Column class="oracle.dbtools.crest.model.design.relational.Column" name="CANCEL_DATE" id="70E0D493-E0DD-CE07-44EE-0BDA793AFCFF">
<sourceConnName>ILEBMXDD</sourceConnName>
<sourceObjSchema>D_ONL_CURRENT</sourceObjSchema>
<sourceObjName>CANCEL_DATE</sourceObjName>
<createdBy>mb56142</createdBy>
<createdTime>2013-10-06 19:59:57 UTC</createdTime>
<ownerDesignName>ILEB_BPM_Semantic_data_model_diagram</ownerDesignName>
<nullsAllowed>true</nullsAllowed>
<useDomainConstraints>false</useDomainConstraints>
<use>1</use>
<logicalDatatype>LOGDT007</logicalDatatype>
<dataTypeSize>7</dataTypeSize>
<autoIncrementCycle>false</autoIncrementCycle>
</Column>
<Column class="oracle.dbtools.crest.model.design.relational.Column" name="COMPLETE_DATE" id="646FF4A3-9993-78B2-904C-89099857D2B8">
<sourceConnName>ILEBMXDD</sourceConnName>
<sourceObjSchema>D_ONL_CURRENT</sourceObjSchema>
<sourceObjName>COMPLETE_DATE</sourceObjName>
<createdBy>mb56142</createdBy>
<createdTime>2013-10-06 19:59:57 UTC</createdTime>
<ownerDesignName>ILEB_BPM_Semantic_data_model_diagram</ownerDesignName>
<nullsAllowed>true</nullsAllowed>
<useDomainConstraints>false</useDomainConstraints>
<use>1</use>
<logicalDatatype>LOGDT007</logicalDatatype>
<dataTypeSize>7</dataTypeSize>
<autoIncrementCycle>false</autoIncrementCycle>
</Column>
<Column class="oracle.dbtools.crest.model.design.relational.Column" name="AGE_IN_BUSINESS_DAYS" id="173906AE-1F92-FD7F-DE35-9DF67D5E1C2E">
<sourceConnName>ILEBMXDD</sourceConnName>
<sourceObjSchema>D_ONL_CURRENT</sourceObjSchema>
<sourceObjName>AGE_IN_BUSINESS_DAYS</sourceObjName>
<createdBy>mb56142</createdBy>
<createdTime>2013-10-06 19:59:57 UTC</createdTime>
<ownerDesignName>ILEB_BPM_Semantic_data_model_diagram</ownerDesignName>
<nullsAllowed>true</nullsAllowed>
<useDomainConstraints>false</useDomainConstraints>
<use>1</use>
<logicalDatatype>LOGDT019</logicalDatatype>
<dataTypeSize>22</dataTypeSize>
<autoIncrementCycle>false</autoIncrementCycle>
</Column>
<Column class="oracle.dbtools.crest.model.design.relational.Column" name="AGE_IN_CALENDAR_DAYS" id="EB2AFE0C-7B6C-5A32-8A75-212B011E8B37">
<sourceConnName>ILEBMXDD</sourceConnName>
<sourceObjSchema>D_ONL_CURRENT</sourceObjSchema>
<sourceObjName>AGE_IN_CALENDAR_DAYS</sourceObjName>
<createdBy>mb56142</createdBy>
<createdTime>2013-10-06 19:59:57 UTC</createdTime>
<ownerDesignName>ILEB_BPM_Semantic_data_model_diagram</ownerDesignName>
<nullsAllowed>true</nullsAllowed>
<useDomainConstraints>false</useDomainConstraints>
<use>1</use>
<logicalDatatype>LOGDT019</logicalDatatype>
<dataTypeSize>22</dataTypeSize>
<autoIncrementCycle>false</autoIncrementCycle>
</Column>
<Column class="oracle.dbtools.crest.model.design.relational.Column" name="TIMELINESS_STATUS" id="17244B27-8752-E955-2E86-F5C7FE6615D2">
<sourceConnName>ILEBMXDD</sourceConnName>
<sourceObjSchema>D_ONL_CURRENT</sourceObjSchema>
<sourceObjName>TIMELINESS_STATUS</sourceObjName>
<createdBy>mb56142</createdBy>
<createdTime>2013-10-06 19:59:57 UTC</createdTime>
<ownerDesignName>ILEB_BPM_Semantic_data_model_diagram</ownerDesignName>
<nullsAllowed>true</nullsAllowed>
<useDomainConstraints>false</useDomainConstraints>
<use>1</use>
<logicalDatatype>LOGDT024</logicalDatatype>
<dataTypeSize>20 BYTE</dataTypeSize>
<autoIncrementCycle>false</autoIncrementCycle>
</Column>
<Column class="oracle.dbtools.crest.model.design.relational.Column" name="JEOPARDY_STATUS" id="9C01A502-CBFA-D36F-3B8D-65D6EA82C39A">
<sourceConnName>ILEBMXDD</sourceConnName>
<sourceObjSchema>D_ONL_CURRENT</sourceObjSchema>
<sourceObjName>JEOPARDY_STATUS</sourceObjName>
<createdBy>mb56142</createdBy>
<createdTime>2013-10-06 19:59:58 UTC</createdTime>
<ownerDesignName>ILEB_BPM_Semantic_data_model_diagram</ownerDesignName>
<nullsAllowed>true</nullsAllowed>
<useDomainConstraints>false</useDomainConstraints>
<use>1</use>
<logicalDatatype>LOGDT024</logicalDatatype>
<dataTypeSize>1 BYTE</dataTypeSize>
<autoIncrementCycle>false</autoIncrementCycle>
</Column>
<Column class="oracle.dbtools.crest.model.design.relational.Column" name="SLA_DAYS" id="C839A78B-8C55-413A-5CF6-49E99F992B43">
<sourceConnName>ILEBMXDD</sourceConnName>
<sourceObjSchema>D_ONL_CURRENT</sourceObjSchema>
<sourceObjName>SLA_DAYS</sourceObjName>
<createdBy>mb56142</createdBy>
<createdTime>2013-10-06 19:59:58 UTC</createdTime>
<ownerDesignName>ILEB_BPM_Semantic_data_model_diagram</ownerDesignName>
<nullsAllowed>true</nullsAllowed>
<useDomainConstraints>false</useDomainConstraints>
<use>1</use>
<logicalDatatype>LOGDT019</logicalDatatype>
<dataTypeSize>22</dataTypeSize>
<autoIncrementCycle>false</autoIncrementCycle>
</Column>
<Column class="oracle.dbtools.crest.model.design.relational.Column" name="SLA_DAYS_TYPE" id="238A260E-B96F-B02A-D794-E67369A8FD4A">
<sourceConnName>ILEBMXDD</sourceConnName>
<sourceObjSchema>D_ONL_CURRENT</sourceObjSchema>
<sourceObjName>SLA_DAYS_TYPE</sourceObjName>
<createdBy>mb56142</createdBy>
<createdTime>2013-10-06 19:59:58 UTC</createdTime>
<ownerDesignName>ILEB_BPM_Semantic_data_model_diagram</ownerDesignName>
<nullsAllowed>true</nullsAllowed>
<useDomainConstraints>false</useDomainConstraints>
<use>1</use>
<logicalDatatype>LOGDT024</logicalDatatype>
<dataTypeSize>1 BYTE</dataTypeSize>
<autoIncrementCycle>false</autoIncrementCycle>
</Column>
<Column class="oracle.dbtools.crest.model.design.relational.Column" name="SLA_TARGET_DAYS" id="EE39B6CD-8456-8DF8-D156-6DC541B43390">
<sourceConnName>ILEBMXDD</sourceConnName>
<sourceObjSchema>D_ONL_CURRENT</sourceObjSchema>
<sourceObjName>SLA_TARGET_DAYS</sourceObjName>
<createdBy>mb56142</createdBy>
<createdTime>2013-10-06 19:59:58 UTC</createdTime>
<ownerDesignName>ILEB_BPM_Semantic_data_model_diagram</ownerDesignName>
<nullsAllowed>true</nullsAllowed>
<useDomainConstraints>false</useDomainConstraints>
<use>1</use>
<logicalDatatype>LOGDT019</logicalDatatype>
<dataTypeSize>22</dataTypeSize>
<autoIncrementCycle>false</autoIncrementCycle>
</Column>
<Column class="oracle.dbtools.crest.model.design.relational.Column" name="JEOPARDY_DAYS" id="DC53CF5E-427D-37F8-7858-CF41CF4CC509">
<sourceConnName>ILEBMXDD</sourceConnName>
<sourceObjSchema>D_ONL_CURRENT</sourceObjSchema>
<sourceObjName>JEOPARDY_DAYS</sourceObjName>
<createdBy>mb56142</createdBy>
<createdTime>2013-10-06 19:59:58 UTC</createdTime>
<ownerDesignName>ILEB_BPM_Semantic_data_model_diagram</ownerDesignName>
<nullsAllowed>true</nullsAllowed>
<useDomainConstraints>false</useDomainConstraints>
<use>1</use>
<logicalDatatype>LOGDT019</logicalDatatype>
<dataTypeSize>22</dataTypeSize>
<autoIncrementCycle>false</autoIncrementCycle>
</Column>
<Column class="oracle.dbtools.crest.model.design.relational.Column" name="JEOPARDY_DAYS_TYPE" id="2B0901C2-B860-6B88-30CD-8FB355AA3CC0">
<sourceConnName>ILEBMXDD</sourceConnName>
<sourceObjSchema>D_ONL_CURRENT</sourceObjSchema>
<sourceObjName>JEOPARDY_DAYS_TYPE</sourceObjName>
<createdBy>mb56142</createdBy>
<createdTime>2013-10-06 19:59:58 UTC</createdTime>
<ownerDesignName>ILEB_BPM_Semantic_data_model_diagram</ownerDesignName>
<nullsAllowed>true</nullsAllowed>
<useDomainConstraints>false</useDomainConstraints>
<use>1</use>
<logicalDatatype>LOGDT024</logicalDatatype>
<dataTypeSize>1 BYTE</dataTypeSize>
<autoIncrementCycle>false</autoIncrementCycle>
</Column>
<Column class="oracle.dbtools.crest.model.design.relational.Column" name="JEOPARDY_TARGET_DAYS" id="86F47182-FC1F-A71E-E967-45B6189C7A31">
<sourceConnName>ILEBMXDD</sourceConnName>
<sourceObjSchema>D_ONL_CURRENT</sourceObjSchema>
<sourceObjName>JEOPARDY_TARGET_DAYS</sourceObjName>
<createdBy>mb56142</createdBy>
<createdTime>2013-10-06 19:59:59 UTC</createdTime>
<ownerDesignName>ILEB_BPM_Semantic_data_model_diagram</ownerDesignName>
<nullsAllowed>true</nullsAllowed>
<useDomainConstraints>false</useDomainConstraints>
<use>1</use>
<logicalDatatype>LOGDT019</logicalDatatype>
<dataTypeSize>22</dataTypeSize>
<autoIncrementCycle>false</autoIncrementCycle>
</Column>
<Column class="oracle.dbtools.crest.model.design.relational.Column" name="JEOPARDY_DATE" id="140243F1-A672-8717-EAF9-DA4E890E00C9">
<sourceConnName>ILEBMXDD</sourceConnName>
<sourceObjSchema>D_ONL_CURRENT</sourceObjSchema>
<sourceObjName>JEOPARDY_DATE</sourceObjName>
<createdBy>mb56142</createdBy>
<createdTime>2013-10-06 19:59:59 UTC</createdTime>
<ownerDesignName>ILEB_BPM_Semantic_data_model_diagram</ownerDesignName>
<nullsAllowed>true</nullsAllowed>
<useDomainConstraints>false</useDomainConstraints>
<use>1</use>
<logicalDatatype>LOGDT007</logicalDatatype>
<dataTypeSize>7</dataTypeSize>
<autoIncrementCycle>false</autoIncrementCycle>
</Column>
</columns>
<indexes>
<ind_PK_UK class="oracle.dbtools.crest.model.design.relational.Index" id="7BE28942-2B40-874E-C787-088336516EEF" name="DONLCUR_PK">
<sourceConnName>ILEBMXDD</sourceConnName>
<sourceObjSchema>MAXDAT</sourceObjSchema>
<sourceObjName>DONLCUR_PK</sourceObjName>
<createdBy>mb56142</createdBy>
<createdTime>2013-10-06 20:00:02 UTC</createdTime>
<ownerDesignName>ILEB_BPM_Semantic_data_model_diagram</ownerDesignName>
<pk>true</pk>
<indexState>Primary Constraint</indexState>
<indexColumnUsage>
<colUsage columnID="E718D00D-5FFA-B035-1965-D34238A9E110"/>
</indexColumnUsage>
</ind_PK_UK>
<ind_PK_UK class="oracle.dbtools.crest.model.design.relational.Index" id="C36082E5-3611-27E0-04E3-89A0A1C1479B" name="DONLCUR_PK">
<sourceConnName>ILEBMXDD</sourceConnName>
<sourceObjSchema>MAXDAT</sourceObjSchema>
<sourceObjName>DONLCUR_PK</sourceObjName>
<createdBy>mb56142</createdBy>
<createdTime>2013-10-06 20:00:00 UTC</createdTime>
<ownerDesignName>ILEB_BPM_Semantic_data_model_diagram</ownerDesignName>
<schemaObject>121AEE1F-FD79-403A-F17D-FF8859EA2228</schemaObject>
<indexState>Unique Plain Index</indexState>
<indexColumnUsage>
<colUsage columnID="E718D00D-5FFA-B035-1965-D34238A9E110"/>
</indexColumnUsage>
</ind_PK_UK>
</indexes>
</Table>