<?xml version = '1.0' encoding = 'UTF-8'?>
<Table class="oracle.dbtools.crest.model.design.relational.Table" id="78D9D560-81E7-EA7B-C614-3294FC80D212" directorySegmentName="seg_0" name="D_MFDOC_DOCUMENT_STATUS">
<createdBy>ro38606</createdBy>
<createdTime>2013-05-09 18:08:22 UTC</createdTime>
<ownerDesignName>ILEB_BPM_Semantic_data_model_diagram</ownerDesignName>
<schemaObject>121AEE1F-FD79-403A-F17D-FF8859EA2228</schemaObject>
<pkName>DMFDOCDS_PK</pkName>
<fonts>
<FontObject class="oracle.dbtools.crest.model.design.FontObjectWr">
<foType>Title</foType>
<fontStyle>1</fontStyle>
<colorRGB>-16776961</colorRGB>
</FontObject>
<FontObject class="oracle.dbtools.crest.model.design.FontObjectWr">
<foType>Column</foType>
<colorRGB>-16777216</colorRGB>
</FontObject>
<FontObject class="oracle.dbtools.crest.model.design.FontObjectWr">
<foType>Datatype</foType>
<colorRGB>-16744448</colorRGB>
</FontObject>
<FontObject class="oracle.dbtools.crest.model.design.FontObjectWr">
<foType>PK Element</foType>
<colorRGB>-16776961</colorRGB>
</FontObject>
<FontObject class="oracle.dbtools.crest.model.design.FontObjectWr">
<foType>FK Element</foType>
<colorRGB>-16777216</colorRGB>
</FontObject>
<FontObject class="oracle.dbtools.crest.model.design.FontObjectWr">
<foType>UK Element</foType>
<colorRGB>-16776961</colorRGB>
</FontObject>
<FontObject class="oracle.dbtools.crest.model.design.FontObjectWr">
<foType>Not Null</foType>
<colorRGB>-65536</colorRGB>
</FontObject>
<FontObject class="oracle.dbtools.crest.model.design.FontObjectWr">
<foType>Key</foType>
<colorRGB>-16777216</colorRGB>
</FontObject>
</fonts>
<columns>
<Column class="oracle.dbtools.crest.model.design.relational.Column" name="DMFDOCDS_ID" id="2BB2D32D-0D1F-AD2F-7F3B-CAAF1C49870F">
<createdBy>ro38606</createdBy>
<createdTime>2013-05-09 18:08:34 UTC</createdTime>
<ownerDesignName>ILEB_BPM_Semantic_data_model_diagram</ownerDesignName>
<useDomainConstraints>false</useDomainConstraints>
<use>1</use>
<logicalDatatype>LOGDT019</logicalDatatype>
<dataTypeSize>22</dataTypeSize>
<autoIncrementCycle>false</autoIncrementCycle>
</Column>
<Column class="oracle.dbtools.crest.model.design.relational.Column" name="Document Status" id="95D73F68-C32D-EBEA-B26E-74A5E8CD63DB">
<createdBy>ro38606</createdBy>
<createdTime>2013-05-09 18:08:34 UTC</createdTime>
<ownerDesignName>ILEB_BPM_Semantic_data_model_diagram</ownerDesignName>
<useDomainConstraints>false</useDomainConstraints>
<use>1</use>
<logicalDatatype>LOGDT024</logicalDatatype>
<dataTypeSize>32 BYTE</dataTypeSize>
<autoIncrementCycle>false</autoIncrementCycle>
</Column>
</columns>
<indexes>
<ind_PK_UK class="oracle.dbtools.crest.model.design.relational.Index" id="BB653C8F-9523-EDF1-6A42-9D0C2AA874A4" name="DMFDOCDS_PK">
<createdBy>ro38606</createdBy>
<createdTime>2013-05-09 18:09:19 UTC</createdTime>
<ownerDesignName>ILEB_BPM_Semantic_data_model_diagram</ownerDesignName>
<schemaObject>121AEE1F-FD79-403A-F17D-FF8859EA2228</schemaObject>
<pk>true</pk>
<indexState>Primary Constraint</indexState>
<indexColumnUsage>
<colUsage columnID="2BB2D32D-0D1F-AD2F-7F3B-CAAF1C49870F"/>
</indexColumnUsage>
</ind_PK_UK>
<ind_PK_UK class="oracle.dbtools.crest.model.design.relational.Index" id="5BD32192-29C5-D7C7-BABA-566B9B0A5DD8" name="DMFDOCDS_UIX1">
<createdBy>ro38606</createdBy>
<createdTime>2013-05-09 18:09:20 UTC</createdTime>
<ownerDesignName>ILEB_BPM_Semantic_data_model_diagram</ownerDesignName>
<schemaObject>121AEE1F-FD79-403A-F17D-FF8859EA2228</schemaObject>
<indexState>Unique Plain Index</indexState>
<indexColumnUsage>
<colUsage columnID="95D73F68-C32D-EBEA-B26E-74A5E8CD63DB"/>
</indexColumnUsage>
</ind_PK_UK>
</indexes>
</Table>