<?xml version = '1.0' encoding = 'UTF-8'?>
<Table class="oracle.dbtools.crest.model.design.relational.Table" id="7DA9B642-E00A-25E4-57CE-2B549A1F378D" directorySegmentName="seg_0" name="D_PL_CURRENT">
<sourceConnName>ILEBMXDU</sourceConnName>
<sourceObjSchema>MAXDAT</sourceObjSchema>
<sourceObjName>D_PL_CURRENT</sourceObjName>
<createdBy>mb56142</createdBy>
<createdTime>2013-06-19 23:04:02 UTC</createdTime>
<ownerDesignName>ILEB_BPM_Semantic_data_model_diagram</ownerDesignName>
<schemaObject>121AEE1F-FD79-403A-F17D-FF8859EA2228</schemaObject>
<pkName>DPLCUR_PK</pkName>
<fonts>
<FontObject class="oracle.dbtools.crest.model.design.FontObjectWr">
<foType>Title</foType>
<fontStyle>1</fontStyle>
<colorRGB>-16776961</colorRGB>
</FontObject>
<FontObject class="oracle.dbtools.crest.model.design.FontObjectWr">
<foType>Column</foType>
<colorRGB>-16777216</colorRGB>
</FontObject>
<FontObject class="oracle.dbtools.crest.model.design.FontObjectWr">
<foType>Datatype</foType>
<colorRGB>-16744448</colorRGB>
</FontObject>
<FontObject class="oracle.dbtools.crest.model.design.FontObjectWr">
<foType>PK Element</foType>
<colorRGB>-16776961</colorRGB>
</FontObject>
<FontObject class="oracle.dbtools.crest.model.design.FontObjectWr">
<foType>FK Element</foType>
<colorRGB>-16777216</colorRGB>
</FontObject>
<FontObject class="oracle.dbtools.crest.model.design.FontObjectWr">
<foType>UK Element</foType>
<colorRGB>-16776961</colorRGB>
</FontObject>
<FontObject class="oracle.dbtools.crest.model.design.FontObjectWr">
<foType>Not Null</foType>
<colorRGB>-65536</colorRGB>
</FontObject>
<FontObject class="oracle.dbtools.crest.model.design.FontObjectWr">
<foType>Key</foType>
<colorRGB>-16777216</colorRGB>
</FontObject>
</fonts>
<columns>
<Column class="oracle.dbtools.crest.model.design.relational.Column" name="PL_BI_ID" id="CD40ED78-B3CB-4AD1-F22D-E622395CE6E4">
<sourceConnName>ILEBMXDU</sourceConnName>
<sourceObjSchema>D_PL_CURRENT</sourceObjSchema>
<sourceObjName>PL_BI_ID</sourceObjName>
<createdBy>mb56142</createdBy>
<createdTime>2013-06-19 23:04:02 UTC</createdTime>
<ownerDesignName>ILEB_BPM_Semantic_data_model_diagram</ownerDesignName>
<useDomainConstraints>false</useDomainConstraints>
<use>1</use>
<logicalDatatype>LOGDT019</logicalDatatype>
<dataTypeSize>22</dataTypeSize>
<autoIncrementCycle>false</autoIncrementCycle>
</Column>
<Column class="oracle.dbtools.crest.model.design.relational.Column" name="LETTER_REQUEST_ID" id="45B65E39-7086-7A58-79A8-EE819FDBE672">
<sourceConnName>ILEBMXDU</sourceConnName>
<sourceObjSchema>D_PL_CURRENT</sourceObjSchema>
<sourceObjName>LETTER_REQUEST_ID</sourceObjName>
<createdBy>mb56142</createdBy>
<createdTime>2013-06-19 23:04:02 UTC</createdTime>
<ownerDesignName>ILEB_BPM_Semantic_data_model_diagram</ownerDesignName>
<useDomainConstraints>false</useDomainConstraints>
<use>1</use>
<logicalDatatype>LOGDT019</logicalDatatype>
<dataTypeSize>22</dataTypeSize>
<autoIncrementCycle>false</autoIncrementCycle>
</Column>
<Column class="oracle.dbtools.crest.model.design.relational.Column" name="CREATE_DATE" id="A706CCD8-8BDD-C95C-389E-B4359716C27A">
<sourceConnName>ILEBMXDU</sourceConnName>
<sourceObjSchema>D_PL_CURRENT</sourceObjSchema>
<sourceObjName>CREATE_DATE</sourceObjName>
<createdBy>mb56142</createdBy>
<createdTime>2013-06-19 23:04:02 UTC</createdTime>
<ownerDesignName>ILEB_BPM_Semantic_data_model_diagram</ownerDesignName>
<useDomainConstraints>false</useDomainConstraints>
<use>1</use>
<logicalDatatype>LOGDT007</logicalDatatype>
<dataTypeSize>7</dataTypeSize>
<autoIncrementCycle>false</autoIncrementCycle>
</Column>
<Column class="oracle.dbtools.crest.model.design.relational.Column" name="CREATED_BY" id="AC6A7DE0-3650-93A7-3278-143238F6626B">
<sourceConnName>ILEBMXDU</sourceConnName>
<sourceObjSchema>D_PL_CURRENT</sourceObjSchema>
<sourceObjName>CREATED_BY</sourceObjName>
<createdBy>mb56142</createdBy>
<createdTime>2013-06-19 23:04:02 UTC</createdTime>
<ownerDesignName>ILEB_BPM_Semantic_data_model_diagram</ownerDesignName>
<nullsAllowed>true</nullsAllowed>
<useDomainConstraints>false</useDomainConstraints>
<use>1</use>
<logicalDatatype>LOGDT024</logicalDatatype>
<dataTypeSize>50 BYTE</dataTypeSize>
<autoIncrementCycle>false</autoIncrementCycle>
</Column>
<Column class="oracle.dbtools.crest.model.design.relational.Column" name="REQUEST_DATE" id="E232FBE4-6D16-651E-E5CC-41EC34548478">
<sourceConnName>ILEBMXDU</sourceConnName>
<sourceObjSchema>D_PL_CURRENT</sourceObjSchema>
<sourceObjName>REQUEST_DATE</sourceObjName>
<createdBy>mb56142</createdBy>
<createdTime>2013-06-19 23:04:02 UTC</createdTime>
<ownerDesignName>ILEB_BPM_Semantic_data_model_diagram</ownerDesignName>
<nullsAllowed>true</nullsAllowed>
<useDomainConstraints>false</useDomainConstraints>
<use>1</use>
<logicalDatatype>LOGDT007</logicalDatatype>
<dataTypeSize>7</dataTypeSize>
<autoIncrementCycle>false</autoIncrementCycle>
</Column>
<Column class="oracle.dbtools.crest.model.design.relational.Column" name="INSTANCE_STATUS" id="00B6785B-C9D6-5C30-0FAC-4C823D5501C2">
<sourceConnName>ILEBMXDU</sourceConnName>
<sourceObjSchema>D_PL_CURRENT</sourceObjSchema>
<sourceObjName>INSTANCE_STATUS</sourceObjName>
<createdBy>mb56142</createdBy>
<createdTime>2013-06-19 23:04:02 UTC</createdTime>
<ownerDesignName>ILEB_BPM_Semantic_data_model_diagram</ownerDesignName>
<useDomainConstraints>false</useDomainConstraints>
<use>1</use>
<logicalDatatype>LOGDT024</logicalDatatype>
<dataTypeSize>10 BYTE</dataTypeSize>
<autoIncrementCycle>false</autoIncrementCycle>
</Column>
<Column class="oracle.dbtools.crest.model.design.relational.Column" name="LETTER_TYPE" id="F30B39D2-85A1-A3CC-DAEB-0FEDA5D4EAAA">
<sourceConnName>ILEBMXDU</sourceConnName>
<sourceObjSchema>D_PL_CURRENT</sourceObjSchema>
<sourceObjName>LETTER_TYPE</sourceObjName>
<createdBy>mb56142</createdBy>
<createdTime>2013-06-19 23:04:02 UTC</createdTime>
<ownerDesignName>ILEB_BPM_Semantic_data_model_diagram</ownerDesignName>
<nullsAllowed>true</nullsAllowed>
<useDomainConstraints>false</useDomainConstraints>
<use>1</use>
<logicalDatatype>LOGDT024</logicalDatatype>
<dataTypeSize>64 BYTE</dataTypeSize>
<autoIncrementCycle>false</autoIncrementCycle>
</Column>
<Column class="oracle.dbtools.crest.model.design.relational.Column" name="PROGRAM" id="5B7E810C-B5FD-F183-7EAD-531F85CC116A">
<sourceConnName>ILEBMXDU</sourceConnName>
<sourceObjSchema>D_PL_CURRENT</sourceObjSchema>
<sourceObjName>PROGRAM</sourceObjName>
<createdBy>mb56142</createdBy>
<createdTime>2013-06-19 23:04:02 UTC</createdTime>
<ownerDesignName>ILEB_BPM_Semantic_data_model_diagram</ownerDesignName>
<nullsAllowed>true</nullsAllowed>
<useDomainConstraints>false</useDomainConstraints>
<use>1</use>
<logicalDatatype>LOGDT024</logicalDatatype>
<dataTypeSize>50 BYTE</dataTypeSize>
<autoIncrementCycle>false</autoIncrementCycle>
</Column>
<Column class="oracle.dbtools.crest.model.design.relational.Column" name="CASE_ID" id="13CF15F6-A899-D1F5-EED9-2B03F717B18D">
<sourceConnName>ILEBMXDU</sourceConnName>
<sourceObjSchema>D_PL_CURRENT</sourceObjSchema>
<sourceObjName>CASE_ID</sourceObjName>
<createdBy>mb56142</createdBy>
<createdTime>2013-06-19 23:04:02 UTC</createdTime>
<ownerDesignName>ILEB_BPM_Semantic_data_model_diagram</ownerDesignName>
<nullsAllowed>true</nullsAllowed>
<useDomainConstraints>false</useDomainConstraints>
<use>1</use>
<logicalDatatype>LOGDT019</logicalDatatype>
<dataTypeSize>22</dataTypeSize>
<autoIncrementCycle>false</autoIncrementCycle>
</Column>
<Column class="oracle.dbtools.crest.model.design.relational.Column" name="COUNTY_CODE" id="E455357C-2244-EB5B-E640-85B1CA272426">
<sourceConnName>ILEBMXDU</sourceConnName>
<sourceObjSchema>D_PL_CURRENT</sourceObjSchema>
<sourceObjName>COUNTY_CODE</sourceObjName>
<createdBy>mb56142</createdBy>
<createdTime>2013-06-19 23:04:02 UTC</createdTime>
<ownerDesignName>ILEB_BPM_Semantic_data_model_diagram</ownerDesignName>
<nullsAllowed>true</nullsAllowed>
<useDomainConstraints>false</useDomainConstraints>
<use>1</use>
<logicalDatatype>LOGDT024</logicalDatatype>
<dataTypeSize>10 BYTE</dataTypeSize>
<autoIncrementCycle>false</autoIncrementCycle>
</Column>
<Column class="oracle.dbtools.crest.model.design.relational.Column" name="ZIP_CODE" id="6E6C586F-7702-BAD2-3485-550DB554F53B">
<sourceConnName>ILEBMXDU</sourceConnName>
<sourceObjSchema>D_PL_CURRENT</sourceObjSchema>
<sourceObjName>ZIP_CODE</sourceObjName>
<createdBy>mb56142</createdBy>
<createdTime>2013-06-19 23:04:02 UTC</createdTime>
<ownerDesignName>ILEB_BPM_Semantic_data_model_diagram</ownerDesignName>
<nullsAllowed>true</nullsAllowed>
<useDomainConstraints>false</useDomainConstraints>
<use>1</use>
<logicalDatatype>LOGDT019</logicalDatatype>
<dataTypeSize>22</dataTypeSize>
<autoIncrementCycle>false</autoIncrementCycle>
</Column>
<Column class="oracle.dbtools.crest.model.design.relational.Column" name="LANGUAGE" id="213B4236-F5BF-E022-B7C9-5EDFB9941F84">
<sourceConnName>ILEBMXDU</sourceConnName>
<sourceObjSchema>D_PL_CURRENT</sourceObjSchema>
<sourceObjName>LANGUAGE</sourceObjName>
<createdBy>mb56142</createdBy>
<createdTime>2013-06-19 23:04:02 UTC</createdTime>
<ownerDesignName>ILEB_BPM_Semantic_data_model_diagram</ownerDesignName>
<nullsAllowed>true</nullsAllowed>
<useDomainConstraints>false</useDomainConstraints>
<use>1</use>
<logicalDatatype>LOGDT024</logicalDatatype>
<dataTypeSize>32 BYTE</dataTypeSize>
<autoIncrementCycle>false</autoIncrementCycle>
</Column>
<Column class="oracle.dbtools.crest.model.design.relational.Column" name="REPRINT" id="007FE7A4-B4FB-118D-8092-8F4314BB11CB">
<sourceConnName>ILEBMXDU</sourceConnName>
<sourceObjSchema>D_PL_CURRENT</sourceObjSchema>
<sourceObjName>REPRINT</sourceObjName>
<createdBy>mb56142</createdBy>
<createdTime>2013-06-19 23:04:02 UTC</createdTime>
<ownerDesignName>ILEB_BPM_Semantic_data_model_diagram</ownerDesignName>
<nullsAllowed>true</nullsAllowed>
<useDomainConstraints>false</useDomainConstraints>
<use>1</use>
<logicalDatatype>LOGDT024</logicalDatatype>
<dataTypeSize>1 BYTE</dataTypeSize>
<autoIncrementCycle>false</autoIncrementCycle>
</Column>
<Column class="oracle.dbtools.crest.model.design.relational.Column" name="REQUEST_DRIVER_TYPE" id="26B969FE-38A3-45E1-5E21-99E7E0A768E8">
<sourceConnName>ILEBMXDU</sourceConnName>
<sourceObjSchema>D_PL_CURRENT</sourceObjSchema>
<sourceObjName>REQUEST_DRIVER_TYPE</sourceObjName>
<createdBy>mb56142</createdBy>
<createdTime>2013-06-19 23:04:02 UTC</createdTime>
<ownerDesignName>ILEB_BPM_Semantic_data_model_diagram</ownerDesignName>
<nullsAllowed>true</nullsAllowed>
<useDomainConstraints>false</useDomainConstraints>
<use>1</use>
<logicalDatatype>LOGDT024</logicalDatatype>
<dataTypeSize>10 BYTE</dataTypeSize>
<autoIncrementCycle>false</autoIncrementCycle>
</Column>
<Column class="oracle.dbtools.crest.model.design.relational.Column" name="REQUEST_DRIVER_TABLE" id="619BF300-A400-8F75-1077-2103130CF166">
<sourceConnName>ILEBMXDU</sourceConnName>
<sourceObjSchema>D_PL_CURRENT</sourceObjSchema>
<sourceObjName>REQUEST_DRIVER_TABLE</sourceObjName>
<createdBy>mb56142</createdBy>
<createdTime>2013-06-19 23:04:02 UTC</createdTime>
<ownerDesignName>ILEB_BPM_Semantic_data_model_diagram</ownerDesignName>
<nullsAllowed>true</nullsAllowed>
<useDomainConstraints>false</useDomainConstraints>
<use>1</use>
<logicalDatatype>LOGDT024</logicalDatatype>
<dataTypeSize>32 BYTE</dataTypeSize>
<autoIncrementCycle>false</autoIncrementCycle>
</Column>
<Column class="oracle.dbtools.crest.model.design.relational.Column" name="LETTER_STATUS" id="0A9D2E1D-AADE-0F29-A30C-6CDE6F6B154F">
<sourceConnName>ILEBMXDU</sourceConnName>
<sourceObjSchema>D_PL_CURRENT</sourceObjSchema>
<sourceObjName>LETTER_STATUS</sourceObjName>
<createdBy>mb56142</createdBy>
<createdTime>2013-06-19 23:04:02 UTC</createdTime>
<ownerDesignName>ILEB_BPM_Semantic_data_model_diagram</ownerDesignName>
<useDomainConstraints>false</useDomainConstraints>
<use>1</use>
<logicalDatatype>LOGDT024</logicalDatatype>
<dataTypeSize>32 BYTE</dataTypeSize>
<autoIncrementCycle>false</autoIncrementCycle>
</Column>
<Column class="oracle.dbtools.crest.model.design.relational.Column" name="LETTER_STATUS_DATE" id="72DA4D54-CDB7-DB34-8A20-7F17C632492E">
<sourceConnName>ILEBMXDU</sourceConnName>
<sourceObjSchema>D_PL_CURRENT</sourceObjSchema>
<sourceObjName>LETTER_STATUS_DATE</sourceObjName>
<createdBy>mb56142</createdBy>
<createdTime>2013-06-19 23:04:02 UTC</createdTime>
<ownerDesignName>ILEB_BPM_Semantic_data_model_diagram</ownerDesignName>
<useDomainConstraints>false</useDomainConstraints>
<use>1</use>
<logicalDatatype>LOGDT007</logicalDatatype>
<dataTypeSize>7</dataTypeSize>
<autoIncrementCycle>false</autoIncrementCycle>
</Column>
<Column class="oracle.dbtools.crest.model.design.relational.Column" name="SENT_DATE" id="791FADB3-7577-5770-095A-976BE46F2791">
<sourceConnName>ILEBMXDU</sourceConnName>
<sourceObjSchema>D_PL_CURRENT</sourceObjSchema>
<sourceObjName>SENT_DATE</sourceObjName>
<createdBy>mb56142</createdBy>
<createdTime>2013-06-19 23:04:02 UTC</createdTime>
<ownerDesignName>ILEB_BPM_Semantic_data_model_diagram</ownerDesignName>
<nullsAllowed>true</nullsAllowed>
<useDomainConstraints>false</useDomainConstraints>
<use>1</use>
<logicalDatatype>LOGDT007</logicalDatatype>
<dataTypeSize>7</dataTypeSize>
<autoIncrementCycle>false</autoIncrementCycle>
</Column>
<Column class="oracle.dbtools.crest.model.design.relational.Column" name="PRINT_DATE" id="9A7F2169-9F0D-7449-D7CB-2173F0D649F2">
<sourceConnName>ILEBMXDU</sourceConnName>
<sourceObjSchema>D_PL_CURRENT</sourceObjSchema>
<sourceObjName>PRINT_DATE</sourceObjName>
<createdBy>mb56142</createdBy>
<createdTime>2013-06-19 23:04:02 UTC</createdTime>
<ownerDesignName>ILEB_BPM_Semantic_data_model_diagram</ownerDesignName>
<nullsAllowed>true</nullsAllowed>
<useDomainConstraints>false</useDomainConstraints>
<use>1</use>
<logicalDatatype>LOGDT007</logicalDatatype>
<dataTypeSize>7</dataTypeSize>
<autoIncrementCycle>false</autoIncrementCycle>
</Column>
<Column class="oracle.dbtools.crest.model.design.relational.Column" name="MAILED_DATE" id="44F78C12-DB0C-EB42-5B9F-934A0D5528B7">
<sourceConnName>ILEBMXDU</sourceConnName>
<sourceObjSchema>D_PL_CURRENT</sourceObjSchema>
<sourceObjName>MAILED_DATE</sourceObjName>
<createdBy>mb56142</createdBy>
<createdTime>2013-06-19 23:04:02 UTC</createdTime>
<ownerDesignName>ILEB_BPM_Semantic_data_model_diagram</ownerDesignName>
<nullsAllowed>true</nullsAllowed>
<useDomainConstraints>false</useDomainConstraints>
<use>1</use>
<logicalDatatype>LOGDT007</logicalDatatype>
<dataTypeSize>7</dataTypeSize>
<autoIncrementCycle>false</autoIncrementCycle>
</Column>
<Column class="oracle.dbtools.crest.model.design.relational.Column" name="RETURN_DATE" id="63E79576-D0E3-572E-13C2-931EC32C05B1">
<sourceConnName>ILEBMXDU</sourceConnName>
<sourceObjSchema>D_PL_CURRENT</sourceObjSchema>
<sourceObjName>RETURN_DATE</sourceObjName>
<createdBy>mb56142</createdBy>
<createdTime>2013-06-19 23:04:02 UTC</createdTime>
<ownerDesignName>ILEB_BPM_Semantic_data_model_diagram</ownerDesignName>
<nullsAllowed>true</nullsAllowed>
<useDomainConstraints>false</useDomainConstraints>
<use>1</use>
<logicalDatatype>LOGDT007</logicalDatatype>
<dataTypeSize>7</dataTypeSize>
<autoIncrementCycle>false</autoIncrementCycle>
</Column>
<Column class="oracle.dbtools.crest.model.design.relational.Column" name="RETURN_REASON" id="82F69A8B-C3A4-1048-6593-D56FACE2962A">
<sourceConnName>ILEBMXDU</sourceConnName>
<sourceObjSchema>D_PL_CURRENT</sourceObjSchema>
<sourceObjName>RETURN_REASON</sourceObjName>
<createdBy>mb56142</createdBy>
<createdTime>2013-06-19 23:04:02 UTC</createdTime>
<ownerDesignName>ILEB_BPM_Semantic_data_model_diagram</ownerDesignName>
<nullsAllowed>true</nullsAllowed>
<useDomainConstraints>false</useDomainConstraints>
<use>1</use>
<logicalDatatype>LOGDT024</logicalDatatype>
<dataTypeSize>100 BYTE</dataTypeSize>
<autoIncrementCycle>false</autoIncrementCycle>
</Column>
<Column class="oracle.dbtools.crest.model.design.relational.Column" name="REJECTION_REASON" id="1719B85D-22C4-C41B-D8EF-B638CF2EB5FC">
<sourceConnName>ILEBMXDU</sourceConnName>
<sourceObjSchema>D_PL_CURRENT</sourceObjSchema>
<sourceObjName>REJECTION_REASON</sourceObjName>
<createdBy>mb56142</createdBy>
<createdTime>2013-06-19 23:04:02 UTC</createdTime>
<ownerDesignName>ILEB_BPM_Semantic_data_model_diagram</ownerDesignName>
<nullsAllowed>true</nullsAllowed>
<useDomainConstraints>false</useDomainConstraints>
<use>1</use>
<logicalDatatype>LOGDT024</logicalDatatype>
<dataTypeSize>100 BYTE</dataTypeSize>
<autoIncrementCycle>false</autoIncrementCycle>
</Column>
<Column class="oracle.dbtools.crest.model.design.relational.Column" name="REQUEST_ERROR_REASON" id="BC9EE28F-E2D1-FFAA-0F65-8DE558D03C8E">
<sourceConnName>ILEBMXDU</sourceConnName>
<sourceObjSchema>D_PL_CURRENT</sourceObjSchema>
<sourceObjName>REQUEST_ERROR_REASON</sourceObjName>
<createdBy>mb56142</createdBy>
<createdTime>2013-06-19 23:04:02 UTC</createdTime>
<ownerDesignName>ILEB_BPM_Semantic_data_model_diagram</ownerDesignName>
<nullsAllowed>true</nullsAllowed>
<useDomainConstraints>false</useDomainConstraints>
<use>1</use>
<logicalDatatype>LOGDT024</logicalDatatype>
<dataTypeSize>100 BYTE</dataTypeSize>
<autoIncrementCycle>false</autoIncrementCycle>
</Column>
<Column class="oracle.dbtools.crest.model.design.relational.Column" name="TRANSMITTED_FILE_NAME" id="65E23418-4F29-1F68-6E21-2C5D5754A15E">
<sourceConnName>ILEBMXDU</sourceConnName>
<sourceObjSchema>D_PL_CURRENT</sourceObjSchema>
<sourceObjName>TRANSMITTED_FILE_NAME</sourceObjName>
<createdBy>mb56142</createdBy>
<createdTime>2013-06-19 23:04:02 UTC</createdTime>
<ownerDesignName>ILEB_BPM_Semantic_data_model_diagram</ownerDesignName>
<nullsAllowed>true</nullsAllowed>
<useDomainConstraints>false</useDomainConstraints>
<use>1</use>
<logicalDatatype>LOGDT024</logicalDatatype>
<dataTypeSize>100 BYTE</dataTypeSize>
<autoIncrementCycle>false</autoIncrementCycle>
</Column>
<Column class="oracle.dbtools.crest.model.design.relational.Column" name="TRANSMITTED_FILE_DATE" id="4F2D6549-8230-C42D-D76E-06C2C28E0EF7">
<sourceConnName>ILEBMXDU</sourceConnName>
<sourceObjSchema>D_PL_CURRENT</sourceObjSchema>
<sourceObjName>TRANSMITTED_FILE_DATE</sourceObjName>
<createdBy>mb56142</createdBy>
<createdTime>2013-06-19 23:04:02 UTC</createdTime>
<ownerDesignName>ILEB_BPM_Semantic_data_model_diagram</ownerDesignName>
<nullsAllowed>true</nullsAllowed>
<useDomainConstraints>false</useDomainConstraints>
<use>1</use>
<logicalDatatype>LOGDT007</logicalDatatype>
<dataTypeSize>7</dataTypeSize>
<autoIncrementCycle>false</autoIncrementCycle>
</Column>
<Column class="oracle.dbtools.crest.model.design.relational.Column" name="LETTER_RESPONSE_FILE_NAME" id="47362758-9FC1-7229-CA4D-5F86EB577687">
<sourceConnName>ILEBMXDU</sourceConnName>
<sourceObjSchema>D_PL_CURRENT</sourceObjSchema>
<sourceObjName>LETTER_RESPONSE_FILE_NAME</sourceObjName>
<createdBy>mb56142</createdBy>
<createdTime>2013-06-19 23:04:02 UTC</createdTime>
<ownerDesignName>ILEB_BPM_Semantic_data_model_diagram</ownerDesignName>
<nullsAllowed>true</nullsAllowed>
<useDomainConstraints>false</useDomainConstraints>
<use>1</use>
<logicalDatatype>LOGDT024</logicalDatatype>
<dataTypeSize>100 BYTE</dataTypeSize>
<autoIncrementCycle>false</autoIncrementCycle>
</Column>
<Column class="oracle.dbtools.crest.model.design.relational.Column" name="LETTER_RESPONSE_FILE_DATE" id="E52046B5-2767-9283-6957-BF83328C9E39">
<sourceConnName>ILEBMXDU</sourceConnName>
<sourceObjSchema>D_PL_CURRENT</sourceObjSchema>
<sourceObjName>LETTER_RESPONSE_FILE_DATE</sourceObjName>
<createdBy>mb56142</createdBy>
<createdTime>2013-06-19 23:04:02 UTC</createdTime>
<ownerDesignName>ILEB_BPM_Semantic_data_model_diagram</ownerDesignName>
<nullsAllowed>true</nullsAllowed>
<useDomainConstraints>false</useDomainConstraints>
<use>1</use>
<logicalDatatype>LOGDT007</logicalDatatype>
<dataTypeSize>7</dataTypeSize>
<autoIncrementCycle>false</autoIncrementCycle>
</Column>
<Column class="oracle.dbtools.crest.model.design.relational.Column" name="LAST_UPDATE_DATE" id="4190F73B-B00A-9513-F5B0-DF5B2659BB3A">
<sourceConnName>ILEBMXDU</sourceConnName>
<sourceObjSchema>D_PL_CURRENT</sourceObjSchema>
<sourceObjName>LAST_UPDATE_DATE</sourceObjName>
<createdBy>mb56142</createdBy>
<createdTime>2013-06-19 23:04:02 UTC</createdTime>
<ownerDesignName>ILEB_BPM_Semantic_data_model_diagram</ownerDesignName>
<nullsAllowed>true</nullsAllowed>
<useDomainConstraints>false</useDomainConstraints>
<use>1</use>
<logicalDatatype>LOGDT007</logicalDatatype>
<dataTypeSize>7</dataTypeSize>
<autoIncrementCycle>false</autoIncrementCycle>
</Column>
<Column class="oracle.dbtools.crest.model.design.relational.Column" name="LAST_UPDATED_BY_NAME" id="36FA2820-F74B-396E-DDAC-39274584D5B1">
<sourceConnName>ILEBMXDU</sourceConnName>
<sourceObjSchema>D_PL_CURRENT</sourceObjSchema>
<sourceObjName>LAST_UPDATED_BY_NAME</sourceObjName>
<createdBy>mb56142</createdBy>
<createdTime>2013-06-19 23:04:02 UTC</createdTime>
<ownerDesignName>ILEB_BPM_Semantic_data_model_diagram</ownerDesignName>
<nullsAllowed>true</nullsAllowed>
<useDomainConstraints>false</useDomainConstraints>
<use>1</use>
<logicalDatatype>LOGDT024</logicalDatatype>
<dataTypeSize>50 BYTE</dataTypeSize>
<autoIncrementCycle>false</autoIncrementCycle>
</Column>
<Column class="oracle.dbtools.crest.model.design.relational.Column" name="NEWBORN_FLAG" id="E92BD4BB-7A27-C47D-DF66-0F24B18C4652">
<sourceConnName>ILEBMXDU</sourceConnName>
<sourceObjSchema>D_PL_CURRENT</sourceObjSchema>
<sourceObjName>NEWBORN_FLAG</sourceObjName>
<createdBy>mb56142</createdBy>
<createdTime>2013-06-19 23:04:02 UTC</createdTime>
<ownerDesignName>ILEB_BPM_Semantic_data_model_diagram</ownerDesignName>
<nullsAllowed>true</nullsAllowed>
<useDomainConstraints>false</useDomainConstraints>
<use>1</use>
<logicalDatatype>LOGDT024</logicalDatatype>
<dataTypeSize>1 BYTE</dataTypeSize>
<autoIncrementCycle>false</autoIncrementCycle>
</Column>
<Column class="oracle.dbtools.crest.model.design.relational.Column" name="TASK_ID" id="92496487-8457-C6E5-9F58-EA0B43B48B3B">
<sourceConnName>ILEBMXDU</sourceConnName>
<sourceObjSchema>D_PL_CURRENT</sourceObjSchema>
<sourceObjName>TASK_ID</sourceObjName>
<createdBy>mb56142</createdBy>
<createdTime>2013-06-19 23:04:02 UTC</createdTime>
<ownerDesignName>ILEB_BPM_Semantic_data_model_diagram</ownerDesignName>
<nullsAllowed>true</nullsAllowed>
<useDomainConstraints>false</useDomainConstraints>
<use>1</use>
<logicalDatatype>LOGDT019</logicalDatatype>
<dataTypeSize>22</dataTypeSize>
<autoIncrementCycle>false</autoIncrementCycle>
</Column>
<Column class="oracle.dbtools.crest.model.design.relational.Column" name="CANCEL_DATE" id="D9338E34-CFD2-34B5-7605-BE095FCE6DDD">
<sourceConnName>ILEBMXDU</sourceConnName>
<sourceObjSchema>D_PL_CURRENT</sourceObjSchema>
<sourceObjName>CANCEL_DATE</sourceObjName>
<createdBy>mb56142</createdBy>
<createdTime>2013-06-19 23:04:02 UTC</createdTime>
<ownerDesignName>ILEB_BPM_Semantic_data_model_diagram</ownerDesignName>
<nullsAllowed>true</nullsAllowed>
<useDomainConstraints>false</useDomainConstraints>
<use>1</use>
<logicalDatatype>LOGDT007</logicalDatatype>
<dataTypeSize>7</dataTypeSize>
<autoIncrementCycle>false</autoIncrementCycle>
</Column>
<Column class="oracle.dbtools.crest.model.design.relational.Column" name="CANCEL_BY" id="0F7AE4FC-76A4-64B2-9CEA-46E651C2AE5D">
<sourceConnName>ILEBMXDU</sourceConnName>
<sourceObjSchema>D_PL_CURRENT</sourceObjSchema>
<sourceObjName>CANCEL_BY</sourceObjName>
<createdBy>mb56142</createdBy>
<createdTime>2013-06-19 23:04:02 UTC</createdTime>
<ownerDesignName>ILEB_BPM_Semantic_data_model_diagram</ownerDesignName>
<nullsAllowed>true</nullsAllowed>
<useDomainConstraints>false</useDomainConstraints>
<use>1</use>
<logicalDatatype>LOGDT024</logicalDatatype>
<dataTypeSize>50 BYTE</dataTypeSize>
<autoIncrementCycle>false</autoIncrementCycle>
</Column>
<Column class="oracle.dbtools.crest.model.design.relational.Column" name="COMPLETE_DATE" id="2AEA7F5B-0E5C-5C9D-FF94-4ED42AAB603A">
<sourceConnName>ILEBMXDU</sourceConnName>
<sourceObjSchema>D_PL_CURRENT</sourceObjSchema>
<sourceObjName>COMPLETE_DATE</sourceObjName>
<createdBy>mb56142</createdBy>
<createdTime>2013-06-19 23:04:02 UTC</createdTime>
<ownerDesignName>ILEB_BPM_Semantic_data_model_diagram</ownerDesignName>
<nullsAllowed>true</nullsAllowed>
<useDomainConstraints>false</useDomainConstraints>
<use>1</use>
<logicalDatatype>LOGDT007</logicalDatatype>
<dataTypeSize>7</dataTypeSize>
<autoIncrementCycle>false</autoIncrementCycle>
</Column>
<Column class="oracle.dbtools.crest.model.design.relational.Column" name="PROCESS_LTR_REQUEST_START_DATE" id="68482F8D-CAB7-F670-43B4-0D1A56ADD074">
<sourceConnName>ILEBMXDU</sourceConnName>
<sourceObjSchema>D_PL_CURRENT</sourceObjSchema>
<sourceObjName>PROCESS_LTR_REQUEST_START_DATE</sourceObjName>
<createdBy>mb56142</createdBy>
<createdTime>2013-06-19 23:04:02 UTC</createdTime>
<ownerDesignName>ILEB_BPM_Semantic_data_model_diagram</ownerDesignName>
<nullsAllowed>true</nullsAllowed>
<useDomainConstraints>false</useDomainConstraints>
<use>1</use>
<logicalDatatype>LOGDT007</logicalDatatype>
<dataTypeSize>7</dataTypeSize>
<autoIncrementCycle>false</autoIncrementCycle>
</Column>
<Column class="oracle.dbtools.crest.model.design.relational.Column" name="PROCESS_LTR_REQUEST_END_DATE" id="C34A48FE-3413-DD1C-3CD2-8F1F57D7A656">
<sourceConnName>ILEBMXDU</sourceConnName>
<sourceObjSchema>D_PL_CURRENT</sourceObjSchema>
<sourceObjName>PROCESS_LTR_REQUEST_END_DATE</sourceObjName>
<createdBy>mb56142</createdBy>
<createdTime>2013-06-19 23:04:02 UTC</createdTime>
<ownerDesignName>ILEB_BPM_Semantic_data_model_diagram</ownerDesignName>
<nullsAllowed>true</nullsAllowed>
<useDomainConstraints>false</useDomainConstraints>
<use>1</use>
<logicalDatatype>LOGDT007</logicalDatatype>
<dataTypeSize>7</dataTypeSize>
<autoIncrementCycle>false</autoIncrementCycle>
</Column>
<Column class="oracle.dbtools.crest.model.design.relational.Column" name="SEND_TO_MAIL_HOUSE_START_DATE" id="6C49875B-63E5-D279-E264-7831524D52F7">
<sourceConnName>ILEBMXDU</sourceConnName>
<sourceObjSchema>D_PL_CURRENT</sourceObjSchema>
<sourceObjName>SEND_TO_MAIL_HOUSE_START_DATE</sourceObjName>
<createdBy>mb56142</createdBy>
<createdTime>2013-06-19 23:04:02 UTC</createdTime>
<ownerDesignName>ILEB_BPM_Semantic_data_model_diagram</ownerDesignName>
<nullsAllowed>true</nullsAllowed>
<useDomainConstraints>false</useDomainConstraints>
<use>1</use>
<logicalDatatype>LOGDT007</logicalDatatype>
<dataTypeSize>7</dataTypeSize>
<autoIncrementCycle>false</autoIncrementCycle>
</Column>
<Column class="oracle.dbtools.crest.model.design.relational.Column" name="SEND_TO_MAIL_HOUSE_END_DATE" id="2DAC9F3A-3148-A086-CE1B-DAF33977B2F1">
<sourceConnName>ILEBMXDU</sourceConnName>
<sourceObjSchema>D_PL_CURRENT</sourceObjSchema>
<sourceObjName>SEND_TO_MAIL_HOUSE_END_DATE</sourceObjName>
<createdBy>mb56142</createdBy>
<createdTime>2013-06-19 23:04:02 UTC</createdTime>
<ownerDesignName>ILEB_BPM_Semantic_data_model_diagram</ownerDesignName>
<nullsAllowed>true</nullsAllowed>
<useDomainConstraints>false</useDomainConstraints>
<use>1</use>
<logicalDatatype>LOGDT007</logicalDatatype>
<dataTypeSize>7</dataTypeSize>
<autoIncrementCycle>false</autoIncrementCycle>
</Column>
<Column class="oracle.dbtools.crest.model.design.relational.Column" name="RECEIVE_CONFIRM_START_DATE" id="43E30145-5C07-9FFA-5885-76FBB9C69562">
<sourceConnName>ILEBMXDU</sourceConnName>
<sourceObjSchema>D_PL_CURRENT</sourceObjSchema>
<sourceObjName>RECEIVE_CONFIRM_START_DATE</sourceObjName>
<createdBy>mb56142</createdBy>
<createdTime>2013-06-19 23:04:02 UTC</createdTime>
<ownerDesignName>ILEB_BPM_Semantic_data_model_diagram</ownerDesignName>
<nullsAllowed>true</nullsAllowed>
<useDomainConstraints>false</useDomainConstraints>
<use>1</use>
<logicalDatatype>LOGDT007</logicalDatatype>
<dataTypeSize>7</dataTypeSize>
<autoIncrementCycle>false</autoIncrementCycle>
</Column>
<Column class="oracle.dbtools.crest.model.design.relational.Column" name="RECEIVE_CONFIRM_END_DATE" id="357879D3-57F4-A6D5-F571-18DA1ABD6E14">
<sourceConnName>ILEBMXDU</sourceConnName>
<sourceObjSchema>D_PL_CURRENT</sourceObjSchema>
<sourceObjName>RECEIVE_CONFIRM_END_DATE</sourceObjName>
<createdBy>mb56142</createdBy>
<createdTime>2013-06-19 23:04:02 UTC</createdTime>
<ownerDesignName>ILEB_BPM_Semantic_data_model_diagram</ownerDesignName>
<nullsAllowed>true</nullsAllowed>
<useDomainConstraints>false</useDomainConstraints>
<use>1</use>
<logicalDatatype>LOGDT007</logicalDatatype>
<dataTypeSize>7</dataTypeSize>
<autoIncrementCycle>false</autoIncrementCycle>
</Column>
<Column class="oracle.dbtools.crest.model.design.relational.Column" name="CREATE_ROUTE_WORK_START_DATE" id="37A82AA8-9864-CF11-3081-171181F0BEC8">
<sourceConnName>ILEBMXDU</sourceConnName>
<sourceObjSchema>D_PL_CURRENT</sourceObjSchema>
<sourceObjName>CREATE_ROUTE_WORK_START_DATE</sourceObjName>
<createdBy>mb56142</createdBy>
<createdTime>2013-06-19 23:04:03 UTC</createdTime>
<ownerDesignName>ILEB_BPM_Semantic_data_model_diagram</ownerDesignName>
<nullsAllowed>true</nullsAllowed>
<useDomainConstraints>false</useDomainConstraints>
<use>1</use>
<logicalDatatype>LOGDT007</logicalDatatype>
<dataTypeSize>7</dataTypeSize>
<autoIncrementCycle>false</autoIncrementCycle>
</Column>
<Column class="oracle.dbtools.crest.model.design.relational.Column" name="CREATE_ROUTE_WORK_END_DATE" id="A4F14A1E-712F-5B19-EBF4-36538C5B7F7F">
<sourceConnName>ILEBMXDU</sourceConnName>
<sourceObjSchema>D_PL_CURRENT</sourceObjSchema>
<sourceObjName>CREATE_ROUTE_WORK_END_DATE</sourceObjName>
<createdBy>mb56142</createdBy>
<createdTime>2013-06-19 23:04:03 UTC</createdTime>
<ownerDesignName>ILEB_BPM_Semantic_data_model_diagram</ownerDesignName>
<nullsAllowed>true</nullsAllowed>
<useDomainConstraints>false</useDomainConstraints>
<use>1</use>
<logicalDatatype>LOGDT007</logicalDatatype>
<dataTypeSize>7</dataTypeSize>
<autoIncrementCycle>false</autoIncrementCycle>
</Column>
<Column class="oracle.dbtools.crest.model.design.relational.Column" name="AGE_IN_BUSINESS_DAYS" id="4282D937-C4F9-C0EC-650D-917FE58FB9C4">
<sourceConnName>ILEBMXDU</sourceConnName>
<sourceObjSchema>D_PL_CURRENT</sourceObjSchema>
<sourceObjName>AGE_IN_BUSINESS_DAYS</sourceObjName>
<createdBy>mb56142</createdBy>
<createdTime>2013-06-19 23:04:03 UTC</createdTime>
<ownerDesignName>ILEB_BPM_Semantic_data_model_diagram</ownerDesignName>
<nullsAllowed>true</nullsAllowed>
<useDomainConstraints>false</useDomainConstraints>
<use>1</use>
<logicalDatatype>LOGDT019</logicalDatatype>
<dataTypeSize>22</dataTypeSize>
<autoIncrementCycle>false</autoIncrementCycle>
</Column>
<Column class="oracle.dbtools.crest.model.design.relational.Column" name="AGE_IN_CALENDAR_DAYS" id="52C4BACB-B665-B1B9-5633-F6B6BD7B524A">
<sourceConnName>ILEBMXDU</sourceConnName>
<sourceObjSchema>D_PL_CURRENT</sourceObjSchema>
<sourceObjName>AGE_IN_CALENDAR_DAYS</sourceObjName>
<createdBy>mb56142</createdBy>
<createdTime>2013-06-19 23:04:03 UTC</createdTime>
<ownerDesignName>ILEB_BPM_Semantic_data_model_diagram</ownerDesignName>
<nullsAllowed>true</nullsAllowed>
<useDomainConstraints>false</useDomainConstraints>
<use>1</use>
<logicalDatatype>LOGDT019</logicalDatatype>
<dataTypeSize>22</dataTypeSize>
<autoIncrementCycle>false</autoIncrementCycle>
</Column>
<Column class="oracle.dbtools.crest.model.design.relational.Column" name="TIMELINESS_STATUS" id="29D6AC8A-091F-CDE9-B9AD-EF3FC8F00BCA">
<sourceConnName>ILEBMXDU</sourceConnName>
<sourceObjSchema>D_PL_CURRENT</sourceObjSchema>
<sourceObjName>TIMELINESS_STATUS</sourceObjName>
<createdBy>mb56142</createdBy>
<createdTime>2013-06-19 23:04:03 UTC</createdTime>
<ownerDesignName>ILEB_BPM_Semantic_data_model_diagram</ownerDesignName>
<nullsAllowed>true</nullsAllowed>
<useDomainConstraints>false</useDomainConstraints>
<use>1</use>
<logicalDatatype>LOGDT024</logicalDatatype>
<dataTypeSize>20 BYTE</dataTypeSize>
<autoIncrementCycle>false</autoIncrementCycle>
</Column>
<Column class="oracle.dbtools.crest.model.design.relational.Column" name="JEOPARDY_STATUS" id="004116B4-B4BC-D0FC-A92D-947D93AE5752">
<sourceConnName>ILEBMXDU</sourceConnName>
<sourceObjSchema>D_PL_CURRENT</sourceObjSchema>
<sourceObjName>JEOPARDY_STATUS</sourceObjName>
<createdBy>mb56142</createdBy>
<createdTime>2013-06-19 23:04:03 UTC</createdTime>
<ownerDesignName>ILEB_BPM_Semantic_data_model_diagram</ownerDesignName>
<nullsAllowed>true</nullsAllowed>
<useDomainConstraints>false</useDomainConstraints>
<use>1</use>
<logicalDatatype>LOGDT024</logicalDatatype>
<dataTypeSize>1 BYTE</dataTypeSize>
<autoIncrementCycle>false</autoIncrementCycle>
</Column>
<Column class="oracle.dbtools.crest.model.design.relational.Column" name="SLA_CATEGORY" id="2DC0601B-CFFF-51A1-E9CA-7F2C19F42586">
<sourceConnName>ILEBMXDU</sourceConnName>
<sourceObjSchema>D_PL_CURRENT</sourceObjSchema>
<sourceObjName>SLA_CATEGORY</sourceObjName>
<createdBy>mb56142</createdBy>
<createdTime>2013-06-19 23:04:03 UTC</createdTime>
<ownerDesignName>ILEB_BPM_Semantic_data_model_diagram</ownerDesignName>
<nullsAllowed>true</nullsAllowed>
<useDomainConstraints>false</useDomainConstraints>
<use>1</use>
<logicalDatatype>LOGDT024</logicalDatatype>
<dataTypeSize>32 BYTE</dataTypeSize>
<autoIncrementCycle>false</autoIncrementCycle>
</Column>
<Column class="oracle.dbtools.crest.model.design.relational.Column" name="SLA_DAYS_TYPE" id="4CC48402-79D4-074D-A6D8-BFFC872199B4">
<sourceConnName>ILEBMXDU</sourceConnName>
<sourceObjSchema>D_PL_CURRENT</sourceObjSchema>
<sourceObjName>SLA_DAYS_TYPE</sourceObjName>
<createdBy>mb56142</createdBy>
<createdTime>2013-06-19 23:04:03 UTC</createdTime>
<ownerDesignName>ILEB_BPM_Semantic_data_model_diagram</ownerDesignName>
<nullsAllowed>true</nullsAllowed>
<useDomainConstraints>false</useDomainConstraints>
<use>1</use>
<logicalDatatype>LOGDT024</logicalDatatype>
<dataTypeSize>1 BYTE</dataTypeSize>
<autoIncrementCycle>false</autoIncrementCycle>
</Column>
<Column class="oracle.dbtools.crest.model.design.relational.Column" name="SLA_JEOPARDY_DATE" id="9C61074D-B708-0657-527F-FD1156A0E107">
<sourceConnName>ILEBMXDU</sourceConnName>
<sourceObjSchema>D_PL_CURRENT</sourceObjSchema>
<sourceObjName>SLA_JEOPARDY_DATE</sourceObjName>
<createdBy>mb56142</createdBy>
<createdTime>2013-06-19 23:04:03 UTC</createdTime>
<ownerDesignName>ILEB_BPM_Semantic_data_model_diagram</ownerDesignName>
<nullsAllowed>true</nullsAllowed>
<useDomainConstraints>false</useDomainConstraints>
<use>1</use>
<logicalDatatype>LOGDT007</logicalDatatype>
<dataTypeSize>7</dataTypeSize>
<autoIncrementCycle>false</autoIncrementCycle>
</Column>
<Column class="oracle.dbtools.crest.model.design.relational.Column" name="SLA_JEOPARDY_DAYS" id="A0330D2D-ABFE-471F-0466-894611D4E090">
<sourceConnName>ILEBMXDU</sourceConnName>
<sourceObjSchema>D_PL_CURRENT</sourceObjSchema>
<sourceObjName>SLA_JEOPARDY_DAYS</sourceObjName>
<createdBy>mb56142</createdBy>
<createdTime>2013-06-19 23:04:03 UTC</createdTime>
<ownerDesignName>ILEB_BPM_Semantic_data_model_diagram</ownerDesignName>
<nullsAllowed>true</nullsAllowed>
<useDomainConstraints>false</useDomainConstraints>
<use>1</use>
<logicalDatatype>LOGDT019</logicalDatatype>
<dataTypeSize>22</dataTypeSize>
<autoIncrementCycle>false</autoIncrementCycle>
</Column>
<Column class="oracle.dbtools.crest.model.design.relational.Column" name="SLA_TARGET_DAYS" id="B5CDA64B-6982-4CA5-2ADB-8F9BB74D8F3F">
<sourceConnName>ILEBMXDU</sourceConnName>
<sourceObjSchema>D_PL_CURRENT</sourceObjSchema>
<sourceObjName>SLA_TARGET_DAYS</sourceObjName>
<createdBy>mb56142</createdBy>
<createdTime>2013-06-19 23:04:03 UTC</createdTime>
<ownerDesignName>ILEB_BPM_Semantic_data_model_diagram</ownerDesignName>
<nullsAllowed>true</nullsAllowed>
<useDomainConstraints>false</useDomainConstraints>
<use>1</use>
<logicalDatatype>LOGDT019</logicalDatatype>
<dataTypeSize>22</dataTypeSize>
<autoIncrementCycle>false</autoIncrementCycle>
</Column>
<Column class="oracle.dbtools.crest.model.design.relational.Column" name="VALIDATION_FLAG" id="5301742F-2CFB-E0B1-60D8-F2CCEFFD66A5">
<sourceConnName>ILEBMXDU</sourceConnName>
<sourceObjSchema>D_PL_CURRENT</sourceObjSchema>
<sourceObjName>VALIDATION_FLAG</sourceObjName>
<createdBy>mb56142</createdBy>
<createdTime>2013-06-19 23:04:03 UTC</createdTime>
<ownerDesignName>ILEB_BPM_Semantic_data_model_diagram</ownerDesignName>
<nullsAllowed>true</nullsAllowed>
<useDomainConstraints>false</useDomainConstraints>
<use>1</use>
<logicalDatatype>LOGDT024</logicalDatatype>
<dataTypeSize>1 BYTE</dataTypeSize>
<autoIncrementCycle>false</autoIncrementCycle>
</Column>
<Column class="oracle.dbtools.crest.model.design.relational.Column" name="OUTCOME_FLAG" id="324C7EBE-E6DA-A10A-034B-9B0D4A90BEE1">
<sourceConnName>ILEBMXDU</sourceConnName>
<sourceObjSchema>D_PL_CURRENT</sourceObjSchema>
<sourceObjName>OUTCOME_FLAG</sourceObjName>
<createdBy>mb56142</createdBy>
<createdTime>2013-06-19 23:04:03 UTC</createdTime>
<ownerDesignName>ILEB_BPM_Semantic_data_model_diagram</ownerDesignName>
<nullsAllowed>true</nullsAllowed>
<useDomainConstraints>false</useDomainConstraints>
<use>1</use>
<logicalDatatype>LOGDT024</logicalDatatype>
<dataTypeSize>1 BYTE</dataTypeSize>
<autoIncrementCycle>false</autoIncrementCycle>
</Column>
<Column class="oracle.dbtools.crest.model.design.relational.Column" name="WORK_REQUIRED_FLAG" id="169D67F5-DD32-8B37-694E-A27401EF82B6">
<sourceConnName>ILEBMXDU</sourceConnName>
<sourceObjSchema>D_PL_CURRENT</sourceObjSchema>
<sourceObjName>WORK_REQUIRED_FLAG</sourceObjName>
<createdBy>mb56142</createdBy>
<createdTime>2013-06-19 23:04:03 UTC</createdTime>
<ownerDesignName>ILEB_BPM_Semantic_data_model_diagram</ownerDesignName>
<nullsAllowed>true</nullsAllowed>
<useDomainConstraints>false</useDomainConstraints>
<use>1</use>
<logicalDatatype>LOGDT024</logicalDatatype>
<dataTypeSize>1 BYTE</dataTypeSize>
<autoIncrementCycle>false</autoIncrementCycle>
</Column>
<Column class="oracle.dbtools.crest.model.design.relational.Column" name="PROCESS_LETTERS_FLAG" id="2155872B-FA5E-04F9-F6B2-B162EBFDBE49">
<sourceConnName>ILEBMXDU</sourceConnName>
<sourceObjSchema>D_PL_CURRENT</sourceObjSchema>
<sourceObjName>PROCESS_LETTERS_FLAG</sourceObjName>
<createdBy>mb56142</createdBy>
<createdTime>2013-06-19 23:04:03 UTC</createdTime>
<ownerDesignName>ILEB_BPM_Semantic_data_model_diagram</ownerDesignName>
<useDomainConstraints>false</useDomainConstraints>
<use>1</use>
<logicalDatatype>LOGDT024</logicalDatatype>
<dataTypeSize>1 BYTE</dataTypeSize>
<autoIncrementCycle>false</autoIncrementCycle>
</Column>
<Column class="oracle.dbtools.crest.model.design.relational.Column" name="TRANSMIT_FLAG" id="E37DDC82-E9AD-82E3-48FB-4A1CC440299C">
<sourceConnName>ILEBMXDU</sourceConnName>
<sourceObjSchema>D_PL_CURRENT</sourceObjSchema>
<sourceObjName>TRANSMIT_FLAG</sourceObjName>
<createdBy>mb56142</createdBy>
<createdTime>2013-06-19 23:04:03 UTC</createdTime>
<ownerDesignName>ILEB_BPM_Semantic_data_model_diagram</ownerDesignName>
<useDomainConstraints>false</useDomainConstraints>
<use>1</use>
<logicalDatatype>LOGDT024</logicalDatatype>
<dataTypeSize>1 BYTE</dataTypeSize>
<autoIncrementCycle>false</autoIncrementCycle>
</Column>
<Column class="oracle.dbtools.crest.model.design.relational.Column" name="CONFIRMATION_FLAG" id="ED4CCFB7-9D30-1162-CD24-0A6E7BEE9A5D">
<sourceConnName>ILEBMXDU</sourceConnName>
<sourceObjSchema>D_PL_CURRENT</sourceObjSchema>
<sourceObjName>CONFIRMATION_FLAG</sourceObjName>
<createdBy>mb56142</createdBy>
<createdTime>2013-06-19 23:04:03 UTC</createdTime>
<ownerDesignName>ILEB_BPM_Semantic_data_model_diagram</ownerDesignName>
<useDomainConstraints>false</useDomainConstraints>
<use>1</use>
<logicalDatatype>LOGDT024</logicalDatatype>
<dataTypeSize>1 BYTE</dataTypeSize>
<autoIncrementCycle>false</autoIncrementCycle>
</Column>
<Column class="oracle.dbtools.crest.model.design.relational.Column" name="CREATE_ROUTE_WORK_FLAG" id="302F7377-1FC8-9D00-1F93-F3318358FC6C">
<sourceConnName>ILEBMXDU</sourceConnName>
<sourceObjSchema>D_PL_CURRENT</sourceObjSchema>
<sourceObjName>CREATE_ROUTE_WORK_FLAG</sourceObjName>
<createdBy>mb56142</createdBy>
<createdTime>2013-06-19 23:04:03 UTC</createdTime>
<ownerDesignName>ILEB_BPM_Semantic_data_model_diagram</ownerDesignName>
<useDomainConstraints>false</useDomainConstraints>
<use>1</use>
<logicalDatatype>LOGDT024</logicalDatatype>
<dataTypeSize>1 BYTE</dataTypeSize>
<autoIncrementCycle>false</autoIncrementCycle>
</Column>
<Column class="oracle.dbtools.crest.model.design.relational.Column" name="SLA_DAYS" id="84DBFDF0-CCC7-76B0-C71C-475AEB753B7E">
<sourceConnName>ILEBMXDU</sourceConnName>
<sourceObjSchema>D_PL_CURRENT</sourceObjSchema>
<sourceObjName>SLA_DAYS</sourceObjName>
<createdBy>mb56142</createdBy>
<createdTime>2013-06-19 23:04:03 UTC</createdTime>
<ownerDesignName>ILEB_BPM_Semantic_data_model_diagram</ownerDesignName>
<useDomainConstraints>false</useDomainConstraints>
<use>1</use>
<logicalDatatype>LOGDT024</logicalDatatype>
<dataTypeSize>10 BYTE</dataTypeSize>
<autoIncrementCycle>false</autoIncrementCycle>
</Column>
</columns>
<indexes>
<ind_PK_UK class="oracle.dbtools.crest.model.design.relational.Index" id="1C913B6D-4F00-7A7A-44F3-94C37C2EBF6B" name="DPLCUR_PK">
<sourceConnName>ILEBMXDU</sourceConnName>
<sourceObjSchema>MAXDAT</sourceObjSchema>
<sourceObjName>DPLCUR_PK</sourceObjName>
<createdBy>mb56142</createdBy>
<createdTime>2013-06-19 23:04:03 UTC</createdTime>
<ownerDesignName>ILEB_BPM_Semantic_data_model_diagram</ownerDesignName>
<pk>true</pk>
<indexState>Primary Constraint</indexState>
<indexColumnUsage>
<colUsage columnID="CD40ED78-B3CB-4AD1-F22D-E622395CE6E4"/>
</indexColumnUsage>
</ind_PK_UK>
<ind_PK_UK class="oracle.dbtools.crest.model.design.relational.Index" id="B97799F9-79E0-6B1F-681C-C883AC087CF8" name="DPLCUR_PK">
<sourceConnName>ILEBMXDU</sourceConnName>
<sourceObjSchema>MAXDAT</sourceObjSchema>
<sourceObjName>DPLCUR_PK</sourceObjName>
<createdBy>mb56142</createdBy>
<createdTime>2013-06-19 23:04:03 UTC</createdTime>
<ownerDesignName>ILEB_BPM_Semantic_data_model_diagram</ownerDesignName>
<schemaObject>121AEE1F-FD79-403A-F17D-FF8859EA2228</schemaObject>
<indexState>Unique Plain Index</indexState>
<indexColumnUsage>
<colUsage columnID="CD40ED78-B3CB-4AD1-F22D-E622395CE6E4"/>
</indexColumnUsage>
</ind_PK_UK>
<ind_PK_UK class="oracle.dbtools.crest.model.design.relational.Index" id="736F4FB6-AAD0-A628-62ED-A514748218A7" name="DPLCUR_UIX1">
<sourceConnName>ILEBMXDU</sourceConnName>
<sourceObjSchema>MAXDAT</sourceObjSchema>
<sourceObjName>DPLCUR_UIX1</sourceObjName>
<createdBy>mb56142</createdBy>
<createdTime>2013-06-19 23:04:03 UTC</createdTime>
<ownerDesignName>ILEB_BPM_Semantic_data_model_diagram</ownerDesignName>
<schemaObject>121AEE1F-FD79-403A-F17D-FF8859EA2228</schemaObject>
<indexState>Unique Plain Index</indexState>
<indexColumnUsage>
<colUsage columnID="45B65E39-7086-7A58-79A8-EE819FDBE672"/>
</indexColumnUsage>
</ind_PK_UK>
</indexes>
</Table>