<?xml version = '1.0' encoding = 'UTF-8'?>
<Table class="oracle.dbtools.crest.model.design.relational.Table" id="7EFBBB6F-D271-D4C3-700D-50A8E47FDF54" directorySegmentName="seg_0" name="F_ONL_BY_DATE">
<sourceConnName>ILEBMXDD</sourceConnName>
<sourceObjSchema>MAXDAT</sourceObjSchema>
<sourceObjName>F_ONL_BY_DATE</sourceObjName>
<createdBy>mb56142</createdBy>
<createdTime>2013-10-06 20:01:36 UTC</createdTime>
<ownerDesignName>ILEB_BPM_Semantic_data_model_diagram</ownerDesignName>
<schemaObject>121AEE1F-FD79-403A-F17D-FF8859EA2228</schemaObject>
<pkName>FONLBD_PK</pkName>
<fonts>
<FontObject class="oracle.dbtools.crest.model.design.FontObjectWr">
<foType>Title</foType>
<fontStyle>1</fontStyle>
<colorRGB>-16776961</colorRGB>
</FontObject>
<FontObject class="oracle.dbtools.crest.model.design.FontObjectWr">
<foType>Column</foType>
<colorRGB>-16777216</colorRGB>
</FontObject>
<FontObject class="oracle.dbtools.crest.model.design.FontObjectWr">
<foType>Datatype</foType>
<colorRGB>-16744448</colorRGB>
</FontObject>
<FontObject class="oracle.dbtools.crest.model.design.FontObjectWr">
<foType>PK Element</foType>
<colorRGB>-16776961</colorRGB>
</FontObject>
<FontObject class="oracle.dbtools.crest.model.design.FontObjectWr">
<foType>FK Element</foType>
<colorRGB>-16777216</colorRGB>
</FontObject>
<FontObject class="oracle.dbtools.crest.model.design.FontObjectWr">
<foType>UK Element</foType>
<colorRGB>-16776961</colorRGB>
</FontObject>
<FontObject class="oracle.dbtools.crest.model.design.FontObjectWr">
<foType>Not Null</foType>
<colorRGB>-65536</colorRGB>
</FontObject>
<FontObject class="oracle.dbtools.crest.model.design.FontObjectWr">
<foType>Key</foType>
<colorRGB>-16777216</colorRGB>
</FontObject>
</fonts>
<columns>
<Column class="oracle.dbtools.crest.model.design.relational.Column" name="FONLBD_ID" id="19276D4C-4418-C2EC-D64F-A85B72C61A22">
<sourceConnName>ILEBMXDD</sourceConnName>
<sourceObjSchema>F_ONL_BY_DATE</sourceObjSchema>
<sourceObjName>FONLBD_ID</sourceObjName>
<createdBy>mb56142</createdBy>
<createdTime>2013-10-06 20:01:36 UTC</createdTime>
<ownerDesignName>ILEB_BPM_Semantic_data_model_diagram</ownerDesignName>
<useDomainConstraints>false</useDomainConstraints>
<use>1</use>
<logicalDatatype>LOGDT019</logicalDatatype>
<dataTypeSize>22</dataTypeSize>
<autoIncrementCycle>false</autoIncrementCycle>
</Column>
<Column class="oracle.dbtools.crest.model.design.relational.Column" name="D_DATE" id="18AA2A82-7D86-85D5-880B-DA706BA49BAC">
<sourceConnName>ILEBMXDD</sourceConnName>
<sourceObjSchema>F_ONL_BY_DATE</sourceObjSchema>
<sourceObjName>D_DATE</sourceObjName>
<createdBy>mb56142</createdBy>
<createdTime>2013-10-06 20:01:36 UTC</createdTime>
<ownerDesignName>ILEB_BPM_Semantic_data_model_diagram</ownerDesignName>
<useDomainConstraints>false</useDomainConstraints>
<use>1</use>
<logicalDatatype>LOGDT007</logicalDatatype>
<dataTypeSize>7</dataTypeSize>
<autoIncrementCycle>false</autoIncrementCycle>
</Column>
<Column class="oracle.dbtools.crest.model.design.relational.Column" name="BUCKET_START_DATE" id="90A19795-865C-FF36-987A-84DD08A63BE3">
<sourceConnName>ILEBMXDD</sourceConnName>
<sourceObjSchema>F_ONL_BY_DATE</sourceObjSchema>
<sourceObjName>BUCKET_START_DATE</sourceObjName>
<createdBy>mb56142</createdBy>
<createdTime>2013-10-06 20:01:36 UTC</createdTime>
<ownerDesignName>ILEB_BPM_Semantic_data_model_diagram</ownerDesignName>
<useDomainConstraints>false</useDomainConstraints>
<use>1</use>
<logicalDatatype>LOGDT007</logicalDatatype>
<dataTypeSize>7</dataTypeSize>
<autoIncrementCycle>false</autoIncrementCycle>
</Column>
<Column class="oracle.dbtools.crest.model.design.relational.Column" name="BUCKET_END_DATE" id="EC703A73-89C5-889D-54EC-69353E9B39F8">
<sourceConnName>ILEBMXDD</sourceConnName>
<sourceObjSchema>F_ONL_BY_DATE</sourceObjSchema>
<sourceObjName>BUCKET_END_DATE</sourceObjName>
<createdBy>mb56142</createdBy>
<createdTime>2013-10-06 20:01:37 UTC</createdTime>
<ownerDesignName>ILEB_BPM_Semantic_data_model_diagram</ownerDesignName>
<useDomainConstraints>false</useDomainConstraints>
<use>1</use>
<logicalDatatype>LOGDT007</logicalDatatype>
<dataTypeSize>7</dataTypeSize>
<autoIncrementCycle>false</autoIncrementCycle>
</Column>
<Column class="oracle.dbtools.crest.model.design.relational.Column" name="ONL_BI_ID" id="7E133749-A507-EBD4-61CA-AE63BFEB59B4">
<sourceConnName>ILEBMXDD</sourceConnName>
<sourceObjSchema>F_ONL_BY_DATE</sourceObjSchema>
<sourceObjName>ONL_BI_ID</sourceObjName>
<createdBy>mb56142</createdBy>
<createdTime>2013-10-06 20:01:37 UTC</createdTime>
<ownerDesignName>ILEB_BPM_Semantic_data_model_diagram</ownerDesignName>
<useDomainConstraints>false</useDomainConstraints>
<use>1</use>
<logicalDatatype>LOGDT019</logicalDatatype>
<dataTypeSize>22</dataTypeSize>
<delegate>E718D00D-5FFA-B035-1965-D34238A9E110</delegate>
<autoIncrementCycle>false</autoIncrementCycle>
<associations>
<colAssociation fkAssociation="C0E2C3F6-A5E5-388F-8287-B179A12C2018" referredColumn="E718D00D-5FFA-B035-1965-D34238A9E110"/>
</associations>
</Column>
<Column class="oracle.dbtools.crest.model.design.relational.Column" name="DONLIS_ID" id="E759C26F-EB10-DA60-BE2D-6D13614EF5BA">
<sourceConnName>ILEBMXDD</sourceConnName>
<sourceObjSchema>F_ONL_BY_DATE</sourceObjSchema>
<sourceObjName>DONLIS_ID</sourceObjName>
<createdBy>mb56142</createdBy>
<createdTime>2013-10-06 20:01:37 UTC</createdTime>
<ownerDesignName>ILEB_BPM_Semantic_data_model_diagram</ownerDesignName>
<useDomainConstraints>false</useDomainConstraints>
<use>1</use>
<logicalDatatype>LOGDT019</logicalDatatype>
<dataTypeSize>22</dataTypeSize>
<delegate>228C29CD-0ED3-6436-D8E8-3B8C4B9BB8DE</delegate>
<autoIncrementCycle>false</autoIncrementCycle>
<associations>
<colAssociation fkAssociation="E98E2530-1CCB-3AB8-91FA-3813DED73ED8" referredColumn="228C29CD-0ED3-6436-D8E8-3B8C4B9BB8DE"/>
</associations>
</Column>
<Column class="oracle.dbtools.crest.model.design.relational.Column" name="LAST_UPDATE_BY_DATE" id="395859E8-D165-F064-268B-0FBF6A10EBD1">
<sourceConnName>ILEBMXDD</sourceConnName>
<sourceObjSchema>F_ONL_BY_DATE</sourceObjSchema>
<sourceObjName>LAST_UPDATE_BY_DATE</sourceObjName>
<createdBy>mb56142</createdBy>
<createdTime>2013-10-06 20:01:37 UTC</createdTime>
<ownerDesignName>ILEB_BPM_Semantic_data_model_diagram</ownerDesignName>
<nullsAllowed>true</nullsAllowed>
<useDomainConstraints>false</useDomainConstraints>
<use>1</use>
<logicalDatatype>LOGDT007</logicalDatatype>
<dataTypeSize>7</dataTypeSize>
<autoIncrementCycle>false</autoIncrementCycle>
</Column>
<Column class="oracle.dbtools.crest.model.design.relational.Column" name="CREATION_COUNT" id="BEA5BAA4-57F3-14C0-20B6-F4255F80EFDD">
<sourceConnName>ILEBMXDD</sourceConnName>
<sourceObjSchema>F_ONL_BY_DATE</sourceObjSchema>
<sourceObjName>CREATION_COUNT</sourceObjName>
<createdBy>mb56142</createdBy>
<createdTime>2013-10-06 20:01:37 UTC</createdTime>
<ownerDesignName>ILEB_BPM_Semantic_data_model_diagram</ownerDesignName>
<nullsAllowed>true</nullsAllowed>
<useDomainConstraints>false</useDomainConstraints>
<use>1</use>
<logicalDatatype>LOGDT019</logicalDatatype>
<dataTypeSize>22</dataTypeSize>
<autoIncrementCycle>false</autoIncrementCycle>
</Column>
<Column class="oracle.dbtools.crest.model.design.relational.Column" name="INVENTORY_COUNT" id="D3673FC8-A221-82D9-3DDC-CA42A44E9186">
<sourceConnName>ILEBMXDD</sourceConnName>
<sourceObjSchema>F_ONL_BY_DATE</sourceObjSchema>
<sourceObjName>INVENTORY_COUNT</sourceObjName>
<createdBy>mb56142</createdBy>
<createdTime>2013-10-06 20:01:37 UTC</createdTime>
<ownerDesignName>ILEB_BPM_Semantic_data_model_diagram</ownerDesignName>
<nullsAllowed>true</nullsAllowed>
<useDomainConstraints>false</useDomainConstraints>
<use>1</use>
<logicalDatatype>LOGDT019</logicalDatatype>
<dataTypeSize>22</dataTypeSize>
<autoIncrementCycle>false</autoIncrementCycle>
</Column>
<Column class="oracle.dbtools.crest.model.design.relational.Column" name="COMPLETION_COUNT" id="CEFBC929-DDEF-FF3F-C4B0-257EAFD829D1">
<sourceConnName>ILEBMXDD</sourceConnName>
<sourceObjSchema>F_ONL_BY_DATE</sourceObjSchema>
<sourceObjName>COMPLETION_COUNT</sourceObjName>
<createdBy>mb56142</createdBy>
<createdTime>2013-10-06 20:01:38 UTC</createdTime>
<ownerDesignName>ILEB_BPM_Semantic_data_model_diagram</ownerDesignName>
<nullsAllowed>true</nullsAllowed>
<useDomainConstraints>false</useDomainConstraints>
<use>1</use>
<logicalDatatype>LOGDT019</logicalDatatype>
<dataTypeSize>22</dataTypeSize>
<autoIncrementCycle>false</autoIncrementCycle>
</Column>
</columns>
<indexes>
<ind_PK_UK class="oracle.dbtools.crest.model.design.relational.Index" id="FE9072FC-546D-D113-ECA0-2E8083C98E5F" name="FONLBD_PK">
<sourceConnName>ILEBMXDD</sourceConnName>
<sourceObjSchema>MAXDAT</sourceObjSchema>
<sourceObjName>FONLBD_PK</sourceObjName>
<createdBy>mb56142</createdBy>
<createdTime>2013-10-06 20:01:40 UTC</createdTime>
<ownerDesignName>ILEB_BPM_Semantic_data_model_diagram</ownerDesignName>
<pk>true</pk>
<indexState>Primary Constraint</indexState>
<indexColumnUsage>
<colUsage columnID="19276D4C-4418-C2EC-D64F-A85B72C61A22"/>
</indexColumnUsage>
</ind_PK_UK>
<ind_PK_UK class="oracle.dbtools.crest.model.design.relational.Index" id="9DA0F03F-45AF-16F3-2587-172838D6208A" name="FONLBD_PK">
<sourceConnName>ILEBMXDD</sourceConnName>
<sourceObjSchema>MAXDAT</sourceObjSchema>
<sourceObjName>FONLBD_PK</sourceObjName>
<createdBy>mb56142</createdBy>
<createdTime>2013-10-06 20:01:38 UTC</createdTime>
<ownerDesignName>ILEB_BPM_Semantic_data_model_diagram</ownerDesignName>
<schemaObject>121AEE1F-FD79-403A-F17D-FF8859EA2228</schemaObject>
<indexState>Unique Plain Index</indexState>
<indexColumnUsage>
<colUsage columnID="19276D4C-4418-C2EC-D64F-A85B72C61A22"/>
</indexColumnUsage>
</ind_PK_UK>
<ind_PK_UK class="oracle.dbtools.crest.model.design.relational.Index" id="ADDA2BF4-1AC9-F3EB-27FA-36ECBD7DE529" name="FONLBD_IXL3">
<sourceConnName>ILEBMXDD</sourceConnName>
<sourceObjSchema>MAXDAT</sourceObjSchema>
<sourceObjName>FONLBD_IXL3</sourceObjName>
<createdBy>mb56142</createdBy>
<createdTime>2013-10-06 20:01:38 UTC</createdTime>
<ownerDesignName>ILEB_BPM_Semantic_data_model_diagram</ownerDesignName>
<schemaObject>121AEE1F-FD79-403A-F17D-FF8859EA2228</schemaObject>
<indexColumnUsage>
<colUsage columnID="90A19795-865C-FF36-987A-84DD08A63BE3"/>
<colUsage columnID="EC703A73-89C5-889D-54EC-69353E9B39F8"/>
</indexColumnUsage>
</ind_PK_UK>
<ind_PK_UK class="oracle.dbtools.crest.model.design.relational.Index" id="47AE1498-87A6-1352-DB12-E478CF8D7CAD" name="FONLBD_UIX1">
<sourceConnName>ILEBMXDD</sourceConnName>
<sourceObjSchema>MAXDAT</sourceObjSchema>
<sourceObjName>FONLBD_UIX1</sourceObjName>
<createdBy>mb56142</createdBy>
<createdTime>2013-10-06 20:01:39 UTC</createdTime>
<ownerDesignName>ILEB_BPM_Semantic_data_model_diagram</ownerDesignName>
<schemaObject>121AEE1F-FD79-403A-F17D-FF8859EA2228</schemaObject>
<indexState>Unique Plain Index</indexState>
<indexColumnUsage>
<colUsage columnID="7E133749-A507-EBD4-61CA-AE63BFEB59B4"/>
<colUsage columnID="18AA2A82-7D86-85D5-880B-DA706BA49BAC"/>
</indexColumnUsage>
</ind_PK_UK>
<ind_PK_UK class="oracle.dbtools.crest.model.design.relational.Index" id="6BC06307-87AB-6369-F1C0-CD8A994BB8AD" name="FONLBD_UIX2">
<sourceConnName>ILEBMXDD</sourceConnName>
<sourceObjSchema>MAXDAT</sourceObjSchema>
<sourceObjName>FONLBD_UIX2</sourceObjName>
<createdBy>mb56142</createdBy>
<createdTime>2013-10-06 20:01:39 UTC</createdTime>
<ownerDesignName>ILEB_BPM_Semantic_data_model_diagram</ownerDesignName>
<schemaObject>121AEE1F-FD79-403A-F17D-FF8859EA2228</schemaObject>
<indexState>Unique Plain Index</indexState>
<indexColumnUsage>
<colUsage columnID="7E133749-A507-EBD4-61CA-AE63BFEB59B4"/>
<colUsage columnID="90A19795-865C-FF36-987A-84DD08A63BE3"/>
</indexColumnUsage>
</ind_PK_UK>
<ind_PK_UK class="oracle.dbtools.crest.model.design.relational.Index" id="73A7D07B-132C-A168-A969-8946CE13A054" name="FONLBD_IX1">
<sourceConnName>ILEBMXDD</sourceConnName>
<sourceObjSchema>MAXDAT</sourceObjSchema>
<sourceObjName>FONLBD_IX1</sourceObjName>
<createdBy>mb56142</createdBy>
<createdTime>2013-10-06 20:01:39 UTC</createdTime>
<ownerDesignName>ILEB_BPM_Semantic_data_model_diagram</ownerDesignName>
<schemaObject>121AEE1F-FD79-403A-F17D-FF8859EA2228</schemaObject>
<indexColumnUsage>
<colUsage columnID="395859E8-D165-F064-268B-0FBF6A10EBD1"/>
</indexColumnUsage>
</ind_PK_UK>
<ind_PK_UK class="oracle.dbtools.crest.model.design.relational.Index" id="00D11F56-7E88-33AB-D9D1-08ACA8EBC80C" name="FONLBD_IXL1">
<sourceConnName>ILEBMXDD</sourceConnName>
<sourceObjSchema>MAXDAT</sourceObjSchema>
<sourceObjName>FONLBD_IXL1</sourceObjName>
<createdBy>mb56142</createdBy>
<createdTime>2013-10-06 20:01:39 UTC</createdTime>
<ownerDesignName>ILEB_BPM_Semantic_data_model_diagram</ownerDesignName>
<schemaObject>121AEE1F-FD79-403A-F17D-FF8859EA2228</schemaObject>
<indexColumnUsage>
<colUsage columnID="EC703A73-89C5-889D-54EC-69353E9B39F8"/>
</indexColumnUsage>
</ind_PK_UK>
<ind_PK_UK class="oracle.dbtools.crest.model.design.relational.Index" id="E7B7A5FD-76DA-BE7A-FD30-A2CA0A89A4B4" name="FONLBD_IXL2">
<sourceConnName>ILEBMXDD</sourceConnName>
<sourceObjSchema>MAXDAT</sourceObjSchema>
<sourceObjName>FONLBD_IXL2</sourceObjName>
<createdBy>mb56142</createdBy>
<createdTime>2013-10-06 20:01:39 UTC</createdTime>
<ownerDesignName>ILEB_BPM_Semantic_data_model_diagram</ownerDesignName>
<schemaObject>121AEE1F-FD79-403A-F17D-FF8859EA2228</schemaObject>
<indexColumnUsage>
<colUsage columnID="7E133749-A507-EBD4-61CA-AE63BFEB59B4"/>
</indexColumnUsage>
</ind_PK_UK>
<ind_PK_UK class="oracle.dbtools.crest.model.design.relational.Index" id="31EF0E45-848A-9CE3-301D-E9E1E12528F0" name="FONLBD_DONLCUR_FK">
<createdBy>mb56142</createdBy>
<createdTime>2013-10-06 20:01:42 UTC</createdTime>
<ownerDesignName>ILEB_BPM_Semantic_data_model_diagram</ownerDesignName>
<indexState>Foreign Key</indexState>
<indexColumnUsage>
<colUsage columnID="7E133749-A507-EBD4-61CA-AE63BFEB59B4"/>
</indexColumnUsage>
</ind_PK_UK>
<ind_PK_UK class="oracle.dbtools.crest.model.design.relational.Index" id="37811643-6549-A0CE-50BE-A8B5A0EF8518" name="FONLBD_DONLIS_FK">
<createdBy>mb56142</createdBy>
<createdTime>2013-10-06 20:01:42 UTC</createdTime>
<ownerDesignName>ILEB_BPM_Semantic_data_model_diagram</ownerDesignName>
<indexState>Foreign Key</indexState>
<indexColumnUsage>
<colUsage columnID="E759C26F-EB10-DA60-BE2D-6D13614EF5BA"/>
</indexColumnUsage>
</ind_PK_UK>
</indexes>
</Table>