<?xml version = '1.0' encoding = 'UTF-8'?>
<DataBaseSqlServerv2k5 class="oracle.dbtools.crest.model.design.storage.sqlserver.v2k5.DataBaseSqlServerv2k5" name="HWSInternal" directorySegmentName="seg_0" id="87F335AC-6593-0972-57CD-EF38C413D6F0">
<sourceConnName>HWSInternal</sourceConnName>
<sourceObjName>HWSInternal</sourceObjName>
<createdBy>david.moore</createdBy>
<createdTime>2015-01-12 09:17:58 UTC</createdTime>
<ownerDesignName>HWSInternal_12_01_2015</ownerDesignName>
<ansiPadding>OFF</ansiPadding>
<ansiWarnings>OFF</ansiWarnings>
<arithabort>OFF</arithabort>
<autoClose>OFF</autoClose>
<autoShrink>OFF</autoShrink>
<concatNullYieldsNull>OFF</concatNullYieldsNull>
<cursorCloseOnCommit>OFF</cursorCloseOnCommit>
<numericRoundabort>OFF</numericRoundabort>
<recursiveTriggers>OFF</recursiveTriggers>
<tornPageDetection>OFF</tornPageDetection>
<fileGroups>
<FileGroup class="oracle.dbtools.crest.model.design.storage.sqlserver.v2k5.FileGroupSqlServerv2k5" name="PRIMARY" id="94874A7E-4F3A-9D3E-43D7-E90A0EE21714">
<createdBy>david.moore</createdBy>
<createdTime>2015-01-12 09:17:58 UTC</createdTime>
<ownerDesignName>HWSInternal_12_01_2015</ownerDesignName>
<dataFiles>
<DataFile class="oracle.dbtools.crest.model.design.storage.sqlserver.v2k5.DataFileSqlServerv2k5" name="DB1_Data.MDF" id="E85A69F6-B348-807D-100B-87956A306003">
<createdBy>david.moore</createdBy>
<createdTime>2015-01-12 09:17:58 UTC</createdTime>
<ownerDesignName>HWSInternal_12_01_2015</ownerDesignName>
<fileName>c:\program files\microsoft sql server\mssql\data\DB1_Data.MDF</fileName>
</DataFile>
<DataFile class="oracle.dbtools.crest.model.design.storage.sqlserver.v2k5.DataFileSqlServerv2k5" name="HWSInternal" id="B573C064-C92F-312A-6834-56F81547DB47">
<createdBy>david.moore</createdBy>
<createdTime>2015-01-12 09:17:58 UTC</createdTime>
<ownerDesignName>HWSInternal_12_01_2015</ownerDesignName>
<fileName>E:\SQLDataFiles\HWSInternal.mdf</fileName>
<growthValue>128</growthValue>
<initialSize>6400</initialSize>
</DataFile>
<DataFile class="oracle.dbtools.crest.model.design.storage.sqlserver.v2k5.DataFileSqlServerv2k5" name="HWSInternal" id="7B3F1E6C-936C-7009-9FA8-AF76E557F61A">
<createdBy>david.moore</createdBy>
<createdTime>2015-01-12 09:17:58 UTC</createdTime>
<ownerDesignName>HWSInternal_12_01_2015</ownerDesignName>
<fileName>E:\SQLDataFiles\HWSInternal.mdf</fileName>
<growthValue>128</growthValue>
<initialSize>6400</initialSize>
</DataFile>
</dataFiles>
</FileGroup>
</fileGroups>
<transactionLogs>
<TransactionLog class="oracle.dbtools.crest.model.design.storage.sqlserver.v2k5.DataFileSqlServerv2k5" name="HWSInternal_log" id="114066DF-B042-FEEB-6E8F-A5B77FE06914">
<createdBy>david.moore</createdBy>
<createdTime>2015-01-12 09:17:58 UTC</createdTime>
<ownerDesignName>HWSInternal_12_01_2015</ownerDesignName>
<fileName>E:\SQLDataFiles\HWSInternal_log.ldf</fileName>
<growthMethod>By Percent</growthMethod>
<growthValue>10</growthValue>
<initialSize>33168</initialSize>
<isUnlimited>false</isUnlimited>
<maxSize>268435456</maxSize>
</TransactionLog>
</transactionLogs>
</DataBaseSqlServerv2k5>