alter session set current_schema = cisco_enterprise_cc;

-- Units of work

insert into cc_c_unit_of_work (unit_of_work_name, unit_of_work_category, record_eff_dt, record_end_dt, acd, ivr) values ('NCUI Inbound No Agent Emp1', 'INBOUND_CALL',to_date('1900/01/01', 'yyyy/mm/dd'),to_date('2999/12/31', 'yyyy/mm/dd'), 1, 0);
insert into cc_c_unit_of_work (unit_of_work_name, unit_of_work_category, record_eff_dt, record_end_dt, acd, ivr) values ('NCUI Inbound No Agent Emp2', 'INBOUND_CALL',to_date('1900/01/01', 'yyyy/mm/dd'),to_date('2999/12/31', 'yyyy/mm/dd'), 1, 0);
insert into cc_c_unit_of_work (unit_of_work_name, unit_of_work_category, record_eff_dt, record_end_dt, acd, ivr) values ('NCUI Inbound No Agent Claim Enquiry', 'INBOUND_CALL',to_date('1900/01/01', 'yyyy/mm/dd'),to_date('2999/12/31', 'yyyy/mm/dd'), 1, 0);
insert into cc_c_unit_of_work (unit_of_work_name, unit_of_work_category, record_eff_dt, record_end_dt, acd, ivr) values ('NCUI Inbound No Agent Resets', 'INBOUND_CALL',to_date('1900/01/01', 'yyyy/mm/dd'),to_date('2999/12/31', 'yyyy/mm/dd'), 1, 0);
insert into cc_c_unit_of_work (unit_of_work_name, unit_of_work_category, record_eff_dt, record_end_dt, acd, ivr) values ('NCUI Inbound No Agent Filing', 'INBOUND_CALL',to_date('1900/01/01', 'yyyy/mm/dd'),to_date('2999/12/31', 'yyyy/mm/dd'), 1, 0);
insert into cc_c_unit_of_work (unit_of_work_name, unit_of_work_category, record_eff_dt, record_end_dt, acd, ivr) values ('NCUI Inbound No Agent Weekly', 'INBOUND_CALL',to_date('1900/01/01', 'yyyy/mm/dd'),to_date('2999/12/31', 'yyyy/mm/dd'), 1, 0);
insert into cc_c_unit_of_work (unit_of_work_name, unit_of_work_category, record_eff_dt, record_end_dt, acd, ivr) values ('NCUI Inbound No Agent Status', 'INBOUND_CALL',to_date('1900/01/01', 'yyyy/mm/dd'),to_date('2999/12/31', 'yyyy/mm/dd'), 1, 0);
insert into cc_c_unit_of_work (unit_of_work_name, unit_of_work_category, record_eff_dt, record_end_dt, acd, ivr) values ('Courtesy Callback Emp1', 'CALL_BACK',to_date('1900/01/01', 'yyyy/mm/dd'),to_date('2999/12/31', 'yyyy/mm/dd'), 1, 0);
insert into cc_c_unit_of_work (unit_of_work_name, unit_of_work_category, record_eff_dt, record_end_dt, acd, ivr) values ('Courtesy Callback  Emp2', 'CALL_BACK',to_date('1900/01/01', 'yyyy/mm/dd'),to_date('2999/12/31', 'yyyy/mm/dd'), 1, 0);
insert into cc_c_unit_of_work (unit_of_work_name, unit_of_work_category, record_eff_dt, record_end_dt, acd, ivr) values ('Courtesy Callback  Claim Enquiry', 'CALL_BACK',to_date('1900/01/01', 'yyyy/mm/dd'),to_date('2999/12/31', 'yyyy/mm/dd'), 1, 0);
insert into cc_c_unit_of_work (unit_of_work_name, unit_of_work_category, record_eff_dt, record_end_dt, acd, ivr) values ('Courtesy Callback  Resets', 'CALL_BACK',to_date('1900/01/01', 'yyyy/mm/dd'),to_date('2999/12/31', 'yyyy/mm/dd'), 1, 0);
insert into cc_c_unit_of_work (unit_of_work_name, unit_of_work_category, record_eff_dt, record_end_dt, acd, ivr) values ('Courtesy Callback Filing', 'CALL_BACK',to_date('1900/01/01', 'yyyy/mm/dd'),to_date('2999/12/31', 'yyyy/mm/dd'), 1, 0);
insert into cc_c_unit_of_work (unit_of_work_name, unit_of_work_category, record_eff_dt, record_end_dt, acd, ivr) values ('Courtesy Callback  Weekly', 'CALL_BACK',to_date('1900/01/01', 'yyyy/mm/dd'),to_date('2999/12/31', 'yyyy/mm/dd'), 1, 0);
insert into cc_c_unit_of_work (unit_of_work_name, unit_of_work_category, record_eff_dt, record_end_dt, acd, ivr) values ('Courtesy Callback Status', 'CALL_BACK',to_date('1900/01/01', 'yyyy/mm/dd'),to_date('2999/12/31', 'yyyy/mm/dd'), 1, 0);
insert into cc_c_unit_of_work (unit_of_work_name, unit_of_work_category, record_eff_dt, record_end_dt, acd, ivr) values ('NCUI Inbound Emp1', 'INBOUND_CALL',to_date('1900/01/01', 'yyyy/mm/dd'),to_date('2999/12/31', 'yyyy/mm/dd'), 1, 0);
insert into cc_c_unit_of_work (unit_of_work_name, unit_of_work_category, record_eff_dt, record_end_dt, acd, ivr) values ('NCUI Inbound Emp2', 'INBOUND_CALL',to_date('1900/01/01', 'yyyy/mm/dd'),to_date('2999/12/31', 'yyyy/mm/dd'), 1, 0);
insert into cc_c_unit_of_work (unit_of_work_name, unit_of_work_category, record_eff_dt, record_end_dt, acd, ivr) values ('NCUI Inbound Claim Enquiry', 'INBOUND_CALL',to_date('1900/01/01', 'yyyy/mm/dd'),to_date('2999/12/31', 'yyyy/mm/dd'), 1, 0);
insert into cc_c_unit_of_work (unit_of_work_name, unit_of_work_category, record_eff_dt, record_end_dt, acd, ivr) values ('NCUI Inbound Resets', 'INBOUND_CALL',to_date('1900/01/01', 'yyyy/mm/dd'),to_date('2999/12/31', 'yyyy/mm/dd'), 1, 0);
insert into cc_c_unit_of_work (unit_of_work_name, unit_of_work_category, record_eff_dt, record_end_dt, acd, ivr) values ('NCUI Inbound Filing', 'INBOUND_CALL',to_date('1900/01/01', 'yyyy/mm/dd'),to_date('2999/12/31', 'yyyy/mm/dd'), 1, 0);
insert into cc_c_unit_of_work (unit_of_work_name, unit_of_work_category, record_eff_dt, record_end_dt, acd, ivr) values ('NCUI Inbound Weekly', 'INBOUND_CALL',to_date('1900/01/01', 'yyyy/mm/dd'),to_date('2999/12/31', 'yyyy/mm/dd'), 1, 0);
insert into cc_c_unit_of_work (unit_of_work_name, unit_of_work_category, record_eff_dt, record_end_dt, acd, ivr) values ('NCUI Inbound Status', 'INBOUND_CALL',to_date('1900/01/01', 'yyyy/mm/dd'),to_date('2999/12/31', 'yyyy/mm/dd'), 1, 0);
insert into cc_c_unit_of_work (unit_of_work_name, unit_of_work_category, record_eff_dt, record_end_dt, acd, ivr) values ('Emp1 Threshold Message 100', 'INBOUND_CALL',to_date('1900/01/01', 'yyyy/mm/dd'),to_date('2999/12/31', 'yyyy/mm/dd'), 1, 0);
insert into cc_c_unit_of_work (unit_of_work_name, unit_of_work_category, record_eff_dt, record_end_dt, acd, ivr) values ('Emp2 Threshold Message 100', 'INBOUND_CALL',to_date('1900/01/01', 'yyyy/mm/dd'),to_date('2999/12/31', 'yyyy/mm/dd'), 1, 0);
insert into cc_c_unit_of_work (unit_of_work_name, unit_of_work_category, record_eff_dt, record_end_dt, acd, ivr) values ('Claim Enquiry Threshold Message 100', 'INBOUND_CALL',to_date('1900/01/01', 'yyyy/mm/dd'),to_date('2999/12/31', 'yyyy/mm/dd'), 1, 0);
insert into cc_c_unit_of_work (unit_of_work_name, unit_of_work_category, record_eff_dt, record_end_dt, acd, ivr) values ('Resets Threshold Message 100', 'INBOUND_CALL',to_date('1900/01/01', 'yyyy/mm/dd'),to_date('2999/12/31', 'yyyy/mm/dd'), 1, 0);
insert into cc_c_unit_of_work (unit_of_work_name, unit_of_work_category, record_eff_dt, record_end_dt, acd, ivr) values ('Filing Threshold Message 100', 'INBOUND_CALL',to_date('1900/01/01', 'yyyy/mm/dd'),to_date('2999/12/31', 'yyyy/mm/dd'), 1, 0);
insert into cc_c_unit_of_work (unit_of_work_name, unit_of_work_category, record_eff_dt, record_end_dt, acd, ivr) values ('Weekly Threshold Message 100', 'INBOUND_CALL',to_date('1900/01/01', 'yyyy/mm/dd'),to_date('2999/12/31', 'yyyy/mm/dd'), 1, 0);
insert into cc_c_unit_of_work (unit_of_work_name, unit_of_work_category, record_eff_dt, record_end_dt, acd, ivr) values ('Status Threshold Message 100', 'INBOUND_CALL',to_date('1900/01/01', 'yyyy/mm/dd'),to_date('2999/12/31', 'yyyy/mm/dd'), 1, 0);
insert into cc_c_unit_of_work (unit_of_work_name, unit_of_work_category, record_eff_dt, record_end_dt, acd, ivr) values ('Emp1 Threshold Message 150', 'INBOUND_CALL',to_date('1900/01/01', 'yyyy/mm/dd'),to_date('2999/12/31', 'yyyy/mm/dd'), 1, 0);
insert into cc_c_unit_of_work (unit_of_work_name, unit_of_work_category, record_eff_dt, record_end_dt, acd, ivr) values ('Emp2 Threshold Message 150', 'INBOUND_CALL',to_date('1900/01/01', 'yyyy/mm/dd'),to_date('2999/12/31', 'yyyy/mm/dd'), 1, 0);
insert into cc_c_unit_of_work (unit_of_work_name, unit_of_work_category, record_eff_dt, record_end_dt, acd, ivr) values ('Claim Enquiry Threshold Message 150', 'INBOUND_CALL',to_date('1900/01/01', 'yyyy/mm/dd'),to_date('2999/12/31', 'yyyy/mm/dd'), 1, 0);
insert into cc_c_unit_of_work (unit_of_work_name, unit_of_work_category, record_eff_dt, record_end_dt, acd, ivr) values ('Resets Threshold Message 150', 'INBOUND_CALL',to_date('1900/01/01', 'yyyy/mm/dd'),to_date('2999/12/31', 'yyyy/mm/dd'), 1, 0);
insert into cc_c_unit_of_work (unit_of_work_name, unit_of_work_category, record_eff_dt, record_end_dt, acd, ivr) values ('Filing Threshold Message 150', 'INBOUND_CALL',to_date('1900/01/01', 'yyyy/mm/dd'),to_date('2999/12/31', 'yyyy/mm/dd'), 1, 0);
insert into cc_c_unit_of_work (unit_of_work_name, unit_of_work_category, record_eff_dt, record_end_dt, acd, ivr) values ('Weekly Threshold Message 150', 'INBOUND_CALL',to_date('1900/01/01', 'yyyy/mm/dd'),to_date('2999/12/31', 'yyyy/mm/dd'), 1, 0);
insert into cc_c_unit_of_work (unit_of_work_name, unit_of_work_category, record_eff_dt, record_end_dt, acd, ivr) values ('Status Threshold Message 150', 'INBOUND_CALL',to_date('1900/01/01', 'yyyy/mm/dd'),to_date('2999/12/31', 'yyyy/mm/dd'), 1, 0);
insert into cc_c_unit_of_work (unit_of_work_name, unit_of_work_category, record_eff_dt, record_end_dt, acd, ivr) values ('Emp1 Threshold Message 200', 'INBOUND_CALL',to_date('1900/01/01', 'yyyy/mm/dd'),to_date('2999/12/31', 'yyyy/mm/dd'), 1, 0);
insert into cc_c_unit_of_work (unit_of_work_name, unit_of_work_category, record_eff_dt, record_end_dt, acd, ivr) values ('Emp2 Threshold Message 200', 'INBOUND_CALL',to_date('1900/01/01', 'yyyy/mm/dd'),to_date('2999/12/31', 'yyyy/mm/dd'), 1, 0);
insert into cc_c_unit_of_work (unit_of_work_name, unit_of_work_category, record_eff_dt, record_end_dt, acd, ivr) values ('Claim Enquiry Threshold Message 200', 'INBOUND_CALL',to_date('1900/01/01', 'yyyy/mm/dd'),to_date('2999/12/31', 'yyyy/mm/dd'), 1, 0);
insert into cc_c_unit_of_work (unit_of_work_name, unit_of_work_category, record_eff_dt, record_end_dt, acd, ivr) values ('Resets Threshold Message 200', 'INBOUND_CALL',to_date('1900/01/01', 'yyyy/mm/dd'),to_date('2999/12/31', 'yyyy/mm/dd'), 1, 0);
insert into cc_c_unit_of_work (unit_of_work_name, unit_of_work_category, record_eff_dt, record_end_dt, acd, ivr) values ('Filing Threshold Message 200', 'INBOUND_CALL',to_date('1900/01/01', 'yyyy/mm/dd'),to_date('2999/12/31', 'yyyy/mm/dd'), 1, 0);
insert into cc_c_unit_of_work (unit_of_work_name, unit_of_work_category, record_eff_dt, record_end_dt, acd, ivr) values ('Weekly Threshold Message 200', 'INBOUND_CALL',to_date('1900/01/01', 'yyyy/mm/dd'),to_date('2999/12/31', 'yyyy/mm/dd'), 1, 0);
insert into cc_c_unit_of_work (unit_of_work_name, unit_of_work_category, record_eff_dt, record_end_dt, acd, ivr) values ('Status Threshold Message 200', 'INBOUND_CALL',to_date('1900/01/01', 'yyyy/mm/dd'),to_date('2999/12/31', 'yyyy/mm/dd'), 1, 0);
insert into cc_c_unit_of_work (unit_of_work_name, unit_of_work_category, record_eff_dt, record_end_dt, acd, ivr) values ('Emp1 Threshold Message 250', 'INBOUND_CALL',to_date('1900/01/01', 'yyyy/mm/dd'),to_date('2999/12/31', 'yyyy/mm/dd'), 1, 0);
insert into cc_c_unit_of_work (unit_of_work_name, unit_of_work_category, record_eff_dt, record_end_dt, acd, ivr) values ('Emp2 Threshold Message 250', 'INBOUND_CALL',to_date('1900/01/01', 'yyyy/mm/dd'),to_date('2999/12/31', 'yyyy/mm/dd'), 1, 0);
insert into cc_c_unit_of_work (unit_of_work_name, unit_of_work_category, record_eff_dt, record_end_dt, acd, ivr) values ('Claim Enquiry Threshold Message 250', 'INBOUND_CALL',to_date('1900/01/01', 'yyyy/mm/dd'),to_date('2999/12/31', 'yyyy/mm/dd'), 1, 0);
insert into cc_c_unit_of_work (unit_of_work_name, unit_of_work_category, record_eff_dt, record_end_dt, acd, ivr) values ('Resets Threshold Message 250', 'INBOUND_CALL',to_date('1900/01/01', 'yyyy/mm/dd'),to_date('2999/12/31', 'yyyy/mm/dd'), 1, 0);
insert into cc_c_unit_of_work (unit_of_work_name, unit_of_work_category, record_eff_dt, record_end_dt, acd, ivr) values ('Filing Threshold Message 250', 'INBOUND_CALL',to_date('1900/01/01', 'yyyy/mm/dd'),to_date('2999/12/31', 'yyyy/mm/dd'), 1, 0);
insert into cc_c_unit_of_work (unit_of_work_name, unit_of_work_category, record_eff_dt, record_end_dt, acd, ivr) values ('Weekly Threshold Message 250', 'INBOUND_CALL',to_date('1900/01/01', 'yyyy/mm/dd'),to_date('2999/12/31', 'yyyy/mm/dd'), 1, 0);
insert into cc_c_unit_of_work (unit_of_work_name, unit_of_work_category, record_eff_dt, record_end_dt, acd, ivr) values ('Status Threshold Message 250', 'INBOUND_CALL',to_date('1900/01/01', 'yyyy/mm/dd'),to_date('2999/12/31', 'yyyy/mm/dd'), 1, 0);
insert into cc_c_unit_of_work (unit_of_work_name, unit_of_work_category, record_eff_dt, record_end_dt, acd, ivr) values ('Emp1 Threshold Message 500', 'INBOUND_CALL',to_date('1900/01/01', 'yyyy/mm/dd'),to_date('2999/12/31', 'yyyy/mm/dd'), 1, 0);
insert into cc_c_unit_of_work (unit_of_work_name, unit_of_work_category, record_eff_dt, record_end_dt, acd, ivr) values ('Emp2 Threshold Message 500', 'INBOUND_CALL',to_date('1900/01/01', 'yyyy/mm/dd'),to_date('2999/12/31', 'yyyy/mm/dd'), 1, 0);
insert into cc_c_unit_of_work (unit_of_work_name, unit_of_work_category, record_eff_dt, record_end_dt, acd, ivr) values ('Claim Enquiry Threshold Message 500', 'INBOUND_CALL',to_date('1900/01/01', 'yyyy/mm/dd'),to_date('2999/12/31', 'yyyy/mm/dd'), 1, 0);
insert into cc_c_unit_of_work (unit_of_work_name, unit_of_work_category, record_eff_dt, record_end_dt, acd, ivr) values ('Resets Threshold Message 500', 'INBOUND_CALL',to_date('1900/01/01', 'yyyy/mm/dd'),to_date('2999/12/31', 'yyyy/mm/dd'), 1, 0);
insert into cc_c_unit_of_work (unit_of_work_name, unit_of_work_category, record_eff_dt, record_end_dt, acd, ivr) values ('Filing Threshold Message 500', 'INBOUND_CALL',to_date('1900/01/01', 'yyyy/mm/dd'),to_date('2999/12/31', 'yyyy/mm/dd'), 1, 0);
insert into cc_c_unit_of_work (unit_of_work_name, unit_of_work_category, record_eff_dt, record_end_dt, acd, ivr) values ('Weekly Threshold Message 500', 'INBOUND_CALL',to_date('1900/01/01', 'yyyy/mm/dd'),to_date('2999/12/31', 'yyyy/mm/dd'), 1, 0);
insert into cc_c_unit_of_work (unit_of_work_name, unit_of_work_category, record_eff_dt, record_end_dt, acd, ivr) values ('Status Threshold Message 500', 'INBOUND_CALL',to_date('1900/01/01', 'yyyy/mm/dd'),to_date('2999/12/31', 'yyyy/mm/dd'), 1, 0);
insert into cc_c_unit_of_work (unit_of_work_name, unit_of_work_category, record_eff_dt, record_end_dt, acd, ivr) values ('Emp1 Threshold Message 50', 'INBOUND_CALL',to_date('1900/01/01', 'yyyy/mm/dd'),to_date('2999/12/31', 'yyyy/mm/dd'), 1, 0);
insert into cc_c_unit_of_work (unit_of_work_name, unit_of_work_category, record_eff_dt, record_end_dt, acd, ivr) values ('Emp2 Threshold Message 50', 'INBOUND_CALL',to_date('1900/01/01', 'yyyy/mm/dd'),to_date('2999/12/31', 'yyyy/mm/dd'), 1, 0);
insert into cc_c_unit_of_work (unit_of_work_name, unit_of_work_category, record_eff_dt, record_end_dt, acd, ivr) values ('Claim Enquiry Threshold Message 50', 'INBOUND_CALL',to_date('1900/01/01', 'yyyy/mm/dd'),to_date('2999/12/31', 'yyyy/mm/dd'), 1, 0);
insert into cc_c_unit_of_work (unit_of_work_name, unit_of_work_category, record_eff_dt, record_end_dt, acd, ivr) values ('Resets Threshold Message 50', 'INBOUND_CALL',to_date('1900/01/01', 'yyyy/mm/dd'),to_date('2999/12/31', 'yyyy/mm/dd'), 1, 0);
insert into cc_c_unit_of_work (unit_of_work_name, unit_of_work_category, record_eff_dt, record_end_dt, acd, ivr) values ('Filing Threshold Message 50', 'INBOUND_CALL',to_date('1900/01/01', 'yyyy/mm/dd'),to_date('2999/12/31', 'yyyy/mm/dd'), 1, 0);
insert into cc_c_unit_of_work (unit_of_work_name, unit_of_work_category, record_eff_dt, record_end_dt, acd, ivr) values ('Weekly Threshold Message 50', 'INBOUND_CALL',to_date('1900/01/01', 'yyyy/mm/dd'),to_date('2999/12/31', 'yyyy/mm/dd'), 1, 0);
insert into cc_c_unit_of_work (unit_of_work_name, unit_of_work_category, record_eff_dt, record_end_dt, acd, ivr) values ('Status Threshold Message 50', 'INBOUND_CALL',to_date('1900/01/01', 'yyyy/mm/dd'),to_date('2999/12/31', 'yyyy/mm/dd'), 1, 0);
insert into cc_c_unit_of_work (unit_of_work_name, unit_of_work_category, record_eff_dt, record_end_dt, acd, ivr) values ('NCUI Inbound  Emp1 Rona', 'INBOUND_CALL',to_date('1900/01/01', 'yyyy/mm/dd'),to_date('2999/12/31', 'yyyy/mm/dd'), 1, 0);
insert into cc_c_unit_of_work (unit_of_work_name, unit_of_work_category, record_eff_dt, record_end_dt, acd, ivr) values ('NCUI Inbound Emp2 Rona', 'INBOUND_CALL',to_date('1900/01/01', 'yyyy/mm/dd'),to_date('2999/12/31', 'yyyy/mm/dd'), 1, 0);
insert into cc_c_unit_of_work (unit_of_work_name, unit_of_work_category, record_eff_dt, record_end_dt, acd, ivr) values ('NCUI Inbound Claim Enquiry Rona', 'INBOUND_CALL',to_date('1900/01/01', 'yyyy/mm/dd'),to_date('2999/12/31', 'yyyy/mm/dd'), 1, 0);
insert into cc_c_unit_of_work (unit_of_work_name, unit_of_work_category, record_eff_dt, record_end_dt, acd, ivr) values ('NCUI Inbound Resets Rona', 'INBOUND_CALL',to_date('1900/01/01', 'yyyy/mm/dd'),to_date('2999/12/31', 'yyyy/mm/dd'), 1, 0);
insert into cc_c_unit_of_work (unit_of_work_name, unit_of_work_category, record_eff_dt, record_end_dt, acd, ivr) values ('NCUI Inbound Filing Rona', 'INBOUND_CALL',to_date('1900/01/01', 'yyyy/mm/dd'),to_date('2999/12/31', 'yyyy/mm/dd'), 1, 0);
insert into cc_c_unit_of_work (unit_of_work_name, unit_of_work_category, record_eff_dt, record_end_dt, acd, ivr) values ('NCUI Inbound Weekly Rona', 'INBOUND_CALL',to_date('1900/01/01', 'yyyy/mm/dd'),to_date('2999/12/31', 'yyyy/mm/dd'), 1, 0);
insert into cc_c_unit_of_work (unit_of_work_name, unit_of_work_category, record_eff_dt, record_end_dt, acd, ivr) values ('NCUI Inbound Status Rona', 'INBOUND_CALL',to_date('1900/01/01', 'yyyy/mm/dd'),to_date('2999/12/31', 'yyyy/mm/dd'), 1, 0);
insert into cc_c_unit_of_work (unit_of_work_name, unit_of_work_category, record_eff_dt, record_end_dt, acd, ivr) values ('External Transfer to NCUI VIP', 'INBOUND_CALL',to_date('1900/01/01', 'yyyy/mm/dd'),to_date('2999/12/31', 'yyyy/mm/dd'), 1, 0);
insert into cc_c_unit_of_work (unit_of_work_name, unit_of_work_category, record_eff_dt, record_end_dt, acd, ivr) values ('PUA Threshold Message 1000', 'INBOUND_CALL',to_date('1900/01/01', 'yyyy/mm/dd'),to_date('2999/12/31', 'yyyy/mm/dd'), 1, 0);
insert into cc_c_unit_of_work (unit_of_work_name, unit_of_work_category, record_eff_dt, record_end_dt, acd, ivr) values ('Claimant Threshold Message 1000', 'INBOUND_CALL',to_date('1900/01/01', 'yyyy/mm/dd'),to_date('2999/12/31', 'yyyy/mm/dd'), 1, 0);
insert into cc_c_unit_of_work (unit_of_work_name, unit_of_work_category, record_eff_dt, record_end_dt, acd, ivr) values ('Emp1 Threshold Message 1000', 'INBOUND_CALL',to_date('1900/01/01', 'yyyy/mm/dd'),to_date('2999/12/31', 'yyyy/mm/dd'), 1, 0);
insert into cc_c_unit_of_work (unit_of_work_name, unit_of_work_category, record_eff_dt, record_end_dt, acd, ivr) values ('NCUI Status Transfer', 'IVR',to_date('1900/01/01', 'yyyy/mm/dd'),to_date('2999/12/31', 'yyyy/mm/dd'), 0, 1);
insert into cc_c_unit_of_work (unit_of_work_name, unit_of_work_category, record_eff_dt, record_end_dt, acd, ivr) values ('External Transfer to NCUI SRT', 'External Transfer',to_date('1900/01/01', 'yyyy/mm/dd'),to_date('2999/12/31', 'yyyy/mm/dd'), 1, 0);


insert into cc_d_unit_of_work (unit_of_work_name, unit_of_work_category, production_plan_id, hourly_flag, handle_time_unit, acd, ivr) values ('NCUI Inbound No Agent Emp1', 'INBOUND_CALL', 1, 'N', 'Seconds', 1, 0);
insert into cc_d_unit_of_work (unit_of_work_name, unit_of_work_category, production_plan_id, hourly_flag, handle_time_unit, acd, ivr) values ('NCUI Inbound No Agent Emp2', 'INBOUND_CALL', 1, 'N', 'Seconds', 1, 0);
insert into cc_d_unit_of_work (unit_of_work_name, unit_of_work_category, production_plan_id, hourly_flag, handle_time_unit, acd, ivr) values ('NCUI Inbound No Agent Claim Enquiry', 'INBOUND_CALL', 1, 'N', 'Seconds', 1, 0);
insert into cc_d_unit_of_work (unit_of_work_name, unit_of_work_category, production_plan_id, hourly_flag, handle_time_unit, acd, ivr) values ('NCUI Inbound No Agent Resets', 'INBOUND_CALL', 1, 'N', 'Seconds', 1, 0);
insert into cc_d_unit_of_work (unit_of_work_name, unit_of_work_category, production_plan_id, hourly_flag, handle_time_unit, acd, ivr) values ('NCUI Inbound No Agent Filing', 'INBOUND_CALL', 1, 'N', 'Seconds', 1, 0);
insert into cc_d_unit_of_work (unit_of_work_name, unit_of_work_category, production_plan_id, hourly_flag, handle_time_unit, acd, ivr) values ('NCUI Inbound No Agent Weekly', 'INBOUND_CALL', 1, 'N', 'Seconds', 1, 0);
insert into cc_d_unit_of_work (unit_of_work_name, unit_of_work_category, production_plan_id, hourly_flag, handle_time_unit, acd, ivr) values ('NCUI Inbound No Agent Status', 'INBOUND_CALL', 1, 'N', 'Seconds', 1, 0);
insert into cc_d_unit_of_work (unit_of_work_name, unit_of_work_category, production_plan_id, hourly_flag, handle_time_unit, acd, ivr) values ('Courtesy Callback Emp1', 'CALL_BACK', 1, 'N', 'Seconds', 1, 0);
insert into cc_d_unit_of_work (unit_of_work_name, unit_of_work_category, production_plan_id, hourly_flag, handle_time_unit, acd, ivr) values ('Courtesy Callback  Emp2', 'CALL_BACK', 1, 'N', 'Seconds', 1, 0);
insert into cc_d_unit_of_work (unit_of_work_name, unit_of_work_category, production_plan_id, hourly_flag, handle_time_unit, acd, ivr) values ('Courtesy Callback  Claim Enquiry', 'CALL_BACK', 1, 'N', 'Seconds', 1, 0);
insert into cc_d_unit_of_work (unit_of_work_name, unit_of_work_category, production_plan_id, hourly_flag, handle_time_unit, acd, ivr) values ('Courtesy Callback  Resets', 'CALL_BACK', 1, 'N', 'Seconds', 1, 0);
insert into cc_d_unit_of_work (unit_of_work_name, unit_of_work_category, production_plan_id, hourly_flag, handle_time_unit, acd, ivr) values ('Courtesy Callback Filing', 'CALL_BACK', 1, 'N', 'Seconds', 1, 0);
insert into cc_d_unit_of_work (unit_of_work_name, unit_of_work_category, production_plan_id, hourly_flag, handle_time_unit, acd, ivr) values ('Courtesy Callback  Weekly', 'CALL_BACK', 1, 'N', 'Seconds', 1, 0);
insert into cc_d_unit_of_work (unit_of_work_name, unit_of_work_category, production_plan_id, hourly_flag, handle_time_unit, acd, ivr) values ('Courtesy Callback Status', 'CALL_BACK', 1, 'N', 'Seconds', 1, 0);
insert into cc_d_unit_of_work (unit_of_work_name, unit_of_work_category, production_plan_id, hourly_flag, handle_time_unit, acd, ivr) values ('NCUI Inbound Emp1', 'INBOUND_CALL', 1, 'N', 'Seconds', 1, 0);
insert into cc_d_unit_of_work (unit_of_work_name, unit_of_work_category, production_plan_id, hourly_flag, handle_time_unit, acd, ivr) values ('NCUI Inbound Emp2', 'INBOUND_CALL', 1, 'N', 'Seconds', 1, 0);
insert into cc_d_unit_of_work (unit_of_work_name, unit_of_work_category, production_plan_id, hourly_flag, handle_time_unit, acd, ivr) values ('NCUI Inbound Claim Enquiry', 'INBOUND_CALL', 1, 'N', 'Seconds', 1, 0);
insert into cc_d_unit_of_work (unit_of_work_name, unit_of_work_category, production_plan_id, hourly_flag, handle_time_unit, acd, ivr) values ('NCUI Inbound Resets', 'INBOUND_CALL', 1, 'N', 'Seconds', 1, 0);
insert into cc_d_unit_of_work (unit_of_work_name, unit_of_work_category, production_plan_id, hourly_flag, handle_time_unit, acd, ivr) values ('NCUI Inbound Filing', 'INBOUND_CALL', 1, 'N', 'Seconds', 1, 0);
insert into cc_d_unit_of_work (unit_of_work_name, unit_of_work_category, production_plan_id, hourly_flag, handle_time_unit, acd, ivr) values ('NCUI Inbound Weekly', 'INBOUND_CALL', 1, 'N', 'Seconds', 1, 0);
insert into cc_d_unit_of_work (unit_of_work_name, unit_of_work_category, production_plan_id, hourly_flag, handle_time_unit, acd, ivr) values ('NCUI Inbound Status', 'INBOUND_CALL', 1, 'N', 'Seconds', 1, 0);
insert into cc_d_unit_of_work (unit_of_work_name, unit_of_work_category, production_plan_id, hourly_flag, handle_time_unit, acd, ivr) values ('Emp1 Threshold Message 100', 'INBOUND_CALL', 1, 'N', 'Seconds', 1, 0);
insert into cc_d_unit_of_work (unit_of_work_name, unit_of_work_category, production_plan_id, hourly_flag, handle_time_unit, acd, ivr) values ('Emp2 Threshold Message 100', 'INBOUND_CALL', 1, 'N', 'Seconds', 1, 0);
insert into cc_d_unit_of_work (unit_of_work_name, unit_of_work_category, production_plan_id, hourly_flag, handle_time_unit, acd, ivr) values ('Claim Enquiry Threshold Message 100', 'INBOUND_CALL', 1, 'N', 'Seconds', 1, 0);
insert into cc_d_unit_of_work (unit_of_work_name, unit_of_work_category, production_plan_id, hourly_flag, handle_time_unit, acd, ivr) values ('Resets Threshold Message 100', 'INBOUND_CALL', 1, 'N', 'Seconds', 1, 0);
insert into cc_d_unit_of_work (unit_of_work_name, unit_of_work_category, production_plan_id, hourly_flag, handle_time_unit, acd, ivr) values ('Filing Threshold Message 100', 'INBOUND_CALL', 1, 'N', 'Seconds', 1, 0);
insert into cc_d_unit_of_work (unit_of_work_name, unit_of_work_category, production_plan_id, hourly_flag, handle_time_unit, acd, ivr) values ('Weekly Threshold Message 100', 'INBOUND_CALL', 1, 'N', 'Seconds', 1, 0);
insert into cc_d_unit_of_work (unit_of_work_name, unit_of_work_category, production_plan_id, hourly_flag, handle_time_unit, acd, ivr) values ('Status Threshold Message 100', 'INBOUND_CALL', 1, 'N', 'Seconds', 1, 0);
insert into cc_d_unit_of_work (unit_of_work_name, unit_of_work_category, production_plan_id, hourly_flag, handle_time_unit, acd, ivr) values ('Emp1 Threshold Message 150', 'INBOUND_CALL', 1, 'N', 'Seconds', 1, 0);
insert into cc_d_unit_of_work (unit_of_work_name, unit_of_work_category, production_plan_id, hourly_flag, handle_time_unit, acd, ivr) values ('Emp2 Threshold Message 150', 'INBOUND_CALL', 1, 'N', 'Seconds', 1, 0);
insert into cc_d_unit_of_work (unit_of_work_name, unit_of_work_category, production_plan_id, hourly_flag, handle_time_unit, acd, ivr) values ('Claim Enquiry Threshold Message 150', 'INBOUND_CALL', 1, 'N', 'Seconds', 1, 0);
insert into cc_d_unit_of_work (unit_of_work_name, unit_of_work_category, production_plan_id, hourly_flag, handle_time_unit, acd, ivr) values ('Resets Threshold Message 150', 'INBOUND_CALL', 1, 'N', 'Seconds', 1, 0);
insert into cc_d_unit_of_work (unit_of_work_name, unit_of_work_category, production_plan_id, hourly_flag, handle_time_unit, acd, ivr) values ('Filing Threshold Message 150', 'INBOUND_CALL', 1, 'N', 'Seconds', 1, 0);
insert into cc_d_unit_of_work (unit_of_work_name, unit_of_work_category, production_plan_id, hourly_flag, handle_time_unit, acd, ivr) values ('Weekly Threshold Message 150', 'INBOUND_CALL', 1, 'N', 'Seconds', 1, 0);
insert into cc_d_unit_of_work (unit_of_work_name, unit_of_work_category, production_plan_id, hourly_flag, handle_time_unit, acd, ivr) values ('Status Threshold Message 150', 'INBOUND_CALL', 1, 'N', 'Seconds', 1, 0);
insert into cc_d_unit_of_work (unit_of_work_name, unit_of_work_category, production_plan_id, hourly_flag, handle_time_unit, acd, ivr) values ('Emp1 Threshold Message 200', 'INBOUND_CALL', 1, 'N', 'Seconds', 1, 0);
insert into cc_d_unit_of_work (unit_of_work_name, unit_of_work_category, production_plan_id, hourly_flag, handle_time_unit, acd, ivr) values ('Emp2 Threshold Message 200', 'INBOUND_CALL', 1, 'N', 'Seconds', 1, 0);
insert into cc_d_unit_of_work (unit_of_work_name, unit_of_work_category, production_plan_id, hourly_flag, handle_time_unit, acd, ivr) values ('Claim Enquiry Threshold Message 200', 'INBOUND_CALL', 1, 'N', 'Seconds', 1, 0);
insert into cc_d_unit_of_work (unit_of_work_name, unit_of_work_category, production_plan_id, hourly_flag, handle_time_unit, acd, ivr) values ('Resets Threshold Message 200', 'INBOUND_CALL', 1, 'N', 'Seconds', 1, 0);
insert into cc_d_unit_of_work (unit_of_work_name, unit_of_work_category, production_plan_id, hourly_flag, handle_time_unit, acd, ivr) values ('Filing Threshold Message 200', 'INBOUND_CALL', 1, 'N', 'Seconds', 1, 0);
insert into cc_d_unit_of_work (unit_of_work_name, unit_of_work_category, production_plan_id, hourly_flag, handle_time_unit, acd, ivr) values ('Weekly Threshold Message 200', 'INBOUND_CALL', 1, 'N', 'Seconds', 1, 0);
insert into cc_d_unit_of_work (unit_of_work_name, unit_of_work_category, production_plan_id, hourly_flag, handle_time_unit, acd, ivr) values ('Status Threshold Message 200', 'INBOUND_CALL', 1, 'N', 'Seconds', 1, 0);
insert into cc_d_unit_of_work (unit_of_work_name, unit_of_work_category, production_plan_id, hourly_flag, handle_time_unit, acd, ivr) values ('Emp1 Threshold Message 250', 'INBOUND_CALL', 1, 'N', 'Seconds', 1, 0);
insert into cc_d_unit_of_work (unit_of_work_name, unit_of_work_category, production_plan_id, hourly_flag, handle_time_unit, acd, ivr) values ('Emp2 Threshold Message 250', 'INBOUND_CALL', 1, 'N', 'Seconds', 1, 0);
insert into cc_d_unit_of_work (unit_of_work_name, unit_of_work_category, production_plan_id, hourly_flag, handle_time_unit, acd, ivr) values ('Claim Enquiry Threshold Message 250', 'INBOUND_CALL', 1, 'N', 'Seconds', 1, 0);
insert into cc_d_unit_of_work (unit_of_work_name, unit_of_work_category, production_plan_id, hourly_flag, handle_time_unit, acd, ivr) values ('Resets Threshold Message 250', 'INBOUND_CALL', 1, 'N', 'Seconds', 1, 0);
insert into cc_d_unit_of_work (unit_of_work_name, unit_of_work_category, production_plan_id, hourly_flag, handle_time_unit, acd, ivr) values ('Filing Threshold Message 250', 'INBOUND_CALL', 1, 'N', 'Seconds', 1, 0);
insert into cc_d_unit_of_work (unit_of_work_name, unit_of_work_category, production_plan_id, hourly_flag, handle_time_unit, acd, ivr) values ('Weekly Threshold Message 250', 'INBOUND_CALL', 1, 'N', 'Seconds', 1, 0);
insert into cc_d_unit_of_work (unit_of_work_name, unit_of_work_category, production_plan_id, hourly_flag, handle_time_unit, acd, ivr) values ('Status Threshold Message 250', 'INBOUND_CALL', 1, 'N', 'Seconds', 1, 0);
insert into cc_d_unit_of_work (unit_of_work_name, unit_of_work_category, production_plan_id, hourly_flag, handle_time_unit, acd, ivr) values ('Emp1 Threshold Message 500', 'INBOUND_CALL', 1, 'N', 'Seconds', 1, 0);
insert into cc_d_unit_of_work (unit_of_work_name, unit_of_work_category, production_plan_id, hourly_flag, handle_time_unit, acd, ivr) values ('Emp2 Threshold Message 500', 'INBOUND_CALL', 1, 'N', 'Seconds', 1, 0);
insert into cc_d_unit_of_work (unit_of_work_name, unit_of_work_category, production_plan_id, hourly_flag, handle_time_unit, acd, ivr) values ('Claim Enquiry Threshold Message 500', 'INBOUND_CALL', 1, 'N', 'Seconds', 1, 0);
insert into cc_d_unit_of_work (unit_of_work_name, unit_of_work_category, production_plan_id, hourly_flag, handle_time_unit, acd, ivr) values ('Resets Threshold Message 500', 'INBOUND_CALL', 1, 'N', 'Seconds', 1, 0);
insert into cc_d_unit_of_work (unit_of_work_name, unit_of_work_category, production_plan_id, hourly_flag, handle_time_unit, acd, ivr) values ('Filing Threshold Message 500', 'INBOUND_CALL', 1, 'N', 'Seconds', 1, 0);
insert into cc_d_unit_of_work (unit_of_work_name, unit_of_work_category, production_plan_id, hourly_flag, handle_time_unit, acd, ivr) values ('Weekly Threshold Message 500', 'INBOUND_CALL', 1, 'N', 'Seconds', 1, 0);
insert into cc_d_unit_of_work (unit_of_work_name, unit_of_work_category, production_plan_id, hourly_flag, handle_time_unit, acd, ivr) values ('Status Threshold Message 500', 'INBOUND_CALL', 1, 'N', 'Seconds', 1, 0);
insert into cc_d_unit_of_work (unit_of_work_name, unit_of_work_category, production_plan_id, hourly_flag, handle_time_unit, acd, ivr) values ('Emp1 Threshold Message 50', 'INBOUND_CALL', 1, 'N', 'Seconds', 1, 0);
insert into cc_d_unit_of_work (unit_of_work_name, unit_of_work_category, production_plan_id, hourly_flag, handle_time_unit, acd, ivr) values ('Emp2 Threshold Message 50', 'INBOUND_CALL', 1, 'N', 'Seconds', 1, 0);
insert into cc_d_unit_of_work (unit_of_work_name, unit_of_work_category, production_plan_id, hourly_flag, handle_time_unit, acd, ivr) values ('Claim Enquiry Threshold Message 50', 'INBOUND_CALL', 1, 'N', 'Seconds', 1, 0);
insert into cc_d_unit_of_work (unit_of_work_name, unit_of_work_category, production_plan_id, hourly_flag, handle_time_unit, acd, ivr) values ('Resets Threshold Message 50', 'INBOUND_CALL', 1, 'N', 'Seconds', 1, 0);
insert into cc_d_unit_of_work (unit_of_work_name, unit_of_work_category, production_plan_id, hourly_flag, handle_time_unit, acd, ivr) values ('Filing Threshold Message 50', 'INBOUND_CALL', 1, 'N', 'Seconds', 1, 0);
insert into cc_d_unit_of_work (unit_of_work_name, unit_of_work_category, production_plan_id, hourly_flag, handle_time_unit, acd, ivr) values ('Weekly Threshold Message 50', 'INBOUND_CALL', 1, 'N', 'Seconds', 1, 0);
insert into cc_d_unit_of_work (unit_of_work_name, unit_of_work_category, production_plan_id, hourly_flag, handle_time_unit, acd, ivr) values ('Status Threshold Message 50', 'INBOUND_CALL', 1, 'N', 'Seconds', 1, 0);
insert into cc_d_unit_of_work (unit_of_work_name, unit_of_work_category, production_plan_id, hourly_flag, handle_time_unit, acd, ivr) values ('NCUI Inbound  Emp1 Rona', 'INBOUND_CALL', 1, 'N', 'Seconds', 1, 0);
insert into cc_d_unit_of_work (unit_of_work_name, unit_of_work_category, production_plan_id, hourly_flag, handle_time_unit, acd, ivr) values ('NCUI Inbound Emp2 Rona', 'INBOUND_CALL', 1, 'N', 'Seconds', 1, 0);
insert into cc_d_unit_of_work (unit_of_work_name, unit_of_work_category, production_plan_id, hourly_flag, handle_time_unit, acd, ivr) values ('NCUI Inbound Claim Enquiry Rona', 'INBOUND_CALL', 1, 'N', 'Seconds', 1, 0);
insert into cc_d_unit_of_work (unit_of_work_name, unit_of_work_category, production_plan_id, hourly_flag, handle_time_unit, acd, ivr) values ('NCUI Inbound Resets Rona', 'INBOUND_CALL', 1, 'N', 'Seconds', 1, 0);
insert into cc_d_unit_of_work (unit_of_work_name, unit_of_work_category, production_plan_id, hourly_flag, handle_time_unit, acd, ivr) values ('NCUI Inbound Filing Rona', 'INBOUND_CALL', 1, 'N', 'Seconds', 1, 0);
insert into cc_d_unit_of_work (unit_of_work_name, unit_of_work_category, production_plan_id, hourly_flag, handle_time_unit, acd, ivr) values ('NCUI Inbound Weekly Rona', 'INBOUND_CALL', 1, 'N', 'Seconds', 1, 0);
insert into cc_d_unit_of_work (unit_of_work_name, unit_of_work_category, production_plan_id, hourly_flag, handle_time_unit, acd, ivr) values ('NCUI Inbound Status Rona', 'INBOUND_CALL', 1, 'N', 'Seconds', 1, 0);
insert into cc_d_unit_of_work (unit_of_work_name, unit_of_work_category, production_plan_id, hourly_flag, handle_time_unit, acd, ivr) values ('External Transfer to NCUI VIP', 'INBOUND_CALL', 1, 'N', 'Seconds', 1, 0);
insert into cc_d_unit_of_work (unit_of_work_name, unit_of_work_category, production_plan_id, hourly_flag, handle_time_unit, acd, ivr) values ('PUA Threshold Message 1000', 'INBOUND_CALL', 1, 'N', 'Seconds', 1, 0);
insert into cc_d_unit_of_work (unit_of_work_name, unit_of_work_category, production_plan_id, hourly_flag, handle_time_unit, acd, ivr) values ('Claimant Threshold Message 1000', 'INBOUND_CALL', 1, 'N', 'Seconds', 1, 0);
insert into cc_d_unit_of_work (unit_of_work_name, unit_of_work_category, production_plan_id, hourly_flag, handle_time_unit, acd, ivr) values ('Emp1 Threshold Message 1000', 'INBOUND_CALL', 1, 'N', 'Seconds', 1, 0);
insert into cc_d_unit_of_work (unit_of_work_name, unit_of_work_category, production_plan_id, hourly_flag, handle_time_unit, acd, ivr) values ('NCUI Status Transfer', 'IVR', 1, 'N', 'Seconds', 0, 1);
insert into cc_d_unit_of_work (unit_of_work_name, unit_of_work_category, production_plan_id, hourly_flag, handle_time_unit, acd, ivr) values ('External Transfer to NCUI SRT', 'External Transfer', 1, 'N', 'Seconds', 1, 0);

commit;

--Contact Queues

update cc_c_contact_queue set queue_type = 'Inbound', unit_of_work_name = 'NCUI Inbound No Agent Emp1', project_name = 'NC UI', program_name = 'Unemployment Insurance Helpline', region_name = 'Eastern', state_name = 'North Carolina', service_seconds= 30, interval_minutes = 15 where queue_number = 8626;
update cc_c_contact_queue set queue_type = 'Inbound', unit_of_work_name = 'NCUI Inbound No Agent Emp2', project_name = 'NC UI', program_name = 'Unemployment Insurance Helpline', region_name = 'Eastern', state_name = 'North Carolina', service_seconds= 30, interval_minutes = 15 where queue_number = 8627;
update cc_c_contact_queue set queue_type = 'Inbound', unit_of_work_name = 'NCUI Inbound No Agent Claim Enquiry', project_name = 'NC UI', program_name = 'Unemployment Insurance Helpline', region_name = 'Eastern', state_name = 'North Carolina', service_seconds= 30, interval_minutes = 15 where queue_number = 8628;
update cc_c_contact_queue set queue_type = 'Inbound', unit_of_work_name = 'NCUI Inbound No Agent Resets', project_name = 'NC UI', program_name = 'Unemployment Insurance Helpline', region_name = 'Eastern', state_name = 'North Carolina', service_seconds= 30, interval_minutes = 15 where queue_number = 8629;
update cc_c_contact_queue set queue_type = 'Inbound', unit_of_work_name = 'NCUI Inbound No Agent Filing', project_name = 'NC UI', program_name = 'Unemployment Insurance Helpline', region_name = 'Eastern', state_name = 'North Carolina', service_seconds= 30, interval_minutes = 15 where queue_number = 8630;
update cc_c_contact_queue set queue_type = 'Inbound', unit_of_work_name = 'NCUI Inbound No Agent Weekly', project_name = 'NC UI', program_name = 'Unemployment Insurance Helpline', region_name = 'Eastern', state_name = 'North Carolina', service_seconds= 30, interval_minutes = 15 where queue_number = 8631;
update cc_c_contact_queue set queue_type = 'Inbound', unit_of_work_name = 'NCUI Inbound No Agent Status', project_name = 'NC UI', program_name = 'Unemployment Insurance Helpline', region_name = 'Eastern', state_name = 'North Carolina', service_seconds= 30, interval_minutes = 15 where queue_number = 8632;
update cc_c_contact_queue set queue_type = 'Callback', unit_of_work_name = 'Courtesy Callback Emp1', project_name = 'NC UI', program_name = 'Unemployment Insurance Helpline', region_name = 'Eastern', state_name = 'North Carolina', service_seconds= 30, interval_minutes = 15 where queue_number = 8633;
update cc_c_contact_queue set queue_type = 'Callback', unit_of_work_name = 'Courtesy Callback  Emp2', project_name = 'NC UI', program_name = 'Unemployment Insurance Helpline', region_name = 'Eastern', state_name = 'North Carolina', service_seconds= 30, interval_minutes = 15 where queue_number = 8634;
update cc_c_contact_queue set queue_type = 'Callback', unit_of_work_name = 'Courtesy Callback  Claim Enquiry', project_name = 'NC UI', program_name = 'Unemployment Insurance Helpline', region_name = 'Eastern', state_name = 'North Carolina', service_seconds= 30, interval_minutes = 15 where queue_number = 8635;
update cc_c_contact_queue set queue_type = 'Callback', unit_of_work_name = 'Courtesy Callback  Resets', project_name = 'NC UI', program_name = 'Unemployment Insurance Helpline', region_name = 'Eastern', state_name = 'North Carolina', service_seconds= 30, interval_minutes = 15 where queue_number = 8636;
update cc_c_contact_queue set queue_type = 'Callback', unit_of_work_name = 'Courtesy Callback Filing', project_name = 'NC UI', program_name = 'Unemployment Insurance Helpline', region_name = 'Eastern', state_name = 'North Carolina', service_seconds= 30, interval_minutes = 15 where queue_number = 8637;
update cc_c_contact_queue set queue_type = 'Callback', unit_of_work_name = 'Courtesy Callback  Weekly', project_name = 'NC UI', program_name = 'Unemployment Insurance Helpline', region_name = 'Eastern', state_name = 'North Carolina', service_seconds= 30, interval_minutes = 15 where queue_number = 8638;
update cc_c_contact_queue set queue_type = 'Callback', unit_of_work_name = 'Courtesy Callback Status', project_name = 'NC UI', program_name = 'Unemployment Insurance Helpline', region_name = 'Eastern', state_name = 'North Carolina', service_seconds= 30, interval_minutes = 15 where queue_number = 8639;
update cc_c_contact_queue set queue_type = 'Inbound', unit_of_work_name = 'NCUI Inbound Emp1', project_name = 'NC UI', program_name = 'Unemployment Insurance Helpline', region_name = 'Eastern', state_name = 'North Carolina', service_seconds= 30, interval_minutes = 15 where queue_number = 8640;
update cc_c_contact_queue set queue_type = 'Inbound', unit_of_work_name = 'NCUI Inbound Emp2', project_name = 'NC UI', program_name = 'Unemployment Insurance Helpline', region_name = 'Eastern', state_name = 'North Carolina', service_seconds= 30, interval_minutes = 15 where queue_number = 8641;
update cc_c_contact_queue set queue_type = 'Inbound', unit_of_work_name = 'NCUI Inbound Claim Enquiry', project_name = 'NC UI', program_name = 'Unemployment Insurance Helpline', region_name = 'Eastern', state_name = 'North Carolina', service_seconds= 30, interval_minutes = 15 where queue_number = 8642;
update cc_c_contact_queue set queue_type = 'Inbound', unit_of_work_name = 'NCUI Inbound Resets', project_name = 'NC UI', program_name = 'Unemployment Insurance Helpline', region_name = 'Eastern', state_name = 'North Carolina', service_seconds= 30, interval_minutes = 15 where queue_number = 8643;
update cc_c_contact_queue set queue_type = 'Inbound', unit_of_work_name = 'NCUI Inbound Filing', project_name = 'NC UI', program_name = 'Unemployment Insurance Helpline', region_name = 'Eastern', state_name = 'North Carolina', service_seconds= 30, interval_minutes = 15 where queue_number = 8644;
update cc_c_contact_queue set queue_type = 'Inbound', unit_of_work_name = 'NCUI Inbound Weekly', project_name = 'NC UI', program_name = 'Unemployment Insurance Helpline', region_name = 'Eastern', state_name = 'North Carolina', service_seconds= 30, interval_minutes = 15 where queue_number = 8645;
update cc_c_contact_queue set queue_type = 'Inbound', unit_of_work_name = 'NCUI Inbound Status', project_name = 'NC UI', program_name = 'Unemployment Insurance Helpline', region_name = 'Eastern', state_name = 'North Carolina', service_seconds= 30, interval_minutes = 15 where queue_number = 8646;
update cc_c_contact_queue set queue_type = 'Busy Message', unit_of_work_name = 'Emp1 Threshold Message 100', project_name = 'NC UI', program_name = 'Unemployment Insurance Helpline', region_name = 'Eastern', state_name = 'North Carolina', service_seconds= 30, interval_minutes = 15 where queue_number = 8647;
update cc_c_contact_queue set queue_type = 'Busy Message', unit_of_work_name = 'Emp2 Threshold Message 100', project_name = 'NC UI', program_name = 'Unemployment Insurance Helpline', region_name = 'Eastern', state_name = 'North Carolina', service_seconds= 30, interval_minutes = 15 where queue_number = 8648;
update cc_c_contact_queue set queue_type = 'Busy Message', unit_of_work_name = 'Claim Enquiry Threshold Message 100', project_name = 'NC UI', program_name = 'Unemployment Insurance Helpline', region_name = 'Eastern', state_name = 'North Carolina', service_seconds= 30, interval_minutes = 15 where queue_number = 8649;
update cc_c_contact_queue set queue_type = 'Busy Message', unit_of_work_name = 'Resets Threshold Message 100', project_name = 'NC UI', program_name = 'Unemployment Insurance Helpline', region_name = 'Eastern', state_name = 'North Carolina', service_seconds= 30, interval_minutes = 15 where queue_number = 8650;
update cc_c_contact_queue set queue_type = 'Busy Message', unit_of_work_name = 'Filing Threshold Message 100', project_name = 'NC UI', program_name = 'Unemployment Insurance Helpline', region_name = 'Eastern', state_name = 'North Carolina', service_seconds= 30, interval_minutes = 15 where queue_number = 8651;
update cc_c_contact_queue set queue_type = 'Busy Message', unit_of_work_name = 'Weekly Threshold Message 100', project_name = 'NC UI', program_name = 'Unemployment Insurance Helpline', region_name = 'Eastern', state_name = 'North Carolina', service_seconds= 30, interval_minutes = 15 where queue_number = 8652;
update cc_c_contact_queue set queue_type = 'Busy Message', unit_of_work_name = 'Status Threshold Message 100', project_name = 'NC UI', program_name = 'Unemployment Insurance Helpline', region_name = 'Eastern', state_name = 'North Carolina', service_seconds= 30, interval_minutes = 15 where queue_number = 8653;
update cc_c_contact_queue set queue_type = 'Busy Message', unit_of_work_name = 'Emp1 Threshold Message 150', project_name = 'NC UI', program_name = 'Unemployment Insurance Helpline', region_name = 'Eastern', state_name = 'North Carolina', service_seconds= 30, interval_minutes = 15 where queue_number = 8654;
update cc_c_contact_queue set queue_type = 'Busy Message', unit_of_work_name = 'Emp2 Threshold Message 150', project_name = 'NC UI', program_name = 'Unemployment Insurance Helpline', region_name = 'Eastern', state_name = 'North Carolina', service_seconds= 30, interval_minutes = 15 where queue_number = 8655;
update cc_c_contact_queue set queue_type = 'Busy Message', unit_of_work_name = 'Claim Enquiry Threshold Message 150', project_name = 'NC UI', program_name = 'Unemployment Insurance Helpline', region_name = 'Eastern', state_name = 'North Carolina', service_seconds= 30, interval_minutes = 15 where queue_number = 8656;
update cc_c_contact_queue set queue_type = 'Busy Message', unit_of_work_name = 'Resets Threshold Message 150', project_name = 'NC UI', program_name = 'Unemployment Insurance Helpline', region_name = 'Eastern', state_name = 'North Carolina', service_seconds= 30, interval_minutes = 15 where queue_number = 8657;
update cc_c_contact_queue set queue_type = 'Busy Message', unit_of_work_name = 'Filing Threshold Message 150', project_name = 'NC UI', program_name = 'Unemployment Insurance Helpline', region_name = 'Eastern', state_name = 'North Carolina', service_seconds= 30, interval_minutes = 15 where queue_number = 8658;
update cc_c_contact_queue set queue_type = 'Busy Message', unit_of_work_name = 'Weekly Threshold Message 150', project_name = 'NC UI', program_name = 'Unemployment Insurance Helpline', region_name = 'Eastern', state_name = 'North Carolina', service_seconds= 30, interval_minutes = 15 where queue_number = 8659;
update cc_c_contact_queue set queue_type = 'Busy Message', unit_of_work_name = 'Status Threshold Message 150', project_name = 'NC UI', program_name = 'Unemployment Insurance Helpline', region_name = 'Eastern', state_name = 'North Carolina', service_seconds= 30, interval_minutes = 15 where queue_number = 8660;
update cc_c_contact_queue set queue_type = 'Busy Message', unit_of_work_name = 'Emp1 Threshold Message 200', project_name = 'NC UI', program_name = 'Unemployment Insurance Helpline', region_name = 'Eastern', state_name = 'North Carolina', service_seconds= 30, interval_minutes = 15 where queue_number = 8661;
update cc_c_contact_queue set queue_type = 'Busy Message', unit_of_work_name = 'Emp2 Threshold Message 200', project_name = 'NC UI', program_name = 'Unemployment Insurance Helpline', region_name = 'Eastern', state_name = 'North Carolina', service_seconds= 30, interval_minutes = 15 where queue_number = 8662;
update cc_c_contact_queue set queue_type = 'Busy Message', unit_of_work_name = 'Claim Enquiry Threshold Message 200', project_name = 'NC UI', program_name = 'Unemployment Insurance Helpline', region_name = 'Eastern', state_name = 'North Carolina', service_seconds= 30, interval_minutes = 15 where queue_number = 8663;
update cc_c_contact_queue set queue_type = 'Busy Message', unit_of_work_name = 'Resets Threshold Message 200', project_name = 'NC UI', program_name = 'Unemployment Insurance Helpline', region_name = 'Eastern', state_name = 'North Carolina', service_seconds= 30, interval_minutes = 15 where queue_number = 8664;
update cc_c_contact_queue set queue_type = 'Busy Message', unit_of_work_name = 'Filing Threshold Message 200', project_name = 'NC UI', program_name = 'Unemployment Insurance Helpline', region_name = 'Eastern', state_name = 'North Carolina', service_seconds= 30, interval_minutes = 15 where queue_number = 8665;
update cc_c_contact_queue set queue_type = 'Busy Message', unit_of_work_name = 'Weekly Threshold Message 200', project_name = 'NC UI', program_name = 'Unemployment Insurance Helpline', region_name = 'Eastern', state_name = 'North Carolina', service_seconds= 30, interval_minutes = 15 where queue_number = 8666;
update cc_c_contact_queue set queue_type = 'Busy Message', unit_of_work_name = 'Status Threshold Message 200', project_name = 'NC UI', program_name = 'Unemployment Insurance Helpline', region_name = 'Eastern', state_name = 'North Carolina', service_seconds= 30, interval_minutes = 15 where queue_number = 8667;
update cc_c_contact_queue set queue_type = 'Busy Message', unit_of_work_name = 'Emp1 Threshold Message 250', project_name = 'NC UI', program_name = 'Unemployment Insurance Helpline', region_name = 'Eastern', state_name = 'North Carolina', service_seconds= 30, interval_minutes = 15 where queue_number = 8668;
update cc_c_contact_queue set queue_type = 'Busy Message', unit_of_work_name = 'Emp2 Threshold Message 250', project_name = 'NC UI', program_name = 'Unemployment Insurance Helpline', region_name = 'Eastern', state_name = 'North Carolina', service_seconds= 30, interval_minutes = 15 where queue_number = 8669;
update cc_c_contact_queue set queue_type = 'Busy Message', unit_of_work_name = 'Claim Enquiry Threshold Message 250', project_name = 'NC UI', program_name = 'Unemployment Insurance Helpline', region_name = 'Eastern', state_name = 'North Carolina', service_seconds= 30, interval_minutes = 15 where queue_number = 8670;
update cc_c_contact_queue set queue_type = 'Busy Message', unit_of_work_name = 'Resets Threshold Message 250', project_name = 'NC UI', program_name = 'Unemployment Insurance Helpline', region_name = 'Eastern', state_name = 'North Carolina', service_seconds= 30, interval_minutes = 15 where queue_number = 8671;
update cc_c_contact_queue set queue_type = 'Busy Message', unit_of_work_name = 'Filing Threshold Message 250', project_name = 'NC UI', program_name = 'Unemployment Insurance Helpline', region_name = 'Eastern', state_name = 'North Carolina', service_seconds= 30, interval_minutes = 15 where queue_number = 8672;
update cc_c_contact_queue set queue_type = 'Busy Message', unit_of_work_name = 'Weekly Threshold Message 250', project_name = 'NC UI', program_name = 'Unemployment Insurance Helpline', region_name = 'Eastern', state_name = 'North Carolina', service_seconds= 30, interval_minutes = 15 where queue_number = 8673;
update cc_c_contact_queue set queue_type = 'Busy Message', unit_of_work_name = 'Status Threshold Message 250', project_name = 'NC UI', program_name = 'Unemployment Insurance Helpline', region_name = 'Eastern', state_name = 'North Carolina', service_seconds= 30, interval_minutes = 15 where queue_number = 8674;
update cc_c_contact_queue set queue_type = 'Busy Message', unit_of_work_name = 'Emp1 Threshold Message 500', project_name = 'NC UI', program_name = 'Unemployment Insurance Helpline', region_name = 'Eastern', state_name = 'North Carolina', service_seconds= 30, interval_minutes = 15 where queue_number = 8675;
update cc_c_contact_queue set queue_type = 'Busy Message', unit_of_work_name = 'Emp2 Threshold Message 500', project_name = 'NC UI', program_name = 'Unemployment Insurance Helpline', region_name = 'Eastern', state_name = 'North Carolina', service_seconds= 30, interval_minutes = 15 where queue_number = 8676;
update cc_c_contact_queue set queue_type = 'Busy Message', unit_of_work_name = 'Claim Enquiry Threshold Message 500', project_name = 'NC UI', program_name = 'Unemployment Insurance Helpline', region_name = 'Eastern', state_name = 'North Carolina', service_seconds= 30, interval_minutes = 15 where queue_number = 8677;
update cc_c_contact_queue set queue_type = 'Busy Message', unit_of_work_name = 'Resets Threshold Message 500', project_name = 'NC UI', program_name = 'Unemployment Insurance Helpline', region_name = 'Eastern', state_name = 'North Carolina', service_seconds= 30, interval_minutes = 15 where queue_number = 8678;
update cc_c_contact_queue set queue_type = 'Busy Message', unit_of_work_name = 'Filing Threshold Message 500', project_name = 'NC UI', program_name = 'Unemployment Insurance Helpline', region_name = 'Eastern', state_name = 'North Carolina', service_seconds= 30, interval_minutes = 15 where queue_number = 8679;
update cc_c_contact_queue set queue_type = 'Busy Message', unit_of_work_name = 'Weekly Threshold Message 500', project_name = 'NC UI', program_name = 'Unemployment Insurance Helpline', region_name = 'Eastern', state_name = 'North Carolina', service_seconds= 30, interval_minutes = 15 where queue_number = 8680;
update cc_c_contact_queue set queue_type = 'Busy Message', unit_of_work_name = 'Status Threshold Message 500', project_name = 'NC UI', program_name = 'Unemployment Insurance Helpline', region_name = 'Eastern', state_name = 'North Carolina', service_seconds= 30, interval_minutes = 15 where queue_number = 8681;
update cc_c_contact_queue set queue_type = 'Busy Message', unit_of_work_name = 'Emp1 Threshold Message 50', project_name = 'NC UI', program_name = 'Unemployment Insurance Helpline', region_name = 'Eastern', state_name = 'North Carolina', service_seconds= 30, interval_minutes = 15 where queue_number = 8682;
update cc_c_contact_queue set queue_type = 'Busy Message', unit_of_work_name = 'Emp2 Threshold Message 50', project_name = 'NC UI', program_name = 'Unemployment Insurance Helpline', region_name = 'Eastern', state_name = 'North Carolina', service_seconds= 30, interval_minutes = 15 where queue_number = 8683;
update cc_c_contact_queue set queue_type = 'Busy Message', unit_of_work_name = 'Claim Enquiry Threshold Message 50', project_name = 'NC UI', program_name = 'Unemployment Insurance Helpline', region_name = 'Eastern', state_name = 'North Carolina', service_seconds= 30, interval_minutes = 15 where queue_number = 8684;
update cc_c_contact_queue set queue_type = 'Busy Message', unit_of_work_name = 'Resets Threshold Message 50', project_name = 'NC UI', program_name = 'Unemployment Insurance Helpline', region_name = 'Eastern', state_name = 'North Carolina', service_seconds= 30, interval_minutes = 15 where queue_number = 8685;
update cc_c_contact_queue set queue_type = 'Busy Message', unit_of_work_name = 'Filing Threshold Message 50', project_name = 'NC UI', program_name = 'Unemployment Insurance Helpline', region_name = 'Eastern', state_name = 'North Carolina', service_seconds= 30, interval_minutes = 15 where queue_number = 8686;
update cc_c_contact_queue set queue_type = 'Busy Message', unit_of_work_name = 'Weekly Threshold Message 50', project_name = 'NC UI', program_name = 'Unemployment Insurance Helpline', region_name = 'Eastern', state_name = 'North Carolina', service_seconds= 30, interval_minutes = 15 where queue_number = 8687;
update cc_c_contact_queue set queue_type = 'Busy Message', unit_of_work_name = 'Status Threshold Message 50', project_name = 'NC UI', program_name = 'Unemployment Insurance Helpline', region_name = 'Eastern', state_name = 'North Carolina', service_seconds= 30, interval_minutes = 15 where queue_number = 8688;
update cc_c_contact_queue set queue_type = 'Inbound', unit_of_work_name = 'NCUI Inbound  Emp1 Rona', project_name = 'NC UI', program_name = 'Unemployment Insurance Helpline', region_name = 'Eastern', state_name = 'North Carolina', service_seconds= 30, interval_minutes = 15 where queue_number = 8689;
update cc_c_contact_queue set queue_type = 'Inbound', unit_of_work_name = 'NCUI Inbound Emp2 Rona', project_name = 'NC UI', program_name = 'Unemployment Insurance Helpline', region_name = 'Eastern', state_name = 'North Carolina', service_seconds= 30, interval_minutes = 15 where queue_number = 8690;
update cc_c_contact_queue set queue_type = 'Inbound', unit_of_work_name = 'NCUI Inbound Claim Enquiry Rona', project_name = 'NC UI', program_name = 'Unemployment Insurance Helpline', region_name = 'Eastern', state_name = 'North Carolina', service_seconds= 30, interval_minutes = 15 where queue_number = 8691;
update cc_c_contact_queue set queue_type = 'Inbound', unit_of_work_name = 'NCUI Inbound Resets Rona', project_name = 'NC UI', program_name = 'Unemployment Insurance Helpline', region_name = 'Eastern', state_name = 'North Carolina', service_seconds= 30, interval_minutes = 15 where queue_number = 8692;
update cc_c_contact_queue set queue_type = 'Inbound', unit_of_work_name = 'NCUI Inbound Filing Rona', project_name = 'NC UI', program_name = 'Unemployment Insurance Helpline', region_name = 'Eastern', state_name = 'North Carolina', service_seconds= 30, interval_minutes = 15 where queue_number = 8693;
update cc_c_contact_queue set queue_type = 'Inbound', unit_of_work_name = 'NCUI Inbound Weekly Rona', project_name = 'NC UI', program_name = 'Unemployment Insurance Helpline', region_name = 'Eastern', state_name = 'North Carolina', service_seconds= 30, interval_minutes = 15 where queue_number = 8694;
update cc_c_contact_queue set queue_type = 'Inbound', unit_of_work_name = 'NCUI Inbound Status Rona', project_name = 'NC UI', program_name = 'Unemployment Insurance Helpline', region_name = 'Eastern', state_name = 'North Carolina', service_seconds= 30, interval_minutes = 15 where queue_number = 8695;
update cc_c_contact_queue set queue_type = 'External Transfer', unit_of_work_name = 'External Transfer to NCUI VIP', project_name = 'NC UI', program_name = 'Unemployment Insurance Helpline', region_name = 'Eastern', state_name = 'North Carolina', service_seconds= 30, interval_minutes = 15 where queue_number = 8696;
update cc_c_contact_queue set queue_type = 'Busy Message', unit_of_work_name = 'PUA Threshold Message 1000', project_name = 'NC UI', program_name = 'Unemployment Insurance Helpline', region_name = 'Eastern', state_name = 'North Carolina', service_seconds= 30, interval_minutes = 15 where queue_number = 8697;
update cc_c_contact_queue set queue_type = 'Busy Message', unit_of_work_name = 'Claimant Threshold Message 1000', project_name = 'NC UI', program_name = 'Unemployment Insurance Helpline', region_name = 'Eastern', state_name = 'North Carolina', service_seconds= 30, interval_minutes = 15 where queue_number = 8698;
update cc_c_contact_queue set queue_type = 'Busy Message', unit_of_work_name = 'Emp1 Threshold Message 1000', project_name = 'NC UI', program_name = 'Unemployment Insurance Helpline', region_name = 'Eastern', state_name = 'North Carolina', service_seconds= 30, interval_minutes = 15 where queue_number = 8700;
update cc_c_contact_queue set queue_type = 'Status Transfer', unit_of_work_name = 'NCUI Status Transfer', project_name = 'NC UI', program_name = 'Unemployment Insurance Helpline', region_name = 'Eastern', state_name = 'North Carolina', service_seconds= 30, interval_minutes = 15 where queue_number = 8701;
update cc_c_contact_queue set queue_type = 'External Transfer', unit_of_work_name = 'External Transfer to NCUI SRT', project_name = 'NC UI', program_name = 'Unemployment Insurance Helpline', region_name = 'Eastern', state_name = 'North Carolina', service_seconds= 30, interval_minutes = 15 where queue_number = 8751;


update cc_s_contact_queue set project_config_id = (select project_config_id from cc_c_project_config where project_name = 'NC UI' and program_name = 'Unemployment Insurance Helpline'), queue_type = 'Inbound', unit_of_work_id = (select unit_of_work_id from cc_c_unit_of_work where unit_of_work_name = 'NCUI Inbound No Agent Emp1'), service_seconds= 30, interval_minutes = 15 where queue_number = 8626;
update cc_s_contact_queue set project_config_id = (select project_config_id from cc_c_project_config where project_name = 'NC UI' and program_name = 'Unemployment Insurance Helpline'), queue_type = 'Inbound', unit_of_work_id = (select unit_of_work_id from cc_c_unit_of_work where unit_of_work_name = 'NCUI Inbound No Agent Emp2'), service_seconds= 30, interval_minutes = 15 where queue_number = 8627;
update cc_s_contact_queue set project_config_id = (select project_config_id from cc_c_project_config where project_name = 'NC UI' and program_name = 'Unemployment Insurance Helpline'), queue_type = 'Inbound', unit_of_work_id = (select unit_of_work_id from cc_c_unit_of_work where unit_of_work_name = 'NCUI Inbound No Agent Claim Enquiry'), service_seconds= 30, interval_minutes = 15 where queue_number = 8628;
update cc_s_contact_queue set project_config_id = (select project_config_id from cc_c_project_config where project_name = 'NC UI' and program_name = 'Unemployment Insurance Helpline'), queue_type = 'Inbound', unit_of_work_id = (select unit_of_work_id from cc_c_unit_of_work where unit_of_work_name = 'NCUI Inbound No Agent Resets'), service_seconds= 30, interval_minutes = 15 where queue_number = 8629;
update cc_s_contact_queue set project_config_id = (select project_config_id from cc_c_project_config where project_name = 'NC UI' and program_name = 'Unemployment Insurance Helpline'), queue_type = 'Inbound', unit_of_work_id = (select unit_of_work_id from cc_c_unit_of_work where unit_of_work_name = 'NCUI Inbound No Agent Filing'), service_seconds= 30, interval_minutes = 15 where queue_number = 8630;
update cc_s_contact_queue set project_config_id = (select project_config_id from cc_c_project_config where project_name = 'NC UI' and program_name = 'Unemployment Insurance Helpline'), queue_type = 'Inbound', unit_of_work_id = (select unit_of_work_id from cc_c_unit_of_work where unit_of_work_name = 'NCUI Inbound No Agent Weekly'), service_seconds= 30, interval_minutes = 15 where queue_number = 8631;
update cc_s_contact_queue set project_config_id = (select project_config_id from cc_c_project_config where project_name = 'NC UI' and program_name = 'Unemployment Insurance Helpline'), queue_type = 'Inbound', unit_of_work_id = (select unit_of_work_id from cc_c_unit_of_work where unit_of_work_name = 'NCUI Inbound No Agent Status'), service_seconds= 30, interval_minutes = 15 where queue_number = 8632;
update cc_s_contact_queue set project_config_id = (select project_config_id from cc_c_project_config where project_name = 'NC UI' and program_name = 'Unemployment Insurance Helpline'), queue_type = 'Callback', unit_of_work_id = (select unit_of_work_id from cc_c_unit_of_work where unit_of_work_name = 'Courtesy Callback Emp1'), service_seconds= 30, interval_minutes = 15 where queue_number = 8633;
update cc_s_contact_queue set project_config_id = (select project_config_id from cc_c_project_config where project_name = 'NC UI' and program_name = 'Unemployment Insurance Helpline'), queue_type = 'Callback', unit_of_work_id = (select unit_of_work_id from cc_c_unit_of_work where unit_of_work_name = 'Courtesy Callback  Emp2'), service_seconds= 30, interval_minutes = 15 where queue_number = 8634;
update cc_s_contact_queue set project_config_id = (select project_config_id from cc_c_project_config where project_name = 'NC UI' and program_name = 'Unemployment Insurance Helpline'), queue_type = 'Callback', unit_of_work_id = (select unit_of_work_id from cc_c_unit_of_work where unit_of_work_name = 'Courtesy Callback  Claim Enquiry'), service_seconds= 30, interval_minutes = 15 where queue_number = 8635;
update cc_s_contact_queue set project_config_id = (select project_config_id from cc_c_project_config where project_name = 'NC UI' and program_name = 'Unemployment Insurance Helpline'), queue_type = 'Callback', unit_of_work_id = (select unit_of_work_id from cc_c_unit_of_work where unit_of_work_name = 'Courtesy Callback  Resets'), service_seconds= 30, interval_minutes = 15 where queue_number = 8636;
update cc_s_contact_queue set project_config_id = (select project_config_id from cc_c_project_config where project_name = 'NC UI' and program_name = 'Unemployment Insurance Helpline'), queue_type = 'Callback', unit_of_work_id = (select unit_of_work_id from cc_c_unit_of_work where unit_of_work_name = 'Courtesy Callback Filing'), service_seconds= 30, interval_minutes = 15 where queue_number = 8637;
update cc_s_contact_queue set project_config_id = (select project_config_id from cc_c_project_config where project_name = 'NC UI' and program_name = 'Unemployment Insurance Helpline'), queue_type = 'Callback', unit_of_work_id = (select unit_of_work_id from cc_c_unit_of_work where unit_of_work_name = 'Courtesy Callback  Weekly'), service_seconds= 30, interval_minutes = 15 where queue_number = 8638;
update cc_s_contact_queue set project_config_id = (select project_config_id from cc_c_project_config where project_name = 'NC UI' and program_name = 'Unemployment Insurance Helpline'), queue_type = 'Callback', unit_of_work_id = (select unit_of_work_id from cc_c_unit_of_work where unit_of_work_name = 'Courtesy Callback Status'), service_seconds= 30, interval_minutes = 15 where queue_number = 8639;
update cc_s_contact_queue set project_config_id = (select project_config_id from cc_c_project_config where project_name = 'NC UI' and program_name = 'Unemployment Insurance Helpline'), queue_type = 'Inbound', unit_of_work_id = (select unit_of_work_id from cc_c_unit_of_work where unit_of_work_name = 'NCUI Inbound Emp1'), service_seconds= 30, interval_minutes = 15 where queue_number = 8640;
update cc_s_contact_queue set project_config_id = (select project_config_id from cc_c_project_config where project_name = 'NC UI' and program_name = 'Unemployment Insurance Helpline'), queue_type = 'Inbound', unit_of_work_id = (select unit_of_work_id from cc_c_unit_of_work where unit_of_work_name = 'NCUI Inbound Emp2'), service_seconds= 30, interval_minutes = 15 where queue_number = 8641;
update cc_s_contact_queue set project_config_id = (select project_config_id from cc_c_project_config where project_name = 'NC UI' and program_name = 'Unemployment Insurance Helpline'), queue_type = 'Inbound', unit_of_work_id = (select unit_of_work_id from cc_c_unit_of_work where unit_of_work_name = 'NCUI Inbound Claim Enquiry'), service_seconds= 30, interval_minutes = 15 where queue_number = 8642;
update cc_s_contact_queue set project_config_id = (select project_config_id from cc_c_project_config where project_name = 'NC UI' and program_name = 'Unemployment Insurance Helpline'), queue_type = 'Inbound', unit_of_work_id = (select unit_of_work_id from cc_c_unit_of_work where unit_of_work_name = 'NCUI Inbound Resets'), service_seconds= 30, interval_minutes = 15 where queue_number = 8643;
update cc_s_contact_queue set project_config_id = (select project_config_id from cc_c_project_config where project_name = 'NC UI' and program_name = 'Unemployment Insurance Helpline'), queue_type = 'Inbound', unit_of_work_id = (select unit_of_work_id from cc_c_unit_of_work where unit_of_work_name = 'NCUI Inbound Filing'), service_seconds= 30, interval_minutes = 15 where queue_number = 8644;
update cc_s_contact_queue set project_config_id = (select project_config_id from cc_c_project_config where project_name = 'NC UI' and program_name = 'Unemployment Insurance Helpline'), queue_type = 'Inbound', unit_of_work_id = (select unit_of_work_id from cc_c_unit_of_work where unit_of_work_name = 'NCUI Inbound Weekly'), service_seconds= 30, interval_minutes = 15 where queue_number = 8645;
update cc_s_contact_queue set project_config_id = (select project_config_id from cc_c_project_config where project_name = 'NC UI' and program_name = 'Unemployment Insurance Helpline'), queue_type = 'Inbound', unit_of_work_id = (select unit_of_work_id from cc_c_unit_of_work where unit_of_work_name = 'NCUI Inbound Status'), service_seconds= 30, interval_minutes = 15 where queue_number = 8646;
update cc_s_contact_queue set project_config_id = (select project_config_id from cc_c_project_config where project_name = 'NC UI' and program_name = 'Unemployment Insurance Helpline'), queue_type = 'Busy Message', unit_of_work_id = (select unit_of_work_id from cc_c_unit_of_work where unit_of_work_name = 'Emp1 Threshold Message 100'), service_seconds= 30, interval_minutes = 15 where queue_number = 8647;
update cc_s_contact_queue set project_config_id = (select project_config_id from cc_c_project_config where project_name = 'NC UI' and program_name = 'Unemployment Insurance Helpline'), queue_type = 'Busy Message', unit_of_work_id = (select unit_of_work_id from cc_c_unit_of_work where unit_of_work_name = 'Emp2 Threshold Message 100'), service_seconds= 30, interval_minutes = 15 where queue_number = 8648;
update cc_s_contact_queue set project_config_id = (select project_config_id from cc_c_project_config where project_name = 'NC UI' and program_name = 'Unemployment Insurance Helpline'), queue_type = 'Busy Message', unit_of_work_id = (select unit_of_work_id from cc_c_unit_of_work where unit_of_work_name = 'Claim Enquiry Threshold Message 100'), service_seconds= 30, interval_minutes = 15 where queue_number = 8649;
update cc_s_contact_queue set project_config_id = (select project_config_id from cc_c_project_config where project_name = 'NC UI' and program_name = 'Unemployment Insurance Helpline'), queue_type = 'Busy Message', unit_of_work_id = (select unit_of_work_id from cc_c_unit_of_work where unit_of_work_name = 'Resets Threshold Message 100'), service_seconds= 30, interval_minutes = 15 where queue_number = 8650;
update cc_s_contact_queue set project_config_id = (select project_config_id from cc_c_project_config where project_name = 'NC UI' and program_name = 'Unemployment Insurance Helpline'), queue_type = 'Busy Message', unit_of_work_id = (select unit_of_work_id from cc_c_unit_of_work where unit_of_work_name = 'Filing Threshold Message 100'), service_seconds= 30, interval_minutes = 15 where queue_number = 8651;
update cc_s_contact_queue set project_config_id = (select project_config_id from cc_c_project_config where project_name = 'NC UI' and program_name = 'Unemployment Insurance Helpline'), queue_type = 'Busy Message', unit_of_work_id = (select unit_of_work_id from cc_c_unit_of_work where unit_of_work_name = 'Weekly Threshold Message 100'), service_seconds= 30, interval_minutes = 15 where queue_number = 8652;
update cc_s_contact_queue set project_config_id = (select project_config_id from cc_c_project_config where project_name = 'NC UI' and program_name = 'Unemployment Insurance Helpline'), queue_type = 'Busy Message', unit_of_work_id = (select unit_of_work_id from cc_c_unit_of_work where unit_of_work_name = 'Status Threshold Message 100'), service_seconds= 30, interval_minutes = 15 where queue_number = 8653;
update cc_s_contact_queue set project_config_id = (select project_config_id from cc_c_project_config where project_name = 'NC UI' and program_name = 'Unemployment Insurance Helpline'), queue_type = 'Busy Message', unit_of_work_id = (select unit_of_work_id from cc_c_unit_of_work where unit_of_work_name = 'Emp1 Threshold Message 150'), service_seconds= 30, interval_minutes = 15 where queue_number = 8654;
update cc_s_contact_queue set project_config_id = (select project_config_id from cc_c_project_config where project_name = 'NC UI' and program_name = 'Unemployment Insurance Helpline'), queue_type = 'Busy Message', unit_of_work_id = (select unit_of_work_id from cc_c_unit_of_work where unit_of_work_name = 'Emp2 Threshold Message 150'), service_seconds= 30, interval_minutes = 15 where queue_number = 8655;
update cc_s_contact_queue set project_config_id = (select project_config_id from cc_c_project_config where project_name = 'NC UI' and program_name = 'Unemployment Insurance Helpline'), queue_type = 'Busy Message', unit_of_work_id = (select unit_of_work_id from cc_c_unit_of_work where unit_of_work_name = 'Claim Enquiry Threshold Message 150'), service_seconds= 30, interval_minutes = 15 where queue_number = 8656;
update cc_s_contact_queue set project_config_id = (select project_config_id from cc_c_project_config where project_name = 'NC UI' and program_name = 'Unemployment Insurance Helpline'), queue_type = 'Busy Message', unit_of_work_id = (select unit_of_work_id from cc_c_unit_of_work where unit_of_work_name = 'Resets Threshold Message 150'), service_seconds= 30, interval_minutes = 15 where queue_number = 8657;
update cc_s_contact_queue set project_config_id = (select project_config_id from cc_c_project_config where project_name = 'NC UI' and program_name = 'Unemployment Insurance Helpline'), queue_type = 'Busy Message', unit_of_work_id = (select unit_of_work_id from cc_c_unit_of_work where unit_of_work_name = 'Filing Threshold Message 150'), service_seconds= 30, interval_minutes = 15 where queue_number = 8658;
update cc_s_contact_queue set project_config_id = (select project_config_id from cc_c_project_config where project_name = 'NC UI' and program_name = 'Unemployment Insurance Helpline'), queue_type = 'Busy Message', unit_of_work_id = (select unit_of_work_id from cc_c_unit_of_work where unit_of_work_name = 'Weekly Threshold Message 150'), service_seconds= 30, interval_minutes = 15 where queue_number = 8659;
update cc_s_contact_queue set project_config_id = (select project_config_id from cc_c_project_config where project_name = 'NC UI' and program_name = 'Unemployment Insurance Helpline'), queue_type = 'Busy Message', unit_of_work_id = (select unit_of_work_id from cc_c_unit_of_work where unit_of_work_name = 'Status Threshold Message 150'), service_seconds= 30, interval_minutes = 15 where queue_number = 8660;
update cc_s_contact_queue set project_config_id = (select project_config_id from cc_c_project_config where project_name = 'NC UI' and program_name = 'Unemployment Insurance Helpline'), queue_type = 'Busy Message', unit_of_work_id = (select unit_of_work_id from cc_c_unit_of_work where unit_of_work_name = 'Emp1 Threshold Message 200'), service_seconds= 30, interval_minutes = 15 where queue_number = 8661;
update cc_s_contact_queue set project_config_id = (select project_config_id from cc_c_project_config where project_name = 'NC UI' and program_name = 'Unemployment Insurance Helpline'), queue_type = 'Busy Message', unit_of_work_id = (select unit_of_work_id from cc_c_unit_of_work where unit_of_work_name = 'Emp2 Threshold Message 200'), service_seconds= 30, interval_minutes = 15 where queue_number = 8662;
update cc_s_contact_queue set project_config_id = (select project_config_id from cc_c_project_config where project_name = 'NC UI' and program_name = 'Unemployment Insurance Helpline'), queue_type = 'Busy Message', unit_of_work_id = (select unit_of_work_id from cc_c_unit_of_work where unit_of_work_name = 'Claim Enquiry Threshold Message 200'), service_seconds= 30, interval_minutes = 15 where queue_number = 8663;
update cc_s_contact_queue set project_config_id = (select project_config_id from cc_c_project_config where project_name = 'NC UI' and program_name = 'Unemployment Insurance Helpline'), queue_type = 'Busy Message', unit_of_work_id = (select unit_of_work_id from cc_c_unit_of_work where unit_of_work_name = 'Resets Threshold Message 200'), service_seconds= 30, interval_minutes = 15 where queue_number = 8664;
update cc_s_contact_queue set project_config_id = (select project_config_id from cc_c_project_config where project_name = 'NC UI' and program_name = 'Unemployment Insurance Helpline'), queue_type = 'Busy Message', unit_of_work_id = (select unit_of_work_id from cc_c_unit_of_work where unit_of_work_name = 'Filing Threshold Message 200'), service_seconds= 30, interval_minutes = 15 where queue_number = 8665;
update cc_s_contact_queue set project_config_id = (select project_config_id from cc_c_project_config where project_name = 'NC UI' and program_name = 'Unemployment Insurance Helpline'), queue_type = 'Busy Message', unit_of_work_id = (select unit_of_work_id from cc_c_unit_of_work where unit_of_work_name = 'Weekly Threshold Message 200'), service_seconds= 30, interval_minutes = 15 where queue_number = 8666;
update cc_s_contact_queue set project_config_id = (select project_config_id from cc_c_project_config where project_name = 'NC UI' and program_name = 'Unemployment Insurance Helpline'), queue_type = 'Busy Message', unit_of_work_id = (select unit_of_work_id from cc_c_unit_of_work where unit_of_work_name = 'Status Threshold Message 200'), service_seconds= 30, interval_minutes = 15 where queue_number = 8667;
update cc_s_contact_queue set project_config_id = (select project_config_id from cc_c_project_config where project_name = 'NC UI' and program_name = 'Unemployment Insurance Helpline'), queue_type = 'Busy Message', unit_of_work_id = (select unit_of_work_id from cc_c_unit_of_work where unit_of_work_name = 'Emp1 Threshold Message 250'), service_seconds= 30, interval_minutes = 15 where queue_number = 8668;
update cc_s_contact_queue set project_config_id = (select project_config_id from cc_c_project_config where project_name = 'NC UI' and program_name = 'Unemployment Insurance Helpline'), queue_type = 'Busy Message', unit_of_work_id = (select unit_of_work_id from cc_c_unit_of_work where unit_of_work_name = 'Emp2 Threshold Message 250'), service_seconds= 30, interval_minutes = 15 where queue_number = 8669;
update cc_s_contact_queue set project_config_id = (select project_config_id from cc_c_project_config where project_name = 'NC UI' and program_name = 'Unemployment Insurance Helpline'), queue_type = 'Busy Message', unit_of_work_id = (select unit_of_work_id from cc_c_unit_of_work where unit_of_work_name = 'Claim Enquiry Threshold Message 250'), service_seconds= 30, interval_minutes = 15 where queue_number = 8670;
update cc_s_contact_queue set project_config_id = (select project_config_id from cc_c_project_config where project_name = 'NC UI' and program_name = 'Unemployment Insurance Helpline'), queue_type = 'Busy Message', unit_of_work_id = (select unit_of_work_id from cc_c_unit_of_work where unit_of_work_name = 'Resets Threshold Message 250'), service_seconds= 30, interval_minutes = 15 where queue_number = 8671;
update cc_s_contact_queue set project_config_id = (select project_config_id from cc_c_project_config where project_name = 'NC UI' and program_name = 'Unemployment Insurance Helpline'), queue_type = 'Busy Message', unit_of_work_id = (select unit_of_work_id from cc_c_unit_of_work where unit_of_work_name = 'Filing Threshold Message 250'), service_seconds= 30, interval_minutes = 15 where queue_number = 8672;
update cc_s_contact_queue set project_config_id = (select project_config_id from cc_c_project_config where project_name = 'NC UI' and program_name = 'Unemployment Insurance Helpline'), queue_type = 'Busy Message', unit_of_work_id = (select unit_of_work_id from cc_c_unit_of_work where unit_of_work_name = 'Weekly Threshold Message 250'), service_seconds= 30, interval_minutes = 15 where queue_number = 8673;
update cc_s_contact_queue set project_config_id = (select project_config_id from cc_c_project_config where project_name = 'NC UI' and program_name = 'Unemployment Insurance Helpline'), queue_type = 'Busy Message', unit_of_work_id = (select unit_of_work_id from cc_c_unit_of_work where unit_of_work_name = 'Status Threshold Message 250'), service_seconds= 30, interval_minutes = 15 where queue_number = 8674;
update cc_s_contact_queue set project_config_id = (select project_config_id from cc_c_project_config where project_name = 'NC UI' and program_name = 'Unemployment Insurance Helpline'), queue_type = 'Busy Message', unit_of_work_id = (select unit_of_work_id from cc_c_unit_of_work where unit_of_work_name = 'Emp1 Threshold Message 500'), service_seconds= 30, interval_minutes = 15 where queue_number = 8675;
update cc_s_contact_queue set project_config_id = (select project_config_id from cc_c_project_config where project_name = 'NC UI' and program_name = 'Unemployment Insurance Helpline'), queue_type = 'Busy Message', unit_of_work_id = (select unit_of_work_id from cc_c_unit_of_work where unit_of_work_name = 'Emp2 Threshold Message 500'), service_seconds= 30, interval_minutes = 15 where queue_number = 8676;
update cc_s_contact_queue set project_config_id = (select project_config_id from cc_c_project_config where project_name = 'NC UI' and program_name = 'Unemployment Insurance Helpline'), queue_type = 'Busy Message', unit_of_work_id = (select unit_of_work_id from cc_c_unit_of_work where unit_of_work_name = 'Claim Enquiry Threshold Message 500'), service_seconds= 30, interval_minutes = 15 where queue_number = 8677;
update cc_s_contact_queue set project_config_id = (select project_config_id from cc_c_project_config where project_name = 'NC UI' and program_name = 'Unemployment Insurance Helpline'), queue_type = 'Busy Message', unit_of_work_id = (select unit_of_work_id from cc_c_unit_of_work where unit_of_work_name = 'Resets Threshold Message 500'), service_seconds= 30, interval_minutes = 15 where queue_number = 8678;
update cc_s_contact_queue set project_config_id = (select project_config_id from cc_c_project_config where project_name = 'NC UI' and program_name = 'Unemployment Insurance Helpline'), queue_type = 'Busy Message', unit_of_work_id = (select unit_of_work_id from cc_c_unit_of_work where unit_of_work_name = 'Filing Threshold Message 500'), service_seconds= 30, interval_minutes = 15 where queue_number = 8679;
update cc_s_contact_queue set project_config_id = (select project_config_id from cc_c_project_config where project_name = 'NC UI' and program_name = 'Unemployment Insurance Helpline'), queue_type = 'Busy Message', unit_of_work_id = (select unit_of_work_id from cc_c_unit_of_work where unit_of_work_name = 'Weekly Threshold Message 500'), service_seconds= 30, interval_minutes = 15 where queue_number = 8680;
update cc_s_contact_queue set project_config_id = (select project_config_id from cc_c_project_config where project_name = 'NC UI' and program_name = 'Unemployment Insurance Helpline'), queue_type = 'Busy Message', unit_of_work_id = (select unit_of_work_id from cc_c_unit_of_work where unit_of_work_name = 'Status Threshold Message 500'), service_seconds= 30, interval_minutes = 15 where queue_number = 8681;
update cc_s_contact_queue set project_config_id = (select project_config_id from cc_c_project_config where project_name = 'NC UI' and program_name = 'Unemployment Insurance Helpline'), queue_type = 'Busy Message', unit_of_work_id = (select unit_of_work_id from cc_c_unit_of_work where unit_of_work_name = 'Emp1 Threshold Message 50'), service_seconds= 30, interval_minutes = 15 where queue_number = 8682;
update cc_s_contact_queue set project_config_id = (select project_config_id from cc_c_project_config where project_name = 'NC UI' and program_name = 'Unemployment Insurance Helpline'), queue_type = 'Busy Message', unit_of_work_id = (select unit_of_work_id from cc_c_unit_of_work where unit_of_work_name = 'Emp2 Threshold Message 50'), service_seconds= 30, interval_minutes = 15 where queue_number = 8683;
update cc_s_contact_queue set project_config_id = (select project_config_id from cc_c_project_config where project_name = 'NC UI' and program_name = 'Unemployment Insurance Helpline'), queue_type = 'Busy Message', unit_of_work_id = (select unit_of_work_id from cc_c_unit_of_work where unit_of_work_name = 'Claim Enquiry Threshold Message 50'), service_seconds= 30, interval_minutes = 15 where queue_number = 8684;
update cc_s_contact_queue set project_config_id = (select project_config_id from cc_c_project_config where project_name = 'NC UI' and program_name = 'Unemployment Insurance Helpline'), queue_type = 'Busy Message', unit_of_work_id = (select unit_of_work_id from cc_c_unit_of_work where unit_of_work_name = 'Resets Threshold Message 50'), service_seconds= 30, interval_minutes = 15 where queue_number = 8685;
update cc_s_contact_queue set project_config_id = (select project_config_id from cc_c_project_config where project_name = 'NC UI' and program_name = 'Unemployment Insurance Helpline'), queue_type = 'Busy Message', unit_of_work_id = (select unit_of_work_id from cc_c_unit_of_work where unit_of_work_name = 'Filing Threshold Message 50'), service_seconds= 30, interval_minutes = 15 where queue_number = 8686;
update cc_s_contact_queue set project_config_id = (select project_config_id from cc_c_project_config where project_name = 'NC UI' and program_name = 'Unemployment Insurance Helpline'), queue_type = 'Busy Message', unit_of_work_id = (select unit_of_work_id from cc_c_unit_of_work where unit_of_work_name = 'Weekly Threshold Message 50'), service_seconds= 30, interval_minutes = 15 where queue_number = 8687;
update cc_s_contact_queue set project_config_id = (select project_config_id from cc_c_project_config where project_name = 'NC UI' and program_name = 'Unemployment Insurance Helpline'), queue_type = 'Busy Message', unit_of_work_id = (select unit_of_work_id from cc_c_unit_of_work where unit_of_work_name = 'Status Threshold Message 50'), service_seconds= 30, interval_minutes = 15 where queue_number = 8688;
update cc_s_contact_queue set project_config_id = (select project_config_id from cc_c_project_config where project_name = 'NC UI' and program_name = 'Unemployment Insurance Helpline'), queue_type = 'Inbound', unit_of_work_id = (select unit_of_work_id from cc_c_unit_of_work where unit_of_work_name = 'NCUI Inbound  Emp1 Rona'), service_seconds= 30, interval_minutes = 15 where queue_number = 8689;
update cc_s_contact_queue set project_config_id = (select project_config_id from cc_c_project_config where project_name = 'NC UI' and program_name = 'Unemployment Insurance Helpline'), queue_type = 'Inbound', unit_of_work_id = (select unit_of_work_id from cc_c_unit_of_work where unit_of_work_name = 'NCUI Inbound Emp2 Rona'), service_seconds= 30, interval_minutes = 15 where queue_number = 8690;
update cc_s_contact_queue set project_config_id = (select project_config_id from cc_c_project_config where project_name = 'NC UI' and program_name = 'Unemployment Insurance Helpline'), queue_type = 'Inbound', unit_of_work_id = (select unit_of_work_id from cc_c_unit_of_work where unit_of_work_name = 'NCUI Inbound Claim Enquiry Rona'), service_seconds= 30, interval_minutes = 15 where queue_number = 8691;
update cc_s_contact_queue set project_config_id = (select project_config_id from cc_c_project_config where project_name = 'NC UI' and program_name = 'Unemployment Insurance Helpline'), queue_type = 'Inbound', unit_of_work_id = (select unit_of_work_id from cc_c_unit_of_work where unit_of_work_name = 'NCUI Inbound Resets Rona'), service_seconds= 30, interval_minutes = 15 where queue_number = 8692;
update cc_s_contact_queue set project_config_id = (select project_config_id from cc_c_project_config where project_name = 'NC UI' and program_name = 'Unemployment Insurance Helpline'), queue_type = 'Inbound', unit_of_work_id = (select unit_of_work_id from cc_c_unit_of_work where unit_of_work_name = 'NCUI Inbound Filing Rona'), service_seconds= 30, interval_minutes = 15 where queue_number = 8693;
update cc_s_contact_queue set project_config_id = (select project_config_id from cc_c_project_config where project_name = 'NC UI' and program_name = 'Unemployment Insurance Helpline'), queue_type = 'Inbound', unit_of_work_id = (select unit_of_work_id from cc_c_unit_of_work where unit_of_work_name = 'NCUI Inbound Weekly Rona'), service_seconds= 30, interval_minutes = 15 where queue_number = 8694;
update cc_s_contact_queue set project_config_id = (select project_config_id from cc_c_project_config where project_name = 'NC UI' and program_name = 'Unemployment Insurance Helpline'), queue_type = 'Inbound', unit_of_work_id = (select unit_of_work_id from cc_c_unit_of_work where unit_of_work_name = 'NCUI Inbound Status Rona'), service_seconds= 30, interval_minutes = 15 where queue_number = 8695;
update cc_s_contact_queue set project_config_id = (select project_config_id from cc_c_project_config where project_name = 'NC UI' and program_name = 'Unemployment Insurance Helpline'), queue_type = 'External Transfer', unit_of_work_id = (select unit_of_work_id from cc_c_unit_of_work where unit_of_work_name = 'External Transfer to NCUI VIP'), service_seconds= 30, interval_minutes = 15 where queue_number = 8696;
update cc_s_contact_queue set project_config_id = (select project_config_id from cc_c_project_config where project_name = 'NC UI' and program_name = 'Unemployment Insurance Helpline'), queue_type = 'Busy Message', unit_of_work_id = (select unit_of_work_id from cc_c_unit_of_work where unit_of_work_name = 'PUA Threshold Message 1000'), service_seconds= 30, interval_minutes = 15 where queue_number = 8697;
update cc_s_contact_queue set project_config_id = (select project_config_id from cc_c_project_config where project_name = 'NC UI' and program_name = 'Unemployment Insurance Helpline'), queue_type = 'Busy Message', unit_of_work_id = (select unit_of_work_id from cc_c_unit_of_work where unit_of_work_name = 'Claimant Threshold Message 1000'), service_seconds= 30, interval_minutes = 15 where queue_number = 8698;
update cc_s_contact_queue set project_config_id = (select project_config_id from cc_c_project_config where project_name = 'NC UI' and program_name = 'Unemployment Insurance Helpline'), queue_type = 'Busy Message', unit_of_work_id = (select unit_of_work_id from cc_c_unit_of_work where unit_of_work_name = 'Emp1 Threshold Message 1000'), service_seconds= 30, interval_minutes = 15 where queue_number = 8700;
update cc_s_contact_queue set project_config_id = (select project_config_id from cc_c_project_config where project_name = 'NC UI' and program_name = 'Unemployment Insurance Helpline'), queue_type = 'Status Transfer', unit_of_work_id = (select unit_of_work_id from cc_c_unit_of_work where unit_of_work_name = 'NCUI Status Transfer'), service_seconds= 30, interval_minutes = 15 where queue_number = 8701;
update cc_s_contact_queue set project_config_id = (select project_config_id from cc_c_project_config where project_name = 'NC UI' and program_name = 'Unemployment Insurance Helpline'), queue_type = 'External Transfer', unit_of_work_id = (select unit_of_work_id from cc_c_unit_of_work where unit_of_work_name = 'External Transfer to NCUI SRT'), service_seconds= 30, interval_minutes = 15 where queue_number = 8751;


update cc_d_contact_queue set queue_type = 'Inbound', d_project_id = (select project_id from cc_d_project where project_name = 'NC UI'), d_program_id = (select program_id from cc_d_program where program_name = 'Unemployment Insurance Helpline'), d_unit_of_work_id = (select uow_id from cc_d_unit_of_work where unit_of_work_name = 'NCUI Inbound No Agent Emp1'), d_geography_master_id = (select geography_master_id from cc_d_geography_master where geography_name = 'North Carolina'),service_seconds= 30, interval_minutes = 15 where queue_number = 8626;
update cc_d_contact_queue set queue_type = 'Inbound', d_project_id = (select project_id from cc_d_project where project_name = 'NC UI'), d_program_id = (select program_id from cc_d_program where program_name = 'Unemployment Insurance Helpline'), d_unit_of_work_id = (select uow_id from cc_d_unit_of_work where unit_of_work_name = 'NCUI Inbound No Agent Emp2'), d_geography_master_id = (select geography_master_id from cc_d_geography_master where geography_name = 'North Carolina'),service_seconds= 30, interval_minutes = 15 where queue_number = 8627;
update cc_d_contact_queue set queue_type = 'Inbound', d_project_id = (select project_id from cc_d_project where project_name = 'NC UI'), d_program_id = (select program_id from cc_d_program where program_name = 'Unemployment Insurance Helpline'), d_unit_of_work_id = (select uow_id from cc_d_unit_of_work where unit_of_work_name = 'NCUI Inbound No Agent Claim Enquiry'), d_geography_master_id = (select geography_master_id from cc_d_geography_master where geography_name = 'North Carolina'),service_seconds= 30, interval_minutes = 15 where queue_number = 8628;
update cc_d_contact_queue set queue_type = 'Inbound', d_project_id = (select project_id from cc_d_project where project_name = 'NC UI'), d_program_id = (select program_id from cc_d_program where program_name = 'Unemployment Insurance Helpline'), d_unit_of_work_id = (select uow_id from cc_d_unit_of_work where unit_of_work_name = 'NCUI Inbound No Agent Resets'), d_geography_master_id = (select geography_master_id from cc_d_geography_master where geography_name = 'North Carolina'),service_seconds= 30, interval_minutes = 15 where queue_number = 8629;
update cc_d_contact_queue set queue_type = 'Inbound', d_project_id = (select project_id from cc_d_project where project_name = 'NC UI'), d_program_id = (select program_id from cc_d_program where program_name = 'Unemployment Insurance Helpline'), d_unit_of_work_id = (select uow_id from cc_d_unit_of_work where unit_of_work_name = 'NCUI Inbound No Agent Filing'), d_geography_master_id = (select geography_master_id from cc_d_geography_master where geography_name = 'North Carolina'),service_seconds= 30, interval_minutes = 15 where queue_number = 8630;
update cc_d_contact_queue set queue_type = 'Inbound', d_project_id = (select project_id from cc_d_project where project_name = 'NC UI'), d_program_id = (select program_id from cc_d_program where program_name = 'Unemployment Insurance Helpline'), d_unit_of_work_id = (select uow_id from cc_d_unit_of_work where unit_of_work_name = 'NCUI Inbound No Agent Weekly'), d_geography_master_id = (select geography_master_id from cc_d_geography_master where geography_name = 'North Carolina'),service_seconds= 30, interval_minutes = 15 where queue_number = 8631;
update cc_d_contact_queue set queue_type = 'Inbound', d_project_id = (select project_id from cc_d_project where project_name = 'NC UI'), d_program_id = (select program_id from cc_d_program where program_name = 'Unemployment Insurance Helpline'), d_unit_of_work_id = (select uow_id from cc_d_unit_of_work where unit_of_work_name = 'NCUI Inbound No Agent Status'), d_geography_master_id = (select geography_master_id from cc_d_geography_master where geography_name = 'North Carolina'),service_seconds= 30, interval_minutes = 15 where queue_number = 8632;
update cc_d_contact_queue set queue_type = 'Callback', d_project_id = (select project_id from cc_d_project where project_name = 'NC UI'), d_program_id = (select program_id from cc_d_program where program_name = 'Unemployment Insurance Helpline'), d_unit_of_work_id = (select uow_id from cc_d_unit_of_work where unit_of_work_name = 'Courtesy Callback Emp1'), d_geography_master_id = (select geography_master_id from cc_d_geography_master where geography_name = 'North Carolina'),service_seconds= 30, interval_minutes = 15 where queue_number = 8633;
update cc_d_contact_queue set queue_type = 'Callback', d_project_id = (select project_id from cc_d_project where project_name = 'NC UI'), d_program_id = (select program_id from cc_d_program where program_name = 'Unemployment Insurance Helpline'), d_unit_of_work_id = (select uow_id from cc_d_unit_of_work where unit_of_work_name = 'Courtesy Callback  Emp2'), d_geography_master_id = (select geography_master_id from cc_d_geography_master where geography_name = 'North Carolina'),service_seconds= 30, interval_minutes = 15 where queue_number = 8634;
update cc_d_contact_queue set queue_type = 'Callback', d_project_id = (select project_id from cc_d_project where project_name = 'NC UI'), d_program_id = (select program_id from cc_d_program where program_name = 'Unemployment Insurance Helpline'), d_unit_of_work_id = (select uow_id from cc_d_unit_of_work where unit_of_work_name = 'Courtesy Callback  Claim Enquiry'), d_geography_master_id = (select geography_master_id from cc_d_geography_master where geography_name = 'North Carolina'),service_seconds= 30, interval_minutes = 15 where queue_number = 8635;
update cc_d_contact_queue set queue_type = 'Callback', d_project_id = (select project_id from cc_d_project where project_name = 'NC UI'), d_program_id = (select program_id from cc_d_program where program_name = 'Unemployment Insurance Helpline'), d_unit_of_work_id = (select uow_id from cc_d_unit_of_work where unit_of_work_name = 'Courtesy Callback  Resets'), d_geography_master_id = (select geography_master_id from cc_d_geography_master where geography_name = 'North Carolina'),service_seconds= 30, interval_minutes = 15 where queue_number = 8636;
update cc_d_contact_queue set queue_type = 'Callback', d_project_id = (select project_id from cc_d_project where project_name = 'NC UI'), d_program_id = (select program_id from cc_d_program where program_name = 'Unemployment Insurance Helpline'), d_unit_of_work_id = (select uow_id from cc_d_unit_of_work where unit_of_work_name = 'Courtesy Callback Filing'), d_geography_master_id = (select geography_master_id from cc_d_geography_master where geography_name = 'North Carolina'),service_seconds= 30, interval_minutes = 15 where queue_number = 8637;
update cc_d_contact_queue set queue_type = 'Callback', d_project_id = (select project_id from cc_d_project where project_name = 'NC UI'), d_program_id = (select program_id from cc_d_program where program_name = 'Unemployment Insurance Helpline'), d_unit_of_work_id = (select uow_id from cc_d_unit_of_work where unit_of_work_name = 'Courtesy Callback  Weekly'), d_geography_master_id = (select geography_master_id from cc_d_geography_master where geography_name = 'North Carolina'),service_seconds= 30, interval_minutes = 15 where queue_number = 8638;
update cc_d_contact_queue set queue_type = 'Callback', d_project_id = (select project_id from cc_d_project where project_name = 'NC UI'), d_program_id = (select program_id from cc_d_program where program_name = 'Unemployment Insurance Helpline'), d_unit_of_work_id = (select uow_id from cc_d_unit_of_work where unit_of_work_name = 'Courtesy Callback Status'), d_geography_master_id = (select geography_master_id from cc_d_geography_master where geography_name = 'North Carolina'),service_seconds= 30, interval_minutes = 15 where queue_number = 8639;
update cc_d_contact_queue set queue_type = 'Inbound', d_project_id = (select project_id from cc_d_project where project_name = 'NC UI'), d_program_id = (select program_id from cc_d_program where program_name = 'Unemployment Insurance Helpline'), d_unit_of_work_id = (select uow_id from cc_d_unit_of_work where unit_of_work_name = 'NCUI Inbound Emp1'), d_geography_master_id = (select geography_master_id from cc_d_geography_master where geography_name = 'North Carolina'),service_seconds= 30, interval_minutes = 15 where queue_number = 8640;
update cc_d_contact_queue set queue_type = 'Inbound', d_project_id = (select project_id from cc_d_project where project_name = 'NC UI'), d_program_id = (select program_id from cc_d_program where program_name = 'Unemployment Insurance Helpline'), d_unit_of_work_id = (select uow_id from cc_d_unit_of_work where unit_of_work_name = 'NCUI Inbound Emp2'), d_geography_master_id = (select geography_master_id from cc_d_geography_master where geography_name = 'North Carolina'),service_seconds= 30, interval_minutes = 15 where queue_number = 8641;
update cc_d_contact_queue set queue_type = 'Inbound', d_project_id = (select project_id from cc_d_project where project_name = 'NC UI'), d_program_id = (select program_id from cc_d_program where program_name = 'Unemployment Insurance Helpline'), d_unit_of_work_id = (select uow_id from cc_d_unit_of_work where unit_of_work_name = 'NCUI Inbound Claim Enquiry'), d_geography_master_id = (select geography_master_id from cc_d_geography_master where geography_name = 'North Carolina'),service_seconds= 30, interval_minutes = 15 where queue_number = 8642;
update cc_d_contact_queue set queue_type = 'Inbound', d_project_id = (select project_id from cc_d_project where project_name = 'NC UI'), d_program_id = (select program_id from cc_d_program where program_name = 'Unemployment Insurance Helpline'), d_unit_of_work_id = (select uow_id from cc_d_unit_of_work where unit_of_work_name = 'NCUI Inbound Resets'), d_geography_master_id = (select geography_master_id from cc_d_geography_master where geography_name = 'North Carolina'),service_seconds= 30, interval_minutes = 15 where queue_number = 8643;
update cc_d_contact_queue set queue_type = 'Inbound', d_project_id = (select project_id from cc_d_project where project_name = 'NC UI'), d_program_id = (select program_id from cc_d_program where program_name = 'Unemployment Insurance Helpline'), d_unit_of_work_id = (select uow_id from cc_d_unit_of_work where unit_of_work_name = 'NCUI Inbound Filing'), d_geography_master_id = (select geography_master_id from cc_d_geography_master where geography_name = 'North Carolina'),service_seconds= 30, interval_minutes = 15 where queue_number = 8644;
update cc_d_contact_queue set queue_type = 'Inbound', d_project_id = (select project_id from cc_d_project where project_name = 'NC UI'), d_program_id = (select program_id from cc_d_program where program_name = 'Unemployment Insurance Helpline'), d_unit_of_work_id = (select uow_id from cc_d_unit_of_work where unit_of_work_name = 'NCUI Inbound Weekly'), d_geography_master_id = (select geography_master_id from cc_d_geography_master where geography_name = 'North Carolina'),service_seconds= 30, interval_minutes = 15 where queue_number = 8645;
update cc_d_contact_queue set queue_type = 'Inbound', d_project_id = (select project_id from cc_d_project where project_name = 'NC UI'), d_program_id = (select program_id from cc_d_program where program_name = 'Unemployment Insurance Helpline'), d_unit_of_work_id = (select uow_id from cc_d_unit_of_work where unit_of_work_name = 'NCUI Inbound Status'), d_geography_master_id = (select geography_master_id from cc_d_geography_master where geography_name = 'North Carolina'),service_seconds= 30, interval_minutes = 15 where queue_number = 8646;
update cc_d_contact_queue set queue_type = 'Busy Message', d_project_id = (select project_id from cc_d_project where project_name = 'NC UI'), d_program_id = (select program_id from cc_d_program where program_name = 'Unemployment Insurance Helpline'), d_unit_of_work_id = (select uow_id from cc_d_unit_of_work where unit_of_work_name = 'Emp1 Threshold Message 100'), d_geography_master_id = (select geography_master_id from cc_d_geography_master where geography_name = 'North Carolina'),service_seconds= 30, interval_minutes = 15 where queue_number = 8647;
update cc_d_contact_queue set queue_type = 'Busy Message', d_project_id = (select project_id from cc_d_project where project_name = 'NC UI'), d_program_id = (select program_id from cc_d_program where program_name = 'Unemployment Insurance Helpline'), d_unit_of_work_id = (select uow_id from cc_d_unit_of_work where unit_of_work_name = 'Emp2 Threshold Message 100'), d_geography_master_id = (select geography_master_id from cc_d_geography_master where geography_name = 'North Carolina'),service_seconds= 30, interval_minutes = 15 where queue_number = 8648;
update cc_d_contact_queue set queue_type = 'Busy Message', d_project_id = (select project_id from cc_d_project where project_name = 'NC UI'), d_program_id = (select program_id from cc_d_program where program_name = 'Unemployment Insurance Helpline'), d_unit_of_work_id = (select uow_id from cc_d_unit_of_work where unit_of_work_name = 'Claim Enquiry Threshold Message 100'), d_geography_master_id = (select geography_master_id from cc_d_geography_master where geography_name = 'North Carolina'),service_seconds= 30, interval_minutes = 15 where queue_number = 8649;
update cc_d_contact_queue set queue_type = 'Busy Message', d_project_id = (select project_id from cc_d_project where project_name = 'NC UI'), d_program_id = (select program_id from cc_d_program where program_name = 'Unemployment Insurance Helpline'), d_unit_of_work_id = (select uow_id from cc_d_unit_of_work where unit_of_work_name = 'Resets Threshold Message 100'), d_geography_master_id = (select geography_master_id from cc_d_geography_master where geography_name = 'North Carolina'),service_seconds= 30, interval_minutes = 15 where queue_number = 8650;
update cc_d_contact_queue set queue_type = 'Busy Message', d_project_id = (select project_id from cc_d_project where project_name = 'NC UI'), d_program_id = (select program_id from cc_d_program where program_name = 'Unemployment Insurance Helpline'), d_unit_of_work_id = (select uow_id from cc_d_unit_of_work where unit_of_work_name = 'Filing Threshold Message 100'), d_geography_master_id = (select geography_master_id from cc_d_geography_master where geography_name = 'North Carolina'),service_seconds= 30, interval_minutes = 15 where queue_number = 8651;
update cc_d_contact_queue set queue_type = 'Busy Message', d_project_id = (select project_id from cc_d_project where project_name = 'NC UI'), d_program_id = (select program_id from cc_d_program where program_name = 'Unemployment Insurance Helpline'), d_unit_of_work_id = (select uow_id from cc_d_unit_of_work where unit_of_work_name = 'Weekly Threshold Message 100'), d_geography_master_id = (select geography_master_id from cc_d_geography_master where geography_name = 'North Carolina'),service_seconds= 30, interval_minutes = 15 where queue_number = 8652;
update cc_d_contact_queue set queue_type = 'Busy Message', d_project_id = (select project_id from cc_d_project where project_name = 'NC UI'), d_program_id = (select program_id from cc_d_program where program_name = 'Unemployment Insurance Helpline'), d_unit_of_work_id = (select uow_id from cc_d_unit_of_work where unit_of_work_name = 'Status Threshold Message 100'), d_geography_master_id = (select geography_master_id from cc_d_geography_master where geography_name = 'North Carolina'),service_seconds= 30, interval_minutes = 15 where queue_number = 8653;
update cc_d_contact_queue set queue_type = 'Busy Message', d_project_id = (select project_id from cc_d_project where project_name = 'NC UI'), d_program_id = (select program_id from cc_d_program where program_name = 'Unemployment Insurance Helpline'), d_unit_of_work_id = (select uow_id from cc_d_unit_of_work where unit_of_work_name = 'Emp1 Threshold Message 150'), d_geography_master_id = (select geography_master_id from cc_d_geography_master where geography_name = 'North Carolina'),service_seconds= 30, interval_minutes = 15 where queue_number = 8654;
update cc_d_contact_queue set queue_type = 'Busy Message', d_project_id = (select project_id from cc_d_project where project_name = 'NC UI'), d_program_id = (select program_id from cc_d_program where program_name = 'Unemployment Insurance Helpline'), d_unit_of_work_id = (select uow_id from cc_d_unit_of_work where unit_of_work_name = 'Emp2 Threshold Message 150'), d_geography_master_id = (select geography_master_id from cc_d_geography_master where geography_name = 'North Carolina'),service_seconds= 30, interval_minutes = 15 where queue_number = 8655;
update cc_d_contact_queue set queue_type = 'Busy Message', d_project_id = (select project_id from cc_d_project where project_name = 'NC UI'), d_program_id = (select program_id from cc_d_program where program_name = 'Unemployment Insurance Helpline'), d_unit_of_work_id = (select uow_id from cc_d_unit_of_work where unit_of_work_name = 'Claim Enquiry Threshold Message 150'), d_geography_master_id = (select geography_master_id from cc_d_geography_master where geography_name = 'North Carolina'),service_seconds= 30, interval_minutes = 15 where queue_number = 8656;
update cc_d_contact_queue set queue_type = 'Busy Message', d_project_id = (select project_id from cc_d_project where project_name = 'NC UI'), d_program_id = (select program_id from cc_d_program where program_name = 'Unemployment Insurance Helpline'), d_unit_of_work_id = (select uow_id from cc_d_unit_of_work where unit_of_work_name = 'Resets Threshold Message 150'), d_geography_master_id = (select geography_master_id from cc_d_geography_master where geography_name = 'North Carolina'),service_seconds= 30, interval_minutes = 15 where queue_number = 8657;
update cc_d_contact_queue set queue_type = 'Busy Message', d_project_id = (select project_id from cc_d_project where project_name = 'NC UI'), d_program_id = (select program_id from cc_d_program where program_name = 'Unemployment Insurance Helpline'), d_unit_of_work_id = (select uow_id from cc_d_unit_of_work where unit_of_work_name = 'Filing Threshold Message 150'), d_geography_master_id = (select geography_master_id from cc_d_geography_master where geography_name = 'North Carolina'),service_seconds= 30, interval_minutes = 15 where queue_number = 8658;
update cc_d_contact_queue set queue_type = 'Busy Message', d_project_id = (select project_id from cc_d_project where project_name = 'NC UI'), d_program_id = (select program_id from cc_d_program where program_name = 'Unemployment Insurance Helpline'), d_unit_of_work_id = (select uow_id from cc_d_unit_of_work where unit_of_work_name = 'Weekly Threshold Message 150'), d_geography_master_id = (select geography_master_id from cc_d_geography_master where geography_name = 'North Carolina'),service_seconds= 30, interval_minutes = 15 where queue_number = 8659;
update cc_d_contact_queue set queue_type = 'Busy Message', d_project_id = (select project_id from cc_d_project where project_name = 'NC UI'), d_program_id = (select program_id from cc_d_program where program_name = 'Unemployment Insurance Helpline'), d_unit_of_work_id = (select uow_id from cc_d_unit_of_work where unit_of_work_name = 'Status Threshold Message 150'), d_geography_master_id = (select geography_master_id from cc_d_geography_master where geography_name = 'North Carolina'),service_seconds= 30, interval_minutes = 15 where queue_number = 8660;
update cc_d_contact_queue set queue_type = 'Busy Message', d_project_id = (select project_id from cc_d_project where project_name = 'NC UI'), d_program_id = (select program_id from cc_d_program where program_name = 'Unemployment Insurance Helpline'), d_unit_of_work_id = (select uow_id from cc_d_unit_of_work where unit_of_work_name = 'Emp1 Threshold Message 200'), d_geography_master_id = (select geography_master_id from cc_d_geography_master where geography_name = 'North Carolina'),service_seconds= 30, interval_minutes = 15 where queue_number = 8661;
update cc_d_contact_queue set queue_type = 'Busy Message', d_project_id = (select project_id from cc_d_project where project_name = 'NC UI'), d_program_id = (select program_id from cc_d_program where program_name = 'Unemployment Insurance Helpline'), d_unit_of_work_id = (select uow_id from cc_d_unit_of_work where unit_of_work_name = 'Emp2 Threshold Message 200'), d_geography_master_id = (select geography_master_id from cc_d_geography_master where geography_name = 'North Carolina'),service_seconds= 30, interval_minutes = 15 where queue_number = 8662;
update cc_d_contact_queue set queue_type = 'Busy Message', d_project_id = (select project_id from cc_d_project where project_name = 'NC UI'), d_program_id = (select program_id from cc_d_program where program_name = 'Unemployment Insurance Helpline'), d_unit_of_work_id = (select uow_id from cc_d_unit_of_work where unit_of_work_name = 'Claim Enquiry Threshold Message 200'), d_geography_master_id = (select geography_master_id from cc_d_geography_master where geography_name = 'North Carolina'),service_seconds= 30, interval_minutes = 15 where queue_number = 8663;
update cc_d_contact_queue set queue_type = 'Busy Message', d_project_id = (select project_id from cc_d_project where project_name = 'NC UI'), d_program_id = (select program_id from cc_d_program where program_name = 'Unemployment Insurance Helpline'), d_unit_of_work_id = (select uow_id from cc_d_unit_of_work where unit_of_work_name = 'Resets Threshold Message 200'), d_geography_master_id = (select geography_master_id from cc_d_geography_master where geography_name = 'North Carolina'),service_seconds= 30, interval_minutes = 15 where queue_number = 8664;
update cc_d_contact_queue set queue_type = 'Busy Message', d_project_id = (select project_id from cc_d_project where project_name = 'NC UI'), d_program_id = (select program_id from cc_d_program where program_name = 'Unemployment Insurance Helpline'), d_unit_of_work_id = (select uow_id from cc_d_unit_of_work where unit_of_work_name = 'Filing Threshold Message 200'), d_geography_master_id = (select geography_master_id from cc_d_geography_master where geography_name = 'North Carolina'),service_seconds= 30, interval_minutes = 15 where queue_number = 8665;
update cc_d_contact_queue set queue_type = 'Busy Message', d_project_id = (select project_id from cc_d_project where project_name = 'NC UI'), d_program_id = (select program_id from cc_d_program where program_name = 'Unemployment Insurance Helpline'), d_unit_of_work_id = (select uow_id from cc_d_unit_of_work where unit_of_work_name = 'Weekly Threshold Message 200'), d_geography_master_id = (select geography_master_id from cc_d_geography_master where geography_name = 'North Carolina'),service_seconds= 30, interval_minutes = 15 where queue_number = 8666;
update cc_d_contact_queue set queue_type = 'Busy Message', d_project_id = (select project_id from cc_d_project where project_name = 'NC UI'), d_program_id = (select program_id from cc_d_program where program_name = 'Unemployment Insurance Helpline'), d_unit_of_work_id = (select uow_id from cc_d_unit_of_work where unit_of_work_name = 'Status Threshold Message 200'), d_geography_master_id = (select geography_master_id from cc_d_geography_master where geography_name = 'North Carolina'),service_seconds= 30, interval_minutes = 15 where queue_number = 8667;
update cc_d_contact_queue set queue_type = 'Busy Message', d_project_id = (select project_id from cc_d_project where project_name = 'NC UI'), d_program_id = (select program_id from cc_d_program where program_name = 'Unemployment Insurance Helpline'), d_unit_of_work_id = (select uow_id from cc_d_unit_of_work where unit_of_work_name = 'Emp1 Threshold Message 250'), d_geography_master_id = (select geography_master_id from cc_d_geography_master where geography_name = 'North Carolina'),service_seconds= 30, interval_minutes = 15 where queue_number = 8668;
update cc_d_contact_queue set queue_type = 'Busy Message', d_project_id = (select project_id from cc_d_project where project_name = 'NC UI'), d_program_id = (select program_id from cc_d_program where program_name = 'Unemployment Insurance Helpline'), d_unit_of_work_id = (select uow_id from cc_d_unit_of_work where unit_of_work_name = 'Emp2 Threshold Message 250'), d_geography_master_id = (select geography_master_id from cc_d_geography_master where geography_name = 'North Carolina'),service_seconds= 30, interval_minutes = 15 where queue_number = 8669;
update cc_d_contact_queue set queue_type = 'Busy Message', d_project_id = (select project_id from cc_d_project where project_name = 'NC UI'), d_program_id = (select program_id from cc_d_program where program_name = 'Unemployment Insurance Helpline'), d_unit_of_work_id = (select uow_id from cc_d_unit_of_work where unit_of_work_name = 'Claim Enquiry Threshold Message 250'), d_geography_master_id = (select geography_master_id from cc_d_geography_master where geography_name = 'North Carolina'),service_seconds= 30, interval_minutes = 15 where queue_number = 8670;
update cc_d_contact_queue set queue_type = 'Busy Message', d_project_id = (select project_id from cc_d_project where project_name = 'NC UI'), d_program_id = (select program_id from cc_d_program where program_name = 'Unemployment Insurance Helpline'), d_unit_of_work_id = (select uow_id from cc_d_unit_of_work where unit_of_work_name = 'Resets Threshold Message 250'), d_geography_master_id = (select geography_master_id from cc_d_geography_master where geography_name = 'North Carolina'),service_seconds= 30, interval_minutes = 15 where queue_number = 8671;
update cc_d_contact_queue set queue_type = 'Busy Message', d_project_id = (select project_id from cc_d_project where project_name = 'NC UI'), d_program_id = (select program_id from cc_d_program where program_name = 'Unemployment Insurance Helpline'), d_unit_of_work_id = (select uow_id from cc_d_unit_of_work where unit_of_work_name = 'Filing Threshold Message 250'), d_geography_master_id = (select geography_master_id from cc_d_geography_master where geography_name = 'North Carolina'),service_seconds= 30, interval_minutes = 15 where queue_number = 8672;
update cc_d_contact_queue set queue_type = 'Busy Message', d_project_id = (select project_id from cc_d_project where project_name = 'NC UI'), d_program_id = (select program_id from cc_d_program where program_name = 'Unemployment Insurance Helpline'), d_unit_of_work_id = (select uow_id from cc_d_unit_of_work where unit_of_work_name = 'Weekly Threshold Message 250'), d_geography_master_id = (select geography_master_id from cc_d_geography_master where geography_name = 'North Carolina'),service_seconds= 30, interval_minutes = 15 where queue_number = 8673;
update cc_d_contact_queue set queue_type = 'Busy Message', d_project_id = (select project_id from cc_d_project where project_name = 'NC UI'), d_program_id = (select program_id from cc_d_program where program_name = 'Unemployment Insurance Helpline'), d_unit_of_work_id = (select uow_id from cc_d_unit_of_work where unit_of_work_name = 'Status Threshold Message 250'), d_geography_master_id = (select geography_master_id from cc_d_geography_master where geography_name = 'North Carolina'),service_seconds= 30, interval_minutes = 15 where queue_number = 8674;
update cc_d_contact_queue set queue_type = 'Busy Message', d_project_id = (select project_id from cc_d_project where project_name = 'NC UI'), d_program_id = (select program_id from cc_d_program where program_name = 'Unemployment Insurance Helpline'), d_unit_of_work_id = (select uow_id from cc_d_unit_of_work where unit_of_work_name = 'Emp1 Threshold Message 500'), d_geography_master_id = (select geography_master_id from cc_d_geography_master where geography_name = 'North Carolina'),service_seconds= 30, interval_minutes = 15 where queue_number = 8675;
update cc_d_contact_queue set queue_type = 'Busy Message', d_project_id = (select project_id from cc_d_project where project_name = 'NC UI'), d_program_id = (select program_id from cc_d_program where program_name = 'Unemployment Insurance Helpline'), d_unit_of_work_id = (select uow_id from cc_d_unit_of_work where unit_of_work_name = 'Emp2 Threshold Message 500'), d_geography_master_id = (select geography_master_id from cc_d_geography_master where geography_name = 'North Carolina'),service_seconds= 30, interval_minutes = 15 where queue_number = 8676;
update cc_d_contact_queue set queue_type = 'Busy Message', d_project_id = (select project_id from cc_d_project where project_name = 'NC UI'), d_program_id = (select program_id from cc_d_program where program_name = 'Unemployment Insurance Helpline'), d_unit_of_work_id = (select uow_id from cc_d_unit_of_work where unit_of_work_name = 'Claim Enquiry Threshold Message 500'), d_geography_master_id = (select geography_master_id from cc_d_geography_master where geography_name = 'North Carolina'),service_seconds= 30, interval_minutes = 15 where queue_number = 8677;
update cc_d_contact_queue set queue_type = 'Busy Message', d_project_id = (select project_id from cc_d_project where project_name = 'NC UI'), d_program_id = (select program_id from cc_d_program where program_name = 'Unemployment Insurance Helpline'), d_unit_of_work_id = (select uow_id from cc_d_unit_of_work where unit_of_work_name = 'Resets Threshold Message 500'), d_geography_master_id = (select geography_master_id from cc_d_geography_master where geography_name = 'North Carolina'),service_seconds= 30, interval_minutes = 15 where queue_number = 8678;
update cc_d_contact_queue set queue_type = 'Busy Message', d_project_id = (select project_id from cc_d_project where project_name = 'NC UI'), d_program_id = (select program_id from cc_d_program where program_name = 'Unemployment Insurance Helpline'), d_unit_of_work_id = (select uow_id from cc_d_unit_of_work where unit_of_work_name = 'Filing Threshold Message 500'), d_geography_master_id = (select geography_master_id from cc_d_geography_master where geography_name = 'North Carolina'),service_seconds= 30, interval_minutes = 15 where queue_number = 8679;
update cc_d_contact_queue set queue_type = 'Busy Message', d_project_id = (select project_id from cc_d_project where project_name = 'NC UI'), d_program_id = (select program_id from cc_d_program where program_name = 'Unemployment Insurance Helpline'), d_unit_of_work_id = (select uow_id from cc_d_unit_of_work where unit_of_work_name = 'Weekly Threshold Message 500'), d_geography_master_id = (select geography_master_id from cc_d_geography_master where geography_name = 'North Carolina'),service_seconds= 30, interval_minutes = 15 where queue_number = 8680;
update cc_d_contact_queue set queue_type = 'Busy Message', d_project_id = (select project_id from cc_d_project where project_name = 'NC UI'), d_program_id = (select program_id from cc_d_program where program_name = 'Unemployment Insurance Helpline'), d_unit_of_work_id = (select uow_id from cc_d_unit_of_work where unit_of_work_name = 'Status Threshold Message 500'), d_geography_master_id = (select geography_master_id from cc_d_geography_master where geography_name = 'North Carolina'),service_seconds= 30, interval_minutes = 15 where queue_number = 8681;
update cc_d_contact_queue set queue_type = 'Busy Message', d_project_id = (select project_id from cc_d_project where project_name = 'NC UI'), d_program_id = (select program_id from cc_d_program where program_name = 'Unemployment Insurance Helpline'), d_unit_of_work_id = (select uow_id from cc_d_unit_of_work where unit_of_work_name = 'Emp1 Threshold Message 50'), d_geography_master_id = (select geography_master_id from cc_d_geography_master where geography_name = 'North Carolina'),service_seconds= 30, interval_minutes = 15 where queue_number = 8682;
update cc_d_contact_queue set queue_type = 'Busy Message', d_project_id = (select project_id from cc_d_project where project_name = 'NC UI'), d_program_id = (select program_id from cc_d_program where program_name = 'Unemployment Insurance Helpline'), d_unit_of_work_id = (select uow_id from cc_d_unit_of_work where unit_of_work_name = 'Emp2 Threshold Message 50'), d_geography_master_id = (select geography_master_id from cc_d_geography_master where geography_name = 'North Carolina'),service_seconds= 30, interval_minutes = 15 where queue_number = 8683;
update cc_d_contact_queue set queue_type = 'Busy Message', d_project_id = (select project_id from cc_d_project where project_name = 'NC UI'), d_program_id = (select program_id from cc_d_program where program_name = 'Unemployment Insurance Helpline'), d_unit_of_work_id = (select uow_id from cc_d_unit_of_work where unit_of_work_name = 'Claim Enquiry Threshold Message 50'), d_geography_master_id = (select geography_master_id from cc_d_geography_master where geography_name = 'North Carolina'),service_seconds= 30, interval_minutes = 15 where queue_number = 8684;
update cc_d_contact_queue set queue_type = 'Busy Message', d_project_id = (select project_id from cc_d_project where project_name = 'NC UI'), d_program_id = (select program_id from cc_d_program where program_name = 'Unemployment Insurance Helpline'), d_unit_of_work_id = (select uow_id from cc_d_unit_of_work where unit_of_work_name = 'Resets Threshold Message 50'), d_geography_master_id = (select geography_master_id from cc_d_geography_master where geography_name = 'North Carolina'),service_seconds= 30, interval_minutes = 15 where queue_number = 8685;
update cc_d_contact_queue set queue_type = 'Busy Message', d_project_id = (select project_id from cc_d_project where project_name = 'NC UI'), d_program_id = (select program_id from cc_d_program where program_name = 'Unemployment Insurance Helpline'), d_unit_of_work_id = (select uow_id from cc_d_unit_of_work where unit_of_work_name = 'Filing Threshold Message 50'), d_geography_master_id = (select geography_master_id from cc_d_geography_master where geography_name = 'North Carolina'),service_seconds= 30, interval_minutes = 15 where queue_number = 8686;
update cc_d_contact_queue set queue_type = 'Busy Message', d_project_id = (select project_id from cc_d_project where project_name = 'NC UI'), d_program_id = (select program_id from cc_d_program where program_name = 'Unemployment Insurance Helpline'), d_unit_of_work_id = (select uow_id from cc_d_unit_of_work where unit_of_work_name = 'Weekly Threshold Message 50'), d_geography_master_id = (select geography_master_id from cc_d_geography_master where geography_name = 'North Carolina'),service_seconds= 30, interval_minutes = 15 where queue_number = 8687;
update cc_d_contact_queue set queue_type = 'Busy Message', d_project_id = (select project_id from cc_d_project where project_name = 'NC UI'), d_program_id = (select program_id from cc_d_program where program_name = 'Unemployment Insurance Helpline'), d_unit_of_work_id = (select uow_id from cc_d_unit_of_work where unit_of_work_name = 'Status Threshold Message 50'), d_geography_master_id = (select geography_master_id from cc_d_geography_master where geography_name = 'North Carolina'),service_seconds= 30, interval_minutes = 15 where queue_number = 8688;
update cc_d_contact_queue set queue_type = 'Inbound', d_project_id = (select project_id from cc_d_project where project_name = 'NC UI'), d_program_id = (select program_id from cc_d_program where program_name = 'Unemployment Insurance Helpline'), d_unit_of_work_id = (select uow_id from cc_d_unit_of_work where unit_of_work_name = 'NCUI Inbound  Emp1 Rona'), d_geography_master_id = (select geography_master_id from cc_d_geography_master where geography_name = 'North Carolina'),service_seconds= 30, interval_minutes = 15 where queue_number = 8689;
update cc_d_contact_queue set queue_type = 'Inbound', d_project_id = (select project_id from cc_d_project where project_name = 'NC UI'), d_program_id = (select program_id from cc_d_program where program_name = 'Unemployment Insurance Helpline'), d_unit_of_work_id = (select uow_id from cc_d_unit_of_work where unit_of_work_name = 'NCUI Inbound Emp2 Rona'), d_geography_master_id = (select geography_master_id from cc_d_geography_master where geography_name = 'North Carolina'),service_seconds= 30, interval_minutes = 15 where queue_number = 8690;
update cc_d_contact_queue set queue_type = 'Inbound', d_project_id = (select project_id from cc_d_project where project_name = 'NC UI'), d_program_id = (select program_id from cc_d_program where program_name = 'Unemployment Insurance Helpline'), d_unit_of_work_id = (select uow_id from cc_d_unit_of_work where unit_of_work_name = 'NCUI Inbound Claim Enquiry Rona'), d_geography_master_id = (select geography_master_id from cc_d_geography_master where geography_name = 'North Carolina'),service_seconds= 30, interval_minutes = 15 where queue_number = 8691;
update cc_d_contact_queue set queue_type = 'Inbound', d_project_id = (select project_id from cc_d_project where project_name = 'NC UI'), d_program_id = (select program_id from cc_d_program where program_name = 'Unemployment Insurance Helpline'), d_unit_of_work_id = (select uow_id from cc_d_unit_of_work where unit_of_work_name = 'NCUI Inbound Resets Rona'), d_geography_master_id = (select geography_master_id from cc_d_geography_master where geography_name = 'North Carolina'),service_seconds= 30, interval_minutes = 15 where queue_number = 8692;
update cc_d_contact_queue set queue_type = 'Inbound', d_project_id = (select project_id from cc_d_project where project_name = 'NC UI'), d_program_id = (select program_id from cc_d_program where program_name = 'Unemployment Insurance Helpline'), d_unit_of_work_id = (select uow_id from cc_d_unit_of_work where unit_of_work_name = 'NCUI Inbound Filing Rona'), d_geography_master_id = (select geography_master_id from cc_d_geography_master where geography_name = 'North Carolina'),service_seconds= 30, interval_minutes = 15 where queue_number = 8693;
update cc_d_contact_queue set queue_type = 'Inbound', d_project_id = (select project_id from cc_d_project where project_name = 'NC UI'), d_program_id = (select program_id from cc_d_program where program_name = 'Unemployment Insurance Helpline'), d_unit_of_work_id = (select uow_id from cc_d_unit_of_work where unit_of_work_name = 'NCUI Inbound Weekly Rona'), d_geography_master_id = (select geography_master_id from cc_d_geography_master where geography_name = 'North Carolina'),service_seconds= 30, interval_minutes = 15 where queue_number = 8694;
update cc_d_contact_queue set queue_type = 'Inbound', d_project_id = (select project_id from cc_d_project where project_name = 'NC UI'), d_program_id = (select program_id from cc_d_program where program_name = 'Unemployment Insurance Helpline'), d_unit_of_work_id = (select uow_id from cc_d_unit_of_work where unit_of_work_name = 'NCUI Inbound Status Rona'), d_geography_master_id = (select geography_master_id from cc_d_geography_master where geography_name = 'North Carolina'),service_seconds= 30, interval_minutes = 15 where queue_number = 8695;
update cc_d_contact_queue set queue_type = 'External Transfer', d_project_id = (select project_id from cc_d_project where project_name = 'NC UI'), d_program_id = (select program_id from cc_d_program where program_name = 'Unemployment Insurance Helpline'), d_unit_of_work_id = (select uow_id from cc_d_unit_of_work where unit_of_work_name = 'External Transfer to NCUI VIP'), d_geography_master_id = (select geography_master_id from cc_d_geography_master where geography_name = 'North Carolina'),service_seconds= 30, interval_minutes = 15 where queue_number = 8696;
update cc_d_contact_queue set queue_type = 'Busy Message', d_project_id = (select project_id from cc_d_project where project_name = 'NC UI'), d_program_id = (select program_id from cc_d_program where program_name = 'Unemployment Insurance Helpline'), d_unit_of_work_id = (select uow_id from cc_d_unit_of_work where unit_of_work_name = 'PUA Threshold Message 1000'), d_geography_master_id = (select geography_master_id from cc_d_geography_master where geography_name = 'North Carolina'),service_seconds= 30, interval_minutes = 15 where queue_number = 8697;
update cc_d_contact_queue set queue_type = 'Busy Message', d_project_id = (select project_id from cc_d_project where project_name = 'NC UI'), d_program_id = (select program_id from cc_d_program where program_name = 'Unemployment Insurance Helpline'), d_unit_of_work_id = (select uow_id from cc_d_unit_of_work where unit_of_work_name = 'Claimant Threshold Message 1000'), d_geography_master_id = (select geography_master_id from cc_d_geography_master where geography_name = 'North Carolina'),service_seconds= 30, interval_minutes = 15 where queue_number = 8698;
update cc_d_contact_queue set queue_type = 'Busy Message', d_project_id = (select project_id from cc_d_project where project_name = 'NC UI'), d_program_id = (select program_id from cc_d_program where program_name = 'Unemployment Insurance Helpline'), d_unit_of_work_id = (select uow_id from cc_d_unit_of_work where unit_of_work_name = 'Emp1 Threshold Message 1000'), d_geography_master_id = (select geography_master_id from cc_d_geography_master where geography_name = 'North Carolina'),service_seconds= 30, interval_minutes = 15 where queue_number = 8700;
update cc_d_contact_queue set queue_type = 'Status Transfer', d_project_id = (select project_id from cc_d_project where project_name = 'NC UI'), d_program_id = (select program_id from cc_d_program where program_name = 'Unemployment Insurance Helpline'), d_unit_of_work_id = (select uow_id from cc_d_unit_of_work where unit_of_work_name = 'NCUI Status Transfer'), d_geography_master_id = (select geography_master_id from cc_d_geography_master where geography_name = 'North Carolina'),service_seconds= 30, interval_minutes = 15 where queue_number = 8701;
update cc_d_contact_queue set queue_type = 'External Transfer', d_project_id = (select project_id from cc_d_project where project_name = 'NC UI'), d_program_id = (select program_id from cc_d_program where program_name = 'Unemployment Insurance Helpline'), d_unit_of_work_id = (select uow_id from cc_d_unit_of_work where unit_of_work_name = 'External Transfer to NCUI SRT'), d_geography_master_id = (select geography_master_id from cc_d_geography_master where geography_name = 'North Carolina'),service_seconds= 30, interval_minutes = 15 where queue_number = 8751;

commit;

-- Agent Routing groups

update cc_c_agent_rtg_grp 
set project_name = 'NC UI', 
program_name = 'Unemployment Insurance Helpline', 
region_name = 'Eastern', 
state_name = 'North Carolina' 
where agent_routing_group_number in (5547, 5556);

insert into cc_c_filter (filter_type, value) values ('ACD_PQ_ID_INC', 5547);
insert into cc_c_filter (filter_type, value) values ('ACD_PQ_ID_INC', 5556);

commit;

