Insert into D_BPM_PROCESS (PROCESS_ID,PROCESS_NAME,PROCESS_DESCRIPTION,SOURCE_REFERENCE_TYPE,PARENT_PROCESS_ID,PROCESS_TIMELINESS_THRESHOLD,PROCESS_TIMELINESS_DAYS_TYPE) values (1,'E2EModel-ApplicationProcessing','End-To-End Application Process','',0,15,'B');

Insert into D_BPM_ENTITY_TYPE (ENTITY_TYPE_ID,ENTITY_TYPE_NAME,ENTITY_TYPE_DESCRIPTION) values (1,'EXCLUSIVE_GATEWAY','Connects only two entities');
Insert into D_BPM_ENTITY_TYPE (ENTITY_TYPE_ID,ENTITY_TYPE_NAME,ENTITY_TYPE_DESCRIPTION) values (2,'PARALLEL_GATEWAY','Connects multiple entities');
Insert into D_BPM_ENTITY_TYPE (ENTITY_TYPE_ID,ENTITY_TYPE_NAME,ENTITY_TYPE_DESCRIPTION) values (3,'PROCESS_ACTIVITY','Process activity');
Insert into D_BPM_ENTITY_TYPE (ENTITY_TYPE_ID,ENTITY_TYPE_NAME,ENTITY_TYPE_DESCRIPTION) values (4,'SUBPROCESS_ACTIVITY','Sub-Process activity');
Insert into D_BPM_ENTITY_TYPE (ENTITY_TYPE_ID,ENTITY_TYPE_NAME,ENTITY_TYPE_DESCRIPTION) values (5,'TASK_ACTIVITY','Task activity');
Insert into D_BPM_ENTITY_TYPE (ENTITY_TYPE_ID,ENTITY_TYPE_NAME,ENTITY_TYPE_DESCRIPTION) values (6,'PROCESS_COMPLETE','Process completion entity, marks end of process');
Insert into D_BPM_ENTITY_TYPE (ENTITY_TYPE_ID,ENTITY_TYPE_NAME,ENTITY_TYPE_DESCRIPTION) values (7,'PROCESS_START','Process start entity, marks the start of a process');
Insert into D_BPM_ENTITY_TYPE (ENTITY_TYPE_ID,ENTITY_TYPE_NAME,ENTITY_TYPE_DESCRIPTION) values (8,'PROCESS_ERROR','Process error handling step ');

Insert into D_BPM_ENTITY (ENTITY_ID,ENTITY_TYPE_ID,PROCESS_ID,ENTITY_NAME,ENTITY_DESCRIPTION,SOURCE_REFERENCE_TYPE,TIMELINESS_THRESHOLD,TIMELINESS_DAYS_TYPE,IS_STARTING_ENTITY,IS_TERMINATING_ENTITY,ENTITY_SOURCE,ENTITY_POOL) values (1,7,1,'DOCUMENT_RECEIVED_MAIL_FAX','Start event of process, when new doc is received by mail or fax.','INSTANCE_ID',0,'B','Y','N','','');
Insert into D_BPM_ENTITY (ENTITY_ID,ENTITY_TYPE_ID,PROCESS_ID,ENTITY_NAME,ENTITY_DESCRIPTION,SOURCE_REFERENCE_TYPE,TIMELINESS_THRESHOLD,TIMELINESS_DAYS_TYPE,IS_STARTING_ENTITY,IS_TERMINATING_ENTITY,ENTITY_SOURCE,ENTITY_POOL) values (2,7,1,'APPLICATION_RECEIVED_FIELD','Start event of process, when new app is received in the field.','INSTANCE_ID',0,'B','Y','N','','');
Insert into D_BPM_ENTITY (ENTITY_ID,ENTITY_TYPE_ID,PROCESS_ID,ENTITY_NAME,ENTITY_DESCRIPTION,SOURCE_REFERENCE_TYPE,TIMELINESS_THRESHOLD,TIMELINESS_DAYS_TYPE,IS_STARTING_ENTITY,IS_TERMINATING_ENTITY,ENTITY_SOURCE,ENTITY_POOL) values (3,3,1,'SORT_BATCH_SCAN','Activity for processing incoming documents through mail room.','INSTANCE_ID',1,'B','N','N','SIM_OUTPUT','DOCUMENT PROCESSING SPECIALIST');
Insert into D_BPM_ENTITY (ENTITY_ID,ENTITY_TYPE_ID,PROCESS_ID,ENTITY_NAME,ENTITY_DESCRIPTION,SOURCE_REFERENCE_TYPE,TIMELINESS_THRESHOLD,TIMELINESS_DAYS_TYPE,IS_STARTING_ENTITY,IS_TERMINATING_ENTITY,ENTITY_SOURCE,ENTITY_POOL) values (4,3,1,'LINKING_IMAGES','Activity for classifying and linking document images to the correct case.','INSTANCE_ID',1,'B','N','N','SIM_OUTPUT','DOCUMENT PROCESSING SPECIALIST');
Insert into D_BPM_ENTITY (ENTITY_ID,ENTITY_TYPE_ID,PROCESS_ID,ENTITY_NAME,ENTITY_DESCRIPTION,SOURCE_REFERENCE_TYPE,TIMELINESS_THRESHOLD,TIMELINESS_DAYS_TYPE,IS_STARTING_ENTITY,IS_TERMINATING_ENTITY,ENTITY_SOURCE,ENTITY_POOL) values (5,3,1,'OTHER_INCOMING_DOCS_PROCESSING','Activity to handle other doc types received.','INSTANCE_ID',2,'B','N','N','SIM_OUTPUT','DATA ENTRY SPECIALIST');
Insert into D_BPM_ENTITY (ENTITY_ID,ENTITY_TYPE_ID,PROCESS_ID,ENTITY_NAME,ENTITY_DESCRIPTION,SOURCE_REFERENCE_TYPE,TIMELINESS_THRESHOLD,TIMELINESS_DAYS_TYPE,IS_STARTING_ENTITY,IS_TERMINATING_ENTITY,ENTITY_SOURCE,ENTITY_POOL) values (6,1,1,'APPEAL_APPLICATION_OTHER','Gateway to route work based on doc type.','INSTANCE_ID',0,'B','N','N','','');
Insert into D_BPM_ENTITY (ENTITY_ID,ENTITY_TYPE_ID,PROCESS_ID,ENTITY_NAME,ENTITY_DESCRIPTION,SOURCE_REFERENCE_TYPE,TIMELINESS_THRESHOLD,TIMELINESS_DAYS_TYPE,IS_STARTING_ENTITY,IS_TERMINATING_ENTITY,ENTITY_SOURCE,ENTITY_POOL) values (7,1,1,'RENEWAL_ENROLLMENT_SELECTIONS','Second gateway to route work based on doc type.','INSTANCE_ID',0,'B','N','N','','');
Insert into D_BPM_ENTITY (ENTITY_ID,ENTITY_TYPE_ID,PROCESS_ID,ENTITY_NAME,ENTITY_DESCRIPTION,SOURCE_REFERENCE_TYPE,TIMELINESS_THRESHOLD,TIMELINESS_DAYS_TYPE,IS_STARTING_ENTITY,IS_TERMINATING_ENTITY,ENTITY_SOURCE,ENTITY_POOL) values (8,8,1,'OTHER_INCOMING_DOC','Process exception routing other incoming docs for processing outside normal flow.','INSTANCE_ID',0,'B','N','N','','');
Insert into D_BPM_ENTITY (ENTITY_ID,ENTITY_TYPE_ID,PROCESS_ID,ENTITY_NAME,ENTITY_DESCRIPTION,SOURCE_REFERENCE_TYPE,TIMELINESS_THRESHOLD,TIMELINESS_DAYS_TYPE,IS_STARTING_ENTITY,IS_TERMINATING_ENTITY,ENTITY_SOURCE,ENTITY_POOL) values (9,6,1,'OTHER_INCOMING_DOC_PROCESSED','Activity for processing other incoming documents.','INSTANCE_ID',0,'B','N','Y','','');
Insert into D_BPM_ENTITY (ENTITY_ID,ENTITY_TYPE_ID,PROCESS_ID,ENTITY_NAME,ENTITY_DESCRIPTION,SOURCE_REFERENCE_TYPE,TIMELINESS_THRESHOLD,TIMELINESS_DAYS_TYPE,IS_STARTING_ENTITY,IS_TERMINATING_ENTITY,ENTITY_SOURCE,ENTITY_POOL) values (10,3,1,'DATA_ENTRY_APP_REG_NEW_APP','Activity to data enter a new application.','INSTANCE_ID',2,'B','N','N','SIM_OUTPUT','DATA ENTRY SPECIALIST');
Insert into D_BPM_ENTITY (ENTITY_ID,ENTITY_TYPE_ID,PROCESS_ID,ENTITY_NAME,ENTITY_DESCRIPTION,SOURCE_REFERENCE_TYPE,TIMELINESS_THRESHOLD,TIMELINESS_DAYS_TYPE,IS_STARTING_ENTITY,IS_TERMINATING_ENTITY,ENTITY_SOURCE,ENTITY_POOL) values (11,3,1,'DATA_ENTRY_APP_REG_RENEWALS_ACTIVE','Activity to data enter a renewal.','INSTANCE_ID',2,'B','N','N','SIM_OUTPUT','DATA ENTRY SPECIALIST');
Insert into D_BPM_ENTITY (ENTITY_ID,ENTITY_TYPE_ID,PROCESS_ID,ENTITY_NAME,ENTITY_DESCRIPTION,SOURCE_REFERENCE_TYPE,TIMELINESS_THRESHOLD,TIMELINESS_DAYS_TYPE,IS_STARTING_ENTITY,IS_TERMINATING_ENTITY,ENTITY_SOURCE,ENTITY_POOL) values (12,3,1,'DATA_ENTRY_APPEALS','Activity to data enter an appeal.','INSTANCE_ID',3,'B','N','N','SIM_OUTPUT','DATA ENTRY SPECIALIST');
Insert into D_BPM_ENTITY (ENTITY_ID,ENTITY_TYPE_ID,PROCESS_ID,ENTITY_NAME,ENTITY_DESCRIPTION,SOURCE_REFERENCE_TYPE,TIMELINESS_THRESHOLD,TIMELINESS_DAYS_TYPE,IS_STARTING_ENTITY,IS_TERMINATING_ENTITY,ENTITY_SOURCE,ENTITY_POOL) values (13,3,1,'ELIGIBILITY_DETERMINATION_NEW_APP','Activity to make an eligibility determination for an application.','INSTANCE_ID',2,'B','N','N','SIM_OUTPUT','ELIGIBILITY SPECIALIST');
Insert into D_BPM_ENTITY (ENTITY_ID,ENTITY_TYPE_ID,PROCESS_ID,ENTITY_NAME,ENTITY_DESCRIPTION,SOURCE_REFERENCE_TYPE,TIMELINESS_THRESHOLD,TIMELINESS_DAYS_TYPE,IS_STARTING_ENTITY,IS_TERMINATING_ENTITY,ENTITY_SOURCE,ENTITY_POOL) values (14,1,1,'NEW_APP_QC?','Gateway to route if QC is required for new app.','INSTANCE_ID',0,'B','N','N','','');
Insert into D_BPM_ENTITY (ENTITY_ID,ENTITY_TYPE_ID,PROCESS_ID,ENTITY_NAME,ENTITY_DESCRIPTION,SOURCE_REFERENCE_TYPE,TIMELINESS_THRESHOLD,TIMELINESS_DAYS_TYPE,IS_STARTING_ENTITY,IS_TERMINATING_ENTITY,ENTITY_SOURCE,ENTITY_POOL) values (15,3,1,'QC','Activity to conduct quality control on a new application.','INSTANCE_ID',2,'B','N','N','SIM_OUTPUT','QUALITY CONTROL');
Insert into D_BPM_ENTITY (ENTITY_ID,ENTITY_TYPE_ID,PROCESS_ID,ENTITY_NAME,ENTITY_DESCRIPTION,SOURCE_REFERENCE_TYPE,TIMELINESS_THRESHOLD,TIMELINESS_DAYS_TYPE,IS_STARTING_ENTITY,IS_TERMINATING_ENTITY,ENTITY_SOURCE,ENTITY_POOL) values (16,6,1,'APPLICATION_RENEWAL_ELIGIBILITY_DETERMINATION_COMPLETE','End event for when eligibility determination is completed for a new app or renewal.','INSTANCE_ID',0,'B','N','Y','','');
Insert into D_BPM_ENTITY (ENTITY_ID,ENTITY_TYPE_ID,PROCESS_ID,ENTITY_NAME,ENTITY_DESCRIPTION,SOURCE_REFERENCE_TYPE,TIMELINESS_THRESHOLD,TIMELINESS_DAYS_TYPE,IS_STARTING_ENTITY,IS_TERMINATING_ENTITY,ENTITY_SOURCE,ENTITY_POOL) values (17,3,1,'ENROLLMENTS_FOR_PROCESSING','Activity to process enrollments received.','INSTANCE_ID',2,'B','N','N','SIM_OUTPUT','ENROLLMENT SPECIALIST');
Insert into D_BPM_ENTITY (ENTITY_ID,ENTITY_TYPE_ID,PROCESS_ID,ENTITY_NAME,ENTITY_DESCRIPTION,SOURCE_REFERENCE_TYPE,TIMELINESS_THRESHOLD,TIMELINESS_DAYS_TYPE,IS_STARTING_ENTITY,IS_TERMINATING_ENTITY,ENTITY_SOURCE,ENTITY_POOL) values (18,6,1,'ELIGIBLE_ENROLLMENT_COMPLETE','End event for when an enrollment activity is completed.','INSTANCE_ID',0,'B','N','Y','','');
Insert into D_BPM_ENTITY (ENTITY_ID,ENTITY_TYPE_ID,PROCESS_ID,ENTITY_NAME,ENTITY_DESCRIPTION,SOURCE_REFERENCE_TYPE,TIMELINESS_THRESHOLD,TIMELINESS_DAYS_TYPE,IS_STARTING_ENTITY,IS_TERMINATING_ENTITY,ENTITY_SOURCE,ENTITY_POOL) values (19,3,1,'ELIGIBILITY_DETERMINATION_RENEWALS_ACTIVE','Activity to make an eligibility determination for a renewal.','INSTANCE_ID',2,'B','N','N','SIM_OUTPUT','ELIGIBILITY SPECIALIST');
Insert into D_BPM_ENTITY (ENTITY_ID,ENTITY_TYPE_ID,PROCESS_ID,ENTITY_NAME,ENTITY_DESCRIPTION,SOURCE_REFERENCE_TYPE,TIMELINESS_THRESHOLD,TIMELINESS_DAYS_TYPE,IS_STARTING_ENTITY,IS_TERMINATING_ENTITY,ENTITY_SOURCE,ENTITY_POOL) values (20,1,1,'RENEWAL_QC?','Gateway to route if QC is required for a renewal.','INSTANCE_ID',0,'B','N','N','','');
Insert into D_BPM_ENTITY (ENTITY_ID,ENTITY_TYPE_ID,PROCESS_ID,ENTITY_NAME,ENTITY_DESCRIPTION,SOURCE_REFERENCE_TYPE,TIMELINESS_THRESHOLD,TIMELINESS_DAYS_TYPE,IS_STARTING_ENTITY,IS_TERMINATING_ENTITY,ENTITY_SOURCE,ENTITY_POOL) values (23,6,1,'COMPLAINT_APPEAL_ROUTED_FOR_DISPOSITION','End event for when appeal is routed for disposition.','INSTANCE_ID',0,'B','N','Y','','');

Insert into D_BPM_TASK_TYPE_ENTITY (TASK_TYPE_ID,ENTITY_ID) values (15,4);
Insert into D_BPM_TASK_TYPE_ENTITY (TASK_TYPE_ID,ENTITY_ID) values (9,3);
Insert into D_BPM_TASK_TYPE_ENTITY (TASK_TYPE_ID,ENTITY_ID) values (11,15);
Insert into D_BPM_TASK_TYPE_ENTITY (TASK_TYPE_ID,ENTITY_ID) values (1,10);
Insert into D_BPM_TASK_TYPE_ENTITY (TASK_TYPE_ID,ENTITY_ID) values (5,13);
Insert into D_BPM_TASK_TYPE_ENTITY (TASK_TYPE_ID,ENTITY_ID) values (2,11);
Insert into D_BPM_TASK_TYPE_ENTITY (TASK_TYPE_ID,ENTITY_ID) values (13,17);
Insert into D_BPM_TASK_TYPE_ENTITY (TASK_TYPE_ID,ENTITY_ID) values (10,5);
Insert into D_BPM_TASK_TYPE_ENTITY (TASK_TYPE_ID,ENTITY_ID) values (3,12);
Insert into D_BPM_TASK_TYPE_ENTITY (TASK_TYPE_ID,ENTITY_ID) values (7,19);

Insert into D_BPM_FLOW (FLOW_ID,PROCESS_ID,FLOW_NAME,FLOW_DESCRIPTION,FLOW_SOURCE_ENTITY_ID,FLOW_DESTINATION_ENTITY_ID) values (1,1,'BATCH_TO_LINK','From batch to linking.',3,4);
Insert into D_BPM_FLOW (FLOW_ID,PROCESS_ID,FLOW_NAME,FLOW_DESCRIPTION,FLOW_SOURCE_ENTITY_ID,FLOW_DESTINATION_ENTITY_ID) values (2,1,'BATCH_TO_OTHER_INCOMING_DOC_PROCESSING','From batch to other incoming document processing.',3,5);
Insert into D_BPM_FLOW (FLOW_ID,PROCESS_ID,FLOW_NAME,FLOW_DESCRIPTION,FLOW_SOURCE_ENTITY_ID,FLOW_DESTINATION_ENTITY_ID) values (3,1,'LINK_TO_DE_NEW_APP','From linking to data entry for new app.',4,10);
Insert into D_BPM_FLOW (FLOW_ID,PROCESS_ID,FLOW_NAME,FLOW_DESCRIPTION,FLOW_SOURCE_ENTITY_ID,FLOW_DESTINATION_ENTITY_ID) values (4,1,'LINK_TO_DE_RENEWAL','From linking to data entry for renewal.',4,11);
Insert into D_BPM_FLOW (FLOW_ID,PROCESS_ID,FLOW_NAME,FLOW_DESCRIPTION,FLOW_SOURCE_ENTITY_ID,FLOW_DESTINATION_ENTITY_ID) values (5,1,'LINK_TO_DE_APPEALS','From linking to data entry for appeal.',4,12);
Insert into D_BPM_FLOW (FLOW_ID,PROCESS_ID,FLOW_NAME,FLOW_DESCRIPTION,FLOW_SOURCE_ENTITY_ID,FLOW_DESTINATION_ENTITY_ID) values (6,1,'LINK_TO_ENROLLMENT','From linking to enrollment processing.',4,17);
Insert into D_BPM_FLOW (FLOW_ID,PROCESS_ID,FLOW_NAME,FLOW_DESCRIPTION,FLOW_SOURCE_ENTITY_ID,FLOW_DESTINATION_ENTITY_ID) values (7,1,'DE_NEW_APP_TO_ELIGIBILITY_NEW_APP','From data entry for new app to new app eligibility determination.',10,13);
Insert into D_BPM_FLOW (FLOW_ID,PROCESS_ID,FLOW_NAME,FLOW_DESCRIPTION,FLOW_SOURCE_ENTITY_ID,FLOW_DESTINATION_ENTITY_ID) values (8,1,'ELIGIBILITY_NEW_APP_TO_QC','From new app eligibility determination to new app QC.',13,15);
Insert into D_BPM_FLOW (FLOW_ID,PROCESS_ID,FLOW_NAME,FLOW_DESCRIPTION,FLOW_SOURCE_ENTITY_ID,FLOW_DESTINATION_ENTITY_ID) values (9,1,'DE_RENEWAL_TO_ELIGIBILITY_RENEWAL','From data entry for renewal to renewal eligibility determination.',11,19);
Insert into D_BPM_FLOW (FLOW_ID,PROCESS_ID,FLOW_NAME,FLOW_DESCRIPTION,FLOW_SOURCE_ENTITY_ID,FLOW_DESTINATION_ENTITY_ID) values (10,1,'ELIGIBILITY_RENEWAL_TO_QC','From renewal eligibility determination to renewal QC.',19,15);

Insert into D_BPM_PROCESS_SEGMENT (PROCESS_SEGMENT_ID,PROCESS_ID,PROCESS_SEGMENT_NAME,PROCESS_SEGMENT_DESCRIPTION,PROCESS_TIMELINESS_THRESHOLD,PROCESS_TIMELINESS_DAYS_TYPE,SEGMENT_START_ENTITY_ID,SEGMENT_FINISH_ENTITY_ID) values (1,1,'MAIL_TO_LINK','MAIL_TO_LINK',1,'B',3,4);
Insert into D_BPM_PROCESS_SEGMENT (PROCESS_SEGMENT_ID,PROCESS_ID,PROCESS_SEGMENT_NAME,PROCESS_SEGMENT_DESCRIPTION,PROCESS_TIMELINESS_THRESHOLD,PROCESS_TIMELINESS_DAYS_TYPE,SEGMENT_START_ENTITY_ID,SEGMENT_FINISH_ENTITY_ID) values (2,1,'MAIL_TO_DE_APP','MAIL_TO_DE_APP',2,'B',3,10);
Insert into D_BPM_PROCESS_SEGMENT (PROCESS_SEGMENT_ID,PROCESS_ID,PROCESS_SEGMENT_NAME,PROCESS_SEGMENT_DESCRIPTION,PROCESS_TIMELINESS_THRESHOLD,PROCESS_TIMELINESS_DAYS_TYPE,SEGMENT_START_ENTITY_ID,SEGMENT_FINISH_ENTITY_ID) values (3,1,'MAIL_TO_DE_RENEWAL','MAIL_TO_DE_RENEWAL',2,'B',3,11);
Insert into D_BPM_PROCESS_SEGMENT (PROCESS_SEGMENT_ID,PROCESS_ID,PROCESS_SEGMENT_NAME,PROCESS_SEGMENT_DESCRIPTION,PROCESS_TIMELINESS_THRESHOLD,PROCESS_TIMELINESS_DAYS_TYPE,SEGMENT_START_ENTITY_ID,SEGMENT_FINISH_ENTITY_ID) values (4,1,'MAIL_TO_ELIG_NEW_APP','MAIL_TO_ELIG_NEW_APP',3,'B',3,13);
Insert into D_BPM_PROCESS_SEGMENT (PROCESS_SEGMENT_ID,PROCESS_ID,PROCESS_SEGMENT_NAME,PROCESS_SEGMENT_DESCRIPTION,PROCESS_TIMELINESS_THRESHOLD,PROCESS_TIMELINESS_DAYS_TYPE,SEGMENT_START_ENTITY_ID,SEGMENT_FINISH_ENTITY_ID) values (5,1,'MAIL_TO_ELIG_RENEWAL','MAIL_TO_ELIG_RENEWAL',3,'B',3,19);
Insert into D_BPM_PROCESS_SEGMENT (PROCESS_SEGMENT_ID,PROCESS_ID,PROCESS_SEGMENT_NAME,PROCESS_SEGMENT_DESCRIPTION,PROCESS_TIMELINESS_THRESHOLD,PROCESS_TIMELINESS_DAYS_TYPE,SEGMENT_START_ENTITY_ID,SEGMENT_FINISH_ENTITY_ID) values (6,1,'MAIL_TO_QC','MAIL_TO_QC',4,'B',3,15);
Insert into D_BPM_PROCESS_SEGMENT (PROCESS_SEGMENT_ID,PROCESS_ID,PROCESS_SEGMENT_NAME,PROCESS_SEGMENT_DESCRIPTION,PROCESS_TIMELINESS_THRESHOLD,PROCESS_TIMELINESS_DAYS_TYPE,SEGMENT_START_ENTITY_ID,SEGMENT_FINISH_ENTITY_ID) values (7,1,'MAIL_TO_OTHER','MAIL_TO_OTHER',2,'B',3,5);
Insert into D_BPM_PROCESS_SEGMENT (PROCESS_SEGMENT_ID,PROCESS_ID,PROCESS_SEGMENT_NAME,PROCESS_SEGMENT_DESCRIPTION,PROCESS_TIMELINESS_THRESHOLD,PROCESS_TIMELINESS_DAYS_TYPE,SEGMENT_START_ENTITY_ID,SEGMENT_FINISH_ENTITY_ID) values (8,1,'FAX_TO_ELIG_NEW_APP','FAX_TO_ELIG_NEW_APP',2,'B',10,13);
Insert into D_BPM_PROCESS_SEGMENT (PROCESS_SEGMENT_ID,PROCESS_ID,PROCESS_SEGMENT_NAME,PROCESS_SEGMENT_DESCRIPTION,PROCESS_TIMELINESS_THRESHOLD,PROCESS_TIMELINESS_DAYS_TYPE,SEGMENT_START_ENTITY_ID,SEGMENT_FINISH_ENTITY_ID) values (9,1,'FAX_TO_QC','FAX_TO_QC',3,'B',10,15);

commit;