<?xml version = '1.0' encoding = 'UTF-8'?>
<TableProxySqlServerv2k5 class="oracle.dbtools.crest.model.design.storage.sqlserver.v2k5.TableProxySqlServerv2k5" name="CORP_ETL_LIST_LKUP" directorySegmentName="seg_0" id="36945E3F-A910-AF6C-ABF0-DAE874727D2E">
<createdBy>50472</createdBy>
<createdTime>2014-12-09 21:50:21 UTC</createdTime>
<ownerDesignName>Process_Incidents_data_model_diagram</ownerDesignName>
<database>E2F033E4-F5AA-AF06-191E-1EAB2E74135C</database>
<filegroup>63DA86D5-F1A4-27A3-42C7-177D19D97316</filegroup>
<schema>5</schema>
<textImageFG>63DA86D5-F1A4-27A3-42C7-177D19D97316</textImageFG>
<columnProxies>
<ColumnProxy class="oracle.dbtools.crest.model.design.storage.sqlserver.v2k5.ColumnProxySqlServerv2k5" name="CREATED_TS" id="0E27EDBB-2EA3-BCC6-4B09-9B88C1308E88">
<createdBy>50472</createdBy>
<createdTime>2014-12-09 21:50:21 UTC</createdTime>
<ownerDesignName>Process_Incidents_data_model_diagram</ownerDesignName>
</ColumnProxy>
<ColumnProxy class="oracle.dbtools.crest.model.design.storage.sqlserver.v2k5.ColumnProxySqlServerv2k5" name="REF_TYPE" id="23E39DB4-DF88-036D-6AED-33E764B56A8F">
<createdBy>50472</createdBy>
<createdTime>2014-12-09 21:50:21 UTC</createdTime>
<ownerDesignName>Process_Incidents_data_model_diagram</ownerDesignName>
<collation>SQL_Latin1_General_CP1_CI_AS</collation>
</ColumnProxy>
<ColumnProxy class="oracle.dbtools.crest.model.design.storage.sqlserver.v2k5.ColumnProxySqlServerv2k5" name="START_DATE" id="388C566E-36BF-1C84-7C22-851C584889FE">
<createdBy>50472</createdBy>
<createdTime>2014-12-09 21:50:21 UTC</createdTime>
<ownerDesignName>Process_Incidents_data_model_diagram</ownerDesignName>
</ColumnProxy>
<ColumnProxy class="oracle.dbtools.crest.model.design.storage.sqlserver.v2k5.ColumnProxySqlServerv2k5" name="REF_ID" id="397B64DF-197F-0A38-54D2-013866F862DB">
<createdBy>50472</createdBy>
<createdTime>2014-12-09 21:50:21 UTC</createdTime>
<ownerDesignName>Process_Incidents_data_model_diagram</ownerDesignName>
</ColumnProxy>
<ColumnProxy class="oracle.dbtools.crest.model.design.storage.sqlserver.v2k5.ColumnProxySqlServerv2k5" name="END_DATE" id="6BA79D44-A426-B427-FCEB-AF9904948387">
<createdBy>50472</createdBy>
<createdTime>2014-12-09 21:50:21 UTC</createdTime>
<ownerDesignName>Process_Incidents_data_model_diagram</ownerDesignName>
</ColumnProxy>
<ColumnProxy class="oracle.dbtools.crest.model.design.storage.sqlserver.v2k5.ColumnProxySqlServerv2k5" name="LIST_TYPE" id="73EB5562-9033-F5A9-1F9C-21D6BA18309C">
<createdBy>50472</createdBy>
<createdTime>2014-12-09 21:50:21 UTC</createdTime>
<ownerDesignName>Process_Incidents_data_model_diagram</ownerDesignName>
<collation>SQL_Latin1_General_CP1_CI_AS</collation>
</ColumnProxy>
<ColumnProxy class="oracle.dbtools.crest.model.design.storage.sqlserver.v2k5.ColumnProxySqlServerv2k5" name="VALUE" id="769DC0A9-25D1-1604-0322-191059201DD3">
<createdBy>50472</createdBy>
<createdTime>2014-12-09 21:50:21 UTC</createdTime>
<ownerDesignName>Process_Incidents_data_model_diagram</ownerDesignName>
<collation>SQL_Latin1_General_CP1_CI_AS</collation>
</ColumnProxy>
<ColumnProxy class="oracle.dbtools.crest.model.design.storage.sqlserver.v2k5.ColumnProxySqlServerv2k5" name="NAME" id="8A4ACF84-0F71-B71E-26C5-D51D390F7831">
<createdBy>50472</createdBy>
<createdTime>2014-12-09 21:50:21 UTC</createdTime>
<ownerDesignName>Process_Incidents_data_model_diagram</ownerDesignName>
<collation>SQL_Latin1_General_CP1_CI_AS</collation>
</ColumnProxy>
<ColumnProxy class="oracle.dbtools.crest.model.design.storage.sqlserver.v2k5.ColumnProxySqlServerv2k5" name="COMMENTS" id="CCEB3453-6651-FA5B-9D4E-76F14FD6DF35">
<createdBy>50472</createdBy>
<createdTime>2014-12-09 21:50:21 UTC</createdTime>
<ownerDesignName>Process_Incidents_data_model_diagram</ownerDesignName>
<collation>SQL_Latin1_General_CP1_CI_AS</collation>
</ColumnProxy>
<ColumnProxy class="oracle.dbtools.crest.model.design.storage.sqlserver.v2k5.ColumnProxySqlServerv2k5" name="OUT_VAR" id="DE19387F-DE4D-216E-825C-AA4FAA95A329">
<createdBy>50472</createdBy>
<createdTime>2014-12-09 21:50:21 UTC</createdTime>
<ownerDesignName>Process_Incidents_data_model_diagram</ownerDesignName>
<collation>SQL_Latin1_General_CP1_CI_AS</collation>
</ColumnProxy>
<ColumnProxy class="oracle.dbtools.crest.model.design.storage.sqlserver.v2k5.ColumnProxySqlServerv2k5" name="CELL_ID" id="E8E25B11-66E4-7734-BF32-4D34C71D4225">
<createdBy>50472</createdBy>
<createdTime>2014-12-09 21:50:21 UTC</createdTime>
<ownerDesignName>Process_Incidents_data_model_diagram</ownerDesignName>
</ColumnProxy>
<ColumnProxy class="oracle.dbtools.crest.model.design.storage.sqlserver.v2k5.ColumnProxySqlServerv2k5" name="UPDATED_TS" id="FC87D10C-1D81-DB4D-B467-059E5E11CC23">
<createdBy>50472</createdBy>
<createdTime>2014-12-09 21:50:21 UTC</createdTime>
<ownerDesignName>Process_Incidents_data_model_diagram</ownerDesignName>
</ColumnProxy>
</columnProxies>
<primaryKeys>
<PrimaryKey class="oracle.dbtools.crest.model.design.storage.sqlserver.v2k5.PKProxySqlServerv2k5" name="CORP_ETL_LIST_LKUP_PK" id="03F402F3-570B-21A4-F826-C0074E117ECD">
<createdBy>50472</createdBy>
<createdTime>2014-12-09 21:50:21 UTC</createdTime>
<ownerDesignName>Process_Incidents_data_model_diagram</ownerDesignName>
<clustered>true</clustered>
<fileGroup>63DA86D5-F1A4-27A3-42C7-177D19D97316</fileGroup>
<recomputeStatistics>NO</recomputeStatistics>
</PrimaryKey>
</primaryKeys>
<uniqueKeys>
<UniqueKey class="oracle.dbtools.crest.model.design.storage.sqlserver.v2k5.UniqueProxySqlServerv2k5" name="CORP_ETL_LIST_LKUP_UK" id="3909D89B-C0E4-9C2A-F4DA-3C2332F20EE9">
<createdBy>50472</createdBy>
<createdTime>2014-12-09 21:50:21 UTC</createdTime>
<ownerDesignName>Process_Incidents_data_model_diagram</ownerDesignName>
<fileGroup>63DA86D5-F1A4-27A3-42C7-177D19D97316</fileGroup>
<recomputeStatistics>NO</recomputeStatistics>
</UniqueKey>
</uniqueKeys>
</TableProxySqlServerv2k5>