<?xml version = '1.0' encoding = 'UTF-8'?>
<TableProxySqlServerv2k5 class="oracle.dbtools.crest.model.design.storage.sqlserver.v2k5.TableProxySqlServerv2k5" name="D_PI_INSTANCE_STATUS" directorySegmentName="seg_0" id="40D10CB9-71B2-2485-4DA0-5461D8954BDF">
<createdBy>50472</createdBy>
<createdTime>2014-11-18 19:25:28 UTC</createdTime>
<ownerDesignName>Process_Incidents_data_model_diagram</ownerDesignName>
<database>E2F033E4-F5AA-AF06-191E-1EAB2E74135C</database>
<schema>5</schema>
<columnProxies>
<ColumnProxy class="oracle.dbtools.crest.model.design.storage.sqlserver.v2k5.ColumnProxySqlServerv2k5" name="Instance Status" id="43326A6F-DEB0-A008-8A4B-1C961DD0658B">
<createdBy>50472</createdBy>
<createdTime>2014-11-18 19:25:28 UTC</createdTime>
<ownerDesignName>Process_Incidents_data_model_diagram</ownerDesignName>
<collation>SQL_Latin1_General_CP1_CI_AS</collation>
</ColumnProxy>
<ColumnProxy class="oracle.dbtools.crest.model.design.storage.sqlserver.v2k5.ColumnProxySqlServerv2k5" name="DPIIS_ID" id="4C9BDFFA-C0E6-CBD8-C446-CFA9E03866E0">
<createdBy>50472</createdBy>
<createdTime>2014-11-18 19:25:28 UTC</createdTime>
<ownerDesignName>Process_Incidents_data_model_diagram</ownerDesignName>
</ColumnProxy>
</columnProxies>
<indexProxies>
<IndexProxy class="oracle.dbtools.crest.model.design.storage.sqlserver.v2k5.IndexProxySqlServerv2k5" name="DPIIS_UIX1" id="C0FFECF1-6320-9EA1-1586-796882BCF170">
<createdBy>50472</createdBy>
<createdTime>2014-11-18 19:25:29 UTC</createdTime>
<ownerDesignName>Process_Incidents_data_model_diagram</ownerDesignName>
<recomputeStatistics>OFF</recomputeStatistics>
</IndexProxy>
</indexProxies>
<primaryKeys>
<PrimaryKey class="oracle.dbtools.crest.model.design.storage.sqlserver.v2k5.PKProxySqlServerv2k5" name="DPIIS_PK" id="A7463D52-B273-2619-A0E4-D623428843BA">
<createdBy>50472</createdBy>
<createdTime>2014-11-18 19:25:29 UTC</createdTime>
<ownerDesignName>Process_Incidents_data_model_diagram</ownerDesignName>
<clustered>true</clustered>
<recomputeStatistics>NO</recomputeStatistics>
</PrimaryKey>
</primaryKeys>
</TableProxySqlServerv2k5>