<?xml version = '1.0' encoding = 'UTF-8'?>
<TableProxySqlServerv2k5 class="oracle.dbtools.crest.model.design.storage.sqlserver.v2k5.TableProxySqlServerv2k5" name="D_PI_CURRENT" directorySegmentName="seg_0" id="4466930F-7418-FE18-A7C8-DB23600A6168">
<createdBy>50472</createdBy>
<createdTime>2014-11-18 19:25:22 UTC</createdTime>
<ownerDesignName>Process_Incidents_data_model_diagram</ownerDesignName>
<database>E2F033E4-F5AA-AF06-191E-1EAB2E74135C</database>
<filegroup>63DA86D5-F1A4-27A3-42C7-177D19D97316</filegroup>
<schema>5</schema>
<textImageFG>63DA86D5-F1A4-27A3-42C7-177D19D97316</textImageFG>
<columnProxies>
<ColumnProxy class="oracle.dbtools.crest.model.design.storage.sqlserver.v2k5.ColumnProxySqlServerv2k5" name="Other Party Name" id="036A8749-78A6-8ED2-AB0B-43031283105F">
<createdBy>50472</createdBy>
<createdTime>2014-12-09 21:05:14 UTC</createdTime>
<ownerDesignName>Process_Incidents_data_model_diagram</ownerDesignName>
</ColumnProxy>
<ColumnProxy class="oracle.dbtools.crest.model.design.storage.sqlserver.v2k5.ColumnProxySqlServerv2k5" name="Reported By" id="065D9580-521B-A10E-B2CB-A1DEE923AC80">
<createdBy>50472</createdBy>
<createdTime>2014-12-09 21:05:14 UTC</createdTime>
<ownerDesignName>Process_Incidents_data_model_diagram</ownerDesignName>
</ColumnProxy>
<ColumnProxy class="oracle.dbtools.crest.model.design.storage.sqlserver.v2k5.ColumnProxySqlServerv2k5" name="COUNTY_CODE" id="08F68707-9B62-9E81-9687-1E2B23080865">
<createdBy>50472</createdBy>
<createdTime>2014-12-09 21:05:14 UTC</createdTime>
<ownerDesignName>Process_Incidents_data_model_diagram</ownerDesignName>
</ColumnProxy>
<ColumnProxy class="oracle.dbtools.crest.model.design.storage.sqlserver.v2k5.ColumnProxySqlServerv2k5" name="CANCEL_BY" id="09F44D65-A0D2-95A2-D250-8F19427807B1">
<createdBy>50472</createdBy>
<createdTime>2014-12-09 21:05:14 UTC</createdTime>
<ownerDesignName>Process_Incidents_data_model_diagram</ownerDesignName>
</ColumnProxy>
<ColumnProxy class="oracle.dbtools.crest.model.design.storage.sqlserver.v2k5.ColumnProxySqlServerv2k5" name="Provider ID" id="0BF5E720-6E7D-C6E0-B7F7-741C7D82DB68">
<createdBy>50472</createdBy>
<createdTime>2014-12-09 21:05:14 UTC</createdTime>
<ownerDesignName>Process_Incidents_data_model_diagram</ownerDesignName>
</ColumnProxy>
<ColumnProxy class="oracle.dbtools.crest.model.design.storage.sqlserver.v2k5.ColumnProxySqlServerv2k5" name="Incident ID" id="0C5075A9-5B75-03CA-2267-529179E97A98">
<createdBy>50472</createdBy>
<createdTime>2014-12-09 21:05:14 UTC</createdTime>
<ownerDesignName>Process_Incidents_data_model_diagram</ownerDesignName>
</ColumnProxy>
<ColumnProxy class="oracle.dbtools.crest.model.design.storage.sqlserver.v2k5.ColumnProxySqlServerv2k5" name="Return Incident Flag" id="0C907486-7DA8-D08A-2F11-DEBEAD9E3AEB">
<createdBy>50472</createdBy>
<createdTime>2014-12-09 21:05:14 UTC</createdTime>
<ownerDesignName>Process_Incidents_data_model_diagram</ownerDesignName>
</ColumnProxy>
<ColumnProxy class="oracle.dbtools.crest.model.design.storage.sqlserver.v2k5.ColumnProxySqlServerv2k5" name="Cur Last Update Date" id="0F61DA61-A442-1E2C-BD01-C282BCA0C586">
<createdBy>50472</createdBy>
<createdTime>2014-12-09 21:05:14 UTC</createdTime>
<ownerDesignName>Process_Incidents_data_model_diagram</ownerDesignName>
</ColumnProxy>
<ColumnProxy class="oracle.dbtools.crest.model.design.storage.sqlserver.v2k5.ColumnProxySqlServerv2k5" name="Cur Incident Reason" id="1071228D-372E-4F43-A564-94F9491EED3B">
<createdBy>50472</createdBy>
<createdTime>2014-12-09 21:05:14 UTC</createdTime>
<ownerDesignName>Process_Incidents_data_model_diagram</ownerDesignName>
</ColumnProxy>
<ColumnProxy class="oracle.dbtools.crest.model.design.storage.sqlserver.v2k5.ColumnProxySqlServerv2k5" name="Complete Date" id="13D85FDE-51C8-4C21-7D54-9419BA611504">
<createdBy>50472</createdBy>
<createdTime>2014-12-09 21:05:14 UTC</createdTime>
<ownerDesignName>Process_Incidents_data_model_diagram</ownerDesignName>
</ColumnProxy>
<ColumnProxy class="oracle.dbtools.crest.model.design.storage.sqlserver.v2k5.ColumnProxySqlServerv2k5" name="Process Clnt Notify Start Dt" id="1B50F6EE-32CC-F917-318B-568F970D52A4">
<createdBy>50472</createdBy>
<createdTime>2014-12-09 21:05:14 UTC</createdTime>
<ownerDesignName>Process_Incidents_data_model_diagram</ownerDesignName>
</ColumnProxy>
<ColumnProxy class="oracle.dbtools.crest.model.design.storage.sqlserver.v2k5.ColumnProxySqlServerv2k5" name="Plan Code" id="22CC4BD5-110A-E8FC-F6C5-6847F663CD1C">
<createdBy>50472</createdBy>
<createdTime>2014-12-09 21:05:14 UTC</createdTime>
<ownerDesignName>Process_Incidents_data_model_diagram</ownerDesignName>
</ColumnProxy>
<ColumnProxy class="oracle.dbtools.crest.model.design.storage.sqlserver.v2k5.ColumnProxySqlServerv2k5" name="Resolution Type" id="24E12A68-5318-F1A4-CB0E-FBF67526907A">
<createdBy>50472</createdBy>
<createdTime>2014-12-09 21:05:14 UTC</createdTime>
<ownerDesignName>Process_Incidents_data_model_diagram</ownerDesignName>
</ColumnProxy>
<ColumnProxy class="oracle.dbtools.crest.model.design.storage.sqlserver.v2k5.ColumnProxySqlServerv2k5" name="Cur Incident Status Date" id="27D259EF-2F36-EAB7-2198-A863BA5F3A67">
<createdBy>50472</createdBy>
<createdTime>2014-12-09 21:05:14 UTC</createdTime>
<ownerDesignName>Process_Incidents_data_model_diagram</ownerDesignName>
</ColumnProxy>
<ColumnProxy class="oracle.dbtools.crest.model.design.storage.sqlserver.v2k5.ColumnProxySqlServerv2k5" name="Process Client Notification ID" id="27E0E8E4-7286-C0F0-A475-1602E7B6BB7B">
<createdBy>50472</createdBy>
<createdTime>2014-12-09 21:05:14 UTC</createdTime>
<ownerDesignName>Process_Incidents_data_model_diagram</ownerDesignName>
</ColumnProxy>
<ColumnProxy class="oracle.dbtools.crest.model.design.storage.sqlserver.v2k5.ColumnProxySqlServerv2k5" name="About Plan Code" id="28439758-D9B8-2A7C-2D96-BD29113EF22D">
<createdBy>50472</createdBy>
<createdTime>2014-12-09 21:05:14 UTC</createdTime>
<ownerDesignName>Process_Incidents_data_model_diagram</ownerDesignName>
</ColumnProxy>
<ColumnProxy class="oracle.dbtools.crest.model.design.storage.sqlserver.v2k5.ColumnProxySqlServerv2k5" name="Cur Instance Status" id="2936BA66-D292-358D-7EC4-99EA4244189B">
<createdBy>50472</createdBy>
<createdTime>2014-12-09 21:05:14 UTC</createdTime>
<ownerDesignName>Process_Incidents_data_model_diagram</ownerDesignName>
</ColumnProxy>
<ColumnProxy class="oracle.dbtools.crest.model.design.storage.sqlserver.v2k5.ColumnProxySqlServerv2k5" name="Status Age in Calendar Days" id="2975A555-17E1-2BD1-FF99-9AF23BCB2E79">
<createdBy>50472</createdBy>
<createdTime>2014-12-09 21:05:14 UTC</createdTime>
<ownerDesignName>Process_Incidents_data_model_diagram</ownerDesignName>
</ColumnProxy>
<ColumnProxy class="oracle.dbtools.crest.model.design.storage.sqlserver.v2k5.ColumnProxySqlServerv2k5" name="Reporter Name" id="29E1B6AD-EEE3-C92B-8380-C71EF038039B">
<createdBy>50472</createdBy>
<createdTime>2014-12-09 21:05:14 UTC</createdTime>
<ownerDesignName>Process_Incidents_data_model_diagram</ownerDesignName>
</ColumnProxy>
<ColumnProxy class="oracle.dbtools.crest.model.design.storage.sqlserver.v2k5.ColumnProxySqlServerv2k5" name="PI_BI_ID" id="2BCBBE6A-287D-D96D-B04D-6B3A3CE3C7E6">
<createdBy>50472</createdBy>
<createdTime>2014-12-09 21:05:14 UTC</createdTime>
<ownerDesignName>Process_Incidents_data_model_diagram</ownerDesignName>
</ColumnProxy>
<ColumnProxy class="oracle.dbtools.crest.model.design.storage.sqlserver.v2k5.ColumnProxySqlServerv2k5" name="Timeliness Status" id="2BD8F41D-E3FB-5D86-FE78-BFB623B7D8F8">
<createdBy>50472</createdBy>
<createdTime>2014-12-09 21:05:14 UTC</createdTime>
<ownerDesignName>Process_Incidents_data_model_diagram</ownerDesignName>
</ColumnProxy>
<ColumnProxy class="oracle.dbtools.crest.model.design.storage.sqlserver.v2k5.ColumnProxySqlServerv2k5" name="Enrollee RIN" id="2D884BA3-A60E-1059-F2BE-825CAE02F72A">
<createdBy>50472</createdBy>
<createdTime>2014-12-09 21:05:14 UTC</createdTime>
<ownerDesignName>Process_Incidents_data_model_diagram</ownerDesignName>
</ColumnProxy>
<ColumnProxy class="oracle.dbtools.crest.model.design.storage.sqlserver.v2k5.ColumnProxySqlServerv2k5" name="Process Clnt Notify Flag" id="342BC178-6689-B030-7E88-3543597021A4">
<createdBy>50472</createdBy>
<createdTime>2014-12-09 21:05:14 UTC</createdTime>
<ownerDesignName>Process_Incidents_data_model_diagram</ownerDesignName>
</ColumnProxy>
<ColumnProxy class="oracle.dbtools.crest.model.design.storage.sqlserver.v2k5.ColumnProxySqlServerv2k5" name="Escalate Incident Flag" id="35B5BE7D-32C1-037F-54C5-017BF77E57B7">
<createdBy>50472</createdBy>
<createdTime>2014-12-09 21:05:14 UTC</createdTime>
<ownerDesignName>Process_Incidents_data_model_diagram</ownerDesignName>
</ColumnProxy>
<ColumnProxy class="oracle.dbtools.crest.model.design.storage.sqlserver.v2k5.ColumnProxySqlServerv2k5" name="Cur Incident About" id="39144491-B1A7-A087-D31D-8CD6ECEB9CC6">
<createdBy>50472</createdBy>
<createdTime>2014-12-09 21:05:14 UTC</createdTime>
<ownerDesignName>Process_Incidents_data_model_diagram</ownerDesignName>
</ColumnProxy>
<ColumnProxy class="oracle.dbtools.crest.model.design.storage.sqlserver.v2k5.ColumnProxySqlServerv2k5" name="Hearing Date" id="3B297601-6243-EEE7-57EA-A80CDF33A8DE">
<createdBy>50472</createdBy>
<createdTime>2014-12-09 21:05:14 UTC</createdTime>
<ownerDesignName>Process_Incidents_data_model_diagram</ownerDesignName>
</ColumnProxy>
<ColumnProxy class="oracle.dbtools.crest.model.design.storage.sqlserver.v2k5.ColumnProxySqlServerv2k5" name="INCIDENT_DESCRIPTION" id="3EE93FA3-C026-2AF6-AE20-0AD49376BD00">
<createdBy>50472</createdBy>
<createdTime>2014-11-18 19:25:23 UTC</createdTime>
<ownerDesignName>Process_Incidents_data_model_diagram</ownerDesignName>
<collation>SQL_Latin1_General_CP1_CI_AS</collation>
</ColumnProxy>
<ColumnProxy class="oracle.dbtools.crest.model.design.storage.sqlserver.v2k5.ColumnProxySqlServerv2k5" name="Create Date" id="3F2AC176-1D09-5826-D9B9-186736DB0FF0">
<createdBy>50472</createdBy>
<createdTime>2014-12-09 21:05:14 UTC</createdTime>
<ownerDesignName>Process_Incidents_data_model_diagram</ownerDesignName>
</ColumnProxy>
<ColumnProxy class="oracle.dbtools.crest.model.design.storage.sqlserver.v2k5.ColumnProxySqlServerv2k5" name="Incident Tracking Number" id="43502BA8-9F76-D659-9A55-185545E892B1">
<createdBy>50472</createdBy>
<createdTime>2014-12-09 21:05:14 UTC</createdTime>
<ownerDesignName>Process_Incidents_data_model_diagram</ownerDesignName>
</ColumnProxy>
<ColumnProxy class="oracle.dbtools.crest.model.design.storage.sqlserver.v2k5.ColumnProxySqlServerv2k5" name="About Provider ID" id="46572CEA-0DF6-25C7-0F49-B5A16F21F840">
<createdBy>50472</createdBy>
<createdTime>2014-12-09 21:05:14 UTC</createdTime>
<ownerDesignName>Process_Incidents_data_model_diagram</ownerDesignName>
</ColumnProxy>
<ColumnProxy class="oracle.dbtools.crest.model.design.storage.sqlserver.v2k5.ColumnProxySqlServerv2k5" name="Case ID" id="487A76ED-4948-D514-6F64-25EF560E3A09">
<createdBy>50472</createdBy>
<createdTime>2014-12-09 21:05:14 UTC</createdTime>
<ownerDesignName>Process_Incidents_data_model_diagram</ownerDesignName>
</ColumnProxy>
<ColumnProxy class="oracle.dbtools.crest.model.design.storage.sqlserver.v2k5.ColumnProxySqlServerv2k5" name="Created By Group" id="4BB320BA-14D9-539B-40B5-26BA6E8B9BBF">
<createdBy>50472</createdBy>
<createdTime>2014-12-09 21:05:14 UTC</createdTime>
<ownerDesignName>Process_Incidents_data_model_diagram</ownerDesignName>
</ColumnProxy>
<ColumnProxy class="oracle.dbtools.crest.model.design.storage.sqlserver.v2k5.ColumnProxySqlServerv2k5" name="Escalate to State Dt" id="4BEEABB5-1D58-7593-9C83-D59A707A140A">
<createdBy>50472</createdBy>
<createdTime>2014-12-09 21:05:14 UTC</createdTime>
<ownerDesignName>Process_Incidents_data_model_diagram</ownerDesignName>
</ColumnProxy>
<ColumnProxy class="oracle.dbtools.crest.model.design.storage.sqlserver.v2k5.ColumnProxySqlServerv2k5" name="Generic Field 1" id="4CD2A073-66A8-8F6F-1B34-421DFEFC3DDA">
<createdBy>50472</createdBy>
<createdTime>2014-12-09 21:05:14 UTC</createdTime>
<ownerDesignName>Process_Incidents_data_model_diagram</ownerDesignName>
</ColumnProxy>
<ColumnProxy class="oracle.dbtools.crest.model.design.storage.sqlserver.v2k5.ColumnProxySqlServerv2k5" name="Created By Name" id="52EB1D24-6D8C-C378-0131-609820987754">
<createdBy>50472</createdBy>
<createdTime>2014-12-09 21:05:14 UTC</createdTime>
<ownerDesignName>Process_Incidents_data_model_diagram</ownerDesignName>
</ColumnProxy>
<ColumnProxy class="oracle.dbtools.crest.model.design.storage.sqlserver.v2k5.ColumnProxySqlServerv2k5" name="Action Type" id="5531CB94-775F-C7DE-F655-E89FD364FD9F">
<createdBy>50472</createdBy>
<createdTime>2014-12-09 21:05:14 UTC</createdTime>
<ownerDesignName>Process_Incidents_data_model_diagram</ownerDesignName>
</ColumnProxy>
<ColumnProxy class="oracle.dbtools.crest.model.design.storage.sqlserver.v2k5.ColumnProxySqlServerv2k5" name="Cur Enrollment Status" id="577E9AE4-DD81-20D6-51EC-EF392CE44801">
<createdBy>50472</createdBy>
<createdTime>2014-12-09 21:05:14 UTC</createdTime>
<ownerDesignName>Process_Incidents_data_model_diagram</ownerDesignName>
</ColumnProxy>
<ColumnProxy class="oracle.dbtools.crest.model.design.storage.sqlserver.v2k5.ColumnProxySqlServerv2k5" name="Age in Business Days" id="5CB91281-70A9-E452-5C3D-90ED516F6FCB">
<createdBy>50472</createdBy>
<createdTime>2014-12-09 21:05:14 UTC</createdTime>
<ownerDesignName>Process_Incidents_data_model_diagram</ownerDesignName>
</ColumnProxy>
<ColumnProxy class="oracle.dbtools.crest.model.design.storage.sqlserver.v2k5.ColumnProxySqlServerv2k5" name="INSTANCE_START_DATE" id="5D72C5F7-FB4E-A088-1FAB-E7632E4E0459">
<createdBy>50472</createdBy>
<createdTime>2014-11-21 22:16:39 UTC</createdTime>
<ownerDesignName>Process_Incidents_data_model_diagram</ownerDesignName>
<computed>true</computed>
<formula>([Create Date])</formula>
</ColumnProxy>
<ColumnProxy class="oracle.dbtools.crest.model.design.storage.sqlserver.v2k5.ColumnProxySqlServerv2k5" name="Research Incident End Dt" id="5F0C113B-BBFA-7ED1-7990-DE6B04792CDC">
<createdBy>50472</createdBy>
<createdTime>2014-12-09 21:05:14 UTC</createdTime>
<ownerDesignName>Process_Incidents_data_model_diagram</ownerDesignName>
</ColumnProxy>
<ColumnProxy class="oracle.dbtools.crest.model.design.storage.sqlserver.v2k5.ColumnProxySqlServerv2k5" name="Research Incident Flag" id="5FF27EBA-7BEE-8B13-0B43-8B0455719393">
<createdBy>50472</createdBy>
<createdTime>2014-12-09 21:05:14 UTC</createdTime>
<ownerDesignName>Process_Incidents_data_model_diagram</ownerDesignName>
</ColumnProxy>
<ColumnProxy class="oracle.dbtools.crest.model.design.storage.sqlserver.v2k5.ColumnProxySqlServerv2k5" name="Reporter Relationship" id="60C2FEE6-0600-A494-1B2B-FD2E97ACF36A">
<createdBy>50472</createdBy>
<createdTime>2014-12-09 21:05:14 UTC</createdTime>
<ownerDesignName>Process_Incidents_data_model_diagram</ownerDesignName>
</ColumnProxy>
<ColumnProxy class="oracle.dbtools.crest.model.design.storage.sqlserver.v2k5.ColumnProxySqlServerv2k5" name="Cancel Date" id="67397A9E-8B8C-2243-A40E-1E3800DE36F1">
<createdBy>50472</createdBy>
<createdTime>2014-12-09 21:05:14 UTC</createdTime>
<ownerDesignName>Process_Incidents_data_model_diagram</ownerDesignName>
</ColumnProxy>
<ColumnProxy class="oracle.dbtools.crest.model.design.storage.sqlserver.v2k5.ColumnProxySqlServerv2k5" name="Origin ID" id="6D8D3B11-8D93-A902-AFE3-58C843C398FC">
<createdBy>50472</createdBy>
<createdTime>2014-12-09 21:05:14 UTC</createdTime>
<ownerDesignName>Process_Incidents_data_model_diagram</ownerDesignName>
</ColumnProxy>
<ColumnProxy class="oracle.dbtools.crest.model.design.storage.sqlserver.v2k5.ColumnProxySqlServerv2k5" name="Sub-Program" id="78DAAF4E-6E3A-4BEA-5A21-40D3848E0148">
<createdBy>50472</createdBy>
<createdTime>2014-12-09 21:05:14 UTC</createdTime>
<ownerDesignName>Process_Incidents_data_model_diagram</ownerDesignName>
</ColumnProxy>
<ColumnProxy class="oracle.dbtools.crest.model.design.storage.sqlserver.v2k5.ColumnProxySqlServerv2k5" name="Return to MMS Dt" id="7998804E-CFAD-F908-DB98-DA3442F7ACAB">
<createdBy>50472</createdBy>
<createdTime>2014-12-09 21:05:14 UTC</createdTime>
<ownerDesignName>Process_Incidents_data_model_diagram</ownerDesignName>
</ColumnProxy>
<ColumnProxy class="oracle.dbtools.crest.model.design.storage.sqlserver.v2k5.ColumnProxySqlServerv2k5" name="Generic Field 5" id="7D4CFDE0-9CD5-776E-EF8F-5A2C270D0F68">
<createdBy>50472</createdBy>
<createdTime>2014-12-09 21:05:14 UTC</createdTime>
<ownerDesignName>Process_Incidents_data_model_diagram</ownerDesignName>
</ColumnProxy>
<ColumnProxy class="oracle.dbtools.crest.model.design.storage.sqlserver.v2k5.ColumnProxySqlServerv2k5" name="Cur Task ID" id="80419155-D22E-7D74-2B29-A5A7A935FC6E">
<createdBy>50472</createdBy>
<createdTime>2014-12-09 21:05:14 UTC</createdTime>
<ownerDesignName>Process_Incidents_data_model_diagram</ownerDesignName>
</ColumnProxy>
<ColumnProxy class="oracle.dbtools.crest.model.design.storage.sqlserver.v2k5.ColumnProxySqlServerv2k5" name="Selection ID" id="807279FB-AF68-5E72-7215-06A87C65E079">
<createdBy>50472</createdBy>
<createdTime>2014-12-09 21:05:14 UTC</createdTime>
<ownerDesignName>Process_Incidents_data_model_diagram</ownerDesignName>
</ColumnProxy>
<ColumnProxy class="oracle.dbtools.crest.model.design.storage.sqlserver.v2k5.ColumnProxySqlServerv2k5" name="Complete Incident End Dt" id="84BE2311-ACAF-DF18-B9A4-76C8BA762045">
<createdBy>50472</createdBy>
<createdTime>2014-12-09 21:05:14 UTC</createdTime>
<ownerDesignName>Process_Incidents_data_model_diagram</ownerDesignName>
</ColumnProxy>
<ColumnProxy class="oracle.dbtools.crest.model.design.storage.sqlserver.v2k5.ColumnProxySqlServerv2k5" name="Generic Field 3" id="874E1269-7EA2-695C-E739-6BB64135C848">
<createdBy>50472</createdBy>
<createdTime>2014-12-09 21:05:14 UTC</createdTime>
<ownerDesignName>Process_Incidents_data_model_diagram</ownerDesignName>
</ColumnProxy>
<ColumnProxy class="oracle.dbtools.crest.model.design.storage.sqlserver.v2k5.ColumnProxySqlServerv2k5" name="EB Follow-Up Needed Flag" id="8BA513F0-BE10-F10A-EBC0-3A60110836CB">
<createdBy>50472</createdBy>
<createdTime>2014-12-09 21:05:14 UTC</createdTime>
<ownerDesignName>Process_Incidents_data_model_diagram</ownerDesignName>
</ColumnProxy>
<ColumnProxy class="oracle.dbtools.crest.model.design.storage.sqlserver.v2k5.ColumnProxySqlServerv2k5" name="Cur Last Update By Name" id="96F3919A-CA85-A343-15DE-F8DCF9863821">
<createdBy>50472</createdBy>
<createdTime>2014-12-09 21:05:14 UTC</createdTime>
<ownerDesignName>Process_Incidents_data_model_diagram</ownerDesignName>
</ColumnProxy>
<ColumnProxy class="oracle.dbtools.crest.model.design.storage.sqlserver.v2k5.ColumnProxySqlServerv2k5" name="Cur Jeopardy Status" id="97BBE460-6375-91EC-1FFF-639FADF01A30">
<createdBy>50472</createdBy>
<createdTime>2014-12-09 21:05:14 UTC</createdTime>
<ownerDesignName>Process_Incidents_data_model_diagram</ownerDesignName>
</ColumnProxy>
<ColumnProxy class="oracle.dbtools.crest.model.design.storage.sqlserver.v2k5.ColumnProxySqlServerv2k5" name="CANCEL_METHOD" id="9A94490A-45AF-9CC3-2107-2DD348553B77">
<createdBy>50472</createdBy>
<createdTime>2014-12-09 21:05:14 UTC</createdTime>
<ownerDesignName>Process_Incidents_data_model_diagram</ownerDesignName>
</ColumnProxy>
<ColumnProxy class="oracle.dbtools.crest.model.design.storage.sqlserver.v2k5.ColumnProxySqlServerv2k5" name="Generic Field 4" id="9F5B289A-9BF1-F628-68FF-D3A24B3C1693">
<createdBy>50472</createdBy>
<createdTime>2014-12-09 21:05:14 UTC</createdTime>
<ownerDesignName>Process_Incidents_data_model_diagram</ownerDesignName>
</ColumnProxy>
<ColumnProxy class="oracle.dbtools.crest.model.design.storage.sqlserver.v2k5.ColumnProxySqlServerv2k5" name="Jeopardy Status Date" id="A2F792D1-3ED5-72F8-3D0A-26460C3328FE">
<createdBy>50472</createdBy>
<createdTime>2014-12-09 21:05:14 UTC</createdTime>
<ownerDesignName>Process_Incidents_data_model_diagram</ownerDesignName>
</ColumnProxy>
<ColumnProxy class="oracle.dbtools.crest.model.design.storage.sqlserver.v2k5.ColumnProxySqlServerv2k5" name="State Received Appeal Date" id="ACECFF20-E50A-C8A0-338C-601CB08E9BD1">
<createdBy>50472</createdBy>
<createdTime>2014-12-09 21:05:14 UTC</createdTime>
<ownerDesignName>Process_Incidents_data_model_diagram</ownerDesignName>
</ColumnProxy>
<ColumnProxy class="oracle.dbtools.crest.model.design.storage.sqlserver.v2k5.ColumnProxySqlServerv2k5" name="Receipt Date" id="AE153EAF-B140-5CB9-E00C-A6F92525E4D7">
<createdBy>50472</createdBy>
<createdTime>2014-12-09 21:05:14 UTC</createdTime>
<ownerDesignName>Process_Incidents_data_model_diagram</ownerDesignName>
</ColumnProxy>
<ColumnProxy class="oracle.dbtools.crest.model.design.storage.sqlserver.v2k5.ColumnProxySqlServerv2k5" name="CANCEL_REASON" id="B27F568D-98F1-A2FA-5F0A-09A97E3C164B">
<createdBy>50472</createdBy>
<createdTime>2014-12-09 21:05:14 UTC</createdTime>
<ownerDesignName>Process_Incidents_data_model_diagram</ownerDesignName>
</ColumnProxy>
<ColumnProxy class="oracle.dbtools.crest.model.design.storage.sqlserver.v2k5.ColumnProxySqlServerv2k5" name="PROGRAM" id="B3EEF573-6921-F51F-0EC4-A3A654F82BFA">
<createdBy>50472</createdBy>
<createdTime>2014-12-09 21:05:14 UTC</createdTime>
<ownerDesignName>Process_Incidents_data_model_diagram</ownerDesignName>
</ColumnProxy>
<ColumnProxy class="oracle.dbtools.crest.model.design.storage.sqlserver.v2k5.ColumnProxySqlServerv2k5" name="Complete Incident St Dt" id="B829F95E-6829-D508-3F1C-B43891D6E9F5">
<createdBy>50472</createdBy>
<createdTime>2014-12-09 21:05:14 UTC</createdTime>
<ownerDesignName>Process_Incidents_data_model_diagram</ownerDesignName>
</ColumnProxy>
<ColumnProxy class="oracle.dbtools.crest.model.design.storage.sqlserver.v2k5.ColumnProxySqlServerv2k5" name="PRIORITY" id="B85A0134-ADE2-8AE2-652F-325E0DAE33A9">
<createdBy>50472</createdBy>
<createdTime>2014-12-09 21:05:14 UTC</createdTime>
<ownerDesignName>Process_Incidents_data_model_diagram</ownerDesignName>
</ColumnProxy>
<ColumnProxy class="oracle.dbtools.crest.model.design.storage.sqlserver.v2k5.ColumnProxySqlServerv2k5" name="Generic Field 2" id="BC962B68-0886-A277-8635-5EED145C50FD">
<createdBy>50472</createdBy>
<createdTime>2014-12-09 21:05:14 UTC</createdTime>
<ownerDesignName>Process_Incidents_data_model_diagram</ownerDesignName>
</ColumnProxy>
<ColumnProxy class="oracle.dbtools.crest.model.design.storage.sqlserver.v2k5.ColumnProxySqlServerv2k5" name="Cur Incident Status" id="BE5F9CDE-9CC5-5692-EDE9-1A6E7456872C">
<createdBy>50472</createdBy>
<createdTime>2014-12-09 21:05:14 UTC</createdTime>
<ownerDesignName>Process_Incidents_data_model_diagram</ownerDesignName>
</ColumnProxy>
<ColumnProxy class="oracle.dbtools.crest.model.design.storage.sqlserver.v2k5.ColumnProxySqlServerv2k5" name="RESOLUTION_DESCRIPTION" id="C178E11A-F863-B218-56B3-80E7D00A94A5">
<createdBy>50472</createdBy>
<createdTime>2014-11-18 19:25:23 UTC</createdTime>
<ownerDesignName>Process_Incidents_data_model_diagram</ownerDesignName>
<collation>SQL_Latin1_General_CP1_CI_AS</collation>
</ColumnProxy>
<ColumnProxy class="oracle.dbtools.crest.model.design.storage.sqlserver.v2k5.ColumnProxySqlServerv2k5" name="COUNTY_NAME" id="CBB8FDF4-1E1C-3808-3BE1-09CBADD072D2">
<createdBy>50472</createdBy>
<createdTime>2014-12-09 21:05:14 UTC</createdTime>
<ownerDesignName>Process_Incidents_data_model_diagram</ownerDesignName>
</ColumnProxy>
<ColumnProxy class="oracle.dbtools.crest.model.design.storage.sqlserver.v2k5.ColumnProxySqlServerv2k5" name="Age in Calendar Days" id="D6B66117-B831-8F0F-BC9E-8B6AC21D8FCF">
<createdBy>50472</createdBy>
<createdTime>2014-12-09 21:05:14 UTC</createdTime>
<ownerDesignName>Process_Incidents_data_model_diagram</ownerDesignName>
</ColumnProxy>
<ColumnProxy class="oracle.dbtools.crest.model.design.storage.sqlserver.v2k5.ColumnProxySqlServerv2k5" name="Status Age in Business Days" id="DB3F9941-BA84-EF7E-3B5A-4D38D9EA0D23">
<createdBy>50472</createdBy>
<createdTime>2014-12-09 21:05:14 UTC</createdTime>
<ownerDesignName>Process_Incidents_data_model_diagram</ownerDesignName>
</ColumnProxy>
<ColumnProxy class="oracle.dbtools.crest.model.design.storage.sqlserver.v2k5.ColumnProxySqlServerv2k5" name="Process Incident Flag" id="E2761326-0E90-CBC4-1EC6-E4203A77EF60">
<createdBy>50472</createdBy>
<createdTime>2014-12-09 21:05:14 UTC</createdTime>
<ownerDesignName>Process_Incidents_data_model_diagram</ownerDesignName>
</ColumnProxy>
<ColumnProxy class="oracle.dbtools.crest.model.design.storage.sqlserver.v2k5.ColumnProxySqlServerv2k5" name="Incident Type" id="E80AE628-823E-5FE1-E19E-D2F948ACAC2F">
<createdBy>50472</createdBy>
<createdTime>2014-12-09 21:05:14 UTC</createdTime>
<ownerDesignName>Process_Incidents_data_model_diagram</ownerDesignName>
</ColumnProxy>
<ColumnProxy class="oracle.dbtools.crest.model.design.storage.sqlserver.v2k5.ColumnProxySqlServerv2k5" name="Process Clnt Notify End Dt" id="E9B1E1F1-0410-42AA-3D15-9B5923AA287E">
<createdBy>50472</createdBy>
<createdTime>2014-12-09 21:05:14 UTC</createdTime>
<ownerDesignName>Process_Incidents_data_model_diagram</ownerDesignName>
</ColumnProxy>
<ColumnProxy class="oracle.dbtools.crest.model.design.storage.sqlserver.v2k5.ColumnProxySqlServerv2k5" name="INSTANCE_END_DATE" id="E9E1AF47-25EE-1C9A-E415-6586B918C39C">
<createdBy>50472</createdBy>
<createdTime>2014-11-21 22:16:39 UTC</createdTime>
<ownerDesignName>Process_Incidents_data_model_diagram</ownerDesignName>
<computed>true</computed>
<formula>(coalesce([Complete Date],[Cancel Date]))</formula>
</ColumnProxy>
<ColumnProxy class="oracle.dbtools.crest.model.design.storage.sqlserver.v2k5.ColumnProxySqlServerv2k5" name="Complete Incident Flag" id="F223DE5A-08D6-E30C-210F-539A75DA0B95">
<createdBy>50472</createdBy>
<createdTime>2014-12-09 21:05:14 UTC</createdTime>
<ownerDesignName>Process_Incidents_data_model_diagram</ownerDesignName>
</ColumnProxy>
<ColumnProxy class="oracle.dbtools.crest.model.design.storage.sqlserver.v2k5.ColumnProxySqlServerv2k5" name="Notify Client Flag" id="F24130F7-A8CA-F413-0429-288E7AA655F8">
<createdBy>50472</createdBy>
<createdTime>2014-12-09 21:05:14 UTC</createdTime>
<ownerDesignName>Process_Incidents_data_model_diagram</ownerDesignName>
</ColumnProxy>
<ColumnProxy class="oracle.dbtools.crest.model.design.storage.sqlserver.v2k5.ColumnProxySqlServerv2k5" name="Research Incident St Dt" id="F2446AE0-698F-9609-58AD-74D5A7A1BD4B">
<createdBy>50472</createdBy>
<createdTime>2014-12-09 21:05:14 UTC</createdTime>
<ownerDesignName>Process_Incidents_data_model_diagram</ownerDesignName>
</ColumnProxy>
<ColumnProxy class="oracle.dbtools.crest.model.design.storage.sqlserver.v2k5.ColumnProxySqlServerv2k5" name="ACTION_COMMENTS" id="F7D75CE0-E3B5-2075-5C37-E8F146D7A5EF">
<createdBy>50472</createdBy>
<createdTime>2014-11-18 19:25:23 UTC</createdTime>
<ownerDesignName>Process_Incidents_data_model_diagram</ownerDesignName>
<collation>SQL_Latin1_General_CP1_CI_AS</collation>
</ColumnProxy>
<ColumnProxy class="oracle.dbtools.crest.model.design.storage.sqlserver.v2k5.ColumnProxySqlServerv2k5" name="Process Incident St Dt" id="F9308BEB-EE91-1046-966B-F0FD2956CDEF">
<createdBy>50472</createdBy>
<createdTime>2014-12-09 21:05:14 UTC</createdTime>
<ownerDesignName>Process_Incidents_data_model_diagram</ownerDesignName>
</ColumnProxy>
<ColumnProxy class="oracle.dbtools.crest.model.design.storage.sqlserver.v2k5.ColumnProxySqlServerv2k5" name="CHANNEL" id="F94A04C3-49FA-3E9A-E1A0-05348A475520">
<createdBy>50472</createdBy>
<createdTime>2014-12-09 21:05:14 UTC</createdTime>
<ownerDesignName>Process_Incidents_data_model_diagram</ownerDesignName>
</ColumnProxy>
<ColumnProxy class="oracle.dbtools.crest.model.design.storage.sqlserver.v2k5.ColumnProxySqlServerv2k5" name="Process Incident End Dt" id="FAF0F7DE-CD7A-EEE3-7ED5-544486E0E56F">
<createdBy>50472</createdBy>
<createdTime>2014-12-09 21:05:14 UTC</createdTime>
<ownerDesignName>Process_Incidents_data_model_diagram</ownerDesignName>
</ColumnProxy>
</columnProxies>
<indexProxies>
<IndexProxy class="oracle.dbtools.crest.model.design.storage.sqlserver.v2k5.IndexProxySqlServerv2k5" name="DPICUR_UIX1" id="41506416-1B95-FA83-8301-3AF49F4D3A09">
<createdBy>50472</createdBy>
<createdTime>2014-12-09 21:05:14 UTC</createdTime>
<ownerDesignName>Process_Incidents_data_model_diagram</ownerDesignName>
<recomputeStatistics>ON</recomputeStatistics>
</IndexProxy>
</indexProxies>
<primaryKeys>
<PrimaryKey class="oracle.dbtools.crest.model.design.storage.sqlserver.v2k5.PKProxySqlServerv2k5" name="DPICUR_PK" id="B70B3F49-61AC-9204-78B5-C6A098089F93">
<createdBy>50472</createdBy>
<createdTime>2014-12-09 21:05:14 UTC</createdTime>
<ownerDesignName>Process_Incidents_data_model_diagram</ownerDesignName>
<clustered>true</clustered>
</PrimaryKey>
</primaryKeys>
</TableProxySqlServerv2k5>