<?xml version = '1.0' encoding = 'UTF-8'?>
<TableProxySqlServerv2k5 class="oracle.dbtools.crest.model.design.storage.sqlserver.v2k5.TableProxySqlServerv2k5" name="D_PI_INCIDENT_REASON" directorySegmentName="seg_0" id="53104417-DC58-4D0B-CC36-F8F008F1BB68">
<createdBy>50472</createdBy>
<createdTime>2014-11-18 19:25:26 UTC</createdTime>
<ownerDesignName>Process_Incidents_data_model_diagram</ownerDesignName>
<database>E2F033E4-F5AA-AF06-191E-1EAB2E74135C</database>
<schema>5</schema>
<columnProxies>
<ColumnProxy class="oracle.dbtools.crest.model.design.storage.sqlserver.v2k5.ColumnProxySqlServerv2k5" name="Incident Reason" id="65255F51-212A-8CC6-73C4-86AD8F449FEA">
<createdBy>50472</createdBy>
<createdTime>2014-11-18 19:25:26 UTC</createdTime>
<ownerDesignName>Process_Incidents_data_model_diagram</ownerDesignName>
<collation>SQL_Latin1_General_CP1_CI_AS</collation>
</ColumnProxy>
<ColumnProxy class="oracle.dbtools.crest.model.design.storage.sqlserver.v2k5.ColumnProxySqlServerv2k5" name="DPIIR_ID" id="70AE624D-79E5-5547-6FF7-76595B93F215">
<createdBy>50472</createdBy>
<createdTime>2014-11-18 19:25:26 UTC</createdTime>
<ownerDesignName>Process_Incidents_data_model_diagram</ownerDesignName>
</ColumnProxy>
</columnProxies>
<indexProxies>
<IndexProxy class="oracle.dbtools.crest.model.design.storage.sqlserver.v2k5.IndexProxySqlServerv2k5" name="DPIIR_UIX1" id="C56EF99A-B46B-996F-99F0-F564685FB367">
<createdBy>50472</createdBy>
<createdTime>2014-11-18 19:25:26 UTC</createdTime>
<ownerDesignName>Process_Incidents_data_model_diagram</ownerDesignName>
<recomputeStatistics>OFF</recomputeStatistics>
</IndexProxy>
</indexProxies>
<primaryKeys>
<PrimaryKey class="oracle.dbtools.crest.model.design.storage.sqlserver.v2k5.PKProxySqlServerv2k5" name="DPIIR_PK" id="C4B47D3F-7191-C084-CB4E-95C9330E984A">
<createdBy>50472</createdBy>
<createdTime>2014-11-18 19:25:27 UTC</createdTime>
<ownerDesignName>Process_Incidents_data_model_diagram</ownerDesignName>
<clustered>true</clustered>
<recomputeStatistics>NO</recomputeStatistics>
</PrimaryKey>
</primaryKeys>
</TableProxySqlServerv2k5>