<?xml version = '1.0' encoding = 'UTF-8'?>
<TableProxySqlServerv2k5 class="oracle.dbtools.crest.model.design.storage.sqlserver.v2k5.TableProxySqlServerv2k5" name="D_PI_TASK_ID" directorySegmentName="seg_0" id="58047E31-F890-A197-3E6D-89C31B3DC0B7">
<createdBy>50472</createdBy>
<createdTime>2014-11-18 19:25:32 UTC</createdTime>
<ownerDesignName>Process_Incidents_data_model_diagram</ownerDesignName>
<database>E2F033E4-F5AA-AF06-191E-1EAB2E74135C</database>
<schema>5</schema>
<columnProxies>
<ColumnProxy class="oracle.dbtools.crest.model.design.storage.sqlserver.v2k5.ColumnProxySqlServerv2k5" name="DPITI_ID" id="1B3F6612-BCD7-469A-4B99-BA8BA894A8EE">
<createdBy>50472</createdBy>
<createdTime>2014-11-18 19:25:32 UTC</createdTime>
<ownerDesignName>Process_Incidents_data_model_diagram</ownerDesignName>
</ColumnProxy>
<ColumnProxy class="oracle.dbtools.crest.model.design.storage.sqlserver.v2k5.ColumnProxySqlServerv2k5" name="Task ID" id="5BFCAFC1-A228-FC4B-C0B3-8C8447FA63CE">
<createdBy>50472</createdBy>
<createdTime>2014-11-18 19:25:32 UTC</createdTime>
<ownerDesignName>Process_Incidents_data_model_diagram</ownerDesignName>
</ColumnProxy>
</columnProxies>
<indexProxies>
<IndexProxy class="oracle.dbtools.crest.model.design.storage.sqlserver.v2k5.IndexProxySqlServerv2k5" name="DPITI_UIX1" id="891C3970-628B-4D28-60EF-750C2F91F3F1">
<createdBy>50472</createdBy>
<createdTime>2014-11-18 19:25:32 UTC</createdTime>
<ownerDesignName>Process_Incidents_data_model_diagram</ownerDesignName>
<recomputeStatistics>OFF</recomputeStatistics>
</IndexProxy>
</indexProxies>
<primaryKeys>
<PrimaryKey class="oracle.dbtools.crest.model.design.storage.sqlserver.v2k5.PKProxySqlServerv2k5" name="DPITI_PK" id="AEC6835C-C575-C5C2-C3FF-C89CD7644701">
<createdBy>50472</createdBy>
<createdTime>2014-11-18 19:25:32 UTC</createdTime>
<ownerDesignName>Process_Incidents_data_model_diagram</ownerDesignName>
<clustered>true</clustered>
<recomputeStatistics>NO</recomputeStatistics>
</PrimaryKey>
</primaryKeys>
</TableProxySqlServerv2k5>