<?xml version = '1.0' encoding = 'UTF-8'?>
<TableProxySqlServerv2k5 class="oracle.dbtools.crest.model.design.storage.sqlserver.v2k5.TableProxySqlServerv2k5" name="D_PI_INCIDENT_STATUS" directorySegmentName="seg_0" id="8AF1C855-9BB8-D3CA-3A36-063992591C02">
<createdBy>50472</createdBy>
<createdTime>2014-11-18 19:25:27 UTC</createdTime>
<ownerDesignName>Process_Incidents_data_model_diagram</ownerDesignName>
<database>E2F033E4-F5AA-AF06-191E-1EAB2E74135C</database>
<schema>5</schema>
<columnProxies>
<ColumnProxy class="oracle.dbtools.crest.model.design.storage.sqlserver.v2k5.ColumnProxySqlServerv2k5" name="DPIISS_ID" id="0B7408BF-97B7-542E-BDD5-73F1F2E67048">
<createdBy>50472</createdBy>
<createdTime>2014-11-18 19:25:27 UTC</createdTime>
<ownerDesignName>Process_Incidents_data_model_diagram</ownerDesignName>
</ColumnProxy>
<ColumnProxy class="oracle.dbtools.crest.model.design.storage.sqlserver.v2k5.ColumnProxySqlServerv2k5" name="Incident Status" id="D6375051-2418-B3E0-79A8-B9D0BFF93228">
<createdBy>50472</createdBy>
<createdTime>2014-11-18 19:25:27 UTC</createdTime>
<ownerDesignName>Process_Incidents_data_model_diagram</ownerDesignName>
<collation>SQL_Latin1_General_CP1_CI_AS</collation>
</ColumnProxy>
</columnProxies>
<indexProxies>
<IndexProxy class="oracle.dbtools.crest.model.design.storage.sqlserver.v2k5.IndexProxySqlServerv2k5" name="DPIISS_UIX1" id="C7137DBB-8F7B-7AA3-C35E-FAFB78AA371C">
<createdBy>50472</createdBy>
<createdTime>2014-11-18 19:25:27 UTC</createdTime>
<ownerDesignName>Process_Incidents_data_model_diagram</ownerDesignName>
<recomputeStatistics>OFF</recomputeStatistics>
</IndexProxy>
</indexProxies>
<primaryKeys>
<PrimaryKey class="oracle.dbtools.crest.model.design.storage.sqlserver.v2k5.PKProxySqlServerv2k5" name="DPIISS_PK" id="20CA1A3D-002C-03FA-0AB9-19EF4F025D77">
<createdBy>50472</createdBy>
<createdTime>2014-11-18 19:25:28 UTC</createdTime>
<ownerDesignName>Process_Incidents_data_model_diagram</ownerDesignName>
<clustered>true</clustered>
<recomputeStatistics>NO</recomputeStatistics>
</PrimaryKey>
</primaryKeys>
</TableProxySqlServerv2k5>