<?xml version = '1.0' encoding = 'UTF-8'?>
<TableProxySqlServerv2k5 class="oracle.dbtools.crest.model.design.storage.sqlserver.v2k5.TableProxySqlServerv2k5" name="D_PI_JEOPARDY_STATUS" directorySegmentName="seg_0" id="8F187C71-4178-A932-E88B-E9DC44F9115E">
<createdBy>50472</createdBy>
<createdTime>2014-11-18 19:25:29 UTC</createdTime>
<ownerDesignName>Process_Incidents_data_model_diagram</ownerDesignName>
<database>E2F033E4-F5AA-AF06-191E-1EAB2E74135C</database>
<schema>5</schema>
<columnProxies>
<ColumnProxy class="oracle.dbtools.crest.model.design.storage.sqlserver.v2k5.ColumnProxySqlServerv2k5" name="Jeopardy Status" id="19B72760-FAE0-33D3-F109-2EF0294456F3">
<createdBy>50472</createdBy>
<createdTime>2014-11-18 19:25:30 UTC</createdTime>
<ownerDesignName>Process_Incidents_data_model_diagram</ownerDesignName>
<collation>SQL_Latin1_General_CP1_CI_AS</collation>
</ColumnProxy>
<ColumnProxy class="oracle.dbtools.crest.model.design.storage.sqlserver.v2k5.ColumnProxySqlServerv2k5" name="DPIJS_ID" id="3E1C04FE-3F5A-29A2-DC9B-6FA646FE84D2">
<createdBy>50472</createdBy>
<createdTime>2014-11-18 19:25:30 UTC</createdTime>
<ownerDesignName>Process_Incidents_data_model_diagram</ownerDesignName>
</ColumnProxy>
</columnProxies>
<indexProxies>
<IndexProxy class="oracle.dbtools.crest.model.design.storage.sqlserver.v2k5.IndexProxySqlServerv2k5" name="DPIJS_UIX1" id="7C8343E5-46C5-2894-C35E-F2014591160A">
<createdBy>50472</createdBy>
<createdTime>2014-11-18 19:25:30 UTC</createdTime>
<ownerDesignName>Process_Incidents_data_model_diagram</ownerDesignName>
<recomputeStatistics>OFF</recomputeStatistics>
</IndexProxy>
</indexProxies>
<primaryKeys>
<PrimaryKey class="oracle.dbtools.crest.model.design.storage.sqlserver.v2k5.PKProxySqlServerv2k5" name="DPIJS_PK" id="2A9D010C-F165-B0EA-8346-C4CE8DCC8327">
<createdBy>50472</createdBy>
<createdTime>2014-11-18 19:25:30 UTC</createdTime>
<ownerDesignName>Process_Incidents_data_model_diagram</ownerDesignName>
<clustered>true</clustered>
<recomputeStatistics>NO</recomputeStatistics>
</PrimaryKey>
</primaryKeys>
</TableProxySqlServerv2k5>