<?xml version = '1.0' encoding = 'UTF-8'?>
<TableProxySqlServerv2k5 class="oracle.dbtools.crest.model.design.storage.sqlserver.v2k5.TableProxySqlServerv2k5" name="D_PI_LAST_UPDATE_BY" directorySegmentName="seg_0" id="AA582F98-EF4B-4DE1-4B88-93C1B21FCF7D">
<createdBy>50472</createdBy>
<createdTime>2014-11-18 19:25:31 UTC</createdTime>
<ownerDesignName>Process_Incidents_data_model_diagram</ownerDesignName>
<database>E2F033E4-F5AA-AF06-191E-1EAB2E74135C</database>
<schema>5</schema>
<columnProxies>
<ColumnProxy class="oracle.dbtools.crest.model.design.storage.sqlserver.v2k5.ColumnProxySqlServerv2k5" name="DPIUB_ID" id="2F3B6E0D-240F-2F89-41E1-0B893A6ED249">
<createdBy>50472</createdBy>
<createdTime>2014-11-18 19:25:31 UTC</createdTime>
<ownerDesignName>Process_Incidents_data_model_diagram</ownerDesignName>
</ColumnProxy>
<ColumnProxy class="oracle.dbtools.crest.model.design.storage.sqlserver.v2k5.ColumnProxySqlServerv2k5" name="Last Update By Name" id="F5B28BE2-0D1A-C4DF-07C9-99AF5D564A7A">
<createdBy>50472</createdBy>
<createdTime>2014-11-18 19:25:31 UTC</createdTime>
<ownerDesignName>Process_Incidents_data_model_diagram</ownerDesignName>
<collation>SQL_Latin1_General_CP1_CI_AS</collation>
</ColumnProxy>
</columnProxies>
<indexProxies>
<IndexProxy class="oracle.dbtools.crest.model.design.storage.sqlserver.v2k5.IndexProxySqlServerv2k5" name="DPIUB_UIX1" id="2C1F0ABA-CCD7-7C91-E0E4-E7A353E4E25A">
<createdBy>50472</createdBy>
<createdTime>2014-11-18 19:25:31 UTC</createdTime>
<ownerDesignName>Process_Incidents_data_model_diagram</ownerDesignName>
<recomputeStatistics>OFF</recomputeStatistics>
</IndexProxy>
</indexProxies>
<primaryKeys>
<PrimaryKey class="oracle.dbtools.crest.model.design.storage.sqlserver.v2k5.PKProxySqlServerv2k5" name="DPILUB_PK" id="5B624C5D-EE2F-5949-7C97-0334EEC2EC95">
<createdBy>50472</createdBy>
<createdTime>2014-11-18 19:25:31 UTC</createdTime>
<ownerDesignName>Process_Incidents_data_model_diagram</ownerDesignName>
<clustered>true</clustered>
<recomputeStatistics>NO</recomputeStatistics>
</PrimaryKey>
</primaryKeys>
</TableProxySqlServerv2k5>