<?xml version = '1.0' encoding = 'UTF-8'?>
<TableProxySqlServerv2k5 class="oracle.dbtools.crest.model.design.storage.sqlserver.v2k5.TableProxySqlServerv2k5" name="D_PI_HISTORY" directorySegmentName="seg_0" id="AA658B1D-21C8-A1AB-BD51-D67B72DE7FB6">
<createdBy>50472</createdBy>
<createdTime>2014-11-21 22:22:08 UTC</createdTime>
<ownerDesignName>Process_Incidents_data_model_diagram</ownerDesignName>
<database>E2F033E4-F5AA-AF06-191E-1EAB2E74135C</database>
<filegroup>3ADB4698-AD27-EA67-4DFE-0836B1B86A7B</filegroup>
<schema>5</schema>
<columnProxies>
<ColumnProxy class="oracle.dbtools.crest.model.design.storage.sqlserver.v2k5.ColumnProxySqlServerv2k5" name="DPIIR_ID" id="10A78284-A7DE-BCDF-9B7A-34B507CEBC1C">
<createdBy>50472</createdBy>
<createdTime>2014-11-21 22:22:08 UTC</createdTime>
<ownerDesignName>Process_Incidents_data_model_diagram</ownerDesignName>
</ColumnProxy>
<ColumnProxy class="oracle.dbtools.crest.model.design.storage.sqlserver.v2k5.ColumnProxySqlServerv2k5" name="DPIISS_ID" id="398DC4C8-BD65-9A54-5A27-F7514C214C4B">
<createdBy>50472</createdBy>
<createdTime>2014-11-21 22:22:08 UTC</createdTime>
<ownerDesignName>Process_Incidents_data_model_diagram</ownerDesignName>
</ColumnProxy>
<ColumnProxy class="oracle.dbtools.crest.model.design.storage.sqlserver.v2k5.ColumnProxySqlServerv2k5" name="COMPLETION_COUNT" id="3FBC529F-F81D-FE33-2969-8A400C74E082">
<createdBy>50472</createdBy>
<createdTime>2014-11-21 22:22:08 UTC</createdTime>
<ownerDesignName>Process_Incidents_data_model_diagram</ownerDesignName>
</ColumnProxy>
<ColumnProxy class="oracle.dbtools.crest.model.design.storage.sqlserver.v2k5.ColumnProxySqlServerv2k5" name="CREATION_COUNT" id="426ADB9B-759B-3C44-6707-E2BBAF3E5E1F">
<createdBy>50472</createdBy>
<createdTime>2014-11-21 22:22:08 UTC</createdTime>
<ownerDesignName>Process_Incidents_data_model_diagram</ownerDesignName>
</ColumnProxy>
<ColumnProxy class="oracle.dbtools.crest.model.design.storage.sqlserver.v2k5.ColumnProxySqlServerv2k5" name="BUCKET_END_DATE" id="43EB40CB-732E-93DD-BC80-9421BD4C80F8">
<createdBy>50472</createdBy>
<createdTime>2014-11-21 22:22:08 UTC</createdTime>
<ownerDesignName>Process_Incidents_data_model_diagram</ownerDesignName>
</ColumnProxy>
<ColumnProxy class="oracle.dbtools.crest.model.design.storage.sqlserver.v2k5.ColumnProxySqlServerv2k5" name="DPIUB_ID" id="4B87F0CF-6EAF-B933-7A56-1C620F079E13">
<createdBy>50472</createdBy>
<createdTime>2014-11-21 22:22:08 UTC</createdTime>
<ownerDesignName>Process_Incidents_data_model_diagram</ownerDesignName>
</ColumnProxy>
<ColumnProxy class="oracle.dbtools.crest.model.design.storage.sqlserver.v2k5.ColumnProxySqlServerv2k5" name="BUCKET_START_DATE" id="79E75166-9EC0-184B-7C43-42C7DE72DB0A">
<createdBy>50472</createdBy>
<createdTime>2014-11-21 22:22:08 UTC</createdTime>
<ownerDesignName>Process_Incidents_data_model_diagram</ownerDesignName>
</ColumnProxy>
<ColumnProxy class="oracle.dbtools.crest.model.design.storage.sqlserver.v2k5.ColumnProxySqlServerv2k5" name="PI_BI_ID" id="7DD7F043-812C-E9C1-AA96-6C1B89246040">
<createdBy>50472</createdBy>
<createdTime>2014-11-21 22:22:08 UTC</createdTime>
<ownerDesignName>Process_Incidents_data_model_diagram</ownerDesignName>
</ColumnProxy>
<ColumnProxy class="oracle.dbtools.crest.model.design.storage.sqlserver.v2k5.ColumnProxySqlServerv2k5" name="DPITI_ID" id="9C20BB61-C061-90D2-7B21-C1879A235E96">
<createdBy>50472</createdBy>
<createdTime>2014-11-21 22:22:08 UTC</createdTime>
<ownerDesignName>Process_Incidents_data_model_diagram</ownerDesignName>
</ColumnProxy>
<ColumnProxy class="oracle.dbtools.crest.model.design.storage.sqlserver.v2k5.ColumnProxySqlServerv2k5" name="DPIIS_ID" id="9F3CED67-5B4D-E4AC-642C-774DC85DC7E2">
<createdBy>50472</createdBy>
<createdTime>2014-11-21 22:22:08 UTC</createdTime>
<ownerDesignName>Process_Incidents_data_model_diagram</ownerDesignName>
</ColumnProxy>
<ColumnProxy class="oracle.dbtools.crest.model.design.storage.sqlserver.v2k5.ColumnProxySqlServerv2k5" name="DPIES_ID" id="B28FB1FC-410C-859C-8A2D-479035F74A26">
<createdBy>50472</createdBy>
<createdTime>2014-11-21 22:22:08 UTC</createdTime>
<ownerDesignName>Process_Incidents_data_model_diagram</ownerDesignName>
</ColumnProxy>
<ColumnProxy class="oracle.dbtools.crest.model.design.storage.sqlserver.v2k5.ColumnProxySqlServerv2k5" name="DPIIA_ID" id="BF840CE8-BE80-BE7F-F833-2CCCACDEB205">
<createdBy>50472</createdBy>
<createdTime>2014-11-21 22:22:08 UTC</createdTime>
<ownerDesignName>Process_Incidents_data_model_diagram</ownerDesignName>
</ColumnProxy>
<ColumnProxy class="oracle.dbtools.crest.model.design.storage.sqlserver.v2k5.ColumnProxySqlServerv2k5" name="Incident Status Date" id="DCF736CC-0426-5F3D-903A-3B4936964CCF">
<createdBy>50472</createdBy>
<createdTime>2014-11-21 22:22:08 UTC</createdTime>
<ownerDesignName>Process_Incidents_data_model_diagram</ownerDesignName>
</ColumnProxy>
<ColumnProxy class="oracle.dbtools.crest.model.design.storage.sqlserver.v2k5.ColumnProxySqlServerv2k5" name="INVENTORY_COUNT" id="ECF14850-A643-E6B8-8F86-774F3A082591">
<createdBy>50472</createdBy>
<createdTime>2014-11-21 22:22:08 UTC</createdTime>
<ownerDesignName>Process_Incidents_data_model_diagram</ownerDesignName>
</ColumnProxy>
<ColumnProxy class="oracle.dbtools.crest.model.design.storage.sqlserver.v2k5.ColumnProxySqlServerv2k5" name="DPIH_ID" id="F20E56D8-7815-5CFC-F2A8-B480E4E2B1B0">
<createdBy>50472</createdBy>
<createdTime>2014-11-21 22:22:08 UTC</createdTime>
<ownerDesignName>Process_Incidents_data_model_diagram</ownerDesignName>
</ColumnProxy>
<ColumnProxy class="oracle.dbtools.crest.model.design.storage.sqlserver.v2k5.ColumnProxySqlServerv2k5" name="DPIJS_ID" id="F3A2C325-7D38-F52A-6595-1008EB2971E2">
<createdBy>50472</createdBy>
<createdTime>2014-11-21 22:22:08 UTC</createdTime>
<ownerDesignName>Process_Incidents_data_model_diagram</ownerDesignName>
</ColumnProxy>
<ColumnProxy class="oracle.dbtools.crest.model.design.storage.sqlserver.v2k5.ColumnProxySqlServerv2k5" name="Last Update Date" id="F92CEEA8-6985-05A6-2036-63FCFBFB12C0">
<createdBy>50472</createdBy>
<createdTime>2014-11-21 22:22:08 UTC</createdTime>
<ownerDesignName>Process_Incidents_data_model_diagram</ownerDesignName>
</ColumnProxy>
</columnProxies>
<indexProxies>
<IndexProxy class="oracle.dbtools.crest.model.design.storage.sqlserver.v2k5.IndexProxySqlServerv2k5" name="DPIH_IXL4" id="6F6F0779-F6D5-8EBC-B738-1A14E73B6D28">
<createdBy>50472</createdBy>
<createdTime>2014-11-21 22:22:08 UTC</createdTime>
<ownerDesignName>Process_Incidents_data_model_diagram</ownerDesignName>
<fileGroup>3ADB4698-AD27-EA67-4DFE-0836B1B86A7B</fileGroup>
<recomputeStatistics>OFF</recomputeStatistics>
</IndexProxy>
<IndexProxy class="oracle.dbtools.crest.model.design.storage.sqlserver.v2k5.IndexProxySqlServerv2k5" name="DPIH_IXL1" id="8965F305-1577-26CB-4EAA-6F99E237D7C5">
<createdBy>50472</createdBy>
<createdTime>2014-11-21 22:22:08 UTC</createdTime>
<ownerDesignName>Process_Incidents_data_model_diagram</ownerDesignName>
<fileGroup>3ADB4698-AD27-EA67-4DFE-0836B1B86A7B</fileGroup>
<recomputeStatistics>OFF</recomputeStatistics>
</IndexProxy>
<IndexProxy class="oracle.dbtools.crest.model.design.storage.sqlserver.v2k5.IndexProxySqlServerv2k5" name="DPIH_UIX2" id="B98F46DD-3792-B222-8304-195FD2CF7672">
<createdBy>50472</createdBy>
<createdTime>2014-11-21 22:22:08 UTC</createdTime>
<ownerDesignName>Process_Incidents_data_model_diagram</ownerDesignName>
<fileGroup>3ADB4698-AD27-EA67-4DFE-0836B1B86A7B</fileGroup>
<recomputeStatistics>OFF</recomputeStatistics>
</IndexProxy>
<IndexProxy class="oracle.dbtools.crest.model.design.storage.sqlserver.v2k5.IndexProxySqlServerv2k5" name="DPIH_IXL2" id="C259DF7F-6755-4745-7DF2-B385DA3BBA92">
<createdBy>50472</createdBy>
<createdTime>2014-11-21 22:22:08 UTC</createdTime>
<ownerDesignName>Process_Incidents_data_model_diagram</ownerDesignName>
<fileGroup>3ADB4698-AD27-EA67-4DFE-0836B1B86A7B</fileGroup>
<recomputeStatistics>OFF</recomputeStatistics>
</IndexProxy>
<IndexProxy class="oracle.dbtools.crest.model.design.storage.sqlserver.v2k5.IndexProxySqlServerv2k5" name="DPIH_IX2" id="DB998D27-F472-2160-59D0-5083F114751E">
<createdBy>50472</createdBy>
<createdTime>2014-11-21 22:22:08 UTC</createdTime>
<ownerDesignName>Process_Incidents_data_model_diagram</ownerDesignName>
<fileGroup>3ADB4698-AD27-EA67-4DFE-0836B1B86A7B</fileGroup>
<recomputeStatistics>OFF</recomputeStatistics>
</IndexProxy>
<IndexProxy class="oracle.dbtools.crest.model.design.storage.sqlserver.v2k5.IndexProxySqlServerv2k5" name="DPIH_IXL3" id="E1F640E7-B8BC-4DDE-9B78-6B2A299830E8">
<createdBy>50472</createdBy>
<createdTime>2014-11-21 22:22:08 UTC</createdTime>
<ownerDesignName>Process_Incidents_data_model_diagram</ownerDesignName>
<fileGroup>3ADB4698-AD27-EA67-4DFE-0836B1B86A7B</fileGroup>
<recomputeStatistics>OFF</recomputeStatistics>
</IndexProxy>
<IndexProxy class="oracle.dbtools.crest.model.design.storage.sqlserver.v2k5.IndexProxySqlServerv2k5" name="DPIH_IX1" id="EC345911-13CD-0E39-0D03-41362A79C433">
<createdBy>50472</createdBy>
<createdTime>2014-11-21 22:22:08 UTC</createdTime>
<ownerDesignName>Process_Incidents_data_model_diagram</ownerDesignName>
<fileGroup>3ADB4698-AD27-EA67-4DFE-0836B1B86A7B</fileGroup>
<recomputeStatistics>OFF</recomputeStatistics>
</IndexProxy>
</indexProxies>
<foreignKeys>
<ForeignKey class="oracle.dbtools.crest.model.design.storage.sqlserver.v2k5.FKProxySqlServerv2k5" name="DPIH_DPIES_FK" id="1F17B0B9-7413-8442-22B6-966975B9A183">
<createdBy>50472</createdBy>
<createdTime>2014-11-21 22:22:08 UTC</createdTime>
<ownerDesignName>Process_Incidents_data_model_diagram</ownerDesignName>
</ForeignKey>
<ForeignKey class="oracle.dbtools.crest.model.design.storage.sqlserver.v2k5.FKProxySqlServerv2k5" name="DPIH_DPICUR_FK" id="284138E4-EAC2-6476-A951-207451E93C12">
<createdBy>50472</createdBy>
<createdTime>2014-11-21 22:22:08 UTC</createdTime>
<ownerDesignName>Process_Incidents_data_model_diagram</ownerDesignName>
</ForeignKey>
<ForeignKey class="oracle.dbtools.crest.model.design.storage.sqlserver.v2k5.FKProxySqlServerv2k5" name="DPIH_DPIIR_FK" id="5F5079D2-0681-E9E2-6910-B2B17A07BCAC">
<createdBy>50472</createdBy>
<createdTime>2014-11-21 22:22:08 UTC</createdTime>
<ownerDesignName>Process_Incidents_data_model_diagram</ownerDesignName>
</ForeignKey>
<ForeignKey class="oracle.dbtools.crest.model.design.storage.sqlserver.v2k5.FKProxySqlServerv2k5" name="DPIH_DPIUB_FK" id="7921C638-50A1-19C8-C9B6-B3172C6BAC24">
<createdBy>50472</createdBy>
<createdTime>2014-11-21 22:22:08 UTC</createdTime>
<ownerDesignName>Process_Incidents_data_model_diagram</ownerDesignName>
</ForeignKey>
<ForeignKey class="oracle.dbtools.crest.model.design.storage.sqlserver.v2k5.FKProxySqlServerv2k5" name="DPIH_DPIISS_FK" id="8469F3D6-3931-06CE-292D-807AD5E8D275">
<createdBy>50472</createdBy>
<createdTime>2014-11-21 22:22:08 UTC</createdTime>
<ownerDesignName>Process_Incidents_data_model_diagram</ownerDesignName>
</ForeignKey>
<ForeignKey class="oracle.dbtools.crest.model.design.storage.sqlserver.v2k5.FKProxySqlServerv2k5" name="DPIH_DPIIA_FK" id="8C36866D-CC88-9AC2-BBF8-9F97EF1C988E">
<createdBy>50472</createdBy>
<createdTime>2014-11-21 22:22:08 UTC</createdTime>
<ownerDesignName>Process_Incidents_data_model_diagram</ownerDesignName>
</ForeignKey>
<ForeignKey class="oracle.dbtools.crest.model.design.storage.sqlserver.v2k5.FKProxySqlServerv2k5" name="DPIH_DPIIS_FK" id="A43F8B69-84E9-7715-7376-30A9442505CE">
<createdBy>50472</createdBy>
<createdTime>2014-11-21 22:22:08 UTC</createdTime>
<ownerDesignName>Process_Incidents_data_model_diagram</ownerDesignName>
</ForeignKey>
<ForeignKey class="oracle.dbtools.crest.model.design.storage.sqlserver.v2k5.FKProxySqlServerv2k5" name="DPIH_DPIJS_FK" id="C1C5DC95-7BA8-0371-3810-5BE9130A766D">
<createdBy>50472</createdBy>
<createdTime>2014-11-21 22:22:08 UTC</createdTime>
<ownerDesignName>Process_Incidents_data_model_diagram</ownerDesignName>
</ForeignKey>
<ForeignKey class="oracle.dbtools.crest.model.design.storage.sqlserver.v2k5.FKProxySqlServerv2k5" name="DPIH_DPITI_FK" id="CBD02C61-0E0D-C008-7AC4-BF6802D36C02">
<createdBy>50472</createdBy>
<createdTime>2014-11-21 22:22:08 UTC</createdTime>
<ownerDesignName>Process_Incidents_data_model_diagram</ownerDesignName>
</ForeignKey>
</foreignKeys>
<primaryKeys>
<PrimaryKey class="oracle.dbtools.crest.model.design.storage.sqlserver.v2k5.PKProxySqlServerv2k5" name="DPIH_PK" id="846D93C0-3A86-4DF6-8EC2-890B122F1357">
<createdBy>50472</createdBy>
<createdTime>2014-11-21 22:22:08 UTC</createdTime>
<ownerDesignName>Process_Incidents_data_model_diagram</ownerDesignName>
<clustered>true</clustered>
<fileGroup>3ADB4698-AD27-EA67-4DFE-0836B1B86A7B</fileGroup>
<recomputeStatistics>NO</recomputeStatistics>
</PrimaryKey>
</primaryKeys>
</TableProxySqlServerv2k5>