<?xml version = '1.0' encoding = 'UTF-8'?>
<TableProxySqlServerv2k5 class="oracle.dbtools.crest.model.design.storage.sqlserver.v2k5.TableProxySqlServerv2k5" name="D_PI_ENROLLMENT_STATUS" directorySegmentName="seg_0" id="BF287FEE-8A9B-CBA4-2AC7-0D6985F8650B">
<createdBy>50472</createdBy>
<createdTime>2014-11-18 19:25:24 UTC</createdTime>
<ownerDesignName>Process_Incidents_data_model_diagram</ownerDesignName>
<database>E2F033E4-F5AA-AF06-191E-1EAB2E74135C</database>
<schema>5</schema>
<columnProxies>
<ColumnProxy class="oracle.dbtools.crest.model.design.storage.sqlserver.v2k5.ColumnProxySqlServerv2k5" name="Enrollment Status" id="0D45E46D-6424-2A12-0AB0-7B659530B00F">
<createdBy>50472</createdBy>
<createdTime>2014-11-18 19:25:24 UTC</createdTime>
<ownerDesignName>Process_Incidents_data_model_diagram</ownerDesignName>
<collation>SQL_Latin1_General_CP1_CI_AS</collation>
</ColumnProxy>
<ColumnProxy class="oracle.dbtools.crest.model.design.storage.sqlserver.v2k5.ColumnProxySqlServerv2k5" name="DPIES_ID" id="6FC9A449-9FAB-6419-8764-920EB07719A6">
<createdBy>50472</createdBy>
<createdTime>2014-11-18 19:25:24 UTC</createdTime>
<ownerDesignName>Process_Incidents_data_model_diagram</ownerDesignName>
</ColumnProxy>
</columnProxies>
<indexProxies>
<IndexProxy class="oracle.dbtools.crest.model.design.storage.sqlserver.v2k5.IndexProxySqlServerv2k5" name="DPIES_UIX1" id="559870E7-1FDE-B9CE-55DD-3929F98B0E08">
<createdBy>50472</createdBy>
<createdTime>2014-11-18 19:25:24 UTC</createdTime>
<ownerDesignName>Process_Incidents_data_model_diagram</ownerDesignName>
<recomputeStatistics>OFF</recomputeStatistics>
</IndexProxy>
</indexProxies>
<primaryKeys>
<PrimaryKey class="oracle.dbtools.crest.model.design.storage.sqlserver.v2k5.PKProxySqlServerv2k5" name="DPIES_PK" id="FBD72BF6-C32E-DC88-357C-CA354C07946B">
<createdBy>50472</createdBy>
<createdTime>2014-11-18 19:25:24 UTC</createdTime>
<ownerDesignName>Process_Incidents_data_model_diagram</ownerDesignName>
<clustered>true</clustered>
<recomputeStatistics>NO</recomputeStatistics>
</PrimaryKey>
</primaryKeys>
</TableProxySqlServerv2k5>