<?xml version = '1.0' encoding = 'UTF-8'?>
<TableProxySqlServerv2k5 class="oracle.dbtools.crest.model.design.storage.sqlserver.v2k5.TableProxySqlServerv2k5" name="D_PI_INCIDENT_ABOUT" directorySegmentName="seg_0" id="DF28DFEE-B678-8D21-EC24-C323C46F2600">
<createdBy>50472</createdBy>
<createdTime>2014-11-18 19:25:25 UTC</createdTime>
<ownerDesignName>Process_Incidents_data_model_diagram</ownerDesignName>
<database>E2F033E4-F5AA-AF06-191E-1EAB2E74135C</database>
<schema>5</schema>
<columnProxies>
<ColumnProxy class="oracle.dbtools.crest.model.design.storage.sqlserver.v2k5.ColumnProxySqlServerv2k5" name="DPIIA_ID" id="282FE4DB-BDAD-CEBD-DAD9-CC350BCEFA18">
<createdBy>50472</createdBy>
<createdTime>2014-11-18 19:25:25 UTC</createdTime>
<ownerDesignName>Process_Incidents_data_model_diagram</ownerDesignName>
</ColumnProxy>
<ColumnProxy class="oracle.dbtools.crest.model.design.storage.sqlserver.v2k5.ColumnProxySqlServerv2k5" name="Incident About" id="EC3B8251-EF31-B260-628C-88B25A6A2D5B">
<createdBy>50472</createdBy>
<createdTime>2014-11-18 19:25:25 UTC</createdTime>
<ownerDesignName>Process_Incidents_data_model_diagram</ownerDesignName>
<collation>SQL_Latin1_General_CP1_CI_AS</collation>
</ColumnProxy>
</columnProxies>
<indexProxies>
<IndexProxy class="oracle.dbtools.crest.model.design.storage.sqlserver.v2k5.IndexProxySqlServerv2k5" name="DPIIA_UIX1" id="699D1EEE-1652-7ACB-8364-7AF23E6A4DE4">
<createdBy>50472</createdBy>
<createdTime>2014-11-18 19:25:25 UTC</createdTime>
<ownerDesignName>Process_Incidents_data_model_diagram</ownerDesignName>
<recomputeStatistics>OFF</recomputeStatistics>
</IndexProxy>
</indexProxies>
<primaryKeys>
<PrimaryKey class="oracle.dbtools.crest.model.design.storage.sqlserver.v2k5.PKProxySqlServerv2k5" name="DPIIA_PK" id="06E8C011-8D62-2008-E27B-F73156F02513">
<createdBy>50472</createdBy>
<createdTime>2014-11-18 19:25:25 UTC</createdTime>
<ownerDesignName>Process_Incidents_data_model_diagram</ownerDesignName>
<clustered>true</clustered>
<recomputeStatistics>NO</recomputeStatistics>
</PrimaryKey>
</primaryKeys>
</TableProxySqlServerv2k5>