<?xml version = '1.0' encoding = 'UTF-8'?>
<FKIndexAssociation class="oracle.dbtools.crest.model.design.relational.FKIndexAssociation" id="073C99B6-0635-F0A9-9354-90BC03FB06D4" directorySegmentName="seg_0" name="FNPABD_DNPAMAR_FK">
<createdBy>ro38606</createdBy>
<createdTime>2013-05-10 06:45:32 UTC</createdTime>
<ownerDesignName>NYEC_BPM_Semantic_data_model_diagram</ownerDesignName>
<containerWithKeyObject>F196E535-7F0D-EDB7-317C-3F752A293CE8</containerWithKeyObject>
<deleteRule>NO ACTION</deleteRule>
<localFKIndex>A7FF9953-5C7D-2B23-3EB9-1FC2C764A175</localFKIndex>
<keyObject>72EB5479-5822-983A-9117-98EAC50D0F1A</keyObject>
<mandatory>false</mandatory>
<transferable>true</transferable>
</FKIndexAssociation>