<?xml version = '1.0' encoding = 'UTF-8'?>
<FKIndexAssociation class="oracle.dbtools.crest.model.design.relational.FKIndexAssociation" id="122E8A23-D9A1-CB68-9E90-87CE2457CB77" directorySegmentName="seg_0" name="FPAMIBD_DPAMIIS_FK">
<sourceConnName>MAXDTDEV</sourceConnName>
<sourceObjSchema>MAXDAT</sourceObjSchema>
<sourceObjName>FPAMIBD_DPAMIIS_FK</sourceObjName>
<createdBy>ro38606</createdBy>
<createdTime>2013-05-07 16:50:10 UTC</createdTime>
<ownerDesignName>NYEC_BPM_Semantic_data_model_diagram</ownerDesignName>
<containerWithKeyObject>6B4F4761-ED54-3269-9C80-36CD19057552</containerWithKeyObject>
<deleteRule>NO ACTION</deleteRule>
<localFKIndex>D44D7CA5-380F-060E-C983-26DA62132D51</localFKIndex>
<keyObject>08EB901C-FB1E-5CC0-6C07-2ED1D22DF0AE</keyObject>
<mandatory>false</mandatory>
<transferable>true</transferable>
</FKIndexAssociation>