<?xml version = '1.0' encoding = 'UTF-8'?>
<FKIndexAssociation class="oracle.dbtools.crest.model.design.relational.FKIndexAssociation" id="13BC84CF-876A-9B40-8F7B-59051C9D22D1" directorySegmentName="seg_0" name="FMWBD_DMWE_FK">
<sourceConnName>MAXDTDEV</sourceConnName>
<sourceObjSchema>MAXDAT</sourceObjSchema>
<sourceObjName>FMWBD_DMWE_FK</sourceObjName>
<createdBy>ro38606</createdBy>
<createdTime>2013-05-07 16:50:10 UTC</createdTime>
<ownerDesignName>NYEC_BPM_Semantic_data_model_diagram</ownerDesignName>
<containerWithKeyObject>0C2A0021-3FBA-AF3D-B7B1-7C8B1B118770</containerWithKeyObject>
<deleteRule>NO ACTION</deleteRule>
<localFKIndex>1C6AD378-BC97-4CA4-18A9-4CC1B8E38EC7</localFKIndex>
<keyObject>CCDADFEF-45FF-A8A5-094E-B4E8AC23E380</keyObject>
<mandatory>true</mandatory>
<transferable>true</transferable>
</FKIndexAssociation>