<?xml version = '1.0' encoding = 'UTF-8'?>
<FKIndexAssociation class="oracle.dbtools.crest.model.design.relational.FKIndexAssociation" id="25C458C6-EC6E-B6D1-5BFE-BC0508612D8E" directorySegmentName="seg_0" name="FMWBD_DMWO_FK">
<sourceConnName>MAXDTDEV</sourceConnName>
<sourceObjSchema>MAXDAT</sourceObjSchema>
<sourceObjName>FMWBD_DMWO_FK</sourceObjName>
<createdBy>ro38606</createdBy>
<createdTime>2013-05-07 16:50:10 UTC</createdTime>
<ownerDesignName>NYEC_BPM_Semantic_data_model_diagram</ownerDesignName>
<containerWithKeyObject>0C2A0021-3FBA-AF3D-B7B1-7C8B1B118770</containerWithKeyObject>
<deleteRule>NO ACTION</deleteRule>
<localFKIndex>C68D64F1-3067-2044-570C-9043BE040155</localFKIndex>
<keyObject>B7E674B7-54A3-BCFC-2943-CBB19B156ACB</keyObject>
<mandatory>true</mandatory>
<transferable>true</transferable>
</FKIndexAssociation>