<?xml version = '1.0' encoding = 'UTF-8'?>
<FKIndexAssociation class="oracle.dbtools.crest.model.design.relational.FKIndexAssociation" id="27A51BC0-6C7E-DEDB-0A94-848602EAA837" directorySegmentName="seg_0" name="FNPABD_DNPAAS_FK">
<createdBy>ro38606</createdBy>
<createdTime>2013-05-10 06:45:32 UTC</createdTime>
<ownerDesignName>NYEC_BPM_Semantic_data_model_diagram</ownerDesignName>
<containerWithKeyObject>F196E535-7F0D-EDB7-317C-3F752A293CE8</containerWithKeyObject>
<deleteRule>NO ACTION</deleteRule>
<localFKIndex>B521E9BC-96D9-0F9E-F060-49C40B641091</localFKIndex>
<keyObject>F7A7E421-D76A-0645-5F48-832199401BC9</keyObject>
<mandatory>true</mandatory>
<transferable>true</transferable>
</FKIndexAssociation>