<?xml version = '1.0' encoding = 'UTF-8'?>
<FKIndexAssociation class="oracle.dbtools.crest.model.design.relational.FKIndexAssociation" id="2B7EC034-3E69-CEBD-074F-E10C7DAC2321" directorySegmentName="seg_0" name="FNIRBD_DNIRCUR_FK">
<sourceConnName>MAXDTDEV</sourceConnName>
<sourceObjSchema>MAXDAT</sourceObjSchema>
<sourceObjName>FNIRBD_DNIRCUR_FK</sourceObjName>
<createdBy>ro38606</createdBy>
<createdTime>2013-05-07 16:50:10 UTC</createdTime>
<ownerDesignName>NYEC_BPM_Semantic_data_model_diagram</ownerDesignName>
<containerWithKeyObject>5A9C4B7B-CBFD-80DE-7A43-FA10166B9E03</containerWithKeyObject>
<deleteRule>NO ACTION</deleteRule>
<localFKIndex>DD90B952-4515-602A-6727-B64B3D8EDEC7</localFKIndex>
<keyObject>88857205-ADF2-FD60-6514-A4107F19F853</keyObject>
<mandatory>true</mandatory>
<transferable>true</transferable>
</FKIndexAssociation>