<?xml version = '1.0' encoding = 'UTF-8'?>
<FKIndexAssociation class="oracle.dbtools.crest.model.design.relational.FKIndexAssociation" id="2C4D5B54-AA4E-901D-4C3F-8EA05081C139" directorySegmentName="seg_0" name="FNPABD_DNPARI_FK">
<createdBy>ro38606</createdBy>
<createdTime>2013-05-10 06:45:32 UTC</createdTime>
<ownerDesignName>NYEC_BPM_Semantic_data_model_diagram</ownerDesignName>
<containerWithKeyObject>F196E535-7F0D-EDB7-317C-3F752A293CE8</containerWithKeyObject>
<deleteRule>NO ACTION</deleteRule>
<localFKIndex>8C8D88BD-0D91-9B0E-E862-B0ABF112E3C5</localFKIndex>
<keyObject>AB109A77-04A5-C4B3-7A61-B8FEFF34A058</keyObject>
<mandatory>true</mandatory>
<transferable>true</transferable>
</FKIndexAssociation>