<?xml version = '1.0' encoding = 'UTF-8'?>
<FKIndexAssociation class="oracle.dbtools.crest.model.design.relational.FKIndexAssociation" id="3278929F-EAA5-28FD-0BE0-2447DC963EBD" directorySegmentName="seg_0" name="FNPMIBD_DNPMIRR_FK">
<sourceConnName>MAXDTDEV</sourceConnName>
<sourceObjSchema>MAXDAT</sourceObjSchema>
<sourceObjName>FNPMIBD_DNPMIRR_FK</sourceObjName>
<createdBy>ro38606</createdBy>
<createdTime>2013-05-07 16:50:10 UTC</createdTime>
<ownerDesignName>NYEC_BPM_Semantic_data_model_diagram</ownerDesignName>
<containerWithKeyObject>395EB7A4-FE77-E76D-AE18-18E75CCFB9A9</containerWithKeyObject>
<deleteRule>NO ACTION</deleteRule>
<localFKIndex>BC3FDB50-70B6-740F-BEE4-E5C19E4EF206</localFKIndex>
<keyObject>7FFC9B1D-97C3-0A82-9EB2-FA177A033516</keyObject>
<mandatory>true</mandatory>
<transferable>true</transferable>
</FKIndexAssociation>