<?xml version = '1.0' encoding = 'UTF-8'?>
<FKIndexAssociation class="oracle.dbtools.crest.model.design.relational.FKIndexAssociation" id="3A30969C-4920-2326-96DE-C90FC52D1FC8" directorySegmentName="seg_0" name="FNPABD_DNPAQI_FK">
<createdBy>ro38606</createdBy>
<createdTime>2013-05-10 06:45:32 UTC</createdTime>
<ownerDesignName>NYEC_BPM_Semantic_data_model_diagram</ownerDesignName>
<containerWithKeyObject>F196E535-7F0D-EDB7-317C-3F752A293CE8</containerWithKeyObject>
<deleteRule>NO ACTION</deleteRule>
<localFKIndex>C527519A-D0B1-1C61-B4A1-D8CF8FE8CC53</localFKIndex>
<keyObject>B1C884FB-F5CF-962A-0B9B-550871C50919</keyObject>
<mandatory>true</mandatory>
<transferable>true</transferable>
</FKIndexAssociation>