<?xml version = '1.0' encoding = 'UTF-8'?>
<FKIndexAssociation class="oracle.dbtools.crest.model.design.relational.FKIndexAssociation" id="3CEF3518-0995-8545-5BA2-E7094887B867" directorySegmentName="seg_0" name="FNSITPBD_DNSITPCUR_FK">
<sourceConnName>MAXDTDEV</sourceConnName>
<sourceObjSchema>MAXDAT</sourceObjSchema>
<sourceObjName>FNSITPBD_DNSITPCUR_FK</sourceObjName>
<createdBy>ro38606</createdBy>
<createdTime>2013-05-07 16:50:10 UTC</createdTime>
<ownerDesignName>NYEC_BPM_Semantic_data_model_diagram</ownerDesignName>
<containerWithKeyObject>4B8F1BA2-219E-1E89-88E4-854250238811</containerWithKeyObject>
<deleteRule>NO ACTION</deleteRule>
<localFKIndex>81BE81FE-4F0C-3344-9A6D-9B79B1A00C42</localFKIndex>
<keyObject>E93754E8-7C44-760E-C811-20255E3EED49</keyObject>
<mandatory>true</mandatory>
<transferable>true</transferable>
</FKIndexAssociation>