<?xml version = '1.0' encoding = 'UTF-8'?>
<FKIndexAssociation class="oracle.dbtools.crest.model.design.relational.FKIndexAssociation" id="3E657C74-297C-7105-1250-4231273BFB61" directorySegmentName="seg_0" name="FNPABD_DNPAOLS_FK">
<createdBy>ro38606</createdBy>
<createdTime>2013-05-10 06:45:32 UTC</createdTime>
<ownerDesignName>NYEC_BPM_Semantic_data_model_diagram</ownerDesignName>
<containerWithKeyObject>F196E535-7F0D-EDB7-317C-3F752A293CE8</containerWithKeyObject>
<deleteRule>NO ACTION</deleteRule>
<localFKIndex>78B7D558-74CC-493C-99D2-12FAB2AA65ED</localFKIndex>
<keyObject>183A02A3-85B9-57D4-39E8-07C0E62955F1</keyObject>
<mandatory>true</mandatory>
<transferable>true</transferable>
</FKIndexAssociation>