<?xml version = '1.0' encoding = 'UTF-8'?>
<FKIndexAssociation class="oracle.dbtools.crest.model.design.relational.FKIndexAssociation" id="3E91B2B3-B243-25C1-5F45-141DF897DC32" directorySegmentName="seg_0" name="FNPABD_DNPAMC_FK">
<createdBy>ro38606</createdBy>
<createdTime>2013-05-10 06:45:32 UTC</createdTime>
<ownerDesignName>NYEC_BPM_Semantic_data_model_diagram</ownerDesignName>
<containerWithKeyObject>F196E535-7F0D-EDB7-317C-3F752A293CE8</containerWithKeyObject>
<deleteRule>NO ACTION</deleteRule>
<localFKIndex>49A603E2-FAA4-BE76-2759-B9E0C6D5D24C</localFKIndex>
<keyObject>61BB1043-42B3-264F-686A-61E74537D190</keyObject>
<mandatory>true</mandatory>
<transferable>true</transferable>
</FKIndexAssociation>