<?xml version = '1.0' encoding = 'UTF-8'?>
<FKIndexAssociation class="oracle.dbtools.crest.model.design.relational.FKIndexAssociation" id="4EB7AE25-AD5F-A363-D4B7-FE0FE4E62B46" directorySegmentName="seg_0" name="FNPABD_DNPAONF_FK">
<createdBy>ro38606</createdBy>
<createdTime>2013-05-10 06:45:32 UTC</createdTime>
<ownerDesignName>NYEC_BPM_Semantic_data_model_diagram</ownerDesignName>
<containerWithKeyObject>F196E535-7F0D-EDB7-317C-3F752A293CE8</containerWithKeyObject>
<deleteRule>NO ACTION</deleteRule>
<localFKIndex>3708ADAC-9FD1-116D-BAF0-052625863B3C</localFKIndex>
<keyObject>F43BAAAC-DB2E-9DCF-0FCF-C3EE875351BE</keyObject>
<mandatory>true</mandatory>
<transferable>true</transferable>
</FKIndexAssociation>