<?xml version = '1.0' encoding = 'UTF-8'?>
<FKIndexAssociation class="oracle.dbtools.crest.model.design.relational.FKIndexAssociation" id="5084EE37-6451-484B-00A7-63EB50B95136" directorySegmentName="seg_0" name="FNIRBD_DNIRCI_FK">
<sourceConnName>MAXDTDEV</sourceConnName>
<sourceObjSchema>MAXDAT</sourceObjSchema>
<sourceObjName>FNIRBD_DNIRCI_FK</sourceObjName>
<createdBy>ro38606</createdBy>
<createdTime>2013-05-07 16:50:10 UTC</createdTime>
<ownerDesignName>NYEC_BPM_Semantic_data_model_diagram</ownerDesignName>
<containerWithKeyObject>5A9C4B7B-CBFD-80DE-7A43-FA10166B9E03</containerWithKeyObject>
<deleteRule>NO ACTION</deleteRule>
<localFKIndex>A4C1CA21-0EB8-60D7-C0BD-4AA693128607</localFKIndex>
<keyObject>5FB132A7-FF28-8633-6341-AC13512FD289</keyObject>
<mandatory>true</mandatory>
<transferable>true</transferable>
</FKIndexAssociation>