<?xml version = '1.0' encoding = 'UTF-8'?>
<FKIndexAssociation class="oracle.dbtools.crest.model.design.relational.FKIndexAssociation" id="5523984F-D818-82F7-668B-4ECC313028D8" directorySegmentName="seg_0" name="FNPABD_DNPARR_FK">
<createdBy>ro38606</createdBy>
<createdTime>2013-05-10 06:45:33 UTC</createdTime>
<ownerDesignName>NYEC_BPM_Semantic_data_model_diagram</ownerDesignName>
<containerWithKeyObject>F196E535-7F0D-EDB7-317C-3F752A293CE8</containerWithKeyObject>
<deleteRule>NO ACTION</deleteRule>
<localFKIndex>4FADA517-E33E-3D5F-98A5-392A906F3A0A</localFKIndex>
<keyObject>BC5C700A-BFAC-6F57-A336-FEF2A65C87DE</keyObject>
<mandatory>true</mandatory>
<transferable>true</transferable>
</FKIndexAssociation>