<?xml version = '1.0' encoding = 'UTF-8'?>
<FKIndexAssociation class="oracle.dbtools.crest.model.design.relational.FKIndexAssociation" id="56BD47C3-B295-A5B1-0CF4-D76B0C918937" directorySegmentName="seg_0" name="FNPABD_DNPAHCS_FK">
<createdBy>ro38606</createdBy>
<createdTime>2013-05-10 06:45:32 UTC</createdTime>
<ownerDesignName>NYEC_BPM_Semantic_data_model_diagram</ownerDesignName>
<containerWithKeyObject>F196E535-7F0D-EDB7-317C-3F752A293CE8</containerWithKeyObject>
<deleteRule>NO ACTION</deleteRule>
<localFKIndex>51CB2DB4-E86B-6C45-B7A8-07B395024058</localFKIndex>
<keyObject>52147A8A-8EAF-2895-28D4-4B0787CAC619</keyObject>
<mandatory>true</mandatory>
<transferable>true</transferable>
</FKIndexAssociation>