<?xml version = '1.0' encoding = 'UTF-8'?>
<FKIndexAssociation class="oracle.dbtools.crest.model.design.relational.FKIndexAssociation" id="58D33886-9D0A-FCDD-95FA-CC791F19D844" directorySegmentName="seg_0" name="FNPABD_DNPARCR_FK">
<createdBy>ro38606</createdBy>
<createdTime>2013-05-10 06:45:32 UTC</createdTime>
<ownerDesignName>NYEC_BPM_Semantic_data_model_diagram</ownerDesignName>
<containerWithKeyObject>F196E535-7F0D-EDB7-317C-3F752A293CE8</containerWithKeyObject>
<deleteRule>NO ACTION</deleteRule>
<localFKIndex>92C5F38B-9B32-A54A-9A7A-32E5AC071CB2</localFKIndex>
<keyObject>2A9F0E09-4784-E8EE-6E52-81E262D2011F</keyObject>
<mandatory>false</mandatory>
<transferable>true</transferable>
</FKIndexAssociation>