<?xml version = '1.0' encoding = 'UTF-8'?>
<FKIndexAssociation class="oracle.dbtools.crest.model.design.relational.FKIndexAssociation" id="5BD4B67B-DB20-9ED5-4B8B-6A59131A344F" directorySegmentName="seg_0" name="FNPMIBD_DNPMISRTI_FK">
<sourceConnName>MAXDTDEV</sourceConnName>
<sourceObjSchema>MAXDAT</sourceObjSchema>
<sourceObjName>FNPMIBD_DNPMISRTI_FK</sourceObjName>
<createdBy>ro38606</createdBy>
<createdTime>2013-05-07 16:50:10 UTC</createdTime>
<ownerDesignName>NYEC_BPM_Semantic_data_model_diagram</ownerDesignName>
<containerWithKeyObject>395EB7A4-FE77-E76D-AE18-18E75CCFB9A9</containerWithKeyObject>
<deleteRule>NO ACTION</deleteRule>
<localFKIndex>CCEB73FC-01D2-C95D-BBA9-B819F31F2D99</localFKIndex>
<keyObject>3D243E98-4A92-1483-2BA1-9714AA5D55A4</keyObject>
<mandatory>true</mandatory>
<transferable>true</transferable>
</FKIndexAssociation>