<?xml version = '1.0' encoding = 'UTF-8'?>
<FKIndexAssociation class="oracle.dbtools.crest.model.design.relational.FKIndexAssociation" id="5D6278E1-2DD7-5BB2-6857-6DF12689B03A" directorySegmentName="seg_0" name="FPAMIBD_DPACUR_FK">
<sourceConnName>MAXDTDEV</sourceConnName>
<sourceObjSchema>MAXDAT</sourceObjSchema>
<sourceObjName>FPAMIBD_DPACUR_FK</sourceObjName>
<createdBy>ro38606</createdBy>
<createdTime>2013-05-07 16:50:10 UTC</createdTime>
<ownerDesignName>NYEC_BPM_Semantic_data_model_diagram</ownerDesignName>
<containerWithKeyObject>6B4F4761-ED54-3269-9C80-36CD19057552</containerWithKeyObject>
<deleteRule>NO ACTION</deleteRule>
<localFKIndex>3F616C38-A64E-E089-CF98-7AA84E4AED28</localFKIndex>
<keyObject>D7B6981C-5F65-CD57-C9C2-A0760D31DD66</keyObject>
<mandatory>true</mandatory>
<transferable>true</transferable>
</FKIndexAssociation>