<?xml version = '1.0' encoding = 'UTF-8'?>
<FKIndexAssociation class="oracle.dbtools.crest.model.design.relational.FKIndexAssociation" id="6AF5AE00-4A6F-41C3-F9F0-78475E5B6204" directorySegmentName="seg_0" name="FMWBD_DMWTT_FK">
<sourceConnName>MAXDTDEV</sourceConnName>
<sourceObjSchema>MAXDAT</sourceObjSchema>
<sourceObjName>FMWBD_DMWTT_FK</sourceObjName>
<createdBy>ro38606</createdBy>
<createdTime>2013-05-07 16:50:10 UTC</createdTime>
<ownerDesignName>NYEC_BPM_Semantic_data_model_diagram</ownerDesignName>
<containerWithKeyObject>0C2A0021-3FBA-AF3D-B7B1-7C8B1B118770</containerWithKeyObject>
<deleteRule>NO ACTION</deleteRule>
<localFKIndex>3CC5D728-CC80-6E3D-43C2-98E16A77E968</localFKIndex>
<keyObject>22E7A176-40DC-D7FD-64B5-B7F7256D6048</keyObject>
<mandatory>true</mandatory>
<transferable>true</transferable>
</FKIndexAssociation>