<?xml version = '1.0' encoding = 'UTF-8'?>
<FKIndexAssociation class="oracle.dbtools.crest.model.design.relational.FKIndexAssociation" id="751870D9-FD9C-6CAA-2A02-FE380BD2BB41" directorySegmentName="seg_0" name="FPAMIBD_DPAMIISP_FK">
<sourceConnName>MAXDTDEV</sourceConnName>
<sourceObjSchema>MAXDAT</sourceObjSchema>
<sourceObjName>FPAMIBD_DPAMIISP_FK</sourceObjName>
<createdBy>ro38606</createdBy>
<createdTime>2013-05-07 16:50:10 UTC</createdTime>
<ownerDesignName>NYEC_BPM_Semantic_data_model_diagram</ownerDesignName>
<containerWithKeyObject>6B4F4761-ED54-3269-9C80-36CD19057552</containerWithKeyObject>
<deleteRule>NO ACTION</deleteRule>
<localFKIndex>B5688AD1-964B-93EF-BFB4-614F602CA5DD</localFKIndex>
<keyObject>7564567F-CF9D-F319-56D3-92F5CD16002F</keyObject>
<mandatory>true</mandatory>
<transferable>true</transferable>
</FKIndexAssociation>