<?xml version = '1.0' encoding = 'UTF-8'?>
<FKIndexAssociation class="oracle.dbtools.crest.model.design.relational.FKIndexAssociation" id="781889C9-065B-96A9-8AD4-E73940F99AFC" directorySegmentName="seg_0" name="FNPABD_DNPACOU_FK">
<createdBy>ro38606</createdBy>
<createdTime>2013-05-10 06:45:32 UTC</createdTime>
<ownerDesignName>NYEC_BPM_Semantic_data_model_diagram</ownerDesignName>
<containerWithKeyObject>F196E535-7F0D-EDB7-317C-3F752A293CE8</containerWithKeyObject>
<deleteRule>NO ACTION</deleteRule>
<localFKIndex>C885EEAE-1014-39F4-97D9-53FA6581A2B4</localFKIndex>
<keyObject>30E01EF0-65EE-F694-9854-BB48A98AAE91</keyObject>
<mandatory>true</mandatory>
<transferable>true</transferable>
</FKIndexAssociation>