<?xml version = '1.0' encoding = 'UTF-8'?>
<FKIndexAssociation class="oracle.dbtools.crest.model.design.relational.FKIndexAssociation" id="822DC306-E756-D8E4-87F3-C27643926C0B" directorySegmentName="seg_0" name="FNPABD_DNPAHIAI_FK">
<createdBy>ro38606</createdBy>
<createdTime>2013-05-10 06:45:32 UTC</createdTime>
<ownerDesignName>NYEC_BPM_Semantic_data_model_diagram</ownerDesignName>
<containerWithKeyObject>F196E535-7F0D-EDB7-317C-3F752A293CE8</containerWithKeyObject>
<deleteRule>NO ACTION</deleteRule>
<localFKIndex>7A8BA0E6-CC37-0258-F31C-72358096A0DE</localFKIndex>
<keyObject>DD74EC82-7CAB-01D2-693C-DFA5CC24ED86</keyObject>
<mandatory>true</mandatory>
<transferable>true</transferable>
</FKIndexAssociation>