<?xml version = '1.0' encoding = 'UTF-8'?>
<FKIndexAssociation class="oracle.dbtools.crest.model.design.relational.FKIndexAssociation" id="83A5F53D-49CF-1B7D-C258-F58E64DB6D2D" directorySegmentName="seg_0" name="FNPMIBD_DNPMIIMIT_FK">
<sourceConnName>MAXDTDEV</sourceConnName>
<sourceObjSchema>MAXDAT</sourceObjSchema>
<sourceObjName>FNPMIBD_DNPMIIMIT_FK</sourceObjName>
<createdBy>ro38606</createdBy>
<createdTime>2013-05-07 16:50:10 UTC</createdTime>
<ownerDesignName>NYEC_BPM_Semantic_data_model_diagram</ownerDesignName>
<containerWithKeyObject>395EB7A4-FE77-E76D-AE18-18E75CCFB9A9</containerWithKeyObject>
<deleteRule>NO ACTION</deleteRule>
<localFKIndex>87A6B16F-145F-4893-2903-B921E19AE13C</localFKIndex>
<keyObject>C6BEBA73-043F-62EA-F03A-8F3714B4B8BE</keyObject>
<mandatory>true</mandatory>
<transferable>true</transferable>
</FKIndexAssociation>