<?xml version = '1.0' encoding = 'UTF-8'?>
<FKIndexAssociation class="oracle.dbtools.crest.model.design.relational.FKIndexAssociation" id="841AC03A-93D0-54E5-75CA-275E607B2A07" directorySegmentName="seg_0" name="FNPABD_DNPACUR_FK">
<createdBy>ro38606</createdBy>
<createdTime>2013-05-17 15:01:41 UTC</createdTime>
<ownerDesignName>NYEC_BPM_Semantic_data_model_diagram</ownerDesignName>
<containerWithKeyObject>F196E535-7F0D-EDB7-317C-3F752A293CE8</containerWithKeyObject>
<deleteRule>NO ACTION</deleteRule>
<localFKIndex>69466741-7E58-9847-DBD7-1A517229AF2D</localFKIndex>
<keyObject>0F66335E-F46A-CAC2-622A-66FC0CEDDD36</keyObject>
<mandatory>true</mandatory>
<transferable>true</transferable>
</FKIndexAssociation>