<?xml version = '1.0' encoding = 'UTF-8'?>
<FKIndexAssociation class="oracle.dbtools.crest.model.design.relational.FKIndexAssociation" id="86045FC5-4328-922E-4BBA-78BEC431C937" directorySegmentName="seg_0" name="FNPMIBD_DNPMIQTI_FK">
<sourceConnName>MAXDTDEV</sourceConnName>
<sourceObjSchema>MAXDAT</sourceObjSchema>
<sourceObjName>FNPMIBD_DNPMIQTI_FK</sourceObjName>
<createdBy>ro38606</createdBy>
<createdTime>2013-05-07 16:50:10 UTC</createdTime>
<ownerDesignName>NYEC_BPM_Semantic_data_model_diagram</ownerDesignName>
<containerWithKeyObject>395EB7A4-FE77-E76D-AE18-18E75CCFB9A9</containerWithKeyObject>
<deleteRule>NO ACTION</deleteRule>
<localFKIndex>63B34A25-1062-EA7D-B145-8C2E5D987137</localFKIndex>
<keyObject>E866D095-74B8-69BE-E499-014274B3DC34</keyObject>
<mandatory>true</mandatory>
<transferable>true</transferable>
</FKIndexAssociation>