<?xml version = '1.0' encoding = 'UTF-8'?>
<FKIndexAssociation class="oracle.dbtools.crest.model.design.relational.FKIndexAssociation" id="95D02F1B-9A8D-9A6F-E553-A01C76702F12" directorySegmentName="seg_0" name="FNPABD_DNPAWMSR_FK">
<createdBy>ro38606</createdBy>
<createdTime>2013-05-10 06:45:33 UTC</createdTime>
<ownerDesignName>NYEC_BPM_Semantic_data_model_diagram</ownerDesignName>
<containerWithKeyObject>F196E535-7F0D-EDB7-317C-3F752A293CE8</containerWithKeyObject>
<deleteRule>NO ACTION</deleteRule>
<localFKIndex>9B823F30-78E3-DBF8-463A-FCB77B0C6A21</localFKIndex>
<keyObject>853F71F3-EE22-BDF0-1E35-3266064C4C77</keyObject>
<mandatory>false</mandatory>
<transferable>true</transferable>
</FKIndexAssociation>