<?xml version = '1.0' encoding = 'UTF-8'?>
<FKIndexAssociation class="oracle.dbtools.crest.model.design.relational.FKIndexAssociation" id="A3137818-FD71-B90A-8C5A-C1AC602CDA94" directorySegmentName="seg_0" name="FNSRBD_DNSRASG_FK">
<sourceConnName>MAXDTDEV</sourceConnName>
<sourceObjSchema>MAXDAT</sourceObjSchema>
<sourceObjName>FNSRBD_DNSRASG_FK</sourceObjName>
<createdBy>ro38606</createdBy>
<createdTime>2013-05-07 16:50:10 UTC</createdTime>
<ownerDesignName>NYEC_BPM_Semantic_data_model_diagram</ownerDesignName>
<containerWithKeyObject>480DD615-7E33-8662-EEBD-0B17137767F5</containerWithKeyObject>
<deleteRule>NO ACTION</deleteRule>
<localFKIndex>26169AF2-4F0D-5F76-CC61-7D662DB721A7</localFKIndex>
<keyObject>E156657B-C2EA-CE57-5DD7-2077E593AC95</keyObject>
<mandatory>true</mandatory>
<transferable>true</transferable>
</FKIndexAssociation>