<?xml version = '1.0' encoding = 'UTF-8'?>
<FKIndexAssociation class="oracle.dbtools.crest.model.design.relational.FKIndexAssociation" id="AB623EA4-F3B5-4EEC-1CBB-645A0231FD75" directorySegmentName="seg_0" name="FNPABD_DNPARB_FK">
<createdBy>ro38606</createdBy>
<createdTime>2013-05-10 06:45:32 UTC</createdTime>
<ownerDesignName>NYEC_BPM_Semantic_data_model_diagram</ownerDesignName>
<containerWithKeyObject>F196E535-7F0D-EDB7-317C-3F752A293CE8</containerWithKeyObject>
<deleteRule>NO ACTION</deleteRule>
<localFKIndex>99244853-0734-3B70-AC4D-DDB03F833457</localFKIndex>
<keyObject>1ABAED7A-761F-FD2C-0943-48D67997B733</keyObject>
<mandatory>true</mandatory>
<transferable>true</transferable>
</FKIndexAssociation>