<?xml version = '1.0' encoding = 'UTF-8'?>
<FKIndexAssociation class="oracle.dbtools.crest.model.design.relational.FKIndexAssociation" id="B168D7D9-6DBC-E170-06BF-F027BD279665" directorySegmentName="seg_0" name="FNSRBD_DNSRRSF_FK">
<sourceConnName>MAXDTDEV</sourceConnName>
<sourceObjSchema>MAXDAT</sourceObjSchema>
<sourceObjName>FNSRBD_DNSRRSF_FK</sourceObjName>
<createdBy>ro38606</createdBy>
<createdTime>2013-05-07 16:50:10 UTC</createdTime>
<ownerDesignName>NYEC_BPM_Semantic_data_model_diagram</ownerDesignName>
<containerWithKeyObject>480DD615-7E33-8662-EEBD-0B17137767F5</containerWithKeyObject>
<deleteRule>NO ACTION</deleteRule>
<localFKIndex>6BB72A12-3A5B-5FC1-8EE0-142A382FC690</localFKIndex>
<keyObject>850CCB44-8F74-0B62-7219-7364B8BC0ADC</keyObject>
<mandatory>true</mandatory>
<transferable>true</transferable>
</FKIndexAssociation>