<?xml version = '1.0' encoding = 'UTF-8'?>
<FKIndexAssociation class="oracle.dbtools.crest.model.design.relational.FKIndexAssociation" id="B477075C-2E47-BD40-06E3-476EC96EE8A8" directorySegmentName="seg_0" name="FPAMIBD_DPAMIRS_FK">
<sourceConnName>MAXDTDEV</sourceConnName>
<sourceObjSchema>MAXDAT</sourceObjSchema>
<sourceObjName>FPAMIBD_DPAMIRS_FK</sourceObjName>
<createdBy>ro38606</createdBy>
<createdTime>2013-05-07 16:50:10 UTC</createdTime>
<ownerDesignName>NYEC_BPM_Semantic_data_model_diagram</ownerDesignName>
<containerWithKeyObject>6B4F4761-ED54-3269-9C80-36CD19057552</containerWithKeyObject>
<deleteRule>NO ACTION</deleteRule>
<localFKIndex>7794AD30-A377-BCD1-A652-63BA2186C2F9</localFKIndex>
<keyObject>02CA4435-1266-F22F-7A29-1C46B5EF4188</keyObject>
<mandatory>true</mandatory>
<transferable>true</transferable>
</FKIndexAssociation>