<?xml version = '1.0' encoding = 'UTF-8'?>
<FKIndexAssociation class="oracle.dbtools.crest.model.design.relational.FKIndexAssociation" id="B6809504-BDD6-99B0-3C3E-7ACF04D1CAB9" directorySegmentName="seg_0" name="FNPABD_DNPAML_FK">
<createdBy>ro38606</createdBy>
<createdTime>2013-05-10 06:45:32 UTC</createdTime>
<ownerDesignName>NYEC_BPM_Semantic_data_model_diagram</ownerDesignName>
<containerWithKeyObject>F196E535-7F0D-EDB7-317C-3F752A293CE8</containerWithKeyObject>
<deleteRule>NO ACTION</deleteRule>
<localFKIndex>8AD8CD81-F052-F8EB-ED51-7658B2CA26FF</localFKIndex>
<keyObject>BD71363E-3AD1-45C6-C157-F524AFC7EFBD</keyObject>
<mandatory>true</mandatory>
<transferable>true</transferable>
</FKIndexAssociation>