<?xml version = '1.0' encoding = 'UTF-8'?>
<FKIndexAssociation class="oracle.dbtools.crest.model.design.relational.FKIndexAssociation" id="BB2D1159-7040-3309-52AD-052E11F191F9" directorySegmentName="seg_0" name="FNPABD_DNPAWRI_FK">
<createdBy>ro38606</createdBy>
<createdTime>2013-05-10 06:45:33 UTC</createdTime>
<ownerDesignName>NYEC_BPM_Semantic_data_model_diagram</ownerDesignName>
<containerWithKeyObject>F196E535-7F0D-EDB7-317C-3F752A293CE8</containerWithKeyObject>
<deleteRule>NO ACTION</deleteRule>
<localFKIndex>73FDC962-5844-9168-7AD5-A01E031948CC</localFKIndex>
<keyObject>BF7F2096-1D3B-FE6D-CF03-53CAD040BF52</keyObject>
<mandatory>true</mandatory>
<transferable>true</transferable>
</FKIndexAssociation>