<?xml version = '1.0' encoding = 'UTF-8'?>
<FKIndexAssociation class="oracle.dbtools.crest.model.design.relational.FKIndexAssociation" id="BD522E64-39E4-8C60-4B48-E25BB72D2030" directorySegmentName="seg_0" name="FMWBD_DMWLUBN_FK">
<sourceConnName>MAXDTDEV</sourceConnName>
<sourceObjSchema>MAXDAT</sourceObjSchema>
<sourceObjName>FMWBD_DMWLUBN_FK</sourceObjName>
<createdBy>ro38606</createdBy>
<createdTime>2013-05-07 16:50:10 UTC</createdTime>
<ownerDesignName>NYEC_BPM_Semantic_data_model_diagram</ownerDesignName>
<containerWithKeyObject>0C2A0021-3FBA-AF3D-B7B1-7C8B1B118770</containerWithKeyObject>
<deleteRule>NO ACTION</deleteRule>
<localFKIndex>9C804269-B4F0-61CE-CDF2-EF0C51DBAA53</localFKIndex>
<keyObject>FF16F62D-5DFC-A3B3-E15C-3995E879B965</keyObject>
<mandatory>true</mandatory>
<transferable>true</transferable>
</FKIndexAssociation>