<?xml version = '1.0' encoding = 'UTF-8'?>
<FKIndexAssociation class="oracle.dbtools.crest.model.design.relational.FKIndexAssociation" id="BED094FB-87A3-8F63-378E-8F6EEFE4B0CC" directorySegmentName="seg_0" name="FNSRBD_DNSRHAS_FK">
<sourceConnName>MAXDTDEV</sourceConnName>
<sourceObjSchema>MAXDAT</sourceObjSchema>
<sourceObjName>FNSRBD_DNSRHAS_FK</sourceObjName>
<createdBy>ro38606</createdBy>
<createdTime>2013-05-07 16:50:10 UTC</createdTime>
<ownerDesignName>NYEC_BPM_Semantic_data_model_diagram</ownerDesignName>
<containerWithKeyObject>480DD615-7E33-8662-EEBD-0B17137767F5</containerWithKeyObject>
<deleteRule>NO ACTION</deleteRule>
<localFKIndex>37BAA929-B34A-4F79-951A-CA557AE0EFCB</localFKIndex>
<keyObject>A4A8B963-C5A4-F877-8121-169A3937DA36</keyObject>
<mandatory>true</mandatory>
<transferable>true</transferable>
</FKIndexAssociation>