<?xml version = '1.0' encoding = 'UTF-8'?>
<FKIndexAssociation class="oracle.dbtools.crest.model.design.relational.FKIndexAssociation" id="C8869D9E-4A76-FDCD-F8D6-7FEC746EF77A" directorySegmentName="seg_0" name="FNPABD_DNPAHS_FK">
<createdBy>ro38606</createdBy>
<createdTime>2013-05-10 06:45:32 UTC</createdTime>
<ownerDesignName>NYEC_BPM_Semantic_data_model_diagram</ownerDesignName>
<containerWithKeyObject>F196E535-7F0D-EDB7-317C-3F752A293CE8</containerWithKeyObject>
<deleteRule>NO ACTION</deleteRule>
<localFKIndex>2DB4920B-875C-DC66-97E4-9B7186B4680E</localFKIndex>
<keyObject>3DAC11E4-664E-EDC1-E0BB-C333188D11CD</keyObject>
<mandatory>true</mandatory>
<transferable>true</transferable>
</FKIndexAssociation>