<?xml version = '1.0' encoding = 'UTF-8'?>
<FKIndexAssociation class="oracle.dbtools.crest.model.design.relational.FKIndexAssociation" id="C8F915AA-0265-7165-3FC0-3DB0FF98B6DF" directorySegmentName="seg_0" name="FMWBD_DMWTS_FK">
<sourceConnName>MAXDTDEV</sourceConnName>
<sourceObjSchema>MAXDAT</sourceObjSchema>
<sourceObjName>FMWBD_DMWTS_FK</sourceObjName>
<createdBy>ro38606</createdBy>
<createdTime>2013-05-07 16:50:10 UTC</createdTime>
<ownerDesignName>NYEC_BPM_Semantic_data_model_diagram</ownerDesignName>
<containerWithKeyObject>0C2A0021-3FBA-AF3D-B7B1-7C8B1B118770</containerWithKeyObject>
<deleteRule>NO ACTION</deleteRule>
<localFKIndex>C589C00B-5879-A40B-36CD-E267BD6736B4</localFKIndex>
<keyObject>B6EC4271-D7D5-A90F-57CB-84EEA6A7DFEE</keyObject>
<mandatory>true</mandatory>
<transferable>true</transferable>
</FKIndexAssociation>