<?xml version = '1.0' encoding = 'UTF-8'?>
<FKIndexAssociation class="oracle.dbtools.crest.model.design.relational.FKIndexAssociation" id="CE9F6D80-D574-5BA5-C587-06197D42602D" directorySegmentName="seg_0" name="FNPABD_DNPAFPBPST_FK">
<createdBy>ro38606</createdBy>
<createdTime>2013-05-10 06:45:32 UTC</createdTime>
<ownerDesignName>NYEC_BPM_Semantic_data_model_diagram</ownerDesignName>
<containerWithKeyObject>F196E535-7F0D-EDB7-317C-3F752A293CE8</containerWithKeyObject>
<deleteRule>NO ACTION</deleteRule>
<localFKIndex>6631551A-6AA4-E34E-8DE5-AAB328A2BCBC</localFKIndex>
<keyObject>FCFE35F4-6560-1D59-2498-9BF1A1E5EB91</keyObject>
<mandatory>true</mandatory>
<transferable>true</transferable>
</FKIndexAssociation>