<?xml version = '1.0' encoding = 'UTF-8'?>
<FKIndexAssociation class="oracle.dbtools.crest.model.design.relational.FKIndexAssociation" id="D19CFF5E-ED5A-3EAC-77DE-E297C1155486" directorySegmentName="seg_0" name="FMWBD_DMWF_FK">
<sourceConnName>MAXDTDEV</sourceConnName>
<sourceObjSchema>MAXDAT</sourceObjSchema>
<sourceObjName>FMWBD_DMWF_FK</sourceObjName>
<createdBy>ro38606</createdBy>
<createdTime>2013-05-07 16:50:10 UTC</createdTime>
<ownerDesignName>NYEC_BPM_Semantic_data_model_diagram</ownerDesignName>
<containerWithKeyObject>0C2A0021-3FBA-AF3D-B7B1-7C8B1B118770</containerWithKeyObject>
<deleteRule>NO ACTION</deleteRule>
<localFKIndex>47D3D90A-8DCF-5203-6193-ADC2FC76E8DF</localFKIndex>
<keyObject>051AE87F-EA72-AB6C-FAC1-B8710E3C58F1</keyObject>
<mandatory>true</mandatory>
<transferable>true</transferable>
</FKIndexAssociation>