<?xml version = '1.0' encoding = 'UTF-8'?>
<FKIndexAssociation class="oracle.dbtools.crest.model.design.relational.FKIndexAssociation" id="D888073E-1AD1-85D3-0496-4E508AFBCB97" directorySegmentName="seg_0" name="FNPMIBD_DNPMIRTI_FK">
<sourceConnName>MAXDTDEV</sourceConnName>
<sourceObjSchema>MAXDAT</sourceObjSchema>
<sourceObjName>FNPMIBD_DNPMIRTI_FK</sourceObjName>
<createdBy>ro38606</createdBy>
<createdTime>2013-05-07 16:50:10 UTC</createdTime>
<ownerDesignName>NYEC_BPM_Semantic_data_model_diagram</ownerDesignName>
<containerWithKeyObject>395EB7A4-FE77-E76D-AE18-18E75CCFB9A9</containerWithKeyObject>
<deleteRule>NO ACTION</deleteRule>
<localFKIndex>C25153F0-E170-6984-CC7A-56B173D654A2</localFKIndex>
<keyObject>109F60FE-8AC3-2F3A-EE09-DD91D1FC1926</keyObject>
<mandatory>true</mandatory>
<transferable>true</transferable>
</FKIndexAssociation>