<?xml version = '1.0' encoding = 'UTF-8'?>
<FKIndexAssociation class="oracle.dbtools.crest.model.design.relational.FKIndexAssociation" id="E4A4EC33-0958-1C44-B98B-D95008A781A5" directorySegmentName="seg_0" name="FNPMIBD_DNPMIPMIT_FK">
<sourceConnName>MAXDTDEV</sourceConnName>
<sourceObjSchema>MAXDAT</sourceObjSchema>
<sourceObjName>FNPMIBD_DNPMIPMIT_FK</sourceObjName>
<createdBy>ro38606</createdBy>
<createdTime>2013-05-07 16:50:10 UTC</createdTime>
<ownerDesignName>NYEC_BPM_Semantic_data_model_diagram</ownerDesignName>
<containerWithKeyObject>395EB7A4-FE77-E76D-AE18-18E75CCFB9A9</containerWithKeyObject>
<deleteRule>NO ACTION</deleteRule>
<localFKIndex>860650E6-11C8-CBD4-465D-238596F49BF0</localFKIndex>
<keyObject>E2B99935-81A3-9A2B-D04A-8DB9A2A3BC73</keyObject>
<mandatory>true</mandatory>
<transferable>true</transferable>
</FKIndexAssociation>