<?xml version = '1.0' encoding = 'UTF-8'?>
<FKIndexAssociation class="oracle.dbtools.crest.model.design.relational.FKIndexAssociation" id="E9362128-F92F-B7DB-B0EC-1665AC930176" directorySegmentName="seg_0" name="FNPMIBD_DNPMICUR_FK">
<sourceConnName>MAXDTDEV</sourceConnName>
<sourceObjSchema>MAXDAT</sourceObjSchema>
<sourceObjName>FNPMIBD_DNPMICUR_FK</sourceObjName>
<createdBy>ro38606</createdBy>
<createdTime>2013-05-07 16:50:10 UTC</createdTime>
<ownerDesignName>NYEC_BPM_Semantic_data_model_diagram</ownerDesignName>
<containerWithKeyObject>395EB7A4-FE77-E76D-AE18-18E75CCFB9A9</containerWithKeyObject>
<deleteRule>NO ACTION</deleteRule>
<localFKIndex>7CC81D4A-C5B4-ED34-99B1-FE14A9E6E87A</localFKIndex>
<keyObject>0BBD34E2-223C-F57B-A3FE-1AABE8C79532</keyObject>
<mandatory>true</mandatory>
<transferable>true</transferable>
</FKIndexAssociation>