<?xml version = '1.0' encoding = 'UTF-8'?>
<FKIndexAssociation class="oracle.dbtools.crest.model.design.relational.FKIndexAssociation" id="EA091299-9F50-6723-808F-CAE55D9D99CD" directorySegmentName="seg_0" name="FNSRBD_DNSRCUR_FK">
<sourceConnName>MAXDTDEV</sourceConnName>
<sourceObjSchema>MAXDAT</sourceObjSchema>
<sourceObjName>FNSRBD_DNSRCUR_FK</sourceObjName>
<createdBy>ro38606</createdBy>
<createdTime>2013-05-07 16:50:10 UTC</createdTime>
<ownerDesignName>NYEC_BPM_Semantic_data_model_diagram</ownerDesignName>
<containerWithKeyObject>480DD615-7E33-8662-EEBD-0B17137767F5</containerWithKeyObject>
<deleteRule>NO ACTION</deleteRule>
<localFKIndex>D219A6F3-A9DD-E313-DF6B-E7284E1C96FD</localFKIndex>
<keyObject>11A920B9-F27C-BBDB-75E3-0EEF04126C91</keyObject>
<mandatory>true</mandatory>
<transferable>true</transferable>
</FKIndexAssociation>