<?xml version = '1.0' encoding = 'UTF-8'?>
<FKIndexAssociation class="oracle.dbtools.crest.model.design.relational.FKIndexAssociation" id="EBA85C08-E69F-3FC8-8BC7-7A9E8971CFB8" directorySegmentName="seg_0" name="FMWBD_DMWCUR_FK">
<sourceConnName>MAXDTDEV</sourceConnName>
<sourceObjSchema>MAXDAT</sourceObjSchema>
<sourceObjName>FMWBD_DMWCUR_FK</sourceObjName>
<createdBy>ro38606</createdBy>
<createdTime>2013-05-07 16:50:10 UTC</createdTime>
<ownerDesignName>NYEC_BPM_Semantic_data_model_diagram</ownerDesignName>
<containerWithKeyObject>0C2A0021-3FBA-AF3D-B7B1-7C8B1B118770</containerWithKeyObject>
<deleteRule>NO ACTION</deleteRule>
<localFKIndex>37026DEA-1F80-FE1B-60C4-70A07DFDE55F</localFKIndex>
<keyObject>FBCDE2D6-1645-3A2D-7C90-33B62542D981</keyObject>
<mandatory>true</mandatory>
<transferable>true</transferable>
</FKIndexAssociation>