<?xml version = '1.0' encoding = 'UTF-8'?>
<FKIndexAssociation class="oracle.dbtools.crest.model.design.relational.FKIndexAssociation" id="ECB49B4B-9658-63B8-77D8-3AE6C9B6B625" directorySegmentName="seg_0" name="FNPMIBD_DNPMILS_FK">
<sourceConnName>MAXDTDEV</sourceConnName>
<sourceObjSchema>MAXDAT</sourceObjSchema>
<sourceObjName>FNPMIBD_DNPMILS_FK</sourceObjName>
<createdBy>ro38606</createdBy>
<createdTime>2013-05-07 16:50:10 UTC</createdTime>
<ownerDesignName>NYEC_BPM_Semantic_data_model_diagram</ownerDesignName>
<containerWithKeyObject>395EB7A4-FE77-E76D-AE18-18E75CCFB9A9</containerWithKeyObject>
<deleteRule>NO ACTION</deleteRule>
<localFKIndex>75A46B30-C4B5-86BC-15C5-14C3B483E4E5</localFKIndex>
<keyObject>AF7E2F26-8B70-228D-CE4D-92560017AD9B</keyObject>
<mandatory>true</mandatory>
<transferable>true</transferable>
</FKIndexAssociation>