<?xml version = '1.0' encoding = 'UTF-8'?>
<FKIndexAssociation class="oracle.dbtools.crest.model.design.relational.FKIndexAssociation" id="F4259E0F-456E-A8AF-C053-41F679CA5371" directorySegmentName="seg_0" name="FNPABD_DNPARN_FK">
<createdBy>ro38606</createdBy>
<createdTime>2013-05-10 06:45:32 UTC</createdTime>
<ownerDesignName>NYEC_BPM_Semantic_data_model_diagram</ownerDesignName>
<containerWithKeyObject>F196E535-7F0D-EDB7-317C-3F752A293CE8</containerWithKeyObject>
<deleteRule>NO ACTION</deleteRule>
<localFKIndex>60FB4839-3A52-549E-A9A3-867D056112FA</localFKIndex>
<keyObject>59B687B3-7F65-3BB3-05DA-2562A8853E36</keyObject>
<mandatory>false</mandatory>
<transferable>true</transferable>
</FKIndexAssociation>