<?xml version = '1.0' encoding = 'UTF-8'?>
<FKIndexAssociation class="oracle.dbtools.crest.model.design.relational.FKIndexAssociation" id="F68A716D-CFAD-6E41-DC08-18345A2ADC9E" directorySegmentName="seg_0" name="FNSRBD_DNSRSAI_FK">
<sourceConnName>MAXDTDEV</sourceConnName>
<sourceObjSchema>MAXDAT</sourceObjSchema>
<sourceObjName>FNSRBD_DNSRSAI_FK</sourceObjName>
<createdBy>ro38606</createdBy>
<createdTime>2013-05-07 16:50:10 UTC</createdTime>
<ownerDesignName>NYEC_BPM_Semantic_data_model_diagram</ownerDesignName>
<containerWithKeyObject>480DD615-7E33-8662-EEBD-0B17137767F5</containerWithKeyObject>
<deleteRule>NO ACTION</deleteRule>
<localFKIndex>4F84E6BE-5ABA-63CD-2BFB-3C40802E1D83</localFKIndex>
<keyObject>2166E1A7-9ACD-217F-494C-273D11C73FC6</keyObject>
<mandatory>true</mandatory>
<transferable>true</transferable>
</FKIndexAssociation>