<?xml version = '1.0' encoding = 'UTF-8'?>
<FKIndexAssociation class="oracle.dbtools.crest.model.design.relational.FKIndexAssociation" id="F7BA90F7-4B22-A8EF-0C54-B617FA729268" directorySegmentName="seg_0" name="FNPABD_DNPACIN_FK">
<createdBy>ro38606</createdBy>
<createdTime>2013-05-10 06:45:32 UTC</createdTime>
<ownerDesignName>NYEC_BPM_Semantic_data_model_diagram</ownerDesignName>
<containerWithKeyObject>F196E535-7F0D-EDB7-317C-3F752A293CE8</containerWithKeyObject>
<deleteRule>NO ACTION</deleteRule>
<localFKIndex>8AD9F167-2902-A4D1-C85C-8BA75811301B</localFKIndex>
<keyObject>19130DD3-C712-E149-E947-C269187F02FA</keyObject>
<mandatory>true</mandatory>
<transferable>true</transferable>
</FKIndexAssociation>