<?xml version = '1.0' encoding = 'UTF-8'?>
<Table class="oracle.dbtools.crest.model.design.relational.Table" directorySegmentName="seg_0" id="21A306E7-94CF-96E2-831D-2777166E51D2" name="AGENT_TENURE_STATUS_SV">
<sourceDDLFile>My_Temp.sql</sourceDDLFile>
<createdBy>88641</createdBy>
<createdTime>2018-02-22 22:55:35 UTC</createdTime>
<ownerDesignName>MicroStrategy_NICE_WFM_metrics</ownerDesignName>
<importedID>5135E2F3-E763-D20E-F256-6B8B46AAEF11</importedID>
<allowColumnReorder>false</allowColumnReorder>
<existDependencyGenerateInDDl>true</existDependencyGenerateInDDl>
<parsed>true</parsed>
<columns itemClass="oracle.dbtools.crest.model.design.relational.Column">
<Column name="AGENT_WFM_ID" id="ACD04AF2-B35F-A467-E3A2-1B0566D38614">
<sourceDDLFile>My_Temp.sql</sourceDDLFile>
<createdBy>88641</createdBy>
<createdTime>2018-02-22 22:55:35 UTC</createdTime>
<ownerDesignName>MicroStrategy_NICE_WFM_metrics</ownerDesignName>
<importedID>67CB25EF-6762-414E-EAE0-FB809B055BD3</importedID>
<useDomainConstraints>false</useDomainConstraints>
<use>1</use>
<logicalDatatype>LOGDT011</logicalDatatype>
<ownDataTypeParameters>,,</ownDataTypeParameters>
<autoIncrementCycle>false</autoIncrementCycle>
</Column>
<Column name="AGENT_TENURE_STATUS" id="47802DA0-47A2-75C4-B318-83DB5E9F2074">
<sourceDDLFile>My_Temp.sql</sourceDDLFile>
<createdBy>88641</createdBy>
<createdTime>2018-02-22 22:55:35 UTC</createdTime>
<ownerDesignName>MicroStrategy_NICE_WFM_metrics</ownerDesignName>
<importedID>D2629CF3-9A8D-0DB0-DFD5-48DD2B0274CE</importedID>
<useDomainConstraints>false</useDomainConstraints>
<use>1</use>
<logicalDatatype>LOGDT037</logicalDatatype>
<dataTypeSize>10</dataTypeSize>
<ownDataTypeParameters>10,,</ownDataTypeParameters>
<autoIncrementCycle>false</autoIncrementCycle>
</Column>
<Column name="START_DATE" id="FE6AFBB6-6351-4D89-5663-5A5FCA1F3C99">
<sourceDDLFile>My_Temp.sql</sourceDDLFile>
<createdBy>88641</createdBy>
<createdTime>2018-02-22 22:55:35 UTC</createdTime>
<ownerDesignName>MicroStrategy_NICE_WFM_metrics</ownerDesignName>
<importedID>124F2B42-67C1-23C3-6C02-7F7411E5B5E7</importedID>
<useDomainConstraints>false</useDomainConstraints>
<use>1</use>
<logicalDatatype>LOGDT007</logicalDatatype>
<ownDataTypeParameters>,,</ownDataTypeParameters>
<autoIncrementCycle>false</autoIncrementCycle>
</Column>
<Column name="END_DATE" id="6AD21BB4-96F5-0A44-2928-0BE11122DE1B">
<sourceDDLFile>My_Temp.sql</sourceDDLFile>
<createdBy>88641</createdBy>
<createdTime>2018-02-22 22:55:35 UTC</createdTime>
<ownerDesignName>MicroStrategy_NICE_WFM_metrics</ownerDesignName>
<importedID>B1B51EED-5055-44A1-DCCB-AA8213D2F4B3</importedID>
<nullsAllowed>true</nullsAllowed>
<useDomainConstraints>false</useDomainConstraints>
<use>1</use>
<logicalDatatype>LOGDT007</logicalDatatype>
<ownDataTypeParameters>,,</ownDataTypeParameters>
<autoIncrementCycle>false</autoIncrementCycle>
</Column>
</columns>
<indexes itemClass="oracle.dbtools.crest.model.design.relational.Index">
<ind_PK_UK id="1DDDD8A9-1D5C-2830-5363-7DD90802D800" name="AGENT_TENURE_STATUS_SV_PK">
<sourceDDLFile>My_Temp.sql</sourceDDLFile>
<createdBy>88641</createdBy>
<createdTime>2018-02-22 22:55:35 UTC</createdTime>
<ownerDesignName>MicroStrategy_NICE_WFM_metrics</ownerDesignName>
<importedID>B3D57A02-E65B-51B9-2522-B6D7AF900AAB</importedID>
<pk>true</pk>
<indexState>Primary Constraint</indexState>
<isSurrogateKey>false</isSurrogateKey>
<indexColumnUsage>
<colUsage columnID="ACD04AF2-B35F-A467-E3A2-1B0566D38614"/>
<colUsage columnID="FE6AFBB6-6351-4D89-5663-5A5FCA1F3C99"/>
</indexColumnUsage>
</ind_PK_UK>
</indexes>
</Table>