<?xml version = '1.0' encoding = 'UTF-8'?>
<Table class="oracle.dbtools.crest.model.design.relational.Table" directorySegmentName="seg_0" id="2B59DAFB-D68D-306A-37E0-CF41B16D9A12" name="AGENT_MANAGEMENT_UNIT_SV">
<sourceDDLFile>My_Temp.sql</sourceDDLFile>
<createdBy>50472</createdBy>
<createdTime>2020-09-01 22:33:08 UTC</createdTime>
<ownerDesignName>MicroStrategy_NICE_WFM_metrics</ownerDesignName>
<ordsAlias>agent_site_svv1</ordsAlias>
<allowColumnReorder>false</allowColumnReorder>
<existDependencyGenerateInDDl>true</existDependencyGenerateInDDl>
<parsed>true</parsed>
<columns itemClass="oracle.dbtools.crest.model.design.relational.Column">
<Column name="AGENT_WFM_ID" id="BB1D141E-F299-1002-C8C8-CD51A8B212C7">
<sourceDDLFile>My_Temp.sql</sourceDDLFile>
<createdBy>50472</createdBy>
<createdTime>2020-09-01 22:33:08 UTC</createdTime>
<ownerDesignName>MicroStrategy_NICE_WFM_metrics</ownerDesignName>
<useDomainConstraints>false</useDomainConstraints>
<use>1</use>
<logicalDatatype>LOGDT011</logicalDatatype>
<ownDataTypeParameters>,,</ownDataTypeParameters>
<autoIncrementCycle>false</autoIncrementCycle>
</Column>
<Column name="MANAGEMENT_UNIT_NAME" id="0BF406BA-7F8C-E863-B6D3-B7F20A5DD61E">
<sourceDDLFile>My_Temp.sql</sourceDDLFile>
<createdBy>50472</createdBy>
<createdTime>2020-09-01 22:33:08 UTC</createdTime>
<ownerDesignName>MicroStrategy_NICE_WFM_metrics</ownerDesignName>
<useDomainConstraints>false</useDomainConstraints>
<use>1</use>
<logicalDatatype>LOGDT037</logicalDatatype>
<dataTypeSize>64</dataTypeSize>
<ownDataTypeParameters>64,,</ownDataTypeParameters>
<autoIncrementCycle>false</autoIncrementCycle>
</Column>
<Column name="MANAGEMENT_UNIT_ID" id="F89C71D0-8D41-6A44-7FB7-079E3D93A803">
<createdBy>50472</createdBy>
<createdTime>2020-09-01 22:36:32 UTC</createdTime>
<ownerDesignName>MicroStrategy_NICE_WFM_metrics</ownerDesignName>
<useDomainConstraints>false</useDomainConstraints>
<use>1</use>
<logicalDatatype>LOGDT011</logicalDatatype>
<ownDataTypeParameters>,,</ownDataTypeParameters>
<autoIncrementCycle>false</autoIncrementCycle>
</Column>
<Column name="MANAGEMENT_UNIT_TIME_ZONE" id="C9D425E6-8DB2-B170-672B-762B5D6333DA">
<createdBy>50472</createdBy>
<createdTime>2020-09-01 22:37:10 UTC</createdTime>
<ownerDesignName>MicroStrategy_NICE_WFM_metrics</ownerDesignName>
<nullsAllowed>true</nullsAllowed>
<useDomainConstraints>false</useDomainConstraints>
<use>1</use>
<logicalDatatype>LOGDT037</logicalDatatype>
<dataTypeSize>34</dataTypeSize>
<ownDataTypeParameters>34,,</ownDataTypeParameters>
<autoIncrementCycle>false</autoIncrementCycle>
</Column>
<Column name="START_DATE" id="310B652C-9ACA-6F0B-0916-A455CC41D194">
<sourceDDLFile>My_Temp.sql</sourceDDLFile>
<createdBy>50472</createdBy>
<createdTime>2020-09-01 22:33:08 UTC</createdTime>
<ownerDesignName>MicroStrategy_NICE_WFM_metrics</ownerDesignName>
<useDomainConstraints>false</useDomainConstraints>
<use>1</use>
<logicalDatatype>LOGDT007</logicalDatatype>
<ownDataTypeParameters>,,</ownDataTypeParameters>
<autoIncrementCycle>false</autoIncrementCycle>
</Column>
<Column name="END_DATE" id="7B1F62FF-4246-B428-52D1-10F6D0F70915">
<sourceDDLFile>My_Temp.sql</sourceDDLFile>
<createdBy>50472</createdBy>
<createdTime>2020-09-01 22:33:08 UTC</createdTime>
<ownerDesignName>MicroStrategy_NICE_WFM_metrics</ownerDesignName>
<nullsAllowed>true</nullsAllowed>
<useDomainConstraints>false</useDomainConstraints>
<use>1</use>
<logicalDatatype>LOGDT007</logicalDatatype>
<ownDataTypeParameters>,,</ownDataTypeParameters>
<autoIncrementCycle>false</autoIncrementCycle>
</Column>
</columns>
<indexes itemClass="oracle.dbtools.crest.model.design.relational.Index">
<ind_PK_UK id="F1AAB54B-59DC-EE52-9E25-0C1362BA0325" name="AGENT_MANAGEMENT_UNIT_SV_PK">
<sourceDDLFile>My_Temp.sql</sourceDDLFile>
<createdBy>50472</createdBy>
<createdTime>2020-09-01 22:33:08 UTC</createdTime>
<ownerDesignName>MicroStrategy_NICE_WFM_metrics</ownerDesignName>
<pk>true</pk>
<indexState>Primary Constraint</indexState>
<isSurrogateKey>false</isSurrogateKey>
<indexColumnUsage>
<colUsage columnID="BB1D141E-F299-1002-C8C8-CD51A8B212C7"/>
<colUsage columnID="310B652C-9ACA-6F0B-0916-A455CC41D194"/>
</indexColumnUsage>
</ind_PK_UK>
</indexes>
</Table>