<?xml version = '1.0' encoding = 'UTF-8'?>
<Table class="oracle.dbtools.crest.model.design.relational.Table" directorySegmentName="seg_0" id="2EC3262F-8861-4DB5-9F42-1232FB11AE1F" name="D_MINUTE_SV">
<createdBy>50472</createdBy>
<createdTime>2019-08-30 15:56:42 UTC</createdTime>
<ownerDesignName>MicroStrategy_NICE_WFM_metrics</ownerDesignName>
<shouldEngineer>false</shouldEngineer>
<ordsAlias>table_18</ordsAlias>
<allowColumnReorder>false</allowColumnReorder>
<existDependencyGenerateInDDl>true</existDependencyGenerateInDDl>
<parsed>true</parsed>
<columns itemClass="oracle.dbtools.crest.model.design.relational.Column">
<Column name="D_MINUTE" id="D59AA9CF-1BBE-5AC1-1E90-D402360E265D">
<createdBy>50472</createdBy>
<createdTime>2019-08-30 15:56:42 UTC</createdTime>
<ownerDesignName>MicroStrategy_NICE_WFM_metrics</ownerDesignName>
<useDomainConstraints>false</useDomainConstraints>
<use>1</use>
<logicalDatatype>LOGDT027</logicalDatatype>
<ownDataTypeParameters>,,</ownDataTypeParameters>
<autoIncrementCycle>false</autoIncrementCycle>
</Column>
</columns>
</Table>