<?xml version = '1.0' encoding = 'UTF-8'?>
<Table class="oracle.dbtools.crest.model.design.relational.Table" directorySegmentName="seg_0" id="35F50D84-ADA0-77F6-7340-69198FDFC855" name="AGENT_ACTIVITY_SV">
<sourceDDLFile>My_Temp.sql</sourceDDLFile>
<createdBy>50472</createdBy>
<createdTime>2018-03-13 20:05:37 UTC</createdTime>
<ownerDesignName>MicroStrategy_NICE_WFM_metrics</ownerDesignName>
<ordsAlias>agent_schedule_svv1</ordsAlias>
<allowColumnReorder>false</allowColumnReorder>
<existDependencyGenerateInDDl>true</existDependencyGenerateInDDl>
<parsed>true</parsed>
<columns itemClass="oracle.dbtools.crest.model.design.relational.Column">
<Column name="AGENT_WFM_ID" id="9AF1B61B-4D8F-DD5D-E148-B4477CA93D17">
<sourceDDLFile>My_Temp.sql</sourceDDLFile>
<createdBy>50472</createdBy>
<createdTime>2018-03-13 20:05:37 UTC</createdTime>
<ownerDesignName>MicroStrategy_NICE_WFM_metrics</ownerDesignName>
<useDomainConstraints>false</useDomainConstraints>
<use>1</use>
<logicalDatatype>LOGDT011</logicalDatatype>
<ownDataTypeParameters>,,</ownDataTypeParameters>
<autoIncrementCycle>false</autoIncrementCycle>
</Column>
<Column name="AGENT_LOGON_ID" id="79EBED45-6F95-DFF2-F6BB-A5E9C6339BC6">
<sourceDDLFile>My_Temp.sql</sourceDDLFile>
<createdBy>50472</createdBy>
<createdTime>2018-03-13 20:05:37 UTC</createdTime>
<ownerDesignName>MicroStrategy_NICE_WFM_metrics</ownerDesignName>
<useDomainConstraints>false</useDomainConstraints>
<use>1</use>
<logicalDatatype>LOGDT037</logicalDatatype>
<dataTypeSize>256</dataTypeSize>
<ownDataTypeParameters>256,,</ownDataTypeParameters>
<autoIncrementCycle>false</autoIncrementCycle>
<notNullConstraintName>NNC_AGENT_SCHEDULE_SVv1_IS_CURRENT_SCHEDULE</notNullConstraintName>
</Column>
<Column name="ACD_NAME" id="607E2B9F-80FC-D3F4-1BE0-882EF92E22C7">
<sourceDDLFile>My_Temp.sql</sourceDDLFile>
<createdBy>50472</createdBy>
<createdTime>2018-03-13 20:05:37 UTC</createdTime>
<ownerDesignName>MicroStrategy_NICE_WFM_metrics</ownerDesignName>
<useDomainConstraints>false</useDomainConstraints>
<use>1</use>
<logicalDatatype>LOGDT037</logicalDatatype>
<dataTypeSize>64</dataTypeSize>
<ownDataTypeParameters>64,,</ownDataTypeParameters>
<autoIncrementCycle>false</autoIncrementCycle>
</Column>
<Column name="MANAGEMENT_UNIT_NAME" id="3953DC5F-194F-B292-8E70-D8E2EF88114B">
<createdBy>50472</createdBy>
<createdTime>2019-03-13 20:03:27 UTC</createdTime>
<ownerDesignName>MicroStrategy_NICE_WFM_metrics</ownerDesignName>
<useDomainConstraints>false</useDomainConstraints>
<use>1</use>
<logicalDatatype>LOGDT024</logicalDatatype>
<dataTypeSize>64</dataTypeSize>
<ownDataTypeParameters>64,,</ownDataTypeParameters>
<autoIncrementCycle>false</autoIncrementCycle>
</Column>
<Column name="START_UTC_DATETIME" id="11249CAB-DDB4-8EC4-2F7F-EFF5D8300BCE">
<createdBy>50472</createdBy>
<createdTime>2018-03-13 20:58:56 UTC</createdTime>
<ownerDesignName>MicroStrategy_NICE_WFM_metrics</ownerDesignName>
<useDomainConstraints>false</useDomainConstraints>
<use>1</use>
<logicalDatatype>LOGDT008</logicalDatatype>
<ownDataTypeParameters>,,</ownDataTypeParameters>
<autoIncrementCycle>false</autoIncrementCycle>
</Column>
<Column name="END_UTC_DATETIME" id="D8D0313B-92C1-8A4F-8802-B5C607F227C2">
<sourceDDLFile>My_Temp.sql</sourceDDLFile>
<createdBy>50472</createdBy>
<createdTime>2018-03-13 20:05:37 UTC</createdTime>
<ownerDesignName>MicroStrategy_NICE_WFM_metrics</ownerDesignName>
<useDomainConstraints>false</useDomainConstraints>
<use>1</use>
<logicalDatatype>LOGDT008</logicalDatatype>
<ownDataTypeParameters>,,</ownDataTypeParameters>
<autoIncrementCycle>false</autoIncrementCycle>
</Column>
<Column name="ACTIVITY_DURATION_SEC" id="1868A8B6-6E41-908F-EF4D-73C315F82665">
<sourceDDLFile>My_Temp.sql</sourceDDLFile>
<createdBy>50472</createdBy>
<createdTime>2018-03-13 20:05:37 UTC</createdTime>
<ownerDesignName>MicroStrategy_NICE_WFM_metrics</ownerDesignName>
<useDomainConstraints>false</useDomainConstraints>
<use>1</use>
<logicalDatatype>LOGDT011</logicalDatatype>
<ownDataTypeParameters>,,</ownDataTypeParameters>
<autoIncrementCycle>false</autoIncrementCycle>
</Column>
<Column name="START_MU_DATE" id="98294DF7-7FA8-CC3F-4203-C03D7138997A">
<sourceDDLFile>My_Temp.sql</sourceDDLFile>
<createdBy>50472</createdBy>
<createdTime>2018-03-21 20:17:09 UTC</createdTime>
<ownerDesignName>MicroStrategy_NICE_WFM_metrics</ownerDesignName>
<useDomainConstraints>false</useDomainConstraints>
<use>1</use>
<logicalDatatype>LOGDT007</logicalDatatype>
<ownDataTypeParameters>,,</ownDataTypeParameters>
<autoIncrementCycle>false</autoIncrementCycle>
<notNullConstraintName>NNC_AGENT_SCHEDULE_SVv1_START_MU_DATETIME</notNullConstraintName>
</Column>
<Column name="START_MU_DATETIME" id="616C349C-8017-25E6-4FFC-1C4DFC169E96">
<sourceDDLFile>My_Temp.sql</sourceDDLFile>
<createdBy>50472</createdBy>
<createdTime>2018-03-13 20:05:37 UTC</createdTime>
<ownerDesignName>MicroStrategy_NICE_WFM_metrics</ownerDesignName>
<useDomainConstraints>false</useDomainConstraints>
<use>1</use>
<logicalDatatype>LOGDT008</logicalDatatype>
<ownDataTypeParameters>,,</ownDataTypeParameters>
<autoIncrementCycle>false</autoIncrementCycle>
<notNullConstraintName>NNC_AGENT_SCHEDULE_SVv1_START_MU_DATETIME</notNullConstraintName>
</Column>
<Column name="END_MU_DATETIME" id="1E54D758-EE6D-DA9E-1E63-2EE5C269BB66">
<sourceDDLFile>My_Temp.sql</sourceDDLFile>
<createdBy>50472</createdBy>
<createdTime>2018-03-13 20:05:37 UTC</createdTime>
<ownerDesignName>MicroStrategy_NICE_WFM_metrics</ownerDesignName>
<useDomainConstraints>false</useDomainConstraints>
<use>1</use>
<logicalDatatype>LOGDT008</logicalDatatype>
<ownDataTypeParameters>,,</ownDataTypeParameters>
<autoIncrementCycle>false</autoIncrementCycle>
<notNullConstraintName>NNC_AGENT_SCHEDULE_SVv1_END_MU_DATETIME</notNullConstraintName>
</Column>
<Column name="MANAGEMENT_UNIT_TIME_ZONE_NAME" id="919B6B2E-6341-DA4A-B8DC-8D2D3AA2E127">
<createdBy>50472</createdBy>
<createdTime>2018-03-13 20:05:37 UTC</createdTime>
<ownerDesignName>MicroStrategy_NICE_WFM_metrics</ownerDesignName>
<useDomainConstraints>false</useDomainConstraints>
<use>1</use>
<logicalDatatype>LOGDT037</logicalDatatype>
<dataTypeSize>34</dataTypeSize>
<ownDataTypeParameters>34,,</ownDataTypeParameters>
<autoIncrementCycle>false</autoIncrementCycle>
<notNullConstraintName>NNC_AGENT_SCHEDULE_SVv1_MU_TIME_ZONE_NAME</notNullConstraintName>
</Column>
<Column name="ACTIVITY_NAME" id="ABFB3673-0654-4409-4054-DC4C4ADFC4C8">
<sourceDDLFile>My_Temp.sql</sourceDDLFile>
<createdBy>50472</createdBy>
<createdTime>2018-03-13 20:05:37 UTC</createdTime>
<ownerDesignName>MicroStrategy_NICE_WFM_metrics</ownerDesignName>
<useDomainConstraints>false</useDomainConstraints>
<use>1</use>
<logicalDatatype>LOGDT037</logicalDatatype>
<dataTypeSize>64</dataTypeSize>
<ownDataTypeParameters>64,,</ownDataTypeParameters>
<autoIncrementCycle>false</autoIncrementCycle>
<notNullConstraintName>NNC_AGENT_SCHEDULE_SVv1_PROCESS_USED_TO_GENERATE</notNullConstraintName>
</Column>
<Column name="IS_OVERTIME_ACTIVITY" id="A1612F6E-B8A6-68F2-71F5-B383CDA15B2E">
<sourceDDLFile>My_Temp.sql</sourceDDLFile>
<createdBy>50472</createdBy>
<createdTime>2018-03-13 20:05:37 UTC</createdTime>
<ownerDesignName>MicroStrategy_NICE_WFM_metrics</ownerDesignName>
<useDomainConstraints>false</useDomainConstraints>
<use>1</use>
<logicalDatatype>LOGDT037</logicalDatatype>
<dataTypeSize>1</dataTypeSize>
<ownDataTypeParameters>1,,</ownDataTypeParameters>
<autoIncrementCycle>false</autoIncrementCycle>
</Column>
<Column name="IS_PAID_ACTIVITY" id="54E883BC-5D44-5FAA-CA1C-877CC6E4304E">
<sourceDDLFile>My_Temp.sql</sourceDDLFile>
<createdBy>50472</createdBy>
<createdTime>2018-03-13 20:05:37 UTC</createdTime>
<ownerDesignName>MicroStrategy_NICE_WFM_metrics</ownerDesignName>
<useDomainConstraints>false</useDomainConstraints>
<use>1</use>
<logicalDatatype>LOGDT037</logicalDatatype>
<dataTypeSize>1</dataTypeSize>
<ownDataTypeParameters>1,,</ownDataTypeParameters>
<autoIncrementCycle>false</autoIncrementCycle>
</Column>
</columns>
<indexes itemClass="oracle.dbtools.crest.model.design.relational.Index">
<ind_PK_UK id="5C194755-B0BC-7F62-4062-F6523A77D0E9" name="AGENT_ACTIVITY_SV_PK">
<sourceDDLFile>My_Temp.sql</sourceDDLFile>
<createdBy>50472</createdBy>
<createdTime>2018-03-13 20:05:37 UTC</createdTime>
<ownerDesignName>MicroStrategy_NICE_WFM_metrics</ownerDesignName>
<pk>true</pk>
<indexState>Primary Constraint</indexState>
<isSurrogateKey>false</isSurrogateKey>
<indexColumnUsage>
<colUsage columnID="9AF1B61B-4D8F-DD5D-E148-B4477CA93D17"/>
<colUsage columnID="79EBED45-6F95-DFF2-F6BB-A5E9C6339BC6"/>
<colUsage columnID="607E2B9F-80FC-D3F4-1BE0-882EF92E22C7"/>
<colUsage columnID="11249CAB-DDB4-8EC4-2F7F-EFF5D8300BCE"/>
</indexColumnUsage>
</ind_PK_UK>
</indexes>
</Table>