<?xml version = '1.0' encoding = 'UTF-8'?>
<Table class="oracle.dbtools.crest.model.design.relational.Table" directorySegmentName="seg_0" id="4D895D5A-53F9-6469-6DD3-57C0E95985FB" name="AGENT_ROLE_SV">
<sourceDDLFile>My_Temp.sql</sourceDDLFile>
<createdBy>88641</createdBy>
<createdTime>2018-02-22 22:55:35 UTC</createdTime>
<ownerDesignName>MicroStrategy_NICE_WFM_metrics</ownerDesignName>
<importedID>B9B28D87-598C-4372-FEC6-CC717C1C2E8D</importedID>
<allowColumnReorder>false</allowColumnReorder>
<existDependencyGenerateInDDl>true</existDependencyGenerateInDDl>
<parsed>true</parsed>
<columns itemClass="oracle.dbtools.crest.model.design.relational.Column">
<Column name="AGENT_WFM_ID" id="5E20DA9B-FDD4-2CD2-C50A-78E96A41C6F2">
<sourceDDLFile>My_Temp.sql</sourceDDLFile>
<createdBy>88641</createdBy>
<createdTime>2018-02-22 22:55:35 UTC</createdTime>
<ownerDesignName>MicroStrategy_NICE_WFM_metrics</ownerDesignName>
<importedID>C7619D70-3454-D587-06A4-448B4546E001</importedID>
<useDomainConstraints>false</useDomainConstraints>
<use>1</use>
<logicalDatatype>LOGDT011</logicalDatatype>
<ownDataTypeParameters>,,</ownDataTypeParameters>
<autoIncrementCycle>false</autoIncrementCycle>
</Column>
<Column name="AGENT_ROLE_NAME" id="1ADE4BE5-5218-B977-45F8-E6BEF421A327">
<sourceDDLFile>My_Temp.sql</sourceDDLFile>
<createdBy>88641</createdBy>
<createdTime>2018-02-22 22:55:35 UTC</createdTime>
<ownerDesignName>MicroStrategy_NICE_WFM_metrics</ownerDesignName>
<importedID>75F69C25-17E1-9789-E250-2C4D90DB3D21</importedID>
<useDomainConstraints>false</useDomainConstraints>
<use>1</use>
<logicalDatatype>LOGDT037</logicalDatatype>
<dataTypeSize>255</dataTypeSize>
<ownDataTypeParameters>255,,</ownDataTypeParameters>
<autoIncrementCycle>false</autoIncrementCycle>
</Column>
<Column name="START_DATE" id="2DFEFF73-BE49-3DD6-2738-DE2B0745418E">
<sourceDDLFile>My_Temp.sql</sourceDDLFile>
<createdBy>88641</createdBy>
<createdTime>2018-02-22 22:55:35 UTC</createdTime>
<ownerDesignName>MicroStrategy_NICE_WFM_metrics</ownerDesignName>
<importedID>5C9DA60A-74A0-3728-7806-29F5A6D9EB3B</importedID>
<useDomainConstraints>false</useDomainConstraints>
<use>1</use>
<logicalDatatype>LOGDT007</logicalDatatype>
<ownDataTypeParameters>,,</ownDataTypeParameters>
<autoIncrementCycle>false</autoIncrementCycle>
</Column>
<Column name="END_DATE" id="039C7F7E-42D4-1E01-8BF8-757512CD8AAE">
<sourceDDLFile>My_Temp.sql</sourceDDLFile>
<createdBy>88641</createdBy>
<createdTime>2018-02-22 22:55:35 UTC</createdTime>
<ownerDesignName>MicroStrategy_NICE_WFM_metrics</ownerDesignName>
<importedID>AD01F5B0-A302-B837-B0A8-AF9C703752D5</importedID>
<nullsAllowed>true</nullsAllowed>
<useDomainConstraints>false</useDomainConstraints>
<use>1</use>
<logicalDatatype>LOGDT007</logicalDatatype>
<ownDataTypeParameters>,,</ownDataTypeParameters>
<autoIncrementCycle>false</autoIncrementCycle>
</Column>
</columns>
<indexes itemClass="oracle.dbtools.crest.model.design.relational.Index">
<ind_PK_UK id="1388B95E-A00B-EF46-1CE9-B58407FA0863" name="AGENT_ROLE_SV_PK">
<sourceDDLFile>My_Temp.sql</sourceDDLFile>
<createdBy>88641</createdBy>
<createdTime>2018-02-22 22:55:35 UTC</createdTime>
<ownerDesignName>MicroStrategy_NICE_WFM_metrics</ownerDesignName>
<importedID>392E39F6-181A-268E-C6A8-414C3671A0D9</importedID>
<pk>true</pk>
<indexState>Primary Constraint</indexState>
<isSurrogateKey>false</isSurrogateKey>
<indexColumnUsage>
<colUsage columnID="5E20DA9B-FDD4-2CD2-C50A-78E96A41C6F2"/>
<colUsage columnID="2DFEFF73-BE49-3DD6-2738-DE2B0745418E"/>
</indexColumnUsage>
</ind_PK_UK>
</indexes>
</Table>