<?xml version = '1.0' encoding = 'UTF-8'?>
<Table class="oracle.dbtools.crest.model.design.relational.Table" directorySegmentName="seg_0" id="55DC6B46-6FA8-C54B-BA48-8AB3498F5C0C" name="AGENT_ADHERENCE_SV">
<sourceDDLFile>My_Temp.sql</sourceDDLFile>
<createdBy>50472</createdBy>
<createdTime>2020-04-15 16:28:37 UTC</createdTime>
<ownerDesignName>MicroStrategy_NICE_WFM_metrics</ownerDesignName>
<ordsAlias>agent_schedule_svv1</ordsAlias>
<allowColumnReorder>false</allowColumnReorder>
<existDependencyGenerateInDDl>true</existDependencyGenerateInDDl>
<parsed>true</parsed>
<columns itemClass="oracle.dbtools.crest.model.design.relational.Column">
<Column name="AGENT_WFM_ID" id="ECCEEF13-8EE3-51B4-6F2E-4C6A4512BC1D">
<sourceDDLFile>My_Temp.sql</sourceDDLFile>
<createdBy>50472</createdBy>
<createdTime>2020-04-15 16:28:37 UTC</createdTime>
<ownerDesignName>MicroStrategy_NICE_WFM_metrics</ownerDesignName>
<useDomainConstraints>false</useDomainConstraints>
<use>1</use>
<logicalDatatype>LOGDT011</logicalDatatype>
<ownDataTypeParameters>,,</ownDataTypeParameters>
<autoIncrementCycle>false</autoIncrementCycle>
</Column>
<Column name="ACD_ID" id="2BE51B29-BA55-C3D2-289D-A9E1D277961D">
<sourceDDLFile>My_Temp.sql</sourceDDLFile>
<createdBy>50472</createdBy>
<createdTime>2020-04-15 16:28:37 UTC</createdTime>
<ownerDesignName>MicroStrategy_NICE_WFM_metrics</ownerDesignName>
<useDomainConstraints>false</useDomainConstraints>
<use>1</use>
<logicalDatatype>LOGDT011</logicalDatatype>
<ownDataTypeParameters>,,</ownDataTypeParameters>
<autoIncrementCycle>false</autoIncrementCycle>
</Column>
<Column name="AGENT_LOGON_ID" id="6BC33F5B-19B4-D064-0839-F105B1D33A3E">
<sourceDDLFile>My_Temp.sql</sourceDDLFile>
<createdBy>50472</createdBy>
<createdTime>2020-04-15 16:28:37 UTC</createdTime>
<ownerDesignName>MicroStrategy_NICE_WFM_metrics</ownerDesignName>
<useDomainConstraints>false</useDomainConstraints>
<use>1</use>
<logicalDatatype>LOGDT024</logicalDatatype>
<dataTypeSize>40</dataTypeSize>
<ownDataTypeParameters>40,,</ownDataTypeParameters>
<autoIncrementCycle>false</autoIncrementCycle>
<notNullConstraintName>NNC_AGENT_ACTIVITY_SVv1_AGENT_LOGON_ID</notNullConstraintName>
</Column>
<Column name="AGENT_FULL_NAME" id="C5F1E864-C901-EDF5-5FBF-C4322685FB3C">
<createdBy>50472</createdBy>
<createdTime>2020-04-15 16:32:33 UTC</createdTime>
<ownerDesignName>MicroStrategy_NICE_WFM_metrics</ownerDesignName>
<useDomainConstraints>false</useDomainConstraints>
<use>1</use>
<logicalDatatype>LOGDT024</logicalDatatype>
<dataTypeSize>256</dataTypeSize>
<ownDataTypeParameters>256,,</ownDataTypeParameters>
<autoIncrementCycle>false</autoIncrementCycle>
</Column>
<Column name="EXTERNAL_ID" id="92BC7EF9-AC72-6158-03ED-A5F120DC0CF8">
<createdBy>50472</createdBy>
<createdTime>2020-04-15 19:36:19 UTC</createdTime>
<ownerDesignName>MicroStrategy_NICE_WFM_metrics</ownerDesignName>
<useDomainConstraints>false</useDomainConstraints>
<use>1</use>
<logicalDatatype>LOGDT024</logicalDatatype>
<dataTypeSize>50</dataTypeSize>
<ownDataTypeParameters>50,,</ownDataTypeParameters>
<autoIncrementCycle>false</autoIncrementCycle>
</Column>
<Column name="MANAGEMENT_UNIT_ID" id="90176027-0140-83B7-5F0B-A821DDFD4B70">
<createdBy>50472</createdBy>
<createdTime>2020-04-15 16:33:27 UTC</createdTime>
<ownerDesignName>MicroStrategy_NICE_WFM_metrics</ownerDesignName>
<useDomainConstraints>false</useDomainConstraints>
<use>1</use>
<logicalDatatype>LOGDT011</logicalDatatype>
<ownDataTypeParameters>,,</ownDataTypeParameters>
<autoIncrementCycle>false</autoIncrementCycle>
</Column>
<Column name="MANAGEMENT_UNIT_NAME" id="3098E9CC-49BD-2D8A-577F-B14BAA1CB921">
<createdBy>50472</createdBy>
<createdTime>2020-04-15 16:28:37 UTC</createdTime>
<ownerDesignName>MicroStrategy_NICE_WFM_metrics</ownerDesignName>
<useDomainConstraints>false</useDomainConstraints>
<use>1</use>
<logicalDatatype>LOGDT024</logicalDatatype>
<dataTypeSize>64</dataTypeSize>
<ownDataTypeParameters>64,,</ownDataTypeParameters>
<autoIncrementCycle>false</autoIncrementCycle>
</Column>
<Column name="MANAGEMENT_UNIT_TIME_ZONE_NAME" id="C7E5BFFA-FA99-B0C1-C4DF-453EBBF49B7A">
<createdBy>50472</createdBy>
<createdTime>2020-04-15 16:28:37 UTC</createdTime>
<ownerDesignName>MicroStrategy_NICE_WFM_metrics</ownerDesignName>
<useDomainConstraints>false</useDomainConstraints>
<use>1</use>
<logicalDatatype>LOGDT037</logicalDatatype>
<dataTypeSize>34</dataTypeSize>
<ownDataTypeParameters>34,,</ownDataTypeParameters>
<autoIncrementCycle>false</autoIncrementCycle>
<notNullConstraintName>NNC_AGENT_ACTIVITY_SVv1_MANAGEMENT_UNIT_TIME_ZONE_NAME</notNullConstraintName>
</Column>
<Column name="INT_START_DATE" id="BDBAC584-CAF2-2FB6-5935-04D470C8235C">
<createdBy>50472</createdBy>
<createdTime>2020-04-15 16:28:37 UTC</createdTime>
<ownerDesignName>MicroStrategy_NICE_WFM_metrics</ownerDesignName>
<useDomainConstraints>false</useDomainConstraints>
<use>1</use>
<logicalDatatype>LOGDT007</logicalDatatype>
<ownDataTypeParameters>,,</ownDataTypeParameters>
<autoIncrementCycle>false</autoIncrementCycle>
</Column>
<Column name="INTERVAL_START_DT" id="52CF813B-114A-5848-44DD-15672E5C60B9">
<sourceDDLFile>My_Temp.sql</sourceDDLFile>
<createdBy>50472</createdBy>
<createdTime>2020-04-15 16:28:37 UTC</createdTime>
<ownerDesignName>MicroStrategy_NICE_WFM_metrics</ownerDesignName>
<useDomainConstraints>false</useDomainConstraints>
<use>1</use>
<logicalDatatype>LOGDT008</logicalDatatype>
<ownDataTypeParameters>,,</ownDataTypeParameters>
<autoIncrementCycle>false</autoIncrementCycle>
</Column>
<Column name="INTERVAL_DURATION" id="DE7C7870-D4CE-983F-E31B-AA0A146DE334">
<sourceDDLFile>My_Temp.sql</sourceDDLFile>
<createdBy>50472</createdBy>
<createdTime>2020-04-15 16:28:37 UTC</createdTime>
<ownerDesignName>MicroStrategy_NICE_WFM_metrics</ownerDesignName>
<useDomainConstraints>false</useDomainConstraints>
<use>1</use>
<logicalDatatype>LOGDT026</logicalDatatype>
<dataTypePrecision>18</dataTypePrecision>
<dataTypeScale>3</dataTypeScale>
<ownDataTypeParameters>,18,3</ownDataTypeParameters>
<autoIncrementCycle>false</autoIncrementCycle>
</Column>
<Column name="SCHEDULED_ACTIVITY_NAME" id="27621565-196F-C19D-D4C3-AD8AD2A47BED">
<sourceDDLFile>My_Temp.sql</sourceDDLFile>
<createdBy>50472</createdBy>
<createdTime>2020-04-15 16:28:37 UTC</createdTime>
<ownerDesignName>MicroStrategy_NICE_WFM_metrics</ownerDesignName>
<useDomainConstraints>false</useDomainConstraints>
<use>1</use>
<logicalDatatype>LOGDT024</logicalDatatype>
<dataTypeSize>64</dataTypeSize>
<ownDataTypeParameters>64,,</ownDataTypeParameters>
<autoIncrementCycle>false</autoIncrementCycle>
<notNullConstraintName>NNC_AGENT_ACTIVITY_SVv1_ACTIVITY_NAME</notNullConstraintName>
</Column>
<Column name="SCHEDULED_ACTIVITY_DURATION" id="69F53C97-24CE-013A-67BD-5849B83572F0">
<sourceDDLFile>My_Temp.sql</sourceDDLFile>
<createdBy>50472</createdBy>
<createdTime>2020-04-15 16:28:37 UTC</createdTime>
<ownerDesignName>MicroStrategy_NICE_WFM_metrics</ownerDesignName>
<useDomainConstraints>false</useDomainConstraints>
<use>1</use>
<logicalDatatype>LOGDT026</logicalDatatype>
<dataTypePrecision>18</dataTypePrecision>
<dataTypeScale>3</dataTypeScale>
<ownDataTypeParameters>,18,3</ownDataTypeParameters>
<autoIncrementCycle>false</autoIncrementCycle>
<notNullConstraintName>NNC_AGENT_ACTIVITY_SVv1_START_MU_DATE</notNullConstraintName>
</Column>
<Column name="IN_ADHERENCE_DURATION" id="F0B04A24-9354-8778-B434-13DF940A9FB8">
<sourceDDLFile>My_Temp.sql</sourceDDLFile>
<createdBy>50472</createdBy>
<createdTime>2020-04-15 16:28:37 UTC</createdTime>
<ownerDesignName>MicroStrategy_NICE_WFM_metrics</ownerDesignName>
<useDomainConstraints>false</useDomainConstraints>
<use>1</use>
<logicalDatatype>LOGDT026</logicalDatatype>
<dataTypePrecision>18</dataTypePrecision>
<dataTypeScale>3</dataTypeScale>
<ownDataTypeParameters>,18,3</ownDataTypeParameters>
<autoIncrementCycle>false</autoIncrementCycle>
<notNullConstraintName>NNC_AGENT_ACTIVITY_SVv1_START_MU_DATETIME</notNullConstraintName>
</Column>
<Column name="OUT_ADHERENCE_DURATION" id="4D683A0C-B3D0-C8EF-B5A0-6E1C3DB51A1A">
<sourceDDLFile>My_Temp.sql</sourceDDLFile>
<createdBy>50472</createdBy>
<createdTime>2020-04-15 16:28:37 UTC</createdTime>
<ownerDesignName>MicroStrategy_NICE_WFM_metrics</ownerDesignName>
<useDomainConstraints>false</useDomainConstraints>
<use>1</use>
<logicalDatatype>LOGDT026</logicalDatatype>
<dataTypePrecision>18</dataTypePrecision>
<dataTypeScale>3</dataTypeScale>
<ownDataTypeParameters>,18,3</ownDataTypeParameters>
<autoIncrementCycle>false</autoIncrementCycle>
<notNullConstraintName>NNC_AGENT_ACTIVITY_SVv1_END_MU_DATETIME</notNullConstraintName>
</Column>
</columns>
<indexes itemClass="oracle.dbtools.crest.model.design.relational.Index">
<ind_PK_UK id="CFE96743-070E-BC74-3BB7-B74E706A66FD" name="AGENT_ADHERENCE_SV_PK">
<sourceDDLFile>My_Temp.sql</sourceDDLFile>
<createdBy>50472</createdBy>
<createdTime>2020-04-15 16:28:37 UTC</createdTime>
<ownerDesignName>MicroStrategy_NICE_WFM_metrics</ownerDesignName>
<pk>true</pk>
<indexState>Primary Constraint</indexState>
<isSurrogateKey>false</isSurrogateKey>
<indexColumnUsage>
<colUsage columnID="ECCEEF13-8EE3-51B4-6F2E-4C6A4512BC1D"/>
<colUsage columnID="6BC33F5B-19B4-D064-0839-F105B1D33A3E"/>
<colUsage columnID="2BE51B29-BA55-C3D2-289D-A9E1D277961D"/>
<colUsage columnID="52CF813B-114A-5848-44DD-15672E5C60B9"/>
</indexColumnUsage>
</ind_PK_UK>
</indexes>
</Table>