<?xml version = '1.0' encoding = 'UTF-8'?>
<Table class="oracle.dbtools.crest.model.design.relational.Table" directorySegmentName="seg_0" id="756522B7-12D2-9DE9-AD8A-233E1EF4EBF1" name="AGENT_LANGUAGE_SV">
<sourceDDLFile>My_Temp.sql</sourceDDLFile>
<createdBy>88641</createdBy>
<createdTime>2018-02-22 22:55:35 UTC</createdTime>
<ownerDesignName>MicroStrategy_NICE_WFM_metrics</ownerDesignName>
<importedID>34FC0817-5534-5E4A-3BD3-F1D27BA7CE61</importedID>
<allowColumnReorder>false</allowColumnReorder>
<existDependencyGenerateInDDl>true</existDependencyGenerateInDDl>
<parsed>true</parsed>
<columns itemClass="oracle.dbtools.crest.model.design.relational.Column">
<Column name="AGENT_WFM_ID" id="62D2AAAC-7B40-A55F-AE14-990DACDF01A2">
<sourceDDLFile>My_Temp.sql</sourceDDLFile>
<createdBy>88641</createdBy>
<createdTime>2018-02-22 22:55:35 UTC</createdTime>
<ownerDesignName>MicroStrategy_NICE_WFM_metrics</ownerDesignName>
<importedID>76031B5A-36EF-7B82-7578-E22294043B2A</importedID>
<useDomainConstraints>false</useDomainConstraints>
<use>1</use>
<logicalDatatype>LOGDT011</logicalDatatype>
<ownDataTypeParameters>,,</ownDataTypeParameters>
<autoIncrementCycle>false</autoIncrementCycle>
</Column>
<Column name="AGENT_LANGUAGE" id="7CA74FF3-6681-E318-6D9B-FFE403A0A9E9">
<sourceDDLFile>My_Temp.sql</sourceDDLFile>
<createdBy>88641</createdBy>
<createdTime>2018-02-22 22:55:35 UTC</createdTime>
<ownerDesignName>MicroStrategy_NICE_WFM_metrics</ownerDesignName>
<importedID>E11FEB5A-ADB9-6DF5-3C1C-44AAC4E51DF8</importedID>
<useDomainConstraints>false</useDomainConstraints>
<use>1</use>
<logicalDatatype>LOGDT037</logicalDatatype>
<dataTypeSize>255</dataTypeSize>
<ownDataTypeParameters>255,,</ownDataTypeParameters>
<autoIncrementCycle>false</autoIncrementCycle>
</Column>
<Column name="AGENT_LANGUAGE_ORDER" id="2067C725-D83C-D984-903A-54B64C5F103E">
<sourceDDLFile>My_Temp.sql</sourceDDLFile>
<createdBy>88641</createdBy>
<createdTime>2018-02-22 22:55:35 UTC</createdTime>
<ownerDesignName>MicroStrategy_NICE_WFM_metrics</ownerDesignName>
<importedID>9B72BEF8-AB42-E52E-FBC7-4248254DA7B7</importedID>
<useDomainConstraints>false</useDomainConstraints>
<use>1</use>
<logicalDatatype>LOGDT011</logicalDatatype>
<ownDataTypeParameters>,,</ownDataTypeParameters>
<autoIncrementCycle>false</autoIncrementCycle>
</Column>
<Column name="START_DATE" id="D7D41A8F-D020-D705-4950-5EAB0643FD7E">
<sourceDDLFile>My_Temp.sql</sourceDDLFile>
<createdBy>88641</createdBy>
<createdTime>2018-02-22 22:55:35 UTC</createdTime>
<ownerDesignName>MicroStrategy_NICE_WFM_metrics</ownerDesignName>
<importedID>6E6F4FD1-4BE7-2CAE-E80E-4B54BF46EEAA</importedID>
<useDomainConstraints>false</useDomainConstraints>
<use>1</use>
<logicalDatatype>LOGDT007</logicalDatatype>
<ownDataTypeParameters>,,</ownDataTypeParameters>
<autoIncrementCycle>false</autoIncrementCycle>
</Column>
<Column name="END_DATE" id="00DD713F-9A7E-D2D8-9040-8C0B25CB149B">
<sourceDDLFile>My_Temp.sql</sourceDDLFile>
<createdBy>88641</createdBy>
<createdTime>2018-02-22 22:55:35 UTC</createdTime>
<ownerDesignName>MicroStrategy_NICE_WFM_metrics</ownerDesignName>
<importedID>79AEC4E9-9DFA-9F4E-B967-F152EF06A572</importedID>
<nullsAllowed>true</nullsAllowed>
<useDomainConstraints>false</useDomainConstraints>
<use>1</use>
<logicalDatatype>LOGDT007</logicalDatatype>
<ownDataTypeParameters>,,</ownDataTypeParameters>
<autoIncrementCycle>false</autoIncrementCycle>
</Column>
</columns>
<indexes itemClass="oracle.dbtools.crest.model.design.relational.Index">
<ind_PK_UK id="ECEE210B-E397-8E6E-FB93-D16B82909417" name="AGENT_LANGUAGE_SV_PK">
<sourceDDLFile>My_Temp.sql</sourceDDLFile>
<createdBy>88641</createdBy>
<createdTime>2018-02-22 22:55:35 UTC</createdTime>
<ownerDesignName>MicroStrategy_NICE_WFM_metrics</ownerDesignName>
<importedID>8CD56144-F4D0-CEA7-1615-D645D9176AFE</importedID>
<pk>true</pk>
<indexState>Primary Constraint</indexState>
<isSurrogateKey>false</isSurrogateKey>
<indexColumnUsage>
<colUsage columnID="62D2AAAC-7B40-A55F-AE14-990DACDF01A2"/>
<colUsage columnID="D7D41A8F-D020-D705-4950-5EAB0643FD7E"/>
</indexColumnUsage>
</ind_PK_UK>
</indexes>
</Table>