<?xml version = '1.0' encoding = 'UTF-8'?>
<Table class="oracle.dbtools.crest.model.design.relational.Table" directorySegmentName="seg_0" id="795A219A-5D2C-F06D-6412-F98E5F49D61A" name="ACD_SV">
<createdBy>88641</createdBy>
<createdTime>2018-02-23 01:11:10 UTC</createdTime>
<ownerDesignName>MicroStrategy_NICE_WFM_metrics</ownerDesignName>
<ordsAlias>table_18</ordsAlias>
<allowColumnReorder>false</allowColumnReorder>
<existDependencyGenerateInDDl>true</existDependencyGenerateInDDl>
<parsed>true</parsed>
<columns itemClass="oracle.dbtools.crest.model.design.relational.Column">
<Column name="ACD_NAME" id="E129EDEC-A5CE-5D00-B8B2-6EBC3A4AE59A">
<createdBy>88641</createdBy>
<createdTime>2018-02-23 01:12:17 UTC</createdTime>
<ownerDesignName>MicroStrategy_NICE_WFM_metrics</ownerDesignName>
<useDomainConstraints>false</useDomainConstraints>
<use>1</use>
<logicalDatatype>LOGDT037</logicalDatatype>
<dataTypeSize>64</dataTypeSize>
<ownDataTypeParameters>64,,</ownDataTypeParameters>
<autoIncrementCycle>false</autoIncrementCycle>
</Column>
<Column name="ACD_TIME_ZONE_NAME" id="55344682-0D40-CE30-F982-8B5E267A32B4">
<createdBy>88641</createdBy>
<createdTime>2018-02-23 01:12:17 UTC</createdTime>
<ownerDesignName>MicroStrategy_NICE_WFM_metrics</ownerDesignName>
<useDomainConstraints>false</useDomainConstraints>
<use>1</use>
<logicalDatatype>LOGDT037</logicalDatatype>
<dataTypeSize>34</dataTypeSize>
<ownDataTypeParameters>34,,</ownDataTypeParameters>
<autoIncrementCycle>false</autoIncrementCycle>
</Column>
</columns>
<indexes itemClass="oracle.dbtools.crest.model.design.relational.Index">
<ind_PK_UK id="09DF442B-4904-98C6-EF06-F0927E617995" name="ACD_SV_PK">
<createdBy>88641</createdBy>
<createdTime>2018-02-23 01:12:17 UTC</createdTime>
<ownerDesignName>MicroStrategy_NICE_WFM_metrics</ownerDesignName>
<pk>true</pk>
<indexState>Primary Constraint</indexState>
<isSurrogateKey>false</isSurrogateKey>
<indexColumnUsage>
<colUsage columnID="E129EDEC-A5CE-5D00-B8B2-6EBC3A4AE59A"/>
</indexColumnUsage>
</ind_PK_UK>
</indexes>
</Table>