<?xml version = '1.0' encoding = 'UTF-8'?>
<Table class="oracle.dbtools.crest.model.design.relational.Table" directorySegmentName="seg_0" id="AE8D454D-5415-879D-E635-7D45481E0D3A" name="MU_DAYS_OF_OPERATION_SV">
<sourceDDLFile>My_Temp.sql</sourceDDLFile>
<createdBy>50472</createdBy>
<createdTime>2018-03-22 14:26:03 UTC</createdTime>
<ownerDesignName>MicroStrategy_NICE_WFM_metrics</ownerDesignName>
<ordsAlias>contact_type_forecast_svv1</ordsAlias>
<allowColumnReorder>false</allowColumnReorder>
<existDependencyGenerateInDDl>true</existDependencyGenerateInDDl>
<parsed>true</parsed>
<columns itemClass="oracle.dbtools.crest.model.design.relational.Column">
<Column name="ENTERPRISE_GROUP_NAME" id="014921BE-E017-65B8-1490-832F768AC11C">
<sourceDDLFile>My_Temp.sql</sourceDDLFile>
<createdBy>50472</createdBy>
<createdTime>2018-03-22 14:26:03 UTC</createdTime>
<ownerDesignName>MicroStrategy_NICE_WFM_metrics</ownerDesignName>
<useDomainConstraints>false</useDomainConstraints>
<use>1</use>
<logicalDatatype>LOGDT037</logicalDatatype>
<dataTypeSize>64</dataTypeSize>
<ownDataTypeParameters>64,,</ownDataTypeParameters>
<autoIncrementCycle>false</autoIncrementCycle>
</Column>
<Column name="MANAGEMENT_UNIT_NAME" id="A07AD7D8-4409-523A-C0D1-AAA916E65D10">
<sourceDDLFile>My_Temp.sql</sourceDDLFile>
<createdBy>50472</createdBy>
<createdTime>2018-03-22 14:26:03 UTC</createdTime>
<ownerDesignName>MicroStrategy_NICE_WFM_metrics</ownerDesignName>
<useDomainConstraints>false</useDomainConstraints>
<use>1</use>
<logicalDatatype>LOGDT037</logicalDatatype>
<dataTypeSize>64</dataTypeSize>
<ownDataTypeParameters>64,,</ownDataTypeParameters>
<autoIncrementCycle>false</autoIncrementCycle>
</Column>
<Column name="MANAGEMENT_UNIT_DATE" id="859B9171-92A9-C7D1-1BEF-696F5F77CC44">
<sourceDDLFile>My_Temp.sql</sourceDDLFile>
<createdBy>50472</createdBy>
<createdTime>2018-03-22 14:26:03 UTC</createdTime>
<ownerDesignName>MicroStrategy_NICE_WFM_metrics</ownerDesignName>
<useDomainConstraints>false</useDomainConstraints>
<use>1</use>
<logicalDatatype>LOGDT007</logicalDatatype>
<ownDataTypeParameters>,,</ownDataTypeParameters>
<autoIncrementCycle>false</autoIncrementCycle>
</Column>
<Column name="IS_DAY_OF_OPERATION" id="A5DA35F2-D0F2-D81C-C700-577953957D53">
<sourceDDLFile>My_Temp.sql</sourceDDLFile>
<createdBy>50472</createdBy>
<createdTime>2018-03-22 14:26:03 UTC</createdTime>
<ownerDesignName>MicroStrategy_NICE_WFM_metrics</ownerDesignName>
<useDomainConstraints>false</useDomainConstraints>
<use>1</use>
<logicalDatatype>LOGDT024</logicalDatatype>
<dataTypeSize>1</dataTypeSize>
<ownDataTypeParameters>1,,</ownDataTypeParameters>
<autoIncrementCycle>false</autoIncrementCycle>
</Column>
<Column name="IS_HOLIDAY" id="45A98E11-C54F-1CD3-4E00-010D24093F17">
<sourceDDLFile>My_Temp.sql</sourceDDLFile>
<createdBy>50472</createdBy>
<createdTime>2018-03-22 14:26:03 UTC</createdTime>
<ownerDesignName>MicroStrategy_NICE_WFM_metrics</ownerDesignName>
<useDomainConstraints>false</useDomainConstraints>
<use>1</use>
<logicalDatatype>LOGDT024</logicalDatatype>
<dataTypeSize>1</dataTypeSize>
<ownDataTypeParameters>1,,</ownDataTypeParameters>
<autoIncrementCycle>false</autoIncrementCycle>
</Column>
<Column name="IS_OFFICE_CLOSURE" id="2048EDE1-F3F6-8695-7E44-FDF9ADB11DB7">
<sourceDDLFile>My_Temp.sql</sourceDDLFile>
<createdBy>50472</createdBy>
<createdTime>2018-03-22 14:26:03 UTC</createdTime>
<ownerDesignName>MicroStrategy_NICE_WFM_metrics</ownerDesignName>
<useDomainConstraints>false</useDomainConstraints>
<use>1</use>
<logicalDatatype>LOGDT024</logicalDatatype>
<dataTypeSize>1</dataTypeSize>
<ownDataTypeParameters>1,,</ownDataTypeParameters>
<autoIncrementCycle>false</autoIncrementCycle>
</Column>
<Column name="OPEN_START_MU_DATETIME" id="5B04F2FB-2992-9F6F-DAFD-B8A90349ED84">
<sourceDDLFile>My_Temp.sql</sourceDDLFile>
<createdBy>50472</createdBy>
<createdTime>2018-03-22 14:26:03 UTC</createdTime>
<ownerDesignName>MicroStrategy_NICE_WFM_metrics</ownerDesignName>
<nullsAllowed>true</nullsAllowed>
<useDomainConstraints>false</useDomainConstraints>
<use>1</use>
<logicalDatatype>LOGDT008</logicalDatatype>
<ownDataTypeParameters>,,</ownDataTypeParameters>
<autoIncrementCycle>false</autoIncrementCycle>
</Column>
<Column name="OPEN_END_MU_DATETIME" id="BF61DDE4-7106-13E6-3093-89B4399ED3D6">
<sourceDDLFile>My_Temp.sql</sourceDDLFile>
<createdBy>50472</createdBy>
<createdTime>2018-03-22 14:26:03 UTC</createdTime>
<ownerDesignName>MicroStrategy_NICE_WFM_metrics</ownerDesignName>
<nullsAllowed>true</nullsAllowed>
<useDomainConstraints>false</useDomainConstraints>
<use>1</use>
<logicalDatatype>LOGDT008</logicalDatatype>
<ownDataTypeParameters>,,</ownDataTypeParameters>
<autoIncrementCycle>false</autoIncrementCycle>
</Column>
</columns>
<indexes itemClass="oracle.dbtools.crest.model.design.relational.Index">
<ind_PK_UK id="9BDC5DA9-6F48-3081-0105-D28D98AFDC19" name="MU_DAYS_OF_OPERATION_PK">
<createdBy>50472</createdBy>
<createdTime>2018-03-22 14:26:03 UTC</createdTime>
<ownerDesignName>MicroStrategy_NICE_WFM_metrics</ownerDesignName>
<pk>true</pk>
<indexState>Primary Constraint</indexState>
<isSurrogateKey>false</isSurrogateKey>
<indexColumnUsage>
<colUsage columnID="A07AD7D8-4409-523A-C0D1-AAA916E65D10"/>
<colUsage columnID="859B9171-92A9-C7D1-1BEF-696F5F77CC44"/>
</indexColumnUsage>
</ind_PK_UK>
</indexes>
</Table>