<?xml version = '1.0' encoding = 'UTF-8'?>
<Table class="oracle.dbtools.crest.model.design.relational.Table" directorySegmentName="seg_0" id="CF640CB1-3F2A-5708-EC2B-A4ED5F32B68F" name="AGENT_LOCATION_SV">
<sourceDDLFile>My_Temp.sql</sourceDDLFile>
<createdBy>50472</createdBy>
<createdTime>2020-06-25 21:42:11 UTC</createdTime>
<ownerDesignName>MicroStrategy_NICE_WFM_metrics</ownerDesignName>
<ordsAlias>agent_site_svv1</ordsAlias>
<allowColumnReorder>false</allowColumnReorder>
<existDependencyGenerateInDDl>true</existDependencyGenerateInDDl>
<parsed>true</parsed>
<columns itemClass="oracle.dbtools.crest.model.design.relational.Column">
<Column name="AGENT_WFM_ID" id="B41CA598-C12B-2C53-7158-3718427AA4A2">
<sourceDDLFile>My_Temp.sql</sourceDDLFile>
<createdBy>50472</createdBy>
<createdTime>2020-06-25 21:42:11 UTC</createdTime>
<ownerDesignName>MicroStrategy_NICE_WFM_metrics</ownerDesignName>
<useDomainConstraints>false</useDomainConstraints>
<use>1</use>
<logicalDatatype>LOGDT011</logicalDatatype>
<ownDataTypeParameters>,,</ownDataTypeParameters>
<autoIncrementCycle>false</autoIncrementCycle>
</Column>
<Column name="AGENT_LOCATION_NAME" id="6EE8FFD1-E8DB-F72A-3A02-7885FC443A65">
<sourceDDLFile>My_Temp.sql</sourceDDLFile>
<createdBy>50472</createdBy>
<createdTime>2020-06-25 21:42:11 UTC</createdTime>
<ownerDesignName>MicroStrategy_NICE_WFM_metrics</ownerDesignName>
<useDomainConstraints>false</useDomainConstraints>
<use>1</use>
<logicalDatatype>LOGDT037</logicalDatatype>
<dataTypeSize>255</dataTypeSize>
<ownDataTypeParameters>255,,</ownDataTypeParameters>
<autoIncrementCycle>false</autoIncrementCycle>
</Column>
<Column name="START_DATE" id="C5599CBF-6055-D392-98A1-D9B9DAE7B787">
<sourceDDLFile>My_Temp.sql</sourceDDLFile>
<createdBy>50472</createdBy>
<createdTime>2020-06-25 21:42:11 UTC</createdTime>
<ownerDesignName>MicroStrategy_NICE_WFM_metrics</ownerDesignName>
<useDomainConstraints>false</useDomainConstraints>
<use>1</use>
<logicalDatatype>LOGDT007</logicalDatatype>
<ownDataTypeParameters>,,</ownDataTypeParameters>
<autoIncrementCycle>false</autoIncrementCycle>
</Column>
<Column name="END_DATE" id="A9267B9D-60C6-33AC-43E5-E0D6E049C87C">
<sourceDDLFile>My_Temp.sql</sourceDDLFile>
<createdBy>50472</createdBy>
<createdTime>2020-06-25 21:42:11 UTC</createdTime>
<ownerDesignName>MicroStrategy_NICE_WFM_metrics</ownerDesignName>
<nullsAllowed>true</nullsAllowed>
<useDomainConstraints>false</useDomainConstraints>
<use>1</use>
<logicalDatatype>LOGDT007</logicalDatatype>
<ownDataTypeParameters>,,</ownDataTypeParameters>
<autoIncrementCycle>false</autoIncrementCycle>
</Column>
</columns>
<indexes itemClass="oracle.dbtools.crest.model.design.relational.Index">
<ind_PK_UK id="F434330D-0AD9-4015-3F54-30AF4406206A" name="AGENT_LOCATION_SV_PK">
<sourceDDLFile>My_Temp.sql</sourceDDLFile>
<createdBy>50472</createdBy>
<createdTime>2020-06-25 21:42:11 UTC</createdTime>
<ownerDesignName>MicroStrategy_NICE_WFM_metrics</ownerDesignName>
<pk>true</pk>
<indexState>Primary Constraint</indexState>
<isSurrogateKey>false</isSurrogateKey>
<indexColumnUsage>
<colUsage columnID="B41CA598-C12B-2C53-7158-3718427AA4A2"/>
<colUsage columnID="C5599CBF-6055-D392-98A1-D9B9DAE7B787"/>
</indexColumnUsage>
</ind_PK_UK>
</indexes>
</Table>