<?xml version = '1.0' encoding = 'UTF-8'?>
<Table class="oracle.dbtools.crest.model.design.relational.Table" directorySegmentName="seg_0" id="D664F5B2-AD95-E7E6-2478-A80B4CAAD103" name="AGENT_CONTACT_SV">
<sourceDDLFile>My_Temp.sql</sourceDDLFile>
<createdBy>88641</createdBy>
<createdTime>2018-02-22 22:55:35 UTC</createdTime>
<ownerDesignName>MicroStrategy_NICE_WFM_metrics</ownerDesignName>
<importedID>4F58A5E1-CFE4-30FC-1733-5DBFC9E62CCA</importedID>
<allowColumnReorder>false</allowColumnReorder>
<existDependencyGenerateInDDl>true</existDependencyGenerateInDDl>
<parsed>true</parsed>
<columns itemClass="oracle.dbtools.crest.model.design.relational.Column">
<Column name="AGENT_WFM_ID" id="BCA1879A-CE9F-0C4E-3C38-9A4E3172D90E">
<sourceDDLFile>My_Temp.sql</sourceDDLFile>
<createdBy>88641</createdBy>
<createdTime>2018-02-22 22:55:35 UTC</createdTime>
<ownerDesignName>MicroStrategy_NICE_WFM_metrics</ownerDesignName>
<importedID>3A6721D1-11F9-B089-6E1F-D700C4989B85</importedID>
<useDomainConstraints>false</useDomainConstraints>
<use>1</use>
<logicalDatatype>LOGDT011</logicalDatatype>
<ownDataTypeParameters>,,</ownDataTypeParameters>
<autoIncrementCycle>false</autoIncrementCycle>
</Column>
<Column name="AGENT_LOGON_ID" id="F6A7A4A6-F1D5-4A16-0282-203BCE126E4F">
<createdBy>50472</createdBy>
<createdTime>2018-03-21 20:55:28 UTC</createdTime>
<ownerDesignName>MicroStrategy_NICE_WFM_metrics</ownerDesignName>
<useDomainConstraints>false</useDomainConstraints>
<use>1</use>
<logicalDatatype>LOGDT037</logicalDatatype>
<dataTypeSize>256</dataTypeSize>
<ownDataTypeParameters>256,,</ownDataTypeParameters>
<autoIncrementCycle>false</autoIncrementCycle>
</Column>
<Column name="ACD_NAME" id="36624BB6-9CB2-FD63-5531-D12DAD094977">
<sourceDDLFile>My_Temp.sql</sourceDDLFile>
<createdBy>88641</createdBy>
<createdTime>2018-02-22 22:55:35 UTC</createdTime>
<ownerDesignName>MicroStrategy_NICE_WFM_metrics</ownerDesignName>
<importedID>6B624C2E-5A8F-9F08-8791-3DC1985C0884</importedID>
<useDomainConstraints>false</useDomainConstraints>
<use>1</use>
<logicalDatatype>LOGDT037</logicalDatatype>
<dataTypeSize>64</dataTypeSize>
<ownDataTypeParameters>64,,</ownDataTypeParameters>
<autoIncrementCycle>false</autoIncrementCycle>
</Column>
<Column name="UTC_DATETIME" id="418B9078-559C-9DC3-FFD4-C42CD662E08B">
<sourceDDLFile>My_Temp.sql</sourceDDLFile>
<createdBy>88641</createdBy>
<createdTime>2018-02-22 22:55:35 UTC</createdTime>
<ownerDesignName>MicroStrategy_NICE_WFM_metrics</ownerDesignName>
<importedID>25B900C2-C30F-E7E4-FC0D-B05385238628</importedID>
<useDomainConstraints>false</useDomainConstraints>
<use>1</use>
<logicalDatatype>LOGDT008</logicalDatatype>
<ownDataTypeParameters>,,</ownDataTypeParameters>
<autoIncrementCycle>false</autoIncrementCycle>
</Column>
<Column name="ACD_DATE" id="38195AB6-DDBA-F0D3-C274-B96CE7AEFEC2">
<sourceDDLFile>My_Temp.sql</sourceDDLFile>
<createdBy>88641</createdBy>
<createdTime>2018-02-22 22:55:35 UTC</createdTime>
<ownerDesignName>MicroStrategy_NICE_WFM_metrics</ownerDesignName>
<importedID>262830E1-CD83-7505-5868-B0DECA8E7E85</importedID>
<useDomainConstraints>false</useDomainConstraints>
<use>1</use>
<logicalDatatype>LOGDT007</logicalDatatype>
<ownDataTypeParameters>,,</ownDataTypeParameters>
<autoIncrementCycle>false</autoIncrementCycle>
</Column>
<Column name="ACD_DATETIME" id="49E34EC7-A30C-BC14-8D38-125BD95A6D1E">
<sourceDDLFile>My_Temp.sql</sourceDDLFile>
<createdBy>88641</createdBy>
<createdTime>2018-02-22 22:55:35 UTC</createdTime>
<ownerDesignName>MicroStrategy_NICE_WFM_metrics</ownerDesignName>
<importedID>A9D0942B-7C4C-ACA3-A4AD-EEBF847E6F13</importedID>
<useDomainConstraints>false</useDomainConstraints>
<use>1</use>
<logicalDatatype>LOGDT008</logicalDatatype>
<ownDataTypeParameters>,,</ownDataTypeParameters>
<autoIncrementCycle>false</autoIncrementCycle>
</Column>
<Column name="ACD_TIME_ZONE_NAME" id="D3802111-8CC0-D1E8-2227-FC2487DE8553">
<sourceDDLFile>My_Temp.sql</sourceDDLFile>
<createdBy>88641</createdBy>
<createdTime>2018-02-22 22:55:35 UTC</createdTime>
<ownerDesignName>MicroStrategy_NICE_WFM_metrics</ownerDesignName>
<shouldEngineer>false</shouldEngineer>
<importedID>7D0301DA-FCEA-9CC0-1DFA-88A30EA87AA8</importedID>
<sourceType>System</sourceType>
<useDomainConstraints>false</useDomainConstraints>
<use>1</use>
<logicalDatatype>LOGDT037</logicalDatatype>
<dataTypeSize>34</dataTypeSize>
<ownDataTypeParameters>34,,</ownDataTypeParameters>
<autoIncrementCycle>false</autoIncrementCycle>
</Column>
<Column name="AGENT_TO_AGENT_CONTACT" id="22143A77-D377-C128-84A7-975F6D437086">
<createdBy>88641</createdBy>
<createdTime>2018-02-23 21:44:22 UTC</createdTime>
<ownerDesignName>MicroStrategy_NICE_WFM_metrics</ownerDesignName>
<useDomainConstraints>false</useDomainConstraints>
<use>1</use>
<logicalDatatype>LOGDT011</logicalDatatype>
<ownDataTypeParameters>,,</ownDataTypeParameters>
<autoIncrementCycle>false</autoIncrementCycle>
</Column>
<Column name="AGENT_TO_AGENT_HANDLE_TIME_SEC" id="BD1798F5-4B03-9D3B-5F69-9FBFD498C915">
<createdBy>88641</createdBy>
<createdTime>2018-02-23 21:44:47 UTC</createdTime>
<ownerDesignName>MicroStrategy_NICE_WFM_metrics</ownerDesignName>
<useDomainConstraints>false</useDomainConstraints>
<use>1</use>
<logicalDatatype>LOGDT011</logicalDatatype>
<ownDataTypeParameters>,,</ownDataTypeParameters>
<autoIncrementCycle>false</autoIncrementCycle>
</Column>
<Column name="AGENT_LOGIN_TIME_SEC" id="E22B3BB5-BD74-8025-BDF7-E4184D1298CD">
<sourceDDLFile>My_Temp.sql</sourceDDLFile>
<createdBy>88641</createdBy>
<createdTime>2018-02-22 22:55:35 UTC</createdTime>
<ownerDesignName>MicroStrategy_NICE_WFM_metrics</ownerDesignName>
<importedID>13F1C290-728E-80CD-736B-AF75EBBFA4CC</importedID>
<useDomainConstraints>false</useDomainConstraints>
<use>1</use>
<logicalDatatype>LOGDT011</logicalDatatype>
<ownDataTypeParameters>,,</ownDataTypeParameters>
<autoIncrementCycle>false</autoIncrementCycle>
</Column>
<Column name="AGENT_NOT_READY_TIME_SEC" id="B2468B9C-0CD2-798A-11B9-CF664DCB0B0D">
<sourceDDLFile>My_Temp.sql</sourceDDLFile>
<createdBy>88641</createdBy>
<createdTime>2018-02-22 22:55:35 UTC</createdTime>
<ownerDesignName>MicroStrategy_NICE_WFM_metrics</ownerDesignName>
<importedID>6ACAF694-9144-8ECD-9CE5-FDC85F8793C2</importedID>
<useDomainConstraints>false</useDomainConstraints>
<use>1</use>
<logicalDatatype>LOGDT011</logicalDatatype>
<ownDataTypeParameters>,,</ownDataTypeParameters>
<autoIncrementCycle>false</autoIncrementCycle>
</Column>
<Column name="AGENT_OUTBOUND_CONTACT" id="83F3A4BF-69F4-A4F7-352F-F2350E101C38">
<createdBy>88641</createdBy>
<createdTime>2018-02-23 21:45:18 UTC</createdTime>
<ownerDesignName>MicroStrategy_NICE_WFM_metrics</ownerDesignName>
<useDomainConstraints>false</useDomainConstraints>
<use>1</use>
<logicalDatatype>LOGDT011</logicalDatatype>
<ownDataTypeParameters>,,</ownDataTypeParameters>
<autoIncrementCycle>false</autoIncrementCycle>
</Column>
<Column name="AGENT_OUTBOUND_HANDLE_TIME_SEC" id="DF9701BE-2D56-12F9-3E24-7D49A550A0C4">
<createdBy>88641</createdBy>
<createdTime>2018-02-23 21:45:41 UTC</createdTime>
<ownerDesignName>MicroStrategy_NICE_WFM_metrics</ownerDesignName>
<useDomainConstraints>false</useDomainConstraints>
<use>1</use>
<logicalDatatype>LOGDT011</logicalDatatype>
<ownDataTypeParameters>,,</ownDataTypeParameters>
<autoIncrementCycle>false</autoIncrementCycle>
</Column>
<Column name="AGENT_READY_TIME_SEC" id="43F4D690-B8D3-9F1C-1510-C428D232666B">
<sourceDDLFile>My_Temp.sql</sourceDDLFile>
<createdBy>88641</createdBy>
<createdTime>2018-02-22 22:55:35 UTC</createdTime>
<ownerDesignName>MicroStrategy_NICE_WFM_metrics</ownerDesignName>
<importedID>1705F127-97B6-25F4-0AE4-D219B9BA8946</importedID>
<useDomainConstraints>false</useDomainConstraints>
<use>1</use>
<logicalDatatype>LOGDT011</logicalDatatype>
<ownDataTypeParameters>,,</ownDataTypeParameters>
<autoIncrementCycle>false</autoIncrementCycle>
</Column>
</columns>
<indexes itemClass="oracle.dbtools.crest.model.design.relational.Index">
<ind_PK_UK id="9F3EB048-ADA1-AE9A-6DB5-1DE7F52E550E" name="AGENT_CONTACT_SV_PK">
<sourceDDLFile>My_Temp.sql</sourceDDLFile>
<createdBy>88641</createdBy>
<createdTime>2018-02-22 22:55:35 UTC</createdTime>
<ownerDesignName>MicroStrategy_NICE_WFM_metrics</ownerDesignName>
<importedID>E58B8E6C-DCAC-2762-41FF-85B9FE103494</importedID>
<pk>true</pk>
<indexState>Primary Constraint</indexState>
<isSurrogateKey>false</isSurrogateKey>
<indexColumnUsage>
<colUsage columnID="BCA1879A-CE9F-0C4E-3C38-9A4E3172D90E"/>
<colUsage columnID="F6A7A4A6-F1D5-4A16-0282-203BCE126E4F"/>
<colUsage columnID="36624BB6-9CB2-FD63-5531-D12DAD094977"/>
<colUsage columnID="418B9078-559C-9DC3-FFD4-C42CD662E08B"/>
</indexColumnUsage>
</ind_PK_UK>
</indexes>
</Table>