<?xml version = '1.0' encoding = 'UTF-8'?>
<Table class="oracle.dbtools.crest.model.design.relational.Table" directorySegmentName="seg_0" id="D75A4797-AE97-E54C-BB32-B603B30C7C4D" name="AGENT_TIMEOFF_SV">
<createdBy>88641</createdBy>
<createdTime>2018-02-23 01:59:19 UTC</createdTime>
<ownerDesignName>MicroStrategy_NICE_WFM_metrics</ownerDesignName>
<ordsAlias>table_27</ordsAlias>
<allowColumnReorder>false</allowColumnReorder>
<existDependencyGenerateInDDl>true</existDependencyGenerateInDDl>
<parsed>true</parsed>
<columns itemClass="oracle.dbtools.crest.model.design.relational.Column">
<Column name="AGENT_WFM_ID" id="2DE325B9-5D63-9911-D749-01CD32ECC539">
<createdBy>88641</createdBy>
<createdTime>2018-02-23 02:04:21 UTC</createdTime>
<ownerDesignName>MicroStrategy_NICE_WFM_metrics</ownerDesignName>
<use>0</use>
<logicalDatatype>LOGDT011</logicalDatatype>
<domain>068B09E9-8A4B-8599-A570-1F33666D50F9</domain>
<ownDataTypeParameters>,,</ownDataTypeParameters>
<autoIncrementCycle>false</autoIncrementCycle>
</Column>
<Column name="TIMEOFF_TYPE" id="EF591DEB-63BE-C9D9-8589-4AB274900E5C">
<createdBy>88641</createdBy>
<createdTime>2018-02-23 02:04:21 UTC</createdTime>
<ownerDesignName>MicroStrategy_NICE_WFM_metrics</ownerDesignName>
<useDomainConstraints>false</useDomainConstraints>
<use>1</use>
<logicalDatatype>LOGDT035</logicalDatatype>
<dataTypeSize>1</dataTypeSize>
<ownDataTypeParameters>1,,</ownDataTypeParameters>
<autoIncrementCycle>false</autoIncrementCycle>
</Column>
<Column name="TIMEOFF_TYPE_DETAIL" id="74542D5A-EB2C-ECFC-37EC-0838F9A72733">
<createdBy>88641</createdBy>
<createdTime>2018-02-23 02:04:21 UTC</createdTime>
<ownerDesignName>MicroStrategy_NICE_WFM_metrics</ownerDesignName>
<useDomainConstraints>false</useDomainConstraints>
<use>1</use>
<logicalDatatype>LOGDT037</logicalDatatype>
<dataTypeSize>64</dataTypeSize>
<ownDataTypeParameters>64,,</ownDataTypeParameters>
<autoIncrementCycle>false</autoIncrementCycle>
</Column>
<Column name="TIMEOFF_PAY_TYPE" id="054A1B7C-BB85-A011-F1B2-0290BBFA9F03">
<createdBy>88641</createdBy>
<createdTime>2018-02-23 02:04:21 UTC</createdTime>
<ownerDesignName>MicroStrategy_NICE_WFM_metrics</ownerDesignName>
<useDomainConstraints>false</useDomainConstraints>
<use>1</use>
<logicalDatatype>LOGDT035</logicalDatatype>
<dataTypeSize>1</dataTypeSize>
<ownDataTypeParameters>1,,</ownDataTypeParameters>
<autoIncrementCycle>false</autoIncrementCycle>
</Column>
<Column name="TIMEOFF_START_UTC_DATETIME" id="B68C5A29-E396-8DD2-3985-3CFA474DDEBC">
<createdBy>88641</createdBy>
<createdTime>2018-02-23 02:04:21 UTC</createdTime>
<ownerDesignName>MicroStrategy_NICE_WFM_metrics</ownerDesignName>
<useDomainConstraints>false</useDomainConstraints>
<use>1</use>
<logicalDatatype>LOGDT008</logicalDatatype>
<ownDataTypeParameters>,,</ownDataTypeParameters>
<autoIncrementCycle>false</autoIncrementCycle>
</Column>
<Column name="TIMEOFF_END_UTC_DATETIME" id="9D6F9114-7929-9DE0-FB45-5C75E16927BC">
<createdBy>88641</createdBy>
<createdTime>2018-02-23 02:04:21 UTC</createdTime>
<ownerDesignName>MicroStrategy_NICE_WFM_metrics</ownerDesignName>
<useDomainConstraints>false</useDomainConstraints>
<use>1</use>
<logicalDatatype>LOGDT008</logicalDatatype>
<ownDataTypeParameters>,,</ownDataTypeParameters>
<autoIncrementCycle>false</autoIncrementCycle>
</Column>
<Column name="TIMEOFF_START_MU_DATETIME" id="BC7A6CC1-FC86-5123-376F-75BF126121EF">
<createdBy>50472</createdBy>
<createdTime>2018-04-10 23:24:22 UTC</createdTime>
<ownerDesignName>MicroStrategy_NICE_WFM_metrics</ownerDesignName>
<useDomainConstraints>false</useDomainConstraints>
<use>1</use>
<logicalDatatype>LOGDT008</logicalDatatype>
<ownDataTypeParameters>,,</ownDataTypeParameters>
<autoIncrementCycle>false</autoIncrementCycle>
</Column>
<Column name="TIMEOFF_END_MU_DATETIME" id="FBFD6678-1E9B-2CDF-A049-85FA9820E7E1">
<createdBy>50472</createdBy>
<createdTime>2018-04-10 23:06:56 UTC</createdTime>
<ownerDesignName>MicroStrategy_NICE_WFM_metrics</ownerDesignName>
<useDomainConstraints>false</useDomainConstraints>
<use>1</use>
<logicalDatatype>LOGDT008</logicalDatatype>
<ownDataTypeParameters>,,</ownDataTypeParameters>
<autoIncrementCycle>false</autoIncrementCycle>
</Column>
<Column name="MANAGEMENT_UNIT_TIME_ZONE_NAME" id="31C170E2-A2FF-E8EB-36E3-B0B934A2AEB7">
<createdBy>50472</createdBy>
<createdTime>2018-04-10 23:09:03 UTC</createdTime>
<ownerDesignName>MicroStrategy_NICE_WFM_metrics</ownerDesignName>
<useDomainConstraints>false</useDomainConstraints>
<use>1</use>
<logicalDatatype>LOGDT037</logicalDatatype>
<dataTypeSize>34</dataTypeSize>
<ownDataTypeParameters>34,,</ownDataTypeParameters>
<autoIncrementCycle>false</autoIncrementCycle>
</Column>
<Column name="TIMEOFF_REQUEST_UTC_DATETIME" id="4AF91091-B2B9-552F-D533-471740D9129C">
<createdBy>88641</createdBy>
<createdTime>2018-02-23 02:04:21 UTC</createdTime>
<ownerDesignName>MicroStrategy_NICE_WFM_metrics</ownerDesignName>
<useDomainConstraints>false</useDomainConstraints>
<use>1</use>
<logicalDatatype>LOGDT008</logicalDatatype>
<ownDataTypeParameters>,,</ownDataTypeParameters>
<autoIncrementCycle>false</autoIncrementCycle>
</Column>
<Column name="TIMEOFF_REQUEST_MU_DATETIME" id="89CDCA3D-80ED-CB2B-F63B-8EB181E207E8">
<createdBy>50472</createdBy>
<createdTime>2018-04-10 23:07:39 UTC</createdTime>
<ownerDesignName>MicroStrategy_NICE_WFM_metrics</ownerDesignName>
<useDomainConstraints>false</useDomainConstraints>
<use>1</use>
<logicalDatatype>LOGDT008</logicalDatatype>
<ownDataTypeParameters>,,</ownDataTypeParameters>
<autoIncrementCycle>false</autoIncrementCycle>
</Column>
</columns>
<indexes itemClass="oracle.dbtools.crest.model.design.relational.Index">
<ind_PK_UK id="875979AC-72AC-52DF-0C7E-E5EF872E7169" name="AGENT_TIMEOFF_SV_PK">
<createdBy>88641</createdBy>
<createdTime>2018-02-23 02:04:21 UTC</createdTime>
<ownerDesignName>MicroStrategy_NICE_WFM_metrics</ownerDesignName>
<pk>true</pk>
<indexState>Primary Constraint</indexState>
<isSurrogateKey>false</isSurrogateKey>
<indexColumnUsage>
<colUsage columnID="2DE325B9-5D63-9911-D749-01CD32ECC539"/>
<colUsage columnID="74542D5A-EB2C-ECFC-37EC-0838F9A72733"/>
<colUsage columnID="B68C5A29-E396-8DD2-3985-3CFA474DDEBC"/>
<colUsage columnID="4AF91091-B2B9-552F-D533-471740D9129C"/>
</indexColumnUsage>
</ind_PK_UK>
</indexes>
</Table>