<?xml version = '1.0' encoding = 'UTF-8'?>
<Table class="oracle.dbtools.crest.model.design.relational.Table" directorySegmentName="seg_0" id="E2F2D232-1136-515F-B324-977566433AFB" name="MANAGEMENT_UNIT_SET_SV">
<sourceDDLFile>My_Temp.sql</sourceDDLFile>
<createdBy>50472</createdBy>
<createdTime>2018-04-11 16:11:25 UTC</createdTime>
<ownerDesignName>MicroStrategy_NICE_WFM_metrics</ownerDesignName>
<ordsAlias>contact_type_set_svv1</ordsAlias>
<allowColumnReorder>false</allowColumnReorder>
<existDependencyGenerateInDDl>true</existDependencyGenerateInDDl>
<parsed>true</parsed>
<columns itemClass="oracle.dbtools.crest.model.design.relational.Column">
<Column name="ENTERPRISE_GROUP_NAME" id="96DFD29C-71F6-A936-4F1C-4756BC06C54A">
<sourceDDLFile>My_Temp.sql</sourceDDLFile>
<createdBy>50472</createdBy>
<createdTime>2018-04-11 16:11:25 UTC</createdTime>
<ownerDesignName>MicroStrategy_NICE_WFM_metrics</ownerDesignName>
<useDomainConstraints>false</useDomainConstraints>
<use>1</use>
<logicalDatatype>LOGDT037</logicalDatatype>
<dataTypeSize>64</dataTypeSize>
<ownDataTypeParameters>64,,</ownDataTypeParameters>
<autoIncrementCycle>false</autoIncrementCycle>
</Column>
<Column name="MANAGEMENT_UNIT_SET_NAME" id="FC3B89B4-13B5-E47D-0D9E-76F41FC5DB75">
<sourceDDLFile>My_Temp.sql</sourceDDLFile>
<createdBy>50472</createdBy>
<createdTime>2018-04-11 16:11:25 UTC</createdTime>
<ownerDesignName>MicroStrategy_NICE_WFM_metrics</ownerDesignName>
<useDomainConstraints>false</useDomainConstraints>
<use>1</use>
<logicalDatatype>LOGDT037</logicalDatatype>
<dataTypeSize>64</dataTypeSize>
<ownDataTypeParameters>64,,</ownDataTypeParameters>
<autoIncrementCycle>false</autoIncrementCycle>
</Column>
<Column name="MANAGEMENT_UNIT_NAME" id="63D52F91-2578-41E7-E05D-E7ABC2588ED5">
<sourceDDLFile>My_Temp.sql</sourceDDLFile>
<createdBy>50472</createdBy>
<createdTime>2018-04-11 16:11:25 UTC</createdTime>
<ownerDesignName>MicroStrategy_NICE_WFM_metrics</ownerDesignName>
<useDomainConstraints>false</useDomainConstraints>
<use>1</use>
<logicalDatatype>LOGDT037</logicalDatatype>
<dataTypeSize>64</dataTypeSize>
<ownDataTypeParameters>64,,</ownDataTypeParameters>
<autoIncrementCycle>false</autoIncrementCycle>
</Column>
<Column name="MANAGEMENT_UNIT_ID" id="45294FBA-338C-45B2-647C-097B1B8EAD90">
<createdBy>50472</createdBy>
<createdTime>2019-11-04 17:19:32 UTC</createdTime>
<ownerDesignName>MicroStrategy_NICE_WFM_metrics</ownerDesignName>
<useDomainConstraints>false</useDomainConstraints>
<use>1</use>
<logicalDatatype>LOGDT011</logicalDatatype>
<ownDataTypeParameters>,,</ownDataTypeParameters>
<autoIncrementCycle>false</autoIncrementCycle>
</Column>
<Column name="MANAGEMENT_UNIT_TIME_ZONE_NAME" id="8DF250DB-A51F-5DB8-7DE3-3DC95D0A86BD">
<createdBy>50472</createdBy>
<createdTime>2018-04-11 16:11:25 UTC</createdTime>
<ownerDesignName>MicroStrategy_NICE_WFM_metrics</ownerDesignName>
<useDomainConstraints>false</useDomainConstraints>
<use>1</use>
<logicalDatatype>LOGDT037</logicalDatatype>
<dataTypeSize>34</dataTypeSize>
<ownDataTypeParameters>34,,</ownDataTypeParameters>
<autoIncrementCycle>false</autoIncrementCycle>
</Column>
</columns>
<indexes itemClass="oracle.dbtools.crest.model.design.relational.Index">
<ind_PK_UK id="091B082D-EDD7-BBE4-840E-ED338AFF3B13" name="MANAGEMENT_UNIT_SET_PK">
<sourceDDLFile>My_Temp.sql</sourceDDLFile>
<createdBy>50472</createdBy>
<createdTime>2018-04-11 16:11:25 UTC</createdTime>
<ownerDesignName>MicroStrategy_NICE_WFM_metrics</ownerDesignName>
<pk>true</pk>
<indexState>Primary Constraint</indexState>
<isSurrogateKey>false</isSurrogateKey>
<indexColumnUsage>
<colUsage columnID="FC3B89B4-13B5-E47D-0D9E-76F41FC5DB75"/>
<colUsage columnID="63D52F91-2578-41E7-E05D-E7ABC2588ED5"/>
</indexColumnUsage>
</ind_PK_UK>
</indexes>
</Table>