<?xml version = '1.0' encoding = 'UTF-8'?>
<relationalModel class="oracle.dbtools.crest.model.design.relational.RelationalDesign" name="BPM_Event_data_model" id="75A4060D-094A-04CB-054B-4BAD4E3639E4" mainViewID="DB85ADBE-F300-3BDF-E703-93407D7D90B5">
<createdBy>50472</createdBy>
<createdTime>2013-08-08 14:22:07 UTC</createdTime>
<ownerDesignName>BPM_Event_data_model_diagram</ownerDesignName>
<shouldBeOpen>true</shouldBeOpen>
<selectedRDBMSSite>32076570-2523-435C-2E92-BF29817DFF70</selectedRDBMSSite>
<importConnectionStamps>
<importConnectionStamp class="oracle.dbtools.crest.imports.DBConnectionStamp">
<connName>nyecdrbk maxdat</connName>
<connUrl>jdbc:oracle:thin:@localhost:1521/nyecdrbk.maximus.com</connUrl>
<connUser>maxdat</connUser>
<connType>1</connType>
</importConnectionStamp>
</importConnectionStamps>
</relationalModel>