<?xml version = '1.0' encoding = 'UTF-8'?>
<SegmentOraclev10g class="oracle.dbtools.crest.model.design.storage.oracle.v10g.SegmentOraclev10g" name="Storage14" id="185C7C3D-15F2-4355-C403-3F95E49EE4C1" directorySegmentName="seg_0">
<createdBy>mb56142</createdBy>
<createdTime>2013-10-06 20:01:43 UTC</createdTime>
<ownerDesignName>ILEB_BPM_Semantic_data_model_diagram</ownerDesignName>
<maxTrans>255</maxTrans>
<scInitialExtent>8388608</scInitialExtent>
<scMaxExtents>2147483645</scMaxExtents>
<scNextExtent>1048576</scNextExtent>
</SegmentOraclev10g>