<?xml version = '1.0' encoding = 'UTF-8'?>
<relationalModel class="oracle.dbtools.crest.model.design.relational.RelationalDesign" name="Relational_1" id="786E1585-69A8-B244-E755-E8FF415B45E3" mainViewID="49DEA1B3-919E-2CE3-C55E-E89FF80ED99A">
<createdBy>ro38606</createdBy>
<createdTime>2013-04-09 20:19:25 UTC</createdTime>
<ownerDesignName>ILEBBPMSemanticModel</ownerDesignName>
<shouldBeOpen>true</shouldBeOpen>
<selectedRDBMSSite>32076570-2523-435C-2E92-BF29817DFF70</selectedRDBMSSite>
</relationalModel>