<?xml version = '1.0' encoding = 'UTF-8'?>
<FKIndexAssociation class="oracle.dbtools.crest.model.design.relational.FKIndexAssociation" directorySegmentName="seg_0" id="A747497A-7744-90F6-D007-5C11B9599794" name="DMWBD_DMW_TEAM_ID_FK">
<sourceConnName>UK_HWS maxdat</sourceConnName>
<sourceObjSchema>maxdat</sourceObjSchema>
<sourceObjName>DMWBD_DMW_TEAM_ID_FK</sourceObjName>
<createdBy>50472</createdBy>
<createdTime>2014-12-05 21:38:46 UTC</createdTime>
<ownerDesignName>Manage_Work_V2_data_model_diagram</ownerDesignName>
<importedID>CE12C287-A383-E6A8-B0C8-04536D55EFD6</importedID>
<containerWithKeyObject>7893F91D-F6FA-3950-3B41-D22909D2C2E4</containerWithKeyObject>
<deleteRule>NO ACTION</deleteRule>
<localFKIndex>517191EB-DE6B-BFA7-D272-039A131CE51C</localFKIndex>
<keyObject>DF1BA659-BA1A-580F-29F2-1FEF20E41861</keyObject>
<mandatory>true</mandatory>
<transferable>true</transferable>
<columnDependencyConstraintGenerateInDDL>true</columnDependencyConstraintGenerateInDDL>
</FKIndexAssociation>