<?xml version = '1.0' encoding = 'UTF-8'?>
<FKIndexAssociation class="oracle.dbtools.crest.model.design.relational.FKIndexAssociation" directorySegmentName="seg_0" id="CD09E024-4EF6-60E5-9623-D68AB46A7751" name="DMWBD_MW_BI_ID_FK">
<sourceConnName>UK_HWS maxdat</sourceConnName>
<sourceObjSchema>maxdat</sourceObjSchema>
<sourceObjName>DMWBD_MW_BI_ID_FK</sourceObjName>
<createdBy>50472</createdBy>
<createdTime>2014-12-05 21:38:46 UTC</createdTime>
<ownerDesignName>Manage_Work_V2_data_model_diagram</ownerDesignName>
<importedID>E2289DD4-E224-BFD9-6348-E74370EA558F</importedID>
<containerWithKeyObject>7893F91D-F6FA-3950-3B41-D22909D2C2E4</containerWithKeyObject>
<deleteRule>NO ACTION</deleteRule>
<localFKIndex>4003E077-F520-27F6-4237-8E863554EABC</localFKIndex>
<keyObject>9D664313-DCD7-47D5-21C9-0F0AE09205FE</keyObject>
<mandatory>true</mandatory>
<transferable>true</transferable>
<columnDependencyConstraintGenerateInDDL>true</columnDependencyConstraintGenerateInDDL>
</FKIndexAssociation>