<?xml version = '1.0' encoding = 'UTF-8'?>
<FKIndexAssociation class="oracle.dbtools.crest.model.design.relational.FKIndexAssociation" directorySegmentName="seg_0" id="EA46B45B-6CA1-A0A2-14BE-C70F242DC840" name="DMWBD_DMW_BUS_UNIT_ID_FK">
<sourceConnName>UK_HWS maxdat</sourceConnName>
<sourceObjSchema>maxdat</sourceObjSchema>
<sourceObjName>DMWBD_DMW_BUS_UNIT_ID_FK</sourceObjName>
<createdBy>50472</createdBy>
<createdTime>2014-12-05 21:38:46 UTC</createdTime>
<ownerDesignName>Manage_Work_V2_data_model_diagram</ownerDesignName>
<importedID>723070D8-6BCA-3FB2-9706-FC93B5DC3020</importedID>
<containerWithKeyObject>7893F91D-F6FA-3950-3B41-D22909D2C2E4</containerWithKeyObject>
<deleteRule>NO ACTION</deleteRule>
<localFKIndex>2EE40F3D-8E1D-A3FD-FDB4-2AF1F9F05F1B</localFKIndex>
<keyObject>000616C9-8C4C-A722-C7FC-8F6C0125153E</keyObject>
<mandatory>true</mandatory>
<transferable>true</transferable>
<columnDependencyConstraintGenerateInDDL>true</columnDependencyConstraintGenerateInDDL>
</FKIndexAssociation>