<?xml version = '1.0' encoding = 'UTF-8'?>
<Diagram class="oracle.dbtools.crest.swingui.relational.DPVRelationalSubView" name="Template" id="025C4EB6-4D7D-BC6D-F090-7D4758259EEB">
<createdBy>david.moore</createdBy>
<createdTime>2015-01-12 09:18:02 UTC</createdTime>
<autoRoute>false</autoRoute>
<boxInbox>true</boxInbox>
<showLegend>false</showLegend>
<showLabels>false</showLabels>
<showRelAttributes>false</showRelAttributes>
<showGrid>false</showGrid>
<diagramColor>-1</diagramColor>
<display>false</display>
<notation>1</notation>
<objectViews>
<OView class="oracle.dbtools.crest.swingui.relational.TVTable" oid="6933E23E-4660-0803-AB91-16FCD2B3D31D" otype="Table" vid="38B50C9A-2CB0-DA23-9141-2669DBBA302A">
<hideElementsInCurrentOnly>false</hideElementsInCurrentOnly>
<bounds x="20" y="470" width="291" height="144"/>
</OView>
<OView class="oracle.dbtools.crest.swingui.relational.TVTable" oid="A60FC1AD-8255-47C1-9B78-B01A01B7FD38" otype="Table" vid="C8FF5523-1026-D4C1-FCD8-B2316C41E935">
<hideElementsInCurrentOnly>false</hideElementsInCurrentOnly>
<bounds x="20" y="216" width="231" height="74"/>
</OView>
<OView class="oracle.dbtools.crest.swingui.relational.TVTable" oid="C6F1EC48-C544-6D35-B17A-2E40BAA5B959" otype="Table" vid="20D3488D-6D57-3348-B863-9E85EF857D6B">
<hideElementsInCurrentOnly>false</hideElementsInCurrentOnly>
<bounds x="20" y="20" width="351" height="136"/>
</OView>
</objectViews>
<connectors>
<Connector class="oracle.dbtools.crest.swingui.relational.TVFKRelation" oid="A5CA2B08-909C-D536-BB17-7DC2A031FD56" otype="FKIndexAssociation" vid_source="C8FF5523-1026-D4C1-FCD8-B2316C41E935" vid_target="20D3488D-6D57-3348-B863-9E85EF857D6B">
<hideElementsInCurrentOnly>false</hideElementsInCurrentOnly>
<lineWidth>1</lineWidth>
</Connector>
</connectors>
</Diagram>