<?xml version = '1.0' encoding = 'UTF-8'?>
<Diagram class="oracle.dbtools.crest.swingui.relational.DPVRelationalSubView" name="Lookup" id="181A4CCC-2305-9CEB-E993-6B4A46C932F5">
<createdBy>david.moore</createdBy>
<createdTime>2015-01-12 09:18:02 UTC</createdTime>
<autoRoute>false</autoRoute>
<boxInbox>true</boxInbox>
<showLegend>false</showLegend>
<showLabels>false</showLabels>
<showRelAttributes>false</showRelAttributes>
<showGrid>false</showGrid>
<diagramColor>-1</diagramColor>
<display>false</display>
<notation>1</notation>
<objectViews>
<OView class="oracle.dbtools.crest.swingui.relational.TVTable" oid="19AB860F-099A-9370-4891-0C4E245C5639" otype="Table" vid="19B1E7A8-5BFC-D5EE-42DD-C270F5EE08C9">
<hideElementsInCurrentOnly>false</hideElementsInCurrentOnly>
<bounds x="20" y="20" width="250" height="164"/>
</OView>
<OView class="oracle.dbtools.crest.swingui.relational.TVTable" oid="94A2FB0A-6489-B3BF-3277-E0A0FB62744B" otype="Table" vid="24017E9A-74A5-F536-FD87-3B5DDB2F3276">
<hideElementsInCurrentOnly>false</hideElementsInCurrentOnly>
<bounds x="20" y="244" width="197" height="74"/>
</OView>
<OView class="oracle.dbtools.crest.swingui.relational.TVTable" oid="9E7A24E3-86BB-3ACE-9043-9EEF9D202D55" otype="Table" vid="046CF3B7-8AE0-6446-0B60-138ACDE5219E">
<hideElementsInCurrentOnly>false</hideElementsInCurrentOnly>
<bounds x="564" y="498" width="276" height="74"/>
</OView>
<OView class="oracle.dbtools.crest.swingui.relational.TVTable" oid="9FF3883D-6CD4-4FE5-3866-A5847F4B47C8" otype="Table" vid="9FDD4C7E-053F-80B7-7721-5619A28E9556">
<hideElementsInCurrentOnly>false</hideElementsInCurrentOnly>
<bounds x="297" y="498" width="217" height="116"/>
</OView>
<OView class="oracle.dbtools.crest.swingui.relational.TVTable" oid="E77022D5-912C-8A4B-4332-2C23AB9B361F" otype="Table" vid="7E12F7D1-0D94-7D03-C8F9-ABC4A79DB1DC">
<hideElementsInCurrentOnly>false</hideElementsInCurrentOnly>
<bounds x="20" y="498" width="227" height="74"/>
</OView>
</objectViews>
<connectors>
<Connector class="oracle.dbtools.crest.swingui.relational.TVFKRelation" oid="E92132FA-D99E-7601-C1FD-BDB6ACE2973B" otype="FKIndexAssociation" vid_source="24017E9A-74A5-F536-FD87-3B5DDB2F3276" vid_target="19B1E7A8-5BFC-D5EE-42DD-C270F5EE08C9">
<hideElementsInCurrentOnly>false</hideElementsInCurrentOnly>
<lineWidth>1</lineWidth>
</Connector>
<Connector class="oracle.dbtools.crest.swingui.relational.TVFKRelation" oid="F94EC590-0A82-F3E2-4A3A-135CFC22C540" otype="FKIndexAssociation" vid_source="19B1E7A8-5BFC-D5EE-42DD-C270F5EE08C9" vid_target="19B1E7A8-5BFC-D5EE-42DD-C270F5EE08C9">
<hideElementsInCurrentOnly>false</hideElementsInCurrentOnly>
<lineWidth>1</lineWidth>
</Connector>
</connectors>
</Diagram>