<?xml version = '1.0' encoding = 'UTF-8'?>
<Diagram class="oracle.dbtools.crest.swingui.relational.DPVRelationalSubView" name="Complaint" id="22C0AFBD-B9A3-A69D-79C0-61F3E0F1D281">
<createdBy>david.moore</createdBy>
<createdTime>2015-01-12 09:18:02 UTC</createdTime>
<autoRoute>false</autoRoute>
<boxInbox>true</boxInbox>
<showLegend>false</showLegend>
<showLabels>false</showLabels>
<showRelAttributes>false</showRelAttributes>
<showGrid>false</showGrid>
<diagramColor>-1</diagramColor>
<display>false</display>
<notation>1</notation>
<objectViews>
<OView class="oracle.dbtools.crest.swingui.relational.TVTable" oid="01576BEF-0787-C155-90CC-0C43CFA738FE" otype="Table" vid="09B0051E-D0AC-2A20-CD63-6FC6473BCD27">
<hideElementsInCurrentOnly>false</hideElementsInCurrentOnly>
<bounds x="20" y="812" width="274" height="234"/>
</OView>
<OView class="oracle.dbtools.crest.swingui.relational.TVTable" oid="0EC9FC4D-1672-4CCD-F61D-DE89A102CE61" otype="Table" vid="BAF05579-3960-191C-AB01-D6122B6DF78A">
<hideElementsInCurrentOnly>false</hideElementsInCurrentOnly>
<bounds x="361" y="272" width="284" height="480"/>
</OView>
<OView class="oracle.dbtools.crest.swingui.relational.TVTable" oid="6413DBD7-B652-D696-185A-BB5B59C3F547" otype="Table" vid="E1AF3262-E002-851C-5490-ED01EB24771C">
<hideElementsInCurrentOnly>false</hideElementsInCurrentOnly>
<bounds x="702" y="812" width="256" height="206"/>
</OView>
<OView class="oracle.dbtools.crest.swingui.relational.TVTable" oid="A5B28385-B588-878E-F1F6-E26E3A3A0A26" otype="Table" vid="353891CA-4C7C-F837-FC22-A8F01A77466B">
<hideElementsInCurrentOnly>false</hideElementsInCurrentOnly>
<bounds x="374" y="812" width="248" height="192"/>
</OView>
<OView class="oracle.dbtools.crest.swingui.relational.TVTable" oid="B6C17CAF-C81E-BD98-2C15-0753830C2A36" otype="Table" vid="EA7C37BF-0A32-7E9F-1ED7-DE4B7EFCE676">
<hideElementsInCurrentOnly>false</hideElementsInCurrentOnly>
<bounds x="361" y="20" width="247" height="192"/>
</OView>
</objectViews>
<connectors>
<Connector class="oracle.dbtools.crest.swingui.relational.TVFKRelation" oid="0B18E9CC-8D0D-82E1-B54F-08073F11A02F" otype="FKIndexAssociation" vid_source="BAF05579-3960-191C-AB01-D6122B6DF78A" vid_target="353891CA-4C7C-F837-FC22-A8F01A77466B">
<hideElementsInCurrentOnly>false</hideElementsInCurrentOnly>
<lineWidth>1</lineWidth>
</Connector>
<Connector class="oracle.dbtools.crest.swingui.relational.TVFKRelation" oid="62A86600-306A-80EF-AB2A-1160F8E79A90" otype="FKIndexAssociation" vid_source="BAF05579-3960-191C-AB01-D6122B6DF78A" vid_target="09B0051E-D0AC-2A20-CD63-6FC6473BCD27">
<hideElementsInCurrentOnly>false</hideElementsInCurrentOnly>
<lineWidth>1</lineWidth>
</Connector>
<Connector class="oracle.dbtools.crest.swingui.relational.TVFKRelation" oid="D177AE64-AB1C-7D6C-E39A-D7A33BE33EAC" otype="FKIndexAssociation" vid_source="BAF05579-3960-191C-AB01-D6122B6DF78A" vid_target="EA7C37BF-0A32-7E9F-1ED7-DE4B7EFCE676">
<hideElementsInCurrentOnly>false</hideElementsInCurrentOnly>
<lineWidth>1</lineWidth>
</Connector>
<Connector class="oracle.dbtools.crest.swingui.relational.TVFKRelation" oid="D838D615-6D1D-DAF5-7D74-C43002EC0DCD" otype="FKIndexAssociation" vid_source="BAF05579-3960-191C-AB01-D6122B6DF78A" vid_target="E1AF3262-E002-851C-5490-ED01EB24771C">
<hideElementsInCurrentOnly>false</hideElementsInCurrentOnly>
<lineWidth>1</lineWidth>
</Connector>
</connectors>
</Diagram>