<?xml version = '1.0' encoding = 'UTF-8'?>
<Diagram class="oracle.dbtools.crest.swingui.relational.DPVRelationalSubView" name="Resources" id="32612ED3-0BCC-1FB3-21F0-6AC2DDC291EC">
<createdBy>david.moore</createdBy>
<createdTime>2015-01-12 09:18:02 UTC</createdTime>
<autoRoute>false</autoRoute>
<boxInbox>true</boxInbox>
<showLegend>false</showLegend>
<showLabels>false</showLabels>
<showRelAttributes>false</showRelAttributes>
<showGrid>false</showGrid>
<diagramColor>-1</diagramColor>
<display>false</display>
<notation>1</notation>
<objectViews>
<OView class="oracle.dbtools.crest.swingui.relational.TVTable" oid="26B14DAD-473D-2A6D-9E70-7D4646C515D9" otype="Table" vid="565218D0-0BF5-7F8B-CF1A-27E4CEDE5D16">
<hideElementsInCurrentOnly>false</hideElementsInCurrentOnly>
<bounds x="20" y="398" width="204" height="150"/>
</OView>
<OView class="oracle.dbtools.crest.swingui.relational.TVTable" oid="3093F16F-B2CA-AD14-510C-BF785D842CBC" otype="Table" vid="50BAEA10-E9FF-F729-29F5-4E7B74C6FBDA">
<hideElementsInCurrentOnly>false</hideElementsInCurrentOnly>
<bounds x="330" y="20" width="179" height="88"/>
</OView>
<OView class="oracle.dbtools.crest.swingui.relational.TVTable" oid="82A3DA0F-2BAE-662F-78E4-B3F9B475C4DE" otype="Table" vid="4A8E8056-37A4-24D4-B827-EDF111A7BF9A">
<hideElementsInCurrentOnly>false</hideElementsInCurrentOnly>
<bounds x="20" y="608" width="185" height="88"/>
</OView>
<OView class="oracle.dbtools.crest.swingui.relational.TVTable" oid="85F62581-12C1-B2B8-0AC0-C25BCB9017EC" otype="Table" vid="C858D976-9EF8-441B-C954-3FF67DFC94C8">
<hideElementsInCurrentOnly>false</hideElementsInCurrentOnly>
<bounds x="20" y="188" width="220" height="150"/>
</OView>
<OView class="oracle.dbtools.crest.swingui.relational.TVTable" oid="E98D848B-F4B9-6350-D332-05A162983004" otype="Table" vid="E4E56156-1727-630A-A8CE-5CE0D069ABB2">
<hideElementsInCurrentOnly>false</hideElementsInCurrentOnly>
<bounds x="20" y="20" width="230" height="108"/>
</OView>
</objectViews>
<connectors>
<Connector class="oracle.dbtools.crest.swingui.relational.TVFKRelation" oid="56A58297-D645-DF53-B73E-2D2766DB488E" otype="FKIndexAssociation" vid_source="565218D0-0BF5-7F8B-CF1A-27E4CEDE5D16" vid_target="C858D976-9EF8-441B-C954-3FF67DFC94C8">
<hideElementsInCurrentOnly>false</hideElementsInCurrentOnly>
<lineWidth>1</lineWidth>
</Connector>
<Connector class="oracle.dbtools.crest.swingui.relational.TVFKRelation" oid="66CE2143-EDE0-9972-003F-065C11B2C71B" otype="FKIndexAssociation" vid_source="50BAEA10-E9FF-F729-29F5-4E7B74C6FBDA" vid_target="E4E56156-1727-630A-A8CE-5CE0D069ABB2">
<hideElementsInCurrentOnly>false</hideElementsInCurrentOnly>
<lineWidth>1</lineWidth>
</Connector>
<Connector class="oracle.dbtools.crest.swingui.relational.TVFKRelation" oid="96E9CB86-2615-1649-1553-D767E88EF7C6" otype="FKIndexAssociation" vid_source="4A8E8056-37A4-24D4-B827-EDF111A7BF9A" vid_target="565218D0-0BF5-7F8B-CF1A-27E4CEDE5D16">
<hideElementsInCurrentOnly>false</hideElementsInCurrentOnly>
<lineWidth>1</lineWidth>
</Connector>
<Connector class="oracle.dbtools.crest.swingui.relational.TVFKRelation" oid="FFFCE430-FAED-B7A3-CC77-020916A00A0C" otype="FKIndexAssociation" vid_source="C858D976-9EF8-441B-C954-3FF67DFC94C8" vid_target="E4E56156-1727-630A-A8CE-5CE0D069ABB2">
<hideElementsInCurrentOnly>false</hideElementsInCurrentOnly>
<lineWidth>1</lineWidth>
</Connector>
</connectors>
</Diagram>