<?xml version = '1.0' encoding = 'UTF-8'?>
<Diagram class="oracle.dbtools.crest.swingui.relational.DPVRelationalSubView" name="Assessment" id="4005F2E4-8D09-D1C8-679E-6995D0BCBF7E">
<createdBy>david.moore</createdBy>
<createdTime>2015-01-12 09:18:02 UTC</createdTime>
<autoRoute>false</autoRoute>
<boxInbox>true</boxInbox>
<showLegend>false</showLegend>
<showLabels>false</showLabels>
<showRelAttributes>false</showRelAttributes>
<showGrid>false</showGrid>
<diagramColor>-1</diagramColor>
<display>false</display>
<notation>1</notation>
<objectViews>
<OView class="oracle.dbtools.crest.swingui.relational.TVTable" oid="0124F3FC-330F-2BCB-AF00-1182A91484C7" otype="Table" vid="B2F9CACB-7C7D-DC40-7E00-8960FCEA7AFE">
<hideElementsInCurrentOnly>false</hideElementsInCurrentOnly>
<bounds x="20" y="1056" width="362" height="276"/>
</OView>
<OView class="oracle.dbtools.crest.swingui.relational.TVTable" oid="035BBD0B-E7B5-3FED-FE8E-FB0C7AD715E1" otype="Table" vid="AC1735AB-79A7-725D-F2DA-78C72278E3D0">
<hideElementsInCurrentOnly>false</hideElementsInCurrentOnly>
<bounds x="940" y="1056" width="398" height="122"/>
</OView>
<OView class="oracle.dbtools.crest.swingui.relational.TVTable" oid="179092F2-D789-0531-5643-FEB7F7123AF3" otype="Table" vid="25F5F063-2061-03FA-B742-95F47093557C">
<hideElementsInCurrentOnly>false</hideElementsInCurrentOnly>
<bounds x="2590" y="1336" width="390" height="136"/>
</OView>
<OView class="oracle.dbtools.crest.swingui.relational.TVTable" oid="24B54966-CE6D-150B-78D2-BF1A5619A4C0" otype="Table" vid="1B4D159A-FAEB-9D4E-0F0A-530530AD1D49">
<hideElementsInCurrentOnly>false</hideElementsInCurrentOnly>
<bounds x="3308" y="594" width="272" height="88"/>
</OView>
<OView class="oracle.dbtools.crest.swingui.relational.TVTable" oid="403C4D88-48A9-B024-0CC0-011DF1F0B226" otype="Table" vid="2194603B-119C-756C-3EB0-4B5120CFD973">
<hideElementsInCurrentOnly>false</hideElementsInCurrentOnly>
<bounds x="1418" y="1056" width="314" height="282"/>
</OView>
<OView class="oracle.dbtools.crest.swingui.relational.TVTable" oid="417161D9-A72A-FD26-D6A6-D099DD249481" otype="Table" vid="9E40F7BF-17B2-2DB5-EC94-FFF7CACB2CE2">
<hideElementsInCurrentOnly>false</hideElementsInCurrentOnly>
<bounds x="462" y="1056" width="398" height="122"/>
</OView>
<OView class="oracle.dbtools.crest.swingui.relational.TVTable" oid="4C3538F0-8D55-723A-A5F9-90D700F9C4EB" otype="Table" vid="D8EF4524-DD12-FD67-B36B-3CF199631F8F">
<hideElementsInCurrentOnly>false</hideElementsInCurrentOnly>
<bounds x="1813" y="1056" width="265" height="74"/>
</OView>
<OView class="oracle.dbtools.crest.swingui.relational.TVTable" oid="4D4E72EB-BB9A-C92E-8E39-54BBE4C0E31D" otype="Table" vid="D656A50B-A578-D096-7945-AB2FA4BEEED0">
<hideElementsInCurrentOnly>false</hideElementsInCurrentOnly>
<bounds x="3308" y="412" width="435" height="122"/>
</OView>
<OView class="oracle.dbtools.crest.swingui.relational.TVTable" oid="4DE91F15-7D6D-E591-6822-8C8697B89DBD" otype="Table" vid="20DF3DF6-FED8-0B33-5B8D-BF5D942F9A13">
<hideElementsInCurrentOnly>false</hideElementsInCurrentOnly>
<bounds x="4013" y="888" width="252" height="136"/>
</OView>
<OView class="oracle.dbtools.crest.swingui.relational.TVTable" oid="4E230294-6733-5A2D-C009-7153D4FED2B0" otype="Table" vid="FD1052FD-CA52-FACA-C279-9CDB8DB07513">
<hideElementsInCurrentOnly>false</hideElementsInCurrentOnly>
<bounds x="2590" y="1098" width="253" height="178"/>
</OView>
<OView class="oracle.dbtools.crest.swingui.relational.TVTable" oid="518F1E60-EED0-77AE-9000-39E39489D3AB" otype="Table" vid="B5833F93-C32A-A908-94CA-C9701041690A">
<hideElementsInCurrentOnly>false</hideElementsInCurrentOnly>
<bounds x="1812" y="706" width="362" height="290"/>
</OView>
<OView class="oracle.dbtools.crest.swingui.relational.TVTable" oid="55C05D71-A195-3CDE-BBC9-A4AE5219309E" otype="Table" vid="9E4F7EA6-7064-1B2E-B65D-E9D4274B10DF">
<hideElementsInCurrentOnly>false</hideElementsInCurrentOnly>
<bounds x="4014" y="1084" width="202" height="74"/>
</OView>
<OView class="oracle.dbtools.crest.swingui.relational.TVTable" oid="60D2AC3D-6527-0F64-5C65-4D2C8BEF0CFD" otype="Table" vid="B2BEEA3B-4CA5-D42F-AF28-C3CA348C374F">
<hideElementsInCurrentOnly>false</hideElementsInCurrentOnly>
<bounds x="3824" y="546" width="326" height="136"/>
</OView>
<OView class="oracle.dbtools.crest.swingui.relational.TVTable" oid="63C4E0F0-AD4B-C73E-3925-963CC265C2A9" otype="Table" vid="F73B7BEF-E635-4DB8-F3C4-DF2D73848319">
<hideElementsInCurrentOnly>false</hideElementsInCurrentOnly>
<bounds x="4576" y="706" width="257" height="74"/>
</OView>
<OView class="oracle.dbtools.crest.swingui.relational.TVTable" oid="69B276F1-5914-E084-D06E-5F2ADAB58255" otype="Table" vid="18C40A52-6660-C6B7-40A0-15402B72CF6C">
<hideElementsInCurrentOnly>false</hideElementsInCurrentOnly>
<bounds x="2254" y="1098" width="255" height="122"/>
</OView>
<OView class="oracle.dbtools.crest.swingui.relational.TVTable" oid="6A7432B9-E176-7360-BB2D-07C76D52D421" otype="Table" vid="CFCE0439-AD22-F1C6-DE09-E5E63329795F">
<hideElementsInCurrentOnly>false</hideElementsInCurrentOnly>
<bounds x="3528" y="888" width="404" height="108"/>
</OView>
<OView class="oracle.dbtools.crest.swingui.relational.TVTable" oid="7745B66B-7D93-273F-5E2E-F55C67C513B2" otype="Table" vid="3A2E4629-6745-4638-6A92-CDFE079AAC59">
<hideElementsInCurrentOnly>false</hideElementsInCurrentOnly>
<bounds x="3823" y="216" width="318" height="136"/>
</OView>
<OView class="oracle.dbtools.crest.swingui.relational.TVTable" oid="81F9C10E-F05E-0362-FED4-30EB62DC60CC" otype="Table" vid="628B86B4-E0EC-F3D5-D293-56AB85F55E16">
<hideElementsInCurrentOnly>false</hideElementsInCurrentOnly>
<bounds x="4012" y="706" width="279" height="122"/>
</OView>
<OView class="oracle.dbtools.crest.swingui.relational.TVTable" oid="8F882B58-48BA-96DA-4943-32147175775C" otype="Table" vid="57D9F633-6BB1-E37D-1635-4D2944244D62">
<hideElementsInCurrentOnly>false</hideElementsInCurrentOnly>
<bounds x="3824" y="412" width="234" height="74"/>
</OView>
<OView class="oracle.dbtools.crest.swingui.relational.TVTable" oid="9E22C17E-35B5-2081-F7F3-1FB77DBE63E4" otype="Table" vid="6BE9B17F-1888-9795-96CB-74069A29761B">
<hideElementsInCurrentOnly>false</hideElementsInCurrentOnly>
<bounds x="3528" y="1056" width="208" height="122"/>
</OView>
<OView class="oracle.dbtools.crest.swingui.relational.TVTable" oid="B0640ECF-0C48-79B6-8468-8AB9AD54AD0C" otype="Table" vid="66ED6303-D1CF-E7A6-A691-392DCC31C22D">
<hideElementsInCurrentOnly>false</hideElementsInCurrentOnly>
<bounds x="4345" y="888" width="231" height="88"/>
</OView>
<OView class="oracle.dbtools.crest.swingui.relational.TVTable" oid="B5E2D5A1-D26B-CED9-5706-63DE1DF79F59" otype="Table" vid="F2F50918-E646-AD6E-7AF5-152443283673">
<hideElementsInCurrentOnly>false</hideElementsInCurrentOnly>
<bounds x="3660" y="1084" width="273" height="122"/>
</OView>
<OView class="oracle.dbtools.crest.swingui.relational.TVTable" oid="BF82BCE1-29D3-39B9-4A7E-79E7ED9E060C" otype="Table" vid="6AD5AED0-F2A5-BA91-A1CD-D9C6811A9CFF">
<hideElementsInCurrentOnly>false</hideElementsInCurrentOnly>
<bounds x="4371" y="20" width="329" height="136"/>
</OView>
<OView class="oracle.dbtools.crest.swingui.relational.TVTable" oid="BFDFB075-AA26-290F-9B6A-A7921C4F880B" otype="Table" vid="ECFA4A4A-391E-120A-D76E-7A177056542F">
<hideElementsInCurrentOnly>false</hideElementsInCurrentOnly>
<bounds x="2254" y="706" width="208" height="74"/>
</OView>
<OView class="oracle.dbtools.crest.swingui.relational.TVTable" oid="CCE45CC5-083D-4B0A-E73F-A5F8CEF94DA8" otype="Table" vid="4E6677AC-FD0C-003D-CAA7-BD6A8F48649E">
<hideElementsInCurrentOnly>false</hideElementsInCurrentOnly>
<bounds x="3823" y="20" width="468" height="136"/>
</OView>
<OView class="oracle.dbtools.crest.swingui.relational.TVTable" oid="DC538014-32DE-6DDB-2E53-78AAA4F2416B" otype="Table" vid="941EF67D-BB32-9D42-3FE9-6BBAB5848999">
<hideElementsInCurrentOnly>false</hideElementsInCurrentOnly>
<bounds x="3009" y="1084" width="250" height="122"/>
</OView>
<OView class="oracle.dbtools.crest.swingui.relational.TVTable" oid="EAEA76EB-AC63-58F4-8A33-DF145523B642" otype="Table" vid="F02589D5-3A49-B688-8E79-95985EE19313">
<hideElementsInCurrentOnly>false</hideElementsInCurrentOnly>
<bounds x="2589" y="888" width="340" height="150"/>
</OView>
<OView class="oracle.dbtools.crest.swingui.relational.TVTable" oid="F38047DF-7F96-6448-79D3-2117BE2714A7" otype="Table" vid="509F1947-6689-B4B9-930C-F309DDECEFFE">
<hideElementsInCurrentOnly>false</hideElementsInCurrentOnly>
<bounds x="3009" y="888" width="439" height="136"/>
</OView>
<OView class="oracle.dbtools.crest.swingui.relational.TVTable" oid="FD738107-EEA4-E1B2-63A2-54A88D33D0E8" otype="Table" vid="9A9B0EED-98E8-C6D1-0AE1-AB22569907AA">
<hideElementsInCurrentOnly>false</hideElementsInCurrentOnly>
<bounds x="4371" y="216" width="340" height="430"/>
</OView>
</objectViews>
<connectors>
<Connector class="oracle.dbtools.crest.swingui.relational.TVFKRelation" oid="0D03C1B7-E7E9-5D8D-2A35-54EB57F27CAA" otype="FKIndexAssociation" vid_source="9A9B0EED-98E8-C6D1-0AE1-AB22569907AA" vid_target="B5833F93-C32A-A908-94CA-C9701041690A">
<hideElementsInCurrentOnly>false</hideElementsInCurrentOnly>
<lineWidth>1</lineWidth>
</Connector>
<Connector class="oracle.dbtools.crest.swingui.relational.TVFKRelation" oid="119098BF-C7D7-CB97-951E-627334251FFE" otype="FKIndexAssociation" vid_source="FD1052FD-CA52-FACA-C279-9CDB8DB07513" vid_target="25F5F063-2061-03FA-B742-95F47093557C">
<hideElementsInCurrentOnly>false</hideElementsInCurrentOnly>
<lineWidth>1</lineWidth>
</Connector>
<Connector class="oracle.dbtools.crest.swingui.relational.TVFKRelation" oid="2013F609-81E9-9030-0D2F-C920E2C9A6DF" otype="FKIndexAssociation" vid_source="20DF3DF6-FED8-0B33-5B8D-BF5D942F9A13" vid_target="628B86B4-E0EC-F3D5-D293-56AB85F55E16">
<hideElementsInCurrentOnly>false</hideElementsInCurrentOnly>
<lineWidth>1</lineWidth>
</Connector>
<Connector class="oracle.dbtools.crest.swingui.relational.TVFKRelation" oid="297998AD-BC35-E518-323E-433D94E96611" otype="FKIndexAssociation" vid_source="57D9F633-6BB1-E37D-1635-4D2944244D62" vid_target="3A2E4629-6745-4638-6A92-CDFE079AAC59">
<hideElementsInCurrentOnly>false</hideElementsInCurrentOnly>
<lineWidth>1</lineWidth>
</Connector>
<Connector class="oracle.dbtools.crest.swingui.relational.TVFKRelation" oid="322D5969-93A8-7D93-90CA-BCD1723BB57E" otype="FKIndexAssociation" vid_source="20DF3DF6-FED8-0B33-5B8D-BF5D942F9A13" vid_target="941EF67D-BB32-9D42-3FE9-6BBAB5848999">
<hideElementsInCurrentOnly>false</hideElementsInCurrentOnly>
<lineWidth>1</lineWidth>
</Connector>
<Connector class="oracle.dbtools.crest.swingui.relational.TVFKRelation" oid="45F4A7F1-80BE-4AA7-9649-946BBFBD1A8B" otype="FKIndexAssociation" vid_source="9E4F7EA6-7064-1B2E-B65D-E9D4274B10DF" vid_target="20DF3DF6-FED8-0B33-5B8D-BF5D942F9A13">
<hideElementsInCurrentOnly>false</hideElementsInCurrentOnly>
<lineWidth>1</lineWidth>
</Connector>
<Connector class="oracle.dbtools.crest.swingui.relational.TVFKRelation" oid="482BA966-CE83-7B5A-040C-48D8B9587A75" otype="FKIndexAssociation" vid_source="941EF67D-BB32-9D42-3FE9-6BBAB5848999" vid_target="509F1947-6689-B4B9-930C-F309DDECEFFE">
<hideElementsInCurrentOnly>false</hideElementsInCurrentOnly>
<lineWidth>1</lineWidth>
</Connector>
<Connector class="oracle.dbtools.crest.swingui.relational.TVFKRelation" oid="4E3EFC83-E61B-ADF1-B293-8FC6B78559F5" otype="FKIndexAssociation" vid_source="9A9B0EED-98E8-C6D1-0AE1-AB22569907AA" vid_target="628B86B4-E0EC-F3D5-D293-56AB85F55E16">
<hideElementsInCurrentOnly>false</hideElementsInCurrentOnly>
<lineWidth>1</lineWidth>
</Connector>
<Connector class="oracle.dbtools.crest.swingui.relational.TVFKRelation" oid="4FCB321E-F415-692F-CCCA-4D86F9449A88" otype="FKIndexAssociation" vid_source="20DF3DF6-FED8-0B33-5B8D-BF5D942F9A13" vid_target="6BE9B17F-1888-9795-96CB-74069A29761B">
<hideElementsInCurrentOnly>false</hideElementsInCurrentOnly>
<lineWidth>1</lineWidth>
</Connector>
<Connector class="oracle.dbtools.crest.swingui.relational.TVFKRelation" oid="599B0084-2DDA-D25A-94EA-D03BCB9129C5" otype="FKIndexAssociation" vid_source="9E4F7EA6-7064-1B2E-B65D-E9D4274B10DF" vid_target="25F5F063-2061-03FA-B742-95F47093557C">
<hideElementsInCurrentOnly>false</hideElementsInCurrentOnly>
<lineWidth>1</lineWidth>
</Connector>
<Connector class="oracle.dbtools.crest.swingui.relational.TVFKRelation" oid="5C208BBE-5316-A717-8401-D21DF1C4E7E5" otype="FKIndexAssociation" vid_source="B5833F93-C32A-A908-94CA-C9701041690A" vid_target="9E40F7BF-17B2-2DB5-EC94-FFF7CACB2CE2">
<hideElementsInCurrentOnly>false</hideElementsInCurrentOnly>
<lineWidth>1</lineWidth>
</Connector>
<Connector class="oracle.dbtools.crest.swingui.relational.TVFKRelation" oid="672569BD-06CF-989C-93A7-E8F8A3286053" otype="FKIndexAssociation" vid_source="B5833F93-C32A-A908-94CA-C9701041690A" vid_target="2194603B-119C-756C-3EB0-4B5120CFD973">
<hideElementsInCurrentOnly>false</hideElementsInCurrentOnly>
<lineWidth>1</lineWidth>
</Connector>
<Connector class="oracle.dbtools.crest.swingui.relational.TVFKRelation" oid="69335A68-777F-0371-3957-91380EFD4A77" otype="FKIndexAssociation" vid_source="ECFA4A4A-391E-120A-D76E-7A177056542F" vid_target="B5833F93-C32A-A908-94CA-C9701041690A">
<hideElementsInCurrentOnly>false</hideElementsInCurrentOnly>
<lineWidth>1</lineWidth>
</Connector>
<Connector class="oracle.dbtools.crest.swingui.relational.TVFKRelation" oid="6A8217C0-7C91-B75D-07F8-269423098238" otype="FKIndexAssociation" vid_source="F73B7BEF-E635-4DB8-F3C4-DF2D73848319" vid_target="9A9B0EED-98E8-C6D1-0AE1-AB22569907AA">
<hideElementsInCurrentOnly>false</hideElementsInCurrentOnly>
<lineWidth>1</lineWidth>
</Connector>
<Connector class="oracle.dbtools.crest.swingui.relational.TVFKRelation" oid="6B6129B3-D909-B2D7-788E-ABC6CF8F74DB" otype="FKIndexAssociation" vid_source="F02589D5-3A49-B688-8E79-95985EE19313" vid_target="18C40A52-6660-C6B7-40A0-15402B72CF6C">
<hideElementsInCurrentOnly>false</hideElementsInCurrentOnly>
<lineWidth>1</lineWidth>
</Connector>
<Connector class="oracle.dbtools.crest.swingui.relational.TVFKRelation" oid="77BC6638-7C0F-DB85-09C5-7724AEAD5F83" otype="FKIndexAssociation" vid_source="3A2E4629-6745-4638-6A92-CDFE079AAC59" vid_target="D656A50B-A578-D096-7945-AB2FA4BEEED0">
<hideElementsInCurrentOnly>false</hideElementsInCurrentOnly>
<lineWidth>1</lineWidth>
</Connector>
<Connector class="oracle.dbtools.crest.swingui.relational.TVFKRelation" oid="8CBCF7E7-20F3-DE08-E67F-E9AC1888ED0F" otype="FKIndexAssociation" vid_source="D8EF4524-DD12-FD67-B36B-3CF199631F8F" vid_target="B5833F93-C32A-A908-94CA-C9701041690A">
<hideElementsInCurrentOnly>false</hideElementsInCurrentOnly>
<lineWidth>1</lineWidth>
</Connector>
<Connector class="oracle.dbtools.crest.swingui.relational.TVFKRelation" oid="8DB4885D-5D7D-A17D-5A6E-E55260F0A2FA" otype="FKIndexAssociation" vid_source="20DF3DF6-FED8-0B33-5B8D-BF5D942F9A13" vid_target="F2F50918-E646-AD6E-7AF5-152443283673">
<hideElementsInCurrentOnly>false</hideElementsInCurrentOnly>
<lineWidth>1</lineWidth>
</Connector>
<Connector class="oracle.dbtools.crest.swingui.relational.TVFKRelation" oid="90A9B736-2F49-0DD5-681F-8C70715E371D" otype="FKIndexAssociation" vid_source="B5833F93-C32A-A908-94CA-C9701041690A" vid_target="AC1735AB-79A7-725D-F2DA-78C72278E3D0">
<hideElementsInCurrentOnly>false</hideElementsInCurrentOnly>
<lineWidth>1</lineWidth>
</Connector>
<Connector class="oracle.dbtools.crest.swingui.relational.TVFKRelation" oid="B015443F-0B43-15CE-8442-5747DA57494B" otype="FKIndexAssociation" vid_source="57D9F633-6BB1-E37D-1635-4D2944244D62" vid_target="B2BEEA3B-4CA5-D42F-AF28-C3CA348C374F">
<hideElementsInCurrentOnly>false</hideElementsInCurrentOnly>
<lineWidth>1</lineWidth>
</Connector>
<Connector class="oracle.dbtools.crest.swingui.relational.TVFKRelation" oid="B1106D17-B7E5-2DBB-9A29-6D838D5467BF" otype="FKIndexAssociation" vid_source="9A9B0EED-98E8-C6D1-0AE1-AB22569907AA" vid_target="6AD5AED0-F2A5-BA91-A1CD-D9C6811A9CFF">
<hideElementsInCurrentOnly>false</hideElementsInCurrentOnly>
<lineWidth>1</lineWidth>
</Connector>
<Connector class="oracle.dbtools.crest.swingui.relational.TVFKRelation" oid="B80FC507-D3FE-1581-EB10-07856D0E4F44" otype="FKIndexAssociation" vid_source="FD1052FD-CA52-FACA-C279-9CDB8DB07513" vid_target="F02589D5-3A49-B688-8E79-95985EE19313">
<hideElementsInCurrentOnly>false</hideElementsInCurrentOnly>
<lineWidth>1</lineWidth>
</Connector>
<Connector class="oracle.dbtools.crest.swingui.relational.TVFKRelation" oid="C7895096-0ED9-1B0C-2819-784869B4C252" otype="FKIndexAssociation" vid_source="20DF3DF6-FED8-0B33-5B8D-BF5D942F9A13" vid_target="B2F9CACB-7C7D-DC40-7E00-8960FCEA7AFE">
<hideElementsInCurrentOnly>false</hideElementsInCurrentOnly>
<lineWidth>1</lineWidth>
</Connector>
<Connector class="oracle.dbtools.crest.swingui.relational.TVFKRelation" oid="CEAACA57-3D73-4CFC-8627-2E884E90CACF" otype="FKIndexAssociation" vid_source="1B4D159A-FAEB-9D4E-0F0A-530530AD1D49" vid_target="D656A50B-A578-D096-7945-AB2FA4BEEED0">
<hideElementsInCurrentOnly>false</hideElementsInCurrentOnly>
<lineWidth>1</lineWidth>
</Connector>
<Connector class="oracle.dbtools.crest.swingui.relational.TVFKRelation" oid="D08FF5A9-9D72-056F-8DEB-285C3EB23CBE" otype="FKIndexAssociation" vid_source="B5833F93-C32A-A908-94CA-C9701041690A" vid_target="B2F9CACB-7C7D-DC40-7E00-8960FCEA7AFE">
<hideElementsInCurrentOnly>false</hideElementsInCurrentOnly>
<lineWidth>1</lineWidth>
</Connector>
<Connector class="oracle.dbtools.crest.swingui.relational.TVFKRelation" oid="D326133B-150C-E425-AF8B-15A612182029" otype="FKIndexAssociation" vid_source="6AD5AED0-F2A5-BA91-A1CD-D9C6811A9CFF" vid_target="4E6677AC-FD0C-003D-CAA7-BD6A8F48649E">
<hideElementsInCurrentOnly>false</hideElementsInCurrentOnly>
<lineWidth>1</lineWidth>
</Connector>
<Connector class="oracle.dbtools.crest.swingui.relational.TVFKRelation" oid="DD53B9CD-FA61-06ED-7BA2-D7FA41EC8D22" otype="FKIndexAssociation" vid_source="628B86B4-E0EC-F3D5-D293-56AB85F55E16" vid_target="CFCE0439-AD22-F1C6-DE09-E5E63329795F">
<hideElementsInCurrentOnly>false</hideElementsInCurrentOnly>
<lineWidth>1</lineWidth>
</Connector>
<Connector class="oracle.dbtools.crest.swingui.relational.TVFKRelation" oid="E0DA1B70-1735-496C-D15D-711767E00BA9" otype="FKIndexAssociation" vid_source="628B86B4-E0EC-F3D5-D293-56AB85F55E16" vid_target="F02589D5-3A49-B688-8E79-95985EE19313">
<hideElementsInCurrentOnly>false</hideElementsInCurrentOnly>
<lineWidth>1</lineWidth>
</Connector>
<Connector class="oracle.dbtools.crest.swingui.relational.TVFKRelation" oid="EAE35974-9435-2405-2F69-C7F333E32B07" otype="FKIndexAssociation" vid_source="6BE9B17F-1888-9795-96CB-74069A29761B" vid_target="CFCE0439-AD22-F1C6-DE09-E5E63329795F">
<hideElementsInCurrentOnly>false</hideElementsInCurrentOnly>
<lineWidth>1</lineWidth>
</Connector>
<Connector class="oracle.dbtools.crest.swingui.relational.TVFKRelation" oid="EF769F95-F83C-3E78-4B14-3BB8197DD276" otype="FKIndexAssociation" vid_source="57D9F633-6BB1-E37D-1635-4D2944244D62" vid_target="6AD5AED0-F2A5-BA91-A1CD-D9C6811A9CFF">
<hideElementsInCurrentOnly>false</hideElementsInCurrentOnly>
<lineWidth>1</lineWidth>
</Connector>
<Connector class="oracle.dbtools.crest.swingui.relational.TVFKRelation" oid="F1EB7C3E-645A-77D5-DDDE-1CDC4FD97635" otype="FKIndexAssociation" vid_source="3A2E4629-6745-4638-6A92-CDFE079AAC59" vid_target="4E6677AC-FD0C-003D-CAA7-BD6A8F48649E">
<hideElementsInCurrentOnly>false</hideElementsInCurrentOnly>
<lineWidth>1</lineWidth>
</Connector>
<Connector class="oracle.dbtools.crest.swingui.relational.TVFKRelation" oid="F76348B2-ECC1-5CFF-611E-5BFF17163849" otype="FKIndexAssociation" vid_source="628B86B4-E0EC-F3D5-D293-56AB85F55E16" vid_target="509F1947-6689-B4B9-930C-F309DDECEFFE">
<hideElementsInCurrentOnly>false</hideElementsInCurrentOnly>
<lineWidth>1</lineWidth>
</Connector>
<Connector class="oracle.dbtools.crest.swingui.relational.TVFKRelation" oid="FB639304-A3BA-31AA-4E7D-DAFCF85AE670" otype="FKIndexAssociation" vid_source="66ED6303-D1CF-E7A6-A691-392DCC31C22D" vid_target="20DF3DF6-FED8-0B33-5B8D-BF5D942F9A13">
<hideElementsInCurrentOnly>false</hideElementsInCurrentOnly>
<lineWidth>1</lineWidth>
</Connector>
</connectors>
</Diagram>