<?xml version = '1.0' encoding = 'UTF-8'?>
<Diagram class="oracle.dbtools.crest.swingui.relational.DPVRelationalSubView" name="Audit" id="5D7FC922-158A-5FF0-3E8C-97B52302714A">
<createdBy>david.moore</createdBy>
<createdTime>2015-01-12 09:18:02 UTC</createdTime>
<autoRoute>false</autoRoute>
<boxInbox>true</boxInbox>
<showLegend>false</showLegend>
<showLabels>false</showLabels>
<showRelAttributes>false</showRelAttributes>
<showGrid>false</showGrid>
<diagramColor>-1</diagramColor>
<display>false</display>
<notation>1</notation>
<objectViews>
<OView class="oracle.dbtools.crest.swingui.relational.TVTable" oid="5EAFE0C3-17B6-0779-C1ED-4F6BF12C3CDC" otype="Table" vid="93966A16-17EF-DABE-3AF8-24EE99299C69">
<hideElementsInCurrentOnly>false</hideElementsInCurrentOnly>
<bounds x="20" y="20" width="210" height="136"/>
</OView>
<OView class="oracle.dbtools.crest.swingui.relational.TVTable" oid="9F5EB80B-C07B-F469-25C9-9118A9AC0552" otype="Table" vid="EAAD0632-5393-2BE8-054B-2AC2ABBD1CB4">
<hideElementsInCurrentOnly>false</hideElementsInCurrentOnly>
<bounds x="20" y="216" width="208" height="164"/>
</OView>
<OView class="oracle.dbtools.crest.swingui.relational.TVTable" oid="D4A2C06F-2538-E333-64E3-72B221DB6382" otype="Table" vid="BCEDFD6D-64C3-D723-441D-2F21180C7090">
<hideElementsInCurrentOnly>false</hideElementsInCurrentOnly>
<bounds x="20" y="440" width="185" height="74"/>
</OView>
</objectViews>
<connectors>
<Connector class="oracle.dbtools.crest.swingui.relational.TVFKRelation" oid="A00FA5D7-5C83-E8E8-FAE1-86E197D81BD8" otype="FKIndexAssociation" vid_source="BCEDFD6D-64C3-D723-441D-2F21180C7090" vid_target="EAAD0632-5393-2BE8-054B-2AC2ABBD1CB4">
<hideElementsInCurrentOnly>false</hideElementsInCurrentOnly>
<lineWidth>1</lineWidth>
</Connector>
<Connector class="oracle.dbtools.crest.swingui.relational.TVFKRelation" oid="F5DDE4E7-ECF6-2BAD-9F8F-CB9324438351" otype="FKIndexAssociation" vid_source="EAAD0632-5393-2BE8-054B-2AC2ABBD1CB4" vid_target="93966A16-17EF-DABE-3AF8-24EE99299C69">
<hideElementsInCurrentOnly>false</hideElementsInCurrentOnly>
<lineWidth>1</lineWidth>
</Connector>
</connectors>
</Diagram>