<?xml version = '1.0' encoding = 'UTF-8'?>
<Diagram class="oracle.dbtools.crest.swingui.relational.DPVRelationalSubView" name="dbo" id="686214DC-1989-7A59-2C35-AB8355244452">
<createdBy>david.moore</createdBy>
<createdTime>2015-01-12 09:18:02 UTC</createdTime>
<autoRoute>false</autoRoute>
<boxInbox>true</boxInbox>
<showLegend>false</showLegend>
<showLabels>false</showLabels>
<showRelAttributes>false</showRelAttributes>
<showGrid>false</showGrid>
<diagramColor>-1</diagramColor>
<display>false</display>
<notation>1</notation>
<objectViews>
<OView class="oracle.dbtools.crest.swingui.relational.TVTable" oid="0458F7E2-F0DA-B61A-760A-40A8DB0CE92D" otype="Table" vid="95D5CEA8-2CA2-88F2-C107-CF208149F837">
<hideElementsInCurrentOnly>false</hideElementsInCurrentOnly>
<bounds x="306" y="3287" width="221" height="186"/>
</OView>
<OView class="oracle.dbtools.crest.swingui.relational.TVTable" oid="1CF78A81-8DD4-501D-1987-0A0BB4A6CF54" otype="Table" vid="67BC3836-2A9B-FFAA-627C-2110FFA221B7">
<hideElementsInCurrentOnly>false</hideElementsInCurrentOnly>
<bounds x="1200" y="20" width="249" height="144"/>
</OView>
<OView class="oracle.dbtools.crest.swingui.relational.TVTable" oid="2659EEDF-F97C-345F-9927-6EE1A3B416AA" otype="Table" vid="59DE4954-9B0F-56EE-0DEE-E97D5C8637D7">
<hideElementsInCurrentOnly>false</hideElementsInCurrentOnly>
<bounds x="458" y="1056" width="262" height="144"/>
</OView>
<OView class="oracle.dbtools.crest.swingui.relational.TVTable" oid="290441AA-C13B-CEFD-A14B-1C322B97397E" otype="Table" vid="3779581A-7B1E-3364-5ACB-12F2E9B464B0">
<hideElementsInCurrentOnly>false</hideElementsInCurrentOnly>
<bounds x="20" y="2327" width="383" height="122"/>
</OView>
<OView class="oracle.dbtools.crest.swingui.relational.TVTable" oid="6BF55C54-4F84-AFB9-5147-3510E2CC29F8" otype="Table" vid="C6990A8D-EE98-34E2-E7A7-D5EB2AD663EB">
<hideElementsInCurrentOnly>false</hideElementsInCurrentOnly>
<bounds x="20" y="2629" width="277" height="130"/>
</OView>
<OView class="oracle.dbtools.crest.swingui.relational.TVTable" oid="71A1FFB7-2BC2-1E55-531C-7FE129BEBED7" otype="Table" vid="8433EEC8-62B5-1BBD-F420-2C65CC97703B">
<hideElementsInCurrentOnly>false</hideElementsInCurrentOnly>
<bounds x="577" y="3287" width="253" height="262"/>
</OView>
<OView class="oracle.dbtools.crest.swingui.relational.TVTable" oid="775A6D80-C5F4-109E-227B-829FDC74533C" otype="Table" vid="DADF2C51-6358-A7CB-93FA-B2EB74B0AE6D">
<hideElementsInCurrentOnly>false</hideElementsInCurrentOnly>
<bounds x="442" y="20" width="272" height="276"/>
</OView>
<OView class="oracle.dbtools.crest.swingui.relational.TVTable" oid="7DF803F5-F9DD-9555-088B-5558B5CB7C2B" otype="Table" vid="B2A191C4-F49E-5CFC-EB1A-70A5199338E5">
<hideElementsInCurrentOnly>false</hideElementsInCurrentOnly>
<bounds x="347" y="2629" width="366" height="508"/>
</OView>
<OView class="oracle.dbtools.crest.swingui.relational.TVTable" oid="81631FD0-DB87-1E1F-3015-539722AA4C6F" otype="Table" vid="A139CCBD-FD07-7093-A616-66A0941A2A67">
<hideElementsInCurrentOnly>false</hideElementsInCurrentOnly>
<bounds x="20" y="2165" width="261" height="102"/>
</OView>
<OView class="oracle.dbtools.crest.swingui.relational.TVTable" oid="880EE418-E756-633D-F2F7-948585494623" otype="Table" vid="DF307EA6-DDF5-E311-F770-C5EC1753BF98">
<hideElementsInCurrentOnly>false</hideElementsInCurrentOnly>
<bounds x="1090" y="2629" width="208" height="110"/>
</OView>
<OView class="oracle.dbtools.crest.swingui.relational.TVTable" oid="88A3D0F7-2ED3-5182-8120-9E37C7F2F100" otype="Table" vid="F386CFB1-F65A-48C9-4293-45298163C316">
<hideElementsInCurrentOnly>false</hideElementsInCurrentOnly>
<bounds x="20" y="1224" width="250" height="186"/>
</OView>
<OView class="oracle.dbtools.crest.swingui.relational.TVTable" oid="8A519D64-E14F-8252-3BB1-F86CF39D4168" otype="Table" vid="6107FF99-E66F-00D5-7351-B8585C6AAA3E">
<hideElementsInCurrentOnly>false</hideElementsInCurrentOnly>
<bounds x="800" y="20" width="320" height="562"/>
</OView>
<OView class="oracle.dbtools.crest.swingui.relational.TVTable" oid="8C8531C0-3251-9F7F-3714-37AD404A4DA5" otype="Table" vid="C5FA5FA9-291B-24B9-42E1-217303DC0319">
<hideElementsInCurrentOnly>false</hideElementsInCurrentOnly>
<bounds x="763" y="2629" width="277" height="164"/>
</OView>
<OView class="oracle.dbtools.crest.swingui.relational.TVTable" oid="9FA5E6BA-99C3-A5A9-E85A-5345E6C14F6A" otype="Table" vid="EB18C3B5-0A0D-F6AE-26C6-C9C37F064325">
<hideElementsInCurrentOnly>false</hideElementsInCurrentOnly>
<bounds x="20" y="1056" width="342" height="108"/>
</OView>
<OView class="oracle.dbtools.crest.swingui.relational.TVTable" oid="A1E0515A-83DA-B764-29BF-0920E7800B14" otype="Table" vid="85B9DFA4-B918-9DAE-1BB1-515E5BF0CF8F">
<hideElementsInCurrentOnly>false</hideElementsInCurrentOnly>
<bounds x="800" y="642" width="324" height="108"/>
</OView>
<OView class="oracle.dbtools.crest.swingui.relational.TVTable" oid="A7E0E2AA-B1CC-CEA4-59DF-63101E5BA245" otype="Table" vid="D11D1405-9BC7-BC72-8ECB-394402103900">
<hideElementsInCurrentOnly>false</hideElementsInCurrentOnly>
<bounds x="1204" y="642" width="357" height="108"/>
</OView>
<OView class="oracle.dbtools.crest.swingui.relational.TVTable" oid="B1EBC82C-ACE8-19E3-33D8-7BEBD4AFD89B" otype="Table" vid="74419CE1-D56B-5843-C4A5-2D5648DEFCAD">
<hideElementsInCurrentOnly>false</hideElementsInCurrentOnly>
<bounds x="20" y="1591" width="305" height="220"/>
</OView>
<OView class="oracle.dbtools.crest.swingui.relational.TVTable" oid="B61BA2E3-E195-0957-D57B-D194CD847EEE" otype="Table" vid="17E58907-882F-D0CA-DCDD-F8F4CD39DD92">
<hideElementsInCurrentOnly>false</hideElementsInCurrentOnly>
<bounds x="20" y="1871" width="310" height="234"/>
</OView>
<OView class="oracle.dbtools.crest.swingui.relational.TVTable" oid="C8D16E71-3BA6-E5C1-3003-66A6D96B8C92" otype="Table" vid="E50FF36C-B1C0-186C-B207-D77AA4FAF580">
<hideElementsInCurrentOnly>false</hideElementsInCurrentOnly>
<bounds x="405" y="1591" width="237" height="172"/>
</OView>
<OView class="oracle.dbtools.crest.swingui.relational.TVTable" oid="F49EFF79-FF7C-954C-36E5-2FA2D01EB113" otype="Table" vid="ACA66122-400A-D2F2-C63F-A4BF8D9369F1">
<hideElementsInCurrentOnly>false</hideElementsInCurrentOnly>
<bounds x="20" y="3287" width="236" height="124"/>
</OView>
<OView class="oracle.dbtools.crest.swingui.relational.TVTable" oid="FCEB9247-B09D-98F2-9DC6-2A47190C8F39" otype="Table" vid="BEBF43C3-BED7-EBC7-6CFF-C0806182FA21">
<hideElementsInCurrentOnly>false</hideElementsInCurrentOnly>
<bounds x="442" y="356" width="270" height="640"/>
</OView>
</objectViews>
<connectors>
<Connector class="oracle.dbtools.crest.swingui.relational.TVFKRelation" oid="09514162-FE7C-2827-2013-4A4C91DFE842" otype="FKIndexAssociation" vid_source="6107FF99-E66F-00D5-7351-B8585C6AAA3E" vid_target="D11D1405-9BC7-BC72-8ECB-394402103900">
<hideElementsInCurrentOnly>false</hideElementsInCurrentOnly>
<lineWidth>1</lineWidth>
</Connector>
<Connector class="oracle.dbtools.crest.swingui.relational.TVFKRelation" oid="20F15308-75D0-4428-95B8-03C86A4FE52A" otype="FKIndexAssociation" vid_source="E50FF36C-B1C0-186C-B207-D77AA4FAF580" vid_target="74419CE1-D56B-5843-C4A5-2D5648DEFCAD">
<hideElementsInCurrentOnly>false</hideElementsInCurrentOnly>
<lineWidth>1</lineWidth>
</Connector>
<Connector class="oracle.dbtools.crest.swingui.relational.TVFKRelation" oid="21B6872D-D462-BEF9-31E8-8C34786EE3F0" otype="FKIndexAssociation" vid_source="F386CFB1-F65A-48C9-4293-45298163C316" vid_target="EB18C3B5-0A0D-F6AE-26C6-C9C37F064325">
<hideElementsInCurrentOnly>false</hideElementsInCurrentOnly>
<lineWidth>1</lineWidth>
</Connector>
<Connector class="oracle.dbtools.crest.swingui.relational.TVFKRelation" oid="3B8B4CB1-E742-F5FD-6743-6B27C364B8F0" otype="FKIndexAssociation" vid_source="F386CFB1-F65A-48C9-4293-45298163C316" vid_target="85B9DFA4-B918-9DAE-1BB1-515E5BF0CF8F">
<hideElementsInCurrentOnly>false</hideElementsInCurrentOnly>
<lineWidth>1</lineWidth>
</Connector>
<Connector class="oracle.dbtools.crest.swingui.relational.TVFKRelation" oid="4A323EE4-496D-FD2A-BBA3-D5D10F708B9E" otype="FKIndexAssociation" vid_source="A139CCBD-FD07-7093-A616-66A0941A2A67" vid_target="17E58907-882F-D0CA-DCDD-F8F4CD39DD92">
<hideElementsInCurrentOnly>false</hideElementsInCurrentOnly>
<lineWidth>1</lineWidth>
</Connector>
<Connector class="oracle.dbtools.crest.swingui.relational.TVFKRelation" oid="53814958-EFBF-24CB-B8AE-A10F3CB6E6B4" otype="FKIndexAssociation" vid_source="6107FF99-E66F-00D5-7351-B8585C6AAA3E" vid_target="DADF2C51-6358-A7CB-93FA-B2EB74B0AE6D">
<hideElementsInCurrentOnly>false</hideElementsInCurrentOnly>
<lineWidth>1</lineWidth>
</Connector>
<Connector class="oracle.dbtools.crest.swingui.relational.TVFKRelation" oid="6C42FEC0-7DBE-53DE-C73E-237EA9627DDD" otype="FKIndexAssociation" vid_source="BEBF43C3-BED7-EBC7-6CFF-C0806182FA21" vid_target="EB18C3B5-0A0D-F6AE-26C6-C9C37F064325">
<hideElementsInCurrentOnly>false</hideElementsInCurrentOnly>
<lineWidth>1</lineWidth>
</Connector>
<Connector class="oracle.dbtools.crest.swingui.relational.TVFKRelation" oid="8635D60A-EDE3-4E00-DF1E-910221B825DF" otype="FKIndexAssociation" vid_source="BEBF43C3-BED7-EBC7-6CFF-C0806182FA21" vid_target="DADF2C51-6358-A7CB-93FA-B2EB74B0AE6D">
<hideElementsInCurrentOnly>false</hideElementsInCurrentOnly>
<lineWidth>1</lineWidth>
</Connector>
<Connector class="oracle.dbtools.crest.swingui.relational.TVFKRelation" oid="87735176-929C-82FA-A63D-FBD35E2A4153" otype="FKIndexAssociation" vid_source="17E58907-882F-D0CA-DCDD-F8F4CD39DD92" vid_target="74419CE1-D56B-5843-C4A5-2D5648DEFCAD">
<hideElementsInCurrentOnly>false</hideElementsInCurrentOnly>
<lineWidth>1</lineWidth>
</Connector>
<Connector class="oracle.dbtools.crest.swingui.relational.TVFKRelation" oid="89C56911-9475-9053-05D6-8D9CC726991C" otype="FKIndexAssociation" vid_source="BEBF43C3-BED7-EBC7-6CFF-C0806182FA21" vid_target="BEBF43C3-BED7-EBC7-6CFF-C0806182FA21">
<hideElementsInCurrentOnly>false</hideElementsInCurrentOnly>
<lineWidth>1</lineWidth>
</Connector>
<Connector class="oracle.dbtools.crest.swingui.relational.TVFKRelation" oid="C95D5D01-0DCA-5424-E14A-303AE3E0A211" otype="FKIndexAssociation" vid_source="A139CCBD-FD07-7093-A616-66A0941A2A67" vid_target="3779581A-7B1E-3364-5ACB-12F2E9B464B0">
<hideElementsInCurrentOnly>false</hideElementsInCurrentOnly>
<lineWidth>1</lineWidth>
</Connector>
<Connector class="oracle.dbtools.crest.swingui.relational.TVFKRelation" oid="D11E821A-9D32-C25D-9CAA-E70228840935" otype="FKIndexAssociation" vid_source="BEBF43C3-BED7-EBC7-6CFF-C0806182FA21" vid_target="DADF2C51-6358-A7CB-93FA-B2EB74B0AE6D">
<hideElementsInCurrentOnly>false</hideElementsInCurrentOnly>
<lineWidth>1</lineWidth>
</Connector>
<Connector class="oracle.dbtools.crest.swingui.relational.TVFKRelation" oid="D2F40982-7571-365D-9B1B-838CF15B36B7" otype="FKIndexAssociation" vid_source="F386CFB1-F65A-48C9-4293-45298163C316" vid_target="D11D1405-9BC7-BC72-8ECB-394402103900">
<hideElementsInCurrentOnly>false</hideElementsInCurrentOnly>
<lineWidth>1</lineWidth>
</Connector>
<Connector class="oracle.dbtools.crest.swingui.relational.TVFKRelation" oid="EA9DB983-51C9-65F9-036C-F9391922B885" otype="FKIndexAssociation" vid_source="59DE4954-9B0F-56EE-0DEE-E97D5C8637D7" vid_target="BEBF43C3-BED7-EBC7-6CFF-C0806182FA21">
<hideElementsInCurrentOnly>false</hideElementsInCurrentOnly>
<lineWidth>1</lineWidth>
</Connector>
<Connector class="oracle.dbtools.crest.swingui.relational.TVFKRelation" oid="F4C08CEC-92AD-C982-D0AE-EAA77C40412B" otype="FKIndexAssociation" vid_source="67BC3836-2A9B-FFAA-627C-2110FFA221B7" vid_target="6107FF99-E66F-00D5-7351-B8585C6AAA3E">
<hideElementsInCurrentOnly>false</hideElementsInCurrentOnly>
<lineWidth>1</lineWidth>
</Connector>
<Connector class="oracle.dbtools.crest.swingui.relational.TVFKRelation" oid="F763486F-C1A7-2172-C0FE-F95064D3B7C3" otype="FKIndexAssociation" vid_source="6107FF99-E66F-00D5-7351-B8585C6AAA3E" vid_target="85B9DFA4-B918-9DAE-1BB1-515E5BF0CF8F">
<hideElementsInCurrentOnly>false</hideElementsInCurrentOnly>
<lineWidth>1</lineWidth>
</Connector>
</connectors>
</Diagram>