<?xml version = '1.0' encoding = 'UTF-8'?>
<Diagram class="oracle.dbtools.crest.swingui.relational.DPVRelationalSubView" name="Clinic" id="754CC5AC-0AB7-206A-8AF6-459E757DCCE9">
<createdBy>david.moore</createdBy>
<createdTime>2015-01-12 09:18:02 UTC</createdTime>
<autoRoute>false</autoRoute>
<boxInbox>true</boxInbox>
<showLegend>false</showLegend>
<showLabels>false</showLabels>
<showRelAttributes>false</showRelAttributes>
<showGrid>false</showGrid>
<diagramColor>-1</diagramColor>
<display>false</display>
<notation>1</notation>
<objectViews>
<OView class="oracle.dbtools.crest.swingui.relational.TVTable" oid="09268D0E-CF51-623C-6A7B-338D7D7FE10A" otype="Table" vid="80AF7E65-D381-64A9-2D52-6C051B5A20E1">
<hideElementsInCurrentOnly>false</hideElementsInCurrentOnly>
<bounds x="525" y="672" width="337" height="122"/>
</OView>
<OView class="oracle.dbtools.crest.swingui.relational.TVTable" oid="339E18E9-CDF2-80DE-55F6-C2024FB29224" otype="Table" vid="1793F63A-39C7-B536-EAF4-77F221F285AE">
<hideElementsInCurrentOnly>false</hideElementsInCurrentOnly>
<bounds x="525" y="20" width="249" height="592"/>
</OView>
<OView class="oracle.dbtools.crest.swingui.relational.TVTable" oid="35739238-3CA9-84A0-85F7-668B98DCB1A7" otype="Table" vid="C6E662EC-E158-D957-B951-A06E203E53AD">
<hideElementsInCurrentOnly>false</hideElementsInCurrentOnly>
<bounds x="20" y="910" width="302" height="158"/>
</OView>
<OView class="oracle.dbtools.crest.swingui.relational.TVTable" oid="55EB61A2-1775-F1A3-4393-7736AD08B179" otype="Table" vid="18E254D6-7117-4FAE-F350-5EE9A20BB073">
<hideElementsInCurrentOnly>false</hideElementsInCurrentOnly>
<bounds x="20" y="202" width="273" height="466"/>
</OView>
<OView class="oracle.dbtools.crest.swingui.relational.TVTable" oid="5D88B64B-9920-62E9-88B6-2E4A8538F118" otype="Table" vid="28E7F11F-920B-C4AE-72F7-62D9B6D7D6CB">
<hideElementsInCurrentOnly>false</hideElementsInCurrentOnly>
<bounds x="20" y="20" width="309" height="122"/>
</OView>
<OView class="oracle.dbtools.crest.swingui.relational.TVTable" oid="EAF53EF9-F75C-5DEE-E17F-9FBAB5FFA6B6" otype="Table" vid="AB1B063A-EEA0-548C-B621-3A1820967CE0">
<hideElementsInCurrentOnly>false</hideElementsInCurrentOnly>
<bounds x="20" y="728" width="344" height="122"/>
</OView>
</objectViews>
<connectors>
<Connector class="oracle.dbtools.crest.swingui.relational.TVFKRelation" oid="2F542CD6-1EEE-51BE-4405-3034D3F8008D" otype="FKIndexAssociation" vid_source="18E254D6-7117-4FAE-F350-5EE9A20BB073" vid_target="28E7F11F-920B-C4AE-72F7-62D9B6D7D6CB">
<hideElementsInCurrentOnly>false</hideElementsInCurrentOnly>
<lineWidth>1</lineWidth>
</Connector>
<Connector class="oracle.dbtools.crest.swingui.relational.TVFKRelation" oid="767D4DA4-FF93-5C9F-9FB1-EB12A021F3BF" otype="FKIndexAssociation" vid_source="18E254D6-7117-4FAE-F350-5EE9A20BB073" vid_target="AB1B063A-EEA0-548C-B621-3A1820967CE0">
<hideElementsInCurrentOnly>false</hideElementsInCurrentOnly>
<lineWidth>1</lineWidth>
</Connector>
<Connector class="oracle.dbtools.crest.swingui.relational.TVFKRelation" oid="82950AC1-229D-2C73-0D9C-3ABFD819AEA1" otype="FKIndexAssociation" vid_source="C6E662EC-E158-D957-B951-A06E203E53AD" vid_target="AB1B063A-EEA0-548C-B621-3A1820967CE0">
<hideElementsInCurrentOnly>false</hideElementsInCurrentOnly>
<lineWidth>1</lineWidth>
</Connector>
<Connector class="oracle.dbtools.crest.swingui.relational.TVFKRelation" oid="9CEEFC1A-9716-5DFE-F3B1-58802C000C7E" otype="FKIndexAssociation" vid_source="1793F63A-39C7-B536-EAF4-77F221F285AE" vid_target="80AF7E65-D381-64A9-2D52-6C051B5A20E1">
<hideElementsInCurrentOnly>false</hideElementsInCurrentOnly>
<lineWidth>1</lineWidth>
</Connector>
<Connector class="oracle.dbtools.crest.swingui.relational.TVFKRelation" oid="DBBD0D29-D631-FE2A-45BE-379FD607C5D6" otype="FKIndexAssociation" vid_source="1793F63A-39C7-B536-EAF4-77F221F285AE" vid_target="28E7F11F-920B-C4AE-72F7-62D9B6D7D6CB">
<hideElementsInCurrentOnly>false</hideElementsInCurrentOnly>
<lineWidth>1</lineWidth>
</Connector>
<Connector class="oracle.dbtools.crest.swingui.relational.TVFKRelation" oid="E2BF5184-545D-2293-1AD8-235F3F900544" otype="FKIndexAssociation" vid_source="C6E662EC-E158-D957-B951-A06E203E53AD" vid_target="80AF7E65-D381-64A9-2D52-6C051B5A20E1">
<hideElementsInCurrentOnly>false</hideElementsInCurrentOnly>
<lineWidth>1</lineWidth>
</Connector>
</connectors>
</Diagram>