<?xml version = '1.0' encoding = 'UTF-8'?>
<Diagram class="oracle.dbtools.crest.swingui.relational.DPVRelationalSubView" name="Referral" id="BBB3179D-AD2C-4ED9-E729-C157CA83FDAF">
<createdBy>david.moore</createdBy>
<createdTime>2015-01-12 09:18:02 UTC</createdTime>
<autoRoute>false</autoRoute>
<boxInbox>true</boxInbox>
<showLegend>false</showLegend>
<showLabels>false</showLabels>
<showRelAttributes>false</showRelAttributes>
<showGrid>false</showGrid>
<diagramColor>-1</diagramColor>
<display>false</display>
<notation>1</notation>
<objectViews>
<OView class="oracle.dbtools.crest.swingui.relational.TVTable" oid="0112681C-B130-80E9-2D01-E8A5E39E0ACE" otype="Table" vid="8044254C-B7DA-DC93-17C6-A18550AD75A4">
<hideElementsInCurrentOnly>false</hideElementsInCurrentOnly>
<bounds x="20" y="454" width="264" height="430"/>
</OView>
<OView class="oracle.dbtools.crest.swingui.relational.TVTable" oid="039EBE50-9D5B-980B-FE68-691BBE22A75E" otype="Table" vid="E0CF3ED3-2C5D-508E-CF43-31CE0DB88487">
<hideElementsInCurrentOnly>false</hideElementsInCurrentOnly>
<bounds x="20" y="944" width="286" height="108"/>
</OView>
<OView class="oracle.dbtools.crest.swingui.relational.TVTable" oid="2286B093-A983-286B-E1EF-901EDD1FA4D1" otype="Table" vid="00B7023E-9BAD-900B-595E-020CCB58BA94">
<hideElementsInCurrentOnly>false</hideElementsInCurrentOnly>
<bounds x="406" y="20" width="294" height="172"/>
</OView>
<OView class="oracle.dbtools.crest.swingui.relational.TVTable" oid="3B6B5804-C87A-1355-DEE1-4E75AB67F72A" otype="Table" vid="004675BD-2905-00C5-DE29-FB4F8BB85527">
<hideElementsInCurrentOnly>false</hideElementsInCurrentOnly>
<bounds x="20" y="1172" width="267" height="122"/>
</OView>
<OView class="oracle.dbtools.crest.swingui.relational.TVTable" oid="41BDEA63-1F2A-2DD2-50AE-B8A6B606C1B2" otype="Table" vid="F6BAF49E-9406-D89B-A732-8DA2022927AD">
<hideElementsInCurrentOnly>false</hideElementsInCurrentOnly>
<bounds x="20" y="20" width="306" height="374"/>
</OView>
<OView class="oracle.dbtools.crest.swingui.relational.TVTable" oid="659A5A65-9EC5-A792-6E91-385A0E19E423" otype="Table" vid="596EE51A-EF93-37C0-39A9-019AF03C1954">
<hideElementsInCurrentOnly>false</hideElementsInCurrentOnly>
<bounds x="20" y="1354" width="263" height="528"/>
</OView>
<OView class="oracle.dbtools.crest.swingui.relational.TVTable" oid="D486F2CC-BADA-4239-4F62-37F46C50531F" otype="Table" vid="8C7B3A10-97DE-7C3D-8A44-C4D9F7A0008E">
<hideElementsInCurrentOnly>false</hideElementsInCurrentOnly>
<bounds x="467" y="454" width="257" height="312"/>
</OView>
</objectViews>
<connectors>
<Connector class="oracle.dbtools.crest.swingui.relational.TVFKRelation" oid="16EF75FF-E56D-1D45-B0FC-DA6B27A95F4C" otype="FKIndexAssociation" vid_source="8044254C-B7DA-DC93-17C6-A18550AD75A4" vid_target="E0CF3ED3-2C5D-508E-CF43-31CE0DB88487">
<hideElementsInCurrentOnly>false</hideElementsInCurrentOnly>
<lineWidth>1</lineWidth>
</Connector>
<Connector class="oracle.dbtools.crest.swingui.relational.TVFKRelation" oid="51F0C93F-73A2-1AC9-A4C5-9CB76E23F5B8" otype="FKIndexAssociation" vid_source="00B7023E-9BAD-900B-595E-020CCB58BA94" vid_target="F6BAF49E-9406-D89B-A732-8DA2022927AD">
<hideElementsInCurrentOnly>false</hideElementsInCurrentOnly>
<lineWidth>1</lineWidth>
</Connector>
<Connector class="oracle.dbtools.crest.swingui.relational.TVFKRelation" oid="8B00F8B3-1C2A-9387-2EAB-4D423DE3790D" otype="FKIndexAssociation" vid_source="8C7B3A10-97DE-7C3D-8A44-C4D9F7A0008E" vid_target="F6BAF49E-9406-D89B-A732-8DA2022927AD">
<hideElementsInCurrentOnly>false</hideElementsInCurrentOnly>
<lineWidth>1</lineWidth>
</Connector>
<Connector class="oracle.dbtools.crest.swingui.relational.TVFKRelation" oid="ED78496D-2527-07AE-73BB-33BCA423BB61" otype="FKIndexAssociation" vid_source="8044254C-B7DA-DC93-17C6-A18550AD75A4" vid_target="F6BAF49E-9406-D89B-A732-8DA2022927AD">
<hideElementsInCurrentOnly>false</hideElementsInCurrentOnly>
<lineWidth>1</lineWidth>
</Connector>
<Connector class="oracle.dbtools.crest.swingui.relational.TVFKRelation" oid="F6AE18FF-5729-769E-5267-5C086DD7D9FA" otype="FKIndexAssociation" vid_source="596EE51A-EF93-37C0-39A9-019AF03C1954" vid_target="004675BD-2905-00C5-DE29-FB4F8BB85527">
<hideElementsInCurrentOnly>false</hideElementsInCurrentOnly>
<lineWidth>1</lineWidth>
</Connector>
</connectors>
</Diagram>