<?xml version = '1.0' encoding = 'UTF-8'?>
<Diagram class="oracle.dbtools.crest.swingui.relational.DPVRelational" name="HWSInternal" id="C3119472-035C-4E98-850A-D7C7ADE1BC6E">
<createdBy>david.moore</createdBy>
<createdTime>2015-01-12 09:17:58 UTC</createdTime>
<autoRoute>false</autoRoute>
<boxInbox>true</boxInbox>
<showLegend>false</showLegend>
<showLabels>false</showLabels>
<showRelAttributes>false</showRelAttributes>
<showGrid>false</showGrid>
<diagramColor>-1</diagramColor>
<display>false</display>
<notation>1</notation>
<objectViews>
<OView class="oracle.dbtools.crest.swingui.relational.TVTable" oid="0112681C-B130-80E9-2D01-E8A5E39E0ACE" otype="Table" vid="C1807785-3143-1127-9AAC-ECE2490BB910">
<hideElementsInCurrentOnly>false</hideElementsInCurrentOnly>
<bounds x="3774" y="2252" width="264" height="430"/>
</OView>
<OView class="oracle.dbtools.crest.swingui.relational.TVTable" oid="0124F3FC-330F-2BCB-AF00-1182A91484C7" otype="Table" vid="84CAB43F-FA5E-9691-9412-879F385C7583">
<hideElementsInCurrentOnly>false</hideElementsInCurrentOnly>
<bounds x="2018" y="2476" width="362" height="276"/>
</OView>
<OView class="oracle.dbtools.crest.swingui.relational.TVTable" oid="01576BEF-0787-C155-90CC-0C43CFA738FE" otype="Table" vid="B97F253B-0E63-369A-41FA-313CDEBC29DF">
<hideElementsInCurrentOnly>false</hideElementsInCurrentOnly>
<bounds x="1749" y="2610" width="274" height="234"/>
</OView>
<OView class="oracle.dbtools.crest.swingui.relational.TVTable" oid="035BBD0B-E7B5-3FED-FE8E-FB0C7AD715E1" otype="Table" vid="0DD03D3D-0569-7B69-E6BC-2379DC5F0D23">
<hideElementsInCurrentOnly>false</hideElementsInCurrentOnly>
<bounds x="1540" y="2476" width="398" height="122"/>
</OView>
<OView class="oracle.dbtools.crest.swingui.relational.TVTable" oid="039EBE50-9D5B-980B-FE68-691BBE22A75E" otype="Table" vid="E932EE44-7FC4-D97B-1E96-3FE9ED9CE9BC">
<hideElementsInCurrentOnly>false</hideElementsInCurrentOnly>
<bounds x="3235" y="2700" width="286" height="108"/>
</OView>
<OView class="oracle.dbtools.crest.swingui.relational.TVTable" oid="0458F7E2-F0DA-B61A-760A-40A8DB0CE92D" otype="Table" vid="E958D461-9190-B91E-88B0-BB94E289CE3D">
<hideElementsInCurrentOnly>false</hideElementsInCurrentOnly>
<bounds x="20" y="5356" width="221" height="186"/>
</OView>
<OView class="oracle.dbtools.crest.swingui.relational.TVTable" oid="09268D0E-CF51-623C-6A7B-338D7D7FE10A" otype="Table" vid="229FF396-8F94-C955-547B-99E6A9A70CA9">
<hideElementsInCurrentOnly>false</hideElementsInCurrentOnly>
<bounds x="525" y="4061" width="337" height="122"/>
</OView>
<OView class="oracle.dbtools.crest.swingui.relational.TVTable" oid="0A3A2241-4E3A-21B9-8DA2-0786F686D724" otype="Table" vid="2D007DBC-2D96-7202-3078-96E20E374A7F">
<hideElementsInCurrentOnly>false</hideElementsInCurrentOnly>
<bounds x="414" y="1818" width="269" height="304"/>
</OView>
<OView class="oracle.dbtools.crest.swingui.relational.TVTable" oid="0EC9FC4D-1672-4CCD-F61D-DE89A102CE61" otype="Table" vid="FAFBA0BB-0663-8D1C-26F6-03195634B638">
<hideElementsInCurrentOnly>false</hideElementsInCurrentOnly>
<bounds x="1763" y="2070" width="284" height="480"/>
</OView>
<OView class="oracle.dbtools.crest.swingui.relational.TVTable" oid="179092F2-D789-0531-5643-FEB7F7123AF3" otype="Table" vid="EEAE60CA-47B0-8F5B-0C0C-50C5E1A09CD4">
<hideElementsInCurrentOnly>false</hideElementsInCurrentOnly>
<bounds x="1504" y="2756" width="390" height="136"/>
</OView>
<OView class="oracle.dbtools.crest.swingui.relational.TVTable" oid="19AB860F-099A-9370-4891-0C4E245C5639" otype="Table" vid="C7046A62-006C-C70D-56A8-0F4EAD8A329E">
<hideElementsInCurrentOnly>false</hideElementsInCurrentOnly>
<bounds x="2460" y="2476" width="250" height="164"/>
</OView>
<OView class="oracle.dbtools.crest.swingui.relational.TVTable" oid="1CF78A81-8DD4-501D-1987-0A0BB4A6CF54" otype="Table" vid="EEA89843-49EE-F9D3-86CC-BF8F33D1F390">
<hideElementsInCurrentOnly>false</hideElementsInCurrentOnly>
<bounds x="5047" y="356" width="249" height="144"/>
</OView>
<OView class="oracle.dbtools.crest.swingui.relational.TVTable" oid="2286B093-A983-286B-E1EF-901EDD1FA4D1" otype="Table" vid="5C97A46A-9DE6-1268-1E42-2A05EB71BA26">
<hideElementsInCurrentOnly>false</hideElementsInCurrentOnly>
<bounds x="4160" y="1818" width="294" height="172"/>
</OView>
<OView class="oracle.dbtools.crest.swingui.relational.TVTable" oid="24B54966-CE6D-150B-78D2-BF1A5619A4C0" otype="Table" vid="6F0AF5B8-D606-63A5-4397-5995F28CBCB7">
<hideElementsInCurrentOnly>false</hideElementsInCurrentOnly>
<bounds x="2332" y="2896" width="272" height="88"/>
</OView>
<OView class="oracle.dbtools.crest.swingui.relational.TVTable" oid="24B5B0FE-571A-7566-5F3B-D1657A42EA83" otype="Table" vid="6A0A10B6-DBBB-C6AA-1075-6B47840C6784">
<hideElementsInCurrentOnly>false</hideElementsInCurrentOnly>
<bounds x="4565" y="1294" width="279" height="88"/>
</OView>
<OView class="oracle.dbtools.crest.swingui.relational.TVTable" oid="2659EEDF-F97C-345F-9927-6EE1A3B416AA" otype="Table" vid="5CF6C1FD-E89E-541F-A53E-0F878882B6EA">
<hideElementsInCurrentOnly>false</hideElementsInCurrentOnly>
<bounds x="5377" y="720" width="262" height="144"/>
</OView>
<OView class="oracle.dbtools.crest.swingui.relational.TVTable" oid="26B14DAD-473D-2A6D-9E70-7D4646C515D9" otype="Table" vid="97C40534-914B-0895-0ABE-9D08592F5450">
<hideElementsInCurrentOnly>false</hideElementsInCurrentOnly>
<bounds x="4535" y="1636" width="204" height="150"/>
</OView>
<OView class="oracle.dbtools.crest.swingui.relational.TVTable" oid="2865709C-0C4F-029C-A7C5-5A1BEACFE3C6" otype="Table" vid="5EFDFB56-0721-452F-333D-D11ACDC93A0A">
<hideElementsInCurrentOnly>false</hideElementsInCurrentOnly>
<bounds x="4754" y="978" width="272" height="88"/>
</OView>
<OView class="oracle.dbtools.crest.swingui.relational.TVTable" oid="290441AA-C13B-CEFD-A14B-1C322B97397E" otype="Table" vid="9F9D24DE-6C19-8906-A9B5-1A3D4144685E">
<hideElementsInCurrentOnly>false</hideElementsInCurrentOnly>
<bounds x="1022" y="4145" width="383" height="122"/>
</OView>
<OView class="oracle.dbtools.crest.swingui.relational.TVTable" oid="2FBA7B57-CDC6-BC9D-B731-7268F50ED3F0" otype="Table" vid="BFF1B159-7871-575B-4D7B-78FAA3389E78">
<hideElementsInCurrentOnly>false</hideElementsInCurrentOnly>
<bounds x="763" y="1818" width="198" height="74"/>
</OView>
<OView class="oracle.dbtools.crest.swingui.relational.TVTable" oid="3093F16F-B2CA-AD14-510C-BF785D842CBC" otype="Table" vid="19A03005-48C0-B4E2-381B-515509FA96E0">
<hideElementsInCurrentOnly>false</hideElementsInCurrentOnly>
<bounds x="4224" y="1804" width="179" height="88"/>
</OView>
<OView class="oracle.dbtools.crest.swingui.relational.TVTable" oid="339E18E9-CDF2-80DE-55F6-C2024FB29224" otype="Table" vid="3A434946-D039-4FDC-77F2-89C2C3E05A5F">
<hideElementsInCurrentOnly>false</hideElementsInCurrentOnly>
<bounds x="525" y="3409" width="249" height="592"/>
</OView>
<OView class="oracle.dbtools.crest.swingui.relational.TVTable" oid="35739238-3CA9-84A0-85F7-668B98DCB1A7" otype="Table" vid="F1AC4C7E-D3DB-F6CB-9303-F2DBF04941DE">
<hideElementsInCurrentOnly>false</hideElementsInCurrentOnly>
<bounds x="20" y="4299" width="302" height="158"/>
</OView>
<OView class="oracle.dbtools.crest.swingui.relational.TVTable" oid="3B6B5804-C87A-1355-DEE1-4E75AB67F72A" otype="Table" vid="68E25A1E-9C5C-1BC1-5B80-535B5AF5AE76">
<hideElementsInCurrentOnly>false</hideElementsInCurrentOnly>
<bounds x="2888" y="2700" width="267" height="122"/>
</OView>
<OView class="oracle.dbtools.crest.swingui.relational.TVTable" oid="403C4D88-48A9-B024-0CC0-011DF1F0B226" otype="Table" vid="B1B1E8A9-EB9C-CC53-8D1E-504B7CF7C21C">
<hideElementsInCurrentOnly>false</hideElementsInCurrentOnly>
<bounds x="20" y="2182" width="314" height="282"/>
</OView>
<OView class="oracle.dbtools.crest.swingui.relational.TVTable" oid="417161D9-A72A-FD26-D6A6-D099DD249481" otype="Table" vid="8B957B19-1E68-DBF2-97E8-DA5E79DBFF85">
<hideElementsInCurrentOnly>false</hideElementsInCurrentOnly>
<bounds x="1062" y="2476" width="398" height="122"/>
</OView>
<OView class="oracle.dbtools.crest.swingui.relational.TVTable" oid="41BDEA63-1F2A-2DD2-50AE-B8A6B606C1B2" otype="Table" vid="B140CDFB-AFA3-7147-90A1-3EF72FB87113">
<hideElementsInCurrentOnly>false</hideElementsInCurrentOnly>
<bounds x="3774" y="1818" width="306" height="374"/>
</OView>
<OView class="oracle.dbtools.crest.swingui.relational.TVTable" oid="4C3538F0-8D55-723A-A5F9-90D700F9C4EB" otype="Table" vid="76FBA1B4-B58B-194D-EC8E-BB97694B8A32">
<hideElementsInCurrentOnly>false</hideElementsInCurrentOnly>
<bounds x="1504" y="2220" width="265" height="74"/>
</OView>
<OView class="oracle.dbtools.crest.swingui.relational.TVTable" oid="4D4E72EB-BB9A-C92E-8E39-54BBE4C0E31D" otype="Table" vid="5DAE4EDF-849A-AFA1-A1EF-FC818EC70DB7">
<hideElementsInCurrentOnly>false</hideElementsInCurrentOnly>
<bounds x="2332" y="2714" width="435" height="122"/>
</OView>
<OView class="oracle.dbtools.crest.swingui.relational.TVTable" oid="4DE91F15-7D6D-E591-6822-8C8697B89DBD" otype="Table" vid="E1E5A95B-74CD-1386-CFEE-3C3A4808FF9F">
<hideElementsInCurrentOnly>false</hideElementsInCurrentOnly>
<bounds x="3396" y="2126" width="252" height="136"/>
</OView>
<OView class="oracle.dbtools.crest.swingui.relational.TVTable" oid="4E230294-6733-5A2D-C009-7153D4FED2B0" otype="Table" vid="5B0786FC-B804-AEAE-8F62-276AAC7CF517">
<hideElementsInCurrentOnly>false</hideElementsInCurrentOnly>
<bounds x="1974" y="2518" width="253" height="178"/>
</OView>
<OView class="oracle.dbtools.crest.swingui.relational.TVTable" oid="518F1E60-EED0-77AE-9000-39E39489D3AB" otype="Table" vid="4D9DE6CC-39EC-84C1-2F74-B65A4738671A">
<hideElementsInCurrentOnly>false</hideElementsInCurrentOnly>
<bounds x="1062" y="2126" width="362" height="290"/>
</OView>
<OView class="oracle.dbtools.crest.swingui.relational.TVTable" oid="55C05D71-A195-3CDE-BBC9-A4AE5219309E" otype="Table" vid="F1A0C9BF-FADB-B5AF-CBBE-D3EE5F699978">
<hideElementsInCurrentOnly>false</hideElementsInCurrentOnly>
<bounds x="3397" y="2322" width="202" height="74"/>
</OView>
<OView class="oracle.dbtools.crest.swingui.relational.TVTable" oid="55EB61A2-1775-F1A3-4393-7736AD08B179" otype="Table" vid="B5E6EDD7-B8AC-9D48-F618-263B388FEFF6">
<hideElementsInCurrentOnly>false</hideElementsInCurrentOnly>
<bounds x="20" y="3591" width="273" height="466"/>
</OView>
<OView class="oracle.dbtools.crest.swingui.relational.TVTable" oid="5D88B64B-9920-62E9-88B6-2E4A8538F118" otype="Table" vid="A66EEB3D-9B0F-2016-163E-9B3BB8472FA5">
<hideElementsInCurrentOnly>false</hideElementsInCurrentOnly>
<bounds x="20" y="3409" width="309" height="122"/>
</OView>
<OView class="oracle.dbtools.crest.swingui.relational.TVTable" oid="5EAFE0C3-17B6-0779-C1ED-4F6BF12C3CDC" otype="Table" vid="C1CFFB16-7CE8-DE0C-158A-673A71953F64">
<hideElementsInCurrentOnly>false</hideElementsInCurrentOnly>
<bounds x="1804" y="3409" width="210" height="136"/>
</OView>
<OView class="oracle.dbtools.crest.swingui.relational.TVTable" oid="6014BD6F-FFFF-D1A8-001C-7CF07EA90D74" otype="Table" vid="17B1B444-6C7A-3DE6-42CB-1F988A40F3AB">
<hideElementsInCurrentOnly>false</hideElementsInCurrentOnly>
<bounds x="291" y="5356" width="209" height="186"/>
</OView>
<OView class="oracle.dbtools.crest.swingui.relational.TVTable" oid="60D2AC3D-6527-0F64-5C65-4D2C8BEF0CFD" otype="Table" vid="A59E6475-91CB-844E-B9C7-23DA72D8E11C">
<hideElementsInCurrentOnly>false</hideElementsInCurrentOnly>
<bounds x="2848" y="2848" width="326" height="136"/>
</OView>
<OView class="oracle.dbtools.crest.swingui.relational.TVTable" oid="62100617-9773-2558-72F1-9A39EB61E559" otype="Table" vid="7C4DCB8F-599E-5B01-E559-70CF30325108">
<hideElementsInCurrentOnly>false</hideElementsInCurrentOnly>
<bounds x="3109" y="1818" width="219" height="142"/>
</OView>
<OView class="oracle.dbtools.crest.swingui.relational.TVTable" oid="63C4E0F0-AD4B-C73E-3925-963CC265C2A9" otype="Table" vid="87564B50-10BA-0DC1-AC7F-3CE7863B9C62">
<hideElementsInCurrentOnly>false</hideElementsInCurrentOnly>
<bounds x="3959" y="2126" width="257" height="74"/>
</OView>
<OView class="oracle.dbtools.crest.swingui.relational.TVTable" oid="6413DBD7-B652-D696-185A-BB5B59C3F547" otype="Table" vid="9B29B498-92AB-D37F-D286-61DE77753C37">
<hideElementsInCurrentOnly>false</hideElementsInCurrentOnly>
<bounds x="2103" y="2610" width="256" height="206"/>
</OView>
<OView class="oracle.dbtools.crest.swingui.relational.TVTable" oid="659A5A65-9EC5-A792-6E91-385A0E19E423" otype="Table" vid="2B0742D9-39EF-3219-3C54-C51E1762794F">
<hideElementsInCurrentOnly>false</hideElementsInCurrentOnly>
<bounds x="2460" y="2700" width="263" height="528"/>
</OView>
<OView class="oracle.dbtools.crest.swingui.relational.TVTable" oid="663AA629-6D1C-3C5B-6821-F19C6810BE04" otype="Table" vid="7FAA7E88-3761-3668-A6D5-D93CDBE5C595">
<hideElementsInCurrentOnly>false</hideElementsInCurrentOnly>
<bounds x="3408" y="1426" width="265" height="332"/>
</OView>
<OView class="oracle.dbtools.crest.swingui.relational.TVTable" oid="6933E23E-4660-0803-AB91-16FCD2B3D31D" otype="Table" vid="7FA22F1D-E24C-D57C-F0B5-EE012849C47E">
<hideElementsInCurrentOnly>false</hideElementsInCurrentOnly>
<bounds x="1143" y="5356" width="291" height="144"/>
</OView>
<OView class="oracle.dbtools.crest.swingui.relational.TVTable" oid="69B276F1-5914-E084-D06E-5F2ADAB58255" otype="Table" vid="8DBE2859-EBC0-A1E6-50AB-DF17060AFCAA">
<hideElementsInCurrentOnly>false</hideElementsInCurrentOnly>
<bounds x="3601" y="2700" width="255" height="122"/>
</OView>
<OView class="oracle.dbtools.crest.swingui.relational.TVTable" oid="6A7432B9-E176-7360-BB2D-07C76D52D421" otype="Table" vid="7FC8E0DF-11B3-9221-A4AA-A502C6B689D6">
<hideElementsInCurrentOnly>false</hideElementsInCurrentOnly>
<bounds x="2912" y="2308" width="404" height="108"/>
</OView>
<OView class="oracle.dbtools.crest.swingui.relational.TVTable" oid="6B0B71A9-7BFD-140E-3BE8-D29C109A3DDE" otype="Table" vid="9976DA06-FE3E-2E17-FC0A-FE22EF7FAD79">
<hideElementsInCurrentOnly>false</hideElementsInCurrentOnly>
<bounds x="763" y="2028" width="197" height="102"/>
</OView>
<OView class="oracle.dbtools.crest.swingui.relational.TVTable" oid="6BF55C54-4F84-AFB9-5147-3510E2CC29F8" otype="Table" vid="1327994A-896D-84F7-F8A8-1DFD24358D0E">
<hideElementsInCurrentOnly>false</hideElementsInCurrentOnly>
<bounds x="292" y="4698" width="277" height="130"/>
</OView>
<OView class="oracle.dbtools.crest.swingui.relational.TVTable" oid="6E80A8E5-EBB7-705D-F65B-D4456F783D52" otype="Table" vid="8A70C617-976E-DD32-95B1-D81879E115B2">
<hideElementsInCurrentOnly>false</hideElementsInCurrentOnly>
<bounds x="20" y="4698" width="222" height="74"/>
</OView>
<OView class="oracle.dbtools.crest.swingui.relational.TVTable" oid="71A1FFB7-2BC2-1E55-531C-7FE129BEBED7" otype="Table" vid="1FB785B8-DDCE-1EE8-FB69-C900EA54EB63">
<hideElementsInCurrentOnly>false</hideElementsInCurrentOnly>
<bounds x="2448" y="1818" width="253" height="262"/>
</OView>
<OView class="oracle.dbtools.crest.swingui.relational.TVTable" oid="7682B980-2188-DE16-51AA-6ACCC0290AA8" otype="Table" vid="4E2C9101-FB29-FF85-8F28-336EA788A98C">
<hideElementsInCurrentOnly>false</hideElementsInCurrentOnly>
<bounds x="415" y="2182" width="254" height="102"/>
</OView>
<OView class="oracle.dbtools.crest.swingui.relational.TVTable" oid="7745B66B-7D93-273F-5E2E-F55C67C513B2" otype="Table" vid="8EB7F122-BBA6-612C-DAB4-C3B18FD379C4">
<hideElementsInCurrentOnly>false</hideElementsInCurrentOnly>
<bounds x="2847" y="2518" width="318" height="136"/>
</OView>
<OView class="oracle.dbtools.crest.swingui.relational.TVTable" oid="775A6D80-C5F4-109E-227B-829FDC74533C" otype="Table" vid="E54008AF-CBD7-88C9-34F8-2ECC4EDB0235">
<hideElementsInCurrentOnly>false</hideElementsInCurrentOnly>
<bounds x="4647" y="20" width="272" height="276"/>
</OView>
<OView class="oracle.dbtools.crest.swingui.relational.TVTable" oid="7DF803F5-F9DD-9555-088B-5558B5CB7C2B" otype="Table" vid="A3248485-9609-DBB3-067A-AA833DBA3719">
<hideElementsInCurrentOnly>false</hideElementsInCurrentOnly>
<bounds x="619" y="4698" width="366" height="508"/>
</OView>
<OView class="oracle.dbtools.crest.swingui.relational.TVTable" oid="81631FD0-DB87-1E1F-3015-539722AA4C6F" otype="Table" vid="103B31FF-2FAD-812D-9DB6-856653C1B285">
<hideElementsInCurrentOnly>false</hideElementsInCurrentOnly>
<bounds x="1022" y="3983" width="261" height="102"/>
</OView>
<OView class="oracle.dbtools.crest.swingui.relational.TVTable" oid="81F9C10E-F05E-0362-FED4-30EB62DC60CC" otype="Table" vid="2E1340DB-3EBF-BB57-055D-0D250D17FA41">
<hideElementsInCurrentOnly>false</hideElementsInCurrentOnly>
<bounds x="1973" y="2126" width="279" height="122"/>
</OView>
<OView class="oracle.dbtools.crest.swingui.relational.TVTable" oid="82A3DA0F-2BAE-662F-78E4-B3F9B475C4DE" otype="Table" vid="764FF01A-CF98-3174-2AEB-2490DD01CA80">
<hideElementsInCurrentOnly>false</hideElementsInCurrentOnly>
<bounds x="3409" y="1818" width="185" height="88"/>
</OView>
<OView class="oracle.dbtools.crest.swingui.relational.TVTable" oid="8534D4B3-BEDB-B92F-4A81-B9B3DB530EDB" otype="Table" vid="0779FA17-256B-EBAE-FBA8-E9E869061763">
<hideElementsInCurrentOnly>false</hideElementsInCurrentOnly>
<bounds x="3407" y="978" width="319" height="388"/>
</OView>
<OView class="oracle.dbtools.crest.swingui.relational.TVTable" oid="85F62581-12C1-B2B8-0AC0-C25BCB9017EC" otype="Table" vid="13AB9C3F-3EDD-BDD0-0ACD-B08F5B8B68BB">
<hideElementsInCurrentOnly>false</hideElementsInCurrentOnly>
<bounds x="4534" y="1426" width="220" height="150"/>
</OView>
<OView class="oracle.dbtools.crest.swingui.relational.TVTable" oid="880EE418-E756-633D-F2F7-948585494623" otype="Table" vid="4D26C48B-D6C3-A80D-A29F-C5630DF592B2">
<hideElementsInCurrentOnly>false</hideElementsInCurrentOnly>
<bounds x="1035" y="4698" width="208" height="110"/>
</OView>
<OView class="oracle.dbtools.crest.swingui.relational.TVTable" oid="88A3D0F7-2ED3-5182-8120-9E37C7F2F100" otype="Table" vid="BAE050DE-823B-B72C-9DDC-9722B1DAAA5B">
<hideElementsInCurrentOnly>false</hideElementsInCurrentOnly>
<bounds x="4210" y="1146" width="250" height="186"/>
</OView>
<OView class="oracle.dbtools.crest.swingui.relational.TVTable" oid="8A519D64-E14F-8252-3BB1-F86CF39D4168" otype="Table" vid="EF44C865-F513-C659-DA3C-49C50578F990">
<hideElementsInCurrentOnly>false</hideElementsInCurrentOnly>
<bounds x="4647" y="356" width="320" height="562"/>
</OView>
<OView class="oracle.dbtools.crest.swingui.relational.TVTable" oid="8C8531C0-3251-9F7F-3714-37AD404A4DA5" otype="Table" vid="9E165F76-FFEB-4138-75F9-FB6A2656C84F">
<hideElementsInCurrentOnly>false</hideElementsInCurrentOnly>
<bounds x="2091" y="1818" width="277" height="164"/>
</OView>
<OView class="oracle.dbtools.crest.swingui.relational.TVTable" oid="8D2BA43A-3C44-6E7D-CD49-43BF450E3611" otype="Table" vid="6EB05622-C162-2FAA-BB21-846E9EDBC969">
<hideElementsInCurrentOnly>false</hideElementsInCurrentOnly>
<bounds x="3806" y="1072" width="248" height="74"/>
</OView>
<OView class="oracle.dbtools.crest.swingui.relational.TVTable" oid="8F882B58-48BA-96DA-4943-32147175775C" otype="Table" vid="9BC270EB-9655-8CE9-D47C-8D64B6BD8136">
<hideElementsInCurrentOnly>false</hideElementsInCurrentOnly>
<bounds x="2848" y="2714" width="234" height="74"/>
</OView>
<OView class="oracle.dbtools.crest.swingui.relational.TVTable" oid="8FD9CB38-3775-7F67-1302-CD729BF95008" otype="Table" vid="B1F034BD-98A6-7615-FE3C-97B4DD5C336B">
<hideElementsInCurrentOnly>false</hideElementsInCurrentOnly>
<bounds x="4565" y="1126" width="297" height="108"/>
</OView>
<OView class="oracle.dbtools.crest.swingui.relational.TVTable" oid="94A2FB0A-6489-B3BF-3277-E0A0FB62744B" otype="Table" vid="CAC04B8B-6276-C848-BBFB-3224BF1F4820">
<hideElementsInCurrentOnly>false</hideElementsInCurrentOnly>
<bounds x="2790" y="2476" width="197" height="74"/>
</OView>
<OView class="oracle.dbtools.crest.swingui.relational.TVTable" oid="9E22C17E-35B5-2081-F7F3-1FB77DBE63E4" otype="Table" vid="BD7CC48D-1278-0122-40FB-9B94C15B9368">
<hideElementsInCurrentOnly>false</hideElementsInCurrentOnly>
<bounds x="2912" y="2476" width="208" height="122"/>
</OView>
<OView class="oracle.dbtools.crest.swingui.relational.TVTable" oid="9E7A24E3-86BB-3ACE-9043-9EEF9D202D55" otype="Table" vid="0A0A6075-CBC9-59DB-6C99-FB8060B8DA8A">
<hideElementsInCurrentOnly>false</hideElementsInCurrentOnly>
<bounds x="817" y="5356" width="276" height="74"/>
</OView>
<OView class="oracle.dbtools.crest.swingui.relational.TVTable" oid="9F5EB80B-C07B-F469-25C9-9118A9AC0552" otype="Table" vid="B0ED4CE3-2A90-D7BF-63E7-615562CB2EE3">
<hideElementsInCurrentOnly>false</hideElementsInCurrentOnly>
<bounds x="1804" y="3605" width="208" height="164"/>
</OView>
<OView class="oracle.dbtools.crest.swingui.relational.TVTable" oid="9FA5E6BA-99C3-A5A9-E85A-5345E6C14F6A" otype="Table" vid="33C5F536-BB5D-4F2D-C9AE-2C9BB31D650B">
<hideElementsInCurrentOnly>false</hideElementsInCurrentOnly>
<bounds x="4954" y="720" width="342" height="108"/>
</OView>
<OView class="oracle.dbtools.crest.swingui.relational.TVTable" oid="9FF3883D-6CD4-4FE5-3866-A5847F4B47C8" otype="Table" vid="335E9019-EF84-6D96-E21E-79B7FE15AB2C">
<hideElementsInCurrentOnly>false</hideElementsInCurrentOnly>
<bounds x="550" y="5356" width="217" height="116"/>
</OView>
<OView class="oracle.dbtools.crest.swingui.relational.TVTable" oid="A1E0515A-83DA-B764-29BF-0920E7800B14" otype="Table" vid="680CA9E8-1F0B-D94B-1E47-4ED15C362048">
<hideElementsInCurrentOnly>false</hideElementsInCurrentOnly>
<bounds x="3806" y="978" width="324" height="108"/>
</OView>
<OView class="oracle.dbtools.crest.swingui.relational.TVTable" oid="A5B28385-B588-878E-F1F6-E26E3A3A0A26" otype="Table" vid="FFBC8EA6-A38E-A691-F569-63E161396736">
<hideElementsInCurrentOnly>false</hideElementsInCurrentOnly>
<bounds x="1763" y="1818" width="248" height="192"/>
</OView>
<OView class="oracle.dbtools.crest.swingui.relational.TVTable" oid="A60FC1AD-8255-47C1-9B78-B01A01B7FD38" otype="Table" vid="01EF4706-0237-941C-52A2-ACE4DC5FC480">
<hideElementsInCurrentOnly>false</hideElementsInCurrentOnly>
<bounds x="2174" y="3605" width="231" height="74"/>
</OView>
<OView class="oracle.dbtools.crest.swingui.relational.TVTable" oid="A7E0E2AA-B1CC-CEA4-59DF-63101E5BA245" otype="Table" vid="E997CC8B-A906-15BB-D00A-2233B197E081">
<hideElementsInCurrentOnly>false</hideElementsInCurrentOnly>
<bounds x="4210" y="978" width="357" height="108"/>
</OView>
<OView class="oracle.dbtools.crest.swingui.relational.TVTable" oid="B0640ECF-0C48-79B6-8468-8AB9AD54AD0C" otype="Table" vid="BC27EB19-0BA8-9370-E740-C058563D4BC6">
<hideElementsInCurrentOnly>false</hideElementsInCurrentOnly>
<bounds x="3728" y="2126" width="231" height="88"/>
</OView>
<OView class="oracle.dbtools.crest.swingui.relational.TVTable" oid="B1EBC82C-ACE8-19E3-33D8-7BEBD4AFD89B" otype="Table" vid="41D27165-EF37-74EC-2E38-9458D42D4C98">
<hideElementsInCurrentOnly>false</hideElementsInCurrentOnly>
<bounds x="1022" y="3409" width="305" height="220"/>
</OView>
<OView class="oracle.dbtools.crest.swingui.relational.TVTable" oid="B20A9AF6-519D-0BFA-A3EF-D44818D4D111" otype="Table" vid="524457B5-8E10-D311-6266-F6C8F9CD13C8">
<hideElementsInCurrentOnly>false</hideElementsInCurrentOnly>
<bounds x="3017" y="1426" width="310" height="206"/>
</OView>
<OView class="oracle.dbtools.crest.swingui.relational.TVTable" oid="B5E2D5A1-D26B-CED9-5706-63DE1DF79F59" otype="Table" vid="3BC672E1-445B-07D3-71C7-E0C0E64292F0">
<hideElementsInCurrentOnly>false</hideElementsInCurrentOnly>
<bounds x="3043" y="2322" width="273" height="122"/>
</OView>
<OView class="oracle.dbtools.crest.swingui.relational.TVTable" oid="B61BA2E3-E195-0957-D57B-D194CD847EEE" otype="Table" vid="7969B818-1B68-B0D3-09B0-69F0417A84DA">
<hideElementsInCurrentOnly>false</hideElementsInCurrentOnly>
<bounds x="1022" y="3689" width="310" height="234"/>
</OView>
<OView class="oracle.dbtools.crest.swingui.relational.TVTable" oid="B67E817A-7025-333F-92D9-CA67F0B33409" otype="Table" vid="DAE5C7B8-1E38-7074-D3C4-C853ED49B915">
<hideElementsInCurrentOnly>false</hideElementsInCurrentOnly>
<bounds x="4942" y="1126" width="339" height="220"/>
</OView>
<OView class="oracle.dbtools.crest.swingui.relational.TVTable" oid="B6C17CAF-C81E-BD98-2C15-0753830C2A36" otype="Table" vid="87B99893-6B86-99AD-B526-0BD10D02CEEC">
<hideElementsInCurrentOnly>false</hideElementsInCurrentOnly>
<bounds x="1422" y="2610" width="247" height="192"/>
</OView>
<OView class="oracle.dbtools.crest.swingui.relational.TVTable" oid="BA3161E9-78DD-154B-5615-5D0DDF4A9670" otype="Table" vid="5BF80AC6-9F5D-D86C-3040-EB402D3DF84E">
<hideElementsInCurrentOnly>false</hideElementsInCurrentOnly>
<bounds x="3806" y="978" width="257" height="74"/>
</OView>
<OView class="oracle.dbtools.crest.swingui.relational.TVTable" oid="BF82BCE1-29D3-39B9-4A7E-79E7ED9E060C" otype="Table" vid="2C70DEE5-4C6E-48F6-FB13-3C0161C2A8F4">
<hideElementsInCurrentOnly>false</hideElementsInCurrentOnly>
<bounds x="3395" y="2126" width="329" height="136"/>
</OView>
<OView class="oracle.dbtools.crest.swingui.relational.TVTable" oid="BFDFB075-AA26-290F-9B6A-A7921C4F880B" otype="Table" vid="A8F70D35-B5CC-145C-91EB-6D3C40D7C751">
<hideElementsInCurrentOnly>false</hideElementsInCurrentOnly>
<bounds x="1504" y="2126" width="208" height="74"/>
</OView>
<OView class="oracle.dbtools.crest.swingui.relational.TVTable" oid="C0E99B15-4C95-3DBD-89A5-C1AE7E0E334E" otype="Table" vid="719978F2-7E5A-4099-2947-03B86596A171">
<hideElementsInCurrentOnly>false</hideElementsInCurrentOnly>
<bounds x="2781" y="1818" width="248" height="108"/>
</OView>
<OView class="oracle.dbtools.crest.swingui.relational.TVTable" oid="C6F1EC48-C544-6D35-B17A-2E40BAA5B959" otype="Table" vid="08802B29-28FE-EAA3-2DEF-0B89FAEB4614">
<hideElementsInCurrentOnly>false</hideElementsInCurrentOnly>
<bounds x="2174" y="3409" width="351" height="136"/>
</OView>
<OView class="oracle.dbtools.crest.swingui.relational.TVTable" oid="C8D16E71-3BA6-E5C1-3003-66A6D96B8C92" otype="Table" vid="6D6A0CC2-E354-399F-C0EF-E48004AEDF11">
<hideElementsInCurrentOnly>false</hideElementsInCurrentOnly>
<bounds x="1407" y="3409" width="237" height="172"/>
</OView>
<OView class="oracle.dbtools.crest.swingui.relational.TVTable" oid="CCE45CC5-083D-4B0A-E73F-A5F8CEF94DA8" otype="Table" vid="94B67CB5-8B06-8C1E-130D-1467CA42B156">
<hideElementsInCurrentOnly>false</hideElementsInCurrentOnly>
<bounds x="2847" y="2322" width="468" height="136"/>
</OView>
<OView class="oracle.dbtools.crest.swingui.relational.TVTable" oid="D486F2CC-BADA-4239-4F62-37F46C50531F" otype="Table" vid="8B36C9D4-9A9D-17CC-2C93-635E86D81000">
<hideElementsInCurrentOnly>false</hideElementsInCurrentOnly>
<bounds x="4118" y="2252" width="257" height="312"/>
</OView>
<OView class="oracle.dbtools.crest.swingui.relational.TVTable" oid="D4A2C06F-2538-E333-64E3-72B221DB6382" otype="Table" vid="6BC6AE8B-C848-A7FE-A833-9041F9C1F937">
<hideElementsInCurrentOnly>false</hideElementsInCurrentOnly>
<bounds x="1804" y="3829" width="185" height="74"/>
</OView>
<OView class="oracle.dbtools.crest.swingui.relational.TVTable" oid="DC538014-32DE-6DDB-2E53-78AAA4F2416B" otype="Table" vid="28735D33-285E-D577-892A-4BFCDC2FD4A9">
<hideElementsInCurrentOnly>false</hideElementsInCurrentOnly>
<bounds x="2393" y="2504" width="250" height="122"/>
</OView>
<OView class="oracle.dbtools.crest.swingui.relational.TVTable" oid="E416E0F7-39DC-E19C-3B53-DB60CF830F43" otype="Table" vid="82EE72F4-2A73-FD54-40CC-A7B4D1BE6F36">
<hideElementsInCurrentOnly>false</hideElementsInCurrentOnly>
<bounds x="1108" y="1818" width="234" height="108"/>
</OView>
<OView class="oracle.dbtools.crest.swingui.relational.TVTable" oid="E77022D5-912C-8A4B-4332-2C23AB9B361F" otype="Table" vid="7FDEF5DD-5AB7-B0F1-831D-D0A9FC001D8E">
<hideElementsInCurrentOnly>false</hideElementsInCurrentOnly>
<bounds x="3753" y="1426" width="227" height="74"/>
</OView>
<OView class="oracle.dbtools.crest.swingui.relational.TVTable" oid="E77F9ADD-1948-9FC2-A29D-3445342D0D4B" otype="Table" vid="5AAC6430-43A2-9975-A9BA-E21DCFE6E025">
<hideElementsInCurrentOnly>false</hideElementsInCurrentOnly>
<bounds x="763" y="1818" width="265" height="150"/>
</OView>
<OView class="oracle.dbtools.crest.swingui.relational.TVTable" oid="E98D848B-F4B9-6350-D332-05A162983004" otype="Table" vid="9460A158-AFEF-58ED-0009-4D34F9E15434">
<hideElementsInCurrentOnly>false</hideElementsInCurrentOnly>
<bounds x="4224" y="1636" width="230" height="108"/>
</OView>
<OView class="oracle.dbtools.crest.swingui.relational.TVTable" oid="EAEA76EB-AC63-58F4-8A33-DF145523B642" otype="Table" vid="866D91ED-96B4-14A8-D432-4C37DFA9576D">
<hideElementsInCurrentOnly>false</hideElementsInCurrentOnly>
<bounds x="1973" y="2308" width="340" height="150"/>
</OView>
<OView class="oracle.dbtools.crest.swingui.relational.TVTable" oid="EAF53EF9-F75C-5DEE-E17F-9FBAB5FFA6B6" otype="Table" vid="A8F5D9A6-09E1-EC7E-8658-6BBA6E29DBC2">
<hideElementsInCurrentOnly>false</hideElementsInCurrentOnly>
<bounds x="20" y="4117" width="344" height="122"/>
</OView>
<OView class="oracle.dbtools.crest.swingui.relational.TVTable" oid="F38047DF-7F96-6448-79D3-2117BE2714A7" otype="Table" vid="861048FD-F15B-F584-F33C-830E6A7DFD0A">
<hideElementsInCurrentOnly>false</hideElementsInCurrentOnly>
<bounds x="2393" y="2308" width="439" height="136"/>
</OView>
<OView class="oracle.dbtools.crest.swingui.relational.TVTable" oid="F49EFF79-FF7C-954C-36E5-2FA2D01EB113" otype="Table" vid="9B7131E3-DD8A-DEF7-7A8D-027EA405EC15">
<hideElementsInCurrentOnly>false</hideElementsInCurrentOnly>
<bounds x="1293" y="4698" width="236" height="124"/>
</OView>
<OView class="oracle.dbtools.crest.swingui.relational.TVTable" oid="FCEB9247-B09D-98F2-9DC6-2A47190C8F39" otype="Table" vid="B033E4B0-05D3-CB13-58A6-714F8FE9C70F">
<hideElementsInCurrentOnly>false</hideElementsInCurrentOnly>
<bounds x="5376" y="20" width="270" height="640"/>
</OView>
<OView class="oracle.dbtools.crest.swingui.relational.TVTable" oid="FD738107-EEA4-E1B2-63A2-54A88D33D0E8" otype="Table" vid="B8F40251-2ACD-2FE2-2B3C-08B122515B4E">
<hideElementsInCurrentOnly>false</hideElementsInCurrentOnly>
<bounds x="3804" y="1636" width="340" height="430"/>
</OView>
</objectViews>
<connectors>
<Connector class="oracle.dbtools.crest.swingui.relational.TVFKRelation" oid="00125C4C-EF36-8EED-DFC2-FF335242C391" otype="FKIndexAssociation" vid_source="B140CDFB-AFA3-7147-90A1-3EF72FB87113" vid_target="7FAA7E88-3761-3668-A6D5-D93CDBE5C595">
<hideElementsInCurrentOnly>false</hideElementsInCurrentOnly>
<lineWidth>1</lineWidth>
<points>
<point x="3774" y="2005"/>
<point x="3673" y="1592"/>
</points>
</Connector>
<Connector class="oracle.dbtools.crest.swingui.relational.TVFKRelation" oid="013D94DB-FB82-F822-8A86-5074A5812CBE" otype="FKIndexAssociation" vid_source="2D007DBC-2D96-7202-3078-96E20E374A7F" vid_target="B1B1E8A9-EB9C-CC53-8D1E-504B7CF7C21C">
<hideElementsInCurrentOnly>false</hideElementsInCurrentOnly>
<lineWidth>1</lineWidth>
<points>
<point x="414" y="1970"/>
<point x="177" y="2182"/>
</points>
</Connector>
<Connector class="oracle.dbtools.crest.swingui.relational.TVFKRelation" oid="07A9CF9C-83CA-7BE1-8576-8317E6A6ED75" otype="FKIndexAssociation" vid_source="C7046A62-006C-C70D-56A8-0F4EAD8A329E" vid_target="8DBE2859-EBC0-A1E6-50AB-DF17060AFCAA">
<hideElementsInCurrentOnly>false</hideElementsInCurrentOnly>
<lineWidth>1</lineWidth>
<points>
<point x="2710" y="2558"/>
<point x="3601" y="2761"/>
</points>
</Connector>
<Connector class="oracle.dbtools.crest.swingui.relational.TVFKRelation" oid="09514162-FE7C-2827-2013-4A4C91DFE842" otype="FKIndexAssociation" vid_source="EF44C865-F513-C659-DA3C-49C50578F990" vid_target="E997CC8B-A906-15BB-D00A-2233B197E081">
<hideElementsInCurrentOnly>false</hideElementsInCurrentOnly>
<lineWidth>1</lineWidth>
<points>
<point x="4647" y="637"/>
<point x="4388" y="978"/>
</points>
</Connector>
<Connector class="oracle.dbtools.crest.swingui.relational.TVFKRelation" oid="0B18E9CC-8D0D-82E1-B54F-08073F11A02F" otype="FKIndexAssociation" vid_source="FAFBA0BB-0663-8D1C-26F6-03195634B638" vid_target="FFBC8EA6-A38E-A691-F569-63E161396736">
<hideElementsInCurrentOnly>false</hideElementsInCurrentOnly>
<lineWidth>1</lineWidth>
<points>
<point x="1887" y="2070"/>
<point x="1887" y="2010"/>
</points>
</Connector>
<Connector class="oracle.dbtools.crest.swingui.relational.TVFKRelation" oid="0D03C1B7-E7E9-5D8D-2A35-54EB57F27CAA" otype="FKIndexAssociation" vid_source="B8F40251-2ACD-2FE2-2B3C-08B122515B4E" vid_target="4D9DE6CC-39EC-84C1-2F74-B65A4738671A">
<hideElementsInCurrentOnly>false</hideElementsInCurrentOnly>
<lineWidth>1</lineWidth>
<points>
<point x="3804" y="1851"/>
<point x="1424" y="2271"/>
</points>
</Connector>
<Connector class="oracle.dbtools.crest.swingui.relational.TVFKRelation" oid="0D216BD7-CB1E-9BCF-A71F-1B992419FB7D" otype="FKIndexAssociation" vid_source="7FAA7E88-3761-3668-A6D5-D93CDBE5C595" vid_target="0779FA17-256B-EBAE-FBA8-E9E869061763">
<hideElementsInCurrentOnly>false</hideElementsInCurrentOnly>
<lineWidth>1</lineWidth>
<points>
<point x="3540" y="1426"/>
<point x="3540" y="1366"/>
</points>
</Connector>
<Connector class="oracle.dbtools.crest.swingui.relational.TVFKRelation" oid="119098BF-C7D7-CB97-951E-627334251FFE" otype="FKIndexAssociation" vid_source="5B0786FC-B804-AEAE-8F62-276AAC7CF517" vid_target="EEAE60CA-47B0-8F5B-0C0C-50C5E1A09CD4">
<hideElementsInCurrentOnly>false</hideElementsInCurrentOnly>
<lineWidth>1</lineWidth>
<points>
<point x="1974" y="2607"/>
<point x="1699" y="2756"/>
</points>
</Connector>
<Connector class="oracle.dbtools.crest.swingui.relational.TVFKRelation" oid="15BA5A98-EBEE-F507-1B93-DD08288B844F" otype="FKIndexAssociation" vid_source="C7046A62-006C-C70D-56A8-0F4EAD8A329E" vid_target="2B0742D9-39EF-3219-3C54-C51E1762794F">
<hideElementsInCurrentOnly>false</hideElementsInCurrentOnly>
<lineWidth>1</lineWidth>
<points>
<point x="2595" y="2640"/>
<point x="2595" y="2700"/>
</points>
</Connector>
<Connector class="oracle.dbtools.crest.swingui.relational.TVFKRelation" oid="16EDD56F-B007-FB6F-0C13-01E2DFAFFD58" otype="FKIndexAssociation" vid_source="B033E4B0-05D3-CB13-58A6-714F8FE9C70F" vid_target="0779FA17-256B-EBAE-FBA8-E9E869061763">
<hideElementsInCurrentOnly>false</hideElementsInCurrentOnly>
<lineWidth>1</lineWidth>
<points>
<point x="5376" y="340"/>
<point x="3726" y="1172"/>
</points>
</Connector>
<Connector class="oracle.dbtools.crest.swingui.relational.TVFKRelation" oid="16EF75FF-E56D-1D45-B0FC-DA6B27A95F4C" otype="FKIndexAssociation" vid_source="C1807785-3143-1127-9AAC-ECE2490BB910" vid_target="E932EE44-7FC4-D97B-1E96-3FE9ED9CE9BC">
<hideElementsInCurrentOnly>false</hideElementsInCurrentOnly>
<lineWidth>1</lineWidth>
<points>
<point x="3774" y="2467"/>
<point x="3378" y="2700"/>
</points>
</Connector>
<Connector class="oracle.dbtools.crest.swingui.relational.TVFKRelation" oid="2013F609-81E9-9030-0D2F-C920E2C9A6DF" otype="FKIndexAssociation" vid_source="E1E5A95B-74CD-1386-CFEE-3C3A4808FF9F" vid_target="2E1340DB-3EBF-BB57-055D-0D250D17FA41">
<hideElementsInCurrentOnly>false</hideElementsInCurrentOnly>
<lineWidth>1</lineWidth>
<points>
<point x="3396" y="2177"/>
<point x="2252" y="2177"/>
</points>
</Connector>
<Connector class="oracle.dbtools.crest.swingui.relational.TVFKRelation" oid="20F15308-75D0-4428-95B8-03C86A4FE52A" otype="FKIndexAssociation" vid_source="6D6A0CC2-E354-399F-C0EF-E48004AEDF11" vid_target="41D27165-EF37-74EC-2E38-9458D42D4C98">
<hideElementsInCurrentOnly>false</hideElementsInCurrentOnly>
<lineWidth>1</lineWidth>
<points>
<point x="1407" y="3495"/>
<point x="1327" y="3495"/>
</points>
</Connector>
<Connector class="oracle.dbtools.crest.swingui.relational.TVFKRelation" oid="21B6872D-D462-BEF9-31E8-8C34786EE3F0" otype="FKIndexAssociation" vid_source="BAE050DE-823B-B72C-9DDC-9722B1DAAA5B" vid_target="33C5F536-BB5D-4F2D-C9AE-2C9BB31D650B">
<hideElementsInCurrentOnly>false</hideElementsInCurrentOnly>
<lineWidth>1</lineWidth>
<points>
<point x="4460" y="1239"/>
<point x="5125" y="828"/>
</points>
</Connector>
<Connector class="oracle.dbtools.crest.swingui.relational.TVFKRelation" oid="25001190-5B45-DDAD-6E85-14BE99AF90AE" otype="FKIndexAssociation" vid_source="764FF01A-CF98-3174-2AEB-2490DD01CA80" vid_target="7FAA7E88-3761-3668-A6D5-D93CDBE5C595">
<hideElementsInCurrentOnly>false</hideElementsInCurrentOnly>
<lineWidth>1</lineWidth>
<points>
<point x="3501" y="1818"/>
<point x="3501" y="1758"/>
</points>
</Connector>
<Connector class="oracle.dbtools.crest.swingui.relational.TVFKRelation" oid="2672E698-EE64-3169-3A14-141031F18E49" otype="FKIndexAssociation" vid_source="C7046A62-006C-C70D-56A8-0F4EAD8A329E" vid_target="2B0742D9-39EF-3219-3C54-C51E1762794F">
<hideElementsInCurrentOnly>false</hideElementsInCurrentOnly>
<lineWidth>1</lineWidth>
<points>
<point x="2585" y="2640"/>
<point x="2585" y="2700"/>
</points>
</Connector>
<Connector class="oracle.dbtools.crest.swingui.relational.TVFKRelation" oid="26F96676-AC93-227D-FCE8-B37851456A50" otype="FKIndexAssociation" vid_source="7FAA7E88-3761-3668-A6D5-D93CDBE5C595" vid_target="82EE72F4-2A73-FD54-40CC-A7B4D1BE6F36">
<hideElementsInCurrentOnly>false</hideElementsInCurrentOnly>
<lineWidth>1</lineWidth>
<points>
<point x="3408" y="1592"/>
<point x="1342" y="1872"/>
</points>
</Connector>
<Connector class="oracle.dbtools.crest.swingui.relational.TVFKRelation" oid="276780C8-7681-1C5B-E9ED-9670494B0B9F" otype="FKIndexAssociation" vid_source="5BF80AC6-9F5D-D86C-3040-EB402D3DF84E" vid_target="0779FA17-256B-EBAE-FBA8-E9E869061763">
<hideElementsInCurrentOnly>false</hideElementsInCurrentOnly>
<lineWidth>1</lineWidth>
<points>
<point x="3806" y="1015"/>
<point x="3726" y="1015"/>
</points>
</Connector>
<Connector class="oracle.dbtools.crest.swingui.relational.TVFKRelation" oid="297998AD-BC35-E518-323E-433D94E96611" otype="FKIndexAssociation" vid_source="9BC270EB-9655-8CE9-D47C-8D64B6BD8136" vid_target="8EB7F122-BBA6-612C-DAB4-C3B18FD379C4">
<hideElementsInCurrentOnly>false</hideElementsInCurrentOnly>
<lineWidth>1</lineWidth>
<points>
<point x="2975" y="2714"/>
<point x="2975" y="2654"/>
</points>
</Connector>
<Connector class="oracle.dbtools.crest.swingui.relational.TVFKRelation" oid="2A036548-5ADB-4BF1-E752-87EA4182AE54" otype="FKIndexAssociation" vid_source="6A0A10B6-DBBB-C6AA-1075-6B47840C6784" vid_target="B1F034BD-98A6-7615-FE3C-97B4DD5C336B">
<hideElementsInCurrentOnly>false</hideElementsInCurrentOnly>
<lineWidth>1</lineWidth>
<points>
<point x="4704" y="1294"/>
<point x="4704" y="1234"/>
</points>
</Connector>
<Connector class="oracle.dbtools.crest.swingui.relational.TVFKRelation" oid="2F542CD6-1EEE-51BE-4405-3034D3F8008D" otype="FKIndexAssociation" vid_source="B5E6EDD7-B8AC-9D48-F618-263B388FEFF6" vid_target="A66EEB3D-9B0F-2016-163E-9B3BB8472FA5">
<hideElementsInCurrentOnly>false</hideElementsInCurrentOnly>
<lineWidth>1</lineWidth>
<points>
<point x="156" y="3591"/>
<point x="156" y="3531"/>
</points>
</Connector>
<Connector class="oracle.dbtools.crest.swingui.relational.TVFKRelation" oid="322D5969-93A8-7D93-90CA-BCD1723BB57E" otype="FKIndexAssociation" vid_source="E1E5A95B-74CD-1386-CFEE-3C3A4808FF9F" vid_target="28735D33-285E-D577-892A-4BFCDC2FD4A9">
<hideElementsInCurrentOnly>false</hideElementsInCurrentOnly>
<lineWidth>1</lineWidth>
<points>
<point x="3396" y="2194"/>
<point x="2643" y="2565"/>
</points>
</Connector>
<Connector class="oracle.dbtools.crest.swingui.relational.TVFKRelation" oid="3B8B4CB1-E742-F5FD-6743-6B27C364B8F0" otype="FKIndexAssociation" vid_source="BAE050DE-823B-B72C-9DDC-9722B1DAAA5B" vid_target="680CA9E8-1F0B-D94B-1E47-4ED15C362048">
<hideElementsInCurrentOnly>false</hideElementsInCurrentOnly>
<lineWidth>1</lineWidth>
<points>
<point x="4210" y="1239"/>
<point x="3968" y="1086"/>
</points>
</Connector>
<Connector class="oracle.dbtools.crest.swingui.relational.TVFKRelation" oid="3D615060-C614-8C05-0BA8-0407362898B6" otype="FKIndexAssociation" vid_source="C7046A62-006C-C70D-56A8-0F4EAD8A329E" vid_target="C1807785-3143-1127-9AAC-ECE2490BB910">
<hideElementsInCurrentOnly>false</hideElementsInCurrentOnly>
<lineWidth>1</lineWidth>
<points>
<point x="2710" y="2568"/>
<point x="3774" y="2568"/>
</points>
</Connector>
<Connector class="oracle.dbtools.crest.swingui.relational.TVFKRelation" oid="3ED11F31-8D8A-78C0-9B1C-662110725DB0" otype="FKIndexAssociation" vid_source="13AB9C3F-3EDD-BDD0-0ACD-B08F5B8B68BB" vid_target="B8F40251-2ACD-2FE2-2B3C-08B122515B4E">
<hideElementsInCurrentOnly>false</hideElementsInCurrentOnly>
<lineWidth>1</lineWidth>
<points>
<point x="4534" y="1501"/>
<point x="4144" y="1851"/>
</points>
</Connector>
<Connector class="oracle.dbtools.crest.swingui.relational.TVFKRelation" oid="3FB5D914-AB5F-D0D7-CCAB-1D6587799200" otype="FKIndexAssociation" vid_source="7FAA7E88-3761-3668-A6D5-D93CDBE5C595" vid_target="9E165F76-FFEB-4138-75F9-FB6A2656C84F">
<hideElementsInCurrentOnly>false</hideElementsInCurrentOnly>
<lineWidth>1</lineWidth>
<points>
<point x="3408" y="1592"/>
<point x="2368" y="1900"/>
</points>
</Connector>
<Connector class="oracle.dbtools.crest.swingui.relational.TVFKRelation" oid="419364AC-470F-3C14-3322-F7F7249CCA2B" otype="FKIndexAssociation" vid_source="C7046A62-006C-C70D-56A8-0F4EAD8A329E" vid_target="68E25A1E-9C5C-1BC1-5B80-535B5AF5AE76">
<hideElementsInCurrentOnly>false</hideElementsInCurrentOnly>
<lineWidth>1</lineWidth>
<points>
<point x="2710" y="2558"/>
<point x="3021" y="2700"/>
</points>
</Connector>
<Connector class="oracle.dbtools.crest.swingui.relational.TVFKRelation" oid="43D8DA98-F031-F2EB-37A9-B2935605CD45" otype="FKIndexAssociation" vid_source="C7046A62-006C-C70D-56A8-0F4EAD8A329E" vid_target="E932EE44-7FC4-D97B-1E96-3FE9ED9CE9BC">
<hideElementsInCurrentOnly>false</hideElementsInCurrentOnly>
<lineWidth>1</lineWidth>
<points>
<point x="2710" y="2558"/>
<point x="3235" y="2754"/>
</points>
</Connector>
<Connector class="oracle.dbtools.crest.swingui.relational.TVFKRelation" oid="45F4A7F1-80BE-4AA7-9649-946BBFBD1A8B" otype="FKIndexAssociation" vid_source="F1A0C9BF-FADB-B5AF-CBBE-D3EE5F699978" vid_target="E1E5A95B-74CD-1386-CFEE-3C3A4808FF9F">
<hideElementsInCurrentOnly>false</hideElementsInCurrentOnly>
<lineWidth>1</lineWidth>
<points>
<point x="3498" y="2322"/>
<point x="3498" y="2262"/>
</points>
</Connector>
<Connector class="oracle.dbtools.crest.swingui.relational.TVFKRelation" oid="476AECE8-97F3-3541-2902-402E2C097FD2" otype="FKIndexAssociation" vid_source="7FAA7E88-3761-3668-A6D5-D93CDBE5C595" vid_target="719978F2-7E5A-4099-2947-03B86596A171">
<hideElementsInCurrentOnly>false</hideElementsInCurrentOnly>
<lineWidth>1</lineWidth>
<points>
<point x="3408" y="1592"/>
<point x="2905" y="1818"/>
</points>
</Connector>
<Connector class="oracle.dbtools.crest.swingui.relational.TVFKRelation" oid="482BA966-CE83-7B5A-040C-48D8B9587A75" otype="FKIndexAssociation" vid_source="28735D33-285E-D577-892A-4BFCDC2FD4A9" vid_target="861048FD-F15B-F584-F33C-830E6A7DFD0A">
<hideElementsInCurrentOnly>false</hideElementsInCurrentOnly>
<lineWidth>1</lineWidth>
<points>
<point x="2518" y="2504"/>
<point x="2518" y="2444"/>
</points>
</Connector>
<Connector class="oracle.dbtools.crest.swingui.relational.TVFKRelation" oid="4A323EE4-496D-FD2A-BBA3-D5D10F708B9E" otype="FKIndexAssociation" vid_source="103B31FF-2FAD-812D-9DB6-856653C1B285" vid_target="7969B818-1B68-B0D3-09B0-69F0417A84DA">
<hideElementsInCurrentOnly>false</hideElementsInCurrentOnly>
<lineWidth>1</lineWidth>
<points>
<point x="1152" y="3983"/>
<point x="1152" y="3923"/>
</points>
</Connector>
<Connector class="oracle.dbtools.crest.swingui.relational.TVFKRelation" oid="4D7885EE-E334-AF8B-90F2-D37D13BA04E6" otype="FKIndexAssociation" vid_source="13AB9C3F-3EDD-BDD0-0ACD-B08F5B8B68BB" vid_target="0779FA17-256B-EBAE-FBA8-E9E869061763">
<hideElementsInCurrentOnly>false</hideElementsInCurrentOnly>
<lineWidth>1</lineWidth>
<points>
<point x="4534" y="1501"/>
<point x="3726" y="1172"/>
</points>
</Connector>
<Connector class="oracle.dbtools.crest.swingui.relational.TVFKRelation" oid="4E3EFC83-E61B-ADF1-B293-8FC6B78559F5" otype="FKIndexAssociation" vid_source="B8F40251-2ACD-2FE2-2B3C-08B122515B4E" vid_target="2E1340DB-3EBF-BB57-055D-0D250D17FA41">
<hideElementsInCurrentOnly>false</hideElementsInCurrentOnly>
<lineWidth>1</lineWidth>
<points>
<point x="3804" y="1851"/>
<point x="2252" y="2187"/>
</points>
</Connector>
<Connector class="oracle.dbtools.crest.swingui.relational.TVFKRelation" oid="4FCB321E-F415-692F-CCCA-4D86F9449A88" otype="FKIndexAssociation" vid_source="E1E5A95B-74CD-1386-CFEE-3C3A4808FF9F" vid_target="BD7CC48D-1278-0122-40FB-9B94C15B9368">
<hideElementsInCurrentOnly>false</hideElementsInCurrentOnly>
<lineWidth>1</lineWidth>
<points>
<point x="3522" y="2262"/>
<point x="3016" y="2476"/>
</points>
</Connector>
<Connector class="oracle.dbtools.crest.swingui.relational.TVFKRelation" oid="51F0C93F-73A2-1AC9-A4C5-9CB76E23F5B8" otype="FKIndexAssociation" vid_source="5C97A46A-9DE6-1268-1E42-2A05EB71BA26" vid_target="B140CDFB-AFA3-7147-90A1-3EF72FB87113">
<hideElementsInCurrentOnly>false</hideElementsInCurrentOnly>
<lineWidth>1</lineWidth>
<points>
<point x="4160" y="1904"/>
<point x="4080" y="1904"/>
</points>
</Connector>
<Connector class="oracle.dbtools.crest.swingui.relational.TVFKRelation" oid="53814958-EFBF-24CB-B8AE-A10F3CB6E6B4" otype="FKIndexAssociation" vid_source="EF44C865-F513-C659-DA3C-49C50578F990" vid_target="E54008AF-CBD7-88C9-34F8-2ECC4EDB0235">
<hideElementsInCurrentOnly>false</hideElementsInCurrentOnly>
<lineWidth>1</lineWidth>
<points>
<point x="4783" y="356"/>
<point x="4783" y="296"/>
</points>
</Connector>
<Connector class="oracle.dbtools.crest.swingui.relational.TVFKRelation" oid="56A58297-D645-DF53-B73E-2D2766DB488E" otype="FKIndexAssociation" vid_source="97C40534-914B-0895-0ABE-9D08592F5450" vid_target="13AB9C3F-3EDD-BDD0-0ACD-B08F5B8B68BB">
<hideElementsInCurrentOnly>false</hideElementsInCurrentOnly>
<lineWidth>1</lineWidth>
<points>
<point x="4637" y="1636"/>
<point x="4637" y="1576"/>
</points>
</Connector>
<Connector class="oracle.dbtools.crest.swingui.relational.TVFKRelation" oid="599B0084-2DDA-D25A-94EA-D03BCB9129C5" otype="FKIndexAssociation" vid_source="F1A0C9BF-FADB-B5AF-CBBE-D3EE5F699978" vid_target="EEAE60CA-47B0-8F5B-0C0C-50C5E1A09CD4">
<hideElementsInCurrentOnly>false</hideElementsInCurrentOnly>
<lineWidth>1</lineWidth>
<points>
<point x="3397" y="2359"/>
<point x="1894" y="2824"/>
</points>
</Connector>
<Connector class="oracle.dbtools.crest.swingui.relational.TVFKRelation" oid="59BE205B-8A07-0CB6-C296-2EBC72CA7E07" otype="FKIndexAssociation" vid_source="C7046A62-006C-C70D-56A8-0F4EAD8A329E" vid_target="4D9DE6CC-39EC-84C1-2F74-B65A4738671A">
<hideElementsInCurrentOnly>false</hideElementsInCurrentOnly>
<lineWidth>1</lineWidth>
<points>
<point x="2460" y="2558"/>
<point x="1424" y="2271"/>
</points>
</Connector>
<Connector class="oracle.dbtools.crest.swingui.relational.TVFKRelation" oid="5C208BBE-5316-A717-8401-D21DF1C4E7E5" otype="FKIndexAssociation" vid_source="4D9DE6CC-39EC-84C1-2F74-B65A4738671A" vid_target="8B957B19-1E68-DBF2-97E8-DA5E79DBFF85">
<hideElementsInCurrentOnly>false</hideElementsInCurrentOnly>
<lineWidth>1</lineWidth>
<points>
<point x="1243" y="2416"/>
<point x="1243" y="2476"/>
</points>
</Connector>
<Connector class="oracle.dbtools.crest.swingui.relational.TVFKRelation" oid="62A86600-306A-80EF-AB2A-1160F8E79A90" otype="FKIndexAssociation" vid_source="FAFBA0BB-0663-8D1C-26F6-03195634B638" vid_target="B97F253B-0E63-369A-41FA-313CDEBC29DF">
<hideElementsInCurrentOnly>false</hideElementsInCurrentOnly>
<lineWidth>1</lineWidth>
<points>
<point x="1893" y="2550"/>
<point x="1893" y="2610"/>
</points>
</Connector>
<Connector class="oracle.dbtools.crest.swingui.relational.TVFKRelation" oid="66CE2143-EDE0-9972-003F-065C11B2C71B" otype="FKIndexAssociation" vid_source="19A03005-48C0-B4E2-381B-515509FA96E0" vid_target="9460A158-AFEF-58ED-0009-4D34F9E15434">
<hideElementsInCurrentOnly>false</hideElementsInCurrentOnly>
<lineWidth>1</lineWidth>
<points>
<point x="4313" y="1804"/>
<point x="4313" y="1744"/>
</points>
</Connector>
<Connector class="oracle.dbtools.crest.swingui.relational.TVFKRelation" oid="672569BD-06CF-989C-93A7-E8F8A3286053" otype="FKIndexAssociation" vid_source="4D9DE6CC-39EC-84C1-2F74-B65A4738671A" vid_target="B1B1E8A9-EB9C-CC53-8D1E-504B7CF7C21C">
<hideElementsInCurrentOnly>false</hideElementsInCurrentOnly>
<lineWidth>1</lineWidth>
<points>
<point x="1062" y="2299"/>
<point x="334" y="2299"/>
</points>
</Connector>
<Connector class="oracle.dbtools.crest.swingui.relational.TVFKRelation" oid="69335A68-777F-0371-3957-91380EFD4A77" otype="FKIndexAssociation" vid_source="A8F70D35-B5CC-145C-91EB-6D3C40D7C751" vid_target="4D9DE6CC-39EC-84C1-2F74-B65A4738671A">
<hideElementsInCurrentOnly>false</hideElementsInCurrentOnly>
<lineWidth>1</lineWidth>
<points>
<point x="1504" y="2163"/>
<point x="1424" y="2163"/>
</points>
</Connector>
<Connector class="oracle.dbtools.crest.swingui.relational.TVFKRelation" oid="6A8217C0-7C91-B75D-07F8-269423098238" otype="FKIndexAssociation" vid_source="87564B50-10BA-0DC1-AC7F-3CE7863B9C62" vid_target="B8F40251-2ACD-2FE2-2B3C-08B122515B4E">
<hideElementsInCurrentOnly>false</hideElementsInCurrentOnly>
<lineWidth>1</lineWidth>
<points>
<point x="4051" y="2126"/>
<point x="4051" y="2066"/>
</points>
</Connector>
<Connector class="oracle.dbtools.crest.swingui.relational.TVFKRelation" oid="6B6129B3-D909-B2D7-788E-ABC6CF8F74DB" otype="FKIndexAssociation" vid_source="866D91ED-96B4-14A8-D432-4C37DFA9576D" vid_target="8DBE2859-EBC0-A1E6-50AB-DF17060AFCAA">
<hideElementsInCurrentOnly>false</hideElementsInCurrentOnly>
<lineWidth>1</lineWidth>
<points>
<point x="2313" y="2383"/>
<point x="3601" y="2761"/>
</points>
</Connector>
<Connector class="oracle.dbtools.crest.swingui.relational.TVFKRelation" oid="6C42FEC0-7DBE-53DE-C73E-237EA9627DDD" otype="FKIndexAssociation" vid_source="B033E4B0-05D3-CB13-58A6-714F8FE9C70F" vid_target="33C5F536-BB5D-4F2D-C9AE-2C9BB31D650B">
<hideElementsInCurrentOnly>false</hideElementsInCurrentOnly>
<lineWidth>1</lineWidth>
<points>
<point x="5376" y="340"/>
<point x="5125" y="720"/>
</points>
</Connector>
<Connector class="oracle.dbtools.crest.swingui.relational.TVFKRelation" oid="6C5ACCBB-300A-ACD4-27A2-8E6D65CD5843" otype="FKIndexAssociation" vid_source="C7046A62-006C-C70D-56A8-0F4EAD8A329E" vid_target="B8F40251-2ACD-2FE2-2B3C-08B122515B4E">
<hideElementsInCurrentOnly>false</hideElementsInCurrentOnly>
<lineWidth>1</lineWidth>
<points>
<point x="2710" y="2558"/>
<point x="3804" y="1851"/>
</points>
</Connector>
<Connector class="oracle.dbtools.crest.swingui.relational.TVFKRelation" oid="767D4DA4-FF93-5C9F-9FB1-EB12A021F3BF" otype="FKIndexAssociation" vid_source="B5E6EDD7-B8AC-9D48-F618-263B388FEFF6" vid_target="A8F5D9A6-09E1-EC7E-8658-6BBA6E29DBC2">
<hideElementsInCurrentOnly>false</hideElementsInCurrentOnly>
<lineWidth>1</lineWidth>
<points>
<point x="156" y="4057"/>
<point x="156" y="4117"/>
</points>
</Connector>
<Connector class="oracle.dbtools.crest.swingui.relational.TVFKRelation" oid="76A10774-33E0-7F71-857A-6AB1EAF1D474" otype="FKIndexAssociation" vid_source="BFF1B159-7871-575B-4D7B-78FAA3389E78" vid_target="2D007DBC-2D96-7202-3078-96E20E374A7F">
<hideElementsInCurrentOnly>false</hideElementsInCurrentOnly>
<lineWidth>1</lineWidth>
<points>
<point x="763" y="1855"/>
<point x="683" y="1855"/>
</points>
</Connector>
<Connector class="oracle.dbtools.crest.swingui.relational.TVFKRelation" oid="776C7B40-0393-0A0A-E2F2-FEDC5CDF3A91" otype="FKIndexAssociation" vid_source="7FDEF5DD-5AB7-B0F1-831D-D0A9FC001D8E" vid_target="7FAA7E88-3761-3668-A6D5-D93CDBE5C595">
<hideElementsInCurrentOnly>false</hideElementsInCurrentOnly>
<lineWidth>1</lineWidth>
<points>
<point x="3753" y="1463"/>
<point x="3673" y="1463"/>
</points>
</Connector>
<Connector class="oracle.dbtools.crest.swingui.relational.TVFKRelation" oid="77BC6638-7C0F-DB85-09C5-7724AEAD5F83" otype="FKIndexAssociation" vid_source="8EB7F122-BBA6-612C-DAB4-C3B18FD379C4" vid_target="5DAE4EDF-849A-AFA1-A1EF-FC818EC70DB7">
<hideElementsInCurrentOnly>false</hideElementsInCurrentOnly>
<lineWidth>1</lineWidth>
<points>
<point x="2847" y="2586"/>
<point x="2549" y="2714"/>
</points>
</Connector>
<Connector class="oracle.dbtools.crest.swingui.relational.TVFKRelation" oid="7817A56D-EA29-28A3-A58D-1E824DE1056E" otype="FKIndexAssociation" vid_source="C7046A62-006C-C70D-56A8-0F4EAD8A329E" vid_target="2B0742D9-39EF-3219-3C54-C51E1762794F">
<hideElementsInCurrentOnly>false</hideElementsInCurrentOnly>
<lineWidth>1</lineWidth>
<points>
<point x="2575" y="2640"/>
<point x="2575" y="2700"/>
</points>
</Connector>
<Connector class="oracle.dbtools.crest.swingui.relational.TVFKRelation" oid="7D0F76F2-8638-1C48-5F49-7E52C8C0B9B5" otype="FKIndexAssociation" vid_source="C7046A62-006C-C70D-56A8-0F4EAD8A329E" vid_target="C1807785-3143-1127-9AAC-ECE2490BB910">
<hideElementsInCurrentOnly>false</hideElementsInCurrentOnly>
<lineWidth>1</lineWidth>
<points>
<point x="2710" y="2548"/>
<point x="3774" y="2548"/>
</points>
</Connector>
<Connector class="oracle.dbtools.crest.swingui.relational.TVFKRelation" oid="82950AC1-229D-2C73-0D9C-3ABFD819AEA1" otype="FKIndexAssociation" vid_source="F1AC4C7E-D3DB-F6CB-9303-F2DBF04941DE" vid_target="A8F5D9A6-09E1-EC7E-8658-6BBA6E29DBC2">
<hideElementsInCurrentOnly>false</hideElementsInCurrentOnly>
<lineWidth>1</lineWidth>
<points>
<point x="171" y="4299"/>
<point x="171" y="4239"/>
</points>
</Connector>
<Connector class="oracle.dbtools.crest.swingui.relational.TVFKRelation" oid="83C252DB-8D17-B8BC-BB91-EDC96FA077D8" otype="FKIndexAssociation" vid_source="2D007DBC-2D96-7202-3078-96E20E374A7F" vid_target="1FB785B8-DDCE-1EE8-FB69-C900EA54EB63">
<hideElementsInCurrentOnly>false</hideElementsInCurrentOnly>
<lineWidth>1</lineWidth>
<points>
<point x="683" y="1949"/>
<point x="2448" y="1949"/>
</points>
</Connector>
<Connector class="oracle.dbtools.crest.swingui.relational.TVFKRelation" oid="8635D60A-EDE3-4E00-DF1E-910221B825DF" otype="FKIndexAssociation" vid_source="B033E4B0-05D3-CB13-58A6-714F8FE9C70F" vid_target="E54008AF-CBD7-88C9-34F8-2ECC4EDB0235">
<hideElementsInCurrentOnly>false</hideElementsInCurrentOnly>
<lineWidth>1</lineWidth>
<points>
<point x="5376" y="158"/>
<point x="4919" y="158"/>
</points>
</Connector>
<Connector class="oracle.dbtools.crest.swingui.relational.TVFKRelation" oid="87735176-929C-82FA-A63D-FBD35E2A4153" otype="FKIndexAssociation" vid_source="7969B818-1B68-B0D3-09B0-69F0417A84DA" vid_target="41D27165-EF37-74EC-2E38-9458D42D4C98">
<hideElementsInCurrentOnly>false</hideElementsInCurrentOnly>
<lineWidth>1</lineWidth>
<points>
<point x="1174" y="3689"/>
<point x="1174" y="3629"/>
</points>
</Connector>
<Connector class="oracle.dbtools.crest.swingui.relational.TVFKRelation" oid="8850874B-6FC2-AD59-5AF7-6CB60D139916" otype="FKIndexAssociation" vid_source="7FAA7E88-3761-3668-A6D5-D93CDBE5C595" vid_target="7FAA7E88-3761-3668-A6D5-D93CDBE5C595">
<hideElementsInCurrentOnly>false</hideElementsInCurrentOnly>
<lineWidth>1</lineWidth>
<points>
<point x="3408" y="1426"/>
<point x="3698" y="1592"/>
<point x="3698" y="1783"/>
<point x="3540" y="1783"/>
<point x="3408" y="1426"/>
</points>
</Connector>
<Connector class="oracle.dbtools.crest.swingui.relational.TVFKRelation" oid="89C56911-9475-9053-05D6-8D9CC726991C" otype="FKIndexAssociation" vid_source="B033E4B0-05D3-CB13-58A6-714F8FE9C70F" vid_target="B033E4B0-05D3-CB13-58A6-714F8FE9C70F">
<hideElementsInCurrentOnly>false</hideElementsInCurrentOnly>
<lineWidth>1</lineWidth>
<points>
<point x="5376" y="20"/>
<point x="5671" y="340"/>
<point x="5671" y="685"/>
<point x="5511" y="685"/>
<point x="5376" y="20"/>
</points>
</Connector>
<Connector class="oracle.dbtools.crest.swingui.relational.TVFKRelation" oid="8B00F8B3-1C2A-9387-2EAB-4D423DE3790D" otype="FKIndexAssociation" vid_source="8B36C9D4-9A9D-17CC-2C93-635E86D81000" vid_target="B140CDFB-AFA3-7147-90A1-3EF72FB87113">
<hideElementsInCurrentOnly>false</hideElementsInCurrentOnly>
<lineWidth>1</lineWidth>
<points>
<point x="4246" y="2252"/>
<point x="3927" y="2192"/>
</points>
</Connector>
<Connector class="oracle.dbtools.crest.swingui.relational.TVFKRelation" oid="8CBCF7E7-20F3-DE08-E67F-E9AC1888ED0F" otype="FKIndexAssociation" vid_source="76FBA1B4-B58B-194D-EC8E-BB97694B8A32" vid_target="4D9DE6CC-39EC-84C1-2F74-B65A4738671A">
<hideElementsInCurrentOnly>false</hideElementsInCurrentOnly>
<lineWidth>1</lineWidth>
<points>
<point x="1504" y="2257"/>
<point x="1424" y="2257"/>
</points>
</Connector>
<Connector class="oracle.dbtools.crest.swingui.relational.TVFKRelation" oid="8DB4885D-5D7D-A17D-5A6E-E55260F0A2FA" otype="FKIndexAssociation" vid_source="E1E5A95B-74CD-1386-CFEE-3C3A4808FF9F" vid_target="3BC672E1-445B-07D3-71C7-E0C0E64292F0">
<hideElementsInCurrentOnly>false</hideElementsInCurrentOnly>
<lineWidth>1</lineWidth>
<points>
<point x="3522" y="2262"/>
<point x="3179" y="2322"/>
</points>
</Connector>
<Connector class="oracle.dbtools.crest.swingui.relational.TVFKRelation" oid="90A9B736-2F49-0DD5-681F-8C70715E371D" otype="FKIndexAssociation" vid_source="4D9DE6CC-39EC-84C1-2F74-B65A4738671A" vid_target="0DD03D3D-0569-7B69-E6BC-2379DC5F0D23">
<hideElementsInCurrentOnly>false</hideElementsInCurrentOnly>
<lineWidth>1</lineWidth>
<points>
<point x="1424" y="2271"/>
<point x="1739" y="2476"/>
</points>
</Connector>
<Connector class="oracle.dbtools.crest.swingui.relational.TVFKRelation" oid="93077A47-57C3-16A7-4CFF-696FCEBCD104" otype="FKIndexAssociation" vid_source="7FAA7E88-3761-3668-A6D5-D93CDBE5C595" vid_target="5AAC6430-43A2-9975-A9BA-E21DCFE6E025">
<hideElementsInCurrentOnly>false</hideElementsInCurrentOnly>
<lineWidth>1</lineWidth>
<points>
<point x="3408" y="1592"/>
<point x="1028" y="1893"/>
</points>
</Connector>
<Connector class="oracle.dbtools.crest.swingui.relational.TVFKRelation" oid="96E9CB86-2615-1649-1553-D767E88EF7C6" otype="FKIndexAssociation" vid_source="764FF01A-CF98-3174-2AEB-2490DD01CA80" vid_target="97C40534-914B-0895-0ABE-9D08592F5450">
<hideElementsInCurrentOnly>false</hideElementsInCurrentOnly>
<lineWidth>1</lineWidth>
<points>
<point x="3594" y="1862"/>
<point x="4535" y="1711"/>
</points>
</Connector>
<Connector class="oracle.dbtools.crest.swingui.relational.TVFKRelation" oid="9CEEFC1A-9716-5DFE-F3B1-58802C000C7E" otype="FKIndexAssociation" vid_source="3A434946-D039-4FDC-77F2-89C2C3E05A5F" vid_target="229FF396-8F94-C955-547B-99E6A9A70CA9">
<hideElementsInCurrentOnly>false</hideElementsInCurrentOnly>
<lineWidth>1</lineWidth>
<points>
<point x="649" y="4001"/>
<point x="649" y="4061"/>
</points>
</Connector>
<Connector class="oracle.dbtools.crest.swingui.relational.TVFKRelation" oid="A00FA5D7-5C83-E8E8-FAE1-86E197D81BD8" otype="FKIndexAssociation" vid_source="6BC6AE8B-C848-A7FE-A833-9041F9C1F937" vid_target="B0ED4CE3-2A90-D7BF-63E7-615562CB2EE3">
<hideElementsInCurrentOnly>false</hideElementsInCurrentOnly>
<lineWidth>1</lineWidth>
<points>
<point x="1896" y="3829"/>
<point x="1896" y="3769"/>
</points>
</Connector>
<Connector class="oracle.dbtools.crest.swingui.relational.TVFKRelation" oid="A38411F4-0AEC-A659-4B12-32FECD128103" otype="FKIndexAssociation" vid_source="EF44C865-F513-C659-DA3C-49C50578F990" vid_target="0779FA17-256B-EBAE-FBA8-E9E869061763">
<hideElementsInCurrentOnly>false</hideElementsInCurrentOnly>
<lineWidth>1</lineWidth>
<points>
<point x="4647" y="637"/>
<point x="3726" y="1172"/>
</points>
</Connector>
<Connector class="oracle.dbtools.crest.swingui.relational.TVFKRelation" oid="A5CA2B08-909C-D536-BB17-7DC2A031FD56" otype="FKIndexAssociation" vid_source="01EF4706-0237-941C-52A2-ACE4DC5FC480" vid_target="08802B29-28FE-EAA3-2DEF-0B89FAEB4614">
<hideElementsInCurrentOnly>false</hideElementsInCurrentOnly>
<lineWidth>1</lineWidth>
<points>
<point x="2289" y="3605"/>
<point x="2289" y="3545"/>
</points>
</Connector>
<Connector class="oracle.dbtools.crest.swingui.relational.TVFKRelation" oid="A76AEDE4-FBEC-9237-EEC0-2AA89AA8EF42" otype="FKIndexAssociation" vid_source="0779FA17-256B-EBAE-FBA8-E9E869061763" vid_target="524457B5-8E10-D311-6266-F6C8F9CD13C8">
<hideElementsInCurrentOnly>false</hideElementsInCurrentOnly>
<lineWidth>1</lineWidth>
<points>
<point x="3407" y="1172"/>
<point x="3172" y="1426"/>
</points>
</Connector>
<Connector class="oracle.dbtools.crest.swingui.relational.TVFKRelation" oid="AFDB16C0-3CE2-D54C-5199-82E554BB2E1B" otype="FKIndexAssociation" vid_source="13AB9C3F-3EDD-BDD0-0ACD-B08F5B8B68BB" vid_target="7FAA7E88-3761-3668-A6D5-D93CDBE5C595">
<hideElementsInCurrentOnly>false</hideElementsInCurrentOnly>
<lineWidth>1</lineWidth>
<points>
<point x="4534" y="1511"/>
<point x="3673" y="1511"/>
</points>
</Connector>
<Connector class="oracle.dbtools.crest.swingui.relational.TVFKRelation" oid="B015443F-0B43-15CE-8442-5747DA57494B" otype="FKIndexAssociation" vid_source="9BC270EB-9655-8CE9-D47C-8D64B6BD8136" vid_target="A59E6475-91CB-844E-B9C7-23DA72D8E11C">
<hideElementsInCurrentOnly>false</hideElementsInCurrentOnly>
<lineWidth>1</lineWidth>
<points>
<point x="2965" y="2788"/>
<point x="2965" y="2848"/>
</points>
</Connector>
<Connector class="oracle.dbtools.crest.swingui.relational.TVFKRelation" oid="B1106D17-B7E5-2DBB-9A29-6D838D5467BF" otype="FKIndexAssociation" vid_source="B8F40251-2ACD-2FE2-2B3C-08B122515B4E" vid_target="2C70DEE5-4C6E-48F6-FB13-3C0161C2A8F4">
<hideElementsInCurrentOnly>false</hideElementsInCurrentOnly>
<lineWidth>1</lineWidth>
<points>
<point x="3804" y="1851"/>
<point x="3559" y="2126"/>
</points>
</Connector>
<Connector class="oracle.dbtools.crest.swingui.relational.TVFKRelation" oid="B71E6527-C2B6-B9FD-6EF9-F5FD682994E1" otype="FKIndexAssociation" vid_source="C7046A62-006C-C70D-56A8-0F4EAD8A329E" vid_target="0DD03D3D-0569-7B69-E6BC-2379DC5F0D23">
<hideElementsInCurrentOnly>false</hideElementsInCurrentOnly>
<lineWidth>1</lineWidth>
<points>
<point x="2460" y="2547"/>
<point x="1938" y="2547"/>
</points>
</Connector>
<Connector class="oracle.dbtools.crest.swingui.relational.TVFKRelation" oid="B80FC507-D3FE-1581-EB10-07856D0E4F44" otype="FKIndexAssociation" vid_source="5B0786FC-B804-AEAE-8F62-276AAC7CF517" vid_target="866D91ED-96B4-14A8-D432-4C37DFA9576D">
<hideElementsInCurrentOnly>false</hideElementsInCurrentOnly>
<lineWidth>1</lineWidth>
<points>
<point x="2100" y="2518"/>
<point x="2100" y="2458"/>
</points>
</Connector>
<Connector class="oracle.dbtools.crest.swingui.relational.TVFKRelation" oid="B836F78F-B1E6-3EF2-6AF4-409766D53DFC" otype="FKIndexAssociation" vid_source="7FAA7E88-3761-3668-A6D5-D93CDBE5C595" vid_target="1FB785B8-DDCE-1EE8-FB69-C900EA54EB63">
<hideElementsInCurrentOnly>false</hideElementsInCurrentOnly>
<lineWidth>1</lineWidth>
<points>
<point x="3408" y="1592"/>
<point x="2701" y="1949"/>
</points>
</Connector>
<Connector class="oracle.dbtools.crest.swingui.relational.TVFKRelation" oid="C7895096-0ED9-1B0C-2819-784869B4C252" otype="FKIndexAssociation" vid_source="E1E5A95B-74CD-1386-CFEE-3C3A4808FF9F" vid_target="84CAB43F-FA5E-9691-9412-879F385C7583">
<hideElementsInCurrentOnly>false</hideElementsInCurrentOnly>
<lineWidth>1</lineWidth>
<points>
<point x="3396" y="2194"/>
<point x="2380" y="2614"/>
</points>
</Connector>
<Connector class="oracle.dbtools.crest.swingui.relational.TVFKRelation" oid="C95D5D01-0DCA-5424-E14A-303AE3E0A211" otype="FKIndexAssociation" vid_source="103B31FF-2FAD-812D-9DB6-856653C1B285" vid_target="9F9D24DE-6C19-8906-A9B5-1A3D4144685E">
<hideElementsInCurrentOnly>false</hideElementsInCurrentOnly>
<lineWidth>1</lineWidth>
<points>
<point x="1152" y="4085"/>
<point x="1152" y="4145"/>
</points>
</Connector>
<Connector class="oracle.dbtools.crest.swingui.relational.TVFKRelation" oid="CC72CFB9-F80A-BF1F-A17A-ACC7F2E32D31" otype="FKIndexAssociation" vid_source="5EFDFB56-0721-452F-333D-D11ACDC93A0A" vid_target="B1F034BD-98A6-7615-FE3C-97B4DD5C336B">
<hideElementsInCurrentOnly>false</hideElementsInCurrentOnly>
<lineWidth>1</lineWidth>
<points>
<point x="4808" y="1066"/>
<point x="4808" y="1126"/>
</points>
</Connector>
<Connector class="oracle.dbtools.crest.swingui.relational.TVFKRelation" oid="CDDEF948-81F4-23BB-0240-1539A6EB0D0D" otype="FKIndexAssociation" vid_source="97C40534-914B-0895-0ABE-9D08592F5450" vid_target="82EE72F4-2A73-FD54-40CC-A7B4D1BE6F36">
<hideElementsInCurrentOnly>false</hideElementsInCurrentOnly>
<lineWidth>1</lineWidth>
<points>
<point x="4535" y="1711"/>
<point x="1342" y="1872"/>
</points>
</Connector>
<Connector class="oracle.dbtools.crest.swingui.relational.TVFKRelation" oid="CE238A67-231B-3E81-B010-D1D538DE5EF5" otype="FKIndexAssociation" vid_source="6EB05622-C162-2FAA-BB21-846E9EDBC969" vid_target="0779FA17-256B-EBAE-FBA8-E9E869061763">
<hideElementsInCurrentOnly>false</hideElementsInCurrentOnly>
<lineWidth>1</lineWidth>
<points>
<point x="3806" y="1109"/>
<point x="3726" y="1109"/>
</points>
</Connector>
<Connector class="oracle.dbtools.crest.swingui.relational.TVFKRelation" oid="CE60BFDE-3F24-7597-9682-1445ED0443E6" otype="FKIndexAssociation" vid_source="7FAA7E88-3761-3668-A6D5-D93CDBE5C595" vid_target="FFBC8EA6-A38E-A691-F569-63E161396736">
<hideElementsInCurrentOnly>false</hideElementsInCurrentOnly>
<lineWidth>1</lineWidth>
<points>
<point x="3408" y="1592"/>
<point x="2011" y="1914"/>
</points>
</Connector>
<Connector class="oracle.dbtools.crest.swingui.relational.TVFKRelation" oid="CEAACA57-3D73-4CFC-8627-2E884E90CACF" otype="FKIndexAssociation" vid_source="6F0AF5B8-D606-63A5-4397-5995F28CBCB7" vid_target="5DAE4EDF-849A-AFA1-A1EF-FC818EC70DB7">
<hideElementsInCurrentOnly>false</hideElementsInCurrentOnly>
<lineWidth>1</lineWidth>
<points>
<point x="2468" y="2896"/>
<point x="2468" y="2836"/>
</points>
</Connector>
<Connector class="oracle.dbtools.crest.swingui.relational.TVFKRelation" oid="CF42D00D-BF6C-AC71-3122-15CD1CB67A5F" otype="FKIndexAssociation" vid_source="CAC04B8B-6276-C848-BBFB-3224BF1F4820" vid_target="5B0786FC-B804-AEAE-8F62-276AAC7CF517">
<hideElementsInCurrentOnly>false</hideElementsInCurrentOnly>
<lineWidth>1</lineWidth>
<points>
<point x="2790" y="2534"/>
<point x="2227" y="2534"/>
</points>
</Connector>
<Connector class="oracle.dbtools.crest.swingui.relational.TVFKRelation" oid="CFBCCD76-E2B0-49D6-6505-AED4CEC4F1A6" otype="FKIndexAssociation" vid_source="9976DA06-FE3E-2E17-FC0A-FE22EF7FAD79" vid_target="7FAA7E88-3761-3668-A6D5-D93CDBE5C595">
<hideElementsInCurrentOnly>false</hideElementsInCurrentOnly>
<lineWidth>1</lineWidth>
<points>
<point x="960" y="2079"/>
<point x="3408" y="1592"/>
</points>
</Connector>
<Connector class="oracle.dbtools.crest.swingui.relational.TVFKRelation" oid="D01E1DBE-E921-A189-FAA0-AAE7CCF79564" otype="FKIndexAssociation" vid_source="9976DA06-FE3E-2E17-FC0A-FE22EF7FAD79" vid_target="5AAC6430-43A2-9975-A9BA-E21DCFE6E025">
<hideElementsInCurrentOnly>false</hideElementsInCurrentOnly>
<lineWidth>1</lineWidth>
<points>
<point x="861" y="2028"/>
<point x="861" y="1968"/>
</points>
</Connector>
<Connector class="oracle.dbtools.crest.swingui.relational.TVFKRelation" oid="D078D9F6-4A87-E90E-9E28-4D13BF477F0D" otype="FKIndexAssociation" vid_source="7FAA7E88-3761-3668-A6D5-D93CDBE5C595" vid_target="2D007DBC-2D96-7202-3078-96E20E374A7F">
<hideElementsInCurrentOnly>false</hideElementsInCurrentOnly>
<lineWidth>1</lineWidth>
<points>
<point x="3408" y="1592"/>
<point x="683" y="1970"/>
</points>
</Connector>
<Connector class="oracle.dbtools.crest.swingui.relational.TVFKRelation" oid="D08FF5A9-9D72-056F-8DEB-285C3EB23CBE" otype="FKIndexAssociation" vid_source="4D9DE6CC-39EC-84C1-2F74-B65A4738671A" vid_target="84CAB43F-FA5E-9691-9412-879F385C7583">
<hideElementsInCurrentOnly>false</hideElementsInCurrentOnly>
<lineWidth>1</lineWidth>
<points>
<point x="1424" y="2271"/>
<point x="2018" y="2614"/>
</points>
</Connector>
<Connector class="oracle.dbtools.crest.swingui.relational.TVFKRelation" oid="D11E821A-9D32-C25D-9CAA-E70228840935" otype="FKIndexAssociation" vid_source="B033E4B0-05D3-CB13-58A6-714F8FE9C70F" vid_target="E54008AF-CBD7-88C9-34F8-2ECC4EDB0235">
<hideElementsInCurrentOnly>false</hideElementsInCurrentOnly>
<lineWidth>1</lineWidth>
<points>
<point x="5376" y="168"/>
<point x="4919" y="168"/>
</points>
</Connector>
<Connector class="oracle.dbtools.crest.swingui.relational.TVFKRelation" oid="D177AE64-AB1C-7D6C-E39A-D7A33BE33EAC" otype="FKIndexAssociation" vid_source="FAFBA0BB-0663-8D1C-26F6-03195634B638" vid_target="87B99893-6B86-99AD-B526-0BD10D02CEEC">
<hideElementsInCurrentOnly>false</hideElementsInCurrentOnly>
<lineWidth>1</lineWidth>
<points>
<point x="1763" y="2310"/>
<point x="1545" y="2610"/>
</points>
</Connector>
<Connector class="oracle.dbtools.crest.swingui.relational.TVFKRelation" oid="D2F40982-7571-365D-9B1B-838CF15B36B7" otype="FKIndexAssociation" vid_source="BAE050DE-823B-B72C-9DDC-9722B1DAAA5B" vid_target="E997CC8B-A906-15BB-D00A-2233B197E081">
<hideElementsInCurrentOnly>false</hideElementsInCurrentOnly>
<lineWidth>1</lineWidth>
<points>
<point x="4335" y="1146"/>
<point x="4335" y="1086"/>
</points>
</Connector>
<Connector class="oracle.dbtools.crest.swingui.relational.TVFKRelation" oid="D326133B-150C-E425-AF8B-15A612182029" otype="FKIndexAssociation" vid_source="2C70DEE5-4C6E-48F6-FB13-3C0161C2A8F4" vid_target="94B67CB5-8B06-8C1E-130D-1467CA42B156">
<hideElementsInCurrentOnly>false</hideElementsInCurrentOnly>
<lineWidth>1</lineWidth>
<points>
<point x="3395" y="2194"/>
<point x="3081" y="2322"/>
</points>
</Connector>
<Connector class="oracle.dbtools.crest.swingui.relational.TVFKRelation" oid="D838D615-6D1D-DAF5-7D74-C43002EC0DCD" otype="FKIndexAssociation" vid_source="FAFBA0BB-0663-8D1C-26F6-03195634B638" vid_target="9B29B498-92AB-D37F-D286-61DE77753C37">
<hideElementsInCurrentOnly>false</hideElementsInCurrentOnly>
<lineWidth>1</lineWidth>
<points>
<point x="2047" y="2310"/>
<point x="2231" y="2610"/>
</points>
</Connector>
<Connector class="oracle.dbtools.crest.swingui.relational.TVFKRelation" oid="DBBD0D29-D631-FE2A-45BE-379FD607C5D6" otype="FKIndexAssociation" vid_source="3A434946-D039-4FDC-77F2-89C2C3E05A5F" vid_target="A66EEB3D-9B0F-2016-163E-9B3BB8472FA5">
<hideElementsInCurrentOnly>false</hideElementsInCurrentOnly>
<lineWidth>1</lineWidth>
<points>
<point x="525" y="3470"/>
<point x="329" y="3470"/>
</points>
</Connector>
<Connector class="oracle.dbtools.crest.swingui.relational.TVFKRelation" oid="DD53B9CD-FA61-06ED-7BA2-D7FA41EC8D22" otype="FKIndexAssociation" vid_source="2E1340DB-3EBF-BB57-055D-0D250D17FA41" vid_target="7FC8E0DF-11B3-9221-A4AA-A502C6B689D6">
<hideElementsInCurrentOnly>false</hideElementsInCurrentOnly>
<lineWidth>1</lineWidth>
<points>
<point x="2252" y="2187"/>
<point x="2912" y="2362"/>
</points>
</Connector>
<Connector class="oracle.dbtools.crest.swingui.relational.TVFKRelation" oid="DDB750B6-44EC-5262-9308-4E548CFA47C2" otype="FKIndexAssociation" vid_source="7FAA7E88-3761-3668-A6D5-D93CDBE5C595" vid_target="7C4DCB8F-599E-5B01-E559-70CF30325108">
<hideElementsInCurrentOnly>false</hideElementsInCurrentOnly>
<lineWidth>1</lineWidth>
<points>
<point x="3408" y="1592"/>
<point x="3218" y="1818"/>
</points>
</Connector>
<Connector class="oracle.dbtools.crest.swingui.relational.TVFKRelation" oid="E0DA1B70-1735-496C-D15D-711767E00BA9" otype="FKIndexAssociation" vid_source="2E1340DB-3EBF-BB57-055D-0D250D17FA41" vid_target="866D91ED-96B4-14A8-D432-4C37DFA9576D">
<hideElementsInCurrentOnly>false</hideElementsInCurrentOnly>
<lineWidth>1</lineWidth>
<points>
<point x="2112" y="2248"/>
<point x="2112" y="2308"/>
</points>
</Connector>
<Connector class="oracle.dbtools.crest.swingui.relational.TVFKRelation" oid="E2BF5184-545D-2293-1AD8-235F3F900544" otype="FKIndexAssociation" vid_source="F1AC4C7E-D3DB-F6CB-9303-F2DBF04941DE" vid_target="229FF396-8F94-C955-547B-99E6A9A70CA9">
<hideElementsInCurrentOnly>false</hideElementsInCurrentOnly>
<lineWidth>1</lineWidth>
<points>
<point x="322" y="4378"/>
<point x="693" y="4183"/>
</points>
</Connector>
<Connector class="oracle.dbtools.crest.swingui.relational.TVFKRelation" oid="E467559B-E841-02A5-6F71-BEA2FFB063A8" otype="FKIndexAssociation" vid_source="97C40534-914B-0895-0ABE-9D08592F5450" vid_target="719978F2-7E5A-4099-2947-03B86596A171">
<hideElementsInCurrentOnly>false</hideElementsInCurrentOnly>
<lineWidth>1</lineWidth>
<points>
<point x="4535" y="1711"/>
<point x="3029" y="1872"/>
</points>
</Connector>
<Connector class="oracle.dbtools.crest.swingui.relational.TVFKRelation" oid="E92132FA-D99E-7601-C1FD-BDB6ACE2973B" otype="FKIndexAssociation" vid_source="CAC04B8B-6276-C848-BBFB-3224BF1F4820" vid_target="C7046A62-006C-C70D-56A8-0F4EAD8A329E">
<hideElementsInCurrentOnly>false</hideElementsInCurrentOnly>
<lineWidth>1</lineWidth>
<points>
<point x="2790" y="2513"/>
<point x="2710" y="2513"/>
</points>
</Connector>
<Connector class="oracle.dbtools.crest.swingui.relational.TVFKRelation" oid="E99798E3-884D-EB81-ED90-9CB6C33D28A2" otype="FKIndexAssociation" vid_source="4E2C9101-FB29-FF85-8F28-336EA788A98C" vid_target="2D007DBC-2D96-7202-3078-96E20E374A7F">
<hideElementsInCurrentOnly>false</hideElementsInCurrentOnly>
<lineWidth>1</lineWidth>
<points>
<point x="542" y="2182"/>
<point x="542" y="2122"/>
</points>
</Connector>
<Connector class="oracle.dbtools.crest.swingui.relational.TVFKRelation" oid="EA50E1BB-FF98-030E-A058-C9E8C78D67D5" otype="FKIndexAssociation" vid_source="C7046A62-006C-C70D-56A8-0F4EAD8A329E" vid_target="8B957B19-1E68-DBF2-97E8-DA5E79DBFF85">
<hideElementsInCurrentOnly>false</hideElementsInCurrentOnly>
<lineWidth>1</lineWidth>
<points>
<point x="2460" y="2537"/>
<point x="1460" y="2537"/>
</points>
</Connector>
<Connector class="oracle.dbtools.crest.swingui.relational.TVFKRelation" oid="EA9DB983-51C9-65F9-036C-F9391922B885" otype="FKIndexAssociation" vid_source="5CF6C1FD-E89E-541F-A53E-0F878882B6EA" vid_target="B033E4B0-05D3-CB13-58A6-714F8FE9C70F">
<hideElementsInCurrentOnly>false</hideElementsInCurrentOnly>
<lineWidth>1</lineWidth>
<points>
<point x="5508" y="720"/>
<point x="5508" y="660"/>
</points>
</Connector>
<Connector class="oracle.dbtools.crest.swingui.relational.TVFKRelation" oid="EAE35974-9435-2405-2F69-C7F333E32B07" otype="FKIndexAssociation" vid_source="BD7CC48D-1278-0122-40FB-9B94C15B9368" vid_target="7FC8E0DF-11B3-9221-A4AA-A502C6B689D6">
<hideElementsInCurrentOnly>false</hideElementsInCurrentOnly>
<lineWidth>1</lineWidth>
<points>
<point x="3026" y="2476"/>
<point x="3026" y="2416"/>
</points>
</Connector>
<Connector class="oracle.dbtools.crest.swingui.relational.TVFKRelation" oid="ED09209B-F07C-8C7B-4ECD-88F067C0A745" otype="FKIndexAssociation" vid_source="2D007DBC-2D96-7202-3078-96E20E374A7F" vid_target="9E165F76-FFEB-4138-75F9-FB6A2656C84F">
<hideElementsInCurrentOnly>false</hideElementsInCurrentOnly>
<lineWidth>1</lineWidth>
<points>
<point x="683" y="1900"/>
<point x="2091" y="1900"/>
</points>
</Connector>
<Connector class="oracle.dbtools.crest.swingui.relational.TVFKRelation" oid="ED78496D-2527-07AE-73BB-33BCA423BB61" otype="FKIndexAssociation" vid_source="C1807785-3143-1127-9AAC-ECE2490BB910" vid_target="B140CDFB-AFA3-7147-90A1-3EF72FB87113">
<hideElementsInCurrentOnly>false</hideElementsInCurrentOnly>
<lineWidth>1</lineWidth>
<points>
<point x="3906" y="2252"/>
<point x="3906" y="2192"/>
</points>
</Connector>
<Connector class="oracle.dbtools.crest.swingui.relational.TVFKRelation" oid="EF769F95-F83C-3E78-4B14-3BB8197DD276" otype="FKIndexAssociation" vid_source="9BC270EB-9655-8CE9-D47C-8D64B6BD8136" vid_target="2C70DEE5-4C6E-48F6-FB13-3C0161C2A8F4">
<hideElementsInCurrentOnly>false</hideElementsInCurrentOnly>
<lineWidth>1</lineWidth>
<points>
<point x="2965" y="2714"/>
<point x="3559" y="2262"/>
</points>
</Connector>
<Connector class="oracle.dbtools.crest.swingui.relational.TVFKRelation" oid="F1EB7C3E-645A-77D5-DDDE-1CDC4FD97635" otype="FKIndexAssociation" vid_source="8EB7F122-BBA6-612C-DAB4-C3B18FD379C4" vid_target="94B67CB5-8B06-8C1E-130D-1467CA42B156">
<hideElementsInCurrentOnly>false</hideElementsInCurrentOnly>
<lineWidth>1</lineWidth>
<points>
<point x="3006" y="2518"/>
<point x="3006" y="2458"/>
</points>
</Connector>
<Connector class="oracle.dbtools.crest.swingui.relational.TVFKRelation" oid="F477B94A-7D9B-E980-1BA6-A1B2D7AE5D8C" otype="FKIndexAssociation" vid_source="5EFDFB56-0721-452F-333D-D11ACDC93A0A" vid_target="DAE5C7B8-1E38-7074-D3C4-C853ED49B915">
<hideElementsInCurrentOnly>false</hideElementsInCurrentOnly>
<lineWidth>1</lineWidth>
<points>
<point x="4984" y="1066"/>
<point x="4984" y="1126"/>
</points>
</Connector>
<Connector class="oracle.dbtools.crest.swingui.relational.TVFKRelation" oid="F4C08CEC-92AD-C982-D0AE-EAA77C40412B" otype="FKIndexAssociation" vid_source="EEA89843-49EE-F9D3-86CC-BF8F33D1F390" vid_target="EF44C865-F513-C659-DA3C-49C50578F990">
<hideElementsInCurrentOnly>false</hideElementsInCurrentOnly>
<lineWidth>1</lineWidth>
<points>
<point x="5047" y="428"/>
<point x="4967" y="428"/>
</points>
</Connector>
<Connector class="oracle.dbtools.crest.swingui.relational.TVFKRelation" oid="F5DDE4E7-ECF6-2BAD-9F8F-CB9324438351" otype="FKIndexAssociation" vid_source="B0ED4CE3-2A90-D7BF-63E7-615562CB2EE3" vid_target="C1CFFB16-7CE8-DE0C-158A-673A71953F64">
<hideElementsInCurrentOnly>false</hideElementsInCurrentOnly>
<lineWidth>1</lineWidth>
<points>
<point x="1908" y="3605"/>
<point x="1908" y="3545"/>
</points>
</Connector>
<Connector class="oracle.dbtools.crest.swingui.relational.TVFKRelation" oid="F6AE18FF-5729-769E-5267-5C086DD7D9FA" otype="FKIndexAssociation" vid_source="2B0742D9-39EF-3219-3C54-C51E1762794F" vid_target="68E25A1E-9C5C-1BC1-5B80-535B5AF5AE76">
<hideElementsInCurrentOnly>false</hideElementsInCurrentOnly>
<lineWidth>1</lineWidth>
<points>
<point x="2723" y="2761"/>
<point x="2888" y="2761"/>
</points>
</Connector>
<Connector class="oracle.dbtools.crest.swingui.relational.TVFKRelation" oid="F763486F-C1A7-2172-C0FE-F95064D3B7C3" otype="FKIndexAssociation" vid_source="EF44C865-F513-C659-DA3C-49C50578F990" vid_target="680CA9E8-1F0B-D94B-1E47-4ED15C362048">
<hideElementsInCurrentOnly>false</hideElementsInCurrentOnly>
<lineWidth>1</lineWidth>
<points>
<point x="4647" y="637"/>
<point x="3968" y="978"/>
</points>
</Connector>
<Connector class="oracle.dbtools.crest.swingui.relational.TVFKRelation" oid="F76348B2-ECC1-5CFF-611E-5BFF17163849" otype="FKIndexAssociation" vid_source="2E1340DB-3EBF-BB57-055D-0D250D17FA41" vid_target="861048FD-F15B-F584-F33C-830E6A7DFD0A">
<hideElementsInCurrentOnly>false</hideElementsInCurrentOnly>
<lineWidth>1</lineWidth>
<points>
<point x="2252" y="2187"/>
<point x="2612" y="2308"/>
</points>
</Connector>
<Connector class="oracle.dbtools.crest.swingui.relational.TVFKRelation" oid="F94EC590-0A82-F3E2-4A3A-135CFC22C540" otype="FKIndexAssociation" vid_source="C7046A62-006C-C70D-56A8-0F4EAD8A329E" vid_target="C7046A62-006C-C70D-56A8-0F4EAD8A329E">
<hideElementsInCurrentOnly>false</hideElementsInCurrentOnly>
<lineWidth>1</lineWidth>
<points>
<point x="2460" y="2476"/>
<point x="2735" y="2558"/>
<point x="2735" y="2665"/>
<point x="2585" y="2665"/>
<point x="2460" y="2476"/>
</points>
</Connector>
<Connector class="oracle.dbtools.crest.swingui.relational.TVFKRelation" oid="FB639304-A3BA-31AA-4E7D-DAFCF85AE670" otype="FKIndexAssociation" vid_source="BC27EB19-0BA8-9370-E740-C058563D4BC6" vid_target="E1E5A95B-74CD-1386-CFEE-3C3A4808FF9F">
<hideElementsInCurrentOnly>false</hideElementsInCurrentOnly>
<lineWidth>1</lineWidth>
<points>
<point x="3728" y="2170"/>
<point x="3648" y="2170"/>
</points>
</Connector>
<Connector class="oracle.dbtools.crest.swingui.relational.TVFKRelation" oid="FB938913-6E6A-81CB-7F36-4917254DAAAA" otype="FKIndexAssociation" vid_source="5EFDFB56-0721-452F-333D-D11ACDC93A0A" vid_target="EF44C865-F513-C659-DA3C-49C50578F990">
<hideElementsInCurrentOnly>false</hideElementsInCurrentOnly>
<lineWidth>1</lineWidth>
<points>
<point x="4860" y="978"/>
<point x="4860" y="918"/>
</points>
</Connector>
<Connector class="oracle.dbtools.crest.swingui.relational.TVFKRelation" oid="FFFCE430-FAED-B7A3-CC77-020916A00A0C" otype="FKIndexAssociation" vid_source="13AB9C3F-3EDD-BDD0-0ACD-B08F5B8B68BB" vid_target="9460A158-AFEF-58ED-0009-4D34F9E15434">
<hideElementsInCurrentOnly>false</hideElementsInCurrentOnly>
<lineWidth>1</lineWidth>
<points>
<point x="4534" y="1501"/>
<point x="4339" y="1636"/>
</points>
</Connector>
</connectors>
</Diagram>