<?xml version = '1.0' encoding = 'UTF-8'?>
<Diagram class="oracle.dbtools.crest.swingui.relational.DPVRelationalSubView" name="Case" id="D00842F3-CEA2-503E-C844-81F371ED19DF">
<createdBy>david.moore</createdBy>
<createdTime>2015-01-12 09:18:02 UTC</createdTime>
<autoRoute>false</autoRoute>
<boxInbox>true</boxInbox>
<showLegend>false</showLegend>
<showLabels>false</showLabels>
<showRelAttributes>false</showRelAttributes>
<showGrid>false</showGrid>
<diagramColor>-1</diagramColor>
<display>false</display>
<notation>1</notation>
<objectViews>
<OView class="oracle.dbtools.crest.swingui.relational.TVTable" oid="0A3A2241-4E3A-21B9-8DA2-0786F686D724" otype="Table" vid="0547FF66-0752-781E-C3E6-6CBE625C3DDD">
<hideElementsInCurrentOnly>false</hideElementsInCurrentOnly>
<bounds x="20" y="622" width="269" height="304"/>
</OView>
<OView class="oracle.dbtools.crest.swingui.relational.TVTable" oid="2FBA7B57-CDC6-BC9D-B731-7268F50ED3F0" otype="Table" vid="C2BF19F2-9387-8107-D91D-905C44048A5B">
<hideElementsInCurrentOnly>false</hideElementsInCurrentOnly>
<bounds x="20" y="986" width="198" height="74"/>
</OView>
<OView class="oracle.dbtools.crest.swingui.relational.TVTable" oid="62100617-9773-2558-72F1-9A39EB61E559" otype="Table" vid="C0081ACE-4900-050D-9A4C-28A41E1ECB7B">
<hideElementsInCurrentOnly>false</hideElementsInCurrentOnly>
<bounds x="683" y="622" width="219" height="142"/>
</OView>
<OView class="oracle.dbtools.crest.swingui.relational.TVTable" oid="663AA629-6D1C-3C5B-6821-F19C6810BE04" otype="Table" vid="6AA164F6-ED51-6241-C849-2A56C708E076">
<hideElementsInCurrentOnly>false</hideElementsInCurrentOnly>
<bounds x="1310" y="230" width="265" height="332"/>
</OView>
<OView class="oracle.dbtools.crest.swingui.relational.TVTable" oid="6B0B71A9-7BFD-140E-3BE8-D29C109A3DDE" otype="Table" vid="92DD8935-ACF6-8DE4-9600-3E2C925EFEC6">
<hideElementsInCurrentOnly>false</hideElementsInCurrentOnly>
<bounds x="1655" y="20" width="197" height="102"/>
</OView>
<OView class="oracle.dbtools.crest.swingui.relational.TVTable" oid="6E80A8E5-EBB7-705D-F65B-D4456F783D52" otype="Table" vid="18E4CF06-A88D-2A7E-8DB2-886BDB16C345">
<hideElementsInCurrentOnly>false</hideElementsInCurrentOnly>
<bounds x="20" y="1240" width="222" height="74"/>
</OView>
<OView class="oracle.dbtools.crest.swingui.relational.TVTable" oid="C0E99B15-4C95-3DBD-89A5-C1AE7E0E334E" otype="Table" vid="1A21C4E3-51B7-15C5-EF2D-B2205625F0C6">
<hideElementsInCurrentOnly>false</hideElementsInCurrentOnly>
<bounds x="982" y="622" width="248" height="108"/>
</OView>
<OView class="oracle.dbtools.crest.swingui.relational.TVTable" oid="E416E0F7-39DC-E19C-3B53-DB60CF830F43" otype="Table" vid="B171E0BF-42A5-EE7E-900A-2992BBECD0CE">
<hideElementsInCurrentOnly>false</hideElementsInCurrentOnly>
<bounds x="369" y="622" width="234" height="108"/>
</OView>
<OView class="oracle.dbtools.crest.swingui.relational.TVTable" oid="E77F9ADD-1948-9FC2-A29D-3445342D0D4B" otype="Table" vid="F22811F5-B57B-B439-3D79-592F8D35698D">
<hideElementsInCurrentOnly>false</hideElementsInCurrentOnly>
<bounds x="1310" y="20" width="265" height="150"/>
</OView>
</objectViews>
<connectors>
<Connector class="oracle.dbtools.crest.swingui.relational.TVFKRelation" oid="26F96676-AC93-227D-FCE8-B37851456A50" otype="FKIndexAssociation" vid_source="6AA164F6-ED51-6241-C849-2A56C708E076" vid_target="B171E0BF-42A5-EE7E-900A-2992BBECD0CE">
<hideElementsInCurrentOnly>false</hideElementsInCurrentOnly>
<lineWidth>1</lineWidth>
</Connector>
<Connector class="oracle.dbtools.crest.swingui.relational.TVFKRelation" oid="476AECE8-97F3-3541-2902-402E2C097FD2" otype="FKIndexAssociation" vid_source="6AA164F6-ED51-6241-C849-2A56C708E076" vid_target="1A21C4E3-51B7-15C5-EF2D-B2205625F0C6">
<hideElementsInCurrentOnly>false</hideElementsInCurrentOnly>
<lineWidth>1</lineWidth>
</Connector>
<Connector class="oracle.dbtools.crest.swingui.relational.TVFKRelation" oid="76A10774-33E0-7F71-857A-6AB1EAF1D474" otype="FKIndexAssociation" vid_source="C2BF19F2-9387-8107-D91D-905C44048A5B" vid_target="0547FF66-0752-781E-C3E6-6CBE625C3DDD">
<hideElementsInCurrentOnly>false</hideElementsInCurrentOnly>
<lineWidth>1</lineWidth>
</Connector>
<Connector class="oracle.dbtools.crest.swingui.relational.TVFKRelation" oid="8850874B-6FC2-AD59-5AF7-6CB60D139916" otype="FKIndexAssociation" vid_source="6AA164F6-ED51-6241-C849-2A56C708E076" vid_target="6AA164F6-ED51-6241-C849-2A56C708E076">
<hideElementsInCurrentOnly>false</hideElementsInCurrentOnly>
<lineWidth>1</lineWidth>
</Connector>
<Connector class="oracle.dbtools.crest.swingui.relational.TVFKRelation" oid="93077A47-57C3-16A7-4CFF-696FCEBCD104" otype="FKIndexAssociation" vid_source="6AA164F6-ED51-6241-C849-2A56C708E076" vid_target="F22811F5-B57B-B439-3D79-592F8D35698D">
<hideElementsInCurrentOnly>false</hideElementsInCurrentOnly>
<lineWidth>1</lineWidth>
</Connector>
<Connector class="oracle.dbtools.crest.swingui.relational.TVFKRelation" oid="CFBCCD76-E2B0-49D6-6505-AED4CEC4F1A6" otype="FKIndexAssociation" vid_source="92DD8935-ACF6-8DE4-9600-3E2C925EFEC6" vid_target="6AA164F6-ED51-6241-C849-2A56C708E076">
<hideElementsInCurrentOnly>false</hideElementsInCurrentOnly>
<lineWidth>1</lineWidth>
</Connector>
<Connector class="oracle.dbtools.crest.swingui.relational.TVFKRelation" oid="D01E1DBE-E921-A189-FAA0-AAE7CCF79564" otype="FKIndexAssociation" vid_source="92DD8935-ACF6-8DE4-9600-3E2C925EFEC6" vid_target="F22811F5-B57B-B439-3D79-592F8D35698D">
<hideElementsInCurrentOnly>false</hideElementsInCurrentOnly>
<lineWidth>1</lineWidth>
</Connector>
<Connector class="oracle.dbtools.crest.swingui.relational.TVFKRelation" oid="D078D9F6-4A87-E90E-9E28-4D13BF477F0D" otype="FKIndexAssociation" vid_source="6AA164F6-ED51-6241-C849-2A56C708E076" vid_target="0547FF66-0752-781E-C3E6-6CBE625C3DDD">
<hideElementsInCurrentOnly>false</hideElementsInCurrentOnly>
<lineWidth>1</lineWidth>
</Connector>
<Connector class="oracle.dbtools.crest.swingui.relational.TVFKRelation" oid="DDB750B6-44EC-5262-9308-4E548CFA47C2" otype="FKIndexAssociation" vid_source="6AA164F6-ED51-6241-C849-2A56C708E076" vid_target="C0081ACE-4900-050D-9A4C-28A41E1ECB7B">
<hideElementsInCurrentOnly>false</hideElementsInCurrentOnly>
<lineWidth>1</lineWidth>
</Connector>
</connectors>
</Diagram>