<?xml version = '1.0' encoding = 'UTF-8'?>
<Diagram class="oracle.dbtools.crest.swingui.relational.DPVRelationalSubView" name="Appointment" id="E44D7216-9532-B165-702E-FE005546B215">
<createdBy>david.moore</createdBy>
<createdTime>2015-01-12 09:18:02 UTC</createdTime>
<autoRoute>false</autoRoute>
<boxInbox>true</boxInbox>
<showLegend>false</showLegend>
<showLabels>false</showLabels>
<showRelAttributes>false</showRelAttributes>
<showGrid>false</showGrid>
<diagramColor>-1</diagramColor>
<display>false</display>
<notation>1</notation>
<objectViews>
<OView class="oracle.dbtools.crest.swingui.relational.TVTable" oid="8534D4B3-BEDB-B92F-4A81-B9B3DB530EDB" otype="Table" vid="0E9D352B-DBCA-FC68-34FE-2914691AA737">
<hideElementsInCurrentOnly>false</hideElementsInCurrentOnly>
<bounds x="20" y="286" width="319" height="388"/>
</OView>
<OView class="oracle.dbtools.crest.swingui.relational.TVTable" oid="8D2BA43A-3C44-6E7D-CD49-43BF450E3611" otype="Table" vid="C06CEB39-73B5-2984-35A4-722EAD6C22B5">
<hideElementsInCurrentOnly>false</hideElementsInCurrentOnly>
<bounds x="20" y="734" width="248" height="74"/>
</OView>
<OView class="oracle.dbtools.crest.swingui.relational.TVTable" oid="B20A9AF6-519D-0BFA-A3EF-D44818D4D111" otype="Table" vid="3CEF6747-77E0-E2E2-224A-6AE803F298B6">
<hideElementsInCurrentOnly>false</hideElementsInCurrentOnly>
<bounds x="20" y="20" width="310" height="206"/>
</OView>
<OView class="oracle.dbtools.crest.swingui.relational.TVTable" oid="BA3161E9-78DD-154B-5615-5D0DDF4A9670" otype="Table" vid="CD42D5F8-AA0E-EA73-C831-E0AED1C6DCD1">
<hideElementsInCurrentOnly>false</hideElementsInCurrentOnly>
<bounds x="419" y="286" width="257" height="74"/>
</OView>
</objectViews>
<connectors>
<Connector class="oracle.dbtools.crest.swingui.relational.TVFKRelation" oid="276780C8-7681-1C5B-E9ED-9670494B0B9F" otype="FKIndexAssociation" vid_source="CD42D5F8-AA0E-EA73-C831-E0AED1C6DCD1" vid_target="0E9D352B-DBCA-FC68-34FE-2914691AA737">
<hideElementsInCurrentOnly>false</hideElementsInCurrentOnly>
<lineWidth>1</lineWidth>
</Connector>
<Connector class="oracle.dbtools.crest.swingui.relational.TVFKRelation" oid="A76AEDE4-FBEC-9237-EEC0-2AA89AA8EF42" otype="FKIndexAssociation" vid_source="0E9D352B-DBCA-FC68-34FE-2914691AA737" vid_target="3CEF6747-77E0-E2E2-224A-6AE803F298B6">
<hideElementsInCurrentOnly>false</hideElementsInCurrentOnly>
<lineWidth>1</lineWidth>
</Connector>
<Connector class="oracle.dbtools.crest.swingui.relational.TVFKRelation" oid="CE238A67-231B-3E81-B010-D1D538DE5EF5" otype="FKIndexAssociation" vid_source="C06CEB39-73B5-2984-35A4-722EAD6C22B5" vid_target="0E9D352B-DBCA-FC68-34FE-2914691AA737">
<hideElementsInCurrentOnly>false</hideElementsInCurrentOnly>
<lineWidth>1</lineWidth>
</Connector>
</connectors>
</Diagram>