<?xml version = '1.0' encoding = 'UTF-8'?>
<Diagram class="oracle.dbtools.crest.swingui.relational.DPVRelationalSubView" name="Authentication" id="F4198108-4CE4-F652-8513-266A3636373A">
<createdBy>david.moore</createdBy>
<createdTime>2015-01-12 09:18:02 UTC</createdTime>
<autoRoute>false</autoRoute>
<boxInbox>true</boxInbox>
<showLegend>false</showLegend>
<showLabels>false</showLabels>
<showRelAttributes>false</showRelAttributes>
<showGrid>false</showGrid>
<diagramColor>-1</diagramColor>
<display>false</display>
<notation>1</notation>
<objectViews>
<OView class="oracle.dbtools.crest.swingui.relational.TVTable" oid="24B5B0FE-571A-7566-5F3B-D1657A42EA83" otype="Table" vid="4EBD1358-F18F-512F-5328-C5325F69E222">
<hideElementsInCurrentOnly>false</hideElementsInCurrentOnly>
<bounds x="397" y="20" width="279" height="88"/>
</OView>
<OView class="oracle.dbtools.crest.swingui.relational.TVTable" oid="2865709C-0C4F-029C-A7C5-5A1BEACFE3C6" otype="Table" vid="75E4B072-4BA9-2188-0889-6AD3412BFAEC">
<hideElementsInCurrentOnly>false</hideElementsInCurrentOnly>
<bounds x="20" y="188" width="272" height="88"/>
</OView>
<OView class="oracle.dbtools.crest.swingui.relational.TVTable" oid="8FD9CB38-3775-7F67-1302-CD729BF95008" otype="Table" vid="F53DFBC9-0782-2057-C842-C87D1EE121BF">
<hideElementsInCurrentOnly>false</hideElementsInCurrentOnly>
<bounds x="20" y="20" width="297" height="108"/>
</OView>
<OView class="oracle.dbtools.crest.swingui.relational.TVTable" oid="B67E817A-7025-333F-92D9-CA67F0B33409" otype="Table" vid="75A523AB-43D5-85F8-AA1C-2BB0A7A0B6BF">
<hideElementsInCurrentOnly>false</hideElementsInCurrentOnly>
<bounds x="20" y="336" width="339" height="220"/>
</OView>
</objectViews>
<connectors>
<Connector class="oracle.dbtools.crest.swingui.relational.TVFKRelation" oid="2A036548-5ADB-4BF1-E752-87EA4182AE54" otype="FKIndexAssociation" vid_source="4EBD1358-F18F-512F-5328-C5325F69E222" vid_target="F53DFBC9-0782-2057-C842-C87D1EE121BF">
<hideElementsInCurrentOnly>false</hideElementsInCurrentOnly>
<lineWidth>1</lineWidth>
</Connector>
<Connector class="oracle.dbtools.crest.swingui.relational.TVFKRelation" oid="CC72CFB9-F80A-BF1F-A17A-ACC7F2E32D31" otype="FKIndexAssociation" vid_source="75E4B072-4BA9-2188-0889-6AD3412BFAEC" vid_target="F53DFBC9-0782-2057-C842-C87D1EE121BF">
<hideElementsInCurrentOnly>false</hideElementsInCurrentOnly>
<lineWidth>1</lineWidth>
</Connector>
<Connector class="oracle.dbtools.crest.swingui.relational.TVFKRelation" oid="F477B94A-7D9B-E980-1BA6-A1B2D7AE5D8C" otype="FKIndexAssociation" vid_source="75E4B072-4BA9-2188-0889-6AD3412BFAEC" vid_target="75A523AB-43D5-85F8-AA1C-2BB0A7A0B6BF">
<hideElementsInCurrentOnly>false</hideElementsInCurrentOnly>
<lineWidth>1</lineWidth>
</Connector>
</connectors>
</Diagram>