<?xml version = '1.0' encoding = 'UTF-8'?>
<FKIndexAssociation class="oracle.dbtools.crest.model.design.relational.FKIndexAssociation" directorySegmentName="seg_1" id="013D94DB-FB82-F822-8A86-5074A5812CBE" name="FK_ViewCounter_CaseNote">
<sourceConnName>HWSInternal</sourceConnName>
<sourceObjSchema>Assessment</sourceObjSchema>
<sourceObjName>FK_ViewCounter_CaseNote</sourceObjName>
<createdBy>david.moore</createdBy>
<createdTime>2015-01-12 09:18:00 UTC</createdTime>
<ownerDesignName>HWSInternal_12_01_2015</ownerDesignName>
<containerWithKeyObject>403C4D88-48A9-B024-0CC0-011DF1F0B226</containerWithKeyObject>
<deleteRule>NO ACTION</deleteRule>
<localFKIndex>D7D7F02B-F507-4AFC-0C56-DF3A4BD8FB27</localFKIndex>
<keyObject>F5137282-CDCD-01B9-75D8-F8CB0CD78BA1</keyObject>
<mandatory>false</mandatory>
<transferable>true</transferable>
<columnDependencyConstraintGenerateInDDL>true</columnDependencyConstraintGenerateInDDL>
</FKIndexAssociation>