<?xml version = '1.0' encoding = 'UTF-8'?>
<FKIndexAssociation class="oracle.dbtools.crest.model.design.relational.FKIndexAssociation" directorySegmentName="seg_1" id="09514162-FE7C-2827-2013-4A4C91DFE842" name="FK_tblClinician2Specialisation_tblNetworkOHPs">
<sourceConnName>HWSInternal</sourceConnName>
<sourceObjSchema>dbo</sourceObjSchema>
<sourceObjName>FK_tblClinician2Specialisation_tblNetworkOHPs</sourceObjName>
<createdBy>david.moore</createdBy>
<createdTime>2015-01-12 09:18:00 UTC</createdTime>
<ownerDesignName>HWSInternal_12_01_2015</ownerDesignName>
<containerWithKeyObject>A7E0E2AA-B1CC-CEA4-59DF-63101E5BA245</containerWithKeyObject>
<deleteRule>NO ACTION</deleteRule>
<localFKIndex>41B60E84-8CCC-7B3F-3524-7601002226F2</localFKIndex>
<keyObject>6E651C39-FA7E-5E14-C501-F92D84502208</keyObject>
<mandatory>true</mandatory>
<transferable>true</transferable>
<columnDependencyConstraintGenerateInDDL>true</columnDependencyConstraintGenerateInDDL>
</FKIndexAssociation>