<?xml version = '1.0' encoding = 'UTF-8'?>
<FKIndexAssociation class="oracle.dbtools.crest.model.design.relational.FKIndexAssociation" directorySegmentName="seg_1" id="0D03C1B7-E7E9-5D8D-2A35-54EB57F27CAA" name="FK_ReturnToWorkPlan_Assessment">
<sourceConnName>HWSInternal</sourceConnName>
<sourceObjSchema>Assessment</sourceObjSchema>
<sourceObjName>FK_ReturnToWorkPlan_Assessment</sourceObjName>
<createdBy>david.moore</createdBy>
<createdTime>2015-01-12 09:18:00 UTC</createdTime>
<ownerDesignName>HWSInternal_12_01_2015</ownerDesignName>
<containerWithKeyObject>518F1E60-EED0-77AE-9000-39E39489D3AB</containerWithKeyObject>
<deleteRule>NO ACTION</deleteRule>
<localFKIndex>06214733-26C3-C9C4-E198-3FEB2ADC9DA8</localFKIndex>
<keyObject>419C4E6B-4057-2A3D-CA16-874782A5D797</keyObject>
<mandatory>false</mandatory>
<transferable>true</transferable>
<columnDependencyConstraintGenerateInDDL>true</columnDependencyConstraintGenerateInDDL>
</FKIndexAssociation>