<?xml version = '1.0' encoding = 'UTF-8'?>
<FKIndexAssociation class="oracle.dbtools.crest.model.design.relational.FKIndexAssociation" directorySegmentName="seg_1" id="20F15308-75D0-4428-95B8-03C86A4FE52A" name="FK_tblTemplateButtons_tblButtonGroups">
<sourceConnName>HWSInternal</sourceConnName>
<sourceObjSchema>dbo</sourceObjSchema>
<sourceObjName>FK_tblTemplateButtons_tblButtonGroups</sourceObjName>
<createdBy>david.moore</createdBy>
<createdTime>2015-01-12 09:18:00 UTC</createdTime>
<ownerDesignName>HWSInternal_12_01_2015</ownerDesignName>
<containerWithKeyObject>B1EBC82C-ACE8-19E3-33D8-7BEBD4AFD89B</containerWithKeyObject>
<deleteRule>NO ACTION</deleteRule>
<localFKIndex>A1B58532-01BE-8876-6263-43724BCBDCB7</localFKIndex>
<keyObject>66C6C0A9-2262-74A9-771A-4E9999EB32A6</keyObject>
<mandatory>true</mandatory>
<transferable>true</transferable>
<columnDependencyConstraintGenerateInDDL>true</columnDependencyConstraintGenerateInDDL>
</FKIndexAssociation>