<?xml version = '1.0' encoding = 'UTF-8'?>
<FKIndexAssociation class="oracle.dbtools.crest.model.design.relational.FKIndexAssociation" directorySegmentName="seg_1" id="21B6872D-D462-BEF9-31E8-8C34786EE3F0" name="FK_tblClinic2Specialisation_tblSpecialisations">
<sourceConnName>HWSInternal</sourceConnName>
<sourceObjSchema>dbo</sourceObjSchema>
<sourceObjName>FK_tblClinic2Specialisation_tblSpecialisations</sourceObjName>
<createdBy>david.moore</createdBy>
<createdTime>2015-01-12 09:18:00 UTC</createdTime>
<ownerDesignName>HWSInternal_12_01_2015</ownerDesignName>
<containerWithKeyObject>9FA5E6BA-99C3-A5A9-E85A-5345E6C14F6A</containerWithKeyObject>
<deleteRule>NO ACTION</deleteRule>
<localFKIndex>6009BEA8-C80D-61BC-C0F4-7CC23CBBC7F9</localFKIndex>
<keyObject>6B859B6B-B8F5-9904-AF6E-38B98B0B5521</keyObject>
<mandatory>true</mandatory>
<transferable>true</transferable>
<columnDependencyConstraintGenerateInDDL>true</columnDependencyConstraintGenerateInDDL>
</FKIndexAssociation>