<?xml version = '1.0' encoding = 'UTF-8'?>
<FKIndexAssociation class="oracle.dbtools.crest.model.design.relational.FKIndexAssociation" directorySegmentName="seg_1" id="2A036548-5ADB-4BF1-E752-87EA4182AE54" name="fk_RoleId">
<sourceConnName>HWSInternal</sourceConnName>
<sourceObjSchema>Authentication</sourceObjSchema>
<sourceObjName>fk_RoleId</sourceObjName>
<createdBy>david.moore</createdBy>
<createdTime>2015-01-12 09:18:00 UTC</createdTime>
<ownerDesignName>HWSInternal_12_01_2015</ownerDesignName>
<containerWithKeyObject>8FD9CB38-3775-7F67-1302-CD729BF95008</containerWithKeyObject>
<deleteRule>NO ACTION</deleteRule>
<localFKIndex>E97A8B0D-C689-A5B6-47E3-7A86CCB14042</localFKIndex>
<keyObject>C414128D-6DFD-9730-B3C6-2BCF88B9F7D8</keyObject>
<mandatory>true</mandatory>
<transferable>true</transferable>
<columnDependencyConstraintGenerateInDDL>true</columnDependencyConstraintGenerateInDDL>
</FKIndexAssociation>