<?xml version = '1.0' encoding = 'UTF-8'?>
<FKIndexAssociation class="oracle.dbtools.crest.model.design.relational.FKIndexAssociation" directorySegmentName="seg_1" id="2F542CD6-1EEE-51BE-4405-3034D3F8008D" name="FK__Clinic_Cl__Clini__54EB90A0">
<sourceConnName>HWSInternal</sourceConnName>
<sourceObjSchema>Clinic</sourceObjSchema>
<sourceObjName>FK__Clinic_Cl__Clini__54EB90A0</sourceObjName>
<createdBy>david.moore</createdBy>
<createdTime>2015-01-12 09:18:00 UTC</createdTime>
<ownerDesignName>HWSInternal_12_01_2015</ownerDesignName>
<containerWithKeyObject>5D88B64B-9920-62E9-88B6-2E4A8538F118</containerWithKeyObject>
<deleteRule>NO ACTION</deleteRule>
<localFKIndex>C36D73A5-AFB5-8584-56F2-5848FEA14E0A</localFKIndex>
<keyObject>44BFFF02-386C-74F8-ACF6-62E3EAD0C62D</keyObject>
<mandatory>false</mandatory>
<transferable>true</transferable>
<columnDependencyConstraintGenerateInDDL>true</columnDependencyConstraintGenerateInDDL>
</FKIndexAssociation>