<?xml version = '1.0' encoding = 'UTF-8'?>
<FKIndexAssociation class="oracle.dbtools.crest.model.design.relational.FKIndexAssociation" directorySegmentName="seg_1" id="322D5969-93A8-7D93-90CA-BCD1723BB57E" name="FK_Recommendation_Obstacle">
<sourceConnName>HWSInternal</sourceConnName>
<sourceObjSchema>Assessment</sourceObjSchema>
<sourceObjName>FK_Recommendation_Obstacle</sourceObjName>
<createdBy>david.moore</createdBy>
<createdTime>2015-01-12 09:18:00 UTC</createdTime>
<ownerDesignName>HWSInternal_12_01_2015</ownerDesignName>
<containerWithKeyObject>DC538014-32DE-6DDB-2E53-78AAA4F2416B</containerWithKeyObject>
<deleteRule>NO ACTION</deleteRule>
<localFKIndex>80F00AB9-E5CF-8E05-F653-E2E97CB13042</localFKIndex>
<keyObject>00639A0E-50ED-2F79-B1E3-01C13577B899</keyObject>
<mandatory>true</mandatory>
<transferable>true</transferable>
<columnDependencyConstraintGenerateInDDL>true</columnDependencyConstraintGenerateInDDL>
</FKIndexAssociation>