<?xml version = '1.0' encoding = 'UTF-8'?>
<FKIndexAssociation class="oracle.dbtools.crest.model.design.relational.FKIndexAssociation" directorySegmentName="seg_1" id="3B8B4CB1-E742-F5FD-6743-6B27C364B8F0" name="FK_tblDr2Specialisation_tblSpecialisations">
<sourceConnName>HWSInternal</sourceConnName>
<sourceObjSchema>dbo</sourceObjSchema>
<sourceObjName>FK_tblDr2Specialisation_tblSpecialisations</sourceObjName>
<createdBy>david.moore</createdBy>
<createdTime>2015-01-12 09:18:00 UTC</createdTime>
<ownerDesignName>HWSInternal_12_01_2015</ownerDesignName>
<containerWithKeyObject>A1E0515A-83DA-B764-29BF-0920E7800B14</containerWithKeyObject>
<deleteRule>NO ACTION</deleteRule>
<localFKIndex>A578D5AD-C65A-476D-6EA2-472FF23A5F64</localFKIndex>
<keyObject>6B859B6B-B8F5-9904-AF6E-38B98B0B5521</keyObject>
<mandatory>true</mandatory>
<transferable>true</transferable>
<columnDependencyConstraintGenerateInDDL>true</columnDependencyConstraintGenerateInDDL>
</FKIndexAssociation>