<?xml version = '1.0' encoding = 'UTF-8'?>
<FKIndexAssociation class="oracle.dbtools.crest.model.design.relational.FKIndexAssociation" directorySegmentName="seg_1" id="4A323EE4-496D-FD2A-BBA3-D5D10F708B9E" name="FK_tblTemplates_tblInvuDocumentTypes">
<sourceConnName>HWSInternal</sourceConnName>
<sourceObjSchema>dbo</sourceObjSchema>
<sourceObjName>FK_tblTemplates_tblInvuDocumentTypes</sourceObjName>
<createdBy>david.moore</createdBy>
<createdTime>2015-01-12 09:18:00 UTC</createdTime>
<ownerDesignName>HWSInternal_12_01_2015</ownerDesignName>
<containerWithKeyObject>B61BA2E3-E195-0957-D57B-D194CD847EEE</containerWithKeyObject>
<deleteRule>NO ACTION</deleteRule>
<localFKIndex>CAC335BA-D46C-1215-FE54-86FAB5A4DCD0</localFKIndex>
<keyObject>613F6FEE-811E-AAE7-1875-B8991FB63DBC</keyObject>
<mandatory>false</mandatory>
<transferable>true</transferable>
<columnDependencyConstraintGenerateInDDL>true</columnDependencyConstraintGenerateInDDL>
</FKIndexAssociation>