<?xml version = '1.0' encoding = 'UTF-8'?>
<FKIndexAssociation class="oracle.dbtools.crest.model.design.relational.FKIndexAssociation" directorySegmentName="seg_1" id="4FCB321E-F415-692F-CCCA-4D86F9449A88" name="FK_Signpost_Obstacle">
<sourceConnName>HWSInternal</sourceConnName>
<sourceObjSchema>Assessment</sourceObjSchema>
<sourceObjName>FK_Signpost_Obstacle</sourceObjName>
<createdBy>david.moore</createdBy>
<createdTime>2015-01-12 09:18:00 UTC</createdTime>
<ownerDesignName>HWSInternal_12_01_2015</ownerDesignName>
<containerWithKeyObject>9E22C17E-35B5-2081-F7F3-1FB77DBE63E4</containerWithKeyObject>
<deleteRule>NO ACTION</deleteRule>
<localFKIndex>D45CFE73-FCBA-3EB7-9D8C-BC8BAD9C9120</localFKIndex>
<keyObject>00639A0E-50ED-2F79-B1E3-01C13577B899</keyObject>
<mandatory>true</mandatory>
<transferable>true</transferable>
<columnDependencyConstraintGenerateInDDL>true</columnDependencyConstraintGenerateInDDL>
</FKIndexAssociation>