<?xml version = '1.0' encoding = 'UTF-8'?>
<FKIndexAssociation class="oracle.dbtools.crest.model.design.relational.FKIndexAssociation" directorySegmentName="seg_1" id="51F0C93F-73A2-1AC9-A4C5-9CB76E23F5B8" name="FK_Referral_ReferralEligibility">
<sourceConnName>HWSInternal</sourceConnName>
<sourceObjSchema>Referral</sourceObjSchema>
<sourceObjName>FK_Referral_ReferralEligibility</sourceObjName>
<createdBy>david.moore</createdBy>
<createdTime>2015-01-12 09:18:00 UTC</createdTime>
<ownerDesignName>HWSInternal_12_01_2015</ownerDesignName>
<containerWithKeyObject>41BDEA63-1F2A-2DD2-50AE-B8A6B606C1B2</containerWithKeyObject>
<deleteRule>NO ACTION</deleteRule>
<localFKIndex>1D6D1B62-9FF5-CA94-3110-CC8D79F127CE</localFKIndex>
<keyObject>5B3516C6-943F-D074-CB60-3B3D4000E9C4</keyObject>
<mandatory>true</mandatory>
<transferable>true</transferable>
<columnDependencyConstraintGenerateInDDL>true</columnDependencyConstraintGenerateInDDL>
</FKIndexAssociation>