<?xml version = '1.0' encoding = 'UTF-8'?>
<FKIndexAssociation class="oracle.dbtools.crest.model.design.relational.FKIndexAssociation" directorySegmentName="seg_1" id="56A58297-D645-DF53-B73E-2D2766DB488E" name="FK_Resource_CTATeam">
<sourceConnName>HWSInternal</sourceConnName>
<sourceObjSchema>Resources</sourceObjSchema>
<sourceObjName>FK_Resource_CTATeam</sourceObjName>
<createdBy>david.moore</createdBy>
<createdTime>2015-01-12 09:18:00 UTC</createdTime>
<ownerDesignName>HWSInternal_12_01_2015</ownerDesignName>
<containerWithKeyObject>85F62581-12C1-B2B8-0AC0-C25BCB9017EC</containerWithKeyObject>
<deleteRule>NO ACTION</deleteRule>
<localFKIndex>BAEDE344-52C9-F14F-D1C3-A2B0BF043FA0</localFKIndex>
<keyObject>E83F6263-2521-4348-065C-4B5B66611A40</keyObject>
<mandatory>false</mandatory>
<transferable>true</transferable>
<columnDependencyConstraintGenerateInDDL>true</columnDependencyConstraintGenerateInDDL>
</FKIndexAssociation>