<?xml version = '1.0' encoding = 'UTF-8'?>
<FKIndexAssociation class="oracle.dbtools.crest.model.design.relational.FKIndexAssociation" directorySegmentName="seg_1" id="5C208BBE-5316-A717-8401-D21DF1C4E7E5" name="FK_ReturnToWorkPlanIntervention_ReturnToWorkPlan">
<sourceConnName>HWSInternal</sourceConnName>
<sourceObjSchema>Assessment</sourceObjSchema>
<sourceObjName>FK_ReturnToWorkPlanIntervention_ReturnToWorkPlan</sourceObjName>
<createdBy>david.moore</createdBy>
<createdTime>2015-01-12 09:18:00 UTC</createdTime>
<ownerDesignName>HWSInternal_12_01_2015</ownerDesignName>
<containerWithKeyObject>417161D9-A72A-FD26-D6A6-D099DD249481</containerWithKeyObject>
<deleteRule>NO ACTION</deleteRule>
<localFKIndex>49543A85-3F29-16BB-BD6A-1938FFBEDEBE</localFKIndex>
<keyObject>A17A7782-D95D-065F-65BE-257AA4A72714</keyObject>
<mandatory>true</mandatory>
<transferable>true</transferable>
<columnDependencyConstraintGenerateInDDL>true</columnDependencyConstraintGenerateInDDL>
</FKIndexAssociation>