<?xml version = '1.0' encoding = 'UTF-8'?>
<FKIndexAssociation class="oracle.dbtools.crest.model.design.relational.FKIndexAssociation" directorySegmentName="seg_1" id="66CE2143-EDE0-9972-003F-065C11B2C71B" name="FK_ResourceSkill_Skill">
<sourceConnName>HWSInternal</sourceConnName>
<sourceObjSchema>Resources</sourceObjSchema>
<sourceObjName>FK_ResourceSkill_Skill</sourceObjName>
<createdBy>david.moore</createdBy>
<createdTime>2015-01-12 09:18:00 UTC</createdTime>
<ownerDesignName>HWSInternal_12_01_2015</ownerDesignName>
<containerWithKeyObject>E98D848B-F4B9-6350-D332-05A162983004</containerWithKeyObject>
<deleteRule>NO ACTION</deleteRule>
<localFKIndex>EDBBB892-E767-4F6C-1B94-501285049112</localFKIndex>
<keyObject>0DE1C215-40A0-7F5A-1968-998DFF724D29</keyObject>
<mandatory>true</mandatory>
<transferable>true</transferable>
<columnDependencyConstraintGenerateInDDL>true</columnDependencyConstraintGenerateInDDL>
</FKIndexAssociation>