<?xml version = '1.0' encoding = 'UTF-8'?>
<FKIndexAssociation class="oracle.dbtools.crest.model.design.relational.FKIndexAssociation" directorySegmentName="seg_1" id="672569BD-06CF-989C-93A7-E8F8A3286053" name="FK_ViewCounter_ReturnToWorkPlan">
<sourceConnName>HWSInternal</sourceConnName>
<sourceObjSchema>Assessment</sourceObjSchema>
<sourceObjName>FK_ViewCounter_ReturnToWorkPlan</sourceObjName>
<createdBy>david.moore</createdBy>
<createdTime>2015-01-12 09:18:00 UTC</createdTime>
<ownerDesignName>HWSInternal_12_01_2015</ownerDesignName>
<containerWithKeyObject>403C4D88-48A9-B024-0CC0-011DF1F0B226</containerWithKeyObject>
<deleteRule>NO ACTION</deleteRule>
<localFKIndex>7A438CFB-BD7D-8D1B-7F46-CE84B89E9EEF</localFKIndex>
<keyObject>A17A7782-D95D-065F-65BE-257AA4A72714</keyObject>
<mandatory>false</mandatory>
<transferable>true</transferable>
<columnDependencyConstraintGenerateInDDL>true</columnDependencyConstraintGenerateInDDL>
</FKIndexAssociation>