<?xml version = '1.0' encoding = 'UTF-8'?>
<FKIndexAssociation class="oracle.dbtools.crest.model.design.relational.FKIndexAssociation" directorySegmentName="seg_1" id="69335A68-777F-0371-3957-91380EFD4A77" name="FK_ReturnToWorkPlan_FitStatus">
<sourceConnName>HWSInternal</sourceConnName>
<sourceObjSchema>Assessment</sourceObjSchema>
<sourceObjName>FK_ReturnToWorkPlan_FitStatus</sourceObjName>
<createdBy>david.moore</createdBy>
<createdTime>2015-01-12 09:18:00 UTC</createdTime>
<ownerDesignName>HWSInternal_12_01_2015</ownerDesignName>
<containerWithKeyObject>518F1E60-EED0-77AE-9000-39E39489D3AB</containerWithKeyObject>
<deleteRule>NO ACTION</deleteRule>
<localFKIndex>A85220D2-FDDE-39B1-CD97-845E785D25E7</localFKIndex>
<keyObject>907E16B0-BBB5-9093-E0C4-0D04C4362ADC</keyObject>
<mandatory>false</mandatory>
<transferable>true</transferable>
<columnDependencyConstraintGenerateInDDL>true</columnDependencyConstraintGenerateInDDL>
</FKIndexAssociation>