<?xml version = '1.0' encoding = 'UTF-8'?>
<FKIndexAssociation class="oracle.dbtools.crest.model.design.relational.FKIndexAssociation" directorySegmentName="seg_1" id="6C42FEC0-7DBE-53DE-C73E-237EA9627DDD" name="FK_tblClinic2Specialisation_tblOHPClinics">
<sourceConnName>HWSInternal</sourceConnName>
<sourceObjSchema>dbo</sourceObjSchema>
<sourceObjName>FK_tblClinic2Specialisation_tblOHPClinics</sourceObjName>
<createdBy>david.moore</createdBy>
<createdTime>2015-01-12 09:18:00 UTC</createdTime>
<ownerDesignName>HWSInternal_12_01_2015</ownerDesignName>
<containerWithKeyObject>9FA5E6BA-99C3-A5A9-E85A-5345E6C14F6A</containerWithKeyObject>
<deleteRule>NO ACTION</deleteRule>
<localFKIndex>C892AEAE-F2C5-078D-125A-299BD4EEA3F3</localFKIndex>
<keyObject>95FFC6A0-FB4C-FE15-AD79-5EBFD472FEFA</keyObject>
<mandatory>true</mandatory>
<transferable>true</transferable>
<columnDependencyConstraintGenerateInDDL>true</columnDependencyConstraintGenerateInDDL>
</FKIndexAssociation>