<?xml version = '1.0' encoding = 'UTF-8'?>
<FKIndexAssociation class="oracle.dbtools.crest.model.design.relational.FKIndexAssociation" directorySegmentName="seg_1" id="767D4DA4-FF93-5C9F-9FB1-EB12A021F3BF" name="FK__Clinician__Clini__642DD430">
<sourceConnName>HWSInternal</sourceConnName>
<sourceObjSchema>Clinic</sourceObjSchema>
<sourceObjName>FK__Clinician__Clini__642DD430</sourceObjName>
<createdBy>david.moore</createdBy>
<createdTime>2015-01-12 09:18:00 UTC</createdTime>
<ownerDesignName>HWSInternal_12_01_2015</ownerDesignName>
<containerWithKeyObject>EAF53EF9-F75C-5DEE-E17F-9FBAB5FFA6B6</containerWithKeyObject>
<deleteRule>NO ACTION</deleteRule>
<localFKIndex>F9CA982D-545F-9CFC-2D92-0189C44F4F17</localFKIndex>
<keyObject>44BFFF02-386C-74F8-ACF6-62E3EAD0C62D</keyObject>
<mandatory>false</mandatory>
<transferable>true</transferable>
<columnDependencyConstraintGenerateInDDL>true</columnDependencyConstraintGenerateInDDL>
</FKIndexAssociation>