<?xml version = '1.0' encoding = 'UTF-8'?>
<FKIndexAssociation class="oracle.dbtools.crest.model.design.relational.FKIndexAssociation" directorySegmentName="seg_1" id="82950AC1-229D-2C73-0D9C-3ABFD819AEA1" name="FK__Clinician__Speci__6521F869">
<sourceConnName>HWSInternal</sourceConnName>
<sourceObjSchema>Clinic</sourceObjSchema>
<sourceObjName>FK__Clinician__Speci__6521F869</sourceObjName>
<createdBy>david.moore</createdBy>
<createdTime>2015-01-12 09:18:00 UTC</createdTime>
<ownerDesignName>HWSInternal_12_01_2015</ownerDesignName>
<containerWithKeyObject>EAF53EF9-F75C-5DEE-E17F-9FBAB5FFA6B6</containerWithKeyObject>
<deleteRule>NO ACTION</deleteRule>
<localFKIndex>FEC858BF-EE09-2AF1-E392-74A824E4AE55</localFKIndex>
<keyObject>FF8B9C2A-DD54-F958-CB09-FF83B9F34D99</keyObject>
<mandatory>false</mandatory>
<transferable>true</transferable>
<columnDependencyConstraintGenerateInDDL>true</columnDependencyConstraintGenerateInDDL>
</FKIndexAssociation>