<?xml version = '1.0' encoding = 'UTF-8'?>
<FKIndexAssociation class="oracle.dbtools.crest.model.design.relational.FKIndexAssociation" directorySegmentName="seg_1" id="83C252DB-8D17-B8BC-BB91-EDC96FA077D8" name="FK_tblInvuDocuments_CaseNote">
<sourceConnName>HWSInternal</sourceConnName>
<sourceObjSchema>dbo</sourceObjSchema>
<sourceObjName>FK_tblInvuDocuments_CaseNote</sourceObjName>
<createdBy>david.moore</createdBy>
<createdTime>2015-01-12 09:18:00 UTC</createdTime>
<ownerDesignName>HWSInternal_12_01_2015</ownerDesignName>
<containerWithKeyObject>71A1FFB7-2BC2-1E55-531C-7FE129BEBED7</containerWithKeyObject>
<deleteRule>NO ACTION</deleteRule>
<localFKIndex>9EB2DA5B-EB5F-A585-9EFD-31FCF38B6F2A</localFKIndex>
<keyObject>F5137282-CDCD-01B9-75D8-F8CB0CD78BA1</keyObject>
<mandatory>true</mandatory>
<transferable>true</transferable>
<columnDependencyConstraintGenerateInDDL>true</columnDependencyConstraintGenerateInDDL>
</FKIndexAssociation>