<?xml version = '1.0' encoding = 'UTF-8'?>
<FKIndexAssociation class="oracle.dbtools.crest.model.design.relational.FKIndexAssociation" directorySegmentName="seg_1" id="8635D60A-EDE3-4E00-DF1E-910221B825DF" name="FK_tblClinic2OHP_tblOHPClinics">
<sourceConnName>HWSInternal</sourceConnName>
<sourceObjSchema>dbo</sourceObjSchema>
<sourceObjName>FK_tblClinic2OHP_tblOHPClinics</sourceObjName>
<createdBy>david.moore</createdBy>
<createdTime>2015-01-12 09:18:00 UTC</createdTime>
<ownerDesignName>HWSInternal_12_01_2015</ownerDesignName>
<containerWithKeyObject>775A6D80-C5F4-109E-227B-829FDC74533C</containerWithKeyObject>
<deleteRule>NO ACTION</deleteRule>
<localFKIndex>9633B0ED-D898-1E33-89D5-2C86490DB9D3</localFKIndex>
<keyObject>95FFC6A0-FB4C-FE15-AD79-5EBFD472FEFA</keyObject>
<mandatory>false</mandatory>
<transferable>true</transferable>
<columnDependencyConstraintGenerateInDDL>true</columnDependencyConstraintGenerateInDDL>
</FKIndexAssociation>