<?xml version = '1.0' encoding = 'UTF-8'?>
<FKIndexAssociation class="oracle.dbtools.crest.model.design.relational.FKIndexAssociation" directorySegmentName="seg_1" id="87735176-929C-82FA-A63D-FBD35E2A4153" name="FK_tblTemplateButtons_tblTemplates">
<sourceConnName>HWSInternal</sourceConnName>
<sourceObjSchema>dbo</sourceObjSchema>
<sourceObjName>FK_tblTemplateButtons_tblTemplates</sourceObjName>
<createdBy>david.moore</createdBy>
<createdTime>2015-01-12 09:18:00 UTC</createdTime>
<ownerDesignName>HWSInternal_12_01_2015</ownerDesignName>
<containerWithKeyObject>B1EBC82C-ACE8-19E3-33D8-7BEBD4AFD89B</containerWithKeyObject>
<deleteRule>NO ACTION</deleteRule>
<localFKIndex>FE55428C-5FDB-551D-FEC1-1958578376C0</localFKIndex>
<keyObject>C36410FB-BEAB-9DA2-1304-F6C22F8C95A2</keyObject>
<mandatory>true</mandatory>
<transferable>true</transferable>
<columnDependencyConstraintGenerateInDDL>true</columnDependencyConstraintGenerateInDDL>
</FKIndexAssociation>