<?xml version = '1.0' encoding = 'UTF-8'?>
<FKIndexAssociation class="oracle.dbtools.crest.model.design.relational.FKIndexAssociation" directorySegmentName="seg_1" id="89C56911-9475-9053-05D6-8D9CC726991C" name="FK_tblOHPClinics_tblOHPClinics">
<sourceConnName>HWSInternal</sourceConnName>
<sourceObjSchema>dbo</sourceObjSchema>
<sourceObjName>FK_tblOHPClinics_tblOHPClinics</sourceObjName>
<createdBy>david.moore</createdBy>
<createdTime>2015-01-12 09:18:00 UTC</createdTime>
<ownerDesignName>HWSInternal_12_01_2015</ownerDesignName>
<containerWithKeyObject>FCEB9247-B09D-98F2-9DC6-2A47190C8F39</containerWithKeyObject>
<deleteRule>NO ACTION</deleteRule>
<localFKIndex>54B55E53-D568-3E95-B2BC-3DF3B4070509</localFKIndex>
<keyObject>95FFC6A0-FB4C-FE15-AD79-5EBFD472FEFA</keyObject>
<mandatory>false</mandatory>
<transferable>true</transferable>
<columnDependencyConstraintGenerateInDDL>true</columnDependencyConstraintGenerateInDDL>
</FKIndexAssociation>