<?xml version = '1.0' encoding = 'UTF-8'?>
<FKIndexAssociation class="oracle.dbtools.crest.model.design.relational.FKIndexAssociation" directorySegmentName="seg_1" id="8B00F8B3-1C2A-9387-2EAB-4D423DE3790D" name="FK_Referral_GeneralPractitioner">
<sourceConnName>HWSInternal</sourceConnName>
<sourceObjSchema>Referral</sourceObjSchema>
<sourceObjName>FK_Referral_GeneralPractitioner</sourceObjName>
<createdBy>david.moore</createdBy>
<createdTime>2015-01-12 09:18:00 UTC</createdTime>
<ownerDesignName>HWSInternal_12_01_2015</ownerDesignName>
<containerWithKeyObject>41BDEA63-1F2A-2DD2-50AE-B8A6B606C1B2</containerWithKeyObject>
<deleteRule>NO ACTION</deleteRule>
<localFKIndex>43649760-EA9C-5ACE-90B7-FCDAFBF15A48</localFKIndex>
<keyObject>28AF83AE-3B30-7631-606D-DD6CEFD8FB89</keyObject>
<mandatory>true</mandatory>
<transferable>true</transferable>
<columnDependencyConstraintGenerateInDDL>true</columnDependencyConstraintGenerateInDDL>
</FKIndexAssociation>