<?xml version = '1.0' encoding = 'UTF-8'?>
<FKIndexAssociation class="oracle.dbtools.crest.model.design.relational.FKIndexAssociation" directorySegmentName="seg_1" id="8CBCF7E7-20F3-DE08-E67F-E9AC1888ED0F" name="FK_ReturnToWorkPlan_ReturnToWorkOption">
<sourceConnName>HWSInternal</sourceConnName>
<sourceObjSchema>Assessment</sourceObjSchema>
<sourceObjName>FK_ReturnToWorkPlan_ReturnToWorkOption</sourceObjName>
<createdBy>david.moore</createdBy>
<createdTime>2015-01-12 09:18:00 UTC</createdTime>
<ownerDesignName>HWSInternal_12_01_2015</ownerDesignName>
<containerWithKeyObject>518F1E60-EED0-77AE-9000-39E39489D3AB</containerWithKeyObject>
<deleteRule>NO ACTION</deleteRule>
<localFKIndex>30D96A68-2E55-5342-AE7F-4E345AE0BE1F</localFKIndex>
<keyObject>E77242B8-884B-7AE6-91A7-D4BF2662D460</keyObject>
<mandatory>false</mandatory>
<transferable>true</transferable>
<columnDependencyConstraintGenerateInDDL>true</columnDependencyConstraintGenerateInDDL>
</FKIndexAssociation>