<?xml version = '1.0' encoding = 'UTF-8'?>
<FKIndexAssociation class="oracle.dbtools.crest.model.design.relational.FKIndexAssociation" directorySegmentName="seg_1" id="8DB4885D-5D7D-A17D-5A6E-E55260F0A2FA" name="FK_WorkplaceAdjustment_Obstacle">
<sourceConnName>HWSInternal</sourceConnName>
<sourceObjSchema>Assessment</sourceObjSchema>
<sourceObjName>FK_WorkplaceAdjustment_Obstacle</sourceObjName>
<createdBy>david.moore</createdBy>
<createdTime>2015-01-12 09:18:00 UTC</createdTime>
<ownerDesignName>HWSInternal_12_01_2015</ownerDesignName>
<containerWithKeyObject>B5E2D5A1-D26B-CED9-5706-63DE1DF79F59</containerWithKeyObject>
<deleteRule>NO ACTION</deleteRule>
<localFKIndex>35082C23-B20C-4E4F-6E01-52AE4A041D75</localFKIndex>
<keyObject>00639A0E-50ED-2F79-B1E3-01C13577B899</keyObject>
<mandatory>true</mandatory>
<transferable>true</transferable>
<columnDependencyConstraintGenerateInDDL>true</columnDependencyConstraintGenerateInDDL>
</FKIndexAssociation>