<?xml version = '1.0' encoding = 'UTF-8'?>
<FKIndexAssociation class="oracle.dbtools.crest.model.design.relational.FKIndexAssociation" directorySegmentName="seg_1" id="90A9B736-2F49-0DD5-681F-8C70715E371D" name="FK_ReturnToWorkPlanSignposting_ReturnToWorkPlan">
<sourceConnName>HWSInternal</sourceConnName>
<sourceObjSchema>Assessment</sourceObjSchema>
<sourceObjName>FK_ReturnToWorkPlanSignposting_ReturnToWorkPlan</sourceObjName>
<createdBy>david.moore</createdBy>
<createdTime>2015-01-12 09:18:00 UTC</createdTime>
<ownerDesignName>HWSInternal_12_01_2015</ownerDesignName>
<containerWithKeyObject>035BBD0B-E7B5-3FED-FE8E-FB0C7AD715E1</containerWithKeyObject>
<deleteRule>NO ACTION</deleteRule>
<localFKIndex>2B26C341-C2F2-B001-F4AA-28C6F64AA3AD</localFKIndex>
<keyObject>A17A7782-D95D-065F-65BE-257AA4A72714</keyObject>
<mandatory>true</mandatory>
<transferable>true</transferable>
<columnDependencyConstraintGenerateInDDL>true</columnDependencyConstraintGenerateInDDL>
</FKIndexAssociation>