<?xml version = '1.0' encoding = 'UTF-8'?>
<FKIndexAssociation class="oracle.dbtools.crest.model.design.relational.FKIndexAssociation" directorySegmentName="seg_1" id="9CEEFC1A-9716-5DFE-F3B1-58802C000C7E" name="FK__Clinic_Sp__Clini__5E74FADA">
<sourceConnName>HWSInternal</sourceConnName>
<sourceObjSchema>Clinic</sourceObjSchema>
<sourceObjName>FK__Clinic_Sp__Clini__5E74FADA</sourceObjName>
<createdBy>david.moore</createdBy>
<createdTime>2015-01-12 09:18:00 UTC</createdTime>
<ownerDesignName>HWSInternal_12_01_2015</ownerDesignName>
<containerWithKeyObject>09268D0E-CF51-623C-6A7B-338D7D7FE10A</containerWithKeyObject>
<deleteRule>NO ACTION</deleteRule>
<localFKIndex>642DC3B8-E870-31D9-7609-D47C04B6426C</localFKIndex>
<keyObject>9899E42D-8A00-9F5D-35D0-3DEF803BAB53</keyObject>
<mandatory>false</mandatory>
<transferable>true</transferable>
<columnDependencyConstraintGenerateInDDL>true</columnDependencyConstraintGenerateInDDL>
</FKIndexAssociation>