<?xml version = '1.0' encoding = 'UTF-8'?>
<FKIndexAssociation class="oracle.dbtools.crest.model.design.relational.FKIndexAssociation" directorySegmentName="seg_1" id="B015443F-0B43-15CE-8442-5747DA57494B" name="FK_QuestionnaireTotalBand_Questionnaire">
<sourceConnName>HWSInternal</sourceConnName>
<sourceObjSchema>Assessment</sourceObjSchema>
<sourceObjName>FK_QuestionnaireTotalBand_Questionnaire</sourceObjName>
<createdBy>david.moore</createdBy>
<createdTime>2015-01-12 09:18:00 UTC</createdTime>
<ownerDesignName>HWSInternal_12_01_2015</ownerDesignName>
<containerWithKeyObject>60D2AC3D-6527-0F64-5C65-4D2C8BEF0CFD</containerWithKeyObject>
<deleteRule>NO ACTION</deleteRule>
<localFKIndex>D4E75078-886E-B156-EF7C-DB9CEE1F9326</localFKIndex>
<keyObject>C03FAE1A-8F41-2FC1-D636-75590447BD9E</keyObject>
<mandatory>true</mandatory>
<transferable>true</transferable>
<columnDependencyConstraintGenerateInDDL>true</columnDependencyConstraintGenerateInDDL>
</FKIndexAssociation>