<?xml version = '1.0' encoding = 'UTF-8'?>
<FKIndexAssociation class="oracle.dbtools.crest.model.design.relational.FKIndexAssociation" directorySegmentName="seg_1" id="B71E6527-C2B6-B9FD-6EF9-F5FD682994E1" name="FK_ReturnToWorkPlanSignposting_LookupItem">
<sourceConnName>HWSInternal</sourceConnName>
<sourceObjSchema>Assessment</sourceObjSchema>
<sourceObjName>FK_ReturnToWorkPlanSignposting_LookupItem</sourceObjName>
<createdBy>david.moore</createdBy>
<createdTime>2015-01-12 09:18:00 UTC</createdTime>
<ownerDesignName>HWSInternal_12_01_2015</ownerDesignName>
<containerWithKeyObject>035BBD0B-E7B5-3FED-FE8E-FB0C7AD715E1</containerWithKeyObject>
<deleteRule>NO ACTION</deleteRule>
<localFKIndex>1E8F19C2-1701-1FC7-4403-87C1F93AD4C7</localFKIndex>
<keyObject>4025FE88-2D7C-96D7-36D3-D137AE14A628</keyObject>
<mandatory>true</mandatory>
<transferable>true</transferable>
<columnDependencyConstraintGenerateInDDL>true</columnDependencyConstraintGenerateInDDL>
</FKIndexAssociation>