<?xml version = '1.0' encoding = 'UTF-8'?>
<FKIndexAssociation class="oracle.dbtools.crest.model.design.relational.FKIndexAssociation" directorySegmentName="seg_1" id="B836F78F-B1E6-3EF2-6AF4-409766D53DFC" name="FK_tblInvuDocuments_Case">
<sourceConnName>HWSInternal</sourceConnName>
<sourceObjSchema>dbo</sourceObjSchema>
<sourceObjName>FK_tblInvuDocuments_Case</sourceObjName>
<createdBy>david.moore</createdBy>
<createdTime>2015-01-12 09:18:00 UTC</createdTime>
<ownerDesignName>HWSInternal_12_01_2015</ownerDesignName>
<containerWithKeyObject>71A1FFB7-2BC2-1E55-531C-7FE129BEBED7</containerWithKeyObject>
<deleteRule>NO ACTION</deleteRule>
<localFKIndex>30981A17-8865-D819-73EA-972C3BEF11F2</localFKIndex>
<keyObject>BA08D78A-1A3D-8DA7-40F1-C0AD8E257927</keyObject>
<mandatory>true</mandatory>
<transferable>true</transferable>
<columnDependencyConstraintGenerateInDDL>true</columnDependencyConstraintGenerateInDDL>
</FKIndexAssociation>