<?xml version = '1.0' encoding = 'UTF-8'?>
<FKIndexAssociation class="oracle.dbtools.crest.model.design.relational.FKIndexAssociation" directorySegmentName="seg_1" id="C7895096-0ED9-1B0C-2819-784869B4C252" name="FK_ReturnToWorkObstacle_Obstacle">
<sourceConnName>HWSInternal</sourceConnName>
<sourceObjSchema>Assessment</sourceObjSchema>
<sourceObjName>FK_ReturnToWorkObstacle_Obstacle</sourceObjName>
<createdBy>david.moore</createdBy>
<createdTime>2015-01-12 09:18:00 UTC</createdTime>
<ownerDesignName>HWSInternal_12_01_2015</ownerDesignName>
<containerWithKeyObject>0124F3FC-330F-2BCB-AF00-1182A91484C7</containerWithKeyObject>
<deleteRule>NO ACTION</deleteRule>
<localFKIndex>73AAFA89-D79F-CF4E-CDD6-A1FB43A9301E</localFKIndex>
<keyObject>00639A0E-50ED-2F79-B1E3-01C13577B899</keyObject>
<mandatory>false</mandatory>
<transferable>true</transferable>
<columnDependencyConstraintGenerateInDDL>true</columnDependencyConstraintGenerateInDDL>
</FKIndexAssociation>