<?xml version = '1.0' encoding = 'UTF-8'?>
<FKIndexAssociation class="oracle.dbtools.crest.model.design.relational.FKIndexAssociation" directorySegmentName="seg_1" id="C95D5D01-0DCA-5424-E14A-303AE3E0A211" name="FK_tblScannedDocumentTypes_tblInvuDocumentTypes">
<sourceConnName>HWSInternal</sourceConnName>
<sourceObjSchema>dbo</sourceObjSchema>
<sourceObjName>FK_tblScannedDocumentTypes_tblInvuDocumentTypes</sourceObjName>
<createdBy>david.moore</createdBy>
<createdTime>2015-01-12 09:18:00 UTC</createdTime>
<ownerDesignName>HWSInternal_12_01_2015</ownerDesignName>
<containerWithKeyObject>290441AA-C13B-CEFD-A14B-1C322B97397E</containerWithKeyObject>
<deleteRule>NO ACTION</deleteRule>
<localFKIndex>3B8C5779-959C-3031-712C-05306060CB47</localFKIndex>
<keyObject>613F6FEE-811E-AAE7-1875-B8991FB63DBC</keyObject>
<mandatory>true</mandatory>
<transferable>true</transferable>
<columnDependencyConstraintGenerateInDDL>true</columnDependencyConstraintGenerateInDDL>
</FKIndexAssociation>