<?xml version = '1.0' encoding = 'UTF-8'?>
<FKIndexAssociation class="oracle.dbtools.crest.model.design.relational.FKIndexAssociation" directorySegmentName="seg_1" id="CC72CFB9-F80A-BF1F-A17A-ACC7F2E32D31" name="fk_UserId">
<sourceConnName>HWSInternal</sourceConnName>
<sourceObjSchema>Authentication</sourceObjSchema>
<sourceObjName>fk_UserId</sourceObjName>
<createdBy>david.moore</createdBy>
<createdTime>2015-01-12 09:18:00 UTC</createdTime>
<ownerDesignName>HWSInternal_12_01_2015</ownerDesignName>
<containerWithKeyObject>8FD9CB38-3775-7F67-1302-CD729BF95008</containerWithKeyObject>
<deleteRule>NO ACTION</deleteRule>
<localFKIndex>53BBE0E9-9D09-0FA0-E143-8B6047FD07D5</localFKIndex>
<keyObject>271215B4-9EC3-ADE0-8BA2-887D20989372</keyObject>
<mandatory>true</mandatory>
<transferable>true</transferable>
<columnDependencyConstraintGenerateInDDL>true</columnDependencyConstraintGenerateInDDL>
</FKIndexAssociation>