<?xml version = '1.0' encoding = 'UTF-8'?>
<FKIndexAssociation class="oracle.dbtools.crest.model.design.relational.FKIndexAssociation" directorySegmentName="seg_1" id="D08FF5A9-9D72-056F-8DEB-285C3EB23CBE" name="FK_ReturnToWorkObstacle_ReturnToWorkPlan">
<sourceConnName>HWSInternal</sourceConnName>
<sourceObjSchema>Assessment</sourceObjSchema>
<sourceObjName>FK_ReturnToWorkObstacle_ReturnToWorkPlan</sourceObjName>
<createdBy>david.moore</createdBy>
<createdTime>2015-01-12 09:18:00 UTC</createdTime>
<ownerDesignName>HWSInternal_12_01_2015</ownerDesignName>
<containerWithKeyObject>0124F3FC-330F-2BCB-AF00-1182A91484C7</containerWithKeyObject>
<deleteRule>NO ACTION</deleteRule>
<localFKIndex>E531A567-606F-C35D-88B2-832EADF8F1A1</localFKIndex>
<keyObject>A17A7782-D95D-065F-65BE-257AA4A72714</keyObject>
<mandatory>true</mandatory>
<transferable>true</transferable>
<columnDependencyConstraintGenerateInDDL>true</columnDependencyConstraintGenerateInDDL>
</FKIndexAssociation>