<?xml version = '1.0' encoding = 'UTF-8'?>
<FKIndexAssociation class="oracle.dbtools.crest.model.design.relational.FKIndexAssociation" directorySegmentName="seg_1" id="D2F40982-7571-365D-9B1B-838CF15B36B7" name="FK_tblClinician2Specialisation_tblSpecialisations">
<sourceConnName>HWSInternal</sourceConnName>
<sourceObjSchema>dbo</sourceObjSchema>
<sourceObjName>FK_tblClinician2Specialisation_tblSpecialisations</sourceObjName>
<createdBy>david.moore</createdBy>
<createdTime>2015-01-12 09:18:00 UTC</createdTime>
<ownerDesignName>HWSInternal_12_01_2015</ownerDesignName>
<containerWithKeyObject>A7E0E2AA-B1CC-CEA4-59DF-63101E5BA245</containerWithKeyObject>
<deleteRule>NO ACTION</deleteRule>
<localFKIndex>260AD564-7D89-C41A-574A-B7CE58E21477</localFKIndex>
<keyObject>6B859B6B-B8F5-9904-AF6E-38B98B0B5521</keyObject>
<mandatory>true</mandatory>
<transferable>true</transferable>
<columnDependencyConstraintGenerateInDDL>true</columnDependencyConstraintGenerateInDDL>
</FKIndexAssociation>