<?xml version = '1.0' encoding = 'UTF-8'?>
<FKIndexAssociation class="oracle.dbtools.crest.model.design.relational.FKIndexAssociation" directorySegmentName="seg_1" id="DBBD0D29-D631-FE2A-45BE-379FD607C5D6" name="FK__Clinic_Cl__Clini__53F76C67">
<sourceConnName>HWSInternal</sourceConnName>
<sourceObjSchema>Clinic</sourceObjSchema>
<sourceObjName>FK__Clinic_Cl__Clini__53F76C67</sourceObjName>
<createdBy>david.moore</createdBy>
<createdTime>2015-01-12 09:18:00 UTC</createdTime>
<ownerDesignName>HWSInternal_12_01_2015</ownerDesignName>
<containerWithKeyObject>5D88B64B-9920-62E9-88B6-2E4A8538F118</containerWithKeyObject>
<deleteRule>NO ACTION</deleteRule>
<localFKIndex>2DEA8231-98BF-23B8-364F-2314BB138EFF</localFKIndex>
<keyObject>9899E42D-8A00-9F5D-35D0-3DEF803BAB53</keyObject>
<mandatory>false</mandatory>
<transferable>true</transferable>
<columnDependencyConstraintGenerateInDDL>true</columnDependencyConstraintGenerateInDDL>
</FKIndexAssociation>