<?xml version = '1.0' encoding = 'UTF-8'?>
<FKIndexAssociation class="oracle.dbtools.crest.model.design.relational.FKIndexAssociation" directorySegmentName="seg_1" id="E2BF5184-545D-2293-1AD8-235F3F900544" name="FK__Clinic_Sp__Speci__5F691F13">
<sourceConnName>HWSInternal</sourceConnName>
<sourceObjSchema>Clinic</sourceObjSchema>
<sourceObjName>FK__Clinic_Sp__Speci__5F691F13</sourceObjName>
<createdBy>david.moore</createdBy>
<createdTime>2015-01-12 09:18:00 UTC</createdTime>
<ownerDesignName>HWSInternal_12_01_2015</ownerDesignName>
<containerWithKeyObject>09268D0E-CF51-623C-6A7B-338D7D7FE10A</containerWithKeyObject>
<deleteRule>NO ACTION</deleteRule>
<localFKIndex>6CEE2E37-8DDF-5DB9-5C3A-FB6D3E83F880</localFKIndex>
<keyObject>FF8B9C2A-DD54-F958-CB09-FF83B9F34D99</keyObject>
<mandatory>false</mandatory>
<transferable>true</transferable>
<columnDependencyConstraintGenerateInDDL>true</columnDependencyConstraintGenerateInDDL>
</FKIndexAssociation>