<?xml version = '1.0' encoding = 'UTF-8'?>
<FKIndexAssociation class="oracle.dbtools.crest.model.design.relational.FKIndexAssociation" directorySegmentName="seg_1" id="EA50E1BB-FF98-030E-A058-C9E8C78D67D5" name="FK_ReturnToWorkPlanIntervention_LookupItem">
<sourceConnName>HWSInternal</sourceConnName>
<sourceObjSchema>Assessment</sourceObjSchema>
<sourceObjName>FK_ReturnToWorkPlanIntervention_LookupItem</sourceObjName>
<createdBy>david.moore</createdBy>
<createdTime>2015-01-12 09:18:00 UTC</createdTime>
<ownerDesignName>HWSInternal_12_01_2015</ownerDesignName>
<containerWithKeyObject>417161D9-A72A-FD26-D6A6-D099DD249481</containerWithKeyObject>
<deleteRule>NO ACTION</deleteRule>
<localFKIndex>D92E5BE8-430E-685E-6C85-730D4A3144B8</localFKIndex>
<keyObject>4025FE88-2D7C-96D7-36D3-D137AE14A628</keyObject>
<mandatory>true</mandatory>
<transferable>true</transferable>
<columnDependencyConstraintGenerateInDDL>true</columnDependencyConstraintGenerateInDDL>
</FKIndexAssociation>