<?xml version = '1.0' encoding = 'UTF-8'?>
<FKIndexAssociation class="oracle.dbtools.crest.model.design.relational.FKIndexAssociation" directorySegmentName="seg_1" id="EA9DB983-51C9-65F9-036C-F9391922B885" name="FK_tblOHPClinics_tblCountries">
<sourceConnName>HWSInternal</sourceConnName>
<sourceObjSchema>dbo</sourceObjSchema>
<sourceObjName>FK_tblOHPClinics_tblCountries</sourceObjName>
<createdBy>david.moore</createdBy>
<createdTime>2015-01-12 09:18:00 UTC</createdTime>
<ownerDesignName>HWSInternal_12_01_2015</ownerDesignName>
<containerWithKeyObject>FCEB9247-B09D-98F2-9DC6-2A47190C8F39</containerWithKeyObject>
<deleteRule>NO ACTION</deleteRule>
<localFKIndex>52F4AEDF-42F4-6345-357C-FA5E85DACF73</localFKIndex>
<keyObject>1D8F6405-6183-3071-6F36-06378D1FBF1A</keyObject>
<mandatory>false</mandatory>
<transferable>true</transferable>
<columnDependencyConstraintGenerateInDDL>true</columnDependencyConstraintGenerateInDDL>
</FKIndexAssociation>