<?xml version = '1.0' encoding = 'UTF-8'?>
<FKIndexAssociation class="oracle.dbtools.crest.model.design.relational.FKIndexAssociation" directorySegmentName="seg_1" id="ED09209B-F07C-8C7B-4ECD-88F067C0A745" name="FK_tblInvuIndexExceptions_CaseNote">
<sourceConnName>HWSInternal</sourceConnName>
<sourceObjSchema>dbo</sourceObjSchema>
<sourceObjName>FK_tblInvuIndexExceptions_CaseNote</sourceObjName>
<createdBy>david.moore</createdBy>
<createdTime>2015-01-12 09:18:00 UTC</createdTime>
<ownerDesignName>HWSInternal_12_01_2015</ownerDesignName>
<containerWithKeyObject>8C8531C0-3251-9F7F-3714-37AD404A4DA5</containerWithKeyObject>
<deleteRule>NO ACTION</deleteRule>
<localFKIndex>C9DFF816-B85B-868C-C26F-C615F9BD0F3C</localFKIndex>
<keyObject>F5137282-CDCD-01B9-75D8-F8CB0CD78BA1</keyObject>
<mandatory>true</mandatory>
<transferable>true</transferable>
<columnDependencyConstraintGenerateInDDL>true</columnDependencyConstraintGenerateInDDL>
</FKIndexAssociation>