<?xml version = '1.0' encoding = 'UTF-8'?>
<FKIndexAssociation class="oracle.dbtools.crest.model.design.relational.FKIndexAssociation" directorySegmentName="seg_1" id="ED78496D-2527-07AE-73BB-33BCA423BB61" name="FK_Referral_Employer">
<sourceConnName>HWSInternal</sourceConnName>
<sourceObjSchema>Referral</sourceObjSchema>
<sourceObjName>FK_Referral_Employer</sourceObjName>
<createdBy>david.moore</createdBy>
<createdTime>2015-01-12 09:18:00 UTC</createdTime>
<ownerDesignName>HWSInternal_12_01_2015</ownerDesignName>
<containerWithKeyObject>41BDEA63-1F2A-2DD2-50AE-B8A6B606C1B2</containerWithKeyObject>
<deleteRule>NO ACTION</deleteRule>
<localFKIndex>246AEA44-EA84-3045-4FDF-1B98136ED856</localFKIndex>
<keyObject>D7461B8B-6057-125A-BEA2-24D97970D617</keyObject>
<mandatory>true</mandatory>
<transferable>true</transferable>
<columnDependencyConstraintGenerateInDDL>true</columnDependencyConstraintGenerateInDDL>
</FKIndexAssociation>