<?xml version = '1.0' encoding = 'UTF-8'?>
<FKIndexAssociation class="oracle.dbtools.crest.model.design.relational.FKIndexAssociation" directorySegmentName="seg_1" id="F477B94A-7D9B-E980-1BA6-A1B2D7AE5D8C" name="FK_webpges_Membership_NetworkDoctor">
<sourceConnName>HWSInternal</sourceConnName>
<sourceObjSchema>Authentication</sourceObjSchema>
<sourceObjName>FK_webpges_Membership_NetworkDoctor</sourceObjName>
<createdBy>david.moore</createdBy>
<createdTime>2015-01-12 09:18:00 UTC</createdTime>
<ownerDesignName>HWSInternal_12_01_2015</ownerDesignName>
<containerWithKeyObject>B67E817A-7025-333F-92D9-CA67F0B33409</containerWithKeyObject>
<deleteRule>NO ACTION</deleteRule>
<localFKIndex>86E935E3-0149-9B86-E1C1-CA5C56005000</localFKIndex>
<keyObject>271215B4-9EC3-ADE0-8BA2-887D20989372</keyObject>
<mandatory>true</mandatory>
<transferable>true</transferable>
<columnDependencyConstraintGenerateInDDL>true</columnDependencyConstraintGenerateInDDL>
</FKIndexAssociation>