<?xml version = '1.0' encoding = 'UTF-8'?>
<FKIndexAssociation class="oracle.dbtools.crest.model.design.relational.FKIndexAssociation" directorySegmentName="seg_1" id="F4C08CEC-92AD-C982-D0AE-EAA77C40412B" name="FK_tblNetworkOHPs_tblOHQualifications">
<sourceConnName>HWSInternal</sourceConnName>
<sourceObjSchema>dbo</sourceObjSchema>
<sourceObjName>FK_tblNetworkOHPs_tblOHQualifications</sourceObjName>
<createdBy>david.moore</createdBy>
<createdTime>2015-01-12 09:18:00 UTC</createdTime>
<ownerDesignName>HWSInternal_12_01_2015</ownerDesignName>
<containerWithKeyObject>8A519D64-E14F-8252-3BB1-F86CF39D4168</containerWithKeyObject>
<deleteRule>NO ACTION</deleteRule>
<localFKIndex>D2D86141-5355-89A0-D6ED-51789B672928</localFKIndex>
<keyObject>988B957B-5BA7-B608-6519-68765DA32059</keyObject>
<mandatory>false</mandatory>
<transferable>true</transferable>
<columnDependencyConstraintGenerateInDDL>true</columnDependencyConstraintGenerateInDDL>
</FKIndexAssociation>