<?xml version = '1.0' encoding = 'UTF-8'?>
<FKIndexAssociation class="oracle.dbtools.crest.model.design.relational.FKIndexAssociation" directorySegmentName="seg_1" id="F763486F-C1A7-2172-C0FE-F95064D3B7C3" name="FK_tblDr2Specialisation_tblNetworkOHPs">
<sourceConnName>HWSInternal</sourceConnName>
<sourceObjSchema>dbo</sourceObjSchema>
<sourceObjName>FK_tblDr2Specialisation_tblNetworkOHPs</sourceObjName>
<createdBy>david.moore</createdBy>
<createdTime>2015-01-12 09:18:00 UTC</createdTime>
<ownerDesignName>HWSInternal_12_01_2015</ownerDesignName>
<containerWithKeyObject>A1E0515A-83DA-B764-29BF-0920E7800B14</containerWithKeyObject>
<deleteRule>NO ACTION</deleteRule>
<localFKIndex>45586BAD-A9E9-0004-3860-6D894D3CD0AC</localFKIndex>
<keyObject>6E651C39-FA7E-5E14-C501-F92D84502208</keyObject>
<mandatory>true</mandatory>
<transferable>true</transferable>
<columnDependencyConstraintGenerateInDDL>true</columnDependencyConstraintGenerateInDDL>
</FKIndexAssociation>