<?xml version = '1.0' encoding = 'UTF-8'?>
<FKIndexAssociation class="oracle.dbtools.crest.model.design.relational.FKIndexAssociation" directorySegmentName="seg_1" id="FB938913-6E6A-81CB-7F36-4917254DAAAA" name="FK_tblNetworkOHPs_NetworkDoctor">
<sourceConnName>HWSInternal</sourceConnName>
<sourceObjSchema>dbo</sourceObjSchema>
<sourceObjName>FK_tblNetworkOHPs_NetworkDoctor</sourceObjName>
<createdBy>david.moore</createdBy>
<createdTime>2015-01-12 09:18:00 UTC</createdTime>
<ownerDesignName>HWSInternal_12_01_2015</ownerDesignName>
<containerWithKeyObject>8A519D64-E14F-8252-3BB1-F86CF39D4168</containerWithKeyObject>
<deleteRule>NO ACTION</deleteRule>
<localFKIndex>42BF5117-8FB4-F0FA-541F-45947DC42BC5</localFKIndex>
<keyObject>271215B4-9EC3-ADE0-8BA2-887D20989372</keyObject>
<mandatory>false</mandatory>
<transferable>true</transferable>
<columnDependencyConstraintGenerateInDDL>true</columnDependencyConstraintGenerateInDDL>
</FKIndexAssociation>