<?xml version = '1.0' encoding = 'UTF-8'?>
<FKIndexAssociation class="oracle.dbtools.crest.model.design.relational.FKIndexAssociation" directorySegmentName="seg_1" id="FFFCE430-FAED-B7A3-CC77-020916A00A0C" name="FK_ResourceSkill_Resource">
<sourceConnName>HWSInternal</sourceConnName>
<sourceObjSchema>Resources</sourceObjSchema>
<sourceObjName>FK_ResourceSkill_Resource</sourceObjName>
<createdBy>david.moore</createdBy>
<createdTime>2015-01-12 09:18:00 UTC</createdTime>
<ownerDesignName>HWSInternal_12_01_2015</ownerDesignName>
<containerWithKeyObject>E98D848B-F4B9-6350-D332-05A162983004</containerWithKeyObject>
<deleteRule>NO ACTION</deleteRule>
<localFKIndex>FCF718BF-7F9B-EB32-AB17-B0048E861B01</localFKIndex>
<keyObject>AB6D06E9-4E81-9DB2-7B43-56DB35CDB93C</keyObject>
<mandatory>true</mandatory>
<transferable>true</transferable>
<columnDependencyConstraintGenerateInDDL>true</columnDependencyConstraintGenerateInDDL>
</FKIndexAssociation>