<?xml version = '1.0' encoding = 'UTF-8'?>
<StorageDesignOraclev11g class="oracle.dbtools.crest.model.design.storage.oracle.v11g.StorageDesignOraclev11g" name="Oracle Database 11g" id="0A66BDF6-40BB-9E56-618B-0D4A838B71A6">
<createdBy>mb56142</createdBy>
<createdTime>2013-10-06 19:59:06 UTC</createdTime>
<ownerDesignName>ILEB_BPM_Semantic_data_model_diagram</ownerDesignName>
<siteID>32076570-2523-435C-2E92-BF29817DFF70</siteID>
<siteName>Oracle Database 11g</siteName>
<siteType>9</siteType>
</StorageDesignOraclev11g>