<?xml version = '1.0' encoding = 'UTF-8'?>
<relationalModel class="oracle.dbtools.crest.model.design.relational.RelationalDesign" name="HWSInternal" id="53B3D3CC-F6BD-FFA4-4AFA-A6393E6DDB6C" mainViewID="C3119472-035C-4E98-850A-D7C7ADE1BC6E">
<createdBy>david.moore</createdBy>
<createdTime>2015-01-12 09:17:58 UTC</createdTime>
<ownerDesignName>HWSInternal_12_01_2015</ownerDesignName>
<shouldBeOpen>false</shouldBeOpen>
<selectedRDBMSSite>22943E51-0387-1F2A-CED9-5FB738BA5A0C</selectedRDBMSSite>
<importConnectionStamps>
<importConnectionStamp class="oracle.dbtools.crest.imports.DBConnectionStamp">
<connName>HWSInternal</connName>
<connUrl>jdbc:odbc:Preprod_HWSInternal</connUrl>
<connType>2</connType>
</importConnectionStamp>
</importConnectionStamps>
</relationalModel>