<?xml version = '1.0' encoding = 'UTF-8'?>
<Diagram class="oracle.dbtools.crest.swingui.relational.DPVRelational" name="Relational_1" id="E8588577-61FD-D6E7-E34D-B5D8C862C08C">
<createdBy>50472</createdBy>
<createdTime>2014-11-18 19:25:22 UTC</createdTime>
<autoRoute>false</autoRoute>
<boxInbox>true</boxInbox>
<showLegend>false</showLegend>
<showLabels>false</showLabels>
<showRelAttributes>false</showRelAttributes>
<showGrid>false</showGrid>
<diagramColor>-1</diagramColor>
<display>false</display>
<notation>1</notation>
<objectViews>
<OView class="oracle.dbtools.crest.swingui.relational.TVTable" oid="36945E3F-A910-AF6C-ABF0-DAE874727D2E" otype="Table" vid="8348D758-D3C4-7634-88C2-4FC75F1BC823">
<hideElementsInCurrentOnly>false</hideElementsInCurrentOnly>
<bounds x="325" y="911" width="309" height="229"/>
</OView>
<OView class="oracle.dbtools.crest.swingui.relational.TVTable" oid="40D10CB9-71B2-2485-4DA0-5461D8954BDF" otype="Table" vid="5E587E63-F814-8325-1DC0-ED76979255CB">
<hideElementsInCurrentOnly>false</hideElementsInCurrentOnly>
<bounds x="659" y="503" width="246" height="94"/>
</OView>
<OView class="oracle.dbtools.crest.swingui.relational.TVTable" oid="4466930F-7418-FE18-A7C8-DB23600A6168" otype="Table" vid="62BE3D4E-4A55-D2C9-D89C-2D38EF8420A3">
<hideElementsInCurrentOnly>false</hideElementsInCurrentOnly>
<bounds x="20" y="20" width="279" height="1117"/>
</OView>
<OView class="oracle.dbtools.crest.swingui.relational.TVTable" oid="53104417-DC58-4D0B-CC36-F8F008F1BB68" otype="Table" vid="C8849C74-0475-951D-3ED5-FC33C8B5A599">
<hideElementsInCurrentOnly>false</hideElementsInCurrentOnly>
<bounds x="655" y="257" width="247" height="94"/>
</OView>
<OView class="oracle.dbtools.crest.swingui.relational.TVTable" oid="58047E31-F890-A197-3E6D-89C31B3DC0B7" otype="Table" vid="B7F6A85E-95B4-20E6-E39A-EB09C1FB2C07">
<hideElementsInCurrentOnly>false</hideElementsInCurrentOnly>
<bounds x="662" y="872" width="194" height="94"/>
</OView>
<OView class="oracle.dbtools.crest.swingui.relational.TVTable" oid="8AF1C855-9BB8-D3CA-3A36-063992591C02" otype="Table" vid="2B48371E-4945-7ABE-B701-8B1D07230D5E">
<hideElementsInCurrentOnly>false</hideElementsInCurrentOnly>
<bounds x="656" y="378" width="242" height="97"/>
</OView>
<OView class="oracle.dbtools.crest.swingui.relational.TVTable" oid="8F187C71-4178-A932-E88B-E9DC44F9115E" otype="Table" vid="424895F3-92BE-EFF6-8733-DEEA37802AD8">
<hideElementsInCurrentOnly>false</hideElementsInCurrentOnly>
<bounds x="662" y="630" width="252" height="94"/>
</OView>
<OView class="oracle.dbtools.crest.swingui.relational.TVTable" oid="AA582F98-EF4B-4DE1-4B88-93C1B21FCF7D" otype="Table" vid="C3525577-FBA2-7A16-F5A6-64B2D532B3ED">
<hideElementsInCurrentOnly>false</hideElementsInCurrentOnly>
<bounds x="663" y="747" width="243" height="94"/>
</OView>
<OView class="oracle.dbtools.crest.swingui.relational.TVTable" oid="AA658B1D-21C8-A1AB-BD51-D67B72DE7FB6" otype="Table" vid="392A5B5B-993B-19CD-BDE7-2536BF67AE72">
<hideElementsInCurrentOnly>false</hideElementsInCurrentOnly>
<bounds x="372" y="289" width="206" height="438"/>
</OView>
<OView class="oracle.dbtools.crest.swingui.relational.TVTable" oid="BF287FEE-8A9B-CBA4-2AC7-0D6985F8650B" otype="Table" vid="7E6BCD4F-853E-B06B-DB3D-9C66EC602846">
<hideElementsInCurrentOnly>false</hideElementsInCurrentOnly>
<bounds x="654" y="22" width="265" height="94"/>
</OView>
<OView class="oracle.dbtools.crest.swingui.relational.TVTable" oid="DF28DFEE-B678-8D21-EC24-C323C46F2600" otype="Table" vid="3C6ABA5C-54FB-40E0-B304-1BD867A8610D">
<hideElementsInCurrentOnly>false</hideElementsInCurrentOnly>
<bounds x="654" y="133" width="238" height="94"/>
</OView>
</objectViews>
<connectors>
<Connector class="oracle.dbtools.crest.swingui.relational.TVFKRelation" oid="071AF00F-2403-C165-66C7-C71457393BAA" otype="FKIndexAssociation" vid_source="B7F6A85E-95B4-20E6-E39A-EB09C1FB2C07" vid_target="392A5B5B-993B-19CD-BDE7-2536BF67AE72">
<hideElementsInCurrentOnly>false</hideElementsInCurrentOnly>
<lineWidth>1</lineWidth>
<points>
<point x="662" y="895"/>
<point x="418" y="727"/>
</points>
</Connector>
<Connector class="oracle.dbtools.crest.swingui.relational.TVFKRelation" oid="0A7903A5-CFFE-6E63-954E-2DC53E61C92C" otype="FKIndexAssociation" vid_source="62BE3D4E-4A55-D2C9-D89C-2D38EF8420A3" vid_target="392A5B5B-993B-19CD-BDE7-2536BF67AE72">
<hideElementsInCurrentOnly>false</hideElementsInCurrentOnly>
<lineWidth>1</lineWidth>
<points>
<point x="299" y="508"/>
<point x="372" y="508"/>
</points>
</Connector>
<Connector class="oracle.dbtools.crest.swingui.relational.TVFKRelation" oid="0EA28C85-35F9-702F-0EDE-A4EFC676AA46" otype="FKIndexAssociation" vid_source="424895F3-92BE-EFF6-8733-DEEA37802AD8" vid_target="392A5B5B-993B-19CD-BDE7-2536BF67AE72">
<hideElementsInCurrentOnly>false</hideElementsInCurrentOnly>
<lineWidth>1</lineWidth>
<points>
<point x="662" y="677"/>
<point x="578" y="677"/>
</points>
</Connector>
<Connector class="oracle.dbtools.crest.swingui.relational.TVFKRelation" oid="70EA11DE-748B-953E-B063-3B2CCC5965CD" otype="FKIndexAssociation" vid_source="3C6ABA5C-54FB-40E0-B304-1BD867A8610D" vid_target="392A5B5B-993B-19CD-BDE7-2536BF67AE72">
<hideElementsInCurrentOnly>false</hideElementsInCurrentOnly>
<lineWidth>1</lineWidth>
<points>
<point x="654" y="173"/>
<point x="510" y="289"/>
</points>
</Connector>
<Connector class="oracle.dbtools.crest.swingui.relational.TVFKRelation" oid="7A1D47A4-FEDA-C639-5F56-DBBF670B510E" otype="FKIndexAssociation" vid_source="C3525577-FBA2-7A16-F5A6-64B2D532B3ED" vid_target="392A5B5B-993B-19CD-BDE7-2536BF67AE72">
<hideElementsInCurrentOnly>false</hideElementsInCurrentOnly>
<lineWidth>1</lineWidth>
<points>
<point x="663" y="794"/>
<point x="502" y="727"/>
</points>
</Connector>
<Connector class="oracle.dbtools.crest.swingui.relational.TVFKRelation" oid="92B9C5A1-A86D-1811-64CC-66B340C91546" otype="FKIndexAssociation" vid_source="7E6BCD4F-853E-B06B-DB3D-9C66EC602846" vid_target="392A5B5B-993B-19CD-BDE7-2536BF67AE72">
<hideElementsInCurrentOnly>false</hideElementsInCurrentOnly>
<lineWidth>1</lineWidth>
<points>
<point x="654" y="60"/>
<point x="426" y="289"/>
</points>
</Connector>
<Connector class="oracle.dbtools.crest.swingui.relational.TVFKRelation" oid="A0F15D4C-5685-FA3A-88A5-4D474EE6FA21" otype="FKIndexAssociation" vid_source="2B48371E-4945-7ABE-B701-8B1D07230D5E" vid_target="392A5B5B-993B-19CD-BDE7-2536BF67AE72">
<hideElementsInCurrentOnly>false</hideElementsInCurrentOnly>
<lineWidth>1</lineWidth>
<points>
<point x="656" y="426"/>
<point x="578" y="426"/>
</points>
</Connector>
<Connector class="oracle.dbtools.crest.swingui.relational.TVFKRelation" oid="D8C6C417-6CF3-2122-1002-4550E69B685F" otype="FKIndexAssociation" vid_source="C8849C74-0475-951D-3ED5-FC33C8B5A599" vid_target="392A5B5B-993B-19CD-BDE7-2536BF67AE72">
<hideElementsInCurrentOnly>false</hideElementsInCurrentOnly>
<lineWidth>1</lineWidth>
<points>
<point x="655" y="320"/>
<point x="578" y="320"/>
</points>
</Connector>
<Connector class="oracle.dbtools.crest.swingui.relational.TVFKRelation" oid="E7C2235D-471F-914F-1191-69430C7275FF" otype="FKIndexAssociation" vid_source="5E587E63-F814-8325-1DC0-ED76979255CB" vid_target="392A5B5B-993B-19CD-BDE7-2536BF67AE72">
<hideElementsInCurrentOnly>false</hideElementsInCurrentOnly>
<lineWidth>1</lineWidth>
<points>
<point x="659" y="550"/>
<point x="578" y="550"/>
</points>
</Connector>
</connectors>
</Diagram>