-- --Added columns from NYEC_OPS_Send_Info_toTP_Requirements_v16.xls 01/18/12

-- BPM_ATTRIBUTE_LKUP

Insert into BPM_ATTRIBUTE_LKUP (BAL_ID,BDL_ID,NAME,PURPOSE) values (	384	,	2	,'Create New Call Request Performed By','Name of the staff member (or system job) that completed the "New Call Request" activity step.');
Insert into BPM_ATTRIBUTE_LKUP (BAL_ID,BDL_ID,NAME,PURPOSE) values (	385	,	2	,'Create New Letter Request Performed By','Name of the staff member (or system job) that completed the "New Letter Request" activity step.');
Insert into BPM_ATTRIBUTE_LKUP (BAL_ID,BDL_ID,NAME,PURPOSE) values (	386	,	3	,'Create Referral Summary End Date','Date work ended for the Create Referral activity step.');
Insert into BPM_ATTRIBUTE_LKUP (BAL_ID,BDL_ID,NAME,PURPOSE) values (	387	,	2	,'Create Referral Summary Performed By','Name of the staff member (or system job) that completed the "Create Referral" activity step.');
Insert into BPM_ATTRIBUTE_LKUP (BAL_ID,BDL_ID,NAME,PURPOSE) values (	388	,	3	,'Create Referral Summary Start Date','Date work started for the Create Referral activity step.');
Insert into BPM_ATTRIBUTE_LKUP (BAL_ID,BDL_ID,NAME,PURPOSE) values (	389	,	2	,'Mail Letter Request - Performed By','Name of the staff member (or system job) that completed the "Mail Letter Request" activity step.');
Insert into BPM_ATTRIBUTE_LKUP (BAL_ID,BDL_ID,NAME,PURPOSE) values (	390	,	2	,'Perform Outbound Call Performed By','Name of the staff member (or system job) that completed the "Outbound Call" activity step.');
Insert into BPM_ATTRIBUTE_LKUP (BAL_ID,BDL_ID,NAME,PURPOSE) values (	391	,	2	,'Process Image Performed By','Name of the staff member (or system job) that completed the "Process Image Send Request" activity step.');
Insert into BPM_ATTRIBUTE_LKUP (BAL_ID,BDL_ID,NAME,PURPOSE) values (	392	,	2	,'Receive Info Req Performed By','Name of the staff member (or system job) that completed the "Process Data Correction" activity step.');
--Insert into BPM_ATTRIBUTE_LKUP (BAL_ID,BDL_ID,NAME,PURPOSE) values (	393	,	1	,'Document ID','Unique identifier to track individual documents in an envelope. This Document ID is created in DMS and saved in MAXe.');


-- BPM ATTRIBUTE

Insert into BPM_ATTRIBUTE (BA_ID, BAL_ID,BEM_ID,WHEN_POPULATED, EFFECTIVE_DATE,END_DATE,RETAIN_HISTORY_FLAG) values (	366	,	300	, 8, 'BOTH',SYSDATE,TO_DATE('20770707','YYYYMMDD'),'N');
Insert into BPM_ATTRIBUTE (BA_ID, BAL_ID,BEM_ID,WHEN_POPULATED, EFFECTIVE_DATE,END_DATE,RETAIN_HISTORY_FLAG) values (	367	,	301	, 8, 'BOTH',SYSDATE,TO_DATE('20770707','YYYYMMDD'),'N');
Insert into BPM_ATTRIBUTE (BA_ID, BAL_ID,BEM_ID,WHEN_POPULATED, EFFECTIVE_DATE,END_DATE,RETAIN_HISTORY_FLAG) values (	368	,	302	, 8, 'BOTH',SYSDATE,TO_DATE('20770707','YYYYMMDD'),'N');

Insert into BPM_ATTRIBUTE (BA_ID, BAL_ID,BEM_ID,WHEN_POPULATED, EFFECTIVE_DATE,END_DATE,RETAIN_HISTORY_FLAG) values (	468	,	384	, 8, 'BOTH',SYSDATE,TO_DATE('20770707','YYYYMMDD'),'N');
Insert into BPM_ATTRIBUTE (BA_ID, BAL_ID,BEM_ID,WHEN_POPULATED, EFFECTIVE_DATE,END_DATE,RETAIN_HISTORY_FLAG) values (	469	,	385	, 8, 'BOTH',SYSDATE,TO_DATE('20770707','YYYYMMDD'),'N');
Insert into BPM_ATTRIBUTE (BA_ID, BAL_ID,BEM_ID,WHEN_POPULATED, EFFECTIVE_DATE,END_DATE,RETAIN_HISTORY_FLAG) values (	470	,	386	, 8, 'BOTH',SYSDATE,TO_DATE('20770707','YYYYMMDD'),'N');
Insert into BPM_ATTRIBUTE (BA_ID, BAL_ID,BEM_ID,WHEN_POPULATED, EFFECTIVE_DATE,END_DATE,RETAIN_HISTORY_FLAG) values (	471	,	387	, 8, 'BOTH',SYSDATE,TO_DATE('20770707','YYYYMMDD'),'N');
Insert into BPM_ATTRIBUTE (BA_ID, BAL_ID,BEM_ID,WHEN_POPULATED, EFFECTIVE_DATE,END_DATE,RETAIN_HISTORY_FLAG) values (	472	,	388	, 8, 'BOTH',SYSDATE,TO_DATE('20770707','YYYYMMDD'),'N');
Insert into BPM_ATTRIBUTE (BA_ID, BAL_ID,BEM_ID,WHEN_POPULATED, EFFECTIVE_DATE,END_DATE,RETAIN_HISTORY_FLAG) values (	473	,	389	, 8, 'BOTH',SYSDATE,TO_DATE('20770707','YYYYMMDD'),'N');
Insert into BPM_ATTRIBUTE (BA_ID, BAL_ID,BEM_ID,WHEN_POPULATED, EFFECTIVE_DATE,END_DATE,RETAIN_HISTORY_FLAG) values (	474	,	390	, 8, 'BOTH',SYSDATE,TO_DATE('20770707','YYYYMMDD'),'N');
Insert into BPM_ATTRIBUTE (BA_ID, BAL_ID,BEM_ID,WHEN_POPULATED, EFFECTIVE_DATE,END_DATE,RETAIN_HISTORY_FLAG) values (	475	,	391	, 8, 'BOTH',SYSDATE,TO_DATE('20770707','YYYYMMDD'),'N');
Insert into BPM_ATTRIBUTE (BA_ID, BAL_ID,BEM_ID,WHEN_POPULATED, EFFECTIVE_DATE,END_DATE,RETAIN_HISTORY_FLAG) values (	476	,	392	, 8, 'BOTH',SYSDATE,TO_DATE('20770707','YYYYMMDD'),'N');
--Insert into BPM_ATTRIBUTE (BA_ID, BAL_ID,BEM_ID,WHEN_POPULATED, EFFECTIVE_DATE,END_DATE,RETAIN_HISTORY_FLAG) values (	477	,	393	, 8, 'BOTH',SYSDATE,TO_DATE('20770707','YYYYMMDD'),'N');



-- BPM_ATTRIBUTE_STAGING_TABLE

insert into BPM_ATTRIBUTE_STAGING_TABLE (BAST_ID,BA_ID,BSL_ID,STAGING_TABLE_COLUMN) values(SEQ_BAST_ID.NEXTVAL,366,8,'INFO_REQ_TYPE');
insert into BPM_ATTRIBUTE_STAGING_TABLE (BAST_ID,BA_ID,BSL_ID,STAGING_TABLE_COLUMN) values(SEQ_BAST_ID.NEXTVAL,367,8,'INFO_REQ_GROUP');
insert into BPM_ATTRIBUTE_STAGING_TABLE (BAST_ID,BA_ID,BSL_ID,STAGING_TABLE_COLUMN) values(SEQ_BAST_ID.NEXTVAL,368,8,'INFO_REQ_STATUS');


insert into BPM_ATTRIBUTE_STAGING_TABLE (BAST_ID,BA_ID,BSL_ID,STAGING_TABLE_COLUMN) values(SEQ_BAST_ID.NEXTVAL,468,8,'ASPB_CREATE_NEW_CALL_REQ');
insert into BPM_ATTRIBUTE_STAGING_TABLE (BAST_ID,BA_ID,BSL_ID,STAGING_TABLE_COLUMN) values(SEQ_BAST_ID.NEXTVAL,469,8,'ASPB_NEW_LETTER_REQ');
insert into BPM_ATTRIBUTE_STAGING_TABLE (BAST_ID,BA_ID,BSL_ID,STAGING_TABLE_COLUMN) values(SEQ_BAST_ID.NEXTVAL,470,8,'ASED_CREATE_REFERRAL');
insert into BPM_ATTRIBUTE_STAGING_TABLE (BAST_ID,BA_ID,BSL_ID,STAGING_TABLE_COLUMN) values(SEQ_BAST_ID.NEXTVAL,471,8,'ASPB_CREATE_REFERRAL');
insert into BPM_ATTRIBUTE_STAGING_TABLE (BAST_ID,BA_ID,BSL_ID,STAGING_TABLE_COLUMN) values(SEQ_BAST_ID.NEXTVAL,472,8,'ASSD_CREATE_REFERRAL');
insert into BPM_ATTRIBUTE_STAGING_TABLE (BAST_ID,BA_ID,BSL_ID,STAGING_TABLE_COLUMN) values(SEQ_BAST_ID.NEXTVAL,473,8,'ASPB_MAIL_LETTER_REQUEST');
insert into BPM_ATTRIBUTE_STAGING_TABLE (BAST_ID,BA_ID,BSL_ID,STAGING_TABLE_COLUMN) values(SEQ_BAST_ID.NEXTVAL,474,8,'ASPB_PERFORM_OUTBOUND_CALL');
insert into BPM_ATTRIBUTE_STAGING_TABLE (BAST_ID,BA_ID,BSL_ID,STAGING_TABLE_COLUMN) values(SEQ_BAST_ID.NEXTVAL,475,8,'ASPB_PROCESS_IMAGE');
insert into BPM_ATTRIBUTE_STAGING_TABLE (BAST_ID,BA_ID,BSL_ID,STAGING_TABLE_COLUMN) values(SEQ_BAST_ID.NEXTVAL,476,8,'ASPB_RECEIVE_INFO_REQUEST');
--insert into BPM_ATTRIBUTE_STAGING_TABLE (BAST_ID,BA_ID,BSL_ID,STAGING_TABLE_COLUMN) values(SEQ_BAST_ID.NEXTVAL,477,8,'');
