<?xml version = '1.0' encoding = 'UTF-8'?>
<Table class="oracle.dbtools.crest.model.design.relational.Table" id="1CC62694-BC68-EF0D-1F50-8D29BD1B92B6" directorySegmentName="seg_0" name="F_PI_BY_DATE">
<createdBy>ro38606</createdBy>
<createdTime>2013-05-09 18:08:25 UTC</createdTime>
<ownerDesignName>TXEB_BPM_Semantic_data_model_diagram</ownerDesignName>
<schemaObject>121AEE1F-FD79-403A-F17D-FF8859EA2228</schemaObject>
<pkName>FPIBD_PK</pkName>
<fonts>
<FontObject class="oracle.dbtools.crest.model.design.FontObjectWr">
<foType>Title</foType>
<fontStyle>1</fontStyle>
<colorRGB>-16776961</colorRGB>
</FontObject>
<FontObject class="oracle.dbtools.crest.model.design.FontObjectWr">
<foType>Column</foType>
<colorRGB>-16777216</colorRGB>
</FontObject>
<FontObject class="oracle.dbtools.crest.model.design.FontObjectWr">
<foType>Datatype</foType>
<colorRGB>-16744448</colorRGB>
</FontObject>
<FontObject class="oracle.dbtools.crest.model.design.FontObjectWr">
<foType>PK Element</foType>
<colorRGB>-16776961</colorRGB>
</FontObject>
<FontObject class="oracle.dbtools.crest.model.design.FontObjectWr">
<foType>FK Element</foType>
<colorRGB>-16777216</colorRGB>
</FontObject>
<FontObject class="oracle.dbtools.crest.model.design.FontObjectWr">
<foType>UK Element</foType>
<colorRGB>-16776961</colorRGB>
</FontObject>
<FontObject class="oracle.dbtools.crest.model.design.FontObjectWr">
<foType>Not Null</foType>
<colorRGB>-65536</colorRGB>
</FontObject>
<FontObject class="oracle.dbtools.crest.model.design.FontObjectWr">
<foType>Key</foType>
<colorRGB>-16777216</colorRGB>
</FontObject>
</fonts>
<columns>
<Column class="oracle.dbtools.crest.model.design.relational.Column" name="FPIBD_ID" id="EA424F96-D331-8CC0-4D96-2F3725DAD68F">
<createdBy>ro38606</createdBy>
<createdTime>2013-05-09 18:09:08 UTC</createdTime>
<ownerDesignName>TXEB_BPM_Semantic_data_model_diagram</ownerDesignName>
<useDomainConstraints>false</useDomainConstraints>
<use>1</use>
<logicalDatatype>LOGDT019</logicalDatatype>
<dataTypeSize>22</dataTypeSize>
<autoIncrementCycle>false</autoIncrementCycle>
</Column>
<Column class="oracle.dbtools.crest.model.design.relational.Column" name="D_DATE" id="ECE58437-E19B-76CC-2C35-2AA1E1908BDA">
<createdBy>ro38606</createdBy>
<createdTime>2013-05-09 18:09:08 UTC</createdTime>
<ownerDesignName>TXEB_BPM_Semantic_data_model_diagram</ownerDesignName>
<useDomainConstraints>false</useDomainConstraints>
<use>1</use>
<logicalDatatype>LOGDT007</logicalDatatype>
<dataTypeSize>7</dataTypeSize>
<autoIncrementCycle>false</autoIncrementCycle>
</Column>
<Column class="oracle.dbtools.crest.model.design.relational.Column" name="BUCKET_START_DATE" id="34936897-6472-476A-B732-335E08E67333">
<createdBy>ro38606</createdBy>
<createdTime>2013-05-09 18:09:08 UTC</createdTime>
<ownerDesignName>TXEB_BPM_Semantic_data_model_diagram</ownerDesignName>
<useDomainConstraints>false</useDomainConstraints>
<use>1</use>
<logicalDatatype>LOGDT007</logicalDatatype>
<dataTypeSize>7</dataTypeSize>
<autoIncrementCycle>false</autoIncrementCycle>
</Column>
<Column class="oracle.dbtools.crest.model.design.relational.Column" name="BUCKET_END_DATE" id="B529A8D2-2C71-0F90-B41E-4A194326ED67">
<createdBy>ro38606</createdBy>
<createdTime>2013-05-09 18:09:08 UTC</createdTime>
<ownerDesignName>TXEB_BPM_Semantic_data_model_diagram</ownerDesignName>
<useDomainConstraints>false</useDomainConstraints>
<use>1</use>
<logicalDatatype>LOGDT007</logicalDatatype>
<dataTypeSize>7</dataTypeSize>
<autoIncrementCycle>false</autoIncrementCycle>
</Column>
<Column class="oracle.dbtools.crest.model.design.relational.Column" name="PI_BI_ID" id="25AA8CD9-2B81-3856-1D3B-EBF8AE4FBAE3">
<createdBy>ro38606</createdBy>
<createdTime>2013-05-09 18:09:09 UTC</createdTime>
<ownerDesignName>TXEB_BPM_Semantic_data_model_diagram</ownerDesignName>
<useDomainConstraints>false</useDomainConstraints>
<use>1</use>
<logicalDatatype>LOGDT019</logicalDatatype>
<dataTypeSize>22</dataTypeSize>
<delegate>43753019-1024-2B35-EDA1-853276B81CA3</delegate>
<autoIncrementCycle>false</autoIncrementCycle>
<associations>
<colAssociation fkAssociation="98247737-97E2-3573-125E-3CC6E441C4B4" referredColumn="43753019-1024-2B35-EDA1-853276B81CA3"/>
</associations>
</Column>
<Column class="oracle.dbtools.crest.model.design.relational.Column" name="DPIIS_ID" id="477D621D-D0C7-E570-211D-66C25890E9D4">
<createdBy>ro38606</createdBy>
<createdTime>2013-05-09 18:09:09 UTC</createdTime>
<ownerDesignName>TXEB_BPM_Semantic_data_model_diagram</ownerDesignName>
<useDomainConstraints>false</useDomainConstraints>
<use>1</use>
<logicalDatatype>LOGDT019</logicalDatatype>
<dataTypeSize>22</dataTypeSize>
<delegate>0F7C9B16-AA70-4641-DA4E-B7E091D2FB4A</delegate>
<autoIncrementCycle>false</autoIncrementCycle>
<associations>
<colAssociation fkAssociation="0DFB1632-A145-D7F5-2930-72846DCFE1B7" referredColumn="0F7C9B16-AA70-4641-DA4E-B7E091D2FB4A"/>
</associations>
</Column>
<Column class="oracle.dbtools.crest.model.design.relational.Column" name="DPIIA_ID" id="C3BE0A6A-C423-CDB3-A08A-87D333A3F22E">
<createdBy>ro38606</createdBy>
<createdTime>2013-05-09 18:09:09 UTC</createdTime>
<ownerDesignName>TXEB_BPM_Semantic_data_model_diagram</ownerDesignName>
<useDomainConstraints>false</useDomainConstraints>
<use>1</use>
<logicalDatatype>LOGDT019</logicalDatatype>
<dataTypeSize>22</dataTypeSize>
<delegate>DED4DAEC-589E-4C73-5A9E-8AA6D96CC99E</delegate>
<autoIncrementCycle>false</autoIncrementCycle>
<associations>
<colAssociation fkAssociation="364B6882-D16F-4E5F-49B6-EE6052B4EC18" referredColumn="DED4DAEC-589E-4C73-5A9E-8AA6D96CC99E"/>
</associations>
</Column>
<Column class="oracle.dbtools.crest.model.design.relational.Column" name="DPIIR_ID" id="16DD2423-621D-A10A-0A9C-6096252ADAF3">
<createdBy>ro38606</createdBy>
<createdTime>2013-05-09 18:09:09 UTC</createdTime>
<ownerDesignName>TXEB_BPM_Semantic_data_model_diagram</ownerDesignName>
<useDomainConstraints>false</useDomainConstraints>
<use>1</use>
<logicalDatatype>LOGDT019</logicalDatatype>
<dataTypeSize>22</dataTypeSize>
<delegate>4F4EB7F4-171F-577C-01B0-74D83FA2DD12</delegate>
<autoIncrementCycle>false</autoIncrementCycle>
<associations>
<colAssociation fkAssociation="206E6930-79D6-B96A-4201-96E0EF0BF153" referredColumn="4F4EB7F4-171F-577C-01B0-74D83FA2DD12"/>
</associations>
</Column>
<Column class="oracle.dbtools.crest.model.design.relational.Column" name="DPIID_ID" id="6B87560D-5A1A-48AA-F5BE-C4C743D2526E">
<createdBy>ro38606</createdBy>
<createdTime>2013-05-09 18:09:09 UTC</createdTime>
<ownerDesignName>TXEB_BPM_Semantic_data_model_diagram</ownerDesignName>
<useDomainConstraints>false</useDomainConstraints>
<use>1</use>
<logicalDatatype>LOGDT019</logicalDatatype>
<dataTypeSize>22</dataTypeSize>
<delegate>E405449A-7FF4-6745-2F7C-B2AF1F1C7416</delegate>
<autoIncrementCycle>false</autoIncrementCycle>
<associations>
<colAssociation fkAssociation="9423C1F1-2DB5-7E67-2DA3-D8963B8DFADB" referredColumn="E405449A-7FF4-6745-2F7C-B2AF1F1C7416"/>
</associations>
</Column>
<Column class="oracle.dbtools.crest.model.design.relational.Column" name="DPIISS_ID" id="D279EB21-5DAA-F3A8-DEB1-5EEC1DCBF0B2">
<createdBy>ro38606</createdBy>
<createdTime>2013-05-09 18:09:09 UTC</createdTime>
<ownerDesignName>TXEB_BPM_Semantic_data_model_diagram</ownerDesignName>
<useDomainConstraints>false</useDomainConstraints>
<use>1</use>
<logicalDatatype>LOGDT019</logicalDatatype>
<dataTypeSize>22</dataTypeSize>
<delegate>377F3732-FAED-31C6-A743-986AA265F7B5</delegate>
<autoIncrementCycle>false</autoIncrementCycle>
<associations>
<colAssociation fkAssociation="101C3647-64EF-C0F1-6027-22CCC54E449C" referredColumn="377F3732-FAED-31C6-A743-986AA265F7B5"/>
</associations>
</Column>
<Column class="oracle.dbtools.crest.model.design.relational.Column" name="DPIJS_ID" id="FB2FABF2-20C3-6866-13CF-1F46B2B9D72D">
<createdBy>ro38606</createdBy>
<createdTime>2013-05-09 18:09:09 UTC</createdTime>
<ownerDesignName>TXEB_BPM_Semantic_data_model_diagram</ownerDesignName>
<useDomainConstraints>false</useDomainConstraints>
<use>1</use>
<logicalDatatype>LOGDT019</logicalDatatype>
<dataTypeSize>22</dataTypeSize>
<delegate>413531F4-556B-5F3B-053E-DC99E4939F10</delegate>
<autoIncrementCycle>false</autoIncrementCycle>
<associations>
<colAssociation fkAssociation="742184B6-38C8-811D-C09F-1F2069E06F37" referredColumn="413531F4-556B-5F3B-053E-DC99E4939F10"/>
</associations>
</Column>
<Column class="oracle.dbtools.crest.model.design.relational.Column" name="DPIES_ID" id="E90A58C8-A20F-B51B-8CEF-EC2F8D9FD0E2">
<createdBy>ro38606</createdBy>
<createdTime>2013-05-09 18:09:09 UTC</createdTime>
<ownerDesignName>TXEB_BPM_Semantic_data_model_diagram</ownerDesignName>
<useDomainConstraints>false</useDomainConstraints>
<use>1</use>
<logicalDatatype>LOGDT019</logicalDatatype>
<dataTypeSize>22</dataTypeSize>
<delegate>2C8513C3-36FE-EF82-A573-07C91877F138</delegate>
<autoIncrementCycle>false</autoIncrementCycle>
<associations>
<colAssociation fkAssociation="FE3952F2-4CB8-3074-C536-09046E6BF58A" referredColumn="2C8513C3-36FE-EF82-A573-07C91877F138"/>
</associations>
</Column>
<Column class="oracle.dbtools.crest.model.design.relational.Column" name="DPIUB_ID" id="F2506C56-BEDA-8889-7C28-FAAB89F276FB">
<createdBy>ro38606</createdBy>
<createdTime>2013-05-09 18:09:10 UTC</createdTime>
<ownerDesignName>TXEB_BPM_Semantic_data_model_diagram</ownerDesignName>
<useDomainConstraints>false</useDomainConstraints>
<use>1</use>
<logicalDatatype>LOGDT019</logicalDatatype>
<dataTypeSize>22</dataTypeSize>
<delegate>0B0C4A27-1114-DD2A-8E73-E5A9C9E457FB</delegate>
<autoIncrementCycle>false</autoIncrementCycle>
<associations>
<colAssociation fkAssociation="AD73DAA3-3261-9909-A400-89A4AEB14973" referredColumn="0B0C4A27-1114-DD2A-8E73-E5A9C9E457FB"/>
</associations>
</Column>
<Column class="oracle.dbtools.crest.model.design.relational.Column" name="DPITI_ID" id="CE24BF13-454F-5FDF-1379-C05523C411E3">
<createdBy>ro38606</createdBy>
<createdTime>2013-05-09 18:09:10 UTC</createdTime>
<ownerDesignName>TXEB_BPM_Semantic_data_model_diagram</ownerDesignName>
<useDomainConstraints>false</useDomainConstraints>
<use>1</use>
<logicalDatatype>LOGDT019</logicalDatatype>
<dataTypeSize>22</dataTypeSize>
<delegate>E2387AF2-5BEE-5854-DA65-C30B13520C19</delegate>
<autoIncrementCycle>false</autoIncrementCycle>
<associations>
<colAssociation fkAssociation="6F1A9B5E-AC52-9375-8A43-196E0F12A7D9" referredColumn="E2387AF2-5BEE-5854-DA65-C30B13520C19"/>
</associations>
</Column>
<Column class="oracle.dbtools.crest.model.design.relational.Column" name="INVENTORY_COUNT" id="92FB3060-DAC6-E62B-205D-1E55E48C5CE8">
<createdBy>ro38606</createdBy>
<createdTime>2013-05-09 18:09:10 UTC</createdTime>
<ownerDesignName>TXEB_BPM_Semantic_data_model_diagram</ownerDesignName>
<nullsAllowed>true</nullsAllowed>
<useDomainConstraints>false</useDomainConstraints>
<use>1</use>
<logicalDatatype>LOGDT019</logicalDatatype>
<dataTypeSize>22</dataTypeSize>
<autoIncrementCycle>false</autoIncrementCycle>
</Column>
<Column class="oracle.dbtools.crest.model.design.relational.Column" name="CREATION_COUNT" id="6B5DE330-0675-B71D-D6AF-010E17D84A18">
<createdBy>ro38606</createdBy>
<createdTime>2013-05-09 18:09:10 UTC</createdTime>
<ownerDesignName>TXEB_BPM_Semantic_data_model_diagram</ownerDesignName>
<nullsAllowed>true</nullsAllowed>
<useDomainConstraints>false</useDomainConstraints>
<use>1</use>
<logicalDatatype>LOGDT019</logicalDatatype>
<dataTypeSize>22</dataTypeSize>
<autoIncrementCycle>false</autoIncrementCycle>
</Column>
<Column class="oracle.dbtools.crest.model.design.relational.Column" name="COMPLETION_COUNT" id="EAE7288F-205D-2972-01CE-5B493859C9DF">
<createdBy>ro38606</createdBy>
<createdTime>2013-05-09 18:09:10 UTC</createdTime>
<ownerDesignName>TXEB_BPM_Semantic_data_model_diagram</ownerDesignName>
<nullsAllowed>true</nullsAllowed>
<useDomainConstraints>false</useDomainConstraints>
<use>1</use>
<logicalDatatype>LOGDT019</logicalDatatype>
<dataTypeSize>22</dataTypeSize>
<autoIncrementCycle>false</autoIncrementCycle>
</Column>
<Column class="oracle.dbtools.crest.model.design.relational.Column" name="Incident Status Date" id="01317421-EBA0-EBF5-940A-BB395E9B9D5B">
<createdBy>ro38606</createdBy>
<createdTime>2013-05-09 18:09:10 UTC</createdTime>
<ownerDesignName>TXEB_BPM_Semantic_data_model_diagram</ownerDesignName>
<nullsAllowed>true</nullsAllowed>
<useDomainConstraints>false</useDomainConstraints>
<use>1</use>
<logicalDatatype>LOGDT007</logicalDatatype>
<dataTypeSize>7</dataTypeSize>
<autoIncrementCycle>false</autoIncrementCycle>
</Column>
<Column class="oracle.dbtools.crest.model.design.relational.Column" name="Last Update Date" id="42D94B90-B1D5-071D-989D-C41D6D88DF52">
<createdBy>ro38606</createdBy>
<createdTime>2013-05-09 18:09:10 UTC</createdTime>
<ownerDesignName>TXEB_BPM_Semantic_data_model_diagram</ownerDesignName>
<nullsAllowed>true</nullsAllowed>
<useDomainConstraints>false</useDomainConstraints>
<use>1</use>
<logicalDatatype>LOGDT007</logicalDatatype>
<dataTypeSize>7</dataTypeSize>
<autoIncrementCycle>false</autoIncrementCycle>
</Column>
</columns>
<indexes>
<ind_PK_UK class="oracle.dbtools.crest.model.design.relational.Index" id="4DFD6886-C48D-FE50-72D8-060C3800DD3C" name="FPIBD_PK">
<createdBy>ro38606</createdBy>
<createdTime>2013-05-09 18:09:29 UTC</createdTime>
<ownerDesignName>TXEB_BPM_Semantic_data_model_diagram</ownerDesignName>
<schemaObject>121AEE1F-FD79-403A-F17D-FF8859EA2228</schemaObject>
<pk>true</pk>
<indexState>Primary Constraint</indexState>
<indexColumnUsage>
<colUsage columnID="EA424F96-D331-8CC0-4D96-2F3725DAD68F"/>
</indexColumnUsage>
</ind_PK_UK>
<ind_PK_UK class="oracle.dbtools.crest.model.design.relational.Index" id="EDEC4AF7-BADE-C868-075A-7F4EE39A085B" name="FPIBD_UIX1">
<createdBy>ro38606</createdBy>
<createdTime>2013-05-09 18:09:29 UTC</createdTime>
<ownerDesignName>TXEB_BPM_Semantic_data_model_diagram</ownerDesignName>
<schemaObject>121AEE1F-FD79-403A-F17D-FF8859EA2228</schemaObject>
<indexState>Unique Plain Index</indexState>
<indexColumnUsage>
<colUsage columnID="25AA8CD9-2B81-3856-1D3B-EBF8AE4FBAE3"/>
<colUsage columnID="ECE58437-E19B-76CC-2C35-2AA1E1908BDA"/>
</indexColumnUsage>
</ind_PK_UK>
<ind_PK_UK class="oracle.dbtools.crest.model.design.relational.Index" id="6585424E-2293-0F92-7BD9-38BAEC161CB3" name="FPIBD_UIX2">
<createdBy>ro38606</createdBy>
<createdTime>2013-05-09 18:09:29 UTC</createdTime>
<ownerDesignName>TXEB_BPM_Semantic_data_model_diagram</ownerDesignName>
<schemaObject>121AEE1F-FD79-403A-F17D-FF8859EA2228</schemaObject>
<indexState>Unique Plain Index</indexState>
<indexColumnUsage>
<colUsage columnID="25AA8CD9-2B81-3856-1D3B-EBF8AE4FBAE3"/>
<colUsage columnID="34936897-6472-476A-B732-335E08E67333"/>
</indexColumnUsage>
</ind_PK_UK>
<ind_PK_UK class="oracle.dbtools.crest.model.design.relational.Index" id="A1D03BBF-DC7C-4F32-6E01-DB3DA081D5A5" name="FPIBD_IX1">
<createdBy>ro38606</createdBy>
<createdTime>2013-05-09 18:09:29 UTC</createdTime>
<ownerDesignName>TXEB_BPM_Semantic_data_model_diagram</ownerDesignName>
<schemaObject>121AEE1F-FD79-403A-F17D-FF8859EA2228</schemaObject>
<indexColumnUsage>
<colUsage columnID="01317421-EBA0-EBF5-940A-BB395E9B9D5B"/>
</indexColumnUsage>
</ind_PK_UK>
<ind_PK_UK class="oracle.dbtools.crest.model.design.relational.Index" id="BB3E2950-E9B0-B824-65D6-DE26F20DAF28" name="FPIBD_IX2">
<createdBy>ro38606</createdBy>
<createdTime>2013-05-09 18:09:29 UTC</createdTime>
<ownerDesignName>TXEB_BPM_Semantic_data_model_diagram</ownerDesignName>
<schemaObject>121AEE1F-FD79-403A-F17D-FF8859EA2228</schemaObject>
<indexColumnUsage>
<colUsage columnID="42D94B90-B1D5-071D-989D-C41D6D88DF52"/>
</indexColumnUsage>
</ind_PK_UK>
<ind_PK_UK class="oracle.dbtools.crest.model.design.relational.Index" id="57381670-1555-84C0-ADE7-2F17062BEB31" name="FPIBD_IXL1">
<createdBy>ro38606</createdBy>
<createdTime>2013-05-09 18:09:30 UTC</createdTime>
<ownerDesignName>TXEB_BPM_Semantic_data_model_diagram</ownerDesignName>
<schemaObject>121AEE1F-FD79-403A-F17D-FF8859EA2228</schemaObject>
<indexColumnUsage>
<colUsage columnID="B529A8D2-2C71-0F90-B41E-4A194326ED67"/>
</indexColumnUsage>
</ind_PK_UK>
<ind_PK_UK class="oracle.dbtools.crest.model.design.relational.Index" id="423E326D-136F-0922-F539-A3DF6E0E95BD" name="FPIBD_DPICUR_FK">
<createdBy>ro38606</createdBy>
<createdTime>2013-05-09 18:10:04 UTC</createdTime>
<ownerDesignName>TXEB_BPM_Semantic_data_model_diagram</ownerDesignName>
<indexState>Foreign Key</indexState>
<indexColumnUsage>
<colUsage columnID="25AA8CD9-2B81-3856-1D3B-EBF8AE4FBAE3"/>
</indexColumnUsage>
</ind_PK_UK>
<ind_PK_UK class="oracle.dbtools.crest.model.design.relational.Index" id="C42593A6-E953-2F58-CBC6-CC42028B4A9C" name="FPIBD_DPIES_FK">
<createdBy>ro38606</createdBy>
<createdTime>2013-05-09 18:10:04 UTC</createdTime>
<ownerDesignName>TXEB_BPM_Semantic_data_model_diagram</ownerDesignName>
<indexState>Foreign Key</indexState>
<indexColumnUsage>
<colUsage columnID="E90A58C8-A20F-B51B-8CEF-EC2F8D9FD0E2"/>
</indexColumnUsage>
</ind_PK_UK>
<ind_PK_UK class="oracle.dbtools.crest.model.design.relational.Index" id="6CE50B6A-0227-A112-5956-940CB9C03396" name="FPIBD_DPIIA_FK">
<createdBy>ro38606</createdBy>
<createdTime>2013-05-09 18:10:04 UTC</createdTime>
<ownerDesignName>TXEB_BPM_Semantic_data_model_diagram</ownerDesignName>
<indexState>Foreign Key</indexState>
<indexColumnUsage>
<colUsage columnID="C3BE0A6A-C423-CDB3-A08A-87D333A3F22E"/>
</indexColumnUsage>
</ind_PK_UK>
<ind_PK_UK class="oracle.dbtools.crest.model.design.relational.Index" id="D2A4BBC4-07F8-F742-1F30-8B6C7AE46B9F" name="FPIBD_DPIID_FK">
<createdBy>ro38606</createdBy>
<createdTime>2013-05-09 18:10:04 UTC</createdTime>
<ownerDesignName>TXEB_BPM_Semantic_data_model_diagram</ownerDesignName>
<indexState>Foreign Key</indexState>
<indexColumnUsage>
<colUsage columnID="6B87560D-5A1A-48AA-F5BE-C4C743D2526E"/>
</indexColumnUsage>
</ind_PK_UK>
<ind_PK_UK class="oracle.dbtools.crest.model.design.relational.Index" id="43DEEFBA-5B62-2769-DAF5-59241B8D28C1" name="FPIBD_DPIIR_FK">
<createdBy>ro38606</createdBy>
<createdTime>2013-05-09 18:10:04 UTC</createdTime>
<ownerDesignName>TXEB_BPM_Semantic_data_model_diagram</ownerDesignName>
<indexState>Foreign Key</indexState>
<indexColumnUsage>
<colUsage columnID="16DD2423-621D-A10A-0A9C-6096252ADAF3"/>
</indexColumnUsage>
</ind_PK_UK>
<ind_PK_UK class="oracle.dbtools.crest.model.design.relational.Index" id="692BBB6C-CDA7-3763-34E4-7DA014D413E7" name="FPIBD_DPIISS_FK">
<createdBy>ro38606</createdBy>
<createdTime>2013-05-09 18:10:04 UTC</createdTime>
<ownerDesignName>TXEB_BPM_Semantic_data_model_diagram</ownerDesignName>
<indexState>Foreign Key</indexState>
<indexColumnUsage>
<colUsage columnID="D279EB21-5DAA-F3A8-DEB1-5EEC1DCBF0B2"/>
</indexColumnUsage>
</ind_PK_UK>
<ind_PK_UK class="oracle.dbtools.crest.model.design.relational.Index" id="C7DB722C-2779-19A3-F640-45BA5FB5BA74" name="FPIBD_DPIIS_FK">
<createdBy>ro38606</createdBy>
<createdTime>2013-05-09 18:10:04 UTC</createdTime>
<ownerDesignName>TXEB_BPM_Semantic_data_model_diagram</ownerDesignName>
<indexState>Foreign Key</indexState>
<indexColumnUsage>
<colUsage columnID="477D621D-D0C7-E570-211D-66C25890E9D4"/>
</indexColumnUsage>
</ind_PK_UK>
<ind_PK_UK class="oracle.dbtools.crest.model.design.relational.Index" id="A197F2BC-7CFB-CD11-5961-6F1E5C9F0871" name="FPIBD_DPIJS_FK">
<createdBy>ro38606</createdBy>
<createdTime>2013-05-09 18:10:04 UTC</createdTime>
<ownerDesignName>TXEB_BPM_Semantic_data_model_diagram</ownerDesignName>
<indexState>Foreign Key</indexState>
<indexColumnUsage>
<colUsage columnID="FB2FABF2-20C3-6866-13CF-1F46B2B9D72D"/>
</indexColumnUsage>
</ind_PK_UK>
<ind_PK_UK class="oracle.dbtools.crest.model.design.relational.Index" id="425DCB29-A272-D43C-4DB8-CDF6D88AAC98" name="FPIBD_DPITI_FK">
<createdBy>ro38606</createdBy>
<createdTime>2013-05-09 18:10:04 UTC</createdTime>
<ownerDesignName>TXEB_BPM_Semantic_data_model_diagram</ownerDesignName>
<indexState>Foreign Key</indexState>
<indexColumnUsage>
<colUsage columnID="CE24BF13-454F-5FDF-1379-C05523C411E3"/>
</indexColumnUsage>
</ind_PK_UK>
<ind_PK_UK class="oracle.dbtools.crest.model.design.relational.Index" id="DE92D48F-DDB0-7FFB-51FE-262A143595C8" name="FPIBD_DPIUB_FK">
<createdBy>ro38606</createdBy>
<createdTime>2013-05-09 18:10:04 UTC</createdTime>
<ownerDesignName>TXEB_BPM_Semantic_data_model_diagram</ownerDesignName>
<indexState>Foreign Key</indexState>
<indexColumnUsage>
<colUsage columnID="F2506C56-BEDA-8889-7C28-FAAB89F276FB"/>
</indexColumnUsage>
</ind_PK_UK>
</indexes>
</Table>