<?xml version = '1.0' encoding = 'UTF-8'?>
<Table class="oracle.dbtools.crest.model.design.relational.Table" id="306F311A-938D-41A7-12F1-4356A9C115BE" directorySegmentName="seg_0" name="F_CMOR_BY_DATE">
<sourceConnName>TXMAXDAT</sourceConnName>
<sourceObjSchema>MAXDAT</sourceObjSchema>
<sourceObjName>F_CMOR_BY_DATE</sourceObjName>
<createdBy>mb56142</createdBy>
<createdTime>2013-10-01 02:00:21 UTC</createdTime>
<ownerDesignName>TXEB_BPM_Semantic_data_model_diagram</ownerDesignName>
<schemaObject>121AEE1F-FD79-403A-F17D-FF8859EA2228</schemaObject>
<pkName>FCMORBD_PK</pkName>
<fonts>
<FontObject class="oracle.dbtools.crest.model.design.FontObjectWr">
<foType>Title</foType>
<fontStyle>1</fontStyle>
<colorRGB>-16776961</colorRGB>
</FontObject>
<FontObject class="oracle.dbtools.crest.model.design.FontObjectWr">
<foType>Column</foType>
<colorRGB>-16777216</colorRGB>
</FontObject>
<FontObject class="oracle.dbtools.crest.model.design.FontObjectWr">
<foType>Datatype</foType>
<colorRGB>-16744448</colorRGB>
</FontObject>
<FontObject class="oracle.dbtools.crest.model.design.FontObjectWr">
<foType>PK Element</foType>
<colorRGB>-16776961</colorRGB>
</FontObject>
<FontObject class="oracle.dbtools.crest.model.design.FontObjectWr">
<foType>FK Element</foType>
<colorRGB>-16777216</colorRGB>
</FontObject>
<FontObject class="oracle.dbtools.crest.model.design.FontObjectWr">
<foType>UK Element</foType>
<colorRGB>-16776961</colorRGB>
</FontObject>
<FontObject class="oracle.dbtools.crest.model.design.FontObjectWr">
<foType>Not Null</foType>
<colorRGB>-65536</colorRGB>
</FontObject>
<FontObject class="oracle.dbtools.crest.model.design.FontObjectWr">
<foType>Key</foType>
<colorRGB>-16777216</colorRGB>
</FontObject>
</fonts>
<columns>
<Column class="oracle.dbtools.crest.model.design.relational.Column" name="FCMORBD_ID" id="1E43EFD9-8759-D3A4-C6E1-86BD852973A5">
<sourceConnName>TXMAXDAT</sourceConnName>
<sourceObjSchema>F_CMOR_BY_DATE</sourceObjSchema>
<sourceObjName>FCMORBD_ID</sourceObjName>
<createdBy>mb56142</createdBy>
<createdTime>2013-10-01 02:00:21 UTC</createdTime>
<ownerDesignName>TXEB_BPM_Semantic_data_model_diagram</ownerDesignName>
<useDomainConstraints>false</useDomainConstraints>
<use>1</use>
<logicalDatatype>LOGDT019</logicalDatatype>
<dataTypeSize>22</dataTypeSize>
<autoIncrementCycle>false</autoIncrementCycle>
</Column>
<Column class="oracle.dbtools.crest.model.design.relational.Column" name="D_DATE" id="32023856-32C3-EAF5-688E-87F2E77E5882">
<sourceConnName>TXMAXDAT</sourceConnName>
<sourceObjSchema>F_CMOR_BY_DATE</sourceObjSchema>
<sourceObjName>D_DATE</sourceObjName>
<createdBy>mb56142</createdBy>
<createdTime>2013-10-01 02:00:21 UTC</createdTime>
<ownerDesignName>TXEB_BPM_Semantic_data_model_diagram</ownerDesignName>
<useDomainConstraints>false</useDomainConstraints>
<use>1</use>
<logicalDatatype>LOGDT007</logicalDatatype>
<dataTypeSize>7</dataTypeSize>
<autoIncrementCycle>false</autoIncrementCycle>
</Column>
<Column class="oracle.dbtools.crest.model.design.relational.Column" name="DCMORSS_ID" id="19C1C336-77BB-23AF-70CE-5D9B35F797CD">
<sourceConnName>TXMAXDAT</sourceConnName>
<sourceObjSchema>F_CMOR_BY_DATE</sourceObjSchema>
<sourceObjName>DCMORSS_ID</sourceObjName>
<createdBy>mb56142</createdBy>
<createdTime>2013-10-01 02:00:21 UTC</createdTime>
<ownerDesignName>TXEB_BPM_Semantic_data_model_diagram</ownerDesignName>
<useDomainConstraints>false</useDomainConstraints>
<use>1</use>
<logicalDatatype>LOGDT019</logicalDatatype>
<dataTypeSize>22</dataTypeSize>
<delegate>1DB5A333-1885-3F4E-5A3E-71C3020D0F11</delegate>
<autoIncrementCycle>false</autoIncrementCycle>
<associations>
<colAssociation fkAssociation="724668F7-E8A0-07E4-F099-025A7801A877" referredColumn="1DB5A333-1885-3F4E-5A3E-71C3020D0F11"/>
</associations>
</Column>
<Column class="oracle.dbtools.crest.model.design.relational.Column" name="CMOR_BI_ID" id="D3162777-856B-BA8F-2024-ADB162EF77F8">
<sourceConnName>TXMAXDAT</sourceConnName>
<sourceObjSchema>F_CMOR_BY_DATE</sourceObjSchema>
<sourceObjName>CMOR_BI_ID</sourceObjName>
<createdBy>mb56142</createdBy>
<createdTime>2013-10-01 02:00:21 UTC</createdTime>
<ownerDesignName>TXEB_BPM_Semantic_data_model_diagram</ownerDesignName>
<useDomainConstraints>false</useDomainConstraints>
<use>1</use>
<logicalDatatype>LOGDT019</logicalDatatype>
<dataTypeSize>22</dataTypeSize>
<delegate>47FD1B99-9C8F-76E9-1FEE-D6E2D362E262</delegate>
<autoIncrementCycle>false</autoIncrementCycle>
<associations>
<colAssociation fkAssociation="96D68FFA-107F-253F-1E4D-59893707277F" referredColumn="47FD1B99-9C8F-76E9-1FEE-D6E2D362E262"/>
</associations>
</Column>
<Column class="oracle.dbtools.crest.model.design.relational.Column" name="LAST_UPDATE_BY_DATE" id="F7023863-E647-D2BD-2DC9-07DDFB8BF56E">
<sourceConnName>TXMAXDAT</sourceConnName>
<sourceObjSchema>F_CMOR_BY_DATE</sourceObjSchema>
<sourceObjName>LAST_UPDATE_BY_DATE</sourceObjName>
<createdBy>mb56142</createdBy>
<createdTime>2013-10-01 02:00:22 UTC</createdTime>
<ownerDesignName>TXEB_BPM_Semantic_data_model_diagram</ownerDesignName>
<nullsAllowed>true</nullsAllowed>
<useDomainConstraints>false</useDomainConstraints>
<use>1</use>
<logicalDatatype>LOGDT007</logicalDatatype>
<dataTypeSize>7</dataTypeSize>
<autoIncrementCycle>false</autoIncrementCycle>
</Column>
<Column class="oracle.dbtools.crest.model.design.relational.Column" name="BUCKET_START_DATE" id="E85BA676-D5C2-AD9F-FE3B-30854DBCADDE">
<sourceConnName>TXMAXDAT</sourceConnName>
<sourceObjSchema>F_CMOR_BY_DATE</sourceObjSchema>
<sourceObjName>BUCKET_START_DATE</sourceObjName>
<createdBy>mb56142</createdBy>
<createdTime>2013-10-01 02:00:22 UTC</createdTime>
<ownerDesignName>TXEB_BPM_Semantic_data_model_diagram</ownerDesignName>
<useDomainConstraints>false</useDomainConstraints>
<use>1</use>
<logicalDatatype>LOGDT007</logicalDatatype>
<dataTypeSize>7</dataTypeSize>
<autoIncrementCycle>false</autoIncrementCycle>
</Column>
<Column class="oracle.dbtools.crest.model.design.relational.Column" name="BUCKET_END_DATE" id="63F864F5-88E9-F52C-A229-2E7BB7F2D5EC">
<sourceConnName>TXMAXDAT</sourceConnName>
<sourceObjSchema>F_CMOR_BY_DATE</sourceObjSchema>
<sourceObjName>BUCKET_END_DATE</sourceObjName>
<createdBy>mb56142</createdBy>
<createdTime>2013-10-01 02:00:22 UTC</createdTime>
<ownerDesignName>TXEB_BPM_Semantic_data_model_diagram</ownerDesignName>
<useDomainConstraints>false</useDomainConstraints>
<use>1</use>
<logicalDatatype>LOGDT007</logicalDatatype>
<dataTypeSize>7</dataTypeSize>
<autoIncrementCycle>false</autoIncrementCycle>
</Column>
<Column class="oracle.dbtools.crest.model.design.relational.Column" name="CREATION_COUNT" id="D69DEA62-5FF4-9E56-8DBE-A4AD461F2FA1">
<sourceConnName>TXMAXDAT</sourceConnName>
<sourceObjSchema>F_CMOR_BY_DATE</sourceObjSchema>
<sourceObjName>CREATION_COUNT</sourceObjName>
<createdBy>mb56142</createdBy>
<createdTime>2013-10-01 02:00:22 UTC</createdTime>
<ownerDesignName>TXEB_BPM_Semantic_data_model_diagram</ownerDesignName>
<nullsAllowed>true</nullsAllowed>
<useDomainConstraints>false</useDomainConstraints>
<use>1</use>
<logicalDatatype>LOGDT019</logicalDatatype>
<dataTypeSize>22</dataTypeSize>
<autoIncrementCycle>false</autoIncrementCycle>
</Column>
<Column class="oracle.dbtools.crest.model.design.relational.Column" name="INVENTORY_COUNT" id="9B02BA92-4C4E-F149-1D44-2792E1791229">
<sourceConnName>TXMAXDAT</sourceConnName>
<sourceObjSchema>F_CMOR_BY_DATE</sourceObjSchema>
<sourceObjName>INVENTORY_COUNT</sourceObjName>
<createdBy>mb56142</createdBy>
<createdTime>2013-10-01 02:00:22 UTC</createdTime>
<ownerDesignName>TXEB_BPM_Semantic_data_model_diagram</ownerDesignName>
<nullsAllowed>true</nullsAllowed>
<useDomainConstraints>false</useDomainConstraints>
<use>1</use>
<logicalDatatype>LOGDT019</logicalDatatype>
<dataTypeSize>22</dataTypeSize>
<autoIncrementCycle>false</autoIncrementCycle>
</Column>
<Column class="oracle.dbtools.crest.model.design.relational.Column" name="COMPLETION_COUNT" id="B655F90D-41E8-0BF9-963F-14CD4DFE573B">
<sourceConnName>TXMAXDAT</sourceConnName>
<sourceObjSchema>F_CMOR_BY_DATE</sourceObjSchema>
<sourceObjName>COMPLETION_COUNT</sourceObjName>
<createdBy>mb56142</createdBy>
<createdTime>2013-10-01 02:00:22 UTC</createdTime>
<ownerDesignName>TXEB_BPM_Semantic_data_model_diagram</ownerDesignName>
<nullsAllowed>true</nullsAllowed>
<useDomainConstraints>false</useDomainConstraints>
<use>1</use>
<logicalDatatype>LOGDT019</logicalDatatype>
<dataTypeSize>22</dataTypeSize>
<autoIncrementCycle>false</autoIncrementCycle>
</Column>
</columns>
<indexes>
<ind_PK_UK class="oracle.dbtools.crest.model.design.relational.Index" id="C247B67E-37B9-A781-7164-D02E9397168A" name="FCMORBD_PK">
<sourceConnName>TXMAXDAT</sourceConnName>
<sourceObjSchema>MAXDAT</sourceObjSchema>
<sourceObjName>FCMORBD_PK</sourceObjName>
<createdBy>mb56142</createdBy>
<createdTime>2013-10-01 02:00:23 UTC</createdTime>
<ownerDesignName>TXEB_BPM_Semantic_data_model_diagram</ownerDesignName>
<pk>true</pk>
<indexState>Primary Constraint</indexState>
<indexColumnUsage>
<colUsage columnID="1E43EFD9-8759-D3A4-C6E1-86BD852973A5"/>
</indexColumnUsage>
</ind_PK_UK>
<ind_PK_UK class="oracle.dbtools.crest.model.design.relational.Index" id="BF7936C3-23F0-9BF2-46EA-1F532BA6ABE7" name="FCMORBD_PK">
<sourceConnName>TXMAXDAT</sourceConnName>
<sourceObjSchema>MAXDAT</sourceObjSchema>
<sourceObjName>FCMORBD_PK</sourceObjName>
<createdBy>mb56142</createdBy>
<createdTime>2013-10-01 02:00:23 UTC</createdTime>
<ownerDesignName>TXEB_BPM_Semantic_data_model_diagram</ownerDesignName>
<schemaObject>121AEE1F-FD79-403A-F17D-FF8859EA2228</schemaObject>
<indexState>Unique Plain Index</indexState>
<indexColumnUsage>
<colUsage columnID="1E43EFD9-8759-D3A4-C6E1-86BD852973A5"/>
</indexColumnUsage>
</ind_PK_UK>
<ind_PK_UK class="oracle.dbtools.crest.model.design.relational.Index" id="8847055D-3C8D-6621-B1A8-61150F22C878" name="FCMORBD_UIX1">
<sourceConnName>TXMAXDAT</sourceConnName>
<sourceObjSchema>MAXDAT</sourceObjSchema>
<sourceObjName>FCMORBD_UIX1</sourceObjName>
<createdBy>mb56142</createdBy>
<createdTime>2013-10-01 02:00:23 UTC</createdTime>
<ownerDesignName>TXEB_BPM_Semantic_data_model_diagram</ownerDesignName>
<schemaObject>121AEE1F-FD79-403A-F17D-FF8859EA2228</schemaObject>
<indexState>Unique Plain Index</indexState>
<indexColumnUsage>
<colUsage columnID="1E43EFD9-8759-D3A4-C6E1-86BD852973A5"/>
<colUsage columnID="32023856-32C3-EAF5-688E-87F2E77E5882"/>
</indexColumnUsage>
</ind_PK_UK>
<ind_PK_UK class="oracle.dbtools.crest.model.design.relational.Index" id="2C387970-AFD4-2F58-08DA-EBCFE472EEA7" name="FCMORBD_DCMORCUR_FK">
<createdBy>mb56142</createdBy>
<createdTime>2013-10-01 02:00:24 UTC</createdTime>
<ownerDesignName>TXEB_BPM_Semantic_data_model_diagram</ownerDesignName>
<indexState>Foreign Key</indexState>
<indexColumnUsage>
<colUsage columnID="D3162777-856B-BA8F-2024-ADB162EF77F8"/>
</indexColumnUsage>
</ind_PK_UK>
<ind_PK_UK class="oracle.dbtools.crest.model.design.relational.Index" id="878861F5-AB9B-FD62-C355-88298027DB0C" name="FCMORBD_DCMORSS_FK">
<createdBy>mb56142</createdBy>
<createdTime>2013-10-01 02:00:24 UTC</createdTime>
<ownerDesignName>TXEB_BPM_Semantic_data_model_diagram</ownerDesignName>
<indexState>Foreign Key</indexState>
<indexColumnUsage>
<colUsage columnID="19C1C336-77BB-23AF-70CE-5D9B35F797CD"/>
</indexColumnUsage>
</ind_PK_UK>
</indexes>
</Table>