<?xml version = '1.0' encoding = 'UTF-8'?>
<Table class="oracle.dbtools.crest.model.design.relational.Table" id="3E07923A-9B55-CE1E-6FC2-6E2BC1621C70" directorySegmentName="seg_0" name="F_PL_BY_DATE">
<createdBy>ro38606</createdBy>
<createdTime>2013-05-09 18:08:25 UTC</createdTime>
<ownerDesignName>TXEB_BPM_Semantic_data_model_diagram</ownerDesignName>
<schemaObject>121AEE1F-FD79-403A-F17D-FF8859EA2228</schemaObject>
<pkName>FPLBD_PK</pkName>
<fonts>
<FontObject class="oracle.dbtools.crest.model.design.FontObjectWr">
<foType>Title</foType>
<fontStyle>1</fontStyle>
<colorRGB>-16776961</colorRGB>
</FontObject>
<FontObject class="oracle.dbtools.crest.model.design.FontObjectWr">
<foType>Column</foType>
<colorRGB>-16777216</colorRGB>
</FontObject>
<FontObject class="oracle.dbtools.crest.model.design.FontObjectWr">
<foType>Datatype</foType>
<colorRGB>-16744448</colorRGB>
</FontObject>
<FontObject class="oracle.dbtools.crest.model.design.FontObjectWr">
<foType>PK Element</foType>
<colorRGB>-16776961</colorRGB>
</FontObject>
<FontObject class="oracle.dbtools.crest.model.design.FontObjectWr">
<foType>FK Element</foType>
<colorRGB>-16777216</colorRGB>
</FontObject>
<FontObject class="oracle.dbtools.crest.model.design.FontObjectWr">
<foType>UK Element</foType>
<colorRGB>-16776961</colorRGB>
</FontObject>
<FontObject class="oracle.dbtools.crest.model.design.FontObjectWr">
<foType>Not Null</foType>
<colorRGB>-65536</colorRGB>
</FontObject>
<FontObject class="oracle.dbtools.crest.model.design.FontObjectWr">
<foType>Key</foType>
<colorRGB>-16777216</colorRGB>
</FontObject>
</fonts>
<columns>
<Column class="oracle.dbtools.crest.model.design.relational.Column" name="FPLBD_ID" id="939070CA-113B-9698-19CD-A950C52FC817">
<createdBy>ro38606</createdBy>
<createdTime>2013-05-09 18:09:11 UTC</createdTime>
<ownerDesignName>TXEB_BPM_Semantic_data_model_diagram</ownerDesignName>
<useDomainConstraints>false</useDomainConstraints>
<use>1</use>
<logicalDatatype>LOGDT019</logicalDatatype>
<dataTypeSize>22</dataTypeSize>
<autoIncrementCycle>false</autoIncrementCycle>
</Column>
<Column class="oracle.dbtools.crest.model.design.relational.Column" name="D_DATE" id="727EA190-6C3A-942D-476D-8A11E8A6737C">
<createdBy>ro38606</createdBy>
<createdTime>2013-05-09 18:09:11 UTC</createdTime>
<ownerDesignName>TXEB_BPM_Semantic_data_model_diagram</ownerDesignName>
<useDomainConstraints>false</useDomainConstraints>
<use>1</use>
<logicalDatatype>LOGDT007</logicalDatatype>
<dataTypeSize>7</dataTypeSize>
<autoIncrementCycle>false</autoIncrementCycle>
</Column>
<Column class="oracle.dbtools.crest.model.design.relational.Column" name="BUCKET_START_DATE" id="6DD6EB03-6557-8B00-B847-4E2983F6D2BB">
<createdBy>ro38606</createdBy>
<createdTime>2013-05-09 18:09:11 UTC</createdTime>
<ownerDesignName>TXEB_BPM_Semantic_data_model_diagram</ownerDesignName>
<useDomainConstraints>false</useDomainConstraints>
<use>1</use>
<logicalDatatype>LOGDT007</logicalDatatype>
<dataTypeSize>7</dataTypeSize>
<autoIncrementCycle>false</autoIncrementCycle>
</Column>
<Column class="oracle.dbtools.crest.model.design.relational.Column" name="BUCKET_END_DATE" id="8826FD71-CB4B-A28F-581E-171C033F1F7D">
<createdBy>ro38606</createdBy>
<createdTime>2013-05-09 18:09:11 UTC</createdTime>
<ownerDesignName>TXEB_BPM_Semantic_data_model_diagram</ownerDesignName>
<useDomainConstraints>false</useDomainConstraints>
<use>1</use>
<logicalDatatype>LOGDT007</logicalDatatype>
<dataTypeSize>7</dataTypeSize>
<autoIncrementCycle>false</autoIncrementCycle>
</Column>
<Column class="oracle.dbtools.crest.model.design.relational.Column" name="PL_BI_ID" id="590B7ECA-4779-79F7-64F4-AFDE9CD9CFA3">
<createdBy>ro38606</createdBy>
<createdTime>2013-05-09 18:09:11 UTC</createdTime>
<ownerDesignName>TXEB_BPM_Semantic_data_model_diagram</ownerDesignName>
<useDomainConstraints>false</useDomainConstraints>
<use>1</use>
<logicalDatatype>LOGDT019</logicalDatatype>
<delegate>DAE79D43-2DB9-FD44-0618-5A5CA38073A2</delegate>
<autoIncrementCycle>false</autoIncrementCycle>
<associations>
<colAssociation fkAssociation="5E85FF60-42DB-1EB5-7398-E1D73F6AE54C" referredColumn="DAE79D43-2DB9-FD44-0618-5A5CA38073A2"/>
</associations>
</Column>
<Column class="oracle.dbtools.crest.model.design.relational.Column" name="DPLLS_ID" id="EFCFDEA5-4B26-5546-D2DB-ACDD86514C8D">
<createdBy>ro38606</createdBy>
<createdTime>2013-05-09 18:09:11 UTC</createdTime>
<ownerDesignName>TXEB_BPM_Semantic_data_model_diagram</ownerDesignName>
<useDomainConstraints>false</useDomainConstraints>
<use>1</use>
<logicalDatatype>LOGDT019</logicalDatatype>
<dataTypeSize>22</dataTypeSize>
<delegate>FDD2DB45-BA6A-56C0-15B0-5B7548F053B4</delegate>
<autoIncrementCycle>false</autoIncrementCycle>
<associations>
<colAssociation fkAssociation="21E6EF1F-7C0F-70B0-23C4-9EFEF92B2975" referredColumn="FDD2DB45-BA6A-56C0-15B0-5B7548F053B4"/>
</associations>
</Column>
<Column class="oracle.dbtools.crest.model.design.relational.Column" name="INVENTORY_COUNT" id="60EAA42E-8213-65BA-DCA7-5ED65BA9DFFF">
<createdBy>ro38606</createdBy>
<createdTime>2013-05-09 18:09:11 UTC</createdTime>
<ownerDesignName>TXEB_BPM_Semantic_data_model_diagram</ownerDesignName>
<nullsAllowed>true</nullsAllowed>
<useDomainConstraints>false</useDomainConstraints>
<use>1</use>
<logicalDatatype>LOGDT019</logicalDatatype>
<dataTypeSize>22</dataTypeSize>
<autoIncrementCycle>false</autoIncrementCycle>
</Column>
<Column class="oracle.dbtools.crest.model.design.relational.Column" name="CREATION_COUNT" id="2EEF6986-9DE0-0DA2-05E3-73646E3454E3">
<createdBy>ro38606</createdBy>
<createdTime>2013-05-09 18:09:12 UTC</createdTime>
<ownerDesignName>TXEB_BPM_Semantic_data_model_diagram</ownerDesignName>
<nullsAllowed>true</nullsAllowed>
<useDomainConstraints>false</useDomainConstraints>
<use>1</use>
<logicalDatatype>LOGDT019</logicalDatatype>
<dataTypeSize>22</dataTypeSize>
<autoIncrementCycle>false</autoIncrementCycle>
</Column>
<Column class="oracle.dbtools.crest.model.design.relational.Column" name="COMPLETION_COUNT" id="FB269046-3269-F8E9-C3D3-5A4E8106B806">
<createdBy>ro38606</createdBy>
<createdTime>2013-05-09 18:09:12 UTC</createdTime>
<ownerDesignName>TXEB_BPM_Semantic_data_model_diagram</ownerDesignName>
<nullsAllowed>true</nullsAllowed>
<useDomainConstraints>false</useDomainConstraints>
<use>1</use>
<logicalDatatype>LOGDT019</logicalDatatype>
<dataTypeSize>22</dataTypeSize>
<autoIncrementCycle>false</autoIncrementCycle>
</Column>
<Column class="oracle.dbtools.crest.model.design.relational.Column" name="LETTER_STATUS_DATE" id="AF701D28-B2BC-FA8E-42D8-07E28D3F01C1">
<createdBy>ro38606</createdBy>
<createdTime>2013-05-09 18:09:12 UTC</createdTime>
<ownerDesignName>TXEB_BPM_Semantic_data_model_diagram</ownerDesignName>
<nullsAllowed>true</nullsAllowed>
<useDomainConstraints>false</useDomainConstraints>
<use>1</use>
<logicalDatatype>LOGDT007</logicalDatatype>
<dataTypeSize>7</dataTypeSize>
<autoIncrementCycle>false</autoIncrementCycle>
</Column>
</columns>
<indexes>
<ind_PK_UK class="oracle.dbtools.crest.model.design.relational.Index" id="E29B46D5-F5D3-D0A8-2CF3-1280E323D2EB" name="FPLBD_PK">
<createdBy>ro38606</createdBy>
<createdTime>2013-05-09 18:09:30 UTC</createdTime>
<ownerDesignName>TXEB_BPM_Semantic_data_model_diagram</ownerDesignName>
<schemaObject>121AEE1F-FD79-403A-F17D-FF8859EA2228</schemaObject>
<pk>true</pk>
<indexState>Primary Constraint</indexState>
<indexColumnUsage>
<colUsage columnID="939070CA-113B-9698-19CD-A950C52FC817"/>
</indexColumnUsage>
</ind_PK_UK>
<ind_PK_UK class="oracle.dbtools.crest.model.design.relational.Index" id="5B083D75-0E55-69F3-C966-886B45208915" name="FPLBD_UIX1">
<createdBy>ro38606</createdBy>
<createdTime>2013-05-09 18:09:30 UTC</createdTime>
<ownerDesignName>TXEB_BPM_Semantic_data_model_diagram</ownerDesignName>
<schemaObject>121AEE1F-FD79-403A-F17D-FF8859EA2228</schemaObject>
<indexState>Unique Plain Index</indexState>
<indexColumnUsage>
<colUsage columnID="590B7ECA-4779-79F7-64F4-AFDE9CD9CFA3"/>
<colUsage columnID="727EA190-6C3A-942D-476D-8A11E8A6737C"/>
</indexColumnUsage>
</ind_PK_UK>
<ind_PK_UK class="oracle.dbtools.crest.model.design.relational.Index" id="49FD795E-8464-AD1E-A71A-C4946FE71C8D" name="FPLBD_UIX2">
<createdBy>ro38606</createdBy>
<createdTime>2013-05-09 18:09:30 UTC</createdTime>
<ownerDesignName>TXEB_BPM_Semantic_data_model_diagram</ownerDesignName>
<schemaObject>121AEE1F-FD79-403A-F17D-FF8859EA2228</schemaObject>
<indexState>Unique Plain Index</indexState>
<indexColumnUsage>
<colUsage columnID="590B7ECA-4779-79F7-64F4-AFDE9CD9CFA3"/>
<colUsage columnID="6DD6EB03-6557-8B00-B847-4E2983F6D2BB"/>
</indexColumnUsage>
</ind_PK_UK>
<ind_PK_UK class="oracle.dbtools.crest.model.design.relational.Index" id="850B0322-FFC7-5F44-B73B-D64970F65306" name="FPLBD_IXL1">
<createdBy>ro38606</createdBy>
<createdTime>2013-05-09 18:09:30 UTC</createdTime>
<ownerDesignName>TXEB_BPM_Semantic_data_model_diagram</ownerDesignName>
<schemaObject>121AEE1F-FD79-403A-F17D-FF8859EA2228</schemaObject>
<indexColumnUsage>
<colUsage columnID="8826FD71-CB4B-A28F-581E-171C033F1F7D"/>
</indexColumnUsage>
</ind_PK_UK>
<ind_PK_UK class="oracle.dbtools.crest.model.design.relational.Index" id="54EFFBE4-0ABD-F9DC-B2E2-B85433EDC554" name="FPLBD_DPLCUR_FK">
<createdBy>ro38606</createdBy>
<createdTime>2013-05-09 18:10:04 UTC</createdTime>
<ownerDesignName>TXEB_BPM_Semantic_data_model_diagram</ownerDesignName>
<indexState>Foreign Key</indexState>
<indexColumnUsage>
<colUsage columnID="590B7ECA-4779-79F7-64F4-AFDE9CD9CFA3"/>
</indexColumnUsage>
</ind_PK_UK>
<ind_PK_UK class="oracle.dbtools.crest.model.design.relational.Index" id="A53BB830-E7C5-8A01-9439-86590C073207" name="FPLBD_DPLLS_FK">
<createdBy>ro38606</createdBy>
<createdTime>2013-05-09 18:10:04 UTC</createdTime>
<ownerDesignName>TXEB_BPM_Semantic_data_model_diagram</ownerDesignName>
<indexState>Foreign Key</indexState>
<indexColumnUsage>
<colUsage columnID="EFCFDEA5-4B26-5546-D2DB-ACDD86514C8D"/>
</indexColumnUsage>
</ind_PK_UK>
</indexes>
</Table>