<?xml version = '1.0' encoding = 'UTF-8'?>
<Table class="oracle.dbtools.crest.model.design.relational.Table" id="5C425949-F273-27ED-90D4-0B2013437206" directorySegmentName="seg_0" name="F_MFDOC_BY_DATE">
<createdBy>ro38606</createdBy>
<createdTime>2013-05-09 18:08:25 UTC</createdTime>
<ownerDesignName>TXEB_BPM_Semantic_data_model_diagram</ownerDesignName>
<schemaObject>121AEE1F-FD79-403A-F17D-FF8859EA2228</schemaObject>
<pkName>FMFDOCBD_PK</pkName>
<fonts>
<FontObject class="oracle.dbtools.crest.model.design.FontObjectWr">
<foType>Title</foType>
<fontStyle>1</fontStyle>
<colorRGB>-16776961</colorRGB>
</FontObject>
<FontObject class="oracle.dbtools.crest.model.design.FontObjectWr">
<foType>Column</foType>
<colorRGB>-16777216</colorRGB>
</FontObject>
<FontObject class="oracle.dbtools.crest.model.design.FontObjectWr">
<foType>Datatype</foType>
<colorRGB>-16744448</colorRGB>
</FontObject>
<FontObject class="oracle.dbtools.crest.model.design.FontObjectWr">
<foType>PK Element</foType>
<colorRGB>-16776961</colorRGB>
</FontObject>
<FontObject class="oracle.dbtools.crest.model.design.FontObjectWr">
<foType>FK Element</foType>
<colorRGB>-16777216</colorRGB>
</FontObject>
<FontObject class="oracle.dbtools.crest.model.design.FontObjectWr">
<foType>UK Element</foType>
<colorRGB>-16776961</colorRGB>
</FontObject>
<FontObject class="oracle.dbtools.crest.model.design.FontObjectWr">
<foType>Not Null</foType>
<colorRGB>-65536</colorRGB>
</FontObject>
<FontObject class="oracle.dbtools.crest.model.design.FontObjectWr">
<foType>Key</foType>
<colorRGB>-16777216</colorRGB>
</FontObject>
</fonts>
<columns>
<Column class="oracle.dbtools.crest.model.design.relational.Column" name="FMFDOCBD_ID" id="D0CF57C9-FACE-9B7E-53E1-813B4E8821C5">
<createdBy>ro38606</createdBy>
<createdTime>2013-05-09 18:09:06 UTC</createdTime>
<ownerDesignName>TXEB_BPM_Semantic_data_model_diagram</ownerDesignName>
<useDomainConstraints>false</useDomainConstraints>
<use>1</use>
<logicalDatatype>LOGDT019</logicalDatatype>
<dataTypeSize>22</dataTypeSize>
<autoIncrementCycle>false</autoIncrementCycle>
</Column>
<Column class="oracle.dbtools.crest.model.design.relational.Column" name="D_DATE" id="988832D3-33EE-1BFB-8B85-5981610046C2">
<createdBy>ro38606</createdBy>
<createdTime>2013-05-09 18:09:06 UTC</createdTime>
<ownerDesignName>TXEB_BPM_Semantic_data_model_diagram</ownerDesignName>
<useDomainConstraints>false</useDomainConstraints>
<use>1</use>
<logicalDatatype>LOGDT007</logicalDatatype>
<dataTypeSize>7</dataTypeSize>
<autoIncrementCycle>false</autoIncrementCycle>
</Column>
<Column class="oracle.dbtools.crest.model.design.relational.Column" name="BUCKET_START_DATE" id="5BE3DCBF-CED8-D104-4799-B5517F116270">
<createdBy>ro38606</createdBy>
<createdTime>2013-05-09 18:09:06 UTC</createdTime>
<ownerDesignName>TXEB_BPM_Semantic_data_model_diagram</ownerDesignName>
<useDomainConstraints>false</useDomainConstraints>
<use>1</use>
<logicalDatatype>LOGDT007</logicalDatatype>
<dataTypeSize>7</dataTypeSize>
<autoIncrementCycle>false</autoIncrementCycle>
</Column>
<Column class="oracle.dbtools.crest.model.design.relational.Column" name="BUCKET_END_DATE" id="BDD6F2E8-9BB9-A45C-6278-76329D22EB88">
<createdBy>ro38606</createdBy>
<createdTime>2013-05-09 18:09:06 UTC</createdTime>
<ownerDesignName>TXEB_BPM_Semantic_data_model_diagram</ownerDesignName>
<useDomainConstraints>false</useDomainConstraints>
<use>1</use>
<logicalDatatype>LOGDT007</logicalDatatype>
<dataTypeSize>7</dataTypeSize>
<autoIncrementCycle>false</autoIncrementCycle>
</Column>
<Column class="oracle.dbtools.crest.model.design.relational.Column" name="MFDOC_BI_ID" id="AF523D11-BFE8-15F0-2A5A-9E9CDE95B74A">
<createdBy>ro38606</createdBy>
<createdTime>2013-05-09 18:09:06 UTC</createdTime>
<ownerDesignName>TXEB_BPM_Semantic_data_model_diagram</ownerDesignName>
<useDomainConstraints>false</useDomainConstraints>
<use>1</use>
<logicalDatatype>LOGDT019</logicalDatatype>
<dataTypeSize>22</dataTypeSize>
<delegate>4F631FDA-5931-65A9-551A-3BB05596B382</delegate>
<autoIncrementCycle>false</autoIncrementCycle>
<associations>
<colAssociation fkAssociation="181197A2-283E-E354-EE75-B931FC28E877" referredColumn="4F631FDA-5931-65A9-551A-3BB05596B382"/>
</associations>
</Column>
<Column class="oracle.dbtools.crest.model.design.relational.Column" name="DMFDOCDT_ID" id="FDDE579A-F488-FACF-E285-0A65387EB370">
<createdBy>ro38606</createdBy>
<createdTime>2013-05-09 18:09:06 UTC</createdTime>
<ownerDesignName>TXEB_BPM_Semantic_data_model_diagram</ownerDesignName>
<nullsAllowed>true</nullsAllowed>
<useDomainConstraints>false</useDomainConstraints>
<use>1</use>
<logicalDatatype>LOGDT019</logicalDatatype>
<dataTypeSize>22</dataTypeSize>
<delegate>915AB6AB-596F-A3EA-A5F4-0D68F3776786</delegate>
<autoIncrementCycle>false</autoIncrementCycle>
<associations>
<colAssociation fkAssociation="67C5902D-A8F0-A778-30E8-DB4AE4AA31D9" referredColumn="915AB6AB-596F-A3EA-A5F4-0D68F3776786"/>
</associations>
</Column>
<Column class="oracle.dbtools.crest.model.design.relational.Column" name="DMFDOCB_ID" id="B74C8A45-7DA7-856C-ECFD-F11E4DC168B1">
<createdBy>ro38606</createdBy>
<createdTime>2013-05-09 18:09:07 UTC</createdTime>
<ownerDesignName>TXEB_BPM_Semantic_data_model_diagram</ownerDesignName>
<useDomainConstraints>false</useDomainConstraints>
<use>1</use>
<logicalDatatype>LOGDT019</logicalDatatype>
<dataTypeSize>22</dataTypeSize>
<delegate>75C45703-E792-E734-CF64-9E88FF47989D</delegate>
<autoIncrementCycle>false</autoIncrementCycle>
<associations>
<colAssociation fkAssociation="1164A5F1-C107-23DE-F61C-9F1A542FB168" referredColumn="75C45703-E792-E734-CF64-9E88FF47989D"/>
</associations>
</Column>
<Column class="oracle.dbtools.crest.model.design.relational.Column" name="DMFDOCTS_ID" id="CAC87FED-2F4D-A0FC-AB4A-4BC1226C2B7A">
<createdBy>ro38606</createdBy>
<createdTime>2013-05-09 18:09:07 UTC</createdTime>
<ownerDesignName>TXEB_BPM_Semantic_data_model_diagram</ownerDesignName>
<useDomainConstraints>false</useDomainConstraints>
<use>1</use>
<logicalDatatype>LOGDT019</logicalDatatype>
<dataTypeSize>22</dataTypeSize>
<delegate>C470B84F-C89E-13F9-29DB-5EFA943DC0D7</delegate>
<autoIncrementCycle>false</autoIncrementCycle>
<associations>
<colAssociation fkAssociation="83E3BF2F-3A8E-00A6-F7F5-7C08E31092E9" referredColumn="C470B84F-C89E-13F9-29DB-5EFA943DC0D7"/>
</associations>
</Column>
<Column class="oracle.dbtools.crest.model.design.relational.Column" name="DMFDOCDS_ID" id="C39F0147-1C4C-7237-C081-E8EEF5C32646">
<createdBy>ro38606</createdBy>
<createdTime>2013-05-09 18:09:07 UTC</createdTime>
<ownerDesignName>TXEB_BPM_Semantic_data_model_diagram</ownerDesignName>
<useDomainConstraints>false</useDomainConstraints>
<use>1</use>
<logicalDatatype>LOGDT019</logicalDatatype>
<dataTypeSize>22</dataTypeSize>
<delegate>2BB2D32D-0D1F-AD2F-7F3B-CAAF1C49870F</delegate>
<autoIncrementCycle>false</autoIncrementCycle>
<associations>
<colAssociation fkAssociation="6823B6B0-9E35-24E4-2CAF-A65C9B20B820" referredColumn="2BB2D32D-0D1F-AD2F-7F3B-CAAF1C49870F"/>
</associations>
</Column>
<Column class="oracle.dbtools.crest.model.design.relational.Column" name="DMFDOCIS_ID" id="02804F1F-E484-9341-C9C8-3BF80348247A">
<createdBy>ro38606</createdBy>
<createdTime>2013-05-09 18:09:07 UTC</createdTime>
<ownerDesignName>TXEB_BPM_Semantic_data_model_diagram</ownerDesignName>
<useDomainConstraints>false</useDomainConstraints>
<use>1</use>
<logicalDatatype>LOGDT019</logicalDatatype>
<dataTypeSize>22</dataTypeSize>
<delegate>2E03C5FF-06F1-5BEF-A32B-6F49ECE4C84F</delegate>
<autoIncrementCycle>false</autoIncrementCycle>
<associations>
<colAssociation fkAssociation="06A73F91-2B1D-F621-C173-D6E895EADBB7" referredColumn="2E03C5FF-06F1-5BEF-A32B-6F49ECE4C84F"/>
</associations>
</Column>
<Column class="oracle.dbtools.crest.model.design.relational.Column" name="DMFDOCDCNJS_ID" id="87D7FC21-C172-36F0-DA33-6752676435B4">
<createdBy>ro38606</createdBy>
<createdTime>2013-05-09 18:09:07 UTC</createdTime>
<ownerDesignName>TXEB_BPM_Semantic_data_model_diagram</ownerDesignName>
<useDomainConstraints>false</useDomainConstraints>
<use>1</use>
<logicalDatatype>LOGDT019</logicalDatatype>
<dataTypeSize>22</dataTypeSize>
<delegate>001F30D3-83E1-86CF-7CE4-285E2CEB1E28</delegate>
<autoIncrementCycle>false</autoIncrementCycle>
<associations>
<colAssociation fkAssociation="D8E3D7D6-908F-640E-0DBB-CAB09E9768D2" referredColumn="001F30D3-83E1-86CF-7CE4-285E2CEB1E28"/>
</associations>
</Column>
<Column class="oracle.dbtools.crest.model.design.relational.Column" name="CREATION_COUNT" id="AE3AB1B7-B647-7487-0298-7A9EA590605D">
<createdBy>ro38606</createdBy>
<createdTime>2013-05-09 18:09:07 UTC</createdTime>
<ownerDesignName>TXEB_BPM_Semantic_data_model_diagram</ownerDesignName>
<nullsAllowed>true</nullsAllowed>
<useDomainConstraints>false</useDomainConstraints>
<use>1</use>
<logicalDatatype>LOGDT019</logicalDatatype>
<dataTypeSize>22</dataTypeSize>
<autoIncrementCycle>false</autoIncrementCycle>
</Column>
<Column class="oracle.dbtools.crest.model.design.relational.Column" name="INVENTORY_COUNT" id="025B1F68-3058-BF79-7AD8-3E90FDE662BF">
<createdBy>ro38606</createdBy>
<createdTime>2013-05-09 18:09:07 UTC</createdTime>
<ownerDesignName>TXEB_BPM_Semantic_data_model_diagram</ownerDesignName>
<nullsAllowed>true</nullsAllowed>
<useDomainConstraints>false</useDomainConstraints>
<use>1</use>
<logicalDatatype>LOGDT019</logicalDatatype>
<dataTypeSize>22</dataTypeSize>
<autoIncrementCycle>false</autoIncrementCycle>
</Column>
<Column class="oracle.dbtools.crest.model.design.relational.Column" name="COMPLETION_COUNT" id="AF14A829-7CEA-2E9E-FDF8-A03A81C8D89E">
<createdBy>ro38606</createdBy>
<createdTime>2013-05-09 18:09:08 UTC</createdTime>
<ownerDesignName>TXEB_BPM_Semantic_data_model_diagram</ownerDesignName>
<nullsAllowed>true</nullsAllowed>
<useDomainConstraints>false</useDomainConstraints>
<use>1</use>
<logicalDatatype>LOGDT019</logicalDatatype>
<dataTypeSize>22</dataTypeSize>
<autoIncrementCycle>false</autoIncrementCycle>
</Column>
<Column class="oracle.dbtools.crest.model.design.relational.Column" name="Document Status Date" id="7E50896E-C13D-C88B-C888-02A6E08A0913">
<createdBy>ro38606</createdBy>
<createdTime>2013-05-09 18:09:08 UTC</createdTime>
<ownerDesignName>TXEB_BPM_Semantic_data_model_diagram</ownerDesignName>
<nullsAllowed>true</nullsAllowed>
<useDomainConstraints>false</useDomainConstraints>
<use>1</use>
<logicalDatatype>LOGDT007</logicalDatatype>
<dataTypeSize>7</dataTypeSize>
<autoIncrementCycle>false</autoIncrementCycle>
</Column>
<Column class="oracle.dbtools.crest.model.design.relational.Column" name="DCN Jeopardy Status Date" id="BB9CD32C-ABB4-71E6-62B9-35703C24A7FE">
<createdBy>ro38606</createdBy>
<createdTime>2013-05-09 18:09:08 UTC</createdTime>
<ownerDesignName>TXEB_BPM_Semantic_data_model_diagram</ownerDesignName>
<nullsAllowed>true</nullsAllowed>
<useDomainConstraints>false</useDomainConstraints>
<use>1</use>
<logicalDatatype>LOGDT007</logicalDatatype>
<dataTypeSize>7</dataTypeSize>
<autoIncrementCycle>false</autoIncrementCycle>
</Column>
</columns>
<indexes>
<ind_PK_UK class="oracle.dbtools.crest.model.design.relational.Index" id="489F99B7-EAEC-E782-136D-F1FB08D3DDFC" name="FMFDOCBD_PK">
<createdBy>ro38606</createdBy>
<createdTime>2013-05-09 18:09:28 UTC</createdTime>
<ownerDesignName>TXEB_BPM_Semantic_data_model_diagram</ownerDesignName>
<schemaObject>121AEE1F-FD79-403A-F17D-FF8859EA2228</schemaObject>
<pk>true</pk>
<indexState>Primary Constraint</indexState>
<indexColumnUsage>
<colUsage columnID="D0CF57C9-FACE-9B7E-53E1-813B4E8821C5"/>
</indexColumnUsage>
</ind_PK_UK>
<ind_PK_UK class="oracle.dbtools.crest.model.design.relational.Index" id="EA2F3C69-8142-9DC0-A89B-AD6E2F6DCCE3" name="FMFDOCBD_UIX1">
<createdBy>ro38606</createdBy>
<createdTime>2013-05-09 18:09:28 UTC</createdTime>
<ownerDesignName>TXEB_BPM_Semantic_data_model_diagram</ownerDesignName>
<schemaObject>121AEE1F-FD79-403A-F17D-FF8859EA2228</schemaObject>
<indexState>Unique Plain Index</indexState>
<indexColumnUsage>
<colUsage columnID="AF523D11-BFE8-15F0-2A5A-9E9CDE95B74A"/>
<colUsage columnID="988832D3-33EE-1BFB-8B85-5981610046C2"/>
</indexColumnUsage>
</ind_PK_UK>
<ind_PK_UK class="oracle.dbtools.crest.model.design.relational.Index" id="5884707C-FFDC-DC85-4CCE-728CB3D97845" name="FMFDOCBD_UIX2">
<createdBy>ro38606</createdBy>
<createdTime>2013-05-09 18:09:28 UTC</createdTime>
<ownerDesignName>TXEB_BPM_Semantic_data_model_diagram</ownerDesignName>
<schemaObject>121AEE1F-FD79-403A-F17D-FF8859EA2228</schemaObject>
<indexState>Unique Plain Index</indexState>
<indexColumnUsage>
<colUsage columnID="AF523D11-BFE8-15F0-2A5A-9E9CDE95B74A"/>
<colUsage columnID="5BE3DCBF-CED8-D104-4799-B5517F116270"/>
</indexColumnUsage>
</ind_PK_UK>
<ind_PK_UK class="oracle.dbtools.crest.model.design.relational.Index" id="7171ACA6-19E4-1C9C-4081-DBAE8E2EB846" name="FMFDOCBD_IX1">
<createdBy>ro38606</createdBy>
<createdTime>2013-05-09 18:09:28 UTC</createdTime>
<ownerDesignName>TXEB_BPM_Semantic_data_model_diagram</ownerDesignName>
<schemaObject>121AEE1F-FD79-403A-F17D-FF8859EA2228</schemaObject>
<indexColumnUsage>
<colUsage columnID="7E50896E-C13D-C88B-C888-02A6E08A0913"/>
</indexColumnUsage>
</ind_PK_UK>
<ind_PK_UK class="oracle.dbtools.crest.model.design.relational.Index" id="F1DA86D5-F556-A0FC-003B-CAE55E5CEFAD" name="FMFDOCBD_IX2">
<createdBy>ro38606</createdBy>
<createdTime>2013-05-09 18:09:29 UTC</createdTime>
<ownerDesignName>TXEB_BPM_Semantic_data_model_diagram</ownerDesignName>
<schemaObject>121AEE1F-FD79-403A-F17D-FF8859EA2228</schemaObject>
<indexColumnUsage>
<colUsage columnID="BB9CD32C-ABB4-71E6-62B9-35703C24A7FE"/>
</indexColumnUsage>
</ind_PK_UK>
<ind_PK_UK class="oracle.dbtools.crest.model.design.relational.Index" id="AD263FC7-CC89-4ED6-248F-6F11E568DC33" name="FMFDOCBD_IXL1">
<createdBy>ro38606</createdBy>
<createdTime>2013-05-09 18:09:29 UTC</createdTime>
<ownerDesignName>TXEB_BPM_Semantic_data_model_diagram</ownerDesignName>
<schemaObject>121AEE1F-FD79-403A-F17D-FF8859EA2228</schemaObject>
<indexColumnUsage>
<colUsage columnID="BDD6F2E8-9BB9-A45C-6278-76329D22EB88"/>
</indexColumnUsage>
</ind_PK_UK>
<ind_PK_UK class="oracle.dbtools.crest.model.design.relational.Index" id="DDA8EF05-64B8-E091-86E7-62D8B2970CBA" name="FMFDOCBD_DMFDOCB_FK">
<createdBy>ro38606</createdBy>
<createdTime>2013-05-09 18:10:04 UTC</createdTime>
<ownerDesignName>TXEB_BPM_Semantic_data_model_diagram</ownerDesignName>
<indexState>Foreign Key</indexState>
<indexColumnUsage>
<colUsage columnID="B74C8A45-7DA7-856C-ECFD-F11E4DC168B1"/>
</indexColumnUsage>
</ind_PK_UK>
<ind_PK_UK class="oracle.dbtools.crest.model.design.relational.Index" id="08143860-E44C-D7EA-66A4-7D74BB672B34" name="FMFDOCBD_DMFDOCCUR_FK">
<createdBy>ro38606</createdBy>
<createdTime>2013-05-09 18:10:04 UTC</createdTime>
<ownerDesignName>TXEB_BPM_Semantic_data_model_diagram</ownerDesignName>
<indexState>Foreign Key</indexState>
<indexColumnUsage>
<colUsage columnID="AF523D11-BFE8-15F0-2A5A-9E9CDE95B74A"/>
</indexColumnUsage>
</ind_PK_UK>
<ind_PK_UK class="oracle.dbtools.crest.model.design.relational.Index" id="287B33F5-EACF-A36B-AB36-A8225475C7D6" name="FMFDOCBD_DMFDOCDS_FK">
<createdBy>ro38606</createdBy>
<createdTime>2013-05-09 18:10:04 UTC</createdTime>
<ownerDesignName>TXEB_BPM_Semantic_data_model_diagram</ownerDesignName>
<indexState>Foreign Key</indexState>
<indexColumnUsage>
<colUsage columnID="C39F0147-1C4C-7237-C081-E8EEF5C32646"/>
</indexColumnUsage>
</ind_PK_UK>
<ind_PK_UK class="oracle.dbtools.crest.model.design.relational.Index" id="AF9503E2-29C6-FC7B-2809-729AB86DD733" name="FMFDOCBD_DMFDOCDT_FK">
<createdBy>ro38606</createdBy>
<createdTime>2013-05-09 18:10:04 UTC</createdTime>
<ownerDesignName>TXEB_BPM_Semantic_data_model_diagram</ownerDesignName>
<indexState>Foreign Key</indexState>
<indexColumnUsage>
<colUsage columnID="FDDE579A-F488-FACF-E285-0A65387EB370"/>
</indexColumnUsage>
</ind_PK_UK>
<ind_PK_UK class="oracle.dbtools.crest.model.design.relational.Index" id="666A6F60-908B-8A45-7782-B03FBA53350F" name="FMFDOCBD_DMFDOCIS_FK">
<createdBy>ro38606</createdBy>
<createdTime>2013-05-09 18:10:04 UTC</createdTime>
<ownerDesignName>TXEB_BPM_Semantic_data_model_diagram</ownerDesignName>
<indexState>Foreign Key</indexState>
<indexColumnUsage>
<colUsage columnID="02804F1F-E484-9341-C9C8-3BF80348247A"/>
</indexColumnUsage>
</ind_PK_UK>
<ind_PK_UK class="oracle.dbtools.crest.model.design.relational.Index" id="0DB59054-98F2-0C67-C290-63AF01C651E6" name="FMFDOCBD_DMFDOCJS_FK">
<createdBy>ro38606</createdBy>
<createdTime>2013-05-09 18:10:04 UTC</createdTime>
<ownerDesignName>TXEB_BPM_Semantic_data_model_diagram</ownerDesignName>
<indexState>Foreign Key</indexState>
<indexColumnUsage>
<colUsage columnID="87D7FC21-C172-36F0-DA33-6752676435B4"/>
</indexColumnUsage>
</ind_PK_UK>
<ind_PK_UK class="oracle.dbtools.crest.model.design.relational.Index" id="A772845B-48B6-FE62-D4A4-DEAC50F5E25A" name="FMFDOCBD_DMFDOCTS_FK">
<createdBy>ro38606</createdBy>
<createdTime>2013-05-09 18:10:04 UTC</createdTime>
<ownerDesignName>TXEB_BPM_Semantic_data_model_diagram</ownerDesignName>
<indexState>Foreign Key</indexState>
<indexColumnUsage>
<colUsage columnID="CAC87FED-2F4D-A0FC-AB4A-4BC1226C2B7A"/>
</indexColumnUsage>
</ind_PK_UK>
</indexes>
</Table>