<?xml version = '1.0' encoding = 'UTF-8'?>
<Table class="oracle.dbtools.crest.model.design.relational.Table" id="9A09A162-51D2-76D2-0A55-A63B809A5E6D" directorySegmentName="seg_0" name="D_MJ_CURRENT">
<sourceConnName>MAXDTDEV</sourceConnName>
<sourceObjSchema>MAXDAT</sourceObjSchema>
<sourceObjName>D_MJ_CURRENT</sourceObjName>
<createdBy>mb56142</createdBy>
<createdTime>2013-05-23 21:45:06 UTC</createdTime>
<ownerDesignName>TXEB_BPM_Semantic_data_model_diagram</ownerDesignName>
<schemaObject>121AEE1F-FD79-403A-F17D-FF8859EA2228</schemaObject>
<pkName>DIMJCUR_PK</pkName>
<fonts>
<FontObject class="oracle.dbtools.crest.model.design.FontObjectWr">
<foType>Title</foType>
<fontStyle>1</fontStyle>
<colorRGB>-16776961</colorRGB>
</FontObject>
<FontObject class="oracle.dbtools.crest.model.design.FontObjectWr">
<foType>Column</foType>
<colorRGB>-16777216</colorRGB>
</FontObject>
<FontObject class="oracle.dbtools.crest.model.design.FontObjectWr">
<foType>Datatype</foType>
<colorRGB>-16744448</colorRGB>
</FontObject>
<FontObject class="oracle.dbtools.crest.model.design.FontObjectWr">
<foType>PK Element</foType>
<colorRGB>-16776961</colorRGB>
</FontObject>
<FontObject class="oracle.dbtools.crest.model.design.FontObjectWr">
<foType>FK Element</foType>
<colorRGB>-16777216</colorRGB>
</FontObject>
<FontObject class="oracle.dbtools.crest.model.design.FontObjectWr">
<foType>UK Element</foType>
<colorRGB>-16776961</colorRGB>
</FontObject>
<FontObject class="oracle.dbtools.crest.model.design.FontObjectWr">
<foType>Not Null</foType>
<colorRGB>-65536</colorRGB>
</FontObject>
<FontObject class="oracle.dbtools.crest.model.design.FontObjectWr">
<foType>Key</foType>
<colorRGB>-16777216</colorRGB>
</FontObject>
</fonts>
<columns>
<Column class="oracle.dbtools.crest.model.design.relational.Column" name="MJ_BI_ID" id="72623244-CACD-FE79-2A2F-364CEAE68DD4">
<sourceConnName>MAXDTDEV</sourceConnName>
<sourceObjSchema>D_MJ_CURRENT</sourceObjSchema>
<sourceObjName>MJ_BI_ID</sourceObjName>
<createdBy>mb56142</createdBy>
<createdTime>2013-05-23 21:45:06 UTC</createdTime>
<ownerDesignName>TXEB_BPM_Semantic_data_model_diagram</ownerDesignName>
<useDomainConstraints>false</useDomainConstraints>
<use>1</use>
<logicalDatatype>LOGDT019</logicalDatatype>
<dataTypeSize>22</dataTypeSize>
<autoIncrementCycle>false</autoIncrementCycle>
</Column>
<Column class="oracle.dbtools.crest.model.design.relational.Column" name="JOB_ID" id="C8C19678-2481-7A0D-3272-DE352EEA0962">
<sourceConnName>MAXDTDEV</sourceConnName>
<sourceObjSchema>D_MJ_CURRENT</sourceObjSchema>
<sourceObjName>JOB_ID</sourceObjName>
<createdBy>mb56142</createdBy>
<createdTime>2013-05-23 21:45:06 UTC</createdTime>
<ownerDesignName>TXEB_BPM_Semantic_data_model_diagram</ownerDesignName>
<nullsAllowed>true</nullsAllowed>
<useDomainConstraints>false</useDomainConstraints>
<use>1</use>
<logicalDatatype>LOGDT019</logicalDatatype>
<dataTypeSize>22</dataTypeSize>
<autoIncrementCycle>false</autoIncrementCycle>
</Column>
<Column class="oracle.dbtools.crest.model.design.relational.Column" name="CREATE_DATE" id="4FD4BC0B-D64A-AF62-6BBC-15A8A89025BD">
<sourceConnName>MAXDTDEV</sourceConnName>
<sourceObjSchema>D_MJ_CURRENT</sourceObjSchema>
<sourceObjName>CREATE_DATE</sourceObjName>
<createdBy>mb56142</createdBy>
<createdTime>2013-05-23 21:45:06 UTC</createdTime>
<ownerDesignName>TXEB_BPM_Semantic_data_model_diagram</ownerDesignName>
<nullsAllowed>true</nullsAllowed>
<useDomainConstraints>false</useDomainConstraints>
<use>1</use>
<logicalDatatype>LOGDT007</logicalDatatype>
<dataTypeSize>7</dataTypeSize>
<autoIncrementCycle>false</autoIncrementCycle>
</Column>
<Column class="oracle.dbtools.crest.model.design.relational.Column" name="CREATED_BY" id="1BEE20D7-BE8A-0E9A-0BA9-CB36C94AD1CD">
<sourceConnName>MAXDTDEV</sourceConnName>
<sourceObjSchema>D_MJ_CURRENT</sourceObjSchema>
<sourceObjName>CREATED_BY</sourceObjName>
<createdBy>mb56142</createdBy>
<createdTime>2013-05-23 21:45:06 UTC</createdTime>
<ownerDesignName>TXEB_BPM_Semantic_data_model_diagram</ownerDesignName>
<nullsAllowed>true</nullsAllowed>
<useDomainConstraints>false</useDomainConstraints>
<use>1</use>
<logicalDatatype>LOGDT024</logicalDatatype>
<dataTypeSize>80 BYTE</dataTypeSize>
<autoIncrementCycle>false</autoIncrementCycle>
</Column>
<Column class="oracle.dbtools.crest.model.design.relational.Column" name="JOB_NAME" id="02D9641C-75A3-4B89-55DF-D2C391F9296E">
<sourceConnName>MAXDTDEV</sourceConnName>
<sourceObjSchema>D_MJ_CURRENT</sourceObjSchema>
<sourceObjName>JOB_NAME</sourceObjName>
<createdBy>mb56142</createdBy>
<createdTime>2013-05-23 21:45:06 UTC</createdTime>
<ownerDesignName>TXEB_BPM_Semantic_data_model_diagram</ownerDesignName>
<nullsAllowed>true</nullsAllowed>
<useDomainConstraints>false</useDomainConstraints>
<use>1</use>
<logicalDatatype>LOGDT024</logicalDatatype>
<dataTypeSize>500 BYTE</dataTypeSize>
<autoIncrementCycle>false</autoIncrementCycle>
</Column>
<Column class="oracle.dbtools.crest.model.design.relational.Column" name="JOB_DETAIL" id="E37EF54E-A51E-C2CA-108B-19F4736E3DAC">
<sourceConnName>MAXDTDEV</sourceConnName>
<sourceObjSchema>D_MJ_CURRENT</sourceObjSchema>
<sourceObjName>JOB_DETAIL</sourceObjName>
<createdBy>mb56142</createdBy>
<createdTime>2013-05-23 21:45:06 UTC</createdTime>
<ownerDesignName>TXEB_BPM_Semantic_data_model_diagram</ownerDesignName>
<nullsAllowed>true</nullsAllowed>
<useDomainConstraints>false</useDomainConstraints>
<use>1</use>
<logicalDatatype>LOGDT024</logicalDatatype>
<dataTypeSize>500 BYTE</dataTypeSize>
<autoIncrementCycle>false</autoIncrementCycle>
</Column>
<Column class="oracle.dbtools.crest.model.design.relational.Column" name="JOB_GROUP" id="D19C00F9-9971-D4C9-8D50-919121D2E80F">
<sourceConnName>MAXDTDEV</sourceConnName>
<sourceObjSchema>D_MJ_CURRENT</sourceObjSchema>
<sourceObjName>JOB_GROUP</sourceObjName>
<createdBy>mb56142</createdBy>
<createdTime>2013-05-23 21:45:06 UTC</createdTime>
<ownerDesignName>TXEB_BPM_Semantic_data_model_diagram</ownerDesignName>
<nullsAllowed>true</nullsAllowed>
<useDomainConstraints>false</useDomainConstraints>
<use>1</use>
<logicalDatatype>LOGDT024</logicalDatatype>
<dataTypeSize>80 BYTE</dataTypeSize>
<autoIncrementCycle>false</autoIncrementCycle>
</Column>
<Column class="oracle.dbtools.crest.model.design.relational.Column" name="JOB_TYPE" id="D6F0A780-3013-B49F-4CE3-3AB18BC6E998">
<sourceConnName>MAXDTDEV</sourceConnName>
<sourceObjSchema>D_MJ_CURRENT</sourceObjSchema>
<sourceObjName>JOB_TYPE</sourceObjName>
<createdBy>mb56142</createdBy>
<createdTime>2013-05-23 21:45:06 UTC</createdTime>
<ownerDesignName>TXEB_BPM_Semantic_data_model_diagram</ownerDesignName>
<nullsAllowed>true</nullsAllowed>
<useDomainConstraints>false</useDomainConstraints>
<use>1</use>
<logicalDatatype>LOGDT024</logicalDatatype>
<dataTypeSize>32 BYTE</dataTypeSize>
<autoIncrementCycle>false</autoIncrementCycle>
</Column>
<Column class="oracle.dbtools.crest.model.design.relational.Column" name="JOB_START_DATE" id="EDA6FAC0-57A7-EAAD-C77B-D00C02357551">
<sourceConnName>MAXDTDEV</sourceConnName>
<sourceObjSchema>D_MJ_CURRENT</sourceObjSchema>
<sourceObjName>JOB_START_DATE</sourceObjName>
<createdBy>mb56142</createdBy>
<createdTime>2013-05-23 21:45:06 UTC</createdTime>
<ownerDesignName>TXEB_BPM_Semantic_data_model_diagram</ownerDesignName>
<nullsAllowed>true</nullsAllowed>
<useDomainConstraints>false</useDomainConstraints>
<use>1</use>
<logicalDatatype>LOGDT007</logicalDatatype>
<dataTypeSize>7</dataTypeSize>
<autoIncrementCycle>false</autoIncrementCycle>
</Column>
<Column class="oracle.dbtools.crest.model.design.relational.Column" name="JOB_END_DATE" id="4C775EF0-A7EF-A3F8-4478-2A7A4AAE1374">
<sourceConnName>MAXDTDEV</sourceConnName>
<sourceObjSchema>D_MJ_CURRENT</sourceObjSchema>
<sourceObjName>JOB_END_DATE</sourceObjName>
<createdBy>mb56142</createdBy>
<createdTime>2013-05-23 21:45:06 UTC</createdTime>
<ownerDesignName>TXEB_BPM_Semantic_data_model_diagram</ownerDesignName>
<nullsAllowed>true</nullsAllowed>
<useDomainConstraints>false</useDomainConstraints>
<use>1</use>
<logicalDatatype>LOGDT007</logicalDatatype>
<dataTypeSize>7</dataTypeSize>
<autoIncrementCycle>false</autoIncrementCycle>
</Column>
<Column class="oracle.dbtools.crest.model.design.relational.Column" name="JOB_STATUS" id="881A12CC-9AB7-DACD-44F7-EB94F33C823C">
<sourceConnName>MAXDTDEV</sourceConnName>
<sourceObjSchema>D_MJ_CURRENT</sourceObjSchema>
<sourceObjName>JOB_STATUS</sourceObjName>
<createdBy>mb56142</createdBy>
<createdTime>2013-05-23 21:45:06 UTC</createdTime>
<ownerDesignName>TXEB_BPM_Semantic_data_model_diagram</ownerDesignName>
<nullsAllowed>true</nullsAllowed>
<useDomainConstraints>false</useDomainConstraints>
<use>1</use>
<logicalDatatype>LOGDT024</logicalDatatype>
<dataTypeSize>100 BYTE</dataTypeSize>
<autoIncrementCycle>false</autoIncrementCycle>
</Column>
<Column class="oracle.dbtools.crest.model.design.relational.Column" name="FILE_NAME" id="93F520DF-88B0-F6EA-1A90-0D0BA4E7911F">
<sourceConnName>MAXDTDEV</sourceConnName>
<sourceObjSchema>D_MJ_CURRENT</sourceObjSchema>
<sourceObjName>FILE_NAME</sourceObjName>
<createdBy>mb56142</createdBy>
<createdTime>2013-05-23 21:45:06 UTC</createdTime>
<ownerDesignName>TXEB_BPM_Semantic_data_model_diagram</ownerDesignName>
<nullsAllowed>true</nullsAllowed>
<useDomainConstraints>false</useDomainConstraints>
<use>1</use>
<logicalDatatype>LOGDT024</logicalDatatype>
<dataTypeSize>50 BYTE</dataTypeSize>
<autoIncrementCycle>false</autoIncrementCycle>
</Column>
<Column class="oracle.dbtools.crest.model.design.relational.Column" name="RECEIPT_DATE" id="FB3032A8-FE04-653C-506E-8D385778B6AD">
<sourceConnName>MAXDTDEV</sourceConnName>
<sourceObjSchema>D_MJ_CURRENT</sourceObjSchema>
<sourceObjName>RECEIPT_DATE</sourceObjName>
<createdBy>mb56142</createdBy>
<createdTime>2013-05-23 21:45:06 UTC</createdTime>
<ownerDesignName>TXEB_BPM_Semantic_data_model_diagram</ownerDesignName>
<nullsAllowed>true</nullsAllowed>
<useDomainConstraints>false</useDomainConstraints>
<use>1</use>
<logicalDatatype>LOGDT007</logicalDatatype>
<dataTypeSize>7</dataTypeSize>
<autoIncrementCycle>false</autoIncrementCycle>
</Column>
<Column class="oracle.dbtools.crest.model.design.relational.Column" name="TRANSMIT_DATE" id="CC4C73BE-7130-9FF2-DE92-54FCD3D2CC99">
<sourceConnName>MAXDTDEV</sourceConnName>
<sourceObjSchema>D_MJ_CURRENT</sourceObjSchema>
<sourceObjName>TRANSMIT_DATE</sourceObjName>
<createdBy>mb56142</createdBy>
<createdTime>2013-05-23 21:45:06 UTC</createdTime>
<ownerDesignName>TXEB_BPM_Semantic_data_model_diagram</ownerDesignName>
<nullsAllowed>true</nullsAllowed>
<useDomainConstraints>false</useDomainConstraints>
<use>1</use>
<logicalDatatype>LOGDT007</logicalDatatype>
<dataTypeSize>7</dataTypeSize>
<autoIncrementCycle>false</autoIncrementCycle>
</Column>
<Column class="oracle.dbtools.crest.model.design.relational.Column" name="FILE_TYPE" id="16DBB59B-8FB0-2487-D114-5837865AB811">
<sourceConnName>MAXDTDEV</sourceConnName>
<sourceObjSchema>D_MJ_CURRENT</sourceObjSchema>
<sourceObjName>FILE_TYPE</sourceObjName>
<createdBy>mb56142</createdBy>
<createdTime>2013-05-23 21:45:06 UTC</createdTime>
<ownerDesignName>TXEB_BPM_Semantic_data_model_diagram</ownerDesignName>
<nullsAllowed>true</nullsAllowed>
<useDomainConstraints>false</useDomainConstraints>
<use>1</use>
<logicalDatatype>LOGDT024</logicalDatatype>
<dataTypeSize>50 BYTE</dataTypeSize>
<autoIncrementCycle>false</autoIncrementCycle>
</Column>
<Column class="oracle.dbtools.crest.model.design.relational.Column" name="FILE_SOURCE" id="C79D3603-1CCF-BC5E-DB15-2C0820B8767C">
<sourceConnName>MAXDTDEV</sourceConnName>
<sourceObjSchema>D_MJ_CURRENT</sourceObjSchema>
<sourceObjName>FILE_SOURCE</sourceObjName>
<createdBy>mb56142</createdBy>
<createdTime>2013-05-23 21:45:06 UTC</createdTime>
<ownerDesignName>TXEB_BPM_Semantic_data_model_diagram</ownerDesignName>
<nullsAllowed>true</nullsAllowed>
<useDomainConstraints>false</useDomainConstraints>
<use>1</use>
<logicalDatatype>LOGDT024</logicalDatatype>
<dataTypeSize>50 BYTE</dataTypeSize>
<autoIncrementCycle>false</autoIncrementCycle>
</Column>
<Column class="oracle.dbtools.crest.model.design.relational.Column" name="FILE_DESTINATION" id="7CA152E8-E2A0-2875-35D8-200C52233CEB">
<sourceConnName>MAXDTDEV</sourceConnName>
<sourceObjSchema>D_MJ_CURRENT</sourceObjSchema>
<sourceObjName>FILE_DESTINATION</sourceObjName>
<createdBy>mb56142</createdBy>
<createdTime>2013-05-23 21:45:06 UTC</createdTime>
<ownerDesignName>TXEB_BPM_Semantic_data_model_diagram</ownerDesignName>
<nullsAllowed>true</nullsAllowed>
<useDomainConstraints>false</useDomainConstraints>
<use>1</use>
<logicalDatatype>LOGDT024</logicalDatatype>
<dataTypeSize>50 BYTE</dataTypeSize>
<autoIncrementCycle>false</autoIncrementCycle>
</Column>
<Column class="oracle.dbtools.crest.model.design.relational.Column" name="HEALTH_PLAN_NAME" id="1D67834E-6C17-FB22-6C46-9C5444C347D3">
<sourceConnName>MAXDTDEV</sourceConnName>
<sourceObjSchema>D_MJ_CURRENT</sourceObjSchema>
<sourceObjName>HEALTH_PLAN_NAME</sourceObjName>
<createdBy>mb56142</createdBy>
<createdTime>2013-05-23 21:45:06 UTC</createdTime>
<ownerDesignName>TXEB_BPM_Semantic_data_model_diagram</ownerDesignName>
<nullsAllowed>true</nullsAllowed>
<useDomainConstraints>false</useDomainConstraints>
<use>1</use>
<logicalDatatype>LOGDT024</logicalDatatype>
<dataTypeSize>50 BYTE</dataTypeSize>
<autoIncrementCycle>false</autoIncrementCycle>
</Column>
<Column class="oracle.dbtools.crest.model.design.relational.Column" name="RESPONSE_FILE_REQUIRED" id="9C158093-BE3C-E9AE-A232-BA4D8D4DC1F6">
<sourceConnName>MAXDTDEV</sourceConnName>
<sourceObjSchema>D_MJ_CURRENT</sourceObjSchema>
<sourceObjName>RESPONSE_FILE_REQUIRED</sourceObjName>
<createdBy>mb56142</createdBy>
<createdTime>2013-05-23 21:45:06 UTC</createdTime>
<ownerDesignName>TXEB_BPM_Semantic_data_model_diagram</ownerDesignName>
<nullsAllowed>true</nullsAllowed>
<useDomainConstraints>false</useDomainConstraints>
<use>1</use>
<logicalDatatype>LOGDT024</logicalDatatype>
<dataTypeSize>50 BYTE</dataTypeSize>
<autoIncrementCycle>false</autoIncrementCycle>
</Column>
<Column class="oracle.dbtools.crest.model.design.relational.Column" name="RECORD_COUNT" id="2C0174FE-1840-34B0-AC55-47DAA4367F92">
<sourceConnName>MAXDTDEV</sourceConnName>
<sourceObjSchema>D_MJ_CURRENT</sourceObjSchema>
<sourceObjName>RECORD_COUNT</sourceObjName>
<createdBy>mb56142</createdBy>
<createdTime>2013-05-23 21:45:06 UTC</createdTime>
<ownerDesignName>TXEB_BPM_Semantic_data_model_diagram</ownerDesignName>
<nullsAllowed>true</nullsAllowed>
<useDomainConstraints>false</useDomainConstraints>
<use>1</use>
<logicalDatatype>LOGDT019</logicalDatatype>
<dataTypeSize>22</dataTypeSize>
<autoIncrementCycle>false</autoIncrementCycle>
</Column>
<Column class="oracle.dbtools.crest.model.design.relational.Column" name="RECORD_ERROR_COUNT" id="77ECC7B6-7A4F-06B0-6FCB-D893F0B89E77">
<sourceConnName>MAXDTDEV</sourceConnName>
<sourceObjSchema>D_MJ_CURRENT</sourceObjSchema>
<sourceObjName>RECORD_ERROR_COUNT</sourceObjName>
<createdBy>mb56142</createdBy>
<createdTime>2013-05-23 21:45:06 UTC</createdTime>
<ownerDesignName>TXEB_BPM_Semantic_data_model_diagram</ownerDesignName>
<nullsAllowed>true</nullsAllowed>
<useDomainConstraints>false</useDomainConstraints>
<use>1</use>
<logicalDatatype>LOGDT019</logicalDatatype>
<dataTypeSize>22</dataTypeSize>
<autoIncrementCycle>false</autoIncrementCycle>
</Column>
<Column class="oracle.dbtools.crest.model.design.relational.Column" name="RESPONSE_FILE_NAME" id="5AB9CB95-C267-40EB-DC7A-9557A0759033">
<sourceConnName>MAXDTDEV</sourceConnName>
<sourceObjSchema>D_MJ_CURRENT</sourceObjSchema>
<sourceObjName>RESPONSE_FILE_NAME</sourceObjName>
<createdBy>mb56142</createdBy>
<createdTime>2013-05-23 21:45:06 UTC</createdTime>
<ownerDesignName>TXEB_BPM_Semantic_data_model_diagram</ownerDesignName>
<nullsAllowed>true</nullsAllowed>
<useDomainConstraints>false</useDomainConstraints>
<use>1</use>
<logicalDatatype>LOGDT024</logicalDatatype>
<dataTypeSize>50 BYTE</dataTypeSize>
<autoIncrementCycle>false</autoIncrementCycle>
</Column>
<Column class="oracle.dbtools.crest.model.design.relational.Column" name="LAST_UPDATE_BY_NAME" id="2E252B18-8D85-A7CD-5FE2-22AF6E708B81">
<sourceConnName>MAXDTDEV</sourceConnName>
<sourceObjSchema>D_MJ_CURRENT</sourceObjSchema>
<sourceObjName>LAST_UPDATE_BY_NAME</sourceObjName>
<createdBy>mb56142</createdBy>
<createdTime>2013-05-23 21:45:06 UTC</createdTime>
<ownerDesignName>TXEB_BPM_Semantic_data_model_diagram</ownerDesignName>
<nullsAllowed>true</nullsAllowed>
<useDomainConstraints>false</useDomainConstraints>
<use>1</use>
<logicalDatatype>LOGDT024</logicalDatatype>
<dataTypeSize>50 BYTE</dataTypeSize>
<autoIncrementCycle>false</autoIncrementCycle>
</Column>
<Column class="oracle.dbtools.crest.model.design.relational.Column" name="LAST_UPDATE_BY_DATE" id="0003D30F-CE2E-8831-121E-81F609F97D7E">
<sourceConnName>MAXDTDEV</sourceConnName>
<sourceObjSchema>D_MJ_CURRENT</sourceObjSchema>
<sourceObjName>LAST_UPDATE_BY_DATE</sourceObjName>
<createdBy>mb56142</createdBy>
<createdTime>2013-05-23 21:45:06 UTC</createdTime>
<ownerDesignName>TXEB_BPM_Semantic_data_model_diagram</ownerDesignName>
<nullsAllowed>true</nullsAllowed>
<useDomainConstraints>false</useDomainConstraints>
<use>1</use>
<logicalDatatype>LOGDT007</logicalDatatype>
<dataTypeSize>7</dataTypeSize>
<autoIncrementCycle>false</autoIncrementCycle>
</Column>
<Column class="oracle.dbtools.crest.model.design.relational.Column" name="IDENTIFY_JOB_START_DATE" id="7A6C9171-6069-D24E-7855-6B481448684C">
<sourceConnName>MAXDTDEV</sourceConnName>
<sourceObjSchema>D_MJ_CURRENT</sourceObjSchema>
<sourceObjName>IDENTIFY_JOB_START_DATE</sourceObjName>
<createdBy>mb56142</createdBy>
<createdTime>2013-05-23 21:45:06 UTC</createdTime>
<ownerDesignName>TXEB_BPM_Semantic_data_model_diagram</ownerDesignName>
<nullsAllowed>true</nullsAllowed>
<useDomainConstraints>false</useDomainConstraints>
<use>1</use>
<logicalDatatype>LOGDT007</logicalDatatype>
<dataTypeSize>7</dataTypeSize>
<autoIncrementCycle>false</autoIncrementCycle>
</Column>
<Column class="oracle.dbtools.crest.model.design.relational.Column" name="IDENTIFY_JOB_END_DATE" id="6CF7656E-1839-9D54-8D8B-69B56E320BB7">
<sourceConnName>MAXDTDEV</sourceConnName>
<sourceObjSchema>D_MJ_CURRENT</sourceObjSchema>
<sourceObjName>IDENTIFY_JOB_END_DATE</sourceObjName>
<createdBy>mb56142</createdBy>
<createdTime>2013-05-23 21:45:06 UTC</createdTime>
<ownerDesignName>TXEB_BPM_Semantic_data_model_diagram</ownerDesignName>
<nullsAllowed>true</nullsAllowed>
<useDomainConstraints>false</useDomainConstraints>
<use>1</use>
<logicalDatatype>LOGDT007</logicalDatatype>
<dataTypeSize>7</dataTypeSize>
<autoIncrementCycle>false</autoIncrementCycle>
</Column>
<Column class="oracle.dbtools.crest.model.design.relational.Column" name="PROCESS_JOB_START_DATE" id="809D5E85-3701-9A00-13AD-C841C24AFFA7">
<sourceConnName>MAXDTDEV</sourceConnName>
<sourceObjSchema>D_MJ_CURRENT</sourceObjSchema>
<sourceObjName>PROCESS_JOB_START_DATE</sourceObjName>
<createdBy>mb56142</createdBy>
<createdTime>2013-05-23 21:45:06 UTC</createdTime>
<ownerDesignName>TXEB_BPM_Semantic_data_model_diagram</ownerDesignName>
<nullsAllowed>true</nullsAllowed>
<useDomainConstraints>false</useDomainConstraints>
<use>1</use>
<logicalDatatype>LOGDT007</logicalDatatype>
<dataTypeSize>7</dataTypeSize>
<autoIncrementCycle>false</autoIncrementCycle>
</Column>
<Column class="oracle.dbtools.crest.model.design.relational.Column" name="PROCESS_JOB_END_DATE" id="8D670D8A-FA57-0A88-2469-D6A20ACC8686">
<sourceConnName>MAXDTDEV</sourceConnName>
<sourceObjSchema>D_MJ_CURRENT</sourceObjSchema>
<sourceObjName>PROCESS_JOB_END_DATE</sourceObjName>
<createdBy>mb56142</createdBy>
<createdTime>2013-05-23 21:45:06 UTC</createdTime>
<ownerDesignName>TXEB_BPM_Semantic_data_model_diagram</ownerDesignName>
<nullsAllowed>true</nullsAllowed>
<useDomainConstraints>false</useDomainConstraints>
<use>1</use>
<logicalDatatype>LOGDT007</logicalDatatype>
<dataTypeSize>7</dataTypeSize>
<autoIncrementCycle>false</autoIncrementCycle>
</Column>
<Column class="oracle.dbtools.crest.model.design.relational.Column" name="CREATE_REPONSE_FILE_START_DATE" id="AFCE5662-F1D0-1E36-B0F4-29708A77AB15">
<sourceConnName>MAXDTDEV</sourceConnName>
<sourceObjSchema>D_MJ_CURRENT</sourceObjSchema>
<sourceObjName>CREATE_REPONSE_FILE_START_DATE</sourceObjName>
<createdBy>mb56142</createdBy>
<createdTime>2013-05-23 21:45:06 UTC</createdTime>
<ownerDesignName>TXEB_BPM_Semantic_data_model_diagram</ownerDesignName>
<nullsAllowed>true</nullsAllowed>
<useDomainConstraints>false</useDomainConstraints>
<use>1</use>
<logicalDatatype>LOGDT007</logicalDatatype>
<dataTypeSize>7</dataTypeSize>
<autoIncrementCycle>false</autoIncrementCycle>
</Column>
<Column class="oracle.dbtools.crest.model.design.relational.Column" name="CREATE_RESPONSE_FILE_END_DATE" id="1D52E00D-01A2-12C2-DF64-158510434BE1">
<sourceConnName>MAXDTDEV</sourceConnName>
<sourceObjSchema>D_MJ_CURRENT</sourceObjSchema>
<sourceObjName>CREATE_RESPONSE_FILE_END_DATE</sourceObjName>
<createdBy>mb56142</createdBy>
<createdTime>2013-05-23 21:45:06 UTC</createdTime>
<ownerDesignName>TXEB_BPM_Semantic_data_model_diagram</ownerDesignName>
<nullsAllowed>true</nullsAllowed>
<useDomainConstraints>false</useDomainConstraints>
<use>1</use>
<logicalDatatype>LOGDT007</logicalDatatype>
<dataTypeSize>7</dataTypeSize>
<autoIncrementCycle>false</autoIncrementCycle>
</Column>
<Column class="oracle.dbtools.crest.model.design.relational.Column" name="CREATE_OUTBOUND_START_DATE" id="922880CA-69B7-0243-A7D7-43F26DBB2D43">
<sourceConnName>MAXDTDEV</sourceConnName>
<sourceObjSchema>D_MJ_CURRENT</sourceObjSchema>
<sourceObjName>CREATE_OUTBOUND_START_DATE</sourceObjName>
<createdBy>mb56142</createdBy>
<createdTime>2013-05-23 21:45:06 UTC</createdTime>
<ownerDesignName>TXEB_BPM_Semantic_data_model_diagram</ownerDesignName>
<nullsAllowed>true</nullsAllowed>
<useDomainConstraints>false</useDomainConstraints>
<use>1</use>
<logicalDatatype>LOGDT007</logicalDatatype>
<dataTypeSize>7</dataTypeSize>
<autoIncrementCycle>false</autoIncrementCycle>
</Column>
<Column class="oracle.dbtools.crest.model.design.relational.Column" name="CREATE_OUTBOUND_END_DATE" id="6588634C-3009-2C28-65A5-19159AFC5295">
<sourceConnName>MAXDTDEV</sourceConnName>
<sourceObjSchema>D_MJ_CURRENT</sourceObjSchema>
<sourceObjName>CREATE_OUTBOUND_END_DATE</sourceObjName>
<createdBy>mb56142</createdBy>
<createdTime>2013-05-23 21:45:06 UTC</createdTime>
<ownerDesignName>TXEB_BPM_Semantic_data_model_diagram</ownerDesignName>
<nullsAllowed>true</nullsAllowed>
<useDomainConstraints>false</useDomainConstraints>
<use>1</use>
<logicalDatatype>LOGDT007</logicalDatatype>
<dataTypeSize>7</dataTypeSize>
<autoIncrementCycle>false</autoIncrementCycle>
</Column>
<Column class="oracle.dbtools.crest.model.design.relational.Column" name="IDENTIFY_JOB_TYPE_FLAG" id="5A1B3967-0B00-EB10-EF94-6642CB193EA0">
<sourceConnName>MAXDTDEV</sourceConnName>
<sourceObjSchema>D_MJ_CURRENT</sourceObjSchema>
<sourceObjName>IDENTIFY_JOB_TYPE_FLAG</sourceObjName>
<createdBy>mb56142</createdBy>
<createdTime>2013-05-23 21:45:06 UTC</createdTime>
<ownerDesignName>TXEB_BPM_Semantic_data_model_diagram</ownerDesignName>
<nullsAllowed>true</nullsAllowed>
<useDomainConstraints>false</useDomainConstraints>
<use>1</use>
<logicalDatatype>LOGDT024</logicalDatatype>
<dataTypeSize>1 BYTE</dataTypeSize>
<autoIncrementCycle>false</autoIncrementCycle>
</Column>
<Column class="oracle.dbtools.crest.model.design.relational.Column" name="PROCESS_JOB_FLAG" id="E3FFC081-206A-3AEA-1DC0-42538B7059C2">
<sourceConnName>MAXDTDEV</sourceConnName>
<sourceObjSchema>D_MJ_CURRENT</sourceObjSchema>
<sourceObjName>PROCESS_JOB_FLAG</sourceObjName>
<createdBy>mb56142</createdBy>
<createdTime>2013-05-23 21:45:06 UTC</createdTime>
<ownerDesignName>TXEB_BPM_Semantic_data_model_diagram</ownerDesignName>
<nullsAllowed>true</nullsAllowed>
<useDomainConstraints>false</useDomainConstraints>
<use>1</use>
<logicalDatatype>LOGDT024</logicalDatatype>
<dataTypeSize>1 BYTE</dataTypeSize>
<autoIncrementCycle>false</autoIncrementCycle>
</Column>
<Column class="oracle.dbtools.crest.model.design.relational.Column" name="RESPONSE_FILE_FLAG" id="8105D2B7-6AEC-4F91-25FF-69A084B5C209">
<sourceConnName>MAXDTDEV</sourceConnName>
<sourceObjSchema>D_MJ_CURRENT</sourceObjSchema>
<sourceObjName>RESPONSE_FILE_FLAG</sourceObjName>
<createdBy>mb56142</createdBy>
<createdTime>2013-05-23 21:45:06 UTC</createdTime>
<ownerDesignName>TXEB_BPM_Semantic_data_model_diagram</ownerDesignName>
<nullsAllowed>true</nullsAllowed>
<useDomainConstraints>false</useDomainConstraints>
<use>1</use>
<logicalDatatype>LOGDT024</logicalDatatype>
<dataTypeSize>1 BYTE</dataTypeSize>
<autoIncrementCycle>false</autoIncrementCycle>
</Column>
<Column class="oracle.dbtools.crest.model.design.relational.Column" name="OUTBOUND_FILE_FLAG" id="EFB34406-38C1-2F76-5F03-D592C2A45945">
<sourceConnName>MAXDTDEV</sourceConnName>
<sourceObjSchema>D_MJ_CURRENT</sourceObjSchema>
<sourceObjName>OUTBOUND_FILE_FLAG</sourceObjName>
<createdBy>mb56142</createdBy>
<createdTime>2013-05-23 21:45:06 UTC</createdTime>
<ownerDesignName>TXEB_BPM_Semantic_data_model_diagram</ownerDesignName>
<nullsAllowed>true</nullsAllowed>
<useDomainConstraints>false</useDomainConstraints>
<use>1</use>
<logicalDatatype>LOGDT024</logicalDatatype>
<dataTypeSize>1 BYTE</dataTypeSize>
<autoIncrementCycle>false</autoIncrementCycle>
</Column>
<Column class="oracle.dbtools.crest.model.design.relational.Column" name="PROCESSED_OK_FLAG" id="5D0BD328-BCA0-0303-6E7A-498E643EB466">
<sourceConnName>MAXDTDEV</sourceConnName>
<sourceObjSchema>D_MJ_CURRENT</sourceObjSchema>
<sourceObjName>PROCESSED_OK_FLAG</sourceObjName>
<createdBy>mb56142</createdBy>
<createdTime>2013-05-23 21:45:06 UTC</createdTime>
<ownerDesignName>TXEB_BPM_Semantic_data_model_diagram</ownerDesignName>
<nullsAllowed>true</nullsAllowed>
<useDomainConstraints>false</useDomainConstraints>
<use>1</use>
<logicalDatatype>LOGDT024</logicalDatatype>
<dataTypeSize>1 BYTE</dataTypeSize>
<autoIncrementCycle>false</autoIncrementCycle>
</Column>
<Column class="oracle.dbtools.crest.model.design.relational.Column" name="JOB_TYPE_FLAG" id="86751402-975D-5205-2C87-44252A2B413D">
<sourceConnName>MAXDTDEV</sourceConnName>
<sourceObjSchema>D_MJ_CURRENT</sourceObjSchema>
<sourceObjName>JOB_TYPE_FLAG</sourceObjName>
<createdBy>mb56142</createdBy>
<createdTime>2013-05-23 21:45:06 UTC</createdTime>
<ownerDesignName>TXEB_BPM_Semantic_data_model_diagram</ownerDesignName>
<nullsAllowed>true</nullsAllowed>
<useDomainConstraints>false</useDomainConstraints>
<use>1</use>
<logicalDatatype>LOGDT024</logicalDatatype>
<dataTypeSize>1 BYTE</dataTypeSize>
<autoIncrementCycle>false</autoIncrementCycle>
</Column>
<Column class="oracle.dbtools.crest.model.design.relational.Column" name="RESPONSE_FILE_GTW_FLAG" id="257C786D-21DA-3E5E-4DAE-55D578A8D5C0">
<sourceConnName>MAXDTDEV</sourceConnName>
<sourceObjSchema>D_MJ_CURRENT</sourceObjSchema>
<sourceObjName>RESPONSE_FILE_GTW_FLAG</sourceObjName>
<createdBy>mb56142</createdBy>
<createdTime>2013-05-23 21:45:06 UTC</createdTime>
<ownerDesignName>TXEB_BPM_Semantic_data_model_diagram</ownerDesignName>
<nullsAllowed>true</nullsAllowed>
<useDomainConstraints>false</useDomainConstraints>
<use>1</use>
<logicalDatatype>LOGDT024</logicalDatatype>
<dataTypeSize>1 BYTE</dataTypeSize>
<autoIncrementCycle>false</autoIncrementCycle>
</Column>
<Column class="oracle.dbtools.crest.model.design.relational.Column" name="COMPLETE_DATE" id="6C0D95BC-AEF2-B8DF-827F-ED60A09FA1EE">
<sourceConnName>MAXDTDEV</sourceConnName>
<sourceObjSchema>D_MJ_CURRENT</sourceObjSchema>
<sourceObjName>COMPLETE_DATE</sourceObjName>
<createdBy>mb56142</createdBy>
<createdTime>2013-05-23 21:45:06 UTC</createdTime>
<ownerDesignName>TXEB_BPM_Semantic_data_model_diagram</ownerDesignName>
<nullsAllowed>true</nullsAllowed>
<useDomainConstraints>false</useDomainConstraints>
<use>1</use>
<logicalDatatype>LOGDT007</logicalDatatype>
<dataTypeSize>7</dataTypeSize>
<autoIncrementCycle>false</autoIncrementCycle>
</Column>
<Column class="oracle.dbtools.crest.model.design.relational.Column" name="INSTANCE_STATUS" id="EDBE57C5-59D4-D719-D8C6-2BD20FA29E5C">
<sourceConnName>MAXDTDEV</sourceConnName>
<sourceObjSchema>D_MJ_CURRENT</sourceObjSchema>
<sourceObjName>INSTANCE_STATUS</sourceObjName>
<createdBy>mb56142</createdBy>
<createdTime>2013-05-23 21:45:06 UTC</createdTime>
<ownerDesignName>TXEB_BPM_Semantic_data_model_diagram</ownerDesignName>
<nullsAllowed>true</nullsAllowed>
<useDomainConstraints>false</useDomainConstraints>
<use>1</use>
<logicalDatatype>LOGDT024</logicalDatatype>
<dataTypeSize>10 BYTE</dataTypeSize>
<autoIncrementCycle>false</autoIncrementCycle>
</Column>
<Column class="oracle.dbtools.crest.model.design.relational.Column" name="CANCEL_DATE" id="CB266FB0-9E53-49B1-85D7-72E4A0423F94">
<sourceConnName>MAXDTDEV</sourceConnName>
<sourceObjSchema>D_MJ_CURRENT</sourceObjSchema>
<sourceObjName>CANCEL_DATE</sourceObjName>
<createdBy>mb56142</createdBy>
<createdTime>2013-05-23 21:45:06 UTC</createdTime>
<ownerDesignName>TXEB_BPM_Semantic_data_model_diagram</ownerDesignName>
<nullsAllowed>true</nullsAllowed>
<useDomainConstraints>false</useDomainConstraints>
<use>1</use>
<logicalDatatype>LOGDT007</logicalDatatype>
<dataTypeSize>7</dataTypeSize>
<autoIncrementCycle>false</autoIncrementCycle>
</Column>
<Column class="oracle.dbtools.crest.model.design.relational.Column" name="CANCEL_REASON" id="B9AF70C6-7208-F0DE-0997-4F08BD04688C">
<sourceConnName>MAXDTDEV</sourceConnName>
<sourceObjSchema>D_MJ_CURRENT</sourceObjSchema>
<sourceObjName>CANCEL_REASON</sourceObjName>
<createdBy>mb56142</createdBy>
<createdTime>2013-05-23 21:45:06 UTC</createdTime>
<ownerDesignName>TXEB_BPM_Semantic_data_model_diagram</ownerDesignName>
<nullsAllowed>true</nullsAllowed>
<useDomainConstraints>false</useDomainConstraints>
<use>1</use>
<logicalDatatype>LOGDT024</logicalDatatype>
<dataTypeSize>100 BYTE</dataTypeSize>
<autoIncrementCycle>false</autoIncrementCycle>
</Column>
<Column class="oracle.dbtools.crest.model.design.relational.Column" name="FILE_RECEIVED_TIMELY" id="8B2E64EC-E27C-A28F-5817-FB695AA8DC8E">
<sourceConnName>MAXDTDEV</sourceConnName>
<sourceObjSchema>D_MJ_CURRENT</sourceObjSchema>
<sourceObjName>FILE_RECEIVED_TIMELY</sourceObjName>
<createdBy>mb56142</createdBy>
<createdTime>2013-05-23 21:45:06 UTC</createdTime>
<ownerDesignName>TXEB_BPM_Semantic_data_model_diagram</ownerDesignName>
<nullsAllowed>true</nullsAllowed>
<useDomainConstraints>false</useDomainConstraints>
<use>1</use>
<logicalDatatype>LOGDT024</logicalDatatype>
<dataTypeSize>32 BYTE</dataTypeSize>
<autoIncrementCycle>false</autoIncrementCycle>
</Column>
<Column class="oracle.dbtools.crest.model.design.relational.Column" name="RECORD_COUNT_THRESHOLD_MET" id="0A1D8221-8E05-15C0-532E-C3E55B4F2A9F">
<sourceConnName>MAXDTDEV</sourceConnName>
<sourceObjSchema>D_MJ_CURRENT</sourceObjSchema>
<sourceObjName>RECORD_COUNT_THRESHOLD_MET</sourceObjName>
<createdBy>mb56142</createdBy>
<createdTime>2013-05-23 21:45:06 UTC</createdTime>
<ownerDesignName>TXEB_BPM_Semantic_data_model_diagram</ownerDesignName>
<nullsAllowed>true</nullsAllowed>
<useDomainConstraints>false</useDomainConstraints>
<use>1</use>
<logicalDatatype>LOGDT024</logicalDatatype>
<dataTypeSize>32 BYTE</dataTypeSize>
<autoIncrementCycle>false</autoIncrementCycle>
</Column>
<Column class="oracle.dbtools.crest.model.design.relational.Column" name="RECORD_ERROR_PERCENTAGE" id="B5F48E12-47D8-C18C-179C-8FE8DD4E1FC7">
<sourceConnName>MAXDTDEV</sourceConnName>
<sourceObjSchema>D_MJ_CURRENT</sourceObjSchema>
<sourceObjName>RECORD_ERROR_PERCENTAGE</sourceObjName>
<createdBy>mb56142</createdBy>
<createdTime>2013-05-23 21:45:06 UTC</createdTime>
<ownerDesignName>TXEB_BPM_Semantic_data_model_diagram</ownerDesignName>
<nullsAllowed>true</nullsAllowed>
<useDomainConstraints>false</useDomainConstraints>
<use>1</use>
<logicalDatatype>LOGDT019</logicalDatatype>
<dataTypeSize>22</dataTypeSize>
<autoIncrementCycle>false</autoIncrementCycle>
</Column>
<Column class="oracle.dbtools.crest.model.design.relational.Column" name="RECORD_ERROR_THRESHOLD" id="568A756A-A820-7A11-9AFF-B703C369C75B">
<sourceConnName>MAXDTDEV</sourceConnName>
<sourceObjSchema>D_MJ_CURRENT</sourceObjSchema>
<sourceObjName>RECORD_ERROR_THRESHOLD</sourceObjName>
<createdBy>mb56142</createdBy>
<createdTime>2013-05-23 21:45:06 UTC</createdTime>
<ownerDesignName>TXEB_BPM_Semantic_data_model_diagram</ownerDesignName>
<nullsAllowed>true</nullsAllowed>
<useDomainConstraints>false</useDomainConstraints>
<use>1</use>
<logicalDatatype>LOGDT024</logicalDatatype>
<dataTypeSize>32 BYTE</dataTypeSize>
<autoIncrementCycle>false</autoIncrementCycle>
</Column>
<Column class="oracle.dbtools.crest.model.design.relational.Column" name="FILE_PROCESSED_TIMELY" id="09936092-9B49-6984-9A4B-FE7A9FC443B9">
<sourceConnName>MAXDTDEV</sourceConnName>
<sourceObjSchema>D_MJ_CURRENT</sourceObjSchema>
<sourceObjName>FILE_PROCESSED_TIMELY</sourceObjName>
<createdBy>mb56142</createdBy>
<createdTime>2013-05-23 21:45:06 UTC</createdTime>
<ownerDesignName>TXEB_BPM_Semantic_data_model_diagram</ownerDesignName>
<nullsAllowed>true</nullsAllowed>
<useDomainConstraints>false</useDomainConstraints>
<use>1</use>
<logicalDatatype>LOGDT024</logicalDatatype>
<dataTypeSize>32 BYTE</dataTypeSize>
<autoIncrementCycle>false</autoIncrementCycle>
</Column>
<Column class="oracle.dbtools.crest.model.design.relational.Column" name="FILE_PROCESS_TIME" id="EC03294F-8976-B4F4-6A9B-C74B75B35567">
<sourceConnName>MAXDTDEV</sourceConnName>
<sourceObjSchema>D_MJ_CURRENT</sourceObjSchema>
<sourceObjName>FILE_PROCESS_TIME</sourceObjName>
<createdBy>mb56142</createdBy>
<createdTime>2013-05-23 21:45:06 UTC</createdTime>
<ownerDesignName>TXEB_BPM_Semantic_data_model_diagram</ownerDesignName>
<nullsAllowed>true</nullsAllowed>
<useDomainConstraints>false</useDomainConstraints>
<use>1</use>
<logicalDatatype>LOGDT024</logicalDatatype>
<dataTypeSize>20 BYTE</dataTypeSize>
<autoIncrementCycle>false</autoIncrementCycle>
</Column>
</columns>
<indexes>
<ind_PK_UK class="oracle.dbtools.crest.model.design.relational.Index" id="D162AB85-1C03-6B8F-3219-EA856E6E1447" name="DIMJCUR_PK">
<sourceConnName>MAXDTDEV</sourceConnName>
<sourceObjSchema>MAXDAT</sourceObjSchema>
<sourceObjName>DIMJCUR_PK</sourceObjName>
<createdBy>mb56142</createdBy>
<createdTime>2013-05-23 21:45:06 UTC</createdTime>
<ownerDesignName>TXEB_BPM_Semantic_data_model_diagram</ownerDesignName>
<pk>true</pk>
<indexState>Primary Constraint</indexState>
<indexColumnUsage>
<colUsage columnID="72623244-CACD-FE79-2A2F-364CEAE68DD4"/>
</indexColumnUsage>
</ind_PK_UK>
<ind_PK_UK class="oracle.dbtools.crest.model.design.relational.Index" id="DD5FEB94-2737-0E88-99CD-F93EBB708E16" name="DIMJCUR_PK">
<sourceConnName>MAXDTDEV</sourceConnName>
<sourceObjSchema>MAXDAT</sourceObjSchema>
<sourceObjName>DIMJCUR_PK</sourceObjName>
<createdBy>mb56142</createdBy>
<createdTime>2013-05-23 21:45:06 UTC</createdTime>
<ownerDesignName>TXEB_BPM_Semantic_data_model_diagram</ownerDesignName>
<schemaObject>121AEE1F-FD79-403A-F17D-FF8859EA2228</schemaObject>
<indexState>Unique Plain Index</indexState>
<indexColumnUsage>
<colUsage columnID="72623244-CACD-FE79-2A2F-364CEAE68DD4"/>
</indexColumnUsage>
</ind_PK_UK>
</indexes>
</Table>