<?xml version = '1.0' encoding = 'UTF-8'?>
<Table class="oracle.dbtools.crest.model.design.relational.Table" id="A4C8CBEF-0EE1-5DFD-8674-716C5C52087A" directorySegmentName="seg_0" name="F_MJ_BY_DATE">
<sourceConnName>MAXDTDEV</sourceConnName>
<sourceObjSchema>MAXDAT</sourceObjSchema>
<sourceObjName>F_MJ_BY_DATE</sourceObjName>
<createdBy>mb56142</createdBy>
<createdTime>2013-05-23 21:45:52 UTC</createdTime>
<ownerDesignName>TXEB_BPM_Semantic_data_model_diagram</ownerDesignName>
<schemaObject>121AEE1F-FD79-403A-F17D-FF8859EA2228</schemaObject>
<pkName>FIMJBD_PK</pkName>
<fonts>
<FontObject class="oracle.dbtools.crest.model.design.FontObjectWr">
<foType>Title</foType>
<fontStyle>1</fontStyle>
<colorRGB>-16776961</colorRGB>
</FontObject>
<FontObject class="oracle.dbtools.crest.model.design.FontObjectWr">
<foType>Column</foType>
<colorRGB>-16777216</colorRGB>
</FontObject>
<FontObject class="oracle.dbtools.crest.model.design.FontObjectWr">
<foType>Datatype</foType>
<colorRGB>-16744448</colorRGB>
</FontObject>
<FontObject class="oracle.dbtools.crest.model.design.FontObjectWr">
<foType>PK Element</foType>
<colorRGB>-16776961</colorRGB>
</FontObject>
<FontObject class="oracle.dbtools.crest.model.design.FontObjectWr">
<foType>FK Element</foType>
<colorRGB>-16777216</colorRGB>
</FontObject>
<FontObject class="oracle.dbtools.crest.model.design.FontObjectWr">
<foType>UK Element</foType>
<colorRGB>-16776961</colorRGB>
</FontObject>
<FontObject class="oracle.dbtools.crest.model.design.FontObjectWr">
<foType>Not Null</foType>
<colorRGB>-65536</colorRGB>
</FontObject>
<FontObject class="oracle.dbtools.crest.model.design.FontObjectWr">
<foType>Key</foType>
<colorRGB>-16777216</colorRGB>
</FontObject>
</fonts>
<columns>
<Column class="oracle.dbtools.crest.model.design.relational.Column" name="FIMJBD_ID" id="4C17EB8D-2CE6-BB7F-5D7B-EF07E2B1C082">
<sourceConnName>MAXDTDEV</sourceConnName>
<sourceObjSchema>F_MJ_BY_DATE</sourceObjSchema>
<sourceObjName>FIMJBD_ID</sourceObjName>
<createdBy>mb56142</createdBy>
<createdTime>2013-05-23 21:45:52 UTC</createdTime>
<ownerDesignName>TXEB_BPM_Semantic_data_model_diagram</ownerDesignName>
<useDomainConstraints>false</useDomainConstraints>
<use>1</use>
<logicalDatatype>LOGDT019</logicalDatatype>
<dataTypeSize>22</dataTypeSize>
<autoIncrementCycle>false</autoIncrementCycle>
</Column>
<Column class="oracle.dbtools.crest.model.design.relational.Column" name="D_DATE" id="AEE389F2-F6C8-7341-58FF-A070F1419A1A">
<sourceConnName>MAXDTDEV</sourceConnName>
<sourceObjSchema>F_MJ_BY_DATE</sourceObjSchema>
<sourceObjName>D_DATE</sourceObjName>
<createdBy>mb56142</createdBy>
<createdTime>2013-05-23 21:45:52 UTC</createdTime>
<ownerDesignName>TXEB_BPM_Semantic_data_model_diagram</ownerDesignName>
<useDomainConstraints>false</useDomainConstraints>
<use>1</use>
<logicalDatatype>LOGDT007</logicalDatatype>
<dataTypeSize>7</dataTypeSize>
<autoIncrementCycle>false</autoIncrementCycle>
</Column>
<Column class="oracle.dbtools.crest.model.design.relational.Column" name="BUCKET_START_DATE" id="74C51CFF-9CC1-04DA-E3FE-6DBFA4813876">
<sourceConnName>MAXDTDEV</sourceConnName>
<sourceObjSchema>F_MJ_BY_DATE</sourceObjSchema>
<sourceObjName>BUCKET_START_DATE</sourceObjName>
<createdBy>mb56142</createdBy>
<createdTime>2013-05-23 21:45:52 UTC</createdTime>
<ownerDesignName>TXEB_BPM_Semantic_data_model_diagram</ownerDesignName>
<useDomainConstraints>false</useDomainConstraints>
<use>1</use>
<logicalDatatype>LOGDT007</logicalDatatype>
<dataTypeSize>7</dataTypeSize>
<autoIncrementCycle>false</autoIncrementCycle>
</Column>
<Column class="oracle.dbtools.crest.model.design.relational.Column" name="BUCKET_END_DATE" id="0BC3E7E2-9795-C5A3-213A-ABF373AD1DB1">
<sourceConnName>MAXDTDEV</sourceConnName>
<sourceObjSchema>F_MJ_BY_DATE</sourceObjSchema>
<sourceObjName>BUCKET_END_DATE</sourceObjName>
<createdBy>mb56142</createdBy>
<createdTime>2013-05-23 21:45:52 UTC</createdTime>
<ownerDesignName>TXEB_BPM_Semantic_data_model_diagram</ownerDesignName>
<useDomainConstraints>false</useDomainConstraints>
<use>1</use>
<logicalDatatype>LOGDT007</logicalDatatype>
<dataTypeSize>7</dataTypeSize>
<autoIncrementCycle>false</autoIncrementCycle>
</Column>
<Column class="oracle.dbtools.crest.model.design.relational.Column" name="MJ_BI_ID" id="64A54B2F-B528-78BF-A8A8-F60332076A83">
<sourceConnName>MAXDTDEV</sourceConnName>
<sourceObjSchema>F_MJ_BY_DATE</sourceObjSchema>
<sourceObjName>MJ_BI_ID</sourceObjName>
<createdBy>mb56142</createdBy>
<createdTime>2013-05-23 21:45:52 UTC</createdTime>
<ownerDesignName>TXEB_BPM_Semantic_data_model_diagram</ownerDesignName>
<useDomainConstraints>false</useDomainConstraints>
<use>1</use>
<logicalDatatype>LOGDT019</logicalDatatype>
<dataTypeSize>22</dataTypeSize>
<delegate>72623244-CACD-FE79-2A2F-364CEAE68DD4</delegate>
<autoIncrementCycle>false</autoIncrementCycle>
<associations>
<colAssociation fkAssociation="CBCC2026-A54C-B6B3-A9C6-3D985F4B4C1F" referredColumn="72623244-CACD-FE79-2A2F-364CEAE68DD4"/>
</associations>
</Column>
<Column class="oracle.dbtools.crest.model.design.relational.Column" name="DIMJLUB_ID" id="84303B48-286C-7E38-1B5B-76E9BA7A363B">
<sourceConnName>MAXDTDEV</sourceConnName>
<sourceObjSchema>F_MJ_BY_DATE</sourceObjSchema>
<sourceObjName>DIMJLUB_ID</sourceObjName>
<createdBy>mb56142</createdBy>
<createdTime>2013-05-23 21:45:52 UTC</createdTime>
<ownerDesignName>TXEB_BPM_Semantic_data_model_diagram</ownerDesignName>
<useDomainConstraints>false</useDomainConstraints>
<use>1</use>
<logicalDatatype>LOGDT019</logicalDatatype>
<dataTypeSize>22</dataTypeSize>
<delegate>1FE2D791-25A5-7324-2749-7D459965FA00</delegate>
<autoIncrementCycle>false</autoIncrementCycle>
<associations>
<colAssociation fkAssociation="45129F62-113C-6D74-7163-0EEA6E9AD376" referredColumn="1FE2D791-25A5-7324-2749-7D459965FA00"/>
</associations>
</Column>
<Column class="oracle.dbtools.crest.model.design.relational.Column" name="LAST_UPDATE_BY_DATE" id="D3CDE67C-30D6-B660-6C5F-82C4922BB68C">
<sourceConnName>MAXDTDEV</sourceConnName>
<sourceObjSchema>F_MJ_BY_DATE</sourceObjSchema>
<sourceObjName>LAST_UPDATE_BY_DATE</sourceObjName>
<createdBy>mb56142</createdBy>
<createdTime>2013-05-23 21:45:52 UTC</createdTime>
<ownerDesignName>TXEB_BPM_Semantic_data_model_diagram</ownerDesignName>
<nullsAllowed>true</nullsAllowed>
<useDomainConstraints>false</useDomainConstraints>
<use>1</use>
<logicalDatatype>LOGDT007</logicalDatatype>
<dataTypeSize>7</dataTypeSize>
<autoIncrementCycle>false</autoIncrementCycle>
</Column>
<Column class="oracle.dbtools.crest.model.design.relational.Column" name="INVENTORY_COUNT" id="7E4D9E3F-A5CA-5561-1CF7-6819168837C7">
<sourceConnName>MAXDTDEV</sourceConnName>
<sourceObjSchema>F_MJ_BY_DATE</sourceObjSchema>
<sourceObjName>INVENTORY_COUNT</sourceObjName>
<createdBy>mb56142</createdBy>
<createdTime>2013-05-23 21:45:52 UTC</createdTime>
<ownerDesignName>TXEB_BPM_Semantic_data_model_diagram</ownerDesignName>
<nullsAllowed>true</nullsAllowed>
<useDomainConstraints>false</useDomainConstraints>
<use>1</use>
<logicalDatatype>LOGDT019</logicalDatatype>
<dataTypeSize>22</dataTypeSize>
<autoIncrementCycle>false</autoIncrementCycle>
</Column>
<Column class="oracle.dbtools.crest.model.design.relational.Column" name="CREATION_COUNT" id="A7A08676-E659-005C-342F-9E5C6AC8A4CE">
<sourceConnName>MAXDTDEV</sourceConnName>
<sourceObjSchema>F_MJ_BY_DATE</sourceObjSchema>
<sourceObjName>CREATION_COUNT</sourceObjName>
<createdBy>mb56142</createdBy>
<createdTime>2013-05-23 21:45:52 UTC</createdTime>
<ownerDesignName>TXEB_BPM_Semantic_data_model_diagram</ownerDesignName>
<nullsAllowed>true</nullsAllowed>
<useDomainConstraints>false</useDomainConstraints>
<use>1</use>
<logicalDatatype>LOGDT019</logicalDatatype>
<dataTypeSize>22</dataTypeSize>
<autoIncrementCycle>false</autoIncrementCycle>
</Column>
<Column class="oracle.dbtools.crest.model.design.relational.Column" name="COMPLETION_COUNT" id="210E819C-F116-984A-364B-793A3CB95FDD">
<sourceConnName>MAXDTDEV</sourceConnName>
<sourceObjSchema>F_MJ_BY_DATE</sourceObjSchema>
<sourceObjName>COMPLETION_COUNT</sourceObjName>
<createdBy>mb56142</createdBy>
<createdTime>2013-05-23 21:45:52 UTC</createdTime>
<ownerDesignName>TXEB_BPM_Semantic_data_model_diagram</ownerDesignName>
<nullsAllowed>true</nullsAllowed>
<useDomainConstraints>false</useDomainConstraints>
<use>1</use>
<logicalDatatype>LOGDT019</logicalDatatype>
<dataTypeSize>22</dataTypeSize>
<autoIncrementCycle>false</autoIncrementCycle>
</Column>
</columns>
<indexes>
<ind_PK_UK class="oracle.dbtools.crest.model.design.relational.Index" id="47E524C7-3BAD-CC23-BE43-0B019B54E9AE" name="FIMJBD_PK">
<sourceConnName>MAXDTDEV</sourceConnName>
<sourceObjSchema>MAXDAT</sourceObjSchema>
<sourceObjName>FIMJBD_PK</sourceObjName>
<createdBy>mb56142</createdBy>
<createdTime>2013-05-23 21:45:52 UTC</createdTime>
<ownerDesignName>TXEB_BPM_Semantic_data_model_diagram</ownerDesignName>
<pk>true</pk>
<indexState>Primary Constraint</indexState>
<indexColumnUsage>
<colUsage columnID="4C17EB8D-2CE6-BB7F-5D7B-EF07E2B1C082"/>
</indexColumnUsage>
</ind_PK_UK>
<ind_PK_UK class="oracle.dbtools.crest.model.design.relational.Index" id="612EE4AF-A0E3-5328-F362-1E0464130475" name="FIMJBD_PK">
<sourceConnName>MAXDTDEV</sourceConnName>
<sourceObjSchema>MAXDAT</sourceObjSchema>
<sourceObjName>FIMJBD_PK</sourceObjName>
<createdBy>mb56142</createdBy>
<createdTime>2013-05-23 21:45:52 UTC</createdTime>
<ownerDesignName>TXEB_BPM_Semantic_data_model_diagram</ownerDesignName>
<schemaObject>121AEE1F-FD79-403A-F17D-FF8859EA2228</schemaObject>
<indexState>Unique Plain Index</indexState>
<indexColumnUsage>
<colUsage columnID="4C17EB8D-2CE6-BB7F-5D7B-EF07E2B1C082"/>
</indexColumnUsage>
</ind_PK_UK>
<ind_PK_UK class="oracle.dbtools.crest.model.design.relational.Index" id="B05B7E25-1351-4B98-57CD-4AF447E1CED8" name="FNMRBD_UIX1">
<sourceConnName>MAXDTDEV</sourceConnName>
<sourceObjSchema>MAXDAT</sourceObjSchema>
<sourceObjName>FNMRBD_UIX1</sourceObjName>
<createdBy>mb56142</createdBy>
<createdTime>2013-05-23 21:45:52 UTC</createdTime>
<ownerDesignName>TXEB_BPM_Semantic_data_model_diagram</ownerDesignName>
<schemaObject>121AEE1F-FD79-403A-F17D-FF8859EA2228</schemaObject>
<indexState>Unique Plain Index</indexState>
<indexColumnUsage>
<colUsage columnID="4C17EB8D-2CE6-BB7F-5D7B-EF07E2B1C082"/>
<colUsage columnID="AEE389F2-F6C8-7341-58FF-A070F1419A1A"/>
</indexColumnUsage>
</ind_PK_UK>
<ind_PK_UK class="oracle.dbtools.crest.model.design.relational.Index" id="DC928D8D-44AC-B8A5-7CA6-727CA9FDBA5C" name="FNMRBD_UIX2">
<sourceConnName>MAXDTDEV</sourceConnName>
<sourceObjSchema>MAXDAT</sourceObjSchema>
<sourceObjName>FNMRBD_UIX2</sourceObjName>
<createdBy>mb56142</createdBy>
<createdTime>2013-05-23 21:45:52 UTC</createdTime>
<ownerDesignName>TXEB_BPM_Semantic_data_model_diagram</ownerDesignName>
<schemaObject>121AEE1F-FD79-403A-F17D-FF8859EA2228</schemaObject>
<indexState>Unique Plain Index</indexState>
<indexColumnUsage>
<colUsage columnID="4C17EB8D-2CE6-BB7F-5D7B-EF07E2B1C082"/>
<colUsage columnID="74C51CFF-9CC1-04DA-E3FE-6DBFA4813876"/>
</indexColumnUsage>
</ind_PK_UK>
<ind_PK_UK class="oracle.dbtools.crest.model.design.relational.Index" id="689D0FC6-2923-6F3D-DAA6-58243E008583" name="FNMRBD_UIX3">
<sourceConnName>MAXDTDEV</sourceConnName>
<sourceObjSchema>MAXDAT</sourceObjSchema>
<sourceObjName>FNMRBD_UIX3</sourceObjName>
<createdBy>mb56142</createdBy>
<createdTime>2013-05-23 21:45:52 UTC</createdTime>
<ownerDesignName>TXEB_BPM_Semantic_data_model_diagram</ownerDesignName>
<schemaObject>121AEE1F-FD79-403A-F17D-FF8859EA2228</schemaObject>
<indexState>Unique Plain Index</indexState>
<indexColumnUsage>
<colUsage columnID="4C17EB8D-2CE6-BB7F-5D7B-EF07E2B1C082"/>
<colUsage columnID="0BC3E7E2-9795-C5A3-213A-ABF373AD1DB1"/>
</indexColumnUsage>
</ind_PK_UK>
<ind_PK_UK class="oracle.dbtools.crest.model.design.relational.Index" id="6A2857C1-4E93-765F-3FCF-0E857339FED9" name="FIMJBD_DIMJCUR_FK">
<createdBy>mb56142</createdBy>
<createdTime>2013-05-23 21:45:52 UTC</createdTime>
<ownerDesignName>TXEB_BPM_Semantic_data_model_diagram</ownerDesignName>
<indexState>Foreign Key</indexState>
<indexColumnUsage>
<colUsage columnID="64A54B2F-B528-78BF-A8A8-F60332076A83"/>
</indexColumnUsage>
</ind_PK_UK>
<ind_PK_UK class="oracle.dbtools.crest.model.design.relational.Index" id="7CC35D91-C184-9FAD-D63F-060CDBF985D0" name="FIMJBD_DIMJLUB_FK">
<createdBy>mb56142</createdBy>
<createdTime>2013-05-23 21:45:52 UTC</createdTime>
<ownerDesignName>TXEB_BPM_Semantic_data_model_diagram</ownerDesignName>
<indexState>Foreign Key</indexState>
<indexColumnUsage>
<colUsage columnID="84303B48-286C-7E38-1B5B-76E9BA7A363B"/>
</indexColumnUsage>
</ind_PK_UK>
</indexes>
</Table>