<?xml version = '1.0' encoding = 'UTF-8'?>
<Table class="oracle.dbtools.crest.model.design.relational.Table" id="E0850298-A194-AFAB-A8D3-8D19F703A9DD" directorySegmentName="seg_0" name="F_SCI_BY_DATE">
<createdBy>ro38606</createdBy>
<createdTime>2013-05-09 18:08:25 UTC</createdTime>
<ownerDesignName>TXEB_BPM_Semantic_data_model_diagram</ownerDesignName>
<schemaObject>121AEE1F-FD79-403A-F17D-FF8859EA2228</schemaObject>
<pkName>FSCIBD_PK</pkName>
<fonts>
<FontObject class="oracle.dbtools.crest.model.design.FontObjectWr">
<foType>Title</foType>
<fontStyle>1</fontStyle>
<colorRGB>-16776961</colorRGB>
</FontObject>
<FontObject class="oracle.dbtools.crest.model.design.FontObjectWr">
<foType>Column</foType>
<colorRGB>-16777216</colorRGB>
</FontObject>
<FontObject class="oracle.dbtools.crest.model.design.FontObjectWr">
<foType>Datatype</foType>
<colorRGB>-16744448</colorRGB>
</FontObject>
<FontObject class="oracle.dbtools.crest.model.design.FontObjectWr">
<foType>PK Element</foType>
<colorRGB>-16776961</colorRGB>
</FontObject>
<FontObject class="oracle.dbtools.crest.model.design.FontObjectWr">
<foType>FK Element</foType>
<colorRGB>-16777216</colorRGB>
</FontObject>
<FontObject class="oracle.dbtools.crest.model.design.FontObjectWr">
<foType>UK Element</foType>
<colorRGB>-16776961</colorRGB>
</FontObject>
<FontObject class="oracle.dbtools.crest.model.design.FontObjectWr">
<foType>Not Null</foType>
<colorRGB>-65536</colorRGB>
</FontObject>
<FontObject class="oracle.dbtools.crest.model.design.FontObjectWr">
<foType>Key</foType>
<colorRGB>-16777216</colorRGB>
</FontObject>
</fonts>
<columns>
<Column class="oracle.dbtools.crest.model.design.relational.Column" name="FSCIBD_ID" id="1D6DAAA7-886B-75C2-6E82-312292F4BA6C">
<createdBy>ro38606</createdBy>
<createdTime>2013-05-09 18:09:12 UTC</createdTime>
<ownerDesignName>TXEB_BPM_Semantic_data_model_diagram</ownerDesignName>
<useDomainConstraints>false</useDomainConstraints>
<use>1</use>
<logicalDatatype>LOGDT019</logicalDatatype>
<dataTypeSize>22</dataTypeSize>
<autoIncrementCycle>false</autoIncrementCycle>
</Column>
<Column class="oracle.dbtools.crest.model.design.relational.Column" name="D_DATE" id="53B9490B-82C0-A769-1E9A-294F603F2624">
<createdBy>ro38606</createdBy>
<createdTime>2013-05-09 18:09:12 UTC</createdTime>
<ownerDesignName>TXEB_BPM_Semantic_data_model_diagram</ownerDesignName>
<useDomainConstraints>false</useDomainConstraints>
<use>1</use>
<logicalDatatype>LOGDT007</logicalDatatype>
<dataTypeSize>7</dataTypeSize>
<autoIncrementCycle>false</autoIncrementCycle>
</Column>
<Column class="oracle.dbtools.crest.model.design.relational.Column" name="BUCKET_START_DATE" id="F302213E-5A01-4C29-F4DF-559555D19E2A">
<createdBy>ro38606</createdBy>
<createdTime>2013-05-09 18:09:12 UTC</createdTime>
<ownerDesignName>TXEB_BPM_Semantic_data_model_diagram</ownerDesignName>
<useDomainConstraints>false</useDomainConstraints>
<use>1</use>
<logicalDatatype>LOGDT007</logicalDatatype>
<dataTypeSize>7</dataTypeSize>
<autoIncrementCycle>false</autoIncrementCycle>
</Column>
<Column class="oracle.dbtools.crest.model.design.relational.Column" name="BUCKET_END_DATE" id="D1606261-2D37-F0DC-9CE7-9410BA451CD1">
<createdBy>ro38606</createdBy>
<createdTime>2013-05-09 18:09:12 UTC</createdTime>
<ownerDesignName>TXEB_BPM_Semantic_data_model_diagram</ownerDesignName>
<useDomainConstraints>false</useDomainConstraints>
<use>1</use>
<logicalDatatype>LOGDT007</logicalDatatype>
<dataTypeSize>7</dataTypeSize>
<autoIncrementCycle>false</autoIncrementCycle>
</Column>
<Column class="oracle.dbtools.crest.model.design.relational.Column" name="SCI_BI_ID" id="D281FD17-5205-70CC-D50E-7415B3464FC7">
<createdBy>ro38606</createdBy>
<createdTime>2013-05-09 18:09:13 UTC</createdTime>
<ownerDesignName>TXEB_BPM_Semantic_data_model_diagram</ownerDesignName>
<useDomainConstraints>false</useDomainConstraints>
<use>1</use>
<logicalDatatype>LOGDT019</logicalDatatype>
<dataTypeSize>22</dataTypeSize>
<delegate>79C5FB41-4329-6F2E-D514-8DD3EDE0C394</delegate>
<autoIncrementCycle>false</autoIncrementCycle>
<associations>
<colAssociation fkAssociation="1C47CABB-8558-1968-6A8F-F2B8F5DA3543" referredColumn="79C5FB41-4329-6F2E-D514-8DD3EDE0C394"/>
</associations>
</Column>
<Column class="oracle.dbtools.crest.model.design.relational.Column" name="INVENTORY_COUNT" id="A1229AE1-AC66-3402-A15F-D720B58896C9">
<createdBy>ro38606</createdBy>
<createdTime>2013-05-09 18:09:13 UTC</createdTime>
<ownerDesignName>TXEB_BPM_Semantic_data_model_diagram</ownerDesignName>
<nullsAllowed>true</nullsAllowed>
<useDomainConstraints>false</useDomainConstraints>
<use>1</use>
<logicalDatatype>LOGDT019</logicalDatatype>
<dataTypeSize>22</dataTypeSize>
<autoIncrementCycle>false</autoIncrementCycle>
</Column>
<Column class="oracle.dbtools.crest.model.design.relational.Column" name="CREATION_COUNT" id="77B44FA5-012C-2CCA-5F7D-EC484528A452">
<createdBy>ro38606</createdBy>
<createdTime>2013-05-09 18:09:13 UTC</createdTime>
<ownerDesignName>TXEB_BPM_Semantic_data_model_diagram</ownerDesignName>
<nullsAllowed>true</nullsAllowed>
<useDomainConstraints>false</useDomainConstraints>
<use>1</use>
<logicalDatatype>LOGDT019</logicalDatatype>
<dataTypeSize>22</dataTypeSize>
<autoIncrementCycle>false</autoIncrementCycle>
</Column>
<Column class="oracle.dbtools.crest.model.design.relational.Column" name="COMPLETION_COUNT" id="F8043245-29DD-662B-7C6F-FCD20049E5AD">
<createdBy>ro38606</createdBy>
<createdTime>2013-05-09 18:09:13 UTC</createdTime>
<ownerDesignName>TXEB_BPM_Semantic_data_model_diagram</ownerDesignName>
<nullsAllowed>true</nullsAllowed>
<useDomainConstraints>false</useDomainConstraints>
<use>1</use>
<logicalDatatype>LOGDT019</logicalDatatype>
<dataTypeSize>22</dataTypeSize>
<autoIncrementCycle>false</autoIncrementCycle>
</Column>
</columns>
<indexes>
<ind_PK_UK class="oracle.dbtools.crest.model.design.relational.Index" id="DC994B4D-62D5-7531-D967-CBD79B72FB57" name="FSCIBD_PK">
<createdBy>ro38606</createdBy>
<createdTime>2013-05-09 18:09:31 UTC</createdTime>
<ownerDesignName>TXEB_BPM_Semantic_data_model_diagram</ownerDesignName>
<schemaObject>121AEE1F-FD79-403A-F17D-FF8859EA2228</schemaObject>
<pk>true</pk>
<indexState>Primary Constraint</indexState>
<indexColumnUsage>
<colUsage columnID="1D6DAAA7-886B-75C2-6E82-312292F4BA6C"/>
</indexColumnUsage>
</ind_PK_UK>
<ind_PK_UK class="oracle.dbtools.crest.model.design.relational.Index" id="C4C24411-8A1C-01E7-7BE6-E5178B3FA44B" name="FSCIBD_UIX1">
<createdBy>ro38606</createdBy>
<createdTime>2013-05-09 18:09:31 UTC</createdTime>
<ownerDesignName>TXEB_BPM_Semantic_data_model_diagram</ownerDesignName>
<schemaObject>121AEE1F-FD79-403A-F17D-FF8859EA2228</schemaObject>
<indexState>Unique Plain Index</indexState>
<indexColumnUsage>
<colUsage columnID="D281FD17-5205-70CC-D50E-7415B3464FC7"/>
<colUsage columnID="53B9490B-82C0-A769-1E9A-294F603F2624"/>
</indexColumnUsage>
</ind_PK_UK>
<ind_PK_UK class="oracle.dbtools.crest.model.design.relational.Index" id="5E63790C-50FF-3C60-30B6-99267E1BA925" name="FSCIBD_UIX2">
<createdBy>ro38606</createdBy>
<createdTime>2013-05-09 18:09:31 UTC</createdTime>
<ownerDesignName>TXEB_BPM_Semantic_data_model_diagram</ownerDesignName>
<schemaObject>121AEE1F-FD79-403A-F17D-FF8859EA2228</schemaObject>
<indexState>Unique Plain Index</indexState>
<indexColumnUsage>
<colUsage columnID="D281FD17-5205-70CC-D50E-7415B3464FC7"/>
<colUsage columnID="F302213E-5A01-4C29-F4DF-559555D19E2A"/>
</indexColumnUsage>
</ind_PK_UK>
<ind_PK_UK class="oracle.dbtools.crest.model.design.relational.Index" id="FC60B054-0D6E-AE2A-D41C-AD42CFD1E76F" name="FSCIBD_IXL1">
<createdBy>ro38606</createdBy>
<createdTime>2013-05-09 18:09:31 UTC</createdTime>
<ownerDesignName>TXEB_BPM_Semantic_data_model_diagram</ownerDesignName>
<schemaObject>121AEE1F-FD79-403A-F17D-FF8859EA2228</schemaObject>
<indexColumnUsage>
<colUsage columnID="D1606261-2D37-F0DC-9CE7-9410BA451CD1"/>
</indexColumnUsage>
</ind_PK_UK>
<ind_PK_UK class="oracle.dbtools.crest.model.design.relational.Index" id="BBE23BB6-18BD-6EA0-E706-86979F9E2612" name="FSCIRBD_DSCICUR_FK">
<createdBy>ro38606</createdBy>
<createdTime>2013-05-13 19:43:04 UTC</createdTime>
<ownerDesignName>TXEB_BPM_Semantic_data_model_diagram</ownerDesignName>
<indexState>Foreign Key</indexState>
<indexColumnUsage>
<colUsage columnID="D281FD17-5205-70CC-D50E-7415B3464FC7"/>
</indexColumnUsage>
</ind_PK_UK>
</indexes>
</Table>