<?xml version = '1.0' encoding = 'UTF-8'?>
<FKIndexAssociation class="oracle.dbtools.crest.model.design.relational.FKIndexAssociation" directorySegmentName="seg_0" id="00125C4C-EF36-8EED-DFC2-FF335242C391" name="FK_Case_Referral">
<sourceConnName>HWSInternal</sourceConnName>
<sourceObjSchema>Case</sourceObjSchema>
<sourceObjName>FK_Case_Referral</sourceObjName>
<createdBy>david.moore</createdBy>
<createdTime>2015-01-12 09:18:00 UTC</createdTime>
<ownerDesignName>HWSInternal_12_01_2015</ownerDesignName>
<containerWithKeyObject>663AA629-6D1C-3C5B-6821-F19C6810BE04</containerWithKeyObject>
<deleteRule>NO ACTION</deleteRule>
<localFKIndex>773FE8BC-A330-E34A-29EE-6C315578D92B</localFKIndex>
<keyObject>C5EA002C-2A21-A59E-9D22-1DBD7DBA9CED</keyObject>
<mandatory>true</mandatory>
<transferable>true</transferable>
<columnDependencyConstraintGenerateInDDL>true</columnDependencyConstraintGenerateInDDL>
</FKIndexAssociation>