<?xml version = '1.0' encoding = 'UTF-8'?>
<FKIndexAssociation class="oracle.dbtools.crest.model.design.relational.FKIndexAssociation" directorySegmentName="seg_0" id="0B18E9CC-8D0D-82E1-B54F-08073F11A02F" name="FK_ComplaintCase_Complaint">
<sourceConnName>HWSInternal</sourceConnName>
<sourceObjSchema>Complaint</sourceObjSchema>
<sourceObjName>FK_ComplaintCase_Complaint</sourceObjName>
<createdBy>david.moore</createdBy>
<createdTime>2015-01-12 09:18:00 UTC</createdTime>
<ownerDesignName>HWSInternal_12_01_2015</ownerDesignName>
<containerWithKeyObject>A5B28385-B588-878E-F1F6-E26E3A3A0A26</containerWithKeyObject>
<deleteRule>NO ACTION</deleteRule>
<localFKIndex>C49505BE-3639-31A5-C9EB-80EDFE7301E4</localFKIndex>
<keyObject>5912096C-B83D-E54A-FF9D-D725BB940B3D</keyObject>
<mandatory>true</mandatory>
<transferable>true</transferable>
<columnDependencyConstraintGenerateInDDL>true</columnDependencyConstraintGenerateInDDL>
</FKIndexAssociation>