<?xml version = '1.0' encoding = 'UTF-8'?>
<FKIndexAssociation class="oracle.dbtools.crest.model.design.relational.FKIndexAssociation" directorySegmentName="seg_0" id="0D216BD7-CB1E-9BCF-A71F-1B992419FB7D" name="FK_Appointment_Case">
<sourceConnName>HWSInternal</sourceConnName>
<sourceObjSchema>Appointment</sourceObjSchema>
<sourceObjName>FK_Appointment_Case</sourceObjName>
<createdBy>david.moore</createdBy>
<createdTime>2015-01-12 09:18:00 UTC</createdTime>
<ownerDesignName>HWSInternal_12_01_2015</ownerDesignName>
<containerWithKeyObject>8534D4B3-BEDB-B92F-4A81-B9B3DB530EDB</containerWithKeyObject>
<deleteRule>NO ACTION</deleteRule>
<localFKIndex>1F2968D0-63D5-93E8-6880-00F7718B591D</localFKIndex>
<keyObject>BA08D78A-1A3D-8DA7-40F1-C0AD8E257927</keyObject>
<mandatory>true</mandatory>
<transferable>true</transferable>
<columnDependencyConstraintGenerateInDDL>true</columnDependencyConstraintGenerateInDDL>
</FKIndexAssociation>