<?xml version = '1.0' encoding = 'UTF-8'?>
<FKIndexAssociation class="oracle.dbtools.crest.model.design.relational.FKIndexAssociation" directorySegmentName="seg_0" id="119098BF-C7D7-CB97-951E-627334251FFE" name="FK_AssessmentSectionQuestion_QuestionTemplate">
<sourceConnName>HWSInternal</sourceConnName>
<sourceObjSchema>Assessment</sourceObjSchema>
<sourceObjName>FK_AssessmentSectionQuestion_QuestionTemplate</sourceObjName>
<createdBy>david.moore</createdBy>
<createdTime>2015-01-12 09:18:00 UTC</createdTime>
<ownerDesignName>HWSInternal_12_01_2015</ownerDesignName>
<containerWithKeyObject>179092F2-D789-0531-5643-FEB7F7123AF3</containerWithKeyObject>
<deleteRule>NO ACTION</deleteRule>
<localFKIndex>8AA0C425-863D-06CB-999B-64C69BF2C0FD</localFKIndex>
<keyObject>B2AA1724-90B8-B66D-E720-843923CFECA1</keyObject>
<mandatory>true</mandatory>
<transferable>true</transferable>
<columnDependencyConstraintGenerateInDDL>true</columnDependencyConstraintGenerateInDDL>
</FKIndexAssociation>