<?xml version = '1.0' encoding = 'UTF-8'?>
<FKIndexAssociation class="oracle.dbtools.crest.model.design.relational.FKIndexAssociation" directorySegmentName="seg_0" id="16EDD56F-B007-FB6F-0C13-01E2DFAFFD58" name="FK_Appointment_Clinic">
<sourceConnName>HWSInternal</sourceConnName>
<sourceObjSchema>Appointment</sourceObjSchema>
<sourceObjName>FK_Appointment_Clinic</sourceObjName>
<createdBy>david.moore</createdBy>
<createdTime>2015-01-12 09:18:00 UTC</createdTime>
<ownerDesignName>HWSInternal_12_01_2015</ownerDesignName>
<containerWithKeyObject>8534D4B3-BEDB-B92F-4A81-B9B3DB530EDB</containerWithKeyObject>
<deleteRule>NO ACTION</deleteRule>
<localFKIndex>3674E9E2-4CD1-A8E8-D77E-990CED563ABC</localFKIndex>
<keyObject>95FFC6A0-FB4C-FE15-AD79-5EBFD472FEFA</keyObject>
<mandatory>false</mandatory>
<transferable>true</transferable>
<columnDependencyConstraintGenerateInDDL>true</columnDependencyConstraintGenerateInDDL>
</FKIndexAssociation>