<?xml version = '1.0' encoding = 'UTF-8'?>
<FKIndexAssociation class="oracle.dbtools.crest.model.design.relational.FKIndexAssociation" directorySegmentName="seg_0" id="16EF75FF-E56D-1D45-B0FC-DA6B27A95F4C" name="FK_EmployerService_Employer">
<sourceConnName>HWSInternal</sourceConnName>
<sourceObjSchema>Referral</sourceObjSchema>
<sourceObjName>FK_EmployerService_Employer</sourceObjName>
<createdBy>david.moore</createdBy>
<createdTime>2015-01-12 09:18:00 UTC</createdTime>
<ownerDesignName>HWSInternal_12_01_2015</ownerDesignName>
<containerWithKeyObject>039EBE50-9D5B-980B-FE68-691BBE22A75E</containerWithKeyObject>
<deleteRule>NO ACTION</deleteRule>
<localFKIndex>2D059327-BBE1-9EBC-86BE-D0105BDE4838</localFKIndex>
<keyObject>D7461B8B-6057-125A-BEA2-24D97970D617</keyObject>
<mandatory>true</mandatory>
<transferable>true</transferable>
<columnDependencyConstraintGenerateInDDL>true</columnDependencyConstraintGenerateInDDL>
</FKIndexAssociation>