<?xml version = '1.0' encoding = 'UTF-8'?>
<FKIndexAssociation class="oracle.dbtools.crest.model.design.relational.FKIndexAssociation" directorySegmentName="seg_0" id="2013F609-81E9-9030-0D2F-C920E2C9A6DF" name="FK_AssessmentObstacle_Obstacle">
<sourceConnName>HWSInternal</sourceConnName>
<sourceObjSchema>Assessment</sourceObjSchema>
<sourceObjName>FK_AssessmentObstacle_Obstacle</sourceObjName>
<createdBy>david.moore</createdBy>
<createdTime>2015-01-12 09:18:00 UTC</createdTime>
<ownerDesignName>HWSInternal_12_01_2015</ownerDesignName>
<containerWithKeyObject>81F9C10E-F05E-0362-FED4-30EB62DC60CC</containerWithKeyObject>
<deleteRule>NO ACTION</deleteRule>
<localFKIndex>3A955A32-2856-E6EC-FBF4-5B868438B851</localFKIndex>
<keyObject>00639A0E-50ED-2F79-B1E3-01C13577B899</keyObject>
<mandatory>true</mandatory>
<transferable>true</transferable>
<columnDependencyConstraintGenerateInDDL>true</columnDependencyConstraintGenerateInDDL>
</FKIndexAssociation>