<?xml version = '1.0' encoding = 'UTF-8'?>
<FKIndexAssociation class="oracle.dbtools.crest.model.design.relational.FKIndexAssociation" directorySegmentName="seg_0" id="25001190-5B45-DDAD-6E85-14BE99AF90AE" name="FK_Case_Client">
<sourceConnName>HWSInternal</sourceConnName>
<sourceObjSchema>Case</sourceObjSchema>
<sourceObjName>FK_Case_Client</sourceObjName>
<createdBy>david.moore</createdBy>
<createdTime>2015-01-12 09:18:00 UTC</createdTime>
<ownerDesignName>HWSInternal_12_01_2015</ownerDesignName>
<containerWithKeyObject>663AA629-6D1C-3C5B-6821-F19C6810BE04</containerWithKeyObject>
<deleteRule>NO ACTION</deleteRule>
<localFKIndex>5A02E705-854F-673C-47B0-8EEE9BC7C22D</localFKIndex>
<keyObject>74B2900F-DEEB-4905-15F6-18D199DAB021</keyObject>
<mandatory>false</mandatory>
<transferable>true</transferable>
<columnDependencyConstraintGenerateInDDL>true</columnDependencyConstraintGenerateInDDL>
</FKIndexAssociation>