<?xml version = '1.0' encoding = 'UTF-8'?>
<FKIndexAssociation class="oracle.dbtools.crest.model.design.relational.FKIndexAssociation" directorySegmentName="seg_0" id="26F96676-AC93-227D-FCE8-B37851456A50" name="FK_CaseHPTeam_Case">
<sourceConnName>HWSInternal</sourceConnName>
<sourceObjSchema>Case</sourceObjSchema>
<sourceObjName>FK_CaseHPTeam_Case</sourceObjName>
<createdBy>david.moore</createdBy>
<createdTime>2015-01-12 09:18:00 UTC</createdTime>
<ownerDesignName>HWSInternal_12_01_2015</ownerDesignName>
<containerWithKeyObject>E416E0F7-39DC-E19C-3B53-DB60CF830F43</containerWithKeyObject>
<deleteRule>NO ACTION</deleteRule>
<localFKIndex>8858D6EB-72FA-A6FC-B635-AAC383551750</localFKIndex>
<keyObject>BA08D78A-1A3D-8DA7-40F1-C0AD8E257927</keyObject>
<mandatory>true</mandatory>
<transferable>true</transferable>
<columnDependencyConstraintGenerateInDDL>true</columnDependencyConstraintGenerateInDDL>
</FKIndexAssociation>