<?xml version = '1.0' encoding = 'UTF-8'?>
<FKIndexAssociation class="oracle.dbtools.crest.model.design.relational.FKIndexAssociation" directorySegmentName="seg_0" id="276780C8-7681-1C5B-E9ED-9670494B0B9F" name="FK_Appointment_AppointmentStatus">
<sourceConnName>HWSInternal</sourceConnName>
<sourceObjSchema>Appointment</sourceObjSchema>
<sourceObjName>FK_Appointment_AppointmentStatus</sourceObjName>
<createdBy>david.moore</createdBy>
<createdTime>2015-01-12 09:18:00 UTC</createdTime>
<ownerDesignName>HWSInternal_12_01_2015</ownerDesignName>
<containerWithKeyObject>8534D4B3-BEDB-B92F-4A81-B9B3DB530EDB</containerWithKeyObject>
<deleteRule>NO ACTION</deleteRule>
<localFKIndex>F580F58A-83BB-566D-8BF2-4E8EEA74776A</localFKIndex>
<keyObject>6A6C497D-E16A-117F-909B-A6EA21706B38</keyObject>
<mandatory>true</mandatory>
<transferable>true</transferable>
<columnDependencyConstraintGenerateInDDL>true</columnDependencyConstraintGenerateInDDL>
</FKIndexAssociation>