<?xml version = '1.0' encoding = 'UTF-8'?>
<FKIndexAssociation class="oracle.dbtools.crest.model.design.relational.FKIndexAssociation" directorySegmentName="seg_0" id="297998AD-BC35-E518-323E-433D94E96611" name="FK_QuestionnaireQuestion_Questionnaire">
<sourceConnName>HWSInternal</sourceConnName>
<sourceObjSchema>Assessment</sourceObjSchema>
<sourceObjName>FK_QuestionnaireQuestion_Questionnaire</sourceObjName>
<createdBy>david.moore</createdBy>
<createdTime>2015-01-12 09:18:00 UTC</createdTime>
<ownerDesignName>HWSInternal_12_01_2015</ownerDesignName>
<containerWithKeyObject>7745B66B-7D93-273F-5E2E-F55C67C513B2</containerWithKeyObject>
<deleteRule>NO ACTION</deleteRule>
<localFKIndex>80976472-81A0-D37F-97FC-2DD45FCF4EDA</localFKIndex>
<keyObject>C03FAE1A-8F41-2FC1-D636-75590447BD9E</keyObject>
<mandatory>true</mandatory>
<transferable>true</transferable>
<columnDependencyConstraintGenerateInDDL>true</columnDependencyConstraintGenerateInDDL>
</FKIndexAssociation>