<?xml version = '1.0' encoding = 'UTF-8'?>
<FKIndexAssociation class="oracle.dbtools.crest.model.design.relational.FKIndexAssociation" directorySegmentName="seg_0" id="3ED11F31-8D8A-78C0-9B1C-662110725DB0" name="FK_Assessment_Resource">
<sourceConnName>HWSInternal</sourceConnName>
<sourceObjSchema>Assessment</sourceObjSchema>
<sourceObjName>FK_Assessment_Resource</sourceObjName>
<createdBy>david.moore</createdBy>
<createdTime>2015-01-12 09:18:00 UTC</createdTime>
<ownerDesignName>HWSInternal_12_01_2015</ownerDesignName>
<containerWithKeyObject>FD738107-EEA4-E1B2-63A2-54A88D33D0E8</containerWithKeyObject>
<deleteRule>NO ACTION</deleteRule>
<localFKIndex>4969585A-B2AE-FC9B-0C3D-D4EDF0EC6B90</localFKIndex>
<keyObject>AB6D06E9-4E81-9DB2-7B43-56DB35CDB93C</keyObject>
<mandatory>false</mandatory>
<transferable>true</transferable>
<columnDependencyConstraintGenerateInDDL>true</columnDependencyConstraintGenerateInDDL>
</FKIndexAssociation>