<?xml version = '1.0' encoding = 'UTF-8'?>
<FKIndexAssociation class="oracle.dbtools.crest.model.design.relational.FKIndexAssociation" directorySegmentName="seg_0" id="419364AC-470F-3C14-3322-F7F7249CCA2B" name="FK_EmployeeDisability_LookupItem">
<sourceConnName>HWSInternal</sourceConnName>
<sourceObjSchema>Referral</sourceObjSchema>
<sourceObjName>FK_EmployeeDisability_LookupItem</sourceObjName>
<createdBy>david.moore</createdBy>
<createdTime>2015-01-12 09:18:00 UTC</createdTime>
<ownerDesignName>HWSInternal_12_01_2015</ownerDesignName>
<containerWithKeyObject>3B6B5804-C87A-1355-DEE1-4E75AB67F72A</containerWithKeyObject>
<deleteRule>NO ACTION</deleteRule>
<localFKIndex>596EAAB1-89C3-C515-8724-1D3F7E90B607</localFKIndex>
<keyObject>4025FE88-2D7C-96D7-36D3-D137AE14A628</keyObject>
<mandatory>true</mandatory>
<transferable>true</transferable>
<columnDependencyConstraintGenerateInDDL>true</columnDependencyConstraintGenerateInDDL>
</FKIndexAssociation>