<?xml version = '1.0' encoding = 'UTF-8'?>
<FKIndexAssociation class="oracle.dbtools.crest.model.design.relational.FKIndexAssociation" directorySegmentName="seg_0" id="43D8DA98-F031-F2EB-37A9-B2935605CD45" name="FK_EmployerService_ServiceLookupItem">
<sourceConnName>HWSInternal</sourceConnName>
<sourceObjSchema>Referral</sourceObjSchema>
<sourceObjName>FK_EmployerService_ServiceLookupItem</sourceObjName>
<createdBy>david.moore</createdBy>
<createdTime>2015-01-12 09:18:00 UTC</createdTime>
<ownerDesignName>HWSInternal_12_01_2015</ownerDesignName>
<containerWithKeyObject>039EBE50-9D5B-980B-FE68-691BBE22A75E</containerWithKeyObject>
<deleteRule>NO ACTION</deleteRule>
<localFKIndex>CD67E8E1-2F86-6637-92E7-E23BEA65FC55</localFKIndex>
<keyObject>4025FE88-2D7C-96D7-36D3-D137AE14A628</keyObject>
<mandatory>true</mandatory>
<transferable>true</transferable>
<columnDependencyConstraintGenerateInDDL>true</columnDependencyConstraintGenerateInDDL>
</FKIndexAssociation>