<?xml version = '1.0' encoding = 'UTF-8'?>
<FKIndexAssociation class="oracle.dbtools.crest.model.design.relational.FKIndexAssociation" directorySegmentName="seg_0" id="45F4A7F1-80BE-4AA7-9649-946BBFBD1A8B" name="FK_Obstacle_Section">
<sourceConnName>HWSInternal</sourceConnName>
<sourceObjSchema>Assessment</sourceObjSchema>
<sourceObjName>FK_Obstacle_Section</sourceObjName>
<createdBy>david.moore</createdBy>
<createdTime>2015-01-12 09:18:00 UTC</createdTime>
<ownerDesignName>HWSInternal_12_01_2015</ownerDesignName>
<containerWithKeyObject>4DE91F15-7D6D-E591-6822-8C8697B89DBD</containerWithKeyObject>
<deleteRule>NO ACTION</deleteRule>
<localFKIndex>CB27FAA6-545C-ADE4-5A3E-C7C0FE5E7563</localFKIndex>
<keyObject>50A6D602-B426-6B83-CC93-9197A59F2FA4</keyObject>
<mandatory>true</mandatory>
<transferable>true</transferable>
<columnDependencyConstraintGenerateInDDL>true</columnDependencyConstraintGenerateInDDL>
</FKIndexAssociation>