<?xml version = '1.0' encoding = 'UTF-8'?>
<FKIndexAssociation class="oracle.dbtools.crest.model.design.relational.FKIndexAssociation" directorySegmentName="seg_0" id="476AECE8-97F3-3541-2902-402E2C097FD2" name="FK_CaseCTATeam_Case">
<sourceConnName>HWSInternal</sourceConnName>
<sourceObjSchema>Case</sourceObjSchema>
<sourceObjName>FK_CaseCTATeam_Case</sourceObjName>
<createdBy>david.moore</createdBy>
<createdTime>2015-01-12 09:18:00 UTC</createdTime>
<ownerDesignName>HWSInternal_12_01_2015</ownerDesignName>
<containerWithKeyObject>C0E99B15-4C95-3DBD-89A5-C1AE7E0E334E</containerWithKeyObject>
<deleteRule>NO ACTION</deleteRule>
<localFKIndex>EA917EFE-F1AB-9F10-FD0E-29B36E7ABC12</localFKIndex>
<keyObject>BA08D78A-1A3D-8DA7-40F1-C0AD8E257927</keyObject>
<mandatory>true</mandatory>
<transferable>true</transferable>
<columnDependencyConstraintGenerateInDDL>true</columnDependencyConstraintGenerateInDDL>
</FKIndexAssociation>