<?xml version = '1.0' encoding = 'UTF-8'?>
<FKIndexAssociation class="oracle.dbtools.crest.model.design.relational.FKIndexAssociation" directorySegmentName="seg_0" id="482BA966-CE83-7B5A-040C-48D8B9587A75" name="FK_AssessmentObstacleRecomendation_Recommendation">
<sourceConnName>HWSInternal</sourceConnName>
<sourceObjSchema>Assessment</sourceObjSchema>
<sourceObjName>FK_AssessmentObstacleRecomendation_Recommendation</sourceObjName>
<createdBy>david.moore</createdBy>
<createdTime>2015-01-12 09:18:00 UTC</createdTime>
<ownerDesignName>HWSInternal_12_01_2015</ownerDesignName>
<containerWithKeyObject>F38047DF-7F96-6448-79D3-2117BE2714A7</containerWithKeyObject>
<deleteRule>NO ACTION</deleteRule>
<localFKIndex>305EBBDD-8129-016A-ABF7-727825DE6DB1</localFKIndex>
<keyObject>638B6671-8EC4-D18F-F36D-401A936725E8</keyObject>
<mandatory>true</mandatory>
<transferable>true</transferable>
<columnDependencyConstraintGenerateInDDL>true</columnDependencyConstraintGenerateInDDL>
</FKIndexAssociation>