<?xml version = '1.0' encoding = 'UTF-8'?>
<FKIndexAssociation class="oracle.dbtools.crest.model.design.relational.FKIndexAssociation" directorySegmentName="seg_0" id="4D7885EE-E334-AF8B-90F2-D37D13BA04E6" name="FK_Appointment_Resource">
<sourceConnName>HWSInternal</sourceConnName>
<sourceObjSchema>Appointment</sourceObjSchema>
<sourceObjName>FK_Appointment_Resource</sourceObjName>
<createdBy>david.moore</createdBy>
<createdTime>2015-01-12 09:18:00 UTC</createdTime>
<ownerDesignName>HWSInternal_12_01_2015</ownerDesignName>
<containerWithKeyObject>8534D4B3-BEDB-B92F-4A81-B9B3DB530EDB</containerWithKeyObject>
<deleteRule>NO ACTION</deleteRule>
<localFKIndex>81815E8B-37EF-3F9F-1513-D17ED4CCB21A</localFKIndex>
<keyObject>AB6D06E9-4E81-9DB2-7B43-56DB35CDB93C</keyObject>
<mandatory>false</mandatory>
<transferable>true</transferable>
<columnDependencyConstraintGenerateInDDL>true</columnDependencyConstraintGenerateInDDL>
</FKIndexAssociation>