<?xml version = '1.0' encoding = 'UTF-8'?>
<FKIndexAssociation class="oracle.dbtools.crest.model.design.relational.FKIndexAssociation" directorySegmentName="seg_0" id="4E3EFC83-E61B-ADF1-B293-8FC6B78559F5" name="FK_AssessmentObstacle_Assessment">
<sourceConnName>HWSInternal</sourceConnName>
<sourceObjSchema>Assessment</sourceObjSchema>
<sourceObjName>FK_AssessmentObstacle_Assessment</sourceObjName>
<createdBy>david.moore</createdBy>
<createdTime>2015-01-12 09:18:00 UTC</createdTime>
<ownerDesignName>HWSInternal_12_01_2015</ownerDesignName>
<containerWithKeyObject>81F9C10E-F05E-0362-FED4-30EB62DC60CC</containerWithKeyObject>
<deleteRule>NO ACTION</deleteRule>
<localFKIndex>C94728A1-33F9-3E53-BDDA-1E61A745AC42</localFKIndex>
<keyObject>419C4E6B-4057-2A3D-CA16-874782A5D797</keyObject>
<mandatory>true</mandatory>
<transferable>true</transferable>
<columnDependencyConstraintGenerateInDDL>true</columnDependencyConstraintGenerateInDDL>
</FKIndexAssociation>