<?xml version = '1.0' encoding = 'UTF-8'?>
<FKIndexAssociation class="oracle.dbtools.crest.model.design.relational.FKIndexAssociation" directorySegmentName="seg_0" id="53814958-EFBF-24CB-B8AE-A10F3CB6E6B4" name="FK_Clinic2OHP_OHP">
<sourceConnName>HWSInternal</sourceConnName>
<sourceObjSchema>dbo</sourceObjSchema>
<sourceObjName>FK_Clinic2OHP_OHP</sourceObjName>
<createdBy>david.moore</createdBy>
<createdTime>2015-01-12 09:18:00 UTC</createdTime>
<ownerDesignName>HWSInternal_12_01_2015</ownerDesignName>
<containerWithKeyObject>775A6D80-C5F4-109E-227B-829FDC74533C</containerWithKeyObject>
<deleteRule>CASCADE</deleteRule>
<localFKIndex>3F5A67BB-0D81-BB1B-1C54-AE14CB61E90C</localFKIndex>
<keyObject>6E651C39-FA7E-5E14-C501-F92D84502208</keyObject>
<mandatory>true</mandatory>
<transferable>true</transferable>
<columnDependencyConstraintGenerateInDDL>true</columnDependencyConstraintGenerateInDDL>
</FKIndexAssociation>