<?xml version = '1.0' encoding = 'UTF-8'?>
<FKIndexAssociation class="oracle.dbtools.crest.model.design.relational.FKIndexAssociation" directorySegmentName="seg_0" id="599B0084-2DDA-D25A-94EA-D03BCB9129C5" name="FK_AssessmentSectionQuestion_AssessmentSection">
<sourceConnName>HWSInternal</sourceConnName>
<sourceObjSchema>Assessment</sourceObjSchema>
<sourceObjName>FK_AssessmentSectionQuestion_AssessmentSection</sourceObjName>
<createdBy>david.moore</createdBy>
<createdTime>2015-01-12 09:18:00 UTC</createdTime>
<ownerDesignName>HWSInternal_12_01_2015</ownerDesignName>
<containerWithKeyObject>179092F2-D789-0531-5643-FEB7F7123AF3</containerWithKeyObject>
<deleteRule>NO ACTION</deleteRule>
<localFKIndex>4AB8E6BD-0A94-DF87-3F66-B0A1EFC2DC8D</localFKIndex>
<keyObject>50A6D602-B426-6B83-CC93-9197A59F2FA4</keyObject>
<mandatory>true</mandatory>
<transferable>true</transferable>
<columnDependencyConstraintGenerateInDDL>true</columnDependencyConstraintGenerateInDDL>
</FKIndexAssociation>