<?xml version = '1.0' encoding = 'UTF-8'?>
<FKIndexAssociation class="oracle.dbtools.crest.model.design.relational.FKIndexAssociation" directorySegmentName="seg_0" id="62A86600-306A-80EF-AB2A-1160F8E79A90" name="FK_ComplaintDocument_Complaint">
<sourceConnName>HWSInternal</sourceConnName>
<sourceObjSchema>Complaint</sourceObjSchema>
<sourceObjName>FK_ComplaintDocument_Complaint</sourceObjName>
<createdBy>david.moore</createdBy>
<createdTime>2015-01-12 09:18:00 UTC</createdTime>
<ownerDesignName>HWSInternal_12_01_2015</ownerDesignName>
<containerWithKeyObject>01576BEF-0787-C155-90CC-0C43CFA738FE</containerWithKeyObject>
<deleteRule>NO ACTION</deleteRule>
<localFKIndex>2FBAAA04-187B-F7DC-62EE-DD6D920D1106</localFKIndex>
<keyObject>5912096C-B83D-E54A-FF9D-D725BB940B3D</keyObject>
<mandatory>true</mandatory>
<transferable>true</transferable>
<columnDependencyConstraintGenerateInDDL>true</columnDependencyConstraintGenerateInDDL>
</FKIndexAssociation>