<?xml version = '1.0' encoding = 'UTF-8'?>
<FKIndexAssociation class="oracle.dbtools.crest.model.design.relational.FKIndexAssociation" directorySegmentName="seg_0" id="6A8217C0-7C91-B75D-07F8-269423098238" name="FK_Assessment_AssessmentStatus">
<sourceConnName>HWSInternal</sourceConnName>
<sourceObjSchema>Assessment</sourceObjSchema>
<sourceObjName>FK_Assessment_AssessmentStatus</sourceObjName>
<createdBy>david.moore</createdBy>
<createdTime>2015-01-12 09:18:00 UTC</createdTime>
<ownerDesignName>HWSInternal_12_01_2015</ownerDesignName>
<containerWithKeyObject>FD738107-EEA4-E1B2-63A2-54A88D33D0E8</containerWithKeyObject>
<deleteRule>NO ACTION</deleteRule>
<localFKIndex>010BC362-239C-D45B-185C-DB6676FCA452</localFKIndex>
<keyObject>64AEA3E2-D3B0-D839-73F8-6C043EF06226</keyObject>
<mandatory>false</mandatory>
<transferable>true</transferable>
<columnDependencyConstraintGenerateInDDL>true</columnDependencyConstraintGenerateInDDL>
</FKIndexAssociation>