<?xml version = '1.0' encoding = 'UTF-8'?>
<FKIndexAssociation class="oracle.dbtools.crest.model.design.relational.FKIndexAssociation" directorySegmentName="seg_0" id="6B6129B3-D909-B2D7-788E-ABC6CF8F74DB" name="FK_AnswerLookup_Answer">
<sourceConnName>HWSInternal</sourceConnName>
<sourceObjSchema>Assessment</sourceObjSchema>
<sourceObjName>FK_AnswerLookup_Answer</sourceObjName>
<createdBy>david.moore</createdBy>
<createdTime>2015-01-12 09:18:00 UTC</createdTime>
<ownerDesignName>HWSInternal_12_01_2015</ownerDesignName>
<containerWithKeyObject>69B276F1-5914-E084-D06E-5F2ADAB58255</containerWithKeyObject>
<deleteRule>NO ACTION</deleteRule>
<localFKIndex>B17DC1B0-B7BF-D688-47AF-29D0F8E6BD35</localFKIndex>
<keyObject>181804C6-916B-C3F2-1A16-C49E7FC2EE6D</keyObject>
<mandatory>true</mandatory>
<transferable>true</transferable>
<columnDependencyConstraintGenerateInDDL>true</columnDependencyConstraintGenerateInDDL>
</FKIndexAssociation>