<?xml version = '1.0' encoding = 'UTF-8'?>
<FKIndexAssociation class="oracle.dbtools.crest.model.design.relational.FKIndexAssociation" directorySegmentName="seg_0" id="6C5ACCBB-300A-ACD4-27A2-8E6D65CD5843" name="FK_Assessment_AssessmentTypeLookupItem">
<sourceConnName>HWSInternal</sourceConnName>
<sourceObjSchema>Assessment</sourceObjSchema>
<sourceObjName>FK_Assessment_AssessmentTypeLookupItem</sourceObjName>
<createdBy>david.moore</createdBy>
<createdTime>2015-01-12 09:18:00 UTC</createdTime>
<ownerDesignName>HWSInternal_12_01_2015</ownerDesignName>
<containerWithKeyObject>FD738107-EEA4-E1B2-63A2-54A88D33D0E8</containerWithKeyObject>
<deleteRule>NO ACTION</deleteRule>
<localFKIndex>A92B8C30-EAA0-21F8-6C01-5340CDDD09F4</localFKIndex>
<keyObject>4025FE88-2D7C-96D7-36D3-D137AE14A628</keyObject>
<mandatory>false</mandatory>
<transferable>true</transferable>
<columnDependencyConstraintGenerateInDDL>true</columnDependencyConstraintGenerateInDDL>
</FKIndexAssociation>