<?xml version = '1.0' encoding = 'UTF-8'?>
<FKIndexAssociation class="oracle.dbtools.crest.model.design.relational.FKIndexAssociation" directorySegmentName="seg_0" id="76A10774-33E0-7F71-857A-6AB1EAF1D474" name="FK_CaseNote_CaseNoteType">
<sourceConnName>HWSInternal</sourceConnName>
<sourceObjSchema>Case</sourceObjSchema>
<sourceObjName>FK_CaseNote_CaseNoteType</sourceObjName>
<createdBy>david.moore</createdBy>
<createdTime>2015-01-12 09:18:00 UTC</createdTime>
<ownerDesignName>HWSInternal_12_01_2015</ownerDesignName>
<containerWithKeyObject>0A3A2241-4E3A-21B9-8DA2-0786F686D724</containerWithKeyObject>
<deleteRule>NO ACTION</deleteRule>
<localFKIndex>84B43870-CDFE-2579-00E8-BD526FF55D55</localFKIndex>
<keyObject>3EC04967-546B-ACC4-0AA3-6C80BE5817CD</keyObject>
<mandatory>true</mandatory>
<transferable>true</transferable>
<columnDependencyConstraintGenerateInDDL>true</columnDependencyConstraintGenerateInDDL>
</FKIndexAssociation>