<?xml version = '1.0' encoding = 'UTF-8'?>
<FKIndexAssociation class="oracle.dbtools.crest.model.design.relational.FKIndexAssociation" directorySegmentName="seg_0" id="776C7B40-0393-0A0A-E2F2-FEDC5CDF3A91" name="FK_Case_DischargeReason">
<sourceConnName>HWSInternal</sourceConnName>
<sourceObjSchema>Case</sourceObjSchema>
<sourceObjName>FK_Case_DischargeReason</sourceObjName>
<createdBy>david.moore</createdBy>
<createdTime>2015-01-12 09:18:00 UTC</createdTime>
<ownerDesignName>HWSInternal_12_01_2015</ownerDesignName>
<containerWithKeyObject>663AA629-6D1C-3C5B-6821-F19C6810BE04</containerWithKeyObject>
<deleteRule>NO ACTION</deleteRule>
<localFKIndex>7E520B95-1032-3A1C-ADB7-CB9B2A42A4A0</localFKIndex>
<keyObject>E6E03A64-095D-01D5-EF3D-429CEB96BBE9</keyObject>
<mandatory>false</mandatory>
<transferable>true</transferable>
<columnDependencyConstraintGenerateInDDL>true</columnDependencyConstraintGenerateInDDL>
</FKIndexAssociation>