<?xml version = '1.0' encoding = 'UTF-8'?>
<FKIndexAssociation class="oracle.dbtools.crest.model.design.relational.FKIndexAssociation" directorySegmentName="seg_0" id="77BC6638-7C0F-DB85-09C5-7724AEAD5F83" name="FK_QuestionnaireQuestionAnswer_QuestionnaireQuestion">
<sourceConnName>HWSInternal</sourceConnName>
<sourceObjSchema>Assessment</sourceObjSchema>
<sourceObjName>FK_QuestionnaireQuestionAnswer_QuestionnaireQuestion</sourceObjName>
<createdBy>david.moore</createdBy>
<createdTime>2015-01-12 09:18:00 UTC</createdTime>
<ownerDesignName>HWSInternal_12_01_2015</ownerDesignName>
<containerWithKeyObject>4D4E72EB-BB9A-C92E-8E39-54BBE4C0E31D</containerWithKeyObject>
<deleteRule>NO ACTION</deleteRule>
<localFKIndex>78378FE2-4B24-DA90-C03D-631352F55486</localFKIndex>
<keyObject>857F225C-8847-6B24-6829-6B640632FA2C</keyObject>
<mandatory>true</mandatory>
<transferable>true</transferable>
<columnDependencyConstraintGenerateInDDL>true</columnDependencyConstraintGenerateInDDL>
</FKIndexAssociation>