<?xml version = '1.0' encoding = 'UTF-8'?>
<FKIndexAssociation class="oracle.dbtools.crest.model.design.relational.FKIndexAssociation" directorySegmentName="seg_0" id="7817A56D-EA29-28A3-A58D-1E824DE1056E" name="FK_Employee_WorkHours">
<sourceConnName>HWSInternal</sourceConnName>
<sourceObjSchema>Referral</sourceObjSchema>
<sourceObjName>FK_Employee_WorkHours</sourceObjName>
<createdBy>david.moore</createdBy>
<createdTime>2015-01-12 09:18:00 UTC</createdTime>
<ownerDesignName>HWSInternal_12_01_2015</ownerDesignName>
<containerWithKeyObject>659A5A65-9EC5-A792-6E91-385A0E19E423</containerWithKeyObject>
<deleteRule>NO ACTION</deleteRule>
<localFKIndex>C1BB8255-07A0-AC73-C9D3-33C7A59E92A4</localFKIndex>
<keyObject>4025FE88-2D7C-96D7-36D3-D137AE14A628</keyObject>
<mandatory>false</mandatory>
<transferable>true</transferable>
<columnDependencyConstraintGenerateInDDL>true</columnDependencyConstraintGenerateInDDL>
</FKIndexAssociation>