<?xml version = '1.0' encoding = 'UTF-8'?>
<FKIndexAssociation class="oracle.dbtools.crest.model.design.relational.FKIndexAssociation" directorySegmentName="seg_0" id="96E9CB86-2615-1649-1553-D767E88EF7C6" name="FK_CTATeam_Client">
<sourceConnName>HWSInternal</sourceConnName>
<sourceObjSchema>Resources</sourceObjSchema>
<sourceObjName>FK_CTATeam_Client</sourceObjName>
<createdBy>david.moore</createdBy>
<createdTime>2015-01-12 09:18:00 UTC</createdTime>
<ownerDesignName>HWSInternal_12_01_2015</ownerDesignName>
<containerWithKeyObject>26B14DAD-473D-2A6D-9E70-7D4646C515D9</containerWithKeyObject>
<deleteRule>NO ACTION</deleteRule>
<localFKIndex>F1613A27-3446-DBB1-9CFB-098BA224EA72</localFKIndex>
<keyObject>74B2900F-DEEB-4905-15F6-18D199DAB021</keyObject>
<mandatory>true</mandatory>
<transferable>true</transferable>
<columnDependencyConstraintGenerateInDDL>true</columnDependencyConstraintGenerateInDDL>
</FKIndexAssociation>