<?xml version = '1.0' encoding = 'UTF-8'?>
<FKIndexAssociation class="oracle.dbtools.crest.model.design.relational.FKIndexAssociation" directorySegmentName="seg_0" id="A00FA5D7-5C83-E8E8-FAE1-86E197D81BD8" name="FK_AuditLog_AuditAction">
<sourceConnName>HWSInternal</sourceConnName>
<sourceObjSchema>Audit</sourceObjSchema>
<sourceObjName>FK_AuditLog_AuditAction</sourceObjName>
<createdBy>david.moore</createdBy>
<createdTime>2015-01-12 09:18:00 UTC</createdTime>
<ownerDesignName>HWSInternal_12_01_2015</ownerDesignName>
<containerWithKeyObject>9F5EB80B-C07B-F469-25C9-9118A9AC0552</containerWithKeyObject>
<deleteRule>NO ACTION</deleteRule>
<localFKIndex>65C7075E-96D6-DACA-DD03-682768BD71F5</localFKIndex>
<keyObject>2C2B5999-58C8-E81B-5551-A39CC7F6D607</keyObject>
<mandatory>true</mandatory>
<transferable>true</transferable>
<columnDependencyConstraintGenerateInDDL>true</columnDependencyConstraintGenerateInDDL>
</FKIndexAssociation>