<?xml version = '1.0' encoding = 'UTF-8'?>
<FKIndexAssociation class="oracle.dbtools.crest.model.design.relational.FKIndexAssociation" directorySegmentName="seg_0" id="A38411F4-0AEC-A659-4B12-32FECD128103" name="FK_Appointment_Clinician">
<sourceConnName>HWSInternal</sourceConnName>
<sourceObjSchema>Appointment</sourceObjSchema>
<sourceObjName>FK_Appointment_Clinician</sourceObjName>
<createdBy>david.moore</createdBy>
<createdTime>2015-01-12 09:18:00 UTC</createdTime>
<ownerDesignName>HWSInternal_12_01_2015</ownerDesignName>
<containerWithKeyObject>8534D4B3-BEDB-B92F-4A81-B9B3DB530EDB</containerWithKeyObject>
<deleteRule>NO ACTION</deleteRule>
<localFKIndex>5F8B8B01-D2E6-2CFA-6AB2-BA183D49E018</localFKIndex>
<keyObject>6E651C39-FA7E-5E14-C501-F92D84502208</keyObject>
<mandatory>false</mandatory>
<transferable>true</transferable>
<columnDependencyConstraintGenerateInDDL>true</columnDependencyConstraintGenerateInDDL>
</FKIndexAssociation>