<?xml version = '1.0' encoding = 'UTF-8'?>
<FKIndexAssociation class="oracle.dbtools.crest.model.design.relational.FKIndexAssociation" directorySegmentName="seg_0" id="A5CA2B08-909C-D536-BB17-7DC2A031FD56" name="FK_GenericTemplateText_GenericTemaplte">
<sourceConnName>HWSInternal</sourceConnName>
<sourceObjSchema>Template</sourceObjSchema>
<sourceObjName>FK_GenericTemplateText_GenericTemaplte</sourceObjName>
<createdBy>david.moore</createdBy>
<createdTime>2015-01-12 09:18:00 UTC</createdTime>
<ownerDesignName>HWSInternal_12_01_2015</ownerDesignName>
<containerWithKeyObject>C6F1EC48-C544-6D35-B17A-2E40BAA5B959</containerWithKeyObject>
<deleteRule>NO ACTION</deleteRule>
<localFKIndex>8D9363F4-7CA8-4D0E-A235-2184CBBA6481</localFKIndex>
<keyObject>18173466-59C3-A56B-6682-5B1BCB7BBA04</keyObject>
<mandatory>true</mandatory>
<transferable>true</transferable>
<columnDependencyConstraintGenerateInDDL>true</columnDependencyConstraintGenerateInDDL>
</FKIndexAssociation>