<?xml version = '1.0' encoding = 'UTF-8'?>
<FKIndexAssociation class="oracle.dbtools.crest.model.design.relational.FKIndexAssociation" directorySegmentName="seg_0" id="A76AEDE4-FBEC-9237-EEC0-2AA89AA8EF42" name="FK_AppointmentDocument_Appointment">
<sourceConnName>HWSInternal</sourceConnName>
<sourceObjSchema>Appointment</sourceObjSchema>
<sourceObjName>FK_AppointmentDocument_Appointment</sourceObjName>
<createdBy>david.moore</createdBy>
<createdTime>2015-01-12 09:18:00 UTC</createdTime>
<ownerDesignName>HWSInternal_12_01_2015</ownerDesignName>
<containerWithKeyObject>B20A9AF6-519D-0BFA-A3EF-D44818D4D111</containerWithKeyObject>
<deleteRule>NO ACTION</deleteRule>
<localFKIndex>6A42DE2C-3BF3-30FA-4F48-468BE9C8D843</localFKIndex>
<keyObject>C2206498-85CC-55CB-D9A1-D5D170322BAB</keyObject>
<mandatory>true</mandatory>
<transferable>true</transferable>
<columnDependencyConstraintGenerateInDDL>true</columnDependencyConstraintGenerateInDDL>
</FKIndexAssociation>