<?xml version = '1.0' encoding = 'UTF-8'?>
<FKIndexAssociation class="oracle.dbtools.crest.model.design.relational.FKIndexAssociation" directorySegmentName="seg_0" id="B1106D17-B7E5-2DBB-9A29-6D838D5467BF" name="FK_AssessmentQuestionnaire_Assessment">
<sourceConnName>HWSInternal</sourceConnName>
<sourceObjSchema>Assessment</sourceObjSchema>
<sourceObjName>FK_AssessmentQuestionnaire_Assessment</sourceObjName>
<createdBy>david.moore</createdBy>
<createdTime>2015-01-12 09:18:00 UTC</createdTime>
<ownerDesignName>HWSInternal_12_01_2015</ownerDesignName>
<containerWithKeyObject>BF82BCE1-29D3-39B9-4A7E-79E7ED9E060C</containerWithKeyObject>
<deleteRule>NO ACTION</deleteRule>
<localFKIndex>D27F9987-7D69-BFF9-145C-A0688F564EA9</localFKIndex>
<keyObject>419C4E6B-4057-2A3D-CA16-874782A5D797</keyObject>
<mandatory>false</mandatory>
<transferable>true</transferable>
<columnDependencyConstraintGenerateInDDL>true</columnDependencyConstraintGenerateInDDL>
</FKIndexAssociation>