<?xml version = '1.0' encoding = 'UTF-8'?>
<FKIndexAssociation class="oracle.dbtools.crest.model.design.relational.FKIndexAssociation" directorySegmentName="seg_0" id="B80FC507-D3FE-1581-EB10-07856D0E4F44" name="FK_AssessmentAnswer_QuestionTemplate">
<sourceConnName>HWSInternal</sourceConnName>
<sourceObjSchema>Assessment</sourceObjSchema>
<sourceObjName>FK_AssessmentAnswer_QuestionTemplate</sourceObjName>
<createdBy>david.moore</createdBy>
<createdTime>2015-01-12 09:18:00 UTC</createdTime>
<ownerDesignName>HWSInternal_12_01_2015</ownerDesignName>
<containerWithKeyObject>EAEA76EB-AC63-58F4-8A33-DF145523B642</containerWithKeyObject>
<deleteRule>NO ACTION</deleteRule>
<localFKIndex>EF3B2FB5-05B7-97DE-7238-07F1EBA59FF6</localFKIndex>
<keyObject>B2AA1724-90B8-B66D-E720-843923CFECA1</keyObject>
<mandatory>true</mandatory>
<transferable>true</transferable>
<columnDependencyConstraintGenerateInDDL>true</columnDependencyConstraintGenerateInDDL>
</FKIndexAssociation>