<?xml version = '1.0' encoding = 'UTF-8'?>
<FKIndexAssociation class="oracle.dbtools.crest.model.design.relational.FKIndexAssociation" directorySegmentName="seg_0" id="CDDEF948-81F4-23BB-0240-1539A6EB0D0D" name="FK_CaseHPTeam_CTATeam">
<sourceConnName>HWSInternal</sourceConnName>
<sourceObjSchema>Case</sourceObjSchema>
<sourceObjName>FK_CaseHPTeam_CTATeam</sourceObjName>
<createdBy>david.moore</createdBy>
<createdTime>2015-01-12 09:18:00 UTC</createdTime>
<ownerDesignName>HWSInternal_12_01_2015</ownerDesignName>
<containerWithKeyObject>E416E0F7-39DC-E19C-3B53-DB60CF830F43</containerWithKeyObject>
<deleteRule>NO ACTION</deleteRule>
<localFKIndex>E24ED990-BDF9-65F6-1D50-2F539CD86771</localFKIndex>
<keyObject>E83F6263-2521-4348-065C-4B5B66611A40</keyObject>
<mandatory>true</mandatory>
<transferable>true</transferable>
<columnDependencyConstraintGenerateInDDL>true</columnDependencyConstraintGenerateInDDL>
</FKIndexAssociation>