<?xml version = '1.0' encoding = 'UTF-8'?>
<FKIndexAssociation class="oracle.dbtools.crest.model.design.relational.FKIndexAssociation" directorySegmentName="seg_0" id="CE60BFDE-3F24-7597-9682-1445ED0443E6" name="FK_ComplaintCase_Case">
<sourceConnName>HWSInternal</sourceConnName>
<sourceObjSchema>Complaint</sourceObjSchema>
<sourceObjName>FK_ComplaintCase_Case</sourceObjName>
<createdBy>david.moore</createdBy>
<createdTime>2015-01-12 09:18:00 UTC</createdTime>
<ownerDesignName>HWSInternal_12_01_2015</ownerDesignName>
<containerWithKeyObject>A5B28385-B588-878E-F1F6-E26E3A3A0A26</containerWithKeyObject>
<deleteRule>NO ACTION</deleteRule>
<localFKIndex>5E81F319-EF6B-1CBA-FF48-845FC40D8F6F</localFKIndex>
<keyObject>BA08D78A-1A3D-8DA7-40F1-C0AD8E257927</keyObject>
<mandatory>true</mandatory>
<transferable>true</transferable>
<columnDependencyConstraintGenerateInDDL>true</columnDependencyConstraintGenerateInDDL>
</FKIndexAssociation>