<?xml version = '1.0' encoding = 'UTF-8'?>
<FKIndexAssociation class="oracle.dbtools.crest.model.design.relational.FKIndexAssociation" directorySegmentName="seg_0" id="CEAACA57-3D73-4CFC-8627-2E884E90CACF" name="FK_QuestionnaireQuestionAnswer_QuestionnaireAnswer">
<sourceConnName>HWSInternal</sourceConnName>
<sourceObjSchema>Assessment</sourceObjSchema>
<sourceObjName>FK_QuestionnaireQuestionAnswer_QuestionnaireAnswer</sourceObjName>
<createdBy>david.moore</createdBy>
<createdTime>2015-01-12 09:18:00 UTC</createdTime>
<ownerDesignName>HWSInternal_12_01_2015</ownerDesignName>
<containerWithKeyObject>4D4E72EB-BB9A-C92E-8E39-54BBE4C0E31D</containerWithKeyObject>
<deleteRule>NO ACTION</deleteRule>
<localFKIndex>34750965-5CB3-2239-A74B-1690865F9AD9</localFKIndex>
<keyObject>0E81CAE3-F830-D790-F83E-FC3DCD726F87</keyObject>
<mandatory>true</mandatory>
<transferable>true</transferable>
<columnDependencyConstraintGenerateInDDL>true</columnDependencyConstraintGenerateInDDL>
</FKIndexAssociation>