<?xml version = '1.0' encoding = 'UTF-8'?>
<FKIndexAssociation class="oracle.dbtools.crest.model.design.relational.FKIndexAssociation" directorySegmentName="seg_0" id="CF42D00D-BF6C-AC71-3122-15CD1CB67A5F" name="FK_QuestionTemplate_Lookup">
<sourceConnName>HWSInternal</sourceConnName>
<sourceObjSchema>Assessment</sourceObjSchema>
<sourceObjName>FK_QuestionTemplate_Lookup</sourceObjName>
<createdBy>david.moore</createdBy>
<createdTime>2015-01-12 09:18:00 UTC</createdTime>
<ownerDesignName>HWSInternal_12_01_2015</ownerDesignName>
<containerWithKeyObject>4E230294-6733-5A2D-C009-7153D4FED2B0</containerWithKeyObject>
<deleteRule>NO ACTION</deleteRule>
<localFKIndex>10189AEC-777C-4466-0BB1-A1017335C291</localFKIndex>
<keyObject>9BCD40A4-B746-F650-4851-5F164D1647FD</keyObject>
<mandatory>false</mandatory>
<transferable>true</transferable>
<columnDependencyConstraintGenerateInDDL>true</columnDependencyConstraintGenerateInDDL>
</FKIndexAssociation>