<?xml version = '1.0' encoding = 'UTF-8'?>
<FKIndexAssociation class="oracle.dbtools.crest.model.design.relational.FKIndexAssociation" directorySegmentName="seg_0" id="CFBCCD76-E2B0-49D6-6505-AED4CEC4F1A6" name="FK_Case_CaseStatus">
<sourceConnName>HWSInternal</sourceConnName>
<sourceObjSchema>Case</sourceObjSchema>
<sourceObjName>FK_Case_CaseStatus</sourceObjName>
<createdBy>david.moore</createdBy>
<createdTime>2015-01-12 09:18:00 UTC</createdTime>
<ownerDesignName>HWSInternal_12_01_2015</ownerDesignName>
<containerWithKeyObject>663AA629-6D1C-3C5B-6821-F19C6810BE04</containerWithKeyObject>
<deleteRule>NO ACTION</deleteRule>
<localFKIndex>3320D28C-C34B-1821-D2EE-D34FE244D741</localFKIndex>
<keyObject>7FBB56F7-338A-55D8-99CE-75F4FADD96CD</keyObject>
<mandatory>false</mandatory>
<transferable>true</transferable>
<columnDependencyConstraintGenerateInDDL>true</columnDependencyConstraintGenerateInDDL>
</FKIndexAssociation>