<?xml version = '1.0' encoding = 'UTF-8'?>
<FKIndexAssociation class="oracle.dbtools.crest.model.design.relational.FKIndexAssociation" directorySegmentName="seg_0" id="D01E1DBE-E921-A189-FAA0-AAE7CCF79564" name="FK_CaseStatusHistory_CaseStatus">
<sourceConnName>HWSInternal</sourceConnName>
<sourceObjSchema>Case</sourceObjSchema>
<sourceObjName>FK_CaseStatusHistory_CaseStatus</sourceObjName>
<createdBy>david.moore</createdBy>
<createdTime>2015-01-12 09:18:00 UTC</createdTime>
<ownerDesignName>HWSInternal_12_01_2015</ownerDesignName>
<containerWithKeyObject>E77F9ADD-1948-9FC2-A29D-3445342D0D4B</containerWithKeyObject>
<deleteRule>NO ACTION</deleteRule>
<localFKIndex>1CD11B1E-B6C5-0950-20BA-0B3055B571C9</localFKIndex>
<keyObject>7FBB56F7-338A-55D8-99CE-75F4FADD96CD</keyObject>
<mandatory>true</mandatory>
<transferable>true</transferable>
<columnDependencyConstraintGenerateInDDL>true</columnDependencyConstraintGenerateInDDL>
</FKIndexAssociation>