<?xml version = '1.0' encoding = 'UTF-8'?>
<FKIndexAssociation class="oracle.dbtools.crest.model.design.relational.FKIndexAssociation" directorySegmentName="seg_0" id="D11E821A-9D32-C25D-9CAA-E70228840935" name="FK_Clinic2OHP_Clinic">
<sourceConnName>HWSInternal</sourceConnName>
<sourceObjSchema>dbo</sourceObjSchema>
<sourceObjName>FK_Clinic2OHP_Clinic</sourceObjName>
<createdBy>david.moore</createdBy>
<createdTime>2015-01-12 09:18:00 UTC</createdTime>
<ownerDesignName>HWSInternal_12_01_2015</ownerDesignName>
<containerWithKeyObject>775A6D80-C5F4-109E-227B-829FDC74533C</containerWithKeyObject>
<deleteRule>CASCADE</deleteRule>
<localFKIndex>8864F989-F5B6-C9C5-B214-E62D5E2588EC</localFKIndex>
<keyObject>95FFC6A0-FB4C-FE15-AD79-5EBFD472FEFA</keyObject>
<mandatory>true</mandatory>
<transferable>true</transferable>
<columnDependencyConstraintGenerateInDDL>true</columnDependencyConstraintGenerateInDDL>
</FKIndexAssociation>