<?xml version = '1.0' encoding = 'UTF-8'?>
<FKIndexAssociation class="oracle.dbtools.crest.model.design.relational.FKIndexAssociation" directorySegmentName="seg_0" id="D177AE64-AB1C-7D6C-E39A-D7A33BE33EAC" name="FK_ComplaintNote_Complaint">
<sourceConnName>HWSInternal</sourceConnName>
<sourceObjSchema>Complaint</sourceObjSchema>
<sourceObjName>FK_ComplaintNote_Complaint</sourceObjName>
<createdBy>david.moore</createdBy>
<createdTime>2015-01-12 09:18:00 UTC</createdTime>
<ownerDesignName>HWSInternal_12_01_2015</ownerDesignName>
<containerWithKeyObject>B6C17CAF-C81E-BD98-2C15-0753830C2A36</containerWithKeyObject>
<deleteRule>NO ACTION</deleteRule>
<localFKIndex>1BDBC7AB-5662-89E3-D587-3B483996344B</localFKIndex>
<keyObject>5912096C-B83D-E54A-FF9D-D725BB940B3D</keyObject>
<mandatory>true</mandatory>
<transferable>true</transferable>
<columnDependencyConstraintGenerateInDDL>true</columnDependencyConstraintGenerateInDDL>
</FKIndexAssociation>