<?xml version = '1.0' encoding = 'UTF-8'?>
<FKIndexAssociation class="oracle.dbtools.crest.model.design.relational.FKIndexAssociation" directorySegmentName="seg_0" id="D326133B-150C-E425-AF8B-15A612182029" name="FK_AssessmentQuestionnaireAnswer_AssessmentQuestionnaire">
<sourceConnName>HWSInternal</sourceConnName>
<sourceObjSchema>Assessment</sourceObjSchema>
<sourceObjName>FK_AssessmentQuestionnaireAnswer_AssessmentQuestionnaire</sourceObjName>
<createdBy>david.moore</createdBy>
<createdTime>2015-01-12 09:18:00 UTC</createdTime>
<ownerDesignName>HWSInternal_12_01_2015</ownerDesignName>
<containerWithKeyObject>CCE45CC5-083D-4B0A-E73F-A5F8CEF94DA8</containerWithKeyObject>
<deleteRule>NO ACTION</deleteRule>
<localFKIndex>C71B7454-575D-7C5B-5DF1-AF26D1180643</localFKIndex>
<keyObject>EF4B08B7-B9F4-9F29-AF4D-371BA8B50ABF</keyObject>
<mandatory>false</mandatory>
<transferable>true</transferable>
<columnDependencyConstraintGenerateInDDL>true</columnDependencyConstraintGenerateInDDL>
</FKIndexAssociation>