<?xml version = '1.0' encoding = 'UTF-8'?>
<FKIndexAssociation class="oracle.dbtools.crest.model.design.relational.FKIndexAssociation" directorySegmentName="seg_0" id="D838D615-6D1D-DAF5-7D74-C43002EC0DCD" name="FK_ComplaintAction_Complaint">
<sourceConnName>HWSInternal</sourceConnName>
<sourceObjSchema>Complaint</sourceObjSchema>
<sourceObjName>FK_ComplaintAction_Complaint</sourceObjName>
<createdBy>david.moore</createdBy>
<createdTime>2015-01-12 09:18:00 UTC</createdTime>
<ownerDesignName>HWSInternal_12_01_2015</ownerDesignName>
<containerWithKeyObject>6413DBD7-B652-D696-185A-BB5B59C3F547</containerWithKeyObject>
<deleteRule>NO ACTION</deleteRule>
<localFKIndex>7F1EDB24-9576-5D2C-43AF-201085DDDF40</localFKIndex>
<keyObject>5912096C-B83D-E54A-FF9D-D725BB940B3D</keyObject>
<mandatory>true</mandatory>
<transferable>true</transferable>
<columnDependencyConstraintGenerateInDDL>true</columnDependencyConstraintGenerateInDDL>
</FKIndexAssociation>