<?xml version = '1.0' encoding = 'UTF-8'?>
<FKIndexAssociation class="oracle.dbtools.crest.model.design.relational.FKIndexAssociation" directorySegmentName="seg_0" id="DD53B9CD-FA61-06ED-7BA2-D7FA41EC8D22" name="FK_AssessmentObstacleSignpost_AssessmentObstacle">
<sourceConnName>HWSInternal</sourceConnName>
<sourceObjSchema>Assessment</sourceObjSchema>
<sourceObjName>FK_AssessmentObstacleSignpost_AssessmentObstacle</sourceObjName>
<createdBy>david.moore</createdBy>
<createdTime>2015-01-12 09:18:00 UTC</createdTime>
<ownerDesignName>HWSInternal_12_01_2015</ownerDesignName>
<containerWithKeyObject>6A7432B9-E176-7360-BB2D-07C76D52D421</containerWithKeyObject>
<deleteRule>NO ACTION</deleteRule>
<localFKIndex>202ABB58-9F31-7D5F-8274-B0872022A1B0</localFKIndex>
<keyObject>F5F420CC-1F6A-30F8-BAB3-6BAF548DC51E</keyObject>
<mandatory>true</mandatory>
<transferable>true</transferable>
<columnDependencyConstraintGenerateInDDL>true</columnDependencyConstraintGenerateInDDL>
</FKIndexAssociation>