<?xml version = '1.0' encoding = 'UTF-8'?>
<FKIndexAssociation class="oracle.dbtools.crest.model.design.relational.FKIndexAssociation" directorySegmentName="seg_0" id="E0DA1B70-1735-496C-D15D-711767E00BA9" name="FK_AssessmentAnswer_Obstacle">
<sourceConnName>HWSInternal</sourceConnName>
<sourceObjSchema>Assessment</sourceObjSchema>
<sourceObjName>FK_AssessmentAnswer_Obstacle</sourceObjName>
<createdBy>david.moore</createdBy>
<createdTime>2015-01-12 09:18:00 UTC</createdTime>
<ownerDesignName>HWSInternal_12_01_2015</ownerDesignName>
<containerWithKeyObject>EAEA76EB-AC63-58F4-8A33-DF145523B642</containerWithKeyObject>
<deleteRule>NO ACTION</deleteRule>
<localFKIndex>9B14F299-4357-16EA-2CBC-97550AFD6FB1</localFKIndex>
<keyObject>F5F420CC-1F6A-30F8-BAB3-6BAF548DC51E</keyObject>
<mandatory>true</mandatory>
<transferable>true</transferable>
<columnDependencyConstraintGenerateInDDL>true</columnDependencyConstraintGenerateInDDL>
</FKIndexAssociation>