<?xml version = '1.0' encoding = 'UTF-8'?>
<FKIndexAssociation class="oracle.dbtools.crest.model.design.relational.FKIndexAssociation" directorySegmentName="seg_0" id="E467559B-E841-02A5-6F71-BEA2FFB063A8" name="FK_CaseCTATeam_CTATeam">
<sourceConnName>HWSInternal</sourceConnName>
<sourceObjSchema>Case</sourceObjSchema>
<sourceObjName>FK_CaseCTATeam_CTATeam</sourceObjName>
<createdBy>david.moore</createdBy>
<createdTime>2015-01-12 09:18:00 UTC</createdTime>
<ownerDesignName>HWSInternal_12_01_2015</ownerDesignName>
<containerWithKeyObject>C0E99B15-4C95-3DBD-89A5-C1AE7E0E334E</containerWithKeyObject>
<deleteRule>NO ACTION</deleteRule>
<localFKIndex>04B2CCDB-59C9-7D2A-B1D7-F78EEDC90A19</localFKIndex>
<keyObject>E83F6263-2521-4348-065C-4B5B66611A40</keyObject>
<mandatory>true</mandatory>
<transferable>true</transferable>
<columnDependencyConstraintGenerateInDDL>true</columnDependencyConstraintGenerateInDDL>
</FKIndexAssociation>