<?xml version = '1.0' encoding = 'UTF-8'?>
<FKIndexAssociation class="oracle.dbtools.crest.model.design.relational.FKIndexAssociation" directorySegmentName="seg_0" id="E92132FA-D99E-7601-C1FD-BDB6ACE2973B" name="FK_LookupItem_Lookup">
<sourceConnName>HWSInternal</sourceConnName>
<sourceObjSchema>Lookup</sourceObjSchema>
<sourceObjName>FK_LookupItem_Lookup</sourceObjName>
<createdBy>david.moore</createdBy>
<createdTime>2015-01-12 09:18:00 UTC</createdTime>
<ownerDesignName>HWSInternal_12_01_2015</ownerDesignName>
<containerWithKeyObject>19AB860F-099A-9370-4891-0C4E245C5639</containerWithKeyObject>
<deleteRule>NO ACTION</deleteRule>
<localFKIndex>E5DF28C9-2919-5C44-3489-9C41967CF5CC</localFKIndex>
<keyObject>9BCD40A4-B746-F650-4851-5F164D1647FD</keyObject>
<mandatory>true</mandatory>
<transferable>true</transferable>
<columnDependencyConstraintGenerateInDDL>true</columnDependencyConstraintGenerateInDDL>
</FKIndexAssociation>