<?xml version = '1.0' encoding = 'UTF-8'?>
<FKIndexAssociation class="oracle.dbtools.crest.model.design.relational.FKIndexAssociation" directorySegmentName="seg_0" id="E99798E3-884D-EB81-ED90-9CB6C33D28A2" name="FK_CaseNote_DocumentType">
<sourceConnName>HWSInternal</sourceConnName>
<sourceObjSchema>Case</sourceObjSchema>
<sourceObjName>FK_CaseNote_DocumentType</sourceObjName>
<createdBy>david.moore</createdBy>
<createdTime>2015-01-12 09:18:00 UTC</createdTime>
<ownerDesignName>HWSInternal_12_01_2015</ownerDesignName>
<containerWithKeyObject>0A3A2241-4E3A-21B9-8DA2-0786F686D724</containerWithKeyObject>
<deleteRule>NO ACTION</deleteRule>
<localFKIndex>998F2225-2A2D-05BA-EEBF-6EE475CB45CB</localFKIndex>
<keyObject>67CA25ED-B97A-60AE-DE23-8A1C918CE3FB</keyObject>
<mandatory>false</mandatory>
<transferable>true</transferable>
<columnDependencyConstraintGenerateInDDL>true</columnDependencyConstraintGenerateInDDL>
</FKIndexAssociation>