<?xml version = '1.0' encoding = 'UTF-8'?>
<FKIndexAssociation class="oracle.dbtools.crest.model.design.relational.FKIndexAssociation" directorySegmentName="seg_0" id="EAE35974-9435-2405-2F69-C7F333E32B07" name="FK_AssessmentObstacleSignpost_Signpost">
<sourceConnName>HWSInternal</sourceConnName>
<sourceObjSchema>Assessment</sourceObjSchema>
<sourceObjName>FK_AssessmentObstacleSignpost_Signpost</sourceObjName>
<createdBy>david.moore</createdBy>
<createdTime>2015-01-12 09:18:00 UTC</createdTime>
<ownerDesignName>HWSInternal_12_01_2015</ownerDesignName>
<containerWithKeyObject>6A7432B9-E176-7360-BB2D-07C76D52D421</containerWithKeyObject>
<deleteRule>NO ACTION</deleteRule>
<localFKIndex>8CA6C40C-CA05-E6BE-06DB-F5C5697EAF89</localFKIndex>
<keyObject>F122B1E7-BEB5-DBE9-E1EF-45539AEC2752</keyObject>
<mandatory>true</mandatory>
<transferable>true</transferable>
<columnDependencyConstraintGenerateInDDL>true</columnDependencyConstraintGenerateInDDL>
</FKIndexAssociation>