<?xml version = '1.0' encoding = 'UTF-8'?>
<FKIndexAssociation class="oracle.dbtools.crest.model.design.relational.FKIndexAssociation" directorySegmentName="seg_0" id="EF769F95-F83C-3E78-4B14-3BB8197DD276" name="FK_AssessmentQuestionnaire_Questionnaire">
<sourceConnName>HWSInternal</sourceConnName>
<sourceObjSchema>Assessment</sourceObjSchema>
<sourceObjName>FK_AssessmentQuestionnaire_Questionnaire</sourceObjName>
<createdBy>david.moore</createdBy>
<createdTime>2015-01-12 09:18:00 UTC</createdTime>
<ownerDesignName>HWSInternal_12_01_2015</ownerDesignName>
<containerWithKeyObject>BF82BCE1-29D3-39B9-4A7E-79E7ED9E060C</containerWithKeyObject>
<deleteRule>NO ACTION</deleteRule>
<localFKIndex>A2BE2026-EB4B-8C9C-83DB-BE42B39050AB</localFKIndex>
<keyObject>C03FAE1A-8F41-2FC1-D636-75590447BD9E</keyObject>
<mandatory>false</mandatory>
<transferable>true</transferable>
<columnDependencyConstraintGenerateInDDL>true</columnDependencyConstraintGenerateInDDL>
</FKIndexAssociation>