<?xml version = '1.0' encoding = 'UTF-8'?>
<FKIndexAssociation class="oracle.dbtools.crest.model.design.relational.FKIndexAssociation" directorySegmentName="seg_0" id="F1EB7C3E-645A-77D5-DDDE-1CDC4FD97635" name="FK_AssessmentQuestionnaireAnswer_QuestionnaireQuestion">
<sourceConnName>HWSInternal</sourceConnName>
<sourceObjSchema>Assessment</sourceObjSchema>
<sourceObjName>FK_AssessmentQuestionnaireAnswer_QuestionnaireQuestion</sourceObjName>
<createdBy>david.moore</createdBy>
<createdTime>2015-01-12 09:18:00 UTC</createdTime>
<ownerDesignName>HWSInternal_12_01_2015</ownerDesignName>
<containerWithKeyObject>CCE45CC5-083D-4B0A-E73F-A5F8CEF94DA8</containerWithKeyObject>
<deleteRule>NO ACTION</deleteRule>
<localFKIndex>587D7F57-8D2C-C79D-383E-17900890AF6E</localFKIndex>
<keyObject>857F225C-8847-6B24-6829-6B640632FA2C</keyObject>
<mandatory>false</mandatory>
<transferable>true</transferable>
<columnDependencyConstraintGenerateInDDL>true</columnDependencyConstraintGenerateInDDL>
</FKIndexAssociation>