<?xml version = '1.0' encoding = 'UTF-8'?>
<FKIndexAssociation class="oracle.dbtools.crest.model.design.relational.FKIndexAssociation" directorySegmentName="seg_0" id="F5DDE4E7-ECF6-2BAD-9F8F-CB9324438351" name="FK_AuditProperty_AuditLog">
<sourceConnName>HWSInternal</sourceConnName>
<sourceObjSchema>Audit</sourceObjSchema>
<sourceObjName>FK_AuditProperty_AuditLog</sourceObjName>
<createdBy>david.moore</createdBy>
<createdTime>2015-01-12 09:18:00 UTC</createdTime>
<ownerDesignName>HWSInternal_12_01_2015</ownerDesignName>
<containerWithKeyObject>5EAFE0C3-17B6-0779-C1ED-4F6BF12C3CDC</containerWithKeyObject>
<deleteRule>NO ACTION</deleteRule>
<localFKIndex>144D2133-84D9-CE36-33A4-BC041C0AE799</localFKIndex>
<keyObject>E707056F-5225-A791-CE52-0CF78A744637</keyObject>
<mandatory>true</mandatory>
<transferable>true</transferable>
<columnDependencyConstraintGenerateInDDL>true</columnDependencyConstraintGenerateInDDL>
</FKIndexAssociation>