<?xml version = '1.0' encoding = 'UTF-8'?>
<FKIndexAssociation class="oracle.dbtools.crest.model.design.relational.FKIndexAssociation" directorySegmentName="seg_0" id="F6AE18FF-5729-769E-5267-5C086DD7D9FA" name="FK_EmployeeDisability_Employee">
<sourceConnName>HWSInternal</sourceConnName>
<sourceObjSchema>Referral</sourceObjSchema>
<sourceObjName>FK_EmployeeDisability_Employee</sourceObjName>
<createdBy>david.moore</createdBy>
<createdTime>2015-01-12 09:18:00 UTC</createdTime>
<ownerDesignName>HWSInternal_12_01_2015</ownerDesignName>
<containerWithKeyObject>3B6B5804-C87A-1355-DEE1-4E75AB67F72A</containerWithKeyObject>
<deleteRule>NO ACTION</deleteRule>
<localFKIndex>BF7182D6-0790-7E0C-6F2A-25C25EFCE6D3</localFKIndex>
<keyObject>13232734-4124-C808-A292-FD8A591795B9</keyObject>
<mandatory>true</mandatory>
<transferable>true</transferable>
<columnDependencyConstraintGenerateInDDL>true</columnDependencyConstraintGenerateInDDL>
</FKIndexAssociation>