<?xml version = '1.0' encoding = 'UTF-8'?>
<FKIndexAssociation class="oracle.dbtools.crest.model.design.relational.FKIndexAssociation" directorySegmentName="seg_0" id="F76348B2-ECC1-5CFF-611E-5BFF17163849" name="FK_AssessmentObstacleRecomendation_AssessmentObstacle">
<sourceConnName>HWSInternal</sourceConnName>
<sourceObjSchema>Assessment</sourceObjSchema>
<sourceObjName>FK_AssessmentObstacleRecomendation_AssessmentObstacle</sourceObjName>
<createdBy>david.moore</createdBy>
<createdTime>2015-01-12 09:18:00 UTC</createdTime>
<ownerDesignName>HWSInternal_12_01_2015</ownerDesignName>
<containerWithKeyObject>F38047DF-7F96-6448-79D3-2117BE2714A7</containerWithKeyObject>
<deleteRule>NO ACTION</deleteRule>
<localFKIndex>9C27BF5C-5383-DB7D-C5C2-7BB468700735</localFKIndex>
<keyObject>F5F420CC-1F6A-30F8-BAB3-6BAF548DC51E</keyObject>
<mandatory>true</mandatory>
<transferable>true</transferable>
<columnDependencyConstraintGenerateInDDL>true</columnDependencyConstraintGenerateInDDL>
</FKIndexAssociation>