<?xml version = '1.0' encoding = 'UTF-8'?>
<FKIndexAssociation class="oracle.dbtools.crest.model.design.relational.FKIndexAssociation" directorySegmentName="seg_0" id="F94EC590-0A82-F3E2-4A3A-135CFC22C540" name="FK_LookupItemParent_LookupItem">
<sourceConnName>HWSInternal</sourceConnName>
<sourceObjSchema>Lookup</sourceObjSchema>
<sourceObjName>FK_LookupItemParent_LookupItem</sourceObjName>
<createdBy>david.moore</createdBy>
<createdTime>2015-01-12 09:18:00 UTC</createdTime>
<ownerDesignName>HWSInternal_12_01_2015</ownerDesignName>
<containerWithKeyObject>19AB860F-099A-9370-4891-0C4E245C5639</containerWithKeyObject>
<deleteRule>NO ACTION</deleteRule>
<localFKIndex>A6422B04-A40C-C42C-CD9E-92DDF94287F1</localFKIndex>
<keyObject>4025FE88-2D7C-96D7-36D3-D137AE14A628</keyObject>
<mandatory>false</mandatory>
<transferable>true</transferable>
<columnDependencyConstraintGenerateInDDL>true</columnDependencyConstraintGenerateInDDL>
</FKIndexAssociation>