<?xml version = '1.0' encoding = 'UTF-8'?>
<FKIndexAssociation class="oracle.dbtools.crest.model.design.relational.FKIndexAssociation" directorySegmentName="seg_0" id="FB639304-A3BA-31AA-4E7D-DAFCF85AE670" name="FK_Obstacle_ObstacleType">
<sourceConnName>HWSInternal</sourceConnName>
<sourceObjSchema>Assessment</sourceObjSchema>
<sourceObjName>FK_Obstacle_ObstacleType</sourceObjName>
<createdBy>david.moore</createdBy>
<createdTime>2015-01-12 09:18:00 UTC</createdTime>
<ownerDesignName>HWSInternal_12_01_2015</ownerDesignName>
<containerWithKeyObject>4DE91F15-7D6D-E591-6822-8C8697B89DBD</containerWithKeyObject>
<deleteRule>NO ACTION</deleteRule>
<localFKIndex>88679B46-1EC2-56C7-23C7-851BE3196B0A</localFKIndex>
<keyObject>DBC0DA8F-8DEC-0CF3-A2EB-83EBCC05EFB1</keyObject>
<mandatory>true</mandatory>
<transferable>true</transferable>
<columnDependencyConstraintGenerateInDDL>true</columnDependencyConstraintGenerateInDDL>
</FKIndexAssociation>