<?xml version = '1.0' encoding = 'UTF-8'?>
<SchemaSqlServerv2k5 class="oracle.dbtools.crest.model.design.storage.sqlserver.v2k5.SchemaSqlServerv2k5" name="INVU" directorySegmentName="seg_0" id="10">
<sourceConnName>HWSInternal</sourceConnName>
<sourceObjSchema>HWSInternal</sourceObjSchema>
<sourceObjName>INVU</sourceObjName>
<createdBy>david.moore</createdBy>
<createdTime>2015-01-12 09:17:58 UTC</createdTime>
<ownerDesignName>HWSInternal_12_01_2015</ownerDesignName>
<schemaObject>5892E15C-1A7F-957D-6374-B5108D6ED719</schemaObject>
<owner>87F335AC-6593-0972-57CD-EF38C413D6F0_dbo</owner>
<database>87F335AC-6593-0972-57CD-EF38C413D6F0</database>
<uid>1</uid>
</SchemaSqlServerv2k5>