<?xml version = '1.0' encoding = 'UTF-8'?>
<SchemaSqlServerv2k5 class="oracle.dbtools.crest.model.design.storage.sqlserver.v2k5.SchemaSqlServerv2k5" name="Template" directorySegmentName="seg_0" id="13">
<sourceConnName>HWSInternal</sourceConnName>
<sourceObjSchema>HWSInternal</sourceObjSchema>
<sourceObjName>Template</sourceObjName>
<createdBy>david.moore</createdBy>
<createdTime>2015-01-12 09:17:58 UTC</createdTime>
<ownerDesignName>HWSInternal_12_01_2015</ownerDesignName>
<schemaObject>DCC636F5-4C18-915A-0A52-D0189C380DC9</schemaObject>
<database>87F335AC-6593-0972-57CD-EF38C413D6F0</database>
<uid>5</uid>
</SchemaSqlServerv2k5>