<?xml version = '1.0' encoding = 'UTF-8'?>
<SchemaSqlServerv2k5 class="oracle.dbtools.crest.model.design.storage.sqlserver.v2k5.SchemaSqlServerv2k5" name="Appointment" directorySegmentName="seg_0" id="14">
<sourceConnName>HWSInternal</sourceConnName>
<sourceObjSchema>HWSInternal</sourceObjSchema>
<sourceObjName>Appointment</sourceObjName>
<createdBy>david.moore</createdBy>
<createdTime>2015-01-12 09:17:58 UTC</createdTime>
<ownerDesignName>HWSInternal_12_01_2015</ownerDesignName>
<schemaObject>23743EFC-90C4-0439-C596-648C2ACC3465</schemaObject>
<owner>87F335AC-6593-0972-57CD-EF38C413D6F0_dbo</owner>
<database>87F335AC-6593-0972-57CD-EF38C413D6F0</database>
<uid>1</uid>
</SchemaSqlServerv2k5>