<?xml version = '1.0' encoding = 'UTF-8'?>
<SchemaSqlServerv2k5 class="oracle.dbtools.crest.model.design.storage.sqlserver.v2k5.SchemaSqlServerv2k5" name="Authentication" directorySegmentName="seg_0" id="16">
<sourceConnName>HWSInternal</sourceConnName>
<sourceObjSchema>HWSInternal</sourceObjSchema>
<sourceObjName>Authentication</sourceObjName>
<createdBy>david.moore</createdBy>
<createdTime>2015-01-12 09:17:58 UTC</createdTime>
<ownerDesignName>HWSInternal_12_01_2015</ownerDesignName>
<schemaObject>6934995E-10D9-77E9-7AFE-E809CE685C96</schemaObject>
<database>87F335AC-6593-0972-57CD-EF38C413D6F0</database>
<uid>16</uid>
</SchemaSqlServerv2k5>