<?xml version = '1.0' encoding = 'UTF-8'?>
<SchemaSqlServerv2k5 class="oracle.dbtools.crest.model.design.storage.sqlserver.v2k5.SchemaSqlServerv2k5" name="sys" directorySegmentName="seg_0" id="4">
<sourceConnName>HWSInternal</sourceConnName>
<sourceObjSchema>HWSInternal</sourceObjSchema>
<sourceObjName>sys</sourceObjName>
<createdBy>david.moore</createdBy>
<createdTime>2015-01-12 09:17:58 UTC</createdTime>
<ownerDesignName>HWSInternal_12_01_2015</ownerDesignName>
<database>87F335AC-6593-0972-57CD-EF38C413D6F0</database>
<uid>4</uid>
</SchemaSqlServerv2k5>