<?xml version = '1.0' encoding = 'UTF-8'?>
<SchemaSqlServerv2k5 class="oracle.dbtools.crest.model.design.storage.sqlserver.v2k5.SchemaSqlServerv2k5" name="Logging" directorySegmentName="seg_0" id="5">
<sourceConnName>HWSInternal</sourceConnName>
<sourceObjSchema>HWSInternal</sourceObjSchema>
<sourceObjName>Logging</sourceObjName>
<createdBy>david.moore</createdBy>
<createdTime>2015-01-12 09:17:58 UTC</createdTime>
<ownerDesignName>HWSInternal_12_01_2015</ownerDesignName>
<schemaObject>6E1211DF-23F6-0D37-AA29-4B6C0364D6BA</schemaObject>
<owner>87F335AC-6593-0972-57CD-EF38C413D6F0_dbo</owner>
<database>87F335AC-6593-0972-57CD-EF38C413D6F0</database>
<uid>1</uid>
</SchemaSqlServerv2k5>