<?xml version = '1.0' encoding = 'UTF-8'?>
<TableSpaceOraclev10g class="oracle.dbtools.crest.model.design.storage.oracle.v10g.TableSpaceOraclev10g" name="MAXDAT_DATA" directorySegmentName="seg_0" id="593E9FBA-648C-CE17-93AD-BE603B2C2E28">
<sourceConnName>TX_MAXDAT_PROD</sourceConnName>
<sourceObjSchema>MAXDAT</sourceObjSchema>
<sourceObjName>MAXDAT_DATA</sourceObjName>
<createdBy>mb56142</createdBy>
<createdTime>2014-06-25 01:57:01 UTC</createdTime>
<ownerDesignName>TXEB_BPM_Semantic_data_model_diagram</ownerDesignName>
<emUniformSize>0</emUniformSize>
<extentManagement>LOCAL</extentManagement>
</TableSpaceOraclev10g>