<?xml version = '1.0' encoding = 'UTF-8'?>
<UserOraclev10g class="oracle.dbtools.crest.model.design.storage.oracle.v10g.UserOraclev10g" name="MAXDAT" id="EAC1892E-8DC3-2656-1609-6491CB2E4C76" directorySegmentName="seg_0">
<sourceConnName>TXMAXDAT</sourceConnName>
<sourceObjSchema>MAXDAT</sourceObjSchema>
<sourceObjName>MAXDAT</sourceObjName>
<createdBy>mb56142</createdBy>
<createdTime>2013-10-01 01:57:39 UTC</createdTime>
<ownerDesignName>TXEB_BPM_Semantic_data_model_diagram</ownerDesignName>
<schemaObject>121AEE1F-FD79-403A-F17D-FF8859EA2228</schemaObject>
<defTableSpace>DD753006-1797-19FB-2460-18BDB0C52331</defTableSpace>
<privileges>CREATE ANY VIEW, UNLIMITED TABLESPACE, CREATE PROCEDURE, CREATE JOB, CREATE PUBLIC SYNONYM</privileges>
</UserOraclev10g>