<?xml version = '1.0' encoding = 'UTF-8'?>
<UserOraclev10g class="oracle.dbtools.crest.model.design.storage.oracle.v10g.UserOraclev10g" name="MAXDAT" directorySegmentName="seg_0" id="41E51F82-FD9B-951E-1474-CA0EE5D22DEC">
<sourceConnName>TX_MAXDAT_PROD</sourceConnName>
<sourceObjName>MAXDAT</sourceObjName>
<createdBy>mb56142</createdBy>
<createdTime>2014-06-24 01:21:24 UTC</createdTime>
<ownerDesignName>TXEB_BPM_Semantic_data_model_diagram</ownerDesignName>
<schemaObject>121AEE1F-FD79-403A-F17D-FF8859EA2228</schemaObject>
</UserOraclev10g>