<?xml version = '1.0' encoding = 'UTF-8'?>
<relationalModel class="oracle.dbtools.crest.model.design.relational.RelationalDesign" name="Relational_1" id="E2DF1786-0B99-39BE-6932-F2DF09E1DFDE" mainViewID="3978C293-FF16-0C1A-A492-B5BA14CAA398">
<createdBy>50472</createdBy>
<createdTime>2014-11-18 21:31:41 UTC</createdTime>
<ownerDesignName>Manage_Work_V2_data_model_diagram</ownerDesignName>
<shouldBeOpen>true</shouldBeOpen>
<selectedRDBMSSite>22943E51-0387-1F2A-CED9-5FB738BA5A0C</selectedRDBMSSite>
<redirectConnectionStamp class="oracle.dbtools.crest.imports.DBConnectionStamp">
<connName>UK_HWS maxdat</connName>
<connUrl>jdbc:jtds:sqlserver://10.200.147.21:1435/</connUrl>
<connUser>maxdat</connUser>
<connType>2</connType>
<syncSelected>-1</syncSelected>
</redirectConnectionStamp>
<importConnectionStamps>
<importConnectionStamp class="oracle.dbtools.crest.imports.DBConnectionStamp">
<connName>UK-HWS rk50472</connName>
<connUrl>jdbc:jtds:sqlserver://10.200.147.21:1435/</connUrl>
<connUser>rk50472</connUser>
<connType>2</connType>
<syncSelected>1</syncSelected>
</importConnectionStamp>
<importConnectionStamp class="oracle.dbtools.crest.imports.DBConnectionStamp">
<connName>UK_HWS maxdat</connName>
<connUrl>jdbc:jtds:sqlserver://10.200.147.21:1435/</connUrl>
<connUser>maxdat</connUser>
<connType>2</connType>
</importConnectionStamp>
</importConnectionStamps>
</relationalModel>