QUEUE_NUMBER,QUEUE_NAME,UNIT_OF_WORK_NAME,SERVICE_PERCENT,SERVICE_SECONDS,INTERVAL_MINUTES,QUEUE_TYPE,PROJECT_NAME,PROGRAM_NAME,SITE_NAME,REGION_NAME,STATE_NAME,PROVINCE_NAME,DISTRICT_NAME,COUNTRY_NAME,RECORD_EFF_DT,RECORD_END_DT
10011,State_Wide_EN_s,SWCC English,95,20,15,Inbound,NY HIX,SWCC,Albany,Eastern,New York,Unknown,Unknown,USA,01/01/1900,12/31/2199
10013,Renew_EN_s,NYEC English,95,20,15,Inbound,NY EC,EC,Albany,Eastern,New York,Unknown,Unknown,USA,01/01/1900,12/31/2199
10015,Renew_SP_s,NYEC Spanish,95,20,15,Inbound,NY EC,EC,Albany,Eastern,New York,Unknown,Unknown,USA,01/01/1900,12/31/2199
10016,State_Wide_SP_s,SWCC Spanish,95,20,15,Inbound,NY HIX,SWCC,Albany,Eastern,New York,Unknown,Unknown,USA,01/01/1900,12/31/2199
10017,Renew_Outbound_s,NYEC Outbound,95,20,15,Outbound,NY EC,EC,Albany,Eastern,New York,Unknown,Unknown,USA,01/01/1900,12/31/2199
10018,SW_Renew_Other_s,SWCC Other,95,20,15,Inbound,NY HIX,SWCC,Albany,Eastern,New York,Unknown,Unknown,USA,01/01/1900,12/31/2199
10022,MRT_Eng_s,SWCC English,95,20,15,Inbound,NY HIX,SWCC,Albany,Eastern,New York,Unknown,Unknown,USA,01/01/1900,12/31/2199
10023,MRT_Spn_s,SWCC Spanish,95,20,15,Inbound,NY HIX,SWCC,Albany,Eastern,New York,Unknown,Unknown,USA,01/01/1900,12/31/2199
10024,Quick_Resp_EN_s,NYEC English,95,20,15,Inbound,NY EC,EC,Albany,Eastern,New York,Unknown,Unknown,USA,01/01/1900,12/31/2199
10025,Quick_Resp_SP_s,NYEC Spanish,95,20,15,Inbound,NY EC,EC,Albany,Eastern,New York,Unknown,Unknown,USA,01/01/1900,12/31/2199
10026,FPBP_Prov_s,FPBP English,95,20,15,Inbound,NY FPBP,FPBP,Albany,Eastern,New York,Unknown,Unknown,USA,01/01/1900,12/31/2199
10027,FPBP_Eng_s,FPBP English,95,20,15,Inbound,NY FPBP,FPBP,Albany,Eastern,New York,Unknown,Unknown,USA,01/01/1900,12/31/2199
10028,FPBP_Spn_s,FPBP Spanish,95,20,15,Inbound,NY FPBP,FPBP,Albany,Eastern,New York,Unknown,Unknown,USA,01/01/1900,12/31/2199
10029,NYHBE_APPEALS_ENG_s,NYHIX English,95,20,15,Inbound,NY HIX,HIX,Albany,Eastern,New York,Unknown,Unknown,USA,01/01/1900,12/31/2199
10030,NYHBE_APPEALS_SPAN_s,NYHIX Spanish,95,20,15,Inbound,NY HIX,HIX,Albany,Eastern,New York,Unknown,Unknown,USA,01/01/1900,12/31/2199
10031,NYHBE_APPLY_ENG_s,NYHIX English,95,20,15,Inbound,NY HIX,HIX,Albany,Eastern,New York,Unknown,Unknown,USA,01/01/1900,12/31/2199
10032,NYHBE_APPLY_SPAN_s,NYHIX Spanish,95,20,15,Inbound,NY HIX,HIX,Albany,Eastern,New York,Unknown,Unknown,USA,01/01/1900,12/31/2199
10033,NYHBE_BROK_ENG_s,NYHIX English,95,20,15,Inbound,NY HIX,HIX,Albany,Eastern,New York,Unknown,Unknown,USA,01/01/1900,12/31/2199
10034,NYHBE_BROK_SPAN_s,NYHIX Spanish,95,20,15,Inbound,NY HIX,HIX,Albany,Eastern,New York,Unknown,Unknown,USA,01/01/1900,12/31/2199
10035,NYHBE_CALLBACK_EN_s,NYHIX English,95,20,15,Inbound,NY HIX,HIX,Albany,Eastern,New York,Unknown,Unknown,USA,01/01/1900,12/31/2199
10036,NYHBE_CALLBACK_SP_s,NYHIX Spanish,95,20,15,Inbound,NY HIX,HIX,Albany,Eastern,New York,Unknown,Unknown,USA,01/01/1900,12/31/2199
10037,NYHBE_CANTONESE_s,NYHIX Cantonese,95,20,15,Inbound,NY HIX,HIX,Albany,Eastern,New York,Unknown,Unknown,USA,01/01/1900,12/31/2199
10038,NYHBE_FINMGMT_ENG_s,NYHIX English,95,20,15,Inbound,NY HIX,HIX,Albany,Eastern,New York,Unknown,Unknown,USA,01/01/1900,12/31/2199
10039,NYHBE_FINMGMT_SPAN_s,NYHIX Spanish,95,20,15,Inbound,NY HIX,HIX,Albany,Eastern,New York,Unknown,Unknown,USA,01/01/1900,12/31/2199
10040,NYHBE_GENINFO_ENG_s,NYHIX English,95,20,15,Inbound,NY HIX,HIX,Albany,Eastern,New York,Unknown,Unknown,USA,01/01/1900,12/31/2199
10041,NYHBE_GENINFO_SPAN_s,NYHIX Spanish,95,20,15,Inbound,NY HIX,HIX,Albany,Eastern,New York,Unknown,Unknown,USA,01/01/1900,12/31/2199
10042,NYHBE_HAITIAN_CREOLE_s,NYHIX Haitian Creole,95,20,15,Inbound,NY HIX,HIX,Albany,Eastern,New York,Unknown,Unknown,USA,01/01/1900,12/31/2199
10043,NYHBE_MANAGE_ACCT_ENG_s,NYHIX English,95,20,15,Inbound,NY HIX,HIX,Albany,Eastern,New York,Unknown,Unknown,USA,01/01/1900,12/31/2199
10044,NYHBE_MANAGEACCT_SPAN_s,NYHIX Spanish,95,20,15,Inbound,NY HIX,HIX,Albany,Eastern,New York,Unknown,Unknown,USA,01/01/1900,12/31/2199
10045,NYHBE_MANDARIN_s,NYHIX Mandarin,95,20,15,Inbound,NY HIX,HIX,Albany,Eastern,New York,Unknown,Unknown,USA,01/01/1900,12/31/2199
10046,NYHBE_NAV_ENG_s,NYHIX English,95,20,15,Inbound,NY HIX,HIX,Albany,Eastern,New York,Unknown,Unknown,USA,01/01/1900,12/31/2199
10047,NYHBE_NAV_SPAN_s,NYHIX Spanish,95,20,15,Inbound,NY HIX,HIX,Albany,Eastern,New York,Unknown,Unknown,USA,01/01/1900,12/31/2199
10048,NYHBE_ONLINEHELP_ENG_s,NYHIX English,95,20,15,Inbound,NY HIX,HIX,Albany,Eastern,New York,Unknown,Unknown,USA,01/01/1900,12/31/2199
10049,NYHBE_ONLINEHELP_SPAN_s,NYHIX Spanish,95,20,15,Inbound,NY HIX,HIX,Albany,Eastern,New York,Unknown,Unknown,USA,01/01/1900,12/31/2199
10050,NYHBE_OTHER_LANG_s,NYHIX Other,95,20,15,Inbound,NY HIX,HIX,Albany,Eastern,New York,Unknown,Unknown,USA,01/01/1900,12/31/2199
10051,NYHBE_REN_ENG_s,NYHIX English,95,20,15,Inbound,NY HIX,HIX,Albany,Eastern,New York,Unknown,Unknown,USA,01/01/1900,12/31/2199
10052,NYHBE_REN_SPAN_s,NYHIX Spanish,95,20,15,Inbound,NY HIX,HIX,Albany,Eastern,New York,Unknown,Unknown,USA,01/01/1900,12/31/2199
10053,NYHBE_RUSSIAN_s,NYHIX Russian,95,20,15,Inbound,NY HIX,HIX,Albany,Eastern,New York,Unknown,Unknown,USA,01/01/1900,12/31/2199
10054,NYHBE_SHOPEMPLOYEE_ENG_s,NYHIX English,95,20,15,Inbound,NY HIX,HIX,Albany,Eastern,New York,Unknown,Unknown,USA,01/01/1900,12/31/2199
10055,NYHBE_SHOPEMPLOYEE_SPAN_s,NYHIX Spanish,95,20,15,Inbound,NY HIX,HIX,Albany,Eastern,New York,Unknown,Unknown,USA,01/01/1900,12/31/2199
10056,NYHBE_SHOPEMPLOYER_ENG_s,NYHIX English,95,20,15,Inbound,NY HIX,HIX,Albany,Eastern,New York,Unknown,Unknown,USA,01/01/1900,12/31/2199
10057,NYHBE_SHOPEMPLOYER_SPAN_s,NYHIX Spanish,95,20,15,Inbound,NY HIX,HIX,Albany,Eastern,New York,Unknown,Unknown,USA,01/01/1900,12/31/2199
10058,XFER_NYHBE_APPEALS_EN_s,NYHIX English,95,20,15,Inbound,NY HIX,HIX,Albany,Eastern,New York,Unknown,Unknown,USA,01/01/1900,12/31/2199
10059,XFER_NYHBE_APPEALS_SP_s,NYHIX Spanish,95,20,15,Inbound,NY HIX,HIX,Albany,Eastern,New York,Unknown,Unknown,USA,01/01/1900,12/31/2199
10060,XFER_NYHBE_APPLY_ENG_s,NYHIX English,95,20,15,Inbound,NY HIX,HIX,Albany,Eastern,New York,Unknown,Unknown,USA,01/01/1900,12/31/2199
10061,XFER_NYHBE_APPLY_SP_s,NYHIX Spanish,95,20,15,Inbound,NY HIX,HIX,Albany,Eastern,New York,Unknown,Unknown,USA,01/01/1900,12/31/2199
10062,XFER_NYHBE_BROK_EN_s,NYHIX English,95,20,15,Inbound,NY HIX,HIX,Albany,Eastern,New York,Unknown,Unknown,USA,01/01/1900,12/31/2199
10063,XFER_NYHBE_BROK_SP_s,NYHIX Spanish,95,20,15,Inbound,NY HIX,HIX,Albany,Eastern,New York,Unknown,Unknown,USA,01/01/1900,12/31/2199
10064,XFER_NYHBE_FINMGMT_EN_s,NYHIX English,95,20,15,Inbound,NY HIX,HIX,Albany,Eastern,New York,Unknown,Unknown,USA,01/01/1900,12/31/2199
10065,XFER_NYHBE_FINMGMT_SP_s,NYHIX Spanish,95,20,15,Inbound,NY HIX,HIX,Albany,Eastern,New York,Unknown,Unknown,USA,01/01/1900,12/31/2199
10066,XFER_NYHBE_GEN_INFO_EN_s,NYHIX English,95,20,15,Inbound,NY HIX,HIX,Albany,Eastern,New York,Unknown,Unknown,USA,01/01/1900,12/31/2199
10067,XFER_NYHBE_MANAGEACCT_EN_s,NYHIX English,95,20,15,Inbound,NY HIX,HIX,Albany,Eastern,New York,Unknown,Unknown,USA,01/01/1900,12/31/2199
10068,XFER_NYHBE_MANAGEACCT_SP_s,NYHIX Spanish,95,20,15,Inbound,NY HIX,HIX,Albany,Eastern,New York,Unknown,Unknown,USA,01/01/1900,12/31/2199
10069,XFER_NYHBE_PILOT_EN_s,NYHIX English,95,20,15,Inbound,NY HIX,HIX,Albany,Eastern,New York,Unknown,Unknown,USA,01/01/1900,12/31/2199
10070,XFER_NYHBE_PILOT_SP_sk,NYHIX Spanish,95,20,15,Inbound,NY HIX,HIX,Albany,Eastern,New York,Unknown,Unknown,USA,01/01/1900,12/31/2199
10071,XFER_NYHBE_RESEARCH_EN_s,NYHIX English,95,20,15,Inbound,NY HIX,HIX,Albany,Eastern,New York,Unknown,Unknown,USA,01/01/1900,12/31/2199
10072,XFER_NYHBE_RESEARCH_SP_s,NYHIX Spanish,95,20,15,Inbound,NY HIX,HIX,Albany,Eastern,New York,Unknown,Unknown,USA,01/01/1900,12/31/2199
10073,XFER_NYHBE_SHOPEMPLOYER_EN_s,NYHIX English,95,20,15,Inbound,NY HIX,HIX,Albany,Eastern,New York,Unknown,Unknown,USA,01/01/1900,12/31/2199
10079,XFER_NYHBE_GEN_INFO_SP_s,NYHIX Spanish,95,20,15,Inbound,NY HIX,HIX,Albany,Eastern,New York,Unknown,Unknown,USA,01/01/1900,12/31/2199
10080,XFER_NYHBE_NAV_EN_s,NYHIX English,95,20,15,Inbound,NY HIX,HIX,Albany,Eastern,New York,Unknown,Unknown,USA,01/01/1900,12/31/2199
10081,XFER_NYHBE_NAV_SP_s,NYHIX Spanish,95,20,15,Inbound,NY HIX,HIX,Albany,Eastern,New York,Unknown,Unknown,USA,01/01/1900,12/31/2199
10082,XFER_NYHBE_ONLINEHELP_EN_s,NYHIX English,95,20,15,Inbound,NY HIX,HIX,Albany,Eastern,New York,Unknown,Unknown,USA,01/01/1900,12/31/2199
10083,XFER_NYHBE_ONLINEHELP_SP_s,NYHIX Spanish,95,20,15,Inbound,NY HIX,HIX,Albany,Eastern,New York,Unknown,Unknown,USA,01/01/1900,12/31/2199
10084,XFER_NYHBE_REN_EN_s,NYHIX English,95,20,15,Inbound,NY HIX,HIX,Albany,Eastern,New York,Unknown,Unknown,USA,01/01/1900,12/31/2199
10085,XFER_NYHBE_REN_SP_s,NYHIX Spanish,95,20,15,Inbound,NY HIX,HIX,Albany,Eastern,New York,Unknown,Unknown,USA,01/01/1900,12/31/2199
10086,XFER_NYHBE_SHOPEMPLOYEE_EN_S,NYHIX English,95,20,15,Inbound,NY HIX,HIX,Albany,Eastern,New York,Unknown,Unknown,USA,01/01/1900,12/31/2199
10087,XFER_NYHBE_SHOPEMPLOYEE_SP_s,NYHIX Spanish,95,20,15,Inbound,NY HIX,HIX,Albany,Eastern,New York,Unknown,Unknown,USA,01/01/1900,12/31/2199
10088,NYHBE_TAKEBACK_XFER_ENG_s,NYHIX English,95,20,15,Inbound,NY HIX,HIX,Albany,Eastern,New York,Unknown,Unknown,USA,01/01/1900,12/31/2199
10098,XFER_EE_SPVR_EN_s,NYHIX English,95,20,15,Inbound,NY HIX,HIX,Albany,Eastern,New York,Unknown,Unknown,USA,01/01/1900,12/31/2199
10099,XFER_IND_SPVR_EN_s,NYHIX English,95,20,15,Inbound,NY HIX,HIX,Albany,Eastern,New York,Unknown,Unknown,USA,01/01/1900,12/31/2199
10100,XFER_IND_SPVR_SP_s,NYHIX Spanish,95,20,15,Inbound,NY HIX,HIX,Albany,Eastern,New York,Unknown,Unknown,USA,01/01/1900,12/31/2199
10103,XFER_EE_SPVR_SP_s,NYHIX Spanish,95,20,15,Inbound,NY HIX,HIX,Albany,Eastern,New York,Unknown,Unknown,USA,01/01/1900,12/31/2199
10105,NYHBE_PILOT_EN_s,NYHIX English,95,20,15,Inbound,NY HIX,HIX,Albany,Eastern,New York,Unknown,Unknown,USA,01/01/1900,12/31/2199
10146,NYHBE_Quick_Resp_EN_S,NYHIX English,95,20,15,Inbound,NY HIX,HIX,Albany,Eastern,New York,Unknown,Unknown,USA,01/01/1900,12/31/2199
10147,NYHBE_Quick_Resp_SP_s,NYHIX Spanish,95,20,15,Inbound,NY HIX,HIX,Albany,Eastern,New York,Unknown,Unknown,USA,01/01/1900,12/31/2199
10148,NYHBE_BROK_SHOP_EN_s,NYHIX English,95,20,15,Inbound,NY HIX,HIX,Albany,Eastern,New York,Unknown,Unknown,USA,01/01/1900,12/31/2199
10149,NYHBE_BROK_SHOP_SP_s,NYHIX Spanish,95,20,15,Inbound,NY HIX,HIX,Albany,Eastern,New York,Unknown,Unknown,USA,01/01/1900,12/31/2199
10150,NYHBE_NAV_SHOP_EN_s,NYHIX English,95,20,15,Inbound,NY HIX,HIX,Albany,Eastern,New York,Unknown,Unknown,USA,01/01/1900,12/31/2199
10151,NYHBE_NAV_SHOP_SP_s,NYHIX Spanish,95,20,15,Inbound,NY HIX,HIX,Albany,Eastern,New York,Unknown,Unknown,USA,01/01/1900,12/31/2199
10152,XFER_NYHBE_BROK_SHOP_EN_s,NYHIX English,95,20,15,Inbound,NY HIX,HIX,Albany,Eastern,New York,Unknown,Unknown,USA,01/01/1900,12/31/2199
10153,XFER_NYHBE_BROK_SHOP_SP_s,NYHIX Spanish,95,20,15,Inbound,NY HIX,HIX,Albany,Eastern,New York,Unknown,Unknown,USA,01/01/1900,12/31/2199
10154,XFER_NYHBE_NAV_SHOP_EN_S,NYHIX English,95,20,15,Inbound,NY HIX,HIX,Albany,Eastern,New York,Unknown,Unknown,USA,01/01/1900,12/31/2199
10155,NYHBE_MISSINGDATA_EN_s,NYHIX English,95,20,15,Inbound,NY HIX,HIX,Albany,Eastern,New York,Unknown,Unknown,USA,01/01/1900,12/31/2199
10156,NYHBE_MISSINGDATA_SP_s,NYHIX Spanish,95,20,15,Inbound,NY HIX,HIX,Albany,Eastern,New York,Unknown,Unknown,USA,01/01/1900,12/31/2199
10157,XFER_NYHBE_MISSINGDATA_EN_s,NYHIX English,95,20,15,Inbound,NY HIX,HIX,Albany,Eastern,New York,Unknown,Unknown,USA,01/01/1900,12/31/2199
10158,XFER_NYHBE_MISSINGDATA_SP_s,NYHIX Spanish,95,20,15,Inbound,NY HIX,HIX,Albany,Eastern,New York,Unknown,Unknown,USA,01/01/1900,12/31/2199
10159,NYHBE_CallBack_Russian_s,NYHIX Russian,95,20,15,Inbound,NY HIX,HIX,Albany,Eastern,New York,Unknown,Unknown,USA,01/01/1900,12/31/2199
10160,NYHBE_CallBack_Cantonese_s,NYHIX Cantonese,95,20,15,Inbound,NY HIX,HIX,Albany,Eastern,New York,Unknown,Unknown,USA,01/01/1900,12/31/2199
10161,NYHBE_CallBack_Mandarin_s,NYHIX Mandarin,95,20,15,Inbound,NY HIX,HIX,Albany,Eastern,New York,Unknown,Unknown,USA,01/01/1900,12/31/2199
10162,NYHBE_CallBackHaitianCreole_s,NYHIX Haitian Creole,95,20,15,Inbound,NY HIX,HIX,Albany,Eastern,New York,Unknown,Unknown,USA,01/01/1900,12/31/2199
10014,XFER_Script_s,NYHIX English,95,20,15,Inbound,NY HIX,HIX,Albany,Eastern,New York,Unknown,Unknown,USA,1/1/1900,12/31/2199
10019,XFER_SW_SPL_EN_s,NYHIX English,95,20,15,Inbound,NY HIX,HIX,Albany,Eastern,New York,Unknown,Unknown,USA,1/1/1900,12/31/2199
10020,XFER_SW_SPL_SP_s,NYHIX Spanish,95,20,15,Inbound,NY HIX,HIX,Albany,Eastern,New York,Unknown,Unknown,USA,1/1/1900,12/31/2199
10074,XFER_NYHBE_SHOPEMPLOYER_SP_s,NYHIX Spanish,95,20,15,Inbound,NY HIX,HIX,Albany,Eastern,New York,Unknown,Unknown,USA,1/1/1900,12/31/2199
10075,XFER_NYHBE_SHOPPILOT_EN_s,NYHIX English,95,20,15,Inbound,NY HIX,HIX,Albany,Eastern,New York,Unknown,Unknown,USA,1/1/1900,12/31/2199
10076,XFER_NYHBE_SHOPPILOT_SP_s,NYHIX Spanish,95,20,15,Inbound,NY HIX,HIX,Albany,Eastern,New York,Unknown,Unknown,USA,1/1/1900,12/31/2199
10077,XFER_NYHBE_SHOPRESEARCH_EN_s,NYHIX English,95,20,15,Inbound,NY HIX,HIX,Albany,Eastern,New York,Unknown,Unknown,USA,1/1/1900,12/31/2199
10078,XFER_NYHBE_SHOPRESEARCH_SP_s,NYHIX Spanish,95,20,15,Inbound,NY HIX,HIX,Albany,Eastern,New York,Unknown,Unknown,USA,1/1/1900,12/31/2199
10089,NYHBE_TAKEBACK_XFER_SPAN_s,NYHIX Spanish,95,20,15,Inbound,NY HIX,HIX,Albany,Eastern,New York,Unknown,Unknown,USA,1/1/1900,12/31/2199
10101,XFER_SHOP_SPVR_EN_s,NYHIX English,95,20,15,Inbound,NY HIX,HIX,Albany,Eastern,New York,Unknown,Unknown,USA,1/1/1900,12/31/2199
10102,XFER_SHOP_SPVR_SP_s,NYHIX Spanish,95,20,15,Inbound,NY HIX,HIX,Albany,Eastern,New York,Unknown,Unknown,USA,1/1/1900,12/31/2199
10106,NYHBE_PILOT_SP_s,NYHIX Spanish,95,20,15,Inbound,NY HIX,HIX,Albany,Eastern,New York,Unknown,Unknown,USA,1/1/1900,12/31/2199
