FILTER_TYPE,VALUE
ACD_APPLICATION_ID_INC,10011
ACD_APPLICATION_ID_INC,10013
ACD_APPLICATION_ID_INC,10015
ACD_APPLICATION_ID_INC,10016
ACD_APPLICATION_ID_INC,10017
ACD_APPLICATION_ID_INC,10018
ACD_APPLICATION_ID_INC,10022
ACD_APPLICATION_ID_INC,10023
ACD_APPLICATION_ID_INC,10024
ACD_APPLICATION_ID_INC,10025
ACD_APPLICATION_ID_INC,10026
ACD_APPLICATION_ID_INC,10027
ACD_APPLICATION_ID_INC,10028
ACD_APPLICATION_ID_INC,10029
ACD_APPLICATION_ID_INC,10030
ACD_APPLICATION_ID_INC,10031
ACD_APPLICATION_ID_INC,10032
ACD_APPLICATION_ID_INC,10033
ACD_APPLICATION_ID_INC,10034
ACD_APPLICATION_ID_INC,10035
ACD_APPLICATION_ID_INC,10036
ACD_APPLICATION_ID_INC,10037
ACD_APPLICATION_ID_INC,10038
ACD_APPLICATION_ID_INC,10039
ACD_APPLICATION_ID_INC,10040
ACD_APPLICATION_ID_INC,10041
ACD_APPLICATION_ID_INC,10042
ACD_APPLICATION_ID_INC,10043
ACD_APPLICATION_ID_INC,10044
ACD_APPLICATION_ID_INC,10045
ACD_APPLICATION_ID_INC,10046
ACD_APPLICATION_ID_INC,10047
ACD_APPLICATION_ID_INC,10048
ACD_APPLICATION_ID_INC,10049
ACD_APPLICATION_ID_INC,10050
ACD_APPLICATION_ID_INC,10051
ACD_APPLICATION_ID_INC,10052
ACD_APPLICATION_ID_INC,10053
ACD_APPLICATION_ID_INC,10054
ACD_APPLICATION_ID_INC,10055
ACD_APPLICATION_ID_INC,10056
ACD_APPLICATION_ID_INC,10057
ACD_APPLICATION_ID_INC,10058
ACD_APPLICATION_ID_INC,10059
ACD_APPLICATION_ID_INC,10060
ACD_APPLICATION_ID_INC,10061
ACD_APPLICATION_ID_INC,10062
ACD_APPLICATION_ID_INC,10063
ACD_APPLICATION_ID_INC,10064
ACD_APPLICATION_ID_INC,10065
ACD_APPLICATION_ID_INC,10066
ACD_APPLICATION_ID_INC,10067
ACD_APPLICATION_ID_INC,10068
ACD_APPLICATION_ID_INC,10069
ACD_APPLICATION_ID_INC,10070
ACD_APPLICATION_ID_INC,10071
ACD_APPLICATION_ID_INC,10072
ACD_APPLICATION_ID_INC,10073
ACD_APPLICATION_ID_INC,10079
ACD_APPLICATION_ID_INC,10080
ACD_APPLICATION_ID_INC,10081
ACD_APPLICATION_ID_INC,10082
ACD_APPLICATION_ID_INC,10083
ACD_APPLICATION_ID_INC,10084
ACD_APPLICATION_ID_INC,10085
ACD_APPLICATION_ID_INC,10086
ACD_APPLICATION_ID_INC,10087
ACD_APPLICATION_ID_INC,10088
ACD_APPLICATION_ID_INC,10098
ACD_APPLICATION_ID_INC,10099
ACD_APPLICATION_ID_INC,10100
ACD_APPLICATION_ID_INC,10103
ACD_APPLICATION_ID_INC,10105
ACD_APPLICATION_ID_INC,10146
ACD_APPLICATION_ID_INC,10147
ACD_APPLICATION_ID_INC,10148
ACD_APPLICATION_ID_INC,10149
ACD_APPLICATION_ID_INC,10150
ACD_APPLICATION_ID_INC,10151
ACD_APPLICATION_ID_INC,10152
ACD_APPLICATION_ID_INC,10153
ACD_APPLICATION_ID_INC,10154
ACD_APPLICATION_ID_INC,10155
ACD_APPLICATION_ID_INC,10156
ACD_APPLICATION_ID_INC,10157
ACD_APPLICATION_ID_INC,10158
ACD_APPLICATION_ID_INC,10159
ACD_APPLICATION_ID_INC,10160
ACD_APPLICATION_ID_INC,10161
ACD_APPLICATION_ID_INC,10162
ACD_SKILL_GROUP_INC,10003
ACD_SKILL_GROUP_INC,10004
ACD_SKILL_GROUP_INC,10005
ACD_SKILL_GROUP_INC,10006
ACD_SKILL_GROUP_INC,10007
ACD_SKILL_GROUP_INC,10008
ACD_SKILL_GROUP_INC,10009
ACD_SKILL_GROUP_INC,10010
ACD_SKILL_GROUP_INC,10011
ACD_SKILL_GROUP_INC,10012
ACD_SKILL_GROUP_INC,10013
ACD_SKILL_GROUP_INC,10014
ACD_SKILL_GROUP_INC,10015
ACD_SKILL_GROUP_INC,10016
ACD_SKILL_GROUP_INC,10017
ACD_SKILL_GROUP_INC,10018
ACD_SKILL_GROUP_INC,10019
ACD_SKILL_GROUP_INC,10020
ACD_SKILL_GROUP_INC,10021
ACD_SKILL_GROUP_INC,10022
ACD_SKILL_GROUP_INC,10023
ACD_SKILL_GROUP_INC,10024
ACD_SKILL_GROUP_INC,10025
ACD_SKILL_GROUP_INC,10026
ACD_SKILL_GROUP_INC,10027
ACD_SKILL_GROUP_INC,10028
ACD_SKILL_GROUP_INC,10029
ACD_SKILL_GROUP_INC,10030
ACD_SKILL_GROUP_INC,10031
ACD_SKILL_GROUP_INC,10032
ACD_SKILL_GROUP_INC,10034
ACD_SKILL_GROUP_INC,10036
ACD_SKILL_GROUP_INC,10039
ACD_SKILL_GROUP_INC,10041
ACD_SKILL_GROUP_INC,10043
ACD_SKILL_GROUP_INC,10044
ACD_SKILL_GROUP_INC,10045
ACD_SKILL_GROUP_INC,10046
ACD_SKILL_GROUP_INC,10051
ACD_SKILL_GROUP_INC,10052
ACD_SKILL_GROUP_INC,10053
ACD_SKILL_GROUP_INC,10054
ACD_SKILL_GROUP_INC,10055
ACD_SKILL_GROUP_INC,10056
ACD_SKILL_GROUP_INC,10057
ACD_SKILL_GROUP_INC,10062
ACD_SKILL_GROUP_INC,10063
ACD_SKILL_GROUP_INC,10064
ACD_SKILL_GROUP_INC,10065
ACD_SKILL_GROUP_INC,10067
ACD_SKILL_GROUP_INC,10068
ACD_SKILL_GROUP_INC,10069
ACD_SKILL_GROUP_INC,10070
ACD_SKILL_GROUP_INC,10071
ACD_SKILL_GROUP_INC,10072
ACD_SKILL_GROUP_INC,10073
ACD_SKILL_GROUP_INC,10074
ACD_SKILL_GROUP_INC,10075
ACD_SKILL_GROUP_INC,10076
ACD_SKILL_GROUP_INC,10077
ACD_SKILL_GROUP_INC,10078
ACD_SKILL_GROUP_INC,10079
ACD_SKILL_GROUP_INC,10080
ACD_SKILL_GROUP_INC,10081
ACD_SKILL_GROUP_INC,10082
ACD_SKILL_GROUP_INC,10083
ACD_SKILL_GROUP_INC,10084
ACD_SKILL_GROUP_INC,10085
ACD_SKILL_GROUP_INC,10086
ACD_SKILL_GROUP_INC,10087
ACD_SKILL_GROUP_INC,10088
ACD_SKILL_GROUP_INC,10089
ACD_SKILL_GROUP_INC,10090
ACD_SKILL_GROUP_INC,10091
ACD_SKILL_GROUP_INC,10092
ACD_SKILL_GROUP_INC,10093
ACD_SKILL_GROUP_INC,10094
ACD_SKILL_GROUP_INC,10095
ACD_SKILL_GROUP_INC,10096
ACD_SKILL_GROUP_INC,10097
ACD_SKILL_GROUP_INC,10098
ACD_SKILL_GROUP_INC,10099
ACD_SKILL_GROUP_INC,10100
ACD_SKILL_GROUP_INC,10101
ACD_SKILL_GROUP_INC,10102
ACD_SKILL_GROUP_INC,10103
ACD_SKILL_GROUP_INC,10104
ACD_SKILL_GROUP_INC,10105
ACD_SKILL_GROUP_INC,10106
ACD_SKILL_GROUP_INC,10107
ACD_SKILL_GROUP_INC,10108
ACD_SKILL_GROUP_INC,10109
ACD_SKILL_GROUP_INC,10110
ACD_SKILL_GROUP_INC,10111
ACD_SKILL_GROUP_INC,10112
ACD_SKILL_GROUP_INC,10113
ACD_SKILL_GROUP_INC,10114
ACD_SKILL_GROUP_INC,10115
ACD_SKILL_GROUP_INC,10116
ACD_SKILL_GROUP_INC,10117
ACD_SKILL_GROUP_INC,10118
ACD_SKILL_GROUP_INC,10120
ACD_SKILL_GROUP_INC,10121
ACD_SKILL_GROUP_INC,10122
ACD_SKILL_GROUP_INC,10124
ACD_SKILL_GROUP_INC,10126
ACD_SKILL_GROUP_INC,10127
ACD_SKILL_GROUP_INC,10128
ACD_SKILL_GROUP_INC,10129
ACD_SKILL_GROUP_INC,10130
ACD_SKILL_GROUP_INC,10131
ACD_SKILL_GROUP_INC,10132
ACD_SKILL_GROUP_INC,10133
ACD_SKILL_GROUP_INC,10134
ACD_SKILL_GROUP_INC,10141
ACD_SKILL_GROUP_INC,10142
ACD_SKILL_GROUP_INC,10143
ACD_SKILL_GROUP_INC,10145
ACD_SKILL_GROUP_INC,10146
ACD_SKILL_GROUP_INC,10147
ACD_SKILL_GROUP_INC,10148
ACD_SKILL_GROUP_INC,10149
ACD_SKILL_GROUP_INC,10186
ACD_SKILL_GROUP_INC,10187
ACD_SKILL_GROUP_INC,10188
ACD_SKILL_GROUP_INC,10189
ACD_SKILL_GROUP_INC,10190
ACD_SKILL_GROUP_INC,10191
ACD_SKILL_GROUP_INC,10192
ACD_SKILL_GROUP_INC,10193
ACD_SKILL_GROUP_INC,10195
ACD_SKILL_GROUP_INC,10196
ACD_SKILL_GROUP_INC,10197
ACD_SKILL_GROUP_INC,10198
ACD_SKILL_GROUP_INC,10199
ACD_SKILL_GROUP_INC,10200
ACD_SKILL_GROUP_INC,10201
ACD_SKILL_GROUP_INC,10202
ACD_SKILL_GROUP_INC,10203
ACD_SKILL_GROUP_INC,10204
ACD_SKILL_GROUP_INC,10205
ACD_SKILL_GROUP_INC,10206
ACD_SKILL_GROUP_INC,10207
ACD_SKILL_GROUP_INC,10208
ACD_SKILL_GROUP_INC,10209
ACD_SKILL_GROUP_INC,10210
ACD_SKILL_GROUP_INC,10211
WFM_STAFF_GROUP_INC,1001
WFM_STAFF_GROUP_INC,1002
WFM_STAFF_GROUP_INC,1003
WFM_STAFF_GROUP_INC,1038
WFM_STAFF_GROUP_INC,1040
WFM_STAFF_GROUP_INC,1041
WFM_STAFF_GROUP_INC,1042
WFM_STAFF_GROUP_INC,1043
WFM_STAFF_GROUP_INC,1059
WFM_STAFF_GROUP_INC,1061
WFM_STAFF_GROUP_INC,1062
WFM_STAFF_GROUP_INC,1063
WFM_STAFF_GROUP_INC,1067
WFM_STAFF_GROUP_INC,1068
WFM_STAFF_GROUP_INC,1069
WFM_STAFF_GROUP_INC,1070
WFM_STAFF_GROUP_INC,1072
ACD_APPLICATION_ID_INC,10014
ACD_APPLICATION_ID_INC,10019
ACD_APPLICATION_ID_INC,10020
ACD_APPLICATION_ID_INC,10074
ACD_APPLICATION_ID_INC,10075
ACD_APPLICATION_ID_INC,10076
ACD_APPLICATION_ID_INC,10077
ACD_APPLICATION_ID_INC,10078
ACD_APPLICATION_ID_INC,10089
ACD_APPLICATION_ID_INC,10101
ACD_APPLICATION_ID_INC,10102
ACD_APPLICATION_ID_INC,10106
ACD_SKILL_GROUP_INC,10033
ACD_SKILL_GROUP_INC,10035
ACD_SKILL_GROUP_INC,10037
ACD_SKILL_GROUP_INC,10038
ACD_SKILL_GROUP_INC,10040
ACD_SKILL_GROUP_INC,10042
ACD_SKILL_GROUP_INC,10047
ACD_SKILL_GROUP_INC,10048
ACD_SKILL_GROUP_INC,10049
ACD_SKILL_GROUP_INC,10050
ACD_SKILL_GROUP_INC,10194
ACD_SKILL_GROUP_INC,10212
ACD_SKILL_GROUP_INC,10213
ACD_SKILL_GROUP_INC,10214
ACD_SKILL_GROUP_INC,10215
