<?xml version="1.0" encoding="UTF-8"?>
<!-- Kettle ETL - shared.xml-->

<!-- Do not edit these four SVN_* variable values.  They are populated when you commit code to SVN and used later to identify deployed code.
$URL: svn://svn-staging.maximus.com/dev1d/maxdat/trunk/Kettle8/CAHCO/config/kettle/shared.xml $ 
$Revision: 28495 $ 
$Date: 2019-12-09 13:00:12 -0500 (Mon, 09 Dec 2019) $
$Author: aa24065 $
-->
<sharedobjects>
<connection>
    <name>MAXDAT</name>
    <server>${DB_MAXDAT_HOSTNAME}</server>
    <type>ORACLE</type>
    <access>Native</access>
    <database>${DB_MAXDAT_NAME}</database>
    <port>${DB_MAXDAT_PORT}</port>
    <username>${DB_MAXDAT_USER}</username>
    <password>${DB_MAXDAT_PASSWORD}</password>
    <servername/>
    <data_tablespace/>
    <index_tablespace/>
    <attributes>
      <attribute><code>EXTRA_OPTION_ORACLE.${INIT_POOL_SIZE}</code><attribute>50</attribute></attribute>
      <attribute><code>EXTRA_OPTION_ORACLE.${MAX_POOL_SIZE}</code><attribute>100</attribute></attribute>
      <attribute><code>FORCE_IDENTIFIERS_TO_LOWERCASE</code><attribute>N</attribute></attribute>
      <attribute><code>FORCE_IDENTIFIERS_TO_UPPERCASE</code><attribute>N</attribute></attribute>
      <attribute><code>IS_CLUSTERED</code><attribute>N</attribute></attribute>
      <attribute><code>POOLING_logAbandoned</code><attribute>false</attribute></attribute>
      <attribute><code>POOLING_testOnBorrow</code><attribute>true</attribute></attribute>
      <attribute><code>POOLING_validationQuery</code><attribute>select 1 from dual</attribute></attribute>
      <attribute><code>PORT_NUMBER</code><attribute>${DB_MAXDAT_PORT}</attribute></attribute>
      <attribute><code>PREFERRED_SCHEMA_NAME</code><attribute>${DB_MAXDAT_SCHEMA}</attribute></attribute>
      <attribute><code>PRESERVE_RESERVED_WORD_CASE</code><attribute>Y</attribute></attribute>
      <attribute><code>QUOTE_ALL_FIELDS</code><attribute>N</attribute></attribute>
      <attribute><code>SQL_CONNECT</code><attribute>ALTER SESSION SET CURRENT_SCHEMA = MAXDAT;</attribute></attribute>
      <attribute><code>STRICT_NUMBER_38_INTERPRETATION</code><attribute>N</attribute></attribute>
      <attribute><code>SUPPORTS_BOOLEAN_DATA_TYPE</code><attribute>N</attribute></attribute>
      <attribute><code>SUPPORTS_TIMESTAMP_DATA_TYPE</code><attribute>N</attribute></attribute>
      <attribute><code>USE_POOLING</code><attribute>N</attribute></attribute>
    </attributes>
  </connection>
<connection>
    <name>DMS</name>
    <server>${DB_DMS_HOSTNAME}</server>
    <type>ORACLE</type>
    <access>Native</access>
    <database>${DB_DMS_NAME}</database>
    <port>${DB_DMS_PORT}</port>
    <username>${DB_DMS_USER}</username>
    <password>${DB_DMS_PASSWORD}</password>
    <servername/>
    <data_tablespace/>
    <index_tablespace/>
    <attributes>
      <attribute><code>FORCE_IDENTIFIERS_TO_LOWERCASE</code><attribute>N</attribute></attribute>
      <attribute><code>FORCE_IDENTIFIERS_TO_UPPERCASE</code><attribute>N</attribute></attribute>
      <attribute><code>IS_CLUSTERED</code><attribute>N</attribute></attribute>
      <attribute><code>PORT_NUMBER</code><attribute>${DB_DMS_PORT}</attribute></attribute>
      <attribute><code>QUOTE_ALL_FIELDS</code><attribute>N</attribute></attribute>
      <attribute><code>SUPPORTS_BOOLEAN_DATA_TYPE</code><attribute>N</attribute></attribute>
      <attribute><code>USE_POOLING</code><attribute>N</attribute></attribute>
    </attributes>
  </connection>
  <connection>
    <name>OLTP</name>
    <server>${DB_OLTP_HOSTNAME}</server>
    <type>ORACLE</type>
    <access>Native</access>
    <database>${DB_OLTP_NAME}</database>
    <port>${DB_OLTP_PORT}</port>
    <username>${DB_OLTP_USER}</username>
    <password>${DB_OLTP_PASSWORD}</password>
    <servername/>
    <data_tablespace/>
    <index_tablespace/>
    <attributes>
      <attribute><code>FORCE_IDENTIFIERS_TO_LOWERCASE</code><attribute>N</attribute></attribute>
      <attribute><code>FORCE_IDENTIFIERS_TO_UPPERCASE</code><attribute>N</attribute></attribute>
      <attribute><code>INITIAL_POOL_SIZE</code><attribute>5</attribute></attribute>
      <attribute><code>IS_CLUSTERED</code><attribute>N</attribute></attribute>
      <attribute><code>MAXIMUM_POOL_SIZE</code><attribute>10</attribute></attribute>
      <attribute><code>POOLING_initialSize</code><attribute>${INIT_POOL_SIZE}</attribute></attribute>
      <attribute><code>POOLING_logAbandoned</code><attribute>false</attribute></attribute>
      <attribute><code>POOLING_maxActive</code><attribute>${MAX_POOL_SIZE}</attribute></attribute>
      <attribute><code>POOLING_testOnBorrow</code><attribute>true</attribute></attribute>
      <attribute><code>POOLING_validationQuery</code><attribute>select 1 from dual</attribute></attribute>
      <attribute><code>PORT_NUMBER</code><attribute>${DB_OLTP_PORT}</attribute></attribute>
      <attribute><code>QUOTE_ALL_FIELDS</code><attribute>N</attribute></attribute>
      <attribute><code>SUPPORTS_BOOLEAN_DATA_TYPE</code><attribute>N</attribute></attribute>
      <attribute><code>USE_POOLING</code><attribute>N</attribute></attribute>
    </attributes>
  </connection>
  <connection>
    <name>OLTP_SOURCE</name>
    <server>${DB_OLTP_HOSTNAME}</server>
    <type>MSSQL</type>
    <access>Native</access>
    <database>${DB_OLTP_NAME}</database>
    <port>${DB_OLTP_PORT}</port>
    <username>${DB_OLTP_USER}</username>
    <password>${DB_OLTP_PASSWORD}</password>
    <servername/>
    <data_tablespace/>
    <index_tablespace/>
    <attributes>
      <attribute><code>EXTRA_OPTION_MSSQL.ssl</code><attribute>request</attribute></attribute>
      <attribute><code>FORCE_IDENTIFIERS_TO_LOWERCASE</code><attribute>N</attribute></attribute>
      <attribute><code>FORCE_IDENTIFIERS_TO_UPPERCASE</code><attribute>N</attribute></attribute>
      <attribute><code>IS_CLUSTERED</code><attribute>N</attribute></attribute>
      <attribute><code>MAXIMUM_POOL_SIZE</code><attribute>5</attribute></attribute>
      <attribute><code>MSSQL_DOUBLE_DECIMAL_SEPARATOR</code><attribute>N</attribute></attribute>
      <attribute><code>PORT_NUMBER</code><attribute>${DB_OLTP_PORT}</attribute></attribute>
        <attribute><code>QUOTE_ALL_FIELDS</code><attribute>N</attribute></attribute>
	      <attribute><code>SUPPORTS_BOOLEAN_DATA_TYPE</code><attribute>N</attribute></attribute>
	            <attribute><code>USE_POOLING</code><attribute>N</attribute></attribute>
		        </attributes>
			  </connection>
<connection>
    <name>ONBASE</name>
    <server>${DB_ONBASE_HOSTNAME}</server>
    <type>MSSQL</type>
    <access>Native</access>
    <database>${DB_ONBASE_NAME}</database>
    <port>${DB_ONBASE_PORT}</port>
    <username>${DB_ONBASE_USER}</username>
    <password>${DB_ONBASE_PASSWORD}</password>
    <servername/>
    <data_tablespace/>
    <index_tablespace/>
    <attributes>
      <attribute><code>FORCE_IDENTIFIERS_TO_LOWERCASE</code><attribute>N</attribute></attribute>
      <attribute><code>FORCE_IDENTIFIERS_TO_UPPERCASE</code><attribute>N</attribute></attribute>
      <attribute><code>IS_CLUSTERED</code><attribute>N</attribute></attribute>
      <attribute><code>MSSQL_DOUBLE_DECIMAL_SEPARATOR</code><attribute>N</attribute></attribute>
      <attribute><code>PORT_NUMBER</code><attribute>${DB_ONBASE_PORT}</attribute></attribute>
      <attribute><code>QUOTE_ALL_FIELDS</code><attribute>N</attribute></attribute>
      <attribute><code>SUPPORTS_BOOLEAN_DATA_TYPE</code><attribute>N</attribute></attribute>
      <attribute><code>USE_POOLING</code><attribute>N</attribute></attribute>
      <attribute><code>EXTRA_OPTION_MSSQL.ssl</code><attribute>request</attribute></attribute> 
	  </attributes>
  </connection>

  <connection>
    <name>HCOTRAINING</name>
    <server>${DB_HCOTRAINING_HOSTNAME}</server>
    <type>MSSQL</type>
    <access>Native</access>
    <database>${DB_HCOTRAINING_NAME}</database>
    <port>${DB_HCOTRAINING_PORT}</port>
    <username>${DB_HCOTRAINING_USER}</username>
    <password>${DB_HCOTRAINING_PASSWORD}</password>
    <servername/>
    <data_tablespace/>
    <index_tablespace/>
    <attributes>
      <attribute><code>EXTRA_OPTION_MSSQL.ssl</code><attribute>request</attribute></attribute>
      <attribute><code>FORCE_IDENTIFIERS_TO_LOWERCASE</code><attribute>N</attribute></attribute>
      <attribute><code>FORCE_IDENTIFIERS_TO_UPPERCASE</code><attribute>N</attribute></attribute>
      <attribute><code>IS_CLUSTERED</code><attribute>N</attribute></attribute>
      <attribute><code>MSSQL_DOUBLE_DECIMAL_SEPARATOR</code><attribute>N</attribute></attribute>
      <attribute><code>PORT_NUMBER</code><attribute>${DB_HCOTRAINING_PORT}</attribute></attribute>
      <attribute><code>PRESERVE_RESERVED_WORD_CASE</code><attribute>Y</attribute></attribute>
      <attribute><code>QUOTE_ALL_FIELDS</code><attribute>N</attribute></attribute>
      <attribute><code>SUPPORTS_BOOLEAN_DATA_TYPE</code><attribute>Y</attribute></attribute>
      <attribute><code>SUPPORTS_TIMESTAMP_DATA_TYPE</code><attribute>Y</attribute></attribute>
      <attribute><code>USE_POOLING</code><attribute>N</attribute></attribute>
    </attributes>
  </connection>

   <connection>
    <name>KOFAX</name>
    <server>${DB_KOFAX_HOSTNAME}</server>
    <type>MSSQL</type>
    <access>Native</access>
    <database>${DB_KOFAX_NAME}</database>
    <port>${DB_KOFAX_PORT}</port>
    <username>${DB_KOFAX_USER}</username>
    <password>${DB_KOFAX_PASSWORD}</password>
    <servername/>
    <data_tablespace/>
    <index_tablespace/>
    <attributes>
      <attribute><code>FORCE_IDENTIFIERS_TO_LOWERCASE</code><attribute>N</attribute></attribute>
      <attribute><code>FORCE_IDENTIFIERS_TO_UPPERCASE</code><attribute>N</attribute></attribute>
      <attribute><code>IS_CLUSTERED</code><attribute>N</attribute></attribute>
      <attribute><code>MSSQL_DOUBLE_DECIMAL_SEPARATOR</code><attribute>N</attribute></attribute>
      <attribute><code>PORT_NUMBER</code><attribute>${DB_KOFAX_PORT}</attribute></attribute>
      <attribute><code>QUOTE_ALL_FIELDS</code><attribute>N</attribute></attribute>
      <attribute><code>SUPPORTS_BOOLEAN_DATA_TYPE</code><attribute>N</attribute></attribute>
      <attribute><code>USE_POOLING</code><attribute>N</attribute></attribute>
      <attribute><code>EXTRA_OPTION_MSSQL.ssl</code><attribute>request</attribute></attribute> 
	  </attributes>
  </connection>
<connection>
    <name>KOFAX_REMOTE</name>
    <server>${DB_KOFAX_REMOTE_HOSTNAME}</server>
    <type>MSSQL</type>
    <access>Native</access>
    <database>${DB_KOFAX_REMOTE_DB}</database>
    <port>${DB_KOFAX_REMOTE_PORT}</port>
    <username>${DB_KOFAX_REMOTE_USER}</username>
    <password>${DB_KOFAX_REMOTE_PASSWORD}</password>
    <servername/>
    <data_tablespace/>
    <index_tablespace/>
    <attributes>
      <attribute><code>EXTRA_OPTION_MSSQL.instance</code><attribute>${DB_KOFAX_REMOTE_INSTANCE}</attribute></attribute>
      <attribute><code>FORCE_IDENTIFIERS_TO_LOWERCASE</code><attribute>N</attribute></attribute>
      <attribute><code>FORCE_IDENTIFIERS_TO_UPPERCASE</code><attribute>N</attribute></attribute>
      <attribute><code>IS_CLUSTERED</code><attribute>N</attribute></attribute>
      <attribute><code>MSSQL_DOUBLE_DECIMAL_SEPARATOR</code><attribute>N</attribute></attribute>
      <attribute><code>PORT_NUMBER</code><attribute>${DB_KOFAX_REMOTE_PORT}</attribute></attribute>
      <attribute><code>QUOTE_ALL_FIELDS</code><attribute>N</attribute></attribute>
      <attribute><code>SUPPORTS_BOOLEAN_DATA_TYPE</code><attribute>N</attribute></attribute>
      <attribute><code>USE_POOLING</code><attribute>N</attribute></attribute>
    </attributes>
  </connection>
  <connection>
    <name>KOFAX_CENTRAL</name>
    <server>${DB_KOFAX_CENTRAL_HOSTNAME}</server>
    <type>MSSQL</type>
    <access>Native</access>
    <database>${DB_KOFAX_CENTRAL_DB}</database>
    <port>${DB_KOFAX_CENTRAL_PORT}</port>
    <username>${DB_KOFAX_CENTRAL_USER}</username>
    <password>${DB_KOFAX_CENTRAL_PASSWORD}</password>
    <servername/>
    <data_tablespace/>
    <index_tablespace/>
    <attributes>
      <attribute><code>EXTRA_OPTION_MSSQL.instance</code><attribute>${DB_KOFAX_CENTRAL_INSTANCE}</attribute></attribute>
      <attribute><code>FORCE_IDENTIFIERS_TO_LOWERCASE</code><attribute>N</attribute></attribute>
      <attribute><code>FORCE_IDENTIFIERS_TO_UPPERCASE</code><attribute>N</attribute></attribute>
      <attribute><code>IS_CLUSTERED</code><attribute>N</attribute></attribute>
      <attribute><code>MSSQL_DOUBLE_DECIMAL_SEPARATOR</code><attribute>N</attribute></attribute>
      <attribute><code>PORT_NUMBER</code><attribute>${DB_KOFAX_CENTRAL_PORT}</attribute></attribute>
      <attribute><code>QUOTE_ALL_FIELDS</code><attribute>Y</attribute></attribute>
      <attribute><code>SUPPORTS_BOOLEAN_DATA_TYPE</code><attribute>Y</attribute></attribute>
      <attribute><code>USE_POOLING</code><attribute>N</attribute></attribute>
    </attributes>
  </connection>

  

  <connection>
    <name>KOFAX_ARS</name>
    <server>${DB_KOFAX_ARS_HOSTNAME}</server>
    <type>MSSQL</type>
    <access>Native</access>
    <database>${DB_KOFAX_ARS_DB}</database>
    <port>${DB_KOFAX_ARS_PORT}</port>
    <username>${DB_KOFAX_ARS_USER}</username>
    <password>${DB_KOFAX_ARS_PASSWORD}</password>
    <servername/>
    <data_tablespace/>
    <index_tablespace/>
    <attributes>
      <attribute><code>EXTRA_OPTION_MSSQL.instance</code><attribute>${DB_KOFAX_ARS_INSTANCE}</attribute></attribute>
      <attribute><code>FORCE_IDENTIFIERS_TO_LOWERCASE</code><attribute>N</attribute></attribute>
      <attribute><code>FORCE_IDENTIFIERS_TO_UPPERCASE</code><attribute>N</attribute></attribute>
      <attribute><code>IS_CLUSTERED</code><attribute>N</attribute></attribute>
      <attribute><code>MSSQL_DOUBLE_DECIMAL_SEPARATOR</code><attribute>N</attribute></attribute>
      <attribute><code>PORT_NUMBER</code><attribute>${DB_KOFAX_ARS_PORT}</attribute></attribute>
      <attribute><code>QUOTE_ALL_FIELDS</code><attribute>N</attribute></attribute>
      <attribute><code>SUPPORTS_BOOLEAN_DATA_TYPE</code><attribute>N</attribute></attribute>
      <attribute><code>USE_POOLING</code><attribute>N</attribute></attribute>
    </attributes>
  </connection>

<connection>
    <name>ACD</name>
    <server/>
    <type>CACHE</type>
    <access>JNDI</access>
    <database>${JNDI_ACD_SOURCE}</database>
    <port>1521</port>
    <username/>
    <password>Encrypted </password>
    <servername/>
    <data_tablespace/>
    <index_tablespace/>
    <attributes>
      <attribute><code>FORCE_IDENTIFIERS_TO_LOWERCASE</code><attribute>N</attribute></attribute>
      <attribute><code>FORCE_IDENTIFIERS_TO_UPPERCASE</code><attribute>N</attribute></attribute>
      <attribute><code>IS_CLUSTERED</code><attribute>N</attribute></attribute>
      <attribute><code>PORT_NUMBER</code><attribute>1521</attribute></attribute>
      <attribute><code>QUOTE_ALL_FIELDS</code><attribute>N</attribute></attribute>
      <attribute><code>SUPPORTS_BOOLEAN_DATA_TYPE</code><attribute>N</attribute></attribute>
      <attribute><code>USE_POOLING</code><attribute>N</attribute></attribute>
    </attributes>
  </connection>
  <connection>
    <name>WFM</name>
    <server/>
    <type>MSSQL</type>
    <access>JNDI</access>
    <database>${JNDI_WFM_SOURCE}</database>
    <port>1521</port>
    <username/>
    <password>Encrypted </password>
    <servername/>
    <data_tablespace/>
    <index_tablespace/>
    <attributes>
      <attribute><code>FORCE_IDENTIFIERS_TO_LOWERCASE</code><attribute>N</attribute></attribute>
      <attribute><code>FORCE_IDENTIFIERS_TO_UPPERCASE</code><attribute>N</attribute></attribute>
      <attribute><code>IS_CLUSTERED</code><attribute>N</attribute></attribute>
      <attribute><code>MSSQL_DOUBLE_DECIMAL_SEPARATOR</code><attribute>N</attribute></attribute>
      <attribute><code>PORT_NUMBER</code><attribute>1521</attribute></attribute>
      <attribute><code>QUOTE_ALL_FIELDS</code><attribute>N</attribute></attribute>
      <attribute><code>SUPPORTS_BOOLEAN_DATA_TYPE</code><attribute>N</attribute></attribute>
      <attribute><code>USE_POOLING</code><attribute>N</attribute></attribute>
    </attributes>
  </connection>

  <connection>
    <name>DW_OLTP_SOURCE</name>
    <server>${DB_DW_OLTP_HOSTNAME}</server>
    <type>MSSQL</type>
    <access>Native</access>
    <database>${DB_DW_OLTP_NAME}</database>
    <port>${DB_DW_OLTP_PORT}</port>
    <username>${DB_DW_OLTP_USER}</username>
    <password>${DB_DW_OLTP_PASSWORD}</password>
    <servername/>
    <data_tablespace/>
    <index_tablespace/>
    <attributes>
<attribute><code>EXTRA_OPTION_MSSQL.ssl</code><attribute>request</attribute></attribute>
      <attribute><code>FORCE_IDENTIFIERS_TO_LOWERCASE</code><attribute>N</attribute></attribute>
      <attribute><code>FORCE_IDENTIFIERS_TO_UPPERCASE</code><attribute>N</attribute></attribute>
      <attribute><code>IS_CLUSTERED</code><attribute>N</attribute></attribute>
      <attribute><code>MAXIMUM_POOL_SIZE</code><attribute>5</attribute></attribute>
      <attribute><code>MSSQL_DOUBLE_DECIMAL_SEPARATOR</code><attribute>N</attribute></attribute>
      <attribute><code>PORT_NUMBER</code><attribute>${DB_DW_OLTP_PORT}</attribute></attribute>
      <attribute><code>QUOTE_ALL_FIELDS</code><attribute>N</attribute></attribute>
      <attribute><code>SUPPORTS_BOOLEAN_DATA_TYPE</code><attribute>N</attribute></attribute>
      <attribute><code>USE_POOLING</code><attribute>N</attribute></attribute>
    </attributes>
  </connection>

  <connection>
    <name>MATERIALORDER_OLTP_SOURCE</name>
    <server>${DB_MO_OLTP_HOSTNAME}</server>
    <type>MSSQL</type>
    <access>Native</access>
    <database>${DB_MO_OLTP_NAME}</database>
    <port>${DB_MO_OLTP_PORT}</port>
    <username>${DB_MO_OLTP_USER}</username>
    <password>${DB_MO_OLTP_PASSWORD}</password>
    <servername/>
    <data_tablespace/>
    <index_tablespace/>
    <attributes>
<attribute><code>EXTRA_OPTION_MSSQL.ssl</code><attribute>request</attribute></attribute> 
      <attribute><code>FORCE_IDENTIFIERS_TO_LOWERCASE</code><attribute>N</attribute></attribute>
      <attribute><code>FORCE_IDENTIFIERS_TO_UPPERCASE</code><attribute>N</attribute></attribute>
      <attribute><code>IS_CLUSTERED</code><attribute>N</attribute></attribute>
      <attribute><code>MAXIMUM_POOL_SIZE</code><attribute>5</attribute></attribute>
      <attribute><code>MSSQL_DOUBLE_DECIMAL_SEPARATOR</code><attribute>N</attribute></attribute>
      <attribute><code>PORT_NUMBER</code><attribute>${DB_MO_OLTP_PORT}</attribute></attribute>
      <attribute><code>QUOTE_ALL_FIELDS</code><attribute>N</attribute></attribute>
      <attribute><code>SUPPORTS_BOOLEAN_DATA_TYPE</code><attribute>N</attribute></attribute>
      <attribute><code>USE_POOLING</code><attribute>N</attribute></attribute>
    </attributes>
  </connection>

  <connection>
    <name>INVISION_OLTP_SOURCE</name>
    <server>${DB_IV_OLTP_HOSTNAME}</server>
    <type>MSSQL</type>
    <access>Native</access>
    <database>${DB_IV_OLTP_NAME}</database>
    <port>${DB_IV_OLTP_PORT}</port>
    <username>${DB_IV_OLTP_USER}</username>
    <password>${DB_IV_OLTP_PASSWORD}</password>
    <servername/>
    <data_tablespace/>
    <index_tablespace/>
    <attributes>
<attribute><code>EXTRA_OPTION_MSSQL.ssl</code><attribute>request</attribute></attribute> 
      <attribute><code>FORCE_IDENTIFIERS_TO_LOWERCASE</code><attribute>N</attribute></attribute>
      <attribute><code>FORCE_IDENTIFIERS_TO_UPPERCASE</code><attribute>N</attribute></attribute>
      <attribute><code>IS_CLUSTERED</code><attribute>N</attribute></attribute>
      <attribute><code>MAXIMUM_POOL_SIZE</code><attribute>5</attribute></attribute>
      <attribute><code>MSSQL_DOUBLE_DECIMAL_SEPARATOR</code><attribute>N</attribute></attribute>
      <attribute><code>PORT_NUMBER</code><attribute>${DB_IV_OLTP_PORT}</attribute></attribute>
      <attribute><code>QUOTE_ALL_FIELDS</code><attribute>N</attribute></attribute>
      <attribute><code>SUPPORTS_BOOLEAN_DATA_TYPE</code><attribute>N</attribute></attribute>
      <attribute><code>USE_POOLING</code><attribute>N</attribute></attribute>
    </attributes>
  </connection>

  <connection>
    <name>DB_MISC_OLTP</name>
    <server>${DB_MISC_OLTP_HOSTNAME}</server>
    <type>MSSQL</type>
    <access>Native</access>
    <database>${DB_MISC_OLTP_NAME}</database>
    <port>${DB_MISC_OLTP_PORT}</port>
    <username>${DB_MISC_OLTP_USER}</username>
    <password>${DB_MISC_OLTP_PASSWORD}</password>
    <servername/>
    <data_tablespace/>
    <index_tablespace/>
    <attributes>
<attribute><code>EXTRA_OPTION_MSSQL.ssl</code><attribute>request</attribute></attribute>
      <attribute><code>FORCE_IDENTIFIERS_TO_LOWERCASE</code><attribute>N</attribute></attribute>
      <attribute><code>FORCE_IDENTIFIERS_TO_UPPERCASE</code><attribute>N</attribute></attribute>
      <attribute><code>IS_CLUSTERED</code><attribute>N</attribute></attribute>
      <attribute><code>MSSQL_DOUBLE_DECIMAL_SEPARATOR</code><attribute>N</attribute></attribute>
      <attribute><code>PORT_NUMBER</code><attribute>${DB_MISC_OLTP_PORT}</attribute></attribute>
      <attribute><code>QUOTE_ALL_FIELDS</code><attribute>Y</attribute></attribute>
      <attribute><code>SUPPORTS_BOOLEAN_DATA_TYPE</code><attribute>Y</attribute></attribute>
      <attribute><code>USE_POOLING</code><attribute>N</attribute></attribute>
    </attributes>
  </connection>

    <connection>
    <name>DB_RESEARCH_TRACK_OLTP</name>
    <server>${DB_MISC_OLTP_HOSTNAME}</server>
    <type>MSSQL</type>
    <access>Native</access>
    <database>RESEARCHTRACKING</database>
    <port>${DB_MISC_OLTP_PORT}</port>
    <username>${DB_MISC_OLTP_USER}</username>
    <password>${DB_MISC_OLTP_PASSWORD}</password>
    <servername/>
    <data_tablespace/>
    <index_tablespace/>
    <attributes>
	<attribute><code>EXTRA_OPTION_MSSQL.ssl</code><attribute>request</attribute></attribute>
      <attribute><code>FORCE_IDENTIFIERS_TO_LOWERCASE</code><attribute>N</attribute></attribute>
      <attribute><code>FORCE_IDENTIFIERS_TO_UPPERCASE</code><attribute>N</attribute></attribute>
      <attribute><code>IS_CLUSTERED</code><attribute>N</attribute></attribute>
      <attribute><code>MSSQL_DOUBLE_DECIMAL_SEPARATOR</code><attribute>N</attribute></attribute>
      <attribute><code>PORT_NUMBER</code><attribute>${DB_MISC_OLTP_PORT}</attribute></attribute>
      <attribute><code>QUOTE_ALL_FIELDS</code><attribute>Y</attribute></attribute>
      <attribute><code>SUPPORTS_BOOLEAN_DATA_TYPE</code><attribute>Y</attribute></attribute>
      <attribute><code>USE_POOLING</code><attribute>N</attribute></attribute>
    </attributes>
  </connection>
  
  <connection>
    <name>CRM_SOURCE</name>
    <server>${DB_CRM_HOSTNAME}</server>
    <type>MSSQL</type>
    <access>Native</access>
    <database>${DB_CRM_NAME}</database>
    <port>${DB_CRM_PORT}</port>
    <username>${DB_CRM_USER}</username>
    <password>${DB_CRM_PASSWORD}</password>
    <servername/>
    <data_tablespace/>
    <index_tablespace/>
    <attributes>
	<attribute><code>EXTRA_OPTION_MSSQL.ssl</code><attribute>request</attribute></attribute>
      <attribute><code>FORCE_IDENTIFIERS_TO_LOWERCASE</code><attribute>N</attribute></attribute>
      <attribute><code>FORCE_IDENTIFIERS_TO_UPPERCASE</code><attribute>N</attribute></attribute>
      <attribute><code>IS_CLUSTERED</code><attribute>N</attribute></attribute>
      <attribute><code>MSSQL_DOUBLE_DECIMAL_SEPARATOR</code><attribute>N</attribute></attribute>
      <attribute><code>PORT_NUMBER</code><attribute>${DB_CRM_PORT}</attribute></attribute>
      <attribute><code>QUOTE_ALL_FIELDS</code><attribute>N</attribute></attribute>
      <attribute><code>SUPPORTS_BOOLEAN_DATA_TYPE</code><attribute>N</attribute></attribute>
      <attribute><code>USE_POOLING</code><attribute>N</attribute></attribute>
    </attributes>
  </connection>
  
<connection>
    <name>FOPS_OLTP_SOURCE</name>
    <server>${DB_FOPS_OLTP_HOSTNAME}</server>
    <type>MSSQL</type>
    <access>Native</access>
    <database>${DB_FOPS_OLTP_NAME}</database>
    <port>${DB_FOPS_OLTP_PORT}</port>
    <username>${DB_FOPS_OLTP_USER}</username>
    <password>${DB_FOPS_OLTP_PASSWORD}</password>
    <servername/>
    <data_tablespace/>
    <index_tablespace/>
    <attributes>
      <attribute><code>EXTRA_OPTION_MSSQL.ssl</code><attribute>request</attribute></attribute>      
      <attribute><code>FORCE_IDENTIFIERS_TO_LOWERCASE</code><attribute>N</attribute></attribute>
      <attribute><code>FORCE_IDENTIFIERS_TO_UPPERCASE</code><attribute>N</attribute></attribute>
      <attribute><code>IS_CLUSTERED</code><attribute>N</attribute></attribute>
      <attribute><code>MAXIMUM_POOL_SIZE</code><attribute>5</attribute></attribute>
      <attribute><code>MSSQL_DOUBLE_DECIMAL_SEPARATOR</code><attribute>N</attribute></attribute>
      <attribute><code>PORT_NUMBER</code><attribute>${DB_FOPS_OLTP_PORT}</attribute></attribute>
      <attribute><code>QUOTE_ALL_FIELDS</code><attribute>N</attribute></attribute>
      <attribute><code>SUPPORTS_BOOLEAN_DATA_TYPE</code><attribute>N</attribute></attribute>
      <attribute><code>USE_POOLING</code><attribute>N</attribute></attribute>
    </attributes>
  </connection>

<connection>
    <name>BILLTRANS_OLTP_SOURCE</name>
    <server>${DB_BILLTRANS_OLTP_HOSTNAME}</server>
    <type>MSSQL</type>
    <access>Native</access>
    <database>${DB_BILLTRANS_OLTP_NAME}</database>
    <port>${DB_BILLTRANS_OLTP_PORT}</port>
    <username>${DB_BILLTRANS_OLTP_USER}</username>
    <password>${DB_BILLTRANS_OLTP_PASSWORD}</password>
    <servername/>
    <data_tablespace/>
    <index_tablespace/>
    <attributes>
      <attribute><code>EXTRA_OPTION_MSSQL.ssl</code><attribute>request</attribute></attribute>      
      <attribute><code>FORCE_IDENTIFIERS_TO_LOWERCASE</code><attribute>N</attribute></attribute>
      <attribute><code>FORCE_IDENTIFIERS_TO_UPPERCASE</code><attribute>N</attribute></attribute>
      <attribute><code>IS_CLUSTERED</code><attribute>N</attribute></attribute>
      <attribute><code>MAXIMUM_POOL_SIZE</code><attribute>5</attribute></attribute>
      <attribute><code>MSSQL_DOUBLE_DECIMAL_SEPARATOR</code><attribute>N</attribute></attribute>
      <attribute><code>PORT_NUMBER</code><attribute>${DB_BILLTRANS_OLTP_PORT}</attribute></attribute>
      <attribute><code>QUOTE_ALL_FIELDS</code><attribute>N</attribute></attribute>
      <attribute><code>SUPPORTS_BOOLEAN_DATA_TYPE</code><attribute>N</attribute></attribute>
      <attribute><code>USE_POOLING</code><attribute>N</attribute></attribute>
    </attributes>
  </connection>

</sharedobjects>
