-- ***** Set the current schema ***** --

ALTER SESSION SET CURRENT_SCHEMA=PA_IEB;

-- ***** Clear instance tables ***** --

delete from F_BPM_PROCESS_BY_DATE;
delete from D_BPM_PROCESS_SEGMENT_INSTANCE;
delete from D_BPM_FLOW_INSTANCE;
delete from D_BPM_ENTITY_INSTANCE;
delete from D_BPM_PROCESS_INSTANCE;

-- ***** Clear configuration tables ***** --

delete from D_BPM_PROCESS_SEGMENT;
delete from D_BPM_FLOW;
delete from D_BPM_TASK_TYPE_ENTITY;
delete from D_BPM_ENTITY;
delete from D_BPM_ENTITY_TYPE;
delete from D_BPM_PROCESS;
delete from D_TASK_TYPES;

-- ***** Insert new configuration data ***** -

set define off;

-- D_TASK_TYPES

SET DEFINE OFF;
Insert into D_TASK_TYPES (TASK_TYPE_ID,TASK_NAME,TASK_DESCRIPTION,OPERATIONS_GROUP,SLA_DAYS,SLA_DAYS_TYPE,SLA_TARGET_DAYS,SLA_JEOPARDY_DAYS,UNIT_OF_WORK) values (3003,'Document Problem Resolution','APS - Document Research','Mailroom / Image Assembly',5,'B',4,3,'PA IEB Tasks');
Insert into D_TASK_TYPES (TASK_TYPE_ID,TASK_NAME,TASK_DESCRIPTION,OPERATIONS_GROUP,SLA_DAYS,SLA_DAYS_TYPE,SLA_TARGET_DAYS,SLA_JEOPARDY_DAYS,UNIT_OF_WORK) values (3005,'Link Document Set','APS - Link Documents to Individuals','Mailroom / Image Assembly',1,'B',1,0,'PA IEB Tasks');
Insert into D_TASK_TYPES (TASK_TYPE_ID,TASK_NAME,TASK_DESCRIPTION,OPERATIONS_GROUP,SLA_DAYS,SLA_DAYS_TYPE,SLA_TARGET_DAYS,SLA_JEOPARDY_DAYS,UNIT_OF_WORK) values (3007,'State Data Entry','APS - State Data Entry Task','Data Entry Unit',2,'B',1,1,'PA IEB Tasks');
Insert into D_TASK_TYPES (TASK_TYPE_ID,TASK_NAME,TASK_DESCRIPTION,OPERATIONS_GROUP,SLA_DAYS,SLA_DAYS_TYPE,SLA_TARGET_DAYS,SLA_JEOPARDY_DAYS,UNIT_OF_WORK) values (3040,'Alternate Document VHT','Alternate Document VHT','Data Entry Unit',7,'C',7,3,'PA IEB Tasks');
Insert into D_TASK_TYPES (TASK_TYPE_ID,TASK_NAME,TASK_DESCRIPTION,OPERATIONS_GROUP,SLA_DAYS,SLA_DAYS_TYPE,SLA_TARGET_DAYS,SLA_JEOPARDY_DAYS,UNIT_OF_WORK) values (3035,'Alternate Document Processing(Other Document Data Entry)','Alternate Document Processing','Mailroom / Image Assembly',2,'C',2,1,'PA IEB Tasks');
Insert into D_TASK_TYPES (TASK_TYPE_ID,TASK_NAME,TASK_DESCRIPTION,OPERATIONS_GROUP,SLA_DAYS,SLA_DAYS_TYPE,SLA_TARGET_DAYS,SLA_JEOPARDY_DAYS,UNIT_OF_WORK) values (32212,'Appointment Outreach Task - Assessor Missed Apt(Appointment Conflict Outreach)','Follow-up manual task for Appointment-Assessor Conflict campaign. Could not reach out client by phone ','Call Center',2,'B',1,1,'PA IEB Tasks');
Insert into D_TASK_TYPES (TASK_TYPE_ID,TASK_NAME,TASK_DESCRIPTION,OPERATIONS_GROUP,SLA_DAYS,SLA_DAYS_TYPE,SLA_TARGET_DAYS,SLA_JEOPARDY_DAYS,UNIT_OF_WORK) values (32213,'Application Outreach (Referral Follow-up Task)','Follow-up manual task for Referral campaign. Could not reach out client by phone ','Call Center',1,'B',1,1,'PA IEB Tasks');
Insert into D_TASK_TYPES (TASK_TYPE_ID,TASK_NAME,TASK_DESCRIPTION,OPERATIONS_GROUP,SLA_DAYS,SLA_DAYS_TYPE,SLA_TARGET_DAYS,SLA_JEOPARDY_DAYS,UNIT_OF_WORK) values (32220,'CSR General Reminder Task','General Manual Tasks for CSRs only - since they should have limited forwarding rights','Call Center',1,'B',1,1,'PA IEB Tasks');
Insert into D_TASK_TYPES (TASK_TYPE_ID,TASK_NAME,TASK_DESCRIPTION,OPERATIONS_GROUP,SLA_DAYS,SLA_DAYS_TYPE,SLA_TARGET_DAYS,SLA_JEOPARDY_DAYS,UNIT_OF_WORK) values (32241,'Manual Task - General','General Manual Task','Mailroom / Image Assembly',2,'C',1,1,'PA IEB Tasks');
Insert into D_TASK_TYPES (TASK_TYPE_ID,TASK_NAME,TASK_DESCRIPTION,OPERATIONS_GROUP,SLA_DAYS,SLA_DAYS_TYPE,SLA_TARGET_DAYS,SLA_JEOPARDY_DAYS,UNIT_OF_WORK) values (32331,'Finalize SC Agency - Delay','Manual Task for Plan Info Data Entry - Delay','Data Entry Unit',2,'B',1,1,'MMS Ready');
Insert into D_TASK_TYPES (TASK_TYPE_ID,TASK_NAME,TASK_DESCRIPTION,OPERATIONS_GROUP,SLA_DAYS,SLA_DAYS_TYPE,SLA_TARGET_DAYS,SLA_JEOPARDY_DAYS,UNIT_OF_WORK) values (32461,'Appointment Outreach Task – No Show (Consumer)','Appointment Outreach Task – No Show (Consumer)','Assessors Unit',1,'B',1,1,'PA IEB Tasks');
Insert into D_TASK_TYPES (TASK_TYPE_ID,TASK_NAME,TASK_DESCRIPTION,OPERATIONS_GROUP,SLA_DAYS,SLA_DAYS_TYPE,SLA_TARGET_DAYS,SLA_JEOPARDY_DAYS,UNIT_OF_WORK) values (32462,'Appointment Outreach Task – Interrupted','Appointment Outreach Task – Interrupted','Assessors Unit',1,'B',1,1,'PA IEB Tasks');
Insert into D_TASK_TYPES (TASK_TYPE_ID,TASK_NAME,TASK_DESCRIPTION,OPERATIONS_GROUP,SLA_DAYS,SLA_DAYS_TYPE,SLA_TARGET_DAYS,SLA_JEOPARDY_DAYS,UNIT_OF_WORK) values (32481,'BHA - Mailing Appeal','Manual task for mailing appeal documentation to BHA upon initiation of appeal request in MAXeATS.','Appeals Unit',1,'B',1,0,'PA IEB Tasks');
Insert into D_TASK_TYPES (TASK_TYPE_ID,TASK_NAME,TASK_DESCRIPTION,OPERATIONS_GROUP,SLA_DAYS,SLA_DAYS_TYPE,SLA_TARGET_DAYS,SLA_JEOPARDY_DAYS,UNIT_OF_WORK) values (32482,'Schedule Pre-Hearing','Manual task to prompt scheduling of Pre-Hearing upon initiation of appeal request in MAXeATS.','Assessors Unit',2,'B',1,1,'PA IEB Tasks');
Insert into D_TASK_TYPES (TASK_TYPE_ID,TASK_NAME,TASK_DESCRIPTION,OPERATIONS_GROUP,SLA_DAYS,SLA_DAYS_TYPE,SLA_TARGET_DAYS,SLA_JEOPARDY_DAYS,UNIT_OF_WORK) values (32483,'Appeal Scheduled - Notify','Manual task to prompt notification of appeal hearing scheduled after completion of Hearing Scheduled task in MAXeATS.','Mailroom / Image Assembly',1,'B',1,0,'PA IEB Tasks');
Insert into D_TASK_TYPES (TASK_TYPE_ID,TASK_NAME,TASK_DESCRIPTION,OPERATIONS_GROUP,SLA_DAYS,SLA_DAYS_TYPE,SLA_TARGET_DAYS,SLA_JEOPARDY_DAYS,UNIT_OF_WORK) values (32484,'Appeal Follow-up - Actions Needed','Manual task generated if completion of Appeal Resolution Follow-up task results in re-fax or other follow-up action in order to prompt acceptance/denial of Stipulated Settlement or final decision by judge.','Mailroom / Image Assembly',1,'B',1,0,'PA IEB Tasks');
Insert into D_TASK_TYPES (TASK_TYPE_ID,TASK_NAME,TASK_DESCRIPTION,OPERATIONS_GROUP,SLA_DAYS,SLA_DAYS_TYPE,SLA_TARGET_DAYS,SLA_JEOPARDY_DAYS,UNIT_OF_WORK) values (32485,'Create Appeal','Task to create an appeal when a document with type = Appeal Request is linked to the case.','Mailroom / Image Assembly',1,'B',1,0,'PA IEB Tasks');
Insert into D_TASK_TYPES (TASK_TYPE_ID,TASK_NAME,TASK_DESCRIPTION,OPERATIONS_GROUP,SLA_DAYS,SLA_DAYS_TYPE,SLA_TARGET_DAYS,SLA_JEOPARDY_DAYS,UNIT_OF_WORK) values (32486,'Schedule Hearing','Task to schedule hearing when document with type = Hearing Notice is linked to the case.','Appeals Unit',2,'B',1,1,'PA IEB Tasks');
Insert into D_TASK_TYPES (TASK_TYPE_ID,TASK_NAME,TASK_DESCRIPTION,OPERATIONS_GROUP,SLA_DAYS,SLA_DAYS_TYPE,SLA_TARGET_DAYS,SLA_JEOPARDY_DAYS,UNIT_OF_WORK) values (32487,'Final Adjudication','Task created when document with type = Adjudication is linked to the case.','Appeals Unit',2,'B',1,1,'PA IEB Tasks');
Insert into D_TASK_TYPES (TASK_TYPE_ID,TASK_NAME,TASK_DESCRIPTION,OPERATIONS_GROUP,SLA_DAYS,SLA_DAYS_TYPE,SLA_TARGET_DAYS,SLA_JEOPARDY_DAYS,UNIT_OF_WORK) values (40137354,'PA162 Review','PA162 Review after linking','Data Entry Unit',2,'B',2,1,'PA IEB Tasks');
Insert into D_TASK_TYPES (TASK_TYPE_ID,TASK_NAME,TASK_DESCRIPTION,OPERATIONS_GROUP,SLA_DAYS,SLA_DAYS_TYPE,SLA_TARGET_DAYS,SLA_JEOPARDY_DAYS,UNIT_OF_WORK) values (32489,'Process Remand','Task created when document with type = Remand Notice is linked to the case.','Mailroom / Image Assembly',2,'B',1,1,'PA IEB Tasks');
Insert into D_TASK_TYPES (TASK_TYPE_ID,TASK_NAME,TASK_DESCRIPTION,OPERATIONS_GROUP,SLA_DAYS,SLA_DAYS_TYPE,SLA_TARGET_DAYS,SLA_JEOPARDY_DAYS,UNIT_OF_WORK) values (32501,'PC Data Entry','When a Physician''s Request is received for a case which does not have an In process application, this task is created; ','Mailroom / Image Assembly',2,'B',1,1,'PA IEB Tasks');
Insert into D_TASK_TYPES (TASK_TYPE_ID,TASK_NAME,TASK_DESCRIPTION,OPERATIONS_GROUP,SLA_DAYS,SLA_DAYS_TYPE,SLA_TARGET_DAYS,SLA_JEOPARDY_DAYS,UNIT_OF_WORK) values (32502,'LCD Data Entry','When a Level of Care Determination is received for a case which does not have an In process application, this task is created; ','Mailroom / Image Assembly',2,'B',1,1,'PA IEB Tasks');
Insert into D_TASK_TYPES (TASK_TYPE_ID,TASK_NAME,TASK_DESCRIPTION,OPERATIONS_GROUP,SLA_DAYS,SLA_DAYS_TYPE,SLA_TARGET_DAYS,SLA_JEOPARDY_DAYS,UNIT_OF_WORK) values (32503,'HCBS Denial Task','The HCBS Denial Task is created when the OLTL sends us the HCBS Denial letter that was created for a case which was Denied due to ineligibility. ','Mailroom / Image Assembly',2,'B',1,1,'EB/IVA');
Insert into D_TASK_TYPES (TASK_TYPE_ID,TASK_NAME,TASK_DESCRIPTION,OPERATIONS_GROUP,SLA_DAYS,SLA_DAYS_TYPE,SLA_TARGET_DAYS,SLA_JEOPARDY_DAYS,UNIT_OF_WORK) values (32504,'COMPASS Data Entry','COMPASS Data Entry task is created when the PA600 or PA600L application is received from the client and the worker has to perform data entry into COMPASS','Mailroom / Image Assembly',1,'B',1,1,'New Application');
Insert into D_TASK_TYPES (TASK_TYPE_ID,TASK_NAME,TASK_DESCRIPTION,OPERATIONS_GROUP,SLA_DAYS,SLA_DAYS_TYPE,SLA_TARGET_DAYS,SLA_JEOPARDY_DAYS,UNIT_OF_WORK) values (60001,'Application Data Entry','Application Data Entry','Mailroom / Image Assembly',2,'B',1,1,'Referral');
Insert into D_TASK_TYPES (TASK_TYPE_ID,TASK_NAME,TASK_DESCRIPTION,OPERATIONS_GROUP,SLA_DAYS,SLA_DAYS_TYPE,SLA_TARGET_DAYS,SLA_JEOPARDY_DAYS,UNIT_OF_WORK) values (60002,'Application Review','Application Review','Mailroom / Image Assembly',2,'B',1,1,'Application Review');
Insert into D_TASK_TYPES (TASK_TYPE_ID,TASK_NAME,TASK_DESCRIPTION,OPERATIONS_GROUP,SLA_DAYS,SLA_DAYS_TYPE,SLA_TARGET_DAYS,SLA_JEOPARDY_DAYS,UNIT_OF_WORK) values (60003,'Verify Missing Information','Verify Missing Information','Mailroom / Image Assembly',2,'B',1,1,'PC/LCD');
Insert into D_TASK_TYPES (TASK_TYPE_ID,TASK_NAME,TASK_DESCRIPTION,OPERATIONS_GROUP,SLA_DAYS,SLA_DAYS_TYPE,SLA_TARGET_DAYS,SLA_JEOPARDY_DAYS,UNIT_OF_WORK) values (60004,'Plan Info Data Entry - No Delay','Plan Info Data Entry - No Delay','Data Entry Unit',2,'B',1,1,'Financial Approval');
Insert into D_TASK_TYPES (TASK_TYPE_ID,TASK_NAME,TASK_DESCRIPTION,OPERATIONS_GROUP,SLA_DAYS,SLA_DAYS_TYPE,SLA_TARGET_DAYS,SLA_JEOPARDY_DAYS,UNIT_OF_WORK) values (60005,'Close Application Task','Close Application Task','Mailroom / Image Assembly',1,'B',1,1,'Referral');
Insert into D_TASK_TYPES (TASK_TYPE_ID,TASK_NAME,TASK_DESCRIPTION,OPERATIONS_GROUP,SLA_DAYS,SLA_DAYS_TYPE,SLA_TARGET_DAYS,SLA_JEOPARDY_DAYS,UNIT_OF_WORK) values (60006,'Discharge Confirmation Outreach Task','Discharge Confirmation Outreach Task','Assessors Unit',1,'B',1,1,'PA IEB Tasks');
Insert into D_TASK_TYPES (TASK_TYPE_ID,TASK_NAME,TASK_DESCRIPTION,OPERATIONS_GROUP,SLA_DAYS,SLA_DAYS_TYPE,SLA_TARGET_DAYS,SLA_JEOPARDY_DAYS,UNIT_OF_WORK) values (60007,'Finalize SC Agency Task','Finalize SC Agency Task','Data Entry Unit',5,'B',3,2,'MMS Ready');
Insert into D_TASK_TYPES (TASK_TYPE_ID,TASK_NAME,TASK_DESCRIPTION,OPERATIONS_GROUP,SLA_DAYS,SLA_DAYS_TYPE,SLA_TARGET_DAYS,SLA_JEOPARDY_DAYS,UNIT_OF_WORK) values (60008,'Complete Application Task','Complete Application Task','Data Entry Unit',2,'B',1,1,'Financial Approval');
Insert into D_TASK_TYPES (TASK_TYPE_ID,TASK_NAME,TASK_DESCRIPTION,OPERATIONS_GROUP,SLA_DAYS,SLA_DAYS_TYPE,SLA_TARGET_DAYS,SLA_JEOPARDY_DAYS,UNIT_OF_WORK) values (60009,'Waiver Mistmatch Task','Waiver Mistmatch Task','Research Unit',1,'B',1,1,'Financial Approval');
Insert into D_TASK_TYPES (TASK_TYPE_ID,TASK_NAME,TASK_DESCRIPTION,OPERATIONS_GROUP,SLA_DAYS,SLA_DAYS_TYPE,SLA_TARGET_DAYS,SLA_JEOPARDY_DAYS,UNIT_OF_WORK) values (60010,'PC Outreach Task','PC Outreach Task','Call Center',3,'B',2,2,'PA IEB Tasks');
Insert into D_TASK_TYPES (TASK_TYPE_ID,TASK_NAME,TASK_DESCRIPTION,OPERATIONS_GROUP,SLA_DAYS,SLA_DAYS_TYPE,SLA_TARGET_DAYS,SLA_JEOPARDY_DAYS,UNIT_OF_WORK) values (71000,'Appointment Outreach Task - Assessor Conflict','Appointment Outreach Task - Assessor Conflict','Call Center',1,'B',1,1,'PA IEB Tasks');
Insert into D_TASK_TYPES (TASK_TYPE_ID,TASK_NAME,TASK_DESCRIPTION,OPERATIONS_GROUP,SLA_DAYS,SLA_DAYS_TYPE,SLA_TARGET_DAYS,SLA_JEOPARDY_DAYS,UNIT_OF_WORK) values (60017,'Outbound FAX Research','Manual Task for Outbound FAX Research','Mailroom / Image Assembly',1,'B',1,0,'PA IEB Tasks');
Insert into D_TASK_TYPES (TASK_TYPE_ID,TASK_NAME,TASK_DESCRIPTION,OPERATIONS_GROUP,SLA_DAYS,SLA_DAYS_TYPE,SLA_TARGET_DAYS,SLA_JEOPARDY_DAYS,UNIT_OF_WORK) values (40137216,'Update SC Agency','Update SC Agency','Data Entry Unit',2,'B',1,1,'PA IEB Tasks');
Insert into D_TASK_TYPES (TASK_TYPE_ID,TASK_NAME,TASK_DESCRIPTION,OPERATIONS_GROUP,SLA_DAYS,SLA_DAYS_TYPE,SLA_TARGET_DAYS,SLA_JEOPARDY_DAYS,UNIT_OF_WORK) values (31000,'Liaison(State Escalation Task)','Liaison Task - Repurposed to track State Escalations.','Research Unit',20,'B',11,10,'PA IEB Tasks');
Insert into D_TASK_TYPES (TASK_TYPE_ID,TASK_NAME,TASK_DESCRIPTION,OPERATIONS_GROUP,SLA_DAYS,SLA_DAYS_TYPE,SLA_TARGET_DAYS,SLA_JEOPARDY_DAYS,UNIT_OF_WORK) values (40137223,'Update Delayed Enrollment Information','Manual Task created by Call Center/EBS to tell Enrollment to update Discharge date, Facility info, etc','Data Entry Unit',1,'B',1,0,'MMS Ready');
Insert into D_TASK_TYPES (TASK_TYPE_ID,TASK_NAME,TASK_DESCRIPTION,OPERATIONS_GROUP,SLA_DAYS,SLA_DAYS_TYPE,SLA_TARGET_DAYS,SLA_JEOPARDY_DAYS,UNIT_OF_WORK) values (40137221,'Resend PC / LCD','This manual task will be created for resending PC and LCD for applicants.','Mailroom / Image Assembly',2,'B',1,1,'PA IEB Tasks');
Insert into D_TASK_TYPES (TASK_TYPE_ID,TASK_NAME,TASK_DESCRIPTION,OPERATIONS_GROUP,SLA_DAYS,SLA_DAYS_TYPE,SLA_TARGET_DAYS,SLA_JEOPARDY_DAYS,UNIT_OF_WORK) values (60013,'COMPASS Data Entry','COMPASS Data Entry','Mailroom / Image Assembly',1,'B',1,1,'PA IEB Tasks');
Insert into D_TASK_TYPES (TASK_TYPE_ID,TASK_NAME,TASK_DESCRIPTION,OPERATIONS_GROUP,SLA_DAYS,SLA_DAYS_TYPE,SLA_TARGET_DAYS,SLA_JEOPARDY_DAYS,UNIT_OF_WORK) values (40137214,'Send OLTL HCBS Denial Notice','Send OLTL HCBS Denial Notice','Research Unit',1,'B',1,0,'EB/IVA');
Insert into D_TASK_TYPES (TASK_TYPE_ID,TASK_NAME,TASK_DESCRIPTION,OPERATIONS_GROUP,SLA_DAYS,SLA_DAYS_TYPE,SLA_TARGET_DAYS,SLA_JEOPARDY_DAYS,UNIT_OF_WORK) values (40137217,'Special Case Alert','Special Case Alert','Research Unit',2,'B',1,1,'PA IEB Tasks');
Insert into D_TASK_TYPES (TASK_TYPE_ID,TASK_NAME,TASK_DESCRIPTION,OPERATIONS_GROUP,SLA_DAYS,SLA_DAYS_TYPE,SLA_TARGET_DAYS,SLA_JEOPARDY_DAYS,UNIT_OF_WORK) values (40137222,'Reapplication','Reapplication - Call center reps are going to create it and send to the call center supervisors','Mailroom / Image Assembly',2,'B',1,1,'PA IEB Tasks');
Insert into D_TASK_TYPES (TASK_TYPE_ID,TASK_NAME,TASK_DESCRIPTION,OPERATIONS_GROUP,SLA_DAYS,SLA_DAYS_TYPE,SLA_TARGET_DAYS,SLA_JEOPARDY_DAYS,UNIT_OF_WORK) values (110,'Manual Human Task','Manual Task - Virtual Human Task','Mailroom / Image Assembly',7,'B',4,3,'Data Entry');
Insert into D_TASK_TYPES (TASK_TYPE_ID,TASK_NAME,TASK_DESCRIPTION,OPERATIONS_GROUP,SLA_DAYS,SLA_DAYS_TYPE,SLA_TARGET_DAYS,SLA_JEOPARDY_DAYS,UNIT_OF_WORK) values (60015,'Finalize Eligibility Task','Finalize Eligibility Task','Assessors Unit',1,'B',1,0,'PA IEB Tasks');
Insert into D_TASK_TYPES (TASK_TYPE_ID,TASK_NAME,TASK_DESCRIPTION,OPERATIONS_GROUP,SLA_DAYS,SLA_DAYS_TYPE,SLA_TARGET_DAYS,SLA_JEOPARDY_DAYS,UNIT_OF_WORK) values (32544,'Retrieve LCD from SAMS','Manual task created by worker to check SAMS for LCD documentation','Mailroom / Image Assembly',1,'B',1,0,'PA IEB Tasks');
Insert into D_TASK_TYPES (TASK_TYPE_ID,TASK_NAME,TASK_DESCRIPTION,OPERATIONS_GROUP,SLA_DAYS,SLA_DAYS_TYPE,SLA_TARGET_DAYS,SLA_JEOPARDY_DAYS,UNIT_OF_WORK) values (60016,'Check for Missing Information Task','Manual Task for Check SAMS Documentation','Mailroom / Image Assembly',1,'B',1,0,'PC/LCD');
Insert into D_TASK_TYPES (TASK_TYPE_ID,TASK_NAME,TASK_DESCRIPTION,OPERATIONS_GROUP,SLA_DAYS,SLA_DAYS_TYPE,SLA_TARGET_DAYS,SLA_JEOPARDY_DAYS,UNIT_OF_WORK) values (40137356,'Returned Mail – Contact Consumer','Returned Mail – Contact Consumer is used to contact Consumer regarding their returned mail','Call Center',2,'B',2,1,'PA IEB Tasks');
Insert into D_TASK_TYPES (TASK_TYPE_ID,TASK_NAME,TASK_DESCRIPTION,OPERATIONS_GROUP,SLA_DAYS,SLA_DAYS_TYPE,SLA_TARGET_DAYS,SLA_JEOPARDY_DAYS,UNIT_OF_WORK) values (40137355,'IEB Auth Review DE Task','IEB Auth Review & Data Entry Task','Data Entry Unit',2,'B',2,1,'PA IEB Tasks');
Insert into D_TASK_TYPES (TASK_TYPE_ID,TASK_NAME,TASK_DESCRIPTION,OPERATIONS_GROUP,SLA_DAYS,SLA_DAYS_TYPE,SLA_TARGET_DAYS,SLA_JEOPARDY_DAYS,UNIT_OF_WORK) values (40137374,'Manual Application Close Task','Manual Application Close Task from JIRA PAIEE-1839','Data Entry Unit',1,'B',1,1,'PA IEB Tasks');
Insert into D_TASK_TYPES (TASK_TYPE_ID,TASK_NAME,TASK_DESCRIPTION,OPERATIONS_GROUP,SLA_DAYS,SLA_DAYS_TYPE,SLA_TARGET_DAYS,SLA_JEOPARDY_DAYS,UNIT_OF_WORK) values (30049,'EC Complaints(NA-EC Complaint Task)','Complaint Task','Call Center',2,'B',1,1,'PA IEB Tasks');
Insert into D_TASK_TYPES (TASK_TYPE_ID,TASK_NAME,TASK_DESCRIPTION,OPERATIONS_GROUP,SLA_DAYS,SLA_DAYS_TYPE,SLA_TARGET_DAYS,SLA_JEOPARDY_DAYS,UNIT_OF_WORK) values (31050,'Application Document Relink','Document/Application Relink Task','Mailroom / Image Assembly',2,'B',1,1,'PA IEB Tasks');
Insert into D_TASK_TYPES (TASK_TYPE_ID,TASK_NAME,TASK_DESCRIPTION,OPERATIONS_GROUP,SLA_DAYS,SLA_DAYS_TYPE,SLA_TARGET_DAYS,SLA_JEOPARDY_DAYS,UNIT_OF_WORK) values (30053,'EC Supervisor Complaints','Complaint Task for Supervisor','Call Center',2,'B',1,1,'PA IEB Tasks');
Insert into D_TASK_TYPES (TASK_TYPE_ID,TASK_NAME,TASK_DESCRIPTION,OPERATIONS_GROUP,SLA_DAYS,SLA_DAYS_TYPE,SLA_TARGET_DAYS,SLA_JEOPARDY_DAYS,UNIT_OF_WORK) values (1050,'Manual Linking','Manual Linking Task','Mailroom / Image Assembly',1,'B',1,1,'PA IEB Tasks');
Insert into D_TASK_TYPES (TASK_TYPE_ID,TASK_NAME,TASK_DESCRIPTION,OPERATIONS_GROUP,SLA_DAYS,SLA_DAYS_TYPE,SLA_TARGET_DAYS,SLA_JEOPARDY_DAYS,UNIT_OF_WORK) values (32521,'Plan Info Data Entry - Delay','The Plan Info Data Entry - Delay task is created by the worker when they complete finalizing the SC agency for an Application that has delayed enrollment;','Data Entry Unit',2,'B',1,1,'MMS Ready');
Insert into D_TASK_TYPES (TASK_TYPE_ID,TASK_NAME,TASK_DESCRIPTION,OPERATIONS_GROUP,SLA_DAYS,SLA_DAYS_TYPE,SLA_TARGET_DAYS,SLA_JEOPARDY_DAYS,UNIT_OF_WORK) values (60011,'Compile Final Mailing Packet','Manual Task for Compile Final Mailing Packet','Mailroom / Image Assembly',2,'B',1,1,'Final Mailing (Enrolled)');
Insert into D_TASK_TYPES (TASK_TYPE_ID,TASK_NAME,TASK_DESCRIPTION,OPERATIONS_GROUP,SLA_DAYS,SLA_DAYS_TYPE,SLA_TARGET_DAYS,SLA_JEOPARDY_DAYS,UNIT_OF_WORK) values (60012,'Compile Delayed Transition','Manual Task for Compile Delayed Transition','Mailroom / Image Assembly',2,'B',1,1,'MMS Ready');
Insert into D_TASK_TYPES (TASK_TYPE_ID,TASK_NAME,TASK_DESCRIPTION,OPERATIONS_GROUP,SLA_DAYS,SLA_DAYS_TYPE,SLA_TARGET_DAYS,SLA_JEOPARDY_DAYS,UNIT_OF_WORK) values (40137230,'Send Applicant Denial Notice','Send Applicant Denial Notice - use by call center to tell mailroom to resend applicant HCBS denial notice','Mailroom / Image Assembly',1,'B',1,0,'PA IEB Tasks');
Insert into D_TASK_TYPES (TASK_TYPE_ID,TASK_NAME,TASK_DESCRIPTION,OPERATIONS_GROUP,SLA_DAYS,SLA_DAYS_TYPE,SLA_TARGET_DAYS,SLA_JEOPARDY_DAYS,UNIT_OF_WORK) values (40137231,'Resend SC Final Mailing','Resend SC Final Mailing - Used by call center to tell mailroom to resend final mailing to sc','Mailroom / Image Assembly',1,'B',1,0,'PA IEB Tasks');
Insert into D_TASK_TYPES (TASK_TYPE_ID,TASK_NAME,TASK_DESCRIPTION,OPERATIONS_GROUP,SLA_DAYS,SLA_DAYS_TYPE,SLA_TARGET_DAYS,SLA_JEOPARDY_DAYS,UNIT_OF_WORK) values (40137228,'Mail Applicant SC Agency List','Mail Applicant SC Agency List','Mailroom / Image Assembly',1,'B',1,0,'PA IEB Tasks');
Insert into D_TASK_TYPES (TASK_TYPE_ID,TASK_NAME,TASK_DESCRIPTION,OPERATIONS_GROUP,SLA_DAYS,SLA_DAYS_TYPE,SLA_TARGET_DAYS,SLA_JEOPARDY_DAYS,UNIT_OF_WORK) values (40137226,'Received Confirmed Discharge','Received Confirmed Discharge','Mailroom / Image Assembly',2,'B',1,1,'MMS Ready');
Insert into D_TASK_TYPES (TASK_TYPE_ID,TASK_NAME,TASK_DESCRIPTION,OPERATIONS_GROUP,SLA_DAYS,SLA_DAYS_TYPE,SLA_TARGET_DAYS,SLA_JEOPARDY_DAYS,UNIT_OF_WORK) values (40137227,'Resend 1768','Resend 1768','Mailroom / Image Assembly',1,'B',1,0,'PA IEB Tasks');
Insert into D_TASK_TYPES (TASK_TYPE_ID,TASK_NAME,TASK_DESCRIPTION,OPERATIONS_GROUP,SLA_DAYS,SLA_DAYS_TYPE,SLA_TARGET_DAYS,SLA_JEOPARDY_DAYS,UNIT_OF_WORK) values (40137224,'MAXe Escalation','Manual Task to be created by workers when there is an issue with the system that needs to be addressed by the systems team. The task will be forwarded to the SuperUser ','Mailroom / Image Assembly',1,'B',1,1,'PA IEB Tasks');
Insert into D_TASK_TYPES (TASK_TYPE_ID,TASK_NAME,TASK_DESCRIPTION,OPERATIONS_GROUP,SLA_DAYS,SLA_DAYS_TYPE,SLA_TARGET_DAYS,SLA_JEOPARDY_DAYS,UNIT_OF_WORK) values (40137225,'Get Pending MCI from eCIS','Manual task to Eligiblity to add Pending MCI from eCIS on case to move forward when we have a PA600','Mailroom / Image Assembly',1,'B',1,0,'New Application');
Insert into D_TASK_TYPES (TASK_TYPE_ID,TASK_NAME,TASK_DESCRIPTION,OPERATIONS_GROUP,SLA_DAYS,SLA_DAYS_TYPE,SLA_TARGET_DAYS,SLA_JEOPARDY_DAYS,UNIT_OF_WORK) values (40137229,'Send NHT Documents','Send NHT Documents','Mailroom / Image Assembly',2,'B',1,1,'PA IEB Tasks');
Insert into D_TASK_TYPES (TASK_TYPE_ID,TASK_NAME,TASK_DESCRIPTION,OPERATIONS_GROUP,SLA_DAYS,SLA_DAYS_TYPE,SLA_TARGET_DAYS,SLA_JEOPARDY_DAYS,UNIT_OF_WORK) values (32211,'Appointment Outreach','Appointment Outreach','Call Center',1,'B',1,1,'PA IEB Tasks');
Insert into D_TASK_TYPES (TASK_TYPE_ID,TASK_NAME,TASK_DESCRIPTION,OPERATIONS_GROUP,SLA_DAYS,SLA_DAYS_TYPE,SLA_TARGET_DAYS,SLA_JEOPARDY_DAYS,UNIT_OF_WORK) values (32496,'Appeal Resolution Follow Up','Appeal Resolution Follow Up','Appeals Unit',3,'B',2,1,'PA IEB Tasks');
Insert into D_TASK_TYPES (TASK_TYPE_ID,TASK_NAME,TASK_DESCRIPTION,OPERATIONS_GROUP,SLA_DAYS,SLA_DAYS_TYPE,SLA_TARGET_DAYS,SLA_JEOPARDY_DAYS,UNIT_OF_WORK) values (40137215,'Appeal Upheld- Update Enrollment','This task is created by the Research/Appeals Specialist when we receive confirmation that the Appeal was upheld and that we need to update the enrollment in HCSIS or SAMS accordingly','Appeals Unit',2,'B',1,1,'PA IEB Tasks');
Insert into D_TASK_TYPES (TASK_TYPE_ID,TASK_NAME,TASK_DESCRIPTION,OPERATIONS_GROUP,SLA_DAYS,SLA_DAYS_TYPE,SLA_TARGET_DAYS,SLA_JEOPARDY_DAYS,UNIT_OF_WORK) values (40137274,'CHC Phone Enrollment Follow up','During a specific period of file reconciliation, MAXIMUS will not be able to enter the plan enrollment in the enrollment tab in MAXe. We will instead create this task to record the enrollment.','CHC Data Entry',2,'B',1,1,'PA CHC Manual Tasks');
Insert into D_TASK_TYPES (TASK_TYPE_ID,TASK_NAME,TASK_DESCRIPTION,OPERATIONS_GROUP,SLA_DAYS,SLA_DAYS_TYPE,SLA_TARGET_DAYS,SLA_JEOPARDY_DAYS,UNIT_OF_WORK) values (40137394,'Freedom of Choice DE','Freedom of Choice DE for OLTL Freedom of Choice Form','Mailroom / Image Assembly',1,'B',1,1,'PA IEB Tasks');
Insert into D_TASK_TYPES (TASK_TYPE_ID,TASK_NAME,TASK_DESCRIPTION,OPERATIONS_GROUP,SLA_DAYS,SLA_DAYS_TYPE,SLA_TARGET_DAYS,SLA_JEOPARDY_DAYS,UNIT_OF_WORK) values (40137395,'HIPAA Form Data Entry','HIPAA Form Data Entry for the Notice of Privacy Practices Acknowledgement Form','Mailroom / Image Assembly',1,'B',1,1,'PA IEB Tasks');
Insert into D_TASK_TYPES (TASK_TYPE_ID,TASK_NAME,TASK_DESCRIPTION,OPERATIONS_GROUP,SLA_DAYS,SLA_DAYS_TYPE,SLA_TARGET_DAYS,SLA_JEOPARDY_DAYS,UNIT_OF_WORK) values (40137254,'CHC Enrollment Form Outreach','CHC Enrollment Form Outreach','CHC Data Entry',20,'B',11,10,'PA CHC Manual Tasks');
Insert into D_TASK_TYPES (TASK_TYPE_ID,TASK_NAME,TASK_DESCRIPTION,OPERATIONS_GROUP,SLA_DAYS,SLA_DAYS_TYPE,SLA_TARGET_DAYS,SLA_JEOPARDY_DAYS,UNIT_OF_WORK) values (40137255,'CHC Manual Packet Request','CHC Manual Packet Request','CHC Data Entry',1,'B',1,1,'PA CHC Manual Tasks');
Insert into D_TASK_TYPES (TASK_TYPE_ID,TASK_NAME,TASK_DESCRIPTION,OPERATIONS_GROUP,SLA_DAYS,SLA_DAYS_TYPE,SLA_TARGET_DAYS,SLA_JEOPARDY_DAYS,UNIT_OF_WORK) values (32546,'CHC Enrollment Data Entry','CHC Enrollment Data Entry','CHC Data Entry',2,'B',1,1,'PA CHC Manual Tasks');
Insert into D_TASK_TYPES (TASK_TYPE_ID,TASK_NAME,TASK_DESCRIPTION,OPERATIONS_GROUP,SLA_DAYS,SLA_DAYS_TYPE,SLA_TARGET_DAYS,SLA_JEOPARDY_DAYS,UNIT_OF_WORK) values (40137234,'Fair Hearing Request','Fair Hearing Request','Appeals Unit',2,'B',1,1,'PA IEB Tasks');
Insert into D_TASK_TYPES (TASK_TYPE_ID,TASK_NAME,TASK_DESCRIPTION,OPERATIONS_GROUP,SLA_DAYS,SLA_DAYS_TYPE,SLA_TARGET_DAYS,SLA_JEOPARDY_DAYS,UNIT_OF_WORK) values (2002,'Enrollment Correction Task for Special Projects','Special Projects Enrollment Correction Task','CHC Data Entry',1,'B',1,1,'PA CHC Manual Tasks');
Insert into D_TASK_TYPES (TASK_TYPE_ID,TASK_NAME,TASK_DESCRIPTION,OPERATIONS_GROUP,SLA_DAYS,SLA_DAYS_TYPE,SLA_TARGET_DAYS,SLA_JEOPARDY_DAYS,UNIT_OF_WORK) values (40137414,'Document Reclassification Review','Document Reclassification Review created when document is misclassified','Mailroom / Image Assembly',2,'B',2,1,'PA IEB Tasks');
Insert into D_TASK_TYPES (TASK_TYPE_ID,TASK_NAME,TASK_DESCRIPTION,OPERATIONS_GROUP,SLA_DAYS,SLA_DAYS_TYPE,SLA_TARGET_DAYS,SLA_JEOPARDY_DAYS,UNIT_OF_WORK) values (40137415,'APS Form Data Entry Task','APS Form Data Entry Task','CHC Date Entry',2,'B',2,1,'PA IEB Tasks');
Insert into D_TASK_TYPES (TASK_TYPE_ID,TASK_NAME,TASK_DESCRIPTION,OPERATIONS_GROUP,SLA_DAYS,SLA_DAYS_TYPE,SLA_TARGET_DAYS,SLA_JEOPARDY_DAYS,UNIT_OF_WORK) values (40138000,'Verify Consumer MA','Verify Consumer MA - created for documents which are incoming related to consumers medical assistance','Data Entry Unit',2,'B',2,1,'PA IEB Tasks');
Insert into D_TASK_TYPES (TASK_TYPE_ID,TASK_NAME,TASK_DESCRIPTION,OPERATIONS_GROUP,SLA_DAYS,SLA_DAYS_TYPE,SLA_TARGET_DAYS,SLA_JEOPARDY_DAYS,UNIT_OF_WORK) values (40138002,'Additional Info Received - PA 600','When additional Information is received for an Application, the system creates this task after the auto linking of the document to the Case','Mailroom / Image Assembly',2,'B',2,1,'PA IEB Tasks');
Insert into D_TASK_TYPES (TASK_TYPE_ID,TASK_NAME,TASK_DESCRIPTION) values (60014,'HCBS Denial Task','HCBS Denial Task');  -- Not in PAIEMXP DB

-- D_BPM_PROCESS
Insert into D_BPM_PROCESS (PROCESS_ID,PROCESS_NAME,PROCESS_DESCRIPTION,PARENT_PROCESS_ID,PROCESS_TIMELINESS_THRESHOLD,PROCESS_TIMELINESS_DAYS_TYPE) values (1,'PA IEB Application Processing','The process required to process PA IEB application',0,90,'B');

-- D_BPM_ENTITY_TYPE
Insert into D_BPM_ENTITY_TYPE (ENTITY_TYPE_ID,ENTITY_TYPE_NAME,ENTITY_TYPE_DESCRIPTION) values (1,'EXCLUSIVE_GATEWAY','Connects only two entities');
Insert into D_BPM_ENTITY_TYPE (ENTITY_TYPE_ID,ENTITY_TYPE_NAME,ENTITY_TYPE_DESCRIPTION) values (2,'PARALLEL_GATEWAY','Connects multiple entities');
Insert into D_BPM_ENTITY_TYPE (ENTITY_TYPE_ID,ENTITY_TYPE_NAME,ENTITY_TYPE_DESCRIPTION) values (3,'PROCESS_ACTIVITY','Process activity');
Insert into D_BPM_ENTITY_TYPE (ENTITY_TYPE_ID,ENTITY_TYPE_NAME,ENTITY_TYPE_DESCRIPTION) values (4,'SUBPROCESS_ACTIVITY','Sub-Process activity');
Insert into D_BPM_ENTITY_TYPE (ENTITY_TYPE_ID,ENTITY_TYPE_NAME,ENTITY_TYPE_DESCRIPTION) values (5,'TASK_ACTIVITY','Task activity');
Insert into D_BPM_ENTITY_TYPE (ENTITY_TYPE_ID,ENTITY_TYPE_NAME,ENTITY_TYPE_DESCRIPTION) values (6,'PROCESS_COMPLETE','Process completion entity, marks end of process');
Insert into D_BPM_ENTITY_TYPE (ENTITY_TYPE_ID,ENTITY_TYPE_NAME,ENTITY_TYPE_DESCRIPTION) values (7,'PROCESS_START','Process start entity, marks the start of a process');

-- D_BPM_ENTITY

Insert into D_BPM_ENTITY (ENTITY_ID,ENTITY_TYPE_ID,PROCESS_ID,ENTITY_NAME,ENTITY_DESCRIPTION,TIMELINESS_THRESHOLD,TIMELINESS_DAYS_TYPE,IS_STARTING_ENTITY,IS_TERMINATING_ENTITY,CURR_BUSINESS_PROCESS_POOL,CURR_ENTITY_SOURCE,CURR_ENTITY_SORT_ORDER) values (1,7,1,'APPLICATION_OR_REFERRAL_RECEIVED','Application/ Referral Received Task',1,'B','Y','N','PC/LCD','EB',10);
Insert into D_BPM_ENTITY (ENTITY_ID,ENTITY_TYPE_ID,PROCESS_ID,ENTITY_NAME,ENTITY_DESCRIPTION,TIMELINESS_THRESHOLD,TIMELINESS_DAYS_TYPE,IS_STARTING_ENTITY,IS_TERMINATING_ENTITY,CURR_BUSINESS_PROCESS_POOL,CURR_ENTITY_SOURCE,CURR_ENTITY_SORT_ORDER) values (2,5,1,'COMPLETE_APPLICATION_DATA_ENTRY','Application Data Entry Task',1,'B','N','N','PC/LCD','EB',20);
Insert into D_BPM_ENTITY (ENTITY_ID,ENTITY_TYPE_ID,PROCESS_ID,ENTITY_NAME,ENTITY_DESCRIPTION,TIMELINESS_THRESHOLD,TIMELINESS_DAYS_TYPE,IS_STARTING_ENTITY,IS_TERMINATING_ENTITY,CURR_BUSINESS_PROCESS_POOL,CURR_ENTITY_SOURCE,CURR_ENTITY_SORT_ORDER) values (3,1,1,'ABLE_TO_REACH_CLIENT?','Able to Reach Client? Gateway',9999,'B','N','N','PC/LCD','EB',30);
Insert into D_BPM_ENTITY (ENTITY_ID,ENTITY_TYPE_ID,PROCESS_ID,ENTITY_NAME,ENTITY_DESCRIPTION,TIMELINESS_THRESHOLD,TIMELINESS_DAYS_TYPE,IS_STARTING_ENTITY,IS_TERMINATING_ENTITY,CURR_BUSINESS_PROCESS_POOL,CURR_ENTITY_SOURCE,CURR_ENTITY_SORT_ORDER) values (4,6,1,'APPLICATION_CLOSED_UNABLE_TO_REACH_CLIENT','Application Closed - Unable to Reach Client Task',9999,'B','N','Y','PC/LCD','EB',40);
Insert into D_BPM_ENTITY (ENTITY_ID,ENTITY_TYPE_ID,PROCESS_ID,ENTITY_NAME,ENTITY_DESCRIPTION,TIMELINESS_THRESHOLD,TIMELINESS_DAYS_TYPE,IS_STARTING_ENTITY,IS_TERMINATING_ENTITY,CURR_BUSINESS_PROCESS_POOL,CURR_ENTITY_SOURCE,CURR_ENTITY_SORT_ORDER) values (5,1,1,'OPEN_MEDICAL_ASSISTANCE_(MA)_PRESENT','Open Medical Assistance (MA) present? Gateway',9999,'B','N','N','PC/LCD','EB',50);
Insert into D_BPM_ENTITY (ENTITY_ID,ENTITY_TYPE_ID,PROCESS_ID,ENTITY_NAME,ENTITY_DESCRIPTION,TIMELINESS_THRESHOLD,TIMELINESS_DAYS_TYPE,IS_STARTING_ENTITY,IS_TERMINATING_ENTITY,CURR_BUSINESS_PROCESS_POOL,CURR_ENTITY_SOURCE,CURR_ENTITY_SORT_ORDER) values (6,1,1,'PA600_ COMPASS_RECEIVED','PA600/ Compass Received? Gateway',9999,'B','N','N','PC/LCD','EB',60);
Insert into D_BPM_ENTITY (ENTITY_ID,ENTITY_TYPE_ID,PROCESS_ID,ENTITY_NAME,ENTITY_DESCRIPTION,TIMELINESS_THRESHOLD,TIMELINESS_DAYS_TYPE,IS_STARTING_ENTITY,IS_TERMINATING_ENTITY,CURR_BUSINESS_PROCESS_POOL,CURR_ENTITY_SOURCE,CURR_ENTITY_SORT_ORDER) values (7,5,1,'COMPLETE_COMPASS_DATA_ENTRY','COMPASS Data Entry Task',9999,'B','N','N','PC/LCD','EB',70);
Insert into D_BPM_ENTITY (ENTITY_ID,ENTITY_TYPE_ID,PROCESS_ID,ENTITY_NAME,ENTITY_DESCRIPTION,TIMELINESS_THRESHOLD,TIMELINESS_DAYS_TYPE,IS_STARTING_ENTITY,IS_TERMINATING_ENTITY,CURR_BUSINESS_PROCESS_POOL,CURR_ENTITY_SOURCE,CURR_ENTITY_SORT_ORDER) values (8,1,1,'APPLICATION_RECEIVED?','Application Received?(after 30 days) Gateway',9999,'B','N','N','PC/LCD','EB',80);
Insert into D_BPM_ENTITY (ENTITY_ID,ENTITY_TYPE_ID,PROCESS_ID,ENTITY_NAME,ENTITY_DESCRIPTION,TIMELINESS_THRESHOLD,TIMELINESS_DAYS_TYPE,IS_STARTING_ENTITY,IS_TERMINATING_ENTITY,CURR_BUSINESS_PROCESS_POOL,CURR_ENTITY_SOURCE,CURR_ENTITY_SORT_ORDER) values (9,5,1,'CLOSE APPLICATION_REFERRAL','Close Application Task',1,'B','N','N','PC/LCD','EB',90);
Insert into D_BPM_ENTITY (ENTITY_ID,ENTITY_TYPE_ID,PROCESS_ID,ENTITY_NAME,ENTITY_DESCRIPTION,TIMELINESS_THRESHOLD,TIMELINESS_DAYS_TYPE,IS_STARTING_ENTITY,IS_TERMINATING_ENTITY,CURR_BUSINESS_PROCESS_POOL,CURR_ENTITY_SOURCE,CURR_ENTITY_SORT_ORDER) values (10,6,1,'APPLICATION_REFERRAL_CLOSED_MA_NOT_RECEIVED','Application (Referral) Closed - ''MA Not Received'' Task',9999,'B','N','Y','PC/LCD','EB',100);
Insert into D_BPM_ENTITY (ENTITY_ID,ENTITY_TYPE_ID,PROCESS_ID,ENTITY_NAME,ENTITY_DESCRIPTION,TIMELINESS_THRESHOLD,TIMELINESS_DAYS_TYPE,IS_STARTING_ENTITY,IS_TERMINATING_ENTITY,CURR_BUSINESS_PROCESS_POOL,CURR_ENTITY_SOURCE,CURR_ENTITY_SORT_ORDER) values (11,1,1,'PC_OR_LCD_MI_SATISFIED','PC/ LCD MI Satisfied? Gateway',9999,'B','N','N','PC/LCD','EB',110);
Insert into D_BPM_ENTITY (ENTITY_ID,ENTITY_TYPE_ID,PROCESS_ID,ENTITY_NAME,ENTITY_DESCRIPTION,TIMELINESS_THRESHOLD,TIMELINESS_DAYS_TYPE,IS_STARTING_ENTITY,IS_TERMINATING_ENTITY,CURR_BUSINESS_PROCESS_POOL,CURR_ENTITY_SOURCE,CURR_ENTITY_SORT_ORDER) values (12,1,1,'CONFIRM_RECEIPT_OF_PC_AND_LCD','Confirm Receipt of PC and LCD Task',9999,'B','N','N','PC/LCD','EB',120);
Insert into D_BPM_ENTITY (ENTITY_ID,ENTITY_TYPE_ID,PROCESS_ID,ENTITY_NAME,ENTITY_DESCRIPTION,TIMELINESS_THRESHOLD,TIMELINESS_DAYS_TYPE,IS_STARTING_ENTITY,IS_TERMINATING_ENTITY,CURR_BUSINESS_PROCESS_POOL,CURR_ENTITY_SOURCE,CURR_ENTITY_SORT_ORDER) values (13,1,1,'PC_OR_LCD_RECEIVED_AFTER_86_DAYS','PC/ LCD Valid? (after 86 days) Gateway',9999,'B','N','N','PC/LCD','EB',130);
Insert into D_BPM_ENTITY (ENTITY_ID,ENTITY_TYPE_ID,PROCESS_ID,ENTITY_NAME,ENTITY_DESCRIPTION,TIMELINESS_THRESHOLD,TIMELINESS_DAYS_TYPE,IS_STARTING_ENTITY,IS_TERMINATING_ENTITY,CURR_BUSINESS_PROCESS_POOL,CURR_ENTITY_SOURCE,CURR_ENTITY_SORT_ORDER) values (14,5,1,'VERIFY_INFORMATION','Verify Missing Information Task',9999,'B','N','N','PC/LCD','EB',140);
Insert into D_BPM_ENTITY (ENTITY_ID,ENTITY_TYPE_ID,PROCESS_ID,ENTITY_NAME,ENTITY_DESCRIPTION,TIMELINESS_THRESHOLD,TIMELINESS_DAYS_TYPE,IS_STARTING_ENTITY,IS_TERMINATING_ENTITY,CURR_BUSINESS_PROCESS_POOL,CURR_ENTITY_SOURCE,CURR_ENTITY_SORT_ORDER) values (15,1,1,'PC_OR_LCD_COMPLETE','PC/ LCD Complete? Gateway',9999,'B','N','N','PC/LCD','EB',150);
Insert into D_BPM_ENTITY (ENTITY_ID,ENTITY_TYPE_ID,PROCESS_ID,ENTITY_NAME,ENTITY_DESCRIPTION,TIMELINESS_THRESHOLD,TIMELINESS_DAYS_TYPE,IS_STARTING_ENTITY,IS_TERMINATING_ENTITY,CURR_BUSINESS_PROCESS_POOL,CURR_ENTITY_SOURCE,CURR_ENTITY_SORT_ORDER) values (16,5,1,'REVIEW_APPLICATION','Application review Task',1,'B','N','N','Application Review','EB',160);
Insert into D_BPM_ENTITY (ENTITY_ID,ENTITY_TYPE_ID,PROCESS_ID,ENTITY_NAME,ENTITY_DESCRIPTION,TIMELINESS_THRESHOLD,TIMELINESS_DAYS_TYPE,IS_STARTING_ENTITY,IS_TERMINATING_ENTITY,CURR_BUSINESS_PROCESS_POOL,CURR_ENTITY_SOURCE,CURR_ENTITY_SORT_ORDER) values (17,1,1,'FUNCTIONALLY_INELIGIBLE','Functionally Ineligible? Gateway',9999,'B','N','N','EB/IVA','EB',170);
Insert into D_BPM_ENTITY (ENTITY_ID,ENTITY_TYPE_ID,PROCESS_ID,ENTITY_NAME,ENTITY_DESCRIPTION,TIMELINESS_THRESHOLD,TIMELINESS_DAYS_TYPE,IS_STARTING_ENTITY,IS_TERMINATING_ENTITY,CURR_BUSINESS_PROCESS_POOL,CURR_ENTITY_SOURCE,CURR_ENTITY_SORT_ORDER) values (18,1,1,'SEND_OLTL_HCBS_DENIAL_NOTICE','Send OLTL HCBS Denial Notice Task',9999,'B','N','N','EB/IVA','EB',180);
Insert into D_BPM_ENTITY (ENTITY_ID,ENTITY_TYPE_ID,PROCESS_ID,ENTITY_NAME,ENTITY_DESCRIPTION,TIMELINESS_THRESHOLD,TIMELINESS_DAYS_TYPE,IS_STARTING_ENTITY,IS_TERMINATING_ENTITY,CURR_BUSINESS_PROCESS_POOL,CURR_ENTITY_SOURCE,CURR_ENTITY_SORT_ORDER) values (19,5,1,'COMPLETE_HCBS_DENIAL','HCBS Denial Task',1,'B','N','N','EB/IVA','EB',190);
Insert into D_BPM_ENTITY (ENTITY_ID,ENTITY_TYPE_ID,PROCESS_ID,ENTITY_NAME,ENTITY_DESCRIPTION,TIMELINESS_THRESHOLD,TIMELINESS_DAYS_TYPE,IS_STARTING_ENTITY,IS_TERMINATING_ENTITY,CURR_BUSINESS_PROCESS_POOL,CURR_ENTITY_SOURCE,CURR_ENTITY_SORT_ORDER) values (20,6,1,'APPLICATION_CLOSED_FUNCTIONALLY_INELIGIBLE','Application Closed - Functionally Ineligible Task',9999,'B','N','Y','EB/IVA','EB',200);
Insert into D_BPM_ENTITY (ENTITY_ID,ENTITY_TYPE_ID,PROCESS_ID,ENTITY_NAME,ENTITY_DESCRIPTION,TIMELINESS_THRESHOLD,TIMELINESS_DAYS_TYPE,IS_STARTING_ENTITY,IS_TERMINATING_ENTITY,CURR_BUSINESS_PROCESS_POOL,CURR_ENTITY_SOURCE,CURR_ENTITY_SORT_ORDER) values (21,5,1,'SCHEDULE_AND_CONDUCT_ASSESSMENT','Verify Missing Information Task',1,'B','N','N','EB/IVA','EB',210);
Insert into D_BPM_ENTITY (ENTITY_ID,ENTITY_TYPE_ID,PROCESS_ID,ENTITY_NAME,ENTITY_DESCRIPTION,TIMELINESS_THRESHOLD,TIMELINESS_DAYS_TYPE,IS_STARTING_ENTITY,IS_TERMINATING_ENTITY,CURR_BUSINESS_PROCESS_POOL,CURR_ENTITY_SOURCE,CURR_ENTITY_SORT_ORDER) values (22,5,1,'FINALIZE_ELIGIBILITY','Finalize Eligibility Task',1,'B','N','N','MMS Ready','EB',220);
Insert into D_BPM_ENTITY (ENTITY_ID,ENTITY_TYPE_ID,PROCESS_ID,ENTITY_NAME,ENTITY_DESCRIPTION,TIMELINESS_THRESHOLD,TIMELINESS_DAYS_TYPE,IS_STARTING_ENTITY,IS_TERMINATING_ENTITY,CURR_BUSINESS_PROCESS_POOL,CURR_ENTITY_SOURCE,CURR_ENTITY_SORT_ORDER) values (23,1,1,'FUNCTIONALLY_ELIGIBLE','Functionally Eligible? Gateway',9999,'B','N','N','MMS Ready','EB',230);
Insert into D_BPM_ENTITY (ENTITY_ID,ENTITY_TYPE_ID,PROCESS_ID,ENTITY_NAME,ENTITY_DESCRIPTION,TIMELINESS_THRESHOLD,TIMELINESS_DAYS_TYPE,IS_STARTING_ENTITY,IS_TERMINATING_ENTITY,CURR_BUSINESS_PROCESS_POOL,CURR_ENTITY_SOURCE,CURR_ENTITY_SORT_ORDER) values (24,1,1,'DELAYED_ENROLLMENT','Delayed Enrollment? Gateway',1,'B','N','N','MMS Ready','EB',240);
Insert into D_BPM_ENTITY (ENTITY_ID,ENTITY_TYPE_ID,PROCESS_ID,ENTITY_NAME,ENTITY_DESCRIPTION,TIMELINESS_THRESHOLD,TIMELINESS_DAYS_TYPE,IS_STARTING_ENTITY,IS_TERMINATING_ENTITY,CURR_BUSINESS_PROCESS_POOL,CURR_ENTITY_SOURCE,CURR_ENTITY_SORT_ORDER) values (25,1,1,'PLAN_DE_COMPLETE','Plan DE Complete? Gateway',9999,'B','N','N','MMS Ready','EB',250);
Insert into D_BPM_ENTITY (ENTITY_ID,ENTITY_TYPE_ID,PROCESS_ID,ENTITY_NAME,ENTITY_DESCRIPTION,TIMELINESS_THRESHOLD,TIMELINESS_DAYS_TYPE,IS_STARTING_ENTITY,IS_TERMINATING_ENTITY,CURR_BUSINESS_PROCESS_POOL,CURR_ENTITY_SOURCE,CURR_ENTITY_SORT_ORDER) values (26,5,1,'FINALIZE_SC_AGENCY','Finalize SC Agency Task',3,'B','N','N','MMS Ready','EB',260);
Insert into D_BPM_ENTITY (ENTITY_ID,ENTITY_TYPE_ID,PROCESS_ID,ENTITY_NAME,ENTITY_DESCRIPTION,TIMELINESS_THRESHOLD,TIMELINESS_DAYS_TYPE,IS_STARTING_ENTITY,IS_TERMINATING_ENTITY,CURR_BUSINESS_PROCESS_POOL,CURR_ENTITY_SOURCE,CURR_ENTITY_SORT_ORDER) values (27,1,1,'SC_AGENCY_FOUND','SC Agency Found? Gateway',9999,'B','N','N','MMS Ready','EB',270);
Insert into D_BPM_ENTITY (ENTITY_ID,ENTITY_TYPE_ID,PROCESS_ID,ENTITY_NAME,ENTITY_DESCRIPTION,TIMELINESS_THRESHOLD,TIMELINESS_DAYS_TYPE,IS_STARTING_ENTITY,IS_TERMINATING_ENTITY,CURR_BUSINESS_PROCESS_POOL,CURR_ENTITY_SOURCE,CURR_ENTITY_SORT_ORDER) values (28,6,1,'APPLICATION_CLOSED_DENIED_UNABLE_TO_LOCATE','Application Closed - Denied Unable to Locate Task',9999,'B','N','Y','MMS Ready','EB',280);
Insert into D_BPM_ENTITY (ENTITY_ID,ENTITY_TYPE_ID,PROCESS_ID,ENTITY_NAME,ENTITY_DESCRIPTION,TIMELINESS_THRESHOLD,TIMELINESS_DAYS_TYPE,IS_STARTING_ENTITY,IS_TERMINATING_ENTITY,CURR_BUSINESS_PROCESS_POOL,CURR_ENTITY_SOURCE,CURR_ENTITY_SORT_ORDER) values (29,5,1,'PLAN_INFO_DATA_ENTRY','Plan Info Data Entry - No Delay Task',9999,'B','N','N','MMS Ready','EB',290);
Insert into D_BPM_ENTITY (ENTITY_ID,ENTITY_TYPE_ID,PROCESS_ID,ENTITY_NAME,ENTITY_DESCRIPTION,TIMELINESS_THRESHOLD,TIMELINESS_DAYS_TYPE,IS_STARTING_ENTITY,IS_TERMINATING_ENTITY,CURR_BUSINESS_PROCESS_POOL,CURR_ENTITY_SOURCE,CURR_ENTITY_SORT_ORDER) values (30,2,1,'SPLIT_DISCHARGE_CONFIRMATION_OUTREACH_AND_PROCESS_DELAYED_ENROLLMENT','Parallel Split - Discharge Confirmation Outreach & Process Delayed Enrollment Gateway',9999,'B','N','N','MMS Ready','EB',300);
Insert into D_BPM_ENTITY (ENTITY_ID,ENTITY_TYPE_ID,PROCESS_ID,ENTITY_NAME,ENTITY_DESCRIPTION,TIMELINESS_THRESHOLD,TIMELINESS_DAYS_TYPE,IS_STARTING_ENTITY,IS_TERMINATING_ENTITY,CURR_BUSINESS_PROCESS_POOL,CURR_ENTITY_SOURCE,CURR_ENTITY_SORT_ORDER) values (31,2,1,'JOIN_DISCHARGE_CONFIRMATION_OUTREACH_AND_PROCESS_DELAYED_ENROLLMENT','Parallel Join - Discharge Confirmation Outreach & Process Delayed Enrollment Gateway',9999,'B','N','N','MMS Ready','EB',310);
Insert into D_BPM_ENTITY (ENTITY_ID,ENTITY_TYPE_ID,PROCESS_ID,ENTITY_NAME,ENTITY_DESCRIPTION,TIMELINESS_THRESHOLD,TIMELINESS_DAYS_TYPE,IS_STARTING_ENTITY,IS_TERMINATING_ENTITY,CURR_BUSINESS_PROCESS_POOL,CURR_ENTITY_SOURCE,CURR_ENTITY_SORT_ORDER) values (32,1,1,'APPLICANT_DISCHARGED','Applicant Discharged (after 180 days)? Gateway',9999,'B','N','N','MMS Ready','EB',320);
Insert into D_BPM_ENTITY (ENTITY_ID,ENTITY_TYPE_ID,PROCESS_ID,ENTITY_NAME,ENTITY_DESCRIPTION,TIMELINESS_THRESHOLD,TIMELINESS_DAYS_TYPE,IS_STARTING_ENTITY,IS_TERMINATING_ENTITY,CURR_BUSINESS_PROCESS_POOL,CURR_ENTITY_SOURCE,CURR_ENTITY_SORT_ORDER) values (33,6,1,'APPLICATION_CLOSED_NOT_DISCHARGED','Application Closed - ''Not Discharged'' Task',9999,'B','N','Y','MMS Ready','EB',330);
Insert into D_BPM_ENTITY (ENTITY_ID,ENTITY_TYPE_ID,PROCESS_ID,ENTITY_NAME,ENTITY_DESCRIPTION,TIMELINESS_THRESHOLD,TIMELINESS_DAYS_TYPE,IS_STARTING_ENTITY,IS_TERMINATING_ENTITY,CURR_BUSINESS_PROCESS_POOL,CURR_ENTITY_SOURCE,CURR_ENTITY_SORT_ORDER) values (34,5,1,'AWAIT_FINANCIAL_APPROVAL_REQUEST','Await Financial Approval Request Task',9999,'B','N','N','MMS Ready','EB',340);
Insert into D_BPM_ENTITY (ENTITY_ID,ENTITY_TYPE_ID,PROCESS_ID,ENTITY_NAME,ENTITY_DESCRIPTION,TIMELINESS_THRESHOLD,TIMELINESS_DAYS_TYPE,IS_STARTING_ENTITY,IS_TERMINATING_ENTITY,CURR_BUSINESS_PROCESS_POOL,CURR_ENTITY_SOURCE,CURR_ENTITY_SORT_ORDER) values (35,1,1,'FINANCIAL_WAIVER_MISMATCH','Financial Waiver Mismatch? Gateway',9999,'B','N','N','Financial Approval','EB',350);
Insert into D_BPM_ENTITY (ENTITY_ID,ENTITY_TYPE_ID,PROCESS_ID,ENTITY_NAME,ENTITY_DESCRIPTION,TIMELINESS_THRESHOLD,TIMELINESS_DAYS_TYPE,IS_STARTING_ENTITY,IS_TERMINATING_ENTITY,CURR_BUSINESS_PROCESS_POOL,CURR_ENTITY_SOURCE,CURR_ENTITY_SORT_ORDER) values (36,5,1,'RESOLVE_WAIVER_MISMATCH','Resolve Waiver Mismatch Task',1,'B','N','N','Financial Approval','EB',360);
Insert into D_BPM_ENTITY (ENTITY_ID,ENTITY_TYPE_ID,PROCESS_ID,ENTITY_NAME,ENTITY_DESCRIPTION,TIMELINESS_THRESHOLD,TIMELINESS_DAYS_TYPE,IS_STARTING_ENTITY,IS_TERMINATING_ENTITY,CURR_BUSINESS_PROCESS_POOL,CURR_ENTITY_SOURCE,CURR_ENTITY_SORT_ORDER) values (37,1,1,'WAIVER RESOLVED','Waiver Resolved? Gateway',9999,'B','N','N','Financial Approval','EB',370);
Insert into D_BPM_ENTITY (ENTITY_ID,ENTITY_TYPE_ID,PROCESS_ID,ENTITY_NAME,ENTITY_DESCRIPTION,TIMELINESS_THRESHOLD,TIMELINESS_DAYS_TYPE,IS_STARTING_ENTITY,IS_TERMINATING_ENTITY,CURR_BUSINESS_PROCESS_POOL,CURR_ENTITY_SOURCE,CURR_ENTITY_SORT_ORDER) values (38,6,1,'APPLICATION_CLOSED_WAIVER_MISMATCH_UNRESOLVED','Application Closed- Waiver Mismatch Unresolved Task',9999,'B','N','Y','Financial Approval','EB',380);
Insert into D_BPM_ENTITY (ENTITY_ID,ENTITY_TYPE_ID,PROCESS_ID,ENTITY_NAME,ENTITY_DESCRIPTION,TIMELINESS_THRESHOLD,TIMELINESS_DAYS_TYPE,IS_STARTING_ENTITY,IS_TERMINATING_ENTITY,CURR_BUSINESS_PROCESS_POOL,CURR_ENTITY_SOURCE,CURR_ENTITY_SORT_ORDER) values (39,1,1,'FINANCIALLY_APPROVED','Financially Approved? Gateway',9999,'B','N','N','Financial Approval','EB',390);
Insert into D_BPM_ENTITY (ENTITY_ID,ENTITY_TYPE_ID,PROCESS_ID,ENTITY_NAME,ENTITY_DESCRIPTION,TIMELINESS_THRESHOLD,TIMELINESS_DAYS_TYPE,IS_STARTING_ENTITY,IS_TERMINATING_ENTITY,CURR_BUSINESS_PROCESS_POOL,CURR_ENTITY_SOURCE,CURR_ENTITY_SORT_ORDER) values (40,6,1,'APPLICATION_CLOSED_FINANCIAL DENIAL','Application Closed - Financial Denial Task',9999,'B','N','Y','Financial Approval','EB',400);
Insert into D_BPM_ENTITY (ENTITY_ID,ENTITY_TYPE_ID,PROCESS_ID,ENTITY_NAME,ENTITY_DESCRIPTION,TIMELINESS_THRESHOLD,TIMELINESS_DAYS_TYPE,IS_STARTING_ENTITY,IS_TERMINATING_ENTITY,CURR_BUSINESS_PROCESS_POOL,CURR_ENTITY_SOURCE,CURR_ENTITY_SORT_ORDER) values (41,5,1,'COMPLETE_APPLICATION','Complete Application Task',1,'B','N','N','Data Entry','EB',410);
Insert into D_BPM_ENTITY (ENTITY_ID,ENTITY_TYPE_ID,PROCESS_ID,ENTITY_NAME,ENTITY_DESCRIPTION,TIMELINESS_THRESHOLD,TIMELINESS_DAYS_TYPE,IS_STARTING_ENTITY,IS_TERMINATING_ENTITY,CURR_BUSINESS_PROCESS_POOL,CURR_ENTITY_SOURCE,CURR_ENTITY_SORT_ORDER) values (42,1,1,'ELIGIBLE','Eligible? Gateway Task',9999,'B','N','N','Data Entry','EB',420);
Insert into D_BPM_ENTITY (ENTITY_ID,ENTITY_TYPE_ID,PROCESS_ID,ENTITY_NAME,ENTITY_DESCRIPTION,TIMELINESS_THRESHOLD,TIMELINESS_DAYS_TYPE,IS_STARTING_ENTITY,IS_TERMINATING_ENTITY,CURR_BUSINESS_PROCESS_POOL,CURR_ENTITY_SOURCE,CURR_ENTITY_SORT_ORDER) values (43,6,1,'APPLICATION_CLOSED_INELIGIBLE','Application Closed - Ineligible Task',9999,'B','N','Y','Data Entry','EB',430);
Insert into D_BPM_ENTITY (ENTITY_ID,ENTITY_TYPE_ID,PROCESS_ID,ENTITY_NAME,ENTITY_DESCRIPTION,TIMELINESS_THRESHOLD,TIMELINESS_DAYS_TYPE,IS_STARTING_ENTITY,IS_TERMINATING_ENTITY,CURR_BUSINESS_PROCESS_POOL,CURR_ENTITY_SOURCE,CURR_ENTITY_SORT_ORDER) values (44,5,1,'AWAIT_OLTL_APPROVAL','Await OLTL Approval Task',9999,'B','N','N','Data Entry','EB',440);
Insert into D_BPM_ENTITY (ENTITY_ID,ENTITY_TYPE_ID,PROCESS_ID,ENTITY_NAME,ENTITY_DESCRIPTION,TIMELINESS_THRESHOLD,TIMELINESS_DAYS_TYPE,IS_STARTING_ENTITY,IS_TERMINATING_ENTITY,CURR_BUSINESS_PROCESS_POOL,CURR_ENTITY_SOURCE,CURR_ENTITY_SORT_ORDER) values (45,5,1,'RECORD_OLTL_APPROVAL_DATE_ON_APP','Record OLTL Approval Date on App Task',9999,'B','N','N','Data Entry','EB',450);
Insert into D_BPM_ENTITY (ENTITY_ID,ENTITY_TYPE_ID,PROCESS_ID,ENTITY_NAME,ENTITY_DESCRIPTION,TIMELINESS_THRESHOLD,TIMELINESS_DAYS_TYPE,IS_STARTING_ENTITY,IS_TERMINATING_ENTITY,CURR_BUSINESS_PROCESS_POOL,CURR_ENTITY_SOURCE,CURR_ENTITY_SORT_ORDER) values (46,5,1,'COMPLETE_FINAL_MAILING','Compile Final Mailing Packet Task',1,'B','N','N','Final Mailing (Enrolled)','EB',460);
Insert into D_BPM_ENTITY (ENTITY_ID,ENTITY_TYPE_ID,PROCESS_ID,ENTITY_NAME,ENTITY_DESCRIPTION,TIMELINESS_THRESHOLD,TIMELINESS_DAYS_TYPE,IS_STARTING_ENTITY,IS_TERMINATING_ENTITY,CURR_BUSINESS_PROCESS_POOL,CURR_ENTITY_SOURCE,CURR_ENTITY_SORT_ORDER) values (47,6,1,'APPLICATION_ENROLLED','Application Enrolled Task',9999,'B','N','Y','Final Mailing (Enrolled)','EB',470);

-- D_BPM_TASK_TYPE_ENTITY
Insert into D_BPM_TASK_TYPE_ENTITY (TASK_TYPE_ID,ENTITY_ID) values (60001,2);
Insert into D_BPM_TASK_TYPE_ENTITY (TASK_TYPE_ID,ENTITY_ID) values (60013,7);
Insert into D_BPM_TASK_TYPE_ENTITY (TASK_TYPE_ID,ENTITY_ID) values (60005,9);
Insert into D_BPM_TASK_TYPE_ENTITY (TASK_TYPE_ID,ENTITY_ID) values (60003,14);
Insert into D_BPM_TASK_TYPE_ENTITY (TASK_TYPE_ID,ENTITY_ID) values (60002,16);
Insert into D_BPM_TASK_TYPE_ENTITY (TASK_TYPE_ID,ENTITY_ID) values (60014,19);
Insert into D_BPM_TASK_TYPE_ENTITY (TASK_TYPE_ID,ENTITY_ID) values (60015,22);
Insert into D_BPM_TASK_TYPE_ENTITY (TASK_TYPE_ID,ENTITY_ID) values (60007,26);
Insert into D_BPM_TASK_TYPE_ENTITY (TASK_TYPE_ID,ENTITY_ID) values (32521,29);
Insert into D_BPM_TASK_TYPE_ENTITY (TASK_TYPE_ID,ENTITY_ID) values (60006,30);
Insert into D_BPM_TASK_TYPE_ENTITY (TASK_TYPE_ID,ENTITY_ID) values (60009,36);
Insert into D_BPM_TASK_TYPE_ENTITY (TASK_TYPE_ID,ENTITY_ID) values (60008,41);

-- D_BPM_FLOW
Insert into D_BPM_FLOW (FLOW_ID,PROCESS_ID,FLOW_NAME,FLOW_DESCRIPTION,FLOW_SOURCE_ENTITY_ID,FLOW_DESTINATION_ENTITY_ID) values (1,1,'COMPLETE_APPLICATION_DATA_ENTRY_TO_COMPLETE_COMPASS_DATA_ENTRY','Complete Application Data Entry to Complete Compass Data Entry',2,7);		
Insert into D_BPM_FLOW (FLOW_ID,PROCESS_ID,FLOW_NAME,FLOW_DESCRIPTION,FLOW_SOURCE_ENTITY_ID,FLOW_DESTINATION_ENTITY_ID) values (2,1,'COMPLETE_APPLICATION_DATA_ENTRY_TO_CLOSE_APPLICATION_REFERRAL','Complete Application Data Entry to Close Application Referral',2,9);		
Insert into D_BPM_FLOW (FLOW_ID,PROCESS_ID,FLOW_NAME,FLOW_DESCRIPTION,FLOW_SOURCE_ENTITY_ID,FLOW_DESTINATION_ENTITY_ID) values (3,1,'COMPLETE_COMPASS_DATA_ENTRY_TO_VERIFY_INFORMATION','Complete Compass Data Entry to Verify Information',2,14);		
Insert into D_BPM_FLOW (FLOW_ID,PROCESS_ID,FLOW_NAME,FLOW_DESCRIPTION,FLOW_SOURCE_ENTITY_ID,FLOW_DESTINATION_ENTITY_ID) values (4,1,'VERIFY_INFORMATION_TO_REVIEW_APPLICATION','Verify Information to Review Application',14,16);		
Insert into D_BPM_FLOW (FLOW_ID,PROCESS_ID,FLOW_NAME,FLOW_DESCRIPTION,FLOW_SOURCE_ENTITY_ID,FLOW_DESTINATION_ENTITY_ID) values (5,1,'COMPLETE_APPLICATION_DATA_ENTRY_TO_VERIFY_INFORMATION','Complete Application Data Entry to Verify Information',2,14);		
Insert into D_BPM_FLOW (FLOW_ID,PROCESS_ID,FLOW_NAME,FLOW_DESCRIPTION,FLOW_SOURCE_ENTITY_ID,FLOW_DESTINATION_ENTITY_ID) values (6,1,'REVIEW_APPLICATION_TO_COMPLETE_HCBS_DENIAL','Review Application to Complete HCBS Denial',16,19);		
Insert into D_BPM_FLOW (FLOW_ID,PROCESS_ID,FLOW_NAME,FLOW_DESCRIPTION,FLOW_SOURCE_ENTITY_ID,FLOW_DESTINATION_ENTITY_ID) values (7,1,'REVIEW_APPLICATION_TO_FINALIZE_ELIGIBILITY','Review Application to Finalize Eligibility',16,22);		
Insert into D_BPM_FLOW (FLOW_ID,PROCESS_ID,FLOW_NAME,FLOW_DESCRIPTION,FLOW_SOURCE_ENTITY_ID,FLOW_DESTINATION_ENTITY_ID) values (8,1,'FINALIZE_ELIGIBILITY_TO_FINALIZE_SC_AGENCY','Finalize Eligibility to Finalize SC Agency',22,26);		
Insert into D_BPM_FLOW (FLOW_ID,PROCESS_ID,FLOW_NAME,FLOW_DESCRIPTION,FLOW_SOURCE_ENTITY_ID,FLOW_DESTINATION_ENTITY_ID) values (9,1,'FINALIZE_ELIGIBILITY_TO_DISCHARGE_CONFIRMATION_OUTREACH','Finalize Eligibility to Discharge Confirmation Outreach',22,30);		
Insert into D_BPM_FLOW (FLOW_ID,PROCESS_ID,FLOW_NAME,FLOW_DESCRIPTION,FLOW_SOURCE_ENTITY_ID,FLOW_DESTINATION_ENTITY_ID) values (10,1,'FINALIZE_SC_AGENCY_TO_PLAN_INFO_DATA_ENTRY','Finalize SC Agency to Plan Info Data Entry',26,29);		
Insert into D_BPM_FLOW (FLOW_ID,PROCESS_ID,FLOW_NAME,FLOW_DESCRIPTION,FLOW_SOURCE_ENTITY_ID,FLOW_DESTINATION_ENTITY_ID) values (11,1,'PLAN_INFO_DATA_ENTRY_TO_RESOLVE_WAIVER_MISMATCH','Plan Info Data Entry to Resolve Waiver Mismatch',29,36);		
Insert into D_BPM_FLOW (FLOW_ID,PROCESS_ID,FLOW_NAME,FLOW_DESCRIPTION,FLOW_SOURCE_ENTITY_ID,FLOW_DESTINATION_ENTITY_ID) values (12,1,'RESOLVE_WAIVER_MISMATCH_TO_COMPLETE_APPLICATION','Resolve Waiver Mismatch to Complete Application',36,41);		
Insert into D_BPM_FLOW (FLOW_ID,PROCESS_ID,FLOW_NAME,FLOW_DESCRIPTION,FLOW_SOURCE_ENTITY_ID,FLOW_DESTINATION_ENTITY_ID) values (5001,1,'APPLICATION_OR_REFERRAL_RECEIVED_TO_ABLE_TO_REACH_CLIENT','Application or Referral received to Able to reach client',1,3);		
Insert into D_BPM_FLOW (FLOW_ID,PROCESS_ID,FLOW_NAME,FLOW_DESCRIPTION,FLOW_SOURCE_ENTITY_ID,FLOW_DESTINATION_ENTITY_ID) values (5002,1,'ABLE_TO_REACH_CLIENT_TO_APPLICATION_CLOSED_UNABLE_TO_REACH_CLIENT','Able to Reach client To Application closed Unable to reach client',3,4);		
Insert into D_BPM_FLOW (FLOW_ID,PROCESS_ID,FLOW_NAME,FLOW_DESCRIPTION,FLOW_SOURCE_ENTITY_ID,FLOW_DESTINATION_ENTITY_ID) values (5003,1,'ABLE_TO_REACH_CLIENT_TO_OPEN_MEDICAL_ASSISTANCE_PRESENT','Able to Reach client to Open  Medical assistance present',3,5);		
Insert into D_BPM_FLOW (FLOW_ID,PROCESS_ID,FLOW_NAME,FLOW_DESCRIPTION,FLOW_SOURCE_ENTITY_ID,FLOW_DESTINATION_ENTITY_ID) values (5004,1,'OPEN_MEDICAL_ASSISTANCE_PRESENT_TO_PA600_COMPASS_RECEIVED','Open medical Assistance to PA600 Compass Received',5,6);		
Insert into D_BPM_FLOW (FLOW_ID,PROCESS_ID,FLOW_NAME,FLOW_DESCRIPTION,FLOW_SOURCE_ENTITY_ID,FLOW_DESTINATION_ENTITY_ID) values (5005,1,'PA600_COMPASS_RECEIVED_TO_APPLICATION_RECEIVED_AFTER_30_DAYS','PA600 Compass Received to Application Received after 30 days',6,8);		
Insert into D_BPM_FLOW (FLOW_ID,PROCESS_ID,FLOW_NAME,FLOW_DESCRIPTION,FLOW_SOURCE_ENTITY_ID,FLOW_DESTINATION_ENTITY_ID) values (5006,1,'APPLICATION_RECEIVED_AFTER_30_DAYS_TO_APPLICATION_CLOSED_MA_NOT_RECEIVED','Application Received after 30 Days to Application Closed MA Not Received',8,10);		
Insert into D_BPM_FLOW (FLOW_ID,PROCESS_ID,FLOW_NAME,FLOW_DESCRIPTION,FLOW_SOURCE_ENTITY_ID,FLOW_DESTINATION_ENTITY_ID) values (5007,1,'APPLICATION_RECEIVED_AFTER_30_DAYS_TO_PC_OR_LCD_MI_SATISFIED','Application Received after 30 Days to PC or LCD MI Satisfied',8,11);		
Insert into D_BPM_FLOW (FLOW_ID,PROCESS_ID,FLOW_NAME,FLOW_DESCRIPTION,FLOW_SOURCE_ENTITY_ID,FLOW_DESTINATION_ENTITY_ID) values (5008,1,'PC_OR_LCD_MI_SATISFIED_TO_CONFIRM_RECEIPT_OF_PC_AND_LCD','PC or LCD MI Satisfied to Confirm receipt of PC and LCD',11,12);		
Insert into D_BPM_FLOW (FLOW_ID,PROCESS_ID,FLOW_NAME,FLOW_DESCRIPTION,FLOW_SOURCE_ENTITY_ID,FLOW_DESTINATION_ENTITY_ID) values (5009,1,'CONFIRM_RECEIPT_OF_PC_AND_LCD_TO_PC_OR_LCD_RECEIVED_AFTER_86_DAYS','Confirm Receipt of PC and LCD to PC or LCD received after 86 Days',12,13);		
Insert into D_BPM_FLOW (FLOW_ID,PROCESS_ID,FLOW_NAME,FLOW_DESCRIPTION,FLOW_SOURCE_ENTITY_ID,FLOW_DESTINATION_ENTITY_ID) values (5010,1,'PC_OR_LCD_MI_SATISFIED_TO_PC_OR_LCD_COMPLETE','PC or LCD MI Satisfied to PC or LCD Complete',11,15);		
Insert into D_BPM_FLOW (FLOW_ID,PROCESS_ID,FLOW_NAME,FLOW_DESCRIPTION,FLOW_SOURCE_ENTITY_ID,FLOW_DESTINATION_ENTITY_ID) values (5011,1,'PC_OR_LCD_COMPLETE_TO_FUNCTIONALLY_INELIGIBLE','PC or LCD Complete to Functionally Ineligible',15,17);		
Insert into D_BPM_FLOW (FLOW_ID,PROCESS_ID,FLOW_NAME,FLOW_DESCRIPTION,FLOW_SOURCE_ENTITY_ID,FLOW_DESTINATION_ENTITY_ID) values (5012,1,'FUNCTIONALLY_INELIGIBLE_TO_SEND_OLTL_HCBS_DENIAL_NOTICE','Functionaly Ineligible to Send OLTL HCBS Denial Notice',17,18);		
Insert into D_BPM_FLOW (FLOW_ID,PROCESS_ID,FLOW_NAME,FLOW_DESCRIPTION,FLOW_SOURCE_ENTITY_ID,FLOW_DESTINATION_ENTITY_ID) values (5013,1,'SEND_OLTL_HCBS_DENIAL_NOTICE_TO_APPLICATION_CLOSED_FUNCTIONALLY_INELIGIBLE','Send OLTL HCBS Denial Notice to Application Closed Functionally Ineligible',18,20);		
Insert into D_BPM_FLOW (FLOW_ID,PROCESS_ID,FLOW_NAME,FLOW_DESCRIPTION,FLOW_SOURCE_ENTITY_ID,FLOW_DESTINATION_ENTITY_ID) values (5014,1,'FUNCTIONALLY_INELIGIBLE_TO_SCHEDULE_AND_CONDUCT_ASSESSMENT','Functionaly Ineligible to Schedule and Conduct Assessment',17,21);		
Insert into D_BPM_FLOW (FLOW_ID,PROCESS_ID,FLOW_NAME,FLOW_DESCRIPTION,FLOW_SOURCE_ENTITY_ID,FLOW_DESTINATION_ENTITY_ID) values (5015,1,'SCHEDULE_AND_CONDUCT_ASSESSMENT_TO_FUNCTIONALLY_ELIGIBLE','Schedule and Conduct Assessment to Functionally Eligible',21,23);		
Insert into D_BPM_FLOW (FLOW_ID,PROCESS_ID,FLOW_NAME,FLOW_DESCRIPTION,FLOW_SOURCE_ENTITY_ID,FLOW_DESTINATION_ENTITY_ID) values (5016,1,'FUNCTIONALLY_ELIGIBLE_TO_DELAYED_ENROLLMENT','Functionally Eligible to Delayed Enrollment',23,24);		
Insert into D_BPM_FLOW (FLOW_ID,PROCESS_ID,FLOW_NAME,FLOW_DESCRIPTION,FLOW_SOURCE_ENTITY_ID,FLOW_DESTINATION_ENTITY_ID) values (5017,1,'DELAYED_ENROLLMENT_TO_PLAN_DE_COMPLETE','Delayed Enrollment to Plan DE Complete',24,25);		
Insert into D_BPM_FLOW (FLOW_ID,PROCESS_ID,FLOW_NAME,FLOW_DESCRIPTION,FLOW_SOURCE_ENTITY_ID,FLOW_DESTINATION_ENTITY_ID) values (5018,1,'DELAYED_ENROLLMENT_TO_SPLIT_DISCHARGE_CONFIRMATION_OUTREACH_AND_PROCESS_DELAYED_ENROLLMENT','Delayed Enrollment to Split Discharge Confirmation Outreach and Process Delayed Enrollment',24,30);		
Insert into D_BPM_FLOW (FLOW_ID,PROCESS_ID,FLOW_NAME,FLOW_DESCRIPTION,FLOW_SOURCE_ENTITY_ID,FLOW_DESTINATION_ENTITY_ID) values (5019,1,'JOIN_DISCHARGE_CONFIRMATION_OUTREACH_AND_PROCESS_DELAYED_ENROLLMENT_TO_APPLICANT_DISCHARGED_AFTER_180_DAYS','Join Discharge Confirmation Outreach and Process Delayed Enrollment to Applicant Discharged after 180 Days',31,32);		
Insert into D_BPM_FLOW (FLOW_ID,PROCESS_ID,FLOW_NAME,FLOW_DESCRIPTION,FLOW_SOURCE_ENTITY_ID,FLOW_DESTINATION_ENTITY_ID) values (5020,1,'APPLICANT_DISCHARGED_AFTER_180_DAYS_TO_APPLICATION_CLOSED_NOT_DISCHARGED','Applicant Discharged after 180 Days to Application Closed not Discharged',32,33);		
Insert into D_BPM_FLOW (FLOW_ID,PROCESS_ID,FLOW_NAME,FLOW_DESCRIPTION,FLOW_SOURCE_ENTITY_ID,FLOW_DESTINATION_ENTITY_ID) values (5021,1,'PLAN_DE_COMPLETE_TO_SC_AGENCY_FOUND','Plan DE Complete to SC Agency Found',25,27);		
Insert into D_BPM_FLOW (FLOW_ID,PROCESS_ID,FLOW_NAME,FLOW_DESCRIPTION,FLOW_SOURCE_ENTITY_ID,FLOW_DESTINATION_ENTITY_ID) values (5022,1,'SC_AGENCY_FOUND_TO_APPLICATION_CLOSED_DENIED_UNABLE_TO_LOCATE','SC Agency Found to Application Closed Denied Unable to Locate',27,28);		
Insert into D_BPM_FLOW (FLOW_ID,PROCESS_ID,FLOW_NAME,FLOW_DESCRIPTION,FLOW_SOURCE_ENTITY_ID,FLOW_DESTINATION_ENTITY_ID) values (5023,1,'SC_AGENCY_FOUND_TO_AWAIT_FINANCIAL_APPROVAL_REQUEST','SC Agency Found to Await Financial Approval Request',27,34);		
Insert into D_BPM_FLOW (FLOW_ID,PROCESS_ID,FLOW_NAME,FLOW_DESCRIPTION,FLOW_SOURCE_ENTITY_ID,FLOW_DESTINATION_ENTITY_ID) values (5024,1,'APPLICANT_DISCHARGED_AFTER_180_DAYS_TO_AWAIT_FINANCIAL_APPROVAL_REQUEST','Applicant Discharged after 180 Days to Await Financial Approval Request',32,34);		
Insert into D_BPM_FLOW (FLOW_ID,PROCESS_ID,FLOW_NAME,FLOW_DESCRIPTION,FLOW_SOURCE_ENTITY_ID,FLOW_DESTINATION_ENTITY_ID) values (5025,1,'AWAIT_FINANCIAL_APPROVAL_REQUEST_TO_FINANCIAL_WAIVER_MISMATCH','Await Financial Approval Request to Financial Waiver Mismatch',34,35);		
Insert into D_BPM_FLOW (FLOW_ID,PROCESS_ID,FLOW_NAME,FLOW_DESCRIPTION,FLOW_SOURCE_ENTITY_ID,FLOW_DESTINATION_ENTITY_ID) values (5026,1,'FINANCIAL_WAIVER_MISMATCH_TO_FINANCIALLY_APPROVED','Financial Waiver Mismatch to Application Closed Financial Denial',35,40);		
Insert into D_BPM_FLOW (FLOW_ID,PROCESS_ID,FLOW_NAME,FLOW_DESCRIPTION,FLOW_SOURCE_ENTITY_ID,FLOW_DESTINATION_ENTITY_ID) values (5027,1,'FINANCIALLY_APPROVED_TO_APPLICATION_CLOSED_FINANCIAL_DENIAL','Financially Approved to Application Closed Financial Denial',39,40);		
Insert into D_BPM_FLOW (FLOW_ID,PROCESS_ID,FLOW_NAME,FLOW_DESCRIPTION,FLOW_SOURCE_ENTITY_ID,FLOW_DESTINATION_ENTITY_ID) values (5028,1,'FINACIAL_WAIVER_MISMATCH_TO_WAIVER_RESOLVED','Financial Waiver Mismatch to Waiver Resolved',35,37);		
Insert into D_BPM_FLOW (FLOW_ID,PROCESS_ID,FLOW_NAME,FLOW_DESCRIPTION,FLOW_SOURCE_ENTITY_ID,FLOW_DESTINATION_ENTITY_ID) values (5029,1,'WAIVER_RESOLVED_TO_APPLICATION_CLOSED_WAIVER_MISMATCH_UNRESOLVED','Waiver Resolved to Application Closed Waiver Mismatch Unresolved',37,38);		
Insert into D_BPM_FLOW (FLOW_ID,PROCESS_ID,FLOW_NAME,FLOW_DESCRIPTION,FLOW_SOURCE_ENTITY_ID,FLOW_DESTINATION_ENTITY_ID) values (5030,1,'WAIVER_RESOLVED_TO_ELIGIBLE','Waiver Resolved to Eligible',37,42);		
Insert into D_BPM_FLOW (FLOW_ID,PROCESS_ID,FLOW_NAME,FLOW_DESCRIPTION,FLOW_SOURCE_ENTITY_ID,FLOW_DESTINATION_ENTITY_ID) values (5031,1,'ELIGIBLE_TO_APPLICATION_CLOSED_INELIGIBLE','Eligible to Application Closed Ineligible',42,43);		
Insert into D_BPM_FLOW (FLOW_ID,PROCESS_ID,FLOW_NAME,FLOW_DESCRIPTION,FLOW_SOURCE_ENTITY_ID,FLOW_DESTINATION_ENTITY_ID) values (5032,1,'ELIGIBLE_TO_AWAIT_OLTL_APPROVAL','Eligible to Await OLTL Approval',42,44);		
Insert into D_BPM_FLOW (FLOW_ID,PROCESS_ID,FLOW_NAME,FLOW_DESCRIPTION,FLOW_SOURCE_ENTITY_ID,FLOW_DESTINATION_ENTITY_ID) values (5033,1,'AWAIT_OLTL_APPROVAL_TO_RECORD_OLTL_APPROVAL_DATE_ON_APP','Await OLTL Approval to Record OLTL Approval Date on App',44,45);		
Insert into D_BPM_FLOW (FLOW_ID,PROCESS_ID,FLOW_NAME,FLOW_DESCRIPTION,FLOW_SOURCE_ENTITY_ID,FLOW_DESTINATION_ENTITY_ID) values (5034,1,'RECORD_OLTL_APPROVAL_DATE_ON_APP_TO_COMPLETE FINAL_MAILING','Record OLTL Approval Date on App to Complete Final Mailing',45,46);		
Insert into D_BPM_FLOW (FLOW_ID,PROCESS_ID,FLOW_NAME,FLOW_DESCRIPTION,FLOW_SOURCE_ENTITY_ID,FLOW_DESTINATION_ENTITY_ID) values (5035,1,'COMPLETE_FINAL_MAILING_TO_APPLICATION_ENROLLED','Complete Final Mailing to Application Enrolled',46,47);		

-- D_BPM_PROCESS_SEGMENT
Insert into D_BPM_PROCESS_SEGMENT (PROCESS_SEGMENT_ID,PROCESS_ID,PROCESS_SEGMENT_NAME,PROCESS_SEGMENT_DESCRIPTION,PROCESS_TIMELINESS_THRESHOLD,PROCESS_TIMELINESS_DAYS_TYPE,SEGMENT_START_ENTITY_ID,SEGMENT_FINISH_ENTITY_ID) values (1,1,'PC/LCD (PC / LCD Pend; PC Rec / LCD Pend; PC Pend / LCD Rec) ','PC or LCD Pending or Received',15,'B',1,15);
Insert into D_BPM_PROCESS_SEGMENT (PROCESS_SEGMENT_ID,PROCESS_ID,PROCESS_SEGMENT_NAME,PROCESS_SEGMENT_DESCRIPTION,PROCESS_TIMELINESS_THRESHOLD,PROCESS_TIMELINESS_DAYS_TYPE,SEGMENT_START_ENTITY_ID,SEGMENT_FINISH_ENTITY_ID) values (2,1,'App Review (App Review) ','Application Review',1,'B',16,16);
Insert into D_BPM_PROCESS_SEGMENT (PROCESS_SEGMENT_ID,PROCESS_ID,PROCESS_SEGMENT_NAME,PROCESS_SEGMENT_DESCRIPTION,PROCESS_TIMELINESS_THRESHOLD,PROCESS_TIMELINESS_DAYS_TYPE,SEGMENT_START_ENTITY_ID,SEGMENT_FINISH_ENTITY_ID) values (3,1,'EB / IVA (Scheduled; Ready Assessment; Assessment in Process) ','EB or IVA scheduled or assessment in process or assessment done',5,'B',17,23);
Insert into D_BPM_PROCESS_SEGMENT (PROCESS_SEGMENT_ID,PROCESS_ID,PROCESS_SEGMENT_NAME,PROCESS_SEGMENT_DESCRIPTION,PROCESS_TIMELINESS_THRESHOLD,PROCESS_TIMELINESS_DAYS_TYPE,SEGMENT_START_ENTITY_ID,SEGMENT_FINISH_ENTITY_ID) values (4,1,'MMS Ready (MMS Ready; Approved)','MMS ready or approved',5,'B',24,32);
Insert into D_BPM_PROCESS_SEGMENT (PROCESS_SEGMENT_ID,PROCESS_ID,PROCESS_SEGMENT_NAME,PROCESS_SEGMENT_DESCRIPTION,PROCESS_TIMELINESS_THRESHOLD,PROCESS_TIMELINESS_DAYS_TYPE,SEGMENT_START_ENTITY_ID,SEGMENT_FINISH_ENTITY_ID) values (5,1,'Financial Approval (Financial Approval; Financial Denial) ','Financial approved or denied',45,'B',34,42);
Insert into D_BPM_PROCESS_SEGMENT (PROCESS_SEGMENT_ID,PROCESS_ID,PROCESS_SEGMENT_NAME,PROCESS_SEGMENT_DESCRIPTION,PROCESS_TIMELINESS_THRESHOLD,PROCESS_TIMELINESS_DAYS_TYPE,SEGMENT_START_ENTITY_ID,SEGMENT_FINISH_ENTITY_ID) values (6,1,'Data Entry (OLTL Ready) ','Data Entry',14,'B',44,45);
Insert into D_BPM_PROCESS_SEGMENT (PROCESS_SEGMENT_ID,PROCESS_ID,PROCESS_SEGMENT_NAME,PROCESS_SEGMENT_DESCRIPTION,PROCESS_TIMELINESS_THRESHOLD,PROCESS_TIMELINESS_DAYS_TYPE,SEGMENT_START_ENTITY_ID,SEGMENT_FINISH_ENTITY_ID) values (7,1,'Final Mailing (Enrolled) ','Final Mailing',1,'B',46,47);




