<?xml version = '1.0' encoding = 'UTF-8'?>
<TableSpaceOraclev10g class="oracle.dbtools.crest.model.design.storage.oracle.v10g.TableSpaceOraclev10g" name="MAXDAT_DATA" id="79CFDA5E-77E2-A62B-2F24-6771BFB90E2F" directorySegmentName="seg_0">
<sourceConnName>ILEBMXDD</sourceConnName>
<sourceObjSchema>MAXDAT</sourceObjSchema>
<sourceObjName>MAXDAT_DATA</sourceObjName>
<createdBy>mb56142</createdBy>
<createdTime>2013-10-06 19:59:52 UTC</createdTime>
<ownerDesignName>ILEB_BPM_Semantic_data_model_diagram</ownerDesignName>
<emUniformSize>0</emUniformSize>
<extentManagement>LOCAL</extentManagement>
</TableSpaceOraclev10g>