<?xml version = '1.0' encoding = 'UTF-8'?>
<TableSpaceOraclev10g class="oracle.dbtools.crest.model.design.storage.oracle.v10g.TableSpaceOraclev10g" name="MAXDAT_DATA" id="9A9E647A-14A0-C918-14B6-4A5DA74AA69F" directorySegmentName="seg_0">
<sourceConnName>ILEBMXDU</sourceConnName>
<sourceObjSchema>MAXDAT</sourceObjSchema>
<sourceObjName>MAXDAT_DATA</sourceObjName>
<createdBy>mb56142</createdBy>
<createdTime>2013-06-19 23:04:02 UTC</createdTime>
<ownerDesignName>ILEB_BPM_Semantic_data_model_diagram</ownerDesignName>
<emUniformSize>0</emUniformSize>
<extentManagement>LOCAL</extentManagement>
</TableSpaceOraclev10g>