<?xml version = '1.0' encoding = 'UTF-8'?>
<relationalModel class="oracle.dbtools.crest.model.design.relational.RelationalDesign" name="Relational_1" id="10A43163-6B92-F569-8FD4-76F57A8F144F" mainViewID="E8588577-61FD-D6E7-E34D-B5D8C862C08C">
<createdBy>50472</createdBy>
<createdTime>2014-11-18 19:24:12 UTC</createdTime>
<ownerDesignName>Process_Incidents_data_model_diagram</ownerDesignName>
<shouldBeOpen>true</shouldBeOpen>
<selectedRDBMSSite>22943E51-0387-1F2A-CED9-5FB738BA5A0C</selectedRDBMSSite>
<redirectConnectionStamp class="oracle.dbtools.crest.imports.DBConnectionStamp">
<connName>UK_HWS maxdat</connName>
<connUrl>jdbc:jtds:sqlserver://10.200.147.21:1435/</connUrl>
<connUser>maxdat</connUser>
<connType>2</connType>
<syncSelected>-1</syncSelected>
</redirectConnectionStamp>
<importConnectionStamps>
<importConnectionStamp class="oracle.dbtools.crest.imports.DBConnectionStamp">
<connName>UK-HWS rk50472</connName>
<connUrl>jdbc:jtds:sqlserver://10.200.147.21:1435/</connUrl>
<connUser>rk50472</connUser>
<connType>2</connType>
<syncSelected>1</syncSelected>
</importConnectionStamp>
<importConnectionStamp class="oracle.dbtools.crest.imports.DBConnectionStamp">
<connName>UK_HWS maxdat</connName>
<connUrl>jdbc:jtds:sqlserver://10.200.147.21:1435/</connUrl>
<connUser>maxdat</connUser>
<connType>2</connType>
</importConnectionStamp>
</importConnectionStamps>
</relationalModel>