ALTER SESSION SET CURRENT_SCHEMA=CISCO_ENTERPRISE_CC;

UPDATE CC_C_CONTACT_QUEUE
SET QUEUE_TYPE = 'Inbound', SERVICE_SECONDS = 30, INTERVAL_MINUTES = 15, UNIT_OF_WORK_NAME = 'SS ELGB - Spanish', PROJECT_NAME = 'Mass Health', PROGRAM_NAME = 'Customer Service Center', REGION_NAME = 'Eastern', STATE_NAME = 'Massachusetts'
WHERE QUEUE_NUMBER = 7177;

UPDATE CC_C_CONTACT_QUEUE
SET QUEUE_TYPE = 'Inbound', SERVICE_SECONDS = 30, INTERVAL_MINUTES = 15, UNIT_OF_WORK_NAME = 'SS ELGB', PROJECT_NAME = 'Mass Health', PROGRAM_NAME = 'Customer Service Center', REGION_NAME = 'Eastern', STATE_NAME = 'Massachusetts'
WHERE QUEUE_NUMBER = 7178;

UPDATE CC_C_CONTACT_QUEUE
SET QUEUE_TYPE = 'Inbound', SERVICE_SECONDS = 30, INTERVAL_MINUTES = 15, UNIT_OF_WORK_NAME = '1095 - Spanish', PROJECT_NAME = 'Mass Health', PROGRAM_NAME = 'Customer Service Center', REGION_NAME = 'Eastern', STATE_NAME = 'Massachusetts'
WHERE QUEUE_NUMBER = 7179;

UPDATE CC_C_CONTACT_QUEUE
SET QUEUE_TYPE = 'Inbound', SERVICE_SECONDS = 30, INTERVAL_MINUTES = 15, UNIT_OF_WORK_NAME = '1095 Queue', PROJECT_NAME = 'Mass Health', PROGRAM_NAME = 'Customer Service Center', REGION_NAME = 'Eastern', STATE_NAME = 'Massachusetts'
WHERE QUEUE_NUMBER = 7180;

UPDATE CC_C_CONTACT_QUEUE
SET QUEUE_TYPE = 'Inbound', SERVICE_SECONDS = 30, INTERVAL_MINUTES = 15, UNIT_OF_WORK_NAME = 'HC 1099 Queue', PROJECT_NAME = 'Mass Health', PROGRAM_NAME = 'Customer Service Center', REGION_NAME = 'Eastern', STATE_NAME = 'Massachusetts'
WHERE QUEUE_NUMBER = 7184;

UPDATE CC_C_CONTACT_QUEUE
SET QUEUE_TYPE = 'Inbound', SERVICE_SECONDS = 30, INTERVAL_MINUTES = 15, UNIT_OF_WORK_NAME = 'External MHPB', PROJECT_NAME = 'Mass Health', PROGRAM_NAME = 'Customer Service Center', REGION_NAME = 'Eastern', STATE_NAME = 'Massachusetts'
WHERE QUEUE_NUMBER = 7185;

UPDATE CC_C_CONTACT_QUEUE
SET QUEUE_TYPE = 'Inbound', SERVICE_SECONDS = 30, INTERVAL_MINUTES = 15, UNIT_OF_WORK_NAME = 'MEC APP', PROJECT_NAME = 'Mass Health', PROGRAM_NAME = 'Customer Service Center', REGION_NAME = 'Eastern', STATE_NAME = 'Massachusetts'
WHERE QUEUE_NUMBER = 7186;

UPDATE CC_C_CONTACT_QUEUE
SET QUEUE_TYPE = 'Inbound', SERVICE_SECONDS = 30, INTERVAL_MINUTES = 15, UNIT_OF_WORK_NAME = 'MBR APP', PROJECT_NAME = 'Mass Health', PROGRAM_NAME = 'Customer Service Center', REGION_NAME = 'Eastern', STATE_NAME = 'Massachusetts'
WHERE QUEUE_NUMBER = 7187;

UPDATE CC_C_CONTACT_QUEUE
SET QUEUE_TYPE = 'Inbound', SERVICE_SECONDS = 30, INTERVAL_MINUTES = 15, UNIT_OF_WORK_NAME = 'MBR CARD', PROJECT_NAME = 'Mass Health', PROGRAM_NAME = 'Customer Service Center', REGION_NAME = 'Eastern', STATE_NAME = 'Massachusetts'
WHERE QUEUE_NUMBER = 7188;

UPDATE CC_C_CONTACT_QUEUE
SET QUEUE_TYPE = 'Inbound', SERVICE_SECONDS = 30, INTERVAL_MINUTES = 15, UNIT_OF_WORK_NAME = 'MBR ELGB', PROJECT_NAME = 'Mass Health', PROGRAM_NAME = 'Customer Service Center', REGION_NAME = 'Eastern', STATE_NAME = 'Massachusetts'
WHERE QUEUE_NUMBER = 7189;

UPDATE CC_C_CONTACT_QUEUE
SET QUEUE_TYPE = 'Inbound', SERVICE_SECONDS = 30, INTERVAL_MINUTES = 15, UNIT_OF_WORK_NAME = 'MBR TRANS', PROJECT_NAME = 'Mass Health', PROGRAM_NAME = 'Customer Service Center', REGION_NAME = 'Eastern', STATE_NAME = 'Massachusetts'
WHERE QUEUE_NUMBER = 7190;

UPDATE CC_C_CONTACT_QUEUE
SET QUEUE_TYPE = 'Inbound', SERVICE_SECONDS = 30, INTERVAL_MINUTES = 15, UNIT_OF_WORK_NAME = 'SS APP', PROJECT_NAME = 'Mass Health', PROGRAM_NAME = 'Customer Service Center', REGION_NAME = 'Eastern', STATE_NAME = 'Massachusetts'
WHERE QUEUE_NUMBER = 7191;

UPDATE CC_C_CONTACT_QUEUE
SET QUEUE_TYPE = 'Inbound', SERVICE_SECONDS = 30, INTERVAL_MINUTES = 15, UNIT_OF_WORK_NAME = 'SS TRANS', PROJECT_NAME = 'Mass Health', PROGRAM_NAME = 'Customer Service Center', REGION_NAME = 'Eastern', STATE_NAME = 'Massachusetts'
WHERE QUEUE_NUMBER = 7192;

COMMIT;

/* AGENT ROUTING GROUP */

UPDATE CC_C_AGENT_RTG_GRP
SET PROJECT_NAME = 'Mass Health', PROGRAM_NAME = 'Customer Service Center', REGION_NAME = 'Eastern', STATE_NAME = 'Massachusetts'
where agent_routing_group_number in (5323,
5324,
5326,
5327,
5328,
5329,
5330,
5331,
5332,
5333,
5334
);
    
commit;    

/* CC_C_FILTER */

INSERT INTO CC_C_FILTER (FILTER_TYPE, VALUE) VALUES ('ACD_PQ_ID_INC', 5323);
INSERT INTO CC_C_FILTER (FILTER_TYPE, VALUE) VALUES ('ACD_PQ_ID_INC', 5324);
INSERT INTO CC_C_FILTER (FILTER_TYPE, VALUE) VALUES ('ACD_PQ_ID_INC', 5326);
INSERT INTO CC_C_FILTER (FILTER_TYPE, VALUE) VALUES ('ACD_PQ_ID_INC', 5327);
INSERT INTO CC_C_FILTER (FILTER_TYPE, VALUE) VALUES ('ACD_PQ_ID_INC', 5328);
INSERT INTO CC_C_FILTER (FILTER_TYPE, VALUE) VALUES ('ACD_PQ_ID_INC', 5329);
INSERT INTO CC_C_FILTER (FILTER_TYPE, VALUE) VALUES ('ACD_PQ_ID_INC', 5330);
INSERT INTO CC_C_FILTER (FILTER_TYPE, VALUE) VALUES ('ACD_PQ_ID_INC', 5331);
INSERT INTO CC_C_FILTER (FILTER_TYPE, VALUE) VALUES ('ACD_PQ_ID_INC', 5332);
INSERT INTO CC_C_FILTER (FILTER_TYPE, VALUE) VALUES ('ACD_PQ_ID_INC', 5333);
INSERT INTO CC_C_FILTER (FILTER_TYPE, VALUE) VALUES ('ACD_PQ_ID_INC', 5334);

commit;

/* UNIT OF WORK */

INSERT INTO CC_C_UNIT_OF_WORK (UNIT_OF_WORK_NAME, UNIT_OF_WORK_CATEGORY, RECORD_EFF_DT, RECORD_END_DT, ACD, IVR) 
VALUES ('SS ELGB - Spanish','INBOUND',to_date('1900/01/01', 'yyyy/mm/dd'),to_date('2999/12/31', 'yyyy/mm/dd'), 1, 0);

INSERT INTO CC_C_UNIT_OF_WORK (UNIT_OF_WORK_NAME, UNIT_OF_WORK_CATEGORY, RECORD_EFF_DT, RECORD_END_DT, ACD, IVR) 
VALUES ('SS ELGB','INBOUND',to_date('1900/01/01', 'yyyy/mm/dd'),to_date('2999/12/31', 'yyyy/mm/dd'), 1, 0);

/*
INSERT INTO CC_C_UNIT_OF_WORK (UNIT_OF_WORK_NAME, UNIT_OF_WORK_CATEGORY, RECORD_EFF_DT, RECORD_END_DT, ACD, IVR) 
VALUES ('1095 - Spanish','INBOUND',to_date('1900/01/01', 'yyyy/mm/dd'),to_date('2999/12/31', 'yyyy/mm/dd'), 1, 0);

INSERT INTO CC_C_UNIT_OF_WORK (UNIT_OF_WORK_NAME, UNIT_OF_WORK_CATEGORY, RECORD_EFF_DT, RECORD_END_DT, ACD, IVR) 
VALUES ('1095 Queue','INBOUND',to_date('1900/01/01', 'yyyy/mm/dd'),to_date('2999/12/31', 'yyyy/mm/dd'), 1, 0);
*/

INSERT INTO CC_C_UNIT_OF_WORK (UNIT_OF_WORK_NAME, UNIT_OF_WORK_CATEGORY, RECORD_EFF_DT, RECORD_END_DT, ACD, IVR) 
VALUES ('HC 1099 Queue','INBOUND',to_date('1900/01/01', 'yyyy/mm/dd'),to_date('2999/12/31', 'yyyy/mm/dd'), 1, 0);

INSERT INTO CC_C_UNIT_OF_WORK (UNIT_OF_WORK_NAME, UNIT_OF_WORK_CATEGORY, RECORD_EFF_DT, RECORD_END_DT, ACD, IVR) 
VALUES ('External MHPB','INBOUND',to_date('1900/01/01', 'yyyy/mm/dd'),to_date('2999/12/31', 'yyyy/mm/dd'), 1, 0);

INSERT INTO CC_C_UNIT_OF_WORK (UNIT_OF_WORK_NAME, UNIT_OF_WORK_CATEGORY, RECORD_EFF_DT, RECORD_END_DT, ACD, IVR) 
VALUES ('MEC APP','INBOUND',to_date('1900/01/01', 'yyyy/mm/dd'),to_date('2999/12/31', 'yyyy/mm/dd'), 1, 0);

INSERT INTO CC_C_UNIT_OF_WORK (UNIT_OF_WORK_NAME, UNIT_OF_WORK_CATEGORY, RECORD_EFF_DT, RECORD_END_DT, ACD, IVR) 
VALUES ('MBR APP','INBOUND',to_date('1900/01/01', 'yyyy/mm/dd'),to_date('2999/12/31', 'yyyy/mm/dd'), 1, 0);

INSERT INTO CC_C_UNIT_OF_WORK (UNIT_OF_WORK_NAME, UNIT_OF_WORK_CATEGORY, RECORD_EFF_DT, RECORD_END_DT, ACD, IVR) 
VALUES ('MBR CARD','INBOUND',to_date('1900/01/01', 'yyyy/mm/dd'),to_date('2999/12/31', 'yyyy/mm/dd'), 1, 0);

INSERT INTO CC_C_UNIT_OF_WORK (UNIT_OF_WORK_NAME, UNIT_OF_WORK_CATEGORY, RECORD_EFF_DT, RECORD_END_DT, ACD, IVR) 
VALUES ('MBR ELGB','INBOUND',to_date('1900/01/01', 'yyyy/mm/dd'),to_date('2999/12/31', 'yyyy/mm/dd'), 1, 0);

INSERT INTO CC_C_UNIT_OF_WORK (UNIT_OF_WORK_NAME, UNIT_OF_WORK_CATEGORY, RECORD_EFF_DT, RECORD_END_DT, ACD, IVR) 
VALUES ('MBR TRANS','INBOUND',to_date('1900/01/01', 'yyyy/mm/dd'),to_date('2999/12/31', 'yyyy/mm/dd'), 1, 0);

INSERT INTO CC_C_UNIT_OF_WORK (UNIT_OF_WORK_NAME, UNIT_OF_WORK_CATEGORY, RECORD_EFF_DT, RECORD_END_DT, ACD, IVR) 
VALUES ('SS APP','INBOUND',to_date('1900/01/01', 'yyyy/mm/dd'),to_date('2999/12/31', 'yyyy/mm/dd'), 1, 0);

INSERT INTO CC_C_UNIT_OF_WORK (UNIT_OF_WORK_NAME, UNIT_OF_WORK_CATEGORY, RECORD_EFF_DT, RECORD_END_DT, ACD, IVR) 
VALUES ('SS TRANS','INBOUND',to_date('1900/01/01', 'yyyy/mm/dd'),to_date('2999/12/31', 'yyyy/mm/dd'), 1, 0);


INSERT INTO CC_D_UNIT_OF_WORK (UNIT_OF_WORK_NAME, UNIT_OF_WORK_CATEGORY, PRODUCTION_PLAN_ID, HOURLY_FLAG, HANDLE_TIME_UNIT, ACD, IVR) 
VALUES ('SS ELGB - Spanish','INBOUND', 1, 'N', 'Seconds', 1, 0);
    
INSERT INTO CC_D_UNIT_OF_WORK (UNIT_OF_WORK_NAME, UNIT_OF_WORK_CATEGORY, PRODUCTION_PLAN_ID, HOURLY_FLAG, HANDLE_TIME_UNIT, ACD, IVR) 
VALUES ('SS ELGB','INBOUND', 1, 'N', 'Seconds', 1, 0);

/*
INSERT INTO CC_D_UNIT_OF_WORK (UNIT_OF_WORK_NAME, UNIT_OF_WORK_CATEGORY, PRODUCTION_PLAN_ID, HOURLY_FLAG, HANDLE_TIME_UNIT, ACD, IVR) 
VALUES ('1095 - Spanish','INBOUND', 1, 'N', 'Seconds', 1, 0);

INSERT INTO CC_D_UNIT_OF_WORK (UNIT_OF_WORK_NAME, UNIT_OF_WORK_CATEGORY, PRODUCTION_PLAN_ID, HOURLY_FLAG, HANDLE_TIME_UNIT, ACD, IVR) 
VALUES ('1095 Queue','INBOUND', 1, 'N', 'Seconds', 1, 0);
*/

INSERT INTO CC_D_UNIT_OF_WORK (UNIT_OF_WORK_NAME, UNIT_OF_WORK_CATEGORY, PRODUCTION_PLAN_ID, HOURLY_FLAG, HANDLE_TIME_UNIT, ACD, IVR) 
VALUES ('HC 1099 Queue','INBOUND', 1, 'N', 'Seconds', 1, 0);

INSERT INTO CC_D_UNIT_OF_WORK (UNIT_OF_WORK_NAME, UNIT_OF_WORK_CATEGORY, PRODUCTION_PLAN_ID, HOURLY_FLAG, HANDLE_TIME_UNIT, ACD, IVR) 
VALUES ('External MHPB','INBOUND', 1, 'N', 'Seconds', 1, 0);

INSERT INTO CC_D_UNIT_OF_WORK (UNIT_OF_WORK_NAME, UNIT_OF_WORK_CATEGORY, PRODUCTION_PLAN_ID, HOURLY_FLAG, HANDLE_TIME_UNIT, ACD, IVR) 
VALUES ('MEC APP','INBOUND', 1, 'N', 'Seconds', 1, 0);

INSERT INTO CC_D_UNIT_OF_WORK (UNIT_OF_WORK_NAME, UNIT_OF_WORK_CATEGORY, PRODUCTION_PLAN_ID, HOURLY_FLAG, HANDLE_TIME_UNIT, ACD, IVR) 
VALUES ('MBR APP','INBOUND', 1, 'N', 'Seconds', 1, 0);

INSERT INTO CC_D_UNIT_OF_WORK (UNIT_OF_WORK_NAME, UNIT_OF_WORK_CATEGORY, PRODUCTION_PLAN_ID, HOURLY_FLAG, HANDLE_TIME_UNIT, ACD, IVR) 
VALUES ('MBR CARD','INBOUND', 1, 'N', 'Seconds', 1, 0);

INSERT INTO CC_D_UNIT_OF_WORK (UNIT_OF_WORK_NAME, UNIT_OF_WORK_CATEGORY, PRODUCTION_PLAN_ID, HOURLY_FLAG, HANDLE_TIME_UNIT, ACD, IVR) 
VALUES ('MBR ELGB','INBOUND', 1, 'N', 'Seconds', 1, 0);

INSERT INTO CC_D_UNIT_OF_WORK (UNIT_OF_WORK_NAME, UNIT_OF_WORK_CATEGORY, PRODUCTION_PLAN_ID, HOURLY_FLAG, HANDLE_TIME_UNIT, ACD, IVR) 
VALUES ('MBR TRANS','INBOUND', 1, 'N', 'Seconds', 1, 0);

INSERT INTO CC_D_UNIT_OF_WORK (UNIT_OF_WORK_NAME, UNIT_OF_WORK_CATEGORY, PRODUCTION_PLAN_ID, HOURLY_FLAG, HANDLE_TIME_UNIT, ACD, IVR) 
VALUES ('SS APP','INBOUND', 1, 'N', 'Seconds', 1, 0);

INSERT INTO CC_D_UNIT_OF_WORK (UNIT_OF_WORK_NAME, UNIT_OF_WORK_CATEGORY, PRODUCTION_PLAN_ID, HOURLY_FLAG, HANDLE_TIME_UNIT, ACD, IVR) 
VALUES ('SS TRANS','INBOUND', 1, 'N', 'Seconds', 1, 0);
    
commit;    

