<?xml version = '1.0' encoding = 'UTF-8'?>
<FKIndexAssociation class="oracle.dbtools.crest.model.design.relational.FKIndexAssociation" directorySegmentName="seg_0" id="0601B92F-1942-7C4B-2DC8-FEF96BD8CAAD" name="CASES_RESOURCES_FK">
<createdBy>andrew.yuhas</createdBy>
<createdTime>2014-12-11 10:23:56 UTC</createdTime>
<ownerDesignName>UK_HWS_Assessments_data_model_diagram12172014</ownerDesignName>
<containerWithKeyObject>4F585CA6-C4FE-DFBD-E4EF-31E83DDA7ECB</containerWithKeyObject>
<deleteRule>NO ACTION</deleteRule>
<localFKIndex>109F7594-21BE-16BD-C202-61F8150B945A</localFKIndex>
<keyObject>C5CDD36F-8C2F-61D7-A7A5-472C48BECC65</keyObject>
<mandatory>true</mandatory>
<transferable>true</transferable>
<columnDependencyConstraintGenerateInDDL>true</columnDependencyConstraintGenerateInDDL>
</FKIndexAssociation>