<?xml version = '1.0' encoding = 'UTF-8'?>
<FKIndexAssociation class="oracle.dbtools.crest.model.design.relational.FKIndexAssociation" directorySegmentName="seg_0" id="15CCF012-F2EC-63F9-1B08-180271800614" name="APPOINTMENTS_CASES_FK">
<sourceConnName>UK_HWS rk50472</sourceConnName>
<sourceObjSchema>maxdat</sourceObjSchema>
<sourceObjName>APPOINTMENTS_CASES_FK</sourceObjName>
<createdBy>50472</createdBy>
<createdTime>2014-11-20 22:42:16 UTC</createdTime>
<ownerDesignName>UK_HWS_Assessments_data_model_diagram12172014</ownerDesignName>
<containerWithKeyObject>38B8BAE7-2F61-6B14-F2F6-7D7BD5D5DE04</containerWithKeyObject>
<deleteRule>NO ACTION</deleteRule>
<localFKIndex>10F6AA7B-1664-8B17-ACE6-837C3B1CD398</localFKIndex>
<keyObject>611A8B22-9E8A-3257-7185-4D1A33DD1577</keyObject>
<mandatory>true</mandatory>
<transferable>true</transferable>
<columnDependencyConstraintGenerateInDDL>true</columnDependencyConstraintGenerateInDDL>
</FKIndexAssociation>