<?xml version = '1.0' encoding = 'UTF-8'?>
<FKIndexAssociation class="oracle.dbtools.crest.model.design.relational.FKIndexAssociation" directorySegmentName="seg_0" id="19A04C7C-FA93-5263-0F55-D609441FB847" name="RECOM_SIGNPOSTING_ADJUST_OBSTACLES_FK">
<sourceConnName>UK_HWS rk50472</sourceConnName>
<sourceObjSchema>maxdat</sourceObjSchema>
<sourceObjName>RECOM_SIGNPOSTING_ADJUST_OBSTACLES_FK</sourceObjName>
<createdBy>50472</createdBy>
<createdTime>2014-11-20 22:42:16 UTC</createdTime>
<ownerDesignName>UK_HWS_Assessments_data_model_diagram12172014</ownerDesignName>
<containerWithKeyObject>59B1705A-9AE1-63E0-8D2F-7B54B5789D4E</containerWithKeyObject>
<deleteRule>NO ACTION</deleteRule>
<localFKIndex>91325671-3DA6-1AAE-368A-0AAE4B155D95</localFKIndex>
<keyObject>320F6406-AD40-30A3-262F-A1A53C80A430</keyObject>
<mandatory>true</mandatory>
<transferable>true</transferable>
<columnDependencyConstraintGenerateInDDL>true</columnDependencyConstraintGenerateInDDL>
</FKIndexAssociation>