<?xml version = '1.0' encoding = 'UTF-8'?>
<FKIndexAssociation class="oracle.dbtools.crest.model.design.relational.FKIndexAssociation" directorySegmentName="seg_0" id="352E1185-A852-658A-04DD-AE1AE7C05A68" name="ASSESSMENT_STATUS_HISTORY_ASSESSMENTS_FK">
<sourceConnName>UK_HWS rk50472</sourceConnName>
<sourceObjSchema>maxdat</sourceObjSchema>
<sourceObjName>ASSESSMENT_STATUS_HISTORY_ASSESSMENTS_FK</sourceObjName>
<createdBy>50472</createdBy>
<createdTime>2014-11-20 22:42:16 UTC</createdTime>
<ownerDesignName>UK_HWS_Assessments_data_model_diagram12172014</ownerDesignName>
<containerWithKeyObject>7C584638-CD67-7BC8-566D-DC86737B90A0</containerWithKeyObject>
<deleteRule>NO ACTION</deleteRule>
<localFKIndex>F4CC240C-10A8-B8E7-D9C4-2E2A99AAE4A8</localFKIndex>
<keyObject>B9369DDD-A189-F69E-8B50-C931BFFB0493</keyObject>
<mandatory>true</mandatory>
<transferable>true</transferable>
<columnDependencyConstraintGenerateInDDL>true</columnDependencyConstraintGenerateInDDL>
</FKIndexAssociation>