<?xml version = '1.0' encoding = 'UTF-8'?>
<FKIndexAssociation class="oracle.dbtools.crest.model.design.relational.FKIndexAssociation" directorySegmentName="seg_0" id="3950A375-4157-482B-8E04-82B6911AD25B" name="DWP_SIGNPOSTING_ASSESSMENTS_FK">
<createdBy>andrew.yuhas</createdBy>
<createdTime>2014-12-08 10:28:18 UTC</createdTime>
<ownerDesignName>UK_HWS_Assessments_data_model_diagram12172014</ownerDesignName>
<containerWithKeyObject>504306A6-7DC3-08E3-7C7B-5D2385284BBF</containerWithKeyObject>
<deleteRule>NO ACTION</deleteRule>
<localFKIndex>B79186EC-8FF7-09E5-AF7E-4B3BA4726FF5</localFKIndex>
<keyObject>B9369DDD-A189-F69E-8B50-C931BFFB0493</keyObject>
<mandatory>true</mandatory>
<transferable>true</transferable>
<columnDependencyConstraintGenerateInDDL>true</columnDependencyConstraintGenerateInDDL>
</FKIndexAssociation>