<?xml version = '1.0' encoding = 'UTF-8'?>
<FKIndexAssociation class="oracle.dbtools.crest.model.design.relational.FKIndexAssociation" directorySegmentName="seg_0" id="3BFD2825-898C-4526-BEB5-628F43CE7707" name="APPOINTMENTS_RESOURCES_FK">
<sourceConnName>UK_HWS rk50472</sourceConnName>
<sourceObjSchema>maxdat</sourceObjSchema>
<sourceObjName>APPOINTMENTS_RESOURCES_FK</sourceObjName>
<createdBy>50472</createdBy>
<createdTime>2014-11-20 22:42:15 UTC</createdTime>
<ownerDesignName>UK_HWS_Assessments_data_model_diagram12172014</ownerDesignName>
<containerWithKeyObject>38B8BAE7-2F61-6B14-F2F6-7D7BD5D5DE04</containerWithKeyObject>
<deleteRule>NO ACTION</deleteRule>
<localFKIndex>EE2694EA-EAC9-9958-709E-5450AAB3267F</localFKIndex>
<keyObject>C5CDD36F-8C2F-61D7-A7A5-472C48BECC65</keyObject>
<mandatory>true</mandatory>
<transferable>true</transferable>
<columnDependencyConstraintGenerateInDDL>true</columnDependencyConstraintGenerateInDDL>
</FKIndexAssociation>