<?xml version = '1.0' encoding = 'UTF-8'?>
<FKIndexAssociation class="oracle.dbtools.crest.model.design.relational.FKIndexAssociation" directorySegmentName="seg_0" id="4EBA79C7-38C9-7F34-AAF3-6A280353AB23" name="CASE_STATUS_HISTORY_CASES_FK">
<sourceConnName>UK_HWS rk50472</sourceConnName>
<sourceObjSchema>maxdat</sourceObjSchema>
<sourceObjName>CASE_STATUS_HISTORY_CASES_FK</sourceObjName>
<createdBy>50472</createdBy>
<createdTime>2014-11-20 22:42:16 UTC</createdTime>
<ownerDesignName>UK_HWS_Assessments_data_model_diagram12172014</ownerDesignName>
<containerWithKeyObject>6CFB361F-E101-E33D-1DA2-35904E3E0008</containerWithKeyObject>
<deleteRule>NO ACTION</deleteRule>
<localFKIndex>F7725D94-7179-08FD-F765-7E447E6D5266</localFKIndex>
<keyObject>611A8B22-9E8A-3257-7185-4D1A33DD1577</keyObject>
<mandatory>true</mandatory>
<transferable>true</transferable>
<columnDependencyConstraintGenerateInDDL>true</columnDependencyConstraintGenerateInDDL>
</FKIndexAssociation>