<?xml version = '1.0' encoding = 'UTF-8'?>
<FKIndexAssociation class="oracle.dbtools.crest.model.design.relational.FKIndexAssociation" directorySegmentName="seg_0" id="5385F4AF-1DA8-0E73-C898-32B4420E8A5B" name="DWP_INTERVENTION_ASSESSMENTS_FK">
<createdBy>andrew.yuhas</createdBy>
<createdTime>2014-12-08 10:26:33 UTC</createdTime>
<ownerDesignName>UK_HWS_Assessments_data_model_diagram12172014</ownerDesignName>
<containerWithKeyObject>D3501D41-EA89-E240-4476-0DC00F1A3B00</containerWithKeyObject>
<deleteRule>NO ACTION</deleteRule>
<localFKIndex>62DD490F-AEA6-0D55-5A6C-86445BC64DEA</localFKIndex>
<keyObject>B9369DDD-A189-F69E-8B50-C931BFFB0493</keyObject>
<mandatory>true</mandatory>
<transferable>true</transferable>
<columnDependencyConstraintGenerateInDDL>true</columnDependencyConstraintGenerateInDDL>
</FKIndexAssociation>