<?xml version = '1.0' encoding = 'UTF-8'?>
<FKIndexAssociation class="oracle.dbtools.crest.model.design.relational.FKIndexAssociation" directorySegmentName="seg_0" id="54C8D905-3498-48E5-40E4-C83C6E62F9E2" name="Assessment_Outcomes_ASSESSMENTS_FK">
<createdBy>andrew.yuhas</createdBy>
<createdTime>2014-12-08 10:25:09 UTC</createdTime>
<ownerDesignName>UK_HWS_Assessments_data_model_diagram12172014</ownerDesignName>
<containerWithKeyObject>242E58F2-048E-516E-11B1-A2651077149F</containerWithKeyObject>
<deleteRule>NO ACTION</deleteRule>
<localFKIndex>0A0B96EF-BA74-F135-2F0D-3337692C1459</localFKIndex>
<keyObject>B9369DDD-A189-F69E-8B50-C931BFFB0493</keyObject>
<mandatory>true</mandatory>
<transferable>true</transferable>
<columnDependencyConstraintGenerateInDDL>true</columnDependencyConstraintGenerateInDDL>
</FKIndexAssociation>