<?xml version = '1.0' encoding = 'UTF-8'?>
<FKIndexAssociation class="oracle.dbtools.crest.model.design.relational.FKIndexAssociation" directorySegmentName="seg_0" id="5C208EE9-0921-09FC-BEF9-81DF0CE55BF7" name="APPT_DATE_HISTORY_APPOINTMENTS_FK">
<sourceConnName>UK_HWS rk50472</sourceConnName>
<sourceObjSchema>maxdat</sourceObjSchema>
<sourceObjName>APPT_DATE_HISTORY_APPOINTMENTS_FK</sourceObjName>
<createdBy>50472</createdBy>
<createdTime>2014-11-20 22:42:17 UTC</createdTime>
<ownerDesignName>UK_HWS_Assessments_data_model_diagram12172014</ownerDesignName>
<containerWithKeyObject>E7BDCBA0-067A-61E7-AB1E-5229EFD09A26</containerWithKeyObject>
<deleteRule>NO ACTION</deleteRule>
<localFKIndex>F92964D5-09F0-4A11-36B5-B02D5C4A76FE</localFKIndex>
<keyObject>BCDD4D9B-A5F5-60B6-B1DF-5A31E989D370</keyObject>
<mandatory>true</mandatory>
<transferable>true</transferable>
<columnDependencyConstraintGenerateInDDL>true</columnDependencyConstraintGenerateInDDL>
</FKIndexAssociation>