<?xml version = '1.0' encoding = 'UTF-8'?>
<FKIndexAssociation class="oracle.dbtools.crest.model.design.relational.FKIndexAssociation" directorySegmentName="seg_0" id="9E32468A-9EA7-B902-A9B8-5EB08C4E4984" name="APPOINTMENT_STATUS_HISTORY_APPOINTMENTS_FK">
<sourceConnName>UK_HWS rk50472</sourceConnName>
<sourceObjSchema>maxdat</sourceObjSchema>
<sourceObjName>APPOINTMENT_STATUS_HISTORY_APPOINTMENTS_FK</sourceObjName>
<createdBy>50472</createdBy>
<createdTime>2014-11-20 22:42:17 UTC</createdTime>
<ownerDesignName>UK_HWS_Assessments_data_model_diagram12172014</ownerDesignName>
<containerWithKeyObject>61E4675E-C5E4-27B2-7B22-13E87B510DCC</containerWithKeyObject>
<deleteRule>NO ACTION</deleteRule>
<localFKIndex>98912893-2C81-760F-4A07-1300503B56DE</localFKIndex>
<keyObject>BCDD4D9B-A5F5-60B6-B1DF-5A31E989D370</keyObject>
<mandatory>true</mandatory>
<transferable>true</transferable>
<columnDependencyConstraintGenerateInDDL>true</columnDependencyConstraintGenerateInDDL>
</FKIndexAssociation>