<?xml version = '1.0' encoding = 'UTF-8'?>
<FKIndexAssociation class="oracle.dbtools.crest.model.design.relational.FKIndexAssociation" directorySegmentName="seg_0" id="F7C44D8C-ABA4-6CAB-DFF2-1A2326DF6853" name="ASSESSMENT_CASE_FK">
<sourceConnName>UK_HWS rk50472</sourceConnName>
<sourceObjSchema>maxdat</sourceObjSchema>
<sourceObjName>ASSESSMENT_CASE_FK</sourceObjName>
<createdBy>50472</createdBy>
<createdTime>2014-11-20 22:42:16 UTC</createdTime>
<ownerDesignName>UK_HWS_Assessments_data_model_diagram12172014</ownerDesignName>
<containerWithKeyObject>B1666379-E856-DE31-90D1-62981B93FF04</containerWithKeyObject>
<deleteRule>NO ACTION</deleteRule>
<localFKIndex>366F8290-12E4-C21C-03D4-6B10ECF32782</localFKIndex>
<keyObject>611A8B22-9E8A-3257-7185-4D1A33DD1577</keyObject>
<mandatory>true</mandatory>
<transferable>true</transferable>
<columnDependencyConstraintGenerateInDDL>true</columnDependencyConstraintGenerateInDDL>
</FKIndexAssociation>