<?xml version = '1.0' encoding = 'UTF-8'?>
<FKIndexAssociation class="oracle.dbtools.crest.model.design.relational.FKIndexAssociation" directorySegmentName="seg_0" id="FEE6E940-39F2-0B90-E51A-FBB492A37526" name="APPOINTMENTS_ASSESSMENT_FK">
<sourceConnName>UK_HWS rk50472</sourceConnName>
<sourceObjSchema>maxdat</sourceObjSchema>
<sourceObjName>APPOINTMENTS_ASSESSMENT_FK</sourceObjName>
<createdBy>50472</createdBy>
<createdTime>2014-11-20 22:42:16 UTC</createdTime>
<ownerDesignName>UK_HWS_Assessments_data_model_diagram12172014</ownerDesignName>
<containerWithKeyObject>38B8BAE7-2F61-6B14-F2F6-7D7BD5D5DE04</containerWithKeyObject>
<deleteRule>NO ACTION</deleteRule>
<localFKIndex>E3AC2A30-8CCD-A490-AC51-4431C8ACA88F</localFKIndex>
<keyObject>B9369DDD-A189-F69E-8B50-C931BFFB0493</keyObject>
<mandatory>true</mandatory>
<transferable>true</transferable>
<columnDependencyConstraintGenerateInDDL>true</columnDependencyConstraintGenerateInDDL>
</FKIndexAssociation>