<?xml version = '1.0' encoding = 'UTF-8'?>
<TriggerOraclev10g class="oracle.dbtools.crest.model.design.storage.oracle.v10g.TriggerOraclev10g" name="TRG_BIU_BPM_INSTANCE" id="00E6B1BF-4EAF-D780-BBF0-24BE426DD59C" directorySegmentName="seg_0">
<sourceConnName>nyecdrbk maxdat</sourceConnName>
<sourceObjSchema>MAXDAT</sourceObjSchema>
<sourceObjName>TRG_BIU_BPM_INSTANCE</sourceObjName>
<createdBy>50472</createdBy>
<createdTime>2013-08-08 16:19:10 UTC</createdTime>
<ownerDesignName>BPM_Event_data_model_diagram</ownerDesignName>
<actions>INSERT, UPDATE</actions>
<body>begin&lt;br/&gt;  if inserting then&lt;br/&gt;  &lt;br/&gt;    if :new.BI_ID is null then&lt;br/&gt;      :new.BI_ID := SEQ_BI_ID.nextval;&lt;br/&gt;    end if;&lt;br/&gt;    &lt;br/&gt;    if :new.END_DATE is null then&lt;br/&gt;      :new.END_DATE := BPM_COMMON.GET_MAX_DATE;&lt;br/&gt;    end if;&lt;br/&gt;    &lt;br/&gt;  end if;&lt;br/&gt;end;</body>
<triggerTime>BEFORE</triggerTime>
<owner>1B789DE8-AB78-BE33-0C08-8AFFA609FBB0</owner>
<table>AA6AF9CE-2CB3-986C-CE3E-E17DB5B80CFC</table>
</TriggerOraclev10g>