<?xml version = '1.0' encoding = 'UTF-8'?>
<TriggerOraclev10g class="oracle.dbtools.crest.model.design.storage.oracle.v10g.TriggerOraclev10g" name="TRG_BIU_BPM_ACTIVITY_EVENTS" id="30DED92C-9680-938B-D0D0-667F8C4795C9" directorySegmentName="seg_0">
<sourceConnName>nyecdrbk maxdat</sourceConnName>
<sourceObjSchema>MAXDAT</sourceObjSchema>
<sourceObjName>TRG_BIU_BPM_ACTIVITY_EVENTS</sourceObjName>
<createdBy>50472</createdBy>
<createdTime>2013-08-08 16:19:09 UTC</createdTime>
<ownerDesignName>BPM_Event_data_model_diagram</ownerDesignName>
<actions>INSERT, UPDATE</actions>
<body>begin&lt;br/&gt;  if inserting then&lt;br/&gt;  &lt;br/&gt;    if :new.BACE_ID is null then&lt;br/&gt;      :new.BACE_ID := SEQ_BACE_ID.nextval;&lt;br/&gt;    end if;&lt;br/&gt;    &lt;br/&gt;    if :new.EVENT_DATE is null then&lt;br/&gt;      :new.EVENT_DATE := sysdate;&lt;br/&gt;    end if;&lt;br/&gt;                &lt;br/&gt;  end if;&lt;br/&gt;end;</body>
<triggerTime>BEFORE</triggerTime>
<owner>1B789DE8-AB78-BE33-0C08-8AFFA609FBB0</owner>
<table>AB2E5589-C2AE-5212-556A-5EE24D398D91</table>
</TriggerOraclev10g>