<?xml version = '1.0' encoding = 'UTF-8'?>
<TriggerOraclev10g class="oracle.dbtools.crest.model.design.storage.oracle.v10g.TriggerOraclev10g" name="TRG_BIU_BPM_UPDATE_EVENT" id="B4B26278-68C1-D754-FABF-77726345A9E1" directorySegmentName="seg_0">
<sourceConnName>nyecdrbk maxdat</sourceConnName>
<sourceObjSchema>MAXDAT</sourceObjSchema>
<sourceObjName>TRG_BIU_BPM_UPDATE_EVENT</sourceObjName>
<createdBy>50472</createdBy>
<createdTime>2013-08-08 16:19:10 UTC</createdTime>
<ownerDesignName>BPM_Event_data_model_diagram</ownerDesignName>
<actions>INSERT, UPDATE</actions>
<body>begin&lt;br/&gt;  if inserting then&lt;br/&gt;  &lt;br/&gt;    if :new.BUE_ID is null then&lt;br/&gt;      :new.BUE_ID := SEQ_BUE_ID.nextval;&lt;br/&gt;    end if;&lt;br/&gt;    &lt;br/&gt;  end if;&lt;br/&gt;end;</body>
<triggerTime>BEFORE</triggerTime>
<owner>1B789DE8-AB78-BE33-0C08-8AFFA609FBB0</owner>
<table>052F792C-FCCF-124C-4CC2-BD8B66FB7FF2</table>
</TriggerOraclev10g>