<?xml version = '1.0' encoding = 'UTF-8'?>
<TriggerOraclev10g class="oracle.dbtools.crest.model.design.storage.oracle.v10g.TriggerOraclev10g" name="TRG_BIU_BPM_ATTRIBUTE" id="C306EB98-4CA5-316F-C862-A2CAA3AA733E" directorySegmentName="seg_0">
<sourceConnName>nyecdrbk maxdat</sourceConnName>
<sourceObjSchema>MAXDAT</sourceObjSchema>
<sourceObjName>TRG_BIU_BPM_ATTRIBUTE</sourceObjName>
<createdBy>50472</createdBy>
<createdTime>2013-08-08 16:19:09 UTC</createdTime>
<ownerDesignName>BPM_Event_data_model_diagram</ownerDesignName>
<actions>INSERT, UPDATE</actions>
<body>begin&lt;br/&gt;  if inserting then&lt;br/&gt;  &lt;br/&gt;    if :new.BA_ID is null then&lt;br/&gt;      :new.BA_ID := SEQ_BA_ID.nextval;&lt;br/&gt;    end if;&lt;br/&gt;    &lt;br/&gt;    if :new.EFFECTIVE_DATE is null then&lt;br/&gt;      :new.EFFECTIVE_DATE := sysdate;&lt;br/&gt;    end if;&lt;br/&gt;    &lt;br/&gt;    if :new.END_DATE is null then&lt;br/&gt;      :new.END_DATE := BPM_COMMON.GET_MAX_DATE;&lt;br/&gt;    end if;&lt;br/&gt;   &lt;br/&gt;  end if;&lt;br/&gt;end;</body>
<triggerTime>BEFORE</triggerTime>
<owner>1B789DE8-AB78-BE33-0C08-8AFFA609FBB0</owner>
<table>F9191379-A633-15D4-112E-17E3CB31A468</table>
</TriggerOraclev10g>