<?xml version = '1.0' encoding = 'UTF-8'?>
<TriggerOraclev10g class="oracle.dbtools.crest.model.design.storage.oracle.v10g.TriggerOraclev10g" name="TRG_BIU_BPM_INSTANCE_ATTR" id="C877D1E1-C502-A3C8-1919-D291B613C4D1" directorySegmentName="seg_0">
<sourceConnName>nyecdrbk maxdat</sourceConnName>
<sourceObjSchema>MAXDAT</sourceObjSchema>
<sourceObjName>TRG_BIU_BPM_INSTANCE_ATTR</sourceObjName>
<createdBy>50472</createdBy>
<createdTime>2013-08-08 16:19:10 UTC</createdTime>
<ownerDesignName>BPM_Event_data_model_diagram</ownerDesignName>
<actions>INSERT, UPDATE</actions>
<body>begin&lt;br/&gt;  if inserting then&lt;br/&gt;  &lt;br/&gt;    if :new.BIA_ID is null then&lt;br/&gt;      :new.BIA_ID := SEQ_BIA_ID.nextval;&lt;br/&gt;    end if;&lt;br/&gt;    &lt;br/&gt;    if :new.start_date is null then&lt;br/&gt;      :new.START_DATE := sysdate;&lt;br/&gt;    end if;&lt;br/&gt;    &lt;br/&gt;    if :new.end_date is null then&lt;br/&gt;      :new.END_DATE := BPM_COMMON.GET_MAX_DATE;&lt;br/&gt;    end if;&lt;br/&gt;                &lt;br/&gt;  end if;&lt;br/&gt;end;</body>
<triggerTime>BEFORE</triggerTime>
<owner>1B789DE8-AB78-BE33-0C08-8AFFA609FBB0</owner>
<table>ED6453DC-BD0C-6056-32CF-3C36292B1667</table>
</TriggerOraclev10g>