<?xml version = '1.0' encoding = 'UTF-8'?>
<TableProxyOraclev11g class="oracle.dbtools.crest.model.design.storage.oracle.v11g.TableProxyOraclev11g" name="D_NYEC_IR_CURRENT_APP" id="1EFD1969-736E-D890-F92A-7750BBD2F1D4" directorySegmentName="seg_1">
<createdBy>ro38606</createdBy>
<createdTime>2013-05-07 18:43:57 UTC</createdTime>
<ownerDesignName>NYEC_BPM_Semantic_data_model_diagram</ownerDesignName>
<logging>YES</logging>
<columnProxies>
<ColumnProxy class="oracle.dbtools.crest.model.design.storage.oracle.v11g.ColumnProxyOraclev11g" name="Research Flag" id="002D5D47-0940-9CEB-9AD6-C5644ECECD87">
<createdBy>ro38606</createdBy>
<createdTime>2013-05-07 18:43:57 UTC</createdTime>
<ownerDesignName>NYEC_BPM_Semantic_data_model_diagram</ownerDesignName>
</ColumnProxy>
<ColumnProxy class="oracle.dbtools.crest.model.design.storage.oracle.v11g.ColumnProxyOraclev11g" name="Outcome Letter Type" id="00EAF703-A369-C8FC-6488-0BCA2C72C004">
<createdBy>ro38606</createdBy>
<createdTime>2013-05-07 18:43:57 UTC</createdTime>
<ownerDesignName>NYEC_BPM_Semantic_data_model_diagram</ownerDesignName>
</ColumnProxy>
<ColumnProxy class="oracle.dbtools.crest.model.design.storage.oracle.v11g.ColumnProxyOraclev11g" name="Cur Outcome Letter Status" id="02957853-AC38-6BF1-98A2-75A83C0D3FFC">
<createdBy>ro38606</createdBy>
<createdTime>2013-05-07 18:43:57 UTC</createdTime>
<ownerDesignName>NYEC_BPM_Semantic_data_model_diagram</ownerDesignName>
</ColumnProxy>
<ColumnProxy class="oracle.dbtools.crest.model.design.storage.oracle.v11g.ColumnProxyOraclev11g" name="Timeliness Status" id="0302A852-E538-223D-720D-56B81BBA12AB">
<createdBy>ro38606</createdBy>
<createdTime>2013-05-07 18:43:57 UTC</createdTime>
<ownerDesignName>NYEC_BPM_Semantic_data_model_diagram</ownerDesignName>
</ColumnProxy>
<ColumnProxy class="oracle.dbtools.crest.model.design.storage.oracle.v11g.ColumnProxyOraclev11g" name="Provider Name" id="032BA5A0-A0C4-EEA4-AFE0-53EA83BBF2AF">
<createdBy>ro38606</createdBy>
<createdTime>2013-05-07 18:43:57 UTC</createdTime>
<ownerDesignName>NYEC_BPM_Semantic_data_model_diagram</ownerDesignName>
</ColumnProxy>
<ColumnProxy class="oracle.dbtools.crest.model.design.storage.oracle.v11g.ColumnProxyOraclev11g" name="SLA Days" id="0E971B87-56A0-720D-0347-419FCE8318D2">
<createdBy>ro38606</createdBy>
<createdTime>2013-05-07 18:43:57 UTC</createdTime>
<ownerDesignName>NYEC_BPM_Semantic_data_model_diagram</ownerDesignName>
</ColumnProxy>
<ColumnProxy class="oracle.dbtools.crest.model.design.storage.oracle.v11g.ColumnProxyOraclev11g" name="Cur Refer to LDSS Flag" id="12C831C5-60C4-E2B4-4335-1B035F4C142C">
<createdBy>ro38606</createdBy>
<createdTime>2013-05-07 18:43:57 UTC</createdTime>
<ownerDesignName>NYEC_BPM_Semantic_data_model_diagram</ownerDesignName>
</ColumnProxy>
<ColumnProxy class="oracle.dbtools.crest.model.design.storage.oracle.v11g.ColumnProxyOraclev11g" name="Reverse Clearance Indictr" id="151BB671-5C7F-EC5F-1896-308AA03B3307">
<createdBy>ro38606</createdBy>
<createdTime>2013-05-07 18:43:57 UTC</createdTime>
<ownerDesignName>NYEC_BPM_Semantic_data_model_diagram</ownerDesignName>
</ColumnProxy>
<ColumnProxy class="oracle.dbtools.crest.model.design.storage.oracle.v11g.ColumnProxyOraclev11g" name="Upstate/Downstate Indictr" id="180271B7-18E8-A258-5124-4DB4B452408C">
<createdBy>ro38606</createdBy>
<createdTime>2013-05-07 18:43:57 UTC</createdTime>
<ownerDesignName>NYEC_BPM_Semantic_data_model_diagram</ownerDesignName>
</ColumnProxy>
<ColumnProxy class="oracle.dbtools.crest.model.design.storage.oracle.v11g.ColumnProxyOraclev11g" name="Perform Research Flag" id="1B2BA959-D9ED-D687-5163-1A492E636F60">
<createdBy>ro38606</createdBy>
<createdTime>2013-05-07 18:43:57 UTC</createdTime>
<ownerDesignName>NYEC_BPM_Semantic_data_model_diagram</ownerDesignName>
</ColumnProxy>
<ColumnProxy class="oracle.dbtools.crest.model.design.storage.oracle.v11g.ColumnProxyOraclev11g" name="Cur HEART App Status" id="1D685D7C-0BC6-68F7-C126-DCFDEA4FF40F">
<createdBy>ro38606</createdBy>
<createdTime>2013-05-07 18:43:57 UTC</createdTime>
<ownerDesignName>NYEC_BPM_Semantic_data_model_diagram</ownerDesignName>
</ColumnProxy>
<ColumnProxy class="oracle.dbtools.crest.model.design.storage.oracle.v11g.ColumnProxyOraclev11g" name="Cur Outcome Notif Req Flag" id="1F6B54AD-42D2-77D0-9419-EF530E4EE6B6">
<createdBy>ro38606</createdBy>
<createdTime>2013-05-07 18:43:57 UTC</createdTime>
<ownerDesignName>NYEC_BPM_Semantic_data_model_diagram</ownerDesignName>
</ColumnProxy>
<ColumnProxy class="oracle.dbtools.crest.model.design.storage.oracle.v11g.ColumnProxyOraclev11g" name="Perform Research Start Date" id="1F8220D2-D679-9D95-C11F-D1CBF7692F5C">
<createdBy>ro38606</createdBy>
<createdTime>2013-05-07 18:43:57 UTC</createdTime>
<ownerDesignName>NYEC_BPM_Semantic_data_model_diagram</ownerDesignName>
</ColumnProxy>
<ColumnProxy class="oracle.dbtools.crest.model.design.storage.oracle.v11g.ColumnProxyOraclev11g" name="Perform QC Start Date" id="262FA2D7-B049-73A2-4AC1-F0321460EF8C">
<createdBy>ro38606</createdBy>
<createdTime>2013-05-07 18:43:57 UTC</createdTime>
<ownerDesignName>NYEC_BPM_Semantic_data_model_diagram</ownerDesignName>
</ColumnProxy>
<ColumnProxy class="oracle.dbtools.crest.model.design.storage.oracle.v11g.ColumnProxyOraclev11g" name="Complete Date" id="2ADEFC88-2449-5384-E721-14360DDD8387">
<createdBy>ro38606</createdBy>
<createdTime>2013-05-07 18:43:57 UTC</createdTime>
<ownerDesignName>NYEC_BPM_Semantic_data_model_diagram</ownerDesignName>
</ColumnProxy>
<ColumnProxy class="oracle.dbtools.crest.model.design.storage.oracle.v11g.ColumnProxyOraclev11g" name="Outcome Letter Send Date" id="2E0F303E-F9D9-35BA-8DD7-2D3C5858F454">
<createdBy>ro38606</createdBy>
<createdTime>2013-05-07 18:43:57 UTC</createdTime>
<ownerDesignName>NYEC_BPM_Semantic_data_model_diagram</ownerDesignName>
</ColumnProxy>
<ColumnProxy class="oracle.dbtools.crest.model.design.storage.oracle.v11g.ColumnProxyOraclev11g" name="Cancel Date" id="2EF0A027-E054-FC06-6EEB-123F53C29F3C">
<createdBy>ro38606</createdBy>
<createdTime>2013-05-07 18:43:57 UTC</createdTime>
<ownerDesignName>NYEC_BPM_Semantic_data_model_diagram</ownerDesignName>
</ColumnProxy>
<ColumnProxy class="oracle.dbtools.crest.model.design.storage.oracle.v11g.ColumnProxyOraclev11g" name="Cur HEART Incomplete App Ind" id="2F28B195-7577-32EB-F971-94DA78BDD3BD">
<createdBy>ro38606</createdBy>
<createdTime>2013-05-07 18:43:57 UTC</createdTime>
<ownerDesignName>NYEC_BPM_Semantic_data_model_diagram</ownerDesignName>
</ColumnProxy>
<ColumnProxy class="oracle.dbtools.crest.model.design.storage.oracle.v11g.ColumnProxyOraclev11g" name="Cur Reactivation Number" id="2F5805F5-0D18-17A5-46B7-256CFF2E3B4B">
<createdBy>ro38606</createdBy>
<createdTime>2013-05-07 18:43:57 UTC</createdTime>
<ownerDesignName>NYEC_BPM_Semantic_data_model_diagram</ownerDesignName>
</ColumnProxy>
<ColumnProxy class="oracle.dbtools.crest.model.design.storage.oracle.v11g.ColumnProxyOraclev11g" name="Application Type" id="3378F6EC-B65C-94F5-87B3-28A4A6A58182">
<createdBy>ro38606</createdBy>
<createdTime>2013-05-07 18:43:57 UTC</createdTime>
<ownerDesignName>NYEC_BPM_Semantic_data_model_diagram</ownerDesignName>
</ColumnProxy>
<ColumnProxy class="oracle.dbtools.crest.model.design.storage.oracle.v11g.ColumnProxyOraclev11g" name="Complete App Performed By" id="3386305C-DF08-7A4A-E527-25350ECBD35B">
<createdBy>ro38606</createdBy>
<createdTime>2013-05-07 18:43:57 UTC</createdTime>
<ownerDesignName>NYEC_BPM_Semantic_data_model_diagram</ownerDesignName>
</ColumnProxy>
<ColumnProxy class="oracle.dbtools.crest.model.design.storage.oracle.v11g.ColumnProxyOraclev11g" name="Perform QC Flag" id="34006E36-A4FF-FDF8-A74C-D4A3A4E1CF01">
<createdBy>ro38606</createdBy>
<createdTime>2013-05-07 18:43:57 UTC</createdTime>
<ownerDesignName>NYEC_BPM_Semantic_data_model_diagram</ownerDesignName>
</ColumnProxy>
<ColumnProxy class="oracle.dbtools.crest.model.design.storage.oracle.v11g.ColumnProxyOraclev11g" name="Reverse Clearance Outcome" id="3487EF92-DED9-C814-64B3-005ADFA4189F">
<createdBy>ro38606</createdBy>
<createdTime>2013-05-07 18:43:57 UTC</createdTime>
<ownerDesignName>NYEC_BPM_Semantic_data_model_diagram</ownerDesignName>
</ColumnProxy>
<ColumnProxy class="oracle.dbtools.crest.model.design.storage.oracle.v11g.ColumnProxyOraclev11g" name="App Age in Calendar Days" id="369F373E-DF6F-B83C-571A-72166544C4A9">
<createdBy>ro38606</createdBy>
<createdTime>2013-05-07 18:43:57 UTC</createdTime>
<ownerDesignName>NYEC_BPM_Semantic_data_model_diagram</ownerDesignName>
</ColumnProxy>
<ColumnProxy class="oracle.dbtools.crest.model.design.storage.oracle.v11g.ColumnProxyOraclev11g" name="Process App Info Flag" id="384D2A14-198C-D1A3-56EC-FCAE22B6393B">
<createdBy>ro38606</createdBy>
<createdTime>2013-05-07 18:43:57 UTC</createdTime>
<ownerDesignName>NYEC_BPM_Semantic_data_model_diagram</ownerDesignName>
</ColumnProxy>
<ColumnProxy class="oracle.dbtools.crest.model.design.storage.oracle.v11g.ColumnProxyOraclev11g" name="State Review Task Count" id="3BB64D14-E6B6-96EF-DE12-C8EBF574EB41">
<createdBy>ro38606</createdBy>
<createdTime>2013-05-07 18:43:57 UTC</createdTime>
<ownerDesignName>NYEC_BPM_Semantic_data_model_diagram</ownerDesignName>
</ColumnProxy>
<ColumnProxy class="oracle.dbtools.crest.model.design.storage.oracle.v11g.ColumnProxyOraclev11g" name="Receive App Flag" id="3C37299F-172F-51D1-AA07-D46EEA13A317">
<createdBy>ro38606</createdBy>
<createdTime>2013-05-07 18:43:57 UTC</createdTime>
<ownerDesignName>NYEC_BPM_Semantic_data_model_diagram</ownerDesignName>
</ColumnProxy>
<ColumnProxy class="oracle.dbtools.crest.model.design.storage.oracle.v11g.ColumnProxyOraclev11g" name="Application ID" id="3E9A4924-57EE-929F-0C8E-C1AED9F0DB6E">
<createdBy>ro38606</createdBy>
<createdTime>2013-05-07 18:43:57 UTC</createdTime>
<ownerDesignName>NYEC_BPM_Semantic_data_model_diagram</ownerDesignName>
</ColumnProxy>
<ColumnProxy class="oracle.dbtools.crest.model.design.storage.oracle.v11g.ColumnProxyOraclev11g" name="SLA Jeopardy Date" id="3F560F8C-6640-B5C0-759E-ED652AA12588">
<createdBy>ro38606</createdBy>
<createdTime>2013-05-07 18:43:57 UTC</createdTime>
<ownerDesignName>NYEC_BPM_Semantic_data_model_diagram</ownerDesignName>
</ColumnProxy>
<ColumnProxy class="oracle.dbtools.crest.model.design.storage.oracle.v11g.ColumnProxyOraclev11g" name="SLA Jeopardy Days" id="4099E026-6645-68AE-7DE3-6837C3A4D42B">
<createdBy>ro38606</createdBy>
<createdTime>2013-05-07 18:43:57 UTC</createdTime>
<ownerDesignName>NYEC_BPM_Semantic_data_model_diagram</ownerDesignName>
</ColumnProxy>
<ColumnProxy class="oracle.dbtools.crest.model.design.storage.oracle.v11g.ColumnProxyOraclev11g" name="Cur CIN" id="4473DCBF-2F35-5A98-01C0-F451ED24972F">
<createdBy>ro38606</createdBy>
<createdTime>2013-05-07 18:43:57 UTC</createdTime>
<ownerDesignName>NYEC_BPM_Semantic_data_model_diagram</ownerDesignName>
</ColumnProxy>
<ColumnProxy class="oracle.dbtools.crest.model.design.storage.oracle.v11g.ColumnProxyOraclev11g" name="Cur App Status" id="44E0E921-37CF-5C7E-AABE-DC95A8BFBD6C">
<createdBy>ro38606</createdBy>
<createdTime>2013-05-07 18:43:57 UTC</createdTime>
<ownerDesignName>NYEC_BPM_Semantic_data_model_diagram</ownerDesignName>
</ColumnProxy>
<ColumnProxy class="oracle.dbtools.crest.model.design.storage.oracle.v11g.ColumnProxyOraclev11g" name="Process App Info Date" id="4F10F474-9C73-2082-0526-03E0F30254AE">
<createdBy>ro38606</createdBy>
<createdTime>2013-05-07 18:43:57 UTC</createdTime>
<ownerDesignName>NYEC_BPM_Semantic_data_model_diagram</ownerDesignName>
</ColumnProxy>
<ColumnProxy class="oracle.dbtools.crest.model.design.storage.oracle.v11g.ColumnProxyOraclev11g" name="State Review Task ID" id="5176EE16-3779-BCF5-0B66-D5E3E14D5856">
<createdBy>ro38606</createdBy>
<createdTime>2013-05-07 18:43:57 UTC</createdTime>
<ownerDesignName>NYEC_BPM_Semantic_data_model_diagram</ownerDesignName>
</ColumnProxy>
<ColumnProxy class="oracle.dbtools.crest.model.design.storage.oracle.v11g.ColumnProxyOraclev11g" name="Perform QC Date" id="56089D03-C9A7-D7B0-6A8C-CD0018AA8A1E">
<createdBy>ro38606</createdBy>
<createdTime>2013-05-07 18:43:57 UTC</createdTime>
<ownerDesignName>NYEC_BPM_Semantic_data_model_diagram</ownerDesignName>
</ColumnProxy>
<ColumnProxy class="oracle.dbtools.crest.model.design.storage.oracle.v11g.ColumnProxyOraclev11g" name="SLA Days Type" id="572568EF-A20A-6D78-02F2-030E6D04E765">
<createdBy>ro38606</createdBy>
<createdTime>2013-05-07 18:43:57 UTC</createdTime>
<ownerDesignName>NYEC_BPM_Semantic_data_model_diagram</ownerDesignName>
</ColumnProxy>
<ColumnProxy class="oracle.dbtools.crest.model.design.storage.oracle.v11g.ColumnProxyOraclev11g" name="Wait State Approval Flag" id="5903A3A9-A021-62C3-445B-B241C324CE24">
<createdBy>ro38606</createdBy>
<createdTime>2013-05-07 18:43:57 UTC</createdTime>
<ownerDesignName>NYEC_BPM_Semantic_data_model_diagram</ownerDesignName>
</ColumnProxy>
<ColumnProxy class="oracle.dbtools.crest.model.design.storage.oracle.v11g.ColumnProxyOraclev11g" name="CIN Date" id="5BEB5886-6225-D483-2D88-0FA74D619EA4">
<createdBy>ro38606</createdBy>
<createdTime>2013-05-07 18:43:57 UTC</createdTime>
<ownerDesignName>NYEC_BPM_Semantic_data_model_diagram</ownerDesignName>
</ColumnProxy>
<ColumnProxy class="oracle.dbtools.crest.model.design.storage.oracle.v11g.ColumnProxyOraclev11g" name="Perform QC Performed By" id="5E098166-E1A4-6CC3-EB5E-F6FD2043EAEB">
<createdBy>ro38606</createdBy>
<createdTime>2013-05-07 18:43:57 UTC</createdTime>
<ownerDesignName>NYEC_BPM_Semantic_data_model_diagram</ownerDesignName>
</ColumnProxy>
<ColumnProxy class="oracle.dbtools.crest.model.design.storage.oracle.v11g.ColumnProxyOraclev11g" name="Cur County" id="613E7FAE-39A7-7DFA-096A-536E67C53D68">
<createdBy>ro38606</createdBy>
<createdTime>2013-05-07 18:43:57 UTC</createdTime>
<ownerDesignName>NYEC_BPM_Semantic_data_model_diagram</ownerDesignName>
</ColumnProxy>
<ColumnProxy class="oracle.dbtools.crest.model.design.storage.oracle.v11g.ColumnProxyOraclev11g" name="Perform Research Performed By" id="644FC873-D1D5-D1FD-3828-EF787975C7BA">
<createdBy>ro38606</createdBy>
<createdTime>2013-05-07 18:43:57 UTC</createdTime>
<ownerDesignName>NYEC_BPM_Semantic_data_model_diagram</ownerDesignName>
</ColumnProxy>
<ColumnProxy class="oracle.dbtools.crest.model.design.storage.oracle.v11g.ColumnProxyOraclev11g" name="Reverse Clearance Indictr Date" id="670647E6-E37D-8E63-471C-143ABC856BA2">
<createdBy>ro38606</createdBy>
<createdTime>2013-05-07 18:43:57 UTC</createdTime>
<ownerDesignName>NYEC_BPM_Semantic_data_model_diagram</ownerDesignName>
</ColumnProxy>
<ColumnProxy class="oracle.dbtools.crest.model.design.storage.oracle.v11g.ColumnProxyOraclev11g" name="Auto Reprocess Flag" id="68E684D3-02ED-1F83-B556-5FE189BCF3F5">
<createdBy>ro38606</createdBy>
<createdTime>2013-05-07 18:43:57 UTC</createdTime>
<ownerDesignName>NYEC_BPM_Semantic_data_model_diagram</ownerDesignName>
</ColumnProxy>
<ColumnProxy class="oracle.dbtools.crest.model.design.storage.oracle.v11g.ColumnProxyOraclev11g" name="Days To Timeout" id="708EF7EC-B40B-7202-ED55-C978B9824F85">
<createdBy>ro38606</createdBy>
<createdTime>2013-05-07 18:43:57 UTC</createdTime>
<ownerDesignName>NYEC_BPM_Semantic_data_model_diagram</ownerDesignName>
</ColumnProxy>
<ColumnProxy class="oracle.dbtools.crest.model.design.storage.oracle.v11g.ColumnProxyOraclev11g" name="QC Outcome Flag" id="734933FF-6156-F74D-37A4-4589C4B6FEED">
<createdBy>ro38606</createdBy>
<createdTime>2013-05-07 18:43:57 UTC</createdTime>
<ownerDesignName>NYEC_BPM_Semantic_data_model_diagram</ownerDesignName>
</ColumnProxy>
<ColumnProxy class="oracle.dbtools.crest.model.design.storage.oracle.v11g.ColumnProxyOraclev11g" name="Cur QC Indicator" id="73CAF8FB-5C40-374F-FDF7-043842306ED2">
<createdBy>ro38606</createdBy>
<createdTime>2013-05-07 18:43:57 UTC</createdTime>
<ownerDesignName>NYEC_BPM_Semantic_data_model_diagram</ownerDesignName>
</ColumnProxy>
<ColumnProxy class="oracle.dbtools.crest.model.design.storage.oracle.v11g.ColumnProxyOraclev11g" name="Cur App Status Group" id="77080F81-E10E-3D00-95BA-702BB677D675">
<createdBy>ro38606</createdBy>
<createdTime>2013-05-07 18:43:57 UTC</createdTime>
<ownerDesignName>NYEC_BPM_Semantic_data_model_diagram</ownerDesignName>
</ColumnProxy>
<ColumnProxy class="oracle.dbtools.crest.model.design.storage.oracle.v11g.ColumnProxyOraclev11g" name="Age in Business Days" id="77CB9A6B-8262-AFBE-1530-0D549FCB5996">
<createdBy>ro38606</createdBy>
<createdTime>2013-05-07 18:43:57 UTC</createdTime>
<ownerDesignName>NYEC_BPM_Semantic_data_model_diagram</ownerDesignName>
</ColumnProxy>
<ColumnProxy class="oracle.dbtools.crest.model.design.storage.oracle.v11g.ColumnProxyOraclev11g" name="Cur Reactivation Date" id="788DB6C4-64C1-C41D-25FD-E56DEF53A0B3">
<createdBy>ro38606</createdBy>
<createdTime>2013-05-07 18:43:57 UTC</createdTime>
<ownerDesignName>NYEC_BPM_Semantic_data_model_diagram</ownerDesignName>
</ColumnProxy>
<ColumnProxy class="oracle.dbtools.crest.model.design.storage.oracle.v11g.ColumnProxyOraclev11g" name="Current Task ID" id="792F2591-4BD5-8D45-DE37-036864D2B073">
<createdBy>ro38606</createdBy>
<createdTime>2013-05-07 18:43:57 UTC</createdTime>
<ownerDesignName>NYEC_BPM_Semantic_data_model_diagram</ownerDesignName>
</ColumnProxy>
<ColumnProxy class="oracle.dbtools.crest.model.design.storage.oracle.v11g.ColumnProxyOraclev11g" name="KPR App Cycle Start Date" id="7B19D2EB-21B8-0C27-4A27-2B2DBAD01E55">
<createdBy>ro38606</createdBy>
<createdTime>2013-05-07 18:43:57 UTC</createdTime>
<ownerDesignName>NYEC_BPM_Semantic_data_model_diagram</ownerDesignName>
</ColumnProxy>
<ColumnProxy class="oracle.dbtools.crest.model.design.storage.oracle.v11g.ColumnProxyOraclev11g" name="Invoiceable Date" id="7D71E96E-4E44-B295-A819-4A53E3456ACB">
<createdBy>ro38606</createdBy>
<createdTime>2013-05-07 18:43:57 UTC</createdTime>
<ownerDesignName>NYEC_BPM_Semantic_data_model_diagram</ownerDesignName>
</ColumnProxy>
<ColumnProxy class="oracle.dbtools.crest.model.design.storage.oracle.v11g.ColumnProxyOraclev11g" name="Cur Mode Code" id="88DD32B5-56B0-973A-5A52-055DC6DB659B">
<createdBy>ro38606</createdBy>
<createdTime>2013-05-07 18:43:57 UTC</createdTime>
<ownerDesignName>NYEC_BPM_Semantic_data_model_diagram</ownerDesignName>
</ColumnProxy>
<ColumnProxy class="oracle.dbtools.crest.model.design.storage.oracle.v11g.ColumnProxyOraclev11g" name="Cur Workflow Reactivation Ind" id="8A883AAE-CCCD-A33C-04B3-6FF802C7D1C5">
<createdBy>ro38606</createdBy>
<createdTime>2013-05-07 18:43:57 UTC</createdTime>
<ownerDesignName>NYEC_BPM_Semantic_data_model_diagram</ownerDesignName>
</ColumnProxy>
<ColumnProxy class="oracle.dbtools.crest.model.design.storage.oracle.v11g.ColumnProxyOraclev11g" name="Cur HEART Case Status" id="8B16DC52-786A-517F-49E4-DE481C3B2F74">
<createdBy>ro38606</createdBy>
<createdTime>2013-05-07 18:43:57 UTC</createdTime>
<ownerDesignName>NYEC_BPM_Semantic_data_model_diagram</ownerDesignName>
</ColumnProxy>
<ColumnProxy class="oracle.dbtools.crest.model.design.storage.oracle.v11g.ColumnProxyOraclev11g" name="Research Task ID" id="8BC14099-5656-0D75-0640-95117EDC37B6">
<createdBy>ro38606</createdBy>
<createdTime>2013-05-07 18:43:57 UTC</createdTime>
<ownerDesignName>NYEC_BPM_Semantic_data_model_diagram</ownerDesignName>
</ColumnProxy>
<ColumnProxy class="oracle.dbtools.crest.model.design.storage.oracle.v11g.ColumnProxyOraclev11g" name="Jeopardy Flag" id="8D5CA272-6691-1407-1EBB-808FB95325D5">
<createdBy>ro38606</createdBy>
<createdTime>2013-05-07 18:43:57 UTC</createdTime>
<ownerDesignName>NYEC_BPM_Semantic_data_model_diagram</ownerDesignName>
</ColumnProxy>
<ColumnProxy class="oracle.dbtools.crest.model.design.storage.oracle.v11g.ColumnProxyOraclev11g" name="Cur Stop Application Reason" id="8D92C4B1-9A8C-BAE6-266C-4F34DA872607">
<createdBy>ro38606</createdBy>
<createdTime>2013-05-07 18:43:57 UTC</createdTime>
<ownerDesignName>NYEC_BPM_Semantic_data_model_diagram</ownerDesignName>
</ColumnProxy>
<ColumnProxy class="oracle.dbtools.crest.model.design.storage.oracle.v11g.ColumnProxyOraclev11g" name="Review Enter Data Performed By" id="8F2870F5-64E8-5D62-5B7B-115297B290C1">
<createdBy>ro38606</createdBy>
<createdTime>2013-05-07 18:43:57 UTC</createdTime>
<ownerDesignName>NYEC_BPM_Semantic_data_model_diagram</ownerDesignName>
</ColumnProxy>
<ColumnProxy class="oracle.dbtools.crest.model.design.storage.oracle.v11g.ColumnProxyOraclev11g" name="Notify Clnt Pend App Strt Date" id="90E23E40-5A01-9DBB-37EA-2159A5755156">
<createdBy>ro38606</createdBy>
<createdTime>2013-05-07 18:43:57 UTC</createdTime>
<ownerDesignName>NYEC_BPM_Semantic_data_model_diagram</ownerDesignName>
</ColumnProxy>
<ColumnProxy class="oracle.dbtools.crest.model.design.storage.oracle.v11g.ColumnProxyOraclev11g" name="Eligibility Action" id="917E5603-5BD1-0336-1C45-FB024260A907">
<createdBy>ro38606</createdBy>
<createdTime>2013-05-07 18:43:57 UTC</createdTime>
<ownerDesignName>NYEC_BPM_Semantic_data_model_diagram</ownerDesignName>
</ColumnProxy>
<ColumnProxy class="oracle.dbtools.crest.model.design.storage.oracle.v11g.ColumnProxyOraclev11g" name="Channel" id="924A140C-D188-45F9-2BDC-6E5EEF3051B2">
<createdBy>ro38606</createdBy>
<createdTime>2013-05-07 18:43:57 UTC</createdTime>
<ownerDesignName>NYEC_BPM_Semantic_data_model_diagram</ownerDesignName>
</ColumnProxy>
<ColumnProxy class="oracle.dbtools.crest.model.design.storage.oracle.v11g.ColumnProxyOraclev11g" name="Pend Notification Rqrd Flag" id="937860BF-08DB-E9CA-FB58-45B8444DB874">
<createdBy>ro38606</createdBy>
<createdTime>2013-05-07 18:43:57 UTC</createdTime>
<ownerDesignName>NYEC_BPM_Semantic_data_model_diagram</ownerDesignName>
</ColumnProxy>
<ColumnProxy class="oracle.dbtools.crest.model.design.storage.oracle.v11g.ColumnProxyOraclev11g" name="Cur Mode Label" id="9C2D90AD-F4F6-D348-97E0-32C5813BB674">
<createdBy>ro38606</createdBy>
<createdTime>2013-05-07 18:43:57 UTC</createdTime>
<ownerDesignName>NYEC_BPM_Semantic_data_model_diagram</ownerDesignName>
</ColumnProxy>
<ColumnProxy class="oracle.dbtools.crest.model.design.storage.oracle.v11g.ColumnProxyOraclev11g" name="Review Enter Data Start Date" id="9E121632-B4BF-F415-2639-B2F46167CD69">
<createdBy>ro38606</createdBy>
<createdTime>2013-05-07 18:43:57 UTC</createdTime>
<ownerDesignName>NYEC_BPM_Semantic_data_model_diagram</ownerDesignName>
</ColumnProxy>
<ColumnProxy class="oracle.dbtools.crest.model.design.storage.oracle.v11g.ColumnProxyOraclev11g" name="Review Enter Data Flag" id="9E7F7D21-57FA-F30F-E665-A5A38941AE1E">
<createdBy>ro38606</createdBy>
<createdTime>2013-05-07 18:43:57 UTC</createdTime>
<ownerDesignName>NYEC_BPM_Semantic_data_model_diagram</ownerDesignName>
</ColumnProxy>
<ColumnProxy class="oracle.dbtools.crest.model.design.storage.oracle.v11g.ColumnProxyOraclev11g" name="Cur FPBP Sub-type" id="A0EB003F-2C13-9004-7CF4-0FA6B980E6A9">
<createdBy>ro38606</createdBy>
<createdTime>2013-05-07 18:43:57 UTC</createdTime>
<ownerDesignName>NYEC_BPM_Semantic_data_model_diagram</ownerDesignName>
</ColumnProxy>
<ColumnProxy class="oracle.dbtools.crest.model.design.storage.oracle.v11g.ColumnProxyOraclev11g" name="KPR App Cycle Calendar Days" id="A1EFE00B-5E39-1899-9FE9-D241746B4484">
<createdBy>ro38606</createdBy>
<createdTime>2013-05-07 18:43:57 UTC</createdTime>
<ownerDesignName>NYEC_BPM_Semantic_data_model_diagram</ownerDesignName>
</ColumnProxy>
<ColumnProxy class="oracle.dbtools.crest.model.design.storage.oracle.v11g.ColumnProxyOraclev11g" name="Notify Clnt Pend App Date" id="A4FB8CC3-A83C-BD27-5923-37A032512CB3">
<createdBy>ro38606</createdBy>
<createdTime>2013-05-07 18:43:57 UTC</createdTime>
<ownerDesignName>NYEC_BPM_Semantic_data_model_diagram</ownerDesignName>
</ColumnProxy>
<ColumnProxy class="oracle.dbtools.crest.model.design.storage.oracle.v11g.ColumnProxyOraclev11g" name="Receive and Process MI Flag" id="A5E5AE35-A655-21A6-E928-17DAA64A9966">
<createdBy>ro38606</createdBy>
<createdTime>2013-05-07 18:43:57 UTC</createdTime>
<ownerDesignName>NYEC_BPM_Semantic_data_model_diagram</ownerDesignName>
</ColumnProxy>
<ColumnProxy class="oracle.dbtools.crest.model.design.storage.oracle.v11g.ColumnProxyOraclev11g" name="Cur Reactivation Indicator" id="AFF549DD-B171-411A-AEFC-2ABA52374051">
<createdBy>ro38606</createdBy>
<createdTime>2013-05-07 18:43:57 UTC</createdTime>
<ownerDesignName>NYEC_BPM_Semantic_data_model_diagram</ownerDesignName>
</ColumnProxy>
<ColumnProxy class="oracle.dbtools.crest.model.design.storage.oracle.v11g.ColumnProxyOraclev11g" name="Process App Info Start Date" id="B1820487-74DE-27EA-DE06-EBE175EA57E5">
<createdBy>ro38606</createdBy>
<createdTime>2013-05-07 18:43:57 UTC</createdTime>
<ownerDesignName>NYEC_BPM_Semantic_data_model_diagram</ownerDesignName>
</ColumnProxy>
<ColumnProxy class="oracle.dbtools.crest.model.design.storage.oracle.v11g.ColumnProxyOraclev11g" name="Close App Performed By" id="B7F747E9-3248-677C-5471-2CB814400739">
<createdBy>ro38606</createdBy>
<createdTime>2013-05-07 18:43:57 UTC</createdTime>
<ownerDesignName>NYEC_BPM_Semantic_data_model_diagram</ownerDesignName>
</ColumnProxy>
<ColumnProxy class="oracle.dbtools.crest.model.design.storage.oracle.v11g.ColumnProxyOraclev11g" name="Wait State Approval Date" id="BAF84D8A-5042-4F7D-E32B-C3864612EB45">
<createdBy>ro38606</createdBy>
<createdTime>2013-05-07 18:43:57 UTC</createdTime>
<ownerDesignName>NYEC_BPM_Semantic_data_model_diagram</ownerDesignName>
</ColumnProxy>
<ColumnProxy class="oracle.dbtools.crest.model.design.storage.oracle.v11g.ColumnProxyOraclev11g" name="MI Received Task Count" id="CAF5B700-4EA7-A04D-87BF-0D21D849B808">
<createdBy>ro38606</createdBy>
<createdTime>2013-05-07 18:43:57 UTC</createdTime>
<ownerDesignName>NYEC_BPM_Semantic_data_model_diagram</ownerDesignName>
</ColumnProxy>
<ColumnProxy class="oracle.dbtools.crest.model.design.storage.oracle.v11g.ColumnProxyOraclev11g" name="KPR App Cycle Business Days" id="CB601339-2B29-CB5E-134F-1DB0F3A41952">
<createdBy>ro38606</createdBy>
<createdTime>2013-05-07 18:43:57 UTC</createdTime>
<ownerDesignName>NYEC_BPM_Semantic_data_model_diagram</ownerDesignName>
</ColumnProxy>
<ColumnProxy class="oracle.dbtools.crest.model.design.storage.oracle.v11g.ColumnProxyOraclev11g" name="Cur Reactivation Reason" id="CBF372DD-F860-60A0-1B12-F8DBC0975308">
<createdBy>ro38606</createdBy>
<createdTime>2013-05-07 18:43:57 UTC</createdTime>
<ownerDesignName>NYEC_BPM_Semantic_data_model_diagram</ownerDesignName>
</ColumnProxy>
<ColumnProxy class="oracle.dbtools.crest.model.design.storage.oracle.v11g.ColumnProxyOraclev11g" name="Perform Research Date" id="CD194306-0778-E924-BB6D-D8A989829870">
<createdBy>ro38606</createdBy>
<createdTime>2013-05-07 18:43:57 UTC</createdTime>
<ownerDesignName>NYEC_BPM_Semantic_data_model_diagram</ownerDesignName>
</ColumnProxy>
<ColumnProxy class="oracle.dbtools.crest.model.design.storage.oracle.v11g.ColumnProxyOraclev11g" name="State Case Identifier" id="CD21023C-0628-5E26-C4AE-70084B6AF6EA">
<createdBy>ro38606</createdBy>
<createdTime>2013-05-07 18:43:57 UTC</createdTime>
<ownerDesignName>NYEC_BPM_Semantic_data_model_diagram</ownerDesignName>
</ColumnProxy>
<ColumnProxy class="oracle.dbtools.crest.model.design.storage.oracle.v11g.ColumnProxyOraclev11g" name="Wait State Approval Prfrmd By" id="D5531ED5-AD65-A56B-8CEC-2E74E3B699B6">
<createdBy>ro38606</createdBy>
<createdTime>2013-05-07 18:43:57 UTC</createdTime>
<ownerDesignName>NYEC_BPM_Semantic_data_model_diagram</ownerDesignName>
</ColumnProxy>
<ColumnProxy class="oracle.dbtools.crest.model.design.storage.oracle.v11g.ColumnProxyOraclev11g" name="Notify Clnt Pend App Prfrmd By" id="D788186D-5126-AB30-0789-22A051833D80">
<createdBy>ro38606</createdBy>
<createdTime>2013-05-07 18:43:57 UTC</createdTime>
<ownerDesignName>NYEC_BPM_Semantic_data_model_diagram</ownerDesignName>
</ColumnProxy>
<ColumnProxy class="oracle.dbtools.crest.model.design.storage.oracle.v11g.ColumnProxyOraclev11g" name="Process App Info Performed By" id="D8A96343-8296-CC95-45AE-ED8CEE93FCD0">
<createdBy>ro38606</createdBy>
<createdTime>2013-05-07 18:43:57 UTC</createdTime>
<ownerDesignName>NYEC_BPM_Semantic_data_model_diagram</ownerDesignName>
</ColumnProxy>
<ColumnProxy class="oracle.dbtools.crest.model.design.storage.oracle.v11g.ColumnProxyOraclev11g" name="Wait State Approval Start Date" id="D8FFEAFC-3C9C-9810-2498-5FB61996F416">
<createdBy>ro38606</createdBy>
<createdTime>2013-05-07 18:43:57 UTC</createdTime>
<ownerDesignName>NYEC_BPM_Semantic_data_model_diagram</ownerDesignName>
</ColumnProxy>
<ColumnProxy class="oracle.dbtools.crest.model.design.storage.oracle.v11g.ColumnProxyOraclev11g" name="Cancel App Performed By" id="D9362B4C-92B1-E04B-CAAF-88D0446307D7">
<createdBy>ro38606</createdBy>
<createdTime>2013-05-07 18:43:57 UTC</createdTime>
<ownerDesignName>NYEC_BPM_Semantic_data_model_diagram</ownerDesignName>
</ColumnProxy>
<ColumnProxy class="oracle.dbtools.crest.model.design.storage.oracle.v11g.ColumnProxyOraclev11g" name="App Complete Result" id="D993302B-1FB0-1603-A194-DC6F57CEE893">
<createdBy>ro38606</createdBy>
<createdTime>2013-05-07 18:43:57 UTC</createdTime>
<ownerDesignName>NYEC_BPM_Semantic_data_model_diagram</ownerDesignName>
</ColumnProxy>
<ColumnProxy class="oracle.dbtools.crest.model.design.storage.oracle.v11g.ColumnProxyOraclev11g" name="Age in Calendar Days" id="DDA9F029-DE38-A45D-6821-236D2EE8EA00">
<createdBy>ro38606</createdBy>
<createdTime>2013-05-07 18:43:57 UTC</createdTime>
<ownerDesignName>NYEC_BPM_Semantic_data_model_diagram</ownerDesignName>
</ColumnProxy>
<ColumnProxy class="oracle.dbtools.crest.model.design.storage.oracle.v11g.ColumnProxyOraclev11g" name="QC Required Flag" id="E0A133A9-B1BA-60EA-5999-24DFD50D563C">
<createdBy>ro38606</createdBy>
<createdTime>2013-05-07 18:43:57 UTC</createdTime>
<ownerDesignName>NYEC_BPM_Semantic_data_model_diagram</ownerDesignName>
</ColumnProxy>
<ColumnProxy class="oracle.dbtools.crest.model.design.storage.oracle.v11g.ColumnProxyOraclev11g" name="Cur HEART Synch Flag" id="E0D61EB9-3AC8-0B2B-ACFE-2BE8A324A4BF">
<createdBy>ro38606</createdBy>
<createdTime>2013-05-07 18:43:57 UTC</createdTime>
<ownerDesignName>NYEC_BPM_Semantic_data_model_diagram</ownerDesignName>
</ColumnProxy>
<ColumnProxy class="oracle.dbtools.crest.model.design.storage.oracle.v11g.ColumnProxyOraclev11g" name="New MI Flag" id="E1CE26BE-81D4-774D-0B8B-5D8141CAC41D">
<createdBy>ro38606</createdBy>
<createdTime>2013-05-07 18:43:57 UTC</createdTime>
<ownerDesignName>NYEC_BPM_Semantic_data_model_diagram</ownerDesignName>
</ColumnProxy>
<ColumnProxy class="oracle.dbtools.crest.model.design.storage.oracle.v11g.ColumnProxyOraclev11g" name="Last Mail Date" id="E26F7F65-0F27-8707-7D11-52CC6EF746BD">
<createdBy>ro38606</createdBy>
<createdTime>2013-05-07 18:43:57 UTC</createdTime>
<ownerDesignName>NYEC_BPM_Semantic_data_model_diagram</ownerDesignName>
</ColumnProxy>
<ColumnProxy class="oracle.dbtools.crest.model.design.storage.oracle.v11g.ColumnProxyOraclev11g" name="Close App Flag" id="E428ED84-6CE0-4019-0763-1B8233E541D8">
<createdBy>ro38606</createdBy>
<createdTime>2013-05-07 18:43:57 UTC</createdTime>
<ownerDesignName>NYEC_BPM_Semantic_data_model_diagram</ownerDesignName>
</ColumnProxy>
<ColumnProxy class="oracle.dbtools.crest.model.design.storage.oracle.v11g.ColumnProxyOraclev11g" name="Outcome Letter ID" id="E46FCC7E-0420-AF60-BB26-226C189DA24F">
<createdBy>ro38606</createdBy>
<createdTime>2013-05-07 18:43:57 UTC</createdTime>
<ownerDesignName>NYEC_BPM_Semantic_data_model_diagram</ownerDesignName>
</ColumnProxy>
<ColumnProxy class="oracle.dbtools.crest.model.design.storage.oracle.v11g.ColumnProxyOraclev11g" name="Complete App Flag" id="E76B4926-FA79-4C85-883B-F01B8DB14E2E">
<createdBy>ro38606</createdBy>
<createdTime>2013-05-07 18:43:57 UTC</createdTime>
<ownerDesignName>NYEC_BPM_Semantic_data_model_diagram</ownerDesignName>
</ColumnProxy>
<ColumnProxy class="oracle.dbtools.crest.model.design.storage.oracle.v11g.ColumnProxyOraclev11g" name="QC Task ID" id="EC16B001-7783-DEC2-3048-72ECFD9C2D1E">
<createdBy>ro38606</createdBy>
<createdTime>2013-05-07 18:43:57 UTC</createdTime>
<ownerDesignName>NYEC_BPM_Semantic_data_model_diagram</ownerDesignName>
</ColumnProxy>
<ColumnProxy class="oracle.dbtools.crest.model.design.storage.oracle.v11g.ColumnProxyOraclev11g" name="Create Date" id="F069373A-5E34-8EC4-E64F-69CA7E22345C">
<createdBy>ro38606</createdBy>
<createdTime>2013-05-07 18:43:57 UTC</createdTime>
<ownerDesignName>NYEC_BPM_Semantic_data_model_diagram</ownerDesignName>
</ColumnProxy>
<ColumnProxy class="oracle.dbtools.crest.model.design.storage.oracle.v11g.ColumnProxyOraclev11g" name="KPR App Cycle End Date" id="F0DF6ACE-8DE0-7A05-D6CD-29DAF47E5C79">
<createdBy>ro38606</createdBy>
<createdTime>2013-05-07 18:43:57 UTC</createdTime>
<ownerDesignName>NYEC_BPM_Semantic_data_model_diagram</ownerDesignName>
</ColumnProxy>
<ColumnProxy class="oracle.dbtools.crest.model.design.storage.oracle.v11g.ColumnProxyOraclev11g" name="Data Entry Task ID" id="F1122564-453A-5916-EE32-ED45391E595E">
<createdBy>ro38606</createdBy>
<createdTime>2013-05-07 18:43:57 UTC</createdTime>
<ownerDesignName>NYEC_BPM_Semantic_data_model_diagram</ownerDesignName>
</ColumnProxy>
<ColumnProxy class="oracle.dbtools.crest.model.design.storage.oracle.v11g.ColumnProxyOraclev11g" name="Notify Clnt Pend App Flag" id="F39DFB72-8025-CE43-BB0B-07AA0F134599">
<createdBy>ro38606</createdBy>
<createdTime>2013-05-07 18:43:57 UTC</createdTime>
<ownerDesignName>NYEC_BPM_Semantic_data_model_diagram</ownerDesignName>
</ColumnProxy>
<ColumnProxy class="oracle.dbtools.crest.model.design.storage.oracle.v11g.ColumnProxyOraclev11g" name="Cancel App Flag" id="F77C248A-209F-541B-7B0F-BB6BCDED4735">
<createdBy>ro38606</createdBy>
<createdTime>2013-05-07 18:43:57 UTC</createdTime>
<ownerDesignName>NYEC_BPM_Semantic_data_model_diagram</ownerDesignName>
</ColumnProxy>
<ColumnProxy class="oracle.dbtools.crest.model.design.storage.oracle.v11g.ColumnProxyOraclev11g" name="SLA Target Days" id="F8B9AA02-719C-E708-7FD4-B461F49DC085">
<createdBy>ro38606</createdBy>
<createdTime>2013-05-07 18:43:57 UTC</createdTime>
<ownerDesignName>NYEC_BPM_Semantic_data_model_diagram</ownerDesignName>
</ColumnProxy>
<ColumnProxy class="oracle.dbtools.crest.model.design.storage.oracle.v11g.ColumnProxyOraclev11g" name="Outcome Letter Create Date" id="FB3DC038-7360-71AE-29AA-93F8EBDC17F5">
<createdBy>ro38606</createdBy>
<createdTime>2013-05-07 18:43:57 UTC</createdTime>
<ownerDesignName>NYEC_BPM_Semantic_data_model_diagram</ownerDesignName>
</ColumnProxy>
<ColumnProxy class="oracle.dbtools.crest.model.design.storage.oracle.v11g.ColumnProxyOraclev11g" name="Cur Receipt Date" id="FC42466E-C15B-BB3D-26A0-95FBADED63F7">
<createdBy>ro38606</createdBy>
<createdTime>2013-05-07 18:43:57 UTC</createdTime>
<ownerDesignName>NYEC_BPM_Semantic_data_model_diagram</ownerDesignName>
</ColumnProxy>
<ColumnProxy class="oracle.dbtools.crest.model.design.storage.oracle.v11g.ColumnProxyOraclev11g" name="Outcome Notif Req Gateway Flag" id="FC55FE0D-4402-27CB-B894-3EBDA4369709">
<createdBy>ro38606</createdBy>
<createdTime>2013-05-07 18:43:57 UTC</createdTime>
<ownerDesignName>NYEC_BPM_Semantic_data_model_diagram</ownerDesignName>
</ColumnProxy>
<ColumnProxy class="oracle.dbtools.crest.model.design.storage.oracle.v11g.ColumnProxyOraclev11g" name="Review Enter Data Date" id="FC8593AD-9543-D30B-C81C-CD6678F37DB9">
<createdBy>ro38606</createdBy>
<createdTime>2013-05-07 18:43:57 UTC</createdTime>
<ownerDesignName>NYEC_BPM_Semantic_data_model_diagram</ownerDesignName>
</ColumnProxy>
<ColumnProxy class="oracle.dbtools.crest.model.design.storage.oracle.v11g.ColumnProxyOraclev11g" name="Research Reason" id="FDB62B0F-3A6B-5BC9-A2E7-DC7666BB89AC">
<createdBy>ro38606</createdBy>
<createdTime>2013-05-07 18:43:57 UTC</createdTime>
<ownerDesignName>NYEC_BPM_Semantic_data_model_diagram</ownerDesignName>
</ColumnProxy>
<ColumnProxy class="oracle.dbtools.crest.model.design.storage.oracle.v11g.ColumnProxyOraclev11g" name="Cur Reactivated By" id="FDF6C044-25AD-973C-E62E-A1149A1984FD">
<createdBy>ro38606</createdBy>
<createdTime>2013-05-07 18:43:57 UTC</createdTime>
<ownerDesignName>NYEC_BPM_Semantic_data_model_diagram</ownerDesignName>
</ColumnProxy>
<ColumnProxy class="oracle.dbtools.crest.model.design.storage.oracle.v11g.ColumnProxyOraclev11g" name="Missing Information Flag" id="FEB66DD4-C5AB-650A-4D0C-9A4A279E6AAD">
<createdBy>ro38606</createdBy>
<createdTime>2013-05-07 18:43:57 UTC</createdTime>
<ownerDesignName>NYEC_BPM_Semantic_data_model_diagram</ownerDesignName>
</ColumnProxy>
</columnProxies>
</TableProxyOraclev11g>