<?xml version = '1.0' encoding = 'UTF-8'?>
<TableProxyOraclev11g class="oracle.dbtools.crest.model.design.storage.oracle.v11g.TableProxyOraclev11g" name="D_NYEC_SITP_CURRENT_APP" id="623DC5D0-33F5-9BF3-CB65-3E33F33B4FF7" directorySegmentName="seg_1">
<createdBy>ro38606</createdBy>
<createdTime>2013-05-07 18:41:50 UTC</createdTime>
<ownerDesignName>NYEC_BPM_Semantic_data_model_diagram</ownerDesignName>
<logging>YES</logging>
<columnProxies>
<ColumnProxy class="oracle.dbtools.crest.model.design.storage.oracle.v11g.ColumnProxyOraclev11g" name="App Age in Calendar Days" id="00B6B184-A23C-827D-5B6A-3592B728760D">
<createdBy>ro38606</createdBy>
<createdTime>2013-05-07 18:41:50 UTC</createdTime>
<ownerDesignName>NYEC_BPM_Semantic_data_model_diagram</ownerDesignName>
</ColumnProxy>
<ColumnProxy class="oracle.dbtools.crest.model.design.storage.oracle.v11g.ColumnProxyOraclev11g" name="Cur HEART Incomplete App Ind" id="01CACFC9-AEDE-89A1-6DD1-FE98BD533930">
<createdBy>ro38606</createdBy>
<createdTime>2013-05-07 18:41:50 UTC</createdTime>
<ownerDesignName>NYEC_BPM_Semantic_data_model_diagram</ownerDesignName>
</ColumnProxy>
<ColumnProxy class="oracle.dbtools.crest.model.design.storage.oracle.v11g.ColumnProxyOraclev11g" name="Outcome Letter Type" id="021042B2-18F2-5C49-0C6C-A5DE16E17CCF">
<createdBy>ro38606</createdBy>
<createdTime>2013-05-07 18:41:50 UTC</createdTime>
<ownerDesignName>NYEC_BPM_Semantic_data_model_diagram</ownerDesignName>
</ColumnProxy>
<ColumnProxy class="oracle.dbtools.crest.model.design.storage.oracle.v11g.ColumnProxyOraclev11g" name="Receive App Flag" id="02F4E10D-7CF4-EFAA-34C6-BE753CA0ED8F">
<createdBy>ro38606</createdBy>
<createdTime>2013-05-07 18:41:50 UTC</createdTime>
<ownerDesignName>NYEC_BPM_Semantic_data_model_diagram</ownerDesignName>
</ColumnProxy>
<ColumnProxy class="oracle.dbtools.crest.model.design.storage.oracle.v11g.ColumnProxyOraclev11g" name="SLA Days Type" id="0434F98E-7CB2-65C4-8559-8F1B17B4B92F">
<createdBy>ro38606</createdBy>
<createdTime>2013-05-07 18:41:50 UTC</createdTime>
<ownerDesignName>NYEC_BPM_Semantic_data_model_diagram</ownerDesignName>
</ColumnProxy>
<ColumnProxy class="oracle.dbtools.crest.model.design.storage.oracle.v11g.ColumnProxyOraclev11g" name="App Complete Result" id="065A9395-A394-80A8-B97F-2D6963C4541F">
<createdBy>ro38606</createdBy>
<createdTime>2013-05-07 18:41:50 UTC</createdTime>
<ownerDesignName>NYEC_BPM_Semantic_data_model_diagram</ownerDesignName>
</ColumnProxy>
<ColumnProxy class="oracle.dbtools.crest.model.design.storage.oracle.v11g.ColumnProxyOraclev11g" name="Upstate/Downstate Indictr" id="0A4F65F1-CC36-F348-981E-79F87C155F0B">
<createdBy>ro38606</createdBy>
<createdTime>2013-05-07 18:41:50 UTC</createdTime>
<ownerDesignName>NYEC_BPM_Semantic_data_model_diagram</ownerDesignName>
</ColumnProxy>
<ColumnProxy class="oracle.dbtools.crest.model.design.storage.oracle.v11g.ColumnProxyOraclev11g" name="MI Received Task Count" id="0D7A0AEE-69B6-ABE6-40A4-51E37B82B917">
<createdBy>ro38606</createdBy>
<createdTime>2013-05-07 18:41:50 UTC</createdTime>
<ownerDesignName>NYEC_BPM_Semantic_data_model_diagram</ownerDesignName>
</ColumnProxy>
<ColumnProxy class="oracle.dbtools.crest.model.design.storage.oracle.v11g.ColumnProxyOraclev11g" name="Close App Flag" id="0E8A8327-374D-9DA7-37C2-D55660485998">
<createdBy>ro38606</createdBy>
<createdTime>2013-05-07 18:41:50 UTC</createdTime>
<ownerDesignName>NYEC_BPM_Semantic_data_model_diagram</ownerDesignName>
</ColumnProxy>
<ColumnProxy class="oracle.dbtools.crest.model.design.storage.oracle.v11g.ColumnProxyOraclev11g" name="Research Flag" id="0E8F21B7-5FFE-A204-426A-1D552B7BC19A">
<createdBy>ro38606</createdBy>
<createdTime>2013-05-07 18:41:50 UTC</createdTime>
<ownerDesignName>NYEC_BPM_Semantic_data_model_diagram</ownerDesignName>
</ColumnProxy>
<ColumnProxy class="oracle.dbtools.crest.model.design.storage.oracle.v11g.ColumnProxyOraclev11g" name="Perform QC Flag" id="14E72846-88C4-1017-E4DA-E78BCEB1B7C5">
<createdBy>ro38606</createdBy>
<createdTime>2013-05-07 18:41:50 UTC</createdTime>
<ownerDesignName>NYEC_BPM_Semantic_data_model_diagram</ownerDesignName>
</ColumnProxy>
<ColumnProxy class="oracle.dbtools.crest.model.design.storage.oracle.v11g.ColumnProxyOraclev11g" name="SLA Days" id="165FFF07-4E28-8EF8-534C-F6A585F4E81D">
<createdBy>ro38606</createdBy>
<createdTime>2013-05-07 18:41:50 UTC</createdTime>
<ownerDesignName>NYEC_BPM_Semantic_data_model_diagram</ownerDesignName>
</ColumnProxy>
<ColumnProxy class="oracle.dbtools.crest.model.design.storage.oracle.v11g.ColumnProxyOraclev11g" name="Perform Research Performed By" id="16E80E4B-7078-5EA4-DB09-89558456841F">
<createdBy>ro38606</createdBy>
<createdTime>2013-05-07 18:41:50 UTC</createdTime>
<ownerDesignName>NYEC_BPM_Semantic_data_model_diagram</ownerDesignName>
</ColumnProxy>
<ColumnProxy class="oracle.dbtools.crest.model.design.storage.oracle.v11g.ColumnProxyOraclev11g" name="Cur App Status Group" id="19518214-4969-8139-5B98-E132CD55198C">
<createdBy>ro38606</createdBy>
<createdTime>2013-05-07 18:41:50 UTC</createdTime>
<ownerDesignName>NYEC_BPM_Semantic_data_model_diagram</ownerDesignName>
</ColumnProxy>
<ColumnProxy class="oracle.dbtools.crest.model.design.storage.oracle.v11g.ColumnProxyOraclev11g" name="Cur HEART Synch Flag" id="1FA05CC6-A517-52D8-3F95-7E54CBE37DBB">
<createdBy>ro38606</createdBy>
<createdTime>2013-05-07 18:41:50 UTC</createdTime>
<ownerDesignName>NYEC_BPM_Semantic_data_model_diagram</ownerDesignName>
</ColumnProxy>
<ColumnProxy class="oracle.dbtools.crest.model.design.storage.oracle.v11g.ColumnProxyOraclev11g" name="Wait State Approval Date" id="20D47716-8334-93EA-A0C1-7DD5538AB006">
<createdBy>ro38606</createdBy>
<createdTime>2013-05-07 18:41:50 UTC</createdTime>
<ownerDesignName>NYEC_BPM_Semantic_data_model_diagram</ownerDesignName>
</ColumnProxy>
<ColumnProxy class="oracle.dbtools.crest.model.design.storage.oracle.v11g.ColumnProxyOraclev11g" name="Cur Reactivation Indicator" id="223B9F70-C6D6-D1D9-FF55-345CE7F11FC7">
<createdBy>ro38606</createdBy>
<createdTime>2013-05-07 18:41:50 UTC</createdTime>
<ownerDesignName>NYEC_BPM_Semantic_data_model_diagram</ownerDesignName>
</ColumnProxy>
<ColumnProxy class="oracle.dbtools.crest.model.design.storage.oracle.v11g.ColumnProxyOraclev11g" name="KPR App Cycle Start Date" id="23B9CD33-5BAB-3ED8-8EAE-38A062CAE11D">
<createdBy>ro38606</createdBy>
<createdTime>2013-05-07 18:41:50 UTC</createdTime>
<ownerDesignName>NYEC_BPM_Semantic_data_model_diagram</ownerDesignName>
</ColumnProxy>
<ColumnProxy class="oracle.dbtools.crest.model.design.storage.oracle.v11g.ColumnProxyOraclev11g" name="Perform Research Start Date" id="25747F38-A0AE-DC39-3833-5D013571EB9D">
<createdBy>ro38606</createdBy>
<createdTime>2013-05-07 18:41:50 UTC</createdTime>
<ownerDesignName>NYEC_BPM_Semantic_data_model_diagram</ownerDesignName>
</ColumnProxy>
<ColumnProxy class="oracle.dbtools.crest.model.design.storage.oracle.v11g.ColumnProxyOraclev11g" name="Wait State Approval Flag" id="284A9659-2013-B2BD-51B6-33BBC8F86A99">
<createdBy>ro38606</createdBy>
<createdTime>2013-05-07 18:41:50 UTC</createdTime>
<ownerDesignName>NYEC_BPM_Semantic_data_model_diagram</ownerDesignName>
</ColumnProxy>
<ColumnProxy class="oracle.dbtools.crest.model.design.storage.oracle.v11g.ColumnProxyOraclev11g" name="Notify Clnt Pend App Prfrmd By" id="2DC707F4-4EB2-F351-0036-C0758D37EE2A">
<createdBy>ro38606</createdBy>
<createdTime>2013-05-07 18:41:50 UTC</createdTime>
<ownerDesignName>NYEC_BPM_Semantic_data_model_diagram</ownerDesignName>
</ColumnProxy>
<ColumnProxy class="oracle.dbtools.crest.model.design.storage.oracle.v11g.ColumnProxyOraclev11g" name="Cur County" id="2EAE84A1-6167-6D82-8E55-D58B25CA9FE7">
<createdBy>ro38606</createdBy>
<createdTime>2013-05-07 18:41:50 UTC</createdTime>
<ownerDesignName>NYEC_BPM_Semantic_data_model_diagram</ownerDesignName>
</ColumnProxy>
<ColumnProxy class="oracle.dbtools.crest.model.design.storage.oracle.v11g.ColumnProxyOraclev11g" name="Pend Notification Rqrd Flag" id="2FF0B373-E338-1217-26CD-90F7800C9261">
<createdBy>ro38606</createdBy>
<createdTime>2013-05-07 18:41:50 UTC</createdTime>
<ownerDesignName>NYEC_BPM_Semantic_data_model_diagram</ownerDesignName>
</ColumnProxy>
<ColumnProxy class="oracle.dbtools.crest.model.design.storage.oracle.v11g.ColumnProxyOraclev11g" name="Cur Outcome Letter Status" id="3151C528-9BD8-BBB3-129E-2D6196EEBCD3">
<createdBy>ro38606</createdBy>
<createdTime>2013-05-07 18:41:50 UTC</createdTime>
<ownerDesignName>NYEC_BPM_Semantic_data_model_diagram</ownerDesignName>
</ColumnProxy>
<ColumnProxy class="oracle.dbtools.crest.model.design.storage.oracle.v11g.ColumnProxyOraclev11g" name="Cur Reactivated By" id="3ADE2F00-B60C-93ED-C3BD-D012BD1B35EB">
<createdBy>ro38606</createdBy>
<createdTime>2013-05-07 18:41:50 UTC</createdTime>
<ownerDesignName>NYEC_BPM_Semantic_data_model_diagram</ownerDesignName>
</ColumnProxy>
<ColumnProxy class="oracle.dbtools.crest.model.design.storage.oracle.v11g.ColumnProxyOraclev11g" name="KPR App Cycle End Date" id="3BDE00BA-A846-3040-1A67-13172ED64B38">
<createdBy>ro38606</createdBy>
<createdTime>2013-05-07 18:41:50 UTC</createdTime>
<ownerDesignName>NYEC_BPM_Semantic_data_model_diagram</ownerDesignName>
</ColumnProxy>
<ColumnProxy class="oracle.dbtools.crest.model.design.storage.oracle.v11g.ColumnProxyOraclev11g" name="Review Enter Data Start Date" id="3CC2BEE9-F94A-5A2A-F06C-97DC8C29C92C">
<createdBy>ro38606</createdBy>
<createdTime>2013-05-07 18:41:50 UTC</createdTime>
<ownerDesignName>NYEC_BPM_Semantic_data_model_diagram</ownerDesignName>
</ColumnProxy>
<ColumnProxy class="oracle.dbtools.crest.model.design.storage.oracle.v11g.ColumnProxyOraclev11g" name="Perform QC Date" id="3E18864B-2A7C-84E9-C68B-A12CDA38DD0B">
<createdBy>ro38606</createdBy>
<createdTime>2013-05-07 18:41:50 UTC</createdTime>
<ownerDesignName>NYEC_BPM_Semantic_data_model_diagram</ownerDesignName>
</ColumnProxy>
<ColumnProxy class="oracle.dbtools.crest.model.design.storage.oracle.v11g.ColumnProxyOraclev11g" name="Cancel Date" id="3E4B9AC5-1A24-57CE-A87C-6B08E4302DC7">
<createdBy>ro38606</createdBy>
<createdTime>2013-05-07 18:41:50 UTC</createdTime>
<ownerDesignName>NYEC_BPM_Semantic_data_model_diagram</ownerDesignName>
</ColumnProxy>
<ColumnProxy class="oracle.dbtools.crest.model.design.storage.oracle.v11g.ColumnProxyOraclev11g" name="Cur CIN" id="408AD553-CF98-0369-6C06-26124E744222">
<createdBy>ro38606</createdBy>
<createdTime>2013-05-07 18:41:50 UTC</createdTime>
<ownerDesignName>NYEC_BPM_Semantic_data_model_diagram</ownerDesignName>
</ColumnProxy>
<ColumnProxy class="oracle.dbtools.crest.model.design.storage.oracle.v11g.ColumnProxyOraclev11g" name="Cur Outcome Notif Req Flag" id="41890C5B-DCAD-6E79-FD67-69BCD2576811">
<createdBy>ro38606</createdBy>
<createdTime>2013-05-07 18:41:50 UTC</createdTime>
<ownerDesignName>NYEC_BPM_Semantic_data_model_diagram</ownerDesignName>
</ColumnProxy>
<ColumnProxy class="oracle.dbtools.crest.model.design.storage.oracle.v11g.ColumnProxyOraclev11g" name="State Case Identifier" id="4263D311-85C2-27BF-C261-DBA209186A04">
<createdBy>ro38606</createdBy>
<createdTime>2013-05-07 18:41:50 UTC</createdTime>
<ownerDesignName>NYEC_BPM_Semantic_data_model_diagram</ownerDesignName>
</ColumnProxy>
<ColumnProxy class="oracle.dbtools.crest.model.design.storage.oracle.v11g.ColumnProxyOraclev11g" name="Research Reason" id="42AD9088-5DCD-9ABA-57B7-522739C0920F">
<createdBy>ro38606</createdBy>
<createdTime>2013-05-07 18:41:50 UTC</createdTime>
<ownerDesignName>NYEC_BPM_Semantic_data_model_diagram</ownerDesignName>
</ColumnProxy>
<ColumnProxy class="oracle.dbtools.crest.model.design.storage.oracle.v11g.ColumnProxyOraclev11g" name="Outcome Letter Send Date" id="42FBB69C-7915-014C-C4E4-4D901883E4FC">
<createdBy>ro38606</createdBy>
<createdTime>2013-05-07 18:41:50 UTC</createdTime>
<ownerDesignName>NYEC_BPM_Semantic_data_model_diagram</ownerDesignName>
</ColumnProxy>
<ColumnProxy class="oracle.dbtools.crest.model.design.storage.oracle.v11g.ColumnProxyOraclev11g" name="Create Date" id="448CA5D7-5C21-4BEF-F54D-613B1229F3D0">
<createdBy>ro38606</createdBy>
<createdTime>2013-05-07 18:41:50 UTC</createdTime>
<ownerDesignName>NYEC_BPM_Semantic_data_model_diagram</ownerDesignName>
</ColumnProxy>
<ColumnProxy class="oracle.dbtools.crest.model.design.storage.oracle.v11g.ColumnProxyOraclev11g" name="Perform Research Date" id="4F47E422-BC04-CE53-5824-676113C17DC0">
<createdBy>ro38606</createdBy>
<createdTime>2013-05-07 18:41:50 UTC</createdTime>
<ownerDesignName>NYEC_BPM_Semantic_data_model_diagram</ownerDesignName>
</ColumnProxy>
<ColumnProxy class="oracle.dbtools.crest.model.design.storage.oracle.v11g.ColumnProxyOraclev11g" name="Reverse Clearance Indictr" id="4FA9882E-9D90-A8E5-0CCA-8E89FE04517D">
<createdBy>ro38606</createdBy>
<createdTime>2013-05-07 18:41:50 UTC</createdTime>
<ownerDesignName>NYEC_BPM_Semantic_data_model_diagram</ownerDesignName>
</ColumnProxy>
<ColumnProxy class="oracle.dbtools.crest.model.design.storage.oracle.v11g.ColumnProxyOraclev11g" name="Reverse Clearance Indictr Date" id="52B54031-B273-9838-346C-D78360989840">
<createdBy>ro38606</createdBy>
<createdTime>2013-05-07 18:41:50 UTC</createdTime>
<ownerDesignName>NYEC_BPM_Semantic_data_model_diagram</ownerDesignName>
</ColumnProxy>
<ColumnProxy class="oracle.dbtools.crest.model.design.storage.oracle.v11g.ColumnProxyOraclev11g" name="Complete App Flag" id="530FF165-83FD-1418-7BFF-69DCACF45544">
<createdBy>ro38606</createdBy>
<createdTime>2013-05-07 18:41:50 UTC</createdTime>
<ownerDesignName>NYEC_BPM_Semantic_data_model_diagram</ownerDesignName>
</ColumnProxy>
<ColumnProxy class="oracle.dbtools.crest.model.design.storage.oracle.v11g.ColumnProxyOraclev11g" name="Data Entry Task ID" id="552DC07E-00BD-D37C-B56C-67D558B39BBF">
<createdBy>ro38606</createdBy>
<createdTime>2013-05-07 18:41:50 UTC</createdTime>
<ownerDesignName>NYEC_BPM_Semantic_data_model_diagram</ownerDesignName>
</ColumnProxy>
<ColumnProxy class="oracle.dbtools.crest.model.design.storage.oracle.v11g.ColumnProxyOraclev11g" name="Last Mail Date" id="59F05730-FBAC-9191-951D-13E8EFEFA7F8">
<createdBy>ro38606</createdBy>
<createdTime>2013-05-07 18:41:50 UTC</createdTime>
<ownerDesignName>NYEC_BPM_Semantic_data_model_diagram</ownerDesignName>
</ColumnProxy>
<ColumnProxy class="oracle.dbtools.crest.model.design.storage.oracle.v11g.ColumnProxyOraclev11g" name="Jeopardy Flag" id="5AA471EF-6464-134C-4818-D4F4E242B881">
<createdBy>ro38606</createdBy>
<createdTime>2013-05-07 18:41:50 UTC</createdTime>
<ownerDesignName>NYEC_BPM_Semantic_data_model_diagram</ownerDesignName>
</ColumnProxy>
<ColumnProxy class="oracle.dbtools.crest.model.design.storage.oracle.v11g.ColumnProxyOraclev11g" name="Cancel App Performed By" id="5B65134E-4D3D-E42A-7FE6-5F5EF144245D">
<createdBy>ro38606</createdBy>
<createdTime>2013-05-07 18:41:50 UTC</createdTime>
<ownerDesignName>NYEC_BPM_Semantic_data_model_diagram</ownerDesignName>
</ColumnProxy>
<ColumnProxy class="oracle.dbtools.crest.model.design.storage.oracle.v11g.ColumnProxyOraclev11g" name="KPR App Cycle Business Days" id="61C37AC3-E63F-57DB-5565-989913DA400E">
<createdBy>ro38606</createdBy>
<createdTime>2013-05-07 18:41:50 UTC</createdTime>
<ownerDesignName>NYEC_BPM_Semantic_data_model_diagram</ownerDesignName>
</ColumnProxy>
<ColumnProxy class="oracle.dbtools.crest.model.design.storage.oracle.v11g.ColumnProxyOraclev11g" name="Perform QC Start Date" id="62E2B179-A13C-D58B-62FD-986EEA881ED9">
<createdBy>ro38606</createdBy>
<createdTime>2013-05-07 18:41:50 UTC</createdTime>
<ownerDesignName>NYEC_BPM_Semantic_data_model_diagram</ownerDesignName>
</ColumnProxy>
<ColumnProxy class="oracle.dbtools.crest.model.design.storage.oracle.v11g.ColumnProxyOraclev11g" name="Cur FPBP Sub-type" id="64304FC5-91EF-DEE5-7BED-C42418CF787A">
<createdBy>ro38606</createdBy>
<createdTime>2013-05-07 18:41:50 UTC</createdTime>
<ownerDesignName>NYEC_BPM_Semantic_data_model_diagram</ownerDesignName>
</ColumnProxy>
<ColumnProxy class="oracle.dbtools.crest.model.design.storage.oracle.v11g.ColumnProxyOraclev11g" name="Wait State Approval Prfrmd By" id="65626205-AD6A-DB62-055C-E6A37D5D05E1">
<createdBy>ro38606</createdBy>
<createdTime>2013-05-07 18:41:50 UTC</createdTime>
<ownerDesignName>NYEC_BPM_Semantic_data_model_diagram</ownerDesignName>
</ColumnProxy>
<ColumnProxy class="oracle.dbtools.crest.model.design.storage.oracle.v11g.ColumnProxyOraclev11g" name="CIN Date" id="6842D5E4-9319-F55F-DEFF-336E118D17D4">
<createdBy>ro38606</createdBy>
<createdTime>2013-05-07 18:41:50 UTC</createdTime>
<ownerDesignName>NYEC_BPM_Semantic_data_model_diagram</ownerDesignName>
</ColumnProxy>
<ColumnProxy class="oracle.dbtools.crest.model.design.storage.oracle.v11g.ColumnProxyOraclev11g" name="Cur Reactivation Date" id="6B59DDE9-B560-1F48-2D39-5E5A621CC446">
<createdBy>ro38606</createdBy>
<createdTime>2013-05-07 18:41:50 UTC</createdTime>
<ownerDesignName>NYEC_BPM_Semantic_data_model_diagram</ownerDesignName>
</ColumnProxy>
<ColumnProxy class="oracle.dbtools.crest.model.design.storage.oracle.v11g.ColumnProxyOraclev11g" name="Cancel App Flag" id="6B7D9518-03F7-B87C-3A0D-9C357A495FB6">
<createdBy>ro38606</createdBy>
<createdTime>2013-05-07 18:41:50 UTC</createdTime>
<ownerDesignName>NYEC_BPM_Semantic_data_model_diagram</ownerDesignName>
</ColumnProxy>
<ColumnProxy class="oracle.dbtools.crest.model.design.storage.oracle.v11g.ColumnProxyOraclev11g" name="Auto Reprocess Flag" id="6D0A17FE-54CA-FB5A-7547-5891FE284E88">
<createdBy>ro38606</createdBy>
<createdTime>2013-05-07 18:41:50 UTC</createdTime>
<ownerDesignName>NYEC_BPM_Semantic_data_model_diagram</ownerDesignName>
</ColumnProxy>
<ColumnProxy class="oracle.dbtools.crest.model.design.storage.oracle.v11g.ColumnProxyOraclev11g" name="SLA Jeopardy Date" id="6D5999FB-114B-D219-98E5-16CCA32ECD2C">
<createdBy>ro38606</createdBy>
<createdTime>2013-05-07 18:41:50 UTC</createdTime>
<ownerDesignName>NYEC_BPM_Semantic_data_model_diagram</ownerDesignName>
</ColumnProxy>
<ColumnProxy class="oracle.dbtools.crest.model.design.storage.oracle.v11g.ColumnProxyOraclev11g" name="Age in Calendar Days" id="6E89812F-AF6F-0F55-1004-033FFE229244">
<createdBy>ro38606</createdBy>
<createdTime>2013-05-07 18:41:50 UTC</createdTime>
<ownerDesignName>NYEC_BPM_Semantic_data_model_diagram</ownerDesignName>
</ColumnProxy>
<ColumnProxy class="oracle.dbtools.crest.model.design.storage.oracle.v11g.ColumnProxyOraclev11g" name="SLA Jeopardy Days" id="71FB46E6-F1FC-E139-BC18-4FCC0C6732C5">
<createdBy>ro38606</createdBy>
<createdTime>2013-05-07 18:41:50 UTC</createdTime>
<ownerDesignName>NYEC_BPM_Semantic_data_model_diagram</ownerDesignName>
</ColumnProxy>
<ColumnProxy class="oracle.dbtools.crest.model.design.storage.oracle.v11g.ColumnProxyOraclev11g" name="Cur Reactivation Number" id="735B39F3-26FD-BE3D-4E2A-60181A949D41">
<createdBy>ro38606</createdBy>
<createdTime>2013-05-07 18:41:50 UTC</createdTime>
<ownerDesignName>NYEC_BPM_Semantic_data_model_diagram</ownerDesignName>
</ColumnProxy>
<ColumnProxy class="oracle.dbtools.crest.model.design.storage.oracle.v11g.ColumnProxyOraclev11g" name="Complete Date" id="7828C2FE-E370-E5C8-0A6B-C0DEBB8A83CF">
<createdBy>ro38606</createdBy>
<createdTime>2013-05-07 18:41:50 UTC</createdTime>
<ownerDesignName>NYEC_BPM_Semantic_data_model_diagram</ownerDesignName>
</ColumnProxy>
<ColumnProxy class="oracle.dbtools.crest.model.design.storage.oracle.v11g.ColumnProxyOraclev11g" name="Outcome Letter Create Date" id="786E77D8-73D9-894A-377D-21E0D64EEF9A">
<createdBy>ro38606</createdBy>
<createdTime>2013-05-07 18:41:50 UTC</createdTime>
<ownerDesignName>NYEC_BPM_Semantic_data_model_diagram</ownerDesignName>
</ColumnProxy>
<ColumnProxy class="oracle.dbtools.crest.model.design.storage.oracle.v11g.ColumnProxyOraclev11g" name="Notify Clnt Pend App Strt Date" id="78A47702-B6C3-0A4F-E660-48BA381DA08D">
<createdBy>ro38606</createdBy>
<createdTime>2013-05-07 18:41:50 UTC</createdTime>
<ownerDesignName>NYEC_BPM_Semantic_data_model_diagram</ownerDesignName>
</ColumnProxy>
<ColumnProxy class="oracle.dbtools.crest.model.design.storage.oracle.v11g.ColumnProxyOraclev11g" name="Provider Name" id="792E27C7-358A-24A9-4FD4-3944ACA583A6">
<createdBy>ro38606</createdBy>
<createdTime>2013-05-07 18:41:50 UTC</createdTime>
<ownerDesignName>NYEC_BPM_Semantic_data_model_diagram</ownerDesignName>
</ColumnProxy>
<ColumnProxy class="oracle.dbtools.crest.model.design.storage.oracle.v11g.ColumnProxyOraclev11g" name="New MI Flag" id="799A9EA4-D90E-0DE8-11B2-584955A86216">
<createdBy>ro38606</createdBy>
<createdTime>2013-05-07 18:41:50 UTC</createdTime>
<ownerDesignName>NYEC_BPM_Semantic_data_model_diagram</ownerDesignName>
</ColumnProxy>
<ColumnProxy class="oracle.dbtools.crest.model.design.storage.oracle.v11g.ColumnProxyOraclev11g" name="Eligibility Action" id="7AEAEB2E-7CF7-2AD5-BB5C-982548985814">
<createdBy>ro38606</createdBy>
<createdTime>2013-05-07 18:41:50 UTC</createdTime>
<ownerDesignName>NYEC_BPM_Semantic_data_model_diagram</ownerDesignName>
</ColumnProxy>
<ColumnProxy class="oracle.dbtools.crest.model.design.storage.oracle.v11g.ColumnProxyOraclev11g" name="Review Enter Data Performed By" id="7E0CD126-3D6F-290E-D2F2-E87AF6304A0B">
<createdBy>ro38606</createdBy>
<createdTime>2013-05-07 18:41:50 UTC</createdTime>
<ownerDesignName>NYEC_BPM_Semantic_data_model_diagram</ownerDesignName>
</ColumnProxy>
<ColumnProxy class="oracle.dbtools.crest.model.design.storage.oracle.v11g.ColumnProxyOraclev11g" name="Process App Info Date" id="800A0B00-3F3B-CEBD-7F30-DA83D3BB49BD">
<createdBy>ro38606</createdBy>
<createdTime>2013-05-07 18:41:50 UTC</createdTime>
<ownerDesignName>NYEC_BPM_Semantic_data_model_diagram</ownerDesignName>
</ColumnProxy>
<ColumnProxy class="oracle.dbtools.crest.model.design.storage.oracle.v11g.ColumnProxyOraclev11g" name="SLA Target Days" id="852A5CEF-4FFC-9439-9DD8-687ECFC60EF4">
<createdBy>ro38606</createdBy>
<createdTime>2013-05-07 18:41:50 UTC</createdTime>
<ownerDesignName>NYEC_BPM_Semantic_data_model_diagram</ownerDesignName>
</ColumnProxy>
<ColumnProxy class="oracle.dbtools.crest.model.design.storage.oracle.v11g.ColumnProxyOraclev11g" name="Cur HEART Case Status" id="8B081451-988D-513F-CAE9-FF18FCF2AEC5">
<createdBy>ro38606</createdBy>
<createdTime>2013-05-07 18:41:50 UTC</createdTime>
<ownerDesignName>NYEC_BPM_Semantic_data_model_diagram</ownerDesignName>
</ColumnProxy>
<ColumnProxy class="oracle.dbtools.crest.model.design.storage.oracle.v11g.ColumnProxyOraclev11g" name="State Review Task ID" id="8D47221F-A842-90EC-8B36-CBB10EED4EB5">
<createdBy>ro38606</createdBy>
<createdTime>2013-05-07 18:41:50 UTC</createdTime>
<ownerDesignName>NYEC_BPM_Semantic_data_model_diagram</ownerDesignName>
</ColumnProxy>
<ColumnProxy class="oracle.dbtools.crest.model.design.storage.oracle.v11g.ColumnProxyOraclev11g" name="Wait State Approval Start Date" id="8DA3A7DF-F45D-6A82-29CC-AF3643A2B66F">
<createdBy>ro38606</createdBy>
<createdTime>2013-05-07 18:41:50 UTC</createdTime>
<ownerDesignName>NYEC_BPM_Semantic_data_model_diagram</ownerDesignName>
</ColumnProxy>
<ColumnProxy class="oracle.dbtools.crest.model.design.storage.oracle.v11g.ColumnProxyOraclev11g" name="Invoiceable Date" id="97C8D806-7B23-6C8D-8CF2-700FE8446911">
<createdBy>ro38606</createdBy>
<createdTime>2013-05-07 18:41:50 UTC</createdTime>
<ownerDesignName>NYEC_BPM_Semantic_data_model_diagram</ownerDesignName>
</ColumnProxy>
<ColumnProxy class="oracle.dbtools.crest.model.design.storage.oracle.v11g.ColumnProxyOraclev11g" name="Research Task ID" id="98EE63CC-2CF0-47B3-E81A-6929DEEF23DD">
<createdBy>ro38606</createdBy>
<createdTime>2013-05-07 18:41:50 UTC</createdTime>
<ownerDesignName>NYEC_BPM_Semantic_data_model_diagram</ownerDesignName>
</ColumnProxy>
<ColumnProxy class="oracle.dbtools.crest.model.design.storage.oracle.v11g.ColumnProxyOraclev11g" name="Application Type" id="99318CD2-67AF-CEB0-3E4E-2445867A637C">
<createdBy>ro38606</createdBy>
<createdTime>2013-05-07 18:41:50 UTC</createdTime>
<ownerDesignName>NYEC_BPM_Semantic_data_model_diagram</ownerDesignName>
</ColumnProxy>
<ColumnProxy class="oracle.dbtools.crest.model.design.storage.oracle.v11g.ColumnProxyOraclev11g" name="Cur Reactivation Reason" id="9BD8B512-A582-BD71-4CDA-87492293BC05">
<createdBy>ro38606</createdBy>
<createdTime>2013-05-07 18:41:50 UTC</createdTime>
<ownerDesignName>NYEC_BPM_Semantic_data_model_diagram</ownerDesignName>
</ColumnProxy>
<ColumnProxy class="oracle.dbtools.crest.model.design.storage.oracle.v11g.ColumnProxyOraclev11g" name="Application ID" id="A01DC5C1-B4F4-90C5-7C6E-5E6529711F85">
<createdBy>ro38606</createdBy>
<createdTime>2013-05-07 18:41:50 UTC</createdTime>
<ownerDesignName>NYEC_BPM_Semantic_data_model_diagram</ownerDesignName>
</ColumnProxy>
<ColumnProxy class="oracle.dbtools.crest.model.design.storage.oracle.v11g.ColumnProxyOraclev11g" name="Cur Refer to LDSS Flag" id="A1C8CD84-CD92-BCB4-6C58-4AD26A81179F">
<createdBy>ro38606</createdBy>
<createdTime>2013-05-07 18:41:50 UTC</createdTime>
<ownerDesignName>NYEC_BPM_Semantic_data_model_diagram</ownerDesignName>
</ColumnProxy>
<ColumnProxy class="oracle.dbtools.crest.model.design.storage.oracle.v11g.ColumnProxyOraclev11g" name="Cur Mode Code" id="A26F3079-D7ED-78C2-495C-934DDD8B179A">
<createdBy>ro38606</createdBy>
<createdTime>2013-05-07 18:41:50 UTC</createdTime>
<ownerDesignName>NYEC_BPM_Semantic_data_model_diagram</ownerDesignName>
</ColumnProxy>
<ColumnProxy class="oracle.dbtools.crest.model.design.storage.oracle.v11g.ColumnProxyOraclev11g" name="Missing Information Flag" id="A2745B01-39B3-F441-DBCC-7EB692E53282">
<createdBy>ro38606</createdBy>
<createdTime>2013-05-07 18:41:50 UTC</createdTime>
<ownerDesignName>NYEC_BPM_Semantic_data_model_diagram</ownerDesignName>
</ColumnProxy>
<ColumnProxy class="oracle.dbtools.crest.model.design.storage.oracle.v11g.ColumnProxyOraclev11g" name="Process App Info Start Date" id="A2AF631B-75CB-8345-3BAD-D0162CAAA28B">
<createdBy>ro38606</createdBy>
<createdTime>2013-05-07 18:41:50 UTC</createdTime>
<ownerDesignName>NYEC_BPM_Semantic_data_model_diagram</ownerDesignName>
</ColumnProxy>
<ColumnProxy class="oracle.dbtools.crest.model.design.storage.oracle.v11g.ColumnProxyOraclev11g" name="Reverse Clearance Outcome" id="A7E8DF73-5C5D-8B6C-37A6-B5FEF4D5CEA5">
<createdBy>ro38606</createdBy>
<createdTime>2013-05-07 18:41:50 UTC</createdTime>
<ownerDesignName>NYEC_BPM_Semantic_data_model_diagram</ownerDesignName>
</ColumnProxy>
<ColumnProxy class="oracle.dbtools.crest.model.design.storage.oracle.v11g.ColumnProxyOraclev11g" name="Perform QC Performed By" id="A868D451-1B3F-7FDD-0E72-386443AEAA89">
<createdBy>ro38606</createdBy>
<createdTime>2013-05-07 18:41:50 UTC</createdTime>
<ownerDesignName>NYEC_BPM_Semantic_data_model_diagram</ownerDesignName>
</ColumnProxy>
<ColumnProxy class="oracle.dbtools.crest.model.design.storage.oracle.v11g.ColumnProxyOraclev11g" name="Perform Research Flag" id="AAD6BC00-DB11-2155-044E-27E5FE1955E1">
<createdBy>ro38606</createdBy>
<createdTime>2013-05-07 18:41:50 UTC</createdTime>
<ownerDesignName>NYEC_BPM_Semantic_data_model_diagram</ownerDesignName>
</ColumnProxy>
<ColumnProxy class="oracle.dbtools.crest.model.design.storage.oracle.v11g.ColumnProxyOraclev11g" name="Close App Performed By" id="AE445519-B644-9A40-C9C1-FB1D13D74C87">
<createdBy>ro38606</createdBy>
<createdTime>2013-05-07 18:41:50 UTC</createdTime>
<ownerDesignName>NYEC_BPM_Semantic_data_model_diagram</ownerDesignName>
</ColumnProxy>
<ColumnProxy class="oracle.dbtools.crest.model.design.storage.oracle.v11g.ColumnProxyOraclev11g" name="Cur Stop Application Reason" id="B0948117-2CDD-F88D-D742-EA2D038BDDC1">
<createdBy>ro38606</createdBy>
<createdTime>2013-05-07 18:41:50 UTC</createdTime>
<ownerDesignName>NYEC_BPM_Semantic_data_model_diagram</ownerDesignName>
</ColumnProxy>
<ColumnProxy class="oracle.dbtools.crest.model.design.storage.oracle.v11g.ColumnProxyOraclev11g" name="Notify Clnt Pend App Flag" id="B1D23115-EE6D-A91E-619F-8DE2626AEEB5">
<createdBy>ro38606</createdBy>
<createdTime>2013-05-07 18:41:50 UTC</createdTime>
<ownerDesignName>NYEC_BPM_Semantic_data_model_diagram</ownerDesignName>
</ColumnProxy>
<ColumnProxy class="oracle.dbtools.crest.model.design.storage.oracle.v11g.ColumnProxyOraclev11g" name="Notify Clnt Pend App Date" id="B94FE42D-4F34-19AD-E8B2-77A14000D3BB">
<createdBy>ro38606</createdBy>
<createdTime>2013-05-07 18:41:50 UTC</createdTime>
<ownerDesignName>NYEC_BPM_Semantic_data_model_diagram</ownerDesignName>
</ColumnProxy>
<ColumnProxy class="oracle.dbtools.crest.model.design.storage.oracle.v11g.ColumnProxyOraclev11g" name="Age in Business Days" id="B9727E5D-FBA6-9461-C557-6C82B2DBEE47">
<createdBy>ro38606</createdBy>
<createdTime>2013-05-07 18:41:50 UTC</createdTime>
<ownerDesignName>NYEC_BPM_Semantic_data_model_diagram</ownerDesignName>
</ColumnProxy>
<ColumnProxy class="oracle.dbtools.crest.model.design.storage.oracle.v11g.ColumnProxyOraclev11g" name="Receive and Process MI Flag" id="B9D9A07A-08F3-1A38-3603-F138FAD93D09">
<createdBy>ro38606</createdBy>
<createdTime>2013-05-07 18:41:50 UTC</createdTime>
<ownerDesignName>NYEC_BPM_Semantic_data_model_diagram</ownerDesignName>
</ColumnProxy>
<ColumnProxy class="oracle.dbtools.crest.model.design.storage.oracle.v11g.ColumnProxyOraclev11g" name="Review Enter Data Flag" id="BD4E904F-E2FC-E643-D9A5-CA92618AB92B">
<createdBy>ro38606</createdBy>
<createdTime>2013-05-07 18:41:50 UTC</createdTime>
<ownerDesignName>NYEC_BPM_Semantic_data_model_diagram</ownerDesignName>
</ColumnProxy>
<ColumnProxy class="oracle.dbtools.crest.model.design.storage.oracle.v11g.ColumnProxyOraclev11g" name="Cur HEART App Status" id="C19FEFE6-60BB-E3FD-5E63-82545447430A">
<createdBy>ro38606</createdBy>
<createdTime>2013-05-07 18:41:50 UTC</createdTime>
<ownerDesignName>NYEC_BPM_Semantic_data_model_diagram</ownerDesignName>
</ColumnProxy>
<ColumnProxy class="oracle.dbtools.crest.model.design.storage.oracle.v11g.ColumnProxyOraclev11g" name="Cur QC Indicator" id="C39ECEDF-72E1-E38B-9F57-6AAFC2560490">
<createdBy>ro38606</createdBy>
<createdTime>2013-05-07 18:41:50 UTC</createdTime>
<ownerDesignName>NYEC_BPM_Semantic_data_model_diagram</ownerDesignName>
</ColumnProxy>
<ColumnProxy class="oracle.dbtools.crest.model.design.storage.oracle.v11g.ColumnProxyOraclev11g" name="KPR App Cycle Calendar Days" id="CB2AE468-7BCC-2D11-E724-30F0A71E35F9">
<createdBy>ro38606</createdBy>
<createdTime>2013-05-07 18:41:50 UTC</createdTime>
<ownerDesignName>NYEC_BPM_Semantic_data_model_diagram</ownerDesignName>
</ColumnProxy>
<ColumnProxy class="oracle.dbtools.crest.model.design.storage.oracle.v11g.ColumnProxyOraclev11g" name="State Review Task Count" id="CD6D8354-D829-A4B3-6062-98656892AB33">
<createdBy>ro38606</createdBy>
<createdTime>2013-05-07 18:41:50 UTC</createdTime>
<ownerDesignName>NYEC_BPM_Semantic_data_model_diagram</ownerDesignName>
</ColumnProxy>
<ColumnProxy class="oracle.dbtools.crest.model.design.storage.oracle.v11g.ColumnProxyOraclev11g" name="Cur Workflow Reactivation Ind" id="CE29EC3E-EC5C-0D35-C787-6E964EA3E43E">
<createdBy>ro38606</createdBy>
<createdTime>2013-05-07 18:41:50 UTC</createdTime>
<ownerDesignName>NYEC_BPM_Semantic_data_model_diagram</ownerDesignName>
</ColumnProxy>
<ColumnProxy class="oracle.dbtools.crest.model.design.storage.oracle.v11g.ColumnProxyOraclev11g" name="Channel" id="CEF27A57-A521-D9C7-EB18-45E0FD9FECF0">
<createdBy>ro38606</createdBy>
<createdTime>2013-05-07 18:41:50 UTC</createdTime>
<ownerDesignName>NYEC_BPM_Semantic_data_model_diagram</ownerDesignName>
</ColumnProxy>
<ColumnProxy class="oracle.dbtools.crest.model.design.storage.oracle.v11g.ColumnProxyOraclev11g" name="QC Required Flag" id="CF8B463D-5FB4-8816-BCC8-619EFA1E6551">
<createdBy>ro38606</createdBy>
<createdTime>2013-05-07 18:41:50 UTC</createdTime>
<ownerDesignName>NYEC_BPM_Semantic_data_model_diagram</ownerDesignName>
</ColumnProxy>
<ColumnProxy class="oracle.dbtools.crest.model.design.storage.oracle.v11g.ColumnProxyOraclev11g" name="Process App Info Flag" id="D0D3E480-D1CD-06C7-6265-FC41DFC8C06F">
<createdBy>ro38606</createdBy>
<createdTime>2013-05-07 18:41:50 UTC</createdTime>
<ownerDesignName>NYEC_BPM_Semantic_data_model_diagram</ownerDesignName>
</ColumnProxy>
<ColumnProxy class="oracle.dbtools.crest.model.design.storage.oracle.v11g.ColumnProxyOraclev11g" name="Review Enter Data Date" id="D4C14DC8-6C0C-63DB-BDB4-8342C783C6DB">
<createdBy>ro38606</createdBy>
<createdTime>2013-05-07 18:41:50 UTC</createdTime>
<ownerDesignName>NYEC_BPM_Semantic_data_model_diagram</ownerDesignName>
</ColumnProxy>
<ColumnProxy class="oracle.dbtools.crest.model.design.storage.oracle.v11g.ColumnProxyOraclev11g" name="Timeliness Status" id="D61B4FF8-E091-22D7-D668-CAB47063496B">
<createdBy>ro38606</createdBy>
<createdTime>2013-05-07 18:41:50 UTC</createdTime>
<ownerDesignName>NYEC_BPM_Semantic_data_model_diagram</ownerDesignName>
</ColumnProxy>
<ColumnProxy class="oracle.dbtools.crest.model.design.storage.oracle.v11g.ColumnProxyOraclev11g" name="Cur Mode Label" id="D7236BBD-A861-36E6-DCAA-3152655397AB">
<createdBy>ro38606</createdBy>
<createdTime>2013-05-07 18:41:50 UTC</createdTime>
<ownerDesignName>NYEC_BPM_Semantic_data_model_diagram</ownerDesignName>
</ColumnProxy>
<ColumnProxy class="oracle.dbtools.crest.model.design.storage.oracle.v11g.ColumnProxyOraclev11g" name="QC Task ID" id="D8D793A0-28E8-A3D9-BFC3-17FD936DF750">
<createdBy>ro38606</createdBy>
<createdTime>2013-05-07 18:41:50 UTC</createdTime>
<ownerDesignName>NYEC_BPM_Semantic_data_model_diagram</ownerDesignName>
</ColumnProxy>
<ColumnProxy class="oracle.dbtools.crest.model.design.storage.oracle.v11g.ColumnProxyOraclev11g" name="QC Outcome Flag" id="DBC52E22-A7A9-97AA-A8E5-E3248E71118D">
<createdBy>ro38606</createdBy>
<createdTime>2013-05-07 18:41:50 UTC</createdTime>
<ownerDesignName>NYEC_BPM_Semantic_data_model_diagram</ownerDesignName>
</ColumnProxy>
<ColumnProxy class="oracle.dbtools.crest.model.design.storage.oracle.v11g.ColumnProxyOraclev11g" name="Days To Timeout" id="DD57B486-DEA9-AC44-F757-45276E874AFE">
<createdBy>ro38606</createdBy>
<createdTime>2013-05-07 18:41:50 UTC</createdTime>
<ownerDesignName>NYEC_BPM_Semantic_data_model_diagram</ownerDesignName>
</ColumnProxy>
<ColumnProxy class="oracle.dbtools.crest.model.design.storage.oracle.v11g.ColumnProxyOraclev11g" name="Cur App Status" id="DE5BC522-A79C-9995-E07F-3D1BE3BE8A87">
<createdBy>ro38606</createdBy>
<createdTime>2013-05-07 18:41:50 UTC</createdTime>
<ownerDesignName>NYEC_BPM_Semantic_data_model_diagram</ownerDesignName>
</ColumnProxy>
<ColumnProxy class="oracle.dbtools.crest.model.design.storage.oracle.v11g.ColumnProxyOraclev11g" name="Outcome Notif Req Gateway Flag" id="E18F09D0-0F00-1C6D-1B7C-49B3BA73BFCD">
<createdBy>ro38606</createdBy>
<createdTime>2013-05-07 18:41:50 UTC</createdTime>
<ownerDesignName>NYEC_BPM_Semantic_data_model_diagram</ownerDesignName>
</ColumnProxy>
<ColumnProxy class="oracle.dbtools.crest.model.design.storage.oracle.v11g.ColumnProxyOraclev11g" name="Complete App Performed By" id="E1B9C3E3-8287-50D5-3927-C305303286BD">
<createdBy>ro38606</createdBy>
<createdTime>2013-05-07 18:41:50 UTC</createdTime>
<ownerDesignName>NYEC_BPM_Semantic_data_model_diagram</ownerDesignName>
</ColumnProxy>
<ColumnProxy class="oracle.dbtools.crest.model.design.storage.oracle.v11g.ColumnProxyOraclev11g" name="Process App Info Performed By" id="EDA6B4F4-BE3B-8BA4-B64D-88C33774DC65">
<createdBy>ro38606</createdBy>
<createdTime>2013-05-07 18:41:50 UTC</createdTime>
<ownerDesignName>NYEC_BPM_Semantic_data_model_diagram</ownerDesignName>
</ColumnProxy>
<ColumnProxy class="oracle.dbtools.crest.model.design.storage.oracle.v11g.ColumnProxyOraclev11g" name="Cur Receipt Date" id="EEC9733E-E049-399A-D3B2-401EB1352584">
<createdBy>ro38606</createdBy>
<createdTime>2013-05-07 18:41:50 UTC</createdTime>
<ownerDesignName>NYEC_BPM_Semantic_data_model_diagram</ownerDesignName>
</ColumnProxy>
<ColumnProxy class="oracle.dbtools.crest.model.design.storage.oracle.v11g.ColumnProxyOraclev11g" name="Current Task ID" id="FC524D84-4DD4-24DB-5621-DBCA6A77DDA6">
<createdBy>ro38606</createdBy>
<createdTime>2013-05-07 18:41:50 UTC</createdTime>
<ownerDesignName>NYEC_BPM_Semantic_data_model_diagram</ownerDesignName>
</ColumnProxy>
<ColumnProxy class="oracle.dbtools.crest.model.design.storage.oracle.v11g.ColumnProxyOraclev11g" name="Outcome Letter ID" id="FC72BA20-307A-A63B-9741-83F2C5013D89">
<createdBy>ro38606</createdBy>
<createdTime>2013-05-07 18:41:50 UTC</createdTime>
<ownerDesignName>NYEC_BPM_Semantic_data_model_diagram</ownerDesignName>
</ColumnProxy>
</columnProxies>
</TableProxyOraclev11g>