<?xml version = '1.0' encoding = 'UTF-8'?>
<TableProxyOraclev11g class="oracle.dbtools.crest.model.design.storage.oracle.v11g.TableProxyOraclev11g" name="D_NYEC_SITP_CURRENT_APP" id="C9C40813-8F7F-5B60-2578-A6C5C4532DD8" directorySegmentName="seg_1">
<createdBy>ro38606</createdBy>
<createdTime>2013-05-17 15:13:31 UTC</createdTime>
<ownerDesignName>NYEC_BPM_Semantic_data_model_diagram</ownerDesignName>
<logging>YES</logging>
<columnProxies>
<ColumnProxy class="oracle.dbtools.crest.model.design.storage.oracle.v11g.ColumnProxyOraclev11g" name="Outcome Letter ID" id="04FD517F-AEA0-C716-358C-FFD92E7D1F5F">
<createdBy>ro38606</createdBy>
<createdTime>2013-05-17 15:13:31 UTC</createdTime>
<ownerDesignName>NYEC_BPM_Semantic_data_model_diagram</ownerDesignName>
</ColumnProxy>
<ColumnProxy class="oracle.dbtools.crest.model.design.storage.oracle.v11g.ColumnProxyOraclev11g" name="Notify Clnt Pend App Flag" id="0541B5CB-DEA6-6D37-1EEA-1C5795BBE526">
<createdBy>ro38606</createdBy>
<createdTime>2013-05-17 15:13:31 UTC</createdTime>
<ownerDesignName>NYEC_BPM_Semantic_data_model_diagram</ownerDesignName>
</ColumnProxy>
<ColumnProxy class="oracle.dbtools.crest.model.design.storage.oracle.v11g.ColumnProxyOraclev11g" name="Wait State Approval Start Date" id="09BA1B27-CAA8-5AC2-39DC-D20814FDAD30">
<createdBy>ro38606</createdBy>
<createdTime>2013-05-17 15:13:31 UTC</createdTime>
<ownerDesignName>NYEC_BPM_Semantic_data_model_diagram</ownerDesignName>
</ColumnProxy>
<ColumnProxy class="oracle.dbtools.crest.model.design.storage.oracle.v11g.ColumnProxyOraclev11g" name="Eligibility Action" id="0C65A604-1D74-D69C-34C7-7E1BD0CD87FA">
<createdBy>ro38606</createdBy>
<createdTime>2013-05-17 15:13:31 UTC</createdTime>
<ownerDesignName>NYEC_BPM_Semantic_data_model_diagram</ownerDesignName>
</ColumnProxy>
<ColumnProxy class="oracle.dbtools.crest.model.design.storage.oracle.v11g.ColumnProxyOraclev11g" name="REGISTRATION_TASK_ID" id="10142BE7-2FF6-DE60-FD30-3A20001E2F87">
<createdBy>ro38606</createdBy>
<createdTime>2013-05-17 15:13:31 UTC</createdTime>
<ownerDesignName>NYEC_BPM_Semantic_data_model_diagram</ownerDesignName>
</ColumnProxy>
<ColumnProxy class="oracle.dbtools.crest.model.design.storage.oracle.v11g.ColumnProxyOraclev11g" name="Cur FPBP Sub-type" id="10EC548B-FB82-286B-6B79-1B750BD87DB7">
<createdBy>ro38606</createdBy>
<createdTime>2013-05-17 15:13:31 UTC</createdTime>
<ownerDesignName>NYEC_BPM_Semantic_data_model_diagram</ownerDesignName>
</ColumnProxy>
<ColumnProxy class="oracle.dbtools.crest.model.design.storage.oracle.v11g.ColumnProxyOraclev11g" name="KPR App Cycle Start Date" id="115FA6FF-5DF8-3E20-CA0E-251A6A009CCA">
<createdBy>ro38606</createdBy>
<createdTime>2013-05-17 15:13:31 UTC</createdTime>
<ownerDesignName>NYEC_BPM_Semantic_data_model_diagram</ownerDesignName>
</ColumnProxy>
<ColumnProxy class="oracle.dbtools.crest.model.design.storage.oracle.v11g.ColumnProxyOraclev11g" name="Cur Receipt Date" id="119E351A-8FB7-0F11-6B2A-55880F76A3A4">
<createdBy>ro38606</createdBy>
<createdTime>2013-05-17 15:13:31 UTC</createdTime>
<ownerDesignName>NYEC_BPM_Semantic_data_model_diagram</ownerDesignName>
</ColumnProxy>
<ColumnProxy class="oracle.dbtools.crest.model.design.storage.oracle.v11g.ColumnProxyOraclev11g" name="Cur App Status" id="11B50ED7-4000-CA98-120C-9830C4DB80F8">
<createdBy>ro38606</createdBy>
<createdTime>2013-05-17 15:13:31 UTC</createdTime>
<ownerDesignName>NYEC_BPM_Semantic_data_model_diagram</ownerDesignName>
</ColumnProxy>
<ColumnProxy class="oracle.dbtools.crest.model.design.storage.oracle.v11g.ColumnProxyOraclev11g" name="PERFORM_REG_ENTER_DATA_DATE" id="13FC0DBA-D427-45A2-7F36-12EDE09DB6BA">
<createdBy>ro38606</createdBy>
<createdTime>2013-05-17 15:13:31 UTC</createdTime>
<ownerDesignName>NYEC_BPM_Semantic_data_model_diagram</ownerDesignName>
</ColumnProxy>
<ColumnProxy class="oracle.dbtools.crest.model.design.storage.oracle.v11g.ColumnProxyOraclev11g" name="Age in Business Days" id="140371CD-9DEE-E6B0-ACC7-6FCDF8B0FF21">
<createdBy>ro38606</createdBy>
<createdTime>2013-05-17 15:13:31 UTC</createdTime>
<ownerDesignName>NYEC_BPM_Semantic_data_model_diagram</ownerDesignName>
</ColumnProxy>
<ColumnProxy class="oracle.dbtools.crest.model.design.storage.oracle.v11g.ColumnProxyOraclev11g" name="Process App Info Date" id="148C0DA3-3CFE-5884-AAD6-DA6B31548ED0">
<createdBy>ro38606</createdBy>
<createdTime>2013-05-17 15:13:31 UTC</createdTime>
<ownerDesignName>NYEC_BPM_Semantic_data_model_diagram</ownerDesignName>
</ColumnProxy>
<ColumnProxy class="oracle.dbtools.crest.model.design.storage.oracle.v11g.ColumnProxyOraclev11g" name="Jeopardy Flag" id="14F26A12-9EF2-0544-94F0-AA2A9D35C83D">
<createdBy>ro38606</createdBy>
<createdTime>2013-05-17 15:13:31 UTC</createdTime>
<ownerDesignName>NYEC_BPM_Semantic_data_model_diagram</ownerDesignName>
</ColumnProxy>
<ColumnProxy class="oracle.dbtools.crest.model.design.storage.oracle.v11g.ColumnProxyOraclev11g" name="Review Enter Data Date" id="1AFD555B-459A-2138-9383-CA0334280D9C">
<createdBy>ro38606</createdBy>
<createdTime>2013-05-17 15:13:31 UTC</createdTime>
<ownerDesignName>NYEC_BPM_Semantic_data_model_diagram</ownerDesignName>
</ColumnProxy>
<ColumnProxy class="oracle.dbtools.crest.model.design.storage.oracle.v11g.ColumnProxyOraclev11g" name="NUMBER_OF_APPLICANTS" id="1F6DC7A7-B6E2-E091-D995-00C68C024E93">
<createdBy>ro38606</createdBy>
<createdTime>2013-05-17 15:13:31 UTC</createdTime>
<ownerDesignName>NYEC_BPM_Semantic_data_model_diagram</ownerDesignName>
<defaultValue>0</defaultValue>
</ColumnProxy>
<ColumnProxy class="oracle.dbtools.crest.model.design.storage.oracle.v11g.ColumnProxyOraclev11g" name="Reverse Clearance Indictr Date" id="20825473-9860-BCFB-3F45-B7F4E2A1AA9B">
<createdBy>ro38606</createdBy>
<createdTime>2013-05-17 15:13:31 UTC</createdTime>
<ownerDesignName>NYEC_BPM_Semantic_data_model_diagram</ownerDesignName>
</ColumnProxy>
<ColumnProxy class="oracle.dbtools.crest.model.design.storage.oracle.v11g.ColumnProxyOraclev11g" name="KPR App Cycle End Date" id="209602FC-2E68-D94E-CF69-E59C49ADC62A">
<createdBy>ro38606</createdBy>
<createdTime>2013-05-17 15:13:31 UTC</createdTime>
<ownerDesignName>NYEC_BPM_Semantic_data_model_diagram</ownerDesignName>
</ColumnProxy>
<ColumnProxy class="oracle.dbtools.crest.model.design.storage.oracle.v11g.ColumnProxyOraclev11g" name="Wait State Approval Date" id="22CB0FC0-30F3-7962-4947-15F352871787">
<createdBy>ro38606</createdBy>
<createdTime>2013-05-17 15:13:31 UTC</createdTime>
<ownerDesignName>NYEC_BPM_Semantic_data_model_diagram</ownerDesignName>
</ColumnProxy>
<ColumnProxy class="oracle.dbtools.crest.model.design.storage.oracle.v11g.ColumnProxyOraclev11g" name="Invoiceable Date" id="23DB71F7-5C66-C3B1-7D53-FACA1D621A8A">
<createdBy>ro38606</createdBy>
<createdTime>2013-05-17 15:13:31 UTC</createdTime>
<ownerDesignName>NYEC_BPM_Semantic_data_model_diagram</ownerDesignName>
</ColumnProxy>
<ColumnProxy class="oracle.dbtools.crest.model.design.storage.oracle.v11g.ColumnProxyOraclev11g" name="Cur Reactivation Date" id="25E3D3E8-4F95-7950-5949-2E96AA14EDF8">
<createdBy>ro38606</createdBy>
<createdTime>2013-05-17 15:13:31 UTC</createdTime>
<ownerDesignName>NYEC_BPM_Semantic_data_model_diagram</ownerDesignName>
</ColumnProxy>
<ColumnProxy class="oracle.dbtools.crest.model.design.storage.oracle.v11g.ColumnProxyOraclev11g" name="Current Task ID" id="27E9CF6E-91AF-061D-AFF1-15F71B85C451">
<createdBy>ro38606</createdBy>
<createdTime>2013-05-17 15:13:31 UTC</createdTime>
<ownerDesignName>NYEC_BPM_Semantic_data_model_diagram</ownerDesignName>
</ColumnProxy>
<ColumnProxy class="oracle.dbtools.crest.model.design.storage.oracle.v11g.ColumnProxyOraclev11g" name="Complete App Performed By" id="2C5CFF0F-3A28-0DA6-4CBC-23DECFF3028E">
<createdBy>ro38606</createdBy>
<createdTime>2013-05-17 15:13:31 UTC</createdTime>
<ownerDesignName>NYEC_BPM_Semantic_data_model_diagram</ownerDesignName>
</ColumnProxy>
<ColumnProxy class="oracle.dbtools.crest.model.design.storage.oracle.v11g.ColumnProxyOraclev11g" name="Cur CIN" id="2C9B5DCA-CF38-937A-DC4F-5D6072B5D2D8">
<createdBy>ro38606</createdBy>
<createdTime>2013-05-17 15:13:31 UTC</createdTime>
<ownerDesignName>NYEC_BPM_Semantic_data_model_diagram</ownerDesignName>
</ColumnProxy>
<ColumnProxy class="oracle.dbtools.crest.model.design.storage.oracle.v11g.ColumnProxyOraclev11g" name="Cur QC Indicator" id="2DC66ED3-0475-A8EF-5B7B-ECF07E893927">
<createdBy>ro38606</createdBy>
<createdTime>2013-05-17 15:13:31 UTC</createdTime>
<ownerDesignName>NYEC_BPM_Semantic_data_model_diagram</ownerDesignName>
</ColumnProxy>
<ColumnProxy class="oracle.dbtools.crest.model.design.storage.oracle.v11g.ColumnProxyOraclev11g" name="Process App Info Start Date" id="2E8EBEE9-396F-8364-C632-3CA9E98A5EAB">
<createdBy>ro38606</createdBy>
<createdTime>2013-05-17 15:13:31 UTC</createdTime>
<ownerDesignName>NYEC_BPM_Semantic_data_model_diagram</ownerDesignName>
</ColumnProxy>
<ColumnProxy class="oracle.dbtools.crest.model.design.storage.oracle.v11g.ColumnProxyOraclev11g" name="State Case Identifier" id="319A77F6-C8E5-13D6-A407-469646615C87">
<createdBy>ro38606</createdBy>
<createdTime>2013-05-17 15:13:31 UTC</createdTime>
<ownerDesignName>NYEC_BPM_Semantic_data_model_diagram</ownerDesignName>
</ColumnProxy>
<ColumnProxy class="oracle.dbtools.crest.model.design.storage.oracle.v11g.ColumnProxyOraclev11g" name="SLA Days Type" id="31FB69C6-F814-3770-3FB4-E64DC3E96776">
<createdBy>ro38606</createdBy>
<createdTime>2013-05-17 15:13:31 UTC</createdTime>
<ownerDesignName>NYEC_BPM_Semantic_data_model_diagram</ownerDesignName>
</ColumnProxy>
<ColumnProxy class="oracle.dbtools.crest.model.design.storage.oracle.v11g.ColumnProxyOraclev11g" name="SLA Jeopardy Date" id="323096DE-377F-665E-3D29-FAF77BF16D9F">
<createdBy>ro38606</createdBy>
<createdTime>2013-05-17 15:13:31 UTC</createdTime>
<ownerDesignName>NYEC_BPM_Semantic_data_model_diagram</ownerDesignName>
</ColumnProxy>
<ColumnProxy class="oracle.dbtools.crest.model.design.storage.oracle.v11g.ColumnProxyOraclev11g" name="CUR_REVERSE_CLEARANCE_REASON" id="35261006-9C32-7D44-E0C7-D67B3D3ECD9D">
<createdBy>ro38606</createdBy>
<createdTime>2013-05-17 15:13:31 UTC</createdTime>
<ownerDesignName>NYEC_BPM_Semantic_data_model_diagram</ownerDesignName>
</ColumnProxy>
<ColumnProxy class="oracle.dbtools.crest.model.design.storage.oracle.v11g.ColumnProxyOraclev11g" name="Perform QC Date" id="36EC248D-4268-642C-F822-EE4A8456A3E9">
<createdBy>ro38606</createdBy>
<createdTime>2013-05-17 15:13:31 UTC</createdTime>
<ownerDesignName>NYEC_BPM_Semantic_data_model_diagram</ownerDesignName>
</ColumnProxy>
<ColumnProxy class="oracle.dbtools.crest.model.design.storage.oracle.v11g.ColumnProxyOraclev11g" name="Cancel App Performed By" id="3773C94A-AB11-B4AA-735F-A330DE495FD8">
<createdBy>ro38606</createdBy>
<createdTime>2013-05-17 15:13:31 UTC</createdTime>
<ownerDesignName>NYEC_BPM_Semantic_data_model_diagram</ownerDesignName>
</ColumnProxy>
<ColumnProxy class="oracle.dbtools.crest.model.design.storage.oracle.v11g.ColumnProxyOraclev11g" name="State Review Task ID" id="3AE43731-7070-44CB-D86E-B4C76BA8E545">
<createdBy>ro38606</createdBy>
<createdTime>2013-05-17 15:13:31 UTC</createdTime>
<ownerDesignName>NYEC_BPM_Semantic_data_model_diagram</ownerDesignName>
</ColumnProxy>
<ColumnProxy class="oracle.dbtools.crest.model.design.storage.oracle.v11g.ColumnProxyOraclev11g" name="Perform Research Flag" id="3C7DC98F-563F-BC5C-1C1D-27E39C9A0EF1">
<createdBy>ro38606</createdBy>
<createdTime>2013-05-17 15:13:31 UTC</createdTime>
<ownerDesignName>NYEC_BPM_Semantic_data_model_diagram</ownerDesignName>
</ColumnProxy>
<ColumnProxy class="oracle.dbtools.crest.model.design.storage.oracle.v11g.ColumnProxyOraclev11g" name="CUR_WMS_REASON" id="3CB8CA79-154A-3734-5207-F8EF0FFB7D22">
<createdBy>ro38606</createdBy>
<createdTime>2013-05-17 15:13:31 UTC</createdTime>
<ownerDesignName>NYEC_BPM_Semantic_data_model_diagram</ownerDesignName>
</ColumnProxy>
<ColumnProxy class="oracle.dbtools.crest.model.design.storage.oracle.v11g.ColumnProxyOraclev11g" name="Last Mail Date" id="3D07967D-C5BA-1571-7A37-6C9217DA5FD1">
<createdBy>ro38606</createdBy>
<createdTime>2013-05-17 15:13:31 UTC</createdTime>
<ownerDesignName>NYEC_BPM_Semantic_data_model_diagram</ownerDesignName>
</ColumnProxy>
<ColumnProxy class="oracle.dbtools.crest.model.design.storage.oracle.v11g.ColumnProxyOraclev11g" name="Outcome Letter Type" id="3E46024E-D57B-CE4D-5C7A-2E0295638CF6">
<createdBy>ro38606</createdBy>
<createdTime>2013-05-17 15:13:31 UTC</createdTime>
<ownerDesignName>NYEC_BPM_Semantic_data_model_diagram</ownerDesignName>
</ColumnProxy>
<ColumnProxy class="oracle.dbtools.crest.model.design.storage.oracle.v11g.ColumnProxyOraclev11g" name="Cur Mode Code" id="4DE01AE5-CB0B-92A7-52BA-79C1E2AF6FC2">
<createdBy>ro38606</createdBy>
<createdTime>2013-05-17 15:13:31 UTC</createdTime>
<ownerDesignName>NYEC_BPM_Semantic_data_model_diagram</ownerDesignName>
</ColumnProxy>
<ColumnProxy class="oracle.dbtools.crest.model.design.storage.oracle.v11g.ColumnProxyOraclev11g" name="Outcome Letter Create Date" id="4E57CEC1-4FFF-D39D-7116-E50C3D755609">
<createdBy>ro38606</createdBy>
<createdTime>2013-05-17 15:13:31 UTC</createdTime>
<ownerDesignName>NYEC_BPM_Semantic_data_model_diagram</ownerDesignName>
</ColumnProxy>
<ColumnProxy class="oracle.dbtools.crest.model.design.storage.oracle.v11g.ColumnProxyOraclev11g" name="Receive App Flag" id="4E81BAAA-CFAE-8771-A788-54862F43FED4">
<createdBy>ro38606</createdBy>
<createdTime>2013-05-17 15:13:31 UTC</createdTime>
<ownerDesignName>NYEC_BPM_Semantic_data_model_diagram</ownerDesignName>
</ColumnProxy>
<ColumnProxy class="oracle.dbtools.crest.model.design.storage.oracle.v11g.ColumnProxyOraclev11g" name="Missing Information Flag" id="4FF750BB-6C3D-F1D3-98A5-4587CF3980F8">
<createdBy>ro38606</createdBy>
<createdTime>2013-05-17 15:13:31 UTC</createdTime>
<ownerDesignName>NYEC_BPM_Semantic_data_model_diagram</ownerDesignName>
</ColumnProxy>
<ColumnProxy class="oracle.dbtools.crest.model.design.storage.oracle.v11g.ColumnProxyOraclev11g" name="Timeliness Status" id="50E92E7B-E5EF-2A38-0420-54D49010FDB2">
<createdBy>ro38606</createdBy>
<createdTime>2013-05-17 15:13:31 UTC</createdTime>
<ownerDesignName>NYEC_BPM_Semantic_data_model_diagram</ownerDesignName>
</ColumnProxy>
<ColumnProxy class="oracle.dbtools.crest.model.design.storage.oracle.v11g.ColumnProxyOraclev11g" name="Research Flag" id="51274C6C-96C8-4188-5B5C-9161D20700DD">
<createdBy>ro38606</createdBy>
<createdTime>2013-05-17 15:13:31 UTC</createdTime>
<ownerDesignName>NYEC_BPM_Semantic_data_model_diagram</ownerDesignName>
</ColumnProxy>
<ColumnProxy class="oracle.dbtools.crest.model.design.storage.oracle.v11g.ColumnProxyOraclev11g" name="Cur Reactivation Reason" id="525519E9-89BF-295C-3390-D0A21BC24058">
<createdBy>ro38606</createdBy>
<createdTime>2013-05-17 15:13:31 UTC</createdTime>
<ownerDesignName>NYEC_BPM_Semantic_data_model_diagram</ownerDesignName>
</ColumnProxy>
<ColumnProxy class="oracle.dbtools.crest.model.design.storage.oracle.v11g.ColumnProxyOraclev11g" name="Perform Research Performed By" id="53444EA5-F67F-EECF-7B72-8A5B8FFDB66A">
<createdBy>ro38606</createdBy>
<createdTime>2013-05-17 15:13:31 UTC</createdTime>
<ownerDesignName>NYEC_BPM_Semantic_data_model_diagram</ownerDesignName>
</ColumnProxy>
<ColumnProxy class="oracle.dbtools.crest.model.design.storage.oracle.v11g.ColumnProxyOraclev11g" name="Cur App Status Group" id="536459B6-42AD-5D8C-7B24-BCB4C7ACD0F9">
<createdBy>ro38606</createdBy>
<createdTime>2013-05-17 15:13:31 UTC</createdTime>
<ownerDesignName>NYEC_BPM_Semantic_data_model_diagram</ownerDesignName>
</ColumnProxy>
<ColumnProxy class="oracle.dbtools.crest.model.design.storage.oracle.v11g.ColumnProxyOraclev11g" name="Process App Info Flag" id="55857587-68A1-E4F5-562A-F15FA0B58261">
<createdBy>ro38606</createdBy>
<createdTime>2013-05-17 15:13:31 UTC</createdTime>
<ownerDesignName>NYEC_BPM_Semantic_data_model_diagram</ownerDesignName>
</ColumnProxy>
<ColumnProxy class="oracle.dbtools.crest.model.design.storage.oracle.v11g.ColumnProxyOraclev11g" name="Cur County" id="56572411-C13B-491A-3CFD-69678315BEE8">
<createdBy>ro38606</createdBy>
<createdTime>2013-05-17 15:13:31 UTC</createdTime>
<ownerDesignName>NYEC_BPM_Semantic_data_model_diagram</ownerDesignName>
</ColumnProxy>
<ColumnProxy class="oracle.dbtools.crest.model.design.storage.oracle.v11g.ColumnProxyOraclev11g" name="Cur HEART Incomplete App Ind" id="56F40D6A-AE6B-B391-064E-C299BF4E5D97">
<createdBy>ro38606</createdBy>
<createdTime>2013-05-17 15:13:31 UTC</createdTime>
<ownerDesignName>NYEC_BPM_Semantic_data_model_diagram</ownerDesignName>
</ColumnProxy>
<ColumnProxy class="oracle.dbtools.crest.model.design.storage.oracle.v11g.ColumnProxyOraclev11g" name="REG_AND_ENTER_DATA_START_DATE" id="57DF767F-99A5-E12E-2F40-B6C31D6DBFA4">
<createdBy>ro38606</createdBy>
<createdTime>2013-05-17 15:13:31 UTC</createdTime>
<ownerDesignName>NYEC_BPM_Semantic_data_model_diagram</ownerDesignName>
</ColumnProxy>
<ColumnProxy class="oracle.dbtools.crest.model.design.storage.oracle.v11g.ColumnProxyOraclev11g" name="MI Received Task Count" id="597CD6F5-FD14-310E-92E3-65A0E7C8F24A">
<createdBy>ro38606</createdBy>
<createdTime>2013-05-17 15:13:31 UTC</createdTime>
<ownerDesignName>NYEC_BPM_Semantic_data_model_diagram</ownerDesignName>
</ColumnProxy>
<ColumnProxy class="oracle.dbtools.crest.model.design.storage.oracle.v11g.ColumnProxyOraclev11g" name="SLA Jeopardy Days" id="5981E649-574F-8D1F-1E87-925639A8B58F">
<createdBy>ro38606</createdBy>
<createdTime>2013-05-17 15:13:31 UTC</createdTime>
<ownerDesignName>NYEC_BPM_Semantic_data_model_diagram</ownerDesignName>
</ColumnProxy>
<ColumnProxy class="oracle.dbtools.crest.model.design.storage.oracle.v11g.ColumnProxyOraclev11g" name="Notify Clnt Pend App Strt Date" id="5A97D69E-6034-C907-1570-FAA0125C542C">
<createdBy>ro38606</createdBy>
<createdTime>2013-05-17 15:13:31 UTC</createdTime>
<ownerDesignName>NYEC_BPM_Semantic_data_model_diagram</ownerDesignName>
</ColumnProxy>
<ColumnProxy class="oracle.dbtools.crest.model.design.storage.oracle.v11g.ColumnProxyOraclev11g" name="Perform QC Flag" id="5CA8F09E-583A-DA2E-57A5-1FC1F68B8447">
<createdBy>ro38606</createdBy>
<createdTime>2013-05-17 15:13:31 UTC</createdTime>
<ownerDesignName>NYEC_BPM_Semantic_data_model_diagram</ownerDesignName>
</ColumnProxy>
<ColumnProxy class="oracle.dbtools.crest.model.design.storage.oracle.v11g.ColumnProxyOraclev11g" name="Cur Reactivation Number" id="62885EE4-8B36-1C30-4CE4-A1F52BBA23F1">
<createdBy>ro38606</createdBy>
<createdTime>2013-05-17 15:13:31 UTC</createdTime>
<ownerDesignName>NYEC_BPM_Semantic_data_model_diagram</ownerDesignName>
</ColumnProxy>
<ColumnProxy class="oracle.dbtools.crest.model.design.storage.oracle.v11g.ColumnProxyOraclev11g" name="APPLICANT_ID" id="62B1844C-13EB-BD54-2324-090028827858">
<createdBy>ro38606</createdBy>
<createdTime>2013-05-17 15:13:31 UTC</createdTime>
<ownerDesignName>NYEC_BPM_Semantic_data_model_diagram</ownerDesignName>
</ColumnProxy>
<ColumnProxy class="oracle.dbtools.crest.model.design.storage.oracle.v11g.ColumnProxyOraclev11g" name="Perform Research Date" id="63284631-1A2F-518B-C104-08BDB6853D38">
<createdBy>ro38606</createdBy>
<createdTime>2013-05-17 15:13:31 UTC</createdTime>
<ownerDesignName>NYEC_BPM_Semantic_data_model_diagram</ownerDesignName>
</ColumnProxy>
<ColumnProxy class="oracle.dbtools.crest.model.design.storage.oracle.v11g.ColumnProxyOraclev11g" name="New MI Flag" id="65F5907F-8FF9-62CA-4F81-0C64CB8CA14A">
<createdBy>ro38606</createdBy>
<createdTime>2013-05-17 15:13:31 UTC</createdTime>
<ownerDesignName>NYEC_BPM_Semantic_data_model_diagram</ownerDesignName>
</ColumnProxy>
<ColumnProxy class="oracle.dbtools.crest.model.design.storage.oracle.v11g.ColumnProxyOraclev11g" name="Cur Outcome Notif Req Flag" id="66064E06-3098-78D6-FF2E-A8EC939A9E45">
<createdBy>ro38606</createdBy>
<createdTime>2013-05-17 15:13:31 UTC</createdTime>
<ownerDesignName>NYEC_BPM_Semantic_data_model_diagram</ownerDesignName>
</ColumnProxy>
<ColumnProxy class="oracle.dbtools.crest.model.design.storage.oracle.v11g.ColumnProxyOraclev11g" name="REG_AND_ENTER_DATA_PERFORM_BY" id="6791FA0F-ABA8-4CB1-1189-FBC2CD9D6DCA">
<createdBy>ro38606</createdBy>
<createdTime>2013-05-17 15:13:31 UTC</createdTime>
<ownerDesignName>NYEC_BPM_Semantic_data_model_diagram</ownerDesignName>
</ColumnProxy>
<ColumnProxy class="oracle.dbtools.crest.model.design.storage.oracle.v11g.ColumnProxyOraclev11g" name="QC_REGISTRATION_TASK_ID" id="680A5C67-33AD-AB11-F535-E1D6FACC24D4">
<createdBy>ro38606</createdBy>
<createdTime>2013-05-17 15:13:31 UTC</createdTime>
<ownerDesignName>NYEC_BPM_Semantic_data_model_diagram</ownerDesignName>
</ColumnProxy>
<ColumnProxy class="oracle.dbtools.crest.model.design.storage.oracle.v11g.ColumnProxyOraclev11g" name="Reverse Clearance Outcome" id="68D2CC28-88C4-B4D3-3FA8-4DCAF80C4BFD">
<createdBy>ro38606</createdBy>
<createdTime>2013-05-17 15:13:31 UTC</createdTime>
<ownerDesignName>NYEC_BPM_Semantic_data_model_diagram</ownerDesignName>
</ColumnProxy>
<ColumnProxy class="oracle.dbtools.crest.model.design.storage.oracle.v11g.ColumnProxyOraclev11g" name="QC Required Flag" id="6A333793-E79E-7BB4-C18D-D8DA19642DC6">
<createdBy>ro38606</createdBy>
<createdTime>2013-05-17 15:13:31 UTC</createdTime>
<ownerDesignName>NYEC_BPM_Semantic_data_model_diagram</ownerDesignName>
</ColumnProxy>
<ColumnProxy class="oracle.dbtools.crest.model.design.storage.oracle.v11g.ColumnProxyOraclev11g" name="Auto Reprocess Flag" id="6F68F597-164A-8306-1170-3820CD143303">
<createdBy>ro38606</createdBy>
<createdTime>2013-05-17 15:13:31 UTC</createdTime>
<ownerDesignName>NYEC_BPM_Semantic_data_model_diagram</ownerDesignName>
</ColumnProxy>
<ColumnProxy class="oracle.dbtools.crest.model.design.storage.oracle.v11g.ColumnProxyOraclev11g" name="Wait State Approval Prfrmd By" id="70B30045-9EEC-D988-CE3D-3A24B10F4B9E">
<createdBy>ro38606</createdBy>
<createdTime>2013-05-17 15:13:31 UTC</createdTime>
<ownerDesignName>NYEC_BPM_Semantic_data_model_diagram</ownerDesignName>
</ColumnProxy>
<ColumnProxy class="oracle.dbtools.crest.model.design.storage.oracle.v11g.ColumnProxyOraclev11g" name="Outcome Letter Send Date" id="714EF7E2-AAE6-89DB-2A40-48BD3295D8ED">
<createdBy>ro38606</createdBy>
<createdTime>2013-05-17 15:13:31 UTC</createdTime>
<ownerDesignName>NYEC_BPM_Semantic_data_model_diagram</ownerDesignName>
</ColumnProxy>
<ColumnProxy class="oracle.dbtools.crest.model.design.storage.oracle.v11g.ColumnProxyOraclev11g" name="Age in Calendar Days" id="73562112-A817-2447-52A8-13D978843B87">
<createdBy>ro38606</createdBy>
<createdTime>2013-05-17 15:13:31 UTC</createdTime>
<ownerDesignName>NYEC_BPM_Semantic_data_model_diagram</ownerDesignName>
</ColumnProxy>
<ColumnProxy class="oracle.dbtools.crest.model.design.storage.oracle.v11g.ColumnProxyOraclev11g" name="Close App Performed By" id="78B320C2-3317-B172-C078-A946D1B1AC0F">
<createdBy>ro38606</createdBy>
<createdTime>2013-05-17 15:13:31 UTC</createdTime>
<ownerDesignName>NYEC_BPM_Semantic_data_model_diagram</ownerDesignName>
</ColumnProxy>
<ColumnProxy class="oracle.dbtools.crest.model.design.storage.oracle.v11g.ColumnProxyOraclev11g" name="Cancel App Flag" id="7D081544-041D-507E-A4BA-FDD993ACE0C5">
<createdBy>ro38606</createdBy>
<createdTime>2013-05-17 15:13:31 UTC</createdTime>
<ownerDesignName>NYEC_BPM_Semantic_data_model_diagram</ownerDesignName>
</ColumnProxy>
<ColumnProxy class="oracle.dbtools.crest.model.design.storage.oracle.v11g.ColumnProxyOraclev11g" name="Perform Research Start Date" id="7F1018D9-4DD8-D692-4082-CE7E22CA0AFB">
<createdBy>ro38606</createdBy>
<createdTime>2013-05-17 15:13:31 UTC</createdTime>
<ownerDesignName>NYEC_BPM_Semantic_data_model_diagram</ownerDesignName>
</ColumnProxy>
<ColumnProxy class="oracle.dbtools.crest.model.design.storage.oracle.v11g.ColumnProxyOraclev11g" name="Days To Timeout" id="82DBF734-23EC-C58B-AD34-48EE606EFEF4">
<createdBy>ro38606</createdBy>
<createdTime>2013-05-17 15:13:31 UTC</createdTime>
<ownerDesignName>NYEC_BPM_Semantic_data_model_diagram</ownerDesignName>
</ColumnProxy>
<ColumnProxy class="oracle.dbtools.crest.model.design.storage.oracle.v11g.ColumnProxyOraclev11g" name="PERFORM_QC_REG_START_DATE" id="848E4E40-B580-FCCB-4527-95DDD3B8A552">
<createdBy>ro38606</createdBy>
<createdTime>2013-05-17 15:13:31 UTC</createdTime>
<ownerDesignName>NYEC_BPM_Semantic_data_model_diagram</ownerDesignName>
</ColumnProxy>
<ColumnProxy class="oracle.dbtools.crest.model.design.storage.oracle.v11g.ColumnProxyOraclev11g" name="Cur Refer to LDSS Flag" id="880F663B-FED5-206C-557A-4D2DEB3EF4CE">
<createdBy>ro38606</createdBy>
<createdTime>2013-05-17 15:13:31 UTC</createdTime>
<ownerDesignName>NYEC_BPM_Semantic_data_model_diagram</ownerDesignName>
</ColumnProxy>
<ColumnProxy class="oracle.dbtools.crest.model.design.storage.oracle.v11g.ColumnProxyOraclev11g" name="Cur Outcome Letter Status" id="8D332387-65E3-FFBD-C4AF-6504E0E80783">
<createdBy>ro38606</createdBy>
<createdTime>2013-05-17 15:13:31 UTC</createdTime>
<ownerDesignName>NYEC_BPM_Semantic_data_model_diagram</ownerDesignName>
</ColumnProxy>
<ColumnProxy class="oracle.dbtools.crest.model.design.storage.oracle.v11g.ColumnProxyOraclev11g" name="CUR_MA_REASON" id="8E3B8980-1A88-44B1-CF45-BD549902F110">
<createdBy>ro38606</createdBy>
<createdTime>2013-05-17 15:13:31 UTC</createdTime>
<ownerDesignName>NYEC_BPM_Semantic_data_model_diagram</ownerDesignName>
</ColumnProxy>
<ColumnProxy class="oracle.dbtools.crest.model.design.storage.oracle.v11g.ColumnProxyOraclev11g" name="Cur HEART Case Status" id="8F74A97D-9F16-2FF6-D0BD-EB5D945B2371">
<createdBy>ro38606</createdBy>
<createdTime>2013-05-17 15:13:31 UTC</createdTime>
<ownerDesignName>NYEC_BPM_Semantic_data_model_diagram</ownerDesignName>
</ColumnProxy>
<ColumnProxy class="oracle.dbtools.crest.model.design.storage.oracle.v11g.ColumnProxyOraclev11g" name="Data Entry Task ID" id="95B92A80-FBBC-CACD-4D6E-94C377193103">
<createdBy>ro38606</createdBy>
<createdTime>2013-05-17 15:13:31 UTC</createdTime>
<ownerDesignName>NYEC_BPM_Semantic_data_model_diagram</ownerDesignName>
</ColumnProxy>
<ColumnProxy class="oracle.dbtools.crest.model.design.storage.oracle.v11g.ColumnProxyOraclev11g" name="Wait State Approval Flag" id="963F8BC0-966D-E642-B056-7937695DB8F3">
<createdBy>ro38606</createdBy>
<createdTime>2013-05-17 15:13:31 UTC</createdTime>
<ownerDesignName>NYEC_BPM_Semantic_data_model_diagram</ownerDesignName>
</ColumnProxy>
<ColumnProxy class="oracle.dbtools.crest.model.design.storage.oracle.v11g.ColumnProxyOraclev11g" name="APP_RECEIPT_AGE_IN_CAL_DAYS" id="9ABC9AC8-1F8B-ABE7-6B8D-CB0BA4E6CD11">
<createdBy>ro38606</createdBy>
<createdTime>2013-05-17 15:13:31 UTC</createdTime>
<ownerDesignName>NYEC_BPM_Semantic_data_model_diagram</ownerDesignName>
<defaultValue>0</defaultValue>
</ColumnProxy>
<ColumnProxy class="oracle.dbtools.crest.model.design.storage.oracle.v11g.ColumnProxyOraclev11g" name="Review Enter Data Start Date" id="9C14D8BA-F3B6-759C-49A0-1AC8BADC56E8">
<createdBy>ro38606</createdBy>
<createdTime>2013-05-17 15:13:31 UTC</createdTime>
<ownerDesignName>NYEC_BPM_Semantic_data_model_diagram</ownerDesignName>
</ColumnProxy>
<ColumnProxy class="oracle.dbtools.crest.model.design.storage.oracle.v11g.ColumnProxyOraclev11g" name="Cur Reactivated By" id="9C91EFCC-029D-4098-C24C-6F1B069E1BA4">
<createdBy>ro38606</createdBy>
<createdTime>2013-05-17 15:13:31 UTC</createdTime>
<ownerDesignName>NYEC_BPM_Semantic_data_model_diagram</ownerDesignName>
</ColumnProxy>
<ColumnProxy class="oracle.dbtools.crest.model.design.storage.oracle.v11g.ColumnProxyOraclev11g" name="Process App Info Performed By" id="9CC054EF-F168-28D6-F553-0BC298B485A4">
<createdBy>ro38606</createdBy>
<createdTime>2013-05-17 15:13:31 UTC</createdTime>
<ownerDesignName>NYEC_BPM_Semantic_data_model_diagram</ownerDesignName>
</ColumnProxy>
<ColumnProxy class="oracle.dbtools.crest.model.design.storage.oracle.v11g.ColumnProxyOraclev11g" name="Pend Notification Rqrd Flag" id="9F300CC6-25DB-BCD1-BA9C-018010C33436">
<createdBy>ro38606</createdBy>
<createdTime>2013-05-17 15:13:31 UTC</createdTime>
<ownerDesignName>NYEC_BPM_Semantic_data_model_diagram</ownerDesignName>
</ColumnProxy>
<ColumnProxy class="oracle.dbtools.crest.model.design.storage.oracle.v11g.ColumnProxyOraclev11g" name="SLA Target Days" id="A11227D8-CA49-704D-EBCA-FFA240409A6C">
<createdBy>ro38606</createdBy>
<createdTime>2013-05-17 15:13:31 UTC</createdTime>
<ownerDesignName>NYEC_BPM_Semantic_data_model_diagram</ownerDesignName>
</ColumnProxy>
<ColumnProxy class="oracle.dbtools.crest.model.design.storage.oracle.v11g.ColumnProxyOraclev11g" name="Provider Name" id="A21E4F32-1D29-DFB4-0505-16AA7BB2F3A4">
<createdBy>ro38606</createdBy>
<createdTime>2013-05-17 15:13:31 UTC</createdTime>
<ownerDesignName>NYEC_BPM_Semantic_data_model_diagram</ownerDesignName>
</ColumnProxy>
<ColumnProxy class="oracle.dbtools.crest.model.design.storage.oracle.v11g.ColumnProxyOraclev11g" name="PERFORM_QC_REG_DATE" id="A66B5FD5-A694-75CC-E1DD-91A5478DB654">
<createdBy>ro38606</createdBy>
<createdTime>2013-05-17 15:13:31 UTC</createdTime>
<ownerDesignName>NYEC_BPM_Semantic_data_model_diagram</ownerDesignName>
</ColumnProxy>
<ColumnProxy class="oracle.dbtools.crest.model.design.storage.oracle.v11g.ColumnProxyOraclev11g" name="Cur Mode Label" id="ACD7D60A-C1A4-852F-E8AF-BF611CBEE4DF">
<createdBy>ro38606</createdBy>
<createdTime>2013-05-17 15:13:31 UTC</createdTime>
<ownerDesignName>NYEC_BPM_Semantic_data_model_diagram</ownerDesignName>
</ColumnProxy>
<ColumnProxy class="oracle.dbtools.crest.model.design.storage.oracle.v11g.ColumnProxyOraclev11g" name="Review Enter Data Performed By" id="ACFBCFE5-D0CD-1F42-3E29-7D58AD35055D">
<createdBy>ro38606</createdBy>
<createdTime>2013-05-17 15:13:31 UTC</createdTime>
<ownerDesignName>NYEC_BPM_Semantic_data_model_diagram</ownerDesignName>
</ColumnProxy>
<ColumnProxy class="oracle.dbtools.crest.model.design.storage.oracle.v11g.ColumnProxyOraclev11g" name="Cancel Date" id="AD3DF16B-5CD9-5C76-A991-DA2356A0C598">
<createdBy>ro38606</createdBy>
<createdTime>2013-05-17 15:13:31 UTC</createdTime>
<ownerDesignName>NYEC_BPM_Semantic_data_model_diagram</ownerDesignName>
</ColumnProxy>
<ColumnProxy class="oracle.dbtools.crest.model.design.storage.oracle.v11g.ColumnProxyOraclev11g" name="SLA Days" id="AE43EA2F-7E5B-87C1-E013-93D6DD2E0D48">
<createdBy>ro38606</createdBy>
<createdTime>2013-05-17 15:13:31 UTC</createdTime>
<ownerDesignName>NYEC_BPM_Semantic_data_model_diagram</ownerDesignName>
</ColumnProxy>
<ColumnProxy class="oracle.dbtools.crest.model.design.storage.oracle.v11g.ColumnProxyOraclev11g" name="KPR App Cycle Business Days" id="B1A00605-3397-1574-2478-CB6A670D06A4">
<createdBy>ro38606</createdBy>
<createdTime>2013-05-17 15:13:31 UTC</createdTime>
<ownerDesignName>NYEC_BPM_Semantic_data_model_diagram</ownerDesignName>
</ColumnProxy>
<ColumnProxy class="oracle.dbtools.crest.model.design.storage.oracle.v11g.ColumnProxyOraclev11g" name="Notify Clnt Pend App Prfrmd By" id="B5205F13-43FA-6713-8525-C4166BFB68DC">
<createdBy>ro38606</createdBy>
<createdTime>2013-05-17 15:13:31 UTC</createdTime>
<ownerDesignName>NYEC_BPM_Semantic_data_model_diagram</ownerDesignName>
</ColumnProxy>
<ColumnProxy class="oracle.dbtools.crest.model.design.storage.oracle.v11g.ColumnProxyOraclev11g" name="REG_ENTER_DATA_DT" id="BB74E326-91BE-4B4D-C84D-EAE3B867DAE2">
<createdBy>ro38606</createdBy>
<createdTime>2013-05-17 15:13:31 UTC</createdTime>
<ownerDesignName>NYEC_BPM_Semantic_data_model_diagram</ownerDesignName>
</ColumnProxy>
<ColumnProxy class="oracle.dbtools.crest.model.design.storage.oracle.v11g.ColumnProxyOraclev11g" name="Upstate/Downstate Indictr" id="BEEE341A-E514-626F-0BF9-259989C82712">
<createdBy>ro38606</createdBy>
<createdTime>2013-05-17 15:13:31 UTC</createdTime>
<ownerDesignName>NYEC_BPM_Semantic_data_model_diagram</ownerDesignName>
</ColumnProxy>
<ColumnProxy class="oracle.dbtools.crest.model.design.storage.oracle.v11g.ColumnProxyOraclev11g" name="Application ID" id="C0D06DD3-392A-02B1-0E0D-842E76D51085">
<createdBy>ro38606</createdBy>
<createdTime>2013-05-17 15:13:31 UTC</createdTime>
<ownerDesignName>NYEC_BPM_Semantic_data_model_diagram</ownerDesignName>
</ColumnProxy>
<ColumnProxy class="oracle.dbtools.crest.model.design.storage.oracle.v11g.ColumnProxyOraclev11g" name="Close App Flag" id="C2306650-E195-1B97-963E-A1EE3F34D62E">
<createdBy>ro38606</createdBy>
<createdTime>2013-05-17 15:13:31 UTC</createdTime>
<ownerDesignName>NYEC_BPM_Semantic_data_model_diagram</ownerDesignName>
</ColumnProxy>
<ColumnProxy class="oracle.dbtools.crest.model.design.storage.oracle.v11g.ColumnProxyOraclev11g" name="Cur Stop Application Reason" id="C5C41F53-0123-7937-64D7-47593F005942">
<createdBy>ro38606</createdBy>
<createdTime>2013-05-17 15:13:31 UTC</createdTime>
<ownerDesignName>NYEC_BPM_Semantic_data_model_diagram</ownerDesignName>
</ColumnProxy>
<ColumnProxy class="oracle.dbtools.crest.model.design.storage.oracle.v11g.ColumnProxyOraclev11g" name="Application Type" id="C65E50F6-CFEF-FB56-F9EC-C3024FA501FD">
<createdBy>ro38606</createdBy>
<createdTime>2013-05-17 15:13:31 UTC</createdTime>
<ownerDesignName>NYEC_BPM_Semantic_data_model_diagram</ownerDesignName>
</ColumnProxy>
<ColumnProxy class="oracle.dbtools.crest.model.design.storage.oracle.v11g.ColumnProxyOraclev11g" name="Research Task ID" id="CB5A2338-6B45-75BA-0CD9-1A9450A06148">
<createdBy>ro38606</createdBy>
<createdTime>2013-05-17 15:13:31 UTC</createdTime>
<ownerDesignName>NYEC_BPM_Semantic_data_model_diagram</ownerDesignName>
</ColumnProxy>
<ColumnProxy class="oracle.dbtools.crest.model.design.storage.oracle.v11g.ColumnProxyOraclev11g" name="Channel" id="D083F5FB-52DD-249F-BCC4-72F335EDB4CC">
<createdBy>ro38606</createdBy>
<createdTime>2013-05-17 15:13:31 UTC</createdTime>
<ownerDesignName>NYEC_BPM_Semantic_data_model_diagram</ownerDesignName>
</ColumnProxy>
<ColumnProxy class="oracle.dbtools.crest.model.design.storage.oracle.v11g.ColumnProxyOraclev11g" name="State Review Task Count" id="D13C2400-79A8-71C6-C7FF-C27C237441C2">
<createdBy>ro38606</createdBy>
<createdTime>2013-05-17 15:13:31 UTC</createdTime>
<ownerDesignName>NYEC_BPM_Semantic_data_model_diagram</ownerDesignName>
</ColumnProxy>
<ColumnProxy class="oracle.dbtools.crest.model.design.storage.oracle.v11g.ColumnProxyOraclev11g" name="Cur HEART App Status" id="D3E828FD-12E7-BA9C-5F90-EB48A18E1AF7">
<createdBy>ro38606</createdBy>
<createdTime>2013-05-17 15:13:31 UTC</createdTime>
<ownerDesignName>NYEC_BPM_Semantic_data_model_diagram</ownerDesignName>
</ColumnProxy>
<ColumnProxy class="oracle.dbtools.crest.model.design.storage.oracle.v11g.ColumnProxyOraclev11g" name="Perform QC Performed By" id="D3ED758D-C7AB-4416-B3AC-268055072016">
<createdBy>ro38606</createdBy>
<createdTime>2013-05-17 15:13:31 UTC</createdTime>
<ownerDesignName>NYEC_BPM_Semantic_data_model_diagram</ownerDesignName>
</ColumnProxy>
<ColumnProxy class="oracle.dbtools.crest.model.design.storage.oracle.v11g.ColumnProxyOraclev11g" name="Receive and Process MI Flag" id="D61F9C68-F1D1-BB42-F658-1399D83BB7BB">
<createdBy>ro38606</createdBy>
<createdTime>2013-05-17 15:13:31 UTC</createdTime>
<ownerDesignName>NYEC_BPM_Semantic_data_model_diagram</ownerDesignName>
</ColumnProxy>
<ColumnProxy class="oracle.dbtools.crest.model.design.storage.oracle.v11g.ColumnProxyOraclev11g" name="App Complete Result" id="DA2CD26A-A22B-95C4-2B06-33880D5820DE">
<createdBy>ro38606</createdBy>
<createdTime>2013-05-17 15:13:31 UTC</createdTime>
<ownerDesignName>NYEC_BPM_Semantic_data_model_diagram</ownerDesignName>
</ColumnProxy>
<ColumnProxy class="oracle.dbtools.crest.model.design.storage.oracle.v11g.ColumnProxyOraclev11g" name="QC Outcome Flag" id="DE6B03C3-8424-CF6A-94A9-53B0FAA85420">
<createdBy>ro38606</createdBy>
<createdTime>2013-05-17 15:13:31 UTC</createdTime>
<ownerDesignName>NYEC_BPM_Semantic_data_model_diagram</ownerDesignName>
</ColumnProxy>
<ColumnProxy class="oracle.dbtools.crest.model.design.storage.oracle.v11g.ColumnProxyOraclev11g" name="PROVIDER_ID" id="E012039C-265E-9CAF-36D0-AAAB318C5191">
<createdBy>ro38606</createdBy>
<createdTime>2013-05-17 15:13:31 UTC</createdTime>
<ownerDesignName>NYEC_BPM_Semantic_data_model_diagram</ownerDesignName>
</ColumnProxy>
<ColumnProxy class="oracle.dbtools.crest.model.design.storage.oracle.v11g.ColumnProxyOraclev11g" name="Cur HEART Synch Flag" id="E35A04FC-69B8-C7E2-0F55-E53BDF42C562">
<createdBy>ro38606</createdBy>
<createdTime>2013-05-17 15:13:31 UTC</createdTime>
<ownerDesignName>NYEC_BPM_Semantic_data_model_diagram</ownerDesignName>
</ColumnProxy>
<ColumnProxy class="oracle.dbtools.crest.model.design.storage.oracle.v11g.ColumnProxyOraclev11g" name="App Age in Calendar Days" id="E65C54DC-79DF-EB43-921D-CFF502C23D9D">
<createdBy>ro38606</createdBy>
<createdTime>2013-05-17 15:13:31 UTC</createdTime>
<ownerDesignName>NYEC_BPM_Semantic_data_model_diagram</ownerDesignName>
</ColumnProxy>
<ColumnProxy class="oracle.dbtools.crest.model.design.storage.oracle.v11g.ColumnProxyOraclev11g" name="Complete Date" id="E6EC04FC-59F0-4847-72CA-E0F7D52E2F90">
<createdBy>ro38606</createdBy>
<createdTime>2013-05-17 15:13:31 UTC</createdTime>
<ownerDesignName>NYEC_BPM_Semantic_data_model_diagram</ownerDesignName>
</ColumnProxy>
<ColumnProxy class="oracle.dbtools.crest.model.design.storage.oracle.v11g.ColumnProxyOraclev11g" name="QC Task ID" id="E739EF6F-4265-E7A5-1597-A97EC66A0719">
<createdBy>ro38606</createdBy>
<createdTime>2013-05-17 15:13:31 UTC</createdTime>
<ownerDesignName>NYEC_BPM_Semantic_data_model_diagram</ownerDesignName>
</ColumnProxy>
<ColumnProxy class="oracle.dbtools.crest.model.design.storage.oracle.v11g.ColumnProxyOraclev11g" name="PERFORM_QC_REG_PERFORMED_BY" id="E7DBB6F5-C28B-9360-9E6C-E6F5A1C8F9D8">
<createdBy>ro38606</createdBy>
<createdTime>2013-05-17 15:13:31 UTC</createdTime>
<ownerDesignName>NYEC_BPM_Semantic_data_model_diagram</ownerDesignName>
</ColumnProxy>
<ColumnProxy class="oracle.dbtools.crest.model.design.storage.oracle.v11g.ColumnProxyOraclev11g" name="KPR App Cycle Calendar Days" id="E8803C88-D92D-76CF-97EA-B6A252EF18CE">
<createdBy>ro38606</createdBy>
<createdTime>2013-05-17 15:13:31 UTC</createdTime>
<ownerDesignName>NYEC_BPM_Semantic_data_model_diagram</ownerDesignName>
</ColumnProxy>
<ColumnProxy class="oracle.dbtools.crest.model.design.storage.oracle.v11g.ColumnProxyOraclev11g" name="Reverse Clearance Indictr" id="E9A9F390-3A6F-E12A-4406-7FFD92BA1914">
<createdBy>ro38606</createdBy>
<createdTime>2013-05-17 15:13:31 UTC</createdTime>
<ownerDesignName>NYEC_BPM_Semantic_data_model_diagram</ownerDesignName>
</ColumnProxy>
<ColumnProxy class="oracle.dbtools.crest.model.design.storage.oracle.v11g.ColumnProxyOraclev11g" name="Review Enter Data Flag" id="EA8D5FB6-4774-0612-2B33-68708702E2A8">
<createdBy>ro38606</createdBy>
<createdTime>2013-05-17 15:13:31 UTC</createdTime>
<ownerDesignName>NYEC_BPM_Semantic_data_model_diagram</ownerDesignName>
</ColumnProxy>
<ColumnProxy class="oracle.dbtools.crest.model.design.storage.oracle.v11g.ColumnProxyOraclev11g" name="Cur Reactivation Indicator" id="EC8E8442-08BA-5FF5-0C69-0971BDB28711">
<createdBy>ro38606</createdBy>
<createdTime>2013-05-17 15:13:31 UTC</createdTime>
<ownerDesignName>NYEC_BPM_Semantic_data_model_diagram</ownerDesignName>
</ColumnProxy>
<ColumnProxy class="oracle.dbtools.crest.model.design.storage.oracle.v11g.ColumnProxyOraclev11g" name="Research Reason" id="ECD41167-A7EB-7F0D-74C3-3CBF97C6BEB6">
<createdBy>ro38606</createdBy>
<createdTime>2013-05-17 15:13:31 UTC</createdTime>
<ownerDesignName>NYEC_BPM_Semantic_data_model_diagram</ownerDesignName>
</ColumnProxy>
<ColumnProxy class="oracle.dbtools.crest.model.design.storage.oracle.v11g.ColumnProxyOraclev11g" name="Outcome Notif Req Gateway Flag" id="ED8EEFA3-CF0F-2078-91EC-5B9ACA17DB9E">
<createdBy>ro38606</createdBy>
<createdTime>2013-05-17 15:13:31 UTC</createdTime>
<ownerDesignName>NYEC_BPM_Semantic_data_model_diagram</ownerDesignName>
</ColumnProxy>
<ColumnProxy class="oracle.dbtools.crest.model.design.storage.oracle.v11g.ColumnProxyOraclev11g" name="Notify Clnt Pend App Date" id="F69536B7-0B43-F2CD-70D0-19629C8B76E2">
<createdBy>ro38606</createdBy>
<createdTime>2013-05-17 15:13:31 UTC</createdTime>
<ownerDesignName>NYEC_BPM_Semantic_data_model_diagram</ownerDesignName>
</ColumnProxy>
<ColumnProxy class="oracle.dbtools.crest.model.design.storage.oracle.v11g.ColumnProxyOraclev11g" name="Perform QC Start Date" id="F6C222EB-DE5A-8843-5071-7BE69C9097B8">
<createdBy>ro38606</createdBy>
<createdTime>2013-05-17 15:13:31 UTC</createdTime>
<ownerDesignName>NYEC_BPM_Semantic_data_model_diagram</ownerDesignName>
</ColumnProxy>
<ColumnProxy class="oracle.dbtools.crest.model.design.storage.oracle.v11g.ColumnProxyOraclev11g" name="Create Date" id="F7491036-C4D7-62C7-916D-08A3368FB71D">
<createdBy>ro38606</createdBy>
<createdTime>2013-05-17 15:13:31 UTC</createdTime>
<ownerDesignName>NYEC_BPM_Semantic_data_model_diagram</ownerDesignName>
</ColumnProxy>
<ColumnProxy class="oracle.dbtools.crest.model.design.storage.oracle.v11g.ColumnProxyOraclev11g" name="Complete App Flag" id="FA4F2E89-988D-356F-B233-22A8F11605D0">
<createdBy>ro38606</createdBy>
<createdTime>2013-05-17 15:13:31 UTC</createdTime>
<ownerDesignName>NYEC_BPM_Semantic_data_model_diagram</ownerDesignName>
</ColumnProxy>
<ColumnProxy class="oracle.dbtools.crest.model.design.storage.oracle.v11g.ColumnProxyOraclev11g" name="Cur Workflow Reactivation Ind" id="FDECE7F6-1E44-3776-40E6-A93934F505F1">
<createdBy>ro38606</createdBy>
<createdTime>2013-05-17 15:13:31 UTC</createdTime>
<ownerDesignName>NYEC_BPM_Semantic_data_model_diagram</ownerDesignName>
</ColumnProxy>
<ColumnProxy class="oracle.dbtools.crest.model.design.storage.oracle.v11g.ColumnProxyOraclev11g" name="CIN Date" id="FE561F89-D547-BAD6-5590-8794EA0A30F6">
<createdBy>ro38606</createdBy>
<createdTime>2013-05-17 15:13:31 UTC</createdTime>
<ownerDesignName>NYEC_BPM_Semantic_data_model_diagram</ownerDesignName>
</ColumnProxy>
</columnProxies>
<primaryKeys>
<PrimaryKey class="oracle.dbtools.crest.model.design.storage.oracle.v10g.PKProxyOraclev10g" name="D_NYEC_PA_CURRENTv1_PK" id="73C67321-D7F6-A76F-548E-94A4AFCAF95E">
<createdBy>ro38606</createdBy>
<createdTime>2013-05-17 15:13:31 UTC</createdTime>
<ownerDesignName>NYEC_BPM_Semantic_data_model_diagram</ownerDesignName>
<sortedRows>SORTED</sortedRows>
<indexSort>SORTED</indexSort>
</PrimaryKey>
</primaryKeys>
</TableProxyOraclev11g>