<?xml version = '1.0' encoding = 'UTF-8'?>
<StructuredType class="oracle.dbtools.crest.model.design.datatypes.StructuredType" name="XMLTYPE" directorySegmentName="seg_0" id="F72C39E0-D1CA-8821-2AD7-A1E95A37D3D1">
<createdBy>50472</createdBy>
<createdTime>2014-11-20 22:41:00 UTC</createdTime>
<ownerDesignName>UK_HWS_Assessments_data_model_diagram12172014</ownerDesignName>
<visible>false</visible>
<predefined>true</predefined>
<final>false</final>
<instantiable>true</instantiable>
</StructuredType>