<?xml version = '1.0' encoding = 'UTF-8'?>
<TableProxyOraclev11g class="oracle.dbtools.crest.model.design.storage.oracle.v11g.TableProxyOraclev11g" name="D_NYEC_SR_STATE_REV_TASK" id="05AC3BD2-CD87-27ED-BD57-D08D2A22D3F5" directorySegmentName="seg_0">
<createdBy>ro38606</createdBy>
<createdTime>2013-05-07 18:36:20 UTC</createdTime>
<ownerDesignName>NYEC_BPM_Semantic_data_model_diagram</ownerDesignName>
<logging>YES</logging>
<columnProxies>
<ColumnProxy class="oracle.dbtools.crest.model.design.storage.oracle.v11g.ColumnProxyOraclev11g" name="Current Group Name" id="02B71EAF-780B-40DD-616B-9D01652C7C1A">
<createdBy>ro38606</createdBy>
<createdTime>2013-05-07 18:36:20 UTC</createdTime>
<ownerDesignName>NYEC_BPM_Semantic_data_model_diagram</ownerDesignName>
</ColumnProxy>
<ColumnProxy class="oracle.dbtools.crest.model.design.storage.oracle.v11g.ColumnProxyOraclev11g" name="Current Escalated To Name" id="049E1049-214E-083A-2E91-1F84D66843B5">
<createdBy>ro38606</createdBy>
<createdTime>2013-05-07 18:36:20 UTC</createdTime>
<ownerDesignName>NYEC_BPM_Semantic_data_model_diagram</ownerDesignName>
</ColumnProxy>
<ColumnProxy class="oracle.dbtools.crest.model.design.storage.oracle.v11g.ColumnProxyOraclev11g" name="SLA Days" id="04FDB2F0-F89B-74B0-7656-45D44FDC0DCA">
<createdBy>ro38606</createdBy>
<createdTime>2013-05-07 18:36:20 UTC</createdTime>
<ownerDesignName>NYEC_BPM_Semantic_data_model_diagram</ownerDesignName>
</ColumnProxy>
<ColumnProxy class="oracle.dbtools.crest.model.design.storage.oracle.v11g.ColumnProxyOraclev11g" name="Source Reference ID" id="056512FF-083D-793B-BFD7-7B5A2C56A1D7">
<createdBy>ro38606</createdBy>
<createdTime>2013-05-07 18:36:20 UTC</createdTime>
<ownerDesignName>NYEC_BPM_Semantic_data_model_diagram</ownerDesignName>
</ColumnProxy>
<ColumnProxy class="oracle.dbtools.crest.model.design.storage.oracle.v11g.ColumnProxyOraclev11g" name="Current Owner Name" id="10A75D5E-94BB-B74C-95AE-9F6EA0DC359A">
<createdBy>ro38606</createdBy>
<createdTime>2013-05-07 18:36:20 UTC</createdTime>
<ownerDesignName>NYEC_BPM_Semantic_data_model_diagram</ownerDesignName>
</ColumnProxy>
<ColumnProxy class="oracle.dbtools.crest.model.design.storage.oracle.v11g.ColumnProxyOraclev11g" name="Jeopardy Flag" id="17831FF8-82AA-1112-7415-F9D4896D7EEE">
<createdBy>ro38606</createdBy>
<createdTime>2013-05-07 18:36:20 UTC</createdTime>
<ownerDesignName>NYEC_BPM_Semantic_data_model_diagram</ownerDesignName>
</ColumnProxy>
<ColumnProxy class="oracle.dbtools.crest.model.design.storage.oracle.v11g.ColumnProxyOraclev11g" name="Current Task Type" id="1BF7A649-723E-4A13-A1E1-E1D0C936358A">
<createdBy>ro38606</createdBy>
<createdTime>2013-05-07 18:36:20 UTC</createdTime>
<ownerDesignName>NYEC_BPM_Semantic_data_model_diagram</ownerDesignName>
</ColumnProxy>
<ColumnProxy class="oracle.dbtools.crest.model.design.storage.oracle.v11g.ColumnProxyOraclev11g" name="Source Reference Type" id="1EF5A865-D2A1-C9F5-343F-1D54C0C5D7F1">
<createdBy>ro38606</createdBy>
<createdTime>2013-05-07 18:36:20 UTC</createdTime>
<ownerDesignName>NYEC_BPM_Semantic_data_model_diagram</ownerDesignName>
</ColumnProxy>
<ColumnProxy class="oracle.dbtools.crest.model.design.storage.oracle.v11g.ColumnProxyOraclev11g" name="Unit of Work" id="2B019FE1-B2A7-B517-33D2-3713FDA03BA5">
<createdBy>ro38606</createdBy>
<createdTime>2013-05-07 18:36:20 UTC</createdTime>
<ownerDesignName>NYEC_BPM_Semantic_data_model_diagram</ownerDesignName>
</ColumnProxy>
<ColumnProxy class="oracle.dbtools.crest.model.design.storage.oracle.v11g.ColumnProxyOraclev11g" name="Create Date" id="2E2E64B4-82AE-42BF-E2C4-D332D2E5A42F">
<createdBy>ro38606</createdBy>
<createdTime>2013-05-07 18:36:20 UTC</createdTime>
<ownerDesignName>NYEC_BPM_Semantic_data_model_diagram</ownerDesignName>
</ColumnProxy>
<ColumnProxy class="oracle.dbtools.crest.model.design.storage.oracle.v11g.ColumnProxyOraclev11g" name="Age in Business Days" id="38ADE32A-40FE-795A-AD78-367EF288091A">
<createdBy>ro38606</createdBy>
<createdTime>2013-05-07 18:36:20 UTC</createdTime>
<ownerDesignName>NYEC_BPM_Semantic_data_model_diagram</ownerDesignName>
</ColumnProxy>
<ColumnProxy class="oracle.dbtools.crest.model.design.storage.oracle.v11g.ColumnProxyOraclev11g" name="Current Team Parent Name" id="41104AF7-F5AA-8145-7A84-EF8364F4B4D8">
<createdBy>ro38606</createdBy>
<createdTime>2013-05-07 18:36:20 UTC</createdTime>
<ownerDesignName>NYEC_BPM_Semantic_data_model_diagram</ownerDesignName>
</ColumnProxy>
<ColumnProxy class="oracle.dbtools.crest.model.design.storage.oracle.v11g.ColumnProxyOraclev11g" name="SLA Target Days" id="43022A40-E401-36AF-1C06-9397ACCEF043">
<createdBy>ro38606</createdBy>
<createdTime>2013-05-07 18:36:20 UTC</createdTime>
<ownerDesignName>NYEC_BPM_Semantic_data_model_diagram</ownerDesignName>
</ColumnProxy>
<ColumnProxy class="oracle.dbtools.crest.model.design.storage.oracle.v11g.ColumnProxyOraclev11g" name="Cancel Work Date" id="4837281C-4D9D-B606-8FAC-9935470C5C1B">
<createdBy>ro38606</createdBy>
<createdTime>2013-05-07 18:36:20 UTC</createdTime>
<ownerDesignName>NYEC_BPM_Semantic_data_model_diagram</ownerDesignName>
</ColumnProxy>
<ColumnProxy class="oracle.dbtools.crest.model.design.storage.oracle.v11g.ColumnProxyOraclev11g" name="SLA Jeopardy Days" id="4E873FDF-0B14-9F5D-59DC-1D5B19A427E6">
<createdBy>ro38606</createdBy>
<createdTime>2013-05-07 18:36:20 UTC</createdTime>
<ownerDesignName>NYEC_BPM_Semantic_data_model_diagram</ownerDesignName>
</ColumnProxy>
<ColumnProxy class="oracle.dbtools.crest.model.design.storage.oracle.v11g.ColumnProxyOraclev11g" name="State Review Task ID" id="55291444-87B1-CF95-C7B9-980E22C78334">
<createdBy>ro38606</createdBy>
<createdTime>2013-05-07 18:36:20 UTC</createdTime>
<ownerDesignName>NYEC_BPM_Semantic_data_model_diagram</ownerDesignName>
</ColumnProxy>
<ColumnProxy class="oracle.dbtools.crest.model.design.storage.oracle.v11g.ColumnProxyOraclev11g" name="Current Forwarded Flag" id="58426C97-C1C5-5F40-1EBC-4ADB15859E6D">
<createdBy>ro38606</createdBy>
<createdTime>2013-05-07 18:36:20 UTC</createdTime>
<ownerDesignName>NYEC_BPM_Semantic_data_model_diagram</ownerDesignName>
</ColumnProxy>
<ColumnProxy class="oracle.dbtools.crest.model.design.storage.oracle.v11g.ColumnProxyOraclev11g" name="Cancel Work Flag" id="586A9F0A-A2D9-6B36-8ED2-FDAE2F495CD2">
<createdBy>ro38606</createdBy>
<createdTime>2013-05-07 18:36:20 UTC</createdTime>
<ownerDesignName>NYEC_BPM_Semantic_data_model_diagram</ownerDesignName>
</ColumnProxy>
<ColumnProxy class="oracle.dbtools.crest.model.design.storage.oracle.v11g.ColumnProxyOraclev11g" name="Current Last Update Date" id="588664C8-D18A-9120-B6EA-F404FF67BE45">
<createdBy>ro38606</createdBy>
<createdTime>2013-05-07 18:36:20 UTC</createdTime>
<ownerDesignName>NYEC_BPM_Semantic_data_model_diagram</ownerDesignName>
</ColumnProxy>
<ColumnProxy class="oracle.dbtools.crest.model.design.storage.oracle.v11g.ColumnProxyOraclev11g" name="Status Age in Business Days" id="67C8DCFF-B6B6-E752-56C1-C33EF4193C17">
<createdBy>ro38606</createdBy>
<createdTime>2013-05-07 18:36:20 UTC</createdTime>
<ownerDesignName>NYEC_BPM_Semantic_data_model_diagram</ownerDesignName>
</ColumnProxy>
<ColumnProxy class="oracle.dbtools.crest.model.design.storage.oracle.v11g.ColumnProxyOraclev11g" name="Complete Flag" id="6EE48965-0178-AF63-BB5D-0767DB195AE4">
<createdBy>ro38606</createdBy>
<createdTime>2013-05-07 18:36:20 UTC</createdTime>
<ownerDesignName>NYEC_BPM_Semantic_data_model_diagram</ownerDesignName>
</ColumnProxy>
<ColumnProxy class="oracle.dbtools.crest.model.design.storage.oracle.v11g.ColumnProxyOraclev11g" name="SLA Days Type" id="71908EF4-5E4D-ABDD-0E1E-4567D2726FC1">
<createdBy>ro38606</createdBy>
<createdTime>2013-05-07 18:36:20 UTC</createdTime>
<ownerDesignName>NYEC_BPM_Semantic_data_model_diagram</ownerDesignName>
</ColumnProxy>
<ColumnProxy class="oracle.dbtools.crest.model.design.storage.oracle.v11g.ColumnProxyOraclev11g" name="Timeliness Status" id="76E78211-9FF1-1BA9-1840-B2522D1ECDE4">
<createdBy>ro38606</createdBy>
<createdTime>2013-05-07 18:36:20 UTC</createdTime>
<ownerDesignName>NYEC_BPM_Semantic_data_model_diagram</ownerDesignName>
</ColumnProxy>
<ColumnProxy class="oracle.dbtools.crest.model.design.storage.oracle.v11g.ColumnProxyOraclev11g" name="Current Team Name" id="80E4EDEF-64C0-E2E5-8363-FA23895CD97B">
<createdBy>ro38606</createdBy>
<createdTime>2013-05-07 18:36:20 UTC</createdTime>
<ownerDesignName>NYEC_BPM_Semantic_data_model_diagram</ownerDesignName>
</ColumnProxy>
<ColumnProxy class="oracle.dbtools.crest.model.design.storage.oracle.v11g.ColumnProxyOraclev11g" name="Current Task Status" id="95797371-CB05-9DF1-3677-AC87029616E0">
<createdBy>ro38606</createdBy>
<createdTime>2013-05-07 18:36:20 UTC</createdTime>
<ownerDesignName>NYEC_BPM_Semantic_data_model_diagram</ownerDesignName>
</ColumnProxy>
<ColumnProxy class="oracle.dbtools.crest.model.design.storage.oracle.v11g.ColumnProxyOraclev11g" name="Status Age in Calendar Days" id="964EAAA0-50E3-0B90-9E49-E318EE769EDC">
<createdBy>ro38606</createdBy>
<createdTime>2013-05-07 18:36:20 UTC</createdTime>
<ownerDesignName>NYEC_BPM_Semantic_data_model_diagram</ownerDesignName>
</ColumnProxy>
<ColumnProxy class="oracle.dbtools.crest.model.design.storage.oracle.v11g.ColumnProxyOraclev11g" name="Created By Name" id="A2F24CCE-6AF2-C719-8E1A-C493B1EA78C2">
<createdBy>ro38606</createdBy>
<createdTime>2013-05-07 18:36:20 UTC</createdTime>
<ownerDesignName>NYEC_BPM_Semantic_data_model_diagram</ownerDesignName>
</ColumnProxy>
<ColumnProxy class="oracle.dbtools.crest.model.design.storage.oracle.v11g.ColumnProxyOraclev11g" name="Current Escalated Flag" id="A616A4B7-E023-4DCE-BC4D-34D2BAA0B9FB">
<createdBy>ro38606</createdBy>
<createdTime>2013-05-07 18:36:20 UTC</createdTime>
<ownerDesignName>NYEC_BPM_Semantic_data_model_diagram</ownerDesignName>
</ColumnProxy>
<ColumnProxy class="oracle.dbtools.crest.model.design.storage.oracle.v11g.ColumnProxyOraclev11g" name="Complete Date" id="B540991F-4137-955E-9882-F4133574F434">
<createdBy>ro38606</createdBy>
<createdTime>2013-05-07 18:36:20 UTC</createdTime>
<ownerDesignName>NYEC_BPM_Semantic_data_model_diagram</ownerDesignName>
</ColumnProxy>
<ColumnProxy class="oracle.dbtools.crest.model.design.storage.oracle.v11g.ColumnProxyOraclev11g" name="Current Last Update By Name" id="BD31B12B-9ED0-FFF6-7C48-F046F1E17871">
<createdBy>ro38606</createdBy>
<createdTime>2013-05-07 18:36:20 UTC</createdTime>
<ownerDesignName>NYEC_BPM_Semantic_data_model_diagram</ownerDesignName>
</ColumnProxy>
<ColumnProxy class="oracle.dbtools.crest.model.design.storage.oracle.v11g.ColumnProxyOraclev11g" name="Age in Calendar Days" id="CCF19BCD-B815-7B6B-5C73-4B160DD31BF4">
<createdBy>ro38606</createdBy>
<createdTime>2013-05-07 18:36:20 UTC</createdTime>
<ownerDesignName>NYEC_BPM_Semantic_data_model_diagram</ownerDesignName>
</ColumnProxy>
<ColumnProxy class="oracle.dbtools.crest.model.design.storage.oracle.v11g.ColumnProxyOraclev11g" name="Current Team Supervisor Name" id="D0DCF1C4-99A4-9D79-34A8-A2D3015946B8">
<createdBy>ro38606</createdBy>
<createdTime>2013-05-07 18:36:20 UTC</createdTime>
<ownerDesignName>NYEC_BPM_Semantic_data_model_diagram</ownerDesignName>
</ColumnProxy>
<ColumnProxy class="oracle.dbtools.crest.model.design.storage.oracle.v11g.ColumnProxyOraclev11g" name="Current Status Date" id="D1DEDDBF-08C4-328A-7BFB-F46279050750">
<createdBy>ro38606</createdBy>
<createdTime>2013-05-07 18:36:20 UTC</createdTime>
<ownerDesignName>NYEC_BPM_Semantic_data_model_diagram</ownerDesignName>
</ColumnProxy>
<ColumnProxy class="oracle.dbtools.crest.model.design.storage.oracle.v11g.ColumnProxyOraclev11g" name="Current Group Parent Name" id="E1667C22-5362-C8FC-0DE4-3D4F5CC83B12">
<createdBy>ro38606</createdBy>
<createdTime>2013-05-07 18:36:20 UTC</createdTime>
<ownerDesignName>NYEC_BPM_Semantic_data_model_diagram</ownerDesignName>
</ColumnProxy>
<ColumnProxy class="oracle.dbtools.crest.model.design.storage.oracle.v11g.ColumnProxyOraclev11g" name="Current Group Supervisor Name" id="EE008842-DF92-A24E-FF57-A49DE6DC8E1A">
<createdBy>ro38606</createdBy>
<createdTime>2013-05-07 18:36:20 UTC</createdTime>
<ownerDesignName>NYEC_BPM_Semantic_data_model_diagram</ownerDesignName>
</ColumnProxy>
<ColumnProxy class="oracle.dbtools.crest.model.design.storage.oracle.v11g.ColumnProxyOraclev11g" name="Current Forwarded By Name" id="FE9523C7-1D73-C3FD-9FE0-1A843C5C351F">
<createdBy>ro38606</createdBy>
<createdTime>2013-05-07 18:36:20 UTC</createdTime>
<ownerDesignName>NYEC_BPM_Semantic_data_model_diagram</ownerDesignName>
</ColumnProxy>
</columnProxies>
</TableProxyOraclev11g>