<?xml version = '1.0' encoding = 'UTF-8'?>
<TableProxyOraclev11g class="oracle.dbtools.crest.model.design.storage.oracle.v11g.TableProxyOraclev11g" name="F_MW_BY_DATE" id="0C2A0021-3FBA-AF3D-B7B1-7C8B1B118770" directorySegmentName="seg_0">
<createdBy>ro38606</createdBy>
<createdTime>2013-05-07 16:46:57 UTC</createdTime>
<ownerDesignName>NYEC_BPM_Semantic_data_model_diagram</ownerDesignName>
<logging>YES</logging>
<parallel>YES</parallel>
<partitionList class="oracle.dbtools.crest.model.design.storage.oracle.v11g.PartitionListOraclev11g" name="PL1" id="9A1B5FEA-0911-8B3A-DB0C-36F71387DBDB">
<createdBy>ro38606</createdBy>
<createdTime>2013-05-07 16:50:11 UTC</createdTime>
<ownerDesignName>NYEC_BPM_Semantic_data_model_diagram</ownerDesignName>
<columnIDs>B5CFC42D-276F-9BA8-8162-1BE18284AF37</columnIDs>
<intervalExpression>NUMTODSINTERVAL(1,&apos;DAY&apos;)</intervalExpression>
</partitionList>
<partitioned>YES</partitioned>
<partitionedRowMovement>DISABLE</partitionedRowMovement>
<segment>03582533-59B6-9768-A0B2-DD35A867C190</segment>
<tableSpace>8D282799-0AFE-F2FF-2AEA-CF205662762F</tableSpace>
<columnProxies>
<ColumnProxy class="oracle.dbtools.crest.model.design.storage.oracle.v11g.ColumnProxyOraclev11g" name="INVENTORY_COUNT" id="032BE454-10B5-2C65-25FC-5E116908E3F3">
<createdBy>ro38606</createdBy>
<createdTime>2013-05-07 16:48:20 UTC</createdTime>
<ownerDesignName>NYEC_BPM_Semantic_data_model_diagram</ownerDesignName>
</ColumnProxy>
<ColumnProxy class="oracle.dbtools.crest.model.design.storage.oracle.v11g.ColumnProxyOraclev11g" name="DMWF_ID" id="08A1E3F6-6B1B-0FE7-4A40-2876C9DDC913">
<createdBy>ro38606</createdBy>
<createdTime>2013-05-07 16:48:19 UTC</createdTime>
<ownerDesignName>NYEC_BPM_Semantic_data_model_diagram</ownerDesignName>
</ColumnProxy>
<ColumnProxy class="oracle.dbtools.crest.model.design.storage.oracle.v11g.ColumnProxyOraclev11g" name="Status Date" id="113FD6BA-1EEE-9B5B-9EEF-B7E78360EBCF">
<createdBy>ro38606</createdBy>
<createdTime>2013-05-07 16:48:20 UTC</createdTime>
<ownerDesignName>NYEC_BPM_Semantic_data_model_diagram</ownerDesignName>
</ColumnProxy>
<ColumnProxy class="oracle.dbtools.crest.model.design.storage.oracle.v11g.ColumnProxyOraclev11g" name="BUCKET_END_DATE" id="20E04823-9671-D09D-7EE1-545BE603F8D2">
<createdBy>ro38606</createdBy>
<createdTime>2013-05-07 16:48:19 UTC</createdTime>
<ownerDesignName>NYEC_BPM_Semantic_data_model_diagram</ownerDesignName>
</ColumnProxy>
<ColumnProxy class="oracle.dbtools.crest.model.design.storage.oracle.v11g.ColumnProxyOraclev11g" name="FMWBD_ID" id="31725A88-35AA-DB21-5764-29E159F07105">
<createdBy>ro38606</createdBy>
<createdTime>2013-05-07 16:48:19 UTC</createdTime>
<ownerDesignName>NYEC_BPM_Semantic_data_model_diagram</ownerDesignName>
</ColumnProxy>
<ColumnProxy class="oracle.dbtools.crest.model.design.storage.oracle.v11g.ColumnProxyOraclev11g" name="COMPLETION_COUNT" id="41F6A24C-5FBC-7AD3-52BA-D9584EDBCD95">
<createdBy>ro38606</createdBy>
<createdTime>2013-05-07 16:48:20 UTC</createdTime>
<ownerDesignName>NYEC_BPM_Semantic_data_model_diagram</ownerDesignName>
</ColumnProxy>
<ColumnProxy class="oracle.dbtools.crest.model.design.storage.oracle.v11g.ColumnProxyOraclev11g" name="MW_BI_ID" id="597A5BFA-3C96-1FDC-2E29-5CB86C1A23F2">
<createdBy>ro38606</createdBy>
<createdTime>2013-05-07 16:48:19 UTC</createdTime>
<ownerDesignName>NYEC_BPM_Semantic_data_model_diagram</ownerDesignName>
</ColumnProxy>
<ColumnProxy class="oracle.dbtools.crest.model.design.storage.oracle.v11g.ColumnProxyOraclev11g" name="D_DATE" id="6401D7FD-DF5A-429D-CC77-795F4066D4BC">
<createdBy>ro38606</createdBy>
<createdTime>2013-05-07 16:48:19 UTC</createdTime>
<ownerDesignName>NYEC_BPM_Semantic_data_model_diagram</ownerDesignName>
</ColumnProxy>
<ColumnProxy class="oracle.dbtools.crest.model.design.storage.oracle.v11g.ColumnProxyOraclev11g" name="DMWTS_ID" id="89A78A2C-E421-34B4-B2CC-B190585B77BA">
<createdBy>ro38606</createdBy>
<createdTime>2013-05-07 16:48:20 UTC</createdTime>
<ownerDesignName>NYEC_BPM_Semantic_data_model_diagram</ownerDesignName>
</ColumnProxy>
<ColumnProxy class="oracle.dbtools.crest.model.design.storage.oracle.v11g.ColumnProxyOraclev11g" name="DMWLUBN_ID" id="9C79C195-7B59-DD09-A01D-F8582AF1C9B5">
<createdBy>ro38606</createdBy>
<createdTime>2013-05-07 16:48:20 UTC</createdTime>
<ownerDesignName>NYEC_BPM_Semantic_data_model_diagram</ownerDesignName>
</ColumnProxy>
<ColumnProxy class="oracle.dbtools.crest.model.design.storage.oracle.v11g.ColumnProxyOraclev11g" name="DMWO_ID" id="9C7B3BDA-E94A-88CD-A765-A7402AA767F7">
<createdBy>ro38606</createdBy>
<createdTime>2013-05-07 16:48:20 UTC</createdTime>
<ownerDesignName>NYEC_BPM_Semantic_data_model_diagram</ownerDesignName>
</ColumnProxy>
<ColumnProxy class="oracle.dbtools.crest.model.design.storage.oracle.v11g.ColumnProxyOraclev11g" name="BUCKET_START_DATE" id="B5CFC42D-276F-9BA8-8162-1BE18284AF37">
<createdBy>ro38606</createdBy>
<createdTime>2013-05-07 16:48:19 UTC</createdTime>
<ownerDesignName>NYEC_BPM_Semantic_data_model_diagram</ownerDesignName>
</ColumnProxy>
<ColumnProxy class="oracle.dbtools.crest.model.design.storage.oracle.v11g.ColumnProxyOraclev11g" name="CREATION_COUNT" id="CC1C9A96-C1BC-20DE-6D62-70AEBBE9C876">
<createdBy>ro38606</createdBy>
<createdTime>2013-05-07 16:48:20 UTC</createdTime>
<ownerDesignName>NYEC_BPM_Semantic_data_model_diagram</ownerDesignName>
</ColumnProxy>
<ColumnProxy class="oracle.dbtools.crest.model.design.storage.oracle.v11g.ColumnProxyOraclev11g" name="DMWTT_ID" id="D0530B97-61AB-5B26-116B-CE14EFCE68E1">
<createdBy>ro38606</createdBy>
<createdTime>2013-05-07 16:48:19 UTC</createdTime>
<ownerDesignName>NYEC_BPM_Semantic_data_model_diagram</ownerDesignName>
</ColumnProxy>
<ColumnProxy class="oracle.dbtools.crest.model.design.storage.oracle.v11g.ColumnProxyOraclev11g" name="DMWE_ID" id="E358225E-4868-86C2-DC94-8FD73EF02A21">
<createdBy>ro38606</createdBy>
<createdTime>2013-05-07 16:48:19 UTC</createdTime>
<ownerDesignName>NYEC_BPM_Semantic_data_model_diagram</ownerDesignName>
</ColumnProxy>
<ColumnProxy class="oracle.dbtools.crest.model.design.storage.oracle.v11g.ColumnProxyOraclev11g" name="Last Update Date" id="F6CD35CB-4D39-A60D-E158-4A86DFD05F20">
<createdBy>ro38606</createdBy>
<createdTime>2013-05-07 16:48:20 UTC</createdTime>
<ownerDesignName>NYEC_BPM_Semantic_data_model_diagram</ownerDesignName>
</ColumnProxy>
</columnProxies>
<indexProxies>
<IndexProxy class="oracle.dbtools.crest.model.design.storage.oracle.v10g.IndexProxyOraclev10g" name="FMWBD_IXL3" id="11452289-E815-F848-BE1B-ADDB33213655">
<createdBy>ro38606</createdBy>
<createdTime>2013-05-07 16:48:52 UTC</createdTime>
<ownerDesignName>NYEC_BPM_Semantic_data_model_diagram</ownerDesignName>
<segment>78328217-4259-22E0-103A-CED2806E4CC5</segment>
<sortedRows>SORTED</sortedRows>
<tableSpace>8D282799-0AFE-F2FF-2AEA-CF205662762F</tableSpace>
</IndexProxy>
<IndexProxy class="oracle.dbtools.crest.model.design.storage.oracle.v10g.IndexProxyOraclev10g" name="FMWBD_IX1" id="627008EA-0628-A02E-A404-0C5C02F4744F">
<createdBy>ro38606</createdBy>
<createdTime>2013-05-07 16:48:52 UTC</createdTime>
<ownerDesignName>NYEC_BPM_Semantic_data_model_diagram</ownerDesignName>
<parallel>YES</parallel>
<segment>78328217-4259-22E0-103A-CED2806E4CC5</segment>
<sortedRows>SORTED</sortedRows>
<tableSpace>692AEA5F-C013-5656-A766-3ECFFCBBF6AD</tableSpace>
</IndexProxy>
<IndexProxy class="oracle.dbtools.crest.model.design.storage.oracle.v10g.IndexProxyOraclev10g" name="FMWBD_IXL1" id="8251B6A6-8254-36F6-D22D-702218FBC60B">
<createdBy>ro38606</createdBy>
<createdTime>2013-05-07 16:48:52 UTC</createdTime>
<ownerDesignName>NYEC_BPM_Semantic_data_model_diagram</ownerDesignName>
<partitioned>true</partitioned>
<indexPartitioned>LOCAL</indexPartitioned>
<parallel>YES</parallel>
<segment>B42D8DB6-C9DD-C8AA-5757-8B44802B358D</segment>
<sortedRows>SORTED</sortedRows>
<tableSpace>692AEA5F-C013-5656-A766-3ECFFCBBF6AD</tableSpace>
</IndexProxy>
<IndexProxy class="oracle.dbtools.crest.model.design.storage.oracle.v10g.IndexProxyOraclev10g" name="FMWBD_IXL2" id="846777E5-C5D6-1021-E49B-34778546EA7A">
<createdBy>ro38606</createdBy>
<createdTime>2013-05-07 16:48:52 UTC</createdTime>
<ownerDesignName>NYEC_BPM_Semantic_data_model_diagram</ownerDesignName>
<partitioned>true</partitioned>
<indexPartitioned>LOCAL</indexPartitioned>
<parallel>YES</parallel>
<segment>B42D8DB6-C9DD-C8AA-5757-8B44802B358D</segment>
<sortedRows>SORTED</sortedRows>
<tableSpace>692AEA5F-C013-5656-A766-3ECFFCBBF6AD</tableSpace>
</IndexProxy>
<IndexProxy class="oracle.dbtools.crest.model.design.storage.oracle.v10g.IndexProxyOraclev10g" name="FMWBD_UIX1" id="E408D168-B2C1-759D-ED1A-FEA3411CF4CD">
<createdBy>ro38606</createdBy>
<createdTime>2013-05-07 16:48:52 UTC</createdTime>
<ownerDesignName>NYEC_BPM_Semantic_data_model_diagram</ownerDesignName>
<parallel>YES</parallel>
<segment>78328217-4259-22E0-103A-CED2806E4CC5</segment>
<sortedRows>SORTED</sortedRows>
<tableSpace>692AEA5F-C013-5656-A766-3ECFFCBBF6AD</tableSpace>
</IndexProxy>
<IndexProxy class="oracle.dbtools.crest.model.design.storage.oracle.v10g.IndexProxyOraclev10g" name="FMWBD_IX2" id="F2DC44AA-698C-A532-A74B-7C941C168E48">
<createdBy>ro38606</createdBy>
<createdTime>2013-05-07 16:48:52 UTC</createdTime>
<ownerDesignName>NYEC_BPM_Semantic_data_model_diagram</ownerDesignName>
<parallel>YES</parallel>
<segment>78328217-4259-22E0-103A-CED2806E4CC5</segment>
<sortedRows>SORTED</sortedRows>
<tableSpace>692AEA5F-C013-5656-A766-3ECFFCBBF6AD</tableSpace>
</IndexProxy>
<IndexProxy class="oracle.dbtools.crest.model.design.storage.oracle.v10g.IndexProxyOraclev10g" name="FMWBD_UIX2" id="F5B194C2-FF75-E391-9905-F82054C1E08E">
<createdBy>ro38606</createdBy>
<createdTime>2013-05-07 16:48:52 UTC</createdTime>
<ownerDesignName>NYEC_BPM_Semantic_data_model_diagram</ownerDesignName>
<parallel>YES</parallel>
<segment>78328217-4259-22E0-103A-CED2806E4CC5</segment>
<sortedRows>SORTED</sortedRows>
<tableSpace>692AEA5F-C013-5656-A766-3ECFFCBBF6AD</tableSpace>
</IndexProxy>
</indexProxies>
<foreignKeys>
<ForeignKey class="oracle.dbtools.crest.model.design.storage.oracle.v10g.FKProxyOraclev10g" name="FMWBD_DMWE_FK" id="1C6AD378-BC97-4CA4-18A9-4CC1B8E38EC7">
<createdBy>ro38606</createdBy>
<createdTime>2013-05-07 16:50:10 UTC</createdTime>
<ownerDesignName>NYEC_BPM_Semantic_data_model_diagram</ownerDesignName>
</ForeignKey>
<ForeignKey class="oracle.dbtools.crest.model.design.storage.oracle.v10g.FKProxyOraclev10g" name="FMWBD_DMWCUR_FK" id="37026DEA-1F80-FE1B-60C4-70A07DFDE55F">
<createdBy>ro38606</createdBy>
<createdTime>2013-05-07 16:50:10 UTC</createdTime>
<ownerDesignName>NYEC_BPM_Semantic_data_model_diagram</ownerDesignName>
</ForeignKey>
<ForeignKey class="oracle.dbtools.crest.model.design.storage.oracle.v10g.FKProxyOraclev10g" name="FMWBD_DMWTT_FK" id="3CC5D728-CC80-6E3D-43C2-98E16A77E968">
<createdBy>ro38606</createdBy>
<createdTime>2013-05-07 16:50:10 UTC</createdTime>
<ownerDesignName>NYEC_BPM_Semantic_data_model_diagram</ownerDesignName>
</ForeignKey>
<ForeignKey class="oracle.dbtools.crest.model.design.storage.oracle.v10g.FKProxyOraclev10g" name="FMWBD_DMWF_FK" id="47D3D90A-8DCF-5203-6193-ADC2FC76E8DF">
<createdBy>ro38606</createdBy>
<createdTime>2013-05-07 16:50:10 UTC</createdTime>
<ownerDesignName>NYEC_BPM_Semantic_data_model_diagram</ownerDesignName>
</ForeignKey>
<ForeignKey class="oracle.dbtools.crest.model.design.storage.oracle.v10g.FKProxyOraclev10g" name="FMWBD_DMWLUBN_FK" id="9C804269-B4F0-61CE-CDF2-EF0C51DBAA53">
<createdBy>ro38606</createdBy>
<createdTime>2013-05-07 16:50:10 UTC</createdTime>
<ownerDesignName>NYEC_BPM_Semantic_data_model_diagram</ownerDesignName>
</ForeignKey>
<ForeignKey class="oracle.dbtools.crest.model.design.storage.oracle.v10g.FKProxyOraclev10g" name="FMWBD_DMWTS_FK" id="C589C00B-5879-A40B-36CD-E267BD6736B4">
<createdBy>ro38606</createdBy>
<createdTime>2013-05-07 16:50:10 UTC</createdTime>
<ownerDesignName>NYEC_BPM_Semantic_data_model_diagram</ownerDesignName>
</ForeignKey>
<ForeignKey class="oracle.dbtools.crest.model.design.storage.oracle.v10g.FKProxyOraclev10g" name="FMWBD_DMWO_FK" id="C68D64F1-3067-2044-570C-9043BE040155">
<createdBy>ro38606</createdBy>
<createdTime>2013-05-07 16:50:10 UTC</createdTime>
<ownerDesignName>NYEC_BPM_Semantic_data_model_diagram</ownerDesignName>
</ForeignKey>
</foreignKeys>
<partitions>
<Partition class="oracle.dbtools.crest.model.design.storage.oracle.v11g.PartitionOraclev11g" name="PT_BUCKET_START_DATE_LT_2012" id="E43AD638-8082-0AA0-BAA5-16BC207D398B">
<createdBy>ro38606</createdBy>
<createdTime>2013-05-07 16:50:11 UTC</createdTime>
<ownerDesignName>NYEC_BPM_Semantic_data_model_diagram</ownerDesignName>
<dataSegmentCompression>NO</dataSegmentCompression>
<logging>YES</logging>
<position>1</position>
<segment>1EA6863F-23E2-9C68-415B-FA51EC13D93A</segment>
<tableSpace>8D282799-0AFE-F2FF-2AEA-CF205662762F</tableSpace>
<valueList>TO_DATE(&apos; 2012-01-01 00:00:00&apos;, &apos;SYYYY-MM-DD HH24:MI:SS&apos;, &apos;NLS_CALENDAR=GREGORIAN&apos;)</valueList>
<localIndexProperties>
<LocalIndexProperties class="oracle.dbtools.crest.model.design.storage.oracle.LocalIndexProperties" name="LIP1" id="EE078C22-8192-BC16-EBBE-26A4AC82E8FA">
<createdBy>ro38606</createdBy>
<createdTime>2013-05-07 16:50:31 UTC</createdTime>
<ownerDesignName>NYEC_BPM_Semantic_data_model_diagram</ownerDesignName>
<index>8251B6A6-8254-36F6-D22D-702218FBC60B</index>
<logging>YES</logging>
<partitionName>PT_BUCKET_START_DATE_LT_2012</partitionName>
<segment>78328217-4259-22E0-103A-CED2806E4CC5</segment>
<tableSpace>692AEA5F-C013-5656-A766-3ECFFCBBF6AD</tableSpace>
</LocalIndexProperties>
<LocalIndexProperties class="oracle.dbtools.crest.model.design.storage.oracle.LocalIndexProperties" name="LIP20" id="71AA45D7-9036-3618-A607-F5C80A1735B2">
<createdBy>ro38606</createdBy>
<createdTime>2013-05-07 16:50:34 UTC</createdTime>
<ownerDesignName>NYEC_BPM_Semantic_data_model_diagram</ownerDesignName>
<index>846777E5-C5D6-1021-E49B-34778546EA7A</index>
<logging>YES</logging>
<partitionName>PT_BUCKET_START_DATE_LT_2012</partitionName>
<segment>78328217-4259-22E0-103A-CED2806E4CC5</segment>
<tableSpace>692AEA5F-C013-5656-A766-3ECFFCBBF6AD</tableSpace>
</LocalIndexProperties>
</localIndexProperties>
</Partition>
<Partition class="oracle.dbtools.crest.model.design.storage.oracle.v11g.PartitionOraclev11g" name="SYS_P1341" id="82A068A1-E41A-2E0F-7749-6EFE946E6F5F">
<createdBy>ro38606</createdBy>
<createdTime>2013-05-07 16:50:12 UTC</createdTime>
<ownerDesignName>NYEC_BPM_Semantic_data_model_diagram</ownerDesignName>
<dataSegmentCompression>NO</dataSegmentCompression>
<logging>YES</logging>
<position>2</position>
<segment>1EA6863F-23E2-9C68-415B-FA51EC13D93A</segment>
<tableSpace>8D282799-0AFE-F2FF-2AEA-CF205662762F</tableSpace>
<valueList>TO_DATE(&apos; 2012-02-28 00:00:00&apos;, &apos;SYYYY-MM-DD HH24:MI:SS&apos;, &apos;NLS_CALENDAR=GREGORIAN&apos;)</valueList>
<localIndexProperties>
<LocalIndexProperties class="oracle.dbtools.crest.model.design.storage.oracle.LocalIndexProperties" name="LIP2" id="CF2DCDD8-D84D-0E6A-9A74-EF290F9C1E62">
<createdBy>ro38606</createdBy>
<createdTime>2013-05-07 16:50:31 UTC</createdTime>
<ownerDesignName>NYEC_BPM_Semantic_data_model_diagram</ownerDesignName>
<index>8251B6A6-8254-36F6-D22D-702218FBC60B</index>
<logging>YES</logging>
<partitionName>SYS_P1599</partitionName>
<segment>78328217-4259-22E0-103A-CED2806E4CC5</segment>
<tableSpace>692AEA5F-C013-5656-A766-3ECFFCBBF6AD</tableSpace>
</LocalIndexProperties>
<LocalIndexProperties class="oracle.dbtools.crest.model.design.storage.oracle.LocalIndexProperties" name="LIP21" id="EA3485F1-68AB-F9F5-25F4-3CD99592372A">
<createdBy>ro38606</createdBy>
<createdTime>2013-05-07 16:50:34 UTC</createdTime>
<ownerDesignName>NYEC_BPM_Semantic_data_model_diagram</ownerDesignName>
<index>846777E5-C5D6-1021-E49B-34778546EA7A</index>
<logging>YES</logging>
<partitionName>SYS_P3919</partitionName>
<segment>78328217-4259-22E0-103A-CED2806E4CC5</segment>
<tableSpace>692AEA5F-C013-5656-A766-3ECFFCBBF6AD</tableSpace>
</LocalIndexProperties>
</localIndexProperties>
</Partition>
<Partition class="oracle.dbtools.crest.model.design.storage.oracle.v11g.PartitionOraclev11g" name="SYS_P1342" id="F9E4887C-C70A-901E-B794-B46D069ED695">
<createdBy>ro38606</createdBy>
<createdTime>2013-05-07 16:50:12 UTC</createdTime>
<ownerDesignName>NYEC_BPM_Semantic_data_model_diagram</ownerDesignName>
<dataSegmentCompression>NO</dataSegmentCompression>
<logging>YES</logging>
<position>3</position>
<segment>1EA6863F-23E2-9C68-415B-FA51EC13D93A</segment>
<tableSpace>8D282799-0AFE-F2FF-2AEA-CF205662762F</tableSpace>
<valueList>TO_DATE(&apos; 2012-03-01 00:00:00&apos;, &apos;SYYYY-MM-DD HH24:MI:SS&apos;, &apos;NLS_CALENDAR=GREGORIAN&apos;)</valueList>
<localIndexProperties>
<LocalIndexProperties class="oracle.dbtools.crest.model.design.storage.oracle.LocalIndexProperties" name="LIP3" id="A5E8BA8B-786B-A9C1-9138-0F1278039827">
<createdBy>ro38606</createdBy>
<createdTime>2013-05-07 16:50:31 UTC</createdTime>
<ownerDesignName>NYEC_BPM_Semantic_data_model_diagram</ownerDesignName>
<index>8251B6A6-8254-36F6-D22D-702218FBC60B</index>
<logging>YES</logging>
<partitionName>SYS_P1600</partitionName>
<segment>78328217-4259-22E0-103A-CED2806E4CC5</segment>
<tableSpace>692AEA5F-C013-5656-A766-3ECFFCBBF6AD</tableSpace>
</LocalIndexProperties>
<LocalIndexProperties class="oracle.dbtools.crest.model.design.storage.oracle.LocalIndexProperties" name="LIP22" id="62967FC2-2F54-0C95-5FEE-0C903DFACBD7">
<createdBy>ro38606</createdBy>
<createdTime>2013-05-07 16:50:34 UTC</createdTime>
<ownerDesignName>NYEC_BPM_Semantic_data_model_diagram</ownerDesignName>
<index>846777E5-C5D6-1021-E49B-34778546EA7A</index>
<logging>YES</logging>
<partitionName>SYS_P3920</partitionName>
<segment>78328217-4259-22E0-103A-CED2806E4CC5</segment>
<tableSpace>692AEA5F-C013-5656-A766-3ECFFCBBF6AD</tableSpace>
</LocalIndexProperties>
</localIndexProperties>
</Partition>
<Partition class="oracle.dbtools.crest.model.design.storage.oracle.v11g.PartitionOraclev11g" name="SYS_P1344" id="C48F9C36-7E5C-C37F-79EE-EBA875074371">
<createdBy>ro38606</createdBy>
<createdTime>2013-05-07 16:50:12 UTC</createdTime>
<ownerDesignName>NYEC_BPM_Semantic_data_model_diagram</ownerDesignName>
<dataSegmentCompression>NO</dataSegmentCompression>
<logging>YES</logging>
<position>4</position>
<segment>1EA6863F-23E2-9C68-415B-FA51EC13D93A</segment>
<tableSpace>8D282799-0AFE-F2FF-2AEA-CF205662762F</tableSpace>
<valueList>TO_DATE(&apos; 2012-03-03 00:00:00&apos;, &apos;SYYYY-MM-DD HH24:MI:SS&apos;, &apos;NLS_CALENDAR=GREGORIAN&apos;)</valueList>
<localIndexProperties>
<LocalIndexProperties class="oracle.dbtools.crest.model.design.storage.oracle.LocalIndexProperties" name="LIP4" id="4FDACC9A-BF05-648C-01FE-DC302839448D">
<createdBy>ro38606</createdBy>
<createdTime>2013-05-07 16:50:31 UTC</createdTime>
<ownerDesignName>NYEC_BPM_Semantic_data_model_diagram</ownerDesignName>
<index>8251B6A6-8254-36F6-D22D-702218FBC60B</index>
<logging>YES</logging>
<partitionName>SYS_P1601</partitionName>
<segment>78328217-4259-22E0-103A-CED2806E4CC5</segment>
<tableSpace>692AEA5F-C013-5656-A766-3ECFFCBBF6AD</tableSpace>
</LocalIndexProperties>
<LocalIndexProperties class="oracle.dbtools.crest.model.design.storage.oracle.LocalIndexProperties" name="LIP23" id="20462259-B7C7-6E08-CFFC-072A87E61BEE">
<createdBy>ro38606</createdBy>
<createdTime>2013-05-07 16:50:34 UTC</createdTime>
<ownerDesignName>NYEC_BPM_Semantic_data_model_diagram</ownerDesignName>
<index>846777E5-C5D6-1021-E49B-34778546EA7A</index>
<logging>YES</logging>
<partitionName>SYS_P3921</partitionName>
<segment>78328217-4259-22E0-103A-CED2806E4CC5</segment>
<tableSpace>692AEA5F-C013-5656-A766-3ECFFCBBF6AD</tableSpace>
</LocalIndexProperties>
</localIndexProperties>
</Partition>
<Partition class="oracle.dbtools.crest.model.design.storage.oracle.v11g.PartitionOraclev11g" name="SYS_P1345" id="637026E6-3C18-CD4F-603E-44C00E705240">
<createdBy>ro38606</createdBy>
<createdTime>2013-05-07 16:50:12 UTC</createdTime>
<ownerDesignName>NYEC_BPM_Semantic_data_model_diagram</ownerDesignName>
<dataSegmentCompression>NO</dataSegmentCompression>
<logging>YES</logging>
<position>5</position>
<segment>1EA6863F-23E2-9C68-415B-FA51EC13D93A</segment>
<tableSpace>8D282799-0AFE-F2FF-2AEA-CF205662762F</tableSpace>
<valueList>TO_DATE(&apos; 2012-03-06 00:00:00&apos;, &apos;SYYYY-MM-DD HH24:MI:SS&apos;, &apos;NLS_CALENDAR=GREGORIAN&apos;)</valueList>
<localIndexProperties>
<LocalIndexProperties class="oracle.dbtools.crest.model.design.storage.oracle.LocalIndexProperties" name="LIP5" id="DB65F303-8A31-B451-260D-7BE1A131595E">
<createdBy>ro38606</createdBy>
<createdTime>2013-05-07 16:50:31 UTC</createdTime>
<ownerDesignName>NYEC_BPM_Semantic_data_model_diagram</ownerDesignName>
<index>8251B6A6-8254-36F6-D22D-702218FBC60B</index>
<logging>YES</logging>
<partitionName>SYS_P1602</partitionName>
<segment>78328217-4259-22E0-103A-CED2806E4CC5</segment>
<tableSpace>692AEA5F-C013-5656-A766-3ECFFCBBF6AD</tableSpace>
</LocalIndexProperties>
<LocalIndexProperties class="oracle.dbtools.crest.model.design.storage.oracle.LocalIndexProperties" name="LIP24" id="5510E9BB-344F-5008-1EE5-665E1311C8A8">
<createdBy>ro38606</createdBy>
<createdTime>2013-05-07 16:50:34 UTC</createdTime>
<ownerDesignName>NYEC_BPM_Semantic_data_model_diagram</ownerDesignName>
<index>846777E5-C5D6-1021-E49B-34778546EA7A</index>
<logging>YES</logging>
<partitionName>SYS_P3922</partitionName>
<segment>78328217-4259-22E0-103A-CED2806E4CC5</segment>
<tableSpace>692AEA5F-C013-5656-A766-3ECFFCBBF6AD</tableSpace>
</LocalIndexProperties>
</localIndexProperties>
</Partition>
<Partition class="oracle.dbtools.crest.model.design.storage.oracle.v11g.PartitionOraclev11g" name="SYS_P1381" id="C3F956B6-50B3-CCFB-6C2F-B0637C2696BC">
<createdBy>ro38606</createdBy>
<createdTime>2013-05-07 16:50:12 UTC</createdTime>
<ownerDesignName>NYEC_BPM_Semantic_data_model_diagram</ownerDesignName>
<dataSegmentCompression>NO</dataSegmentCompression>
<logging>YES</logging>
<position>6</position>
<segment>1EA6863F-23E2-9C68-415B-FA51EC13D93A</segment>
<tableSpace>8D282799-0AFE-F2FF-2AEA-CF205662762F</tableSpace>
<valueList>TO_DATE(&apos; 2012-03-12 00:00:00&apos;, &apos;SYYYY-MM-DD HH24:MI:SS&apos;, &apos;NLS_CALENDAR=GREGORIAN&apos;)</valueList>
<localIndexProperties>
<LocalIndexProperties class="oracle.dbtools.crest.model.design.storage.oracle.LocalIndexProperties" name="LIP6" id="929DFC58-2F37-B884-F14F-A7E75DE4CBC0">
<createdBy>ro38606</createdBy>
<createdTime>2013-05-07 16:50:32 UTC</createdTime>
<ownerDesignName>NYEC_BPM_Semantic_data_model_diagram</ownerDesignName>
<index>8251B6A6-8254-36F6-D22D-702218FBC60B</index>
<logging>YES</logging>
<partitionName>SYS_P1603</partitionName>
<segment>78328217-4259-22E0-103A-CED2806E4CC5</segment>
<tableSpace>692AEA5F-C013-5656-A766-3ECFFCBBF6AD</tableSpace>
</LocalIndexProperties>
<LocalIndexProperties class="oracle.dbtools.crest.model.design.storage.oracle.LocalIndexProperties" name="LIP25" id="25579FBA-502B-C77C-4B63-6320D1330212">
<createdBy>ro38606</createdBy>
<createdTime>2013-05-07 16:50:34 UTC</createdTime>
<ownerDesignName>NYEC_BPM_Semantic_data_model_diagram</ownerDesignName>
<index>846777E5-C5D6-1021-E49B-34778546EA7A</index>
<logging>YES</logging>
<partitionName>SYS_P3923</partitionName>
<segment>78328217-4259-22E0-103A-CED2806E4CC5</segment>
<tableSpace>692AEA5F-C013-5656-A766-3ECFFCBBF6AD</tableSpace>
</LocalIndexProperties>
</localIndexProperties>
</Partition>
<Partition class="oracle.dbtools.crest.model.design.storage.oracle.v11g.PartitionOraclev11g" name="SYS_P1385" id="2B0DAEC2-3510-1186-A858-3783CEABB65E">
<createdBy>ro38606</createdBy>
<createdTime>2013-05-07 16:50:12 UTC</createdTime>
<ownerDesignName>NYEC_BPM_Semantic_data_model_diagram</ownerDesignName>
<dataSegmentCompression>NO</dataSegmentCompression>
<logging>YES</logging>
<position>7</position>
<segment>1EA6863F-23E2-9C68-415B-FA51EC13D93A</segment>
<tableSpace>8D282799-0AFE-F2FF-2AEA-CF205662762F</tableSpace>
<valueList>TO_DATE(&apos; 2012-03-25 00:00:00&apos;, &apos;SYYYY-MM-DD HH24:MI:SS&apos;, &apos;NLS_CALENDAR=GREGORIAN&apos;)</valueList>
<localIndexProperties>
<LocalIndexProperties class="oracle.dbtools.crest.model.design.storage.oracle.LocalIndexProperties" name="LIP7" id="80C14EF5-C3E6-6F98-FBF4-FBC3502FF7A4">
<createdBy>ro38606</createdBy>
<createdTime>2013-05-07 16:50:32 UTC</createdTime>
<ownerDesignName>NYEC_BPM_Semantic_data_model_diagram</ownerDesignName>
<index>8251B6A6-8254-36F6-D22D-702218FBC60B</index>
<logging>YES</logging>
<partitionName>SYS_P1604</partitionName>
<segment>78328217-4259-22E0-103A-CED2806E4CC5</segment>
<tableSpace>692AEA5F-C013-5656-A766-3ECFFCBBF6AD</tableSpace>
</LocalIndexProperties>
<LocalIndexProperties class="oracle.dbtools.crest.model.design.storage.oracle.LocalIndexProperties" name="LIP26" id="E187F079-7D9D-4877-5073-51241FEE307C">
<createdBy>ro38606</createdBy>
<createdTime>2013-05-07 16:50:34 UTC</createdTime>
<ownerDesignName>NYEC_BPM_Semantic_data_model_diagram</ownerDesignName>
<index>846777E5-C5D6-1021-E49B-34778546EA7A</index>
<logging>YES</logging>
<partitionName>SYS_P3924</partitionName>
<segment>78328217-4259-22E0-103A-CED2806E4CC5</segment>
<tableSpace>692AEA5F-C013-5656-A766-3ECFFCBBF6AD</tableSpace>
</LocalIndexProperties>
</localIndexProperties>
</Partition>
<Partition class="oracle.dbtools.crest.model.design.storage.oracle.v11g.PartitionOraclev11g" name="SYS_P1383" id="7C62C075-98EE-61C7-198E-120A2FA7B393">
<createdBy>ro38606</createdBy>
<createdTime>2013-05-07 16:50:12 UTC</createdTime>
<ownerDesignName>NYEC_BPM_Semantic_data_model_diagram</ownerDesignName>
<dataSegmentCompression>NO</dataSegmentCompression>
<logging>YES</logging>
<position>8</position>
<segment>1EA6863F-23E2-9C68-415B-FA51EC13D93A</segment>
<tableSpace>8D282799-0AFE-F2FF-2AEA-CF205662762F</tableSpace>
<valueList>TO_DATE(&apos; 2012-05-16 00:00:00&apos;, &apos;SYYYY-MM-DD HH24:MI:SS&apos;, &apos;NLS_CALENDAR=GREGORIAN&apos;)</valueList>
<localIndexProperties>
<LocalIndexProperties class="oracle.dbtools.crest.model.design.storage.oracle.LocalIndexProperties" name="LIP8" id="111E6DEF-A3BA-D14D-9F88-896D2B10E32A">
<createdBy>ro38606</createdBy>
<createdTime>2013-05-07 16:50:32 UTC</createdTime>
<ownerDesignName>NYEC_BPM_Semantic_data_model_diagram</ownerDesignName>
<index>8251B6A6-8254-36F6-D22D-702218FBC60B</index>
<logging>YES</logging>
<partitionName>SYS_P1605</partitionName>
<segment>78328217-4259-22E0-103A-CED2806E4CC5</segment>
<tableSpace>692AEA5F-C013-5656-A766-3ECFFCBBF6AD</tableSpace>
</LocalIndexProperties>
<LocalIndexProperties class="oracle.dbtools.crest.model.design.storage.oracle.LocalIndexProperties" name="LIP27" id="05DF5AA3-52A4-6422-0461-ABE9421A2D24">
<createdBy>ro38606</createdBy>
<createdTime>2013-05-07 16:50:35 UTC</createdTime>
<ownerDesignName>NYEC_BPM_Semantic_data_model_diagram</ownerDesignName>
<index>846777E5-C5D6-1021-E49B-34778546EA7A</index>
<logging>YES</logging>
<partitionName>SYS_P3925</partitionName>
<segment>78328217-4259-22E0-103A-CED2806E4CC5</segment>
<tableSpace>692AEA5F-C013-5656-A766-3ECFFCBBF6AD</tableSpace>
</LocalIndexProperties>
</localIndexProperties>
</Partition>
<Partition class="oracle.dbtools.crest.model.design.storage.oracle.v11g.PartitionOraclev11g" name="SYS_P1382" id="C23320F7-3722-6E7D-72CA-23F3494AB249">
<createdBy>ro38606</createdBy>
<createdTime>2013-05-07 16:50:12 UTC</createdTime>
<ownerDesignName>NYEC_BPM_Semantic_data_model_diagram</ownerDesignName>
<dataSegmentCompression>NO</dataSegmentCompression>
<logging>YES</logging>
<position>9</position>
<segment>1EA6863F-23E2-9C68-415B-FA51EC13D93A</segment>
<tableSpace>8D282799-0AFE-F2FF-2AEA-CF205662762F</tableSpace>
<valueList>TO_DATE(&apos; 2012-06-06 00:00:00&apos;, &apos;SYYYY-MM-DD HH24:MI:SS&apos;, &apos;NLS_CALENDAR=GREGORIAN&apos;)</valueList>
<localIndexProperties>
<LocalIndexProperties class="oracle.dbtools.crest.model.design.storage.oracle.LocalIndexProperties" name="LIP9" id="302935EC-1710-546C-3C77-3C1EF85B8387">
<createdBy>ro38606</createdBy>
<createdTime>2013-05-07 16:50:32 UTC</createdTime>
<ownerDesignName>NYEC_BPM_Semantic_data_model_diagram</ownerDesignName>
<index>8251B6A6-8254-36F6-D22D-702218FBC60B</index>
<logging>YES</logging>
<partitionName>SYS_P1606</partitionName>
<segment>78328217-4259-22E0-103A-CED2806E4CC5</segment>
<tableSpace>692AEA5F-C013-5656-A766-3ECFFCBBF6AD</tableSpace>
</LocalIndexProperties>
<LocalIndexProperties class="oracle.dbtools.crest.model.design.storage.oracle.LocalIndexProperties" name="LIP28" id="355980D0-C709-161B-B608-0C3306772FAA">
<createdBy>ro38606</createdBy>
<createdTime>2013-05-07 16:50:35 UTC</createdTime>
<ownerDesignName>NYEC_BPM_Semantic_data_model_diagram</ownerDesignName>
<index>846777E5-C5D6-1021-E49B-34778546EA7A</index>
<logging>YES</logging>
<partitionName>SYS_P3926</partitionName>
<segment>78328217-4259-22E0-103A-CED2806E4CC5</segment>
<tableSpace>692AEA5F-C013-5656-A766-3ECFFCBBF6AD</tableSpace>
</LocalIndexProperties>
</localIndexProperties>
</Partition>
<Partition class="oracle.dbtools.crest.model.design.storage.oracle.v11g.PartitionOraclev11g" name="SYS_P1343" id="FE2C374A-97CE-0985-470E-0E5CAB10FB67">
<createdBy>ro38606</createdBy>
<createdTime>2013-05-07 16:50:13 UTC</createdTime>
<ownerDesignName>NYEC_BPM_Semantic_data_model_diagram</ownerDesignName>
<dataSegmentCompression>NO</dataSegmentCompression>
<logging>YES</logging>
<position>10</position>
<segment>1EA6863F-23E2-9C68-415B-FA51EC13D93A</segment>
<tableSpace>8D282799-0AFE-F2FF-2AEA-CF205662762F</tableSpace>
<valueList>TO_DATE(&apos; 2012-06-08 00:00:00&apos;, &apos;SYYYY-MM-DD HH24:MI:SS&apos;, &apos;NLS_CALENDAR=GREGORIAN&apos;)</valueList>
<localIndexProperties>
<LocalIndexProperties class="oracle.dbtools.crest.model.design.storage.oracle.LocalIndexProperties" name="LIP10" id="77BA1673-AA01-6608-F0FF-49D382322C9C">
<createdBy>ro38606</createdBy>
<createdTime>2013-05-07 16:50:32 UTC</createdTime>
<ownerDesignName>NYEC_BPM_Semantic_data_model_diagram</ownerDesignName>
<index>8251B6A6-8254-36F6-D22D-702218FBC60B</index>
<logging>YES</logging>
<partitionName>SYS_P1607</partitionName>
<segment>78328217-4259-22E0-103A-CED2806E4CC5</segment>
<tableSpace>692AEA5F-C013-5656-A766-3ECFFCBBF6AD</tableSpace>
</LocalIndexProperties>
<LocalIndexProperties class="oracle.dbtools.crest.model.design.storage.oracle.LocalIndexProperties" name="LIP29" id="E75800E1-31A1-05BA-A808-514E132CB845">
<createdBy>ro38606</createdBy>
<createdTime>2013-05-07 16:50:35 UTC</createdTime>
<ownerDesignName>NYEC_BPM_Semantic_data_model_diagram</ownerDesignName>
<index>846777E5-C5D6-1021-E49B-34778546EA7A</index>
<logging>YES</logging>
<partitionName>SYS_P3927</partitionName>
<segment>78328217-4259-22E0-103A-CED2806E4CC5</segment>
<tableSpace>692AEA5F-C013-5656-A766-3ECFFCBBF6AD</tableSpace>
</LocalIndexProperties>
</localIndexProperties>
</Partition>
<Partition class="oracle.dbtools.crest.model.design.storage.oracle.v11g.PartitionOraclev11g" name="SYS_P1384" id="673D29C9-10E5-91BD-1F36-53EE5F8157C6">
<createdBy>ro38606</createdBy>
<createdTime>2013-05-07 16:50:13 UTC</createdTime>
<ownerDesignName>NYEC_BPM_Semantic_data_model_diagram</ownerDesignName>
<dataSegmentCompression>NO</dataSegmentCompression>
<logging>YES</logging>
<position>11</position>
<segment>1EA6863F-23E2-9C68-415B-FA51EC13D93A</segment>
<tableSpace>8D282799-0AFE-F2FF-2AEA-CF205662762F</tableSpace>
<valueList>TO_DATE(&apos; 2012-07-25 00:00:00&apos;, &apos;SYYYY-MM-DD HH24:MI:SS&apos;, &apos;NLS_CALENDAR=GREGORIAN&apos;)</valueList>
<localIndexProperties>
<LocalIndexProperties class="oracle.dbtools.crest.model.design.storage.oracle.LocalIndexProperties" name="LIP11" id="0E6BFBEF-2D57-16D3-8F32-5D7CA7826636">
<createdBy>ro38606</createdBy>
<createdTime>2013-05-07 16:50:32 UTC</createdTime>
<ownerDesignName>NYEC_BPM_Semantic_data_model_diagram</ownerDesignName>
<index>8251B6A6-8254-36F6-D22D-702218FBC60B</index>
<logging>YES</logging>
<partitionName>SYS_P1608</partitionName>
<segment>78328217-4259-22E0-103A-CED2806E4CC5</segment>
<tableSpace>692AEA5F-C013-5656-A766-3ECFFCBBF6AD</tableSpace>
</LocalIndexProperties>
<LocalIndexProperties class="oracle.dbtools.crest.model.design.storage.oracle.LocalIndexProperties" name="LIP30" id="36781A8D-37AD-71D5-C9A6-AE01F84CBC5F">
<createdBy>ro38606</createdBy>
<createdTime>2013-05-07 16:50:35 UTC</createdTime>
<ownerDesignName>NYEC_BPM_Semantic_data_model_diagram</ownerDesignName>
<index>846777E5-C5D6-1021-E49B-34778546EA7A</index>
<logging>YES</logging>
<partitionName>SYS_P3928</partitionName>
<segment>78328217-4259-22E0-103A-CED2806E4CC5</segment>
<tableSpace>692AEA5F-C013-5656-A766-3ECFFCBBF6AD</tableSpace>
</LocalIndexProperties>
</localIndexProperties>
</Partition>
<Partition class="oracle.dbtools.crest.model.design.storage.oracle.v11g.PartitionOraclev11g" name="SYS_P1386" id="B0803039-C1F9-B3E1-011C-3D8319388C04">
<createdBy>ro38606</createdBy>
<createdTime>2013-05-07 16:50:13 UTC</createdTime>
<ownerDesignName>NYEC_BPM_Semantic_data_model_diagram</ownerDesignName>
<dataSegmentCompression>NO</dataSegmentCompression>
<logging>YES</logging>
<position>12</position>
<segment>1EA6863F-23E2-9C68-415B-FA51EC13D93A</segment>
<tableSpace>8D282799-0AFE-F2FF-2AEA-CF205662762F</tableSpace>
<valueList>TO_DATE(&apos; 2012-08-21 00:00:00&apos;, &apos;SYYYY-MM-DD HH24:MI:SS&apos;, &apos;NLS_CALENDAR=GREGORIAN&apos;)</valueList>
<localIndexProperties>
<LocalIndexProperties class="oracle.dbtools.crest.model.design.storage.oracle.LocalIndexProperties" name="LIP12" id="D54D14C6-21F0-CF82-F571-DA9C6DA0E4AC">
<createdBy>ro38606</createdBy>
<createdTime>2013-05-07 16:50:32 UTC</createdTime>
<ownerDesignName>NYEC_BPM_Semantic_data_model_diagram</ownerDesignName>
<index>8251B6A6-8254-36F6-D22D-702218FBC60B</index>
<logging>YES</logging>
<partitionName>SYS_P1609</partitionName>
<segment>78328217-4259-22E0-103A-CED2806E4CC5</segment>
<tableSpace>692AEA5F-C013-5656-A766-3ECFFCBBF6AD</tableSpace>
</LocalIndexProperties>
<LocalIndexProperties class="oracle.dbtools.crest.model.design.storage.oracle.LocalIndexProperties" name="LIP31" id="D19F5A9D-0503-CA15-051E-5DB50694E111">
<createdBy>ro38606</createdBy>
<createdTime>2013-05-07 16:50:35 UTC</createdTime>
<ownerDesignName>NYEC_BPM_Semantic_data_model_diagram</ownerDesignName>
<index>846777E5-C5D6-1021-E49B-34778546EA7A</index>
<logging>YES</logging>
<partitionName>SYS_P3929</partitionName>
<segment>78328217-4259-22E0-103A-CED2806E4CC5</segment>
<tableSpace>692AEA5F-C013-5656-A766-3ECFFCBBF6AD</tableSpace>
</LocalIndexProperties>
</localIndexProperties>
</Partition>
<Partition class="oracle.dbtools.crest.model.design.storage.oracle.v11g.PartitionOraclev11g" name="SYS_P1361" id="ECE11946-4048-395B-1C5A-7FE1496E95FB">
<createdBy>ro38606</createdBy>
<createdTime>2013-05-07 16:50:13 UTC</createdTime>
<ownerDesignName>NYEC_BPM_Semantic_data_model_diagram</ownerDesignName>
<dataSegmentCompression>NO</dataSegmentCompression>
<logging>YES</logging>
<position>13</position>
<segment>1EA6863F-23E2-9C68-415B-FA51EC13D93A</segment>
<tableSpace>8D282799-0AFE-F2FF-2AEA-CF205662762F</tableSpace>
<valueList>TO_DATE(&apos; 2012-09-15 00:00:00&apos;, &apos;SYYYY-MM-DD HH24:MI:SS&apos;, &apos;NLS_CALENDAR=GREGORIAN&apos;)</valueList>
<localIndexProperties>
<LocalIndexProperties class="oracle.dbtools.crest.model.design.storage.oracle.LocalIndexProperties" name="LIP13" id="5789A89B-5B43-6E2C-1A5C-8E354F2B8F2A">
<createdBy>ro38606</createdBy>
<createdTime>2013-05-07 16:50:33 UTC</createdTime>
<ownerDesignName>NYEC_BPM_Semantic_data_model_diagram</ownerDesignName>
<index>8251B6A6-8254-36F6-D22D-702218FBC60B</index>
<logging>YES</logging>
<partitionName>SYS_P1610</partitionName>
<segment>78328217-4259-22E0-103A-CED2806E4CC5</segment>
<tableSpace>692AEA5F-C013-5656-A766-3ECFFCBBF6AD</tableSpace>
</LocalIndexProperties>
<LocalIndexProperties class="oracle.dbtools.crest.model.design.storage.oracle.LocalIndexProperties" name="LIP32" id="D7D74736-F432-940C-01A5-685193247F9E">
<createdBy>ro38606</createdBy>
<createdTime>2013-05-07 16:50:35 UTC</createdTime>
<ownerDesignName>NYEC_BPM_Semantic_data_model_diagram</ownerDesignName>
<index>846777E5-C5D6-1021-E49B-34778546EA7A</index>
<logging>YES</logging>
<partitionName>SYS_P3930</partitionName>
<segment>78328217-4259-22E0-103A-CED2806E4CC5</segment>
<tableSpace>692AEA5F-C013-5656-A766-3ECFFCBBF6AD</tableSpace>
</LocalIndexProperties>
</localIndexProperties>
</Partition>
<Partition class="oracle.dbtools.crest.model.design.storage.oracle.v11g.PartitionOraclev11g" name="SYS_P1362" id="9B673B39-A6E3-7E27-467D-26DF2AA12413">
<createdBy>ro38606</createdBy>
<createdTime>2013-05-07 16:50:13 UTC</createdTime>
<ownerDesignName>NYEC_BPM_Semantic_data_model_diagram</ownerDesignName>
<dataSegmentCompression>NO</dataSegmentCompression>
<logging>YES</logging>
<position>14</position>
<segment>1EA6863F-23E2-9C68-415B-FA51EC13D93A</segment>
<tableSpace>8D282799-0AFE-F2FF-2AEA-CF205662762F</tableSpace>
<valueList>TO_DATE(&apos; 2012-09-17 00:00:00&apos;, &apos;SYYYY-MM-DD HH24:MI:SS&apos;, &apos;NLS_CALENDAR=GREGORIAN&apos;)</valueList>
<localIndexProperties>
<LocalIndexProperties class="oracle.dbtools.crest.model.design.storage.oracle.LocalIndexProperties" name="LIP14" id="67DAF81D-E77D-B360-373A-1C88925BB88E">
<createdBy>ro38606</createdBy>
<createdTime>2013-05-07 16:50:33 UTC</createdTime>
<ownerDesignName>NYEC_BPM_Semantic_data_model_diagram</ownerDesignName>
<index>8251B6A6-8254-36F6-D22D-702218FBC60B</index>
<logging>YES</logging>
<partitionName>SYS_P1611</partitionName>
<segment>78328217-4259-22E0-103A-CED2806E4CC5</segment>
<tableSpace>692AEA5F-C013-5656-A766-3ECFFCBBF6AD</tableSpace>
</LocalIndexProperties>
<LocalIndexProperties class="oracle.dbtools.crest.model.design.storage.oracle.LocalIndexProperties" name="LIP33" id="C29BC180-EED7-D1F2-FCC4-A156D4F22AB7">
<createdBy>ro38606</createdBy>
<createdTime>2013-05-07 16:50:35 UTC</createdTime>
<ownerDesignName>NYEC_BPM_Semantic_data_model_diagram</ownerDesignName>
<index>846777E5-C5D6-1021-E49B-34778546EA7A</index>
<logging>YES</logging>
<partitionName>SYS_P3931</partitionName>
<segment>78328217-4259-22E0-103A-CED2806E4CC5</segment>
<tableSpace>692AEA5F-C013-5656-A766-3ECFFCBBF6AD</tableSpace>
</LocalIndexProperties>
</localIndexProperties>
</Partition>
<Partition class="oracle.dbtools.crest.model.design.storage.oracle.v11g.PartitionOraclev11g" name="SYS_P1387" id="7C61424B-DF36-CCBB-F82C-E2D50B3C1763">
<createdBy>ro38606</createdBy>
<createdTime>2013-05-07 16:50:13 UTC</createdTime>
<ownerDesignName>NYEC_BPM_Semantic_data_model_diagram</ownerDesignName>
<dataSegmentCompression>NO</dataSegmentCompression>
<logging>YES</logging>
<position>15</position>
<segment>1EA6863F-23E2-9C68-415B-FA51EC13D93A</segment>
<tableSpace>8D282799-0AFE-F2FF-2AEA-CF205662762F</tableSpace>
<valueList>TO_DATE(&apos; 2012-09-18 00:00:00&apos;, &apos;SYYYY-MM-DD HH24:MI:SS&apos;, &apos;NLS_CALENDAR=GREGORIAN&apos;)</valueList>
<localIndexProperties>
<LocalIndexProperties class="oracle.dbtools.crest.model.design.storage.oracle.LocalIndexProperties" name="LIP15" id="7E1EC111-BAA9-0906-5DE6-9A8204A1157D">
<createdBy>ro38606</createdBy>
<createdTime>2013-05-07 16:50:33 UTC</createdTime>
<ownerDesignName>NYEC_BPM_Semantic_data_model_diagram</ownerDesignName>
<index>8251B6A6-8254-36F6-D22D-702218FBC60B</index>
<logging>YES</logging>
<partitionName>SYS_P1612</partitionName>
<segment>78328217-4259-22E0-103A-CED2806E4CC5</segment>
<tableSpace>692AEA5F-C013-5656-A766-3ECFFCBBF6AD</tableSpace>
</LocalIndexProperties>
<LocalIndexProperties class="oracle.dbtools.crest.model.design.storage.oracle.LocalIndexProperties" name="LIP34" id="ED1D58EE-7A83-3001-5A16-E3BA6ED394C3">
<createdBy>ro38606</createdBy>
<createdTime>2013-05-07 16:50:35 UTC</createdTime>
<ownerDesignName>NYEC_BPM_Semantic_data_model_diagram</ownerDesignName>
<index>846777E5-C5D6-1021-E49B-34778546EA7A</index>
<logging>YES</logging>
<partitionName>SYS_P3932</partitionName>
<segment>78328217-4259-22E0-103A-CED2806E4CC5</segment>
<tableSpace>692AEA5F-C013-5656-A766-3ECFFCBBF6AD</tableSpace>
</LocalIndexProperties>
</localIndexProperties>
</Partition>
<Partition class="oracle.dbtools.crest.model.design.storage.oracle.v11g.PartitionOraclev11g" name="SYS_P1388" id="B9356E0A-1DD1-5C7E-D9F5-D5038B3C1A28">
<createdBy>ro38606</createdBy>
<createdTime>2013-05-07 16:50:13 UTC</createdTime>
<ownerDesignName>NYEC_BPM_Semantic_data_model_diagram</ownerDesignName>
<dataSegmentCompression>NO</dataSegmentCompression>
<logging>YES</logging>
<position>16</position>
<segment>1EA6863F-23E2-9C68-415B-FA51EC13D93A</segment>
<tableSpace>8D282799-0AFE-F2FF-2AEA-CF205662762F</tableSpace>
<valueList>TO_DATE(&apos; 2012-09-19 00:00:00&apos;, &apos;SYYYY-MM-DD HH24:MI:SS&apos;, &apos;NLS_CALENDAR=GREGORIAN&apos;)</valueList>
<localIndexProperties>
<LocalIndexProperties class="oracle.dbtools.crest.model.design.storage.oracle.LocalIndexProperties" name="LIP16" id="C9A25EB2-7AB3-92B1-1394-5EC64CAEF061">
<createdBy>ro38606</createdBy>
<createdTime>2013-05-07 16:50:33 UTC</createdTime>
<ownerDesignName>NYEC_BPM_Semantic_data_model_diagram</ownerDesignName>
<index>8251B6A6-8254-36F6-D22D-702218FBC60B</index>
<logging>YES</logging>
<partitionName>SYS_P1613</partitionName>
<segment>78328217-4259-22E0-103A-CED2806E4CC5</segment>
<tableSpace>692AEA5F-C013-5656-A766-3ECFFCBBF6AD</tableSpace>
</LocalIndexProperties>
<LocalIndexProperties class="oracle.dbtools.crest.model.design.storage.oracle.LocalIndexProperties" name="LIP35" id="5F2F56D2-1A4B-EE32-1418-8753C41DC5D8">
<createdBy>ro38606</createdBy>
<createdTime>2013-05-07 16:50:36 UTC</createdTime>
<ownerDesignName>NYEC_BPM_Semantic_data_model_diagram</ownerDesignName>
<index>846777E5-C5D6-1021-E49B-34778546EA7A</index>
<logging>YES</logging>
<partitionName>SYS_P3933</partitionName>
<segment>78328217-4259-22E0-103A-CED2806E4CC5</segment>
<tableSpace>692AEA5F-C013-5656-A766-3ECFFCBBF6AD</tableSpace>
</LocalIndexProperties>
</localIndexProperties>
</Partition>
<Partition class="oracle.dbtools.crest.model.design.storage.oracle.v11g.PartitionOraclev11g" name="SYS_P1389" id="839DFFE7-482B-1AD1-6D80-1EE904899A26">
<createdBy>ro38606</createdBy>
<createdTime>2013-05-07 16:50:13 UTC</createdTime>
<ownerDesignName>NYEC_BPM_Semantic_data_model_diagram</ownerDesignName>
<dataSegmentCompression>NO</dataSegmentCompression>
<logging>YES</logging>
<position>17</position>
<segment>1EA6863F-23E2-9C68-415B-FA51EC13D93A</segment>
<tableSpace>8D282799-0AFE-F2FF-2AEA-CF205662762F</tableSpace>
<valueList>TO_DATE(&apos; 2012-09-22 00:00:00&apos;, &apos;SYYYY-MM-DD HH24:MI:SS&apos;, &apos;NLS_CALENDAR=GREGORIAN&apos;)</valueList>
<localIndexProperties>
<LocalIndexProperties class="oracle.dbtools.crest.model.design.storage.oracle.LocalIndexProperties" name="LIP17" id="EF36096C-DEC5-F0FD-0CAB-E3AA86547B02">
<createdBy>ro38606</createdBy>
<createdTime>2013-05-07 16:50:33 UTC</createdTime>
<ownerDesignName>NYEC_BPM_Semantic_data_model_diagram</ownerDesignName>
<index>8251B6A6-8254-36F6-D22D-702218FBC60B</index>
<logging>YES</logging>
<partitionName>SYS_P1614</partitionName>
<segment>78328217-4259-22E0-103A-CED2806E4CC5</segment>
<tableSpace>692AEA5F-C013-5656-A766-3ECFFCBBF6AD</tableSpace>
</LocalIndexProperties>
<LocalIndexProperties class="oracle.dbtools.crest.model.design.storage.oracle.LocalIndexProperties" name="LIP36" id="98435267-816F-FCFB-F6BE-33290C7D77AE">
<createdBy>ro38606</createdBy>
<createdTime>2013-05-07 16:50:36 UTC</createdTime>
<ownerDesignName>NYEC_BPM_Semantic_data_model_diagram</ownerDesignName>
<index>846777E5-C5D6-1021-E49B-34778546EA7A</index>
<logging>YES</logging>
<partitionName>SYS_P3934</partitionName>
<segment>78328217-4259-22E0-103A-CED2806E4CC5</segment>
<tableSpace>692AEA5F-C013-5656-A766-3ECFFCBBF6AD</tableSpace>
</LocalIndexProperties>
</localIndexProperties>
</Partition>
<Partition class="oracle.dbtools.crest.model.design.storage.oracle.v11g.PartitionOraclev11g" name="SYS_P2129" id="CAA4E99B-7434-C56B-17B6-2A1EFCCDEF81">
<createdBy>ro38606</createdBy>
<createdTime>2013-05-07 16:50:14 UTC</createdTime>
<ownerDesignName>NYEC_BPM_Semantic_data_model_diagram</ownerDesignName>
<dataSegmentCompression>NO</dataSegmentCompression>
<logging>YES</logging>
<position>18</position>
<segment>1EA6863F-23E2-9C68-415B-FA51EC13D93A</segment>
<tableSpace>8D282799-0AFE-F2FF-2AEA-CF205662762F</tableSpace>
<valueList>TO_DATE(&apos; 2012-12-05 00:00:00&apos;, &apos;SYYYY-MM-DD HH24:MI:SS&apos;, &apos;NLS_CALENDAR=GREGORIAN&apos;)</valueList>
<localIndexProperties>
<LocalIndexProperties class="oracle.dbtools.crest.model.design.storage.oracle.LocalIndexProperties" name="LIP18" id="A966ACD2-9388-62B1-2365-B929D3431AAE">
<createdBy>ro38606</createdBy>
<createdTime>2013-05-07 16:50:33 UTC</createdTime>
<ownerDesignName>NYEC_BPM_Semantic_data_model_diagram</ownerDesignName>
<index>8251B6A6-8254-36F6-D22D-702218FBC60B</index>
<logging>YES</logging>
<partitionName>SYS_P2129</partitionName>
<segment>78328217-4259-22E0-103A-CED2806E4CC5</segment>
<tableSpace>692AEA5F-C013-5656-A766-3ECFFCBBF6AD</tableSpace>
</LocalIndexProperties>
<LocalIndexProperties class="oracle.dbtools.crest.model.design.storage.oracle.LocalIndexProperties" name="LIP37" id="3AFF56CE-605B-27AE-B602-9F44366BE232">
<createdBy>ro38606</createdBy>
<createdTime>2013-05-07 16:50:36 UTC</createdTime>
<ownerDesignName>NYEC_BPM_Semantic_data_model_diagram</ownerDesignName>
<index>846777E5-C5D6-1021-E49B-34778546EA7A</index>
<logging>YES</logging>
<partitionName>SYS_P3935</partitionName>
<segment>78328217-4259-22E0-103A-CED2806E4CC5</segment>
<tableSpace>692AEA5F-C013-5656-A766-3ECFFCBBF6AD</tableSpace>
</LocalIndexProperties>
</localIndexProperties>
</Partition>
<Partition class="oracle.dbtools.crest.model.design.storage.oracle.v11g.PartitionOraclev11g" name="SYS_P2147" id="BA1C0AC5-5C6A-D7C3-71C1-F00DC11C3EBF">
<createdBy>ro38606</createdBy>
<createdTime>2013-05-07 16:50:14 UTC</createdTime>
<ownerDesignName>NYEC_BPM_Semantic_data_model_diagram</ownerDesignName>
<dataSegmentCompression>NO</dataSegmentCompression>
<logging>YES</logging>
<position>19</position>
<segment>1EA6863F-23E2-9C68-415B-FA51EC13D93A</segment>
<tableSpace>8D282799-0AFE-F2FF-2AEA-CF205662762F</tableSpace>
<valueList>TO_DATE(&apos; 2012-12-06 00:00:00&apos;, &apos;SYYYY-MM-DD HH24:MI:SS&apos;, &apos;NLS_CALENDAR=GREGORIAN&apos;)</valueList>
<localIndexProperties>
<LocalIndexProperties class="oracle.dbtools.crest.model.design.storage.oracle.LocalIndexProperties" name="LIP19" id="BF0C4A93-CAC7-410F-7FF0-6E0ADA416899">
<createdBy>ro38606</createdBy>
<createdTime>2013-05-07 16:50:33 UTC</createdTime>
<ownerDesignName>NYEC_BPM_Semantic_data_model_diagram</ownerDesignName>
<index>8251B6A6-8254-36F6-D22D-702218FBC60B</index>
<logging>YES</logging>
<partitionName>SYS_P2147</partitionName>
<segment>78328217-4259-22E0-103A-CED2806E4CC5</segment>
<tableSpace>692AEA5F-C013-5656-A766-3ECFFCBBF6AD</tableSpace>
</LocalIndexProperties>
<LocalIndexProperties class="oracle.dbtools.crest.model.design.storage.oracle.LocalIndexProperties" name="LIP38" id="4B8BDA93-8598-59B4-ED4C-4B343E3E851A">
<createdBy>ro38606</createdBy>
<createdTime>2013-05-07 16:50:36 UTC</createdTime>
<ownerDesignName>NYEC_BPM_Semantic_data_model_diagram</ownerDesignName>
<index>846777E5-C5D6-1021-E49B-34778546EA7A</index>
<logging>YES</logging>
<partitionName>SYS_P3936</partitionName>
<segment>78328217-4259-22E0-103A-CED2806E4CC5</segment>
<tableSpace>692AEA5F-C013-5656-A766-3ECFFCBBF6AD</tableSpace>
</LocalIndexProperties>
</localIndexProperties>
</Partition>
</partitions>
<primaryKeys>
<PrimaryKey class="oracle.dbtools.crest.model.design.storage.oracle.v10g.PKProxyOraclev10g" name="FMWBD_PK" id="60B72A30-87FF-E161-6CD8-0C5B5D6B0166">
<createdBy>ro38606</createdBy>
<createdTime>2013-05-07 16:49:39 UTC</createdTime>
<ownerDesignName>NYEC_BPM_Semantic_data_model_diagram</ownerDesignName>
<sortedRows>SORTED</sortedRows>
<tableSpace>692AEA5F-C013-5656-A766-3ECFFCBBF6AD</tableSpace>
<indexSegment>78328217-4259-22E0-103A-CED2806E4CC5</indexSegment>
<indexSort>SORTED</indexSort>
</PrimaryKey>
</primaryKeys>
</TableProxyOraclev11g>