<?xml version = '1.0' encoding = 'UTF-8'?>
<TableProxyOraclev11g class="oracle.dbtools.crest.model.design.storage.oracle.v11g.TableProxyOraclev11g" name="D_NYEC_PA_REV_CLEAR_REASON" id="1EB7795F-7250-C4D5-D28A-189FEE0AB0BB" directorySegmentName="seg_0">
<createdBy>ro38606</createdBy>
<createdTime>2013-05-10 06:45:04 UTC</createdTime>
<ownerDesignName>NYEC_BPM_Semantic_data_model_diagram</ownerDesignName>
<logging>YES</logging>
<parallel>YES</parallel>
<partitionedRowMovement>DISABLE</partitionedRowMovement>
<segment>0308D552-AF5F-CD15-E8CD-922B0969993A</segment>
<tableSpace>49103D8C-B61A-BBCA-77AA-EF6B9A69D4F7</tableSpace>
<columnProxies>
<ColumnProxy class="oracle.dbtools.crest.model.design.storage.oracle.v11g.ColumnProxyOraclev11g" name="REVERSE_CLEARANCE_REASON" id="2F4FCBF4-D5C3-7C8B-57BE-FFCDA2805ADB">
<createdBy>ro38606</createdBy>
<createdTime>2013-05-10 06:45:06 UTC</createdTime>
<ownerDesignName>NYEC_BPM_Semantic_data_model_diagram</ownerDesignName>
</ColumnProxy>
<ColumnProxy class="oracle.dbtools.crest.model.design.storage.oracle.v11g.ColumnProxyOraclev11g" name="DNPARCR_ID" id="BA1521EB-7A63-88ED-429D-132923D56D9D">
<createdBy>ro38606</createdBy>
<createdTime>2013-05-10 06:45:05 UTC</createdTime>
<ownerDesignName>NYEC_BPM_Semantic_data_model_diagram</ownerDesignName>
</ColumnProxy>
</columnProxies>
<indexProxies>
<IndexProxy class="oracle.dbtools.crest.model.design.storage.oracle.v10g.IndexProxyOraclev10g" name="DNPARCR_UIX1" id="C525A988-A14C-E73B-1F6F-90D38797FDBD">
<createdBy>ro38606</createdBy>
<createdTime>2013-05-10 06:45:07 UTC</createdTime>
<ownerDesignName>NYEC_BPM_Semantic_data_model_diagram</ownerDesignName>
<parallel>YES</parallel>
<segment>12BBC59D-77D8-6E54-0C99-FA724024CF06</segment>
<sortedRows>SORTED</sortedRows>
<tableSpace>BACC5B86-40F0-43FF-0A17-237CBF08C3A2</tableSpace>
</IndexProxy>
</indexProxies>
<primaryKeys>
<PrimaryKey class="oracle.dbtools.crest.model.design.storage.oracle.v10g.PKProxyOraclev10g" name="DNPARCR_PK" id="2A9F0E09-4784-E8EE-6E52-81E262D2011F">
<createdBy>ro38606</createdBy>
<createdTime>2013-05-10 06:45:09 UTC</createdTime>
<ownerDesignName>NYEC_BPM_Semantic_data_model_diagram</ownerDesignName>
<sortedRows>SORTED</sortedRows>
<tableSpace>BACC5B86-40F0-43FF-0A17-237CBF08C3A2</tableSpace>
<indexSegment>12BBC59D-77D8-6E54-0C99-FA724024CF06</indexSegment>
<indexSort>SORTED</indexSort>
</PrimaryKey>
</primaryKeys>
</TableProxyOraclev11g>