<?xml version = '1.0' encoding = 'UTF-8'?>
<TableProxyOraclev11g class="oracle.dbtools.crest.model.design.storage.oracle.v11g.TableProxyOraclev11g" name="D_NYEC_SR_RFE_STATUS_FLAG" id="2182AD20-16B6-6816-BF82-42E4103D6894" directorySegmentName="seg_0">
<createdBy>ro38606</createdBy>
<createdTime>2013-05-07 16:46:57 UTC</createdTime>
<ownerDesignName>NYEC_BPM_Semantic_data_model_diagram</ownerDesignName>
<logging>YES</logging>
<parallel>YES</parallel>
<partitionedRowMovement>DISABLE</partitionedRowMovement>
<segment>85B89FB1-3F42-0B6D-42FB-89733184C9EE</segment>
<tableSpace>8D282799-0AFE-F2FF-2AEA-CF205662762F</tableSpace>
<columnProxies>
<ColumnProxy class="oracle.dbtools.crest.model.design.storage.oracle.v11g.ColumnProxyOraclev11g" name="RFE Status Flag" id="97C2DC5B-1ED5-8773-C768-F9A12A41F59D">
<createdBy>ro38606</createdBy>
<createdTime>2013-05-07 16:48:18 UTC</createdTime>
<ownerDesignName>NYEC_BPM_Semantic_data_model_diagram</ownerDesignName>
</ColumnProxy>
<ColumnProxy class="oracle.dbtools.crest.model.design.storage.oracle.v11g.ColumnProxyOraclev11g" name="DNSRRSF_ID" id="EE58A984-5D9E-C67E-E85A-9EBB54BA0588">
<createdBy>ro38606</createdBy>
<createdTime>2013-05-07 16:48:18 UTC</createdTime>
<ownerDesignName>NYEC_BPM_Semantic_data_model_diagram</ownerDesignName>
</ColumnProxy>
</columnProxies>
<primaryKeys>
<PrimaryKey class="oracle.dbtools.crest.model.design.storage.oracle.v10g.PKProxyOraclev10g" name="DNSRRSF_PK" id="850CCB44-8F74-0B62-7219-7364B8BC0ADC">
<createdBy>ro38606</createdBy>
<createdTime>2013-05-07 16:49:36 UTC</createdTime>
<ownerDesignName>NYEC_BPM_Semantic_data_model_diagram</ownerDesignName>
<sortedRows>SORTED</sortedRows>
<tableSpace>692AEA5F-C013-5656-A766-3ECFFCBBF6AD</tableSpace>
<indexSegment>78328217-4259-22E0-103A-CED2806E4CC5</indexSegment>
<indexSort>SORTED</indexSort>
</PrimaryKey>
</primaryKeys>
</TableProxyOraclev11g>