<?xml version = '1.0' encoding = 'UTF-8'?>
<TableProxyOraclev11g class="oracle.dbtools.crest.model.design.storage.oracle.v11g.TableProxyOraclev11g" name="D_NYEC_SR_CURRENT_TASK" id="2451080D-B336-58B6-50C5-0B2161E3B034" directorySegmentName="seg_0">
<createdBy>ro38606</createdBy>
<createdTime>2013-05-07 18:36:20 UTC</createdTime>
<ownerDesignName>NYEC_BPM_Semantic_data_model_diagram</ownerDesignName>
<logging>YES</logging>
<columnProxies>
<ColumnProxy class="oracle.dbtools.crest.model.design.storage.oracle.v11g.ColumnProxyOraclev11g" name="Create Date" id="0360FB6E-EF57-7DC3-68C7-8BD64B41A26B">
<createdBy>ro38606</createdBy>
<createdTime>2013-05-07 18:36:20 UTC</createdTime>
<ownerDesignName>NYEC_BPM_Semantic_data_model_diagram</ownerDesignName>
</ColumnProxy>
<ColumnProxy class="oracle.dbtools.crest.model.design.storage.oracle.v11g.ColumnProxyOraclev11g" name="Current Last Update Date" id="155F580D-8A36-C936-45EF-E85B7DCFF888">
<createdBy>ro38606</createdBy>
<createdTime>2013-05-07 18:36:20 UTC</createdTime>
<ownerDesignName>NYEC_BPM_Semantic_data_model_diagram</ownerDesignName>
</ColumnProxy>
<ColumnProxy class="oracle.dbtools.crest.model.design.storage.oracle.v11g.ColumnProxyOraclev11g" name="Current Team Parent Name" id="16558DB1-B97D-6B50-BCEF-9A84E7665F2A">
<createdBy>ro38606</createdBy>
<createdTime>2013-05-07 18:36:20 UTC</createdTime>
<ownerDesignName>NYEC_BPM_Semantic_data_model_diagram</ownerDesignName>
</ColumnProxy>
<ColumnProxy class="oracle.dbtools.crest.model.design.storage.oracle.v11g.ColumnProxyOraclev11g" name="SLA Days" id="1718C820-422C-B771-6159-999AB5D4DB31">
<createdBy>ro38606</createdBy>
<createdTime>2013-05-07 18:36:20 UTC</createdTime>
<ownerDesignName>NYEC_BPM_Semantic_data_model_diagram</ownerDesignName>
</ColumnProxy>
<ColumnProxy class="oracle.dbtools.crest.model.design.storage.oracle.v11g.ColumnProxyOraclev11g" name="Current Team Name" id="21768A36-D88C-6621-3F74-B5589039BA52">
<createdBy>ro38606</createdBy>
<createdTime>2013-05-07 18:36:20 UTC</createdTime>
<ownerDesignName>NYEC_BPM_Semantic_data_model_diagram</ownerDesignName>
</ColumnProxy>
<ColumnProxy class="oracle.dbtools.crest.model.design.storage.oracle.v11g.ColumnProxyOraclev11g" name="Current Task Type" id="22E081AA-B8CC-26A2-F908-C45073B1C5E3">
<createdBy>ro38606</createdBy>
<createdTime>2013-05-07 18:36:20 UTC</createdTime>
<ownerDesignName>NYEC_BPM_Semantic_data_model_diagram</ownerDesignName>
</ColumnProxy>
<ColumnProxy class="oracle.dbtools.crest.model.design.storage.oracle.v11g.ColumnProxyOraclev11g" name="Current Task Status" id="22EA70D1-7F89-80EC-E5D2-DCE3CEEE7716">
<createdBy>ro38606</createdBy>
<createdTime>2013-05-07 18:36:20 UTC</createdTime>
<ownerDesignName>NYEC_BPM_Semantic_data_model_diagram</ownerDesignName>
</ColumnProxy>
<ColumnProxy class="oracle.dbtools.crest.model.design.storage.oracle.v11g.ColumnProxyOraclev11g" name="Cancel Work Date" id="2E743BAC-CCF6-C9BF-DEA9-53787C0CDB0C">
<createdBy>ro38606</createdBy>
<createdTime>2013-05-07 18:36:20 UTC</createdTime>
<ownerDesignName>NYEC_BPM_Semantic_data_model_diagram</ownerDesignName>
</ColumnProxy>
<ColumnProxy class="oracle.dbtools.crest.model.design.storage.oracle.v11g.ColumnProxyOraclev11g" name="Cancel Work Flag" id="3970F341-5CAC-92D2-AA76-24DEEA3AE889">
<createdBy>ro38606</createdBy>
<createdTime>2013-05-07 18:36:20 UTC</createdTime>
<ownerDesignName>NYEC_BPM_Semantic_data_model_diagram</ownerDesignName>
</ColumnProxy>
<ColumnProxy class="oracle.dbtools.crest.model.design.storage.oracle.v11g.ColumnProxyOraclev11g" name="Current Last Update By Name" id="39AB7D54-17E3-39A2-8599-0260C2E52872">
<createdBy>ro38606</createdBy>
<createdTime>2013-05-07 18:36:20 UTC</createdTime>
<ownerDesignName>NYEC_BPM_Semantic_data_model_diagram</ownerDesignName>
</ColumnProxy>
<ColumnProxy class="oracle.dbtools.crest.model.design.storage.oracle.v11g.ColumnProxyOraclev11g" name="Source Reference ID" id="3B6FF432-5286-63F4-F43E-866D8A84AC5B">
<createdBy>ro38606</createdBy>
<createdTime>2013-05-07 18:36:20 UTC</createdTime>
<ownerDesignName>NYEC_BPM_Semantic_data_model_diagram</ownerDesignName>
</ColumnProxy>
<ColumnProxy class="oracle.dbtools.crest.model.design.storage.oracle.v11g.ColumnProxyOraclev11g" name="Current Status Date" id="41B70209-7967-F3AA-8068-D9692FCE6C4E">
<createdBy>ro38606</createdBy>
<createdTime>2013-05-07 18:36:20 UTC</createdTime>
<ownerDesignName>NYEC_BPM_Semantic_data_model_diagram</ownerDesignName>
</ColumnProxy>
<ColumnProxy class="oracle.dbtools.crest.model.design.storage.oracle.v11g.ColumnProxyOraclev11g" name="Complete Date" id="46EE69A9-4F26-5DF1-6E31-A40EF8A6E236">
<createdBy>ro38606</createdBy>
<createdTime>2013-05-07 18:36:20 UTC</createdTime>
<ownerDesignName>NYEC_BPM_Semantic_data_model_diagram</ownerDesignName>
</ColumnProxy>
<ColumnProxy class="oracle.dbtools.crest.model.design.storage.oracle.v11g.ColumnProxyOraclev11g" name="Complete Flag" id="4805B2AD-F981-8108-D014-16B963B8E24C">
<createdBy>ro38606</createdBy>
<createdTime>2013-05-07 18:36:20 UTC</createdTime>
<ownerDesignName>NYEC_BPM_Semantic_data_model_diagram</ownerDesignName>
</ColumnProxy>
<ColumnProxy class="oracle.dbtools.crest.model.design.storage.oracle.v11g.ColumnProxyOraclev11g" name="Age in Calendar Days" id="59728B65-FBA5-CDBE-D0ED-DE4D16BABFDE">
<createdBy>ro38606</createdBy>
<createdTime>2013-05-07 18:36:20 UTC</createdTime>
<ownerDesignName>NYEC_BPM_Semantic_data_model_diagram</ownerDesignName>
</ColumnProxy>
<ColumnProxy class="oracle.dbtools.crest.model.design.storage.oracle.v11g.ColumnProxyOraclev11g" name="SLA Jeopardy Days" id="5D958083-9BB8-828F-26FA-D4AD0AD37E04">
<createdBy>ro38606</createdBy>
<createdTime>2013-05-07 18:36:20 UTC</createdTime>
<ownerDesignName>NYEC_BPM_Semantic_data_model_diagram</ownerDesignName>
</ColumnProxy>
<ColumnProxy class="oracle.dbtools.crest.model.design.storage.oracle.v11g.ColumnProxyOraclev11g" name="Created By Name" id="62AFEC63-A89B-20F1-F213-DD5852FE6282">
<createdBy>ro38606</createdBy>
<createdTime>2013-05-07 18:36:20 UTC</createdTime>
<ownerDesignName>NYEC_BPM_Semantic_data_model_diagram</ownerDesignName>
</ColumnProxy>
<ColumnProxy class="oracle.dbtools.crest.model.design.storage.oracle.v11g.ColumnProxyOraclev11g" name="Current Escalated To Name" id="7AF4A9B7-D1CD-AE8D-7855-02CE78417649">
<createdBy>ro38606</createdBy>
<createdTime>2013-05-07 18:36:20 UTC</createdTime>
<ownerDesignName>NYEC_BPM_Semantic_data_model_diagram</ownerDesignName>
</ColumnProxy>
<ColumnProxy class="oracle.dbtools.crest.model.design.storage.oracle.v11g.ColumnProxyOraclev11g" name="Source Reference Type" id="7D3C5CC8-0FCC-5577-5CB8-6046260DEFB0">
<createdBy>ro38606</createdBy>
<createdTime>2013-05-07 18:36:20 UTC</createdTime>
<ownerDesignName>NYEC_BPM_Semantic_data_model_diagram</ownerDesignName>
</ColumnProxy>
<ColumnProxy class="oracle.dbtools.crest.model.design.storage.oracle.v11g.ColumnProxyOraclev11g" name="Current Team Supervisor Name" id="88123376-095F-F282-B37C-CB641DACE449">
<createdBy>ro38606</createdBy>
<createdTime>2013-05-07 18:36:20 UTC</createdTime>
<ownerDesignName>NYEC_BPM_Semantic_data_model_diagram</ownerDesignName>
</ColumnProxy>
<ColumnProxy class="oracle.dbtools.crest.model.design.storage.oracle.v11g.ColumnProxyOraclev11g" name="Unit of Work" id="894C4279-2409-28C7-4C19-9461BB234667">
<createdBy>ro38606</createdBy>
<createdTime>2013-05-07 18:36:20 UTC</createdTime>
<ownerDesignName>NYEC_BPM_Semantic_data_model_diagram</ownerDesignName>
</ColumnProxy>
<ColumnProxy class="oracle.dbtools.crest.model.design.storage.oracle.v11g.ColumnProxyOraclev11g" name="Age in Business Days" id="8E37A734-E3FB-E498-9B9F-F47576B387D0">
<createdBy>ro38606</createdBy>
<createdTime>2013-05-07 18:36:20 UTC</createdTime>
<ownerDesignName>NYEC_BPM_Semantic_data_model_diagram</ownerDesignName>
</ColumnProxy>
<ColumnProxy class="oracle.dbtools.crest.model.design.storage.oracle.v11g.ColumnProxyOraclev11g" name="Current Forwarded By Name" id="90E721EA-72F3-BBAF-80ED-D184B3B8D91B">
<createdBy>ro38606</createdBy>
<createdTime>2013-05-07 18:36:20 UTC</createdTime>
<ownerDesignName>NYEC_BPM_Semantic_data_model_diagram</ownerDesignName>
</ColumnProxy>
<ColumnProxy class="oracle.dbtools.crest.model.design.storage.oracle.v11g.ColumnProxyOraclev11g" name="SLA Target Days" id="93E10952-5956-C69B-2016-12C5EEA57199">
<createdBy>ro38606</createdBy>
<createdTime>2013-05-07 18:36:20 UTC</createdTime>
<ownerDesignName>NYEC_BPM_Semantic_data_model_diagram</ownerDesignName>
</ColumnProxy>
<ColumnProxy class="oracle.dbtools.crest.model.design.storage.oracle.v11g.ColumnProxyOraclev11g" name="Jeopardy Flag" id="975ADD1D-D502-0033-8D2E-4CE29FB3D462">
<createdBy>ro38606</createdBy>
<createdTime>2013-05-07 18:36:20 UTC</createdTime>
<ownerDesignName>NYEC_BPM_Semantic_data_model_diagram</ownerDesignName>
</ColumnProxy>
<ColumnProxy class="oracle.dbtools.crest.model.design.storage.oracle.v11g.ColumnProxyOraclev11g" name="Current Escalated Flag" id="98AC42C8-5F1A-19F1-DEB1-621B5C061B45">
<createdBy>ro38606</createdBy>
<createdTime>2013-05-07 18:36:20 UTC</createdTime>
<ownerDesignName>NYEC_BPM_Semantic_data_model_diagram</ownerDesignName>
</ColumnProxy>
<ColumnProxy class="oracle.dbtools.crest.model.design.storage.oracle.v11g.ColumnProxyOraclev11g" name="Status Age in Calendar Days" id="AF7D3CFE-D720-73E0-78A3-1F9F6C573706">
<createdBy>ro38606</createdBy>
<createdTime>2013-05-07 18:36:20 UTC</createdTime>
<ownerDesignName>NYEC_BPM_Semantic_data_model_diagram</ownerDesignName>
</ColumnProxy>
<ColumnProxy class="oracle.dbtools.crest.model.design.storage.oracle.v11g.ColumnProxyOraclev11g" name="Current Group Supervisor Name" id="BD054C33-895D-C2D6-2CD7-91FB5276EAEF">
<createdBy>ro38606</createdBy>
<createdTime>2013-05-07 18:36:20 UTC</createdTime>
<ownerDesignName>NYEC_BPM_Semantic_data_model_diagram</ownerDesignName>
</ColumnProxy>
<ColumnProxy class="oracle.dbtools.crest.model.design.storage.oracle.v11g.ColumnProxyOraclev11g" name="SLA Days Type" id="CAE8CC07-1C64-13DB-E446-C9B79656A305">
<createdBy>ro38606</createdBy>
<createdTime>2013-05-07 18:36:20 UTC</createdTime>
<ownerDesignName>NYEC_BPM_Semantic_data_model_diagram</ownerDesignName>
</ColumnProxy>
<ColumnProxy class="oracle.dbtools.crest.model.design.storage.oracle.v11g.ColumnProxyOraclev11g" name="Timeliness Status" id="CFE96CCF-4A43-5012-1464-88D26FC1105E">
<createdBy>ro38606</createdBy>
<createdTime>2013-05-07 18:36:20 UTC</createdTime>
<ownerDesignName>NYEC_BPM_Semantic_data_model_diagram</ownerDesignName>
</ColumnProxy>
<ColumnProxy class="oracle.dbtools.crest.model.design.storage.oracle.v11g.ColumnProxyOraclev11g" name="Current Owner Name" id="D32D5959-D55F-0EB5-91CD-B463AC98A526">
<createdBy>ro38606</createdBy>
<createdTime>2013-05-07 18:36:20 UTC</createdTime>
<ownerDesignName>NYEC_BPM_Semantic_data_model_diagram</ownerDesignName>
</ColumnProxy>
<ColumnProxy class="oracle.dbtools.crest.model.design.storage.oracle.v11g.ColumnProxyOraclev11g" name="Current Forwarded Flag" id="D8F61BDD-393E-5797-5B86-23D958DFBD38">
<createdBy>ro38606</createdBy>
<createdTime>2013-05-07 18:36:20 UTC</createdTime>
<ownerDesignName>NYEC_BPM_Semantic_data_model_diagram</ownerDesignName>
</ColumnProxy>
<ColumnProxy class="oracle.dbtools.crest.model.design.storage.oracle.v11g.ColumnProxyOraclev11g" name="Status Age in Business Days" id="E278A3FF-D1F1-4908-32E1-F8D937DBEFC9">
<createdBy>ro38606</createdBy>
<createdTime>2013-05-07 18:36:20 UTC</createdTime>
<ownerDesignName>NYEC_BPM_Semantic_data_model_diagram</ownerDesignName>
</ColumnProxy>
<ColumnProxy class="oracle.dbtools.crest.model.design.storage.oracle.v11g.ColumnProxyOraclev11g" name="Current Group Parent Name" id="E6BB87E6-44FA-D78E-0B8C-88F5F59BA303">
<createdBy>ro38606</createdBy>
<createdTime>2013-05-07 18:36:20 UTC</createdTime>
<ownerDesignName>NYEC_BPM_Semantic_data_model_diagram</ownerDesignName>
</ColumnProxy>
<ColumnProxy class="oracle.dbtools.crest.model.design.storage.oracle.v11g.ColumnProxyOraclev11g" name="Current Task ID" id="F18CB96A-2598-524A-9ACD-46D5F8BF1964">
<createdBy>ro38606</createdBy>
<createdTime>2013-05-07 18:36:20 UTC</createdTime>
<ownerDesignName>NYEC_BPM_Semantic_data_model_diagram</ownerDesignName>
</ColumnProxy>
<ColumnProxy class="oracle.dbtools.crest.model.design.storage.oracle.v11g.ColumnProxyOraclev11g" name="Current Group Name" id="F5612141-5242-FCB3-6670-0C982F71D4B1">
<createdBy>ro38606</createdBy>
<createdTime>2013-05-07 18:36:20 UTC</createdTime>
<ownerDesignName>NYEC_BPM_Semantic_data_model_diagram</ownerDesignName>
</ColumnProxy>
</columnProxies>
</TableProxyOraclev11g>