<?xml version = '1.0' encoding = 'UTF-8'?>
<TableProxyOraclev11g class="oracle.dbtools.crest.model.design.storage.oracle.v11g.TableProxyOraclev11g" name="D_NYEC_PA_DATA_ENTRY_TASK" id="30BD9C34-DBF2-FBB1-43C6-F6A2FD7E11DA" directorySegmentName="seg_0">
<createdBy>ro38606</createdBy>
<createdTime>2013-05-07 18:14:07 UTC</createdTime>
<ownerDesignName>NYEC_BPM_Semantic_data_model_diagram</ownerDesignName>
<logging>YES</logging>
<columnProxies>
<ColumnProxy class="oracle.dbtools.crest.model.design.storage.oracle.v11g.ColumnProxyOraclev11g" name="Source Reference Type" id="02EE9CCA-287F-3512-8C9C-441DC5A0557E">
<createdBy>ro38606</createdBy>
<createdTime>2013-05-07 18:14:07 UTC</createdTime>
<ownerDesignName>NYEC_BPM_Semantic_data_model_diagram</ownerDesignName>
</ColumnProxy>
<ColumnProxy class="oracle.dbtools.crest.model.design.storage.oracle.v11g.ColumnProxyOraclev11g" name="Current Group Supervisor Name" id="14DF4C41-CD6B-A8D9-21EE-66B57F3F9FD6">
<createdBy>ro38606</createdBy>
<createdTime>2013-05-07 18:14:07 UTC</createdTime>
<ownerDesignName>NYEC_BPM_Semantic_data_model_diagram</ownerDesignName>
</ColumnProxy>
<ColumnProxy class="oracle.dbtools.crest.model.design.storage.oracle.v11g.ColumnProxyOraclev11g" name="Created By Name" id="1C467EED-92DC-A3D4-B1A6-8B926B07C8EF">
<createdBy>ro38606</createdBy>
<createdTime>2013-05-07 18:14:07 UTC</createdTime>
<ownerDesignName>NYEC_BPM_Semantic_data_model_diagram</ownerDesignName>
</ColumnProxy>
<ColumnProxy class="oracle.dbtools.crest.model.design.storage.oracle.v11g.ColumnProxyOraclev11g" name="Current Status Date" id="29BC26E2-C071-69B6-9791-103075810DB2">
<createdBy>ro38606</createdBy>
<createdTime>2013-05-07 18:14:07 UTC</createdTime>
<ownerDesignName>NYEC_BPM_Semantic_data_model_diagram</ownerDesignName>
</ColumnProxy>
<ColumnProxy class="oracle.dbtools.crest.model.design.storage.oracle.v11g.ColumnProxyOraclev11g" name="Current Forwarded Flag" id="2F4FB991-D031-4D63-3B46-2A53603563B9">
<createdBy>ro38606</createdBy>
<createdTime>2013-05-07 18:14:07 UTC</createdTime>
<ownerDesignName>NYEC_BPM_Semantic_data_model_diagram</ownerDesignName>
</ColumnProxy>
<ColumnProxy class="oracle.dbtools.crest.model.design.storage.oracle.v11g.ColumnProxyOraclev11g" name="Current Team Name" id="38F19894-D7E0-28F5-A3CE-AAC6FD16A67D">
<createdBy>ro38606</createdBy>
<createdTime>2013-05-07 18:14:07 UTC</createdTime>
<ownerDesignName>NYEC_BPM_Semantic_data_model_diagram</ownerDesignName>
</ColumnProxy>
<ColumnProxy class="oracle.dbtools.crest.model.design.storage.oracle.v11g.ColumnProxyOraclev11g" name="Source Reference ID" id="3BEBF11A-8A28-83D0-DFC6-2AB6FD0B867E">
<createdBy>ro38606</createdBy>
<createdTime>2013-05-07 18:14:07 UTC</createdTime>
<ownerDesignName>NYEC_BPM_Semantic_data_model_diagram</ownerDesignName>
</ColumnProxy>
<ColumnProxy class="oracle.dbtools.crest.model.design.storage.oracle.v11g.ColumnProxyOraclev11g" name="Data Entry Task ID" id="40299669-541B-8631-72E7-F04798DCD9E7">
<createdBy>ro38606</createdBy>
<createdTime>2013-05-07 18:14:07 UTC</createdTime>
<ownerDesignName>NYEC_BPM_Semantic_data_model_diagram</ownerDesignName>
</ColumnProxy>
<ColumnProxy class="oracle.dbtools.crest.model.design.storage.oracle.v11g.ColumnProxyOraclev11g" name="Current Group Parent Name" id="42728393-67F4-FF3E-8734-9C4AC8F0DB1A">
<createdBy>ro38606</createdBy>
<createdTime>2013-05-07 18:14:07 UTC</createdTime>
<ownerDesignName>NYEC_BPM_Semantic_data_model_diagram</ownerDesignName>
</ColumnProxy>
<ColumnProxy class="oracle.dbtools.crest.model.design.storage.oracle.v11g.ColumnProxyOraclev11g" name="Timeliness Status" id="427CAF39-C3D3-D757-98A5-3642D3F17425">
<createdBy>ro38606</createdBy>
<createdTime>2013-05-07 18:14:07 UTC</createdTime>
<ownerDesignName>NYEC_BPM_Semantic_data_model_diagram</ownerDesignName>
</ColumnProxy>
<ColumnProxy class="oracle.dbtools.crest.model.design.storage.oracle.v11g.ColumnProxyOraclev11g" name="Status Age in Calendar Days" id="4BB228DD-351B-B7BE-CAE8-52CC2A88AAFB">
<createdBy>ro38606</createdBy>
<createdTime>2013-05-07 18:14:07 UTC</createdTime>
<ownerDesignName>NYEC_BPM_Semantic_data_model_diagram</ownerDesignName>
</ColumnProxy>
<ColumnProxy class="oracle.dbtools.crest.model.design.storage.oracle.v11g.ColumnProxyOraclev11g" name="Cancel Work Flag" id="5B3B586F-8094-D824-68A8-1876F7EECC2E">
<createdBy>ro38606</createdBy>
<createdTime>2013-05-07 18:14:07 UTC</createdTime>
<ownerDesignName>NYEC_BPM_Semantic_data_model_diagram</ownerDesignName>
</ColumnProxy>
<ColumnProxy class="oracle.dbtools.crest.model.design.storage.oracle.v11g.ColumnProxyOraclev11g" name="Jeopardy Flag" id="63BABFD3-61A5-7BAB-A554-BAE44F424673">
<createdBy>ro38606</createdBy>
<createdTime>2013-05-07 18:14:07 UTC</createdTime>
<ownerDesignName>NYEC_BPM_Semantic_data_model_diagram</ownerDesignName>
</ColumnProxy>
<ColumnProxy class="oracle.dbtools.crest.model.design.storage.oracle.v11g.ColumnProxyOraclev11g" name="SLA Target Days" id="7802BA28-0756-20BD-6CD4-41B2B46B2341">
<createdBy>ro38606</createdBy>
<createdTime>2013-05-07 18:14:07 UTC</createdTime>
<ownerDesignName>NYEC_BPM_Semantic_data_model_diagram</ownerDesignName>
</ColumnProxy>
<ColumnProxy class="oracle.dbtools.crest.model.design.storage.oracle.v11g.ColumnProxyOraclev11g" name="Current Last Update Date" id="7D805275-E854-34EA-974F-A9C8E7497B5A">
<createdBy>ro38606</createdBy>
<createdTime>2013-05-07 18:14:07 UTC</createdTime>
<ownerDesignName>NYEC_BPM_Semantic_data_model_diagram</ownerDesignName>
</ColumnProxy>
<ColumnProxy class="oracle.dbtools.crest.model.design.storage.oracle.v11g.ColumnProxyOraclev11g" name="Create Date" id="847710B0-AB69-F4D4-6936-049D201857F6">
<createdBy>ro38606</createdBy>
<createdTime>2013-05-07 18:14:07 UTC</createdTime>
<ownerDesignName>NYEC_BPM_Semantic_data_model_diagram</ownerDesignName>
</ColumnProxy>
<ColumnProxy class="oracle.dbtools.crest.model.design.storage.oracle.v11g.ColumnProxyOraclev11g" name="Complete Date" id="8F31E9AD-F19A-C0EF-225A-798DBF15B69B">
<createdBy>ro38606</createdBy>
<createdTime>2013-05-07 18:14:07 UTC</createdTime>
<ownerDesignName>NYEC_BPM_Semantic_data_model_diagram</ownerDesignName>
</ColumnProxy>
<ColumnProxy class="oracle.dbtools.crest.model.design.storage.oracle.v11g.ColumnProxyOraclev11g" name="SLA Jeopardy Days" id="8F34A255-8A3B-E1F5-3CFD-2048EAB740D7">
<createdBy>ro38606</createdBy>
<createdTime>2013-05-07 18:14:07 UTC</createdTime>
<ownerDesignName>NYEC_BPM_Semantic_data_model_diagram</ownerDesignName>
</ColumnProxy>
<ColumnProxy class="oracle.dbtools.crest.model.design.storage.oracle.v11g.ColumnProxyOraclev11g" name="Current Team Parent Name" id="9176E61B-AF63-03C5-A654-E48F10A14237">
<createdBy>ro38606</createdBy>
<createdTime>2013-05-07 18:14:07 UTC</createdTime>
<ownerDesignName>NYEC_BPM_Semantic_data_model_diagram</ownerDesignName>
</ColumnProxy>
<ColumnProxy class="oracle.dbtools.crest.model.design.storage.oracle.v11g.ColumnProxyOraclev11g" name="Complete Flag" id="932A82E3-460D-90D5-A1DB-544B7C021DC5">
<createdBy>ro38606</createdBy>
<createdTime>2013-05-07 18:14:07 UTC</createdTime>
<ownerDesignName>NYEC_BPM_Semantic_data_model_diagram</ownerDesignName>
</ColumnProxy>
<ColumnProxy class="oracle.dbtools.crest.model.design.storage.oracle.v11g.ColumnProxyOraclev11g" name="Status Age in Business Days" id="93A45D6D-A585-8630-668B-B72900BDB5F1">
<createdBy>ro38606</createdBy>
<createdTime>2013-05-07 18:14:07 UTC</createdTime>
<ownerDesignName>NYEC_BPM_Semantic_data_model_diagram</ownerDesignName>
</ColumnProxy>
<ColumnProxy class="oracle.dbtools.crest.model.design.storage.oracle.v11g.ColumnProxyOraclev11g" name="Current Task Type" id="97FF43B5-421F-7C69-08E2-36FE195E1E4D">
<createdBy>ro38606</createdBy>
<createdTime>2013-05-07 18:14:07 UTC</createdTime>
<ownerDesignName>NYEC_BPM_Semantic_data_model_diagram</ownerDesignName>
</ColumnProxy>
<ColumnProxy class="oracle.dbtools.crest.model.design.storage.oracle.v11g.ColumnProxyOraclev11g" name="Age in Calendar Days" id="A0031497-468C-87CD-99EC-8B977A18760E">
<createdBy>ro38606</createdBy>
<createdTime>2013-05-07 18:14:07 UTC</createdTime>
<ownerDesignName>NYEC_BPM_Semantic_data_model_diagram</ownerDesignName>
</ColumnProxy>
<ColumnProxy class="oracle.dbtools.crest.model.design.storage.oracle.v11g.ColumnProxyOraclev11g" name="Current Owner Name" id="A7D92446-B00D-77C9-6DB0-0CC3ABFD4463">
<createdBy>ro38606</createdBy>
<createdTime>2013-05-07 18:14:07 UTC</createdTime>
<ownerDesignName>NYEC_BPM_Semantic_data_model_diagram</ownerDesignName>
</ColumnProxy>
<ColumnProxy class="oracle.dbtools.crest.model.design.storage.oracle.v11g.ColumnProxyOraclev11g" name="Current Escalated Flag" id="A88F381B-9CE1-473C-FB1C-A3A7C2534FE7">
<createdBy>ro38606</createdBy>
<createdTime>2013-05-07 18:14:07 UTC</createdTime>
<ownerDesignName>NYEC_BPM_Semantic_data_model_diagram</ownerDesignName>
</ColumnProxy>
<ColumnProxy class="oracle.dbtools.crest.model.design.storage.oracle.v11g.ColumnProxyOraclev11g" name="Current Task Status" id="ADF48570-4D22-52C1-A42A-8339EA3E0B8D">
<createdBy>ro38606</createdBy>
<createdTime>2013-05-07 18:14:07 UTC</createdTime>
<ownerDesignName>NYEC_BPM_Semantic_data_model_diagram</ownerDesignName>
</ColumnProxy>
<ColumnProxy class="oracle.dbtools.crest.model.design.storage.oracle.v11g.ColumnProxyOraclev11g" name="SLA Days Type" id="BE416F72-958F-162C-6BDF-1EA4ADCF9FB5">
<createdBy>ro38606</createdBy>
<createdTime>2013-05-07 18:14:07 UTC</createdTime>
<ownerDesignName>NYEC_BPM_Semantic_data_model_diagram</ownerDesignName>
</ColumnProxy>
<ColumnProxy class="oracle.dbtools.crest.model.design.storage.oracle.v11g.ColumnProxyOraclev11g" name="Current Forwarded By Name" id="BFD2D2A0-71BF-3481-756E-C6D2E4FBA4F2">
<createdBy>ro38606</createdBy>
<createdTime>2013-05-07 18:14:07 UTC</createdTime>
<ownerDesignName>NYEC_BPM_Semantic_data_model_diagram</ownerDesignName>
</ColumnProxy>
<ColumnProxy class="oracle.dbtools.crest.model.design.storage.oracle.v11g.ColumnProxyOraclev11g" name="Unit of Work" id="C4447D31-A83B-5052-F6CC-55B962889233">
<createdBy>ro38606</createdBy>
<createdTime>2013-05-07 18:14:07 UTC</createdTime>
<ownerDesignName>NYEC_BPM_Semantic_data_model_diagram</ownerDesignName>
</ColumnProxy>
<ColumnProxy class="oracle.dbtools.crest.model.design.storage.oracle.v11g.ColumnProxyOraclev11g" name="Age in Business Days" id="CD9A196B-3CBC-87EE-16CE-8DBC46109EDD">
<createdBy>ro38606</createdBy>
<createdTime>2013-05-07 18:14:07 UTC</createdTime>
<ownerDesignName>NYEC_BPM_Semantic_data_model_diagram</ownerDesignName>
</ColumnProxy>
<ColumnProxy class="oracle.dbtools.crest.model.design.storage.oracle.v11g.ColumnProxyOraclev11g" name="Current Escalated To Name" id="D88F5D1F-8862-E917-1E18-2FBAC8C516C9">
<createdBy>ro38606</createdBy>
<createdTime>2013-05-07 18:14:07 UTC</createdTime>
<ownerDesignName>NYEC_BPM_Semantic_data_model_diagram</ownerDesignName>
</ColumnProxy>
<ColumnProxy class="oracle.dbtools.crest.model.design.storage.oracle.v11g.ColumnProxyOraclev11g" name="SLA Days" id="DF2E2EFC-62CB-F87C-91A1-CD16DAE084D2">
<createdBy>ro38606</createdBy>
<createdTime>2013-05-07 18:14:07 UTC</createdTime>
<ownerDesignName>NYEC_BPM_Semantic_data_model_diagram</ownerDesignName>
</ColumnProxy>
<ColumnProxy class="oracle.dbtools.crest.model.design.storage.oracle.v11g.ColumnProxyOraclev11g" name="Current Last Update By Name" id="E5F8ED93-0814-9849-D694-32537CE334B7">
<createdBy>ro38606</createdBy>
<createdTime>2013-05-07 18:14:07 UTC</createdTime>
<ownerDesignName>NYEC_BPM_Semantic_data_model_diagram</ownerDesignName>
</ColumnProxy>
<ColumnProxy class="oracle.dbtools.crest.model.design.storage.oracle.v11g.ColumnProxyOraclev11g" name="Current Team Supervisor Name" id="E7220321-B486-5EA9-ABEC-824162098F73">
<createdBy>ro38606</createdBy>
<createdTime>2013-05-07 18:14:07 UTC</createdTime>
<ownerDesignName>NYEC_BPM_Semantic_data_model_diagram</ownerDesignName>
</ColumnProxy>
<ColumnProxy class="oracle.dbtools.crest.model.design.storage.oracle.v11g.ColumnProxyOraclev11g" name="Cancel Work Date" id="EF3FAA02-E792-4874-EE3F-0849A9E85932">
<createdBy>ro38606</createdBy>
<createdTime>2013-05-07 18:14:07 UTC</createdTime>
<ownerDesignName>NYEC_BPM_Semantic_data_model_diagram</ownerDesignName>
</ColumnProxy>
<ColumnProxy class="oracle.dbtools.crest.model.design.storage.oracle.v11g.ColumnProxyOraclev11g" name="Current Group Name" id="F03ACF1C-29D3-FD6D-05D1-F62CD8457CE8">
<createdBy>ro38606</createdBy>
<createdTime>2013-05-07 18:14:07 UTC</createdTime>
<ownerDesignName>NYEC_BPM_Semantic_data_model_diagram</ownerDesignName>
</ColumnProxy>
</columnProxies>
</TableProxyOraclev11g>