<?xml version = '1.0' encoding = 'UTF-8'?>
<TableProxyOraclev11g class="oracle.dbtools.crest.model.design.storage.oracle.v11g.TableProxyOraclev11g" name="D_NYEC_PA_WMS_REASON" id="3316AFE0-58C1-2EA1-22B9-1885B6CAC173" directorySegmentName="seg_0">
<createdBy>ro38606</createdBy>
<createdTime>2013-05-10 06:45:04 UTC</createdTime>
<ownerDesignName>NYEC_BPM_Semantic_data_model_diagram</ownerDesignName>
<logging>YES</logging>
<parallel>YES</parallel>
<partitionedRowMovement>DISABLE</partitionedRowMovement>
<segment>0308D552-AF5F-CD15-E8CD-922B0969993A</segment>
<tableSpace>49103D8C-B61A-BBCA-77AA-EF6B9A69D4F7</tableSpace>
<columnProxies>
<ColumnProxy class="oracle.dbtools.crest.model.design.storage.oracle.v11g.ColumnProxyOraclev11g" name="WMS_REASON" id="13BCC3C2-36EC-7B5E-1E17-556C7646F90F">
<createdBy>ro38606</createdBy>
<createdTime>2013-05-10 06:45:05 UTC</createdTime>
<ownerDesignName>NYEC_BPM_Semantic_data_model_diagram</ownerDesignName>
</ColumnProxy>
<ColumnProxy class="oracle.dbtools.crest.model.design.storage.oracle.v11g.ColumnProxyOraclev11g" name="DNPAWMSR_ID" id="3C761DCB-8612-E275-EBA7-DCA5F2C8569B">
<createdBy>ro38606</createdBy>
<createdTime>2013-05-10 06:45:05 UTC</createdTime>
<ownerDesignName>NYEC_BPM_Semantic_data_model_diagram</ownerDesignName>
</ColumnProxy>
</columnProxies>
<indexProxies>
<IndexProxy class="oracle.dbtools.crest.model.design.storage.oracle.v10g.IndexProxyOraclev10g" name="DNPAWMSR_UIX1" id="DB518918-E662-86E0-255B-C2BC38B2FF60">
<createdBy>ro38606</createdBy>
<createdTime>2013-05-10 06:45:06 UTC</createdTime>
<ownerDesignName>NYEC_BPM_Semantic_data_model_diagram</ownerDesignName>
<parallel>YES</parallel>
<segment>12BBC59D-77D8-6E54-0C99-FA724024CF06</segment>
<sortedRows>SORTED</sortedRows>
<tableSpace>BACC5B86-40F0-43FF-0A17-237CBF08C3A2</tableSpace>
</IndexProxy>
</indexProxies>
<primaryKeys>
<PrimaryKey class="oracle.dbtools.crest.model.design.storage.oracle.v10g.PKProxyOraclev10g" name="DNPAWMSR_PK" id="853F71F3-EE22-BDF0-1E35-3266064C4C77">
<createdBy>ro38606</createdBy>
<createdTime>2013-05-10 06:45:08 UTC</createdTime>
<ownerDesignName>NYEC_BPM_Semantic_data_model_diagram</ownerDesignName>
<sortedRows>SORTED</sortedRows>
<tableSpace>BACC5B86-40F0-43FF-0A17-237CBF08C3A2</tableSpace>
<indexSegment>12BBC59D-77D8-6E54-0C99-FA724024CF06</indexSegment>
<indexSort>SORTED</indexSort>
</PrimaryKey>
</primaryKeys>
</TableProxyOraclev11g>