<?xml version = '1.0' encoding = 'UTF-8'?>
<TableProxyOraclev11g class="oracle.dbtools.crest.model.design.storage.oracle.v11g.TableProxyOraclev11g" name="D_NYEC_PA_CURRENT" id="3566CEA2-B143-36C8-C086-828954AFC209" directorySegmentName="seg_0">
<createdBy>ro38606</createdBy>
<createdTime>2013-05-07 16:46:52 UTC</createdTime>
<ownerDesignName>NYEC_BPM_Semantic_data_model_diagram</ownerDesignName>
<logging>YES</logging>
<parallel>YES</parallel>
<partitionedRowMovement>DISABLE</partitionedRowMovement>
<segment>85B89FB1-3F42-0B6D-42FB-89733184C9EE</segment>
<tableSpace>8D282799-0AFE-F2FF-2AEA-CF205662762F</tableSpace>
<columnProxies>
<ColumnProxy class="oracle.dbtools.crest.model.design.storage.oracle.v11g.ColumnProxyOraclev11g" name="Jeopardy Flag" id="031ECDCA-541C-ECDA-5C19-517ED71CEEAC">
<createdBy>ro38606</createdBy>
<createdTime>2013-05-07 16:47:21 UTC</createdTime>
<ownerDesignName>NYEC_BPM_Semantic_data_model_diagram</ownerDesignName>
</ColumnProxy>
<ColumnProxy class="oracle.dbtools.crest.model.design.storage.oracle.v11g.ColumnProxyOraclev11g" name="Cancel App Flag" id="044797D2-3374-73F1-73BD-546883956E11">
<createdBy>ro38606</createdBy>
<createdTime>2013-05-07 16:47:19 UTC</createdTime>
<ownerDesignName>NYEC_BPM_Semantic_data_model_diagram</ownerDesignName>
</ColumnProxy>
<ColumnProxy class="oracle.dbtools.crest.model.design.storage.oracle.v11g.ColumnProxyOraclev11g" name="Notify Clnt Pend App Flag" id="0574E305-0600-4C55-1828-42DD58F623D2">
<createdBy>ro38606</createdBy>
<createdTime>2013-05-07 16:47:22 UTC</createdTime>
<ownerDesignName>NYEC_BPM_Semantic_data_model_diagram</ownerDesignName>
</ColumnProxy>
<ColumnProxy class="oracle.dbtools.crest.model.design.storage.oracle.v11g.ColumnProxyOraclev11g" name="Age in Business Days" id="05E3369A-B576-338C-32A8-54D3ED7ABD76">
<createdBy>ro38606</createdBy>
<createdTime>2013-05-07 16:47:19 UTC</createdTime>
<ownerDesignName>NYEC_BPM_Semantic_data_model_diagram</ownerDesignName>
</ColumnProxy>
<ColumnProxy class="oracle.dbtools.crest.model.design.storage.oracle.v11g.ColumnProxyOraclev11g" name="Review Enter Data Flag" id="062E620A-3207-B8D9-0C99-40D3E138FFA7">
<createdBy>ro38606</createdBy>
<createdTime>2013-05-07 16:47:26 UTC</createdTime>
<ownerDesignName>NYEC_BPM_Semantic_data_model_diagram</ownerDesignName>
</ColumnProxy>
<ColumnProxy class="oracle.dbtools.crest.model.design.storage.oracle.v11g.ColumnProxyOraclev11g" name="Reverse Clearance Outcome" id="06D7E249-B6C7-426D-AD11-993D09270209">
<createdBy>ro38606</createdBy>
<createdTime>2013-05-07 16:47:29 UTC</createdTime>
<ownerDesignName>NYEC_BPM_Semantic_data_model_diagram</ownerDesignName>
</ColumnProxy>
<ColumnProxy class="oracle.dbtools.crest.model.design.storage.oracle.v11g.ColumnProxyOraclev11g" name="Missing Information Flag" id="089B5E16-EDB1-37D4-9923-D3F1434DCAEA">
<createdBy>ro38606</createdBy>
<createdTime>2013-05-07 16:47:22 UTC</createdTime>
<ownerDesignName>NYEC_BPM_Semantic_data_model_diagram</ownerDesignName>
</ColumnProxy>
<ColumnProxy class="oracle.dbtools.crest.model.design.storage.oracle.v11g.ColumnProxyOraclev11g" name="QC Outcome Flag" id="0B02BF65-BAC6-4639-25B1-816D58AC994B">
<createdBy>ro38606</createdBy>
<createdTime>2013-05-07 16:47:24 UTC</createdTime>
<ownerDesignName>NYEC_BPM_Semantic_data_model_diagram</ownerDesignName>
</ColumnProxy>
<ColumnProxy class="oracle.dbtools.crest.model.design.storage.oracle.v11g.ColumnProxyOraclev11g" name="Cur HEART App Status" id="0C06840B-194A-181B-84DF-5445402C50FE">
<createdBy>ro38606</createdBy>
<createdTime>2013-05-07 16:47:28 UTC</createdTime>
<ownerDesignName>NYEC_BPM_Semantic_data_model_diagram</ownerDesignName>
</ColumnProxy>
<ColumnProxy class="oracle.dbtools.crest.model.design.storage.oracle.v11g.ColumnProxyOraclev11g" name="Cur Refer to LDSS Flag" id="0E7CAC42-ACA2-019E-2E8F-E32616E8EBA2">
<createdBy>ro38606</createdBy>
<createdTime>2013-05-07 16:47:28 UTC</createdTime>
<ownerDesignName>NYEC_BPM_Semantic_data_model_diagram</ownerDesignName>
</ColumnProxy>
<ColumnProxy class="oracle.dbtools.crest.model.design.storage.oracle.v11g.ColumnProxyOraclev11g" name="Current Task ID" id="19714B4A-6BFE-0DF1-4E92-919689AEE4EE">
<createdBy>ro38606</createdBy>
<createdTime>2013-05-07 16:47:21 UTC</createdTime>
<ownerDesignName>NYEC_BPM_Semantic_data_model_diagram</ownerDesignName>
</ColumnProxy>
<ColumnProxy class="oracle.dbtools.crest.model.design.storage.oracle.v11g.ColumnProxyOraclev11g" name="KPR App Cycle Business Days" id="1ABB5FC7-CF8A-A7D2-D93C-0F56ADEA0C49">
<createdBy>ro38606</createdBy>
<createdTime>2013-05-07 16:47:21 UTC</createdTime>
<ownerDesignName>NYEC_BPM_Semantic_data_model_diagram</ownerDesignName>
</ColumnProxy>
<ColumnProxy class="oracle.dbtools.crest.model.design.storage.oracle.v11g.ColumnProxyOraclev11g" name="App Age in Calendar Days" id="1B31535B-9C87-1325-8211-D7F071EE9ED5">
<createdBy>ro38606</createdBy>
<createdTime>2013-05-07 16:47:30 UTC</createdTime>
<ownerDesignName>NYEC_BPM_Semantic_data_model_diagram</ownerDesignName>
</ColumnProxy>
<ColumnProxy class="oracle.dbtools.crest.model.design.storage.oracle.v11g.ColumnProxyOraclev11g" name="Provider Name" id="1E391B8C-82DF-D6D7-08E5-2F4528E771AE">
<createdBy>ro38606</createdBy>
<createdTime>2013-05-07 16:47:29 UTC</createdTime>
<ownerDesignName>NYEC_BPM_Semantic_data_model_diagram</ownerDesignName>
</ColumnProxy>
<ColumnProxy class="oracle.dbtools.crest.model.design.storage.oracle.v11g.ColumnProxyOraclev11g" name="Outcome Notif Req Gateway Flag" id="23F16499-DFEA-9AA6-A528-15F48A15C790">
<createdBy>ro38606</createdBy>
<createdTime>2013-05-07 16:47:23 UTC</createdTime>
<ownerDesignName>NYEC_BPM_Semantic_data_model_diagram</ownerDesignName>
</ColumnProxy>
<ColumnProxy class="oracle.dbtools.crest.model.design.storage.oracle.v11g.ColumnProxyOraclev11g" name="Application Type" id="244DB1E4-6804-E3FA-C05C-E32AF2EB7A4D">
<createdBy>ro38606</createdBy>
<createdTime>2013-05-07 16:47:19 UTC</createdTime>
<ownerDesignName>NYEC_BPM_Semantic_data_model_diagram</ownerDesignName>
</ColumnProxy>
<ColumnProxy class="oracle.dbtools.crest.model.design.storage.oracle.v11g.ColumnProxyOraclev11g" name="Upstate/Downstate Indictr" id="26AEA016-7030-4CCB-A92F-9243D0B03BB8">
<createdBy>ro38606</createdBy>
<createdTime>2013-05-07 16:47:29 UTC</createdTime>
<ownerDesignName>NYEC_BPM_Semantic_data_model_diagram</ownerDesignName>
</ColumnProxy>
<ColumnProxy class="oracle.dbtools.crest.model.design.storage.oracle.v11g.ColumnProxyOraclev11g" name="Research Task ID" id="2864E8B6-0FEB-83EA-8E12-D6CE2D2F6D8D">
<createdBy>ro38606</createdBy>
<createdTime>2013-05-07 16:47:25 UTC</createdTime>
<ownerDesignName>NYEC_BPM_Semantic_data_model_diagram</ownerDesignName>
</ColumnProxy>
<ColumnProxy class="oracle.dbtools.crest.model.design.storage.oracle.v11g.ColumnProxyOraclev11g" name="Perform Research Date" id="28CF232B-5FF3-1D79-CBA3-12BD050F70D4">
<createdBy>ro38606</createdBy>
<createdTime>2013-05-07 16:47:23 UTC</createdTime>
<ownerDesignName>NYEC_BPM_Semantic_data_model_diagram</ownerDesignName>
</ColumnProxy>
<ColumnProxy class="oracle.dbtools.crest.model.design.storage.oracle.v11g.ColumnProxyOraclev11g" name="KPR App Cycle Calendar Days" id="2B556677-6362-62FF-457D-D0E841132746">
<createdBy>ro38606</createdBy>
<createdTime>2013-05-07 16:47:21 UTC</createdTime>
<ownerDesignName>NYEC_BPM_Semantic_data_model_diagram</ownerDesignName>
</ColumnProxy>
<ColumnProxy class="oracle.dbtools.crest.model.design.storage.oracle.v11g.ColumnProxyOraclev11g" name="Eligibility Action" id="2EE83431-BBC1-89ED-3A07-A003C2D88019">
<createdBy>ro38606</createdBy>
<createdTime>2013-05-07 16:47:21 UTC</createdTime>
<ownerDesignName>NYEC_BPM_Semantic_data_model_diagram</ownerDesignName>
</ColumnProxy>
<ColumnProxy class="oracle.dbtools.crest.model.design.storage.oracle.v11g.ColumnProxyOraclev11g" name="Complete Date" id="331B2156-1F9C-62F6-18AE-8480175F5B1C">
<createdBy>ro38606</createdBy>
<createdTime>2013-05-07 16:47:20 UTC</createdTime>
<ownerDesignName>NYEC_BPM_Semantic_data_model_diagram</ownerDesignName>
</ColumnProxy>
<ColumnProxy class="oracle.dbtools.crest.model.design.storage.oracle.v11g.ColumnProxyOraclev11g" name="State Review Task Count" id="340BB31B-FB91-637F-986D-1DA2CDEEB4F8">
<createdBy>ro38606</createdBy>
<createdTime>2013-05-07 16:47:27 UTC</createdTime>
<ownerDesignName>NYEC_BPM_Semantic_data_model_diagram</ownerDesignName>
</ColumnProxy>
<ColumnProxy class="oracle.dbtools.crest.model.design.storage.oracle.v11g.ColumnProxyOraclev11g" name="Research Flag" id="368AF51B-DC21-BCF5-A08E-6542595FB480">
<createdBy>ro38606</createdBy>
<createdTime>2013-05-07 16:47:25 UTC</createdTime>
<ownerDesignName>NYEC_BPM_Semantic_data_model_diagram</ownerDesignName>
</ColumnProxy>
<ColumnProxy class="oracle.dbtools.crest.model.design.storage.oracle.v11g.ColumnProxyOraclev11g" name="Perform QC Start Date" id="36C4BD51-83F8-8DA7-9812-E1B0E052D2AE">
<createdBy>ro38606</createdBy>
<createdTime>2013-05-07 16:47:23 UTC</createdTime>
<ownerDesignName>NYEC_BPM_Semantic_data_model_diagram</ownerDesignName>
</ColumnProxy>
<ColumnProxy class="oracle.dbtools.crest.model.design.storage.oracle.v11g.ColumnProxyOraclev11g" name="Cur CIN" id="391A2481-AC54-555A-D000-BFC90E2E128E">
<createdBy>ro38606</createdBy>
<createdTime>2013-05-07 16:47:28 UTC</createdTime>
<ownerDesignName>NYEC_BPM_Semantic_data_model_diagram</ownerDesignName>
</ColumnProxy>
<ColumnProxy class="oracle.dbtools.crest.model.design.storage.oracle.v11g.ColumnProxyOraclev11g" name="Outcome Letter ID" id="394E1013-8A4E-BF0D-0C45-CBC8EBDFF026">
<createdBy>ro38606</createdBy>
<createdTime>2013-05-07 16:47:31 UTC</createdTime>
<ownerDesignName>NYEC_BPM_Semantic_data_model_diagram</ownerDesignName>
</ColumnProxy>
<ColumnProxy class="oracle.dbtools.crest.model.design.storage.oracle.v11g.ColumnProxyOraclev11g" name="Auto Reprocess Flag" id="3BEDA901-FEB2-77FE-9185-500F90054724">
<createdBy>ro38606</createdBy>
<createdTime>2013-05-07 16:47:19 UTC</createdTime>
<ownerDesignName>NYEC_BPM_Semantic_data_model_diagram</ownerDesignName>
</ColumnProxy>
<ColumnProxy class="oracle.dbtools.crest.model.design.storage.oracle.v11g.ColumnProxyOraclev11g" name="App Complete Result" id="3C6F307B-8D69-46FF-B47F-B94CBC525E79">
<createdBy>ro38606</createdBy>
<createdTime>2013-05-07 16:47:19 UTC</createdTime>
<ownerDesignName>NYEC_BPM_Semantic_data_model_diagram</ownerDesignName>
</ColumnProxy>
<ColumnProxy class="oracle.dbtools.crest.model.design.storage.oracle.v11g.ColumnProxyOraclev11g" name="Cancel Date" id="3E1C44E0-1A95-FB40-3E6E-7EF899D1EE6E">
<createdBy>ro38606</createdBy>
<createdTime>2013-05-07 16:47:20 UTC</createdTime>
<ownerDesignName>NYEC_BPM_Semantic_data_model_diagram</ownerDesignName>
</ColumnProxy>
<ColumnProxy class="oracle.dbtools.crest.model.design.storage.oracle.v11g.ColumnProxyOraclev11g" name="Cur HEART Case Status" id="40E35D70-998B-E937-5599-499B1BAD2EC0">
<createdBy>ro38606</createdBy>
<createdTime>2013-05-07 16:47:30 UTC</createdTime>
<ownerDesignName>NYEC_BPM_Semantic_data_model_diagram</ownerDesignName>
</ColumnProxy>
<ColumnProxy class="oracle.dbtools.crest.model.design.storage.oracle.v11g.ColumnProxyOraclev11g" name="State Review Task ID" id="44193FE8-F446-4D46-2580-49B368EFC112">
<createdBy>ro38606</createdBy>
<createdTime>2013-05-07 16:47:27 UTC</createdTime>
<ownerDesignName>NYEC_BPM_Semantic_data_model_diagram</ownerDesignName>
</ColumnProxy>
<ColumnProxy class="oracle.dbtools.crest.model.design.storage.oracle.v11g.ColumnProxyOraclev11g" name="Perform QC Date" id="442408B2-C58D-0E72-B601-AC422A385A0F">
<createdBy>ro38606</createdBy>
<createdTime>2013-05-07 16:47:23 UTC</createdTime>
<ownerDesignName>NYEC_BPM_Semantic_data_model_diagram</ownerDesignName>
</ColumnProxy>
<ColumnProxy class="oracle.dbtools.crest.model.design.storage.oracle.v11g.ColumnProxyOraclev11g" name="Perform Research Flag" id="474A6945-9F45-B1E4-C239-EE4DA04CDE69">
<createdBy>ro38606</createdBy>
<createdTime>2013-05-07 16:47:24 UTC</createdTime>
<ownerDesignName>NYEC_BPM_Semantic_data_model_diagram</ownerDesignName>
</ColumnProxy>
<ColumnProxy class="oracle.dbtools.crest.model.design.storage.oracle.v11g.ColumnProxyOraclev11g" name="KPR App Cycle End Date" id="4C7B3465-E8FD-FDC3-C648-E096E61FEF85">
<createdBy>ro38606</createdBy>
<createdTime>2013-05-07 16:47:21 UTC</createdTime>
<ownerDesignName>NYEC_BPM_Semantic_data_model_diagram</ownerDesignName>
</ColumnProxy>
<ColumnProxy class="oracle.dbtools.crest.model.design.storage.oracle.v11g.ColumnProxyOraclev11g" name="Days To Timeout" id="53D39D9B-7091-23C0-4F01-BA7CFEB819C6">
<createdBy>ro38606</createdBy>
<createdTime>2013-05-07 16:47:30 UTC</createdTime>
<ownerDesignName>NYEC_BPM_Semantic_data_model_diagram</ownerDesignName>
</ColumnProxy>
<ColumnProxy class="oracle.dbtools.crest.model.design.storage.oracle.v11g.ColumnProxyOraclev11g" name="Cur Reactivation Reason" id="56EAFCC8-651C-D284-4696-B932DE648C37">
<createdBy>ro38606</createdBy>
<createdTime>2013-05-07 16:47:30 UTC</createdTime>
<ownerDesignName>NYEC_BPM_Semantic_data_model_diagram</ownerDesignName>
</ColumnProxy>
<ColumnProxy class="oracle.dbtools.crest.model.design.storage.oracle.v11g.ColumnProxyOraclev11g" name="Cur Outcome Letter Status" id="584814BD-8893-3C11-6CBC-6F9EB2843267">
<createdBy>ro38606</createdBy>
<createdTime>2013-05-07 16:47:31 UTC</createdTime>
<ownerDesignName>NYEC_BPM_Semantic_data_model_diagram</ownerDesignName>
</ColumnProxy>
<ColumnProxy class="oracle.dbtools.crest.model.design.storage.oracle.v11g.ColumnProxyOraclev11g" name="Cur Reactivation Indicator" id="5C3DCB54-C343-08BB-1832-3C0AFCAEA29C">
<createdBy>ro38606</createdBy>
<createdTime>2013-05-07 16:47:30 UTC</createdTime>
<ownerDesignName>NYEC_BPM_Semantic_data_model_diagram</ownerDesignName>
</ColumnProxy>
<ColumnProxy class="oracle.dbtools.crest.model.design.storage.oracle.v11g.ColumnProxyOraclev11g" name="Notify Clnt Pend App Strt Date" id="5E079D2D-2599-BB2E-8565-BD4827C72CF6">
<createdBy>ro38606</createdBy>
<createdTime>2013-05-07 16:47:23 UTC</createdTime>
<ownerDesignName>NYEC_BPM_Semantic_data_model_diagram</ownerDesignName>
</ColumnProxy>
<ColumnProxy class="oracle.dbtools.crest.model.design.storage.oracle.v11g.ColumnProxyOraclev11g" name="SLA Days" id="5E4158ED-FA01-9D6D-3216-0812E994C4AF">
<createdBy>ro38606</createdBy>
<createdTime>2013-05-07 16:47:26 UTC</createdTime>
<ownerDesignName>NYEC_BPM_Semantic_data_model_diagram</ownerDesignName>
</ColumnProxy>
<ColumnProxy class="oracle.dbtools.crest.model.design.storage.oracle.v11g.ColumnProxyOraclev11g" name="Age in Calendar Days" id="606126AA-CD36-C1F3-C9A9-F3D56730B5E9">
<createdBy>ro38606</createdBy>
<createdTime>2013-05-07 16:47:19 UTC</createdTime>
<ownerDesignName>NYEC_BPM_Semantic_data_model_diagram</ownerDesignName>
</ColumnProxy>
<ColumnProxy class="oracle.dbtools.crest.model.design.storage.oracle.v11g.ColumnProxyOraclev11g" name="Close App Performed By" id="67A58529-E42D-C3FC-D3AC-3DA815A55706">
<createdBy>ro38606</createdBy>
<createdTime>2013-05-07 16:47:20 UTC</createdTime>
<ownerDesignName>NYEC_BPM_Semantic_data_model_diagram</ownerDesignName>
</ColumnProxy>
<ColumnProxy class="oracle.dbtools.crest.model.design.storage.oracle.v11g.ColumnProxyOraclev11g" name="Cur App Status" id="6C5FA654-B2FE-AEB0-8020-489413987BB3">
<createdBy>ro38606</createdBy>
<createdTime>2013-05-07 16:47:27 UTC</createdTime>
<ownerDesignName>NYEC_BPM_Semantic_data_model_diagram</ownerDesignName>
</ColumnProxy>
<ColumnProxy class="oracle.dbtools.crest.model.design.storage.oracle.v11g.ColumnProxyOraclev11g" name="Data Entry Task ID" id="6C8B6BD2-B8AF-22A0-7BDF-24EBB8AAF140">
<createdBy>ro38606</createdBy>
<createdTime>2013-05-07 16:47:21 UTC</createdTime>
<ownerDesignName>NYEC_BPM_Semantic_data_model_diagram</ownerDesignName>
</ColumnProxy>
<ColumnProxy class="oracle.dbtools.crest.model.design.storage.oracle.v11g.ColumnProxyOraclev11g" name="SLA Days Type" id="714AD4AC-09D3-2996-5BBA-603F9FC28ACB">
<createdBy>ro38606</createdBy>
<createdTime>2013-05-07 16:47:26 UTC</createdTime>
<ownerDesignName>NYEC_BPM_Semantic_data_model_diagram</ownerDesignName>
</ColumnProxy>
<ColumnProxy class="oracle.dbtools.crest.model.design.storage.oracle.v11g.ColumnProxyOraclev11g" name="Receive and Process MI Flag" id="73EB27C4-E016-2310-CE1D-1D448E6752E5">
<createdBy>ro38606</createdBy>
<createdTime>2013-05-07 16:47:25 UTC</createdTime>
<ownerDesignName>NYEC_BPM_Semantic_data_model_diagram</ownerDesignName>
</ColumnProxy>
<ColumnProxy class="oracle.dbtools.crest.model.design.storage.oracle.v11g.ColumnProxyOraclev11g" name="Outcome Letter Send Date" id="7512B5B5-21A3-BD4C-8344-38FF49EBF101">
<createdBy>ro38606</createdBy>
<createdTime>2013-05-07 16:47:32 UTC</createdTime>
<ownerDesignName>NYEC_BPM_Semantic_data_model_diagram</ownerDesignName>
</ColumnProxy>
<ColumnProxy class="oracle.dbtools.crest.model.design.storage.oracle.v11g.ColumnProxyOraclev11g" name="Cur QC Indicator" id="775BF1FD-F60C-65F1-6820-D7974EE60E37">
<createdBy>ro38606</createdBy>
<createdTime>2013-05-07 16:47:32 UTC</createdTime>
<ownerDesignName>NYEC_BPM_Semantic_data_model_diagram</ownerDesignName>
</ColumnProxy>
<ColumnProxy class="oracle.dbtools.crest.model.design.storage.oracle.v11g.ColumnProxyOraclev11g" name="Cur App Status Group" id="786A368F-AA8A-EE27-0D1F-64EAC9DBB40C">
<createdBy>ro38606</createdBy>
<createdTime>2013-05-07 16:47:28 UTC</createdTime>
<ownerDesignName>NYEC_BPM_Semantic_data_model_diagram</ownerDesignName>
</ColumnProxy>
<ColumnProxy class="oracle.dbtools.crest.model.design.storage.oracle.v11g.ColumnProxyOraclev11g" name="Review Enter Data Start Date" id="7BF6EB1C-E641-5FB4-A20C-5F1506F53123">
<createdBy>ro38606</createdBy>
<createdTime>2013-05-07 16:47:26 UTC</createdTime>
<ownerDesignName>NYEC_BPM_Semantic_data_model_diagram</ownerDesignName>
</ColumnProxy>
<ColumnProxy class="oracle.dbtools.crest.model.design.storage.oracle.v11g.ColumnProxyOraclev11g" name="SLA Jeopardy Days" id="7D8177DF-3C77-1E88-AFBB-3F0F97D55C09">
<createdBy>ro38606</createdBy>
<createdTime>2013-05-07 16:47:26 UTC</createdTime>
<ownerDesignName>NYEC_BPM_Semantic_data_model_diagram</ownerDesignName>
</ColumnProxy>
<ColumnProxy class="oracle.dbtools.crest.model.design.storage.oracle.v11g.ColumnProxyOraclev11g" name="Research Reason" id="8092B1DD-93E1-1268-F579-D4E8776FCE9A">
<createdBy>ro38606</createdBy>
<createdTime>2013-05-07 16:47:25 UTC</createdTime>
<ownerDesignName>NYEC_BPM_Semantic_data_model_diagram</ownerDesignName>
</ColumnProxy>
<ColumnProxy class="oracle.dbtools.crest.model.design.storage.oracle.v11g.ColumnProxyOraclev11g" name="Complete App Flag" id="8615F4FE-E5D2-69EB-A2EA-F8A898CFA246">
<createdBy>ro38606</createdBy>
<createdTime>2013-05-07 16:47:20 UTC</createdTime>
<ownerDesignName>NYEC_BPM_Semantic_data_model_diagram</ownerDesignName>
</ColumnProxy>
<ColumnProxy class="oracle.dbtools.crest.model.design.storage.oracle.v11g.ColumnProxyOraclev11g" name="Cur Reactivation Date" id="862E7259-A3AE-D826-8F3E-0F1F7C406106">
<createdBy>ro38606</createdBy>
<createdTime>2013-05-07 16:47:30 UTC</createdTime>
<ownerDesignName>NYEC_BPM_Semantic_data_model_diagram</ownerDesignName>
</ColumnProxy>
<ColumnProxy class="oracle.dbtools.crest.model.design.storage.oracle.v11g.ColumnProxyOraclev11g" name="Cur Mode Label" id="90E099B7-9F70-6D69-E3F8-A3A7221011C4">
<createdBy>ro38606</createdBy>
<createdTime>2013-05-07 16:47:31 UTC</createdTime>
<ownerDesignName>NYEC_BPM_Semantic_data_model_diagram</ownerDesignName>
</ColumnProxy>
<ColumnProxy class="oracle.dbtools.crest.model.design.storage.oracle.v11g.ColumnProxyOraclev11g" name="Timeliness Status" id="90F0C0EE-CBAE-92A5-862B-956850EC95BE">
<createdBy>ro38606</createdBy>
<createdTime>2013-05-07 16:47:27 UTC</createdTime>
<ownerDesignName>NYEC_BPM_Semantic_data_model_diagram</ownerDesignName>
</ColumnProxy>
<ColumnProxy class="oracle.dbtools.crest.model.design.storage.oracle.v11g.ColumnProxyOraclev11g" name="QC Task ID" id="953EB768-4037-9EF2-1BD2-19826786D575">
<createdBy>ro38606</createdBy>
<createdTime>2013-05-07 16:47:25 UTC</createdTime>
<ownerDesignName>NYEC_BPM_Semantic_data_model_diagram</ownerDesignName>
</ColumnProxy>
<ColumnProxy class="oracle.dbtools.crest.model.design.storage.oracle.v11g.ColumnProxyOraclev11g" name="Reverse Clearance Indictr" id="971A08EB-E48C-22A2-9738-409D53BCC56B">
<createdBy>ro38606</createdBy>
<createdTime>2013-05-07 16:47:29 UTC</createdTime>
<ownerDesignName>NYEC_BPM_Semantic_data_model_diagram</ownerDesignName>
</ColumnProxy>
<ColumnProxy class="oracle.dbtools.crest.model.design.storage.oracle.v11g.ColumnProxyOraclev11g" name="SLA Jeopardy Date" id="97A6C31B-6944-E956-0405-6D2A0F097935">
<createdBy>ro38606</createdBy>
<createdTime>2013-05-07 16:47:26 UTC</createdTime>
<ownerDesignName>NYEC_BPM_Semantic_data_model_diagram</ownerDesignName>
</ColumnProxy>
<ColumnProxy class="oracle.dbtools.crest.model.design.storage.oracle.v11g.ColumnProxyOraclev11g" name="Notify Clnt Pend App Date" id="984069F1-56A2-7187-EEA3-15F1E70DA873">
<createdBy>ro38606</createdBy>
<createdTime>2013-05-07 16:47:22 UTC</createdTime>
<ownerDesignName>NYEC_BPM_Semantic_data_model_diagram</ownerDesignName>
</ColumnProxy>
<ColumnProxy class="oracle.dbtools.crest.model.design.storage.oracle.v11g.ColumnProxyOraclev11g" name="Process App Info Start Date" id="A804D736-D945-6261-FEA9-430D4C78908E">
<createdBy>ro38606</createdBy>
<createdTime>2013-05-07 16:47:24 UTC</createdTime>
<ownerDesignName>NYEC_BPM_Semantic_data_model_diagram</ownerDesignName>
</ColumnProxy>
<ColumnProxy class="oracle.dbtools.crest.model.design.storage.oracle.v11g.ColumnProxyOraclev11g" name="Application ID" id="A80B0905-DA87-E999-D76B-E8DA01173A9F">
<createdBy>ro38606</createdBy>
<createdTime>2013-05-07 16:47:19 UTC</createdTime>
<ownerDesignName>NYEC_BPM_Semantic_data_model_diagram</ownerDesignName>
</ColumnProxy>
<ColumnProxy class="oracle.dbtools.crest.model.design.storage.oracle.v11g.ColumnProxyOraclev11g" name="NYEC_PA_BI_ID" id="AB17B25A-5FD4-5FED-457F-F2BC311670EB">
<createdBy>ro38606</createdBy>
<createdTime>2013-05-07 16:47:18 UTC</createdTime>
<ownerDesignName>NYEC_BPM_Semantic_data_model_diagram</ownerDesignName>
</ColumnProxy>
<ColumnProxy class="oracle.dbtools.crest.model.design.storage.oracle.v11g.ColumnProxyOraclev11g" name="State Case Identifier" id="AB89BFEE-A4C2-9F16-EAF6-3A4C4696EE46">
<createdBy>ro38606</createdBy>
<createdTime>2013-05-07 16:47:30 UTC</createdTime>
<ownerDesignName>NYEC_BPM_Semantic_data_model_diagram</ownerDesignName>
</ColumnProxy>
<ColumnProxy class="oracle.dbtools.crest.model.design.storage.oracle.v11g.ColumnProxyOraclev11g" name="SLA Target Days" id="ABE54DED-6042-64C4-D9D5-523A7FB9BC96">
<createdBy>ro38606</createdBy>
<createdTime>2013-05-07 16:47:26 UTC</createdTime>
<ownerDesignName>NYEC_BPM_Semantic_data_model_diagram</ownerDesignName>
</ColumnProxy>
<ColumnProxy class="oracle.dbtools.crest.model.design.storage.oracle.v11g.ColumnProxyOraclev11g" name="Cur HEART Synch Flag" id="ADD17F12-04B8-9C22-F64B-DF212D1639F9">
<createdBy>ro38606</createdBy>
<createdTime>2013-05-07 16:47:28 UTC</createdTime>
<ownerDesignName>NYEC_BPM_Semantic_data_model_diagram</ownerDesignName>
</ColumnProxy>
<ColumnProxy class="oracle.dbtools.crest.model.design.storage.oracle.v11g.ColumnProxyOraclev11g" name="Perform QC Performed By" id="B08062CB-79D2-F608-95AE-695BB09D3901">
<createdBy>ro38606</createdBy>
<createdTime>2013-05-07 16:47:23 UTC</createdTime>
<ownerDesignName>NYEC_BPM_Semantic_data_model_diagram</ownerDesignName>
</ColumnProxy>
<ColumnProxy class="oracle.dbtools.crest.model.design.storage.oracle.v11g.ColumnProxyOraclev11g" name="Wait State Approval Date" id="B1F7FD3B-322D-851D-ABB8-59F00362B3EF">
<createdBy>ro38606</createdBy>
<createdTime>2013-05-07 16:47:27 UTC</createdTime>
<ownerDesignName>NYEC_BPM_Semantic_data_model_diagram</ownerDesignName>
</ColumnProxy>
<ColumnProxy class="oracle.dbtools.crest.model.design.storage.oracle.v11g.ColumnProxyOraclev11g" name="Cur Receipt Date" id="B44FA51D-4716-1E7A-C6BA-31F805E2F829">
<createdBy>ro38606</createdBy>
<createdTime>2013-05-07 16:47:28 UTC</createdTime>
<ownerDesignName>NYEC_BPM_Semantic_data_model_diagram</ownerDesignName>
</ColumnProxy>
<ColumnProxy class="oracle.dbtools.crest.model.design.storage.oracle.v11g.ColumnProxyOraclev11g" name="QC Required Flag" id="B5DA2991-1E0F-6ADA-BCD1-501B1492D93E">
<createdBy>ro38606</createdBy>
<createdTime>2013-05-07 16:47:25 UTC</createdTime>
<ownerDesignName>NYEC_BPM_Semantic_data_model_diagram</ownerDesignName>
</ColumnProxy>
<ColumnProxy class="oracle.dbtools.crest.model.design.storage.oracle.v11g.ColumnProxyOraclev11g" name="Complete App Performed By" id="B6275390-2DF6-ABAA-1C1A-A5A552F048CD">
<createdBy>ro38606</createdBy>
<createdTime>2013-05-07 16:47:20 UTC</createdTime>
<ownerDesignName>NYEC_BPM_Semantic_data_model_diagram</ownerDesignName>
</ColumnProxy>
<ColumnProxy class="oracle.dbtools.crest.model.design.storage.oracle.v11g.ColumnProxyOraclev11g" name="Perform Research Performed By" id="BACE7C66-AFB4-E9B5-E32D-4F57EF9DB8F8">
<createdBy>ro38606</createdBy>
<createdTime>2013-05-07 16:47:24 UTC</createdTime>
<ownerDesignName>NYEC_BPM_Semantic_data_model_diagram</ownerDesignName>
</ColumnProxy>
<ColumnProxy class="oracle.dbtools.crest.model.design.storage.oracle.v11g.ColumnProxyOraclev11g" name="Perform QC Flag" id="BD126849-D299-4AEF-E294-B24F449378DB">
<createdBy>ro38606</createdBy>
<createdTime>2013-05-07 16:47:23 UTC</createdTime>
<ownerDesignName>NYEC_BPM_Semantic_data_model_diagram</ownerDesignName>
</ColumnProxy>
<ColumnProxy class="oracle.dbtools.crest.model.design.storage.oracle.v11g.ColumnProxyOraclev11g" name="Wait State Approval Prfrmd By" id="C1D26AED-7F6B-0C07-4F82-F4E104788225">
<createdBy>ro38606</createdBy>
<createdTime>2013-05-07 16:47:27 UTC</createdTime>
<ownerDesignName>NYEC_BPM_Semantic_data_model_diagram</ownerDesignName>
</ColumnProxy>
<ColumnProxy class="oracle.dbtools.crest.model.design.storage.oracle.v11g.ColumnProxyOraclev11g" name="Close App Flag" id="C1E10ED7-9209-D98B-01F4-6D084B68A31B">
<createdBy>ro38606</createdBy>
<createdTime>2013-05-07 16:47:20 UTC</createdTime>
<ownerDesignName>NYEC_BPM_Semantic_data_model_diagram</ownerDesignName>
</ColumnProxy>
<ColumnProxy class="oracle.dbtools.crest.model.design.storage.oracle.v11g.ColumnProxyOraclev11g" name="Cur Mode Code" id="C3445D80-22C0-AA57-9C81-56AB854FB30A">
<createdBy>ro38606</createdBy>
<createdTime>2013-05-07 16:47:31 UTC</createdTime>
<ownerDesignName>NYEC_BPM_Semantic_data_model_diagram</ownerDesignName>
</ColumnProxy>
<ColumnProxy class="oracle.dbtools.crest.model.design.storage.oracle.v11g.ColumnProxyOraclev11g" name="Process App Info Flag" id="C36EB0D6-5E35-3CD8-8324-3A3EF99A67E6">
<createdBy>ro38606</createdBy>
<createdTime>2013-05-07 16:47:24 UTC</createdTime>
<ownerDesignName>NYEC_BPM_Semantic_data_model_diagram</ownerDesignName>
</ColumnProxy>
<ColumnProxy class="oracle.dbtools.crest.model.design.storage.oracle.v11g.ColumnProxyOraclev11g" name="Cur Outcome Notif Req Flag" id="C41E8561-3C6C-BB96-1079-6BFB7EA255C7">
<createdBy>ro38606</createdBy>
<createdTime>2013-05-07 16:47:31 UTC</createdTime>
<ownerDesignName>NYEC_BPM_Semantic_data_model_diagram</ownerDesignName>
</ColumnProxy>
<ColumnProxy class="oracle.dbtools.crest.model.design.storage.oracle.v11g.ColumnProxyOraclev11g" name="Process App Info Date" id="C4C462E6-4751-7A0F-EC28-E8DF418A813F">
<createdBy>ro38606</createdBy>
<createdTime>2013-05-07 16:47:24 UTC</createdTime>
<ownerDesignName>NYEC_BPM_Semantic_data_model_diagram</ownerDesignName>
</ColumnProxy>
<ColumnProxy class="oracle.dbtools.crest.model.design.storage.oracle.v11g.ColumnProxyOraclev11g" name="New MI Flag" id="C4DAD23B-4285-5616-DC90-5FA1EBBA4FBC">
<createdBy>ro38606</createdBy>
<createdTime>2013-05-07 16:47:22 UTC</createdTime>
<ownerDesignName>NYEC_BPM_Semantic_data_model_diagram</ownerDesignName>
</ColumnProxy>
<ColumnProxy class="oracle.dbtools.crest.model.design.storage.oracle.v11g.ColumnProxyOraclev11g" name="Notify Clnt Pend App Prfrmd By" id="C68120AC-B017-D0D2-FEF5-94D012A460E2">
<createdBy>ro38606</createdBy>
<createdTime>2013-05-07 16:47:22 UTC</createdTime>
<ownerDesignName>NYEC_BPM_Semantic_data_model_diagram</ownerDesignName>
</ColumnProxy>
<ColumnProxy class="oracle.dbtools.crest.model.design.storage.oracle.v11g.ColumnProxyOraclev11g" name="Perform Research Start Date" id="C708B591-446C-6048-9141-8D4ECE5CD80B">
<createdBy>ro38606</createdBy>
<createdTime>2013-05-07 16:47:24 UTC</createdTime>
<ownerDesignName>NYEC_BPM_Semantic_data_model_diagram</ownerDesignName>
</ColumnProxy>
<ColumnProxy class="oracle.dbtools.crest.model.design.storage.oracle.v11g.ColumnProxyOraclev11g" name="Outcome Letter Type" id="C7500078-3D4A-0B2C-5EB9-C74537542B2F">
<createdBy>ro38606</createdBy>
<createdTime>2013-05-07 16:47:31 UTC</createdTime>
<ownerDesignName>NYEC_BPM_Semantic_data_model_diagram</ownerDesignName>
</ColumnProxy>
<ColumnProxy class="oracle.dbtools.crest.model.design.storage.oracle.v11g.ColumnProxyOraclev11g" name="Cur HEART Incomplete App Ind" id="C86A070F-612A-005B-182C-3FB4E883A662">
<createdBy>ro38606</createdBy>
<createdTime>2013-05-07 16:47:29 UTC</createdTime>
<ownerDesignName>NYEC_BPM_Semantic_data_model_diagram</ownerDesignName>
</ColumnProxy>
<ColumnProxy class="oracle.dbtools.crest.model.design.storage.oracle.v11g.ColumnProxyOraclev11g" name="Reverse Clearance Indictr Date" id="CB3E03F7-B2DC-7A69-733E-D2F3537B3662">
<createdBy>ro38606</createdBy>
<createdTime>2013-05-07 16:47:29 UTC</createdTime>
<ownerDesignName>NYEC_BPM_Semantic_data_model_diagram</ownerDesignName>
</ColumnProxy>
<ColumnProxy class="oracle.dbtools.crest.model.design.storage.oracle.v11g.ColumnProxyOraclev11g" name="Cur Workflow Reactivation Ind" id="CB557D38-E481-994D-683C-C31D05A94B01">
<createdBy>ro38606</createdBy>
<createdTime>2013-05-07 16:47:32 UTC</createdTime>
<ownerDesignName>NYEC_BPM_Semantic_data_model_diagram</ownerDesignName>
</ColumnProxy>
<ColumnProxy class="oracle.dbtools.crest.model.design.storage.oracle.v11g.ColumnProxyOraclev11g" name="Receive App Flag" id="D1D61BB4-99CB-4996-6DD1-90129092D2A6">
<createdBy>ro38606</createdBy>
<createdTime>2013-05-07 16:47:25 UTC</createdTime>
<ownerDesignName>NYEC_BPM_Semantic_data_model_diagram</ownerDesignName>
</ColumnProxy>
<ColumnProxy class="oracle.dbtools.crest.model.design.storage.oracle.v11g.ColumnProxyOraclev11g" name="Wait State Approval Flag" id="D3F92CB5-BB65-79BC-DE4D-FB7C386D2068">
<createdBy>ro38606</createdBy>
<createdTime>2013-05-07 16:47:27 UTC</createdTime>
<ownerDesignName>NYEC_BPM_Semantic_data_model_diagram</ownerDesignName>
</ColumnProxy>
<ColumnProxy class="oracle.dbtools.crest.model.design.storage.oracle.v11g.ColumnProxyOraclev11g" name="CIN Date" id="D6A5AD49-8754-14B5-F869-CB8CAC0898E1">
<createdBy>ro38606</createdBy>
<createdTime>2013-05-07 16:47:28 UTC</createdTime>
<ownerDesignName>NYEC_BPM_Semantic_data_model_diagram</ownerDesignName>
</ColumnProxy>
<ColumnProxy class="oracle.dbtools.crest.model.design.storage.oracle.v11g.ColumnProxyOraclev11g" name="Create Date" id="D7E6A744-A0BB-C027-4A42-669878FD04DD">
<createdBy>ro38606</createdBy>
<createdTime>2013-05-07 16:47:20 UTC</createdTime>
<ownerDesignName>NYEC_BPM_Semantic_data_model_diagram</ownerDesignName>
</ColumnProxy>
<ColumnProxy class="oracle.dbtools.crest.model.design.storage.oracle.v11g.ColumnProxyOraclev11g" name="Cur County" id="D8246CAD-A709-6050-16F3-8A5FA64AFAD7">
<createdBy>ro38606</createdBy>
<createdTime>2013-05-07 16:47:28 UTC</createdTime>
<ownerDesignName>NYEC_BPM_Semantic_data_model_diagram</ownerDesignName>
</ColumnProxy>
<ColumnProxy class="oracle.dbtools.crest.model.design.storage.oracle.v11g.ColumnProxyOraclev11g" name="Cur Reactivation Number" id="DB750926-C730-1A84-9A24-305122FBFAC8">
<createdBy>ro38606</createdBy>
<createdTime>2013-05-07 16:47:31 UTC</createdTime>
<ownerDesignName>NYEC_BPM_Semantic_data_model_diagram</ownerDesignName>
</ColumnProxy>
<ColumnProxy class="oracle.dbtools.crest.model.design.storage.oracle.v11g.ColumnProxyOraclev11g" name="MI Received Task Count" id="DB99BB38-23F0-CF91-B9F1-113FF70A8987">
<createdBy>ro38606</createdBy>
<createdTime>2013-05-07 16:47:22 UTC</createdTime>
<ownerDesignName>NYEC_BPM_Semantic_data_model_diagram</ownerDesignName>
</ColumnProxy>
<ColumnProxy class="oracle.dbtools.crest.model.design.storage.oracle.v11g.ColumnProxyOraclev11g" name="KPR App Cycle Start Date" id="DE4B3A08-5579-C688-044F-82F7C37F47B9">
<createdBy>ro38606</createdBy>
<createdTime>2013-05-07 16:47:21 UTC</createdTime>
<ownerDesignName>NYEC_BPM_Semantic_data_model_diagram</ownerDesignName>
</ColumnProxy>
<ColumnProxy class="oracle.dbtools.crest.model.design.storage.oracle.v11g.ColumnProxyOraclev11g" name="Wait State Approval Start Date" id="DF44C96A-6444-D35B-B0CD-6892CEC4A8DC">
<createdBy>ro38606</createdBy>
<createdTime>2013-05-07 16:47:27 UTC</createdTime>
<ownerDesignName>NYEC_BPM_Semantic_data_model_diagram</ownerDesignName>
</ColumnProxy>
<ColumnProxy class="oracle.dbtools.crest.model.design.storage.oracle.v11g.ColumnProxyOraclev11g" name="Process App Info Performed By" id="E0485A3D-1B51-39F8-2E0B-96588B90A015">
<createdBy>ro38606</createdBy>
<createdTime>2013-05-07 16:47:24 UTC</createdTime>
<ownerDesignName>NYEC_BPM_Semantic_data_model_diagram</ownerDesignName>
</ColumnProxy>
<ColumnProxy class="oracle.dbtools.crest.model.design.storage.oracle.v11g.ColumnProxyOraclev11g" name="Last Mail Date" id="E2578F92-33C9-FD39-E76B-5A83C7FABCF7">
<createdBy>ro38606</createdBy>
<createdTime>2013-05-07 16:47:22 UTC</createdTime>
<ownerDesignName>NYEC_BPM_Semantic_data_model_diagram</ownerDesignName>
</ColumnProxy>
<ColumnProxy class="oracle.dbtools.crest.model.design.storage.oracle.v11g.ColumnProxyOraclev11g" name="Review Enter Data Date" id="E30F2557-1CB8-F457-3999-60521F2694B1">
<createdBy>ro38606</createdBy>
<createdTime>2013-05-07 16:47:25 UTC</createdTime>
<ownerDesignName>NYEC_BPM_Semantic_data_model_diagram</ownerDesignName>
</ColumnProxy>
<ColumnProxy class="oracle.dbtools.crest.model.design.storage.oracle.v11g.ColumnProxyOraclev11g" name="Cur FPBP Sub-type" id="E6C48D7B-A7C6-5337-0E82-92082792E81D">
<createdBy>ro38606</createdBy>
<createdTime>2013-05-07 16:47:29 UTC</createdTime>
<ownerDesignName>NYEC_BPM_Semantic_data_model_diagram</ownerDesignName>
</ColumnProxy>
<ColumnProxy class="oracle.dbtools.crest.model.design.storage.oracle.v11g.ColumnProxyOraclev11g" name="Review Enter Data Performed By" id="E71B4235-B89A-ED18-6256-AAF09E7A0D45">
<createdBy>ro38606</createdBy>
<createdTime>2013-05-07 16:47:26 UTC</createdTime>
<ownerDesignName>NYEC_BPM_Semantic_data_model_diagram</ownerDesignName>
</ColumnProxy>
<ColumnProxy class="oracle.dbtools.crest.model.design.storage.oracle.v11g.ColumnProxyOraclev11g" name="Outcome Letter Create Date" id="F1FB213E-C35D-2DDE-C217-BCC92EC50C14">
<createdBy>ro38606</createdBy>
<createdTime>2013-05-07 16:47:32 UTC</createdTime>
<ownerDesignName>NYEC_BPM_Semantic_data_model_diagram</ownerDesignName>
</ColumnProxy>
<ColumnProxy class="oracle.dbtools.crest.model.design.storage.oracle.v11g.ColumnProxyOraclev11g" name="Cur Stop Application Reason" id="F29B14E2-A898-8594-EBB2-9B7A4FA7DE01">
<createdBy>ro38606</createdBy>
<createdTime>2013-05-07 16:47:32 UTC</createdTime>
<ownerDesignName>NYEC_BPM_Semantic_data_model_diagram</ownerDesignName>
</ColumnProxy>
<ColumnProxy class="oracle.dbtools.crest.model.design.storage.oracle.v11g.ColumnProxyOraclev11g" name="Channel" id="F2E3E017-2FD9-76A0-00D7-F8C0356AE255">
<createdBy>ro38606</createdBy>
<createdTime>2013-05-07 16:47:20 UTC</createdTime>
<ownerDesignName>NYEC_BPM_Semantic_data_model_diagram</ownerDesignName>
</ColumnProxy>
<ColumnProxy class="oracle.dbtools.crest.model.design.storage.oracle.v11g.ColumnProxyOraclev11g" name="Cur Reactivated By" id="F6F1575B-D681-6777-10DD-86A8500EAE00">
<createdBy>ro38606</createdBy>
<createdTime>2013-05-07 16:47:31 UTC</createdTime>
<ownerDesignName>NYEC_BPM_Semantic_data_model_diagram</ownerDesignName>
</ColumnProxy>
<ColumnProxy class="oracle.dbtools.crest.model.design.storage.oracle.v11g.ColumnProxyOraclev11g" name="Pend Notification Rqrd Flag" id="F81225AC-436A-D0F9-5CED-D831C31CF95E">
<createdBy>ro38606</createdBy>
<createdTime>2013-05-07 16:47:23 UTC</createdTime>
<ownerDesignName>NYEC_BPM_Semantic_data_model_diagram</ownerDesignName>
</ColumnProxy>
<ColumnProxy class="oracle.dbtools.crest.model.design.storage.oracle.v11g.ColumnProxyOraclev11g" name="Invoiceable Date" id="FA12F04C-5BE6-812F-1093-EAC6722A6DA6">
<createdBy>ro38606</createdBy>
<createdTime>2013-05-07 16:47:29 UTC</createdTime>
<ownerDesignName>NYEC_BPM_Semantic_data_model_diagram</ownerDesignName>
</ColumnProxy>
<ColumnProxy class="oracle.dbtools.crest.model.design.storage.oracle.v11g.ColumnProxyOraclev11g" name="Cancel App Performed By" id="FCF28BE7-79A4-F77C-CD67-248FFEF7E079">
<createdBy>ro38606</createdBy>
<createdTime>2013-05-07 16:47:19 UTC</createdTime>
<ownerDesignName>NYEC_BPM_Semantic_data_model_diagram</ownerDesignName>
</ColumnProxy>
</columnProxies>
<indexProxies>
<IndexProxy class="oracle.dbtools.crest.model.design.storage.oracle.v10g.IndexProxyOraclev10g" name="DNPACUR_PK" id="54774763-E7E3-7895-6C9B-EE5CB1C27263">
<createdBy>ro38606</createdBy>
<createdTime>2013-05-07 16:48:39 UTC</createdTime>
<ownerDesignName>NYEC_BPM_Semantic_data_model_diagram</ownerDesignName>
<parallel>YES</parallel>
<segment>78328217-4259-22E0-103A-CED2806E4CC5</segment>
<sortedRows>SORTED</sortedRows>
<tableSpace>692AEA5F-C013-5656-A766-3ECFFCBBF6AD</tableSpace>
</IndexProxy>
<IndexProxy class="oracle.dbtools.crest.model.design.storage.oracle.v10g.IndexProxyOraclev10g" name="DNPACUR_UIX1" id="79555627-05A7-73E4-F416-7FFE7EC5AE07">
<createdBy>ro38606</createdBy>
<createdTime>2013-05-07 16:48:39 UTC</createdTime>
<ownerDesignName>NYEC_BPM_Semantic_data_model_diagram</ownerDesignName>
<parallel>YES</parallel>
<segment>78328217-4259-22E0-103A-CED2806E4CC5</segment>
<sortedRows>SORTED</sortedRows>
<tableSpace>692AEA5F-C013-5656-A766-3ECFFCBBF6AD</tableSpace>
</IndexProxy>
</indexProxies>
<primaryKeys>
<PrimaryKey class="oracle.dbtools.crest.model.design.storage.oracle.v10g.PKProxyOraclev10g" name="DPACU_PK" id="30FC6FF2-3643-8226-F758-95B80A911206">
<createdBy>ro38606</createdBy>
<createdTime>2013-05-07 16:49:12 UTC</createdTime>
<ownerDesignName>NYEC_BPM_Semantic_data_model_diagram</ownerDesignName>
<sortedRows>SORTED</sortedRows>
<tableSpace>8D282799-0AFE-F2FF-2AEA-CF205662762F</tableSpace>
<existingIndex>54774763-E7E3-7895-6C9B-EE5CB1C27263</existingIndex>
<indexSort>SORTED</indexSort>
<usingIndex>BY INDEX NAME</usingIndex>
</PrimaryKey>
</primaryKeys>
</TableProxyOraclev11g>