<?xml version = '1.0' encoding = 'UTF-8'?>
<TableProxyOraclev11g class="oracle.dbtools.crest.model.design.storage.oracle.v11g.TableProxyOraclev11g" name="F_NYEC_PMI_BY_DATE" id="395EB7A4-FE77-E76D-AE18-18E75CCFB9A9" directorySegmentName="seg_0">
<createdBy>ro38606</createdBy>
<createdTime>2013-05-07 16:46:57 UTC</createdTime>
<ownerDesignName>NYEC_BPM_Semantic_data_model_diagram</ownerDesignName>
<logging>YES</logging>
<parallel>YES</parallel>
<partitionList class="oracle.dbtools.crest.model.design.storage.oracle.v11g.PartitionListOraclev11g" name="PL5" id="B202EE3F-BFF1-8058-C105-850974058CE9">
<createdBy>ro38606</createdBy>
<createdTime>2013-05-07 16:50:21 UTC</createdTime>
<ownerDesignName>NYEC_BPM_Semantic_data_model_diagram</ownerDesignName>
<columnIDs>80575195-853B-2E78-4209-B139E55ACADF</columnIDs>
<intervalExpression>NUMTODSINTERVAL(1,&apos;DAY&apos;)</intervalExpression>
</partitionList>
<partitioned>YES</partitioned>
<partitionedRowMovement>DISABLE</partitionedRowMovement>
<segment>03582533-59B6-9768-A0B2-DD35A867C190</segment>
<tableSpace>8D282799-0AFE-F2FF-2AEA-CF205662762F</tableSpace>
<columnProxies>
<ColumnProxy class="oracle.dbtools.crest.model.design.storage.oracle.v11g.ColumnProxyOraclev11g" name="DNPMISRTI_ID" id="3F8DC928-9E24-D4D0-6265-D0B729EBFA2C">
<createdBy>ro38606</createdBy>
<createdTime>2013-05-07 16:48:29 UTC</createdTime>
<ownerDesignName>NYEC_BPM_Semantic_data_model_diagram</ownerDesignName>
</ColumnProxy>
<ColumnProxy class="oracle.dbtools.crest.model.design.storage.oracle.v11g.ColumnProxyOraclev11g" name="DNPMIIMIT_ID" id="72005AAC-AD6B-5C99-03F7-FBA3EEEC2F4C">
<createdBy>ro38606</createdBy>
<createdTime>2013-05-07 16:48:29 UTC</createdTime>
<ownerDesignName>NYEC_BPM_Semantic_data_model_diagram</ownerDesignName>
</ColumnProxy>
<ColumnProxy class="oracle.dbtools.crest.model.design.storage.oracle.v11g.ColumnProxyOraclev11g" name="DNPMIQTI_ID" id="7CEDAC10-E49A-2AD5-1EB6-C7EA021B39EA">
<createdBy>ro38606</createdBy>
<createdTime>2013-05-07 16:48:29 UTC</createdTime>
<ownerDesignName>NYEC_BPM_Semantic_data_model_diagram</ownerDesignName>
</ColumnProxy>
<ColumnProxy class="oracle.dbtools.crest.model.design.storage.oracle.v11g.ColumnProxyOraclev11g" name="BUCKET_START_DATE" id="80575195-853B-2E78-4209-B139E55ACADF">
<createdBy>ro38606</createdBy>
<createdTime>2013-05-07 16:48:28 UTC</createdTime>
<ownerDesignName>NYEC_BPM_Semantic_data_model_diagram</ownerDesignName>
</ColumnProxy>
<ColumnProxy class="oracle.dbtools.crest.model.design.storage.oracle.v11g.ColumnProxyOraclev11g" name="COMPLETION_COUNT" id="9F6F72EF-62B3-90D6-D657-788A540DD3C1">
<createdBy>ro38606</createdBy>
<createdTime>2013-05-07 16:48:30 UTC</createdTime>
<ownerDesignName>NYEC_BPM_Semantic_data_model_diagram</ownerDesignName>
</ColumnProxy>
<ColumnProxy class="oracle.dbtools.crest.model.design.storage.oracle.v11g.ColumnProxyOraclev11g" name="DNPMIRR_ID" id="A6A24D2A-CE0C-2145-12AE-34B3DB1B39F7">
<createdBy>ro38606</createdBy>
<createdTime>2013-05-07 16:48:29 UTC</createdTime>
<ownerDesignName>NYEC_BPM_Semantic_data_model_diagram</ownerDesignName>
</ColumnProxy>
<ColumnProxy class="oracle.dbtools.crest.model.design.storage.oracle.v11g.ColumnProxyOraclev11g" name="D_DATE" id="AB0F408D-5199-50D6-6103-A0C8F68C57BC">
<createdBy>ro38606</createdBy>
<createdTime>2013-05-07 16:48:28 UTC</createdTime>
<ownerDesignName>NYEC_BPM_Semantic_data_model_diagram</ownerDesignName>
</ColumnProxy>
<ColumnProxy class="oracle.dbtools.crest.model.design.storage.oracle.v11g.ColumnProxyOraclev11g" name="DNPMIRTI_ID" id="AC894054-F97F-DD5F-400C-5B0B1D03CBA7">
<createdBy>ro38606</createdBy>
<createdTime>2013-05-07 16:48:29 UTC</createdTime>
<ownerDesignName>NYEC_BPM_Semantic_data_model_diagram</ownerDesignName>
</ColumnProxy>
<ColumnProxy class="oracle.dbtools.crest.model.design.storage.oracle.v11g.ColumnProxyOraclev11g" name="INVENTORY_COUNT" id="C10E06B5-7B8B-523A-84D9-2F95BE7EC758">
<createdBy>ro38606</createdBy>
<createdTime>2013-05-07 16:48:29 UTC</createdTime>
<ownerDesignName>NYEC_BPM_Semantic_data_model_diagram</ownerDesignName>
</ColumnProxy>
<ColumnProxy class="oracle.dbtools.crest.model.design.storage.oracle.v11g.ColumnProxyOraclev11g" name="BUCKET_END_DATE" id="C4FF4D5D-F57A-E43B-2F57-017DBFBF9049">
<createdBy>ro38606</createdBy>
<createdTime>2013-05-07 16:48:28 UTC</createdTime>
<ownerDesignName>NYEC_BPM_Semantic_data_model_diagram</ownerDesignName>
</ColumnProxy>
<ColumnProxy class="oracle.dbtools.crest.model.design.storage.oracle.v11g.ColumnProxyOraclev11g" name="DNPMIPMIT_ID" id="DE87DB95-B3AB-DEBF-7379-C687846C164A">
<createdBy>ro38606</createdBy>
<createdTime>2013-05-07 16:48:29 UTC</createdTime>
<ownerDesignName>NYEC_BPM_Semantic_data_model_diagram</ownerDesignName>
</ColumnProxy>
<ColumnProxy class="oracle.dbtools.crest.model.design.storage.oracle.v11g.ColumnProxyOraclev11g" name="NYEC_PMI_BI_ID" id="E558D7DF-1F05-AF27-47BB-B7E7AB1389D1">
<createdBy>ro38606</createdBy>
<createdTime>2013-05-07 16:48:28 UTC</createdTime>
<ownerDesignName>NYEC_BPM_Semantic_data_model_diagram</ownerDesignName>
</ColumnProxy>
<ColumnProxy class="oracle.dbtools.crest.model.design.storage.oracle.v11g.ColumnProxyOraclev11g" name="CREATION_COUNT" id="EC4E6809-C424-2F2A-0356-CDF7F6AEFBB6">
<createdBy>ro38606</createdBy>
<createdTime>2013-05-07 16:48:30 UTC</createdTime>
<ownerDesignName>NYEC_BPM_Semantic_data_model_diagram</ownerDesignName>
</ColumnProxy>
<ColumnProxy class="oracle.dbtools.crest.model.design.storage.oracle.v11g.ColumnProxyOraclev11g" name="DNPMILS_ID" id="EFA2E89F-94C9-3E04-4371-74FAF4B15183">
<createdBy>ro38606</createdBy>
<createdTime>2013-05-07 16:48:28 UTC</createdTime>
<ownerDesignName>NYEC_BPM_Semantic_data_model_diagram</ownerDesignName>
</ColumnProxy>
<ColumnProxy class="oracle.dbtools.crest.model.design.storage.oracle.v11g.ColumnProxyOraclev11g" name="FNPMIBD_ID" id="F2E44767-9840-7612-1403-88BBE2396D9D">
<createdBy>ro38606</createdBy>
<createdTime>2013-05-07 16:48:28 UTC</createdTime>
<ownerDesignName>NYEC_BPM_Semantic_data_model_diagram</ownerDesignName>
</ColumnProxy>
<ColumnProxy class="oracle.dbtools.crest.model.design.storage.oracle.v11g.ColumnProxyOraclev11g" name="DNPMIAI_ID" id="FDCF068A-D463-370D-B812-B03AAE84CF28">
<createdBy>ro38606</createdBy>
<createdTime>2013-05-07 16:48:28 UTC</createdTime>
<ownerDesignName>NYEC_BPM_Semantic_data_model_diagram</ownerDesignName>
</ColumnProxy>
</columnProxies>
<indexProxies>
<IndexProxy class="oracle.dbtools.crest.model.design.storage.oracle.v10g.IndexProxyOraclev10g" name="FNPMIBD_IXL2" id="2A6BB78A-5A43-8BCD-2557-2C713B55D7A2">
<createdBy>ro38606</createdBy>
<createdTime>2013-05-07 16:48:55 UTC</createdTime>
<ownerDesignName>NYEC_BPM_Semantic_data_model_diagram</ownerDesignName>
<partitioned>true</partitioned>
<indexPartitioned>LOCAL</indexPartitioned>
<parallel>YES</parallel>
<segment>B42D8DB6-C9DD-C8AA-5757-8B44802B358D</segment>
<sortedRows>SORTED</sortedRows>
<tableSpace>692AEA5F-C013-5656-A766-3ECFFCBBF6AD</tableSpace>
</IndexProxy>
<IndexProxy class="oracle.dbtools.crest.model.design.storage.oracle.v10g.IndexProxyOraclev10g" name="FNPMIBD_UIX2" id="41C0ABFB-5051-FB3B-8967-922514FAC546">
<createdBy>ro38606</createdBy>
<createdTime>2013-05-07 16:48:56 UTC</createdTime>
<ownerDesignName>NYEC_BPM_Semantic_data_model_diagram</ownerDesignName>
<parallel>YES</parallel>
<segment>78328217-4259-22E0-103A-CED2806E4CC5</segment>
<sortedRows>SORTED</sortedRows>
<tableSpace>692AEA5F-C013-5656-A766-3ECFFCBBF6AD</tableSpace>
</IndexProxy>
<IndexProxy class="oracle.dbtools.crest.model.design.storage.oracle.v10g.IndexProxyOraclev10g" name="FNPMIBD_IXL1" id="A14A925A-2656-36B1-83A1-4EEB04149D41">
<createdBy>ro38606</createdBy>
<createdTime>2013-05-07 16:48:56 UTC</createdTime>
<ownerDesignName>NYEC_BPM_Semantic_data_model_diagram</ownerDesignName>
<partitioned>true</partitioned>
<indexPartitioned>LOCAL</indexPartitioned>
<parallel>YES</parallel>
<segment>B42D8DB6-C9DD-C8AA-5757-8B44802B358D</segment>
<sortedRows>SORTED</sortedRows>
<tableSpace>692AEA5F-C013-5656-A766-3ECFFCBBF6AD</tableSpace>
</IndexProxy>
<IndexProxy class="oracle.dbtools.crest.model.design.storage.oracle.v10g.IndexProxyOraclev10g" name="FNPMIBD_UIX1" id="EE437F6E-24F1-4D61-ED4E-3D9A61B6AE82">
<createdBy>ro38606</createdBy>
<createdTime>2013-05-07 16:48:56 UTC</createdTime>
<ownerDesignName>NYEC_BPM_Semantic_data_model_diagram</ownerDesignName>
<parallel>YES</parallel>
<segment>78328217-4259-22E0-103A-CED2806E4CC5</segment>
<sortedRows>SORTED</sortedRows>
<tableSpace>692AEA5F-C013-5656-A766-3ECFFCBBF6AD</tableSpace>
</IndexProxy>
</indexProxies>
<foreignKeys>
<ForeignKey class="oracle.dbtools.crest.model.design.storage.oracle.v10g.FKProxyOraclev10g" name="FNPMIBD_DNPMIAI_FK" id="3E24E599-431E-6DDD-945D-00896D8F4EA4">
<createdBy>ro38606</createdBy>
<createdTime>2013-05-07 16:50:10 UTC</createdTime>
<ownerDesignName>NYEC_BPM_Semantic_data_model_diagram</ownerDesignName>
</ForeignKey>
<ForeignKey class="oracle.dbtools.crest.model.design.storage.oracle.v10g.FKProxyOraclev10g" name="FNPMIBD_DNPMIQTI_FK" id="63B34A25-1062-EA7D-B145-8C2E5D987137">
<createdBy>ro38606</createdBy>
<createdTime>2013-05-07 16:50:10 UTC</createdTime>
<ownerDesignName>NYEC_BPM_Semantic_data_model_diagram</ownerDesignName>
</ForeignKey>
<ForeignKey class="oracle.dbtools.crest.model.design.storage.oracle.v10g.FKProxyOraclev10g" name="FNPMIBD_DNPMILS_FK" id="75A46B30-C4B5-86BC-15C5-14C3B483E4E5">
<createdBy>ro38606</createdBy>
<createdTime>2013-05-07 16:50:10 UTC</createdTime>
<ownerDesignName>NYEC_BPM_Semantic_data_model_diagram</ownerDesignName>
</ForeignKey>
<ForeignKey class="oracle.dbtools.crest.model.design.storage.oracle.v10g.FKProxyOraclev10g" name="FNPMIBD_DNPMICUR_FK" id="7CC81D4A-C5B4-ED34-99B1-FE14A9E6E87A">
<createdBy>ro38606</createdBy>
<createdTime>2013-05-07 16:50:10 UTC</createdTime>
<ownerDesignName>NYEC_BPM_Semantic_data_model_diagram</ownerDesignName>
</ForeignKey>
<ForeignKey class="oracle.dbtools.crest.model.design.storage.oracle.v10g.FKProxyOraclev10g" name="FNPMIBD_DNPMIPMIT_FK" id="860650E6-11C8-CBD4-465D-238596F49BF0">
<createdBy>ro38606</createdBy>
<createdTime>2013-05-07 16:50:10 UTC</createdTime>
<ownerDesignName>NYEC_BPM_Semantic_data_model_diagram</ownerDesignName>
</ForeignKey>
<ForeignKey class="oracle.dbtools.crest.model.design.storage.oracle.v10g.FKProxyOraclev10g" name="FNPMIBD_DNPMIIMIT_FK" id="87A6B16F-145F-4893-2903-B921E19AE13C">
<createdBy>ro38606</createdBy>
<createdTime>2013-05-07 16:50:10 UTC</createdTime>
<ownerDesignName>NYEC_BPM_Semantic_data_model_diagram</ownerDesignName>
</ForeignKey>
<ForeignKey class="oracle.dbtools.crest.model.design.storage.oracle.v10g.FKProxyOraclev10g" name="FNPMIBD_DNPMIRR_FK" id="BC3FDB50-70B6-740F-BEE4-E5C19E4EF206">
<createdBy>ro38606</createdBy>
<createdTime>2013-05-07 16:50:10 UTC</createdTime>
<ownerDesignName>NYEC_BPM_Semantic_data_model_diagram</ownerDesignName>
</ForeignKey>
<ForeignKey class="oracle.dbtools.crest.model.design.storage.oracle.v10g.FKProxyOraclev10g" name="FNPMIBD_DNPMIRTI_FK" id="C25153F0-E170-6984-CC7A-56B173D654A2">
<createdBy>ro38606</createdBy>
<createdTime>2013-05-07 16:50:10 UTC</createdTime>
<ownerDesignName>NYEC_BPM_Semantic_data_model_diagram</ownerDesignName>
</ForeignKey>
<ForeignKey class="oracle.dbtools.crest.model.design.storage.oracle.v10g.FKProxyOraclev10g" name="FNPMIBD_DNPMISRTI_FK" id="CCEB73FC-01D2-C95D-BBA9-B819F31F2D99">
<createdBy>ro38606</createdBy>
<createdTime>2013-05-07 16:50:10 UTC</createdTime>
<ownerDesignName>NYEC_BPM_Semantic_data_model_diagram</ownerDesignName>
</ForeignKey>
</foreignKeys>
<partitions>
<Partition class="oracle.dbtools.crest.model.design.storage.oracle.v11g.PartitionOraclev11g" name="PT_BUCKET_START_DATE_LT_2012" id="CFEEBF7D-155E-4BD3-8BA7-C09AC72CD028">
<createdBy>ro38606</createdBy>
<createdTime>2013-05-07 16:50:21 UTC</createdTime>
<ownerDesignName>NYEC_BPM_Semantic_data_model_diagram</ownerDesignName>
<dataSegmentCompression>NO</dataSegmentCompression>
<logging>YES</logging>
<position>1</position>
<segment>1EA6863F-23E2-9C68-415B-FA51EC13D93A</segment>
<tableSpace>8D282799-0AFE-F2FF-2AEA-CF205662762F</tableSpace>
<valueList>TO_DATE(&apos; 2012-01-01 00:00:00&apos;, &apos;SYYYY-MM-DD HH24:MI:SS&apos;, &apos;NLS_CALENDAR=GREGORIAN&apos;)</valueList>
<localIndexProperties>
<LocalIndexProperties class="oracle.dbtools.crest.model.design.storage.oracle.LocalIndexProperties" name="LIP127" id="5EBF0262-71FB-5ACD-815A-3D8C468E6126">
<createdBy>ro38606</createdBy>
<createdTime>2013-05-07 16:50:49 UTC</createdTime>
<ownerDesignName>NYEC_BPM_Semantic_data_model_diagram</ownerDesignName>
<index>2A6BB78A-5A43-8BCD-2557-2C713B55D7A2</index>
<logging>YES</logging>
<partitionName>PT_BUCKET_START_DATE_LT_2012</partitionName>
<segment>78328217-4259-22E0-103A-CED2806E4CC5</segment>
<tableSpace>692AEA5F-C013-5656-A766-3ECFFCBBF6AD</tableSpace>
</LocalIndexProperties>
<LocalIndexProperties class="oracle.dbtools.crest.model.design.storage.oracle.LocalIndexProperties" name="LIP136" id="8FA7E66C-5E89-237E-70D7-C73A962A6BE0">
<createdBy>ro38606</createdBy>
<createdTime>2013-05-07 16:50:50 UTC</createdTime>
<ownerDesignName>NYEC_BPM_Semantic_data_model_diagram</ownerDesignName>
<index>A14A925A-2656-36B1-83A1-4EEB04149D41</index>
<logging>YES</logging>
<partitionName>PT_BUCKET_START_DATE_LT_2012</partitionName>
<segment>78328217-4259-22E0-103A-CED2806E4CC5</segment>
<tableSpace>692AEA5F-C013-5656-A766-3ECFFCBBF6AD</tableSpace>
</LocalIndexProperties>
</localIndexProperties>
</Partition>
<Partition class="oracle.dbtools.crest.model.design.storage.oracle.v11g.PartitionOraclev11g" name="SYS_P3763" id="5D49F4ED-377D-9C51-0DE1-0AED38BE62FB">
<createdBy>ro38606</createdBy>
<createdTime>2013-05-07 16:50:21 UTC</createdTime>
<ownerDesignName>NYEC_BPM_Semantic_data_model_diagram</ownerDesignName>
<dataSegmentCompression>NO</dataSegmentCompression>
<logging>YES</logging>
<position>2</position>
<segment>1EA6863F-23E2-9C68-415B-FA51EC13D93A</segment>
<tableSpace>8D282799-0AFE-F2FF-2AEA-CF205662762F</tableSpace>
<valueList>TO_DATE(&apos; 2012-01-08 00:00:00&apos;, &apos;SYYYY-MM-DD HH24:MI:SS&apos;, &apos;NLS_CALENDAR=GREGORIAN&apos;)</valueList>
<localIndexProperties>
<LocalIndexProperties class="oracle.dbtools.crest.model.design.storage.oracle.LocalIndexProperties" name="LIP128" id="B1E5F347-7F8F-B4CB-14EA-3834AF9D877A">
<createdBy>ro38606</createdBy>
<createdTime>2013-05-07 16:50:49 UTC</createdTime>
<ownerDesignName>NYEC_BPM_Semantic_data_model_diagram</ownerDesignName>
<index>2A6BB78A-5A43-8BCD-2557-2C713B55D7A2</index>
<logging>YES</logging>
<partitionName>SYS_P3807</partitionName>
<segment>78328217-4259-22E0-103A-CED2806E4CC5</segment>
<tableSpace>692AEA5F-C013-5656-A766-3ECFFCBBF6AD</tableSpace>
</LocalIndexProperties>
<LocalIndexProperties class="oracle.dbtools.crest.model.design.storage.oracle.LocalIndexProperties" name="LIP137" id="9E24E3A7-58D9-6199-7255-E916AF1C44D3">
<createdBy>ro38606</createdBy>
<createdTime>2013-05-07 16:50:51 UTC</createdTime>
<ownerDesignName>NYEC_BPM_Semantic_data_model_diagram</ownerDesignName>
<index>A14A925A-2656-36B1-83A1-4EEB04149D41</index>
<logging>YES</logging>
<partitionName>SYS_P3763</partitionName>
<segment>78328217-4259-22E0-103A-CED2806E4CC5</segment>
<tableSpace>692AEA5F-C013-5656-A766-3ECFFCBBF6AD</tableSpace>
</LocalIndexProperties>
</localIndexProperties>
</Partition>
<Partition class="oracle.dbtools.crest.model.design.storage.oracle.v11g.PartitionOraclev11g" name="SYS_P3769" id="F948668C-25D8-1997-C05F-00A426F15704">
<createdBy>ro38606</createdBy>
<createdTime>2013-05-07 16:50:21 UTC</createdTime>
<ownerDesignName>NYEC_BPM_Semantic_data_model_diagram</ownerDesignName>
<dataSegmentCompression>NO</dataSegmentCompression>
<logging>YES</logging>
<position>3</position>
<segment>1EA6863F-23E2-9C68-415B-FA51EC13D93A</segment>
<tableSpace>8D282799-0AFE-F2FF-2AEA-CF205662762F</tableSpace>
<valueList>TO_DATE(&apos; 2012-01-15 00:00:00&apos;, &apos;SYYYY-MM-DD HH24:MI:SS&apos;, &apos;NLS_CALENDAR=GREGORIAN&apos;)</valueList>
<localIndexProperties>
<LocalIndexProperties class="oracle.dbtools.crest.model.design.storage.oracle.LocalIndexProperties" name="LIP129" id="BA011580-9A97-2D97-0584-0EB9E0E950CF">
<createdBy>ro38606</createdBy>
<createdTime>2013-05-07 16:50:49 UTC</createdTime>
<ownerDesignName>NYEC_BPM_Semantic_data_model_diagram</ownerDesignName>
<index>2A6BB78A-5A43-8BCD-2557-2C713B55D7A2</index>
<logging>YES</logging>
<partitionName>SYS_P3808</partitionName>
<segment>78328217-4259-22E0-103A-CED2806E4CC5</segment>
<tableSpace>692AEA5F-C013-5656-A766-3ECFFCBBF6AD</tableSpace>
</LocalIndexProperties>
<LocalIndexProperties class="oracle.dbtools.crest.model.design.storage.oracle.LocalIndexProperties" name="LIP138" id="F86EC3CD-5566-6299-838C-4B91F2AECF1F">
<createdBy>ro38606</createdBy>
<createdTime>2013-05-07 16:50:51 UTC</createdTime>
<ownerDesignName>NYEC_BPM_Semantic_data_model_diagram</ownerDesignName>
<index>A14A925A-2656-36B1-83A1-4EEB04149D41</index>
<logging>YES</logging>
<partitionName>SYS_P3769</partitionName>
<segment>78328217-4259-22E0-103A-CED2806E4CC5</segment>
<tableSpace>692AEA5F-C013-5656-A766-3ECFFCBBF6AD</tableSpace>
</LocalIndexProperties>
</localIndexProperties>
</Partition>
<Partition class="oracle.dbtools.crest.model.design.storage.oracle.v11g.PartitionOraclev11g" name="SYS_P3770" id="EE0823CB-6F12-C178-D198-345B867EC6F5">
<createdBy>ro38606</createdBy>
<createdTime>2013-05-07 16:50:21 UTC</createdTime>
<ownerDesignName>NYEC_BPM_Semantic_data_model_diagram</ownerDesignName>
<dataSegmentCompression>NO</dataSegmentCompression>
<logging>YES</logging>
<position>4</position>
<segment>1EA6863F-23E2-9C68-415B-FA51EC13D93A</segment>
<tableSpace>8D282799-0AFE-F2FF-2AEA-CF205662762F</tableSpace>
<valueList>TO_DATE(&apos; 2012-10-09 00:00:00&apos;, &apos;SYYYY-MM-DD HH24:MI:SS&apos;, &apos;NLS_CALENDAR=GREGORIAN&apos;)</valueList>
<localIndexProperties>
<LocalIndexProperties class="oracle.dbtools.crest.model.design.storage.oracle.LocalIndexProperties" name="LIP130" id="7A89326A-F5BA-78E6-E93A-B13AEECB7D93">
<createdBy>ro38606</createdBy>
<createdTime>2013-05-07 16:50:49 UTC</createdTime>
<ownerDesignName>NYEC_BPM_Semantic_data_model_diagram</ownerDesignName>
<index>2A6BB78A-5A43-8BCD-2557-2C713B55D7A2</index>
<logging>YES</logging>
<partitionName>SYS_P3809</partitionName>
<segment>78328217-4259-22E0-103A-CED2806E4CC5</segment>
<tableSpace>692AEA5F-C013-5656-A766-3ECFFCBBF6AD</tableSpace>
</LocalIndexProperties>
<LocalIndexProperties class="oracle.dbtools.crest.model.design.storage.oracle.LocalIndexProperties" name="LIP139" id="87021409-73E4-C7EE-6214-9538ED26C49A">
<createdBy>ro38606</createdBy>
<createdTime>2013-05-07 16:50:51 UTC</createdTime>
<ownerDesignName>NYEC_BPM_Semantic_data_model_diagram</ownerDesignName>
<index>A14A925A-2656-36B1-83A1-4EEB04149D41</index>
<logging>YES</logging>
<partitionName>SYS_P3770</partitionName>
<segment>78328217-4259-22E0-103A-CED2806E4CC5</segment>
<tableSpace>692AEA5F-C013-5656-A766-3ECFFCBBF6AD</tableSpace>
</LocalIndexProperties>
</localIndexProperties>
</Partition>
<Partition class="oracle.dbtools.crest.model.design.storage.oracle.v11g.PartitionOraclev11g" name="SYS_P3771" id="C2C7F26A-194A-C073-C4ED-84AB1488C2A0">
<createdBy>ro38606</createdBy>
<createdTime>2013-05-07 16:50:22 UTC</createdTime>
<ownerDesignName>NYEC_BPM_Semantic_data_model_diagram</ownerDesignName>
<dataSegmentCompression>NO</dataSegmentCompression>
<logging>YES</logging>
<position>5</position>
<segment>1EA6863F-23E2-9C68-415B-FA51EC13D93A</segment>
<tableSpace>8D282799-0AFE-F2FF-2AEA-CF205662762F</tableSpace>
<valueList>TO_DATE(&apos; 2012-12-10 00:00:00&apos;, &apos;SYYYY-MM-DD HH24:MI:SS&apos;, &apos;NLS_CALENDAR=GREGORIAN&apos;)</valueList>
<localIndexProperties>
<LocalIndexProperties class="oracle.dbtools.crest.model.design.storage.oracle.LocalIndexProperties" name="LIP131" id="56A98D43-028D-2504-0226-F186D9E1E6C1">
<createdBy>ro38606</createdBy>
<createdTime>2013-05-07 16:50:50 UTC</createdTime>
<ownerDesignName>NYEC_BPM_Semantic_data_model_diagram</ownerDesignName>
<index>2A6BB78A-5A43-8BCD-2557-2C713B55D7A2</index>
<logging>YES</logging>
<partitionName>SYS_P3810</partitionName>
<segment>78328217-4259-22E0-103A-CED2806E4CC5</segment>
<tableSpace>692AEA5F-C013-5656-A766-3ECFFCBBF6AD</tableSpace>
</LocalIndexProperties>
<LocalIndexProperties class="oracle.dbtools.crest.model.design.storage.oracle.LocalIndexProperties" name="LIP140" id="3A84ADD5-9932-544F-342C-0FCB6A5F2B46">
<createdBy>ro38606</createdBy>
<createdTime>2013-05-07 16:50:51 UTC</createdTime>
<ownerDesignName>NYEC_BPM_Semantic_data_model_diagram</ownerDesignName>
<index>A14A925A-2656-36B1-83A1-4EEB04149D41</index>
<logging>YES</logging>
<partitionName>SYS_P3771</partitionName>
<segment>78328217-4259-22E0-103A-CED2806E4CC5</segment>
<tableSpace>692AEA5F-C013-5656-A766-3ECFFCBBF6AD</tableSpace>
</LocalIndexProperties>
</localIndexProperties>
</Partition>
<Partition class="oracle.dbtools.crest.model.design.storage.oracle.v11g.PartitionOraclev11g" name="SYS_P3772" id="D645A5DE-229F-CC50-B1BD-2CCE938965C7">
<createdBy>ro38606</createdBy>
<createdTime>2013-05-07 16:50:22 UTC</createdTime>
<ownerDesignName>NYEC_BPM_Semantic_data_model_diagram</ownerDesignName>
<dataSegmentCompression>NO</dataSegmentCompression>
<logging>YES</logging>
<position>6</position>
<segment>1EA6863F-23E2-9C68-415B-FA51EC13D93A</segment>
<tableSpace>8D282799-0AFE-F2FF-2AEA-CF205662762F</tableSpace>
<valueList>TO_DATE(&apos; 2012-12-24 00:00:00&apos;, &apos;SYYYY-MM-DD HH24:MI:SS&apos;, &apos;NLS_CALENDAR=GREGORIAN&apos;)</valueList>
<localIndexProperties>
<LocalIndexProperties class="oracle.dbtools.crest.model.design.storage.oracle.LocalIndexProperties" name="LIP132" id="FED21B5B-06C6-48D2-FAD8-E225D01BC737">
<createdBy>ro38606</createdBy>
<createdTime>2013-05-07 16:50:50 UTC</createdTime>
<ownerDesignName>NYEC_BPM_Semantic_data_model_diagram</ownerDesignName>
<index>2A6BB78A-5A43-8BCD-2557-2C713B55D7A2</index>
<logging>YES</logging>
<partitionName>SYS_P3811</partitionName>
<segment>78328217-4259-22E0-103A-CED2806E4CC5</segment>
<tableSpace>692AEA5F-C013-5656-A766-3ECFFCBBF6AD</tableSpace>
</LocalIndexProperties>
<LocalIndexProperties class="oracle.dbtools.crest.model.design.storage.oracle.LocalIndexProperties" name="LIP141" id="D0944A3F-C24E-F34D-EE0D-8D1CB843F8B3">
<createdBy>ro38606</createdBy>
<createdTime>2013-05-07 16:50:51 UTC</createdTime>
<ownerDesignName>NYEC_BPM_Semantic_data_model_diagram</ownerDesignName>
<index>A14A925A-2656-36B1-83A1-4EEB04149D41</index>
<logging>YES</logging>
<partitionName>SYS_P3772</partitionName>
<segment>78328217-4259-22E0-103A-CED2806E4CC5</segment>
<tableSpace>692AEA5F-C013-5656-A766-3ECFFCBBF6AD</tableSpace>
</LocalIndexProperties>
</localIndexProperties>
</Partition>
<Partition class="oracle.dbtools.crest.model.design.storage.oracle.v11g.PartitionOraclev11g" name="SYS_P2728" id="49C85C26-8D71-A663-BF75-78021D6A1259">
<createdBy>ro38606</createdBy>
<createdTime>2013-05-07 16:50:22 UTC</createdTime>
<ownerDesignName>NYEC_BPM_Semantic_data_model_diagram</ownerDesignName>
<dataSegmentCompression>NO</dataSegmentCompression>
<logging>YES</logging>
<position>7</position>
<segment>1EA6863F-23E2-9C68-415B-FA51EC13D93A</segment>
<tableSpace>8D282799-0AFE-F2FF-2AEA-CF205662762F</tableSpace>
<valueList>TO_DATE(&apos; 2012-12-27 00:00:00&apos;, &apos;SYYYY-MM-DD HH24:MI:SS&apos;, &apos;NLS_CALENDAR=GREGORIAN&apos;)</valueList>
<localIndexProperties>
<LocalIndexProperties class="oracle.dbtools.crest.model.design.storage.oracle.LocalIndexProperties" name="LIP133" id="C74884EA-F25D-2DFC-1403-A9765BA57BEF">
<createdBy>ro38606</createdBy>
<createdTime>2013-05-07 16:50:50 UTC</createdTime>
<ownerDesignName>NYEC_BPM_Semantic_data_model_diagram</ownerDesignName>
<index>2A6BB78A-5A43-8BCD-2557-2C713B55D7A2</index>
<logging>YES</logging>
<partitionName>SYS_P3812</partitionName>
<segment>78328217-4259-22E0-103A-CED2806E4CC5</segment>
<tableSpace>692AEA5F-C013-5656-A766-3ECFFCBBF6AD</tableSpace>
</LocalIndexProperties>
<LocalIndexProperties class="oracle.dbtools.crest.model.design.storage.oracle.LocalIndexProperties" name="LIP142" id="5DF45468-637C-52D3-06EF-30A46067A918">
<createdBy>ro38606</createdBy>
<createdTime>2013-05-07 16:50:51 UTC</createdTime>
<ownerDesignName>NYEC_BPM_Semantic_data_model_diagram</ownerDesignName>
<index>A14A925A-2656-36B1-83A1-4EEB04149D41</index>
<logging>YES</logging>
<partitionName>SYS_P2728</partitionName>
<segment>78328217-4259-22E0-103A-CED2806E4CC5</segment>
<tableSpace>692AEA5F-C013-5656-A766-3ECFFCBBF6AD</tableSpace>
</LocalIndexProperties>
</localIndexProperties>
</Partition>
<Partition class="oracle.dbtools.crest.model.design.storage.oracle.v11g.PartitionOraclev11g" name="SYS_P3470" id="5C8D34AD-2E76-701E-758F-18BE1D3C7D62">
<createdBy>ro38606</createdBy>
<createdTime>2013-05-07 16:50:22 UTC</createdTime>
<ownerDesignName>NYEC_BPM_Semantic_data_model_diagram</ownerDesignName>
<dataSegmentCompression>NO</dataSegmentCompression>
<logging>YES</logging>
<position>8</position>
<segment>1EA6863F-23E2-9C68-415B-FA51EC13D93A</segment>
<tableSpace>8D282799-0AFE-F2FF-2AEA-CF205662762F</tableSpace>
<valueList>TO_DATE(&apos; 2013-02-10 00:00:00&apos;, &apos;SYYYY-MM-DD HH24:MI:SS&apos;, &apos;NLS_CALENDAR=GREGORIAN&apos;)</valueList>
<localIndexProperties>
<LocalIndexProperties class="oracle.dbtools.crest.model.design.storage.oracle.LocalIndexProperties" name="LIP134" id="C4A210A0-98AC-0A5D-BC42-FF7493CF1396">
<createdBy>ro38606</createdBy>
<createdTime>2013-05-07 16:50:50 UTC</createdTime>
<ownerDesignName>NYEC_BPM_Semantic_data_model_diagram</ownerDesignName>
<index>2A6BB78A-5A43-8BCD-2557-2C713B55D7A2</index>
<logging>YES</logging>
<partitionName>SYS_P3813</partitionName>
<segment>78328217-4259-22E0-103A-CED2806E4CC5</segment>
<tableSpace>692AEA5F-C013-5656-A766-3ECFFCBBF6AD</tableSpace>
</LocalIndexProperties>
<LocalIndexProperties class="oracle.dbtools.crest.model.design.storage.oracle.LocalIndexProperties" name="LIP143" id="361002DD-1C5C-4D01-EB7B-A4EBB94C4AEA">
<createdBy>ro38606</createdBy>
<createdTime>2013-05-07 16:50:51 UTC</createdTime>
<ownerDesignName>NYEC_BPM_Semantic_data_model_diagram</ownerDesignName>
<index>A14A925A-2656-36B1-83A1-4EEB04149D41</index>
<logging>YES</logging>
<partitionName>SYS_P3470</partitionName>
<segment>78328217-4259-22E0-103A-CED2806E4CC5</segment>
<tableSpace>692AEA5F-C013-5656-A766-3ECFFCBBF6AD</tableSpace>
</LocalIndexProperties>
</localIndexProperties>
</Partition>
<Partition class="oracle.dbtools.crest.model.design.storage.oracle.v11g.PartitionOraclev11g" name="SYS_P3471" id="98448297-0349-A69D-38B9-776C66E780F5">
<createdBy>ro38606</createdBy>
<createdTime>2013-05-07 16:50:22 UTC</createdTime>
<ownerDesignName>NYEC_BPM_Semantic_data_model_diagram</ownerDesignName>
<dataSegmentCompression>NO</dataSegmentCompression>
<logging>YES</logging>
<position>9</position>
<segment>1EA6863F-23E2-9C68-415B-FA51EC13D93A</segment>
<tableSpace>8D282799-0AFE-F2FF-2AEA-CF205662762F</tableSpace>
<valueList>TO_DATE(&apos; 2013-02-12 00:00:00&apos;, &apos;SYYYY-MM-DD HH24:MI:SS&apos;, &apos;NLS_CALENDAR=GREGORIAN&apos;)</valueList>
<localIndexProperties>
<LocalIndexProperties class="oracle.dbtools.crest.model.design.storage.oracle.LocalIndexProperties" name="LIP135" id="768A4B0B-34A3-8421-70A5-7377B2BAC1B7">
<createdBy>ro38606</createdBy>
<createdTime>2013-05-07 16:50:50 UTC</createdTime>
<ownerDesignName>NYEC_BPM_Semantic_data_model_diagram</ownerDesignName>
<index>2A6BB78A-5A43-8BCD-2557-2C713B55D7A2</index>
<logging>YES</logging>
<partitionName>SYS_P3814</partitionName>
<segment>78328217-4259-22E0-103A-CED2806E4CC5</segment>
<tableSpace>692AEA5F-C013-5656-A766-3ECFFCBBF6AD</tableSpace>
</LocalIndexProperties>
<LocalIndexProperties class="oracle.dbtools.crest.model.design.storage.oracle.LocalIndexProperties" name="LIP144" id="1EE74B9C-5878-6286-F924-30298562DCE1">
<createdBy>ro38606</createdBy>
<createdTime>2013-05-07 16:50:51 UTC</createdTime>
<ownerDesignName>NYEC_BPM_Semantic_data_model_diagram</ownerDesignName>
<index>A14A925A-2656-36B1-83A1-4EEB04149D41</index>
<logging>YES</logging>
<partitionName>SYS_P3471</partitionName>
<segment>78328217-4259-22E0-103A-CED2806E4CC5</segment>
<tableSpace>692AEA5F-C013-5656-A766-3ECFFCBBF6AD</tableSpace>
</LocalIndexProperties>
</localIndexProperties>
</Partition>
</partitions>
<primaryKeys>
<PrimaryKey class="oracle.dbtools.crest.model.design.storage.oracle.v10g.PKProxyOraclev10g" name="FNPMIBD_PK" id="B808D9BE-5C37-DB87-C5F5-84595352226B">
<createdBy>ro38606</createdBy>
<createdTime>2013-05-07 16:49:50 UTC</createdTime>
<ownerDesignName>NYEC_BPM_Semantic_data_model_diagram</ownerDesignName>
<sortedRows>SORTED</sortedRows>
<tableSpace>692AEA5F-C013-5656-A766-3ECFFCBBF6AD</tableSpace>
<indexSegment>78328217-4259-22E0-103A-CED2806E4CC5</indexSegment>
<indexSort>SORTED</indexSort>
</PrimaryKey>
</primaryKeys>
</TableProxyOraclev11g>