<?xml version = '1.0' encoding = 'UTF-8'?>
<TableProxyOraclev11g class="oracle.dbtools.crest.model.design.storage.oracle.v11g.TableProxyOraclev11g" name="F_NYEC_SITP_BY_DATE" id="4B8F1BA2-219E-1E89-88E4-854250238811" directorySegmentName="seg_0">
<createdBy>ro38606</createdBy>
<createdTime>2013-05-07 16:46:58 UTC</createdTime>
<ownerDesignName>NYEC_BPM_Semantic_data_model_diagram</ownerDesignName>
<logging>YES</logging>
<parallel>YES</parallel>
<partitionList class="oracle.dbtools.crest.model.design.storage.oracle.v11g.PartitionListOraclev11g" name="PL6" id="96499C40-7B08-887B-DDAA-5F63704979B6">
<createdBy>ro38606</createdBy>
<createdTime>2013-05-07 16:50:22 UTC</createdTime>
<ownerDesignName>NYEC_BPM_Semantic_data_model_diagram</ownerDesignName>
<columnIDs>14C20E4C-4A2D-DFB2-E2EB-EBFF90AEBDB1</columnIDs>
<intervalExpression>NUMTODSINTERVAL(1,&apos;DAY&apos;)</intervalExpression>
</partitionList>
<partitioned>YES</partitioned>
<partitionedRowMovement>DISABLE</partitionedRowMovement>
<segment>03582533-59B6-9768-A0B2-DD35A867C190</segment>
<tableSpace>8D282799-0AFE-F2FF-2AEA-CF205662762F</tableSpace>
<columnProxies>
<ColumnProxy class="oracle.dbtools.crest.model.design.storage.oracle.v11g.ColumnProxyOraclev11g" name="BUCKET_START_DATE" id="14C20E4C-4A2D-DFB2-E2EB-EBFF90AEBDB1">
<createdBy>ro38606</createdBy>
<createdTime>2013-05-07 16:48:30 UTC</createdTime>
<ownerDesignName>NYEC_BPM_Semantic_data_model_diagram</ownerDesignName>
</ColumnProxy>
<ColumnProxy class="oracle.dbtools.crest.model.design.storage.oracle.v11g.ColumnProxyOraclev11g" name="INVENTORY_COUNT" id="5961B2B1-2CD2-E90A-3870-D64E70515062">
<createdBy>ro38606</createdBy>
<createdTime>2013-05-07 16:48:31 UTC</createdTime>
<ownerDesignName>NYEC_BPM_Semantic_data_model_diagram</ownerDesignName>
</ColumnProxy>
<ColumnProxy class="oracle.dbtools.crest.model.design.storage.oracle.v11g.ColumnProxyOraclev11g" name="COMPLETION_COUNT" id="5C765990-8B8B-DEAF-69F2-90F63A771FAE">
<createdBy>ro38606</createdBy>
<createdTime>2013-05-07 16:48:31 UTC</createdTime>
<ownerDesignName>NYEC_BPM_Semantic_data_model_diagram</ownerDesignName>
</ColumnProxy>
<ColumnProxy class="oracle.dbtools.crest.model.design.storage.oracle.v11g.ColumnProxyOraclev11g" name="FNSITPBD_ID" id="A0EBFBA7-7843-CDAF-F073-0A6A25C7F496">
<createdBy>ro38606</createdBy>
<createdTime>2013-05-07 16:48:30 UTC</createdTime>
<ownerDesignName>NYEC_BPM_Semantic_data_model_diagram</ownerDesignName>
</ColumnProxy>
<ColumnProxy class="oracle.dbtools.crest.model.design.storage.oracle.v11g.ColumnProxyOraclev11g" name="D_DATE" id="E15E36EC-F90F-D811-26CF-96D796082B31">
<createdBy>ro38606</createdBy>
<createdTime>2013-05-07 16:48:30 UTC</createdTime>
<ownerDesignName>NYEC_BPM_Semantic_data_model_diagram</ownerDesignName>
</ColumnProxy>
<ColumnProxy class="oracle.dbtools.crest.model.design.storage.oracle.v11g.ColumnProxyOraclev11g" name="BUCKET_END_DATE" id="E3E1EC91-1958-A420-E32B-133B13D241F0">
<createdBy>ro38606</createdBy>
<createdTime>2013-05-07 16:48:30 UTC</createdTime>
<ownerDesignName>NYEC_BPM_Semantic_data_model_diagram</ownerDesignName>
</ColumnProxy>
<ColumnProxy class="oracle.dbtools.crest.model.design.storage.oracle.v11g.ColumnProxyOraclev11g" name="NYEC_SITP_BI_ID" id="FBD84C25-0DF1-23D8-E105-E555D784CE5F">
<createdBy>ro38606</createdBy>
<createdTime>2013-05-07 16:48:30 UTC</createdTime>
<ownerDesignName>NYEC_BPM_Semantic_data_model_diagram</ownerDesignName>
</ColumnProxy>
<ColumnProxy class="oracle.dbtools.crest.model.design.storage.oracle.v11g.ColumnProxyOraclev11g" name="CREATION_COUNT" id="FC7F8D4B-7722-8581-C19C-AE33F4F20154">
<createdBy>ro38606</createdBy>
<createdTime>2013-05-07 16:48:31 UTC</createdTime>
<ownerDesignName>NYEC_BPM_Semantic_data_model_diagram</ownerDesignName>
</ColumnProxy>
</columnProxies>
<indexProxies>
<IndexProxy class="oracle.dbtools.crest.model.design.storage.oracle.v10g.IndexProxyOraclev10g" name="FNSITPBD_IXL2" id="7D5D6833-EF16-3767-6273-528FB068CE44">
<createdBy>ro38606</createdBy>
<createdTime>2013-05-07 16:48:57 UTC</createdTime>
<ownerDesignName>NYEC_BPM_Semantic_data_model_diagram</ownerDesignName>
<partitioned>true</partitioned>
<indexPartitioned>LOCAL</indexPartitioned>
<parallel>YES</parallel>
<segment>B42D8DB6-C9DD-C8AA-5757-8B44802B358D</segment>
<sortedRows>SORTED</sortedRows>
<tableSpace>692AEA5F-C013-5656-A766-3ECFFCBBF6AD</tableSpace>
</IndexProxy>
<IndexProxy class="oracle.dbtools.crest.model.design.storage.oracle.v10g.IndexProxyOraclev10g" name="FNSITPBD_UIX2" id="8C9ACCFC-3FB3-9CD1-B08A-A53DB1315F54">
<createdBy>ro38606</createdBy>
<createdTime>2013-05-07 16:48:56 UTC</createdTime>
<ownerDesignName>NYEC_BPM_Semantic_data_model_diagram</ownerDesignName>
<parallel>YES</parallel>
<segment>78328217-4259-22E0-103A-CED2806E4CC5</segment>
<sortedRows>SORTED</sortedRows>
<tableSpace>692AEA5F-C013-5656-A766-3ECFFCBBF6AD</tableSpace>
</IndexProxy>
<IndexProxy class="oracle.dbtools.crest.model.design.storage.oracle.v10g.IndexProxyOraclev10g" name="FNSITPBD_UIX1" id="D4CE6DAD-1BF6-5EBF-C968-A194858DC42D">
<createdBy>ro38606</createdBy>
<createdTime>2013-05-07 16:48:56 UTC</createdTime>
<ownerDesignName>NYEC_BPM_Semantic_data_model_diagram</ownerDesignName>
<parallel>YES</parallel>
<segment>78328217-4259-22E0-103A-CED2806E4CC5</segment>
<sortedRows>SORTED</sortedRows>
<tableSpace>692AEA5F-C013-5656-A766-3ECFFCBBF6AD</tableSpace>
</IndexProxy>
<IndexProxy class="oracle.dbtools.crest.model.design.storage.oracle.v10g.IndexProxyOraclev10g" name="FNSITPBD_IXL1" id="F569B219-629D-FC08-9E9F-E89573EAA0F3">
<createdBy>ro38606</createdBy>
<createdTime>2013-05-07 16:48:57 UTC</createdTime>
<ownerDesignName>NYEC_BPM_Semantic_data_model_diagram</ownerDesignName>
<partitioned>true</partitioned>
<indexPartitioned>LOCAL</indexPartitioned>
<parallel>YES</parallel>
<segment>B42D8DB6-C9DD-C8AA-5757-8B44802B358D</segment>
<sortedRows>SORTED</sortedRows>
<tableSpace>692AEA5F-C013-5656-A766-3ECFFCBBF6AD</tableSpace>
</IndexProxy>
</indexProxies>
<foreignKeys>
<ForeignKey class="oracle.dbtools.crest.model.design.storage.oracle.v10g.FKProxyOraclev10g" name="FNSITPBD_DNSITPCUR_FK" id="81BE81FE-4F0C-3344-9A6D-9B79B1A00C42">
<createdBy>ro38606</createdBy>
<createdTime>2013-05-07 16:50:10 UTC</createdTime>
<ownerDesignName>NYEC_BPM_Semantic_data_model_diagram</ownerDesignName>
</ForeignKey>
</foreignKeys>
<partitions>
<Partition class="oracle.dbtools.crest.model.design.storage.oracle.v11g.PartitionOraclev11g" name="PT_BUCKET_START_DATE_LT_2012" id="5D14E565-C6BE-B0C9-F761-4EFC6612A339">
<createdBy>ro38606</createdBy>
<createdTime>2013-05-07 16:50:23 UTC</createdTime>
<ownerDesignName>NYEC_BPM_Semantic_data_model_diagram</ownerDesignName>
<dataSegmentCompression>NO</dataSegmentCompression>
<logging>YES</logging>
<position>1</position>
<segment>03582533-59B6-9768-A0B2-DD35A867C190</segment>
<tableSpace>8D282799-0AFE-F2FF-2AEA-CF205662762F</tableSpace>
<valueList>TO_DATE(&apos; 2012-01-01 00:00:00&apos;, &apos;SYYYY-MM-DD HH24:MI:SS&apos;, &apos;NLS_CALENDAR=GREGORIAN&apos;)</valueList>
<localIndexProperties>
<LocalIndexProperties class="oracle.dbtools.crest.model.design.storage.oracle.LocalIndexProperties" name="LIP145" id="48E113F8-B093-1D4B-E8B9-4E55A686587F">
<createdBy>ro38606</createdBy>
<createdTime>2013-05-07 16:50:52 UTC</createdTime>
<ownerDesignName>NYEC_BPM_Semantic_data_model_diagram</ownerDesignName>
<index>F569B219-629D-FC08-9E9F-E89573EAA0F3</index>
<logging>YES</logging>
<partitionName>PT_BUCKET_START_DATE_LT_2012</partitionName>
<segment>B42D8DB6-C9DD-C8AA-5757-8B44802B358D</segment>
<tableSpace>692AEA5F-C013-5656-A766-3ECFFCBBF6AD</tableSpace>
</LocalIndexProperties>
<LocalIndexProperties class="oracle.dbtools.crest.model.design.storage.oracle.LocalIndexProperties" name="LIP147" id="21720102-D550-BE0E-CC74-4D70994498BA">
<createdBy>ro38606</createdBy>
<createdTime>2013-05-07 16:50:53 UTC</createdTime>
<ownerDesignName>NYEC_BPM_Semantic_data_model_diagram</ownerDesignName>
<index>7D5D6833-EF16-3767-6273-528FB068CE44</index>
<logging>YES</logging>
<partitionName>PT_BUCKET_START_DATE_LT_2012</partitionName>
<segment>B42D8DB6-C9DD-C8AA-5757-8B44802B358D</segment>
<tableSpace>692AEA5F-C013-5656-A766-3ECFFCBBF6AD</tableSpace>
</LocalIndexProperties>
</localIndexProperties>
</Partition>
<Partition class="oracle.dbtools.crest.model.design.storage.oracle.v11g.PartitionOraclev11g" name="SYS_P3937" id="FDD8317B-2562-E3DC-D5CD-B7B5B9AFE3C9">
<createdBy>ro38606</createdBy>
<createdTime>2013-05-07 16:50:23 UTC</createdTime>
<ownerDesignName>NYEC_BPM_Semantic_data_model_diagram</ownerDesignName>
<dataSegmentCompression>NO</dataSegmentCompression>
<logging>YES</logging>
<position>2</position>
<segment>1EA6863F-23E2-9C68-415B-FA51EC13D93A</segment>
<tableSpace>8D282799-0AFE-F2FF-2AEA-CF205662762F</tableSpace>
<valueList>TO_DATE(&apos; 2013-02-07 00:00:00&apos;, &apos;SYYYY-MM-DD HH24:MI:SS&apos;, &apos;NLS_CALENDAR=GREGORIAN&apos;)</valueList>
<localIndexProperties>
<LocalIndexProperties class="oracle.dbtools.crest.model.design.storage.oracle.LocalIndexProperties" name="LIP146" id="E797388F-FFC1-9370-B696-3C149A289AF8">
<createdBy>ro38606</createdBy>
<createdTime>2013-05-07 16:50:52 UTC</createdTime>
<ownerDesignName>NYEC_BPM_Semantic_data_model_diagram</ownerDesignName>
<index>F569B219-629D-FC08-9E9F-E89573EAA0F3</index>
<logging>YES</logging>
<partitionName>SYS_P3938</partitionName>
<segment>78328217-4259-22E0-103A-CED2806E4CC5</segment>
<tableSpace>692AEA5F-C013-5656-A766-3ECFFCBBF6AD</tableSpace>
</LocalIndexProperties>
<LocalIndexProperties class="oracle.dbtools.crest.model.design.storage.oracle.LocalIndexProperties" name="LIP148" id="E93473C1-A9E4-929C-17FE-46B05A20D29D">
<createdBy>ro38606</createdBy>
<createdTime>2013-05-07 16:50:53 UTC</createdTime>
<ownerDesignName>NYEC_BPM_Semantic_data_model_diagram</ownerDesignName>
<index>7D5D6833-EF16-3767-6273-528FB068CE44</index>
<logging>YES</logging>
<partitionName>SYS_P3939</partitionName>
<segment>78328217-4259-22E0-103A-CED2806E4CC5</segment>
<tableSpace>692AEA5F-C013-5656-A766-3ECFFCBBF6AD</tableSpace>
</LocalIndexProperties>
</localIndexProperties>
</Partition>
</partitions>
<primaryKeys>
<PrimaryKey class="oracle.dbtools.crest.model.design.storage.oracle.v10g.PKProxyOraclev10g" name="FNSITPBD_PK" id="72B1E794-C2E6-7E1F-6FEE-7EC1F0EBC270">
<createdBy>ro38606</createdBy>
<createdTime>2013-05-07 16:49:52 UTC</createdTime>
<ownerDesignName>NYEC_BPM_Semantic_data_model_diagram</ownerDesignName>
<sortedRows>SORTED</sortedRows>
<tableSpace>692AEA5F-C013-5656-A766-3ECFFCBBF6AD</tableSpace>
<indexSegment>78328217-4259-22E0-103A-CED2806E4CC5</indexSegment>
<indexSort>SORTED</indexSort>
</PrimaryKey>
</primaryKeys>
</TableProxyOraclev11g>