<?xml version = '1.0' encoding = 'UTF-8'?>
<TableProxyOraclev11g class="oracle.dbtools.crest.model.design.storage.oracle.v11g.TableProxyOraclev11g" name="D_NYEC_SR_RESEARCH_TASK" id="5877793E-7CB7-698A-FDD6-4CDDE9482AE9" directorySegmentName="seg_0">
<createdBy>ro38606</createdBy>
<createdTime>2013-05-07 18:36:20 UTC</createdTime>
<ownerDesignName>NYEC_BPM_Semantic_data_model_diagram</ownerDesignName>
<logging>YES</logging>
<columnProxies>
<ColumnProxy class="oracle.dbtools.crest.model.design.storage.oracle.v11g.ColumnProxyOraclev11g" name="Status Age in Calendar Days" id="0028975E-FA11-BA26-9D77-D9E3998C1438">
<createdBy>ro38606</createdBy>
<createdTime>2013-05-07 18:36:20 UTC</createdTime>
<ownerDesignName>NYEC_BPM_Semantic_data_model_diagram</ownerDesignName>
</ColumnProxy>
<ColumnProxy class="oracle.dbtools.crest.model.design.storage.oracle.v11g.ColumnProxyOraclev11g" name="Source Reference Type" id="096C4F9F-D32A-4695-EEE6-BCCD02155D11">
<createdBy>ro38606</createdBy>
<createdTime>2013-05-07 18:36:20 UTC</createdTime>
<ownerDesignName>NYEC_BPM_Semantic_data_model_diagram</ownerDesignName>
</ColumnProxy>
<ColumnProxy class="oracle.dbtools.crest.model.design.storage.oracle.v11g.ColumnProxyOraclev11g" name="SLA Target Days" id="187B3646-2738-15B6-55BC-0121D807F198">
<createdBy>ro38606</createdBy>
<createdTime>2013-05-07 18:36:20 UTC</createdTime>
<ownerDesignName>NYEC_BPM_Semantic_data_model_diagram</ownerDesignName>
</ColumnProxy>
<ColumnProxy class="oracle.dbtools.crest.model.design.storage.oracle.v11g.ColumnProxyOraclev11g" name="Current Forwarded Flag" id="20390CBB-BD7D-62A8-D37E-992E37ADC029">
<createdBy>ro38606</createdBy>
<createdTime>2013-05-07 18:36:20 UTC</createdTime>
<ownerDesignName>NYEC_BPM_Semantic_data_model_diagram</ownerDesignName>
</ColumnProxy>
<ColumnProxy class="oracle.dbtools.crest.model.design.storage.oracle.v11g.ColumnProxyOraclev11g" name="Current Team Name" id="21B63D6E-40DC-0920-AF27-1F68723688AB">
<createdBy>ro38606</createdBy>
<createdTime>2013-05-07 18:36:20 UTC</createdTime>
<ownerDesignName>NYEC_BPM_Semantic_data_model_diagram</ownerDesignName>
</ColumnProxy>
<ColumnProxy class="oracle.dbtools.crest.model.design.storage.oracle.v11g.ColumnProxyOraclev11g" name="SLA Days Type" id="21DCB0AC-BA8F-E299-8EF0-505736902FCD">
<createdBy>ro38606</createdBy>
<createdTime>2013-05-07 18:36:20 UTC</createdTime>
<ownerDesignName>NYEC_BPM_Semantic_data_model_diagram</ownerDesignName>
</ColumnProxy>
<ColumnProxy class="oracle.dbtools.crest.model.design.storage.oracle.v11g.ColumnProxyOraclev11g" name="Unit of Work" id="250A316C-4403-EE73-6E62-B82ACBA2B6C8">
<createdBy>ro38606</createdBy>
<createdTime>2013-05-07 18:36:20 UTC</createdTime>
<ownerDesignName>NYEC_BPM_Semantic_data_model_diagram</ownerDesignName>
</ColumnProxy>
<ColumnProxy class="oracle.dbtools.crest.model.design.storage.oracle.v11g.ColumnProxyOraclev11g" name="Jeopardy Flag" id="2F7834E7-7460-4FE6-B336-7D76A3433A8F">
<createdBy>ro38606</createdBy>
<createdTime>2013-05-07 18:36:20 UTC</createdTime>
<ownerDesignName>NYEC_BPM_Semantic_data_model_diagram</ownerDesignName>
</ColumnProxy>
<ColumnProxy class="oracle.dbtools.crest.model.design.storage.oracle.v11g.ColumnProxyOraclev11g" name="Source Reference ID" id="336A052E-D22D-64C8-4DF0-B9D34EC75DF7">
<createdBy>ro38606</createdBy>
<createdTime>2013-05-07 18:36:20 UTC</createdTime>
<ownerDesignName>NYEC_BPM_Semantic_data_model_diagram</ownerDesignName>
</ColumnProxy>
<ColumnProxy class="oracle.dbtools.crest.model.design.storage.oracle.v11g.ColumnProxyOraclev11g" name="Current Status Date" id="3909FF10-46AE-FBE1-A145-77A45869A9A0">
<createdBy>ro38606</createdBy>
<createdTime>2013-05-07 18:36:20 UTC</createdTime>
<ownerDesignName>NYEC_BPM_Semantic_data_model_diagram</ownerDesignName>
</ColumnProxy>
<ColumnProxy class="oracle.dbtools.crest.model.design.storage.oracle.v11g.ColumnProxyOraclev11g" name="Age in Business Days" id="3AE0C26D-6A2C-EF4E-D421-DEE99DFAAFB2">
<createdBy>ro38606</createdBy>
<createdTime>2013-05-07 18:36:20 UTC</createdTime>
<ownerDesignName>NYEC_BPM_Semantic_data_model_diagram</ownerDesignName>
</ColumnProxy>
<ColumnProxy class="oracle.dbtools.crest.model.design.storage.oracle.v11g.ColumnProxyOraclev11g" name="SLA Days" id="3E61FB96-2B48-41C2-348D-0CA02DB99000">
<createdBy>ro38606</createdBy>
<createdTime>2013-05-07 18:36:20 UTC</createdTime>
<ownerDesignName>NYEC_BPM_Semantic_data_model_diagram</ownerDesignName>
</ColumnProxy>
<ColumnProxy class="oracle.dbtools.crest.model.design.storage.oracle.v11g.ColumnProxyOraclev11g" name="Current Last Update Date" id="4DE7173C-07B2-DA84-56D8-52E84212EC85">
<createdBy>ro38606</createdBy>
<createdTime>2013-05-07 18:36:20 UTC</createdTime>
<ownerDesignName>NYEC_BPM_Semantic_data_model_diagram</ownerDesignName>
</ColumnProxy>
<ColumnProxy class="oracle.dbtools.crest.model.design.storage.oracle.v11g.ColumnProxyOraclev11g" name="Timeliness Status" id="5263017E-5B64-CB93-9831-15FECCA2E11E">
<createdBy>ro38606</createdBy>
<createdTime>2013-05-07 18:36:20 UTC</createdTime>
<ownerDesignName>NYEC_BPM_Semantic_data_model_diagram</ownerDesignName>
</ColumnProxy>
<ColumnProxy class="oracle.dbtools.crest.model.design.storage.oracle.v11g.ColumnProxyOraclev11g" name="Current Group Parent Name" id="5A457A6D-FEFA-9F48-3649-44C9FB328786">
<createdBy>ro38606</createdBy>
<createdTime>2013-05-07 18:36:20 UTC</createdTime>
<ownerDesignName>NYEC_BPM_Semantic_data_model_diagram</ownerDesignName>
</ColumnProxy>
<ColumnProxy class="oracle.dbtools.crest.model.design.storage.oracle.v11g.ColumnProxyOraclev11g" name="Current Team Parent Name" id="5B51F11D-1933-FACC-317D-11DD27853211">
<createdBy>ro38606</createdBy>
<createdTime>2013-05-07 18:36:20 UTC</createdTime>
<ownerDesignName>NYEC_BPM_Semantic_data_model_diagram</ownerDesignName>
</ColumnProxy>
<ColumnProxy class="oracle.dbtools.crest.model.design.storage.oracle.v11g.ColumnProxyOraclev11g" name="SLA Jeopardy Days" id="69A8863D-6E86-4995-271F-3FFC5412FD89">
<createdBy>ro38606</createdBy>
<createdTime>2013-05-07 18:36:20 UTC</createdTime>
<ownerDesignName>NYEC_BPM_Semantic_data_model_diagram</ownerDesignName>
</ColumnProxy>
<ColumnProxy class="oracle.dbtools.crest.model.design.storage.oracle.v11g.ColumnProxyOraclev11g" name="Create Date" id="74A0CA9C-0C25-0D59-F92C-BBAD9B4AE4AA">
<createdBy>ro38606</createdBy>
<createdTime>2013-05-07 18:36:20 UTC</createdTime>
<ownerDesignName>NYEC_BPM_Semantic_data_model_diagram</ownerDesignName>
</ColumnProxy>
<ColumnProxy class="oracle.dbtools.crest.model.design.storage.oracle.v11g.ColumnProxyOraclev11g" name="Status Age in Business Days" id="7BD48AF2-04B9-3F15-9DC8-4AE471820951">
<createdBy>ro38606</createdBy>
<createdTime>2013-05-07 18:36:20 UTC</createdTime>
<ownerDesignName>NYEC_BPM_Semantic_data_model_diagram</ownerDesignName>
</ColumnProxy>
<ColumnProxy class="oracle.dbtools.crest.model.design.storage.oracle.v11g.ColumnProxyOraclev11g" name="Created By Name" id="8EF0EFB1-5FD8-9922-05F2-25432AF1CDB5">
<createdBy>ro38606</createdBy>
<createdTime>2013-05-07 18:36:20 UTC</createdTime>
<ownerDesignName>NYEC_BPM_Semantic_data_model_diagram</ownerDesignName>
</ColumnProxy>
<ColumnProxy class="oracle.dbtools.crest.model.design.storage.oracle.v11g.ColumnProxyOraclev11g" name="Current Escalated Flag" id="92C4A018-2E9F-9734-A149-0913DBB90511">
<createdBy>ro38606</createdBy>
<createdTime>2013-05-07 18:36:20 UTC</createdTime>
<ownerDesignName>NYEC_BPM_Semantic_data_model_diagram</ownerDesignName>
</ColumnProxy>
<ColumnProxy class="oracle.dbtools.crest.model.design.storage.oracle.v11g.ColumnProxyOraclev11g" name="Current Owner Name" id="942BCCDE-E98E-1B58-2346-CB91DBBC0192">
<createdBy>ro38606</createdBy>
<createdTime>2013-05-07 18:36:20 UTC</createdTime>
<ownerDesignName>NYEC_BPM_Semantic_data_model_diagram</ownerDesignName>
</ColumnProxy>
<ColumnProxy class="oracle.dbtools.crest.model.design.storage.oracle.v11g.ColumnProxyOraclev11g" name="Current Team Supervisor Name" id="9D865120-1F6E-33CC-0C34-4E1F7722A2BA">
<createdBy>ro38606</createdBy>
<createdTime>2013-05-07 18:36:20 UTC</createdTime>
<ownerDesignName>NYEC_BPM_Semantic_data_model_diagram</ownerDesignName>
</ColumnProxy>
<ColumnProxy class="oracle.dbtools.crest.model.design.storage.oracle.v11g.ColumnProxyOraclev11g" name="Complete Date" id="A28BDE51-6AFD-C5F3-36D0-77931D9F6299">
<createdBy>ro38606</createdBy>
<createdTime>2013-05-07 18:36:20 UTC</createdTime>
<ownerDesignName>NYEC_BPM_Semantic_data_model_diagram</ownerDesignName>
</ColumnProxy>
<ColumnProxy class="oracle.dbtools.crest.model.design.storage.oracle.v11g.ColumnProxyOraclev11g" name="Current Group Name" id="A2C8C33C-19DC-0F87-B68A-4F58CE775222">
<createdBy>ro38606</createdBy>
<createdTime>2013-05-07 18:36:20 UTC</createdTime>
<ownerDesignName>NYEC_BPM_Semantic_data_model_diagram</ownerDesignName>
</ColumnProxy>
<ColumnProxy class="oracle.dbtools.crest.model.design.storage.oracle.v11g.ColumnProxyOraclev11g" name="Current Group Supervisor Name" id="A60BCD35-4EFA-843E-88CB-58780B4F11EC">
<createdBy>ro38606</createdBy>
<createdTime>2013-05-07 18:36:20 UTC</createdTime>
<ownerDesignName>NYEC_BPM_Semantic_data_model_diagram</ownerDesignName>
</ColumnProxy>
<ColumnProxy class="oracle.dbtools.crest.model.design.storage.oracle.v11g.ColumnProxyOraclev11g" name="Current Escalated To Name" id="A7AB728B-9A20-0A7C-91B9-B8E3F181EBF7">
<createdBy>ro38606</createdBy>
<createdTime>2013-05-07 18:36:20 UTC</createdTime>
<ownerDesignName>NYEC_BPM_Semantic_data_model_diagram</ownerDesignName>
</ColumnProxy>
<ColumnProxy class="oracle.dbtools.crest.model.design.storage.oracle.v11g.ColumnProxyOraclev11g" name="Age in Calendar Days" id="B60B1A7B-935C-B18D-F035-C7B5F1548375">
<createdBy>ro38606</createdBy>
<createdTime>2013-05-07 18:36:20 UTC</createdTime>
<ownerDesignName>NYEC_BPM_Semantic_data_model_diagram</ownerDesignName>
</ColumnProxy>
<ColumnProxy class="oracle.dbtools.crest.model.design.storage.oracle.v11g.ColumnProxyOraclev11g" name="Current Task Type" id="BE8F37BE-A92D-DBEE-328A-339850EEFFEA">
<createdBy>ro38606</createdBy>
<createdTime>2013-05-07 18:36:20 UTC</createdTime>
<ownerDesignName>NYEC_BPM_Semantic_data_model_diagram</ownerDesignName>
</ColumnProxy>
<ColumnProxy class="oracle.dbtools.crest.model.design.storage.oracle.v11g.ColumnProxyOraclev11g" name="Current Task Status" id="CB2043A5-EFFE-1CAD-3CCB-FDC4C1EF8B3B">
<createdBy>ro38606</createdBy>
<createdTime>2013-05-07 18:36:20 UTC</createdTime>
<ownerDesignName>NYEC_BPM_Semantic_data_model_diagram</ownerDesignName>
</ColumnProxy>
<ColumnProxy class="oracle.dbtools.crest.model.design.storage.oracle.v11g.ColumnProxyOraclev11g" name="Complete Flag" id="D0884CAD-F985-2BF9-86E2-680EAD0ECD13">
<createdBy>ro38606</createdBy>
<createdTime>2013-05-07 18:36:20 UTC</createdTime>
<ownerDesignName>NYEC_BPM_Semantic_data_model_diagram</ownerDesignName>
</ColumnProxy>
<ColumnProxy class="oracle.dbtools.crest.model.design.storage.oracle.v11g.ColumnProxyOraclev11g" name="Research Task ID" id="E5EDE9EA-B6CE-BE4A-204C-52A0257CE650">
<createdBy>ro38606</createdBy>
<createdTime>2013-05-07 18:36:20 UTC</createdTime>
<ownerDesignName>NYEC_BPM_Semantic_data_model_diagram</ownerDesignName>
</ColumnProxy>
<ColumnProxy class="oracle.dbtools.crest.model.design.storage.oracle.v11g.ColumnProxyOraclev11g" name="Cancel Work Flag" id="E7F13D47-8EF5-55B3-7D62-2E22FD023598">
<createdBy>ro38606</createdBy>
<createdTime>2013-05-07 18:36:20 UTC</createdTime>
<ownerDesignName>NYEC_BPM_Semantic_data_model_diagram</ownerDesignName>
</ColumnProxy>
<ColumnProxy class="oracle.dbtools.crest.model.design.storage.oracle.v11g.ColumnProxyOraclev11g" name="Cancel Work Date" id="ED3E31D4-2BB6-32EC-089C-429CEE221983">
<createdBy>ro38606</createdBy>
<createdTime>2013-05-07 18:36:20 UTC</createdTime>
<ownerDesignName>NYEC_BPM_Semantic_data_model_diagram</ownerDesignName>
</ColumnProxy>
<ColumnProxy class="oracle.dbtools.crest.model.design.storage.oracle.v11g.ColumnProxyOraclev11g" name="Current Last Update By Name" id="F5E8B072-8FE0-C65E-9D50-2D3E71E1F4E9">
<createdBy>ro38606</createdBy>
<createdTime>2013-05-07 18:36:20 UTC</createdTime>
<ownerDesignName>NYEC_BPM_Semantic_data_model_diagram</ownerDesignName>
</ColumnProxy>
<ColumnProxy class="oracle.dbtools.crest.model.design.storage.oracle.v11g.ColumnProxyOraclev11g" name="Current Forwarded By Name" id="FB20E269-DB79-A083-0A37-611B3D47B185">
<createdBy>ro38606</createdBy>
<createdTime>2013-05-07 18:36:20 UTC</createdTime>
<ownerDesignName>NYEC_BPM_Semantic_data_model_diagram</ownerDesignName>
</ColumnProxy>
</columnProxies>
</TableProxyOraclev11g>