<?xml version = '1.0' encoding = 'UTF-8'?>
<TableProxyOraclev11g class="oracle.dbtools.crest.model.design.storage.oracle.v11g.TableProxyOraclev11g" name="F_NYEC_IR_BY_DATE" id="5A9C4B7B-CBFD-80DE-7A43-FA10166B9E03" directorySegmentName="seg_0">
<createdBy>ro38606</createdBy>
<createdTime>2013-05-07 16:46:57 UTC</createdTime>
<ownerDesignName>NYEC_BPM_Semantic_data_model_diagram</ownerDesignName>
<logging>YES</logging>
<parallel>YES</parallel>
<partitionList class="oracle.dbtools.crest.model.design.storage.oracle.v11g.PartitionListOraclev11g" name="PL2" id="F7AF80A7-1D40-54AE-64A5-ED33666212F3">
<createdBy>ro38606</createdBy>
<createdTime>2013-05-07 16:50:14 UTC</createdTime>
<ownerDesignName>NYEC_BPM_Semantic_data_model_diagram</ownerDesignName>
<columnIDs>D8845A3A-4866-B650-BA6B-9AC9706A24B4</columnIDs>
<intervalExpression>NUMTODSINTERVAL(1,&apos;DAY&apos;)</intervalExpression>
</partitionList>
<partitioned>YES</partitioned>
<partitionedRowMovement>DISABLE</partitionedRowMovement>
<segment>03582533-59B6-9768-A0B2-DD35A867C190</segment>
<tableSpace>8D282799-0AFE-F2FF-2AEA-CF205662762F</tableSpace>
<columnProxies>
<ColumnProxy class="oracle.dbtools.crest.model.design.storage.oracle.v11g.ColumnProxyOraclev11g" name="BUCKET_END_DATE" id="07D4DCBC-A341-105F-AEC7-B105DD268B5B">
<createdBy>ro38606</createdBy>
<createdTime>2013-05-07 16:48:21 UTC</createdTime>
<ownerDesignName>NYEC_BPM_Semantic_data_model_diagram</ownerDesignName>
</ColumnProxy>
<ColumnProxy class="oracle.dbtools.crest.model.design.storage.oracle.v11g.ColumnProxyOraclev11g" name="DNIRCI_ID" id="0868925A-BF7A-514A-629C-8581EDA3CCB0">
<createdBy>ro38606</createdBy>
<createdTime>2013-05-07 16:48:21 UTC</createdTime>
<ownerDesignName>NYEC_BPM_Semantic_data_model_diagram</ownerDesignName>
</ColumnProxy>
<ColumnProxy class="oracle.dbtools.crest.model.design.storage.oracle.v11g.ColumnProxyOraclev11g" name="NYEC_IR_BI_ID" id="4AD64800-6A08-7AED-6632-E87362E0E5AE">
<createdBy>ro38606</createdBy>
<createdTime>2013-05-07 16:48:21 UTC</createdTime>
<ownerDesignName>NYEC_BPM_Semantic_data_model_diagram</ownerDesignName>
</ColumnProxy>
<ColumnProxy class="oracle.dbtools.crest.model.design.storage.oracle.v11g.ColumnProxyOraclev11g" name="Authorization End Date" id="55F0F7F3-986B-88A9-6F48-45800A2ABFBA">
<createdBy>ro38606</createdBy>
<createdTime>2013-05-07 16:48:22 UTC</createdTime>
<ownerDesignName>NYEC_BPM_Semantic_data_model_diagram</ownerDesignName>
</ColumnProxy>
<ColumnProxy class="oracle.dbtools.crest.model.design.storage.oracle.v11g.ColumnProxyOraclev11g" name="FNIRBD_ID" id="5C50685E-91B8-452B-14C4-2FB751A99893">
<createdBy>ro38606</createdBy>
<createdTime>2013-05-07 16:48:21 UTC</createdTime>
<ownerDesignName>NYEC_BPM_Semantic_data_model_diagram</ownerDesignName>
</ColumnProxy>
<ColumnProxy class="oracle.dbtools.crest.model.design.storage.oracle.v11g.ColumnProxyOraclev11g" name="CREATION_COUNT" id="6A1287F5-CEF1-41C0-1A6F-10E7B02C064E">
<createdBy>ro38606</createdBy>
<createdTime>2013-05-07 16:48:22 UTC</createdTime>
<ownerDesignName>NYEC_BPM_Semantic_data_model_diagram</ownerDesignName>
</ColumnProxy>
<ColumnProxy class="oracle.dbtools.crest.model.design.storage.oracle.v11g.ColumnProxyOraclev11g" name="INVENTORY_COUNT" id="6E051E59-468C-FC4C-E8C5-BA1B34A634AC">
<createdBy>ro38606</createdBy>
<createdTime>2013-05-07 16:48:22 UTC</createdTime>
<ownerDesignName>NYEC_BPM_Semantic_data_model_diagram</ownerDesignName>
</ColumnProxy>
<ColumnProxy class="oracle.dbtools.crest.model.design.storage.oracle.v11g.ColumnProxyOraclev11g" name="D_DATE" id="7E336DF7-AFC2-3093-6B36-29FD764D3D0B">
<createdBy>ro38606</createdBy>
<createdTime>2013-05-07 16:48:21 UTC</createdTime>
<ownerDesignName>NYEC_BPM_Semantic_data_model_diagram</ownerDesignName>
</ColumnProxy>
<ColumnProxy class="oracle.dbtools.crest.model.design.storage.oracle.v11g.ColumnProxyOraclev11g" name="COMPLETION_COUNT" id="A80A860B-F262-AAC7-537F-96E98279E93F">
<createdBy>ro38606</createdBy>
<createdTime>2013-05-07 16:48:22 UTC</createdTime>
<ownerDesignName>NYEC_BPM_Semantic_data_model_diagram</ownerDesignName>
</ColumnProxy>
<ColumnProxy class="oracle.dbtools.crest.model.design.storage.oracle.v11g.ColumnProxyOraclev11g" name="BUCKET_START_DATE" id="D8845A3A-4866-B650-BA6B-9AC9706A24B4">
<createdBy>ro38606</createdBy>
<createdTime>2013-05-07 16:48:21 UTC</createdTime>
<ownerDesignName>NYEC_BPM_Semantic_data_model_diagram</ownerDesignName>
</ColumnProxy>
</columnProxies>
<indexProxies>
<IndexProxy class="oracle.dbtools.crest.model.design.storage.oracle.v10g.IndexProxyOraclev10g" name="FNIRBD_UIX2" id="4015E17A-020C-E1EF-AE60-085A49AFB354">
<createdBy>ro38606</createdBy>
<createdTime>2013-05-07 16:48:53 UTC</createdTime>
<ownerDesignName>NYEC_BPM_Semantic_data_model_diagram</ownerDesignName>
<parallel>YES</parallel>
<segment>78328217-4259-22E0-103A-CED2806E4CC5</segment>
<sortedRows>SORTED</sortedRows>
<tableSpace>692AEA5F-C013-5656-A766-3ECFFCBBF6AD</tableSpace>
</IndexProxy>
<IndexProxy class="oracle.dbtools.crest.model.design.storage.oracle.v10g.IndexProxyOraclev10g" name="FNIRBD_UIX1" id="6851AD59-61CB-CA59-56FF-8DA3B9C76E9A">
<createdBy>ro38606</createdBy>
<createdTime>2013-05-07 16:48:53 UTC</createdTime>
<ownerDesignName>NYEC_BPM_Semantic_data_model_diagram</ownerDesignName>
<parallel>YES</parallel>
<segment>78328217-4259-22E0-103A-CED2806E4CC5</segment>
<sortedRows>SORTED</sortedRows>
<tableSpace>692AEA5F-C013-5656-A766-3ECFFCBBF6AD</tableSpace>
</IndexProxy>
<IndexProxy class="oracle.dbtools.crest.model.design.storage.oracle.v10g.IndexProxyOraclev10g" name="FNIRBD_IXL2" id="E0087A1F-9075-E25B-5699-4C151DEC3829">
<createdBy>ro38606</createdBy>
<createdTime>2013-05-07 16:48:53 UTC</createdTime>
<ownerDesignName>NYEC_BPM_Semantic_data_model_diagram</ownerDesignName>
<partitioned>true</partitioned>
<indexPartitioned>LOCAL</indexPartitioned>
<parallel>YES</parallel>
<segment>B42D8DB6-C9DD-C8AA-5757-8B44802B358D</segment>
<sortedRows>SORTED</sortedRows>
<tableSpace>692AEA5F-C013-5656-A766-3ECFFCBBF6AD</tableSpace>
</IndexProxy>
<IndexProxy class="oracle.dbtools.crest.model.design.storage.oracle.v10g.IndexProxyOraclev10g" name="FNIRBD_IXL1" id="E9B3A79E-DA5C-2484-8E0E-EEC7A3A0AF8F">
<createdBy>ro38606</createdBy>
<createdTime>2013-05-07 16:48:53 UTC</createdTime>
<ownerDesignName>NYEC_BPM_Semantic_data_model_diagram</ownerDesignName>
<partitioned>true</partitioned>
<indexPartitioned>LOCAL</indexPartitioned>
<parallel>YES</parallel>
<segment>B42D8DB6-C9DD-C8AA-5757-8B44802B358D</segment>
<sortedRows>SORTED</sortedRows>
<tableSpace>692AEA5F-C013-5656-A766-3ECFFCBBF6AD</tableSpace>
</IndexProxy>
</indexProxies>
<foreignKeys>
<ForeignKey class="oracle.dbtools.crest.model.design.storage.oracle.v10g.FKProxyOraclev10g" name="FNIRBD_DNIRCI_FK" id="A4C1CA21-0EB8-60D7-C0BD-4AA693128607">
<createdBy>ro38606</createdBy>
<createdTime>2013-05-07 16:50:10 UTC</createdTime>
<ownerDesignName>NYEC_BPM_Semantic_data_model_diagram</ownerDesignName>
</ForeignKey>
<ForeignKey class="oracle.dbtools.crest.model.design.storage.oracle.v10g.FKProxyOraclev10g" name="FNIRBD_DNIRCUR_FK" id="DD90B952-4515-602A-6727-B64B3D8EDEC7">
<createdBy>ro38606</createdBy>
<createdTime>2013-05-07 16:50:10 UTC</createdTime>
<ownerDesignName>NYEC_BPM_Semantic_data_model_diagram</ownerDesignName>
</ForeignKey>
</foreignKeys>
<partitions>
<Partition class="oracle.dbtools.crest.model.design.storage.oracle.v11g.PartitionOraclev11g" name="PT_BUCKET_START_DATE_LT_2012" id="19525E3E-C7D1-72AD-F8F0-B53463D4956F">
<createdBy>ro38606</createdBy>
<createdTime>2013-05-07 16:50:14 UTC</createdTime>
<ownerDesignName>NYEC_BPM_Semantic_data_model_diagram</ownerDesignName>
<dataSegmentCompression>NO</dataSegmentCompression>
<logging>YES</logging>
<position>1</position>
<segment>03582533-59B6-9768-A0B2-DD35A867C190</segment>
<tableSpace>8D282799-0AFE-F2FF-2AEA-CF205662762F</tableSpace>
<valueList>TO_DATE(&apos; 2012-01-01 00:00:00&apos;, &apos;SYYYY-MM-DD HH24:MI:SS&apos;, &apos;NLS_CALENDAR=GREGORIAN&apos;)</valueList>
<localIndexProperties>
<LocalIndexProperties class="oracle.dbtools.crest.model.design.storage.oracle.LocalIndexProperties" name="LIP39" id="9866DECC-CC22-C97A-07C7-51C737FC95BB">
<createdBy>ro38606</createdBy>
<createdTime>2013-05-07 16:50:36 UTC</createdTime>
<ownerDesignName>NYEC_BPM_Semantic_data_model_diagram</ownerDesignName>
<index>E0087A1F-9075-E25B-5699-4C151DEC3829</index>
<logging>YES</logging>
<partitionName>PT_BUCKET_START_DATE_LT_2012</partitionName>
<segment>B42D8DB6-C9DD-C8AA-5757-8B44802B358D</segment>
<tableSpace>692AEA5F-C013-5656-A766-3ECFFCBBF6AD</tableSpace>
</LocalIndexProperties>
<LocalIndexProperties class="oracle.dbtools.crest.model.design.storage.oracle.LocalIndexProperties" name="LIP43" id="CCD8A505-C532-6BE1-3D72-E587F8D0389F">
<createdBy>ro38606</createdBy>
<createdTime>2013-05-07 16:50:37 UTC</createdTime>
<ownerDesignName>NYEC_BPM_Semantic_data_model_diagram</ownerDesignName>
<index>E9B3A79E-DA5C-2484-8E0E-EEC7A3A0AF8F</index>
<logging>YES</logging>
<partitionName>PT_BUCKET_START_DATE_LT_2012</partitionName>
<segment>B42D8DB6-C9DD-C8AA-5757-8B44802B358D</segment>
<tableSpace>692AEA5F-C013-5656-A766-3ECFFCBBF6AD</tableSpace>
</LocalIndexProperties>
</localIndexProperties>
</Partition>
<Partition class="oracle.dbtools.crest.model.design.storage.oracle.v11g.PartitionOraclev11g" name="SYS_P2280" id="CF085EED-76D7-9233-E0BD-2D674547603F">
<createdBy>ro38606</createdBy>
<createdTime>2013-05-07 16:50:14 UTC</createdTime>
<ownerDesignName>NYEC_BPM_Semantic_data_model_diagram</ownerDesignName>
<dataSegmentCompression>NO</dataSegmentCompression>
<logging>YES</logging>
<position>2</position>
<segment>1EA6863F-23E2-9C68-415B-FA51EC13D93A</segment>
<tableSpace>8D282799-0AFE-F2FF-2AEA-CF205662762F</tableSpace>
<valueList>TO_DATE(&apos; 2012-09-03 00:00:00&apos;, &apos;SYYYY-MM-DD HH24:MI:SS&apos;, &apos;NLS_CALENDAR=GREGORIAN&apos;)</valueList>
<localIndexProperties>
<LocalIndexProperties class="oracle.dbtools.crest.model.design.storage.oracle.LocalIndexProperties" name="LIP40" id="9D4197AB-7832-F605-C935-0EC35D44E135">
<createdBy>ro38606</createdBy>
<createdTime>2013-05-07 16:50:36 UTC</createdTime>
<ownerDesignName>NYEC_BPM_Semantic_data_model_diagram</ownerDesignName>
<index>E0087A1F-9075-E25B-5699-4C151DEC3829</index>
<logging>YES</logging>
<partitionName>SYS_P3792</partitionName>
<segment>78328217-4259-22E0-103A-CED2806E4CC5</segment>
<tableSpace>692AEA5F-C013-5656-A766-3ECFFCBBF6AD</tableSpace>
</LocalIndexProperties>
<LocalIndexProperties class="oracle.dbtools.crest.model.design.storage.oracle.LocalIndexProperties" name="LIP44" id="A9BC7BA0-5C00-18F9-6739-CFD7A9A7B34F">
<createdBy>ro38606</createdBy>
<createdTime>2013-05-07 16:50:37 UTC</createdTime>
<ownerDesignName>NYEC_BPM_Semantic_data_model_diagram</ownerDesignName>
<index>E9B3A79E-DA5C-2484-8E0E-EEC7A3A0AF8F</index>
<logging>YES</logging>
<partitionName>SYS_P2280</partitionName>
<segment>78328217-4259-22E0-103A-CED2806E4CC5</segment>
<tableSpace>692AEA5F-C013-5656-A766-3ECFFCBBF6AD</tableSpace>
</LocalIndexProperties>
</localIndexProperties>
</Partition>
<Partition class="oracle.dbtools.crest.model.design.storage.oracle.v11g.PartitionOraclev11g" name="SYS_P2281" id="406DF8E3-8268-FDD5-AB82-8BFAE53E82A1">
<createdBy>ro38606</createdBy>
<createdTime>2013-05-07 16:50:15 UTC</createdTime>
<ownerDesignName>NYEC_BPM_Semantic_data_model_diagram</ownerDesignName>
<dataSegmentCompression>NO</dataSegmentCompression>
<logging>YES</logging>
<position>3</position>
<segment>1EA6863F-23E2-9C68-415B-FA51EC13D93A</segment>
<tableSpace>8D282799-0AFE-F2FF-2AEA-CF205662762F</tableSpace>
<valueList>TO_DATE(&apos; 2012-09-05 00:00:00&apos;, &apos;SYYYY-MM-DD HH24:MI:SS&apos;, &apos;NLS_CALENDAR=GREGORIAN&apos;)</valueList>
<localIndexProperties>
<LocalIndexProperties class="oracle.dbtools.crest.model.design.storage.oracle.LocalIndexProperties" name="LIP41" id="0ADEFF71-630F-E101-F4C6-25E7F1CA41CF">
<createdBy>ro38606</createdBy>
<createdTime>2013-05-07 16:50:37 UTC</createdTime>
<ownerDesignName>NYEC_BPM_Semantic_data_model_diagram</ownerDesignName>
<index>E0087A1F-9075-E25B-5699-4C151DEC3829</index>
<logging>YES</logging>
<partitionName>SYS_P3793</partitionName>
<segment>78328217-4259-22E0-103A-CED2806E4CC5</segment>
<tableSpace>692AEA5F-C013-5656-A766-3ECFFCBBF6AD</tableSpace>
</LocalIndexProperties>
<LocalIndexProperties class="oracle.dbtools.crest.model.design.storage.oracle.LocalIndexProperties" name="LIP45" id="2902BDA0-2251-78C0-A80A-58E1934476BE">
<createdBy>ro38606</createdBy>
<createdTime>2013-05-07 16:50:37 UTC</createdTime>
<ownerDesignName>NYEC_BPM_Semantic_data_model_diagram</ownerDesignName>
<index>E9B3A79E-DA5C-2484-8E0E-EEC7A3A0AF8F</index>
<logging>YES</logging>
<partitionName>SYS_P2281</partitionName>
<segment>78328217-4259-22E0-103A-CED2806E4CC5</segment>
<tableSpace>692AEA5F-C013-5656-A766-3ECFFCBBF6AD</tableSpace>
</LocalIndexProperties>
</localIndexProperties>
</Partition>
<Partition class="oracle.dbtools.crest.model.design.storage.oracle.v11g.PartitionOraclev11g" name="SYS_P2086" id="737B99D6-AEBE-07A6-B766-A06D1E40DFAD">
<createdBy>ro38606</createdBy>
<createdTime>2013-05-07 16:50:15 UTC</createdTime>
<ownerDesignName>NYEC_BPM_Semantic_data_model_diagram</ownerDesignName>
<dataSegmentCompression>NO</dataSegmentCompression>
<logging>YES</logging>
<position>4</position>
<segment>1EA6863F-23E2-9C68-415B-FA51EC13D93A</segment>
<tableSpace>8D282799-0AFE-F2FF-2AEA-CF205662762F</tableSpace>
<valueList>TO_DATE(&apos; 2012-11-27 00:00:00&apos;, &apos;SYYYY-MM-DD HH24:MI:SS&apos;, &apos;NLS_CALENDAR=GREGORIAN&apos;)</valueList>
<localIndexProperties>
<LocalIndexProperties class="oracle.dbtools.crest.model.design.storage.oracle.LocalIndexProperties" name="LIP42" id="339D049A-F234-2103-EF79-1C63AC80DE11">
<createdBy>ro38606</createdBy>
<createdTime>2013-05-07 16:50:37 UTC</createdTime>
<ownerDesignName>NYEC_BPM_Semantic_data_model_diagram</ownerDesignName>
<index>E0087A1F-9075-E25B-5699-4C151DEC3829</index>
<logging>YES</logging>
<partitionName>SYS_P3794</partitionName>
<segment>78328217-4259-22E0-103A-CED2806E4CC5</segment>
<tableSpace>692AEA5F-C013-5656-A766-3ECFFCBBF6AD</tableSpace>
</LocalIndexProperties>
<LocalIndexProperties class="oracle.dbtools.crest.model.design.storage.oracle.LocalIndexProperties" name="LIP46" id="0D3B7707-F068-E981-7448-B2F93C6A14B9">
<createdBy>ro38606</createdBy>
<createdTime>2013-05-07 16:50:37 UTC</createdTime>
<ownerDesignName>NYEC_BPM_Semantic_data_model_diagram</ownerDesignName>
<index>E9B3A79E-DA5C-2484-8E0E-EEC7A3A0AF8F</index>
<logging>YES</logging>
<partitionName>SYS_P2086</partitionName>
<segment>78328217-4259-22E0-103A-CED2806E4CC5</segment>
<tableSpace>692AEA5F-C013-5656-A766-3ECFFCBBF6AD</tableSpace>
</LocalIndexProperties>
</localIndexProperties>
</Partition>
</partitions>
<primaryKeys>
<PrimaryKey class="oracle.dbtools.crest.model.design.storage.oracle.v10g.PKProxyOraclev10g" name="FNIRBD_PK" id="168D35F1-5E36-CA16-A8C5-AE4E10CA219D">
<createdBy>ro38606</createdBy>
<createdTime>2013-05-07 16:49:41 UTC</createdTime>
<ownerDesignName>NYEC_BPM_Semantic_data_model_diagram</ownerDesignName>
<sortedRows>SORTED</sortedRows>
<tableSpace>692AEA5F-C013-5656-A766-3ECFFCBBF6AD</tableSpace>
<indexSegment>78328217-4259-22E0-103A-CED2806E4CC5</indexSegment>
<indexSort>SORTED</indexSort>
</PrimaryKey>
</primaryKeys>
</TableProxyOraclev11g>