<?xml version = '1.0' encoding = 'UTF-8'?>
<TableProxyOraclev11g class="oracle.dbtools.crest.model.design.storage.oracle.v11g.TableProxyOraclev11g" name="D_NYEC_PMI_CURRENT_TASK" id="69B62C81-6613-D003-AA27-267ECBB573D8" directorySegmentName="seg_0">
<createdBy>ro38606</createdBy>
<createdTime>2013-05-07 18:19:41 UTC</createdTime>
<ownerDesignName>NYEC_BPM_Semantic_data_model_diagram</ownerDesignName>
<logging>YES</logging>
<columnProxies>
<ColumnProxy class="oracle.dbtools.crest.model.design.storage.oracle.v11g.ColumnProxyOraclev11g" name="Complete Flag" id="01A22143-44F4-13A3-E075-5B9F93174B0F">
<createdBy>ro38606</createdBy>
<createdTime>2013-05-07 18:19:41 UTC</createdTime>
<ownerDesignName>NYEC_BPM_Semantic_data_model_diagram</ownerDesignName>
</ColumnProxy>
<ColumnProxy class="oracle.dbtools.crest.model.design.storage.oracle.v11g.ColumnProxyOraclev11g" name="Current Owner Name" id="0D69CA03-460E-16D9-D518-16AA60B4F73D">
<createdBy>ro38606</createdBy>
<createdTime>2013-05-07 18:19:41 UTC</createdTime>
<ownerDesignName>NYEC_BPM_Semantic_data_model_diagram</ownerDesignName>
</ColumnProxy>
<ColumnProxy class="oracle.dbtools.crest.model.design.storage.oracle.v11g.ColumnProxyOraclev11g" name="SLA Days Type" id="0DCE2594-C95A-1CF7-AE73-75ED79F4E236">
<createdBy>ro38606</createdBy>
<createdTime>2013-05-07 18:19:41 UTC</createdTime>
<ownerDesignName>NYEC_BPM_Semantic_data_model_diagram</ownerDesignName>
</ColumnProxy>
<ColumnProxy class="oracle.dbtools.crest.model.design.storage.oracle.v11g.ColumnProxyOraclev11g" name="Current Forwarded Flag" id="0E9317A3-61D0-A124-7C53-3D1A0233379C">
<createdBy>ro38606</createdBy>
<createdTime>2013-05-07 18:19:41 UTC</createdTime>
<ownerDesignName>NYEC_BPM_Semantic_data_model_diagram</ownerDesignName>
</ColumnProxy>
<ColumnProxy class="oracle.dbtools.crest.model.design.storage.oracle.v11g.ColumnProxyOraclev11g" name="Age in Business Days" id="14777920-DB14-41AA-B569-6D045DB32383">
<createdBy>ro38606</createdBy>
<createdTime>2013-05-07 18:19:41 UTC</createdTime>
<ownerDesignName>NYEC_BPM_Semantic_data_model_diagram</ownerDesignName>
</ColumnProxy>
<ColumnProxy class="oracle.dbtools.crest.model.design.storage.oracle.v11g.ColumnProxyOraclev11g" name="Source Reference ID" id="170F6D23-98D3-BA3D-A2C2-BE4F58DECF2D">
<createdBy>ro38606</createdBy>
<createdTime>2013-05-07 18:19:41 UTC</createdTime>
<ownerDesignName>NYEC_BPM_Semantic_data_model_diagram</ownerDesignName>
</ColumnProxy>
<ColumnProxy class="oracle.dbtools.crest.model.design.storage.oracle.v11g.ColumnProxyOraclev11g" name="Current Task Status" id="181AAF7A-0F9B-83E4-00DF-53117395F516">
<createdBy>ro38606</createdBy>
<createdTime>2013-05-07 18:19:41 UTC</createdTime>
<ownerDesignName>NYEC_BPM_Semantic_data_model_diagram</ownerDesignName>
</ColumnProxy>
<ColumnProxy class="oracle.dbtools.crest.model.design.storage.oracle.v11g.ColumnProxyOraclev11g" name="Current Escalated Flag" id="208D5E65-44C0-5CE0-3578-53539D152555">
<createdBy>ro38606</createdBy>
<createdTime>2013-05-07 18:19:41 UTC</createdTime>
<ownerDesignName>NYEC_BPM_Semantic_data_model_diagram</ownerDesignName>
</ColumnProxy>
<ColumnProxy class="oracle.dbtools.crest.model.design.storage.oracle.v11g.ColumnProxyOraclev11g" name="Jeopardy Flag" id="25FB5558-150D-0DC2-8858-1E42A85473D7">
<createdBy>ro38606</createdBy>
<createdTime>2013-05-07 18:19:41 UTC</createdTime>
<ownerDesignName>NYEC_BPM_Semantic_data_model_diagram</ownerDesignName>
</ColumnProxy>
<ColumnProxy class="oracle.dbtools.crest.model.design.storage.oracle.v11g.ColumnProxyOraclev11g" name="Current Task ID" id="2A645172-C79D-1AAC-4DB0-2442AE1785B3">
<createdBy>ro38606</createdBy>
<createdTime>2013-05-07 18:19:41 UTC</createdTime>
<ownerDesignName>NYEC_BPM_Semantic_data_model_diagram</ownerDesignName>
</ColumnProxy>
<ColumnProxy class="oracle.dbtools.crest.model.design.storage.oracle.v11g.ColumnProxyOraclev11g" name="Complete Date" id="3B4A01C1-54B2-E32F-60E0-6ED92CB2B02A">
<createdBy>ro38606</createdBy>
<createdTime>2013-05-07 18:19:41 UTC</createdTime>
<ownerDesignName>NYEC_BPM_Semantic_data_model_diagram</ownerDesignName>
</ColumnProxy>
<ColumnProxy class="oracle.dbtools.crest.model.design.storage.oracle.v11g.ColumnProxyOraclev11g" name="Current Last Update By Name" id="3D671C1C-0C5D-F514-C4C4-FC722150E2A6">
<createdBy>ro38606</createdBy>
<createdTime>2013-05-07 18:19:41 UTC</createdTime>
<ownerDesignName>NYEC_BPM_Semantic_data_model_diagram</ownerDesignName>
</ColumnProxy>
<ColumnProxy class="oracle.dbtools.crest.model.design.storage.oracle.v11g.ColumnProxyOraclev11g" name="Status Age in Business Days" id="40D6A950-E9A6-8C48-8754-9AB921DADA5E">
<createdBy>ro38606</createdBy>
<createdTime>2013-05-07 18:19:41 UTC</createdTime>
<ownerDesignName>NYEC_BPM_Semantic_data_model_diagram</ownerDesignName>
</ColumnProxy>
<ColumnProxy class="oracle.dbtools.crest.model.design.storage.oracle.v11g.ColumnProxyOraclev11g" name="Age in Calendar Days" id="47E45C00-3F06-5632-A23E-3398ACCCB435">
<createdBy>ro38606</createdBy>
<createdTime>2013-05-07 18:19:41 UTC</createdTime>
<ownerDesignName>NYEC_BPM_Semantic_data_model_diagram</ownerDesignName>
</ColumnProxy>
<ColumnProxy class="oracle.dbtools.crest.model.design.storage.oracle.v11g.ColumnProxyOraclev11g" name="Create Date" id="5B0212BA-17E0-3968-7A92-88E6F96B5248">
<createdBy>ro38606</createdBy>
<createdTime>2013-05-07 18:19:41 UTC</createdTime>
<ownerDesignName>NYEC_BPM_Semantic_data_model_diagram</ownerDesignName>
</ColumnProxy>
<ColumnProxy class="oracle.dbtools.crest.model.design.storage.oracle.v11g.ColumnProxyOraclev11g" name="SLA Target Days" id="67612499-B65B-D4C3-A959-C5817B916741">
<createdBy>ro38606</createdBy>
<createdTime>2013-05-07 18:19:41 UTC</createdTime>
<ownerDesignName>NYEC_BPM_Semantic_data_model_diagram</ownerDesignName>
</ColumnProxy>
<ColumnProxy class="oracle.dbtools.crest.model.design.storage.oracle.v11g.ColumnProxyOraclev11g" name="Timeliness Status" id="6E44E2A2-269F-F583-B1DA-055A3D48F32C">
<createdBy>ro38606</createdBy>
<createdTime>2013-05-07 18:19:41 UTC</createdTime>
<ownerDesignName>NYEC_BPM_Semantic_data_model_diagram</ownerDesignName>
</ColumnProxy>
<ColumnProxy class="oracle.dbtools.crest.model.design.storage.oracle.v11g.ColumnProxyOraclev11g" name="Current Group Name" id="7931474C-AE07-943D-09AB-894377BA3C9C">
<createdBy>ro38606</createdBy>
<createdTime>2013-05-07 18:19:41 UTC</createdTime>
<ownerDesignName>NYEC_BPM_Semantic_data_model_diagram</ownerDesignName>
</ColumnProxy>
<ColumnProxy class="oracle.dbtools.crest.model.design.storage.oracle.v11g.ColumnProxyOraclev11g" name="SLA Days" id="7D680873-3B96-E831-D0CE-14C015757DAA">
<createdBy>ro38606</createdBy>
<createdTime>2013-05-07 18:19:41 UTC</createdTime>
<ownerDesignName>NYEC_BPM_Semantic_data_model_diagram</ownerDesignName>
</ColumnProxy>
<ColumnProxy class="oracle.dbtools.crest.model.design.storage.oracle.v11g.ColumnProxyOraclev11g" name="Current Team Name" id="7E34C305-2497-8FBB-4E94-8CE46B4A4457">
<createdBy>ro38606</createdBy>
<createdTime>2013-05-07 18:19:41 UTC</createdTime>
<ownerDesignName>NYEC_BPM_Semantic_data_model_diagram</ownerDesignName>
</ColumnProxy>
<ColumnProxy class="oracle.dbtools.crest.model.design.storage.oracle.v11g.ColumnProxyOraclev11g" name="SLA Jeopardy Days" id="7E3ED16A-2025-B065-3EEA-4A5828A61B14">
<createdBy>ro38606</createdBy>
<createdTime>2013-05-07 18:19:41 UTC</createdTime>
<ownerDesignName>NYEC_BPM_Semantic_data_model_diagram</ownerDesignName>
</ColumnProxy>
<ColumnProxy class="oracle.dbtools.crest.model.design.storage.oracle.v11g.ColumnProxyOraclev11g" name="Current Team Parent Name" id="8BB9CF76-DE40-DD64-9167-BD26DEA7259C">
<createdBy>ro38606</createdBy>
<createdTime>2013-05-07 18:19:41 UTC</createdTime>
<ownerDesignName>NYEC_BPM_Semantic_data_model_diagram</ownerDesignName>
</ColumnProxy>
<ColumnProxy class="oracle.dbtools.crest.model.design.storage.oracle.v11g.ColumnProxyOraclev11g" name="Cancel Work Flag" id="8C3D5882-E07D-5212-2B99-B9D277FAE33B">
<createdBy>ro38606</createdBy>
<createdTime>2013-05-07 18:19:41 UTC</createdTime>
<ownerDesignName>NYEC_BPM_Semantic_data_model_diagram</ownerDesignName>
</ColumnProxy>
<ColumnProxy class="oracle.dbtools.crest.model.design.storage.oracle.v11g.ColumnProxyOraclev11g" name="Current Status Date" id="9B76B14A-9BFC-A94C-B574-7FD11E1F918C">
<createdBy>ro38606</createdBy>
<createdTime>2013-05-07 18:19:41 UTC</createdTime>
<ownerDesignName>NYEC_BPM_Semantic_data_model_diagram</ownerDesignName>
</ColumnProxy>
<ColumnProxy class="oracle.dbtools.crest.model.design.storage.oracle.v11g.ColumnProxyOraclev11g" name="Cancel Work Date" id="9D666553-0C13-A9EF-0727-0ED3EC00DE10">
<createdBy>ro38606</createdBy>
<createdTime>2013-05-07 18:19:41 UTC</createdTime>
<ownerDesignName>NYEC_BPM_Semantic_data_model_diagram</ownerDesignName>
</ColumnProxy>
<ColumnProxy class="oracle.dbtools.crest.model.design.storage.oracle.v11g.ColumnProxyOraclev11g" name="Source Reference Type" id="9E932FD1-2728-1DDF-9539-C0CC9E4A433D">
<createdBy>ro38606</createdBy>
<createdTime>2013-05-07 18:19:41 UTC</createdTime>
<ownerDesignName>NYEC_BPM_Semantic_data_model_diagram</ownerDesignName>
</ColumnProxy>
<ColumnProxy class="oracle.dbtools.crest.model.design.storage.oracle.v11g.ColumnProxyOraclev11g" name="Created By Name" id="AD437476-7EE5-507B-C847-6A9D1A2C2A54">
<createdBy>ro38606</createdBy>
<createdTime>2013-05-07 18:19:41 UTC</createdTime>
<ownerDesignName>NYEC_BPM_Semantic_data_model_diagram</ownerDesignName>
</ColumnProxy>
<ColumnProxy class="oracle.dbtools.crest.model.design.storage.oracle.v11g.ColumnProxyOraclev11g" name="Current Last Update Date" id="B143DF3A-1D21-2336-B1F8-A97FAEF499EF">
<createdBy>ro38606</createdBy>
<createdTime>2013-05-07 18:19:41 UTC</createdTime>
<ownerDesignName>NYEC_BPM_Semantic_data_model_diagram</ownerDesignName>
</ColumnProxy>
<ColumnProxy class="oracle.dbtools.crest.model.design.storage.oracle.v11g.ColumnProxyOraclev11g" name="Current Escalated To Name" id="B8C35212-ACB2-B5A4-715A-914598C59884">
<createdBy>ro38606</createdBy>
<createdTime>2013-05-07 18:19:41 UTC</createdTime>
<ownerDesignName>NYEC_BPM_Semantic_data_model_diagram</ownerDesignName>
</ColumnProxy>
<ColumnProxy class="oracle.dbtools.crest.model.design.storage.oracle.v11g.ColumnProxyOraclev11g" name="Current Forwarded By Name" id="CBDBFFCD-9AF5-6BFC-92B6-C744E8F67097">
<createdBy>ro38606</createdBy>
<createdTime>2013-05-07 18:19:41 UTC</createdTime>
<ownerDesignName>NYEC_BPM_Semantic_data_model_diagram</ownerDesignName>
</ColumnProxy>
<ColumnProxy class="oracle.dbtools.crest.model.design.storage.oracle.v11g.ColumnProxyOraclev11g" name="Status Age in Calendar Days" id="CDB9B7E6-C5B7-BB21-8650-BE63439D84FE">
<createdBy>ro38606</createdBy>
<createdTime>2013-05-07 18:19:41 UTC</createdTime>
<ownerDesignName>NYEC_BPM_Semantic_data_model_diagram</ownerDesignName>
</ColumnProxy>
<ColumnProxy class="oracle.dbtools.crest.model.design.storage.oracle.v11g.ColumnProxyOraclev11g" name="Current Task Type" id="D0F502B2-2767-BE37-5E63-FC5746B1B80E">
<createdBy>ro38606</createdBy>
<createdTime>2013-05-07 18:19:41 UTC</createdTime>
<ownerDesignName>NYEC_BPM_Semantic_data_model_diagram</ownerDesignName>
</ColumnProxy>
<ColumnProxy class="oracle.dbtools.crest.model.design.storage.oracle.v11g.ColumnProxyOraclev11g" name="Unit of Work" id="E260618A-FE1F-4225-0BA9-F6B2CCDA14C1">
<createdBy>ro38606</createdBy>
<createdTime>2013-05-07 18:19:41 UTC</createdTime>
<ownerDesignName>NYEC_BPM_Semantic_data_model_diagram</ownerDesignName>
</ColumnProxy>
<ColumnProxy class="oracle.dbtools.crest.model.design.storage.oracle.v11g.ColumnProxyOraclev11g" name="Current Group Supervisor Name" id="ECE058F4-1AA7-D41B-055A-713B906E0F6D">
<createdBy>ro38606</createdBy>
<createdTime>2013-05-07 18:19:41 UTC</createdTime>
<ownerDesignName>NYEC_BPM_Semantic_data_model_diagram</ownerDesignName>
</ColumnProxy>
<ColumnProxy class="oracle.dbtools.crest.model.design.storage.oracle.v11g.ColumnProxyOraclev11g" name="Current Group Parent Name" id="EDDACDF7-22A8-E0AB-2668-BC732623398B">
<createdBy>ro38606</createdBy>
<createdTime>2013-05-07 18:19:41 UTC</createdTime>
<ownerDesignName>NYEC_BPM_Semantic_data_model_diagram</ownerDesignName>
</ColumnProxy>
<ColumnProxy class="oracle.dbtools.crest.model.design.storage.oracle.v11g.ColumnProxyOraclev11g" name="Current Team Supervisor Name" id="FDEBFF5D-AA55-72ED-808B-3869F23D11B7">
<createdBy>ro38606</createdBy>
<createdTime>2013-05-07 18:19:41 UTC</createdTime>
<ownerDesignName>NYEC_BPM_Semantic_data_model_diagram</ownerDesignName>
</ColumnProxy>
</columnProxies>
</TableProxyOraclev11g>