<?xml version = '1.0' encoding = 'UTF-8'?>
<TableProxyOraclev11g class="oracle.dbtools.crest.model.design.storage.oracle.v11g.TableProxyOraclev11g" name="D_NYEC_PMI_STATE_REV_TASK" id="86354B3F-45E6-2767-2DCB-5D57EFFCB8BC" directorySegmentName="seg_0">
<createdBy>ro38606</createdBy>
<createdTime>2013-05-07 18:19:41 UTC</createdTime>
<ownerDesignName>NYEC_BPM_Semantic_data_model_diagram</ownerDesignName>
<logging>YES</logging>
<columnProxies>
<ColumnProxy class="oracle.dbtools.crest.model.design.storage.oracle.v11g.ColumnProxyOraclev11g" name="SLA Target Days" id="019F1A01-871F-CA0A-3A8F-8A0BA019E4E0">
<createdBy>ro38606</createdBy>
<createdTime>2013-05-07 18:19:41 UTC</createdTime>
<ownerDesignName>NYEC_BPM_Semantic_data_model_diagram</ownerDesignName>
</ColumnProxy>
<ColumnProxy class="oracle.dbtools.crest.model.design.storage.oracle.v11g.ColumnProxyOraclev11g" name="Status Age in Calendar Days" id="06C68540-D495-653C-A803-4B69B013EB6D">
<createdBy>ro38606</createdBy>
<createdTime>2013-05-07 18:19:41 UTC</createdTime>
<ownerDesignName>NYEC_BPM_Semantic_data_model_diagram</ownerDesignName>
</ColumnProxy>
<ColumnProxy class="oracle.dbtools.crest.model.design.storage.oracle.v11g.ColumnProxyOraclev11g" name="SLA Days Type" id="0EF0045A-B0CF-FE51-2A06-D7B63A851B95">
<createdBy>ro38606</createdBy>
<createdTime>2013-05-07 18:19:41 UTC</createdTime>
<ownerDesignName>NYEC_BPM_Semantic_data_model_diagram</ownerDesignName>
</ColumnProxy>
<ColumnProxy class="oracle.dbtools.crest.model.design.storage.oracle.v11g.ColumnProxyOraclev11g" name="SLA Jeopardy Days" id="1403A8D1-6958-78D5-BEFA-C5CF4E41F035">
<createdBy>ro38606</createdBy>
<createdTime>2013-05-07 18:19:41 UTC</createdTime>
<ownerDesignName>NYEC_BPM_Semantic_data_model_diagram</ownerDesignName>
</ColumnProxy>
<ColumnProxy class="oracle.dbtools.crest.model.design.storage.oracle.v11g.ColumnProxyOraclev11g" name="Cancel Work Date" id="18882FE3-C14A-EE04-24CC-314F39DFE655">
<createdBy>ro38606</createdBy>
<createdTime>2013-05-07 18:19:41 UTC</createdTime>
<ownerDesignName>NYEC_BPM_Semantic_data_model_diagram</ownerDesignName>
</ColumnProxy>
<ColumnProxy class="oracle.dbtools.crest.model.design.storage.oracle.v11g.ColumnProxyOraclev11g" name="Current Task Type" id="2782F6C0-3C88-45F4-276B-2DA8C79DBBFD">
<createdBy>ro38606</createdBy>
<createdTime>2013-05-07 18:19:41 UTC</createdTime>
<ownerDesignName>NYEC_BPM_Semantic_data_model_diagram</ownerDesignName>
</ColumnProxy>
<ColumnProxy class="oracle.dbtools.crest.model.design.storage.oracle.v11g.ColumnProxyOraclev11g" name="Current Group Parent Name" id="2A85A2E4-7B9B-0245-4630-DF92E8C5D070">
<createdBy>ro38606</createdBy>
<createdTime>2013-05-07 18:19:41 UTC</createdTime>
<ownerDesignName>NYEC_BPM_Semantic_data_model_diagram</ownerDesignName>
</ColumnProxy>
<ColumnProxy class="oracle.dbtools.crest.model.design.storage.oracle.v11g.ColumnProxyOraclev11g" name="State Review Task ID" id="4160A131-9BAA-58F3-BF7F-F66204BFBCE7">
<createdBy>ro38606</createdBy>
<createdTime>2013-05-07 18:19:41 UTC</createdTime>
<ownerDesignName>NYEC_BPM_Semantic_data_model_diagram</ownerDesignName>
</ColumnProxy>
<ColumnProxy class="oracle.dbtools.crest.model.design.storage.oracle.v11g.ColumnProxyOraclev11g" name="Cancel Work Flag" id="5208FC6F-0E03-1DD1-2786-CA53CA454608">
<createdBy>ro38606</createdBy>
<createdTime>2013-05-07 18:19:41 UTC</createdTime>
<ownerDesignName>NYEC_BPM_Semantic_data_model_diagram</ownerDesignName>
</ColumnProxy>
<ColumnProxy class="oracle.dbtools.crest.model.design.storage.oracle.v11g.ColumnProxyOraclev11g" name="Unit of Work" id="53E9E528-0D09-D21D-60AB-4F478416A167">
<createdBy>ro38606</createdBy>
<createdTime>2013-05-07 18:19:41 UTC</createdTime>
<ownerDesignName>NYEC_BPM_Semantic_data_model_diagram</ownerDesignName>
</ColumnProxy>
<ColumnProxy class="oracle.dbtools.crest.model.design.storage.oracle.v11g.ColumnProxyOraclev11g" name="Current Team Supervisor Name" id="543E5765-2FBC-9C1A-A475-09712350B42E">
<createdBy>ro38606</createdBy>
<createdTime>2013-05-07 18:19:41 UTC</createdTime>
<ownerDesignName>NYEC_BPM_Semantic_data_model_diagram</ownerDesignName>
</ColumnProxy>
<ColumnProxy class="oracle.dbtools.crest.model.design.storage.oracle.v11g.ColumnProxyOraclev11g" name="Current Escalated Flag" id="5A33BF27-C81E-1D7B-FD2F-D85A3BB5EE26">
<createdBy>ro38606</createdBy>
<createdTime>2013-05-07 18:19:41 UTC</createdTime>
<ownerDesignName>NYEC_BPM_Semantic_data_model_diagram</ownerDesignName>
</ColumnProxy>
<ColumnProxy class="oracle.dbtools.crest.model.design.storage.oracle.v11g.ColumnProxyOraclev11g" name="Current Team Parent Name" id="5CE45F99-E8F2-C8ED-69ED-51A986C3C3E3">
<createdBy>ro38606</createdBy>
<createdTime>2013-05-07 18:19:41 UTC</createdTime>
<ownerDesignName>NYEC_BPM_Semantic_data_model_diagram</ownerDesignName>
</ColumnProxy>
<ColumnProxy class="oracle.dbtools.crest.model.design.storage.oracle.v11g.ColumnProxyOraclev11g" name="Age in Business Days" id="5E4C6C28-0984-7AF2-8561-9B29E22F89AF">
<createdBy>ro38606</createdBy>
<createdTime>2013-05-07 18:19:41 UTC</createdTime>
<ownerDesignName>NYEC_BPM_Semantic_data_model_diagram</ownerDesignName>
</ColumnProxy>
<ColumnProxy class="oracle.dbtools.crest.model.design.storage.oracle.v11g.ColumnProxyOraclev11g" name="Current Escalated To Name" id="5EA896F7-BA27-9AB1-13F9-66F388775B82">
<createdBy>ro38606</createdBy>
<createdTime>2013-05-07 18:19:41 UTC</createdTime>
<ownerDesignName>NYEC_BPM_Semantic_data_model_diagram</ownerDesignName>
</ColumnProxy>
<ColumnProxy class="oracle.dbtools.crest.model.design.storage.oracle.v11g.ColumnProxyOraclev11g" name="Status Age in Business Days" id="611DC8E5-7240-F9BA-4D4D-059A95563553">
<createdBy>ro38606</createdBy>
<createdTime>2013-05-07 18:19:41 UTC</createdTime>
<ownerDesignName>NYEC_BPM_Semantic_data_model_diagram</ownerDesignName>
</ColumnProxy>
<ColumnProxy class="oracle.dbtools.crest.model.design.storage.oracle.v11g.ColumnProxyOraclev11g" name="Current Task Status" id="64BC1F1F-CD39-3443-262D-2A4A33DD3792">
<createdBy>ro38606</createdBy>
<createdTime>2013-05-07 18:19:41 UTC</createdTime>
<ownerDesignName>NYEC_BPM_Semantic_data_model_diagram</ownerDesignName>
</ColumnProxy>
<ColumnProxy class="oracle.dbtools.crest.model.design.storage.oracle.v11g.ColumnProxyOraclev11g" name="Source Reference Type" id="84CEA381-E4ED-5311-EAAF-BD22D74063CF">
<createdBy>ro38606</createdBy>
<createdTime>2013-05-07 18:19:41 UTC</createdTime>
<ownerDesignName>NYEC_BPM_Semantic_data_model_diagram</ownerDesignName>
</ColumnProxy>
<ColumnProxy class="oracle.dbtools.crest.model.design.storage.oracle.v11g.ColumnProxyOraclev11g" name="Complete Date" id="8E1988AA-A8CD-0305-8833-DE0CCD484978">
<createdBy>ro38606</createdBy>
<createdTime>2013-05-07 18:19:41 UTC</createdTime>
<ownerDesignName>NYEC_BPM_Semantic_data_model_diagram</ownerDesignName>
</ColumnProxy>
<ColumnProxy class="oracle.dbtools.crest.model.design.storage.oracle.v11g.ColumnProxyOraclev11g" name="Timeliness Status" id="90DD3114-CEBA-BCA3-60F8-8186309BAD25">
<createdBy>ro38606</createdBy>
<createdTime>2013-05-07 18:19:41 UTC</createdTime>
<ownerDesignName>NYEC_BPM_Semantic_data_model_diagram</ownerDesignName>
</ColumnProxy>
<ColumnProxy class="oracle.dbtools.crest.model.design.storage.oracle.v11g.ColumnProxyOraclev11g" name="Complete Flag" id="9319FFC5-28CA-D21A-67B5-E9E984F893C8">
<createdBy>ro38606</createdBy>
<createdTime>2013-05-07 18:19:41 UTC</createdTime>
<ownerDesignName>NYEC_BPM_Semantic_data_model_diagram</ownerDesignName>
</ColumnProxy>
<ColumnProxy class="oracle.dbtools.crest.model.design.storage.oracle.v11g.ColumnProxyOraclev11g" name="Current Team Name" id="96A76431-62AC-DE89-85DB-6B6FBCE58976">
<createdBy>ro38606</createdBy>
<createdTime>2013-05-07 18:19:41 UTC</createdTime>
<ownerDesignName>NYEC_BPM_Semantic_data_model_diagram</ownerDesignName>
</ColumnProxy>
<ColumnProxy class="oracle.dbtools.crest.model.design.storage.oracle.v11g.ColumnProxyOraclev11g" name="Current Last Update Date" id="A4D3EB89-1145-39D7-6C11-8328B562FE43">
<createdBy>ro38606</createdBy>
<createdTime>2013-05-07 18:19:41 UTC</createdTime>
<ownerDesignName>NYEC_BPM_Semantic_data_model_diagram</ownerDesignName>
</ColumnProxy>
<ColumnProxy class="oracle.dbtools.crest.model.design.storage.oracle.v11g.ColumnProxyOraclev11g" name="Jeopardy Flag" id="A59B84CF-3229-1730-28D2-98C3F4252822">
<createdBy>ro38606</createdBy>
<createdTime>2013-05-07 18:19:41 UTC</createdTime>
<ownerDesignName>NYEC_BPM_Semantic_data_model_diagram</ownerDesignName>
</ColumnProxy>
<ColumnProxy class="oracle.dbtools.crest.model.design.storage.oracle.v11g.ColumnProxyOraclev11g" name="Current Group Supervisor Name" id="ABE3E117-6E1B-D44B-C567-617205453549">
<createdBy>ro38606</createdBy>
<createdTime>2013-05-07 18:19:41 UTC</createdTime>
<ownerDesignName>NYEC_BPM_Semantic_data_model_diagram</ownerDesignName>
</ColumnProxy>
<ColumnProxy class="oracle.dbtools.crest.model.design.storage.oracle.v11g.ColumnProxyOraclev11g" name="Created By Name" id="AC64B26D-280F-3DCF-9BC1-5E3222934745">
<createdBy>ro38606</createdBy>
<createdTime>2013-05-07 18:19:41 UTC</createdTime>
<ownerDesignName>NYEC_BPM_Semantic_data_model_diagram</ownerDesignName>
</ColumnProxy>
<ColumnProxy class="oracle.dbtools.crest.model.design.storage.oracle.v11g.ColumnProxyOraclev11g" name="Create Date" id="ADFFC122-839B-82B9-E975-9544B74E549D">
<createdBy>ro38606</createdBy>
<createdTime>2013-05-07 18:19:41 UTC</createdTime>
<ownerDesignName>NYEC_BPM_Semantic_data_model_diagram</ownerDesignName>
</ColumnProxy>
<ColumnProxy class="oracle.dbtools.crest.model.design.storage.oracle.v11g.ColumnProxyOraclev11g" name="SLA Days" id="B6066EFA-2130-3898-784D-AA96DD9441A0">
<createdBy>ro38606</createdBy>
<createdTime>2013-05-07 18:19:41 UTC</createdTime>
<ownerDesignName>NYEC_BPM_Semantic_data_model_diagram</ownerDesignName>
</ColumnProxy>
<ColumnProxy class="oracle.dbtools.crest.model.design.storage.oracle.v11g.ColumnProxyOraclev11g" name="Current Forwarded By Name" id="C2124CE5-F88C-D732-96CD-D5DB88EFB283">
<createdBy>ro38606</createdBy>
<createdTime>2013-05-07 18:19:41 UTC</createdTime>
<ownerDesignName>NYEC_BPM_Semantic_data_model_diagram</ownerDesignName>
</ColumnProxy>
<ColumnProxy class="oracle.dbtools.crest.model.design.storage.oracle.v11g.ColumnProxyOraclev11g" name="Source Reference ID" id="C9B2E9EF-C667-37AF-5E82-1A44785F39C4">
<createdBy>ro38606</createdBy>
<createdTime>2013-05-07 18:19:41 UTC</createdTime>
<ownerDesignName>NYEC_BPM_Semantic_data_model_diagram</ownerDesignName>
</ColumnProxy>
<ColumnProxy class="oracle.dbtools.crest.model.design.storage.oracle.v11g.ColumnProxyOraclev11g" name="Current Group Name" id="CC681F14-64F3-1A41-4754-C9AAD6FA5972">
<createdBy>ro38606</createdBy>
<createdTime>2013-05-07 18:19:41 UTC</createdTime>
<ownerDesignName>NYEC_BPM_Semantic_data_model_diagram</ownerDesignName>
</ColumnProxy>
<ColumnProxy class="oracle.dbtools.crest.model.design.storage.oracle.v11g.ColumnProxyOraclev11g" name="Current Forwarded Flag" id="D169CFD8-63EC-FB21-4FCC-0F3F78027C54">
<createdBy>ro38606</createdBy>
<createdTime>2013-05-07 18:19:41 UTC</createdTime>
<ownerDesignName>NYEC_BPM_Semantic_data_model_diagram</ownerDesignName>
</ColumnProxy>
<ColumnProxy class="oracle.dbtools.crest.model.design.storage.oracle.v11g.ColumnProxyOraclev11g" name="Age in Calendar Days" id="D9D3DC07-E1CD-83C5-A248-EE9AE943AC22">
<createdBy>ro38606</createdBy>
<createdTime>2013-05-07 18:19:41 UTC</createdTime>
<ownerDesignName>NYEC_BPM_Semantic_data_model_diagram</ownerDesignName>
</ColumnProxy>
<ColumnProxy class="oracle.dbtools.crest.model.design.storage.oracle.v11g.ColumnProxyOraclev11g" name="Current Last Update By Name" id="E971BFA7-6122-B96B-72DF-6F7BCEF60A0A">
<createdBy>ro38606</createdBy>
<createdTime>2013-05-07 18:19:41 UTC</createdTime>
<ownerDesignName>NYEC_BPM_Semantic_data_model_diagram</ownerDesignName>
</ColumnProxy>
<ColumnProxy class="oracle.dbtools.crest.model.design.storage.oracle.v11g.ColumnProxyOraclev11g" name="Current Status Date" id="EFB5DCA7-5D7D-A1C3-547B-C117C707A68F">
<createdBy>ro38606</createdBy>
<createdTime>2013-05-07 18:19:41 UTC</createdTime>
<ownerDesignName>NYEC_BPM_Semantic_data_model_diagram</ownerDesignName>
</ColumnProxy>
<ColumnProxy class="oracle.dbtools.crest.model.design.storage.oracle.v11g.ColumnProxyOraclev11g" name="Current Owner Name" id="FD8999D7-F120-FA5F-47EF-50B42CECE42C">
<createdBy>ro38606</createdBy>
<createdTime>2013-05-07 18:19:41 UTC</createdTime>
<ownerDesignName>NYEC_BPM_Semantic_data_model_diagram</ownerDesignName>
</ColumnProxy>
</columnProxies>
</TableProxyOraclev11g>