<?xml version = '1.0' encoding = 'UTF-8'?>
<TableProxyOraclev11g class="oracle.dbtools.crest.model.design.storage.oracle.v11g.TableProxyOraclev11g" name="D_NYEC_PA_STATE_REV_TASK" id="8E47E5D3-AD38-8DF0-732E-65669D3C64B4" directorySegmentName="seg_0">
<createdBy>ro38606</createdBy>
<createdTime>2013-05-07 18:14:15 UTC</createdTime>
<ownerDesignName>NYEC_BPM_Semantic_data_model_diagram</ownerDesignName>
<logging>YES</logging>
<columnProxies>
<ColumnProxy class="oracle.dbtools.crest.model.design.storage.oracle.v11g.ColumnProxyOraclev11g" name="Current Status Date" id="027DADFE-5EDD-58D5-9415-65C9E9ADB45A">
<createdBy>ro38606</createdBy>
<createdTime>2013-05-07 18:14:15 UTC</createdTime>
<ownerDesignName>NYEC_BPM_Semantic_data_model_diagram</ownerDesignName>
</ColumnProxy>
<ColumnProxy class="oracle.dbtools.crest.model.design.storage.oracle.v11g.ColumnProxyOraclev11g" name="Current Last Update Date" id="02CA9CCD-8DDE-BDC8-B81F-F7AA8B5E7D66">
<createdBy>ro38606</createdBy>
<createdTime>2013-05-07 18:14:15 UTC</createdTime>
<ownerDesignName>NYEC_BPM_Semantic_data_model_diagram</ownerDesignName>
</ColumnProxy>
<ColumnProxy class="oracle.dbtools.crest.model.design.storage.oracle.v11g.ColumnProxyOraclev11g" name="Age in Business Days" id="1D7A25BF-F54C-24ED-AC18-1F371E4EE6B4">
<createdBy>ro38606</createdBy>
<createdTime>2013-05-07 18:14:15 UTC</createdTime>
<ownerDesignName>NYEC_BPM_Semantic_data_model_diagram</ownerDesignName>
</ColumnProxy>
<ColumnProxy class="oracle.dbtools.crest.model.design.storage.oracle.v11g.ColumnProxyOraclev11g" name="State Review Task ID" id="22393592-8F1C-964D-50BF-7FFDE0BF6AA5">
<createdBy>ro38606</createdBy>
<createdTime>2013-05-07 18:14:15 UTC</createdTime>
<ownerDesignName>NYEC_BPM_Semantic_data_model_diagram</ownerDesignName>
</ColumnProxy>
<ColumnProxy class="oracle.dbtools.crest.model.design.storage.oracle.v11g.ColumnProxyOraclev11g" name="Complete Flag" id="484E8F66-0088-1A19-4DDC-E2E9062C2C00">
<createdBy>ro38606</createdBy>
<createdTime>2013-05-07 18:14:15 UTC</createdTime>
<ownerDesignName>NYEC_BPM_Semantic_data_model_diagram</ownerDesignName>
</ColumnProxy>
<ColumnProxy class="oracle.dbtools.crest.model.design.storage.oracle.v11g.ColumnProxyOraclev11g" name="Current Group Name" id="4C53ED63-CA76-1036-D912-D5D5247E50C1">
<createdBy>ro38606</createdBy>
<createdTime>2013-05-07 18:14:15 UTC</createdTime>
<ownerDesignName>NYEC_BPM_Semantic_data_model_diagram</ownerDesignName>
</ColumnProxy>
<ColumnProxy class="oracle.dbtools.crest.model.design.storage.oracle.v11g.ColumnProxyOraclev11g" name="Status Age in Calendar Days" id="4C77A019-DDA5-4041-258B-E82D4663CFD3">
<createdBy>ro38606</createdBy>
<createdTime>2013-05-07 18:14:15 UTC</createdTime>
<ownerDesignName>NYEC_BPM_Semantic_data_model_diagram</ownerDesignName>
</ColumnProxy>
<ColumnProxy class="oracle.dbtools.crest.model.design.storage.oracle.v11g.ColumnProxyOraclev11g" name="SLA Days" id="5458EF25-DD65-78E6-4CC9-27F5E0D0CB27">
<createdBy>ro38606</createdBy>
<createdTime>2013-05-07 18:14:15 UTC</createdTime>
<ownerDesignName>NYEC_BPM_Semantic_data_model_diagram</ownerDesignName>
</ColumnProxy>
<ColumnProxy class="oracle.dbtools.crest.model.design.storage.oracle.v11g.ColumnProxyOraclev11g" name="Source Reference Type" id="5C887277-8358-BBD2-CC5C-ECA4984E1691">
<createdBy>ro38606</createdBy>
<createdTime>2013-05-07 18:14:15 UTC</createdTime>
<ownerDesignName>NYEC_BPM_Semantic_data_model_diagram</ownerDesignName>
</ColumnProxy>
<ColumnProxy class="oracle.dbtools.crest.model.design.storage.oracle.v11g.ColumnProxyOraclev11g" name="Source Reference ID" id="61B2018C-5F5A-D1C0-9772-2E63D4A6AB4F">
<createdBy>ro38606</createdBy>
<createdTime>2013-05-07 18:14:15 UTC</createdTime>
<ownerDesignName>NYEC_BPM_Semantic_data_model_diagram</ownerDesignName>
</ColumnProxy>
<ColumnProxy class="oracle.dbtools.crest.model.design.storage.oracle.v11g.ColumnProxyOraclev11g" name="Timeliness Status" id="69A46DEE-FC55-B7DA-A695-124CEAE5BC01">
<createdBy>ro38606</createdBy>
<createdTime>2013-05-07 18:14:15 UTC</createdTime>
<ownerDesignName>NYEC_BPM_Semantic_data_model_diagram</ownerDesignName>
</ColumnProxy>
<ColumnProxy class="oracle.dbtools.crest.model.design.storage.oracle.v11g.ColumnProxyOraclev11g" name="Current Escalated To Name" id="6CB37F34-946F-0619-BCAB-1F5FEA4B6896">
<createdBy>ro38606</createdBy>
<createdTime>2013-05-07 18:14:15 UTC</createdTime>
<ownerDesignName>NYEC_BPM_Semantic_data_model_diagram</ownerDesignName>
</ColumnProxy>
<ColumnProxy class="oracle.dbtools.crest.model.design.storage.oracle.v11g.ColumnProxyOraclev11g" name="Current Escalated Flag" id="874D140B-1FF6-E899-556A-B91288916E3D">
<createdBy>ro38606</createdBy>
<createdTime>2013-05-07 18:14:15 UTC</createdTime>
<ownerDesignName>NYEC_BPM_Semantic_data_model_diagram</ownerDesignName>
</ColumnProxy>
<ColumnProxy class="oracle.dbtools.crest.model.design.storage.oracle.v11g.ColumnProxyOraclev11g" name="Current Forwarded By Name" id="87B92B8A-E96F-A93D-7430-9CE88F24284C">
<createdBy>ro38606</createdBy>
<createdTime>2013-05-07 18:14:15 UTC</createdTime>
<ownerDesignName>NYEC_BPM_Semantic_data_model_diagram</ownerDesignName>
</ColumnProxy>
<ColumnProxy class="oracle.dbtools.crest.model.design.storage.oracle.v11g.ColumnProxyOraclev11g" name="SLA Target Days" id="88C007F4-F6CE-E98F-BBD0-C1638359D178">
<createdBy>ro38606</createdBy>
<createdTime>2013-05-07 18:14:15 UTC</createdTime>
<ownerDesignName>NYEC_BPM_Semantic_data_model_diagram</ownerDesignName>
</ColumnProxy>
<ColumnProxy class="oracle.dbtools.crest.model.design.storage.oracle.v11g.ColumnProxyOraclev11g" name="Current Forwarded Flag" id="8D3E83BF-2ED5-EC27-D471-5C0145C61082">
<createdBy>ro38606</createdBy>
<createdTime>2013-05-07 18:14:15 UTC</createdTime>
<ownerDesignName>NYEC_BPM_Semantic_data_model_diagram</ownerDesignName>
</ColumnProxy>
<ColumnProxy class="oracle.dbtools.crest.model.design.storage.oracle.v11g.ColumnProxyOraclev11g" name="Current Last Update By Name" id="99D2720B-A33B-CEEE-C7A2-A199A0D4DE3C">
<createdBy>ro38606</createdBy>
<createdTime>2013-05-07 18:14:15 UTC</createdTime>
<ownerDesignName>NYEC_BPM_Semantic_data_model_diagram</ownerDesignName>
</ColumnProxy>
<ColumnProxy class="oracle.dbtools.crest.model.design.storage.oracle.v11g.ColumnProxyOraclev11g" name="Complete Date" id="9AC43A80-A40E-8E51-6D1D-FB5347FB6852">
<createdBy>ro38606</createdBy>
<createdTime>2013-05-07 18:14:15 UTC</createdTime>
<ownerDesignName>NYEC_BPM_Semantic_data_model_diagram</ownerDesignName>
</ColumnProxy>
<ColumnProxy class="oracle.dbtools.crest.model.design.storage.oracle.v11g.ColumnProxyOraclev11g" name="Current Group Supervisor Name" id="9B9218C9-BCC6-FD8A-894E-9119A3B7D3D4">
<createdBy>ro38606</createdBy>
<createdTime>2013-05-07 18:14:15 UTC</createdTime>
<ownerDesignName>NYEC_BPM_Semantic_data_model_diagram</ownerDesignName>
</ColumnProxy>
<ColumnProxy class="oracle.dbtools.crest.model.design.storage.oracle.v11g.ColumnProxyOraclev11g" name="Created By Name" id="9BA5B551-4973-FBD4-5061-85B972DD5030">
<createdBy>ro38606</createdBy>
<createdTime>2013-05-07 18:14:15 UTC</createdTime>
<ownerDesignName>NYEC_BPM_Semantic_data_model_diagram</ownerDesignName>
</ColumnProxy>
<ColumnProxy class="oracle.dbtools.crest.model.design.storage.oracle.v11g.ColumnProxyOraclev11g" name="Current Team Name" id="ACEB280A-C828-6092-87D0-EAD8F603705E">
<createdBy>ro38606</createdBy>
<createdTime>2013-05-07 18:14:15 UTC</createdTime>
<ownerDesignName>NYEC_BPM_Semantic_data_model_diagram</ownerDesignName>
</ColumnProxy>
<ColumnProxy class="oracle.dbtools.crest.model.design.storage.oracle.v11g.ColumnProxyOraclev11g" name="Current Team Supervisor Name" id="B3FD66CE-4E75-F3E7-AB88-07B54EF85A9E">
<createdBy>ro38606</createdBy>
<createdTime>2013-05-07 18:14:15 UTC</createdTime>
<ownerDesignName>NYEC_BPM_Semantic_data_model_diagram</ownerDesignName>
</ColumnProxy>
<ColumnProxy class="oracle.dbtools.crest.model.design.storage.oracle.v11g.ColumnProxyOraclev11g" name="Create Date" id="BCFD96E1-C023-65EF-826C-E81CC10E9A17">
<createdBy>ro38606</createdBy>
<createdTime>2013-05-07 18:14:15 UTC</createdTime>
<ownerDesignName>NYEC_BPM_Semantic_data_model_diagram</ownerDesignName>
</ColumnProxy>
<ColumnProxy class="oracle.dbtools.crest.model.design.storage.oracle.v11g.ColumnProxyOraclev11g" name="Status Age in Business Days" id="C0D3D39B-ACA5-6B38-1516-9913D396B140">
<createdBy>ro38606</createdBy>
<createdTime>2013-05-07 18:14:15 UTC</createdTime>
<ownerDesignName>NYEC_BPM_Semantic_data_model_diagram</ownerDesignName>
</ColumnProxy>
<ColumnProxy class="oracle.dbtools.crest.model.design.storage.oracle.v11g.ColumnProxyOraclev11g" name="Current Group Parent Name" id="C2348EB8-A0BA-C028-5223-DB00CCAB098A">
<createdBy>ro38606</createdBy>
<createdTime>2013-05-07 18:14:15 UTC</createdTime>
<ownerDesignName>NYEC_BPM_Semantic_data_model_diagram</ownerDesignName>
</ColumnProxy>
<ColumnProxy class="oracle.dbtools.crest.model.design.storage.oracle.v11g.ColumnProxyOraclev11g" name="SLA Jeopardy Days" id="C7605BCE-98F9-5B4F-20FB-9FC55103D762">
<createdBy>ro38606</createdBy>
<createdTime>2013-05-07 18:14:15 UTC</createdTime>
<ownerDesignName>NYEC_BPM_Semantic_data_model_diagram</ownerDesignName>
</ColumnProxy>
<ColumnProxy class="oracle.dbtools.crest.model.design.storage.oracle.v11g.ColumnProxyOraclev11g" name="Current Owner Name" id="DA17D487-3C84-5CDE-96B0-5F90D1243B8A">
<createdBy>ro38606</createdBy>
<createdTime>2013-05-07 18:14:15 UTC</createdTime>
<ownerDesignName>NYEC_BPM_Semantic_data_model_diagram</ownerDesignName>
</ColumnProxy>
<ColumnProxy class="oracle.dbtools.crest.model.design.storage.oracle.v11g.ColumnProxyOraclev11g" name="Unit of Work" id="DC4441E4-9CDD-F788-4283-AF00DA5D6B82">
<createdBy>ro38606</createdBy>
<createdTime>2013-05-07 18:14:15 UTC</createdTime>
<ownerDesignName>NYEC_BPM_Semantic_data_model_diagram</ownerDesignName>
</ColumnProxy>
<ColumnProxy class="oracle.dbtools.crest.model.design.storage.oracle.v11g.ColumnProxyOraclev11g" name="Jeopardy Flag" id="DF46A4C7-536E-DA40-981B-11264596A351">
<createdBy>ro38606</createdBy>
<createdTime>2013-05-07 18:14:15 UTC</createdTime>
<ownerDesignName>NYEC_BPM_Semantic_data_model_diagram</ownerDesignName>
</ColumnProxy>
<ColumnProxy class="oracle.dbtools.crest.model.design.storage.oracle.v11g.ColumnProxyOraclev11g" name="Age in Calendar Days" id="E4B4AB11-4358-8441-281A-6B6DB0CB0173">
<createdBy>ro38606</createdBy>
<createdTime>2013-05-07 18:14:15 UTC</createdTime>
<ownerDesignName>NYEC_BPM_Semantic_data_model_diagram</ownerDesignName>
</ColumnProxy>
<ColumnProxy class="oracle.dbtools.crest.model.design.storage.oracle.v11g.ColumnProxyOraclev11g" name="Current Task Type" id="E83AED19-76A7-BBC2-E537-AAB992791D16">
<createdBy>ro38606</createdBy>
<createdTime>2013-05-07 18:14:15 UTC</createdTime>
<ownerDesignName>NYEC_BPM_Semantic_data_model_diagram</ownerDesignName>
</ColumnProxy>
<ColumnProxy class="oracle.dbtools.crest.model.design.storage.oracle.v11g.ColumnProxyOraclev11g" name="Current Team Parent Name" id="EFA6B124-41A4-C889-417F-A1B8128F2CA3">
<createdBy>ro38606</createdBy>
<createdTime>2013-05-07 18:14:15 UTC</createdTime>
<ownerDesignName>NYEC_BPM_Semantic_data_model_diagram</ownerDesignName>
</ColumnProxy>
<ColumnProxy class="oracle.dbtools.crest.model.design.storage.oracle.v11g.ColumnProxyOraclev11g" name="SLA Days Type" id="F2A2B1F6-BE03-10B1-C828-EAD5C948522B">
<createdBy>ro38606</createdBy>
<createdTime>2013-05-07 18:14:15 UTC</createdTime>
<ownerDesignName>NYEC_BPM_Semantic_data_model_diagram</ownerDesignName>
</ColumnProxy>
<ColumnProxy class="oracle.dbtools.crest.model.design.storage.oracle.v11g.ColumnProxyOraclev11g" name="Current Task Status" id="F5F36F72-F896-94BF-B83D-C2141079D3C8">
<createdBy>ro38606</createdBy>
<createdTime>2013-05-07 18:14:15 UTC</createdTime>
<ownerDesignName>NYEC_BPM_Semantic_data_model_diagram</ownerDesignName>
</ColumnProxy>
<ColumnProxy class="oracle.dbtools.crest.model.design.storage.oracle.v11g.ColumnProxyOraclev11g" name="Cancel Work Date" id="FCD9F2CC-CF9E-9403-5A88-9C5A6AFF89B7">
<createdBy>ro38606</createdBy>
<createdTime>2013-05-07 18:14:15 UTC</createdTime>
<ownerDesignName>NYEC_BPM_Semantic_data_model_diagram</ownerDesignName>
</ColumnProxy>
<ColumnProxy class="oracle.dbtools.crest.model.design.storage.oracle.v11g.ColumnProxyOraclev11g" name="Cancel Work Flag" id="FD7566A6-5FBE-8665-C1D1-A0C740D9BC0E">
<createdBy>ro38606</createdBy>
<createdTime>2013-05-07 18:14:15 UTC</createdTime>
<ownerDesignName>NYEC_BPM_Semantic_data_model_diagram</ownerDesignName>
</ColumnProxy>
</columnProxies>
</TableProxyOraclev11g>