<?xml version = '1.0' encoding = 'UTF-8'?>
<TableProxyOraclev11g class="oracle.dbtools.crest.model.design.storage.oracle.v11g.TableProxyOraclev11g" name="D_NYEC_PMI_CURRENT" id="90E3EC43-7B1A-5529-0EE7-803F161BE100" directorySegmentName="seg_0">
<createdBy>ro38606</createdBy>
<createdTime>2013-05-07 16:46:55 UTC</createdTime>
<ownerDesignName>NYEC_BPM_Semantic_data_model_diagram</ownerDesignName>
<logging>YES</logging>
<parallel>YES</parallel>
<partitionedRowMovement>DISABLE</partitionedRowMovement>
<segment>85B89FB1-3F42-0B6D-42FB-89733184C9EE</segment>
<tableSpace>8D282799-0AFE-F2FF-2AEA-CF205662762F</tableSpace>
<columnProxies>
<ColumnProxy class="oracle.dbtools.crest.model.design.storage.oracle.v11g.ColumnProxyOraclev11g" name="Request MI Performed By" id="0E0E0D58-189A-EFEA-5B14-87C3ABFAED65">
<createdBy>ro38606</createdBy>
<createdTime>2013-05-07 16:47:56 UTC</createdTime>
<ownerDesignName>NYEC_BPM_Semantic_data_model_diagram</ownerDesignName>
</ColumnProxy>
<ColumnProxy class="oracle.dbtools.crest.model.design.storage.oracle.v11g.ColumnProxyOraclev11g" name="MI Channel" id="0EDF675A-36E6-2ACD-AC42-3248551D9FA0">
<createdBy>ro38606</createdBy>
<createdTime>2013-05-07 16:47:53 UTC</createdTime>
<ownerDesignName>NYEC_BPM_Semantic_data_model_diagram</ownerDesignName>
</ColumnProxy>
<ColumnProxy class="oracle.dbtools.crest.model.design.storage.oracle.v11g.ColumnProxyOraclev11g" name="Complete MI Task End Date" id="124878F5-D3B4-DE4A-C77E-2F7E41589E7F">
<createdBy>ro38606</createdBy>
<createdTime>2013-05-07 16:47:51 UTC</createdTime>
<ownerDesignName>NYEC_BPM_Semantic_data_model_diagram</ownerDesignName>
</ColumnProxy>
<ColumnProxy class="oracle.dbtools.crest.model.design.storage.oracle.v11g.ColumnProxyOraclev11g" name="Receive MI Start Date" id="1259EB1D-74BF-DB33-D0F0-DD4F03A0B368">
<createdBy>ro38606</createdBy>
<createdTime>2013-05-07 16:47:56 UTC</createdTime>
<ownerDesignName>NYEC_BPM_Semantic_data_model_diagram</ownerDesignName>
</ColumnProxy>
<ColumnProxy class="oracle.dbtools.crest.model.design.storage.oracle.v11g.ColumnProxyOraclev11g" name="Manual Letter Flag" id="133A0C97-6EEE-1508-0985-2D3EF57A0C4E">
<createdBy>ro38606</createdBy>
<createdTime>2013-05-07 16:47:58 UTC</createdTime>
<ownerDesignName>NYEC_BPM_Semantic_data_model_diagram</ownerDesignName>
</ColumnProxy>
<ColumnProxy class="oracle.dbtools.crest.model.design.storage.oracle.v11g.ColumnProxyOraclev11g" name="Crt St Accept Task Start Date" id="1763169A-0E6A-0207-FAD4-BE794EB7363C">
<createdBy>ro38606</createdBy>
<createdTime>2013-05-07 16:47:52 UTC</createdTime>
<ownerDesignName>NYEC_BPM_Semantic_data_model_diagram</ownerDesignName>
</ColumnProxy>
<ColumnProxy class="oracle.dbtools.crest.model.design.storage.oracle.v11g.ColumnProxyOraclev11g" name="Send MI Letter Flag" id="17C13B29-1C81-77F8-6CDF-B8496710E239">
<createdBy>ro38606</createdBy>
<createdTime>2013-05-07 16:47:59 UTC</createdTime>
<ownerDesignName>NYEC_BPM_Semantic_data_model_diagram</ownerDesignName>
</ColumnProxy>
<ColumnProxy class="oracle.dbtools.crest.model.design.storage.oracle.v11g.ColumnProxyOraclev11g" name="MI Task Complete Date" id="1AC6252A-8CA4-59C3-4157-4CC6749C505C">
<createdBy>ro38606</createdBy>
<createdTime>2013-05-07 16:47:53 UTC</createdTime>
<ownerDesignName>NYEC_BPM_Semantic_data_model_diagram</ownerDesignName>
</ColumnProxy>
<ColumnProxy class="oracle.dbtools.crest.model.design.storage.oracle.v11g.ColumnProxyOraclev11g" name="MI Letter Request ID" id="1C127FCE-A963-815D-4110-9807C71BB4EF">
<createdBy>ro38606</createdBy>
<createdTime>2013-05-07 16:47:54 UTC</createdTime>
<ownerDesignName>NYEC_BPM_Semantic_data_model_diagram</ownerDesignName>
</ColumnProxy>
<ColumnProxy class="oracle.dbtools.crest.model.design.storage.oracle.v11g.ColumnProxyOraclev11g" name="Cur State Review Task ID" id="22DE3573-EC53-3E6F-8536-0E4A968460F7">
<createdBy>ro38606</createdBy>
<createdTime>2013-05-07 16:47:57 UTC</createdTime>
<ownerDesignName>NYEC_BPM_Semantic_data_model_diagram</ownerDesignName>
</ColumnProxy>
<ColumnProxy class="oracle.dbtools.crest.model.design.storage.oracle.v11g.ColumnProxyOraclev11g" name="Cur QC Task ID" id="233C6905-293A-B53E-C40F-371A5C376412">
<createdBy>ro38606</createdBy>
<createdTime>2013-05-07 16:47:55 UTC</createdTime>
<ownerDesignName>NYEC_BPM_Semantic_data_model_diagram</ownerDesignName>
</ColumnProxy>
<ColumnProxy class="oracle.dbtools.crest.model.design.storage.oracle.v11g.ColumnProxyOraclev11g" name="Perform Research Flag" id="23C1C9EA-56CA-C9C3-4BE4-57088A0B9F17">
<createdBy>ro38606</createdBy>
<createdTime>2013-05-07 16:47:59 UTC</createdTime>
<ownerDesignName>NYEC_BPM_Semantic_data_model_diagram</ownerDesignName>
</ColumnProxy>
<ColumnProxy class="oracle.dbtools.crest.model.design.storage.oracle.v11g.ColumnProxyOraclev11g" name="Perform Research End Date" id="27E8B52D-278C-378C-58EE-AB2F67A1E4C5">
<createdBy>ro38606</createdBy>
<createdTime>2013-05-07 16:47:55 UTC</createdTime>
<ownerDesignName>NYEC_BPM_Semantic_data_model_diagram</ownerDesignName>
</ColumnProxy>
<ColumnProxy class="oracle.dbtools.crest.model.design.storage.oracle.v11g.ColumnProxyOraclev11g" name="Receive MI Performed By" id="2AC728C4-51F5-5020-E696-308593ABAAB2">
<createdBy>ro38606</createdBy>
<createdTime>2013-05-07 16:47:56 UTC</createdTime>
<ownerDesignName>NYEC_BPM_Semantic_data_model_diagram</ownerDesignName>
</ColumnProxy>
<ColumnProxy class="oracle.dbtools.crest.model.design.storage.oracle.v11g.ColumnProxyOraclev11g" name="Age in Business Days" id="2C0C1A3F-0F34-931C-8A60-F9DA78A04B4F">
<createdBy>ro38606</createdBy>
<createdTime>2013-05-07 16:47:50 UTC</createdTime>
<ownerDesignName>NYEC_BPM_Semantic_data_model_diagram</ownerDesignName>
</ColumnProxy>
<ColumnProxy class="oracle.dbtools.crest.model.design.storage.oracle.v11g.ColumnProxyOraclev11g" name="Cur Application ID" id="37084BAC-92E0-9BDB-7DB5-D4A8774374FA">
<createdBy>ro38606</createdBy>
<createdTime>2013-05-07 16:47:51 UTC</createdTime>
<ownerDesignName>NYEC_BPM_Semantic_data_model_diagram</ownerDesignName>
</ColumnProxy>
<ColumnProxy class="oracle.dbtools.crest.model.design.storage.oracle.v11g.ColumnProxyOraclev11g" name="QC Required - Phone Flag" id="372AE1D2-9044-6487-F60B-92BAD1B96BFC">
<createdBy>ro38606</createdBy>
<createdTime>2013-05-07 16:47:57 UTC</createdTime>
<ownerDesignName>NYEC_BPM_Semantic_data_model_diagram</ownerDesignName>
</ColumnProxy>
<ColumnProxy class="oracle.dbtools.crest.model.design.storage.oracle.v11g.ColumnProxyOraclev11g" name="MI Cycle Start Date" id="38F31EE6-B5F0-87CF-7551-CEE339CAAF28">
<createdBy>ro38606</createdBy>
<createdTime>2013-05-07 16:47:54 UTC</createdTime>
<ownerDesignName>NYEC_BPM_Semantic_data_model_diagram</ownerDesignName>
</ColumnProxy>
<ColumnProxy class="oracle.dbtools.crest.model.design.storage.oracle.v11g.ColumnProxyOraclev11g" name="Crt St Accept Task Perf By" id="3CB41203-A55B-6079-014D-C12CA2D69875">
<createdBy>ro38606</createdBy>
<createdTime>2013-05-07 16:47:51 UTC</createdTime>
<ownerDesignName>NYEC_BPM_Semantic_data_model_diagram</ownerDesignName>
</ColumnProxy>
<ColumnProxy class="oracle.dbtools.crest.model.design.storage.oracle.v11g.ColumnProxyOraclev11g" name="Cur Pending MI Type" id="3E81C012-F41E-EEE3-24ED-0711DE5CDD68">
<createdBy>ro38606</createdBy>
<createdTime>2013-05-07 16:47:54 UTC</createdTime>
<ownerDesignName>NYEC_BPM_Semantic_data_model_diagram</ownerDesignName>
</ColumnProxy>
<ColumnProxy class="oracle.dbtools.crest.model.design.storage.oracle.v11g.ColumnProxyOraclev11g" name="SLA Days Type" id="44945EBE-2523-2C79-BE84-AA2DC691A9F2">
<createdBy>ro38606</createdBy>
<createdTime>2013-05-07 16:47:57 UTC</createdTime>
<ownerDesignName>NYEC_BPM_Semantic_data_model_diagram</ownerDesignName>
</ColumnProxy>
<ColumnProxy class="oracle.dbtools.crest.model.design.storage.oracle.v11g.ColumnProxyOraclev11g" name="Cur Research Reason" id="5682458C-0DC5-0C6B-775A-1DC650CA524A">
<createdBy>ro38606</createdBy>
<createdTime>2013-05-07 16:47:56 UTC</createdTime>
<ownerDesignName>NYEC_BPM_Semantic_data_model_diagram</ownerDesignName>
</ColumnProxy>
<ColumnProxy class="oracle.dbtools.crest.model.design.storage.oracle.v11g.ColumnProxyOraclev11g" name="MI Outcome Flag" id="56B20DA3-573D-26F6-D64A-A6E6734389E2">
<createdBy>ro38606</createdBy>
<createdTime>2013-05-07 16:47:58 UTC</createdTime>
<ownerDesignName>NYEC_BPM_Semantic_data_model_diagram</ownerDesignName>
</ColumnProxy>
<ColumnProxy class="oracle.dbtools.crest.model.design.storage.oracle.v11g.ColumnProxyOraclev11g" name="Cur Research Task ID" id="57DB097A-6732-A1D6-7FED-EAB5F53DD4D7">
<createdBy>ro38606</createdBy>
<createdTime>2013-05-07 16:47:56 UTC</createdTime>
<ownerDesignName>NYEC_BPM_Semantic_data_model_diagram</ownerDesignName>
</ColumnProxy>
<ColumnProxy class="oracle.dbtools.crest.model.design.storage.oracle.v11g.ColumnProxyOraclev11g" name="SLA Jeopardy Days" id="588A668B-A59E-550A-7A6D-0CEBDD2B91E3">
<createdBy>ro38606</createdBy>
<createdTime>2013-05-07 16:47:57 UTC</createdTime>
<ownerDesignName>NYEC_BPM_Semantic_data_model_diagram</ownerDesignName>
</ColumnProxy>
<ColumnProxy class="oracle.dbtools.crest.model.design.storage.oracle.v11g.ColumnProxyOraclev11g" name="New MI Creation Date" id="5CF28943-E7CD-3960-C8E6-28BA7BFCC3B4">
<createdBy>ro38606</createdBy>
<createdTime>2013-05-07 16:47:59 UTC</createdTime>
<ownerDesignName>NYEC_BPM_Semantic_data_model_diagram</ownerDesignName>
</ColumnProxy>
<ColumnProxy class="oracle.dbtools.crest.model.design.storage.oracle.v11g.ColumnProxyOraclev11g" name="Send Research Flag" id="628F3B59-D1D2-C278-472A-B8C3DAE27B6E">
<createdBy>ro38606</createdBy>
<createdTime>2013-05-07 16:47:58 UTC</createdTime>
<ownerDesignName>NYEC_BPM_Semantic_data_model_diagram</ownerDesignName>
</ColumnProxy>
<ColumnProxy class="oracle.dbtools.crest.model.design.storage.oracle.v11g.ColumnProxyOraclev11g" name="SLA Target Days" id="67B38A44-F7E7-EE25-D8C6-F7DD3D934FBD">
<createdBy>ro38606</createdBy>
<createdTime>2013-05-07 16:47:57 UTC</createdTime>
<ownerDesignName>NYEC_BPM_Semantic_data_model_diagram</ownerDesignName>
</ColumnProxy>
<ColumnProxy class="oracle.dbtools.crest.model.design.storage.oracle.v11g.ColumnProxyOraclev11g" name="SLA Days" id="6D8FB0E0-E414-A8CE-03BD-5E7ACD23FEDD">
<createdBy>ro38606</createdBy>
<createdTime>2013-05-07 16:47:56 UTC</createdTime>
<ownerDesignName>NYEC_BPM_Semantic_data_model_diagram</ownerDesignName>
</ColumnProxy>
<ColumnProxy class="oracle.dbtools.crest.model.design.storage.oracle.v11g.ColumnProxyOraclev11g" name="Request MI Start Date" id="70C1AF79-655A-1518-950B-E0FF5C8034AF">
<createdBy>ro38606</createdBy>
<createdTime>2013-05-07 16:47:56 UTC</createdTime>
<ownerDesignName>NYEC_BPM_Semantic_data_model_diagram</ownerDesignName>
</ColumnProxy>
<ColumnProxy class="oracle.dbtools.crest.model.design.storage.oracle.v11g.ColumnProxyOraclev11g" name="Perform Research Performed By" id="761BC951-EB53-1159-2CBC-036B6C928540">
<createdBy>ro38606</createdBy>
<createdTime>2013-05-07 16:47:55 UTC</createdTime>
<ownerDesignName>NYEC_BPM_Semantic_data_model_diagram</ownerDesignName>
</ColumnProxy>
<ColumnProxy class="oracle.dbtools.crest.model.design.storage.oracle.v11g.ColumnProxyOraclev11g" name="Receive MI End Date" id="771AFCF5-A613-697D-E0D0-E493788B62EB">
<createdBy>ro38606</createdBy>
<createdTime>2013-05-07 16:47:55 UTC</createdTime>
<ownerDesignName>NYEC_BPM_Semantic_data_model_diagram</ownerDesignName>
</ColumnProxy>
<ColumnProxy class="oracle.dbtools.crest.model.design.storage.oracle.v11g.ColumnProxyOraclev11g" name="Timeliness Status" id="771F2DF3-FE29-05B3-EBD8-E0244C371BDB">
<createdBy>ro38606</createdBy>
<createdTime>2013-05-07 16:47:57 UTC</createdTime>
<ownerDesignName>NYEC_BPM_Semantic_data_model_diagram</ownerDesignName>
</ColumnProxy>
<ColumnProxy class="oracle.dbtools.crest.model.design.storage.oracle.v11g.ColumnProxyOraclev11g" name="Complete MI Task Flag" id="792C35B3-7E2F-2D0E-516B-7C35AF6DB9EA">
<createdBy>ro38606</createdBy>
<createdTime>2013-05-07 16:47:59 UTC</createdTime>
<ownerDesignName>NYEC_BPM_Semantic_data_model_diagram</ownerDesignName>
</ColumnProxy>
<ColumnProxy class="oracle.dbtools.crest.model.design.storage.oracle.v11g.ColumnProxyOraclev11g" name="MI Task Create Date" id="7A62F541-32A9-02DF-EC36-C800ACB3C3AD">
<createdBy>ro38606</createdBy>
<createdTime>2013-05-07 16:47:53 UTC</createdTime>
<ownerDesignName>NYEC_BPM_Semantic_data_model_diagram</ownerDesignName>
</ColumnProxy>
<ColumnProxy class="oracle.dbtools.crest.model.design.storage.oracle.v11g.ColumnProxyOraclev11g" name="MI Task Type" id="7F4238E2-45C5-9D10-99AB-3B77F1BB12F2">
<createdBy>ro38606</createdBy>
<createdTime>2013-05-07 16:47:53 UTC</createdTime>
<ownerDesignName>NYEC_BPM_Semantic_data_model_diagram</ownerDesignName>
</ColumnProxy>
<ColumnProxy class="oracle.dbtools.crest.model.design.storage.oracle.v11g.ColumnProxyOraclev11g" name="Cancel Date" id="7FAC90A8-291C-2201-7FA8-108B84B6EA4E">
<createdBy>ro38606</createdBy>
<createdTime>2013-05-07 16:47:51 UTC</createdTime>
<ownerDesignName>NYEC_BPM_Semantic_data_model_diagram</ownerDesignName>
</ColumnProxy>
<ColumnProxy class="oracle.dbtools.crest.model.design.storage.oracle.v11g.ColumnProxyOraclev11g" name="Perform QC End Date" id="80A6E68E-60BE-F230-CF2B-EEC17E9BE825">
<createdBy>ro38606</createdBy>
<createdTime>2013-05-07 16:47:55 UTC</createdTime>
<ownerDesignName>NYEC_BPM_Semantic_data_model_diagram</ownerDesignName>
</ColumnProxy>
<ColumnProxy class="oracle.dbtools.crest.model.design.storage.oracle.v11g.ColumnProxyOraclev11g" name="New MI Satisfied Date" id="8421B190-F1F0-993B-6F5B-2147882EAB65">
<createdBy>ro38606</createdBy>
<createdTime>2013-05-07 16:48:00 UTC</createdTime>
<ownerDesignName>NYEC_BPM_Semantic_data_model_diagram</ownerDesignName>
</ColumnProxy>
<ColumnProxy class="oracle.dbtools.crest.model.design.storage.oracle.v11g.ColumnProxyOraclev11g" name="Instance Complete Date" id="860BA8CD-E328-94AB-A1DC-3BD4F7427C8D">
<createdBy>ro38606</createdBy>
<createdTime>2013-05-07 16:47:52 UTC</createdTime>
<ownerDesignName>NYEC_BPM_Semantic_data_model_diagram</ownerDesignName>
</ColumnProxy>
<ColumnProxy class="oracle.dbtools.crest.model.design.storage.oracle.v11g.ColumnProxyOraclev11g" name="MI Call Campaign" id="892944BB-6BD8-22AA-7950-9A61918C29B0">
<createdBy>ro38606</createdBy>
<createdTime>2013-05-07 16:47:54 UTC</createdTime>
<ownerDesignName>NYEC_BPM_Semantic_data_model_diagram</ownerDesignName>
</ColumnProxy>
<ColumnProxy class="oracle.dbtools.crest.model.design.storage.oracle.v11g.ColumnProxyOraclev11g" name="SLA Jeopardy Date" id="8E12B917-DFA1-5B4A-7A4D-EABD783F3BF8">
<createdBy>ro38606</createdBy>
<createdTime>2013-05-07 16:47:57 UTC</createdTime>
<ownerDesignName>NYEC_BPM_Semantic_data_model_diagram</ownerDesignName>
</ColumnProxy>
<ColumnProxy class="oracle.dbtools.crest.model.design.storage.oracle.v11g.ColumnProxyOraclev11g" name="Perform QC Performed By" id="904AC28F-6DEE-3E38-6770-422780564097">
<createdBy>ro38606</createdBy>
<createdTime>2013-05-07 16:47:55 UTC</createdTime>
<ownerDesignName>NYEC_BPM_Semantic_data_model_diagram</ownerDesignName>
</ColumnProxy>
<ColumnProxy class="oracle.dbtools.crest.model.design.storage.oracle.v11g.ColumnProxyOraclev11g" name="Cur Inbound MI Type" id="920797B3-1A1F-EF0E-E546-514323FBF1EF">
<createdBy>ro38606</createdBy>
<createdTime>2013-05-07 16:47:52 UTC</createdTime>
<ownerDesignName>NYEC_BPM_Semantic_data_model_diagram</ownerDesignName>
</ColumnProxy>
<ColumnProxy class="oracle.dbtools.crest.model.design.storage.oracle.v11g.ColumnProxyOraclev11g" name="QC Outcome Flag" id="9368A8EE-74CC-F54D-C540-CD66EE801648">
<createdBy>ro38606</createdBy>
<createdTime>2013-05-07 16:47:58 UTC</createdTime>
<ownerDesignName>NYEC_BPM_Semantic_data_model_diagram</ownerDesignName>
</ColumnProxy>
<ColumnProxy class="oracle.dbtools.crest.model.design.storage.oracle.v11g.ColumnProxyOraclev11g" name="NYEC_PMI_BI_ID" id="974B6AD0-FF29-7736-6FD6-01EACB6B4C6F">
<createdBy>ro38606</createdBy>
<createdTime>2013-05-07 16:47:50 UTC</createdTime>
<ownerDesignName>NYEC_BPM_Semantic_data_model_diagram</ownerDesignName>
</ColumnProxy>
<ColumnProxy class="oracle.dbtools.crest.model.design.storage.oracle.v11g.ColumnProxyOraclev11g" name="Perform QC on MI Flag" id="99DB1659-AFC9-E567-B364-FB93BD9DB1EC">
<createdBy>ro38606</createdBy>
<createdTime>2013-05-07 16:47:59 UTC</createdTime>
<ownerDesignName>NYEC_BPM_Semantic_data_model_diagram</ownerDesignName>
</ColumnProxy>
<ColumnProxy class="oracle.dbtools.crest.model.design.storage.oracle.v11g.ColumnProxyOraclev11g" name="MI Letter Sent On" id="9E7C9124-C725-AE52-B317-CD0923C10D40">
<createdBy>ro38606</createdBy>
<createdTime>2013-05-07 16:48:00 UTC</createdTime>
<ownerDesignName>NYEC_BPM_Semantic_data_model_diagram</ownerDesignName>
</ColumnProxy>
<ColumnProxy class="oracle.dbtools.crest.model.design.storage.oracle.v11g.ColumnProxyOraclev11g" name="QC Required Flag" id="9EBFF1A2-7F03-A5B7-2D4B-884A20DECF13">
<createdBy>ro38606</createdBy>
<createdTime>2013-05-07 16:47:58 UTC</createdTime>
<ownerDesignName>NYEC_BPM_Semantic_data_model_diagram</ownerDesignName>
</ColumnProxy>
<ColumnProxy class="oracle.dbtools.crest.model.design.storage.oracle.v11g.ColumnProxyOraclev11g" name="Determine MI Outcm Start Date" id="A2307C1B-ADBB-F009-D492-6B781E6441F3">
<createdBy>ro38606</createdBy>
<createdTime>2013-05-07 16:47:52 UTC</createdTime>
<ownerDesignName>NYEC_BPM_Semantic_data_model_diagram</ownerDesignName>
</ColumnProxy>
<ColumnProxy class="oracle.dbtools.crest.model.design.storage.oracle.v11g.ColumnProxyOraclev11g" name="Age in Calendar Days" id="A5FB0280-80DE-A744-558F-D4C69CF690C9">
<createdBy>ro38606</createdBy>
<createdTime>2013-05-07 16:47:51 UTC</createdTime>
<ownerDesignName>NYEC_BPM_Semantic_data_model_diagram</ownerDesignName>
</ColumnProxy>
<ColumnProxy class="oracle.dbtools.crest.model.design.storage.oracle.v11g.ColumnProxyOraclev11g" name="Crt St Accept Task End Date" id="A6CF8623-CBDE-D3D8-7C36-7D216F649040">
<createdBy>ro38606</createdBy>
<createdTime>2013-05-07 16:47:51 UTC</createdTime>
<ownerDesignName>NYEC_BPM_Semantic_data_model_diagram</ownerDesignName>
</ColumnProxy>
<ColumnProxy class="oracle.dbtools.crest.model.design.storage.oracle.v11g.ColumnProxyOraclev11g" name="Current Task ID" id="B8510288-10A1-52BD-50CA-BFC3ED70667E">
<createdBy>ro38606</createdBy>
<createdTime>2013-05-07 16:47:52 UTC</createdTime>
<ownerDesignName>NYEC_BPM_Semantic_data_model_diagram</ownerDesignName>
</ColumnProxy>
<ColumnProxy class="oracle.dbtools.crest.model.design.storage.oracle.v11g.ColumnProxyOraclev11g" name="MI Cycle End Date" id="BB4F5D75-1A00-E93B-49D7-CD90CFCF828C">
<createdBy>ro38606</createdBy>
<createdTime>2013-05-07 16:47:54 UTC</createdTime>
<ownerDesignName>NYEC_BPM_Semantic_data_model_diagram</ownerDesignName>
</ColumnProxy>
<ColumnProxy class="oracle.dbtools.crest.model.design.storage.oracle.v11g.ColumnProxyOraclev11g" name="Perform QC Start Date" id="BB6D4743-977D-2E59-472F-C67B973BCF2C">
<createdBy>ro38606</createdBy>
<createdTime>2013-05-07 16:47:55 UTC</createdTime>
<ownerDesignName>NYEC_BPM_Semantic_data_model_diagram</ownerDesignName>
</ColumnProxy>
<ColumnProxy class="oracle.dbtools.crest.model.design.storage.oracle.v11g.ColumnProxyOraclev11g" name="Create State Accept Flag" id="BC77198A-B6F3-3D9F-1F4B-36EA07B89912">
<createdBy>ro38606</createdBy>
<createdTime>2013-05-07 16:47:58 UTC</createdTime>
<ownerDesignName>NYEC_BPM_Semantic_data_model_diagram</ownerDesignName>
</ColumnProxy>
<ColumnProxy class="oracle.dbtools.crest.model.design.storage.oracle.v11g.ColumnProxyOraclev11g" name="Jeopardy Flag" id="C525EDC0-CCAA-F9B4-61F5-EC1007BE0E8C">
<createdBy>ro38606</createdBy>
<createdTime>2013-05-07 16:47:53 UTC</createdTime>
<ownerDesignName>NYEC_BPM_Semantic_data_model_diagram</ownerDesignName>
</ColumnProxy>
<ColumnProxy class="oracle.dbtools.crest.model.design.storage.oracle.v11g.ColumnProxyOraclev11g" name="Request MI End Date" id="C773CBDB-5942-36E5-64C2-D5AFD4B5A927">
<createdBy>ro38606</createdBy>
<createdTime>2013-05-07 16:47:56 UTC</createdTime>
<ownerDesignName>NYEC_BPM_Semantic_data_model_diagram</ownerDesignName>
</ColumnProxy>
<ColumnProxy class="oracle.dbtools.crest.model.design.storage.oracle.v11g.ColumnProxyOraclev11g" name="Determine MI Outcm Perf By" id="C8D958A7-AE84-D4CB-4DB1-E9171F5E47A7">
<createdBy>ro38606</createdBy>
<createdTime>2013-05-07 16:47:52 UTC</createdTime>
<ownerDesignName>NYEC_BPM_Semantic_data_model_diagram</ownerDesignName>
</ColumnProxy>
<ColumnProxy class="oracle.dbtools.crest.model.design.storage.oracle.v11g.ColumnProxyOraclev11g" name="Manual Letter Sent Date" id="C91E4E2A-A6F5-30AD-726F-AED48C2447B8">
<createdBy>ro38606</createdBy>
<createdTime>2013-05-07 16:47:54 UTC</createdTime>
<ownerDesignName>NYEC_BPM_Semantic_data_model_diagram</ownerDesignName>
</ColumnProxy>
<ColumnProxy class="oracle.dbtools.crest.model.design.storage.oracle.v11g.ColumnProxyOraclev11g" name="MI Cycle Business Days" id="CB12372C-2D74-84A1-9667-620F9EDE6AF6">
<createdBy>ro38606</createdBy>
<createdTime>2013-05-07 16:47:53 UTC</createdTime>
<ownerDesignName>NYEC_BPM_Semantic_data_model_diagram</ownerDesignName>
</ColumnProxy>
<ColumnProxy class="oracle.dbtools.crest.model.design.storage.oracle.v11g.ColumnProxyOraclev11g" name="Update State System Flag" id="D38424DD-27E1-E75E-F1D4-4C7D6A1788A4">
<createdBy>ro38606</createdBy>
<createdTime>2013-05-07 16:47:58 UTC</createdTime>
<ownerDesignName>NYEC_BPM_Semantic_data_model_diagram</ownerDesignName>
</ColumnProxy>
<ColumnProxy class="oracle.dbtools.crest.model.design.storage.oracle.v11g.ColumnProxyOraclev11g" name="Complete MI Task Performed By" id="DD9140F2-0911-2156-578D-21743C5B1ECF">
<createdBy>ro38606</createdBy>
<createdTime>2013-05-07 16:47:51 UTC</createdTime>
<ownerDesignName>NYEC_BPM_Semantic_data_model_diagram</ownerDesignName>
</ColumnProxy>
<ColumnProxy class="oracle.dbtools.crest.model.design.storage.oracle.v11g.ColumnProxyOraclev11g" name="All MI Satisfied" id="DE042C30-CD00-745B-8E76-F50F895C9BC4">
<createdBy>ro38606</createdBy>
<createdTime>2013-05-07 16:47:59 UTC</createdTime>
<ownerDesignName>NYEC_BPM_Semantic_data_model_diagram</ownerDesignName>
</ColumnProxy>
<ColumnProxy class="oracle.dbtools.crest.model.design.storage.oracle.v11g.ColumnProxyOraclev11g" name="Perform Research Start Date" id="E3584B8F-1288-B8CC-6DD7-9C5C76A5A55C">
<createdBy>ro38606</createdBy>
<createdTime>2013-05-07 16:47:55 UTC</createdTime>
<ownerDesignName>NYEC_BPM_Semantic_data_model_diagram</ownerDesignName>
</ColumnProxy>
<ColumnProxy class="oracle.dbtools.crest.model.design.storage.oracle.v11g.ColumnProxyOraclev11g" name="Cur MI Letter Status" id="E3702DB6-76C6-6A34-7124-1CCD0CF00970">
<createdBy>ro38606</createdBy>
<createdTime>2013-05-07 16:47:54 UTC</createdTime>
<ownerDesignName>NYEC_BPM_Semantic_data_model_diagram</ownerDesignName>
</ColumnProxy>
<ColumnProxy class="oracle.dbtools.crest.model.design.storage.oracle.v11g.ColumnProxyOraclev11g" name="Receive MI Flag" id="E8793E5F-D5B6-4473-8471-AF1854A08902">
<createdBy>ro38606</createdBy>
<createdTime>2013-05-07 16:47:58 UTC</createdTime>
<ownerDesignName>NYEC_BPM_Semantic_data_model_diagram</ownerDesignName>
</ColumnProxy>
<ColumnProxy class="oracle.dbtools.crest.model.design.storage.oracle.v11g.ColumnProxyOraclev11g" name="Instance Status" id="F16306F4-1EBB-6123-BD13-970A3B3069FA">
<createdBy>ro38606</createdBy>
<createdTime>2013-05-07 16:47:52 UTC</createdTime>
<ownerDesignName>NYEC_BPM_Semantic_data_model_diagram</ownerDesignName>
</ColumnProxy>
<ColumnProxy class="oracle.dbtools.crest.model.design.storage.oracle.v11g.ColumnProxyOraclev11g" name="Determine MI Outcm End Date" id="F18C7DEA-9CA6-BCE4-F4BB-74B6983A3771">
<createdBy>ro38606</createdBy>
<createdTime>2013-05-07 16:47:52 UTC</createdTime>
<ownerDesignName>NYEC_BPM_Semantic_data_model_diagram</ownerDesignName>
</ColumnProxy>
<ColumnProxy class="oracle.dbtools.crest.model.design.storage.oracle.v11g.ColumnProxyOraclev11g" name="Manual Letter ID" id="F3A86D80-2B27-DA62-BD6E-F02C773F7795">
<createdBy>ro38606</createdBy>
<createdTime>2013-05-07 16:47:54 UTC</createdTime>
<ownerDesignName>NYEC_BPM_Semantic_data_model_diagram</ownerDesignName>
</ColumnProxy>
<ColumnProxy class="oracle.dbtools.crest.model.design.storage.oracle.v11g.ColumnProxyOraclev11g" name="Complete MI Task Start Date" id="F3FB34E2-6F7E-8EA3-E760-2976A4E467B0">
<createdBy>ro38606</createdBy>
<createdTime>2013-05-07 16:47:51 UTC</createdTime>
<ownerDesignName>NYEC_BPM_Semantic_data_model_diagram</ownerDesignName>
</ColumnProxy>
<ColumnProxy class="oracle.dbtools.crest.model.design.storage.oracle.v11g.ColumnProxyOraclev11g" name="MI Receipt Date" id="F4D24165-5733-8B9E-2DB1-F5D163C63918">
<createdBy>ro38606</createdBy>
<createdTime>2013-05-07 16:47:53 UTC</createdTime>
<ownerDesignName>NYEC_BPM_Semantic_data_model_diagram</ownerDesignName>
</ColumnProxy>
<ColumnProxy class="oracle.dbtools.crest.model.design.storage.oracle.v11g.ColumnProxyOraclev11g" name="MI Task ID" id="F612F43B-3A85-8464-80C9-A2F8565424E5">
<createdBy>ro38606</createdBy>
<createdTime>2013-05-07 16:47:53 UTC</createdTime>
<ownerDesignName>NYEC_BPM_Semantic_data_model_diagram</ownerDesignName>
</ColumnProxy>
<ColumnProxy class="oracle.dbtools.crest.model.design.storage.oracle.v11g.ColumnProxyOraclev11g" name="Determine MI Outcome Flag" id="F8F8B4F8-860A-ADF2-F3BC-E58B98AAAEE3">
<createdBy>ro38606</createdBy>
<createdTime>2013-05-07 16:47:59 UTC</createdTime>
<ownerDesignName>NYEC_BPM_Semantic_data_model_diagram</ownerDesignName>
</ColumnProxy>
<ColumnProxy class="oracle.dbtools.crest.model.design.storage.oracle.v11g.ColumnProxyOraclev11g" name="Channel Flag" id="FCB5C244-EDF7-8D6D-1DC0-2DB46AE058EA">
<createdBy>ro38606</createdBy>
<createdTime>2013-05-07 16:47:57 UTC</createdTime>
<ownerDesignName>NYEC_BPM_Semantic_data_model_diagram</ownerDesignName>
</ColumnProxy>
</columnProxies>
<indexProxies>
<IndexProxy class="oracle.dbtools.crest.model.design.storage.oracle.v10g.IndexProxyOraclev10g" name="DPMIC_PK" id="6AD74F6F-C161-E0F0-9DC1-0C041DE4486D">
<createdBy>ro38606</createdBy>
<createdTime>2013-05-07 16:48:46 UTC</createdTime>
<ownerDesignName>NYEC_BPM_Semantic_data_model_diagram</ownerDesignName>
<parallel>YES</parallel>
<segment>78328217-4259-22E0-103A-CED2806E4CC5</segment>
<sortedRows>SORTED</sortedRows>
<tableSpace>692AEA5F-C013-5656-A766-3ECFFCBBF6AD</tableSpace>
</IndexProxy>
<IndexProxy class="oracle.dbtools.crest.model.design.storage.oracle.v10g.IndexProxyOraclev10g" name="DNPMICUR_UIX1" id="A81D34FB-10D6-480D-3655-11196C106511">
<createdBy>ro38606</createdBy>
<createdTime>2013-05-07 16:48:46 UTC</createdTime>
<ownerDesignName>NYEC_BPM_Semantic_data_model_diagram</ownerDesignName>
<parallel>YES</parallel>
<segment>78328217-4259-22E0-103A-CED2806E4CC5</segment>
<sortedRows>SORTED</sortedRows>
<tableSpace>692AEA5F-C013-5656-A766-3ECFFCBBF6AD</tableSpace>
</IndexProxy>
</indexProxies>
<primaryKeys>
<PrimaryKey class="oracle.dbtools.crest.model.design.storage.oracle.v10g.PKProxyOraclev10g" name="DNPMIC_PK" id="0BBD34E2-223C-F57B-A3FE-1AABE8C79532">
<createdBy>ro38606</createdBy>
<createdTime>2013-05-07 16:49:27 UTC</createdTime>
<ownerDesignName>NYEC_BPM_Semantic_data_model_diagram</ownerDesignName>
<sortedRows>SORTED</sortedRows>
<tableSpace>8D282799-0AFE-F2FF-2AEA-CF205662762F</tableSpace>
<existingIndex>6AD74F6F-C161-E0F0-9DC1-0C041DE4486D</existingIndex>
<indexSort>SORTED</indexSort>
<usingIndex>BY INDEX NAME</usingIndex>
</PrimaryKey>
</primaryKeys>
</TableProxyOraclev11g>