<?xml version = '1.0' encoding = 'UTF-8'?>
<TableProxyOraclev11g class="oracle.dbtools.crest.model.design.storage.oracle.v11g.TableProxyOraclev11g" name="D_NYEC_PA_MA_REASON" id="9C9C43C4-0470-4EFE-463B-4CFAD4555522" directorySegmentName="seg_0">
<createdBy>ro38606</createdBy>
<createdTime>2013-05-10 06:45:04 UTC</createdTime>
<ownerDesignName>NYEC_BPM_Semantic_data_model_diagram</ownerDesignName>
<logging>YES</logging>
<parallel>YES</parallel>
<partitionedRowMovement>DISABLE</partitionedRowMovement>
<segment>0308D552-AF5F-CD15-E8CD-922B0969993A</segment>
<tableSpace>49103D8C-B61A-BBCA-77AA-EF6B9A69D4F7</tableSpace>
<columnProxies>
<ColumnProxy class="oracle.dbtools.crest.model.design.storage.oracle.v11g.ColumnProxyOraclev11g" name="DNPAMAR_ID" id="32848BAA-6EE8-C40A-CFD8-BFA8AE644CB8">
<createdBy>ro38606</createdBy>
<createdTime>2013-05-10 06:45:05 UTC</createdTime>
<ownerDesignName>NYEC_BPM_Semantic_data_model_diagram</ownerDesignName>
</ColumnProxy>
<ColumnProxy class="oracle.dbtools.crest.model.design.storage.oracle.v11g.ColumnProxyOraclev11g" name="MA_REASON" id="5C41BD8E-40CC-5337-B664-39BB1CB17546">
<createdBy>ro38606</createdBy>
<createdTime>2013-05-10 06:45:05 UTC</createdTime>
<ownerDesignName>NYEC_BPM_Semantic_data_model_diagram</ownerDesignName>
</ColumnProxy>
</columnProxies>
<indexProxies>
<IndexProxy class="oracle.dbtools.crest.model.design.storage.oracle.v10g.IndexProxyOraclev10g" name="DNPAMAR_UIX1" id="6D0BA62F-CD5D-FFA8-9ED4-A7B1E543B2F1">
<createdBy>ro38606</createdBy>
<createdTime>2013-05-10 06:45:06 UTC</createdTime>
<ownerDesignName>NYEC_BPM_Semantic_data_model_diagram</ownerDesignName>
<parallel>YES</parallel>
<segment>12BBC59D-77D8-6E54-0C99-FA724024CF06</segment>
<sortedRows>SORTED</sortedRows>
<tableSpace>BACC5B86-40F0-43FF-0A17-237CBF08C3A2</tableSpace>
</IndexProxy>
</indexProxies>
<primaryKeys>
<PrimaryKey class="oracle.dbtools.crest.model.design.storage.oracle.v10g.PKProxyOraclev10g" name="DNPAMAR_PK" id="72EB5479-5822-983A-9117-98EAC50D0F1A">
<createdBy>ro38606</createdBy>
<createdTime>2013-05-10 06:45:07 UTC</createdTime>
<ownerDesignName>NYEC_BPM_Semantic_data_model_diagram</ownerDesignName>
<sortedRows>SORTED</sortedRows>
<tableSpace>BACC5B86-40F0-43FF-0A17-237CBF08C3A2</tableSpace>
<indexSegment>12BBC59D-77D8-6E54-0C99-FA724024CF06</indexSegment>
<indexSort>SORTED</indexSort>
</PrimaryKey>
</primaryKeys>
</TableProxyOraclev11g>