<?xml version = '1.0' encoding = 'UTF-8'?>
<TableProxyOraclev11g class="oracle.dbtools.crest.model.design.storage.oracle.v11g.TableProxyOraclev11g" name="D_NYEC_SR_QC_TASK" id="A419EFCB-DDC9-D3BA-7B56-8D58F5E9A8CC" directorySegmentName="seg_0">
<createdBy>ro38606</createdBy>
<createdTime>2013-05-07 18:36:20 UTC</createdTime>
<ownerDesignName>NYEC_BPM_Semantic_data_model_diagram</ownerDesignName>
<logging>YES</logging>
<columnProxies>
<ColumnProxy class="oracle.dbtools.crest.model.design.storage.oracle.v11g.ColumnProxyOraclev11g" name="QC Task ID" id="2AD623C6-DB19-406B-AAC7-D4B47E4DDEEC">
<createdBy>ro38606</createdBy>
<createdTime>2013-05-07 18:36:20 UTC</createdTime>
<ownerDesignName>NYEC_BPM_Semantic_data_model_diagram</ownerDesignName>
</ColumnProxy>
<ColumnProxy class="oracle.dbtools.crest.model.design.storage.oracle.v11g.ColumnProxyOraclev11g" name="Jeopardy Flag" id="2E012331-7450-A0A4-B80B-7A8CFF467CD9">
<createdBy>ro38606</createdBy>
<createdTime>2013-05-07 18:36:20 UTC</createdTime>
<ownerDesignName>NYEC_BPM_Semantic_data_model_diagram</ownerDesignName>
</ColumnProxy>
<ColumnProxy class="oracle.dbtools.crest.model.design.storage.oracle.v11g.ColumnProxyOraclev11g" name="Current Group Supervisor Name" id="32D3349D-1360-1B24-9202-BC907D3E00D3">
<createdBy>ro38606</createdBy>
<createdTime>2013-05-07 18:36:20 UTC</createdTime>
<ownerDesignName>NYEC_BPM_Semantic_data_model_diagram</ownerDesignName>
</ColumnProxy>
<ColumnProxy class="oracle.dbtools.crest.model.design.storage.oracle.v11g.ColumnProxyOraclev11g" name="Timeliness Status" id="3D8FCE51-83EF-C2E3-03BE-6FCDC8CC9288">
<createdBy>ro38606</createdBy>
<createdTime>2013-05-07 18:36:20 UTC</createdTime>
<ownerDesignName>NYEC_BPM_Semantic_data_model_diagram</ownerDesignName>
</ColumnProxy>
<ColumnProxy class="oracle.dbtools.crest.model.design.storage.oracle.v11g.ColumnProxyOraclev11g" name="Current Last Update Date" id="457A6F57-20A6-A9D9-42C8-3D49F48091CD">
<createdBy>ro38606</createdBy>
<createdTime>2013-05-07 18:36:20 UTC</createdTime>
<ownerDesignName>NYEC_BPM_Semantic_data_model_diagram</ownerDesignName>
</ColumnProxy>
<ColumnProxy class="oracle.dbtools.crest.model.design.storage.oracle.v11g.ColumnProxyOraclev11g" name="Status Age in Calendar Days" id="4AE3233E-0CEA-0D77-7C21-05988EBC48F2">
<createdBy>ro38606</createdBy>
<createdTime>2013-05-07 18:36:20 UTC</createdTime>
<ownerDesignName>NYEC_BPM_Semantic_data_model_diagram</ownerDesignName>
</ColumnProxy>
<ColumnProxy class="oracle.dbtools.crest.model.design.storage.oracle.v11g.ColumnProxyOraclev11g" name="Cancel Work Date" id="4CA15E41-7516-72EF-F1BB-DA4AB2521952">
<createdBy>ro38606</createdBy>
<createdTime>2013-05-07 18:36:20 UTC</createdTime>
<ownerDesignName>NYEC_BPM_Semantic_data_model_diagram</ownerDesignName>
</ColumnProxy>
<ColumnProxy class="oracle.dbtools.crest.model.design.storage.oracle.v11g.ColumnProxyOraclev11g" name="Complete Flag" id="51AD28E4-5333-657E-99DC-8C6F457DFBA1">
<createdBy>ro38606</createdBy>
<createdTime>2013-05-07 18:36:20 UTC</createdTime>
<ownerDesignName>NYEC_BPM_Semantic_data_model_diagram</ownerDesignName>
</ColumnProxy>
<ColumnProxy class="oracle.dbtools.crest.model.design.storage.oracle.v11g.ColumnProxyOraclev11g" name="SLA Days Type" id="532E0093-F059-F9A5-E7AE-FE8509BA6C5E">
<createdBy>ro38606</createdBy>
<createdTime>2013-05-07 18:36:20 UTC</createdTime>
<ownerDesignName>NYEC_BPM_Semantic_data_model_diagram</ownerDesignName>
</ColumnProxy>
<ColumnProxy class="oracle.dbtools.crest.model.design.storage.oracle.v11g.ColumnProxyOraclev11g" name="Current Task Type" id="590D7424-26B4-7894-672E-9A65E28A574A">
<createdBy>ro38606</createdBy>
<createdTime>2013-05-07 18:36:20 UTC</createdTime>
<ownerDesignName>NYEC_BPM_Semantic_data_model_diagram</ownerDesignName>
</ColumnProxy>
<ColumnProxy class="oracle.dbtools.crest.model.design.storage.oracle.v11g.ColumnProxyOraclev11g" name="Age in Calendar Days" id="593BFB24-D1E1-4985-EE9F-5C4A65AC4CA1">
<createdBy>ro38606</createdBy>
<createdTime>2013-05-07 18:36:20 UTC</createdTime>
<ownerDesignName>NYEC_BPM_Semantic_data_model_diagram</ownerDesignName>
</ColumnProxy>
<ColumnProxy class="oracle.dbtools.crest.model.design.storage.oracle.v11g.ColumnProxyOraclev11g" name="Status Age in Business Days" id="5ACA3A95-C031-EBC3-C7D2-B13224CBE8E4">
<createdBy>ro38606</createdBy>
<createdTime>2013-05-07 18:36:20 UTC</createdTime>
<ownerDesignName>NYEC_BPM_Semantic_data_model_diagram</ownerDesignName>
</ColumnProxy>
<ColumnProxy class="oracle.dbtools.crest.model.design.storage.oracle.v11g.ColumnProxyOraclev11g" name="Source Reference ID" id="5B7FA7DA-CE10-173D-8BD5-1213A217414F">
<createdBy>ro38606</createdBy>
<createdTime>2013-05-07 18:36:20 UTC</createdTime>
<ownerDesignName>NYEC_BPM_Semantic_data_model_diagram</ownerDesignName>
</ColumnProxy>
<ColumnProxy class="oracle.dbtools.crest.model.design.storage.oracle.v11g.ColumnProxyOraclev11g" name="Current Escalated Flag" id="5F835157-0C1D-173A-AC57-2E9437744937">
<createdBy>ro38606</createdBy>
<createdTime>2013-05-07 18:36:20 UTC</createdTime>
<ownerDesignName>NYEC_BPM_Semantic_data_model_diagram</ownerDesignName>
</ColumnProxy>
<ColumnProxy class="oracle.dbtools.crest.model.design.storage.oracle.v11g.ColumnProxyOraclev11g" name="Complete Date" id="5FD73217-BBCE-3AFB-B6A5-C9615770072B">
<createdBy>ro38606</createdBy>
<createdTime>2013-05-07 18:36:20 UTC</createdTime>
<ownerDesignName>NYEC_BPM_Semantic_data_model_diagram</ownerDesignName>
</ColumnProxy>
<ColumnProxy class="oracle.dbtools.crest.model.design.storage.oracle.v11g.ColumnProxyOraclev11g" name="SLA Jeopardy Days" id="640C6510-EFA3-B424-1CC6-6B8BCAC59E98">
<createdBy>ro38606</createdBy>
<createdTime>2013-05-07 18:36:20 UTC</createdTime>
<ownerDesignName>NYEC_BPM_Semantic_data_model_diagram</ownerDesignName>
</ColumnProxy>
<ColumnProxy class="oracle.dbtools.crest.model.design.storage.oracle.v11g.ColumnProxyOraclev11g" name="Cancel Work Flag" id="6490F689-E8F2-4E2F-21DF-97F6A43C1470">
<createdBy>ro38606</createdBy>
<createdTime>2013-05-07 18:36:20 UTC</createdTime>
<ownerDesignName>NYEC_BPM_Semantic_data_model_diagram</ownerDesignName>
</ColumnProxy>
<ColumnProxy class="oracle.dbtools.crest.model.design.storage.oracle.v11g.ColumnProxyOraclev11g" name="SLA Days" id="6B2B03BA-B7AE-0F3D-AEDD-D28887933EFB">
<createdBy>ro38606</createdBy>
<createdTime>2013-05-07 18:36:20 UTC</createdTime>
<ownerDesignName>NYEC_BPM_Semantic_data_model_diagram</ownerDesignName>
</ColumnProxy>
<ColumnProxy class="oracle.dbtools.crest.model.design.storage.oracle.v11g.ColumnProxyOraclev11g" name="Current Team Supervisor Name" id="6E2D640A-91AA-BE61-C967-CF74E770269C">
<createdBy>ro38606</createdBy>
<createdTime>2013-05-07 18:36:20 UTC</createdTime>
<ownerDesignName>NYEC_BPM_Semantic_data_model_diagram</ownerDesignName>
</ColumnProxy>
<ColumnProxy class="oracle.dbtools.crest.model.design.storage.oracle.v11g.ColumnProxyOraclev11g" name="Current Last Update By Name" id="6E5DE3B0-A883-D3EE-3F51-ECB5516195D7">
<createdBy>ro38606</createdBy>
<createdTime>2013-05-07 18:36:20 UTC</createdTime>
<ownerDesignName>NYEC_BPM_Semantic_data_model_diagram</ownerDesignName>
</ColumnProxy>
<ColumnProxy class="oracle.dbtools.crest.model.design.storage.oracle.v11g.ColumnProxyOraclev11g" name="Current Task Status" id="7EC7D9A6-08DB-59B6-30E2-D9D5FDD8F62B">
<createdBy>ro38606</createdBy>
<createdTime>2013-05-07 18:36:20 UTC</createdTime>
<ownerDesignName>NYEC_BPM_Semantic_data_model_diagram</ownerDesignName>
</ColumnProxy>
<ColumnProxy class="oracle.dbtools.crest.model.design.storage.oracle.v11g.ColumnProxyOraclev11g" name="Current Forwarded Flag" id="81441F44-2900-CB92-3741-9B941C35DA0B">
<createdBy>ro38606</createdBy>
<createdTime>2013-05-07 18:36:20 UTC</createdTime>
<ownerDesignName>NYEC_BPM_Semantic_data_model_diagram</ownerDesignName>
</ColumnProxy>
<ColumnProxy class="oracle.dbtools.crest.model.design.storage.oracle.v11g.ColumnProxyOraclev11g" name="Current Escalated To Name" id="832CCC44-A87B-DF1E-3091-4CBE87240831">
<createdBy>ro38606</createdBy>
<createdTime>2013-05-07 18:36:20 UTC</createdTime>
<ownerDesignName>NYEC_BPM_Semantic_data_model_diagram</ownerDesignName>
</ColumnProxy>
<ColumnProxy class="oracle.dbtools.crest.model.design.storage.oracle.v11g.ColumnProxyOraclev11g" name="Current Group Parent Name" id="83758BBB-84B5-D1B7-442D-28E60768C94B">
<createdBy>ro38606</createdBy>
<createdTime>2013-05-07 18:36:20 UTC</createdTime>
<ownerDesignName>NYEC_BPM_Semantic_data_model_diagram</ownerDesignName>
</ColumnProxy>
<ColumnProxy class="oracle.dbtools.crest.model.design.storage.oracle.v11g.ColumnProxyOraclev11g" name="Current Team Name" id="8B383F05-E850-291C-2BB5-CF753D98A329">
<createdBy>ro38606</createdBy>
<createdTime>2013-05-07 18:36:20 UTC</createdTime>
<ownerDesignName>NYEC_BPM_Semantic_data_model_diagram</ownerDesignName>
</ColumnProxy>
<ColumnProxy class="oracle.dbtools.crest.model.design.storage.oracle.v11g.ColumnProxyOraclev11g" name="Current Owner Name" id="9401CA01-DA86-965B-7937-7AA02D6E69F3">
<createdBy>ro38606</createdBy>
<createdTime>2013-05-07 18:36:20 UTC</createdTime>
<ownerDesignName>NYEC_BPM_Semantic_data_model_diagram</ownerDesignName>
</ColumnProxy>
<ColumnProxy class="oracle.dbtools.crest.model.design.storage.oracle.v11g.ColumnProxyOraclev11g" name="Age in Business Days" id="AD60496F-1AAB-989C-D6FF-84067F0A6D03">
<createdBy>ro38606</createdBy>
<createdTime>2013-05-07 18:36:20 UTC</createdTime>
<ownerDesignName>NYEC_BPM_Semantic_data_model_diagram</ownerDesignName>
</ColumnProxy>
<ColumnProxy class="oracle.dbtools.crest.model.design.storage.oracle.v11g.ColumnProxyOraclev11g" name="Current Status Date" id="B8BB9BB3-E3A0-61DF-017D-5D1834B98A3A">
<createdBy>ro38606</createdBy>
<createdTime>2013-05-07 18:36:20 UTC</createdTime>
<ownerDesignName>NYEC_BPM_Semantic_data_model_diagram</ownerDesignName>
</ColumnProxy>
<ColumnProxy class="oracle.dbtools.crest.model.design.storage.oracle.v11g.ColumnProxyOraclev11g" name="Current Forwarded By Name" id="C719CC1D-7F96-8ABF-979A-A5E8F4B09E39">
<createdBy>ro38606</createdBy>
<createdTime>2013-05-07 18:36:20 UTC</createdTime>
<ownerDesignName>NYEC_BPM_Semantic_data_model_diagram</ownerDesignName>
</ColumnProxy>
<ColumnProxy class="oracle.dbtools.crest.model.design.storage.oracle.v11g.ColumnProxyOraclev11g" name="Current Group Name" id="D196B88D-C388-7158-363E-EA3D76E37AFE">
<createdBy>ro38606</createdBy>
<createdTime>2013-05-07 18:36:20 UTC</createdTime>
<ownerDesignName>NYEC_BPM_Semantic_data_model_diagram</ownerDesignName>
</ColumnProxy>
<ColumnProxy class="oracle.dbtools.crest.model.design.storage.oracle.v11g.ColumnProxyOraclev11g" name="Current Team Parent Name" id="D363FFF7-6628-878B-50A0-A91F6955A3E1">
<createdBy>ro38606</createdBy>
<createdTime>2013-05-07 18:36:20 UTC</createdTime>
<ownerDesignName>NYEC_BPM_Semantic_data_model_diagram</ownerDesignName>
</ColumnProxy>
<ColumnProxy class="oracle.dbtools.crest.model.design.storage.oracle.v11g.ColumnProxyOraclev11g" name="Source Reference Type" id="D526544B-68FF-C618-F4B8-CA73BE41F805">
<createdBy>ro38606</createdBy>
<createdTime>2013-05-07 18:36:20 UTC</createdTime>
<ownerDesignName>NYEC_BPM_Semantic_data_model_diagram</ownerDesignName>
</ColumnProxy>
<ColumnProxy class="oracle.dbtools.crest.model.design.storage.oracle.v11g.ColumnProxyOraclev11g" name="Create Date" id="DAD888D7-4F90-4D47-8417-FBA04F6522EE">
<createdBy>ro38606</createdBy>
<createdTime>2013-05-07 18:36:20 UTC</createdTime>
<ownerDesignName>NYEC_BPM_Semantic_data_model_diagram</ownerDesignName>
</ColumnProxy>
<ColumnProxy class="oracle.dbtools.crest.model.design.storage.oracle.v11g.ColumnProxyOraclev11g" name="Created By Name" id="E49C05E0-292C-D30A-0928-224C6AE96FC6">
<createdBy>ro38606</createdBy>
<createdTime>2013-05-07 18:36:20 UTC</createdTime>
<ownerDesignName>NYEC_BPM_Semantic_data_model_diagram</ownerDesignName>
</ColumnProxy>
<ColumnProxy class="oracle.dbtools.crest.model.design.storage.oracle.v11g.ColumnProxyOraclev11g" name="Unit of Work" id="FAEB5537-8B94-A8CF-2720-1914B10B9556">
<createdBy>ro38606</createdBy>
<createdTime>2013-05-07 18:36:20 UTC</createdTime>
<ownerDesignName>NYEC_BPM_Semantic_data_model_diagram</ownerDesignName>
</ColumnProxy>
<ColumnProxy class="oracle.dbtools.crest.model.design.storage.oracle.v11g.ColumnProxyOraclev11g" name="SLA Target Days" id="FEB684B5-05B3-7447-F4E1-A6614B708FF2">
<createdBy>ro38606</createdBy>
<createdTime>2013-05-07 18:36:20 UTC</createdTime>
<ownerDesignName>NYEC_BPM_Semantic_data_model_diagram</ownerDesignName>
</ColumnProxy>
</columnProxies>
</TableProxyOraclev11g>