<?xml version = '1.0' encoding = 'UTF-8'?>
<TableProxyOraclev11g class="oracle.dbtools.crest.model.design.storage.oracle.v11g.TableProxyOraclev11g" name="D_MW_CURRENT" id="A420DC6C-D09A-C072-5D34-753ED1B56F65" directorySegmentName="seg_0">
<createdBy>ro38606</createdBy>
<createdTime>2013-05-07 16:46:50 UTC</createdTime>
<ownerDesignName>NYEC_BPM_Semantic_data_model_diagram</ownerDesignName>
<logging>YES</logging>
<parallel>YES</parallel>
<partitionedRowMovement>DISABLE</partitionedRowMovement>
<segment>85B89FB1-3F42-0B6D-42FB-89733184C9EE</segment>
<tableSpace>8D282799-0AFE-F2FF-2AEA-CF205662762F</tableSpace>
<columnProxies>
<ColumnProxy class="oracle.dbtools.crest.model.design.storage.oracle.v11g.ColumnProxyOraclev11g" name="Current Forwarded By Name" id="00795AC8-233F-AE39-0EAC-FCBDFAAC29CD">
<createdBy>ro38606</createdBy>
<createdTime>2013-05-07 16:47:02 UTC</createdTime>
<ownerDesignName>NYEC_BPM_Semantic_data_model_diagram</ownerDesignName>
</ColumnProxy>
<ColumnProxy class="oracle.dbtools.crest.model.design.storage.oracle.v11g.ColumnProxyOraclev11g" name="Current Escalated To Name" id="0265140F-6006-07D3-1D5D-0D4B4F2AA8FD">
<createdBy>ro38606</createdBy>
<createdTime>2013-05-07 16:47:02 UTC</createdTime>
<ownerDesignName>NYEC_BPM_Semantic_data_model_diagram</ownerDesignName>
</ColumnProxy>
<ColumnProxy class="oracle.dbtools.crest.model.design.storage.oracle.v11g.ColumnProxyOraclev11g" name="Current Team Name" id="0980FAF3-AD8B-1643-6E78-7F62BD052A88">
<createdBy>ro38606</createdBy>
<createdTime>2013-05-07 16:47:03 UTC</createdTime>
<ownerDesignName>NYEC_BPM_Semantic_data_model_diagram</ownerDesignName>
</ColumnProxy>
<ColumnProxy class="oracle.dbtools.crest.model.design.storage.oracle.v11g.ColumnProxyOraclev11g" name="Timeliness Status" id="0C3B49C7-BA31-60F1-0F60-B2B46D6E9333">
<createdBy>ro38606</createdBy>
<createdTime>2013-05-07 16:47:00 UTC</createdTime>
<ownerDesignName>NYEC_BPM_Semantic_data_model_diagram</ownerDesignName>
</ColumnProxy>
<ColumnProxy class="oracle.dbtools.crest.model.design.storage.oracle.v11g.ColumnProxyOraclev11g" name="Status Age in Business Days" id="30110CF1-D5A5-EF7E-07E4-791B6951E322">
<createdBy>ro38606</createdBy>
<createdTime>2013-05-07 16:47:01 UTC</createdTime>
<ownerDesignName>NYEC_BPM_Semantic_data_model_diagram</ownerDesignName>
</ColumnProxy>
<ColumnProxy class="oracle.dbtools.crest.model.design.storage.oracle.v11g.ColumnProxyOraclev11g" name="MW_BI_ID" id="38625BEA-266C-CEBD-0C43-8C2FBEA67A6F">
<createdBy>ro38606</createdBy>
<createdTime>2013-05-07 16:46:59 UTC</createdTime>
<ownerDesignName>NYEC_BPM_Semantic_data_model_diagram</ownerDesignName>
</ColumnProxy>
<ColumnProxy class="oracle.dbtools.crest.model.design.storage.oracle.v11g.ColumnProxyOraclev11g" name="Create Date" id="3A15239C-751A-E98B-4721-F6E6F64BFE4B">
<createdBy>ro38606</createdBy>
<createdTime>2013-05-07 16:46:59 UTC</createdTime>
<ownerDesignName>NYEC_BPM_Semantic_data_model_diagram</ownerDesignName>
</ColumnProxy>
<ColumnProxy class="oracle.dbtools.crest.model.design.storage.oracle.v11g.ColumnProxyOraclev11g" name="Current Group Parent Name" id="3C4E5758-885B-3F27-ACCD-8F0974017822">
<createdBy>ro38606</createdBy>
<createdTime>2013-05-07 16:47:02 UTC</createdTime>
<ownerDesignName>NYEC_BPM_Semantic_data_model_diagram</ownerDesignName>
</ColumnProxy>
<ColumnProxy class="oracle.dbtools.crest.model.design.storage.oracle.v11g.ColumnProxyOraclev11g" name="Jeopardy Flag" id="4730FA22-3166-E25B-FCD2-953DF650AE9F">
<createdBy>ro38606</createdBy>
<createdTime>2013-05-07 16:47:00 UTC</createdTime>
<ownerDesignName>NYEC_BPM_Semantic_data_model_diagram</ownerDesignName>
</ColumnProxy>
<ColumnProxy class="oracle.dbtools.crest.model.design.storage.oracle.v11g.ColumnProxyOraclev11g" name="Current Last Update Date" id="4786C7F8-D408-8CEF-A51A-740C2F8B0D2C">
<createdBy>ro38606</createdBy>
<createdTime>2013-05-07 16:47:03 UTC</createdTime>
<ownerDesignName>NYEC_BPM_Semantic_data_model_diagram</ownerDesignName>
</ColumnProxy>
<ColumnProxy class="oracle.dbtools.crest.model.design.storage.oracle.v11g.ColumnProxyOraclev11g" name="Status Age in Calendar Days" id="495CAE93-5C8A-F7E8-8AA4-77AD1D896402">
<createdBy>ro38606</createdBy>
<createdTime>2013-05-07 16:47:01 UTC</createdTime>
<ownerDesignName>NYEC_BPM_Semantic_data_model_diagram</ownerDesignName>
</ColumnProxy>
<ColumnProxy class="oracle.dbtools.crest.model.design.storage.oracle.v11g.ColumnProxyOraclev11g" name="Age in Business Days" id="4B261B6A-D9A6-EF2B-2DF6-8319FF8FE85D">
<createdBy>ro38606</createdBy>
<createdTime>2013-05-07 16:46:59 UTC</createdTime>
<ownerDesignName>NYEC_BPM_Semantic_data_model_diagram</ownerDesignName>
</ColumnProxy>
<ColumnProxy class="oracle.dbtools.crest.model.design.storage.oracle.v11g.ColumnProxyOraclev11g" name="Current Last Update By Name" id="5A224F82-03BF-89AD-0799-4F3C7EDEBF60">
<createdBy>ro38606</createdBy>
<createdTime>2013-05-07 16:47:02 UTC</createdTime>
<ownerDesignName>NYEC_BPM_Semantic_data_model_diagram</ownerDesignName>
</ColumnProxy>
<ColumnProxy class="oracle.dbtools.crest.model.design.storage.oracle.v11g.ColumnProxyOraclev11g" name="Complete Flag" id="5C905F5E-A6DE-CD03-F0DF-3367051C7EC7">
<createdBy>ro38606</createdBy>
<createdTime>2013-05-07 16:47:01 UTC</createdTime>
<ownerDesignName>NYEC_BPM_Semantic_data_model_diagram</ownerDesignName>
</ColumnProxy>
<ColumnProxy class="oracle.dbtools.crest.model.design.storage.oracle.v11g.ColumnProxyOraclev11g" name="Cancel Work Flag" id="633EF387-A999-7FB5-37CF-3A843DEA04A2">
<createdBy>ro38606</createdBy>
<createdTime>2013-05-07 16:47:00 UTC</createdTime>
<ownerDesignName>NYEC_BPM_Semantic_data_model_diagram</ownerDesignName>
</ColumnProxy>
<ColumnProxy class="oracle.dbtools.crest.model.design.storage.oracle.v11g.ColumnProxyOraclev11g" name="Current Owner Name" id="69A7F460-DF45-B6A8-047F-49AFFCDBA894">
<createdBy>ro38606</createdBy>
<createdTime>2013-05-07 16:47:03 UTC</createdTime>
<ownerDesignName>NYEC_BPM_Semantic_data_model_diagram</ownerDesignName>
</ColumnProxy>
<ColumnProxy class="oracle.dbtools.crest.model.design.storage.oracle.v11g.ColumnProxyOraclev11g" name="Task ID" id="6F0B3DBC-3266-E8B0-D235-576ABF933972">
<createdBy>ro38606</createdBy>
<createdTime>2013-05-07 16:46:59 UTC</createdTime>
<ownerDesignName>NYEC_BPM_Semantic_data_model_diagram</ownerDesignName>
</ColumnProxy>
<ColumnProxy class="oracle.dbtools.crest.model.design.storage.oracle.v11g.ColumnProxyOraclev11g" name="Current Group Name" id="710564B1-74DA-7526-C0F0-E76EAABD3828">
<createdBy>ro38606</createdBy>
<createdTime>2013-05-07 16:47:02 UTC</createdTime>
<ownerDesignName>NYEC_BPM_Semantic_data_model_diagram</ownerDesignName>
</ColumnProxy>
<ColumnProxy class="oracle.dbtools.crest.model.design.storage.oracle.v11g.ColumnProxyOraclev11g" name="SLA Days Type" id="73A5CB44-F3B7-1E5E-B611-BD7B8DFC189C">
<createdBy>ro38606</createdBy>
<createdTime>2013-05-07 16:47:00 UTC</createdTime>
<ownerDesignName>NYEC_BPM_Semantic_data_model_diagram</ownerDesignName>
</ColumnProxy>
<ColumnProxy class="oracle.dbtools.crest.model.design.storage.oracle.v11g.ColumnProxyOraclev11g" name="Source Reference Type" id="78998C4C-DEBD-5FDC-ECA1-73393B85D2DB">
<createdBy>ro38606</createdBy>
<createdTime>2013-05-07 16:47:01 UTC</createdTime>
<ownerDesignName>NYEC_BPM_Semantic_data_model_diagram</ownerDesignName>
</ColumnProxy>
<ColumnProxy class="oracle.dbtools.crest.model.design.storage.oracle.v11g.ColumnProxyOraclev11g" name="Cancel Work Date" id="7A781DCD-08C0-CC78-D3EA-AEE7AA86E59D">
<createdBy>ro38606</createdBy>
<createdTime>2013-05-07 16:47:00 UTC</createdTime>
<ownerDesignName>NYEC_BPM_Semantic_data_model_diagram</ownerDesignName>
</ColumnProxy>
<ColumnProxy class="oracle.dbtools.crest.model.design.storage.oracle.v11g.ColumnProxyOraclev11g" name="Complete Date" id="804510D9-4906-0D14-3282-275E214B0CBF">
<createdBy>ro38606</createdBy>
<createdTime>2013-05-07 16:46:59 UTC</createdTime>
<ownerDesignName>NYEC_BPM_Semantic_data_model_diagram</ownerDesignName>
</ColumnProxy>
<ColumnProxy class="oracle.dbtools.crest.model.design.storage.oracle.v11g.ColumnProxyOraclev11g" name="Current Task Type" id="91A61AF0-1319-3D25-2230-79A969A8E82E">
<createdBy>ro38606</createdBy>
<createdTime>2013-05-07 16:47:03 UTC</createdTime>
<ownerDesignName>NYEC_BPM_Semantic_data_model_diagram</ownerDesignName>
</ColumnProxy>
<ColumnProxy class="oracle.dbtools.crest.model.design.storage.oracle.v11g.ColumnProxyOraclev11g" name="Age in Calendar Days" id="96E6D978-667D-9E40-8FF9-395AED8927EE">
<createdBy>ro38606</createdBy>
<createdTime>2013-05-07 16:46:59 UTC</createdTime>
<ownerDesignName>NYEC_BPM_Semantic_data_model_diagram</ownerDesignName>
</ColumnProxy>
<ColumnProxy class="oracle.dbtools.crest.model.design.storage.oracle.v11g.ColumnProxyOraclev11g" name="Current Escalated Flag" id="A46BA5A1-BD94-2432-C2DE-8F669A520DB7">
<createdBy>ro38606</createdBy>
<createdTime>2013-05-07 16:47:02 UTC</createdTime>
<ownerDesignName>NYEC_BPM_Semantic_data_model_diagram</ownerDesignName>
</ColumnProxy>
<ColumnProxy class="oracle.dbtools.crest.model.design.storage.oracle.v11g.ColumnProxyOraclev11g" name="Current Forwarded Flag" id="AADF9011-49B6-71CC-BE99-DB6624CFCADD">
<createdBy>ro38606</createdBy>
<createdTime>2013-05-07 16:47:02 UTC</createdTime>
<ownerDesignName>NYEC_BPM_Semantic_data_model_diagram</ownerDesignName>
</ColumnProxy>
<ColumnProxy class="oracle.dbtools.crest.model.design.storage.oracle.v11g.ColumnProxyOraclev11g" name="Current Group Supervisor Name" id="B28E1D3D-CC9C-7C5D-F303-7AF6A61E03FE">
<createdBy>ro38606</createdBy>
<createdTime>2013-05-07 16:47:02 UTC</createdTime>
<ownerDesignName>NYEC_BPM_Semantic_data_model_diagram</ownerDesignName>
</ColumnProxy>
<ColumnProxy class="oracle.dbtools.crest.model.design.storage.oracle.v11g.ColumnProxyOraclev11g" name="Current Status Date" id="B3AFDF95-7DF1-07B0-B294-26E71CAFA569">
<createdBy>ro38606</createdBy>
<createdTime>2013-05-07 16:47:03 UTC</createdTime>
<ownerDesignName>NYEC_BPM_Semantic_data_model_diagram</ownerDesignName>
</ColumnProxy>
<ColumnProxy class="oracle.dbtools.crest.model.design.storage.oracle.v11g.ColumnProxyOraclev11g" name="Source Reference ID" id="C93F5CAC-5E95-BBBC-B68F-72719F87D5E8">
<createdBy>ro38606</createdBy>
<createdTime>2013-05-07 16:47:01 UTC</createdTime>
<ownerDesignName>NYEC_BPM_Semantic_data_model_diagram</ownerDesignName>
</ColumnProxy>
<ColumnProxy class="oracle.dbtools.crest.model.design.storage.oracle.v11g.ColumnProxyOraclev11g" name="Created By Name" id="CCB88805-99A5-042C-C35A-FC893492D610">
<createdBy>ro38606</createdBy>
<createdTime>2013-05-07 16:47:01 UTC</createdTime>
<ownerDesignName>NYEC_BPM_Semantic_data_model_diagram</ownerDesignName>
</ColumnProxy>
<ColumnProxy class="oracle.dbtools.crest.model.design.storage.oracle.v11g.ColumnProxyOraclev11g" name="Current Team Supervisor Name" id="D9A0744A-4081-8BF4-65B5-8C9905D25999">
<createdBy>ro38606</createdBy>
<createdTime>2013-05-07 16:47:03 UTC</createdTime>
<ownerDesignName>NYEC_BPM_Semantic_data_model_diagram</ownerDesignName>
</ColumnProxy>
<ColumnProxy class="oracle.dbtools.crest.model.design.storage.oracle.v11g.ColumnProxyOraclev11g" name="Unit of Work" id="EB4A1F90-7136-F5C1-EDA4-F19E858EFE27">
<createdBy>ro38606</createdBy>
<createdTime>2013-05-07 16:47:01 UTC</createdTime>
<ownerDesignName>NYEC_BPM_Semantic_data_model_diagram</ownerDesignName>
</ColumnProxy>
<ColumnProxy class="oracle.dbtools.crest.model.design.storage.oracle.v11g.ColumnProxyOraclev11g" name="Current Team Parent Name" id="EF354BA9-8F01-15E9-994B-397224F84701">
<createdBy>ro38606</createdBy>
<createdTime>2013-05-07 16:47:03 UTC</createdTime>
<ownerDesignName>NYEC_BPM_Semantic_data_model_diagram</ownerDesignName>
</ColumnProxy>
<ColumnProxy class="oracle.dbtools.crest.model.design.storage.oracle.v11g.ColumnProxyOraclev11g" name="SLA Target Days" id="EFFE45B1-4391-D950-A7F9-7292BDBD5529">
<createdBy>ro38606</createdBy>
<createdTime>2013-05-07 16:47:00 UTC</createdTime>
<ownerDesignName>NYEC_BPM_Semantic_data_model_diagram</ownerDesignName>
</ColumnProxy>
<ColumnProxy class="oracle.dbtools.crest.model.design.storage.oracle.v11g.ColumnProxyOraclev11g" name="SLA Days" id="F2B4116D-17A8-F841-3FE8-EA2BA6E183FE">
<createdBy>ro38606</createdBy>
<createdTime>2013-05-07 16:47:00 UTC</createdTime>
<ownerDesignName>NYEC_BPM_Semantic_data_model_diagram</ownerDesignName>
</ColumnProxy>
<ColumnProxy class="oracle.dbtools.crest.model.design.storage.oracle.v11g.ColumnProxyOraclev11g" name="Current Task Status" id="F3E47BF8-A85E-5B73-6815-5FE25E5B7E25">
<createdBy>ro38606</createdBy>
<createdTime>2013-05-07 16:47:03 UTC</createdTime>
<ownerDesignName>NYEC_BPM_Semantic_data_model_diagram</ownerDesignName>
</ColumnProxy>
<ColumnProxy class="oracle.dbtools.crest.model.design.storage.oracle.v11g.ColumnProxyOraclev11g" name="SLA Jeopardy Days" id="F81E30CF-41D4-F8CB-DE4C-662B992F65AA">
<createdBy>ro38606</createdBy>
<createdTime>2013-05-07 16:47:00 UTC</createdTime>
<ownerDesignName>NYEC_BPM_Semantic_data_model_diagram</ownerDesignName>
</ColumnProxy>
</columnProxies>
<indexProxies>
<IndexProxy class="oracle.dbtools.crest.model.design.storage.oracle.v10g.IndexProxyOraclev10g" name="DMWCUR_UIX1" id="06EBAAAE-E9BF-B56B-36EE-93583320FE9E">
<createdBy>ro38606</createdBy>
<createdTime>2013-05-07 16:48:33 UTC</createdTime>
<ownerDesignName>NYEC_BPM_Semantic_data_model_diagram</ownerDesignName>
<parallel>YES</parallel>
<segment>78328217-4259-22E0-103A-CED2806E4CC5</segment>
<sortedRows>SORTED</sortedRows>
<tableSpace>692AEA5F-C013-5656-A766-3ECFFCBBF6AD</tableSpace>
</IndexProxy>
</indexProxies>
<primaryKeys>
<PrimaryKey class="oracle.dbtools.crest.model.design.storage.oracle.v10g.PKProxyOraclev10g" name="DMWCUR_PK" id="FBCDE2D6-1645-3A2D-7C90-33B62542D981">
<createdBy>ro38606</createdBy>
<createdTime>2013-05-07 16:49:00 UTC</createdTime>
<ownerDesignName>NYEC_BPM_Semantic_data_model_diagram</ownerDesignName>
<sortedRows>SORTED</sortedRows>
<tableSpace>692AEA5F-C013-5656-A766-3ECFFCBBF6AD</tableSpace>
<indexSegment>78328217-4259-22E0-103A-CED2806E4CC5</indexSegment>
<indexSort>SORTED</indexSort>
</PrimaryKey>
</primaryKeys>
</TableProxyOraclev11g>