<?xml version = '1.0' encoding = 'UTF-8'?>
<TableProxyOraclev11g class="oracle.dbtools.crest.model.design.storage.oracle.v11g.TableProxyOraclev11g" name="D_NYEC_PA_CURRENT" id="B8B92C5E-0593-97F3-C927-35FC0B5B617D" directorySegmentName="seg_0">
<createdBy>ro38606</createdBy>
<createdTime>2013-05-10 06:44:20 UTC</createdTime>
<ownerDesignName>NYEC_BPM_Semantic_data_model_diagram</ownerDesignName>
<logging>YES</logging>
<parallel>YES</parallel>
<partitionedRowMovement>DISABLE</partitionedRowMovement>
<segment>0308D552-AF5F-CD15-E8CD-922B0969993A</segment>
<tableSpace>49103D8C-B61A-BBCA-77AA-EF6B9A69D4F7</tableSpace>
<columnProxies>
<ColumnProxy class="oracle.dbtools.crest.model.design.storage.oracle.v11g.ColumnProxyOraclev11g" name="Outcome Letter Type" id="01BD080E-299A-B291-4203-535BB37CD485">
<createdBy>ro38606</createdBy>
<createdTime>2013-05-10 06:44:33 UTC</createdTime>
<ownerDesignName>NYEC_BPM_Semantic_data_model_diagram</ownerDesignName>
</ColumnProxy>
<ColumnProxy class="oracle.dbtools.crest.model.design.storage.oracle.v11g.ColumnProxyOraclev11g" name="Wait State Approval Start Date" id="05614826-18D2-7A40-D127-6E2450C1ECDD">
<createdBy>ro38606</createdBy>
<createdTime>2013-05-10 06:44:29 UTC</createdTime>
<ownerDesignName>NYEC_BPM_Semantic_data_model_diagram</ownerDesignName>
</ColumnProxy>
<ColumnProxy class="oracle.dbtools.crest.model.design.storage.oracle.v11g.ColumnProxyOraclev11g" name="Missing Information Flag" id="061843B2-30B5-8EDA-57EB-69FA35436B1D">
<createdBy>ro38606</createdBy>
<createdTime>2013-05-10 06:44:24 UTC</createdTime>
<ownerDesignName>NYEC_BPM_Semantic_data_model_diagram</ownerDesignName>
</ColumnProxy>
<ColumnProxy class="oracle.dbtools.crest.model.design.storage.oracle.v11g.ColumnProxyOraclev11g" name="Perform Research Flag" id="08378025-F01A-7892-36D8-668B16A6DB53">
<createdBy>ro38606</createdBy>
<createdTime>2013-05-10 06:44:26 UTC</createdTime>
<ownerDesignName>NYEC_BPM_Semantic_data_model_diagram</ownerDesignName>
</ColumnProxy>
<ColumnProxy class="oracle.dbtools.crest.model.design.storage.oracle.v11g.ColumnProxyOraclev11g" name="Complete Date" id="0A3B8D3A-D93D-02C4-7270-81CF399037E8">
<createdBy>ro38606</createdBy>
<createdTime>2013-05-10 06:44:22 UTC</createdTime>
<ownerDesignName>NYEC_BPM_Semantic_data_model_diagram</ownerDesignName>
</ColumnProxy>
<ColumnProxy class="oracle.dbtools.crest.model.design.storage.oracle.v11g.ColumnProxyOraclev11g" name="Cur HEART Incomplete App Ind" id="0CE31FCB-6043-4BBB-02B3-18F2D328D4B3">
<createdBy>ro38606</createdBy>
<createdTime>2013-05-10 06:44:32 UTC</createdTime>
<ownerDesignName>NYEC_BPM_Semantic_data_model_diagram</ownerDesignName>
</ColumnProxy>
<ColumnProxy class="oracle.dbtools.crest.model.design.storage.oracle.v11g.ColumnProxyOraclev11g" name="State Case Identifier" id="0FD82C6A-3842-EB6A-C54F-074C596B864F">
<createdBy>ro38606</createdBy>
<createdTime>2013-05-10 06:44:32 UTC</createdTime>
<ownerDesignName>NYEC_BPM_Semantic_data_model_diagram</ownerDesignName>
</ColumnProxy>
<ColumnProxy class="oracle.dbtools.crest.model.design.storage.oracle.v11g.ColumnProxyOraclev11g" name="Cur Reactivation Indicator" id="12035035-078F-3773-8CB2-21AA5095D42F">
<createdBy>ro38606</createdBy>
<createdTime>2013-05-10 06:44:32 UTC</createdTime>
<ownerDesignName>NYEC_BPM_Semantic_data_model_diagram</ownerDesignName>
</ColumnProxy>
<ColumnProxy class="oracle.dbtools.crest.model.design.storage.oracle.v11g.ColumnProxyOraclev11g" name="Close App Performed By" id="13081673-4741-F808-A251-2BB8BCCC7F56">
<createdBy>ro38606</createdBy>
<createdTime>2013-05-10 06:44:22 UTC</createdTime>
<ownerDesignName>NYEC_BPM_Semantic_data_model_diagram</ownerDesignName>
</ColumnProxy>
<ColumnProxy class="oracle.dbtools.crest.model.design.storage.oracle.v11g.ColumnProxyOraclev11g" name="Perform QC Flag" id="1364C1BD-7204-B519-369E-A01B51D6EFDD">
<createdBy>ro38606</createdBy>
<createdTime>2013-05-10 06:44:25 UTC</createdTime>
<ownerDesignName>NYEC_BPM_Semantic_data_model_diagram</ownerDesignName>
</ColumnProxy>
<ColumnProxy class="oracle.dbtools.crest.model.design.storage.oracle.v11g.ColumnProxyOraclev11g" name="KPR App Cycle Start Date" id="137393AE-3B9C-1D33-131E-9B0213D0CDD1">
<createdBy>ro38606</createdBy>
<createdTime>2013-05-10 06:44:23 UTC</createdTime>
<ownerDesignName>NYEC_BPM_Semantic_data_model_diagram</ownerDesignName>
</ColumnProxy>
<ColumnProxy class="oracle.dbtools.crest.model.design.storage.oracle.v11g.ColumnProxyOraclev11g" name="Research Task ID" id="1607034D-2AEC-02F7-6F5D-5CF80C795EB3">
<createdBy>ro38606</createdBy>
<createdTime>2013-05-10 06:44:27 UTC</createdTime>
<ownerDesignName>NYEC_BPM_Semantic_data_model_diagram</ownerDesignName>
</ColumnProxy>
<ColumnProxy class="oracle.dbtools.crest.model.design.storage.oracle.v11g.ColumnProxyOraclev11g" name="Notify Clnt Pend App Prfrmd By" id="1A56984E-6437-7FD8-26DB-6B7C7436B342">
<createdBy>ro38606</createdBy>
<createdTime>2013-05-10 06:44:24 UTC</createdTime>
<ownerDesignName>NYEC_BPM_Semantic_data_model_diagram</ownerDesignName>
</ColumnProxy>
<ColumnProxy class="oracle.dbtools.crest.model.design.storage.oracle.v11g.ColumnProxyOraclev11g" name="Pend Notification Rqrd Flag" id="1DA9A4B0-82D1-FC01-94AC-D6291DEE81E3">
<createdBy>ro38606</createdBy>
<createdTime>2013-05-10 06:44:25 UTC</createdTime>
<ownerDesignName>NYEC_BPM_Semantic_data_model_diagram</ownerDesignName>
</ColumnProxy>
<ColumnProxy class="oracle.dbtools.crest.model.design.storage.oracle.v11g.ColumnProxyOraclev11g" name="Wait State Approval Flag" id="216CA891-952D-1E6D-D594-565185466DD0">
<createdBy>ro38606</createdBy>
<createdTime>2013-05-10 06:44:29 UTC</createdTime>
<ownerDesignName>NYEC_BPM_Semantic_data_model_diagram</ownerDesignName>
</ColumnProxy>
<ColumnProxy class="oracle.dbtools.crest.model.design.storage.oracle.v11g.ColumnProxyOraclev11g" name="Cur County" id="262C92B8-6339-74DC-8E15-FD992566E704">
<createdBy>ro38606</createdBy>
<createdTime>2013-05-10 06:44:30 UTC</createdTime>
<ownerDesignName>NYEC_BPM_Semantic_data_model_diagram</ownerDesignName>
</ColumnProxy>
<ColumnProxy class="oracle.dbtools.crest.model.design.storage.oracle.v11g.ColumnProxyOraclev11g" name="Reverse Clearance Indictr Date" id="278892EE-0826-483B-FBD1-71BB9B5A409F">
<createdBy>ro38606</createdBy>
<createdTime>2013-05-10 06:44:31 UTC</createdTime>
<ownerDesignName>NYEC_BPM_Semantic_data_model_diagram</ownerDesignName>
</ColumnProxy>
<ColumnProxy class="oracle.dbtools.crest.model.design.storage.oracle.v11g.ColumnProxyOraclev11g" name="Review Enter Data Performed By" id="2C342FDF-0C0A-3D5A-446C-F0F2E157B65F">
<createdBy>ro38606</createdBy>
<createdTime>2013-05-10 06:44:28 UTC</createdTime>
<ownerDesignName>NYEC_BPM_Semantic_data_model_diagram</ownerDesignName>
</ColumnProxy>
<ColumnProxy class="oracle.dbtools.crest.model.design.storage.oracle.v11g.ColumnProxyOraclev11g" name="Cur Receipt Date" id="2D6629F0-C020-D96C-5FB2-A0CA59C60025">
<createdBy>ro38606</createdBy>
<createdTime>2013-05-10 06:44:30 UTC</createdTime>
<ownerDesignName>NYEC_BPM_Semantic_data_model_diagram</ownerDesignName>
</ColumnProxy>
<ColumnProxy class="oracle.dbtools.crest.model.design.storage.oracle.v11g.ColumnProxyOraclev11g" name="Perform QC Date" id="31EBA98C-76DE-9AD7-96DC-F0A349C3610A">
<createdBy>ro38606</createdBy>
<createdTime>2013-05-10 06:44:25 UTC</createdTime>
<ownerDesignName>NYEC_BPM_Semantic_data_model_diagram</ownerDesignName>
</ColumnProxy>
<ColumnProxy class="oracle.dbtools.crest.model.design.storage.oracle.v11g.ColumnProxyOraclev11g" name="CIN Date" id="32668655-95BA-352B-D47E-B378C8BB716D">
<createdBy>ro38606</createdBy>
<createdTime>2013-05-10 06:44:31 UTC</createdTime>
<ownerDesignName>NYEC_BPM_Semantic_data_model_diagram</ownerDesignName>
</ColumnProxy>
<ColumnProxy class="oracle.dbtools.crest.model.design.storage.oracle.v11g.ColumnProxyOraclev11g" name="Age in Business Days" id="34AB1C69-37DF-9A3F-C4F0-0DE0AEB4B6D6">
<createdBy>ro38606</createdBy>
<createdTime>2013-05-10 06:44:21 UTC</createdTime>
<ownerDesignName>NYEC_BPM_Semantic_data_model_diagram</ownerDesignName>
</ColumnProxy>
<ColumnProxy class="oracle.dbtools.crest.model.design.storage.oracle.v11g.ColumnProxyOraclev11g" name="Cur Mode Code" id="3700AF51-FEC8-F910-8E51-99EDD8C5ABF6">
<createdBy>ro38606</createdBy>
<createdTime>2013-05-10 06:44:33 UTC</createdTime>
<ownerDesignName>NYEC_BPM_Semantic_data_model_diagram</ownerDesignName>
</ColumnProxy>
<ColumnProxy class="oracle.dbtools.crest.model.design.storage.oracle.v11g.ColumnProxyOraclev11g" name="CUR_REVERSE_CLEARANCE_REASON" id="3748EAF9-5C91-778F-2ED8-627A16EE2D41">
<createdBy>ro38606</createdBy>
<createdTime>2013-05-10 06:44:36 UTC</createdTime>
<ownerDesignName>NYEC_BPM_Semantic_data_model_diagram</ownerDesignName>
</ColumnProxy>
<ColumnProxy class="oracle.dbtools.crest.model.design.storage.oracle.v11g.ColumnProxyOraclev11g" name="Cur Reactivation Date" id="374BB0D6-CE25-499B-FD22-6D8C9A4D2EA0">
<createdBy>ro38606</createdBy>
<createdTime>2013-05-10 06:44:32 UTC</createdTime>
<ownerDesignName>NYEC_BPM_Semantic_data_model_diagram</ownerDesignName>
</ColumnProxy>
<ColumnProxy class="oracle.dbtools.crest.model.design.storage.oracle.v11g.ColumnProxyOraclev11g" name="Complete App Flag" id="37B97724-96D1-6874-93E1-951FA6318652">
<createdBy>ro38606</createdBy>
<createdTime>2013-05-10 06:44:22 UTC</createdTime>
<ownerDesignName>NYEC_BPM_Semantic_data_model_diagram</ownerDesignName>
</ColumnProxy>
<ColumnProxy class="oracle.dbtools.crest.model.design.storage.oracle.v11g.ColumnProxyOraclev11g" name="Reverse Clearance Indictr" id="39CE98B8-E87A-59BE-9797-92DC5631AE76">
<createdBy>ro38606</createdBy>
<createdTime>2013-05-10 06:44:31 UTC</createdTime>
<ownerDesignName>NYEC_BPM_Semantic_data_model_diagram</ownerDesignName>
</ColumnProxy>
<ColumnProxy class="oracle.dbtools.crest.model.design.storage.oracle.v11g.ColumnProxyOraclev11g" name="NYEC_PA_BI_ID" id="3A9D07DD-65E9-E832-5EAE-E92B7503BAA9">
<createdBy>ro38606</createdBy>
<createdTime>2013-05-10 06:44:20 UTC</createdTime>
<ownerDesignName>NYEC_BPM_Semantic_data_model_diagram</ownerDesignName>
</ColumnProxy>
<ColumnProxy class="oracle.dbtools.crest.model.design.storage.oracle.v11g.ColumnProxyOraclev11g" name="Application ID" id="3B587989-87D8-390A-609D-2CDD7F9AC116">
<createdBy>ro38606</createdBy>
<createdTime>2013-05-10 06:44:21 UTC</createdTime>
<ownerDesignName>NYEC_BPM_Semantic_data_model_diagram</ownerDesignName>
</ColumnProxy>
<ColumnProxy class="oracle.dbtools.crest.model.design.storage.oracle.v11g.ColumnProxyOraclev11g" name="APPLICANT_ID" id="3D3FB7AF-B2AC-980E-7EDB-26BE463646EC">
<createdBy>ro38606</createdBy>
<createdTime>2013-05-10 06:44:35 UTC</createdTime>
<ownerDesignName>NYEC_BPM_Semantic_data_model_diagram</ownerDesignName>
</ColumnProxy>
<ColumnProxy class="oracle.dbtools.crest.model.design.storage.oracle.v11g.ColumnProxyOraclev11g" name="Research Reason" id="3FCDCE93-DA73-EA4A-85B9-A4EF3108ABC4">
<createdBy>ro38606</createdBy>
<createdTime>2013-05-10 06:44:27 UTC</createdTime>
<ownerDesignName>NYEC_BPM_Semantic_data_model_diagram</ownerDesignName>
</ColumnProxy>
<ColumnProxy class="oracle.dbtools.crest.model.design.storage.oracle.v11g.ColumnProxyOraclev11g" name="Timeliness Status" id="41583006-B6B1-4092-A555-6A2FC06C9BBE">
<createdBy>ro38606</createdBy>
<createdTime>2013-05-10 06:44:29 UTC</createdTime>
<ownerDesignName>NYEC_BPM_Semantic_data_model_diagram</ownerDesignName>
</ColumnProxy>
<ColumnProxy class="oracle.dbtools.crest.model.design.storage.oracle.v11g.ColumnProxyOraclev11g" name="Outcome Letter ID" id="44C72A68-DD1E-1058-9E00-88C712A94CB0">
<createdBy>ro38606</createdBy>
<createdTime>2013-05-10 06:44:33 UTC</createdTime>
<ownerDesignName>NYEC_BPM_Semantic_data_model_diagram</ownerDesignName>
</ColumnProxy>
<ColumnProxy class="oracle.dbtools.crest.model.design.storage.oracle.v11g.ColumnProxyOraclev11g" name="Cur Mode Label" id="484F1A7D-7C32-C5A2-6409-9EC3DF28EF5C">
<createdBy>ro38606</createdBy>
<createdTime>2013-05-10 06:44:33 UTC</createdTime>
<ownerDesignName>NYEC_BPM_Semantic_data_model_diagram</ownerDesignName>
</ColumnProxy>
<ColumnProxy class="oracle.dbtools.crest.model.design.storage.oracle.v11g.ColumnProxyOraclev11g" name="Review Enter Data Start Date" id="48817F59-4C73-7519-9480-073B5F4CBDA2">
<createdBy>ro38606</createdBy>
<createdTime>2013-05-10 06:44:28 UTC</createdTime>
<ownerDesignName>NYEC_BPM_Semantic_data_model_diagram</ownerDesignName>
</ColumnProxy>
<ColumnProxy class="oracle.dbtools.crest.model.design.storage.oracle.v11g.ColumnProxyOraclev11g" name="Upstate/Downstate Indictr" id="497A3D12-102A-0B89-7DD0-AE9CB4195381">
<createdBy>ro38606</createdBy>
<createdTime>2013-05-10 06:44:31 UTC</createdTime>
<ownerDesignName>NYEC_BPM_Semantic_data_model_diagram</ownerDesignName>
</ColumnProxy>
<ColumnProxy class="oracle.dbtools.crest.model.design.storage.oracle.v11g.ColumnProxyOraclev11g" name="Perform Research Start Date" id="49CE6ABA-F9A1-2F92-106C-39EC06E2594E">
<createdBy>ro38606</createdBy>
<createdTime>2013-05-10 06:44:26 UTC</createdTime>
<ownerDesignName>NYEC_BPM_Semantic_data_model_diagram</ownerDesignName>
</ColumnProxy>
<ColumnProxy class="oracle.dbtools.crest.model.design.storage.oracle.v11g.ColumnProxyOraclev11g" name="QC_REGISTRATION_TASK_ID" id="49E4500B-E5CA-CB94-58B0-83BFC21B9F5B">
<createdBy>ro38606</createdBy>
<createdTime>2013-05-10 06:44:35 UTC</createdTime>
<ownerDesignName>NYEC_BPM_Semantic_data_model_diagram</ownerDesignName>
</ColumnProxy>
<ColumnProxy class="oracle.dbtools.crest.model.design.storage.oracle.v11g.ColumnProxyOraclev11g" name="Perform Research Date" id="4B2CACAC-E1C6-E598-4730-29DDC4163FF2">
<createdBy>ro38606</createdBy>
<createdTime>2013-05-10 06:44:25 UTC</createdTime>
<ownerDesignName>NYEC_BPM_Semantic_data_model_diagram</ownerDesignName>
</ColumnProxy>
<ColumnProxy class="oracle.dbtools.crest.model.design.storage.oracle.v11g.ColumnProxyOraclev11g" name="KPR App Cycle Calendar Days" id="4CFBA3A7-2402-59E2-ED05-D209BC4C376F">
<createdBy>ro38606</createdBy>
<createdTime>2013-05-10 06:44:23 UTC</createdTime>
<ownerDesignName>NYEC_BPM_Semantic_data_model_diagram</ownerDesignName>
</ColumnProxy>
<ColumnProxy class="oracle.dbtools.crest.model.design.storage.oracle.v11g.ColumnProxyOraclev11g" name="Review Enter Data Date" id="4D29D1DC-9A40-C51B-1EDE-83EF15295C86">
<createdBy>ro38606</createdBy>
<createdTime>2013-05-10 06:44:27 UTC</createdTime>
<ownerDesignName>NYEC_BPM_Semantic_data_model_diagram</ownerDesignName>
</ColumnProxy>
<ColumnProxy class="oracle.dbtools.crest.model.design.storage.oracle.v11g.ColumnProxyOraclev11g" name="KPR App Cycle End Date" id="518DCC64-FC37-B60F-4ABE-567BF00EB213">
<createdBy>ro38606</createdBy>
<createdTime>2013-05-10 06:44:23 UTC</createdTime>
<ownerDesignName>NYEC_BPM_Semantic_data_model_diagram</ownerDesignName>
</ColumnProxy>
<ColumnProxy class="oracle.dbtools.crest.model.design.storage.oracle.v11g.ColumnProxyOraclev11g" name="Process App Info Date" id="523827E7-D633-7447-DD2B-CBB554C40A97">
<createdBy>ro38606</createdBy>
<createdTime>2013-05-10 06:44:26 UTC</createdTime>
<ownerDesignName>NYEC_BPM_Semantic_data_model_diagram</ownerDesignName>
</ColumnProxy>
<ColumnProxy class="oracle.dbtools.crest.model.design.storage.oracle.v11g.ColumnProxyOraclev11g" name="Cur App Status Group" id="527DB844-E204-9D47-1D2F-27577E522E15">
<createdBy>ro38606</createdBy>
<createdTime>2013-05-10 06:44:30 UTC</createdTime>
<ownerDesignName>NYEC_BPM_Semantic_data_model_diagram</ownerDesignName>
</ColumnProxy>
<ColumnProxy class="oracle.dbtools.crest.model.design.storage.oracle.v11g.ColumnProxyOraclev11g" name="NUMBER_OF_APPLICANTS" id="53FDBCB1-6EC0-0ED2-401B-DB2C4C4A3D30">
<createdBy>ro38606</createdBy>
<createdTime>2013-05-10 06:44:36 UTC</createdTime>
<ownerDesignName>NYEC_BPM_Semantic_data_model_diagram</ownerDesignName>
<defaultValue>0</defaultValue>
</ColumnProxy>
<ColumnProxy class="oracle.dbtools.crest.model.design.storage.oracle.v11g.ColumnProxyOraclev11g" name="Outcome Letter Create Date" id="56C7F392-2082-BBF1-6423-D502E2278069">
<createdBy>ro38606</createdBy>
<createdTime>2013-05-10 06:44:34 UTC</createdTime>
<ownerDesignName>NYEC_BPM_Semantic_data_model_diagram</ownerDesignName>
</ColumnProxy>
<ColumnProxy class="oracle.dbtools.crest.model.design.storage.oracle.v11g.ColumnProxyOraclev11g" name="QC Required Flag" id="5AEA3312-5221-8169-2EA0-5FBC711B77A7">
<createdBy>ro38606</createdBy>
<createdTime>2013-05-10 06:44:27 UTC</createdTime>
<ownerDesignName>NYEC_BPM_Semantic_data_model_diagram</ownerDesignName>
</ColumnProxy>
<ColumnProxy class="oracle.dbtools.crest.model.design.storage.oracle.v11g.ColumnProxyOraclev11g" name="Cancel App Flag" id="5DCF31D0-C3C8-A13F-4D07-E0EA8C6FE94A">
<createdBy>ro38606</createdBy>
<createdTime>2013-05-10 06:44:21 UTC</createdTime>
<ownerDesignName>NYEC_BPM_Semantic_data_model_diagram</ownerDesignName>
</ColumnProxy>
<ColumnProxy class="oracle.dbtools.crest.model.design.storage.oracle.v11g.ColumnProxyOraclev11g" name="REGISTRATION_TASK_ID" id="5F9A6925-099B-7A21-7459-DF6054810D41">
<createdBy>ro38606</createdBy>
<createdTime>2013-05-10 06:44:35 UTC</createdTime>
<ownerDesignName>NYEC_BPM_Semantic_data_model_diagram</ownerDesignName>
</ColumnProxy>
<ColumnProxy class="oracle.dbtools.crest.model.design.storage.oracle.v11g.ColumnProxyOraclev11g" name="Cur Reactivated By" id="60752E5B-6AC9-57E2-F843-10A07A91F637">
<createdBy>ro38606</createdBy>
<createdTime>2013-05-10 06:44:33 UTC</createdTime>
<ownerDesignName>NYEC_BPM_Semantic_data_model_diagram</ownerDesignName>
</ColumnProxy>
<ColumnProxy class="oracle.dbtools.crest.model.design.storage.oracle.v11g.ColumnProxyOraclev11g" name="REG_AND_ENTER_DATA_START_DATE" id="63588E58-01B5-7663-A452-70DDA1F37BEF">
<createdBy>ro38606</createdBy>
<createdTime>2013-05-10 06:44:36 UTC</createdTime>
<ownerDesignName>NYEC_BPM_Semantic_data_model_diagram</ownerDesignName>
</ColumnProxy>
<ColumnProxy class="oracle.dbtools.crest.model.design.storage.oracle.v11g.ColumnProxyOraclev11g" name="CUR_WMS_REASON" id="67A2B84F-18CD-8D48-FECB-02C79F827A8F">
<createdBy>ro38606</createdBy>
<createdTime>2013-05-10 06:44:34 UTC</createdTime>
<ownerDesignName>NYEC_BPM_Semantic_data_model_diagram</ownerDesignName>
</ColumnProxy>
<ColumnProxy class="oracle.dbtools.crest.model.design.storage.oracle.v11g.ColumnProxyOraclev11g" name="Reverse Clearance Outcome" id="6BA442A1-3854-2D8B-7661-EC33A3F6FC8C">
<createdBy>ro38606</createdBy>
<createdTime>2013-05-10 06:44:31 UTC</createdTime>
<ownerDesignName>NYEC_BPM_Semantic_data_model_diagram</ownerDesignName>
</ColumnProxy>
<ColumnProxy class="oracle.dbtools.crest.model.design.storage.oracle.v11g.ColumnProxyOraclev11g" name="Current Task ID" id="6F7D1DFC-747C-FE4D-8780-74D6AB6F4963">
<createdBy>ro38606</createdBy>
<createdTime>2013-05-10 06:44:23 UTC</createdTime>
<ownerDesignName>NYEC_BPM_Semantic_data_model_diagram</ownerDesignName>
</ColumnProxy>
<ColumnProxy class="oracle.dbtools.crest.model.design.storage.oracle.v11g.ColumnProxyOraclev11g" name="Cur CIN" id="710D3326-9F74-EEA7-D565-544C89B7AF0D">
<createdBy>ro38606</createdBy>
<createdTime>2013-05-10 06:44:30 UTC</createdTime>
<ownerDesignName>NYEC_BPM_Semantic_data_model_diagram</ownerDesignName>
</ColumnProxy>
<ColumnProxy class="oracle.dbtools.crest.model.design.storage.oracle.v11g.ColumnProxyOraclev11g" name="Invoiceable Date" id="7874C52C-9003-BC1C-28FF-0D8F84539EED">
<createdBy>ro38606</createdBy>
<createdTime>2013-05-10 06:44:31 UTC</createdTime>
<ownerDesignName>NYEC_BPM_Semantic_data_model_diagram</ownerDesignName>
</ColumnProxy>
<ColumnProxy class="oracle.dbtools.crest.model.design.storage.oracle.v11g.ColumnProxyOraclev11g" name="SLA Target Days" id="789B50AC-47E4-32E4-BBDF-2F710829E7DD">
<createdBy>ro38606</createdBy>
<createdTime>2013-05-10 06:44:29 UTC</createdTime>
<ownerDesignName>NYEC_BPM_Semantic_data_model_diagram</ownerDesignName>
</ColumnProxy>
<ColumnProxy class="oracle.dbtools.crest.model.design.storage.oracle.v11g.ColumnProxyOraclev11g" name="Application Type" id="791B3767-365F-B28C-1F42-09E48DA96654">
<createdBy>ro38606</createdBy>
<createdTime>2013-05-10 06:44:21 UTC</createdTime>
<ownerDesignName>NYEC_BPM_Semantic_data_model_diagram</ownerDesignName>
</ColumnProxy>
<ColumnProxy class="oracle.dbtools.crest.model.design.storage.oracle.v11g.ColumnProxyOraclev11g" name="Cur FPBP Sub-type" id="7C3B5646-6BEF-0268-F770-97F469A9BE21">
<createdBy>ro38606</createdBy>
<createdTime>2013-05-10 06:44:31 UTC</createdTime>
<ownerDesignName>NYEC_BPM_Semantic_data_model_diagram</ownerDesignName>
</ColumnProxy>
<ColumnProxy class="oracle.dbtools.crest.model.design.storage.oracle.v11g.ColumnProxyOraclev11g" name="Perform Research Performed By" id="7E5EB97D-7590-3161-BE7D-3BCCE497C3BD">
<createdBy>ro38606</createdBy>
<createdTime>2013-05-10 06:44:26 UTC</createdTime>
<ownerDesignName>NYEC_BPM_Semantic_data_model_diagram</ownerDesignName>
</ColumnProxy>
<ColumnProxy class="oracle.dbtools.crest.model.design.storage.oracle.v11g.ColumnProxyOraclev11g" name="Outcome Letter Send Date" id="7EE779F1-3152-35EA-500A-7F378EC83106">
<createdBy>ro38606</createdBy>
<createdTime>2013-05-10 06:44:34 UTC</createdTime>
<ownerDesignName>NYEC_BPM_Semantic_data_model_diagram</ownerDesignName>
</ColumnProxy>
<ColumnProxy class="oracle.dbtools.crest.model.design.storage.oracle.v11g.ColumnProxyOraclev11g" name="State Review Task Count" id="85D935D3-DA3A-AA1E-6D9B-0728FD93404F">
<createdBy>ro38606</createdBy>
<createdTime>2013-05-10 06:44:29 UTC</createdTime>
<ownerDesignName>NYEC_BPM_Semantic_data_model_diagram</ownerDesignName>
</ColumnProxy>
<ColumnProxy class="oracle.dbtools.crest.model.design.storage.oracle.v11g.ColumnProxyOraclev11g" name="Cur QC Indicator" id="87FCFAC8-5715-174D-7E46-D882B5E5B8A3">
<createdBy>ro38606</createdBy>
<createdTime>2013-05-10 06:44:34 UTC</createdTime>
<ownerDesignName>NYEC_BPM_Semantic_data_model_diagram</ownerDesignName>
</ColumnProxy>
<ColumnProxy class="oracle.dbtools.crest.model.design.storage.oracle.v11g.ColumnProxyOraclev11g" name="Cancel App Performed By" id="8A1D788C-35B2-B5A2-96C0-7C84D4010CCE">
<createdBy>ro38606</createdBy>
<createdTime>2013-05-10 06:44:21 UTC</createdTime>
<ownerDesignName>NYEC_BPM_Semantic_data_model_diagram</ownerDesignName>
</ColumnProxy>
<ColumnProxy class="oracle.dbtools.crest.model.design.storage.oracle.v11g.ColumnProxyOraclev11g" name="Auto Reprocess Flag" id="8C029B5B-2003-C42A-57A4-B634927BED4E">
<createdBy>ro38606</createdBy>
<createdTime>2013-05-10 06:44:21 UTC</createdTime>
<ownerDesignName>NYEC_BPM_Semantic_data_model_diagram</ownerDesignName>
</ColumnProxy>
<ColumnProxy class="oracle.dbtools.crest.model.design.storage.oracle.v11g.ColumnProxyOraclev11g" name="App Age in Calendar Days" id="8DC66575-B7C2-806A-B4FE-CAF2006B9702">
<createdBy>ro38606</createdBy>
<createdTime>2013-05-10 06:44:32 UTC</createdTime>
<ownerDesignName>NYEC_BPM_Semantic_data_model_diagram</ownerDesignName>
</ColumnProxy>
<ColumnProxy class="oracle.dbtools.crest.model.design.storage.oracle.v11g.ColumnProxyOraclev11g" name="Receive and Process MI Flag" id="8FA9A081-12A2-531A-B232-CB0CF99AE1F5">
<createdBy>ro38606</createdBy>
<createdTime>2013-05-10 06:44:27 UTC</createdTime>
<ownerDesignName>NYEC_BPM_Semantic_data_model_diagram</ownerDesignName>
</ColumnProxy>
<ColumnProxy class="oracle.dbtools.crest.model.design.storage.oracle.v11g.ColumnProxyOraclev11g" name="SLA Jeopardy Date" id="905CF574-D7DA-2472-26C9-683FE5B79DA4">
<createdBy>ro38606</createdBy>
<createdTime>2013-05-10 06:44:28 UTC</createdTime>
<ownerDesignName>NYEC_BPM_Semantic_data_model_diagram</ownerDesignName>
</ColumnProxy>
<ColumnProxy class="oracle.dbtools.crest.model.design.storage.oracle.v11g.ColumnProxyOraclev11g" name="PROVIDER_ID" id="927C2C30-9EE6-9B78-D7D0-F143C538ED7A">
<createdBy>ro38606</createdBy>
<createdTime>2013-05-10 06:44:35 UTC</createdTime>
<ownerDesignName>NYEC_BPM_Semantic_data_model_diagram</ownerDesignName>
</ColumnProxy>
<ColumnProxy class="oracle.dbtools.crest.model.design.storage.oracle.v11g.ColumnProxyOraclev11g" name="SLA Days Type" id="92D16440-5BEB-8130-E7B0-ECAA0EB28074">
<createdBy>ro38606</createdBy>
<createdTime>2013-05-10 06:44:28 UTC</createdTime>
<ownerDesignName>NYEC_BPM_Semantic_data_model_diagram</ownerDesignName>
</ColumnProxy>
<ColumnProxy class="oracle.dbtools.crest.model.design.storage.oracle.v11g.ColumnProxyOraclev11g" name="Cur HEART Synch Flag" id="94EC8487-C7C7-62F4-DFCC-15E5B236D065">
<createdBy>ro38606</createdBy>
<createdTime>2013-05-10 06:44:30 UTC</createdTime>
<ownerDesignName>NYEC_BPM_Semantic_data_model_diagram</ownerDesignName>
</ColumnProxy>
<ColumnProxy class="oracle.dbtools.crest.model.design.storage.oracle.v11g.ColumnProxyOraclev11g" name="Wait State Approval Prfrmd By" id="9505DE79-6D3F-D6BD-6097-F922304DFD3A">
<createdBy>ro38606</createdBy>
<createdTime>2013-05-10 06:44:29 UTC</createdTime>
<ownerDesignName>NYEC_BPM_Semantic_data_model_diagram</ownerDesignName>
</ColumnProxy>
<ColumnProxy class="oracle.dbtools.crest.model.design.storage.oracle.v11g.ColumnProxyOraclev11g" name="MI Received Task Count" id="9652C552-FA32-B71C-5E41-1DDEEF1DCF64">
<createdBy>ro38606</createdBy>
<createdTime>2013-05-10 06:44:24 UTC</createdTime>
<ownerDesignName>NYEC_BPM_Semantic_data_model_diagram</ownerDesignName>
</ColumnProxy>
<ColumnProxy class="oracle.dbtools.crest.model.design.storage.oracle.v11g.ColumnProxyOraclev11g" name="KPR App Cycle Business Days" id="96D10B93-D5DD-7951-FA81-9A4D423A26A4">
<createdBy>ro38606</createdBy>
<createdTime>2013-05-10 06:44:23 UTC</createdTime>
<ownerDesignName>NYEC_BPM_Semantic_data_model_diagram</ownerDesignName>
</ColumnProxy>
<ColumnProxy class="oracle.dbtools.crest.model.design.storage.oracle.v11g.ColumnProxyOraclev11g" name="Process App Info Performed By" id="989E78F0-C8A9-AFA6-6C6A-D229922FAC54">
<createdBy>ro38606</createdBy>
<createdTime>2013-05-10 06:44:26 UTC</createdTime>
<ownerDesignName>NYEC_BPM_Semantic_data_model_diagram</ownerDesignName>
</ColumnProxy>
<ColumnProxy class="oracle.dbtools.crest.model.design.storage.oracle.v11g.ColumnProxyOraclev11g" name="PERFORM_QC_REG_PERFORMED_BY" id="9960DB3D-0CC8-D0C7-8A04-A9082CBD0B6E">
<createdBy>ro38606</createdBy>
<createdTime>2013-05-10 06:44:35 UTC</createdTime>
<ownerDesignName>NYEC_BPM_Semantic_data_model_diagram</ownerDesignName>
</ColumnProxy>
<ColumnProxy class="oracle.dbtools.crest.model.design.storage.oracle.v11g.ColumnProxyOraclev11g" name="REG_AND_ENTER_DATA_PERFORM_BY" id="999143EB-6A01-2DC7-E9C7-B470E099437D">
<createdBy>ro38606</createdBy>
<createdTime>2013-05-10 06:44:35 UTC</createdTime>
<ownerDesignName>NYEC_BPM_Semantic_data_model_diagram</ownerDesignName>
</ColumnProxy>
<ColumnProxy class="oracle.dbtools.crest.model.design.storage.oracle.v11g.ColumnProxyOraclev11g" name="Notify Clnt Pend App Date" id="99D5B3BC-72CE-F8F3-205B-D93F289DC8AB">
<createdBy>ro38606</createdBy>
<createdTime>2013-05-10 06:44:24 UTC</createdTime>
<ownerDesignName>NYEC_BPM_Semantic_data_model_diagram</ownerDesignName>
</ColumnProxy>
<ColumnProxy class="oracle.dbtools.crest.model.design.storage.oracle.v11g.ColumnProxyOraclev11g" name="App Complete Result" id="A19D216D-0EF5-D9B2-56A5-B4ADEFBC3A31">
<createdBy>ro38606</createdBy>
<createdTime>2013-05-10 06:44:21 UTC</createdTime>
<ownerDesignName>NYEC_BPM_Semantic_data_model_diagram</ownerDesignName>
</ColumnProxy>
<ColumnProxy class="oracle.dbtools.crest.model.design.storage.oracle.v11g.ColumnProxyOraclev11g" name="Close App Flag" id="A215BEE0-5E5F-AE83-0F29-72D13610A446">
<createdBy>ro38606</createdBy>
<createdTime>2013-05-10 06:44:22 UTC</createdTime>
<ownerDesignName>NYEC_BPM_Semantic_data_model_diagram</ownerDesignName>
</ColumnProxy>
<ColumnProxy class="oracle.dbtools.crest.model.design.storage.oracle.v11g.ColumnProxyOraclev11g" name="Create Date" id="A4B06A08-8527-04EF-8671-562CAC3EFC0C">
<createdBy>ro38606</createdBy>
<createdTime>2013-05-10 06:44:22 UTC</createdTime>
<ownerDesignName>NYEC_BPM_Semantic_data_model_diagram</ownerDesignName>
</ColumnProxy>
<ColumnProxy class="oracle.dbtools.crest.model.design.storage.oracle.v11g.ColumnProxyOraclev11g" name="Cur Stop Application Reason" id="A4C55EB1-8A35-15D0-CBF7-0975CD89B4E1">
<createdBy>ro38606</createdBy>
<createdTime>2013-05-10 06:44:34 UTC</createdTime>
<ownerDesignName>NYEC_BPM_Semantic_data_model_diagram</ownerDesignName>
</ColumnProxy>
<ColumnProxy class="oracle.dbtools.crest.model.design.storage.oracle.v11g.ColumnProxyOraclev11g" name="Perform QC Start Date" id="A6BFD341-BE9E-F9B2-3446-992F93A19657">
<createdBy>ro38606</createdBy>
<createdTime>2013-05-10 06:44:25 UTC</createdTime>
<ownerDesignName>NYEC_BPM_Semantic_data_model_diagram</ownerDesignName>
</ColumnProxy>
<ColumnProxy class="oracle.dbtools.crest.model.design.storage.oracle.v11g.ColumnProxyOraclev11g" name="Days To Timeout" id="A7D2A9D6-401F-5706-1AE1-E60655CFAE9D">
<createdBy>ro38606</createdBy>
<createdTime>2013-05-10 06:44:32 UTC</createdTime>
<ownerDesignName>NYEC_BPM_Semantic_data_model_diagram</ownerDesignName>
</ColumnProxy>
<ColumnProxy class="oracle.dbtools.crest.model.design.storage.oracle.v11g.ColumnProxyOraclev11g" name="Cur Workflow Reactivation Ind" id="A7F89274-7CCA-CC9F-8099-A51A873A6396">
<createdBy>ro38606</createdBy>
<createdTime>2013-05-10 06:44:34 UTC</createdTime>
<ownerDesignName>NYEC_BPM_Semantic_data_model_diagram</ownerDesignName>
</ColumnProxy>
<ColumnProxy class="oracle.dbtools.crest.model.design.storage.oracle.v11g.ColumnProxyOraclev11g" name="Complete App Performed By" id="A9A3016A-BDCF-21E8-E441-60EE7B19545C">
<createdBy>ro38606</createdBy>
<createdTime>2013-05-10 06:44:22 UTC</createdTime>
<ownerDesignName>NYEC_BPM_Semantic_data_model_diagram</ownerDesignName>
</ColumnProxy>
<ColumnProxy class="oracle.dbtools.crest.model.design.storage.oracle.v11g.ColumnProxyOraclev11g" name="Review Enter Data Flag" id="AA91B986-1396-0C5F-3312-8A486BCE7C82">
<createdBy>ro38606</createdBy>
<createdTime>2013-05-10 06:44:28 UTC</createdTime>
<ownerDesignName>NYEC_BPM_Semantic_data_model_diagram</ownerDesignName>
</ColumnProxy>
<ColumnProxy class="oracle.dbtools.crest.model.design.storage.oracle.v11g.ColumnProxyOraclev11g" name="QC Outcome Flag" id="AC5F6265-3B00-BEC4-3BF8-A7FCF0DBA574">
<createdBy>ro38606</createdBy>
<createdTime>2013-05-10 06:44:26 UTC</createdTime>
<ownerDesignName>NYEC_BPM_Semantic_data_model_diagram</ownerDesignName>
</ColumnProxy>
<ColumnProxy class="oracle.dbtools.crest.model.design.storage.oracle.v11g.ColumnProxyOraclev11g" name="Eligibility Action" id="AE5A5CA5-0EF6-7627-F80E-E4C681C78FAD">
<createdBy>ro38606</createdBy>
<createdTime>2013-05-10 06:44:23 UTC</createdTime>
<ownerDesignName>NYEC_BPM_Semantic_data_model_diagram</ownerDesignName>
</ColumnProxy>
<ColumnProxy class="oracle.dbtools.crest.model.design.storage.oracle.v11g.ColumnProxyOraclev11g" name="Cur HEART App Status" id="AEF04984-5DF2-9B52-0DEC-DF33B3619691">
<createdBy>ro38606</createdBy>
<createdTime>2013-05-10 06:44:30 UTC</createdTime>
<ownerDesignName>NYEC_BPM_Semantic_data_model_diagram</ownerDesignName>
</ColumnProxy>
<ColumnProxy class="oracle.dbtools.crest.model.design.storage.oracle.v11g.ColumnProxyOraclev11g" name="State Review Task ID" id="B3FC0042-36E7-E9D8-A011-FB8B2AC236CD">
<createdBy>ro38606</createdBy>
<createdTime>2013-05-10 06:44:29 UTC</createdTime>
<ownerDesignName>NYEC_BPM_Semantic_data_model_diagram</ownerDesignName>
</ColumnProxy>
<ColumnProxy class="oracle.dbtools.crest.model.design.storage.oracle.v11g.ColumnProxyOraclev11g" name="Provider Name" id="B4537413-28D5-3624-E369-C15FF6E04A94">
<createdBy>ro38606</createdBy>
<createdTime>2013-05-10 06:44:31 UTC</createdTime>
<ownerDesignName>NYEC_BPM_Semantic_data_model_diagram</ownerDesignName>
</ColumnProxy>
<ColumnProxy class="oracle.dbtools.crest.model.design.storage.oracle.v11g.ColumnProxyOraclev11g" name="Last Mail Date" id="B707711D-5EDC-FD70-31DE-A6CEB77A2B98">
<createdBy>ro38606</createdBy>
<createdTime>2013-05-10 06:44:24 UTC</createdTime>
<ownerDesignName>NYEC_BPM_Semantic_data_model_diagram</ownerDesignName>
</ColumnProxy>
<ColumnProxy class="oracle.dbtools.crest.model.design.storage.oracle.v11g.ColumnProxyOraclev11g" name="Cur App Status" id="B8D62761-207B-3137-FF56-1537B11A1712">
<createdBy>ro38606</createdBy>
<createdTime>2013-05-10 06:44:30 UTC</createdTime>
<ownerDesignName>NYEC_BPM_Semantic_data_model_diagram</ownerDesignName>
</ColumnProxy>
<ColumnProxy class="oracle.dbtools.crest.model.design.storage.oracle.v11g.ColumnProxyOraclev11g" name="Cur HEART Case Status" id="B9E2D956-A39E-6302-D9B5-9DE29D91F26F">
<createdBy>ro38606</createdBy>
<createdTime>2013-05-10 06:44:32 UTC</createdTime>
<ownerDesignName>NYEC_BPM_Semantic_data_model_diagram</ownerDesignName>
</ColumnProxy>
<ColumnProxy class="oracle.dbtools.crest.model.design.storage.oracle.v11g.ColumnProxyOraclev11g" name="CUR_MA_REASON" id="BEEF78C1-86A3-C815-C8C6-486664331223">
<createdBy>ro38606</createdBy>
<createdTime>2013-05-10 06:44:35 UTC</createdTime>
<ownerDesignName>NYEC_BPM_Semantic_data_model_diagram</ownerDesignName>
</ColumnProxy>
<ColumnProxy class="oracle.dbtools.crest.model.design.storage.oracle.v11g.ColumnProxyOraclev11g" name="Cur Reactivation Reason" id="BEF596A6-1AAD-6AC2-02AB-ACC9740D19B0">
<createdBy>ro38606</createdBy>
<createdTime>2013-05-10 06:44:32 UTC</createdTime>
<ownerDesignName>NYEC_BPM_Semantic_data_model_diagram</ownerDesignName>
</ColumnProxy>
<ColumnProxy class="oracle.dbtools.crest.model.design.storage.oracle.v11g.ColumnProxyOraclev11g" name="Cancel Date" id="BF7522DC-6EFC-826B-470C-2D619B8926B6">
<createdBy>ro38606</createdBy>
<createdTime>2013-05-10 06:44:22 UTC</createdTime>
<ownerDesignName>NYEC_BPM_Semantic_data_model_diagram</ownerDesignName>
</ColumnProxy>
<ColumnProxy class="oracle.dbtools.crest.model.design.storage.oracle.v11g.ColumnProxyOraclev11g" name="Wait State Approval Date" id="C0181940-BD8A-8A56-CD55-AA7BA580818A">
<createdBy>ro38606</createdBy>
<createdTime>2013-05-10 06:44:29 UTC</createdTime>
<ownerDesignName>NYEC_BPM_Semantic_data_model_diagram</ownerDesignName>
</ColumnProxy>
<ColumnProxy class="oracle.dbtools.crest.model.design.storage.oracle.v11g.ColumnProxyOraclev11g" name="PERFORM_QC_REG_START_DATE" id="C26AC00A-DDB8-A16D-2FD5-72CAF8F93CD8">
<createdBy>ro38606</createdBy>
<createdTime>2013-05-10 06:44:35 UTC</createdTime>
<ownerDesignName>NYEC_BPM_Semantic_data_model_diagram</ownerDesignName>
</ColumnProxy>
<ColumnProxy class="oracle.dbtools.crest.model.design.storage.oracle.v11g.ColumnProxyOraclev11g" name="Notify Clnt Pend App Flag" id="C8F12141-28E5-FBA8-9DA5-1752E57DEE12">
<createdBy>ro38606</createdBy>
<createdTime>2013-05-10 06:44:24 UTC</createdTime>
<ownerDesignName>NYEC_BPM_Semantic_data_model_diagram</ownerDesignName>
</ColumnProxy>
<ColumnProxy class="oracle.dbtools.crest.model.design.storage.oracle.v11g.ColumnProxyOraclev11g" name="Process App Info Start Date" id="C98D889C-F8DB-5F47-D847-6CBDF0DD4D67">
<createdBy>ro38606</createdBy>
<createdTime>2013-05-10 06:44:26 UTC</createdTime>
<ownerDesignName>NYEC_BPM_Semantic_data_model_diagram</ownerDesignName>
</ColumnProxy>
<ColumnProxy class="oracle.dbtools.crest.model.design.storage.oracle.v11g.ColumnProxyOraclev11g" name="Cur Outcome Notif Req Flag" id="CA05DB81-D18A-AEC8-E60C-E97E1B1984C1">
<createdBy>ro38606</createdBy>
<createdTime>2013-05-10 06:44:33 UTC</createdTime>
<ownerDesignName>NYEC_BPM_Semantic_data_model_diagram</ownerDesignName>
</ColumnProxy>
<ColumnProxy class="oracle.dbtools.crest.model.design.storage.oracle.v11g.ColumnProxyOraclev11g" name="APP_RECEIPT_AGE_IN_CAL_DAYS" id="D0685708-A9DB-3078-EEF0-639B00AAC10A">
<createdBy>ro38606</createdBy>
<createdTime>2013-05-10 06:44:34 UTC</createdTime>
<ownerDesignName>NYEC_BPM_Semantic_data_model_diagram</ownerDesignName>
<defaultValue>0</defaultValue>
</ColumnProxy>
<ColumnProxy class="oracle.dbtools.crest.model.design.storage.oracle.v11g.ColumnProxyOraclev11g" name="SLA Jeopardy Days" id="E0C0BF29-DA89-0F2B-2E24-4AB6DC314D37">
<createdBy>ro38606</createdBy>
<createdTime>2013-05-10 06:44:28 UTC</createdTime>
<ownerDesignName>NYEC_BPM_Semantic_data_model_diagram</ownerDesignName>
</ColumnProxy>
<ColumnProxy class="oracle.dbtools.crest.model.design.storage.oracle.v11g.ColumnProxyOraclev11g" name="Receive App Flag" id="E13E4FC8-7BB7-2FC1-EFC0-F77379C1348B">
<createdBy>ro38606</createdBy>
<createdTime>2013-05-10 06:44:27 UTC</createdTime>
<ownerDesignName>NYEC_BPM_Semantic_data_model_diagram</ownerDesignName>
</ColumnProxy>
<ColumnProxy class="oracle.dbtools.crest.model.design.storage.oracle.v11g.ColumnProxyOraclev11g" name="SLA Days" id="E17D1F75-7261-AC1D-0D7B-C9F60B250433">
<createdBy>ro38606</createdBy>
<createdTime>2013-05-10 06:44:28 UTC</createdTime>
<ownerDesignName>NYEC_BPM_Semantic_data_model_diagram</ownerDesignName>
</ColumnProxy>
<ColumnProxy class="oracle.dbtools.crest.model.design.storage.oracle.v11g.ColumnProxyOraclev11g" name="Notify Clnt Pend App Strt Date" id="E2C32F6B-565A-534F-A669-73646AD3A5E8">
<createdBy>ro38606</createdBy>
<createdTime>2013-05-10 06:44:25 UTC</createdTime>
<ownerDesignName>NYEC_BPM_Semantic_data_model_diagram</ownerDesignName>
</ColumnProxy>
<ColumnProxy class="oracle.dbtools.crest.model.design.storage.oracle.v11g.ColumnProxyOraclev11g" name="Process App Info Flag" id="E3301492-25C2-861C-D57E-BA691623E253">
<createdBy>ro38606</createdBy>
<createdTime>2013-05-10 06:44:26 UTC</createdTime>
<ownerDesignName>NYEC_BPM_Semantic_data_model_diagram</ownerDesignName>
</ColumnProxy>
<ColumnProxy class="oracle.dbtools.crest.model.design.storage.oracle.v11g.ColumnProxyOraclev11g" name="QC Task ID" id="E3F0D7EE-B2D8-7672-E07C-35462FA2C1B3">
<createdBy>ro38606</createdBy>
<createdTime>2013-05-10 06:44:27 UTC</createdTime>
<ownerDesignName>NYEC_BPM_Semantic_data_model_diagram</ownerDesignName>
</ColumnProxy>
<ColumnProxy class="oracle.dbtools.crest.model.design.storage.oracle.v11g.ColumnProxyOraclev11g" name="PERFORM_QC_REG_DATE" id="E5233121-3FAF-68CC-53D0-0324A871176B">
<createdBy>ro38606</createdBy>
<createdTime>2013-05-10 06:44:36 UTC</createdTime>
<ownerDesignName>NYEC_BPM_Semantic_data_model_diagram</ownerDesignName>
</ColumnProxy>
<ColumnProxy class="oracle.dbtools.crest.model.design.storage.oracle.v11g.ColumnProxyOraclev11g" name="Data Entry Task ID" id="E680767C-0F69-1DA9-7457-23E44E4EB25C">
<createdBy>ro38606</createdBy>
<createdTime>2013-05-10 06:44:23 UTC</createdTime>
<ownerDesignName>NYEC_BPM_Semantic_data_model_diagram</ownerDesignName>
</ColumnProxy>
<ColumnProxy class="oracle.dbtools.crest.model.design.storage.oracle.v11g.ColumnProxyOraclev11g" name="Jeopardy Flag" id="E7477694-4617-8223-4734-79BCACB03677">
<createdBy>ro38606</createdBy>
<createdTime>2013-05-10 06:44:23 UTC</createdTime>
<ownerDesignName>NYEC_BPM_Semantic_data_model_diagram</ownerDesignName>
</ColumnProxy>
<ColumnProxy class="oracle.dbtools.crest.model.design.storage.oracle.v11g.ColumnProxyOraclev11g" name="Channel" id="E81874FB-E186-0B26-E81E-2B239D160F72">
<createdBy>ro38606</createdBy>
<createdTime>2013-05-10 06:44:22 UTC</createdTime>
<ownerDesignName>NYEC_BPM_Semantic_data_model_diagram</ownerDesignName>
</ColumnProxy>
<ColumnProxy class="oracle.dbtools.crest.model.design.storage.oracle.v11g.ColumnProxyOraclev11g" name="Outcome Notif Req Gateway Flag" id="EA8399A0-7802-DB47-357D-3BCDC3F3DBEA">
<createdBy>ro38606</createdBy>
<createdTime>2013-05-10 06:44:25 UTC</createdTime>
<ownerDesignName>NYEC_BPM_Semantic_data_model_diagram</ownerDesignName>
</ColumnProxy>
<ColumnProxy class="oracle.dbtools.crest.model.design.storage.oracle.v11g.ColumnProxyOraclev11g" name="Age in Calendar Days" id="EB5EAB2E-E9F4-9B61-C292-D475D5AC6BD9">
<createdBy>ro38606</createdBy>
<createdTime>2013-05-10 06:44:21 UTC</createdTime>
<ownerDesignName>NYEC_BPM_Semantic_data_model_diagram</ownerDesignName>
</ColumnProxy>
<ColumnProxy class="oracle.dbtools.crest.model.design.storage.oracle.v11g.ColumnProxyOraclev11g" name="Cur Outcome Letter Status" id="F1747473-0C23-66EB-E075-6459279CAE00">
<createdBy>ro38606</createdBy>
<createdTime>2013-05-10 06:44:34 UTC</createdTime>
<ownerDesignName>NYEC_BPM_Semantic_data_model_diagram</ownerDesignName>
</ColumnProxy>
<ColumnProxy class="oracle.dbtools.crest.model.design.storage.oracle.v11g.ColumnProxyOraclev11g" name="Cur Reactivation Number" id="F283132F-A708-438B-F76F-73B910767EAA">
<createdBy>ro38606</createdBy>
<createdTime>2013-05-10 06:44:33 UTC</createdTime>
<ownerDesignName>NYEC_BPM_Semantic_data_model_diagram</ownerDesignName>
</ColumnProxy>
<ColumnProxy class="oracle.dbtools.crest.model.design.storage.oracle.v11g.ColumnProxyOraclev11g" name="Perform QC Performed By" id="F33B90A8-3BC8-6175-C8C3-013B84C186C2">
<createdBy>ro38606</createdBy>
<createdTime>2013-05-10 06:44:25 UTC</createdTime>
<ownerDesignName>NYEC_BPM_Semantic_data_model_diagram</ownerDesignName>
</ColumnProxy>
<ColumnProxy class="oracle.dbtools.crest.model.design.storage.oracle.v11g.ColumnProxyOraclev11g" name="Research Flag" id="F371E176-E6C9-BFAB-E356-62A8977CD7E9">
<createdBy>ro38606</createdBy>
<createdTime>2013-05-10 06:44:27 UTC</createdTime>
<ownerDesignName>NYEC_BPM_Semantic_data_model_diagram</ownerDesignName>
</ColumnProxy>
<ColumnProxy class="oracle.dbtools.crest.model.design.storage.oracle.v11g.ColumnProxyOraclev11g" name="New MI Flag" id="F51E3A47-80D4-ABBF-F23B-3FEE8C0FA47F">
<createdBy>ro38606</createdBy>
<createdTime>2013-05-10 06:44:24 UTC</createdTime>
<ownerDesignName>NYEC_BPM_Semantic_data_model_diagram</ownerDesignName>
</ColumnProxy>
<ColumnProxy class="oracle.dbtools.crest.model.design.storage.oracle.v11g.ColumnProxyOraclev11g" name="Cur Refer to LDSS Flag" id="F75DEF63-B0D7-2442-3F1B-D2D12808CB3F">
<createdBy>ro38606</createdBy>
<createdTime>2013-05-10 06:44:30 UTC</createdTime>
<ownerDesignName>NYEC_BPM_Semantic_data_model_diagram</ownerDesignName>
</ColumnProxy>
</columnProxies>
<indexProxies>
<IndexProxy class="oracle.dbtools.crest.model.design.storage.oracle.v10g.IndexProxyOraclev10g" name="DNPACUR_UIX1" id="5C086300-7AD0-FE3C-9B41-D2E881BBB26F">
<createdBy>ro38606</createdBy>
<createdTime>2013-05-10 06:44:36 UTC</createdTime>
<ownerDesignName>NYEC_BPM_Semantic_data_model_diagram</ownerDesignName>
<parallel>YES</parallel>
<segment>12BBC59D-77D8-6E54-0C99-FA724024CF06</segment>
<sortedRows>SORTED</sortedRows>
<tableSpace>BACC5B86-40F0-43FF-0A17-237CBF08C3A2</tableSpace>
</IndexProxy>
<IndexProxy class="oracle.dbtools.crest.model.design.storage.oracle.v10g.IndexProxyOraclev10g" name="DNPACUR_PK" id="613AB357-7E35-07A9-1A7C-B77CBA32A3D0">
<createdBy>ro38606</createdBy>
<createdTime>2013-05-10 06:44:36 UTC</createdTime>
<ownerDesignName>NYEC_BPM_Semantic_data_model_diagram</ownerDesignName>
<parallel>YES</parallel>
<segment>12BBC59D-77D8-6E54-0C99-FA724024CF06</segment>
<sortedRows>SORTED</sortedRows>
<tableSpace>BACC5B86-40F0-43FF-0A17-237CBF08C3A2</tableSpace>
</IndexProxy>
</indexProxies>
<primaryKeys>
<PrimaryKey class="oracle.dbtools.crest.model.design.storage.oracle.v10g.PKProxyOraclev10g" name="DPACU_PK" id="BA7D1B90-87D2-8C5B-5AE9-5759CFF251AC">
<createdBy>ro38606</createdBy>
<createdTime>2013-05-10 06:44:37 UTC</createdTime>
<ownerDesignName>NYEC_BPM_Semantic_data_model_diagram</ownerDesignName>
<sortedRows>SORTED</sortedRows>
<tableSpace>49103D8C-B61A-BBCA-77AA-EF6B9A69D4F7</tableSpace>
<existingIndex>613AB357-7E35-07A9-1A7C-B77CBA32A3D0</existingIndex>
<indexSort>SORTED</indexSort>
<usingIndex>BY INDEX NAME</usingIndex>
</PrimaryKey>
</primaryKeys>
</TableProxyOraclev11g>