<?xml version = '1.0' encoding = 'UTF-8'?>
<TableProxyOraclev11g class="oracle.dbtools.crest.model.design.storage.oracle.v11g.TableProxyOraclev11g" name="D_NYEC_PA_RESEARCH_TASK" id="BA56AEAA-1BC7-B1BF-37C7-53D05BB1B49F" directorySegmentName="seg_0">
<createdBy>ro38606</createdBy>
<createdTime>2013-05-07 18:19:41 UTC</createdTime>
<ownerDesignName>NYEC_BPM_Semantic_data_model_diagram</ownerDesignName>
<logging>YES</logging>
<columnProxies>
<ColumnProxy class="oracle.dbtools.crest.model.design.storage.oracle.v11g.ColumnProxyOraclev11g" name="Cancel Work Flag" id="0DE6D139-675C-7523-968E-3B5429AF2931">
<createdBy>ro38606</createdBy>
<createdTime>2013-05-07 18:19:41 UTC</createdTime>
<ownerDesignName>NYEC_BPM_Semantic_data_model_diagram</ownerDesignName>
</ColumnProxy>
<ColumnProxy class="oracle.dbtools.crest.model.design.storage.oracle.v11g.ColumnProxyOraclev11g" name="Current Team Name" id="0FE5471A-B368-BACE-3808-35FB8F803B59">
<createdBy>ro38606</createdBy>
<createdTime>2013-05-07 18:19:41 UTC</createdTime>
<ownerDesignName>NYEC_BPM_Semantic_data_model_diagram</ownerDesignName>
</ColumnProxy>
<ColumnProxy class="oracle.dbtools.crest.model.design.storage.oracle.v11g.ColumnProxyOraclev11g" name="Current Forwarded By Name" id="170B4612-2DDB-5118-713A-0BD5233B1B2F">
<createdBy>ro38606</createdBy>
<createdTime>2013-05-07 18:19:41 UTC</createdTime>
<ownerDesignName>NYEC_BPM_Semantic_data_model_diagram</ownerDesignName>
</ColumnProxy>
<ColumnProxy class="oracle.dbtools.crest.model.design.storage.oracle.v11g.ColumnProxyOraclev11g" name="Age in Business Days" id="1FACA754-1032-212A-7DA3-02A250FF8231">
<createdBy>ro38606</createdBy>
<createdTime>2013-05-07 18:19:41 UTC</createdTime>
<ownerDesignName>NYEC_BPM_Semantic_data_model_diagram</ownerDesignName>
</ColumnProxy>
<ColumnProxy class="oracle.dbtools.crest.model.design.storage.oracle.v11g.ColumnProxyOraclev11g" name="SLA Target Days" id="3005188D-A346-FEF7-40B5-E7F0B88F2896">
<createdBy>ro38606</createdBy>
<createdTime>2013-05-07 18:19:41 UTC</createdTime>
<ownerDesignName>NYEC_BPM_Semantic_data_model_diagram</ownerDesignName>
</ColumnProxy>
<ColumnProxy class="oracle.dbtools.crest.model.design.storage.oracle.v11g.ColumnProxyOraclev11g" name="Created By Name" id="30B16073-2995-E2B5-BDD7-8271516A02AC">
<createdBy>ro38606</createdBy>
<createdTime>2013-05-07 18:19:41 UTC</createdTime>
<ownerDesignName>NYEC_BPM_Semantic_data_model_diagram</ownerDesignName>
</ColumnProxy>
<ColumnProxy class="oracle.dbtools.crest.model.design.storage.oracle.v11g.ColumnProxyOraclev11g" name="Timeliness Status" id="32439AD6-B286-2BE7-AD6F-C2B5B0D9B5DF">
<createdBy>ro38606</createdBy>
<createdTime>2013-05-07 18:19:41 UTC</createdTime>
<ownerDesignName>NYEC_BPM_Semantic_data_model_diagram</ownerDesignName>
</ColumnProxy>
<ColumnProxy class="oracle.dbtools.crest.model.design.storage.oracle.v11g.ColumnProxyOraclev11g" name="Status Age in Business Days" id="39225D1C-D053-CDD0-9275-7B3754EEE416">
<createdBy>ro38606</createdBy>
<createdTime>2013-05-07 18:19:41 UTC</createdTime>
<ownerDesignName>NYEC_BPM_Semantic_data_model_diagram</ownerDesignName>
</ColumnProxy>
<ColumnProxy class="oracle.dbtools.crest.model.design.storage.oracle.v11g.ColumnProxyOraclev11g" name="Create Date" id="39CC6CE2-E432-02B8-4B77-C5C97DABB549">
<createdBy>ro38606</createdBy>
<createdTime>2013-05-07 18:19:41 UTC</createdTime>
<ownerDesignName>NYEC_BPM_Semantic_data_model_diagram</ownerDesignName>
</ColumnProxy>
<ColumnProxy class="oracle.dbtools.crest.model.design.storage.oracle.v11g.ColumnProxyOraclev11g" name="Current Task Status" id="39DF89F9-06DA-AA4A-663D-2ADDE67EE398">
<createdBy>ro38606</createdBy>
<createdTime>2013-05-07 18:19:41 UTC</createdTime>
<ownerDesignName>NYEC_BPM_Semantic_data_model_diagram</ownerDesignName>
</ColumnProxy>
<ColumnProxy class="oracle.dbtools.crest.model.design.storage.oracle.v11g.ColumnProxyOraclev11g" name="Current Team Parent Name" id="430D165C-5C88-9F98-3A1A-2CA1F015EA94">
<createdBy>ro38606</createdBy>
<createdTime>2013-05-07 18:19:41 UTC</createdTime>
<ownerDesignName>NYEC_BPM_Semantic_data_model_diagram</ownerDesignName>
</ColumnProxy>
<ColumnProxy class="oracle.dbtools.crest.model.design.storage.oracle.v11g.ColumnProxyOraclev11g" name="Current Last Update By Name" id="4673AC76-474A-F55F-1418-6CEC0CB1C8F8">
<createdBy>ro38606</createdBy>
<createdTime>2013-05-07 18:19:41 UTC</createdTime>
<ownerDesignName>NYEC_BPM_Semantic_data_model_diagram</ownerDesignName>
</ColumnProxy>
<ColumnProxy class="oracle.dbtools.crest.model.design.storage.oracle.v11g.ColumnProxyOraclev11g" name="Current Status Date" id="49CB1364-A091-30F0-8926-4AB2F947520D">
<createdBy>ro38606</createdBy>
<createdTime>2013-05-07 18:19:41 UTC</createdTime>
<ownerDesignName>NYEC_BPM_Semantic_data_model_diagram</ownerDesignName>
</ColumnProxy>
<ColumnProxy class="oracle.dbtools.crest.model.design.storage.oracle.v11g.ColumnProxyOraclev11g" name="SLA Days Type" id="5A5233AB-7DB0-2E13-3C26-7E796277B988">
<createdBy>ro38606</createdBy>
<createdTime>2013-05-07 18:19:41 UTC</createdTime>
<ownerDesignName>NYEC_BPM_Semantic_data_model_diagram</ownerDesignName>
</ColumnProxy>
<ColumnProxy class="oracle.dbtools.crest.model.design.storage.oracle.v11g.ColumnProxyOraclev11g" name="Source Reference ID" id="675D19B6-68B2-3BBB-EC6A-FBFCE4DE0C8E">
<createdBy>ro38606</createdBy>
<createdTime>2013-05-07 18:19:41 UTC</createdTime>
<ownerDesignName>NYEC_BPM_Semantic_data_model_diagram</ownerDesignName>
</ColumnProxy>
<ColumnProxy class="oracle.dbtools.crest.model.design.storage.oracle.v11g.ColumnProxyOraclev11g" name="Research Task ID" id="720242F3-CFED-8DBB-C591-3E71E834BAF3">
<createdBy>ro38606</createdBy>
<createdTime>2013-05-07 18:19:41 UTC</createdTime>
<ownerDesignName>NYEC_BPM_Semantic_data_model_diagram</ownerDesignName>
</ColumnProxy>
<ColumnProxy class="oracle.dbtools.crest.model.design.storage.oracle.v11g.ColumnProxyOraclev11g" name="Complete Flag" id="7C665D6C-6A77-448B-F207-3789EEA693BE">
<createdBy>ro38606</createdBy>
<createdTime>2013-05-07 18:19:41 UTC</createdTime>
<ownerDesignName>NYEC_BPM_Semantic_data_model_diagram</ownerDesignName>
</ColumnProxy>
<ColumnProxy class="oracle.dbtools.crest.model.design.storage.oracle.v11g.ColumnProxyOraclev11g" name="Current Task Type" id="842DBE46-DE9E-E886-9B96-FA918A0650F6">
<createdBy>ro38606</createdBy>
<createdTime>2013-05-07 18:19:41 UTC</createdTime>
<ownerDesignName>NYEC_BPM_Semantic_data_model_diagram</ownerDesignName>
</ColumnProxy>
<ColumnProxy class="oracle.dbtools.crest.model.design.storage.oracle.v11g.ColumnProxyOraclev11g" name="Current Team Supervisor Name" id="9CD3E38B-D2CA-AA85-3C7F-DD76D43B2168">
<createdBy>ro38606</createdBy>
<createdTime>2013-05-07 18:19:41 UTC</createdTime>
<ownerDesignName>NYEC_BPM_Semantic_data_model_diagram</ownerDesignName>
</ColumnProxy>
<ColumnProxy class="oracle.dbtools.crest.model.design.storage.oracle.v11g.ColumnProxyOraclev11g" name="Source Reference Type" id="9DBD28F1-939E-2E29-3CD0-AD28D76D0CA5">
<createdBy>ro38606</createdBy>
<createdTime>2013-05-07 18:19:41 UTC</createdTime>
<ownerDesignName>NYEC_BPM_Semantic_data_model_diagram</ownerDesignName>
</ColumnProxy>
<ColumnProxy class="oracle.dbtools.crest.model.design.storage.oracle.v11g.ColumnProxyOraclev11g" name="Current Forwarded Flag" id="A084E567-8CB5-86EE-3BB4-CAFCDC3E1868">
<createdBy>ro38606</createdBy>
<createdTime>2013-05-07 18:19:41 UTC</createdTime>
<ownerDesignName>NYEC_BPM_Semantic_data_model_diagram</ownerDesignName>
</ColumnProxy>
<ColumnProxy class="oracle.dbtools.crest.model.design.storage.oracle.v11g.ColumnProxyOraclev11g" name="SLA Jeopardy Days" id="A3E0A544-2717-8816-728A-6FF2C6952AE5">
<createdBy>ro38606</createdBy>
<createdTime>2013-05-07 18:19:41 UTC</createdTime>
<ownerDesignName>NYEC_BPM_Semantic_data_model_diagram</ownerDesignName>
</ColumnProxy>
<ColumnProxy class="oracle.dbtools.crest.model.design.storage.oracle.v11g.ColumnProxyOraclev11g" name="Current Escalated Flag" id="A6CD5510-4C1E-A3CF-CD7B-26BD0C415485">
<createdBy>ro38606</createdBy>
<createdTime>2013-05-07 18:19:41 UTC</createdTime>
<ownerDesignName>NYEC_BPM_Semantic_data_model_diagram</ownerDesignName>
</ColumnProxy>
<ColumnProxy class="oracle.dbtools.crest.model.design.storage.oracle.v11g.ColumnProxyOraclev11g" name="Current Group Name" id="AACC871F-0CBC-692E-3B39-A8D1EE643B69">
<createdBy>ro38606</createdBy>
<createdTime>2013-05-07 18:19:41 UTC</createdTime>
<ownerDesignName>NYEC_BPM_Semantic_data_model_diagram</ownerDesignName>
</ColumnProxy>
<ColumnProxy class="oracle.dbtools.crest.model.design.storage.oracle.v11g.ColumnProxyOraclev11g" name="Jeopardy Flag" id="B1CF5971-5130-DD11-8475-EB346D58E62F">
<createdBy>ro38606</createdBy>
<createdTime>2013-05-07 18:19:41 UTC</createdTime>
<ownerDesignName>NYEC_BPM_Semantic_data_model_diagram</ownerDesignName>
</ColumnProxy>
<ColumnProxy class="oracle.dbtools.crest.model.design.storage.oracle.v11g.ColumnProxyOraclev11g" name="Current Escalated To Name" id="B3A7B1D2-585D-5833-5B72-B6137AAA3689">
<createdBy>ro38606</createdBy>
<createdTime>2013-05-07 18:19:41 UTC</createdTime>
<ownerDesignName>NYEC_BPM_Semantic_data_model_diagram</ownerDesignName>
</ColumnProxy>
<ColumnProxy class="oracle.dbtools.crest.model.design.storage.oracle.v11g.ColumnProxyOraclev11g" name="Unit of Work" id="B4D2EECE-414B-8629-CF3B-2F6603E8DAC1">
<createdBy>ro38606</createdBy>
<createdTime>2013-05-07 18:19:41 UTC</createdTime>
<ownerDesignName>NYEC_BPM_Semantic_data_model_diagram</ownerDesignName>
</ColumnProxy>
<ColumnProxy class="oracle.dbtools.crest.model.design.storage.oracle.v11g.ColumnProxyOraclev11g" name="Status Age in Calendar Days" id="B635D0C5-58D7-CE60-EAB6-0C7FD9E58F46">
<createdBy>ro38606</createdBy>
<createdTime>2013-05-07 18:19:41 UTC</createdTime>
<ownerDesignName>NYEC_BPM_Semantic_data_model_diagram</ownerDesignName>
</ColumnProxy>
<ColumnProxy class="oracle.dbtools.crest.model.design.storage.oracle.v11g.ColumnProxyOraclev11g" name="Current Group Supervisor Name" id="C29DFABB-E74E-5290-E2FD-F48431051A2C">
<createdBy>ro38606</createdBy>
<createdTime>2013-05-07 18:19:41 UTC</createdTime>
<ownerDesignName>NYEC_BPM_Semantic_data_model_diagram</ownerDesignName>
</ColumnProxy>
<ColumnProxy class="oracle.dbtools.crest.model.design.storage.oracle.v11g.ColumnProxyOraclev11g" name="SLA Days" id="CB7D7B95-CAAA-6425-3265-69A8E981792D">
<createdBy>ro38606</createdBy>
<createdTime>2013-05-07 18:19:41 UTC</createdTime>
<ownerDesignName>NYEC_BPM_Semantic_data_model_diagram</ownerDesignName>
</ColumnProxy>
<ColumnProxy class="oracle.dbtools.crest.model.design.storage.oracle.v11g.ColumnProxyOraclev11g" name="Age in Calendar Days" id="D858430D-73BB-32AB-ADAC-F7E406F42EE6">
<createdBy>ro38606</createdBy>
<createdTime>2013-05-07 18:19:41 UTC</createdTime>
<ownerDesignName>NYEC_BPM_Semantic_data_model_diagram</ownerDesignName>
</ColumnProxy>
<ColumnProxy class="oracle.dbtools.crest.model.design.storage.oracle.v11g.ColumnProxyOraclev11g" name="Complete Date" id="E1450AD4-9753-26F2-47C1-9D8568C6F560">
<createdBy>ro38606</createdBy>
<createdTime>2013-05-07 18:19:41 UTC</createdTime>
<ownerDesignName>NYEC_BPM_Semantic_data_model_diagram</ownerDesignName>
</ColumnProxy>
<ColumnProxy class="oracle.dbtools.crest.model.design.storage.oracle.v11g.ColumnProxyOraclev11g" name="Current Last Update Date" id="E23E30A1-1E19-A2F4-413B-309E0AA6E304">
<createdBy>ro38606</createdBy>
<createdTime>2013-05-07 18:19:41 UTC</createdTime>
<ownerDesignName>NYEC_BPM_Semantic_data_model_diagram</ownerDesignName>
</ColumnProxy>
<ColumnProxy class="oracle.dbtools.crest.model.design.storage.oracle.v11g.ColumnProxyOraclev11g" name="Cancel Work Date" id="F9BDA823-0221-BBEE-0B5D-10D59DC6D0BF">
<createdBy>ro38606</createdBy>
<createdTime>2013-05-07 18:19:41 UTC</createdTime>
<ownerDesignName>NYEC_BPM_Semantic_data_model_diagram</ownerDesignName>
</ColumnProxy>
<ColumnProxy class="oracle.dbtools.crest.model.design.storage.oracle.v11g.ColumnProxyOraclev11g" name="Current Group Parent Name" id="FDE507F8-0242-A115-C954-2D754C3A4B89">
<createdBy>ro38606</createdBy>
<createdTime>2013-05-07 18:19:41 UTC</createdTime>
<ownerDesignName>NYEC_BPM_Semantic_data_model_diagram</ownerDesignName>
</ColumnProxy>
<ColumnProxy class="oracle.dbtools.crest.model.design.storage.oracle.v11g.ColumnProxyOraclev11g" name="Current Owner Name" id="FEE4CC43-8A2E-5E1C-78F3-D325AB07E498">
<createdBy>ro38606</createdBy>
<createdTime>2013-05-07 18:19:41 UTC</createdTime>
<ownerDesignName>NYEC_BPM_Semantic_data_model_diagram</ownerDesignName>
</ColumnProxy>
</columnProxies>
</TableProxyOraclev11g>