<?xml version = '1.0' encoding = 'UTF-8'?>
<TableProxyOraclev11g class="oracle.dbtools.crest.model.design.storage.oracle.v11g.TableProxyOraclev11g" name="D_NYEC_PMI_RESEARCH_TASK_ID" id="BDFF9F2D-716F-9901-03EB-1C8110445EEA" directorySegmentName="seg_0">
<createdBy>ro38606</createdBy>
<createdTime>2013-05-07 16:46:56 UTC</createdTime>
<ownerDesignName>NYEC_BPM_Semantic_data_model_diagram</ownerDesignName>
<logging>YES</logging>
<parallel>YES</parallel>
<partitionedRowMovement>DISABLE</partitionedRowMovement>
<segment>85B89FB1-3F42-0B6D-42FB-89733184C9EE</segment>
<tableSpace>8D282799-0AFE-F2FF-2AEA-CF205662762F</tableSpace>
<columnProxies>
<ColumnProxy class="oracle.dbtools.crest.model.design.storage.oracle.v11g.ColumnProxyOraclev11g" name="DNPMIRTI_ID" id="211BD57A-1C66-F8C4-6C3B-C4E56EFCE359">
<createdBy>ro38606</createdBy>
<createdTime>2013-05-07 16:48:02 UTC</createdTime>
<ownerDesignName>NYEC_BPM_Semantic_data_model_diagram</ownerDesignName>
</ColumnProxy>
<ColumnProxy class="oracle.dbtools.crest.model.design.storage.oracle.v11g.ColumnProxyOraclev11g" name="Research Task ID" id="2349550E-EDD5-2E70-1276-C8AB9B8D45DB">
<createdBy>ro38606</createdBy>
<createdTime>2013-05-07 16:48:02 UTC</createdTime>
<ownerDesignName>NYEC_BPM_Semantic_data_model_diagram</ownerDesignName>
</ColumnProxy>
</columnProxies>
<indexProxies>
<IndexProxy class="oracle.dbtools.crest.model.design.storage.oracle.v10g.IndexProxyOraclev10g" name="DNPMIRTI_UIX1" id="26D55568-0049-E53B-F938-7732C403FDA2">
<createdBy>ro38606</createdBy>
<createdTime>2013-05-07 16:48:49 UTC</createdTime>
<ownerDesignName>NYEC_BPM_Semantic_data_model_diagram</ownerDesignName>
<parallel>YES</parallel>
<segment>78328217-4259-22E0-103A-CED2806E4CC5</segment>
<sortedRows>SORTED</sortedRows>
<tableSpace>692AEA5F-C013-5656-A766-3ECFFCBBF6AD</tableSpace>
</IndexProxy>
</indexProxies>
<primaryKeys>
<PrimaryKey class="oracle.dbtools.crest.model.design.storage.oracle.v10g.PKProxyOraclev10g" name="DNPMIRTI_PK" id="109F60FE-8AC3-2F3A-EE09-DD91D1FC1926">
<createdBy>ro38606</createdBy>
<createdTime>2013-05-07 16:49:31 UTC</createdTime>
<ownerDesignName>NYEC_BPM_Semantic_data_model_diagram</ownerDesignName>
<sortedRows>SORTED</sortedRows>
<tableSpace>692AEA5F-C013-5656-A766-3ECFFCBBF6AD</tableSpace>
<indexSegment>78328217-4259-22E0-103A-CED2806E4CC5</indexSegment>
<indexSort>SORTED</indexSort>
</PrimaryKey>
</primaryKeys>
</TableProxyOraclev11g>