<?xml version = '1.0' encoding = 'UTF-8'?>
<TableProxyOraclev11g class="oracle.dbtools.crest.model.design.storage.oracle.v11g.TableProxyOraclev11g" name="D_NYEC_IR_CURRENT" id="D45C7345-C553-9CCE-5A13-5D39BEBEC61D" directorySegmentName="seg_0">
<createdBy>ro38606</createdBy>
<createdTime>2013-05-07 16:46:51 UTC</createdTime>
<ownerDesignName>NYEC_BPM_Semantic_data_model_diagram</ownerDesignName>
<logging>YES</logging>
<parallel>YES</parallel>
<partitionedRowMovement>DISABLE</partitionedRowMovement>
<segment>85B89FB1-3F42-0B6D-42FB-89733184C9EE</segment>
<tableSpace>8D282799-0AFE-F2FF-2AEA-CF205662762F</tableSpace>
<columnProxies>
<ColumnProxy class="oracle.dbtools.crest.model.design.storage.oracle.v11g.ColumnProxyOraclev11g" name="Process Exception Result Flag" id="0F4F6873-E2F6-1C89-BF66-C21D3176EAB7">
<createdBy>ro38606</createdBy>
<createdTime>2013-05-07 16:47:11 UTC</createdTime>
<ownerDesignName>NYEC_BPM_Semantic_data_model_diagram</ownerDesignName>
</ColumnProxy>
<ColumnProxy class="oracle.dbtools.crest.model.design.storage.oracle.v11g.ColumnProxyOraclev11g" name="Notice 3 Create Date" id="17C857C8-B09F-6F2D-FBE2-FBF9AE079E9D">
<createdBy>ro38606</createdBy>
<createdTime>2013-05-07 16:47:11 UTC</createdTime>
<ownerDesignName>NYEC_BPM_Semantic_data_model_diagram</ownerDesignName>
</ColumnProxy>
<ColumnProxy class="oracle.dbtools.crest.model.design.storage.oracle.v11g.ColumnProxyOraclev11g" name="Notice 2 Due Date" id="18D9D9A1-8EEA-AA11-F3C2-1A3E45A1ACEE">
<createdBy>ro38606</createdBy>
<createdTime>2013-05-07 16:47:10 UTC</createdTime>
<ownerDesignName>NYEC_BPM_Semantic_data_model_diagram</ownerDesignName>
</ColumnProxy>
<ColumnProxy class="oracle.dbtools.crest.model.design.storage.oracle.v11g.ColumnProxyOraclev11g" name="Instance Status" id="19FC9C94-858C-EBD9-929C-CF3B70E41C53">
<createdBy>ro38606</createdBy>
<createdTime>2013-05-07 16:47:08 UTC</createdTime>
<ownerDesignName>NYEC_BPM_Semantic_data_model_diagram</ownerDesignName>
</ColumnProxy>
<ColumnProxy class="oracle.dbtools.crest.model.design.storage.oracle.v11g.ColumnProxyOraclev11g" name="Notice 3 Due Date" id="1B82FD3E-EAF2-D8B1-04C0-BD8F4C5B2137">
<createdBy>ro38606</createdBy>
<createdTime>2013-05-07 16:47:11 UTC</createdTime>
<ownerDesignName>NYEC_BPM_Semantic_data_model_diagram</ownerDesignName>
</ColumnProxy>
<ColumnProxy class="oracle.dbtools.crest.model.design.storage.oracle.v11g.ColumnProxyOraclev11g" name="Renewal_Receipt Date" id="1C5C5758-5574-2209-618E-2A946ED11965">
<createdBy>ro38606</createdBy>
<createdTime>2013-05-07 16:47:09 UTC</createdTime>
<ownerDesignName>NYEC_BPM_Semantic_data_model_diagram</ownerDesignName>
</ColumnProxy>
<ColumnProxy class="oracle.dbtools.crest.model.design.storage.oracle.v11g.ColumnProxyOraclev11g" name="Notice 3 Complete Date" id="2A514484-61BA-C11F-D879-49CF00BF8B9B">
<createdBy>ro38606</createdBy>
<createdTime>2013-05-07 16:47:11 UTC</createdTime>
<ownerDesignName>NYEC_BPM_Semantic_data_model_diagram</ownerDesignName>
</ColumnProxy>
<ColumnProxy class="oracle.dbtools.crest.model.design.storage.oracle.v11g.ColumnProxyOraclev11g" name="Age in Business Days" id="2D939797-32B4-0E59-E9AA-074C6D5D3F5F">
<createdBy>ro38606</createdBy>
<createdTime>2013-05-07 16:47:08 UTC</createdTime>
<ownerDesignName>NYEC_BPM_Semantic_data_model_diagram</ownerDesignName>
</ColumnProxy>
<ColumnProxy class="oracle.dbtools.crest.model.design.storage.oracle.v11g.ColumnProxyOraclev11g" name="APP_ID" id="2FD0A32C-D2E7-FED7-349D-DCFE2ABC4BD8">
<createdBy>ro38606</createdBy>
<createdTime>2013-05-07 16:47:07 UTC</createdTime>
<ownerDesignName>NYEC_BPM_Semantic_data_model_diagram</ownerDesignName>
</ColumnProxy>
<ColumnProxy class="oracle.dbtools.crest.model.design.storage.oracle.v11g.ColumnProxyOraclev11g" name="Notice 2 Source ID" id="3FDB8074-4A61-905C-2806-958BF59852A9">
<createdBy>ro38606</createdBy>
<createdTime>2013-05-07 16:47:11 UTC</createdTime>
<ownerDesignName>NYEC_BPM_Semantic_data_model_diagram</ownerDesignName>
</ColumnProxy>
<ColumnProxy class="oracle.dbtools.crest.model.design.storage.oracle.v11g.ColumnProxyOraclev11g" name="File Process Successful Flag" id="402C58FA-E4D4-D3D0-B333-A1740C3983F6">
<createdBy>ro38606</createdBy>
<createdTime>2013-05-07 16:47:11 UTC</createdTime>
<ownerDesignName>NYEC_BPM_Semantic_data_model_diagram</ownerDesignName>
</ColumnProxy>
<ColumnProxy class="oracle.dbtools.crest.model.design.storage.oracle.v11g.ColumnProxyOraclev11g" name="Authorization Change Date" id="45F36F2A-01D2-BB00-A946-9E164A33EAFA">
<createdBy>ro38606</createdBy>
<createdTime>2013-05-07 16:47:09 UTC</createdTime>
<ownerDesignName>NYEC_BPM_Semantic_data_model_diagram</ownerDesignName>
</ColumnProxy>
<ColumnProxy class="oracle.dbtools.crest.model.design.storage.oracle.v11g.ColumnProxyOraclev11g" name="State Case Identifier" id="4951C6D3-F092-2AD4-68F3-84887D47C092">
<createdBy>ro38606</createdBy>
<createdTime>2013-05-07 16:47:09 UTC</createdTime>
<ownerDesignName>NYEC_BPM_Semantic_data_model_diagram</ownerDesignName>
</ColumnProxy>
<ColumnProxy class="oracle.dbtools.crest.model.design.storage.oracle.v11g.ColumnProxyOraclev11g" name="Notice 3 Type" id="520EF454-640B-0A0D-BC10-0F5B3F135B9D">
<createdBy>ro38606</createdBy>
<createdTime>2013-05-07 16:47:11 UTC</createdTime>
<ownerDesignName>NYEC_BPM_Semantic_data_model_diagram</ownerDesignName>
</ColumnProxy>
<ColumnProxy class="oracle.dbtools.crest.model.design.storage.oracle.v11g.ColumnProxyOraclev11g" name="Close Date" id="58C6AFC6-0A34-BA42-6087-E67020EE1DF2">
<createdBy>ro38606</createdBy>
<createdTime>2013-05-07 16:47:09 UTC</createdTime>
<ownerDesignName>NYEC_BPM_Semantic_data_model_diagram</ownerDesignName>
</ColumnProxy>
<ColumnProxy class="oracle.dbtools.crest.model.design.storage.oracle.v11g.ColumnProxyOraclev11g" name="Notice 2 Complete Date" id="5E4B479F-A8F7-C85A-F060-DA363AF56092">
<createdBy>ro38606</createdBy>
<createdTime>2013-05-07 16:47:10 UTC</createdTime>
<ownerDesignName>NYEC_BPM_Semantic_data_model_diagram</ownerDesignName>
</ColumnProxy>
<ColumnProxy class="oracle.dbtools.crest.model.design.storage.oracle.v11g.ColumnProxyOraclev11g" name="Shell App Create Source" id="6225B761-69E6-61E3-A64D-B818897A5A10">
<createdBy>ro38606</createdBy>
<createdTime>2013-05-07 16:47:08 UTC</createdTime>
<ownerDesignName>NYEC_BPM_Semantic_data_model_diagram</ownerDesignName>
</ColumnProxy>
<ColumnProxy class="oracle.dbtools.crest.model.design.storage.oracle.v11g.ColumnProxyOraclev11g" name="Notice 1 Complete Date" id="625066D6-7C9F-6F2B-28E5-9C5BC0A856ED">
<createdBy>ro38606</createdBy>
<createdTime>2013-05-07 16:47:10 UTC</createdTime>
<ownerDesignName>NYEC_BPM_Semantic_data_model_diagram</ownerDesignName>
</ColumnProxy>
<ColumnProxy class="oracle.dbtools.crest.model.design.storage.oracle.v11g.ColumnProxyOraclev11g" name="Notice 1 Due Date" id="64A85482-C166-F997-028E-3846ECCE20AC">
<createdBy>ro38606</createdBy>
<createdTime>2013-05-07 16:47:10 UTC</createdTime>
<ownerDesignName>NYEC_BPM_Semantic_data_model_diagram</ownerDesignName>
</ColumnProxy>
<ColumnProxy class="oracle.dbtools.crest.model.design.storage.oracle.v11g.ColumnProxyOraclev11g" name="Notice 1 Source ID" id="656786C7-7058-862F-69DC-EF0912E9E686">
<createdBy>ro38606</createdBy>
<createdTime>2013-05-07 16:47:10 UTC</createdTime>
<ownerDesignName>NYEC_BPM_Semantic_data_model_diagram</ownerDesignName>
</ColumnProxy>
<ColumnProxy class="oracle.dbtools.crest.model.design.storage.oracle.v11g.ColumnProxyOraclev11g" name="Cancel Date" id="68FA1158-B3F9-AF69-78B2-77F8ED895CA5">
<createdBy>ro38606</createdBy>
<createdTime>2013-05-07 16:47:09 UTC</createdTime>
<ownerDesignName>NYEC_BPM_Semantic_data_model_diagram</ownerDesignName>
</ColumnProxy>
<ColumnProxy class="oracle.dbtools.crest.model.design.storage.oracle.v11g.ColumnProxyOraclev11g" name="Notice 3 Source ID" id="7F2E471C-EBB7-D9D1-B19B-B8A7F1FDC704">
<createdBy>ro38606</createdBy>
<createdTime>2013-05-07 16:47:11 UTC</createdTime>
<ownerDesignName>NYEC_BPM_Semantic_data_model_diagram</ownerDesignName>
</ColumnProxy>
<ColumnProxy class="oracle.dbtools.crest.model.design.storage.oracle.v11g.ColumnProxyOraclev11g" name="Cur Clockdown Indicator" id="8D2393C3-D93D-A296-7102-13E1519396FA">
<createdBy>ro38606</createdBy>
<createdTime>2013-05-07 16:47:09 UTC</createdTime>
<ownerDesignName>NYEC_BPM_Semantic_data_model_diagram</ownerDesignName>
</ColumnProxy>
<ColumnProxy class="oracle.dbtools.crest.model.design.storage.oracle.v11g.ColumnProxyOraclev11g" name="Notice 2 Type" id="92BC06F1-8983-41AC-103F-EB2CFC1CF458">
<createdBy>ro38606</createdBy>
<createdTime>2013-05-07 16:47:10 UTC</createdTime>
<ownerDesignName>NYEC_BPM_Semantic_data_model_diagram</ownerDesignName>
</ColumnProxy>
<ColumnProxy class="oracle.dbtools.crest.model.design.storage.oracle.v11g.ColumnProxyOraclev11g" name="Shell App Create Date" id="97AF9F70-7CB9-026E-2264-239D53DC61D3">
<createdBy>ro38606</createdBy>
<createdTime>2013-05-07 16:47:08 UTC</createdTime>
<ownerDesignName>NYEC_BPM_Semantic_data_model_diagram</ownerDesignName>
</ColumnProxy>
<ColumnProxy class="oracle.dbtools.crest.model.design.storage.oracle.v11g.ColumnProxyOraclev11g" name="NYEC_IR_BI_ID" id="A341119E-30FC-B47E-24C6-19E5F30E15E4">
<createdBy>ro38606</createdBy>
<createdTime>2013-05-07 16:47:07 UTC</createdTime>
<ownerDesignName>NYEC_BPM_Semantic_data_model_diagram</ownerDesignName>
</ColumnProxy>
<ColumnProxy class="oracle.dbtools.crest.model.design.storage.oracle.v11g.ColumnProxyOraclev11g" name="Authorization End Date" id="A6092028-A86E-4073-7BA3-8502002C4A74">
<createdBy>ro38606</createdBy>
<createdTime>2013-05-07 16:47:09 UTC</createdTime>
<ownerDesignName>NYEC_BPM_Semantic_data_model_diagram</ownerDesignName>
</ColumnProxy>
<ColumnProxy class="oracle.dbtools.crest.model.design.storage.oracle.v11g.ColumnProxyOraclev11g" name="Age in Calendar Days" id="A9B56EB8-457C-D61C-4F1D-5A7C8DB0157F">
<createdBy>ro38606</createdBy>
<createdTime>2013-05-07 16:47:08 UTC</createdTime>
<ownerDesignName>NYEC_BPM_Semantic_data_model_diagram</ownerDesignName>
</ColumnProxy>
<ColumnProxy class="oracle.dbtools.crest.model.design.storage.oracle.v11g.ColumnProxyOraclev11g" name="Notice 1 Type" id="ABB052B1-0FB2-0990-A75D-66805BCF92E2">
<createdBy>ro38606</createdBy>
<createdTime>2013-05-07 16:47:09 UTC</createdTime>
<ownerDesignName>NYEC_BPM_Semantic_data_model_diagram</ownerDesignName>
</ColumnProxy>
<ColumnProxy class="oracle.dbtools.crest.model.design.storage.oracle.v11g.ColumnProxyOraclev11g" name="Notice 1 Create Date" id="AE9090D3-E7E2-7691-CF23-2801274DC9CC">
<createdBy>ro38606</createdBy>
<createdTime>2013-05-07 16:47:10 UTC</createdTime>
<ownerDesignName>NYEC_BPM_Semantic_data_model_diagram</ownerDesignName>
</ColumnProxy>
<ColumnProxy class="oracle.dbtools.crest.model.design.storage.oracle.v11g.ColumnProxyOraclev11g" name="Notice 2 Create Date" id="D248D1B1-37DB-2527-9651-24CC729532C3">
<createdBy>ro38606</createdBy>
<createdTime>2013-05-07 16:47:10 UTC</createdTime>
<ownerDesignName>NYEC_BPM_Semantic_data_model_diagram</ownerDesignName>
</ColumnProxy>
<ColumnProxy class="oracle.dbtools.crest.model.design.storage.oracle.v11g.ColumnProxyOraclev11g" name="Instance Complete Date" id="EB1E5FC6-AC23-7FE5-7052-9645D46291CA">
<createdBy>ro38606</createdBy>
<createdTime>2013-05-07 16:47:08 UTC</createdTime>
<ownerDesignName>NYEC_BPM_Semantic_data_model_diagram</ownerDesignName>
</ColumnProxy>
<ColumnProxy class="oracle.dbtools.crest.model.design.storage.oracle.v11g.ColumnProxyOraclev11g" name="Renewal File Received Date" id="F454E628-7F98-1ACD-91E1-4F130BAC7C89">
<createdBy>ro38606</createdBy>
<createdTime>2013-05-07 16:47:08 UTC</createdTime>
<ownerDesignName>NYEC_BPM_Semantic_data_model_diagram</ownerDesignName>
</ColumnProxy>
</columnProxies>
<indexProxies>
<IndexProxy class="oracle.dbtools.crest.model.design.storage.oracle.v10g.IndexProxyOraclev10g" name="DNIRCUR_UIX1" id="CD6F56D2-7833-26AD-458F-ED598DA7A1BE">
<createdBy>ro38606</createdBy>
<createdTime>2013-05-07 16:48:36 UTC</createdTime>
<ownerDesignName>NYEC_BPM_Semantic_data_model_diagram</ownerDesignName>
<parallel>YES</parallel>
<segment>78328217-4259-22E0-103A-CED2806E4CC5</segment>
<sortedRows>SORTED</sortedRows>
<tableSpace>692AEA5F-C013-5656-A766-3ECFFCBBF6AD</tableSpace>
</IndexProxy>
</indexProxies>
<primaryKeys>
<PrimaryKey class="oracle.dbtools.crest.model.design.storage.oracle.v10g.PKProxyOraclev10g" name="DNIRCUR_PK" id="88857205-ADF2-FD60-6514-A4107F19F853">
<createdBy>ro38606</createdBy>
<createdTime>2013-05-07 16:49:07 UTC</createdTime>
<ownerDesignName>NYEC_BPM_Semantic_data_model_diagram</ownerDesignName>
<sortedRows>SORTED</sortedRows>
<tableSpace>692AEA5F-C013-5656-A766-3ECFFCBBF6AD</tableSpace>
<indexSegment>78328217-4259-22E0-103A-CED2806E4CC5</indexSegment>
<indexSort>SORTED</indexSort>
</PrimaryKey>
</primaryKeys>
</TableProxyOraclev11g>