<?xml version = '1.0' encoding = 'UTF-8'?>
<TableProxyOraclev11g class="oracle.dbtools.crest.model.design.storage.oracle.v11g.TableProxyOraclev11g" name="F_NYEC_PA_BY_DATE" id="E2734F8A-6104-8274-53EF-3EC9874A6DA8" directorySegmentName="seg_0">
<createdBy>ro38606</createdBy>
<createdTime>2013-05-07 16:46:57 UTC</createdTime>
<ownerDesignName>NYEC_BPM_Semantic_data_model_diagram</ownerDesignName>
<logging>YES</logging>
<parallel>YES</parallel>
<partitionList class="oracle.dbtools.crest.model.design.storage.oracle.v11g.PartitionListOraclev11g" name="PL4" id="2E61DAE8-F3A5-2D88-D6B6-ABDA1AC188D1">
<createdBy>ro38606</createdBy>
<createdTime>2013-05-07 16:50:16 UTC</createdTime>
<ownerDesignName>NYEC_BPM_Semantic_data_model_diagram</ownerDesignName>
<columnIDs>2676EB62-5BDC-3F6B-BCD9-7AFE5F8173AA</columnIDs>
<intervalExpression>NUMTODSINTERVAL(1,&apos;DAY&apos;)</intervalExpression>
</partitionList>
<partitioned>YES</partitioned>
<partitionedRowMovement>DISABLE</partitionedRowMovement>
<segment>03582533-59B6-9768-A0B2-DD35A867C190</segment>
<tableSpace>8D282799-0AFE-F2FF-2AEA-CF205662762F</tableSpace>
<columnProxies>
<ColumnProxy class="oracle.dbtools.crest.model.design.storage.oracle.v11g.ColumnProxyOraclev11g" name="COMPLETION_COUNT" id="04AE5BEE-0D27-12BC-CD05-E91E61D437E8">
<createdBy>ro38606</createdBy>
<createdTime>2013-05-07 16:48:25 UTC</createdTime>
<ownerDesignName>NYEC_BPM_Semantic_data_model_diagram</ownerDesignName>
</ColumnProxy>
<ColumnProxy class="oracle.dbtools.crest.model.design.storage.oracle.v11g.ColumnProxyOraclev11g" name="DNPAML_ID" id="0CCF9311-E996-5206-664F-AD1726956FBE">
<createdBy>ro38606</createdBy>
<createdTime>2013-05-07 16:48:27 UTC</createdTime>
<ownerDesignName>NYEC_BPM_Semantic_data_model_diagram</ownerDesignName>
</ColumnProxy>
<ColumnProxy class="oracle.dbtools.crest.model.design.storage.oracle.v11g.ColumnProxyOraclev11g" name="DNPAWRI_ID" id="0F67DC2A-222D-A2FC-00C0-21709F37A840">
<createdBy>ro38606</createdBy>
<createdTime>2013-05-07 16:48:27 UTC</createdTime>
<ownerDesignName>NYEC_BPM_Semantic_data_model_diagram</ownerDesignName>
</ColumnProxy>
<ColumnProxy class="oracle.dbtools.crest.model.design.storage.oracle.v11g.ColumnProxyOraclev11g" name="DNPAOLS_ID" id="1BDE6461-67DB-3FCA-B8C3-57A12AE21B17">
<createdBy>ro38606</createdBy>
<createdTime>2013-05-07 16:48:27 UTC</createdTime>
<ownerDesignName>NYEC_BPM_Semantic_data_model_diagram</ownerDesignName>
</ColumnProxy>
<ColumnProxy class="oracle.dbtools.crest.model.design.storage.oracle.v11g.ColumnProxyOraclev11g" name="Receipt Date" id="1FB0B5CD-C5C8-1134-4C3A-798E740346C4">
<createdBy>ro38606</createdBy>
<createdTime>2013-05-07 16:48:25 UTC</createdTime>
<ownerDesignName>NYEC_BPM_Semantic_data_model_diagram</ownerDesignName>
</ColumnProxy>
<ColumnProxy class="oracle.dbtools.crest.model.design.storage.oracle.v11g.ColumnProxyOraclev11g" name="BUCKET_START_DATE" id="2676EB62-5BDC-3F6B-BCD9-7AFE5F8173AA">
<createdBy>ro38606</createdBy>
<createdTime>2013-05-07 16:48:24 UTC</createdTime>
<ownerDesignName>NYEC_BPM_Semantic_data_model_diagram</ownerDesignName>
</ColumnProxy>
<ColumnProxy class="oracle.dbtools.crest.model.design.storage.oracle.v11g.ColumnProxyOraclev11g" name="DNPAQI_ID" id="27BB7159-5498-BB52-11CA-CA53E4BEE9C2">
<createdBy>ro38606</createdBy>
<createdTime>2013-05-07 16:48:27 UTC</createdTime>
<ownerDesignName>NYEC_BPM_Semantic_data_model_diagram</ownerDesignName>
</ColumnProxy>
<ColumnProxy class="oracle.dbtools.crest.model.design.storage.oracle.v11g.ColumnProxyOraclev11g" name="INVENTORY_COUNT" id="2A873794-97E5-3330-0161-C3FAB0076714">
<createdBy>ro38606</createdBy>
<createdTime>2013-05-07 16:48:25 UTC</createdTime>
<ownerDesignName>NYEC_BPM_Semantic_data_model_diagram</ownerDesignName>
</ColumnProxy>
<ColumnProxy class="oracle.dbtools.crest.model.design.storage.oracle.v11g.ColumnProxyOraclev11g" name="Invoiceable Date" id="4C8DE550-7164-76BD-D558-E3CCE6890C0B">
<createdBy>ro38606</createdBy>
<createdTime>2013-05-07 16:48:25 UTC</createdTime>
<ownerDesignName>NYEC_BPM_Semantic_data_model_diagram</ownerDesignName>
</ColumnProxy>
<ColumnProxy class="oracle.dbtools.crest.model.design.storage.oracle.v11g.ColumnProxyOraclev11g" name="DNPARI_ID" id="4EB4B0BB-AFFC-15C6-08F7-DE71471DE763">
<createdBy>ro38606</createdBy>
<createdTime>2013-05-07 16:48:26 UTC</createdTime>
<ownerDesignName>NYEC_BPM_Semantic_data_model_diagram</ownerDesignName>
</ColumnProxy>
<ColumnProxy class="oracle.dbtools.crest.model.design.storage.oracle.v11g.ColumnProxyOraclev11g" name="DNPAHS_ID" id="4EE5AF07-1943-5EB2-8F55-704AECD79060">
<createdBy>ro38606</createdBy>
<createdTime>2013-05-07 16:48:25 UTC</createdTime>
<ownerDesignName>NYEC_BPM_Semantic_data_model_diagram</ownerDesignName>
</ColumnProxy>
<ColumnProxy class="oracle.dbtools.crest.model.design.storage.oracle.v11g.ColumnProxyOraclev11g" name="CREATION_COUNT" id="52E5924A-1CA7-5E4E-446F-142B67F40582">
<createdBy>ro38606</createdBy>
<createdTime>2013-05-07 16:48:25 UTC</createdTime>
<ownerDesignName>NYEC_BPM_Semantic_data_model_diagram</ownerDesignName>
</ColumnProxy>
<ColumnProxy class="oracle.dbtools.crest.model.design.storage.oracle.v11g.ColumnProxyOraclev11g" name="BUCKET_END_DATE" id="57717F0F-28F7-FA52-8465-F13AA904DABF">
<createdBy>ro38606</createdBy>
<createdTime>2013-05-07 16:48:24 UTC</createdTime>
<ownerDesignName>NYEC_BPM_Semantic_data_model_diagram</ownerDesignName>
</ColumnProxy>
<ColumnProxy class="oracle.dbtools.crest.model.design.storage.oracle.v11g.ColumnProxyOraclev11g" name="DNPAHIAI_ID" id="58D101BE-F2B5-91E2-CB70-C21865A5EEEA">
<createdBy>ro38606</createdBy>
<createdTime>2013-05-07 16:48:26 UTC</createdTime>
<ownerDesignName>NYEC_BPM_Semantic_data_model_diagram</ownerDesignName>
</ColumnProxy>
<ColumnProxy class="oracle.dbtools.crest.model.design.storage.oracle.v11g.ColumnProxyOraclev11g" name="DNPACOU_ID" id="5D7E0492-02A4-EF88-F6FC-E74F706CBEC9">
<createdBy>ro38606</createdBy>
<createdTime>2013-05-07 16:48:25 UTC</createdTime>
<ownerDesignName>NYEC_BPM_Semantic_data_model_diagram</ownerDesignName>
</ColumnProxy>
<ColumnProxy class="oracle.dbtools.crest.model.design.storage.oracle.v11g.ColumnProxyOraclev11g" name="NYEC_PA_BI_ID" id="61FC78C1-0EBB-A786-0690-48CDB6E80CF1">
<createdBy>ro38606</createdBy>
<createdTime>2013-05-07 16:48:24 UTC</createdTime>
<ownerDesignName>NYEC_BPM_Semantic_data_model_diagram</ownerDesignName>
</ColumnProxy>
<ColumnProxy class="oracle.dbtools.crest.model.design.storage.oracle.v11g.ColumnProxyOraclev11g" name="FNPABD_ID" id="62B331DC-41AE-A2BF-B2D2-0BF14073CC4F">
<createdBy>ro38606</createdBy>
<createdTime>2013-05-07 16:48:24 UTC</createdTime>
<ownerDesignName>NYEC_BPM_Semantic_data_model_diagram</ownerDesignName>
</ColumnProxy>
<ColumnProxy class="oracle.dbtools.crest.model.design.storage.oracle.v11g.ColumnProxyOraclev11g" name="D_DATE" id="66C77234-CB57-EC77-CDF1-8B7B9BC69DEB">
<createdBy>ro38606</createdBy>
<createdTime>2013-05-07 16:48:24 UTC</createdTime>
<ownerDesignName>NYEC_BPM_Semantic_data_model_diagram</ownerDesignName>
</ColumnProxy>
<ColumnProxy class="oracle.dbtools.crest.model.design.storage.oracle.v11g.ColumnProxyOraclev11g" name="DNPAMC_ID" id="73A83D83-931B-8A12-8FF7-AD93C0445200">
<createdBy>ro38606</createdBy>
<createdTime>2013-05-07 16:48:27 UTC</createdTime>
<ownerDesignName>NYEC_BPM_Semantic_data_model_diagram</ownerDesignName>
</ColumnProxy>
<ColumnProxy class="oracle.dbtools.crest.model.design.storage.oracle.v11g.ColumnProxyOraclev11g" name="DNPAAS_ID" id="7A35CB79-88E5-13CF-9818-54F94A59F29E">
<createdBy>ro38606</createdBy>
<createdTime>2013-05-07 16:48:25 UTC</createdTime>
<ownerDesignName>NYEC_BPM_Semantic_data_model_diagram</ownerDesignName>
</ColumnProxy>
<ColumnProxy class="oracle.dbtools.crest.model.design.storage.oracle.v11g.ColumnProxyOraclev11g" name="DNPAFPBPST_ID" id="7B6972EB-459E-4FBB-E5BB-C00FF65F6FE6">
<createdBy>ro38606</createdBy>
<createdTime>2013-05-07 16:48:26 UTC</createdTime>
<ownerDesignName>NYEC_BPM_Semantic_data_model_diagram</ownerDesignName>
</ColumnProxy>
<ColumnProxy class="oracle.dbtools.crest.model.design.storage.oracle.v11g.ColumnProxyOraclev11g" name="DNPACIN_ID" id="8C4C11BE-ACFE-B923-3F84-17A70246BF42">
<createdBy>ro38606</createdBy>
<createdTime>2013-05-07 16:48:26 UTC</createdTime>
<ownerDesignName>NYEC_BPM_Semantic_data_model_diagram</ownerDesignName>
</ColumnProxy>
<ColumnProxy class="oracle.dbtools.crest.model.design.storage.oracle.v11g.ColumnProxyOraclev11g" name="DNPAONF_ID" id="902E522D-D392-469D-CE8B-69F157CC3A11">
<createdBy>ro38606</createdBy>
<createdTime>2013-05-07 16:48:27 UTC</createdTime>
<ownerDesignName>NYEC_BPM_Semantic_data_model_diagram</ownerDesignName>
</ColumnProxy>
<ColumnProxy class="oracle.dbtools.crest.model.design.storage.oracle.v11g.ColumnProxyOraclev11g" name="DNPARR_ID" id="A71178F2-95EA-DC15-4821-980C6B033DCF">
<createdBy>ro38606</createdBy>
<createdTime>2013-05-07 16:48:26 UTC</createdTime>
<ownerDesignName>NYEC_BPM_Semantic_data_model_diagram</ownerDesignName>
</ColumnProxy>
<ColumnProxy class="oracle.dbtools.crest.model.design.storage.oracle.v11g.ColumnProxyOraclev11g" name="Reactivation Date" id="BC6D8F3E-0C32-78BE-D7DB-66AA4B66BBA0">
<createdBy>ro38606</createdBy>
<createdTime>2013-05-07 16:48:27 UTC</createdTime>
<ownerDesignName>NYEC_BPM_Semantic_data_model_diagram</ownerDesignName>
</ColumnProxy>
<ColumnProxy class="oracle.dbtools.crest.model.design.storage.oracle.v11g.ColumnProxyOraclev11g" name="DNPARB_ID" id="D9D0A61E-4CD5-F3D4-86DA-2C75D2A6D108">
<createdBy>ro38606</createdBy>
<createdTime>2013-05-07 16:48:26 UTC</createdTime>
<ownerDesignName>NYEC_BPM_Semantic_data_model_diagram</ownerDesignName>
</ColumnProxy>
<ColumnProxy class="oracle.dbtools.crest.model.design.storage.oracle.v11g.ColumnProxyOraclev11g" name="DNPASAR_ID" id="F99F1E3A-A699-3D1F-74F6-FF4EE04409AF">
<createdBy>ro38606</createdBy>
<createdTime>2013-05-07 16:48:27 UTC</createdTime>
<ownerDesignName>NYEC_BPM_Semantic_data_model_diagram</ownerDesignName>
</ColumnProxy>
<ColumnProxy class="oracle.dbtools.crest.model.design.storage.oracle.v11g.ColumnProxyOraclev11g" name="DNPARN_ID" id="FA30A335-123D-4CDF-93B9-04B752CB485D">
<createdBy>ro38606</createdBy>
<createdTime>2013-05-07 16:48:26 UTC</createdTime>
<ownerDesignName>NYEC_BPM_Semantic_data_model_diagram</ownerDesignName>
</ColumnProxy>
<ColumnProxy class="oracle.dbtools.crest.model.design.storage.oracle.v11g.ColumnProxyOraclev11g" name="DNPAHCS_ID" id="FF3C2739-FC96-73AE-FC21-E8B5FFD36356">
<createdBy>ro38606</createdBy>
<createdTime>2013-05-07 16:48:26 UTC</createdTime>
<ownerDesignName>NYEC_BPM_Semantic_data_model_diagram</ownerDesignName>
</ColumnProxy>
</columnProxies>
<indexProxies>
<IndexProxy class="oracle.dbtools.crest.model.design.storage.oracle.v10g.IndexProxyOraclev10g" name="FNPABD_IXL2" id="088F71B4-37E2-6040-9E8A-742576A3B1A3">
<createdBy>ro38606</createdBy>
<createdTime>2013-05-07 16:48:54 UTC</createdTime>
<ownerDesignName>NYEC_BPM_Semantic_data_model_diagram</ownerDesignName>
<partitioned>true</partitioned>
<indexPartitioned>LOCAL</indexPartitioned>
<parallel>YES</parallel>
<segment>B42D8DB6-C9DD-C8AA-5757-8B44802B358D</segment>
<sortedRows>SORTED</sortedRows>
<tableSpace>692AEA5F-C013-5656-A766-3ECFFCBBF6AD</tableSpace>
</IndexProxy>
<IndexProxy class="oracle.dbtools.crest.model.design.storage.oracle.v10g.IndexProxyOraclev10g" name="FNPABD_IX1" id="09828273-5AA1-BFBB-2405-834011BB9AAA">
<createdBy>ro38606</createdBy>
<createdTime>2013-05-07 16:48:55 UTC</createdTime>
<ownerDesignName>NYEC_BPM_Semantic_data_model_diagram</ownerDesignName>
<parallel>YES</parallel>
<segment>78328217-4259-22E0-103A-CED2806E4CC5</segment>
<sortedRows>SORTED</sortedRows>
<tableSpace>692AEA5F-C013-5656-A766-3ECFFCBBF6AD</tableSpace>
</IndexProxy>
<IndexProxy class="oracle.dbtools.crest.model.design.storage.oracle.v10g.IndexProxyOraclev10g" name="FNPABD_UIX1" id="38E40007-42B5-E054-FF2C-B04673D7B621">
<createdBy>ro38606</createdBy>
<createdTime>2013-05-07 16:48:55 UTC</createdTime>
<ownerDesignName>NYEC_BPM_Semantic_data_model_diagram</ownerDesignName>
<parallel>YES</parallel>
<segment>78328217-4259-22E0-103A-CED2806E4CC5</segment>
<sortedRows>SORTED</sortedRows>
<tableSpace>692AEA5F-C013-5656-A766-3ECFFCBBF6AD</tableSpace>
</IndexProxy>
<IndexProxy class="oracle.dbtools.crest.model.design.storage.oracle.v10g.IndexProxyOraclev10g" name="FNPABD_IXL1" id="BBECF936-6F54-6FF2-8D8F-5E7B32F01CBF">
<createdBy>ro38606</createdBy>
<createdTime>2013-05-07 16:48:55 UTC</createdTime>
<ownerDesignName>NYEC_BPM_Semantic_data_model_diagram</ownerDesignName>
<partitioned>true</partitioned>
<indexPartitioned>LOCAL</indexPartitioned>
<parallel>YES</parallel>
<segment>B42D8DB6-C9DD-C8AA-5757-8B44802B358D</segment>
<sortedRows>SORTED</sortedRows>
<tableSpace>692AEA5F-C013-5656-A766-3ECFFCBBF6AD</tableSpace>
</IndexProxy>
<IndexProxy class="oracle.dbtools.crest.model.design.storage.oracle.v10g.IndexProxyOraclev10g" name="FNPABD_UIX2" id="D3745AB8-F2E1-FF1E-CD29-58F274A8F108">
<createdBy>ro38606</createdBy>
<createdTime>2013-05-07 16:48:55 UTC</createdTime>
<ownerDesignName>NYEC_BPM_Semantic_data_model_diagram</ownerDesignName>
<parallel>YES</parallel>
<segment>78328217-4259-22E0-103A-CED2806E4CC5</segment>
<sortedRows>SORTED</sortedRows>
<tableSpace>692AEA5F-C013-5656-A766-3ECFFCBBF6AD</tableSpace>
</IndexProxy>
<IndexProxy class="oracle.dbtools.crest.model.design.storage.oracle.v10g.IndexProxyOraclev10g" name="FNPABD_IX2" id="FB8F9598-B310-7F09-6BE8-47FCAE5DF94B">
<createdBy>ro38606</createdBy>
<createdTime>2013-05-07 16:48:54 UTC</createdTime>
<ownerDesignName>NYEC_BPM_Semantic_data_model_diagram</ownerDesignName>
<parallel>YES</parallel>
<segment>78328217-4259-22E0-103A-CED2806E4CC5</segment>
<sortedRows>SORTED</sortedRows>
<tableSpace>692AEA5F-C013-5656-A766-3ECFFCBBF6AD</tableSpace>
</IndexProxy>
</indexProxies>
<foreignKeys>
<ForeignKey class="oracle.dbtools.crest.model.design.storage.oracle.v10g.FKProxyOraclev10g" name="FNPABD_DNPARI_FK" id="09D24D35-5C1E-05BA-4322-FBD731EAA638">
<createdBy>ro38606</createdBy>
<createdTime>2013-05-07 16:50:10 UTC</createdTime>
<ownerDesignName>NYEC_BPM_Semantic_data_model_diagram</ownerDesignName>
</ForeignKey>
<ForeignKey class="oracle.dbtools.crest.model.design.storage.oracle.v10g.FKProxyOraclev10g" name="FNPABD_DNPACOU_FK" id="1099FEE0-F03C-628C-BAD6-7A6F1379A5AD">
<createdBy>ro38606</createdBy>
<createdTime>2013-05-07 16:50:10 UTC</createdTime>
<ownerDesignName>NYEC_BPM_Semantic_data_model_diagram</ownerDesignName>
</ForeignKey>
<ForeignKey class="oracle.dbtools.crest.model.design.storage.oracle.v10g.FKProxyOraclev10g" name="FNPABD_DNPAHIAI_FK" id="1BFA36FD-1428-25BA-7342-9BDFFF3744B6">
<createdBy>ro38606</createdBy>
<createdTime>2013-05-07 16:50:10 UTC</createdTime>
<ownerDesignName>NYEC_BPM_Semantic_data_model_diagram</ownerDesignName>
</ForeignKey>
<ForeignKey class="oracle.dbtools.crest.model.design.storage.oracle.v10g.FKProxyOraclev10g" name="FNPABD_DNPAMC_FK" id="387B0475-881F-F2AF-0387-23A183EEF224">
<createdBy>ro38606</createdBy>
<createdTime>2013-05-07 16:50:10 UTC</createdTime>
<ownerDesignName>NYEC_BPM_Semantic_data_model_diagram</ownerDesignName>
</ForeignKey>
<ForeignKey class="oracle.dbtools.crest.model.design.storage.oracle.v10g.FKProxyOraclev10g" name="FNPABD_DNPAHS_FK" id="38DA958D-4ACB-FFB7-62A1-11835510453D">
<createdBy>ro38606</createdBy>
<createdTime>2013-05-07 16:50:10 UTC</createdTime>
<ownerDesignName>NYEC_BPM_Semantic_data_model_diagram</ownerDesignName>
</ForeignKey>
<ForeignKey class="oracle.dbtools.crest.model.design.storage.oracle.v10g.FKProxyOraclev10g" name="FNPABD_DNPAHCS_FK" id="3F36F06F-56D3-0519-EBA1-A4E2336EA306">
<createdBy>ro38606</createdBy>
<createdTime>2013-05-07 16:50:10 UTC</createdTime>
<ownerDesignName>NYEC_BPM_Semantic_data_model_diagram</ownerDesignName>
</ForeignKey>
<ForeignKey class="oracle.dbtools.crest.model.design.storage.oracle.v10g.FKProxyOraclev10g" name="FNPABD_DNPAAS_FK" id="49EDF2FA-8933-F772-29F9-9048A6684E5B">
<createdBy>ro38606</createdBy>
<createdTime>2013-05-07 16:50:10 UTC</createdTime>
<ownerDesignName>NYEC_BPM_Semantic_data_model_diagram</ownerDesignName>
</ForeignKey>
<ForeignKey class="oracle.dbtools.crest.model.design.storage.oracle.v10g.FKProxyOraclev10g" name="FNPABD_DNPACIN_FK" id="4EF6297E-3F54-4F4E-1C65-F433F34F8F87">
<createdBy>ro38606</createdBy>
<createdTime>2013-05-07 16:50:10 UTC</createdTime>
<ownerDesignName>NYEC_BPM_Semantic_data_model_diagram</ownerDesignName>
</ForeignKey>
<ForeignKey class="oracle.dbtools.crest.model.design.storage.oracle.v10g.FKProxyOraclev10g" name="FNPABD_DNPASAR_FK" id="5611F8DC-1852-8A28-8AF1-286AF03B6916">
<createdBy>ro38606</createdBy>
<createdTime>2013-05-07 16:50:10 UTC</createdTime>
<ownerDesignName>NYEC_BPM_Semantic_data_model_diagram</ownerDesignName>
</ForeignKey>
<ForeignKey class="oracle.dbtools.crest.model.design.storage.oracle.v10g.FKProxyOraclev10g" name="FNPABD_DNPAML_FK" id="602313FE-220A-BEDE-F491-8F37DAB192DA">
<createdBy>ro38606</createdBy>
<createdTime>2013-05-07 16:50:10 UTC</createdTime>
<ownerDesignName>NYEC_BPM_Semantic_data_model_diagram</ownerDesignName>
</ForeignKey>
<ForeignKey class="oracle.dbtools.crest.model.design.storage.oracle.v10g.FKProxyOraclev10g" name="FNPABD_DNPAWRI_FK" id="60654C0E-F3C9-6175-C06F-ADE424422995">
<createdBy>ro38606</createdBy>
<createdTime>2013-05-07 16:50:10 UTC</createdTime>
<ownerDesignName>NYEC_BPM_Semantic_data_model_diagram</ownerDesignName>
</ForeignKey>
<ForeignKey class="oracle.dbtools.crest.model.design.storage.oracle.v10g.FKProxyOraclev10g" name="FNPABD_DNPAFPBPST_FK" id="610F6AFF-624F-8CCE-AA77-F34E80ED2D98">
<createdBy>ro38606</createdBy>
<createdTime>2013-05-07 16:50:10 UTC</createdTime>
<ownerDesignName>NYEC_BPM_Semantic_data_model_diagram</ownerDesignName>
</ForeignKey>
<ForeignKey class="oracle.dbtools.crest.model.design.storage.oracle.v10g.FKProxyOraclev10g" name="FNPABD_DNPARB_FK" id="72148485-C80A-7DAF-7031-36F0937864A3">
<createdBy>ro38606</createdBy>
<createdTime>2013-05-07 16:50:10 UTC</createdTime>
<ownerDesignName>NYEC_BPM_Semantic_data_model_diagram</ownerDesignName>
</ForeignKey>
<ForeignKey class="oracle.dbtools.crest.model.design.storage.oracle.v10g.FKProxyOraclev10g" name="FNPABD_DNPARN_FK" id="7F810536-1A1A-BE16-49E5-C05478898258">
<createdBy>ro38606</createdBy>
<createdTime>2013-05-07 16:50:10 UTC</createdTime>
<ownerDesignName>NYEC_BPM_Semantic_data_model_diagram</ownerDesignName>
</ForeignKey>
<ForeignKey class="oracle.dbtools.crest.model.design.storage.oracle.v10g.FKProxyOraclev10g" name="FNPABD_DNPAONF_FK" id="8C3258EB-63C6-8518-FEB6-16ED34432A45">
<createdBy>ro38606</createdBy>
<createdTime>2013-05-07 16:50:10 UTC</createdTime>
<ownerDesignName>NYEC_BPM_Semantic_data_model_diagram</ownerDesignName>
</ForeignKey>
<ForeignKey class="oracle.dbtools.crest.model.design.storage.oracle.v10g.FKProxyOraclev10g" name="FNPABD_DNPAOLS_FK" id="908845D9-B6F4-6754-044C-FB103F7ADBD5">
<createdBy>ro38606</createdBy>
<createdTime>2013-05-07 16:50:10 UTC</createdTime>
<ownerDesignName>NYEC_BPM_Semantic_data_model_diagram</ownerDesignName>
</ForeignKey>
<ForeignKey class="oracle.dbtools.crest.model.design.storage.oracle.v10g.FKProxyOraclev10g" name="FNPABD_DNPARR_FK" id="ADE6D9AB-CD6F-6804-89D4-B6D033049950">
<createdBy>ro38606</createdBy>
<createdTime>2013-05-07 16:50:10 UTC</createdTime>
<ownerDesignName>NYEC_BPM_Semantic_data_model_diagram</ownerDesignName>
</ForeignKey>
<ForeignKey class="oracle.dbtools.crest.model.design.storage.oracle.v10g.FKProxyOraclev10g" name="FNPABD_DNPACUR_FK" id="CD7FB8BA-2B0E-EBFA-0BA3-BBDC738A0CA9">
<createdBy>ro38606</createdBy>
<createdTime>2013-05-07 16:50:10 UTC</createdTime>
<ownerDesignName>NYEC_BPM_Semantic_data_model_diagram</ownerDesignName>
</ForeignKey>
<ForeignKey class="oracle.dbtools.crest.model.design.storage.oracle.v10g.FKProxyOraclev10g" name="FNPABD_DNPAQI_FK" id="F5F4CE55-CF1F-8B3B-86D7-885BB30B094C">
<createdBy>ro38606</createdBy>
<createdTime>2013-05-07 16:50:10 UTC</createdTime>
<ownerDesignName>NYEC_BPM_Semantic_data_model_diagram</ownerDesignName>
</ForeignKey>
</foreignKeys>
<partitions>
<Partition class="oracle.dbtools.crest.model.design.storage.oracle.v11g.PartitionOraclev11g" name="PT_BUCKET_START_DATE_LT_2012" id="30CE9C6E-1ED4-9FA0-F3F4-2F9C88FBE062">
<createdBy>ro38606</createdBy>
<createdTime>2013-05-07 16:50:16 UTC</createdTime>
<ownerDesignName>NYEC_BPM_Semantic_data_model_diagram</ownerDesignName>
<dataSegmentCompression>NO</dataSegmentCompression>
<logging>YES</logging>
<position>1</position>
<segment>1EA6863F-23E2-9C68-415B-FA51EC13D93A</segment>
<tableSpace>8D282799-0AFE-F2FF-2AEA-CF205662762F</tableSpace>
<valueList>TO_DATE(&apos; 2012-01-01 00:00:00&apos;, &apos;SYYYY-MM-DD HH24:MI:SS&apos;, &apos;NLS_CALENDAR=GREGORIAN&apos;)</valueList>
<localIndexProperties>
<LocalIndexProperties class="oracle.dbtools.crest.model.design.storage.oracle.LocalIndexProperties" name="LIP51" id="FEA30176-5408-2F39-4965-3B85059DA83B">
<createdBy>ro38606</createdBy>
<createdTime>2013-05-07 16:50:39 UTC</createdTime>
<ownerDesignName>NYEC_BPM_Semantic_data_model_diagram</ownerDesignName>
<index>088F71B4-37E2-6040-9E8A-742576A3B1A3</index>
<logging>YES</logging>
<partitionName>PT_BUCKET_START_DATE_LT_2012</partitionName>
<segment>78328217-4259-22E0-103A-CED2806E4CC5</segment>
<tableSpace>692AEA5F-C013-5656-A766-3ECFFCBBF6AD</tableSpace>
</LocalIndexProperties>
<LocalIndexProperties class="oracle.dbtools.crest.model.design.storage.oracle.LocalIndexProperties" name="LIP89" id="C4B76BE8-6139-A0AF-3450-DC1A0356352D">
<createdBy>ro38606</createdBy>
<createdTime>2013-05-07 16:50:44 UTC</createdTime>
<ownerDesignName>NYEC_BPM_Semantic_data_model_diagram</ownerDesignName>
<index>BBECF936-6F54-6FF2-8D8F-5E7B32F01CBF</index>
<logging>YES</logging>
<partitionName>PT_BUCKET_START_DATE_LT_2012</partitionName>
<segment>78328217-4259-22E0-103A-CED2806E4CC5</segment>
<tableSpace>692AEA5F-C013-5656-A766-3ECFFCBBF6AD</tableSpace>
</LocalIndexProperties>
</localIndexProperties>
</Partition>
<Partition class="oracle.dbtools.crest.model.design.storage.oracle.v11g.PartitionOraclev11g" name="SYS_P1541" id="FC2B9ACF-0E04-22ED-808F-B7CA25143CBF">
<createdBy>ro38606</createdBy>
<createdTime>2013-05-07 16:50:16 UTC</createdTime>
<ownerDesignName>NYEC_BPM_Semantic_data_model_diagram</ownerDesignName>
<dataSegmentCompression>NO</dataSegmentCompression>
<logging>YES</logging>
<position>2</position>
<segment>1EA6863F-23E2-9C68-415B-FA51EC13D93A</segment>
<tableSpace>8D282799-0AFE-F2FF-2AEA-CF205662762F</tableSpace>
<valueList>TO_DATE(&apos; 2012-05-11 00:00:00&apos;, &apos;SYYYY-MM-DD HH24:MI:SS&apos;, &apos;NLS_CALENDAR=GREGORIAN&apos;)</valueList>
<localIndexProperties>
<LocalIndexProperties class="oracle.dbtools.crest.model.design.storage.oracle.LocalIndexProperties" name="LIP52" id="59136A92-4B85-2001-56D1-F9F1D7E84C90">
<createdBy>ro38606</createdBy>
<createdTime>2013-05-07 16:50:39 UTC</createdTime>
<ownerDesignName>NYEC_BPM_Semantic_data_model_diagram</ownerDesignName>
<index>088F71B4-37E2-6040-9E8A-742576A3B1A3</index>
<logging>YES</logging>
<partitionName>SYS_P3795</partitionName>
<segment>78328217-4259-22E0-103A-CED2806E4CC5</segment>
<tableSpace>692AEA5F-C013-5656-A766-3ECFFCBBF6AD</tableSpace>
</LocalIndexProperties>
<LocalIndexProperties class="oracle.dbtools.crest.model.design.storage.oracle.LocalIndexProperties" name="LIP90" id="C943727A-F970-8F3F-6CA3-2F75DAC48B6D">
<createdBy>ro38606</createdBy>
<createdTime>2013-05-07 16:50:44 UTC</createdTime>
<ownerDesignName>NYEC_BPM_Semantic_data_model_diagram</ownerDesignName>
<index>BBECF936-6F54-6FF2-8D8F-5E7B32F01CBF</index>
<logging>YES</logging>
<partitionName>SYS_P1593</partitionName>
<segment>78328217-4259-22E0-103A-CED2806E4CC5</segment>
<tableSpace>692AEA5F-C013-5656-A766-3ECFFCBBF6AD</tableSpace>
</LocalIndexProperties>
</localIndexProperties>
</Partition>
<Partition class="oracle.dbtools.crest.model.design.storage.oracle.v11g.PartitionOraclev11g" name="SYS_P1546" id="8C4E7188-D3E0-4A4A-255E-9F914A56E5A6">
<createdBy>ro38606</createdBy>
<createdTime>2013-05-07 16:50:16 UTC</createdTime>
<ownerDesignName>NYEC_BPM_Semantic_data_model_diagram</ownerDesignName>
<dataSegmentCompression>NO</dataSegmentCompression>
<logging>YES</logging>
<position>3</position>
<segment>1EA6863F-23E2-9C68-415B-FA51EC13D93A</segment>
<tableSpace>8D282799-0AFE-F2FF-2AEA-CF205662762F</tableSpace>
<valueList>TO_DATE(&apos; 2012-08-01 00:00:00&apos;, &apos;SYYYY-MM-DD HH24:MI:SS&apos;, &apos;NLS_CALENDAR=GREGORIAN&apos;)</valueList>
<localIndexProperties>
<LocalIndexProperties class="oracle.dbtools.crest.model.design.storage.oracle.LocalIndexProperties" name="LIP53" id="EEDACB6E-3C12-4B2F-9DD5-335AC5601169">
<createdBy>ro38606</createdBy>
<createdTime>2013-05-07 16:50:39 UTC</createdTime>
<ownerDesignName>NYEC_BPM_Semantic_data_model_diagram</ownerDesignName>
<index>088F71B4-37E2-6040-9E8A-742576A3B1A3</index>
<logging>YES</logging>
<partitionName>SYS_P3796</partitionName>
<segment>78328217-4259-22E0-103A-CED2806E4CC5</segment>
<tableSpace>692AEA5F-C013-5656-A766-3ECFFCBBF6AD</tableSpace>
</LocalIndexProperties>
<LocalIndexProperties class="oracle.dbtools.crest.model.design.storage.oracle.LocalIndexProperties" name="LIP91" id="C2477439-BF80-B023-07EC-DF8A6FBA72E8">
<createdBy>ro38606</createdBy>
<createdTime>2013-05-07 16:50:44 UTC</createdTime>
<ownerDesignName>NYEC_BPM_Semantic_data_model_diagram</ownerDesignName>
<index>BBECF936-6F54-6FF2-8D8F-5E7B32F01CBF</index>
<logging>YES</logging>
<partitionName>SYS_P1594</partitionName>
<segment>78328217-4259-22E0-103A-CED2806E4CC5</segment>
<tableSpace>692AEA5F-C013-5656-A766-3ECFFCBBF6AD</tableSpace>
</LocalIndexProperties>
</localIndexProperties>
</Partition>
<Partition class="oracle.dbtools.crest.model.design.storage.oracle.v11g.PartitionOraclev11g" name="SYS_P1542" id="B670927D-AFA5-8DE5-3FB1-36A8D207A60E">
<createdBy>ro38606</createdBy>
<createdTime>2013-05-07 16:50:16 UTC</createdTime>
<ownerDesignName>NYEC_BPM_Semantic_data_model_diagram</ownerDesignName>
<dataSegmentCompression>NO</dataSegmentCompression>
<logging>YES</logging>
<position>4</position>
<segment>1EA6863F-23E2-9C68-415B-FA51EC13D93A</segment>
<tableSpace>8D282799-0AFE-F2FF-2AEA-CF205662762F</tableSpace>
<valueList>TO_DATE(&apos; 2012-09-21 00:00:00&apos;, &apos;SYYYY-MM-DD HH24:MI:SS&apos;, &apos;NLS_CALENDAR=GREGORIAN&apos;)</valueList>
<localIndexProperties>
<LocalIndexProperties class="oracle.dbtools.crest.model.design.storage.oracle.LocalIndexProperties" name="LIP54" id="6A1D992B-6EBB-908E-505C-5ECAABD49862">
<createdBy>ro38606</createdBy>
<createdTime>2013-05-07 16:50:39 UTC</createdTime>
<ownerDesignName>NYEC_BPM_Semantic_data_model_diagram</ownerDesignName>
<index>088F71B4-37E2-6040-9E8A-742576A3B1A3</index>
<logging>YES</logging>
<partitionName>SYS_P3797</partitionName>
<segment>78328217-4259-22E0-103A-CED2806E4CC5</segment>
<tableSpace>692AEA5F-C013-5656-A766-3ECFFCBBF6AD</tableSpace>
</LocalIndexProperties>
<LocalIndexProperties class="oracle.dbtools.crest.model.design.storage.oracle.LocalIndexProperties" name="LIP92" id="9ABE2165-F2DF-D1B1-77B9-D368C4267672">
<createdBy>ro38606</createdBy>
<createdTime>2013-05-07 16:50:44 UTC</createdTime>
<ownerDesignName>NYEC_BPM_Semantic_data_model_diagram</ownerDesignName>
<index>BBECF936-6F54-6FF2-8D8F-5E7B32F01CBF</index>
<logging>YES</logging>
<partitionName>SYS_P1595</partitionName>
<segment>78328217-4259-22E0-103A-CED2806E4CC5</segment>
<tableSpace>692AEA5F-C013-5656-A766-3ECFFCBBF6AD</tableSpace>
</LocalIndexProperties>
</localIndexProperties>
</Partition>
<Partition class="oracle.dbtools.crest.model.design.storage.oracle.v11g.PartitionOraclev11g" name="SYS_P1543" id="4E621DFE-7324-5C9C-AB83-B743CBE6367B">
<createdBy>ro38606</createdBy>
<createdTime>2013-05-07 16:50:16 UTC</createdTime>
<ownerDesignName>NYEC_BPM_Semantic_data_model_diagram</ownerDesignName>
<dataSegmentCompression>NO</dataSegmentCompression>
<logging>YES</logging>
<position>5</position>
<segment>1EA6863F-23E2-9C68-415B-FA51EC13D93A</segment>
<tableSpace>8D282799-0AFE-F2FF-2AEA-CF205662762F</tableSpace>
<valueList>TO_DATE(&apos; 2012-09-22 00:00:00&apos;, &apos;SYYYY-MM-DD HH24:MI:SS&apos;, &apos;NLS_CALENDAR=GREGORIAN&apos;)</valueList>
<localIndexProperties>
<LocalIndexProperties class="oracle.dbtools.crest.model.design.storage.oracle.LocalIndexProperties" name="LIP55" id="D31794F1-4E9A-5CEF-3673-EA8AE103A2AC">
<createdBy>ro38606</createdBy>
<createdTime>2013-05-07 16:50:39 UTC</createdTime>
<ownerDesignName>NYEC_BPM_Semantic_data_model_diagram</ownerDesignName>
<index>088F71B4-37E2-6040-9E8A-742576A3B1A3</index>
<logging>YES</logging>
<partitionName>SYS_P3798</partitionName>
<segment>78328217-4259-22E0-103A-CED2806E4CC5</segment>
<tableSpace>692AEA5F-C013-5656-A766-3ECFFCBBF6AD</tableSpace>
</LocalIndexProperties>
<LocalIndexProperties class="oracle.dbtools.crest.model.design.storage.oracle.LocalIndexProperties" name="LIP93" id="7528B91C-5EDA-21C9-05BD-2E2EE5477F86">
<createdBy>ro38606</createdBy>
<createdTime>2013-05-07 16:50:44 UTC</createdTime>
<ownerDesignName>NYEC_BPM_Semantic_data_model_diagram</ownerDesignName>
<index>BBECF936-6F54-6FF2-8D8F-5E7B32F01CBF</index>
<logging>YES</logging>
<partitionName>SYS_P1596</partitionName>
<segment>78328217-4259-22E0-103A-CED2806E4CC5</segment>
<tableSpace>692AEA5F-C013-5656-A766-3ECFFCBBF6AD</tableSpace>
</LocalIndexProperties>
</localIndexProperties>
</Partition>
<Partition class="oracle.dbtools.crest.model.design.storage.oracle.v11g.PartitionOraclev11g" name="SYS_P1544" id="047F3BD0-0107-6ECB-2ADA-F257ED549D42">
<createdBy>ro38606</createdBy>
<createdTime>2013-05-07 16:50:16 UTC</createdTime>
<ownerDesignName>NYEC_BPM_Semantic_data_model_diagram</ownerDesignName>
<dataSegmentCompression>NO</dataSegmentCompression>
<logging>YES</logging>
<position>6</position>
<segment>1EA6863F-23E2-9C68-415B-FA51EC13D93A</segment>
<tableSpace>8D282799-0AFE-F2FF-2AEA-CF205662762F</tableSpace>
<valueList>TO_DATE(&apos; 2012-09-29 00:00:00&apos;, &apos;SYYYY-MM-DD HH24:MI:SS&apos;, &apos;NLS_CALENDAR=GREGORIAN&apos;)</valueList>
<localIndexProperties>
<LocalIndexProperties class="oracle.dbtools.crest.model.design.storage.oracle.LocalIndexProperties" name="LIP56" id="6F23C77F-46A3-A9B4-F342-177D263C708E">
<createdBy>ro38606</createdBy>
<createdTime>2013-05-07 16:50:40 UTC</createdTime>
<ownerDesignName>NYEC_BPM_Semantic_data_model_diagram</ownerDesignName>
<index>088F71B4-37E2-6040-9E8A-742576A3B1A3</index>
<logging>YES</logging>
<partitionName>SYS_P3799</partitionName>
<segment>78328217-4259-22E0-103A-CED2806E4CC5</segment>
<tableSpace>692AEA5F-C013-5656-A766-3ECFFCBBF6AD</tableSpace>
</LocalIndexProperties>
<LocalIndexProperties class="oracle.dbtools.crest.model.design.storage.oracle.LocalIndexProperties" name="LIP94" id="F7772D9A-5F44-8428-B427-489D54C19A48">
<createdBy>ro38606</createdBy>
<createdTime>2013-05-07 16:50:45 UTC</createdTime>
<ownerDesignName>NYEC_BPM_Semantic_data_model_diagram</ownerDesignName>
<index>BBECF936-6F54-6FF2-8D8F-5E7B32F01CBF</index>
<logging>YES</logging>
<partitionName>SYS_P1597</partitionName>
<segment>78328217-4259-22E0-103A-CED2806E4CC5</segment>
<tableSpace>692AEA5F-C013-5656-A766-3ECFFCBBF6AD</tableSpace>
</LocalIndexProperties>
</localIndexProperties>
</Partition>
<Partition class="oracle.dbtools.crest.model.design.storage.oracle.v11g.PartitionOraclev11g" name="SYS_P1545" id="7BCF4D50-E781-B908-7742-1C3995E13FB6">
<createdBy>ro38606</createdBy>
<createdTime>2013-05-07 16:50:17 UTC</createdTime>
<ownerDesignName>NYEC_BPM_Semantic_data_model_diagram</ownerDesignName>
<dataSegmentCompression>NO</dataSegmentCompression>
<logging>YES</logging>
<position>7</position>
<segment>1EA6863F-23E2-9C68-415B-FA51EC13D93A</segment>
<tableSpace>8D282799-0AFE-F2FF-2AEA-CF205662762F</tableSpace>
<valueList>TO_DATE(&apos; 2012-10-17 00:00:00&apos;, &apos;SYYYY-MM-DD HH24:MI:SS&apos;, &apos;NLS_CALENDAR=GREGORIAN&apos;)</valueList>
<localIndexProperties>
<LocalIndexProperties class="oracle.dbtools.crest.model.design.storage.oracle.LocalIndexProperties" name="LIP57" id="BC2EEDBB-68DC-DADD-E6D1-28246302A6B7">
<createdBy>ro38606</createdBy>
<createdTime>2013-05-07 16:50:40 UTC</createdTime>
<ownerDesignName>NYEC_BPM_Semantic_data_model_diagram</ownerDesignName>
<index>088F71B4-37E2-6040-9E8A-742576A3B1A3</index>
<logging>YES</logging>
<partitionName>SYS_P3800</partitionName>
<segment>78328217-4259-22E0-103A-CED2806E4CC5</segment>
<tableSpace>692AEA5F-C013-5656-A766-3ECFFCBBF6AD</tableSpace>
</LocalIndexProperties>
<LocalIndexProperties class="oracle.dbtools.crest.model.design.storage.oracle.LocalIndexProperties" name="LIP95" id="FC23EEF2-B2AD-D59E-B0F4-E3B47067164D">
<createdBy>ro38606</createdBy>
<createdTime>2013-05-07 16:50:45 UTC</createdTime>
<ownerDesignName>NYEC_BPM_Semantic_data_model_diagram</ownerDesignName>
<index>BBECF936-6F54-6FF2-8D8F-5E7B32F01CBF</index>
<logging>YES</logging>
<partitionName>SYS_P1598</partitionName>
<segment>78328217-4259-22E0-103A-CED2806E4CC5</segment>
<tableSpace>692AEA5F-C013-5656-A766-3ECFFCBBF6AD</tableSpace>
</LocalIndexProperties>
</localIndexProperties>
</Partition>
<Partition class="oracle.dbtools.crest.model.design.storage.oracle.v11g.PartitionOraclev11g" name="SYS_P1641" id="78E6DCB5-CC4C-064F-CB97-793D16B75A25">
<createdBy>ro38606</createdBy>
<createdTime>2013-05-07 16:50:17 UTC</createdTime>
<ownerDesignName>NYEC_BPM_Semantic_data_model_diagram</ownerDesignName>
<dataSegmentCompression>NO</dataSegmentCompression>
<logging>YES</logging>
<position>8</position>
<segment>1EA6863F-23E2-9C68-415B-FA51EC13D93A</segment>
<tableSpace>8D282799-0AFE-F2FF-2AEA-CF205662762F</tableSpace>
<valueList>TO_DATE(&apos; 2012-11-03 00:00:00&apos;, &apos;SYYYY-MM-DD HH24:MI:SS&apos;, &apos;NLS_CALENDAR=GREGORIAN&apos;)</valueList>
<localIndexProperties>
<LocalIndexProperties class="oracle.dbtools.crest.model.design.storage.oracle.LocalIndexProperties" name="LIP58" id="453F348D-9FFE-A21E-255B-470BC1EADCD2">
<createdBy>ro38606</createdBy>
<createdTime>2013-05-07 16:50:40 UTC</createdTime>
<ownerDesignName>NYEC_BPM_Semantic_data_model_diagram</ownerDesignName>
<index>088F71B4-37E2-6040-9E8A-742576A3B1A3</index>
<logging>YES</logging>
<partitionName>SYS_P3801</partitionName>
<segment>78328217-4259-22E0-103A-CED2806E4CC5</segment>
<tableSpace>692AEA5F-C013-5656-A766-3ECFFCBBF6AD</tableSpace>
</LocalIndexProperties>
<LocalIndexProperties class="oracle.dbtools.crest.model.design.storage.oracle.LocalIndexProperties" name="LIP96" id="1AF24134-2FF1-5A11-3E0B-2D9AF54BC9BD">
<createdBy>ro38606</createdBy>
<createdTime>2013-05-07 16:50:45 UTC</createdTime>
<ownerDesignName>NYEC_BPM_Semantic_data_model_diagram</ownerDesignName>
<index>BBECF936-6F54-6FF2-8D8F-5E7B32F01CBF</index>
<logging>YES</logging>
<partitionName>SYS_P1641</partitionName>
<segment>78328217-4259-22E0-103A-CED2806E4CC5</segment>
<tableSpace>692AEA5F-C013-5656-A766-3ECFFCBBF6AD</tableSpace>
</LocalIndexProperties>
</localIndexProperties>
</Partition>
<Partition class="oracle.dbtools.crest.model.design.storage.oracle.v11g.PartitionOraclev11g" name="SYS_P1656" id="34857013-797B-369D-4BD9-3AAA76EF710C">
<createdBy>ro38606</createdBy>
<createdTime>2013-05-07 16:50:17 UTC</createdTime>
<ownerDesignName>NYEC_BPM_Semantic_data_model_diagram</ownerDesignName>
<dataSegmentCompression>NO</dataSegmentCompression>
<logging>YES</logging>
<position>9</position>
<segment>1EA6863F-23E2-9C68-415B-FA51EC13D93A</segment>
<tableSpace>8D282799-0AFE-F2FF-2AEA-CF205662762F</tableSpace>
<valueList>TO_DATE(&apos; 2012-11-08 00:00:00&apos;, &apos;SYYYY-MM-DD HH24:MI:SS&apos;, &apos;NLS_CALENDAR=GREGORIAN&apos;)</valueList>
<localIndexProperties>
<LocalIndexProperties class="oracle.dbtools.crest.model.design.storage.oracle.LocalIndexProperties" name="LIP59" id="5B41DC82-EA12-9D4F-AA7D-F90C943E97E7">
<createdBy>ro38606</createdBy>
<createdTime>2013-05-07 16:50:40 UTC</createdTime>
<ownerDesignName>NYEC_BPM_Semantic_data_model_diagram</ownerDesignName>
<index>088F71B4-37E2-6040-9E8A-742576A3B1A3</index>
<logging>YES</logging>
<partitionName>SYS_P3802</partitionName>
<segment>78328217-4259-22E0-103A-CED2806E4CC5</segment>
<tableSpace>692AEA5F-C013-5656-A766-3ECFFCBBF6AD</tableSpace>
</LocalIndexProperties>
<LocalIndexProperties class="oracle.dbtools.crest.model.design.storage.oracle.LocalIndexProperties" name="LIP97" id="19913FDE-6442-C5A0-7A1F-8AC3653CC5DD">
<createdBy>ro38606</createdBy>
<createdTime>2013-05-07 16:50:45 UTC</createdTime>
<ownerDesignName>NYEC_BPM_Semantic_data_model_diagram</ownerDesignName>
<index>BBECF936-6F54-6FF2-8D8F-5E7B32F01CBF</index>
<logging>YES</logging>
<partitionName>SYS_P1656</partitionName>
<segment>78328217-4259-22E0-103A-CED2806E4CC5</segment>
<tableSpace>692AEA5F-C013-5656-A766-3ECFFCBBF6AD</tableSpace>
</LocalIndexProperties>
</localIndexProperties>
</Partition>
<Partition class="oracle.dbtools.crest.model.design.storage.oracle.v11g.PartitionOraclev11g" name="SYS_P3975" id="C2B56106-CB82-9225-2AA6-8286AD35EE83">
<createdBy>ro38606</createdBy>
<createdTime>2013-05-07 16:50:17 UTC</createdTime>
<ownerDesignName>NYEC_BPM_Semantic_data_model_diagram</ownerDesignName>
<dataSegmentCompression>NO</dataSegmentCompression>
<logging>YES</logging>
<position>10</position>
<segment>1EA6863F-23E2-9C68-415B-FA51EC13D93A</segment>
<tableSpace>8D282799-0AFE-F2FF-2AEA-CF205662762F</tableSpace>
<valueList>TO_DATE(&apos; 2012-11-10 00:00:00&apos;, &apos;SYYYY-MM-DD HH24:MI:SS&apos;, &apos;NLS_CALENDAR=GREGORIAN&apos;)</valueList>
<localIndexProperties>
<LocalIndexProperties class="oracle.dbtools.crest.model.design.storage.oracle.LocalIndexProperties" name="LIP60" id="07154456-77E4-D4BE-E30B-1509B889F94D">
<createdBy>ro38606</createdBy>
<createdTime>2013-05-07 16:50:40 UTC</createdTime>
<ownerDesignName>NYEC_BPM_Semantic_data_model_diagram</ownerDesignName>
<index>088F71B4-37E2-6040-9E8A-742576A3B1A3</index>
<logging>YES</logging>
<partitionName>SYS_P3975</partitionName>
<segment>78328217-4259-22E0-103A-CED2806E4CC5</segment>
<tableSpace>692AEA5F-C013-5656-A766-3ECFFCBBF6AD</tableSpace>
</LocalIndexProperties>
<LocalIndexProperties class="oracle.dbtools.crest.model.design.storage.oracle.LocalIndexProperties" name="LIP98" id="FB72B2F7-C42B-3843-6057-FB6D683E154F">
<createdBy>ro38606</createdBy>
<createdTime>2013-05-07 16:50:45 UTC</createdTime>
<ownerDesignName>NYEC_BPM_Semantic_data_model_diagram</ownerDesignName>
<index>BBECF936-6F54-6FF2-8D8F-5E7B32F01CBF</index>
<logging>YES</logging>
<partitionName>SYS_P3975</partitionName>
<segment>78328217-4259-22E0-103A-CED2806E4CC5</segment>
<tableSpace>692AEA5F-C013-5656-A766-3ECFFCBBF6AD</tableSpace>
</LocalIndexProperties>
</localIndexProperties>
</Partition>
<Partition class="oracle.dbtools.crest.model.design.storage.oracle.v11g.PartitionOraclev11g" name="SYS_P3972" id="E9CEEA41-8500-B862-BF86-429B42ABAE24">
<createdBy>ro38606</createdBy>
<createdTime>2013-05-07 16:50:17 UTC</createdTime>
<ownerDesignName>NYEC_BPM_Semantic_data_model_diagram</ownerDesignName>
<dataSegmentCompression>NO</dataSegmentCompression>
<logging>YES</logging>
<position>11</position>
<segment>1EA6863F-23E2-9C68-415B-FA51EC13D93A</segment>
<tableSpace>8D282799-0AFE-F2FF-2AEA-CF205662762F</tableSpace>
<valueList>TO_DATE(&apos; 2012-12-08 00:00:00&apos;, &apos;SYYYY-MM-DD HH24:MI:SS&apos;, &apos;NLS_CALENDAR=GREGORIAN&apos;)</valueList>
<localIndexProperties>
<LocalIndexProperties class="oracle.dbtools.crest.model.design.storage.oracle.LocalIndexProperties" name="LIP61" id="9014F3AC-55F9-DDF9-A365-C44D19E6CD8F">
<createdBy>ro38606</createdBy>
<createdTime>2013-05-07 16:50:40 UTC</createdTime>
<ownerDesignName>NYEC_BPM_Semantic_data_model_diagram</ownerDesignName>
<index>088F71B4-37E2-6040-9E8A-742576A3B1A3</index>
<logging>YES</logging>
<partitionName>SYS_P3972</partitionName>
<segment>78328217-4259-22E0-103A-CED2806E4CC5</segment>
<tableSpace>692AEA5F-C013-5656-A766-3ECFFCBBF6AD</tableSpace>
</LocalIndexProperties>
<LocalIndexProperties class="oracle.dbtools.crest.model.design.storage.oracle.LocalIndexProperties" name="LIP99" id="D7B74857-4887-4F5C-33A6-10FE4E27DEC0">
<createdBy>ro38606</createdBy>
<createdTime>2013-05-07 16:50:45 UTC</createdTime>
<ownerDesignName>NYEC_BPM_Semantic_data_model_diagram</ownerDesignName>
<index>BBECF936-6F54-6FF2-8D8F-5E7B32F01CBF</index>
<logging>YES</logging>
<partitionName>SYS_P3972</partitionName>
<segment>78328217-4259-22E0-103A-CED2806E4CC5</segment>
<tableSpace>692AEA5F-C013-5656-A766-3ECFFCBBF6AD</tableSpace>
</LocalIndexProperties>
</localIndexProperties>
</Partition>
<Partition class="oracle.dbtools.crest.model.design.storage.oracle.v11g.PartitionOraclev11g" name="SYS_P3976" id="BA0D2F92-7AC1-10EA-50B8-CE244755F4E2">
<createdBy>ro38606</createdBy>
<createdTime>2013-05-07 16:50:17 UTC</createdTime>
<ownerDesignName>NYEC_BPM_Semantic_data_model_diagram</ownerDesignName>
<dataSegmentCompression>NO</dataSegmentCompression>
<logging>YES</logging>
<position>12</position>
<segment>1EA6863F-23E2-9C68-415B-FA51EC13D93A</segment>
<tableSpace>8D282799-0AFE-F2FF-2AEA-CF205662762F</tableSpace>
<valueList>TO_DATE(&apos; 2012-12-09 00:00:00&apos;, &apos;SYYYY-MM-DD HH24:MI:SS&apos;, &apos;NLS_CALENDAR=GREGORIAN&apos;)</valueList>
<localIndexProperties>
<LocalIndexProperties class="oracle.dbtools.crest.model.design.storage.oracle.LocalIndexProperties" name="LIP62" id="4CF0D083-C37E-1224-8F08-907521065CF1">
<createdBy>ro38606</createdBy>
<createdTime>2013-05-07 16:50:40 UTC</createdTime>
<ownerDesignName>NYEC_BPM_Semantic_data_model_diagram</ownerDesignName>
<index>088F71B4-37E2-6040-9E8A-742576A3B1A3</index>
<logging>YES</logging>
<partitionName>SYS_P3976</partitionName>
<segment>78328217-4259-22E0-103A-CED2806E4CC5</segment>
<tableSpace>692AEA5F-C013-5656-A766-3ECFFCBBF6AD</tableSpace>
</LocalIndexProperties>
<LocalIndexProperties class="oracle.dbtools.crest.model.design.storage.oracle.LocalIndexProperties" name="LIP100" id="7A547AAF-D0EC-E3A4-4959-44949A72AB03">
<createdBy>ro38606</createdBy>
<createdTime>2013-05-07 16:50:45 UTC</createdTime>
<ownerDesignName>NYEC_BPM_Semantic_data_model_diagram</ownerDesignName>
<index>BBECF936-6F54-6FF2-8D8F-5E7B32F01CBF</index>
<logging>YES</logging>
<partitionName>SYS_P3976</partitionName>
<segment>78328217-4259-22E0-103A-CED2806E4CC5</segment>
<tableSpace>692AEA5F-C013-5656-A766-3ECFFCBBF6AD</tableSpace>
</LocalIndexProperties>
</localIndexProperties>
</Partition>
<Partition class="oracle.dbtools.crest.model.design.storage.oracle.v11g.PartitionOraclev11g" name="SYS_P3986" id="F1986316-D4FD-0141-883D-ADCBDF92AB43">
<createdBy>ro38606</createdBy>
<createdTime>2013-05-07 16:50:17 UTC</createdTime>
<ownerDesignName>NYEC_BPM_Semantic_data_model_diagram</ownerDesignName>
<dataSegmentCompression>NO</dataSegmentCompression>
<logging>YES</logging>
<position>13</position>
<segment>1EA6863F-23E2-9C68-415B-FA51EC13D93A</segment>
<tableSpace>8D282799-0AFE-F2FF-2AEA-CF205662762F</tableSpace>
<valueList>TO_DATE(&apos; 2012-12-10 00:00:00&apos;, &apos;SYYYY-MM-DD HH24:MI:SS&apos;, &apos;NLS_CALENDAR=GREGORIAN&apos;)</valueList>
<localIndexProperties>
<LocalIndexProperties class="oracle.dbtools.crest.model.design.storage.oracle.LocalIndexProperties" name="LIP63" id="D569E862-63B1-E91D-B922-15623FE39901">
<createdBy>ro38606</createdBy>
<createdTime>2013-05-07 16:50:40 UTC</createdTime>
<ownerDesignName>NYEC_BPM_Semantic_data_model_diagram</ownerDesignName>
<index>088F71B4-37E2-6040-9E8A-742576A3B1A3</index>
<logging>YES</logging>
<partitionName>SYS_P3986</partitionName>
<segment>78328217-4259-22E0-103A-CED2806E4CC5</segment>
<tableSpace>692AEA5F-C013-5656-A766-3ECFFCBBF6AD</tableSpace>
</LocalIndexProperties>
<LocalIndexProperties class="oracle.dbtools.crest.model.design.storage.oracle.LocalIndexProperties" name="LIP101" id="62D4FC82-7203-C60E-FA0F-3735B69DE990">
<createdBy>ro38606</createdBy>
<createdTime>2013-05-07 16:50:45 UTC</createdTime>
<ownerDesignName>NYEC_BPM_Semantic_data_model_diagram</ownerDesignName>
<index>BBECF936-6F54-6FF2-8D8F-5E7B32F01CBF</index>
<logging>YES</logging>
<partitionName>SYS_P3986</partitionName>
<segment>78328217-4259-22E0-103A-CED2806E4CC5</segment>
<tableSpace>692AEA5F-C013-5656-A766-3ECFFCBBF6AD</tableSpace>
</LocalIndexProperties>
</localIndexProperties>
</Partition>
<Partition class="oracle.dbtools.crest.model.design.storage.oracle.v11g.PartitionOraclev11g" name="SYS_P3985" id="2A87438F-F515-610F-FBE3-73E2FBB7E6A7">
<createdBy>ro38606</createdBy>
<createdTime>2013-05-07 16:50:17 UTC</createdTime>
<ownerDesignName>NYEC_BPM_Semantic_data_model_diagram</ownerDesignName>
<dataSegmentCompression>NO</dataSegmentCompression>
<logging>YES</logging>
<position>14</position>
<segment>1EA6863F-23E2-9C68-415B-FA51EC13D93A</segment>
<tableSpace>8D282799-0AFE-F2FF-2AEA-CF205662762F</tableSpace>
<valueList>TO_DATE(&apos; 2012-12-11 00:00:00&apos;, &apos;SYYYY-MM-DD HH24:MI:SS&apos;, &apos;NLS_CALENDAR=GREGORIAN&apos;)</valueList>
<localIndexProperties>
<LocalIndexProperties class="oracle.dbtools.crest.model.design.storage.oracle.LocalIndexProperties" name="LIP64" id="F3ECD5D9-3DDE-481C-EC64-52A4D0DA879B">
<createdBy>ro38606</createdBy>
<createdTime>2013-05-07 16:50:41 UTC</createdTime>
<ownerDesignName>NYEC_BPM_Semantic_data_model_diagram</ownerDesignName>
<index>088F71B4-37E2-6040-9E8A-742576A3B1A3</index>
<logging>YES</logging>
<partitionName>SYS_P3985</partitionName>
<segment>78328217-4259-22E0-103A-CED2806E4CC5</segment>
<tableSpace>692AEA5F-C013-5656-A766-3ECFFCBBF6AD</tableSpace>
</LocalIndexProperties>
<LocalIndexProperties class="oracle.dbtools.crest.model.design.storage.oracle.LocalIndexProperties" name="LIP102" id="E56F3BFE-87D7-2780-2CE1-8C7E8482AE06">
<createdBy>ro38606</createdBy>
<createdTime>2013-05-07 16:50:46 UTC</createdTime>
<ownerDesignName>NYEC_BPM_Semantic_data_model_diagram</ownerDesignName>
<index>BBECF936-6F54-6FF2-8D8F-5E7B32F01CBF</index>
<logging>YES</logging>
<partitionName>SYS_P3985</partitionName>
<segment>78328217-4259-22E0-103A-CED2806E4CC5</segment>
<tableSpace>692AEA5F-C013-5656-A766-3ECFFCBBF6AD</tableSpace>
</LocalIndexProperties>
</localIndexProperties>
</Partition>
<Partition class="oracle.dbtools.crest.model.design.storage.oracle.v11g.PartitionOraclev11g" name="SYS_P3988" id="A89B1C76-CC5E-7F97-C302-E4DC24936A4E">
<createdBy>ro38606</createdBy>
<createdTime>2013-05-07 16:50:18 UTC</createdTime>
<ownerDesignName>NYEC_BPM_Semantic_data_model_diagram</ownerDesignName>
<dataSegmentCompression>NO</dataSegmentCompression>
<logging>YES</logging>
<position>15</position>
<segment>1EA6863F-23E2-9C68-415B-FA51EC13D93A</segment>
<tableSpace>8D282799-0AFE-F2FF-2AEA-CF205662762F</tableSpace>
<valueList>TO_DATE(&apos; 2012-12-12 00:00:00&apos;, &apos;SYYYY-MM-DD HH24:MI:SS&apos;, &apos;NLS_CALENDAR=GREGORIAN&apos;)</valueList>
<localIndexProperties>
<LocalIndexProperties class="oracle.dbtools.crest.model.design.storage.oracle.LocalIndexProperties" name="LIP65" id="3884C28A-3968-C114-C221-295B4D61F662">
<createdBy>ro38606</createdBy>
<createdTime>2013-05-07 16:50:41 UTC</createdTime>
<ownerDesignName>NYEC_BPM_Semantic_data_model_diagram</ownerDesignName>
<index>088F71B4-37E2-6040-9E8A-742576A3B1A3</index>
<logging>YES</logging>
<partitionName>SYS_P3988</partitionName>
<segment>78328217-4259-22E0-103A-CED2806E4CC5</segment>
<tableSpace>692AEA5F-C013-5656-A766-3ECFFCBBF6AD</tableSpace>
</LocalIndexProperties>
<LocalIndexProperties class="oracle.dbtools.crest.model.design.storage.oracle.LocalIndexProperties" name="LIP103" id="EA9BF556-00F0-B1C7-A67B-046DF984408E">
<createdBy>ro38606</createdBy>
<createdTime>2013-05-07 16:50:46 UTC</createdTime>
<ownerDesignName>NYEC_BPM_Semantic_data_model_diagram</ownerDesignName>
<index>BBECF936-6F54-6FF2-8D8F-5E7B32F01CBF</index>
<logging>YES</logging>
<partitionName>SYS_P3988</partitionName>
<segment>78328217-4259-22E0-103A-CED2806E4CC5</segment>
<tableSpace>692AEA5F-C013-5656-A766-3ECFFCBBF6AD</tableSpace>
</LocalIndexProperties>
</localIndexProperties>
</Partition>
<Partition class="oracle.dbtools.crest.model.design.storage.oracle.v11g.PartitionOraclev11g" name="SYS_P3979" id="2B80B78E-0AD9-F79A-C8EF-3AEE65643D43">
<createdBy>ro38606</createdBy>
<createdTime>2013-05-07 16:50:18 UTC</createdTime>
<ownerDesignName>NYEC_BPM_Semantic_data_model_diagram</ownerDesignName>
<dataSegmentCompression>NO</dataSegmentCompression>
<logging>YES</logging>
<position>16</position>
<segment>1EA6863F-23E2-9C68-415B-FA51EC13D93A</segment>
<tableSpace>8D282799-0AFE-F2FF-2AEA-CF205662762F</tableSpace>
<valueList>TO_DATE(&apos; 2012-12-13 00:00:00&apos;, &apos;SYYYY-MM-DD HH24:MI:SS&apos;, &apos;NLS_CALENDAR=GREGORIAN&apos;)</valueList>
<localIndexProperties>
<LocalIndexProperties class="oracle.dbtools.crest.model.design.storage.oracle.LocalIndexProperties" name="LIP66" id="1CA6EC2F-281D-18AB-B509-BB24ECCE5DE2">
<createdBy>ro38606</createdBy>
<createdTime>2013-05-07 16:50:41 UTC</createdTime>
<ownerDesignName>NYEC_BPM_Semantic_data_model_diagram</ownerDesignName>
<index>088F71B4-37E2-6040-9E8A-742576A3B1A3</index>
<logging>YES</logging>
<partitionName>SYS_P3979</partitionName>
<segment>78328217-4259-22E0-103A-CED2806E4CC5</segment>
<tableSpace>692AEA5F-C013-5656-A766-3ECFFCBBF6AD</tableSpace>
</LocalIndexProperties>
<LocalIndexProperties class="oracle.dbtools.crest.model.design.storage.oracle.LocalIndexProperties" name="LIP104" id="24C14079-AF23-F7AC-DB88-A44D4C215B1F">
<createdBy>ro38606</createdBy>
<createdTime>2013-05-07 16:50:46 UTC</createdTime>
<ownerDesignName>NYEC_BPM_Semantic_data_model_diagram</ownerDesignName>
<index>BBECF936-6F54-6FF2-8D8F-5E7B32F01CBF</index>
<logging>YES</logging>
<partitionName>SYS_P3979</partitionName>
<segment>78328217-4259-22E0-103A-CED2806E4CC5</segment>
<tableSpace>692AEA5F-C013-5656-A766-3ECFFCBBF6AD</tableSpace>
</LocalIndexProperties>
</localIndexProperties>
</Partition>
<Partition class="oracle.dbtools.crest.model.design.storage.oracle.v11g.PartitionOraclev11g" name="SYS_P3978" id="47834392-A8FC-7DD2-6CDD-F3058380791D">
<createdBy>ro38606</createdBy>
<createdTime>2013-05-07 16:50:18 UTC</createdTime>
<ownerDesignName>NYEC_BPM_Semantic_data_model_diagram</ownerDesignName>
<dataSegmentCompression>NO</dataSegmentCompression>
<logging>YES</logging>
<position>17</position>
<segment>1EA6863F-23E2-9C68-415B-FA51EC13D93A</segment>
<tableSpace>8D282799-0AFE-F2FF-2AEA-CF205662762F</tableSpace>
<valueList>TO_DATE(&apos; 2012-12-20 00:00:00&apos;, &apos;SYYYY-MM-DD HH24:MI:SS&apos;, &apos;NLS_CALENDAR=GREGORIAN&apos;)</valueList>
<localIndexProperties>
<LocalIndexProperties class="oracle.dbtools.crest.model.design.storage.oracle.LocalIndexProperties" name="LIP67" id="CD88BA98-749D-1FD2-6118-D79138D3EAE9">
<createdBy>ro38606</createdBy>
<createdTime>2013-05-07 16:50:41 UTC</createdTime>
<ownerDesignName>NYEC_BPM_Semantic_data_model_diagram</ownerDesignName>
<index>088F71B4-37E2-6040-9E8A-742576A3B1A3</index>
<logging>YES</logging>
<partitionName>SYS_P3978</partitionName>
<segment>78328217-4259-22E0-103A-CED2806E4CC5</segment>
<tableSpace>692AEA5F-C013-5656-A766-3ECFFCBBF6AD</tableSpace>
</LocalIndexProperties>
<LocalIndexProperties class="oracle.dbtools.crest.model.design.storage.oracle.LocalIndexProperties" name="LIP105" id="75524038-EDA8-D586-CB2D-DFC98C2D6A99">
<createdBy>ro38606</createdBy>
<createdTime>2013-05-07 16:50:46 UTC</createdTime>
<ownerDesignName>NYEC_BPM_Semantic_data_model_diagram</ownerDesignName>
<index>BBECF936-6F54-6FF2-8D8F-5E7B32F01CBF</index>
<logging>YES</logging>
<partitionName>SYS_P3978</partitionName>
<segment>78328217-4259-22E0-103A-CED2806E4CC5</segment>
<tableSpace>692AEA5F-C013-5656-A766-3ECFFCBBF6AD</tableSpace>
</LocalIndexProperties>
</localIndexProperties>
</Partition>
<Partition class="oracle.dbtools.crest.model.design.storage.oracle.v11g.PartitionOraclev11g" name="SYS_P3971" id="811AF150-F60B-6EB9-B79F-F7358F36367C">
<createdBy>ro38606</createdBy>
<createdTime>2013-05-07 16:50:18 UTC</createdTime>
<ownerDesignName>NYEC_BPM_Semantic_data_model_diagram</ownerDesignName>
<dataSegmentCompression>NO</dataSegmentCompression>
<logging>YES</logging>
<position>18</position>
<segment>1EA6863F-23E2-9C68-415B-FA51EC13D93A</segment>
<tableSpace>8D282799-0AFE-F2FF-2AEA-CF205662762F</tableSpace>
<valueList>TO_DATE(&apos; 2012-12-21 00:00:00&apos;, &apos;SYYYY-MM-DD HH24:MI:SS&apos;, &apos;NLS_CALENDAR=GREGORIAN&apos;)</valueList>
<localIndexProperties>
<LocalIndexProperties class="oracle.dbtools.crest.model.design.storage.oracle.LocalIndexProperties" name="LIP68" id="4CA51A65-12B1-34B8-81C2-309AD2818A13">
<createdBy>ro38606</createdBy>
<createdTime>2013-05-07 16:50:41 UTC</createdTime>
<ownerDesignName>NYEC_BPM_Semantic_data_model_diagram</ownerDesignName>
<index>088F71B4-37E2-6040-9E8A-742576A3B1A3</index>
<logging>YES</logging>
<partitionName>SYS_P3971</partitionName>
<segment>78328217-4259-22E0-103A-CED2806E4CC5</segment>
<tableSpace>692AEA5F-C013-5656-A766-3ECFFCBBF6AD</tableSpace>
</LocalIndexProperties>
<LocalIndexProperties class="oracle.dbtools.crest.model.design.storage.oracle.LocalIndexProperties" name="LIP106" id="56AE82B5-BB66-FE7D-A1ED-2BBB176D56C7">
<createdBy>ro38606</createdBy>
<createdTime>2013-05-07 16:50:46 UTC</createdTime>
<ownerDesignName>NYEC_BPM_Semantic_data_model_diagram</ownerDesignName>
<index>BBECF936-6F54-6FF2-8D8F-5E7B32F01CBF</index>
<logging>YES</logging>
<partitionName>SYS_P3971</partitionName>
<segment>78328217-4259-22E0-103A-CED2806E4CC5</segment>
<tableSpace>692AEA5F-C013-5656-A766-3ECFFCBBF6AD</tableSpace>
</LocalIndexProperties>
</localIndexProperties>
</Partition>
<Partition class="oracle.dbtools.crest.model.design.storage.oracle.v11g.PartitionOraclev11g" name="SYS_P3989" id="86558379-837A-75D2-A102-F16184F9A860">
<createdBy>ro38606</createdBy>
<createdTime>2013-05-07 16:50:18 UTC</createdTime>
<ownerDesignName>NYEC_BPM_Semantic_data_model_diagram</ownerDesignName>
<dataSegmentCompression>NO</dataSegmentCompression>
<logging>YES</logging>
<position>19</position>
<segment>1EA6863F-23E2-9C68-415B-FA51EC13D93A</segment>
<tableSpace>8D282799-0AFE-F2FF-2AEA-CF205662762F</tableSpace>
<valueList>TO_DATE(&apos; 2012-12-22 00:00:00&apos;, &apos;SYYYY-MM-DD HH24:MI:SS&apos;, &apos;NLS_CALENDAR=GREGORIAN&apos;)</valueList>
<localIndexProperties>
<LocalIndexProperties class="oracle.dbtools.crest.model.design.storage.oracle.LocalIndexProperties" name="LIP69" id="C29EF993-62C7-76A1-68CF-6406D0787EBF">
<createdBy>ro38606</createdBy>
<createdTime>2013-05-07 16:50:41 UTC</createdTime>
<ownerDesignName>NYEC_BPM_Semantic_data_model_diagram</ownerDesignName>
<index>088F71B4-37E2-6040-9E8A-742576A3B1A3</index>
<logging>YES</logging>
<partitionName>SYS_P3989</partitionName>
<segment>78328217-4259-22E0-103A-CED2806E4CC5</segment>
<tableSpace>692AEA5F-C013-5656-A766-3ECFFCBBF6AD</tableSpace>
</LocalIndexProperties>
<LocalIndexProperties class="oracle.dbtools.crest.model.design.storage.oracle.LocalIndexProperties" name="LIP107" id="F97B1250-3BFA-42D8-096B-E0E1A4C36581">
<createdBy>ro38606</createdBy>
<createdTime>2013-05-07 16:50:46 UTC</createdTime>
<ownerDesignName>NYEC_BPM_Semantic_data_model_diagram</ownerDesignName>
<index>BBECF936-6F54-6FF2-8D8F-5E7B32F01CBF</index>
<logging>YES</logging>
<partitionName>SYS_P3989</partitionName>
<segment>78328217-4259-22E0-103A-CED2806E4CC5</segment>
<tableSpace>692AEA5F-C013-5656-A766-3ECFFCBBF6AD</tableSpace>
</LocalIndexProperties>
</localIndexProperties>
</Partition>
<Partition class="oracle.dbtools.crest.model.design.storage.oracle.v11g.PartitionOraclev11g" name="SYS_P3982" id="8434EAA7-E235-A598-DCE3-0A082CCFDEC0">
<createdBy>ro38606</createdBy>
<createdTime>2013-05-07 16:50:18 UTC</createdTime>
<ownerDesignName>NYEC_BPM_Semantic_data_model_diagram</ownerDesignName>
<dataSegmentCompression>NO</dataSegmentCompression>
<logging>YES</logging>
<position>20</position>
<segment>1EA6863F-23E2-9C68-415B-FA51EC13D93A</segment>
<tableSpace>8D282799-0AFE-F2FF-2AEA-CF205662762F</tableSpace>
<valueList>TO_DATE(&apos; 2012-12-23 00:00:00&apos;, &apos;SYYYY-MM-DD HH24:MI:SS&apos;, &apos;NLS_CALENDAR=GREGORIAN&apos;)</valueList>
<localIndexProperties>
<LocalIndexProperties class="oracle.dbtools.crest.model.design.storage.oracle.LocalIndexProperties" name="LIP70" id="38B219C8-F489-2334-7770-C98A33B9CD96">
<createdBy>ro38606</createdBy>
<createdTime>2013-05-07 16:50:41 UTC</createdTime>
<ownerDesignName>NYEC_BPM_Semantic_data_model_diagram</ownerDesignName>
<index>088F71B4-37E2-6040-9E8A-742576A3B1A3</index>
<logging>YES</logging>
<partitionName>SYS_P3982</partitionName>
<segment>78328217-4259-22E0-103A-CED2806E4CC5</segment>
<tableSpace>692AEA5F-C013-5656-A766-3ECFFCBBF6AD</tableSpace>
</LocalIndexProperties>
<LocalIndexProperties class="oracle.dbtools.crest.model.design.storage.oracle.LocalIndexProperties" name="LIP108" id="E08C76A9-B865-947D-7137-4AA62BA5C563">
<createdBy>ro38606</createdBy>
<createdTime>2013-05-07 16:50:46 UTC</createdTime>
<ownerDesignName>NYEC_BPM_Semantic_data_model_diagram</ownerDesignName>
<index>BBECF936-6F54-6FF2-8D8F-5E7B32F01CBF</index>
<logging>YES</logging>
<partitionName>SYS_P3982</partitionName>
<segment>78328217-4259-22E0-103A-CED2806E4CC5</segment>
<tableSpace>692AEA5F-C013-5656-A766-3ECFFCBBF6AD</tableSpace>
</LocalIndexProperties>
</localIndexProperties>
</Partition>
<Partition class="oracle.dbtools.crest.model.design.storage.oracle.v11g.PartitionOraclev11g" name="SYS_P3983" id="FF872D39-77BC-33AE-A7D9-33EE504F1E4A">
<createdBy>ro38606</createdBy>
<createdTime>2013-05-07 16:50:18 UTC</createdTime>
<ownerDesignName>NYEC_BPM_Semantic_data_model_diagram</ownerDesignName>
<dataSegmentCompression>NO</dataSegmentCompression>
<logging>YES</logging>
<position>21</position>
<segment>1EA6863F-23E2-9C68-415B-FA51EC13D93A</segment>
<tableSpace>8D282799-0AFE-F2FF-2AEA-CF205662762F</tableSpace>
<valueList>TO_DATE(&apos; 2012-12-24 00:00:00&apos;, &apos;SYYYY-MM-DD HH24:MI:SS&apos;, &apos;NLS_CALENDAR=GREGORIAN&apos;)</valueList>
<localIndexProperties>
<LocalIndexProperties class="oracle.dbtools.crest.model.design.storage.oracle.LocalIndexProperties" name="LIP71" id="8830D4FC-FEB4-1391-D2CE-8F8F4947DBF6">
<createdBy>ro38606</createdBy>
<createdTime>2013-05-07 16:50:41 UTC</createdTime>
<ownerDesignName>NYEC_BPM_Semantic_data_model_diagram</ownerDesignName>
<index>088F71B4-37E2-6040-9E8A-742576A3B1A3</index>
<logging>YES</logging>
<partitionName>SYS_P3983</partitionName>
<segment>78328217-4259-22E0-103A-CED2806E4CC5</segment>
<tableSpace>692AEA5F-C013-5656-A766-3ECFFCBBF6AD</tableSpace>
</LocalIndexProperties>
<LocalIndexProperties class="oracle.dbtools.crest.model.design.storage.oracle.LocalIndexProperties" name="LIP109" id="27190E00-13FE-BB02-F727-BEE2E0D35729">
<createdBy>ro38606</createdBy>
<createdTime>2013-05-07 16:50:46 UTC</createdTime>
<ownerDesignName>NYEC_BPM_Semantic_data_model_diagram</ownerDesignName>
<index>BBECF936-6F54-6FF2-8D8F-5E7B32F01CBF</index>
<logging>YES</logging>
<partitionName>SYS_P3983</partitionName>
<segment>78328217-4259-22E0-103A-CED2806E4CC5</segment>
<tableSpace>692AEA5F-C013-5656-A766-3ECFFCBBF6AD</tableSpace>
</LocalIndexProperties>
</localIndexProperties>
</Partition>
<Partition class="oracle.dbtools.crest.model.design.storage.oracle.v11g.PartitionOraclev11g" name="SYS_P3992" id="10F91A99-CE04-1549-AE25-57ED3B59F57D">
<createdBy>ro38606</createdBy>
<createdTime>2013-05-07 16:50:19 UTC</createdTime>
<ownerDesignName>NYEC_BPM_Semantic_data_model_diagram</ownerDesignName>
<dataSegmentCompression>NO</dataSegmentCompression>
<logging>YES</logging>
<position>22</position>
<segment>1EA6863F-23E2-9C68-415B-FA51EC13D93A</segment>
<tableSpace>8D282799-0AFE-F2FF-2AEA-CF205662762F</tableSpace>
<valueList>TO_DATE(&apos; 2012-12-25 00:00:00&apos;, &apos;SYYYY-MM-DD HH24:MI:SS&apos;, &apos;NLS_CALENDAR=GREGORIAN&apos;)</valueList>
<localIndexProperties>
<LocalIndexProperties class="oracle.dbtools.crest.model.design.storage.oracle.LocalIndexProperties" name="LIP72" id="7DE42D05-D041-B346-1C06-AFD75E652B8B">
<createdBy>ro38606</createdBy>
<createdTime>2013-05-07 16:50:42 UTC</createdTime>
<ownerDesignName>NYEC_BPM_Semantic_data_model_diagram</ownerDesignName>
<index>088F71B4-37E2-6040-9E8A-742576A3B1A3</index>
<logging>YES</logging>
<partitionName>SYS_P3992</partitionName>
<segment>78328217-4259-22E0-103A-CED2806E4CC5</segment>
<tableSpace>692AEA5F-C013-5656-A766-3ECFFCBBF6AD</tableSpace>
</LocalIndexProperties>
<LocalIndexProperties class="oracle.dbtools.crest.model.design.storage.oracle.LocalIndexProperties" name="LIP110" id="846E5A04-8C07-1D63-8DE7-12E46B7D6E1D">
<createdBy>ro38606</createdBy>
<createdTime>2013-05-07 16:50:47 UTC</createdTime>
<ownerDesignName>NYEC_BPM_Semantic_data_model_diagram</ownerDesignName>
<index>BBECF936-6F54-6FF2-8D8F-5E7B32F01CBF</index>
<logging>YES</logging>
<partitionName>SYS_P3992</partitionName>
<segment>78328217-4259-22E0-103A-CED2806E4CC5</segment>
<tableSpace>692AEA5F-C013-5656-A766-3ECFFCBBF6AD</tableSpace>
</LocalIndexProperties>
</localIndexProperties>
</Partition>
<Partition class="oracle.dbtools.crest.model.design.storage.oracle.v11g.PartitionOraclev11g" name="SYS_P3984" id="20567BE7-8D07-0322-515B-25265C50E4B1">
<createdBy>ro38606</createdBy>
<createdTime>2013-05-07 16:50:19 UTC</createdTime>
<ownerDesignName>NYEC_BPM_Semantic_data_model_diagram</ownerDesignName>
<dataSegmentCompression>NO</dataSegmentCompression>
<logging>YES</logging>
<position>23</position>
<segment>1EA6863F-23E2-9C68-415B-FA51EC13D93A</segment>
<tableSpace>8D282799-0AFE-F2FF-2AEA-CF205662762F</tableSpace>
<valueList>TO_DATE(&apos; 2012-12-26 00:00:00&apos;, &apos;SYYYY-MM-DD HH24:MI:SS&apos;, &apos;NLS_CALENDAR=GREGORIAN&apos;)</valueList>
<localIndexProperties>
<LocalIndexProperties class="oracle.dbtools.crest.model.design.storage.oracle.LocalIndexProperties" name="LIP73" id="E48EB97C-D069-24E5-8895-32C3E69D8D52">
<createdBy>ro38606</createdBy>
<createdTime>2013-05-07 16:50:42 UTC</createdTime>
<ownerDesignName>NYEC_BPM_Semantic_data_model_diagram</ownerDesignName>
<index>088F71B4-37E2-6040-9E8A-742576A3B1A3</index>
<logging>YES</logging>
<partitionName>SYS_P3984</partitionName>
<segment>78328217-4259-22E0-103A-CED2806E4CC5</segment>
<tableSpace>692AEA5F-C013-5656-A766-3ECFFCBBF6AD</tableSpace>
</LocalIndexProperties>
<LocalIndexProperties class="oracle.dbtools.crest.model.design.storage.oracle.LocalIndexProperties" name="LIP111" id="8A636E4A-FA96-85C0-DD7B-7875F9659685">
<createdBy>ro38606</createdBy>
<createdTime>2013-05-07 16:50:47 UTC</createdTime>
<ownerDesignName>NYEC_BPM_Semantic_data_model_diagram</ownerDesignName>
<index>BBECF936-6F54-6FF2-8D8F-5E7B32F01CBF</index>
<logging>YES</logging>
<partitionName>SYS_P3984</partitionName>
<segment>78328217-4259-22E0-103A-CED2806E4CC5</segment>
<tableSpace>692AEA5F-C013-5656-A766-3ECFFCBBF6AD</tableSpace>
</LocalIndexProperties>
</localIndexProperties>
</Partition>
<Partition class="oracle.dbtools.crest.model.design.storage.oracle.v11g.PartitionOraclev11g" name="SYS_P3990" id="3EE4BCA1-9889-1528-7276-75B3816D7C74">
<createdBy>ro38606</createdBy>
<createdTime>2013-05-07 16:50:19 UTC</createdTime>
<ownerDesignName>NYEC_BPM_Semantic_data_model_diagram</ownerDesignName>
<dataSegmentCompression>NO</dataSegmentCompression>
<logging>YES</logging>
<position>24</position>
<segment>1EA6863F-23E2-9C68-415B-FA51EC13D93A</segment>
<tableSpace>8D282799-0AFE-F2FF-2AEA-CF205662762F</tableSpace>
<valueList>TO_DATE(&apos; 2012-12-27 00:00:00&apos;, &apos;SYYYY-MM-DD HH24:MI:SS&apos;, &apos;NLS_CALENDAR=GREGORIAN&apos;)</valueList>
<localIndexProperties>
<LocalIndexProperties class="oracle.dbtools.crest.model.design.storage.oracle.LocalIndexProperties" name="LIP74" id="96C565DE-908E-A0D8-61AA-628E4EB07EF2">
<createdBy>ro38606</createdBy>
<createdTime>2013-05-07 16:50:42 UTC</createdTime>
<ownerDesignName>NYEC_BPM_Semantic_data_model_diagram</ownerDesignName>
<index>088F71B4-37E2-6040-9E8A-742576A3B1A3</index>
<logging>YES</logging>
<partitionName>SYS_P3990</partitionName>
<segment>78328217-4259-22E0-103A-CED2806E4CC5</segment>
<tableSpace>692AEA5F-C013-5656-A766-3ECFFCBBF6AD</tableSpace>
</LocalIndexProperties>
<LocalIndexProperties class="oracle.dbtools.crest.model.design.storage.oracle.LocalIndexProperties" name="LIP112" id="ECC90402-92D9-7108-8266-F407700FC848">
<createdBy>ro38606</createdBy>
<createdTime>2013-05-07 16:50:47 UTC</createdTime>
<ownerDesignName>NYEC_BPM_Semantic_data_model_diagram</ownerDesignName>
<index>BBECF936-6F54-6FF2-8D8F-5E7B32F01CBF</index>
<logging>YES</logging>
<partitionName>SYS_P3990</partitionName>
<segment>78328217-4259-22E0-103A-CED2806E4CC5</segment>
<tableSpace>692AEA5F-C013-5656-A766-3ECFFCBBF6AD</tableSpace>
</LocalIndexProperties>
</localIndexProperties>
</Partition>
<Partition class="oracle.dbtools.crest.model.design.storage.oracle.v11g.PartitionOraclev11g" name="SYS_P3969" id="F8A9F57C-DDB2-306B-54CB-1E96136A3AB0">
<createdBy>ro38606</createdBy>
<createdTime>2013-05-07 16:50:19 UTC</createdTime>
<ownerDesignName>NYEC_BPM_Semantic_data_model_diagram</ownerDesignName>
<dataSegmentCompression>NO</dataSegmentCompression>
<logging>YES</logging>
<position>25</position>
<segment>1EA6863F-23E2-9C68-415B-FA51EC13D93A</segment>
<tableSpace>8D282799-0AFE-F2FF-2AEA-CF205662762F</tableSpace>
<valueList>TO_DATE(&apos; 2012-12-28 00:00:00&apos;, &apos;SYYYY-MM-DD HH24:MI:SS&apos;, &apos;NLS_CALENDAR=GREGORIAN&apos;)</valueList>
<localIndexProperties>
<LocalIndexProperties class="oracle.dbtools.crest.model.design.storage.oracle.LocalIndexProperties" name="LIP75" id="967BA1A1-A17B-25F1-FCB6-2453A7FD4E48">
<createdBy>ro38606</createdBy>
<createdTime>2013-05-07 16:50:42 UTC</createdTime>
<ownerDesignName>NYEC_BPM_Semantic_data_model_diagram</ownerDesignName>
<index>088F71B4-37E2-6040-9E8A-742576A3B1A3</index>
<logging>YES</logging>
<partitionName>SYS_P3969</partitionName>
<segment>78328217-4259-22E0-103A-CED2806E4CC5</segment>
<tableSpace>692AEA5F-C013-5656-A766-3ECFFCBBF6AD</tableSpace>
</LocalIndexProperties>
<LocalIndexProperties class="oracle.dbtools.crest.model.design.storage.oracle.LocalIndexProperties" name="LIP113" id="D2A31F52-B9F5-FF83-3BB1-01ED4BED180A">
<createdBy>ro38606</createdBy>
<createdTime>2013-05-07 16:50:47 UTC</createdTime>
<ownerDesignName>NYEC_BPM_Semantic_data_model_diagram</ownerDesignName>
<index>BBECF936-6F54-6FF2-8D8F-5E7B32F01CBF</index>
<logging>YES</logging>
<partitionName>SYS_P3969</partitionName>
<segment>78328217-4259-22E0-103A-CED2806E4CC5</segment>
<tableSpace>692AEA5F-C013-5656-A766-3ECFFCBBF6AD</tableSpace>
</LocalIndexProperties>
</localIndexProperties>
</Partition>
<Partition class="oracle.dbtools.crest.model.design.storage.oracle.v11g.PartitionOraclev11g" name="SYS_P3970" id="3847047B-6DE2-49CF-2584-622CBF6F094D">
<createdBy>ro38606</createdBy>
<createdTime>2013-05-07 16:50:19 UTC</createdTime>
<ownerDesignName>NYEC_BPM_Semantic_data_model_diagram</ownerDesignName>
<dataSegmentCompression>NO</dataSegmentCompression>
<logging>YES</logging>
<position>26</position>
<segment>1EA6863F-23E2-9C68-415B-FA51EC13D93A</segment>
<tableSpace>8D282799-0AFE-F2FF-2AEA-CF205662762F</tableSpace>
<valueList>TO_DATE(&apos; 2012-12-29 00:00:00&apos;, &apos;SYYYY-MM-DD HH24:MI:SS&apos;, &apos;NLS_CALENDAR=GREGORIAN&apos;)</valueList>
<localIndexProperties>
<LocalIndexProperties class="oracle.dbtools.crest.model.design.storage.oracle.LocalIndexProperties" name="LIP76" id="18383DCD-4B02-2A2C-2956-CC7ED64562D9">
<createdBy>ro38606</createdBy>
<createdTime>2013-05-07 16:50:42 UTC</createdTime>
<ownerDesignName>NYEC_BPM_Semantic_data_model_diagram</ownerDesignName>
<index>088F71B4-37E2-6040-9E8A-742576A3B1A3</index>
<logging>YES</logging>
<partitionName>SYS_P3970</partitionName>
<segment>78328217-4259-22E0-103A-CED2806E4CC5</segment>
<tableSpace>692AEA5F-C013-5656-A766-3ECFFCBBF6AD</tableSpace>
</LocalIndexProperties>
<LocalIndexProperties class="oracle.dbtools.crest.model.design.storage.oracle.LocalIndexProperties" name="LIP114" id="322FA795-605F-099C-3284-BBB2130D2293">
<createdBy>ro38606</createdBy>
<createdTime>2013-05-07 16:50:47 UTC</createdTime>
<ownerDesignName>NYEC_BPM_Semantic_data_model_diagram</ownerDesignName>
<index>BBECF936-6F54-6FF2-8D8F-5E7B32F01CBF</index>
<logging>YES</logging>
<partitionName>SYS_P3970</partitionName>
<segment>78328217-4259-22E0-103A-CED2806E4CC5</segment>
<tableSpace>692AEA5F-C013-5656-A766-3ECFFCBBF6AD</tableSpace>
</LocalIndexProperties>
</localIndexProperties>
</Partition>
<Partition class="oracle.dbtools.crest.model.design.storage.oracle.v11g.PartitionOraclev11g" name="SYS_P3991" id="5A9C380E-C8D4-D750-C685-523FF27652C8">
<createdBy>ro38606</createdBy>
<createdTime>2013-05-07 16:50:19 UTC</createdTime>
<ownerDesignName>NYEC_BPM_Semantic_data_model_diagram</ownerDesignName>
<dataSegmentCompression>NO</dataSegmentCompression>
<logging>YES</logging>
<position>27</position>
<segment>1EA6863F-23E2-9C68-415B-FA51EC13D93A</segment>
<tableSpace>8D282799-0AFE-F2FF-2AEA-CF205662762F</tableSpace>
<valueList>TO_DATE(&apos; 2012-12-30 00:00:00&apos;, &apos;SYYYY-MM-DD HH24:MI:SS&apos;, &apos;NLS_CALENDAR=GREGORIAN&apos;)</valueList>
<localIndexProperties>
<LocalIndexProperties class="oracle.dbtools.crest.model.design.storage.oracle.LocalIndexProperties" name="LIP77" id="FE338E68-EC3C-111C-F722-3779A4F93154">
<createdBy>ro38606</createdBy>
<createdTime>2013-05-07 16:50:42 UTC</createdTime>
<ownerDesignName>NYEC_BPM_Semantic_data_model_diagram</ownerDesignName>
<index>088F71B4-37E2-6040-9E8A-742576A3B1A3</index>
<logging>YES</logging>
<partitionName>SYS_P3991</partitionName>
<segment>78328217-4259-22E0-103A-CED2806E4CC5</segment>
<tableSpace>692AEA5F-C013-5656-A766-3ECFFCBBF6AD</tableSpace>
</LocalIndexProperties>
<LocalIndexProperties class="oracle.dbtools.crest.model.design.storage.oracle.LocalIndexProperties" name="LIP115" id="4A76ABD2-D4BD-E009-41F1-D493F1C90337">
<createdBy>ro38606</createdBy>
<createdTime>2013-05-07 16:50:47 UTC</createdTime>
<ownerDesignName>NYEC_BPM_Semantic_data_model_diagram</ownerDesignName>
<index>BBECF936-6F54-6FF2-8D8F-5E7B32F01CBF</index>
<logging>YES</logging>
<partitionName>SYS_P3991</partitionName>
<segment>78328217-4259-22E0-103A-CED2806E4CC5</segment>
<tableSpace>692AEA5F-C013-5656-A766-3ECFFCBBF6AD</tableSpace>
</LocalIndexProperties>
</localIndexProperties>
</Partition>
<Partition class="oracle.dbtools.crest.model.design.storage.oracle.v11g.PartitionOraclev11g" name="SYS_P3981" id="B0339D2C-0403-BD6A-32DA-3B28C779384A">
<createdBy>ro38606</createdBy>
<createdTime>2013-05-07 16:50:19 UTC</createdTime>
<ownerDesignName>NYEC_BPM_Semantic_data_model_diagram</ownerDesignName>
<dataSegmentCompression>NO</dataSegmentCompression>
<logging>YES</logging>
<position>28</position>
<segment>1EA6863F-23E2-9C68-415B-FA51EC13D93A</segment>
<tableSpace>8D282799-0AFE-F2FF-2AEA-CF205662762F</tableSpace>
<valueList>TO_DATE(&apos; 2012-12-31 00:00:00&apos;, &apos;SYYYY-MM-DD HH24:MI:SS&apos;, &apos;NLS_CALENDAR=GREGORIAN&apos;)</valueList>
<localIndexProperties>
<LocalIndexProperties class="oracle.dbtools.crest.model.design.storage.oracle.LocalIndexProperties" name="LIP78" id="68D9D16F-4513-1B5B-45F1-1252D9816E4C">
<createdBy>ro38606</createdBy>
<createdTime>2013-05-07 16:50:42 UTC</createdTime>
<ownerDesignName>NYEC_BPM_Semantic_data_model_diagram</ownerDesignName>
<index>088F71B4-37E2-6040-9E8A-742576A3B1A3</index>
<logging>YES</logging>
<partitionName>SYS_P3981</partitionName>
<segment>78328217-4259-22E0-103A-CED2806E4CC5</segment>
<tableSpace>692AEA5F-C013-5656-A766-3ECFFCBBF6AD</tableSpace>
</LocalIndexProperties>
<LocalIndexProperties class="oracle.dbtools.crest.model.design.storage.oracle.LocalIndexProperties" name="LIP116" id="2C715267-FB05-D846-CDDB-1B2253FEDE59">
<createdBy>ro38606</createdBy>
<createdTime>2013-05-07 16:50:47 UTC</createdTime>
<ownerDesignName>NYEC_BPM_Semantic_data_model_diagram</ownerDesignName>
<index>BBECF936-6F54-6FF2-8D8F-5E7B32F01CBF</index>
<logging>YES</logging>
<partitionName>SYS_P3981</partitionName>
<segment>78328217-4259-22E0-103A-CED2806E4CC5</segment>
<tableSpace>692AEA5F-C013-5656-A766-3ECFFCBBF6AD</tableSpace>
</LocalIndexProperties>
</localIndexProperties>
</Partition>
<Partition class="oracle.dbtools.crest.model.design.storage.oracle.v11g.PartitionOraclev11g" name="SYS_P3987" id="938C2606-063B-3E73-8742-9C1802D06E5C">
<createdBy>ro38606</createdBy>
<createdTime>2013-05-07 16:50:19 UTC</createdTime>
<ownerDesignName>NYEC_BPM_Semantic_data_model_diagram</ownerDesignName>
<dataSegmentCompression>NO</dataSegmentCompression>
<logging>YES</logging>
<position>29</position>
<segment>1EA6863F-23E2-9C68-415B-FA51EC13D93A</segment>
<tableSpace>8D282799-0AFE-F2FF-2AEA-CF205662762F</tableSpace>
<valueList>TO_DATE(&apos; 2013-01-02 00:00:00&apos;, &apos;SYYYY-MM-DD HH24:MI:SS&apos;, &apos;NLS_CALENDAR=GREGORIAN&apos;)</valueList>
<localIndexProperties>
<LocalIndexProperties class="oracle.dbtools.crest.model.design.storage.oracle.LocalIndexProperties" name="LIP79" id="7ACB154D-10CA-F95D-3C10-8426EB3011CC">
<createdBy>ro38606</createdBy>
<createdTime>2013-05-07 16:50:42 UTC</createdTime>
<ownerDesignName>NYEC_BPM_Semantic_data_model_diagram</ownerDesignName>
<index>088F71B4-37E2-6040-9E8A-742576A3B1A3</index>
<logging>YES</logging>
<partitionName>SYS_P3987</partitionName>
<segment>78328217-4259-22E0-103A-CED2806E4CC5</segment>
<tableSpace>692AEA5F-C013-5656-A766-3ECFFCBBF6AD</tableSpace>
</LocalIndexProperties>
<LocalIndexProperties class="oracle.dbtools.crest.model.design.storage.oracle.LocalIndexProperties" name="LIP117" id="8A6AB89A-0773-E605-C040-93600148C835">
<createdBy>ro38606</createdBy>
<createdTime>2013-05-07 16:50:48 UTC</createdTime>
<ownerDesignName>NYEC_BPM_Semantic_data_model_diagram</ownerDesignName>
<index>BBECF936-6F54-6FF2-8D8F-5E7B32F01CBF</index>
<logging>YES</logging>
<partitionName>SYS_P3987</partitionName>
<segment>78328217-4259-22E0-103A-CED2806E4CC5</segment>
<tableSpace>692AEA5F-C013-5656-A766-3ECFFCBBF6AD</tableSpace>
</LocalIndexProperties>
</localIndexProperties>
</Partition>
<Partition class="oracle.dbtools.crest.model.design.storage.oracle.v11g.PartitionOraclev11g" name="SYS_P3974" id="54ADAF68-6359-4613-3065-8F7508839671">
<createdBy>ro38606</createdBy>
<createdTime>2013-05-07 16:50:20 UTC</createdTime>
<ownerDesignName>NYEC_BPM_Semantic_data_model_diagram</ownerDesignName>
<dataSegmentCompression>NO</dataSegmentCompression>
<logging>YES</logging>
<position>30</position>
<segment>1EA6863F-23E2-9C68-415B-FA51EC13D93A</segment>
<tableSpace>8D282799-0AFE-F2FF-2AEA-CF205662762F</tableSpace>
<valueList>TO_DATE(&apos; 2013-01-03 00:00:00&apos;, &apos;SYYYY-MM-DD HH24:MI:SS&apos;, &apos;NLS_CALENDAR=GREGORIAN&apos;)</valueList>
<localIndexProperties>
<LocalIndexProperties class="oracle.dbtools.crest.model.design.storage.oracle.LocalIndexProperties" name="LIP80" id="2D9D2418-39C0-D8D5-F875-CBA882CB9E3D">
<createdBy>ro38606</createdBy>
<createdTime>2013-05-07 16:50:43 UTC</createdTime>
<ownerDesignName>NYEC_BPM_Semantic_data_model_diagram</ownerDesignName>
<index>088F71B4-37E2-6040-9E8A-742576A3B1A3</index>
<logging>YES</logging>
<partitionName>SYS_P3974</partitionName>
<segment>78328217-4259-22E0-103A-CED2806E4CC5</segment>
<tableSpace>692AEA5F-C013-5656-A766-3ECFFCBBF6AD</tableSpace>
</LocalIndexProperties>
<LocalIndexProperties class="oracle.dbtools.crest.model.design.storage.oracle.LocalIndexProperties" name="LIP118" id="1DB5B611-ED0E-FB54-CA25-C1BA7533586F">
<createdBy>ro38606</createdBy>
<createdTime>2013-05-07 16:50:48 UTC</createdTime>
<ownerDesignName>NYEC_BPM_Semantic_data_model_diagram</ownerDesignName>
<index>BBECF936-6F54-6FF2-8D8F-5E7B32F01CBF</index>
<logging>YES</logging>
<partitionName>SYS_P3974</partitionName>
<segment>78328217-4259-22E0-103A-CED2806E4CC5</segment>
<tableSpace>692AEA5F-C013-5656-A766-3ECFFCBBF6AD</tableSpace>
</LocalIndexProperties>
</localIndexProperties>
</Partition>
<Partition class="oracle.dbtools.crest.model.design.storage.oracle.v11g.PartitionOraclev11g" name="SYS_P3980" id="B3B34D56-C8A7-18A5-293D-6830CAB5C654">
<createdBy>ro38606</createdBy>
<createdTime>2013-05-07 16:50:20 UTC</createdTime>
<ownerDesignName>NYEC_BPM_Semantic_data_model_diagram</ownerDesignName>
<dataSegmentCompression>NO</dataSegmentCompression>
<logging>YES</logging>
<position>31</position>
<segment>1EA6863F-23E2-9C68-415B-FA51EC13D93A</segment>
<tableSpace>8D282799-0AFE-F2FF-2AEA-CF205662762F</tableSpace>
<valueList>TO_DATE(&apos; 2013-01-04 00:00:00&apos;, &apos;SYYYY-MM-DD HH24:MI:SS&apos;, &apos;NLS_CALENDAR=GREGORIAN&apos;)</valueList>
<localIndexProperties>
<LocalIndexProperties class="oracle.dbtools.crest.model.design.storage.oracle.LocalIndexProperties" name="LIP81" id="80A19B72-9F97-CC13-17C4-7A85CE652EDE">
<createdBy>ro38606</createdBy>
<createdTime>2013-05-07 16:50:43 UTC</createdTime>
<ownerDesignName>NYEC_BPM_Semantic_data_model_diagram</ownerDesignName>
<index>088F71B4-37E2-6040-9E8A-742576A3B1A3</index>
<logging>YES</logging>
<partitionName>SYS_P3980</partitionName>
<segment>78328217-4259-22E0-103A-CED2806E4CC5</segment>
<tableSpace>692AEA5F-C013-5656-A766-3ECFFCBBF6AD</tableSpace>
</LocalIndexProperties>
<LocalIndexProperties class="oracle.dbtools.crest.model.design.storage.oracle.LocalIndexProperties" name="LIP119" id="3B72D8F4-30ED-313C-93C8-AAD21C000538">
<createdBy>ro38606</createdBy>
<createdTime>2013-05-07 16:50:48 UTC</createdTime>
<ownerDesignName>NYEC_BPM_Semantic_data_model_diagram</ownerDesignName>
<index>BBECF936-6F54-6FF2-8D8F-5E7B32F01CBF</index>
<logging>YES</logging>
<partitionName>SYS_P3980</partitionName>
<segment>78328217-4259-22E0-103A-CED2806E4CC5</segment>
<tableSpace>692AEA5F-C013-5656-A766-3ECFFCBBF6AD</tableSpace>
</LocalIndexProperties>
</localIndexProperties>
</Partition>
<Partition class="oracle.dbtools.crest.model.design.storage.oracle.v11g.PartitionOraclev11g" name="SYS_P2853" id="7E1A154A-CB4A-DC6E-DCF3-DE4841C274D2">
<createdBy>ro38606</createdBy>
<createdTime>2013-05-07 16:50:20 UTC</createdTime>
<ownerDesignName>NYEC_BPM_Semantic_data_model_diagram</ownerDesignName>
<dataSegmentCompression>NO</dataSegmentCompression>
<logging>YES</logging>
<position>32</position>
<segment>1EA6863F-23E2-9C68-415B-FA51EC13D93A</segment>
<tableSpace>8D282799-0AFE-F2FF-2AEA-CF205662762F</tableSpace>
<valueList>TO_DATE(&apos; 2013-01-05 00:00:00&apos;, &apos;SYYYY-MM-DD HH24:MI:SS&apos;, &apos;NLS_CALENDAR=GREGORIAN&apos;)</valueList>
<localIndexProperties>
<LocalIndexProperties class="oracle.dbtools.crest.model.design.storage.oracle.LocalIndexProperties" name="LIP82" id="D91603EC-A657-2A52-D08E-D2AA60EA11CF">
<createdBy>ro38606</createdBy>
<createdTime>2013-05-07 16:50:43 UTC</createdTime>
<ownerDesignName>NYEC_BPM_Semantic_data_model_diagram</ownerDesignName>
<index>088F71B4-37E2-6040-9E8A-742576A3B1A3</index>
<logging>YES</logging>
<partitionName>SYS_P3803</partitionName>
<segment>78328217-4259-22E0-103A-CED2806E4CC5</segment>
<tableSpace>692AEA5F-C013-5656-A766-3ECFFCBBF6AD</tableSpace>
</LocalIndexProperties>
<LocalIndexProperties class="oracle.dbtools.crest.model.design.storage.oracle.LocalIndexProperties" name="LIP120" id="21870DCC-5066-26C8-3ECB-070196A86F86">
<createdBy>ro38606</createdBy>
<createdTime>2013-05-07 16:50:48 UTC</createdTime>
<ownerDesignName>NYEC_BPM_Semantic_data_model_diagram</ownerDesignName>
<index>BBECF936-6F54-6FF2-8D8F-5E7B32F01CBF</index>
<logging>YES</logging>
<partitionName>SYS_P2853</partitionName>
<segment>78328217-4259-22E0-103A-CED2806E4CC5</segment>
<tableSpace>692AEA5F-C013-5656-A766-3ECFFCBBF6AD</tableSpace>
</LocalIndexProperties>
</localIndexProperties>
</Partition>
<Partition class="oracle.dbtools.crest.model.design.storage.oracle.v11g.PartitionOraclev11g" name="SYS_P3993" id="F29A39CC-7AB5-B35F-6E57-2A52A86C38DB">
<createdBy>ro38606</createdBy>
<createdTime>2013-05-07 16:50:20 UTC</createdTime>
<ownerDesignName>NYEC_BPM_Semantic_data_model_diagram</ownerDesignName>
<dataSegmentCompression>NO</dataSegmentCompression>
<logging>YES</logging>
<position>33</position>
<segment>1EA6863F-23E2-9C68-415B-FA51EC13D93A</segment>
<tableSpace>8D282799-0AFE-F2FF-2AEA-CF205662762F</tableSpace>
<valueList>TO_DATE(&apos; 2013-01-06 00:00:00&apos;, &apos;SYYYY-MM-DD HH24:MI:SS&apos;, &apos;NLS_CALENDAR=GREGORIAN&apos;)</valueList>
<localIndexProperties>
<LocalIndexProperties class="oracle.dbtools.crest.model.design.storage.oracle.LocalIndexProperties" name="LIP83" id="D06E6A89-BD82-56C6-319F-2AF5DDEC5798">
<createdBy>ro38606</createdBy>
<createdTime>2013-05-07 16:50:43 UTC</createdTime>
<ownerDesignName>NYEC_BPM_Semantic_data_model_diagram</ownerDesignName>
<index>088F71B4-37E2-6040-9E8A-742576A3B1A3</index>
<logging>YES</logging>
<partitionName>SYS_P3993</partitionName>
<segment>78328217-4259-22E0-103A-CED2806E4CC5</segment>
<tableSpace>692AEA5F-C013-5656-A766-3ECFFCBBF6AD</tableSpace>
</LocalIndexProperties>
<LocalIndexProperties class="oracle.dbtools.crest.model.design.storage.oracle.LocalIndexProperties" name="LIP121" id="27C59727-F9BC-EADE-9E81-95C40F101F68">
<createdBy>ro38606</createdBy>
<createdTime>2013-05-07 16:50:48 UTC</createdTime>
<ownerDesignName>NYEC_BPM_Semantic_data_model_diagram</ownerDesignName>
<index>BBECF936-6F54-6FF2-8D8F-5E7B32F01CBF</index>
<logging>YES</logging>
<partitionName>SYS_P3993</partitionName>
<segment>78328217-4259-22E0-103A-CED2806E4CC5</segment>
<tableSpace>692AEA5F-C013-5656-A766-3ECFFCBBF6AD</tableSpace>
</LocalIndexProperties>
</localIndexProperties>
</Partition>
<Partition class="oracle.dbtools.crest.model.design.storage.oracle.v11g.PartitionOraclev11g" name="SYS_P3973" id="DF49CEB2-F406-607A-9882-08BEC268E5F2">
<createdBy>ro38606</createdBy>
<createdTime>2013-05-07 16:50:20 UTC</createdTime>
<ownerDesignName>NYEC_BPM_Semantic_data_model_diagram</ownerDesignName>
<dataSegmentCompression>NO</dataSegmentCompression>
<logging>YES</logging>
<position>34</position>
<segment>1EA6863F-23E2-9C68-415B-FA51EC13D93A</segment>
<tableSpace>8D282799-0AFE-F2FF-2AEA-CF205662762F</tableSpace>
<valueList>TO_DATE(&apos; 2013-01-10 00:00:00&apos;, &apos;SYYYY-MM-DD HH24:MI:SS&apos;, &apos;NLS_CALENDAR=GREGORIAN&apos;)</valueList>
<localIndexProperties>
<LocalIndexProperties class="oracle.dbtools.crest.model.design.storage.oracle.LocalIndexProperties" name="LIP84" id="005C05CA-A291-1EC4-5855-99BD1E2B46CE">
<createdBy>ro38606</createdBy>
<createdTime>2013-05-07 16:50:43 UTC</createdTime>
<ownerDesignName>NYEC_BPM_Semantic_data_model_diagram</ownerDesignName>
<index>088F71B4-37E2-6040-9E8A-742576A3B1A3</index>
<logging>YES</logging>
<partitionName>SYS_P3973</partitionName>
<segment>78328217-4259-22E0-103A-CED2806E4CC5</segment>
<tableSpace>692AEA5F-C013-5656-A766-3ECFFCBBF6AD</tableSpace>
</LocalIndexProperties>
<LocalIndexProperties class="oracle.dbtools.crest.model.design.storage.oracle.LocalIndexProperties" name="LIP122" id="811DFB30-AE19-DB8C-6F3C-F5734572FBAF">
<createdBy>ro38606</createdBy>
<createdTime>2013-05-07 16:50:48 UTC</createdTime>
<ownerDesignName>NYEC_BPM_Semantic_data_model_diagram</ownerDesignName>
<index>BBECF936-6F54-6FF2-8D8F-5E7B32F01CBF</index>
<logging>YES</logging>
<partitionName>SYS_P3973</partitionName>
<segment>78328217-4259-22E0-103A-CED2806E4CC5</segment>
<tableSpace>692AEA5F-C013-5656-A766-3ECFFCBBF6AD</tableSpace>
</LocalIndexProperties>
</localIndexProperties>
</Partition>
<Partition class="oracle.dbtools.crest.model.design.storage.oracle.v11g.PartitionOraclev11g" name="SYS_P3977" id="8A24C1C7-6074-CD92-CA82-BAE473464442">
<createdBy>ro38606</createdBy>
<createdTime>2013-05-07 16:50:20 UTC</createdTime>
<ownerDesignName>NYEC_BPM_Semantic_data_model_diagram</ownerDesignName>
<dataSegmentCompression>NO</dataSegmentCompression>
<logging>YES</logging>
<position>35</position>
<segment>1EA6863F-23E2-9C68-415B-FA51EC13D93A</segment>
<tableSpace>8D282799-0AFE-F2FF-2AEA-CF205662762F</tableSpace>
<valueList>TO_DATE(&apos; 2013-01-12 00:00:00&apos;, &apos;SYYYY-MM-DD HH24:MI:SS&apos;, &apos;NLS_CALENDAR=GREGORIAN&apos;)</valueList>
<localIndexProperties>
<LocalIndexProperties class="oracle.dbtools.crest.model.design.storage.oracle.LocalIndexProperties" name="LIP85" id="5F6F7E1E-98D2-A2D6-131E-977B0D9531E5">
<createdBy>ro38606</createdBy>
<createdTime>2013-05-07 16:50:43 UTC</createdTime>
<ownerDesignName>NYEC_BPM_Semantic_data_model_diagram</ownerDesignName>
<index>088F71B4-37E2-6040-9E8A-742576A3B1A3</index>
<logging>YES</logging>
<partitionName>SYS_P3977</partitionName>
<segment>78328217-4259-22E0-103A-CED2806E4CC5</segment>
<tableSpace>692AEA5F-C013-5656-A766-3ECFFCBBF6AD</tableSpace>
</LocalIndexProperties>
<LocalIndexProperties class="oracle.dbtools.crest.model.design.storage.oracle.LocalIndexProperties" name="LIP123" id="D0EA8AA3-5C7E-4E31-824B-7388360EE7A2">
<createdBy>ro38606</createdBy>
<createdTime>2013-05-07 16:50:48 UTC</createdTime>
<ownerDesignName>NYEC_BPM_Semantic_data_model_diagram</ownerDesignName>
<index>BBECF936-6F54-6FF2-8D8F-5E7B32F01CBF</index>
<logging>YES</logging>
<partitionName>SYS_P3977</partitionName>
<segment>78328217-4259-22E0-103A-CED2806E4CC5</segment>
<tableSpace>692AEA5F-C013-5656-A766-3ECFFCBBF6AD</tableSpace>
</LocalIndexProperties>
</localIndexProperties>
</Partition>
<Partition class="oracle.dbtools.crest.model.design.storage.oracle.v11g.PartitionOraclev11g" name="SYS_P3949" id="578FF309-9174-0D1D-A957-8979987C5BCF">
<createdBy>ro38606</createdBy>
<createdTime>2013-05-07 16:50:20 UTC</createdTime>
<ownerDesignName>NYEC_BPM_Semantic_data_model_diagram</ownerDesignName>
<dataSegmentCompression>NO</dataSegmentCompression>
<logging>YES</logging>
<position>36</position>
<segment>1EA6863F-23E2-9C68-415B-FA51EC13D93A</segment>
<tableSpace>8D282799-0AFE-F2FF-2AEA-CF205662762F</tableSpace>
<valueList>TO_DATE(&apos; 2013-01-13 00:00:00&apos;, &apos;SYYYY-MM-DD HH24:MI:SS&apos;, &apos;NLS_CALENDAR=GREGORIAN&apos;)</valueList>
<localIndexProperties>
<LocalIndexProperties class="oracle.dbtools.crest.model.design.storage.oracle.LocalIndexProperties" name="LIP86" id="46F8E948-4FFB-C60A-B944-B875BE578922">
<createdBy>ro38606</createdBy>
<createdTime>2013-05-07 16:50:43 UTC</createdTime>
<ownerDesignName>NYEC_BPM_Semantic_data_model_diagram</ownerDesignName>
<index>088F71B4-37E2-6040-9E8A-742576A3B1A3</index>
<logging>YES</logging>
<partitionName>SYS_P3949</partitionName>
<segment>78328217-4259-22E0-103A-CED2806E4CC5</segment>
<tableSpace>692AEA5F-C013-5656-A766-3ECFFCBBF6AD</tableSpace>
</LocalIndexProperties>
<LocalIndexProperties class="oracle.dbtools.crest.model.design.storage.oracle.LocalIndexProperties" name="LIP124" id="05417B77-A7F7-43BA-FF9B-3BD882CB79FF">
<createdBy>ro38606</createdBy>
<createdTime>2013-05-07 16:50:48 UTC</createdTime>
<ownerDesignName>NYEC_BPM_Semantic_data_model_diagram</ownerDesignName>
<index>BBECF936-6F54-6FF2-8D8F-5E7B32F01CBF</index>
<logging>YES</logging>
<partitionName>SYS_P3949</partitionName>
<segment>78328217-4259-22E0-103A-CED2806E4CC5</segment>
<tableSpace>692AEA5F-C013-5656-A766-3ECFFCBBF6AD</tableSpace>
</LocalIndexProperties>
</localIndexProperties>
</Partition>
<Partition class="oracle.dbtools.crest.model.design.storage.oracle.v11g.PartitionOraclev11g" name="SYS_P3095" id="0750FA89-C531-DC10-5CC7-4FD74196C27D">
<createdBy>ro38606</createdBy>
<createdTime>2013-05-07 16:50:20 UTC</createdTime>
<ownerDesignName>NYEC_BPM_Semantic_data_model_diagram</ownerDesignName>
<dataSegmentCompression>NO</dataSegmentCompression>
<logging>YES</logging>
<position>37</position>
<segment>1EA6863F-23E2-9C68-415B-FA51EC13D93A</segment>
<tableSpace>8D282799-0AFE-F2FF-2AEA-CF205662762F</tableSpace>
<valueList>TO_DATE(&apos; 2013-01-16 00:00:00&apos;, &apos;SYYYY-MM-DD HH24:MI:SS&apos;, &apos;NLS_CALENDAR=GREGORIAN&apos;)</valueList>
<localIndexProperties>
<LocalIndexProperties class="oracle.dbtools.crest.model.design.storage.oracle.LocalIndexProperties" name="LIP87" id="9ABF3566-7E2D-78A8-FC38-3F27176FB692">
<createdBy>ro38606</createdBy>
<createdTime>2013-05-07 16:50:43 UTC</createdTime>
<ownerDesignName>NYEC_BPM_Semantic_data_model_diagram</ownerDesignName>
<index>088F71B4-37E2-6040-9E8A-742576A3B1A3</index>
<logging>YES</logging>
<partitionName>SYS_P3804</partitionName>
<segment>78328217-4259-22E0-103A-CED2806E4CC5</segment>
<tableSpace>692AEA5F-C013-5656-A766-3ECFFCBBF6AD</tableSpace>
</LocalIndexProperties>
<LocalIndexProperties class="oracle.dbtools.crest.model.design.storage.oracle.LocalIndexProperties" name="LIP125" id="13B540FE-A705-1CEF-BEEA-E6F69E996D48">
<createdBy>ro38606</createdBy>
<createdTime>2013-05-07 16:50:49 UTC</createdTime>
<ownerDesignName>NYEC_BPM_Semantic_data_model_diagram</ownerDesignName>
<index>BBECF936-6F54-6FF2-8D8F-5E7B32F01CBF</index>
<logging>YES</logging>
<partitionName>SYS_P3095</partitionName>
<segment>78328217-4259-22E0-103A-CED2806E4CC5</segment>
<tableSpace>692AEA5F-C013-5656-A766-3ECFFCBBF6AD</tableSpace>
</LocalIndexProperties>
</localIndexProperties>
</Partition>
<Partition class="oracle.dbtools.crest.model.design.storage.oracle.v11g.PartitionOraclev11g" name="SYS_P3114" id="C0EE12C6-5448-DC94-3FA4-5FD1E004350C">
<createdBy>ro38606</createdBy>
<createdTime>2013-05-07 16:50:21 UTC</createdTime>
<ownerDesignName>NYEC_BPM_Semantic_data_model_diagram</ownerDesignName>
<dataSegmentCompression>NO</dataSegmentCompression>
<logging>YES</logging>
<position>38</position>
<segment>1EA6863F-23E2-9C68-415B-FA51EC13D93A</segment>
<tableSpace>8D282799-0AFE-F2FF-2AEA-CF205662762F</tableSpace>
<valueList>TO_DATE(&apos; 2013-01-17 00:00:00&apos;, &apos;SYYYY-MM-DD HH24:MI:SS&apos;, &apos;NLS_CALENDAR=GREGORIAN&apos;)</valueList>
<localIndexProperties>
<LocalIndexProperties class="oracle.dbtools.crest.model.design.storage.oracle.LocalIndexProperties" name="LIP88" id="D593219E-02C6-9DE4-CA2B-C9A2B450ED9C">
<createdBy>ro38606</createdBy>
<createdTime>2013-05-07 16:50:44 UTC</createdTime>
<ownerDesignName>NYEC_BPM_Semantic_data_model_diagram</ownerDesignName>
<index>088F71B4-37E2-6040-9E8A-742576A3B1A3</index>
<logging>YES</logging>
<partitionName>SYS_P3805</partitionName>
<segment>78328217-4259-22E0-103A-CED2806E4CC5</segment>
<tableSpace>692AEA5F-C013-5656-A766-3ECFFCBBF6AD</tableSpace>
</LocalIndexProperties>
<LocalIndexProperties class="oracle.dbtools.crest.model.design.storage.oracle.LocalIndexProperties" name="LIP126" id="87C08557-E0EC-071E-E910-F1ADEC19FABE">
<createdBy>ro38606</createdBy>
<createdTime>2013-05-07 16:50:49 UTC</createdTime>
<ownerDesignName>NYEC_BPM_Semantic_data_model_diagram</ownerDesignName>
<index>BBECF936-6F54-6FF2-8D8F-5E7B32F01CBF</index>
<logging>YES</logging>
<partitionName>SYS_P3114</partitionName>
<segment>78328217-4259-22E0-103A-CED2806E4CC5</segment>
<tableSpace>692AEA5F-C013-5656-A766-3ECFFCBBF6AD</tableSpace>
</LocalIndexProperties>
</localIndexProperties>
</Partition>
</partitions>
<primaryKeys>
<PrimaryKey class="oracle.dbtools.crest.model.design.storage.oracle.v10g.PKProxyOraclev10g" name="FNPABD_PK" id="EEC29BB5-4E56-073B-E027-3C7AEDCFC830">
<createdBy>ro38606</createdBy>
<createdTime>2013-05-07 16:49:47 UTC</createdTime>
<ownerDesignName>NYEC_BPM_Semantic_data_model_diagram</ownerDesignName>
<sortedRows>SORTED</sortedRows>
<tableSpace>692AEA5F-C013-5656-A766-3ECFFCBBF6AD</tableSpace>
<indexSegment>78328217-4259-22E0-103A-CED2806E4CC5</indexSegment>
<indexSort>SORTED</indexSort>
</PrimaryKey>
</primaryKeys>
</TableProxyOraclev11g>