<?xml version = '1.0' encoding = 'UTF-8'?>
<TableProxyOraclev11g class="oracle.dbtools.crest.model.design.storage.oracle.v11g.TableProxyOraclev11g" name="D_NYEC_PAMI_CURRENT" id="ECFE62D8-541A-A98B-69F3-2ACA3456DBCE" directorySegmentName="seg_0">
<createdBy>ro38606</createdBy>
<createdTime>2013-05-07 16:46:51 UTC</createdTime>
<ownerDesignName>NYEC_BPM_Semantic_data_model_diagram</ownerDesignName>
<logging>YES</logging>
<parallel>YES</parallel>
<partitionedRowMovement>DISABLE</partitionedRowMovement>
<segment>85B89FB1-3F42-0B6D-42FB-89733184C9EE</segment>
<tableSpace>8D282799-0AFE-F2FF-2AEA-CF205662762F</tableSpace>
<columnProxies>
<ColumnProxy class="oracle.dbtools.crest.model.design.storage.oracle.v11g.ColumnProxyOraclev11g" name="Refer to District Checkbx Date" id="01BDC4C5-0D04-F5C0-BF67-525F149C8A09">
<createdBy>ro38606</createdBy>
<createdTime>2013-05-07 16:47:14 UTC</createdTime>
<ownerDesignName>NYEC_BPM_Semantic_data_model_diagram</ownerDesignName>
</ColumnProxy>
<ColumnProxy class="oracle.dbtools.crest.model.design.storage.oracle.v11g.ColumnProxyOraclev11g" name="MI Letter ID" id="0B18329A-D39E-9970-F33A-8660305DB346">
<createdBy>ro38606</createdBy>
<createdTime>2013-05-07 16:47:13 UTC</createdTime>
<ownerDesignName>NYEC_BPM_Semantic_data_model_diagram</ownerDesignName>
</ColumnProxy>
<ColumnProxy class="oracle.dbtools.crest.model.design.storage.oracle.v11g.ColumnProxyOraclev11g" name="MI Type" id="0BAFADA8-33A3-8286-6E65-B3252C7D178E">
<createdBy>ro38606</createdBy>
<createdTime>2013-05-07 16:47:15 UTC</createdTime>
<ownerDesignName>NYEC_BPM_Semantic_data_model_diagram</ownerDesignName>
</ColumnProxy>
<ColumnProxy class="oracle.dbtools.crest.model.design.storage.oracle.v11g.ColumnProxyOraclev11g" name="Cur MI Item Status" id="24B649AF-7F89-BDB8-81C0-31451785A0F1">
<createdBy>ro38606</createdBy>
<createdTime>2013-05-07 16:47:13 UTC</createdTime>
<ownerDesignName>NYEC_BPM_Semantic_data_model_diagram</ownerDesignName>
</ColumnProxy>
<ColumnProxy class="oracle.dbtools.crest.model.design.storage.oracle.v11g.ColumnProxyOraclev11g" name="RFE Status Date" id="2562F6E7-3646-7021-9943-8B3CC60222DE">
<createdBy>ro38606</createdBy>
<createdTime>2013-05-07 16:47:13 UTC</createdTime>
<ownerDesignName>NYEC_BPM_Semantic_data_model_diagram</ownerDesignName>
</ColumnProxy>
<ColumnProxy class="oracle.dbtools.crest.model.design.storage.oracle.v11g.ColumnProxyOraclev11g" name="MAXe MI Due Date" id="2FBC5881-A69A-1C1B-4D32-E14F90C5BEF2">
<createdBy>ro38606</createdBy>
<createdTime>2013-05-07 16:47:15 UTC</createdTime>
<ownerDesignName>NYEC_BPM_Semantic_data_model_diagram</ownerDesignName>
</ColumnProxy>
<ColumnProxy class="oracle.dbtools.crest.model.design.storage.oracle.v11g.ColumnProxyOraclev11g" name="MI Letter Required Status" id="2FF949C8-A940-8DD6-70AA-F290AA627A5F">
<createdBy>ro38606</createdBy>
<createdTime>2013-05-07 16:47:13 UTC</createdTime>
<ownerDesignName>NYEC_BPM_Semantic_data_model_diagram</ownerDesignName>
</ColumnProxy>
<ColumnProxy class="oracle.dbtools.crest.model.design.storage.oracle.v11g.ColumnProxyOraclev11g" name="MI Item Create Date" id="435D959B-2AAC-1D8C-2FB4-07D59F3E619D">
<createdBy>ro38606</createdBy>
<createdTime>2013-05-07 16:47:12 UTC</createdTime>
<ownerDesignName>NYEC_BPM_Semantic_data_model_diagram</ownerDesignName>
</ColumnProxy>
<ColumnProxy class="oracle.dbtools.crest.model.design.storage.oracle.v11g.ColumnProxyOraclev11g" name="HEART MI Due Date" id="43CB61A9-A498-2C2D-6819-36D7048CAACE">
<createdBy>ro38606</createdBy>
<createdTime>2013-05-07 16:47:15 UTC</createdTime>
<ownerDesignName>NYEC_BPM_Semantic_data_model_diagram</ownerDesignName>
</ColumnProxy>
<ColumnProxy class="oracle.dbtools.crest.model.design.storage.oracle.v11g.ColumnProxyOraclev11g" name="MI Item Status Date" id="4F81E8F5-8572-0A83-BCBD-76CF003D4351">
<createdBy>ro38606</createdBy>
<createdTime>2013-05-07 16:47:13 UTC</createdTime>
<ownerDesignName>NYEC_BPM_Semantic_data_model_diagram</ownerDesignName>
</ColumnProxy>
<ColumnProxy class="oracle.dbtools.crest.model.design.storage.oracle.v11g.ColumnProxyOraclev11g" name="MI Validated Date" id="526DC34E-536B-17B2-0E56-9D8F5C1BFFA8">
<createdBy>ro38606</createdBy>
<createdTime>2013-05-07 16:47:14 UTC</createdTime>
<ownerDesignName>NYEC_BPM_Semantic_data_model_diagram</ownerDesignName>
</ColumnProxy>
<ColumnProxy class="oracle.dbtools.crest.model.design.storage.oracle.v11g.ColumnProxyOraclev11g" name="MI Letter Cycle End Date" id="59893DFF-B12F-6940-87C0-EF8748AE1D5F">
<createdBy>ro38606</createdBy>
<createdTime>2013-05-07 16:47:14 UTC</createdTime>
<ownerDesignName>NYEC_BPM_Semantic_data_model_diagram</ownerDesignName>
</ColumnProxy>
<ColumnProxy class="oracle.dbtools.crest.model.design.storage.oracle.v11g.ColumnProxyOraclev11g" name="MI Satisfied Reason" id="649DDF95-0E84-4AC2-FFBB-5BE1674D75C9">
<createdBy>ro38606</createdBy>
<createdTime>2013-05-07 16:47:15 UTC</createdTime>
<ownerDesignName>NYEC_BPM_Semantic_data_model_diagram</ownerDesignName>
</ColumnProxy>
<ColumnProxy class="oracle.dbtools.crest.model.design.storage.oracle.v11g.ColumnProxyOraclev11g" name="Cur RFE Status" id="7CA3B60D-A9C0-D3C8-384C-5DE17E17269A">
<createdBy>ro38606</createdBy>
<createdTime>2013-05-07 16:47:13 UTC</createdTime>
<ownerDesignName>NYEC_BPM_Semantic_data_model_diagram</ownerDesignName>
</ColumnProxy>
<ColumnProxy class="oracle.dbtools.crest.model.design.storage.oracle.v11g.ColumnProxyOraclev11g" name="MI Item Type" id="7CF13068-EC0B-DD56-1AEF-470B4FBAA8CE">
<createdBy>ro38606</createdBy>
<createdTime>2013-05-07 16:47:12 UTC</createdTime>
<ownerDesignName>NYEC_BPM_Semantic_data_model_diagram</ownerDesignName>
</ColumnProxy>
<ColumnProxy class="oracle.dbtools.crest.model.design.storage.oracle.v11g.ColumnProxyOraclev11g" name="Application ID" id="866C4BEE-5F15-3A85-11D6-97C087CEF0C6">
<createdBy>ro38606</createdBy>
<createdTime>2013-05-07 16:47:12 UTC</createdTime>
<ownerDesignName>NYEC_BPM_Semantic_data_model_diagram</ownerDesignName>
</ColumnProxy>
<ColumnProxy class="oracle.dbtools.crest.model.design.storage.oracle.v11g.ColumnProxyOraclev11g" name="Refer to District Checkbx" id="8BEB6CB2-7317-7CB4-DA3C-BCFE46267E4D">
<createdBy>ro38606</createdBy>
<createdTime>2013-05-07 16:47:14 UTC</createdTime>
<ownerDesignName>NYEC_BPM_Semantic_data_model_diagram</ownerDesignName>
</ColumnProxy>
<ColumnProxy class="oracle.dbtools.crest.model.design.storage.oracle.v11g.ColumnProxyOraclev11g" name="MI Item Requested By" id="A1759460-3CF2-4152-50EF-6B8F1C816AE3">
<createdBy>ro38606</createdBy>
<createdTime>2013-05-07 16:47:13 UTC</createdTime>
<ownerDesignName>NYEC_BPM_Semantic_data_model_diagram</ownerDesignName>
</ColumnProxy>
<ColumnProxy class="oracle.dbtools.crest.model.design.storage.oracle.v11g.ColumnProxyOraclev11g" name="MI Letter Name" id="A2E028F8-774E-F71D-66F4-9F0833EE1F13">
<createdBy>ro38606</createdBy>
<createdTime>2013-05-07 16:47:15 UTC</createdTime>
<ownerDesignName>NYEC_BPM_Semantic_data_model_diagram</ownerDesignName>
</ColumnProxy>
<ColumnProxy class="oracle.dbtools.crest.model.design.storage.oracle.v11g.ColumnProxyOraclev11g" name="Undeliverable Checkbox" id="A911AF5D-E882-76DC-AFEC-908D26B9469F">
<createdBy>ro38606</createdBy>
<createdTime>2013-05-07 16:47:14 UTC</createdTime>
<ownerDesignName>NYEC_BPM_Semantic_data_model_diagram</ownerDesignName>
</ColumnProxy>
<ColumnProxy class="oracle.dbtools.crest.model.design.storage.oracle.v11g.ColumnProxyOraclev11g" name="NYEC_PAMI_BI_ID" id="AA436A02-CBF0-0D0E-5E9D-0DC0462D56EA">
<createdBy>ro38606</createdBy>
<createdTime>2013-05-07 16:47:12 UTC</createdTime>
<ownerDesignName>NYEC_BPM_Semantic_data_model_diagram</ownerDesignName>
</ColumnProxy>
<ColumnProxy class="oracle.dbtools.crest.model.design.storage.oracle.v11g.ColumnProxyOraclev11g" name="Cur MI Item Status Performer" id="B6B26DF6-A082-0E0B-F85E-DFB664E6C505">
<createdBy>ro38606</createdBy>
<createdTime>2013-05-07 16:47:13 UTC</createdTime>
<ownerDesignName>NYEC_BPM_Semantic_data_model_diagram</ownerDesignName>
</ColumnProxy>
<ColumnProxy class="oracle.dbtools.crest.model.design.storage.oracle.v11g.ColumnProxyOraclev11g" name="MI Item Level" id="C68551EF-DAAF-52C6-2FDA-CFCC81EA9160">
<createdBy>ro38606</createdBy>
<createdTime>2013-05-07 16:47:12 UTC</createdTime>
<ownerDesignName>NYEC_BPM_Semantic_data_model_diagram</ownerDesignName>
</ColumnProxy>
<ColumnProxy class="oracle.dbtools.crest.model.design.storage.oracle.v11g.ColumnProxyOraclev11g" name="MI Item Create Task Type" id="CB4D8E53-4C71-09D8-6074-297D8E172E50">
<createdBy>ro38606</createdBy>
<createdTime>2013-05-07 16:47:14 UTC</createdTime>
<ownerDesignName>NYEC_BPM_Semantic_data_model_diagram</ownerDesignName>
</ColumnProxy>
<ColumnProxy class="oracle.dbtools.crest.model.design.storage.oracle.v11g.ColumnProxyOraclev11g" name="MI Letter Cycle Start Date" id="CFB7BB24-B45A-D1F6-4051-C2AA9B125228">
<createdBy>ro38606</createdBy>
<createdTime>2013-05-07 16:47:14 UTC</createdTime>
<ownerDesignName>NYEC_BPM_Semantic_data_model_diagram</ownerDesignName>
</ColumnProxy>
<ColumnProxy class="oracle.dbtools.crest.model.design.storage.oracle.v11g.ColumnProxyOraclev11g" name="MI Item ID" id="D1977900-5DD4-083B-2867-A6BF445A68F6">
<createdBy>ro38606</createdBy>
<createdTime>2013-05-07 16:47:12 UTC</createdTime>
<ownerDesignName>NYEC_BPM_Semantic_data_model_diagram</ownerDesignName>
</ColumnProxy>
<ColumnProxy class="oracle.dbtools.crest.model.design.storage.oracle.v11g.ColumnProxyOraclev11g" name="Undeliverable Checkbox Date" id="DE735D40-6E7B-C09B-0738-ECD81B9900B5">
<createdBy>ro38606</createdBy>
<createdTime>2013-05-07 16:47:14 UTC</createdTime>
<ownerDesignName>NYEC_BPM_Semantic_data_model_diagram</ownerDesignName>
</ColumnProxy>
</columnProxies>
<indexProxies>
<IndexProxy class="oracle.dbtools.crest.model.design.storage.oracle.v10g.IndexProxyOraclev10g" name="DNPAMICUR_IX1" id="F95FB496-298E-C1CD-90FC-D7B7B5C4FE22">
<createdBy>ro38606</createdBy>
<createdTime>2013-05-07 16:48:37 UTC</createdTime>
<ownerDesignName>NYEC_BPM_Semantic_data_model_diagram</ownerDesignName>
<parallel>YES</parallel>
<segment>78328217-4259-22E0-103A-CED2806E4CC5</segment>
<sortedRows>SORTED</sortedRows>
<tableSpace>692AEA5F-C013-5656-A766-3ECFFCBBF6AD</tableSpace>
</IndexProxy>
</indexProxies>
<primaryKeys>
<PrimaryKey class="oracle.dbtools.crest.model.design.storage.oracle.v10g.PKProxyOraclev10g" name="DNPAMICUR_PK" id="D7B6981C-5F65-CD57-C9C2-A0760D31DD66">
<createdBy>ro38606</createdBy>
<createdTime>2013-05-07 16:49:08 UTC</createdTime>
<ownerDesignName>NYEC_BPM_Semantic_data_model_diagram</ownerDesignName>
<sortedRows>SORTED</sortedRows>
<tableSpace>692AEA5F-C013-5656-A766-3ECFFCBBF6AD</tableSpace>
<indexSegment>78328217-4259-22E0-103A-CED2806E4CC5</indexSegment>
<indexSort>SORTED</indexSort>
</PrimaryKey>
</primaryKeys>
</TableProxyOraclev11g>