<?xml version = '1.0' encoding = 'UTF-8'?>
<TableProxyOraclev11g class="oracle.dbtools.crest.model.design.storage.oracle.v11g.TableProxyOraclev11g" name="F_NYEC_PA_BY_DATE" id="F196E535-7F0D-EDB7-317C-3F752A293CE8" directorySegmentName="seg_0">
<createdBy>ro38606</createdBy>
<createdTime>2013-05-17 14:52:05 UTC</createdTime>
<ownerDesignName>NYEC_BPM_Semantic_data_model_diagram</ownerDesignName>
<logging>YES</logging>
<columnProxies>
<ColumnProxy class="oracle.dbtools.crest.model.design.storage.oracle.v11g.ColumnProxyOraclev11g" name="DNPAHCS_ID" id="0FDCF58C-19F5-C976-9A64-AE441CD6D8BC">
<createdBy>ro38606</createdBy>
<createdTime>2013-05-17 14:52:05 UTC</createdTime>
<ownerDesignName>NYEC_BPM_Semantic_data_model_diagram</ownerDesignName>
</ColumnProxy>
<ColumnProxy class="oracle.dbtools.crest.model.design.storage.oracle.v11g.ColumnProxyOraclev11g" name="DNPACIN_ID" id="12E224C2-04F9-EA49-0793-70FB7273B6AC">
<createdBy>ro38606</createdBy>
<createdTime>2013-05-17 14:52:05 UTC</createdTime>
<ownerDesignName>NYEC_BPM_Semantic_data_model_diagram</ownerDesignName>
</ColumnProxy>
<ColumnProxy class="oracle.dbtools.crest.model.design.storage.oracle.v11g.ColumnProxyOraclev11g" name="DNPASAR_ID" id="1FC1563B-9E4F-D6E2-CD0F-AD8EE8252DD7">
<createdBy>ro38606</createdBy>
<createdTime>2013-05-17 14:52:05 UTC</createdTime>
<ownerDesignName>NYEC_BPM_Semantic_data_model_diagram</ownerDesignName>
</ColumnProxy>
<ColumnProxy class="oracle.dbtools.crest.model.design.storage.oracle.v11g.ColumnProxyOraclev11g" name="DNPAHIAI_ID" id="20AEAAF7-1A33-98C2-B315-7035EF5F84BE">
<createdBy>ro38606</createdBy>
<createdTime>2013-05-17 14:52:05 UTC</createdTime>
<ownerDesignName>NYEC_BPM_Semantic_data_model_diagram</ownerDesignName>
</ColumnProxy>
<ColumnProxy class="oracle.dbtools.crest.model.design.storage.oracle.v11g.ColumnProxyOraclev11g" name="FNPABD_ID" id="3263CF9B-6B69-E60C-70C1-EA2E3AE8CDB4">
<createdBy>ro38606</createdBy>
<createdTime>2013-05-17 14:52:05 UTC</createdTime>
<ownerDesignName>NYEC_BPM_Semantic_data_model_diagram</ownerDesignName>
</ColumnProxy>
<ColumnProxy class="oracle.dbtools.crest.model.design.storage.oracle.v11g.ColumnProxyOraclev11g" name="DNPAML_ID" id="3C7FD4FB-6FB5-8413-F282-1AD7B0758BF0">
<createdBy>ro38606</createdBy>
<createdTime>2013-05-17 14:52:05 UTC</createdTime>
<ownerDesignName>NYEC_BPM_Semantic_data_model_diagram</ownerDesignName>
</ColumnProxy>
<ColumnProxy class="oracle.dbtools.crest.model.design.storage.oracle.v11g.ColumnProxyOraclev11g" name="DNPAWRI_ID" id="40D0808A-BA23-ECF4-5D46-158ED689AD26">
<createdBy>ro38606</createdBy>
<createdTime>2013-05-17 14:52:05 UTC</createdTime>
<ownerDesignName>NYEC_BPM_Semantic_data_model_diagram</ownerDesignName>
</ColumnProxy>
<ColumnProxy class="oracle.dbtools.crest.model.design.storage.oracle.v11g.ColumnProxyOraclev11g" name="BUCKET_END_DATE" id="43EACB50-A9AE-42CB-5A36-EED3F787E6A0">
<createdBy>ro38606</createdBy>
<createdTime>2013-05-17 14:52:05 UTC</createdTime>
<ownerDesignName>NYEC_BPM_Semantic_data_model_diagram</ownerDesignName>
</ColumnProxy>
<ColumnProxy class="oracle.dbtools.crest.model.design.storage.oracle.v11g.ColumnProxyOraclev11g" name="DNPARN_ID" id="64637654-ECE0-DC0C-7B10-6F05908188B5">
<createdBy>ro38606</createdBy>
<createdTime>2013-05-17 14:52:05 UTC</createdTime>
<ownerDesignName>NYEC_BPM_Semantic_data_model_diagram</ownerDesignName>
</ColumnProxy>
<ColumnProxy class="oracle.dbtools.crest.model.design.storage.oracle.v11g.ColumnProxyOraclev11g" name="DNPARCR_ID" id="64886277-5263-981F-38A3-1AB25E8671C7">
<createdBy>ro38606</createdBy>
<createdTime>2013-05-17 14:52:05 UTC</createdTime>
<ownerDesignName>NYEC_BPM_Semantic_data_model_diagram</ownerDesignName>
</ColumnProxy>
<ColumnProxy class="oracle.dbtools.crest.model.design.storage.oracle.v11g.ColumnProxyOraclev11g" name="DNPAOLS_ID" id="6DA320C6-7769-AF8A-F74A-A503D04A6B5A">
<createdBy>ro38606</createdBy>
<createdTime>2013-05-17 14:52:05 UTC</createdTime>
<ownerDesignName>NYEC_BPM_Semantic_data_model_diagram</ownerDesignName>
</ColumnProxy>
<ColumnProxy class="oracle.dbtools.crest.model.design.storage.oracle.v11g.ColumnProxyOraclev11g" name="INVENTORY_COUNT" id="6ED196D5-54F1-6B4F-9AC8-2D4A84FCDA0B">
<createdBy>ro38606</createdBy>
<createdTime>2013-05-17 14:52:05 UTC</createdTime>
<ownerDesignName>NYEC_BPM_Semantic_data_model_diagram</ownerDesignName>
</ColumnProxy>
<ColumnProxy class="oracle.dbtools.crest.model.design.storage.oracle.v11g.ColumnProxyOraclev11g" name="Reactivation Date" id="83859107-7C80-570B-EFA0-C67A96CC8354">
<createdBy>ro38606</createdBy>
<createdTime>2013-05-17 14:52:05 UTC</createdTime>
<ownerDesignName>NYEC_BPM_Semantic_data_model_diagram</ownerDesignName>
</ColumnProxy>
<ColumnProxy class="oracle.dbtools.crest.model.design.storage.oracle.v11g.ColumnProxyOraclev11g" name="NYEC_PA_BI_ID" id="93EB5CEF-B2BC-63C6-AFCE-6B9988BA2A9D">
<createdBy>ro38606</createdBy>
<createdTime>2013-05-17 14:52:05 UTC</createdTime>
<ownerDesignName>NYEC_BPM_Semantic_data_model_diagram</ownerDesignName>
</ColumnProxy>
<ColumnProxy class="oracle.dbtools.crest.model.design.storage.oracle.v11g.ColumnProxyOraclev11g" name="DNPAQI_ID" id="97680FBC-16FA-8F97-2B3E-31DEA9978A39">
<createdBy>ro38606</createdBy>
<createdTime>2013-05-17 14:52:05 UTC</createdTime>
<ownerDesignName>NYEC_BPM_Semantic_data_model_diagram</ownerDesignName>
</ColumnProxy>
<ColumnProxy class="oracle.dbtools.crest.model.design.storage.oracle.v11g.ColumnProxyOraclev11g" name="DNPAWMSR_ID" id="A2EAE052-BA0D-402E-93AB-8B8D4FEE6FBF">
<createdBy>ro38606</createdBy>
<createdTime>2013-05-17 14:52:05 UTC</createdTime>
<ownerDesignName>NYEC_BPM_Semantic_data_model_diagram</ownerDesignName>
</ColumnProxy>
<ColumnProxy class="oracle.dbtools.crest.model.design.storage.oracle.v11g.ColumnProxyOraclev11g" name="DNPAONF_ID" id="A4DD718B-6514-5082-130C-71C99810EC2D">
<createdBy>ro38606</createdBy>
<createdTime>2013-05-17 14:52:05 UTC</createdTime>
<ownerDesignName>NYEC_BPM_Semantic_data_model_diagram</ownerDesignName>
</ColumnProxy>
<ColumnProxy class="oracle.dbtools.crest.model.design.storage.oracle.v11g.ColumnProxyOraclev11g" name="DNPARB_ID" id="A5D820AE-14D9-809B-87BF-5CAB7FEED1B2">
<createdBy>ro38606</createdBy>
<createdTime>2013-05-17 14:52:05 UTC</createdTime>
<ownerDesignName>NYEC_BPM_Semantic_data_model_diagram</ownerDesignName>
</ColumnProxy>
<ColumnProxy class="oracle.dbtools.crest.model.design.storage.oracle.v11g.ColumnProxyOraclev11g" name="DNPAAS_ID" id="AA74444D-7DD7-94CF-B032-0EA29F2BCB63">
<createdBy>ro38606</createdBy>
<createdTime>2013-05-17 14:52:05 UTC</createdTime>
<ownerDesignName>NYEC_BPM_Semantic_data_model_diagram</ownerDesignName>
</ColumnProxy>
<ColumnProxy class="oracle.dbtools.crest.model.design.storage.oracle.v11g.ColumnProxyOraclev11g" name="D_DATE" id="AF499CB0-A9D7-35EA-329A-EBA0ADA04522">
<createdBy>ro38606</createdBy>
<createdTime>2013-05-17 14:52:05 UTC</createdTime>
<ownerDesignName>NYEC_BPM_Semantic_data_model_diagram</ownerDesignName>
</ColumnProxy>
<ColumnProxy class="oracle.dbtools.crest.model.design.storage.oracle.v11g.ColumnProxyOraclev11g" name="DNPARR_ID" id="AF4E0E3C-17AD-E718-0D3B-0FC50F061D57">
<createdBy>ro38606</createdBy>
<createdTime>2013-05-17 14:52:05 UTC</createdTime>
<ownerDesignName>NYEC_BPM_Semantic_data_model_diagram</ownerDesignName>
</ColumnProxy>
<ColumnProxy class="oracle.dbtools.crest.model.design.storage.oracle.v11g.ColumnProxyOraclev11g" name="DNPARI_ID" id="B1156872-2607-730C-B81B-1E2B169F036D">
<createdBy>ro38606</createdBy>
<createdTime>2013-05-17 14:52:05 UTC</createdTime>
<ownerDesignName>NYEC_BPM_Semantic_data_model_diagram</ownerDesignName>
</ColumnProxy>
<ColumnProxy class="oracle.dbtools.crest.model.design.storage.oracle.v11g.ColumnProxyOraclev11g" name="DNPAFPBPST_ID" id="BA15CC3C-80A5-E8AD-3F1D-CC7DD701799B">
<createdBy>ro38606</createdBy>
<createdTime>2013-05-17 14:52:05 UTC</createdTime>
<ownerDesignName>NYEC_BPM_Semantic_data_model_diagram</ownerDesignName>
</ColumnProxy>
<ColumnProxy class="oracle.dbtools.crest.model.design.storage.oracle.v11g.ColumnProxyOraclev11g" name="COMPLETION_COUNT" id="BB799D57-2654-0CA6-3AEF-87E824A73270">
<createdBy>ro38606</createdBy>
<createdTime>2013-05-17 14:52:05 UTC</createdTime>
<ownerDesignName>NYEC_BPM_Semantic_data_model_diagram</ownerDesignName>
</ColumnProxy>
<ColumnProxy class="oracle.dbtools.crest.model.design.storage.oracle.v11g.ColumnProxyOraclev11g" name="BUCKET_START_DATE" id="C0410942-802F-3330-2DD0-697DCA976AA4">
<createdBy>ro38606</createdBy>
<createdTime>2013-05-17 14:52:05 UTC</createdTime>
<ownerDesignName>NYEC_BPM_Semantic_data_model_diagram</ownerDesignName>
</ColumnProxy>
<ColumnProxy class="oracle.dbtools.crest.model.design.storage.oracle.v11g.ColumnProxyOraclev11g" name="CREATION_COUNT" id="C5833F56-9623-260E-F7AD-8EA796F9782A">
<createdBy>ro38606</createdBy>
<createdTime>2013-05-17 14:52:05 UTC</createdTime>
<ownerDesignName>NYEC_BPM_Semantic_data_model_diagram</ownerDesignName>
</ColumnProxy>
<ColumnProxy class="oracle.dbtools.crest.model.design.storage.oracle.v11g.ColumnProxyOraclev11g" name="Invoiceable Date" id="CD1C2B45-F44F-CB2C-9FB0-A786D53755F9">
<createdBy>ro38606</createdBy>
<createdTime>2013-05-17 14:52:05 UTC</createdTime>
<ownerDesignName>NYEC_BPM_Semantic_data_model_diagram</ownerDesignName>
</ColumnProxy>
<ColumnProxy class="oracle.dbtools.crest.model.design.storage.oracle.v11g.ColumnProxyOraclev11g" name="DNPACOU_ID" id="E0D09AE2-BBC8-B63B-EF6A-D78EC2AD8DE9">
<createdBy>ro38606</createdBy>
<createdTime>2013-05-17 14:52:05 UTC</createdTime>
<ownerDesignName>NYEC_BPM_Semantic_data_model_diagram</ownerDesignName>
</ColumnProxy>
<ColumnProxy class="oracle.dbtools.crest.model.design.storage.oracle.v11g.ColumnProxyOraclev11g" name="DNPAMC_ID" id="E29A1EDA-24C9-3942-91B6-1D0BD830FA45">
<createdBy>ro38606</createdBy>
<createdTime>2013-05-17 14:52:05 UTC</createdTime>
<ownerDesignName>NYEC_BPM_Semantic_data_model_diagram</ownerDesignName>
</ColumnProxy>
<ColumnProxy class="oracle.dbtools.crest.model.design.storage.oracle.v11g.ColumnProxyOraclev11g" name="DNPAMAR_ID" id="F0BAE0F7-099C-7861-65F5-6A92E7121E61">
<createdBy>ro38606</createdBy>
<createdTime>2013-05-17 14:52:05 UTC</createdTime>
<ownerDesignName>NYEC_BPM_Semantic_data_model_diagram</ownerDesignName>
</ColumnProxy>
<ColumnProxy class="oracle.dbtools.crest.model.design.storage.oracle.v11g.ColumnProxyOraclev11g" name="DNPAHS_ID" id="F65D1CB4-0BBA-CC9C-EB27-6068A8F7DF01">
<createdBy>ro38606</createdBy>
<createdTime>2013-05-17 14:52:05 UTC</createdTime>
<ownerDesignName>NYEC_BPM_Semantic_data_model_diagram</ownerDesignName>
</ColumnProxy>
<ColumnProxy class="oracle.dbtools.crest.model.design.storage.oracle.v11g.ColumnProxyOraclev11g" name="Receipt Date" id="FEED5C41-1918-411F-CFE6-C72047A6DE3F">
<createdBy>ro38606</createdBy>
<createdTime>2013-05-17 14:52:05 UTC</createdTime>
<ownerDesignName>NYEC_BPM_Semantic_data_model_diagram</ownerDesignName>
</ColumnProxy>
</columnProxies>
<indexProxies>
<IndexProxy class="oracle.dbtools.crest.model.design.storage.oracle.v10g.IndexProxyOraclev10g" name="FNPABD_UIX1" id="50DEEB8F-7962-DE2E-E83A-46AE1179D0E7">
<createdBy>ro38606</createdBy>
<createdTime>2013-05-17 14:52:05 UTC</createdTime>
<ownerDesignName>NYEC_BPM_Semantic_data_model_diagram</ownerDesignName>
<sortedRows>SORTED</sortedRows>
</IndexProxy>
<IndexProxy class="oracle.dbtools.crest.model.design.storage.oracle.v10g.IndexProxyOraclev10g" name="FNPABD_IX2" id="64906C93-EDA3-A78F-AE10-24B7B91B18F9">
<createdBy>ro38606</createdBy>
<createdTime>2013-05-17 14:52:05 UTC</createdTime>
<ownerDesignName>NYEC_BPM_Semantic_data_model_diagram</ownerDesignName>
<sortedRows>SORTED</sortedRows>
</IndexProxy>
<IndexProxy class="oracle.dbtools.crest.model.design.storage.oracle.v10g.IndexProxyOraclev10g" name="FNPABD_UIX2" id="72EC90CA-5EBF-9E74-7C01-32D6C1F2DD33">
<createdBy>ro38606</createdBy>
<createdTime>2013-05-17 14:52:05 UTC</createdTime>
<ownerDesignName>NYEC_BPM_Semantic_data_model_diagram</ownerDesignName>
<sortedRows>SORTED</sortedRows>
</IndexProxy>
<IndexProxy class="oracle.dbtools.crest.model.design.storage.oracle.v10g.IndexProxyOraclev10g" name="FNPABD_IX1" id="877A61A2-4193-8A04-D2C8-2FCD4B28C3BD">
<createdBy>ro38606</createdBy>
<createdTime>2013-05-17 14:52:05 UTC</createdTime>
<ownerDesignName>NYEC_BPM_Semantic_data_model_diagram</ownerDesignName>
<sortedRows>SORTED</sortedRows>
</IndexProxy>
<IndexProxy class="oracle.dbtools.crest.model.design.storage.oracle.v10g.IndexProxyOraclev10g" name="FNPABD_IXL1" id="9E3F005B-BCEE-4DD1-2719-FDD68906D03B">
<createdBy>ro38606</createdBy>
<createdTime>2013-05-17 14:52:05 UTC</createdTime>
<ownerDesignName>NYEC_BPM_Semantic_data_model_diagram</ownerDesignName>
<sortedRows>SORTED</sortedRows>
</IndexProxy>
<IndexProxy class="oracle.dbtools.crest.model.design.storage.oracle.v10g.IndexProxyOraclev10g" name="FNPABD_IXL2" id="A81D3B9F-7C6B-2B50-A151-B2595389BA80">
<createdBy>ro38606</createdBy>
<createdTime>2013-05-17 14:52:05 UTC</createdTime>
<ownerDesignName>NYEC_BPM_Semantic_data_model_diagram</ownerDesignName>
<sortedRows>SORTED</sortedRows>
</IndexProxy>
</indexProxies>
<foreignKeys>
<ForeignKey class="oracle.dbtools.crest.model.design.storage.oracle.v10g.FKProxyOraclev10g" name="FNPABD_DNPAHS_FK" id="2DB4920B-875C-DC66-97E4-9B7186B4680E">
<createdBy>ro38606</createdBy>
<createdTime>2013-05-17 14:52:05 UTC</createdTime>
<ownerDesignName>NYEC_BPM_Semantic_data_model_diagram</ownerDesignName>
</ForeignKey>
<ForeignKey class="oracle.dbtools.crest.model.design.storage.oracle.v10g.FKProxyOraclev10g" name="FNPABD_DNPASAR_FK" id="30B92DAF-F9E0-8EC5-5C0A-A627024E4E4F">
<createdBy>ro38606</createdBy>
<createdTime>2013-05-17 14:52:05 UTC</createdTime>
<ownerDesignName>NYEC_BPM_Semantic_data_model_diagram</ownerDesignName>
</ForeignKey>
<ForeignKey class="oracle.dbtools.crest.model.design.storage.oracle.v10g.FKProxyOraclev10g" name="FNPABD_DNPAONF_FK" id="3708ADAC-9FD1-116D-BAF0-052625863B3C">
<createdBy>ro38606</createdBy>
<createdTime>2013-05-17 14:52:05 UTC</createdTime>
<ownerDesignName>NYEC_BPM_Semantic_data_model_diagram</ownerDesignName>
</ForeignKey>
<ForeignKey class="oracle.dbtools.crest.model.design.storage.oracle.v10g.FKProxyOraclev10g" name="FNPABD_DNPAMC_FK" id="49A603E2-FAA4-BE76-2759-B9E0C6D5D24C">
<createdBy>ro38606</createdBy>
<createdTime>2013-05-17 14:52:05 UTC</createdTime>
<ownerDesignName>NYEC_BPM_Semantic_data_model_diagram</ownerDesignName>
</ForeignKey>
<ForeignKey class="oracle.dbtools.crest.model.design.storage.oracle.v10g.FKProxyOraclev10g" name="FNPABD_DNPARR_FK" id="4FADA517-E33E-3D5F-98A5-392A906F3A0A">
<createdBy>ro38606</createdBy>
<createdTime>2013-05-17 14:52:05 UTC</createdTime>
<ownerDesignName>NYEC_BPM_Semantic_data_model_diagram</ownerDesignName>
</ForeignKey>
<ForeignKey class="oracle.dbtools.crest.model.design.storage.oracle.v10g.FKProxyOraclev10g" name="FNPABD_DNPAHCS_FK" id="51CB2DB4-E86B-6C45-B7A8-07B395024058">
<createdBy>ro38606</createdBy>
<createdTime>2013-05-17 14:52:05 UTC</createdTime>
<ownerDesignName>NYEC_BPM_Semantic_data_model_diagram</ownerDesignName>
</ForeignKey>
<ForeignKey class="oracle.dbtools.crest.model.design.storage.oracle.v10g.FKProxyOraclev10g" name="FNPABD_DNPARN_FK" id="60FB4839-3A52-549E-A9A3-867D056112FA">
<createdBy>ro38606</createdBy>
<createdTime>2013-05-17 14:52:05 UTC</createdTime>
<ownerDesignName>NYEC_BPM_Semantic_data_model_diagram</ownerDesignName>
</ForeignKey>
<ForeignKey class="oracle.dbtools.crest.model.design.storage.oracle.v10g.FKProxyOraclev10g" name="FNPABD_DNPAFPBPST_FK" id="6631551A-6AA4-E34E-8DE5-AAB328A2BCBC">
<createdBy>ro38606</createdBy>
<createdTime>2013-05-17 14:52:05 UTC</createdTime>
<ownerDesignName>NYEC_BPM_Semantic_data_model_diagram</ownerDesignName>
</ForeignKey>
<ForeignKey class="oracle.dbtools.crest.model.design.storage.oracle.v10g.FKProxyOraclev10g" name="FNPABD_DNPACUR_FK" id="69466741-7E58-9847-DBD7-1A517229AF2D">
<createdBy>ro38606</createdBy>
<createdTime>2013-05-17 15:01:41 UTC</createdTime>
<ownerDesignName>NYEC_BPM_Semantic_data_model_diagram</ownerDesignName>
</ForeignKey>
<ForeignKey class="oracle.dbtools.crest.model.design.storage.oracle.v10g.FKProxyOraclev10g" name="FNPABD_DNPAWRI_FK" id="73FDC962-5844-9168-7AD5-A01E031948CC">
<createdBy>ro38606</createdBy>
<createdTime>2013-05-17 14:52:05 UTC</createdTime>
<ownerDesignName>NYEC_BPM_Semantic_data_model_diagram</ownerDesignName>
</ForeignKey>
<ForeignKey class="oracle.dbtools.crest.model.design.storage.oracle.v10g.FKProxyOraclev10g" name="FNPABD_DNPAOLS_FK" id="78B7D558-74CC-493C-99D2-12FAB2AA65ED">
<createdBy>ro38606</createdBy>
<createdTime>2013-05-17 14:52:05 UTC</createdTime>
<ownerDesignName>NYEC_BPM_Semantic_data_model_diagram</ownerDesignName>
</ForeignKey>
<ForeignKey class="oracle.dbtools.crest.model.design.storage.oracle.v10g.FKProxyOraclev10g" name="FNPABD_DNPAHIAI_FK" id="7A8BA0E6-CC37-0258-F31C-72358096A0DE">
<createdBy>ro38606</createdBy>
<createdTime>2013-05-17 14:52:05 UTC</createdTime>
<ownerDesignName>NYEC_BPM_Semantic_data_model_diagram</ownerDesignName>
</ForeignKey>
<ForeignKey class="oracle.dbtools.crest.model.design.storage.oracle.v10g.FKProxyOraclev10g" name="FNPABD_DNPAML_FK" id="8AD8CD81-F052-F8EB-ED51-7658B2CA26FF">
<createdBy>ro38606</createdBy>
<createdTime>2013-05-17 14:52:05 UTC</createdTime>
<ownerDesignName>NYEC_BPM_Semantic_data_model_diagram</ownerDesignName>
</ForeignKey>
<ForeignKey class="oracle.dbtools.crest.model.design.storage.oracle.v10g.FKProxyOraclev10g" name="FNPABD_DNPACIN_FK" id="8AD9F167-2902-A4D1-C85C-8BA75811301B">
<createdBy>ro38606</createdBy>
<createdTime>2013-05-17 14:52:05 UTC</createdTime>
<ownerDesignName>NYEC_BPM_Semantic_data_model_diagram</ownerDesignName>
</ForeignKey>
<ForeignKey class="oracle.dbtools.crest.model.design.storage.oracle.v10g.FKProxyOraclev10g" name="FNPABD_DNPARI_FK" id="8C8D88BD-0D91-9B0E-E862-B0ABF112E3C5">
<createdBy>ro38606</createdBy>
<createdTime>2013-05-17 14:52:05 UTC</createdTime>
<ownerDesignName>NYEC_BPM_Semantic_data_model_diagram</ownerDesignName>
</ForeignKey>
<ForeignKey class="oracle.dbtools.crest.model.design.storage.oracle.v10g.FKProxyOraclev10g" name="FNPABD_DNPARCR_FK" id="92C5F38B-9B32-A54A-9A7A-32E5AC071CB2">
<createdBy>ro38606</createdBy>
<createdTime>2013-05-17 14:52:05 UTC</createdTime>
<ownerDesignName>NYEC_BPM_Semantic_data_model_diagram</ownerDesignName>
</ForeignKey>
<ForeignKey class="oracle.dbtools.crest.model.design.storage.oracle.v10g.FKProxyOraclev10g" name="FNPABD_DNPARB_FK" id="99244853-0734-3B70-AC4D-DDB03F833457">
<createdBy>ro38606</createdBy>
<createdTime>2013-05-17 14:52:05 UTC</createdTime>
<ownerDesignName>NYEC_BPM_Semantic_data_model_diagram</ownerDesignName>
</ForeignKey>
<ForeignKey class="oracle.dbtools.crest.model.design.storage.oracle.v10g.FKProxyOraclev10g" name="FNPABD_DNPAWMSR_FK" id="9B823F30-78E3-DBF8-463A-FCB77B0C6A21">
<createdBy>ro38606</createdBy>
<createdTime>2013-05-17 14:52:05 UTC</createdTime>
<ownerDesignName>NYEC_BPM_Semantic_data_model_diagram</ownerDesignName>
</ForeignKey>
<ForeignKey class="oracle.dbtools.crest.model.design.storage.oracle.v10g.FKProxyOraclev10g" name="FNPABD_DNPAMAR_FK" id="A7FF9953-5C7D-2B23-3EB9-1FC2C764A175">
<createdBy>ro38606</createdBy>
<createdTime>2013-05-17 14:52:05 UTC</createdTime>
<ownerDesignName>NYEC_BPM_Semantic_data_model_diagram</ownerDesignName>
</ForeignKey>
<ForeignKey class="oracle.dbtools.crest.model.design.storage.oracle.v10g.FKProxyOraclev10g" name="FNPABD_DNPAAS_FK" id="B521E9BC-96D9-0F9E-F060-49C40B641091">
<createdBy>ro38606</createdBy>
<createdTime>2013-05-17 14:52:05 UTC</createdTime>
<ownerDesignName>NYEC_BPM_Semantic_data_model_diagram</ownerDesignName>
</ForeignKey>
<ForeignKey class="oracle.dbtools.crest.model.design.storage.oracle.v10g.FKProxyOraclev10g" name="FNPABD_DNPAQI_FK" id="C527519A-D0B1-1C61-B4A1-D8CF8FE8CC53">
<createdBy>ro38606</createdBy>
<createdTime>2013-05-17 14:52:05 UTC</createdTime>
<ownerDesignName>NYEC_BPM_Semantic_data_model_diagram</ownerDesignName>
</ForeignKey>
<ForeignKey class="oracle.dbtools.crest.model.design.storage.oracle.v10g.FKProxyOraclev10g" name="FNPABD_DNPACOU_FK" id="C885EEAE-1014-39F4-97D9-53FA6581A2B4">
<createdBy>ro38606</createdBy>
<createdTime>2013-05-17 14:52:05 UTC</createdTime>
<ownerDesignName>NYEC_BPM_Semantic_data_model_diagram</ownerDesignName>
</ForeignKey>
</foreignKeys>
<primaryKeys>
<PrimaryKey class="oracle.dbtools.crest.model.design.storage.oracle.v10g.PKProxyOraclev10g" name="FNPABD_PK" id="2A5ACF03-E2AB-AAF1-7A41-ABE481F7B743">
<createdBy>ro38606</createdBy>
<createdTime>2013-05-17 14:52:05 UTC</createdTime>
<ownerDesignName>NYEC_BPM_Semantic_data_model_diagram</ownerDesignName>
<sortedRows>SORTED</sortedRows>
<indexSort>SORTED</indexSort>
</PrimaryKey>
</primaryKeys>
</TableProxyOraclev11g>