<?xml version = '1.0' encoding = 'UTF-8'?>
<TableProxyOraclev11g class="oracle.dbtools.crest.model.design.storage.oracle.v11g.TableProxyOraclev11g" name="F_NYEC_PA_BY_DATE" id="FF076A83-8DCE-DD51-850A-E27FF5B14FFD" directorySegmentName="seg_0">
<createdBy>ro38606</createdBy>
<createdTime>2013-05-08 20:47:50 UTC</createdTime>
<ownerDesignName>NYEC_BPM_Semantic_data_model_diagram</ownerDesignName>
<logging>YES</logging>
<parallel>YES</parallel>
<partitionList class="oracle.dbtools.crest.model.design.storage.oracle.v11g.PartitionListOraclev11g" name="PL1" id="07B21568-4393-1D55-2135-AFED59E41804">
<createdBy>ro38606</createdBy>
<createdTime>2013-05-08 20:48:05 UTC</createdTime>
<ownerDesignName>NYEC_BPM_Semantic_data_model_diagram</ownerDesignName>
<columnIDs>928D976F-0C40-0F26-AEB1-739901FA6CD0</columnIDs>
<intervalExpression>NUMTODSINTERVAL(1,&apos;DAY&apos;)</intervalExpression>
</partitionList>
<partitioned>YES</partitioned>
<partitionedRowMovement>DISABLE</partitionedRowMovement>
<segment>A85465D6-CCBD-480A-F8CC-481ED1F7C911</segment>
<tableSpace>84F5C915-4256-0572-5386-43E712EAFE5F</tableSpace>
<columnProxies>
<ColumnProxy class="oracle.dbtools.crest.model.design.storage.oracle.v11g.ColumnProxyOraclev11g" name="DNPAAS_ID" id="0DE8CF81-DA58-C3FD-98BF-EEF82C367B8D">
<createdBy>ro38606</createdBy>
<createdTime>2013-05-08 20:47:52 UTC</createdTime>
<ownerDesignName>NYEC_BPM_Semantic_data_model_diagram</ownerDesignName>
</ColumnProxy>
<ColumnProxy class="oracle.dbtools.crest.model.design.storage.oracle.v11g.ColumnProxyOraclev11g" name="DNPAWRI_ID" id="1CE951F1-5032-1F40-1331-38F0206F27C0">
<createdBy>ro38606</createdBy>
<createdTime>2013-05-08 20:47:55 UTC</createdTime>
<ownerDesignName>NYEC_BPM_Semantic_data_model_diagram</ownerDesignName>
</ColumnProxy>
<ColumnProxy class="oracle.dbtools.crest.model.design.storage.oracle.v11g.ColumnProxyOraclev11g" name="Invoiceable Date" id="2D7580C1-DEBC-8AA5-61D2-4B718AC6E2B2">
<createdBy>ro38606</createdBy>
<createdTime>2013-05-08 20:47:53 UTC</createdTime>
<ownerDesignName>NYEC_BPM_Semantic_data_model_diagram</ownerDesignName>
</ColumnProxy>
<ColumnProxy class="oracle.dbtools.crest.model.design.storage.oracle.v11g.ColumnProxyOraclev11g" name="DNPARI_ID" id="3A136667-645B-BBCC-EF98-0D7633D43EFD">
<createdBy>ro38606</createdBy>
<createdTime>2013-05-08 20:47:54 UTC</createdTime>
<ownerDesignName>NYEC_BPM_Semantic_data_model_diagram</ownerDesignName>
</ColumnProxy>
<ColumnProxy class="oracle.dbtools.crest.model.design.storage.oracle.v11g.ColumnProxyOraclev11g" name="Reactivation Date" id="3AAE84D0-9244-2F98-6E14-19A242B1894C">
<createdBy>ro38606</createdBy>
<createdTime>2013-05-08 20:47:55 UTC</createdTime>
<ownerDesignName>NYEC_BPM_Semantic_data_model_diagram</ownerDesignName>
</ColumnProxy>
<ColumnProxy class="oracle.dbtools.crest.model.design.storage.oracle.v11g.ColumnProxyOraclev11g" name="DNPAHIAI_ID" id="41B40677-0705-FCFF-14DF-09A375766CCB">
<createdBy>ro38606</createdBy>
<createdTime>2013-05-08 20:47:53 UTC</createdTime>
<ownerDesignName>NYEC_BPM_Semantic_data_model_diagram</ownerDesignName>
</ColumnProxy>
<ColumnProxy class="oracle.dbtools.crest.model.design.storage.oracle.v11g.ColumnProxyOraclev11g" name="INVENTORY_COUNT" id="48DAF875-83E6-81BA-1EE5-FAC57208164A">
<createdBy>ro38606</createdBy>
<createdTime>2013-05-08 20:47:52 UTC</createdTime>
<ownerDesignName>NYEC_BPM_Semantic_data_model_diagram</ownerDesignName>
</ColumnProxy>
<ColumnProxy class="oracle.dbtools.crest.model.design.storage.oracle.v11g.ColumnProxyOraclev11g" name="D_DATE" id="51B8E434-8AC2-D585-22FF-A7AEE0B3DCD3">
<createdBy>ro38606</createdBy>
<createdTime>2013-05-08 20:47:51 UTC</createdTime>
<ownerDesignName>NYEC_BPM_Semantic_data_model_diagram</ownerDesignName>
</ColumnProxy>
<ColumnProxy class="oracle.dbtools.crest.model.design.storage.oracle.v11g.ColumnProxyOraclev11g" name="NYEC_PA_BI_ID" id="56AA53B3-77A4-0B1A-1AD4-06AA750661DC">
<createdBy>ro38606</createdBy>
<createdTime>2013-05-08 20:47:52 UTC</createdTime>
<ownerDesignName>NYEC_BPM_Semantic_data_model_diagram</ownerDesignName>
</ColumnProxy>
<ColumnProxy class="oracle.dbtools.crest.model.design.storage.oracle.v11g.ColumnProxyOraclev11g" name="CREATION_COUNT" id="67CA71E4-523A-C4DA-E1E0-218E06FCE1F8">
<createdBy>ro38606</createdBy>
<createdTime>2013-05-08 20:47:53 UTC</createdTime>
<ownerDesignName>NYEC_BPM_Semantic_data_model_diagram</ownerDesignName>
</ColumnProxy>
<ColumnProxy class="oracle.dbtools.crest.model.design.storage.oracle.v11g.ColumnProxyOraclev11g" name="DNPARR_ID" id="6DE21444-C193-5139-6B93-1B2D46815970">
<createdBy>ro38606</createdBy>
<createdTime>2013-05-08 20:47:54 UTC</createdTime>
<ownerDesignName>NYEC_BPM_Semantic_data_model_diagram</ownerDesignName>
</ColumnProxy>
<ColumnProxy class="oracle.dbtools.crest.model.design.storage.oracle.v11g.ColumnProxyOraclev11g" name="DNPARB_ID" id="6F21C6F2-830F-03D9-A254-B947E4AC5D09">
<createdBy>ro38606</createdBy>
<createdTime>2013-05-08 20:47:54 UTC</createdTime>
<ownerDesignName>NYEC_BPM_Semantic_data_model_diagram</ownerDesignName>
</ColumnProxy>
<ColumnProxy class="oracle.dbtools.crest.model.design.storage.oracle.v11g.ColumnProxyOraclev11g" name="DNPAOLS_ID" id="76273FE5-41F8-982B-0036-3E915EDF10A0">
<createdBy>ro38606</createdBy>
<createdTime>2013-05-08 20:47:54 UTC</createdTime>
<ownerDesignName>NYEC_BPM_Semantic_data_model_diagram</ownerDesignName>
</ColumnProxy>
<ColumnProxy class="oracle.dbtools.crest.model.design.storage.oracle.v11g.ColumnProxyOraclev11g" name="DNPASAR_ID" id="77990C27-D599-32C7-34D6-E593EBE39751">
<createdBy>ro38606</createdBy>
<createdTime>2013-05-08 20:47:55 UTC</createdTime>
<ownerDesignName>NYEC_BPM_Semantic_data_model_diagram</ownerDesignName>
</ColumnProxy>
<ColumnProxy class="oracle.dbtools.crest.model.design.storage.oracle.v11g.ColumnProxyOraclev11g" name="DNPAONF_ID" id="820F076E-5F2B-9188-4648-1DAA2D28174C">
<createdBy>ro38606</createdBy>
<createdTime>2013-05-08 20:47:54 UTC</createdTime>
<ownerDesignName>NYEC_BPM_Semantic_data_model_diagram</ownerDesignName>
</ColumnProxy>
<ColumnProxy class="oracle.dbtools.crest.model.design.storage.oracle.v11g.ColumnProxyOraclev11g" name="DNPACIN_ID" id="868F7C3B-BFAE-7556-E528-D986623ABFA3">
<createdBy>ro38606</createdBy>
<createdTime>2013-05-08 20:47:53 UTC</createdTime>
<ownerDesignName>NYEC_BPM_Semantic_data_model_diagram</ownerDesignName>
</ColumnProxy>
<ColumnProxy class="oracle.dbtools.crest.model.design.storage.oracle.v11g.ColumnProxyOraclev11g" name="DNPAML_ID" id="8B608358-539D-39DE-2938-1FCCB4EF49C6">
<createdBy>ro38606</createdBy>
<createdTime>2013-05-08 20:47:54 UTC</createdTime>
<ownerDesignName>NYEC_BPM_Semantic_data_model_diagram</ownerDesignName>
</ColumnProxy>
<ColumnProxy class="oracle.dbtools.crest.model.design.storage.oracle.v11g.ColumnProxyOraclev11g" name="Receipt Date" id="90376246-DEAC-1F8C-49F2-85BFEBECED64">
<createdBy>ro38606</createdBy>
<createdTime>2013-05-08 20:47:52 UTC</createdTime>
<ownerDesignName>NYEC_BPM_Semantic_data_model_diagram</ownerDesignName>
</ColumnProxy>
<ColumnProxy class="oracle.dbtools.crest.model.design.storage.oracle.v11g.ColumnProxyOraclev11g" name="BUCKET_START_DATE" id="928D976F-0C40-0F26-AEB1-739901FA6CD0">
<createdBy>ro38606</createdBy>
<createdTime>2013-05-08 20:47:52 UTC</createdTime>
<ownerDesignName>NYEC_BPM_Semantic_data_model_diagram</ownerDesignName>
</ColumnProxy>
<ColumnProxy class="oracle.dbtools.crest.model.design.storage.oracle.v11g.ColumnProxyOraclev11g" name="DNPACOU_ID" id="9704BBD0-EAB3-05ED-00C3-C5597ED1EFBD">
<createdBy>ro38606</createdBy>
<createdTime>2013-05-08 20:47:52 UTC</createdTime>
<ownerDesignName>NYEC_BPM_Semantic_data_model_diagram</ownerDesignName>
</ColumnProxy>
<ColumnProxy class="oracle.dbtools.crest.model.design.storage.oracle.v11g.ColumnProxyOraclev11g" name="FNPABD_ID" id="B65D61DC-53A9-F685-55C2-222C419E1675">
<createdBy>ro38606</createdBy>
<createdTime>2013-05-08 20:47:51 UTC</createdTime>
<ownerDesignName>NYEC_BPM_Semantic_data_model_diagram</ownerDesignName>
</ColumnProxy>
<ColumnProxy class="oracle.dbtools.crest.model.design.storage.oracle.v11g.ColumnProxyOraclev11g" name="DNPAHCS_ID" id="BFEC70CE-9605-9F21-9CD8-CB8B50F1D4D4">
<createdBy>ro38606</createdBy>
<createdTime>2013-05-08 20:47:53 UTC</createdTime>
<ownerDesignName>NYEC_BPM_Semantic_data_model_diagram</ownerDesignName>
</ColumnProxy>
<ColumnProxy class="oracle.dbtools.crest.model.design.storage.oracle.v11g.ColumnProxyOraclev11g" name="DNPAQI_ID" id="C48BE062-FA11-2922-CE2A-F6BA53EDFA4A">
<createdBy>ro38606</createdBy>
<createdTime>2013-05-08 20:47:55 UTC</createdTime>
<ownerDesignName>NYEC_BPM_Semantic_data_model_diagram</ownerDesignName>
</ColumnProxy>
<ColumnProxy class="oracle.dbtools.crest.model.design.storage.oracle.v11g.ColumnProxyOraclev11g" name="DNPAFPBPST_ID" id="D5F733B6-8EEA-8772-9778-ED76349ACF0F">
<createdBy>ro38606</createdBy>
<createdTime>2013-05-08 20:47:53 UTC</createdTime>
<ownerDesignName>NYEC_BPM_Semantic_data_model_diagram</ownerDesignName>
</ColumnProxy>
<ColumnProxy class="oracle.dbtools.crest.model.design.storage.oracle.v11g.ColumnProxyOraclev11g" name="BUCKET_END_DATE" id="D9A59B83-1533-EA32-61A9-FB1CD68F605D">
<createdBy>ro38606</createdBy>
<createdTime>2013-05-08 20:47:52 UTC</createdTime>
<ownerDesignName>NYEC_BPM_Semantic_data_model_diagram</ownerDesignName>
</ColumnProxy>
<ColumnProxy class="oracle.dbtools.crest.model.design.storage.oracle.v11g.ColumnProxyOraclev11g" name="DNPAMC_ID" id="DAB6637E-F9EF-EE66-9BDD-DC2FAEE3D48C">
<createdBy>ro38606</createdBy>
<createdTime>2013-05-08 20:47:54 UTC</createdTime>
<ownerDesignName>NYEC_BPM_Semantic_data_model_diagram</ownerDesignName>
</ColumnProxy>
<ColumnProxy class="oracle.dbtools.crest.model.design.storage.oracle.v11g.ColumnProxyOraclev11g" name="DNPAHS_ID" id="E9ACC7BC-C6BF-0DAE-DF59-C1A331515F32">
<createdBy>ro38606</createdBy>
<createdTime>2013-05-08 20:47:52 UTC</createdTime>
<ownerDesignName>NYEC_BPM_Semantic_data_model_diagram</ownerDesignName>
</ColumnProxy>
<ColumnProxy class="oracle.dbtools.crest.model.design.storage.oracle.v11g.ColumnProxyOraclev11g" name="DNPARN_ID" id="EA57451B-A6A8-045A-5EFD-3137A8B03A10">
<createdBy>ro38606</createdBy>
<createdTime>2013-05-08 20:47:54 UTC</createdTime>
<ownerDesignName>NYEC_BPM_Semantic_data_model_diagram</ownerDesignName>
</ColumnProxy>
<ColumnProxy class="oracle.dbtools.crest.model.design.storage.oracle.v11g.ColumnProxyOraclev11g" name="COMPLETION_COUNT" id="FB9B188E-A943-6E31-CE29-85E2ACF9C32C">
<createdBy>ro38606</createdBy>
<createdTime>2013-05-08 20:47:53 UTC</createdTime>
<ownerDesignName>NYEC_BPM_Semantic_data_model_diagram</ownerDesignName>
</ColumnProxy>
</columnProxies>
<indexProxies>
<IndexProxy class="oracle.dbtools.crest.model.design.storage.oracle.v10g.IndexProxyOraclev10g" name="FNPABD_UIX2" id="01239EE3-1D0F-8A3A-3669-D640936511C5">
<createdBy>ro38606</createdBy>
<createdTime>2013-05-08 20:47:56 UTC</createdTime>
<ownerDesignName>NYEC_BPM_Semantic_data_model_diagram</ownerDesignName>
<parallel>YES</parallel>
<segment>91B78D5A-5245-AAB1-7286-5376C26B509C</segment>
<sortedRows>SORTED</sortedRows>
<tableSpace>A414B79B-EA37-661D-3968-32E2EBCE0081</tableSpace>
</IndexProxy>
<IndexProxy class="oracle.dbtools.crest.model.design.storage.oracle.v10g.IndexProxyOraclev10g" name="FNPABD_IX1" id="6CF8C79D-8B69-421A-FABD-13ECD7813083">
<createdBy>ro38606</createdBy>
<createdTime>2013-05-08 20:47:56 UTC</createdTime>
<ownerDesignName>NYEC_BPM_Semantic_data_model_diagram</ownerDesignName>
<parallel>YES</parallel>
<segment>91B78D5A-5245-AAB1-7286-5376C26B509C</segment>
<sortedRows>SORTED</sortedRows>
<tableSpace>A414B79B-EA37-661D-3968-32E2EBCE0081</tableSpace>
</IndexProxy>
<IndexProxy class="oracle.dbtools.crest.model.design.storage.oracle.v10g.IndexProxyOraclev10g" name="FNPABD_IXL2" id="95B97E8E-5565-DB0E-8FCF-145F92A05CB2">
<createdBy>ro38606</createdBy>
<createdTime>2013-05-08 20:47:55 UTC</createdTime>
<ownerDesignName>NYEC_BPM_Semantic_data_model_diagram</ownerDesignName>
<partitioned>true</partitioned>
<indexPartitioned>LOCAL</indexPartitioned>
<parallel>YES</parallel>
<segment>4A14B502-E28C-6DF9-6EA4-38099255275F</segment>
<sortedRows>SORTED</sortedRows>
<tableSpace>A414B79B-EA37-661D-3968-32E2EBCE0081</tableSpace>
</IndexProxy>
<IndexProxy class="oracle.dbtools.crest.model.design.storage.oracle.v10g.IndexProxyOraclev10g" name="FNPABD_UIX1" id="C3C40A3E-E1E1-FC12-679C-EE201AEB2F36">
<createdBy>ro38606</createdBy>
<createdTime>2013-05-08 20:47:56 UTC</createdTime>
<ownerDesignName>NYEC_BPM_Semantic_data_model_diagram</ownerDesignName>
<parallel>YES</parallel>
<segment>91B78D5A-5245-AAB1-7286-5376C26B509C</segment>
<sortedRows>SORTED</sortedRows>
<tableSpace>A414B79B-EA37-661D-3968-32E2EBCE0081</tableSpace>
</IndexProxy>
<IndexProxy class="oracle.dbtools.crest.model.design.storage.oracle.v10g.IndexProxyOraclev10g" name="FNPABD_IX2" id="E32A0690-1BAA-C3C2-414B-F651B1C11B38">
<createdBy>ro38606</createdBy>
<createdTime>2013-05-08 20:47:56 UTC</createdTime>
<ownerDesignName>NYEC_BPM_Semantic_data_model_diagram</ownerDesignName>
<parallel>YES</parallel>
<segment>91B78D5A-5245-AAB1-7286-5376C26B509C</segment>
<sortedRows>SORTED</sortedRows>
<tableSpace>A414B79B-EA37-661D-3968-32E2EBCE0081</tableSpace>
</IndexProxy>
<IndexProxy class="oracle.dbtools.crest.model.design.storage.oracle.v10g.IndexProxyOraclev10g" name="FNPABD_IXL1" id="E687A93F-394C-1081-D867-F8F30C03D985">
<createdBy>ro38606</createdBy>
<createdTime>2013-05-08 20:47:56 UTC</createdTime>
<ownerDesignName>NYEC_BPM_Semantic_data_model_diagram</ownerDesignName>
<partitioned>true</partitioned>
<indexPartitioned>LOCAL</indexPartitioned>
<parallel>YES</parallel>
<segment>4A14B502-E28C-6DF9-6EA4-38099255275F</segment>
<sortedRows>SORTED</sortedRows>
<tableSpace>A414B79B-EA37-661D-3968-32E2EBCE0081</tableSpace>
</IndexProxy>
</indexProxies>
<foreignKeys>
<ForeignKey class="oracle.dbtools.crest.model.design.storage.oracle.v10g.FKProxyOraclev10g" name="FNPABD_DNPAML_FK" id="2DF30CED-BA0A-03CB-4607-83854697C572">
<createdBy>ro38606</createdBy>
<createdTime>2013-05-08 20:48:05 UTC</createdTime>
<ownerDesignName>NYEC_BPM_Semantic_data_model_diagram</ownerDesignName>
</ForeignKey>
<ForeignKey class="oracle.dbtools.crest.model.design.storage.oracle.v10g.FKProxyOraclev10g" name="FNPABD_DNPARB_FK" id="338E9D7C-6469-2D46-3B32-5CB4DB8325D8">
<createdBy>ro38606</createdBy>
<createdTime>2013-05-08 20:48:05 UTC</createdTime>
<ownerDesignName>NYEC_BPM_Semantic_data_model_diagram</ownerDesignName>
</ForeignKey>
<ForeignKey class="oracle.dbtools.crest.model.design.storage.oracle.v10g.FKProxyOraclev10g" name="FNPABD_DNPAONF_FK" id="49BEFB73-35B9-8D8C-E6EA-0066440E9982">
<createdBy>ro38606</createdBy>
<createdTime>2013-05-08 20:48:05 UTC</createdTime>
<ownerDesignName>NYEC_BPM_Semantic_data_model_diagram</ownerDesignName>
</ForeignKey>
<ForeignKey class="oracle.dbtools.crest.model.design.storage.oracle.v10g.FKProxyOraclev10g" name="FNPABD_DNPAQI_FK" id="54C4E560-C55B-7EDA-4EB4-E280098AFCB6">
<createdBy>ro38606</createdBy>
<createdTime>2013-05-08 20:48:05 UTC</createdTime>
<ownerDesignName>NYEC_BPM_Semantic_data_model_diagram</ownerDesignName>
</ForeignKey>
<ForeignKey class="oracle.dbtools.crest.model.design.storage.oracle.v10g.FKProxyOraclev10g" name="FNPABD_DNPAWRI_FK" id="5B7D72F3-DDAE-140C-45EC-F6FA4D5BBC03">
<createdBy>ro38606</createdBy>
<createdTime>2013-05-08 20:48:05 UTC</createdTime>
<ownerDesignName>NYEC_BPM_Semantic_data_model_diagram</ownerDesignName>
</ForeignKey>
<ForeignKey class="oracle.dbtools.crest.model.design.storage.oracle.v10g.FKProxyOraclev10g" name="FNPABD_DNPAAS_FK" id="7C73C01A-055D-F1EC-247A-1C102D6AC441">
<createdBy>ro38606</createdBy>
<createdTime>2013-05-08 20:48:05 UTC</createdTime>
<ownerDesignName>NYEC_BPM_Semantic_data_model_diagram</ownerDesignName>
</ForeignKey>
<ForeignKey class="oracle.dbtools.crest.model.design.storage.oracle.v10g.FKProxyOraclev10g" name="FNPABD_DNPARR_FK" id="82C2EF4C-A572-9145-FC71-45FDC4877A68">
<createdBy>ro38606</createdBy>
<createdTime>2013-05-08 20:48:05 UTC</createdTime>
<ownerDesignName>NYEC_BPM_Semantic_data_model_diagram</ownerDesignName>
</ForeignKey>
<ForeignKey class="oracle.dbtools.crest.model.design.storage.oracle.v10g.FKProxyOraclev10g" name="FNPABD_DNPARI_FK" id="876C1811-C599-CB73-CDFE-A49C5B23BF22">
<createdBy>ro38606</createdBy>
<createdTime>2013-05-08 20:48:05 UTC</createdTime>
<ownerDesignName>NYEC_BPM_Semantic_data_model_diagram</ownerDesignName>
</ForeignKey>
<ForeignKey class="oracle.dbtools.crest.model.design.storage.oracle.v10g.FKProxyOraclev10g" name="FNPABD_DNPAFPBPST_FK" id="8AA4AAF5-1901-1E1C-B892-422090579ECA">
<createdBy>ro38606</createdBy>
<createdTime>2013-05-08 20:48:05 UTC</createdTime>
<ownerDesignName>NYEC_BPM_Semantic_data_model_diagram</ownerDesignName>
</ForeignKey>
<ForeignKey class="oracle.dbtools.crest.model.design.storage.oracle.v10g.FKProxyOraclev10g" name="FNPABD_DNPACIN_FK" id="91AA1DDD-BDD7-9D9A-12CC-78EE7DB7FCF8">
<createdBy>ro38606</createdBy>
<createdTime>2013-05-08 20:48:05 UTC</createdTime>
<ownerDesignName>NYEC_BPM_Semantic_data_model_diagram</ownerDesignName>
</ForeignKey>
<ForeignKey class="oracle.dbtools.crest.model.design.storage.oracle.v10g.FKProxyOraclev10g" name="FNPABD_DNPARN_FK" id="97F0D158-8962-B7A2-65E5-49F08FD92C72">
<createdBy>ro38606</createdBy>
<createdTime>2013-05-08 20:48:05 UTC</createdTime>
<ownerDesignName>NYEC_BPM_Semantic_data_model_diagram</ownerDesignName>
</ForeignKey>
<ForeignKey class="oracle.dbtools.crest.model.design.storage.oracle.v10g.FKProxyOraclev10g" name="FNPABD_DNPACOU_FK" id="A70C2909-7213-74FE-7EC9-21A320B35498">
<createdBy>ro38606</createdBy>
<createdTime>2013-05-08 20:48:05 UTC</createdTime>
<ownerDesignName>NYEC_BPM_Semantic_data_model_diagram</ownerDesignName>
</ForeignKey>
<ForeignKey class="oracle.dbtools.crest.model.design.storage.oracle.v10g.FKProxyOraclev10g" name="FNPABD_DNPAOLS_FK" id="A8A03428-834A-780B-9113-6DDB7A359ECB">
<createdBy>ro38606</createdBy>
<createdTime>2013-05-08 20:48:05 UTC</createdTime>
<ownerDesignName>NYEC_BPM_Semantic_data_model_diagram</ownerDesignName>
</ForeignKey>
<ForeignKey class="oracle.dbtools.crest.model.design.storage.oracle.v10g.FKProxyOraclev10g" name="FNPABD_DNPASAR_FK" id="AA377CB8-E392-C1BC-7E78-45FD265EB22E">
<createdBy>ro38606</createdBy>
<createdTime>2013-05-08 20:48:05 UTC</createdTime>
<ownerDesignName>NYEC_BPM_Semantic_data_model_diagram</ownerDesignName>
</ForeignKey>
<ForeignKey class="oracle.dbtools.crest.model.design.storage.oracle.v10g.FKProxyOraclev10g" name="FNPABD_DNPAHIAI_FK" id="C89F5FBD-BB9D-41EB-929B-DC3254AFBD1D">
<createdBy>ro38606</createdBy>
<createdTime>2013-05-08 20:48:05 UTC</createdTime>
<ownerDesignName>NYEC_BPM_Semantic_data_model_diagram</ownerDesignName>
</ForeignKey>
<ForeignKey class="oracle.dbtools.crest.model.design.storage.oracle.v10g.FKProxyOraclev10g" name="FNPABD_DNPAHCS_FK" id="CC77C248-17E4-94A3-17B0-5151CE9EB01A">
<createdBy>ro38606</createdBy>
<createdTime>2013-05-08 20:48:05 UTC</createdTime>
<ownerDesignName>NYEC_BPM_Semantic_data_model_diagram</ownerDesignName>
</ForeignKey>
<ForeignKey class="oracle.dbtools.crest.model.design.storage.oracle.v10g.FKProxyOraclev10g" name="FNPABD_DNPAMC_FK" id="D86B3E67-3167-8BEA-E43E-9F856EE4D11A">
<createdBy>ro38606</createdBy>
<createdTime>2013-05-08 20:48:05 UTC</createdTime>
<ownerDesignName>NYEC_BPM_Semantic_data_model_diagram</ownerDesignName>
</ForeignKey>
<ForeignKey class="oracle.dbtools.crest.model.design.storage.oracle.v10g.FKProxyOraclev10g" name="FNPABD_DNPAHS_FK" id="DC82E172-7051-F549-9FF1-DF33837D9FED">
<createdBy>ro38606</createdBy>
<createdTime>2013-05-08 20:48:05 UTC</createdTime>
<ownerDesignName>NYEC_BPM_Semantic_data_model_diagram</ownerDesignName>
</ForeignKey>
</foreignKeys>
<partitions>
<Partition class="oracle.dbtools.crest.model.design.storage.oracle.v11g.PartitionOraclev11g" name="PT_BUCKET_START_DATE_LT_2012" id="C9990272-820A-57B6-24D8-0BC8F18DE63F">
<createdBy>ro38606</createdBy>
<createdTime>2013-05-08 20:48:06 UTC</createdTime>
<ownerDesignName>NYEC_BPM_Semantic_data_model_diagram</ownerDesignName>
<dataSegmentCompression>NO</dataSegmentCompression>
<logging>YES</logging>
<position>1</position>
<segment>4E4D466A-9DF0-023D-2016-9EA8009D8E74</segment>
<tableSpace>84F5C915-4256-0572-5386-43E712EAFE5F</tableSpace>
<valueList>TO_DATE(&apos; 2012-01-01 00:00:00&apos;, &apos;SYYYY-MM-DD HH24:MI:SS&apos;, &apos;NLS_CALENDAR=GREGORIAN&apos;)</valueList>
<localIndexProperties>
<LocalIndexProperties class="oracle.dbtools.crest.model.design.storage.oracle.LocalIndexProperties" name="LIP1" id="11655883-819C-3577-D606-26C0250FCFCE">
<createdBy>ro38606</createdBy>
<createdTime>2013-05-08 20:48:12 UTC</createdTime>
<ownerDesignName>NYEC_BPM_Semantic_data_model_diagram</ownerDesignName>
<index>95B97E8E-5565-DB0E-8FCF-145F92A05CB2</index>
<logging>YES</logging>
<partitionName>PT_BUCKET_START_DATE_LT_2012</partitionName>
<segment>91B78D5A-5245-AAB1-7286-5376C26B509C</segment>
<tableSpace>A414B79B-EA37-661D-3968-32E2EBCE0081</tableSpace>
</LocalIndexProperties>
<LocalIndexProperties class="oracle.dbtools.crest.model.design.storage.oracle.LocalIndexProperties" name="LIP39" id="F1F21055-5E1C-AC9B-636A-37DDA607DC2E">
<createdBy>ro38606</createdBy>
<createdTime>2013-05-08 20:48:17 UTC</createdTime>
<ownerDesignName>NYEC_BPM_Semantic_data_model_diagram</ownerDesignName>
<index>E687A93F-394C-1081-D867-F8F30C03D985</index>
<logging>YES</logging>
<partitionName>PT_BUCKET_START_DATE_LT_2012</partitionName>
<segment>91B78D5A-5245-AAB1-7286-5376C26B509C</segment>
<tableSpace>A414B79B-EA37-661D-3968-32E2EBCE0081</tableSpace>
</LocalIndexProperties>
</localIndexProperties>
</Partition>
<Partition class="oracle.dbtools.crest.model.design.storage.oracle.v11g.PartitionOraclev11g" name="SYS_P1541" id="B03D4957-2BA9-973A-3651-418D4B6C2028">
<createdBy>ro38606</createdBy>
<createdTime>2013-05-08 20:48:06 UTC</createdTime>
<ownerDesignName>NYEC_BPM_Semantic_data_model_diagram</ownerDesignName>
<dataSegmentCompression>NO</dataSegmentCompression>
<logging>YES</logging>
<position>2</position>
<segment>4E4D466A-9DF0-023D-2016-9EA8009D8E74</segment>
<tableSpace>84F5C915-4256-0572-5386-43E712EAFE5F</tableSpace>
<valueList>TO_DATE(&apos; 2012-05-11 00:00:00&apos;, &apos;SYYYY-MM-DD HH24:MI:SS&apos;, &apos;NLS_CALENDAR=GREGORIAN&apos;)</valueList>
<localIndexProperties>
<LocalIndexProperties class="oracle.dbtools.crest.model.design.storage.oracle.LocalIndexProperties" name="LIP2" id="C7F36737-B33A-42C8-45B3-E365B1A7E9C0">
<createdBy>ro38606</createdBy>
<createdTime>2013-05-08 20:48:12 UTC</createdTime>
<ownerDesignName>NYEC_BPM_Semantic_data_model_diagram</ownerDesignName>
<index>95B97E8E-5565-DB0E-8FCF-145F92A05CB2</index>
<logging>YES</logging>
<partitionName>SYS_P3795</partitionName>
<segment>91B78D5A-5245-AAB1-7286-5376C26B509C</segment>
<tableSpace>A414B79B-EA37-661D-3968-32E2EBCE0081</tableSpace>
</LocalIndexProperties>
<LocalIndexProperties class="oracle.dbtools.crest.model.design.storage.oracle.LocalIndexProperties" name="LIP40" id="96B1E575-5C37-F6F0-3352-E6A41DC15F51">
<createdBy>ro38606</createdBy>
<createdTime>2013-05-08 20:48:17 UTC</createdTime>
<ownerDesignName>NYEC_BPM_Semantic_data_model_diagram</ownerDesignName>
<index>E687A93F-394C-1081-D867-F8F30C03D985</index>
<logging>YES</logging>
<partitionName>SYS_P1593</partitionName>
<segment>91B78D5A-5245-AAB1-7286-5376C26B509C</segment>
<tableSpace>A414B79B-EA37-661D-3968-32E2EBCE0081</tableSpace>
</LocalIndexProperties>
</localIndexProperties>
</Partition>
<Partition class="oracle.dbtools.crest.model.design.storage.oracle.v11g.PartitionOraclev11g" name="SYS_P1546" id="A4CFD149-370C-89BB-AAB5-BEE2C4C2F2C5">
<createdBy>ro38606</createdBy>
<createdTime>2013-05-08 20:48:07 UTC</createdTime>
<ownerDesignName>NYEC_BPM_Semantic_data_model_diagram</ownerDesignName>
<dataSegmentCompression>NO</dataSegmentCompression>
<logging>YES</logging>
<position>3</position>
<segment>4E4D466A-9DF0-023D-2016-9EA8009D8E74</segment>
<tableSpace>84F5C915-4256-0572-5386-43E712EAFE5F</tableSpace>
<valueList>TO_DATE(&apos; 2012-08-01 00:00:00&apos;, &apos;SYYYY-MM-DD HH24:MI:SS&apos;, &apos;NLS_CALENDAR=GREGORIAN&apos;)</valueList>
<localIndexProperties>
<LocalIndexProperties class="oracle.dbtools.crest.model.design.storage.oracle.LocalIndexProperties" name="LIP3" id="5376209C-2EF4-4677-135D-B3EDA330D461">
<createdBy>ro38606</createdBy>
<createdTime>2013-05-08 20:48:12 UTC</createdTime>
<ownerDesignName>NYEC_BPM_Semantic_data_model_diagram</ownerDesignName>
<index>95B97E8E-5565-DB0E-8FCF-145F92A05CB2</index>
<logging>YES</logging>
<partitionName>SYS_P3796</partitionName>
<segment>91B78D5A-5245-AAB1-7286-5376C26B509C</segment>
<tableSpace>A414B79B-EA37-661D-3968-32E2EBCE0081</tableSpace>
</LocalIndexProperties>
<LocalIndexProperties class="oracle.dbtools.crest.model.design.storage.oracle.LocalIndexProperties" name="LIP41" id="229EB87B-9562-3318-64DD-A587A82B7C43">
<createdBy>ro38606</createdBy>
<createdTime>2013-05-08 20:48:17 UTC</createdTime>
<ownerDesignName>NYEC_BPM_Semantic_data_model_diagram</ownerDesignName>
<index>E687A93F-394C-1081-D867-F8F30C03D985</index>
<logging>YES</logging>
<partitionName>SYS_P1594</partitionName>
<segment>91B78D5A-5245-AAB1-7286-5376C26B509C</segment>
<tableSpace>A414B79B-EA37-661D-3968-32E2EBCE0081</tableSpace>
</LocalIndexProperties>
</localIndexProperties>
</Partition>
<Partition class="oracle.dbtools.crest.model.design.storage.oracle.v11g.PartitionOraclev11g" name="SYS_P1542" id="0D994504-52D9-2950-1DC2-C2F9C99A2D76">
<createdBy>ro38606</createdBy>
<createdTime>2013-05-08 20:48:07 UTC</createdTime>
<ownerDesignName>NYEC_BPM_Semantic_data_model_diagram</ownerDesignName>
<dataSegmentCompression>NO</dataSegmentCompression>
<logging>YES</logging>
<position>4</position>
<segment>4E4D466A-9DF0-023D-2016-9EA8009D8E74</segment>
<tableSpace>84F5C915-4256-0572-5386-43E712EAFE5F</tableSpace>
<valueList>TO_DATE(&apos; 2012-09-21 00:00:00&apos;, &apos;SYYYY-MM-DD HH24:MI:SS&apos;, &apos;NLS_CALENDAR=GREGORIAN&apos;)</valueList>
<localIndexProperties>
<LocalIndexProperties class="oracle.dbtools.crest.model.design.storage.oracle.LocalIndexProperties" name="LIP4" id="E1939306-B7A3-FEAC-7C30-6C24702A7BB6">
<createdBy>ro38606</createdBy>
<createdTime>2013-05-08 20:48:12 UTC</createdTime>
<ownerDesignName>NYEC_BPM_Semantic_data_model_diagram</ownerDesignName>
<index>95B97E8E-5565-DB0E-8FCF-145F92A05CB2</index>
<logging>YES</logging>
<partitionName>SYS_P3797</partitionName>
<segment>91B78D5A-5245-AAB1-7286-5376C26B509C</segment>
<tableSpace>A414B79B-EA37-661D-3968-32E2EBCE0081</tableSpace>
</LocalIndexProperties>
<LocalIndexProperties class="oracle.dbtools.crest.model.design.storage.oracle.LocalIndexProperties" name="LIP42" id="61D57C67-2DB3-343B-1C73-8BDBB93C0F27">
<createdBy>ro38606</createdBy>
<createdTime>2013-05-08 20:48:17 UTC</createdTime>
<ownerDesignName>NYEC_BPM_Semantic_data_model_diagram</ownerDesignName>
<index>E687A93F-394C-1081-D867-F8F30C03D985</index>
<logging>YES</logging>
<partitionName>SYS_P1595</partitionName>
<segment>91B78D5A-5245-AAB1-7286-5376C26B509C</segment>
<tableSpace>A414B79B-EA37-661D-3968-32E2EBCE0081</tableSpace>
</LocalIndexProperties>
</localIndexProperties>
</Partition>
<Partition class="oracle.dbtools.crest.model.design.storage.oracle.v11g.PartitionOraclev11g" name="SYS_P1543" id="8A46713D-328A-509D-67B5-6DA46AFE02AF">
<createdBy>ro38606</createdBy>
<createdTime>2013-05-08 20:48:07 UTC</createdTime>
<ownerDesignName>NYEC_BPM_Semantic_data_model_diagram</ownerDesignName>
<dataSegmentCompression>NO</dataSegmentCompression>
<logging>YES</logging>
<position>5</position>
<segment>4E4D466A-9DF0-023D-2016-9EA8009D8E74</segment>
<tableSpace>84F5C915-4256-0572-5386-43E712EAFE5F</tableSpace>
<valueList>TO_DATE(&apos; 2012-09-22 00:00:00&apos;, &apos;SYYYY-MM-DD HH24:MI:SS&apos;, &apos;NLS_CALENDAR=GREGORIAN&apos;)</valueList>
<localIndexProperties>
<LocalIndexProperties class="oracle.dbtools.crest.model.design.storage.oracle.LocalIndexProperties" name="LIP5" id="E0B34798-9C81-C473-3DC9-490B4DA73B8B">
<createdBy>ro38606</createdBy>
<createdTime>2013-05-08 20:48:12 UTC</createdTime>
<ownerDesignName>NYEC_BPM_Semantic_data_model_diagram</ownerDesignName>
<index>95B97E8E-5565-DB0E-8FCF-145F92A05CB2</index>
<logging>YES</logging>
<partitionName>SYS_P3798</partitionName>
<segment>91B78D5A-5245-AAB1-7286-5376C26B509C</segment>
<tableSpace>A414B79B-EA37-661D-3968-32E2EBCE0081</tableSpace>
</LocalIndexProperties>
<LocalIndexProperties class="oracle.dbtools.crest.model.design.storage.oracle.LocalIndexProperties" name="LIP43" id="D50E053D-7A18-DC2B-F601-F40F0E3E5F32">
<createdBy>ro38606</createdBy>
<createdTime>2013-05-08 20:48:18 UTC</createdTime>
<ownerDesignName>NYEC_BPM_Semantic_data_model_diagram</ownerDesignName>
<index>E687A93F-394C-1081-D867-F8F30C03D985</index>
<logging>YES</logging>
<partitionName>SYS_P1596</partitionName>
<segment>91B78D5A-5245-AAB1-7286-5376C26B509C</segment>
<tableSpace>A414B79B-EA37-661D-3968-32E2EBCE0081</tableSpace>
</LocalIndexProperties>
</localIndexProperties>
</Partition>
<Partition class="oracle.dbtools.crest.model.design.storage.oracle.v11g.PartitionOraclev11g" name="SYS_P1544" id="F46F5C23-8013-B1E6-CEA5-58ED822A518D">
<createdBy>ro38606</createdBy>
<createdTime>2013-05-08 20:48:07 UTC</createdTime>
<ownerDesignName>NYEC_BPM_Semantic_data_model_diagram</ownerDesignName>
<dataSegmentCompression>NO</dataSegmentCompression>
<logging>YES</logging>
<position>6</position>
<segment>4E4D466A-9DF0-023D-2016-9EA8009D8E74</segment>
<tableSpace>84F5C915-4256-0572-5386-43E712EAFE5F</tableSpace>
<valueList>TO_DATE(&apos; 2012-09-29 00:00:00&apos;, &apos;SYYYY-MM-DD HH24:MI:SS&apos;, &apos;NLS_CALENDAR=GREGORIAN&apos;)</valueList>
<localIndexProperties>
<LocalIndexProperties class="oracle.dbtools.crest.model.design.storage.oracle.LocalIndexProperties" name="LIP6" id="18BC3263-A0C0-1158-D04B-DEC790EDD2C5">
<createdBy>ro38606</createdBy>
<createdTime>2013-05-08 20:48:13 UTC</createdTime>
<ownerDesignName>NYEC_BPM_Semantic_data_model_diagram</ownerDesignName>
<index>95B97E8E-5565-DB0E-8FCF-145F92A05CB2</index>
<logging>YES</logging>
<partitionName>SYS_P3799</partitionName>
<segment>91B78D5A-5245-AAB1-7286-5376C26B509C</segment>
<tableSpace>A414B79B-EA37-661D-3968-32E2EBCE0081</tableSpace>
</LocalIndexProperties>
<LocalIndexProperties class="oracle.dbtools.crest.model.design.storage.oracle.LocalIndexProperties" name="LIP44" id="5B937460-9553-941D-5287-DFF3A3CF8575">
<createdBy>ro38606</createdBy>
<createdTime>2013-05-08 20:48:18 UTC</createdTime>
<ownerDesignName>NYEC_BPM_Semantic_data_model_diagram</ownerDesignName>
<index>E687A93F-394C-1081-D867-F8F30C03D985</index>
<logging>YES</logging>
<partitionName>SYS_P1597</partitionName>
<segment>91B78D5A-5245-AAB1-7286-5376C26B509C</segment>
<tableSpace>A414B79B-EA37-661D-3968-32E2EBCE0081</tableSpace>
</LocalIndexProperties>
</localIndexProperties>
</Partition>
<Partition class="oracle.dbtools.crest.model.design.storage.oracle.v11g.PartitionOraclev11g" name="SYS_P1545" id="6C5AC3EA-0E10-E6CB-9B5E-C33C01189FCF">
<createdBy>ro38606</createdBy>
<createdTime>2013-05-08 20:48:07 UTC</createdTime>
<ownerDesignName>NYEC_BPM_Semantic_data_model_diagram</ownerDesignName>
<dataSegmentCompression>NO</dataSegmentCompression>
<logging>YES</logging>
<position>7</position>
<segment>4E4D466A-9DF0-023D-2016-9EA8009D8E74</segment>
<tableSpace>84F5C915-4256-0572-5386-43E712EAFE5F</tableSpace>
<valueList>TO_DATE(&apos; 2012-10-17 00:00:00&apos;, &apos;SYYYY-MM-DD HH24:MI:SS&apos;, &apos;NLS_CALENDAR=GREGORIAN&apos;)</valueList>
<localIndexProperties>
<LocalIndexProperties class="oracle.dbtools.crest.model.design.storage.oracle.LocalIndexProperties" name="LIP7" id="4C1F0448-4678-58DA-6877-BD4F5E37E8E8">
<createdBy>ro38606</createdBy>
<createdTime>2013-05-08 20:48:13 UTC</createdTime>
<ownerDesignName>NYEC_BPM_Semantic_data_model_diagram</ownerDesignName>
<index>95B97E8E-5565-DB0E-8FCF-145F92A05CB2</index>
<logging>YES</logging>
<partitionName>SYS_P3800</partitionName>
<segment>91B78D5A-5245-AAB1-7286-5376C26B509C</segment>
<tableSpace>A414B79B-EA37-661D-3968-32E2EBCE0081</tableSpace>
</LocalIndexProperties>
<LocalIndexProperties class="oracle.dbtools.crest.model.design.storage.oracle.LocalIndexProperties" name="LIP45" id="F40EB48C-3B1D-8A93-16C9-9C91DE7597DD">
<createdBy>ro38606</createdBy>
<createdTime>2013-05-08 20:48:18 UTC</createdTime>
<ownerDesignName>NYEC_BPM_Semantic_data_model_diagram</ownerDesignName>
<index>E687A93F-394C-1081-D867-F8F30C03D985</index>
<logging>YES</logging>
<partitionName>SYS_P1598</partitionName>
<segment>91B78D5A-5245-AAB1-7286-5376C26B509C</segment>
<tableSpace>A414B79B-EA37-661D-3968-32E2EBCE0081</tableSpace>
</LocalIndexProperties>
</localIndexProperties>
</Partition>
<Partition class="oracle.dbtools.crest.model.design.storage.oracle.v11g.PartitionOraclev11g" name="SYS_P1641" id="A9B76BCB-4149-3A84-C6F0-CA209152A5A7">
<createdBy>ro38606</createdBy>
<createdTime>2013-05-08 20:48:07 UTC</createdTime>
<ownerDesignName>NYEC_BPM_Semantic_data_model_diagram</ownerDesignName>
<dataSegmentCompression>NO</dataSegmentCompression>
<logging>YES</logging>
<position>8</position>
<segment>4E4D466A-9DF0-023D-2016-9EA8009D8E74</segment>
<tableSpace>84F5C915-4256-0572-5386-43E712EAFE5F</tableSpace>
<valueList>TO_DATE(&apos; 2012-11-03 00:00:00&apos;, &apos;SYYYY-MM-DD HH24:MI:SS&apos;, &apos;NLS_CALENDAR=GREGORIAN&apos;)</valueList>
<localIndexProperties>
<LocalIndexProperties class="oracle.dbtools.crest.model.design.storage.oracle.LocalIndexProperties" name="LIP8" id="BB8C99E4-BEF5-D2F8-BE59-85B5FB849EDA">
<createdBy>ro38606</createdBy>
<createdTime>2013-05-08 20:48:13 UTC</createdTime>
<ownerDesignName>NYEC_BPM_Semantic_data_model_diagram</ownerDesignName>
<index>95B97E8E-5565-DB0E-8FCF-145F92A05CB2</index>
<logging>YES</logging>
<partitionName>SYS_P3801</partitionName>
<segment>91B78D5A-5245-AAB1-7286-5376C26B509C</segment>
<tableSpace>A414B79B-EA37-661D-3968-32E2EBCE0081</tableSpace>
</LocalIndexProperties>
<LocalIndexProperties class="oracle.dbtools.crest.model.design.storage.oracle.LocalIndexProperties" name="LIP46" id="CC78A76A-7A6A-415F-196C-C2C95592D93E">
<createdBy>ro38606</createdBy>
<createdTime>2013-05-08 20:48:18 UTC</createdTime>
<ownerDesignName>NYEC_BPM_Semantic_data_model_diagram</ownerDesignName>
<index>E687A93F-394C-1081-D867-F8F30C03D985</index>
<logging>YES</logging>
<partitionName>SYS_P1641</partitionName>
<segment>91B78D5A-5245-AAB1-7286-5376C26B509C</segment>
<tableSpace>A414B79B-EA37-661D-3968-32E2EBCE0081</tableSpace>
</LocalIndexProperties>
</localIndexProperties>
</Partition>
<Partition class="oracle.dbtools.crest.model.design.storage.oracle.v11g.PartitionOraclev11g" name="SYS_P1656" id="0BC0FD5A-859B-C20D-C023-83644C725D99">
<createdBy>ro38606</createdBy>
<createdTime>2013-05-08 20:48:07 UTC</createdTime>
<ownerDesignName>NYEC_BPM_Semantic_data_model_diagram</ownerDesignName>
<dataSegmentCompression>NO</dataSegmentCompression>
<logging>YES</logging>
<position>9</position>
<segment>4E4D466A-9DF0-023D-2016-9EA8009D8E74</segment>
<tableSpace>84F5C915-4256-0572-5386-43E712EAFE5F</tableSpace>
<valueList>TO_DATE(&apos; 2012-11-08 00:00:00&apos;, &apos;SYYYY-MM-DD HH24:MI:SS&apos;, &apos;NLS_CALENDAR=GREGORIAN&apos;)</valueList>
<localIndexProperties>
<LocalIndexProperties class="oracle.dbtools.crest.model.design.storage.oracle.LocalIndexProperties" name="LIP9" id="552BAB89-C752-4EAB-4993-0C30D28E3016">
<createdBy>ro38606</createdBy>
<createdTime>2013-05-08 20:48:13 UTC</createdTime>
<ownerDesignName>NYEC_BPM_Semantic_data_model_diagram</ownerDesignName>
<index>95B97E8E-5565-DB0E-8FCF-145F92A05CB2</index>
<logging>YES</logging>
<partitionName>SYS_P3802</partitionName>
<segment>91B78D5A-5245-AAB1-7286-5376C26B509C</segment>
<tableSpace>A414B79B-EA37-661D-3968-32E2EBCE0081</tableSpace>
</LocalIndexProperties>
<LocalIndexProperties class="oracle.dbtools.crest.model.design.storage.oracle.LocalIndexProperties" name="LIP47" id="349D8646-E44B-4A42-85D7-89E4BD1809F0">
<createdBy>ro38606</createdBy>
<createdTime>2013-05-08 20:48:18 UTC</createdTime>
<ownerDesignName>NYEC_BPM_Semantic_data_model_diagram</ownerDesignName>
<index>E687A93F-394C-1081-D867-F8F30C03D985</index>
<logging>YES</logging>
<partitionName>SYS_P1656</partitionName>
<segment>91B78D5A-5245-AAB1-7286-5376C26B509C</segment>
<tableSpace>A414B79B-EA37-661D-3968-32E2EBCE0081</tableSpace>
</LocalIndexProperties>
</localIndexProperties>
</Partition>
<Partition class="oracle.dbtools.crest.model.design.storage.oracle.v11g.PartitionOraclev11g" name="SYS_P3975" id="5A73B5C2-4730-57B7-D852-A61A018B9FF7">
<createdBy>ro38606</createdBy>
<createdTime>2013-05-08 20:48:07 UTC</createdTime>
<ownerDesignName>NYEC_BPM_Semantic_data_model_diagram</ownerDesignName>
<dataSegmentCompression>NO</dataSegmentCompression>
<logging>YES</logging>
<position>10</position>
<segment>4E4D466A-9DF0-023D-2016-9EA8009D8E74</segment>
<tableSpace>84F5C915-4256-0572-5386-43E712EAFE5F</tableSpace>
<valueList>TO_DATE(&apos; 2012-11-10 00:00:00&apos;, &apos;SYYYY-MM-DD HH24:MI:SS&apos;, &apos;NLS_CALENDAR=GREGORIAN&apos;)</valueList>
<localIndexProperties>
<LocalIndexProperties class="oracle.dbtools.crest.model.design.storage.oracle.LocalIndexProperties" name="LIP10" id="C50F53FD-5747-24E1-00E5-A3FB4B32A1F5">
<createdBy>ro38606</createdBy>
<createdTime>2013-05-08 20:48:13 UTC</createdTime>
<ownerDesignName>NYEC_BPM_Semantic_data_model_diagram</ownerDesignName>
<index>95B97E8E-5565-DB0E-8FCF-145F92A05CB2</index>
<logging>YES</logging>
<partitionName>SYS_P3975</partitionName>
<segment>91B78D5A-5245-AAB1-7286-5376C26B509C</segment>
<tableSpace>A414B79B-EA37-661D-3968-32E2EBCE0081</tableSpace>
</LocalIndexProperties>
<LocalIndexProperties class="oracle.dbtools.crest.model.design.storage.oracle.LocalIndexProperties" name="LIP48" id="CEEFA12F-B71B-ACAC-663D-7F746E1E487A">
<createdBy>ro38606</createdBy>
<createdTime>2013-05-08 20:48:18 UTC</createdTime>
<ownerDesignName>NYEC_BPM_Semantic_data_model_diagram</ownerDesignName>
<index>E687A93F-394C-1081-D867-F8F30C03D985</index>
<logging>YES</logging>
<partitionName>SYS_P3975</partitionName>
<segment>91B78D5A-5245-AAB1-7286-5376C26B509C</segment>
<tableSpace>A414B79B-EA37-661D-3968-32E2EBCE0081</tableSpace>
</LocalIndexProperties>
</localIndexProperties>
</Partition>
<Partition class="oracle.dbtools.crest.model.design.storage.oracle.v11g.PartitionOraclev11g" name="SYS_P3972" id="40BD472D-7DCF-48F0-3D52-0B767A3940C2">
<createdBy>ro38606</createdBy>
<createdTime>2013-05-08 20:48:08 UTC</createdTime>
<ownerDesignName>NYEC_BPM_Semantic_data_model_diagram</ownerDesignName>
<dataSegmentCompression>NO</dataSegmentCompression>
<logging>YES</logging>
<position>11</position>
<segment>4E4D466A-9DF0-023D-2016-9EA8009D8E74</segment>
<tableSpace>84F5C915-4256-0572-5386-43E712EAFE5F</tableSpace>
<valueList>TO_DATE(&apos; 2012-12-08 00:00:00&apos;, &apos;SYYYY-MM-DD HH24:MI:SS&apos;, &apos;NLS_CALENDAR=GREGORIAN&apos;)</valueList>
<localIndexProperties>
<LocalIndexProperties class="oracle.dbtools.crest.model.design.storage.oracle.LocalIndexProperties" name="LIP11" id="C2C66F38-DE0D-EE8E-24CF-BDDCCA5B4A50">
<createdBy>ro38606</createdBy>
<createdTime>2013-05-08 20:48:13 UTC</createdTime>
<ownerDesignName>NYEC_BPM_Semantic_data_model_diagram</ownerDesignName>
<index>95B97E8E-5565-DB0E-8FCF-145F92A05CB2</index>
<logging>YES</logging>
<partitionName>SYS_P3972</partitionName>
<segment>91B78D5A-5245-AAB1-7286-5376C26B509C</segment>
<tableSpace>A414B79B-EA37-661D-3968-32E2EBCE0081</tableSpace>
</LocalIndexProperties>
<LocalIndexProperties class="oracle.dbtools.crest.model.design.storage.oracle.LocalIndexProperties" name="LIP49" id="96CAAC05-88A0-60EA-19D1-908FC735F68F">
<createdBy>ro38606</createdBy>
<createdTime>2013-05-08 20:48:18 UTC</createdTime>
<ownerDesignName>NYEC_BPM_Semantic_data_model_diagram</ownerDesignName>
<index>E687A93F-394C-1081-D867-F8F30C03D985</index>
<logging>YES</logging>
<partitionName>SYS_P3972</partitionName>
<segment>91B78D5A-5245-AAB1-7286-5376C26B509C</segment>
<tableSpace>A414B79B-EA37-661D-3968-32E2EBCE0081</tableSpace>
</LocalIndexProperties>
</localIndexProperties>
</Partition>
<Partition class="oracle.dbtools.crest.model.design.storage.oracle.v11g.PartitionOraclev11g" name="SYS_P3976" id="10CDF4C2-DBC7-4C50-05A2-5C0F8E7D7E1F">
<createdBy>ro38606</createdBy>
<createdTime>2013-05-08 20:48:08 UTC</createdTime>
<ownerDesignName>NYEC_BPM_Semantic_data_model_diagram</ownerDesignName>
<dataSegmentCompression>NO</dataSegmentCompression>
<logging>YES</logging>
<position>12</position>
<segment>4E4D466A-9DF0-023D-2016-9EA8009D8E74</segment>
<tableSpace>84F5C915-4256-0572-5386-43E712EAFE5F</tableSpace>
<valueList>TO_DATE(&apos; 2012-12-09 00:00:00&apos;, &apos;SYYYY-MM-DD HH24:MI:SS&apos;, &apos;NLS_CALENDAR=GREGORIAN&apos;)</valueList>
<localIndexProperties>
<LocalIndexProperties class="oracle.dbtools.crest.model.design.storage.oracle.LocalIndexProperties" name="LIP12" id="A9CCB6B8-07DB-95BE-B806-918DAAE89D03">
<createdBy>ro38606</createdBy>
<createdTime>2013-05-08 20:48:13 UTC</createdTime>
<ownerDesignName>NYEC_BPM_Semantic_data_model_diagram</ownerDesignName>
<index>95B97E8E-5565-DB0E-8FCF-145F92A05CB2</index>
<logging>YES</logging>
<partitionName>SYS_P3976</partitionName>
<segment>91B78D5A-5245-AAB1-7286-5376C26B509C</segment>
<tableSpace>A414B79B-EA37-661D-3968-32E2EBCE0081</tableSpace>
</LocalIndexProperties>
<LocalIndexProperties class="oracle.dbtools.crest.model.design.storage.oracle.LocalIndexProperties" name="LIP50" id="1F0455B2-FACC-854D-0EF0-B5893B9F9511">
<createdBy>ro38606</createdBy>
<createdTime>2013-05-08 20:48:19 UTC</createdTime>
<ownerDesignName>NYEC_BPM_Semantic_data_model_diagram</ownerDesignName>
<index>E687A93F-394C-1081-D867-F8F30C03D985</index>
<logging>YES</logging>
<partitionName>SYS_P3976</partitionName>
<segment>91B78D5A-5245-AAB1-7286-5376C26B509C</segment>
<tableSpace>A414B79B-EA37-661D-3968-32E2EBCE0081</tableSpace>
</LocalIndexProperties>
</localIndexProperties>
</Partition>
<Partition class="oracle.dbtools.crest.model.design.storage.oracle.v11g.PartitionOraclev11g" name="SYS_P3986" id="AE415D40-EB20-9195-8F8C-1D04C40745D7">
<createdBy>ro38606</createdBy>
<createdTime>2013-05-08 20:48:08 UTC</createdTime>
<ownerDesignName>NYEC_BPM_Semantic_data_model_diagram</ownerDesignName>
<dataSegmentCompression>NO</dataSegmentCompression>
<logging>YES</logging>
<position>13</position>
<segment>4E4D466A-9DF0-023D-2016-9EA8009D8E74</segment>
<tableSpace>84F5C915-4256-0572-5386-43E712EAFE5F</tableSpace>
<valueList>TO_DATE(&apos; 2012-12-10 00:00:00&apos;, &apos;SYYYY-MM-DD HH24:MI:SS&apos;, &apos;NLS_CALENDAR=GREGORIAN&apos;)</valueList>
<localIndexProperties>
<LocalIndexProperties class="oracle.dbtools.crest.model.design.storage.oracle.LocalIndexProperties" name="LIP13" id="23921AE8-C10E-A3E7-92D6-883D839BA713">
<createdBy>ro38606</createdBy>
<createdTime>2013-05-08 20:48:14 UTC</createdTime>
<ownerDesignName>NYEC_BPM_Semantic_data_model_diagram</ownerDesignName>
<index>95B97E8E-5565-DB0E-8FCF-145F92A05CB2</index>
<logging>YES</logging>
<partitionName>SYS_P3986</partitionName>
<segment>91B78D5A-5245-AAB1-7286-5376C26B509C</segment>
<tableSpace>A414B79B-EA37-661D-3968-32E2EBCE0081</tableSpace>
</LocalIndexProperties>
<LocalIndexProperties class="oracle.dbtools.crest.model.design.storage.oracle.LocalIndexProperties" name="LIP51" id="969494A9-12CC-19AC-280C-F3B18DA76CB0">
<createdBy>ro38606</createdBy>
<createdTime>2013-05-08 20:48:19 UTC</createdTime>
<ownerDesignName>NYEC_BPM_Semantic_data_model_diagram</ownerDesignName>
<index>E687A93F-394C-1081-D867-F8F30C03D985</index>
<logging>YES</logging>
<partitionName>SYS_P3986</partitionName>
<segment>91B78D5A-5245-AAB1-7286-5376C26B509C</segment>
<tableSpace>A414B79B-EA37-661D-3968-32E2EBCE0081</tableSpace>
</LocalIndexProperties>
</localIndexProperties>
</Partition>
<Partition class="oracle.dbtools.crest.model.design.storage.oracle.v11g.PartitionOraclev11g" name="SYS_P3985" id="0D5CC72A-67F7-49DD-AF31-83D13035BCAB">
<createdBy>ro38606</createdBy>
<createdTime>2013-05-08 20:48:08 UTC</createdTime>
<ownerDesignName>NYEC_BPM_Semantic_data_model_diagram</ownerDesignName>
<dataSegmentCompression>NO</dataSegmentCompression>
<logging>YES</logging>
<position>14</position>
<segment>4E4D466A-9DF0-023D-2016-9EA8009D8E74</segment>
<tableSpace>84F5C915-4256-0572-5386-43E712EAFE5F</tableSpace>
<valueList>TO_DATE(&apos; 2012-12-11 00:00:00&apos;, &apos;SYYYY-MM-DD HH24:MI:SS&apos;, &apos;NLS_CALENDAR=GREGORIAN&apos;)</valueList>
<localIndexProperties>
<LocalIndexProperties class="oracle.dbtools.crest.model.design.storage.oracle.LocalIndexProperties" name="LIP14" id="B0A216D3-510D-4A47-0A1F-EDD204DE6287">
<createdBy>ro38606</createdBy>
<createdTime>2013-05-08 20:48:14 UTC</createdTime>
<ownerDesignName>NYEC_BPM_Semantic_data_model_diagram</ownerDesignName>
<index>95B97E8E-5565-DB0E-8FCF-145F92A05CB2</index>
<logging>YES</logging>
<partitionName>SYS_P3985</partitionName>
<segment>91B78D5A-5245-AAB1-7286-5376C26B509C</segment>
<tableSpace>A414B79B-EA37-661D-3968-32E2EBCE0081</tableSpace>
</LocalIndexProperties>
<LocalIndexProperties class="oracle.dbtools.crest.model.design.storage.oracle.LocalIndexProperties" name="LIP52" id="BFD5E599-1635-E994-28E9-CE0259008781">
<createdBy>ro38606</createdBy>
<createdTime>2013-05-08 20:48:19 UTC</createdTime>
<ownerDesignName>NYEC_BPM_Semantic_data_model_diagram</ownerDesignName>
<index>E687A93F-394C-1081-D867-F8F30C03D985</index>
<logging>YES</logging>
<partitionName>SYS_P3985</partitionName>
<segment>91B78D5A-5245-AAB1-7286-5376C26B509C</segment>
<tableSpace>A414B79B-EA37-661D-3968-32E2EBCE0081</tableSpace>
</LocalIndexProperties>
</localIndexProperties>
</Partition>
<Partition class="oracle.dbtools.crest.model.design.storage.oracle.v11g.PartitionOraclev11g" name="SYS_P3988" id="52E4949E-1005-D641-2C97-85E8701FBE7E">
<createdBy>ro38606</createdBy>
<createdTime>2013-05-08 20:48:08 UTC</createdTime>
<ownerDesignName>NYEC_BPM_Semantic_data_model_diagram</ownerDesignName>
<dataSegmentCompression>NO</dataSegmentCompression>
<logging>YES</logging>
<position>15</position>
<segment>4E4D466A-9DF0-023D-2016-9EA8009D8E74</segment>
<tableSpace>84F5C915-4256-0572-5386-43E712EAFE5F</tableSpace>
<valueList>TO_DATE(&apos; 2012-12-12 00:00:00&apos;, &apos;SYYYY-MM-DD HH24:MI:SS&apos;, &apos;NLS_CALENDAR=GREGORIAN&apos;)</valueList>
<localIndexProperties>
<LocalIndexProperties class="oracle.dbtools.crest.model.design.storage.oracle.LocalIndexProperties" name="LIP15" id="7A7B1459-38C5-846D-659C-5DFD595E7299">
<createdBy>ro38606</createdBy>
<createdTime>2013-05-08 20:48:14 UTC</createdTime>
<ownerDesignName>NYEC_BPM_Semantic_data_model_diagram</ownerDesignName>
<index>95B97E8E-5565-DB0E-8FCF-145F92A05CB2</index>
<logging>YES</logging>
<partitionName>SYS_P3988</partitionName>
<segment>91B78D5A-5245-AAB1-7286-5376C26B509C</segment>
<tableSpace>A414B79B-EA37-661D-3968-32E2EBCE0081</tableSpace>
</LocalIndexProperties>
<LocalIndexProperties class="oracle.dbtools.crest.model.design.storage.oracle.LocalIndexProperties" name="LIP53" id="8D676FD9-DAB4-CEEA-E205-8ECEA29CE340">
<createdBy>ro38606</createdBy>
<createdTime>2013-05-08 20:48:19 UTC</createdTime>
<ownerDesignName>NYEC_BPM_Semantic_data_model_diagram</ownerDesignName>
<index>E687A93F-394C-1081-D867-F8F30C03D985</index>
<logging>YES</logging>
<partitionName>SYS_P3988</partitionName>
<segment>91B78D5A-5245-AAB1-7286-5376C26B509C</segment>
<tableSpace>A414B79B-EA37-661D-3968-32E2EBCE0081</tableSpace>
</LocalIndexProperties>
</localIndexProperties>
</Partition>
<Partition class="oracle.dbtools.crest.model.design.storage.oracle.v11g.PartitionOraclev11g" name="SYS_P3979" id="535DA1CD-360B-5733-10ED-6BD108AA2608">
<createdBy>ro38606</createdBy>
<createdTime>2013-05-08 20:48:08 UTC</createdTime>
<ownerDesignName>NYEC_BPM_Semantic_data_model_diagram</ownerDesignName>
<dataSegmentCompression>NO</dataSegmentCompression>
<logging>YES</logging>
<position>16</position>
<segment>4E4D466A-9DF0-023D-2016-9EA8009D8E74</segment>
<tableSpace>84F5C915-4256-0572-5386-43E712EAFE5F</tableSpace>
<valueList>TO_DATE(&apos; 2012-12-13 00:00:00&apos;, &apos;SYYYY-MM-DD HH24:MI:SS&apos;, &apos;NLS_CALENDAR=GREGORIAN&apos;)</valueList>
<localIndexProperties>
<LocalIndexProperties class="oracle.dbtools.crest.model.design.storage.oracle.LocalIndexProperties" name="LIP16" id="7B00612F-7920-FF22-7BF6-245C51E61982">
<createdBy>ro38606</createdBy>
<createdTime>2013-05-08 20:48:14 UTC</createdTime>
<ownerDesignName>NYEC_BPM_Semantic_data_model_diagram</ownerDesignName>
<index>95B97E8E-5565-DB0E-8FCF-145F92A05CB2</index>
<logging>YES</logging>
<partitionName>SYS_P3979</partitionName>
<segment>91B78D5A-5245-AAB1-7286-5376C26B509C</segment>
<tableSpace>A414B79B-EA37-661D-3968-32E2EBCE0081</tableSpace>
</LocalIndexProperties>
<LocalIndexProperties class="oracle.dbtools.crest.model.design.storage.oracle.LocalIndexProperties" name="LIP54" id="D00527DF-389D-7FF5-1C47-189A3E064E91">
<createdBy>ro38606</createdBy>
<createdTime>2013-05-08 20:48:19 UTC</createdTime>
<ownerDesignName>NYEC_BPM_Semantic_data_model_diagram</ownerDesignName>
<index>E687A93F-394C-1081-D867-F8F30C03D985</index>
<logging>YES</logging>
<partitionName>SYS_P3979</partitionName>
<segment>91B78D5A-5245-AAB1-7286-5376C26B509C</segment>
<tableSpace>A414B79B-EA37-661D-3968-32E2EBCE0081</tableSpace>
</LocalIndexProperties>
</localIndexProperties>
</Partition>
<Partition class="oracle.dbtools.crest.model.design.storage.oracle.v11g.PartitionOraclev11g" name="SYS_P3978" id="C22318E0-42ED-3191-6A61-2E01CE4BD781">
<createdBy>ro38606</createdBy>
<createdTime>2013-05-08 20:48:08 UTC</createdTime>
<ownerDesignName>NYEC_BPM_Semantic_data_model_diagram</ownerDesignName>
<dataSegmentCompression>NO</dataSegmentCompression>
<logging>YES</logging>
<position>17</position>
<segment>4E4D466A-9DF0-023D-2016-9EA8009D8E74</segment>
<tableSpace>84F5C915-4256-0572-5386-43E712EAFE5F</tableSpace>
<valueList>TO_DATE(&apos; 2012-12-20 00:00:00&apos;, &apos;SYYYY-MM-DD HH24:MI:SS&apos;, &apos;NLS_CALENDAR=GREGORIAN&apos;)</valueList>
<localIndexProperties>
<LocalIndexProperties class="oracle.dbtools.crest.model.design.storage.oracle.LocalIndexProperties" name="LIP17" id="51EBB387-42CB-176C-AD2D-D758FA016B1D">
<createdBy>ro38606</createdBy>
<createdTime>2013-05-08 20:48:14 UTC</createdTime>
<ownerDesignName>NYEC_BPM_Semantic_data_model_diagram</ownerDesignName>
<index>95B97E8E-5565-DB0E-8FCF-145F92A05CB2</index>
<logging>YES</logging>
<partitionName>SYS_P3978</partitionName>
<segment>91B78D5A-5245-AAB1-7286-5376C26B509C</segment>
<tableSpace>A414B79B-EA37-661D-3968-32E2EBCE0081</tableSpace>
</LocalIndexProperties>
<LocalIndexProperties class="oracle.dbtools.crest.model.design.storage.oracle.LocalIndexProperties" name="LIP55" id="440C7CD8-E1E5-7153-FA96-2B66E0737791">
<createdBy>ro38606</createdBy>
<createdTime>2013-05-08 20:48:19 UTC</createdTime>
<ownerDesignName>NYEC_BPM_Semantic_data_model_diagram</ownerDesignName>
<index>E687A93F-394C-1081-D867-F8F30C03D985</index>
<logging>YES</logging>
<partitionName>SYS_P3978</partitionName>
<segment>91B78D5A-5245-AAB1-7286-5376C26B509C</segment>
<tableSpace>A414B79B-EA37-661D-3968-32E2EBCE0081</tableSpace>
</LocalIndexProperties>
</localIndexProperties>
</Partition>
<Partition class="oracle.dbtools.crest.model.design.storage.oracle.v11g.PartitionOraclev11g" name="SYS_P3971" id="192BA894-763C-351A-1562-A761818CEC00">
<createdBy>ro38606</createdBy>
<createdTime>2013-05-08 20:48:08 UTC</createdTime>
<ownerDesignName>NYEC_BPM_Semantic_data_model_diagram</ownerDesignName>
<dataSegmentCompression>NO</dataSegmentCompression>
<logging>YES</logging>
<position>18</position>
<segment>4E4D466A-9DF0-023D-2016-9EA8009D8E74</segment>
<tableSpace>84F5C915-4256-0572-5386-43E712EAFE5F</tableSpace>
<valueList>TO_DATE(&apos; 2012-12-21 00:00:00&apos;, &apos;SYYYY-MM-DD HH24:MI:SS&apos;, &apos;NLS_CALENDAR=GREGORIAN&apos;)</valueList>
<localIndexProperties>
<LocalIndexProperties class="oracle.dbtools.crest.model.design.storage.oracle.LocalIndexProperties" name="LIP18" id="54E49E18-6793-491E-840C-53EC88AF149A">
<createdBy>ro38606</createdBy>
<createdTime>2013-05-08 20:48:14 UTC</createdTime>
<ownerDesignName>NYEC_BPM_Semantic_data_model_diagram</ownerDesignName>
<index>95B97E8E-5565-DB0E-8FCF-145F92A05CB2</index>
<logging>YES</logging>
<partitionName>SYS_P3971</partitionName>
<segment>91B78D5A-5245-AAB1-7286-5376C26B509C</segment>
<tableSpace>A414B79B-EA37-661D-3968-32E2EBCE0081</tableSpace>
</LocalIndexProperties>
<LocalIndexProperties class="oracle.dbtools.crest.model.design.storage.oracle.LocalIndexProperties" name="LIP56" id="F96A7939-E230-4880-27A6-0B59D842B64D">
<createdBy>ro38606</createdBy>
<createdTime>2013-05-08 20:48:19 UTC</createdTime>
<ownerDesignName>NYEC_BPM_Semantic_data_model_diagram</ownerDesignName>
<index>E687A93F-394C-1081-D867-F8F30C03D985</index>
<logging>YES</logging>
<partitionName>SYS_P3971</partitionName>
<segment>91B78D5A-5245-AAB1-7286-5376C26B509C</segment>
<tableSpace>A414B79B-EA37-661D-3968-32E2EBCE0081</tableSpace>
</LocalIndexProperties>
</localIndexProperties>
</Partition>
<Partition class="oracle.dbtools.crest.model.design.storage.oracle.v11g.PartitionOraclev11g" name="SYS_P3989" id="4F35B0D5-47C8-D85F-58E1-71738F504993">
<createdBy>ro38606</createdBy>
<createdTime>2013-05-08 20:48:09 UTC</createdTime>
<ownerDesignName>NYEC_BPM_Semantic_data_model_diagram</ownerDesignName>
<dataSegmentCompression>NO</dataSegmentCompression>
<logging>YES</logging>
<position>19</position>
<segment>4E4D466A-9DF0-023D-2016-9EA8009D8E74</segment>
<tableSpace>84F5C915-4256-0572-5386-43E712EAFE5F</tableSpace>
<valueList>TO_DATE(&apos; 2012-12-22 00:00:00&apos;, &apos;SYYYY-MM-DD HH24:MI:SS&apos;, &apos;NLS_CALENDAR=GREGORIAN&apos;)</valueList>
<localIndexProperties>
<LocalIndexProperties class="oracle.dbtools.crest.model.design.storage.oracle.LocalIndexProperties" name="LIP19" id="90901AF4-ACAE-F5C2-222F-14A22C7E4F4F">
<createdBy>ro38606</createdBy>
<createdTime>2013-05-08 20:48:14 UTC</createdTime>
<ownerDesignName>NYEC_BPM_Semantic_data_model_diagram</ownerDesignName>
<index>95B97E8E-5565-DB0E-8FCF-145F92A05CB2</index>
<logging>YES</logging>
<partitionName>SYS_P3989</partitionName>
<segment>91B78D5A-5245-AAB1-7286-5376C26B509C</segment>
<tableSpace>A414B79B-EA37-661D-3968-32E2EBCE0081</tableSpace>
</LocalIndexProperties>
<LocalIndexProperties class="oracle.dbtools.crest.model.design.storage.oracle.LocalIndexProperties" name="LIP57" id="4B370D38-E248-E5C1-8951-5F7238C96247">
<createdBy>ro38606</createdBy>
<createdTime>2013-05-08 20:48:19 UTC</createdTime>
<ownerDesignName>NYEC_BPM_Semantic_data_model_diagram</ownerDesignName>
<index>E687A93F-394C-1081-D867-F8F30C03D985</index>
<logging>YES</logging>
<partitionName>SYS_P3989</partitionName>
<segment>91B78D5A-5245-AAB1-7286-5376C26B509C</segment>
<tableSpace>A414B79B-EA37-661D-3968-32E2EBCE0081</tableSpace>
</LocalIndexProperties>
</localIndexProperties>
</Partition>
<Partition class="oracle.dbtools.crest.model.design.storage.oracle.v11g.PartitionOraclev11g" name="SYS_P3982" id="60BDDB03-7130-3A0F-A29A-3DD30B3A1EB1">
<createdBy>ro38606</createdBy>
<createdTime>2013-05-08 20:48:09 UTC</createdTime>
<ownerDesignName>NYEC_BPM_Semantic_data_model_diagram</ownerDesignName>
<dataSegmentCompression>NO</dataSegmentCompression>
<logging>YES</logging>
<position>20</position>
<segment>4E4D466A-9DF0-023D-2016-9EA8009D8E74</segment>
<tableSpace>84F5C915-4256-0572-5386-43E712EAFE5F</tableSpace>
<valueList>TO_DATE(&apos; 2012-12-23 00:00:00&apos;, &apos;SYYYY-MM-DD HH24:MI:SS&apos;, &apos;NLS_CALENDAR=GREGORIAN&apos;)</valueList>
<localIndexProperties>
<LocalIndexProperties class="oracle.dbtools.crest.model.design.storage.oracle.LocalIndexProperties" name="LIP20" id="9D9373D3-E5A2-8C31-F717-BA8DB404B84F">
<createdBy>ro38606</createdBy>
<createdTime>2013-05-08 20:48:14 UTC</createdTime>
<ownerDesignName>NYEC_BPM_Semantic_data_model_diagram</ownerDesignName>
<index>95B97E8E-5565-DB0E-8FCF-145F92A05CB2</index>
<logging>YES</logging>
<partitionName>SYS_P3982</partitionName>
<segment>91B78D5A-5245-AAB1-7286-5376C26B509C</segment>
<tableSpace>A414B79B-EA37-661D-3968-32E2EBCE0081</tableSpace>
</LocalIndexProperties>
<LocalIndexProperties class="oracle.dbtools.crest.model.design.storage.oracle.LocalIndexProperties" name="LIP58" id="FD79738C-0C50-F5A3-2171-737BB1F4A141">
<createdBy>ro38606</createdBy>
<createdTime>2013-05-08 20:48:20 UTC</createdTime>
<ownerDesignName>NYEC_BPM_Semantic_data_model_diagram</ownerDesignName>
<index>E687A93F-394C-1081-D867-F8F30C03D985</index>
<logging>YES</logging>
<partitionName>SYS_P3982</partitionName>
<segment>91B78D5A-5245-AAB1-7286-5376C26B509C</segment>
<tableSpace>A414B79B-EA37-661D-3968-32E2EBCE0081</tableSpace>
</LocalIndexProperties>
</localIndexProperties>
</Partition>
<Partition class="oracle.dbtools.crest.model.design.storage.oracle.v11g.PartitionOraclev11g" name="SYS_P3983" id="D99B271B-2646-D3D7-A1C4-CEB8E38B1FF6">
<createdBy>ro38606</createdBy>
<createdTime>2013-05-08 20:48:09 UTC</createdTime>
<ownerDesignName>NYEC_BPM_Semantic_data_model_diagram</ownerDesignName>
<dataSegmentCompression>NO</dataSegmentCompression>
<logging>YES</logging>
<position>21</position>
<segment>4E4D466A-9DF0-023D-2016-9EA8009D8E74</segment>
<tableSpace>84F5C915-4256-0572-5386-43E712EAFE5F</tableSpace>
<valueList>TO_DATE(&apos; 2012-12-24 00:00:00&apos;, &apos;SYYYY-MM-DD HH24:MI:SS&apos;, &apos;NLS_CALENDAR=GREGORIAN&apos;)</valueList>
<localIndexProperties>
<LocalIndexProperties class="oracle.dbtools.crest.model.design.storage.oracle.LocalIndexProperties" name="LIP21" id="37F11C2F-297F-94FA-8CD1-E03B90B64550">
<createdBy>ro38606</createdBy>
<createdTime>2013-05-08 20:48:15 UTC</createdTime>
<ownerDesignName>NYEC_BPM_Semantic_data_model_diagram</ownerDesignName>
<index>95B97E8E-5565-DB0E-8FCF-145F92A05CB2</index>
<logging>YES</logging>
<partitionName>SYS_P3983</partitionName>
<segment>91B78D5A-5245-AAB1-7286-5376C26B509C</segment>
<tableSpace>A414B79B-EA37-661D-3968-32E2EBCE0081</tableSpace>
</LocalIndexProperties>
<LocalIndexProperties class="oracle.dbtools.crest.model.design.storage.oracle.LocalIndexProperties" name="LIP59" id="5171C068-97CA-6A9F-9DED-CFA1A69E7B33">
<createdBy>ro38606</createdBy>
<createdTime>2013-05-08 20:48:20 UTC</createdTime>
<ownerDesignName>NYEC_BPM_Semantic_data_model_diagram</ownerDesignName>
<index>E687A93F-394C-1081-D867-F8F30C03D985</index>
<logging>YES</logging>
<partitionName>SYS_P3983</partitionName>
<segment>91B78D5A-5245-AAB1-7286-5376C26B509C</segment>
<tableSpace>A414B79B-EA37-661D-3968-32E2EBCE0081</tableSpace>
</LocalIndexProperties>
</localIndexProperties>
</Partition>
<Partition class="oracle.dbtools.crest.model.design.storage.oracle.v11g.PartitionOraclev11g" name="SYS_P3992" id="72EE29B4-A50D-03D5-4450-22DE70545D0E">
<createdBy>ro38606</createdBy>
<createdTime>2013-05-08 20:48:09 UTC</createdTime>
<ownerDesignName>NYEC_BPM_Semantic_data_model_diagram</ownerDesignName>
<dataSegmentCompression>NO</dataSegmentCompression>
<logging>YES</logging>
<position>22</position>
<segment>4E4D466A-9DF0-023D-2016-9EA8009D8E74</segment>
<tableSpace>84F5C915-4256-0572-5386-43E712EAFE5F</tableSpace>
<valueList>TO_DATE(&apos; 2012-12-25 00:00:00&apos;, &apos;SYYYY-MM-DD HH24:MI:SS&apos;, &apos;NLS_CALENDAR=GREGORIAN&apos;)</valueList>
<localIndexProperties>
<LocalIndexProperties class="oracle.dbtools.crest.model.design.storage.oracle.LocalIndexProperties" name="LIP22" id="0AABD56E-69B3-ADF6-439C-F320219E21BB">
<createdBy>ro38606</createdBy>
<createdTime>2013-05-08 20:48:15 UTC</createdTime>
<ownerDesignName>NYEC_BPM_Semantic_data_model_diagram</ownerDesignName>
<index>95B97E8E-5565-DB0E-8FCF-145F92A05CB2</index>
<logging>YES</logging>
<partitionName>SYS_P3992</partitionName>
<segment>91B78D5A-5245-AAB1-7286-5376C26B509C</segment>
<tableSpace>A414B79B-EA37-661D-3968-32E2EBCE0081</tableSpace>
</LocalIndexProperties>
<LocalIndexProperties class="oracle.dbtools.crest.model.design.storage.oracle.LocalIndexProperties" name="LIP60" id="13D2055B-069E-6F78-1B74-F91CDD9885F6">
<createdBy>ro38606</createdBy>
<createdTime>2013-05-08 20:48:20 UTC</createdTime>
<ownerDesignName>NYEC_BPM_Semantic_data_model_diagram</ownerDesignName>
<index>E687A93F-394C-1081-D867-F8F30C03D985</index>
<logging>YES</logging>
<partitionName>SYS_P3992</partitionName>
<segment>91B78D5A-5245-AAB1-7286-5376C26B509C</segment>
<tableSpace>A414B79B-EA37-661D-3968-32E2EBCE0081</tableSpace>
</LocalIndexProperties>
</localIndexProperties>
</Partition>
<Partition class="oracle.dbtools.crest.model.design.storage.oracle.v11g.PartitionOraclev11g" name="SYS_P3984" id="8DAA82C1-6CF4-0BD3-F147-B36D79F6DCCE">
<createdBy>ro38606</createdBy>
<createdTime>2013-05-08 20:48:09 UTC</createdTime>
<ownerDesignName>NYEC_BPM_Semantic_data_model_diagram</ownerDesignName>
<dataSegmentCompression>NO</dataSegmentCompression>
<logging>YES</logging>
<position>23</position>
<segment>4E4D466A-9DF0-023D-2016-9EA8009D8E74</segment>
<tableSpace>84F5C915-4256-0572-5386-43E712EAFE5F</tableSpace>
<valueList>TO_DATE(&apos; 2012-12-26 00:00:00&apos;, &apos;SYYYY-MM-DD HH24:MI:SS&apos;, &apos;NLS_CALENDAR=GREGORIAN&apos;)</valueList>
<localIndexProperties>
<LocalIndexProperties class="oracle.dbtools.crest.model.design.storage.oracle.LocalIndexProperties" name="LIP23" id="6A1576F6-6253-512E-0B14-6D1D083E2D4D">
<createdBy>ro38606</createdBy>
<createdTime>2013-05-08 20:48:15 UTC</createdTime>
<ownerDesignName>NYEC_BPM_Semantic_data_model_diagram</ownerDesignName>
<index>95B97E8E-5565-DB0E-8FCF-145F92A05CB2</index>
<logging>YES</logging>
<partitionName>SYS_P3984</partitionName>
<segment>91B78D5A-5245-AAB1-7286-5376C26B509C</segment>
<tableSpace>A414B79B-EA37-661D-3968-32E2EBCE0081</tableSpace>
</LocalIndexProperties>
<LocalIndexProperties class="oracle.dbtools.crest.model.design.storage.oracle.LocalIndexProperties" name="LIP61" id="22E5C88C-D716-81B8-8D6D-C720742B2F8C">
<createdBy>ro38606</createdBy>
<createdTime>2013-05-08 20:48:20 UTC</createdTime>
<ownerDesignName>NYEC_BPM_Semantic_data_model_diagram</ownerDesignName>
<index>E687A93F-394C-1081-D867-F8F30C03D985</index>
<logging>YES</logging>
<partitionName>SYS_P3984</partitionName>
<segment>91B78D5A-5245-AAB1-7286-5376C26B509C</segment>
<tableSpace>A414B79B-EA37-661D-3968-32E2EBCE0081</tableSpace>
</LocalIndexProperties>
</localIndexProperties>
</Partition>
<Partition class="oracle.dbtools.crest.model.design.storage.oracle.v11g.PartitionOraclev11g" name="SYS_P3990" id="20BA764E-AC78-0106-52AD-6D2CE5809711">
<createdBy>ro38606</createdBy>
<createdTime>2013-05-08 20:48:09 UTC</createdTime>
<ownerDesignName>NYEC_BPM_Semantic_data_model_diagram</ownerDesignName>
<dataSegmentCompression>NO</dataSegmentCompression>
<logging>YES</logging>
<position>24</position>
<segment>4E4D466A-9DF0-023D-2016-9EA8009D8E74</segment>
<tableSpace>84F5C915-4256-0572-5386-43E712EAFE5F</tableSpace>
<valueList>TO_DATE(&apos; 2012-12-27 00:00:00&apos;, &apos;SYYYY-MM-DD HH24:MI:SS&apos;, &apos;NLS_CALENDAR=GREGORIAN&apos;)</valueList>
<localIndexProperties>
<LocalIndexProperties class="oracle.dbtools.crest.model.design.storage.oracle.LocalIndexProperties" name="LIP24" id="0B3A334A-9ABF-4BAC-6BB3-345EF748E5C6">
<createdBy>ro38606</createdBy>
<createdTime>2013-05-08 20:48:15 UTC</createdTime>
<ownerDesignName>NYEC_BPM_Semantic_data_model_diagram</ownerDesignName>
<index>95B97E8E-5565-DB0E-8FCF-145F92A05CB2</index>
<logging>YES</logging>
<partitionName>SYS_P3990</partitionName>
<segment>91B78D5A-5245-AAB1-7286-5376C26B509C</segment>
<tableSpace>A414B79B-EA37-661D-3968-32E2EBCE0081</tableSpace>
</LocalIndexProperties>
<LocalIndexProperties class="oracle.dbtools.crest.model.design.storage.oracle.LocalIndexProperties" name="LIP62" id="E1FDB7A8-E49C-C472-D6B7-BC9C9F0D84C4">
<createdBy>ro38606</createdBy>
<createdTime>2013-05-08 20:48:20 UTC</createdTime>
<ownerDesignName>NYEC_BPM_Semantic_data_model_diagram</ownerDesignName>
<index>E687A93F-394C-1081-D867-F8F30C03D985</index>
<logging>YES</logging>
<partitionName>SYS_P3990</partitionName>
<segment>91B78D5A-5245-AAB1-7286-5376C26B509C</segment>
<tableSpace>A414B79B-EA37-661D-3968-32E2EBCE0081</tableSpace>
</LocalIndexProperties>
</localIndexProperties>
</Partition>
<Partition class="oracle.dbtools.crest.model.design.storage.oracle.v11g.PartitionOraclev11g" name="SYS_P3969" id="25AC4345-4CC9-9F07-F62D-991D5A76B116">
<createdBy>ro38606</createdBy>
<createdTime>2013-05-08 20:48:09 UTC</createdTime>
<ownerDesignName>NYEC_BPM_Semantic_data_model_diagram</ownerDesignName>
<dataSegmentCompression>NO</dataSegmentCompression>
<logging>YES</logging>
<position>25</position>
<segment>4E4D466A-9DF0-023D-2016-9EA8009D8E74</segment>
<tableSpace>84F5C915-4256-0572-5386-43E712EAFE5F</tableSpace>
<valueList>TO_DATE(&apos; 2012-12-28 00:00:00&apos;, &apos;SYYYY-MM-DD HH24:MI:SS&apos;, &apos;NLS_CALENDAR=GREGORIAN&apos;)</valueList>
<localIndexProperties>
<LocalIndexProperties class="oracle.dbtools.crest.model.design.storage.oracle.LocalIndexProperties" name="LIP25" id="C0571C7F-0945-83B4-9BD8-8CD8D65C09FD">
<createdBy>ro38606</createdBy>
<createdTime>2013-05-08 20:48:15 UTC</createdTime>
<ownerDesignName>NYEC_BPM_Semantic_data_model_diagram</ownerDesignName>
<index>95B97E8E-5565-DB0E-8FCF-145F92A05CB2</index>
<logging>YES</logging>
<partitionName>SYS_P3969</partitionName>
<segment>91B78D5A-5245-AAB1-7286-5376C26B509C</segment>
<tableSpace>A414B79B-EA37-661D-3968-32E2EBCE0081</tableSpace>
</LocalIndexProperties>
<LocalIndexProperties class="oracle.dbtools.crest.model.design.storage.oracle.LocalIndexProperties" name="LIP63" id="5805D382-D104-5F08-AE3C-41F6BA60388D">
<createdBy>ro38606</createdBy>
<createdTime>2013-05-08 20:48:20 UTC</createdTime>
<ownerDesignName>NYEC_BPM_Semantic_data_model_diagram</ownerDesignName>
<index>E687A93F-394C-1081-D867-F8F30C03D985</index>
<logging>YES</logging>
<partitionName>SYS_P3969</partitionName>
<segment>91B78D5A-5245-AAB1-7286-5376C26B509C</segment>
<tableSpace>A414B79B-EA37-661D-3968-32E2EBCE0081</tableSpace>
</LocalIndexProperties>
</localIndexProperties>
</Partition>
<Partition class="oracle.dbtools.crest.model.design.storage.oracle.v11g.PartitionOraclev11g" name="SYS_P3970" id="6C14C307-985E-6650-6FFF-4C13C811C758">
<createdBy>ro38606</createdBy>
<createdTime>2013-05-08 20:48:09 UTC</createdTime>
<ownerDesignName>NYEC_BPM_Semantic_data_model_diagram</ownerDesignName>
<dataSegmentCompression>NO</dataSegmentCompression>
<logging>YES</logging>
<position>26</position>
<segment>4E4D466A-9DF0-023D-2016-9EA8009D8E74</segment>
<tableSpace>84F5C915-4256-0572-5386-43E712EAFE5F</tableSpace>
<valueList>TO_DATE(&apos; 2012-12-29 00:00:00&apos;, &apos;SYYYY-MM-DD HH24:MI:SS&apos;, &apos;NLS_CALENDAR=GREGORIAN&apos;)</valueList>
<localIndexProperties>
<LocalIndexProperties class="oracle.dbtools.crest.model.design.storage.oracle.LocalIndexProperties" name="LIP26" id="4BC57344-50D4-E968-D8CF-55CB69C92579">
<createdBy>ro38606</createdBy>
<createdTime>2013-05-08 20:48:15 UTC</createdTime>
<ownerDesignName>NYEC_BPM_Semantic_data_model_diagram</ownerDesignName>
<index>95B97E8E-5565-DB0E-8FCF-145F92A05CB2</index>
<logging>YES</logging>
<partitionName>SYS_P3970</partitionName>
<segment>91B78D5A-5245-AAB1-7286-5376C26B509C</segment>
<tableSpace>A414B79B-EA37-661D-3968-32E2EBCE0081</tableSpace>
</LocalIndexProperties>
<LocalIndexProperties class="oracle.dbtools.crest.model.design.storage.oracle.LocalIndexProperties" name="LIP64" id="960035B2-4A93-CB07-7A50-0807F3CB04E8">
<createdBy>ro38606</createdBy>
<createdTime>2013-05-08 20:48:20 UTC</createdTime>
<ownerDesignName>NYEC_BPM_Semantic_data_model_diagram</ownerDesignName>
<index>E687A93F-394C-1081-D867-F8F30C03D985</index>
<logging>YES</logging>
<partitionName>SYS_P3970</partitionName>
<segment>91B78D5A-5245-AAB1-7286-5376C26B509C</segment>
<tableSpace>A414B79B-EA37-661D-3968-32E2EBCE0081</tableSpace>
</LocalIndexProperties>
</localIndexProperties>
</Partition>
<Partition class="oracle.dbtools.crest.model.design.storage.oracle.v11g.PartitionOraclev11g" name="SYS_P3991" id="132B5363-DDD3-62C7-449A-849AFF95B499">
<createdBy>ro38606</createdBy>
<createdTime>2013-05-08 20:48:10 UTC</createdTime>
<ownerDesignName>NYEC_BPM_Semantic_data_model_diagram</ownerDesignName>
<dataSegmentCompression>NO</dataSegmentCompression>
<logging>YES</logging>
<position>27</position>
<segment>4E4D466A-9DF0-023D-2016-9EA8009D8E74</segment>
<tableSpace>84F5C915-4256-0572-5386-43E712EAFE5F</tableSpace>
<valueList>TO_DATE(&apos; 2012-12-30 00:00:00&apos;, &apos;SYYYY-MM-DD HH24:MI:SS&apos;, &apos;NLS_CALENDAR=GREGORIAN&apos;)</valueList>
<localIndexProperties>
<LocalIndexProperties class="oracle.dbtools.crest.model.design.storage.oracle.LocalIndexProperties" name="LIP27" id="E32F4980-B02D-8CBA-3EE3-182458C32243">
<createdBy>ro38606</createdBy>
<createdTime>2013-05-08 20:48:15 UTC</createdTime>
<ownerDesignName>NYEC_BPM_Semantic_data_model_diagram</ownerDesignName>
<index>95B97E8E-5565-DB0E-8FCF-145F92A05CB2</index>
<logging>YES</logging>
<partitionName>SYS_P3991</partitionName>
<segment>91B78D5A-5245-AAB1-7286-5376C26B509C</segment>
<tableSpace>A414B79B-EA37-661D-3968-32E2EBCE0081</tableSpace>
</LocalIndexProperties>
<LocalIndexProperties class="oracle.dbtools.crest.model.design.storage.oracle.LocalIndexProperties" name="LIP65" id="6C7971E2-07AD-0EEA-7F20-15D6096A73A6">
<createdBy>ro38606</createdBy>
<createdTime>2013-05-08 20:48:20 UTC</createdTime>
<ownerDesignName>NYEC_BPM_Semantic_data_model_diagram</ownerDesignName>
<index>E687A93F-394C-1081-D867-F8F30C03D985</index>
<logging>YES</logging>
<partitionName>SYS_P3991</partitionName>
<segment>91B78D5A-5245-AAB1-7286-5376C26B509C</segment>
<tableSpace>A414B79B-EA37-661D-3968-32E2EBCE0081</tableSpace>
</LocalIndexProperties>
</localIndexProperties>
</Partition>
<Partition class="oracle.dbtools.crest.model.design.storage.oracle.v11g.PartitionOraclev11g" name="SYS_P3981" id="729B8A74-D8DF-571D-5FD6-0DC84030A595">
<createdBy>ro38606</createdBy>
<createdTime>2013-05-08 20:48:10 UTC</createdTime>
<ownerDesignName>NYEC_BPM_Semantic_data_model_diagram</ownerDesignName>
<dataSegmentCompression>NO</dataSegmentCompression>
<logging>YES</logging>
<position>28</position>
<segment>4E4D466A-9DF0-023D-2016-9EA8009D8E74</segment>
<tableSpace>84F5C915-4256-0572-5386-43E712EAFE5F</tableSpace>
<valueList>TO_DATE(&apos; 2012-12-31 00:00:00&apos;, &apos;SYYYY-MM-DD HH24:MI:SS&apos;, &apos;NLS_CALENDAR=GREGORIAN&apos;)</valueList>
<localIndexProperties>
<LocalIndexProperties class="oracle.dbtools.crest.model.design.storage.oracle.LocalIndexProperties" name="LIP28" id="02510DFD-095C-62E5-1209-BA99FDD32A0E">
<createdBy>ro38606</createdBy>
<createdTime>2013-05-08 20:48:15 UTC</createdTime>
<ownerDesignName>NYEC_BPM_Semantic_data_model_diagram</ownerDesignName>
<index>95B97E8E-5565-DB0E-8FCF-145F92A05CB2</index>
<logging>YES</logging>
<partitionName>SYS_P3981</partitionName>
<segment>91B78D5A-5245-AAB1-7286-5376C26B509C</segment>
<tableSpace>A414B79B-EA37-661D-3968-32E2EBCE0081</tableSpace>
</LocalIndexProperties>
<LocalIndexProperties class="oracle.dbtools.crest.model.design.storage.oracle.LocalIndexProperties" name="LIP66" id="A45A15B9-66E9-822B-BFD7-E903058EF818">
<createdBy>ro38606</createdBy>
<createdTime>2013-05-08 20:48:21 UTC</createdTime>
<ownerDesignName>NYEC_BPM_Semantic_data_model_diagram</ownerDesignName>
<index>E687A93F-394C-1081-D867-F8F30C03D985</index>
<logging>YES</logging>
<partitionName>SYS_P3981</partitionName>
<segment>91B78D5A-5245-AAB1-7286-5376C26B509C</segment>
<tableSpace>A414B79B-EA37-661D-3968-32E2EBCE0081</tableSpace>
</LocalIndexProperties>
</localIndexProperties>
</Partition>
<Partition class="oracle.dbtools.crest.model.design.storage.oracle.v11g.PartitionOraclev11g" name="SYS_P3987" id="D9A9C696-0B26-87BD-0EAA-2CF0F3BE16FC">
<createdBy>ro38606</createdBy>
<createdTime>2013-05-08 20:48:10 UTC</createdTime>
<ownerDesignName>NYEC_BPM_Semantic_data_model_diagram</ownerDesignName>
<dataSegmentCompression>NO</dataSegmentCompression>
<logging>YES</logging>
<position>29</position>
<segment>4E4D466A-9DF0-023D-2016-9EA8009D8E74</segment>
<tableSpace>84F5C915-4256-0572-5386-43E712EAFE5F</tableSpace>
<valueList>TO_DATE(&apos; 2013-01-02 00:00:00&apos;, &apos;SYYYY-MM-DD HH24:MI:SS&apos;, &apos;NLS_CALENDAR=GREGORIAN&apos;)</valueList>
<localIndexProperties>
<LocalIndexProperties class="oracle.dbtools.crest.model.design.storage.oracle.LocalIndexProperties" name="LIP29" id="579B8FAC-026B-73F6-7408-CD0DD40B3CCD">
<createdBy>ro38606</createdBy>
<createdTime>2013-05-08 20:48:16 UTC</createdTime>
<ownerDesignName>NYEC_BPM_Semantic_data_model_diagram</ownerDesignName>
<index>95B97E8E-5565-DB0E-8FCF-145F92A05CB2</index>
<logging>YES</logging>
<partitionName>SYS_P3987</partitionName>
<segment>91B78D5A-5245-AAB1-7286-5376C26B509C</segment>
<tableSpace>A414B79B-EA37-661D-3968-32E2EBCE0081</tableSpace>
</LocalIndexProperties>
<LocalIndexProperties class="oracle.dbtools.crest.model.design.storage.oracle.LocalIndexProperties" name="LIP67" id="05542795-7E01-20DC-4525-B4FEECAEA222">
<createdBy>ro38606</createdBy>
<createdTime>2013-05-08 20:48:21 UTC</createdTime>
<ownerDesignName>NYEC_BPM_Semantic_data_model_diagram</ownerDesignName>
<index>E687A93F-394C-1081-D867-F8F30C03D985</index>
<logging>YES</logging>
<partitionName>SYS_P3987</partitionName>
<segment>91B78D5A-5245-AAB1-7286-5376C26B509C</segment>
<tableSpace>A414B79B-EA37-661D-3968-32E2EBCE0081</tableSpace>
</LocalIndexProperties>
</localIndexProperties>
</Partition>
<Partition class="oracle.dbtools.crest.model.design.storage.oracle.v11g.PartitionOraclev11g" name="SYS_P3974" id="E10D4A63-CE8F-FDDC-5D92-194FBBF5362C">
<createdBy>ro38606</createdBy>
<createdTime>2013-05-08 20:48:10 UTC</createdTime>
<ownerDesignName>NYEC_BPM_Semantic_data_model_diagram</ownerDesignName>
<dataSegmentCompression>NO</dataSegmentCompression>
<logging>YES</logging>
<position>30</position>
<segment>4E4D466A-9DF0-023D-2016-9EA8009D8E74</segment>
<tableSpace>84F5C915-4256-0572-5386-43E712EAFE5F</tableSpace>
<valueList>TO_DATE(&apos; 2013-01-03 00:00:00&apos;, &apos;SYYYY-MM-DD HH24:MI:SS&apos;, &apos;NLS_CALENDAR=GREGORIAN&apos;)</valueList>
<localIndexProperties>
<LocalIndexProperties class="oracle.dbtools.crest.model.design.storage.oracle.LocalIndexProperties" name="LIP30" id="18229734-0012-D0F9-ACDF-23738157686E">
<createdBy>ro38606</createdBy>
<createdTime>2013-05-08 20:48:16 UTC</createdTime>
<ownerDesignName>NYEC_BPM_Semantic_data_model_diagram</ownerDesignName>
<index>95B97E8E-5565-DB0E-8FCF-145F92A05CB2</index>
<logging>YES</logging>
<partitionName>SYS_P3974</partitionName>
<segment>91B78D5A-5245-AAB1-7286-5376C26B509C</segment>
<tableSpace>A414B79B-EA37-661D-3968-32E2EBCE0081</tableSpace>
</LocalIndexProperties>
<LocalIndexProperties class="oracle.dbtools.crest.model.design.storage.oracle.LocalIndexProperties" name="LIP68" id="303C47FA-71CA-8528-DC72-8E59CE0609DF">
<createdBy>ro38606</createdBy>
<createdTime>2013-05-08 20:48:21 UTC</createdTime>
<ownerDesignName>NYEC_BPM_Semantic_data_model_diagram</ownerDesignName>
<index>E687A93F-394C-1081-D867-F8F30C03D985</index>
<logging>YES</logging>
<partitionName>SYS_P3974</partitionName>
<segment>91B78D5A-5245-AAB1-7286-5376C26B509C</segment>
<tableSpace>A414B79B-EA37-661D-3968-32E2EBCE0081</tableSpace>
</LocalIndexProperties>
</localIndexProperties>
</Partition>
<Partition class="oracle.dbtools.crest.model.design.storage.oracle.v11g.PartitionOraclev11g" name="SYS_P3980" id="6C34EFB2-9739-E31B-93E4-EA10DA426B2E">
<createdBy>ro38606</createdBy>
<createdTime>2013-05-08 20:48:10 UTC</createdTime>
<ownerDesignName>NYEC_BPM_Semantic_data_model_diagram</ownerDesignName>
<dataSegmentCompression>NO</dataSegmentCompression>
<logging>YES</logging>
<position>31</position>
<segment>4E4D466A-9DF0-023D-2016-9EA8009D8E74</segment>
<tableSpace>84F5C915-4256-0572-5386-43E712EAFE5F</tableSpace>
<valueList>TO_DATE(&apos; 2013-01-04 00:00:00&apos;, &apos;SYYYY-MM-DD HH24:MI:SS&apos;, &apos;NLS_CALENDAR=GREGORIAN&apos;)</valueList>
<localIndexProperties>
<LocalIndexProperties class="oracle.dbtools.crest.model.design.storage.oracle.LocalIndexProperties" name="LIP31" id="04A078F7-A54B-4976-5971-CACE49F56AAA">
<createdBy>ro38606</createdBy>
<createdTime>2013-05-08 20:48:16 UTC</createdTime>
<ownerDesignName>NYEC_BPM_Semantic_data_model_diagram</ownerDesignName>
<index>95B97E8E-5565-DB0E-8FCF-145F92A05CB2</index>
<logging>YES</logging>
<partitionName>SYS_P3980</partitionName>
<segment>91B78D5A-5245-AAB1-7286-5376C26B509C</segment>
<tableSpace>A414B79B-EA37-661D-3968-32E2EBCE0081</tableSpace>
</LocalIndexProperties>
<LocalIndexProperties class="oracle.dbtools.crest.model.design.storage.oracle.LocalIndexProperties" name="LIP69" id="CB59B4BD-53B4-CE86-9DF1-7FABE4D9A886">
<createdBy>ro38606</createdBy>
<createdTime>2013-05-08 20:48:21 UTC</createdTime>
<ownerDesignName>NYEC_BPM_Semantic_data_model_diagram</ownerDesignName>
<index>E687A93F-394C-1081-D867-F8F30C03D985</index>
<logging>YES</logging>
<partitionName>SYS_P3980</partitionName>
<segment>91B78D5A-5245-AAB1-7286-5376C26B509C</segment>
<tableSpace>A414B79B-EA37-661D-3968-32E2EBCE0081</tableSpace>
</LocalIndexProperties>
</localIndexProperties>
</Partition>
<Partition class="oracle.dbtools.crest.model.design.storage.oracle.v11g.PartitionOraclev11g" name="SYS_P2853" id="58863103-097D-D374-7BB9-8C008C60F47C">
<createdBy>ro38606</createdBy>
<createdTime>2013-05-08 20:48:10 UTC</createdTime>
<ownerDesignName>NYEC_BPM_Semantic_data_model_diagram</ownerDesignName>
<dataSegmentCompression>NO</dataSegmentCompression>
<logging>YES</logging>
<position>32</position>
<segment>4E4D466A-9DF0-023D-2016-9EA8009D8E74</segment>
<tableSpace>84F5C915-4256-0572-5386-43E712EAFE5F</tableSpace>
<valueList>TO_DATE(&apos; 2013-01-05 00:00:00&apos;, &apos;SYYYY-MM-DD HH24:MI:SS&apos;, &apos;NLS_CALENDAR=GREGORIAN&apos;)</valueList>
<localIndexProperties>
<LocalIndexProperties class="oracle.dbtools.crest.model.design.storage.oracle.LocalIndexProperties" name="LIP32" id="572AC7E5-0C94-BFEB-DDF3-E5C04AF2E00A">
<createdBy>ro38606</createdBy>
<createdTime>2013-05-08 20:48:16 UTC</createdTime>
<ownerDesignName>NYEC_BPM_Semantic_data_model_diagram</ownerDesignName>
<index>95B97E8E-5565-DB0E-8FCF-145F92A05CB2</index>
<logging>YES</logging>
<partitionName>SYS_P3803</partitionName>
<segment>91B78D5A-5245-AAB1-7286-5376C26B509C</segment>
<tableSpace>A414B79B-EA37-661D-3968-32E2EBCE0081</tableSpace>
</LocalIndexProperties>
<LocalIndexProperties class="oracle.dbtools.crest.model.design.storage.oracle.LocalIndexProperties" name="LIP70" id="D1003A22-5623-7AC5-3584-84E6FF7758C2">
<createdBy>ro38606</createdBy>
<createdTime>2013-05-08 20:48:21 UTC</createdTime>
<ownerDesignName>NYEC_BPM_Semantic_data_model_diagram</ownerDesignName>
<index>E687A93F-394C-1081-D867-F8F30C03D985</index>
<logging>YES</logging>
<partitionName>SYS_P2853</partitionName>
<segment>91B78D5A-5245-AAB1-7286-5376C26B509C</segment>
<tableSpace>A414B79B-EA37-661D-3968-32E2EBCE0081</tableSpace>
</LocalIndexProperties>
</localIndexProperties>
</Partition>
<Partition class="oracle.dbtools.crest.model.design.storage.oracle.v11g.PartitionOraclev11g" name="SYS_P3993" id="3E919B00-C462-9B9C-F45D-692EE803DB92">
<createdBy>ro38606</createdBy>
<createdTime>2013-05-08 20:48:10 UTC</createdTime>
<ownerDesignName>NYEC_BPM_Semantic_data_model_diagram</ownerDesignName>
<dataSegmentCompression>NO</dataSegmentCompression>
<logging>YES</logging>
<position>33</position>
<segment>4E4D466A-9DF0-023D-2016-9EA8009D8E74</segment>
<tableSpace>84F5C915-4256-0572-5386-43E712EAFE5F</tableSpace>
<valueList>TO_DATE(&apos; 2013-01-06 00:00:00&apos;, &apos;SYYYY-MM-DD HH24:MI:SS&apos;, &apos;NLS_CALENDAR=GREGORIAN&apos;)</valueList>
<localIndexProperties>
<LocalIndexProperties class="oracle.dbtools.crest.model.design.storage.oracle.LocalIndexProperties" name="LIP33" id="6F68F14C-D8B5-3FB1-0ADD-41C39B33FEEB">
<createdBy>ro38606</createdBy>
<createdTime>2013-05-08 20:48:16 UTC</createdTime>
<ownerDesignName>NYEC_BPM_Semantic_data_model_diagram</ownerDesignName>
<index>95B97E8E-5565-DB0E-8FCF-145F92A05CB2</index>
<logging>YES</logging>
<partitionName>SYS_P3993</partitionName>
<segment>91B78D5A-5245-AAB1-7286-5376C26B509C</segment>
<tableSpace>A414B79B-EA37-661D-3968-32E2EBCE0081</tableSpace>
</LocalIndexProperties>
<LocalIndexProperties class="oracle.dbtools.crest.model.design.storage.oracle.LocalIndexProperties" name="LIP71" id="22D8022C-ED0A-58C1-6062-4E1BF6FCD70B">
<createdBy>ro38606</createdBy>
<createdTime>2013-05-08 20:48:21 UTC</createdTime>
<ownerDesignName>NYEC_BPM_Semantic_data_model_diagram</ownerDesignName>
<index>E687A93F-394C-1081-D867-F8F30C03D985</index>
<logging>YES</logging>
<partitionName>SYS_P3993</partitionName>
<segment>91B78D5A-5245-AAB1-7286-5376C26B509C</segment>
<tableSpace>A414B79B-EA37-661D-3968-32E2EBCE0081</tableSpace>
</LocalIndexProperties>
</localIndexProperties>
</Partition>
<Partition class="oracle.dbtools.crest.model.design.storage.oracle.v11g.PartitionOraclev11g" name="SYS_P3973" id="D853A692-3CE5-BBDA-C4F9-98C7E7E3DCCE">
<createdBy>ro38606</createdBy>
<createdTime>2013-05-08 20:48:10 UTC</createdTime>
<ownerDesignName>NYEC_BPM_Semantic_data_model_diagram</ownerDesignName>
<dataSegmentCompression>NO</dataSegmentCompression>
<logging>YES</logging>
<position>34</position>
<segment>4E4D466A-9DF0-023D-2016-9EA8009D8E74</segment>
<tableSpace>84F5C915-4256-0572-5386-43E712EAFE5F</tableSpace>
<valueList>TO_DATE(&apos; 2013-01-10 00:00:00&apos;, &apos;SYYYY-MM-DD HH24:MI:SS&apos;, &apos;NLS_CALENDAR=GREGORIAN&apos;)</valueList>
<localIndexProperties>
<LocalIndexProperties class="oracle.dbtools.crest.model.design.storage.oracle.LocalIndexProperties" name="LIP34" id="A47CDE4A-63EF-CF25-5CB2-AF9D1CD67265">
<createdBy>ro38606</createdBy>
<createdTime>2013-05-08 20:48:16 UTC</createdTime>
<ownerDesignName>NYEC_BPM_Semantic_data_model_diagram</ownerDesignName>
<index>95B97E8E-5565-DB0E-8FCF-145F92A05CB2</index>
<logging>YES</logging>
<partitionName>SYS_P3973</partitionName>
<segment>91B78D5A-5245-AAB1-7286-5376C26B509C</segment>
<tableSpace>A414B79B-EA37-661D-3968-32E2EBCE0081</tableSpace>
</LocalIndexProperties>
<LocalIndexProperties class="oracle.dbtools.crest.model.design.storage.oracle.LocalIndexProperties" name="LIP72" id="109BD4A4-F613-EAFD-07FD-F54206B3AAA6">
<createdBy>ro38606</createdBy>
<createdTime>2013-05-08 20:48:21 UTC</createdTime>
<ownerDesignName>NYEC_BPM_Semantic_data_model_diagram</ownerDesignName>
<index>E687A93F-394C-1081-D867-F8F30C03D985</index>
<logging>YES</logging>
<partitionName>SYS_P3973</partitionName>
<segment>91B78D5A-5245-AAB1-7286-5376C26B509C</segment>
<tableSpace>A414B79B-EA37-661D-3968-32E2EBCE0081</tableSpace>
</LocalIndexProperties>
</localIndexProperties>
</Partition>
<Partition class="oracle.dbtools.crest.model.design.storage.oracle.v11g.PartitionOraclev11g" name="SYS_P3977" id="5A0DD1FF-A5F3-5FDC-0E6A-912B961B47A2">
<createdBy>ro38606</createdBy>
<createdTime>2013-05-08 20:48:11 UTC</createdTime>
<ownerDesignName>NYEC_BPM_Semantic_data_model_diagram</ownerDesignName>
<dataSegmentCompression>NO</dataSegmentCompression>
<logging>YES</logging>
<position>35</position>
<segment>4E4D466A-9DF0-023D-2016-9EA8009D8E74</segment>
<tableSpace>84F5C915-4256-0572-5386-43E712EAFE5F</tableSpace>
<valueList>TO_DATE(&apos; 2013-01-12 00:00:00&apos;, &apos;SYYYY-MM-DD HH24:MI:SS&apos;, &apos;NLS_CALENDAR=GREGORIAN&apos;)</valueList>
<localIndexProperties>
<LocalIndexProperties class="oracle.dbtools.crest.model.design.storage.oracle.LocalIndexProperties" name="LIP35" id="F968AF65-3CE8-BC32-113A-76EFCA81532D">
<createdBy>ro38606</createdBy>
<createdTime>2013-05-08 20:48:16 UTC</createdTime>
<ownerDesignName>NYEC_BPM_Semantic_data_model_diagram</ownerDesignName>
<index>95B97E8E-5565-DB0E-8FCF-145F92A05CB2</index>
<logging>YES</logging>
<partitionName>SYS_P3977</partitionName>
<segment>91B78D5A-5245-AAB1-7286-5376C26B509C</segment>
<tableSpace>A414B79B-EA37-661D-3968-32E2EBCE0081</tableSpace>
</LocalIndexProperties>
<LocalIndexProperties class="oracle.dbtools.crest.model.design.storage.oracle.LocalIndexProperties" name="LIP73" id="BD5012BA-DF1F-3561-6917-23428F016D53">
<createdBy>ro38606</createdBy>
<createdTime>2013-05-08 20:48:21 UTC</createdTime>
<ownerDesignName>NYEC_BPM_Semantic_data_model_diagram</ownerDesignName>
<index>E687A93F-394C-1081-D867-F8F30C03D985</index>
<logging>YES</logging>
<partitionName>SYS_P3977</partitionName>
<segment>91B78D5A-5245-AAB1-7286-5376C26B509C</segment>
<tableSpace>A414B79B-EA37-661D-3968-32E2EBCE0081</tableSpace>
</LocalIndexProperties>
</localIndexProperties>
</Partition>
<Partition class="oracle.dbtools.crest.model.design.storage.oracle.v11g.PartitionOraclev11g" name="SYS_P3949" id="15A8A6D1-31B3-291E-DBE0-EF9659412337">
<createdBy>ro38606</createdBy>
<createdTime>2013-05-08 20:48:11 UTC</createdTime>
<ownerDesignName>NYEC_BPM_Semantic_data_model_diagram</ownerDesignName>
<dataSegmentCompression>NO</dataSegmentCompression>
<logging>YES</logging>
<position>36</position>
<segment>4E4D466A-9DF0-023D-2016-9EA8009D8E74</segment>
<tableSpace>84F5C915-4256-0572-5386-43E712EAFE5F</tableSpace>
<valueList>TO_DATE(&apos; 2013-01-13 00:00:00&apos;, &apos;SYYYY-MM-DD HH24:MI:SS&apos;, &apos;NLS_CALENDAR=GREGORIAN&apos;)</valueList>
<localIndexProperties>
<LocalIndexProperties class="oracle.dbtools.crest.model.design.storage.oracle.LocalIndexProperties" name="LIP36" id="EC18869D-603C-4DF9-23C6-B12434F50BC5">
<createdBy>ro38606</createdBy>
<createdTime>2013-05-08 20:48:16 UTC</createdTime>
<ownerDesignName>NYEC_BPM_Semantic_data_model_diagram</ownerDesignName>
<index>95B97E8E-5565-DB0E-8FCF-145F92A05CB2</index>
<logging>YES</logging>
<partitionName>SYS_P3949</partitionName>
<segment>91B78D5A-5245-AAB1-7286-5376C26B509C</segment>
<tableSpace>A414B79B-EA37-661D-3968-32E2EBCE0081</tableSpace>
</LocalIndexProperties>
<LocalIndexProperties class="oracle.dbtools.crest.model.design.storage.oracle.LocalIndexProperties" name="LIP74" id="323FB3B8-CFEC-1102-B4F0-FC36B3455079">
<createdBy>ro38606</createdBy>
<createdTime>2013-05-08 20:48:22 UTC</createdTime>
<ownerDesignName>NYEC_BPM_Semantic_data_model_diagram</ownerDesignName>
<index>E687A93F-394C-1081-D867-F8F30C03D985</index>
<logging>YES</logging>
<partitionName>SYS_P3949</partitionName>
<segment>91B78D5A-5245-AAB1-7286-5376C26B509C</segment>
<tableSpace>A414B79B-EA37-661D-3968-32E2EBCE0081</tableSpace>
</LocalIndexProperties>
</localIndexProperties>
</Partition>
<Partition class="oracle.dbtools.crest.model.design.storage.oracle.v11g.PartitionOraclev11g" name="SYS_P3095" id="A1FBBC03-4A2B-D272-F1B2-DF8E03DD2458">
<createdBy>ro38606</createdBy>
<createdTime>2013-05-08 20:48:11 UTC</createdTime>
<ownerDesignName>NYEC_BPM_Semantic_data_model_diagram</ownerDesignName>
<dataSegmentCompression>NO</dataSegmentCompression>
<logging>YES</logging>
<position>37</position>
<segment>4E4D466A-9DF0-023D-2016-9EA8009D8E74</segment>
<tableSpace>84F5C915-4256-0572-5386-43E712EAFE5F</tableSpace>
<valueList>TO_DATE(&apos; 2013-01-16 00:00:00&apos;, &apos;SYYYY-MM-DD HH24:MI:SS&apos;, &apos;NLS_CALENDAR=GREGORIAN&apos;)</valueList>
<localIndexProperties>
<LocalIndexProperties class="oracle.dbtools.crest.model.design.storage.oracle.LocalIndexProperties" name="LIP37" id="3EB355EF-8F82-0297-421C-47A5AD2C9AF8">
<createdBy>ro38606</createdBy>
<createdTime>2013-05-08 20:48:17 UTC</createdTime>
<ownerDesignName>NYEC_BPM_Semantic_data_model_diagram</ownerDesignName>
<index>95B97E8E-5565-DB0E-8FCF-145F92A05CB2</index>
<logging>YES</logging>
<partitionName>SYS_P3804</partitionName>
<segment>91B78D5A-5245-AAB1-7286-5376C26B509C</segment>
<tableSpace>A414B79B-EA37-661D-3968-32E2EBCE0081</tableSpace>
</LocalIndexProperties>
<LocalIndexProperties class="oracle.dbtools.crest.model.design.storage.oracle.LocalIndexProperties" name="LIP75" id="518DA87B-1522-CE5A-B4D5-F92998AC9133">
<createdBy>ro38606</createdBy>
<createdTime>2013-05-08 20:48:22 UTC</createdTime>
<ownerDesignName>NYEC_BPM_Semantic_data_model_diagram</ownerDesignName>
<index>E687A93F-394C-1081-D867-F8F30C03D985</index>
<logging>YES</logging>
<partitionName>SYS_P3095</partitionName>
<segment>91B78D5A-5245-AAB1-7286-5376C26B509C</segment>
<tableSpace>A414B79B-EA37-661D-3968-32E2EBCE0081</tableSpace>
</LocalIndexProperties>
</localIndexProperties>
</Partition>
<Partition class="oracle.dbtools.crest.model.design.storage.oracle.v11g.PartitionOraclev11g" name="SYS_P3114" id="6B3AF5C1-CB1C-D4E7-E82B-2E5417C70324">
<createdBy>ro38606</createdBy>
<createdTime>2013-05-08 20:48:11 UTC</createdTime>
<ownerDesignName>NYEC_BPM_Semantic_data_model_diagram</ownerDesignName>
<dataSegmentCompression>NO</dataSegmentCompression>
<logging>YES</logging>
<position>38</position>
<segment>4E4D466A-9DF0-023D-2016-9EA8009D8E74</segment>
<tableSpace>84F5C915-4256-0572-5386-43E712EAFE5F</tableSpace>
<valueList>TO_DATE(&apos; 2013-01-17 00:00:00&apos;, &apos;SYYYY-MM-DD HH24:MI:SS&apos;, &apos;NLS_CALENDAR=GREGORIAN&apos;)</valueList>
<localIndexProperties>
<LocalIndexProperties class="oracle.dbtools.crest.model.design.storage.oracle.LocalIndexProperties" name="LIP38" id="80EF1336-AC1F-A507-9F68-1AD5EA6C717C">
<createdBy>ro38606</createdBy>
<createdTime>2013-05-08 20:48:17 UTC</createdTime>
<ownerDesignName>NYEC_BPM_Semantic_data_model_diagram</ownerDesignName>
<index>95B97E8E-5565-DB0E-8FCF-145F92A05CB2</index>
<logging>YES</logging>
<partitionName>SYS_P3805</partitionName>
<segment>91B78D5A-5245-AAB1-7286-5376C26B509C</segment>
<tableSpace>A414B79B-EA37-661D-3968-32E2EBCE0081</tableSpace>
</LocalIndexProperties>
<LocalIndexProperties class="oracle.dbtools.crest.model.design.storage.oracle.LocalIndexProperties" name="LIP76" id="0D6F2A3C-6D2D-6CFF-F372-5C07080E65DC">
<createdBy>ro38606</createdBy>
<createdTime>2013-05-08 20:48:22 UTC</createdTime>
<ownerDesignName>NYEC_BPM_Semantic_data_model_diagram</ownerDesignName>
<index>E687A93F-394C-1081-D867-F8F30C03D985</index>
<logging>YES</logging>
<partitionName>SYS_P3114</partitionName>
<segment>91B78D5A-5245-AAB1-7286-5376C26B509C</segment>
<tableSpace>A414B79B-EA37-661D-3968-32E2EBCE0081</tableSpace>
</LocalIndexProperties>
</localIndexProperties>
</Partition>
</partitions>
<primaryKeys>
<PrimaryKey class="oracle.dbtools.crest.model.design.storage.oracle.v10g.PKProxyOraclev10g" name="FNPABD_PK" id="0F98DD69-78E0-4DE2-0FDE-C724431E0202">
<createdBy>ro38606</createdBy>
<createdTime>2013-05-08 20:48:01 UTC</createdTime>
<ownerDesignName>NYEC_BPM_Semantic_data_model_diagram</ownerDesignName>
<sortedRows>SORTED</sortedRows>
<tableSpace>A414B79B-EA37-661D-3968-32E2EBCE0081</tableSpace>
<indexSegment>91B78D5A-5245-AAB1-7286-5376C26B509C</indexSegment>
<indexSort>SORTED</indexSort>
</PrimaryKey>
</primaryKeys>
</TableProxyOraclev11g>