<?xml version = '1.0' encoding = 'UTF-8'?>
<Diagram class="oracle.dbtools.crest.swingui.relational.DPVRelational" name="Relational_1" id="3978C293-FF16-0C1A-A492-B5BA14CAA398">
<createdBy>50472</createdBy>
<createdTime>2014-11-18 22:00:54 UTC</createdTime>
<autoRoute>false</autoRoute>
<boxInbox>true</boxInbox>
<showLegend>false</showLegend>
<showLabels>false</showLabels>
<showRelAttributes>false</showRelAttributes>
<showGrid>false</showGrid>
<diagramColor>-1</diagramColor>
<display>false</display>
<notation>1</notation>
<objectViews>
<OView class="oracle.dbtools.crest.swingui.relational.TVTable" oid="5616CD73-CC98-EF6B-B187-C8356340940D" otype="Table" vid="7482B452-CE8B-2D61-624B-30B0D9750B32">
<hideElementsInCurrentOnly>false</hideElementsInCurrentOnly>
<bounds x="374" y="832" width="256" height="172"/>
</OView>
<OView class="oracle.dbtools.crest.swingui.relational.TVTable" oid="63F93782-82F2-8831-CD38-DE64824A4133" otype="Table" vid="766CD49A-E9A8-50CF-A08A-994109432CCC">
<hideElementsInCurrentOnly>false</hideElementsInCurrentOnly>
<bounds x="31" y="12" width="506" height="796"/>
</OView>
<OView class="oracle.dbtools.crest.swingui.relational.TVTable" oid="69FEEFB8-9D8B-781A-7BC0-DF5982AD650C" otype="Table" vid="D2D34145-9BF9-9C9C-31B0-09AEC0A03E12">
<hideElementsInCurrentOnly>false</hideElementsInCurrentOnly>
<bounds x="710" y="693" width="278" height="457"/>
</OView>
<OView class="oracle.dbtools.crest.swingui.relational.TVTable" oid="7893F91D-F6FA-3950-3B41-D22909D2C2E4" otype="Table" vid="BA0E93FA-5A50-D11B-404F-D844EF32DC43">
<hideElementsInCurrentOnly>false</hideElementsInCurrentOnly>
<bounds x="607" y="187" width="391" height="301"/>
</OView>
<OView class="oracle.dbtools.crest.swingui.relational.TVTable" oid="AECE55E0-B62A-6693-F415-BCCBD9D5260C" otype="Table" vid="3505CA5C-395E-C7B7-7313-B87A8EDE8BF8">
<hideElementsInCurrentOnly>false</hideElementsInCurrentOnly>
<bounds x="670" y="15" width="322" height="110"/>
</OView>
<OView class="oracle.dbtools.crest.swingui.relational.TVTable" oid="D6364C33-20A6-C46E-5C8E-400371DEA29D" otype="Table" vid="093DBC66-E067-312A-E3FE-C0E9C53D89CB">
<hideElementsInCurrentOnly>false</hideElementsInCurrentOnly>
<bounds x="689" y="541" width="302" height="124"/>
</OView>
</objectViews>
<connectors>
<Connector class="oracle.dbtools.crest.swingui.relational.TVFKRelation" oid="A747497A-7744-90F6-D007-5C11B9599794" otype="FKIndexAssociation" vid_source="093DBC66-E067-312A-E3FE-C0E9C53D89CB" vid_target="BA0E93FA-5A50-D11B-404F-D844EF32DC43">
<hideElementsInCurrentOnly>false</hideElementsInCurrentOnly>
<lineWidth>1</lineWidth>
<points>
<point x="840" y="541"/>
<point x="840" y="488"/>
</points>
</Connector>
<Connector class="oracle.dbtools.crest.swingui.relational.TVFKRelation" oid="CD09E024-4EF6-60E5-9623-D68AB46A7751" otype="FKIndexAssociation" vid_source="766CD49A-E9A8-50CF-A08A-994109432CCC" vid_target="BA0E93FA-5A50-D11B-404F-D844EF32DC43">
<hideElementsInCurrentOnly>false</hideElementsInCurrentOnly>
<lineWidth>1</lineWidth>
<points>
<point x="537" y="337"/>
<point x="607" y="337"/>
</points>
</Connector>
<Connector class="oracle.dbtools.crest.swingui.relational.TVFKRelation" oid="EA46B45B-6CA1-A0A2-14BE-C70F242DC840" otype="FKIndexAssociation" vid_source="3505CA5C-395E-C7B7-7313-B87A8EDE8BF8" vid_target="BA0E93FA-5A50-D11B-404F-D844EF32DC43">
<hideElementsInCurrentOnly>false</hideElementsInCurrentOnly>
<lineWidth>1</lineWidth>
<points>
<point x="831" y="125"/>
<point x="831" y="187"/>
</points>
</Connector>
</connectors>
</Diagram>