<?xml version = '1.0' encoding = 'UTF-8'?>
<Table class="oracle.dbtools.crest.model.design.relational.Table" id="16AB0FE5-76B1-E810-B282-7726DCB813AB" directorySegmentName="seg_0" name="PROCESS_BPM_QUEUE_JOB">
<sourceConnName>nyecdrbk maxdat</sourceConnName>
<sourceObjSchema>MAXDAT</sourceObjSchema>
<sourceObjName>PROCESS_BPM_QUEUE_JOB</sourceObjName>
<createdBy>50472</createdBy>
<createdTime>2013-08-08 16:19:06 UTC</createdTime>
<ownerDesignName>BPM_Event_data_model_diagram</ownerDesignName>
<schemaObject>0EBF03F6-AD2B-6345-8998-B45AA35F30F6</schemaObject>
<pkName>PBQJ_PK</pkName>
<fonts>
<FontObject class="oracle.dbtools.crest.model.design.FontObjectWr">
<foType>Title</foType>
<fontStyle>1</fontStyle>
<colorRGB>-16776961</colorRGB>
</FontObject>
<FontObject class="oracle.dbtools.crest.model.design.FontObjectWr">
<foType>Column</foType>
<colorRGB>-16777216</colorRGB>
</FontObject>
<FontObject class="oracle.dbtools.crest.model.design.FontObjectWr">
<foType>Datatype</foType>
<colorRGB>-16744448</colorRGB>
</FontObject>
<FontObject class="oracle.dbtools.crest.model.design.FontObjectWr">
<foType>PK Element</foType>
<colorRGB>-16776961</colorRGB>
</FontObject>
<FontObject class="oracle.dbtools.crest.model.design.FontObjectWr">
<foType>FK Element</foType>
<colorRGB>-16777216</colorRGB>
</FontObject>
<FontObject class="oracle.dbtools.crest.model.design.FontObjectWr">
<foType>UK Element</foType>
<colorRGB>-16776961</colorRGB>
</FontObject>
<FontObject class="oracle.dbtools.crest.model.design.FontObjectWr">
<foType>Not Null</foType>
<colorRGB>-65536</colorRGB>
</FontObject>
<FontObject class="oracle.dbtools.crest.model.design.FontObjectWr">
<foType>Key</foType>
<colorRGB>-16777216</colorRGB>
</FontObject>
</fonts>
<columns>
<Column class="oracle.dbtools.crest.model.design.relational.Column" name="PBQJ_ID" id="1F1B89A7-8041-6125-AAB2-8CD097E397B0">
<sourceConnName>nyecdrbk maxdat</sourceConnName>
<sourceObjSchema>PROCESS_BPM_QUEUE_JOB</sourceObjSchema>
<sourceObjName>PBQJ_ID</sourceObjName>
<createdBy>50472</createdBy>
<createdTime>2013-08-08 16:19:07 UTC</createdTime>
<ownerDesignName>BPM_Event_data_model_diagram</ownerDesignName>
<useDomainConstraints>false</useDomainConstraints>
<use>1</use>
<logicalDatatype>LOGDT019</logicalDatatype>
<dataTypeSize>22</dataTypeSize>
<autoIncrementCycle>false</autoIncrementCycle>
</Column>
<Column class="oracle.dbtools.crest.model.design.relational.Column" name="JOB_NAME" id="D89DD8F5-A567-1840-9232-5C165E483CD9">
<sourceConnName>nyecdrbk maxdat</sourceConnName>
<sourceObjSchema>PROCESS_BPM_QUEUE_JOB</sourceObjSchema>
<sourceObjName>JOB_NAME</sourceObjName>
<createdBy>50472</createdBy>
<createdTime>2013-08-08 16:19:07 UTC</createdTime>
<ownerDesignName>BPM_Event_data_model_diagram</ownerDesignName>
<useDomainConstraints>false</useDomainConstraints>
<use>1</use>
<logicalDatatype>LOGDT024</logicalDatatype>
<dataTypeSize>30 BYTE</dataTypeSize>
<autoIncrementCycle>false</autoIncrementCycle>
</Column>
<Column class="oracle.dbtools.crest.model.design.relational.Column" name="BSL_ID" id="C6079BB4-EE68-052F-3308-7B0D478CFB5A">
<sourceConnName>nyecdrbk maxdat</sourceConnName>
<sourceObjSchema>PROCESS_BPM_QUEUE_JOB</sourceObjSchema>
<sourceObjName>BSL_ID</sourceObjName>
<createdBy>50472</createdBy>
<createdTime>2013-08-08 16:19:07 UTC</createdTime>
<ownerDesignName>BPM_Event_data_model_diagram</ownerDesignName>
<nullsAllowed>true</nullsAllowed>
<useDomainConstraints>false</useDomainConstraints>
<use>1</use>
<logicalDatatype>LOGDT019</logicalDatatype>
<dataTypeSize>22</dataTypeSize>
<delegate>4295EAB4-D48C-480D-B147-6852DFAA2E59</delegate>
<autoIncrementCycle>false</autoIncrementCycle>
<associations>
<colAssociation fkAssociation="F9A069A2-C8A0-729E-723A-7556B942669F" referredColumn="4295EAB4-D48C-480D-B147-6852DFAA2E59"/>
</associations>
</Column>
<Column class="oracle.dbtools.crest.model.design.relational.Column" name="BDM_ID" id="D699CB19-3B0B-C826-6EF1-EF46C71E2D21">
<sourceConnName>nyecdrbk maxdat</sourceConnName>
<sourceObjSchema>PROCESS_BPM_QUEUE_JOB</sourceObjSchema>
<sourceObjName>BDM_ID</sourceObjName>
<createdBy>50472</createdBy>
<createdTime>2013-08-08 16:19:07 UTC</createdTime>
<ownerDesignName>BPM_Event_data_model_diagram</ownerDesignName>
<nullsAllowed>true</nullsAllowed>
<useDomainConstraints>false</useDomainConstraints>
<use>1</use>
<logicalDatatype>LOGDT019</logicalDatatype>
<dataTypeSize>22</dataTypeSize>
<delegate>828C0E57-960A-29D0-383B-EE3DED0F4206</delegate>
<autoIncrementCycle>false</autoIncrementCycle>
<associations>
<colAssociation fkAssociation="E540CC05-F37D-829B-4E26-D38ACA73F1C7" referredColumn="828C0E57-960A-29D0-383B-EE3DED0F4206"/>
</associations>
</Column>
<Column class="oracle.dbtools.crest.model.design.relational.Column" name="BATCH_SIZE" id="94B5A991-950C-2D1B-BCDC-8DFE7A90C5C9">
<sourceConnName>nyecdrbk maxdat</sourceConnName>
<sourceObjSchema>PROCESS_BPM_QUEUE_JOB</sourceObjSchema>
<sourceObjName>BATCH_SIZE</sourceObjName>
<createdBy>50472</createdBy>
<createdTime>2013-08-08 16:19:07 UTC</createdTime>
<ownerDesignName>BPM_Event_data_model_diagram</ownerDesignName>
<nullsAllowed>true</nullsAllowed>
<useDomainConstraints>false</useDomainConstraints>
<use>1</use>
<logicalDatatype>LOGDT019</logicalDatatype>
<dataTypeSize>22</dataTypeSize>
<autoIncrementCycle>false</autoIncrementCycle>
</Column>
<Column class="oracle.dbtools.crest.model.design.relational.Column" name="START_DATE" id="1AF35625-5CCB-0466-81FA-48868D32E4E1">
<sourceConnName>nyecdrbk maxdat</sourceConnName>
<sourceObjSchema>PROCESS_BPM_QUEUE_JOB</sourceObjSchema>
<sourceObjName>START_DATE</sourceObjName>
<createdBy>50472</createdBy>
<createdTime>2013-08-08 16:19:07 UTC</createdTime>
<ownerDesignName>BPM_Event_data_model_diagram</ownerDesignName>
<useDomainConstraints>false</useDomainConstraints>
<use>1</use>
<logicalDatatype>LOGDT007</logicalDatatype>
<dataTypeSize>7</dataTypeSize>
<autoIncrementCycle>false</autoIncrementCycle>
</Column>
<Column class="oracle.dbtools.crest.model.design.relational.Column" name="END_DATE" id="0E4804E8-91EA-8860-A51C-F52B8461C62C">
<sourceConnName>nyecdrbk maxdat</sourceConnName>
<sourceObjSchema>PROCESS_BPM_QUEUE_JOB</sourceObjSchema>
<sourceObjName>END_DATE</sourceObjName>
<createdBy>50472</createdBy>
<createdTime>2013-08-08 16:19:07 UTC</createdTime>
<ownerDesignName>BPM_Event_data_model_diagram</ownerDesignName>
<nullsAllowed>true</nullsAllowed>
<useDomainConstraints>false</useDomainConstraints>
<use>1</use>
<logicalDatatype>LOGDT007</logicalDatatype>
<dataTypeSize>7</dataTypeSize>
<autoIncrementCycle>false</autoIncrementCycle>
</Column>
<Column class="oracle.dbtools.crest.model.design.relational.Column" name="STATUS" id="F2C5A71B-238C-F986-090C-829972437B22">
<sourceConnName>nyecdrbk maxdat</sourceConnName>
<sourceObjSchema>PROCESS_BPM_QUEUE_JOB</sourceObjSchema>
<sourceObjName>STATUS</sourceObjName>
<createdBy>50472</createdBy>
<createdTime>2013-08-08 16:19:07 UTC</createdTime>
<ownerDesignName>BPM_Event_data_model_diagram</ownerDesignName>
<constraintName>PBQJ_STATUS_CK</constraintName>
<useDomainConstraints>false</useDomainConstraints>
<use>1</use>
<logicalDatatype>LOGDT024</logicalDatatype>
<dataTypeSize>10 BYTE</dataTypeSize>
<listOfValues>
<valueDef value="&apos;FAILED&apos;" description=""/>
<valueDef value="&apos;LOCKING&apos;" description=""/>
<valueDef value="&apos;PROCESSING&apos;" description=""/>
<valueDef value="&apos;RESERVING&apos;" description=""/>
<valueDef value="&apos;SLEEPING&apos;" description=""/>
<valueDef value="&apos;STARTED&apos;" description=""/>
<valueDef value="&apos;STOPPED&apos;" description=""/>
</listOfValues>
<autoIncrementCycle>false</autoIncrementCycle>
</Column>
<Column class="oracle.dbtools.crest.model.design.relational.Column" name="STATUS_DATE" id="66411C5E-813D-4B95-EFE3-51A4B2BB8021">
<sourceConnName>nyecdrbk maxdat</sourceConnName>
<sourceObjSchema>PROCESS_BPM_QUEUE_JOB</sourceObjSchema>
<sourceObjName>STATUS_DATE</sourceObjName>
<createdBy>50472</createdBy>
<createdTime>2013-08-08 16:19:07 UTC</createdTime>
<ownerDesignName>BPM_Event_data_model_diagram</ownerDesignName>
<useDomainConstraints>false</useDomainConstraints>
<use>1</use>
<logicalDatatype>LOGDT007</logicalDatatype>
<dataTypeSize>7</dataTypeSize>
<autoIncrementCycle>false</autoIncrementCycle>
</Column>
<Column class="oracle.dbtools.crest.model.design.relational.Column" name="JOB_ADJUST_REASON_ID" id="A14265C3-545B-82F6-7E6E-DB77B481826A">
<sourceConnName>nyecdrbk maxdat</sourceConnName>
<sourceObjSchema>PROCESS_BPM_QUEUE_JOB</sourceObjSchema>
<sourceObjName>JOB_ADJUST_REASON_ID</sourceObjName>
<createdBy>50472</createdBy>
<createdTime>2013-08-08 16:19:07 UTC</createdTime>
<ownerDesignName>BPM_Event_data_model_diagram</ownerDesignName>
<nullsAllowed>true</nullsAllowed>
<useDomainConstraints>false</useDomainConstraints>
<use>1</use>
<logicalDatatype>LOGDT019</logicalDatatype>
<dataTypeSize>22</dataTypeSize>
<autoIncrementCycle>false</autoIncrementCycle>
</Column>
<Column class="oracle.dbtools.crest.model.design.relational.Column" name="ENABLED" id="0D753100-3311-107D-D755-679D8E4C1774">
<sourceConnName>nyecdrbk maxdat</sourceConnName>
<sourceObjSchema>PROCESS_BPM_QUEUE_JOB</sourceObjSchema>
<sourceObjName>ENABLED</sourceObjName>
<createdBy>50472</createdBy>
<createdTime>2013-08-08 16:19:07 UTC</createdTime>
<ownerDesignName>BPM_Event_data_model_diagram</ownerDesignName>
<constraintName>PBQJ_ENABLED_CK</constraintName>
<useDomainConstraints>false</useDomainConstraints>
<use>1</use>
<logicalDatatype>LOGDT024</logicalDatatype>
<dataTypeSize>1 BYTE</dataTypeSize>
<listOfValues>
<valueDef value="&apos;N&apos;" description=""/>
<valueDef value="&apos;Y&apos;" description=""/>
</listOfValues>
<autoIncrementCycle>false</autoIncrementCycle>
</Column>
<Column class="oracle.dbtools.crest.model.design.relational.Column" name="START_REASON_ID" id="8BA8D0C3-FF5E-E179-6E6C-6AA24F2F82A4">
<sourceConnName>nyecdrbk maxdat</sourceConnName>
<sourceObjSchema>PROCESS_BPM_QUEUE_JOB</sourceObjSchema>
<sourceObjName>START_REASON_ID</sourceObjName>
<createdBy>50472</createdBy>
<createdTime>2013-08-08 16:19:07 UTC</createdTime>
<ownerDesignName>BPM_Event_data_model_diagram</ownerDesignName>
<nullsAllowed>true</nullsAllowed>
<useDomainConstraints>false</useDomainConstraints>
<use>1</use>
<logicalDatatype>LOGDT019</logicalDatatype>
<dataTypeSize>22</dataTypeSize>
<delegate>5578A781-C5D8-82A3-7382-BC2B561D37D8</delegate>
<autoIncrementCycle>false</autoIncrementCycle>
<associations>
<colAssociation fkAssociation="DA980740-0B26-9E65-F4E2-75C1AEAB003E" referredColumn="5578A781-C5D8-82A3-7382-BC2B561D37D8"/>
</associations>
</Column>
<Column class="oracle.dbtools.crest.model.design.relational.Column" name="STOP_REASON_ID" id="EC534A15-259C-756C-827C-1EEC7B68EFBA">
<sourceConnName>nyecdrbk maxdat</sourceConnName>
<sourceObjSchema>PROCESS_BPM_QUEUE_JOB</sourceObjSchema>
<sourceObjName>STOP_REASON_ID</sourceObjName>
<createdBy>50472</createdBy>
<createdTime>2013-08-08 16:19:07 UTC</createdTime>
<ownerDesignName>BPM_Event_data_model_diagram</ownerDesignName>
<nullsAllowed>true</nullsAllowed>
<useDomainConstraints>false</useDomainConstraints>
<use>1</use>
<logicalDatatype>LOGDT019</logicalDatatype>
<dataTypeSize>22</dataTypeSize>
<delegate>5578A781-C5D8-82A3-7382-BC2B561D37D8</delegate>
<autoIncrementCycle>false</autoIncrementCycle>
<associations>
<colAssociation fkAssociation="427423C1-69FD-3FF1-C61D-8430B4A82064" referredColumn="5578A781-C5D8-82A3-7382-BC2B561D37D8"/>
</associations>
</Column>
</columns>
<indexes>
<ind_PK_UK class="oracle.dbtools.crest.model.design.relational.Index" id="F6BC5047-474B-1B06-DBE1-0DB8009657F0" name="PBQJ_PK">
<sourceConnName>nyecdrbk maxdat</sourceConnName>
<sourceObjSchema>MAXDAT</sourceObjSchema>
<sourceObjName>PBQJ_PK</sourceObjName>
<createdBy>50472</createdBy>
<createdTime>2013-08-08 16:19:09 UTC</createdTime>
<ownerDesignName>BPM_Event_data_model_diagram</ownerDesignName>
<pk>true</pk>
<indexState>Primary Constraint</indexState>
<indexColumnUsage>
<colUsage columnID="1F1B89A7-8041-6125-AAB2-8CD097E397B0"/>
</indexColumnUsage>
</ind_PK_UK>
<ind_PK_UK class="oracle.dbtools.crest.model.design.relational.Index" id="E7C5D0BF-F500-DF87-BEC9-3CCCCDF193A2" name="PBQJ_PK">
<sourceConnName>nyecdrbk maxdat</sourceConnName>
<sourceObjSchema>MAXDAT</sourceObjSchema>
<sourceObjName>PBQJ_PK</sourceObjName>
<createdBy>50472</createdBy>
<createdTime>2013-08-08 16:19:08 UTC</createdTime>
<ownerDesignName>BPM_Event_data_model_diagram</ownerDesignName>
<schemaObject>0EBF03F6-AD2B-6345-8998-B45AA35F30F6</schemaObject>
<indexState>Unique Plain Index</indexState>
<indexColumnUsage>
<colUsage columnID="1F1B89A7-8041-6125-AAB2-8CD097E397B0"/>
</indexColumnUsage>
</ind_PK_UK>
<ind_PK_UK class="oracle.dbtools.crest.model.design.relational.Index" id="094BA31D-14E5-9AAF-2C26-C6045F6265AC" name="PBQJ_IX1">
<sourceConnName>nyecdrbk maxdat</sourceConnName>
<sourceObjSchema>MAXDAT</sourceObjSchema>
<sourceObjName>PBQJ_IX1</sourceObjName>
<createdBy>50472</createdBy>
<createdTime>2013-08-08 16:19:08 UTC</createdTime>
<ownerDesignName>BPM_Event_data_model_diagram</ownerDesignName>
<schemaObject>0EBF03F6-AD2B-6345-8998-B45AA35F30F6</schemaObject>
<indexColumnUsage>
<colUsage columnID="C6079BB4-EE68-052F-3308-7B0D478CFB5A"/>
</indexColumnUsage>
</ind_PK_UK>
<ind_PK_UK class="oracle.dbtools.crest.model.design.relational.Index" id="3B060E9E-8019-6AF2-46E0-EB389403CC1E" name="PBQJ_IX2">
<sourceConnName>nyecdrbk maxdat</sourceConnName>
<sourceObjSchema>MAXDAT</sourceObjSchema>
<sourceObjName>PBQJ_IX2</sourceObjName>
<createdBy>50472</createdBy>
<createdTime>2013-08-08 16:19:08 UTC</createdTime>
<ownerDesignName>BPM_Event_data_model_diagram</ownerDesignName>
<schemaObject>0EBF03F6-AD2B-6345-8998-B45AA35F30F6</schemaObject>
<indexColumnUsage>
<colUsage columnID="F2C5A71B-238C-F986-090C-829972437B22"/>
</indexColumnUsage>
</ind_PK_UK>
<ind_PK_UK class="oracle.dbtools.crest.model.design.relational.Index" id="09F79AE3-3077-F7CE-6CB8-AB0FF1760E12" name="PBQJ_UX1">
<sourceConnName>nyecdrbk maxdat</sourceConnName>
<sourceObjSchema>MAXDAT</sourceObjSchema>
<sourceObjName>PBQJ_UX1</sourceObjName>
<createdBy>50472</createdBy>
<createdTime>2013-08-08 16:19:08 UTC</createdTime>
<ownerDesignName>BPM_Event_data_model_diagram</ownerDesignName>
<schemaObject>0EBF03F6-AD2B-6345-8998-B45AA35F30F6</schemaObject>
<indexColumnUsage>
<colUsage columnID="D89DD8F5-A567-1840-9232-5C165E483CD9"/>
</indexColumnUsage>
</ind_PK_UK>
<ind_PK_UK class="oracle.dbtools.crest.model.design.relational.Index" id="027BD6AA-1CA4-D9CB-D51B-B5C79646F7AD" name="PBQJ_BDM_ID_CK">
<createdBy>50472</createdBy>
<createdTime>2013-08-08 16:19:10 UTC</createdTime>
<ownerDesignName>BPM_Event_data_model_diagram</ownerDesignName>
<indexState>Foreign Key</indexState>
<indexColumnUsage>
<colUsage columnID="D699CB19-3B0B-C826-6EF1-EF46C71E2D21"/>
</indexColumnUsage>
</ind_PK_UK>
<ind_PK_UK class="oracle.dbtools.crest.model.design.relational.Index" id="C84FA103-DAA1-8055-3FFC-A22DE908DC2E" name="PBQJ_BSL_ID_FK">
<createdBy>50472</createdBy>
<createdTime>2013-08-08 16:19:10 UTC</createdTime>
<ownerDesignName>BPM_Event_data_model_diagram</ownerDesignName>
<indexState>Foreign Key</indexState>
<indexColumnUsage>
<colUsage columnID="C6079BB4-EE68-052F-3308-7B0D478CFB5A"/>
</indexColumnUsage>
</ind_PK_UK>
<ind_PK_UK class="oracle.dbtools.crest.model.design.relational.Index" id="48455656-B38C-CEBF-A004-60F6B71BB9FC" name="PBQJ_START_REASON_ID_FK">
<createdBy>50472</createdBy>
<createdTime>2013-08-08 16:19:10 UTC</createdTime>
<ownerDesignName>BPM_Event_data_model_diagram</ownerDesignName>
<indexState>Foreign Key</indexState>
<indexColumnUsage>
<colUsage columnID="8BA8D0C3-FF5E-E179-6E6C-6AA24F2F82A4"/>
</indexColumnUsage>
</ind_PK_UK>
<ind_PK_UK class="oracle.dbtools.crest.model.design.relational.Index" id="629B6EF5-4A9A-AAB8-1080-688824A7F7AE" name="PBQJ_STOP_REASON_ID_FK">
<createdBy>50472</createdBy>
<createdTime>2013-08-08 16:19:10 UTC</createdTime>
<ownerDesignName>BPM_Event_data_model_diagram</ownerDesignName>
<indexState>Foreign Key</indexState>
<indexColumnUsage>
<colUsage columnID="EC534A15-259C-756C-827C-1EEC7B68EFBA"/>
</indexColumnUsage>
</ind_PK_UK>
</indexes>
</Table>