<?xml version = '1.0' encoding = 'UTF-8'?>
<Table class="oracle.dbtools.crest.model.design.relational.Table" id="54503BC2-5A96-C830-CA04-0DE4C80BEA7A" directorySegmentName="seg_0" name="PROCESS_BPM_QUEUE_JOB_BATCH">
<sourceConnName>nyecdrbk maxdat</sourceConnName>
<sourceObjSchema>MAXDAT</sourceObjSchema>
<sourceObjName>PROCESS_BPM_QUEUE_JOB_BATCH</sourceObjName>
<createdBy>50472</createdBy>
<createdTime>2013-08-08 16:19:06 UTC</createdTime>
<ownerDesignName>BPM_Event_data_model_diagram</ownerDesignName>
<schemaObject>0EBF03F6-AD2B-6345-8998-B45AA35F30F6</schemaObject>
<pkName>PBQJB_PK</pkName>
<fonts>
<FontObject class="oracle.dbtools.crest.model.design.FontObjectWr">
<foType>Title</foType>
<fontStyle>1</fontStyle>
<colorRGB>-16776961</colorRGB>
</FontObject>
<FontObject class="oracle.dbtools.crest.model.design.FontObjectWr">
<foType>Column</foType>
<colorRGB>-16777216</colorRGB>
</FontObject>
<FontObject class="oracle.dbtools.crest.model.design.FontObjectWr">
<foType>Datatype</foType>
<colorRGB>-16744448</colorRGB>
</FontObject>
<FontObject class="oracle.dbtools.crest.model.design.FontObjectWr">
<foType>PK Element</foType>
<colorRGB>-16776961</colorRGB>
</FontObject>
<FontObject class="oracle.dbtools.crest.model.design.FontObjectWr">
<foType>FK Element</foType>
<colorRGB>-16777216</colorRGB>
</FontObject>
<FontObject class="oracle.dbtools.crest.model.design.FontObjectWr">
<foType>UK Element</foType>
<colorRGB>-16776961</colorRGB>
</FontObject>
<FontObject class="oracle.dbtools.crest.model.design.FontObjectWr">
<foType>Not Null</foType>
<colorRGB>-65536</colorRGB>
</FontObject>
<FontObject class="oracle.dbtools.crest.model.design.FontObjectWr">
<foType>Key</foType>
<colorRGB>-16777216</colorRGB>
</FontObject>
</fonts>
<columns>
<Column class="oracle.dbtools.crest.model.design.relational.Column" name="PBQJB_ID" id="EE6FEB9F-846E-D429-55B6-D39753C19734">
<sourceConnName>nyecdrbk maxdat</sourceConnName>
<sourceObjSchema>PROCESS_BPM_QUEUE_JOB_BATCH</sourceObjSchema>
<sourceObjName>PBQJB_ID</sourceObjName>
<createdBy>50472</createdBy>
<createdTime>2013-08-08 16:19:07 UTC</createdTime>
<ownerDesignName>BPM_Event_data_model_diagram</ownerDesignName>
<useDomainConstraints>false</useDomainConstraints>
<use>1</use>
<logicalDatatype>LOGDT019</logicalDatatype>
<dataTypeSize>22</dataTypeSize>
<autoIncrementCycle>false</autoIncrementCycle>
</Column>
<Column class="oracle.dbtools.crest.model.design.relational.Column" name="PBQJ_ID" id="FE1ED7F8-3C88-8DA2-8F8D-41A009212AF9">
<sourceConnName>nyecdrbk maxdat</sourceConnName>
<sourceObjSchema>PROCESS_BPM_QUEUE_JOB_BATCH</sourceObjSchema>
<sourceObjName>PBQJ_ID</sourceObjName>
<createdBy>50472</createdBy>
<createdTime>2013-08-08 16:19:07 UTC</createdTime>
<ownerDesignName>BPM_Event_data_model_diagram</ownerDesignName>
<useDomainConstraints>false</useDomainConstraints>
<use>1</use>
<logicalDatatype>LOGDT019</logicalDatatype>
<dataTypeSize>22</dataTypeSize>
<delegate>1F1B89A7-8041-6125-AAB2-8CD097E397B0</delegate>
<autoIncrementCycle>false</autoIncrementCycle>
<associations>
<colAssociation fkAssociation="9AC62150-727B-39FD-3A22-D1F9EFE0462C" referredColumn="1F1B89A7-8041-6125-AAB2-8CD097E397B0"/>
</associations>
</Column>
<Column class="oracle.dbtools.crest.model.design.relational.Column" name="BATCH_ID" id="663CC1AF-29AD-54E2-905A-947358173477">
<sourceConnName>nyecdrbk maxdat</sourceConnName>
<sourceObjSchema>PROCESS_BPM_QUEUE_JOB_BATCH</sourceObjSchema>
<sourceObjName>BATCH_ID</sourceObjName>
<createdBy>50472</createdBy>
<createdTime>2013-08-08 16:19:07 UTC</createdTime>
<ownerDesignName>BPM_Event_data_model_diagram</ownerDesignName>
<nullsAllowed>true</nullsAllowed>
<useDomainConstraints>false</useDomainConstraints>
<use>1</use>
<logicalDatatype>LOGDT019</logicalDatatype>
<dataTypeSize>22</dataTypeSize>
<autoIncrementCycle>false</autoIncrementCycle>
</Column>
<Column class="oracle.dbtools.crest.model.design.relational.Column" name="PROCESS_BUEQ_ID" id="5992E9A0-DFC5-089A-743C-4807307E0CB6">
<sourceConnName>nyecdrbk maxdat</sourceConnName>
<sourceObjSchema>PROCESS_BPM_QUEUE_JOB_BATCH</sourceObjSchema>
<sourceObjName>PROCESS_BUEQ_ID</sourceObjName>
<createdBy>50472</createdBy>
<createdTime>2013-08-08 16:19:07 UTC</createdTime>
<ownerDesignName>BPM_Event_data_model_diagram</ownerDesignName>
<nullsAllowed>true</nullsAllowed>
<useDomainConstraints>false</useDomainConstraints>
<use>1</use>
<logicalDatatype>LOGDT019</logicalDatatype>
<dataTypeSize>22</dataTypeSize>
<autoIncrementCycle>false</autoIncrementCycle>
</Column>
<Column class="oracle.dbtools.crest.model.design.relational.Column" name="BATCH_START_DATE" id="48E13C84-EB95-FC16-7E28-06EB07C2516D">
<sourceConnName>nyecdrbk maxdat</sourceConnName>
<sourceObjSchema>PROCESS_BPM_QUEUE_JOB_BATCH</sourceObjSchema>
<sourceObjName>BATCH_START_DATE</sourceObjName>
<createdBy>50472</createdBy>
<createdTime>2013-08-08 16:19:07 UTC</createdTime>
<ownerDesignName>BPM_Event_data_model_diagram</ownerDesignName>
<useDomainConstraints>false</useDomainConstraints>
<use>1</use>
<logicalDatatype>LOGDT007</logicalDatatype>
<dataTypeSize>7</dataTypeSize>
<autoIncrementCycle>false</autoIncrementCycle>
</Column>
<Column class="oracle.dbtools.crest.model.design.relational.Column" name="BATCH_END_DATE" id="36255F5F-99F7-874B-5B28-31898B5B9A02">
<sourceConnName>nyecdrbk maxdat</sourceConnName>
<sourceObjSchema>PROCESS_BPM_QUEUE_JOB_BATCH</sourceObjSchema>
<sourceObjName>BATCH_END_DATE</sourceObjName>
<createdBy>50472</createdBy>
<createdTime>2013-08-08 16:19:07 UTC</createdTime>
<ownerDesignName>BPM_Event_data_model_diagram</ownerDesignName>
<nullsAllowed>true</nullsAllowed>
<useDomainConstraints>false</useDomainConstraints>
<use>1</use>
<logicalDatatype>LOGDT007</logicalDatatype>
<dataTypeSize>7</dataTypeSize>
<autoIncrementCycle>false</autoIncrementCycle>
</Column>
<Column class="oracle.dbtools.crest.model.design.relational.Column" name="LOCKING_START_DATE" id="EF1B56EE-1B09-8691-DB39-BCF27BD14AF0">
<sourceConnName>nyecdrbk maxdat</sourceConnName>
<sourceObjSchema>PROCESS_BPM_QUEUE_JOB_BATCH</sourceObjSchema>
<sourceObjName>LOCKING_START_DATE</sourceObjName>
<createdBy>50472</createdBy>
<createdTime>2013-08-08 16:19:07 UTC</createdTime>
<ownerDesignName>BPM_Event_data_model_diagram</ownerDesignName>
<nullsAllowed>true</nullsAllowed>
<useDomainConstraints>false</useDomainConstraints>
<use>1</use>
<logicalDatatype>LOGDT007</logicalDatatype>
<dataTypeSize>7</dataTypeSize>
<autoIncrementCycle>false</autoIncrementCycle>
</Column>
<Column class="oracle.dbtools.crest.model.design.relational.Column" name="LOCKING_END_DATE" id="07BABF68-FBD5-1CE4-5102-01E3C35AF2F0">
<sourceConnName>nyecdrbk maxdat</sourceConnName>
<sourceObjSchema>PROCESS_BPM_QUEUE_JOB_BATCH</sourceObjSchema>
<sourceObjName>LOCKING_END_DATE</sourceObjName>
<createdBy>50472</createdBy>
<createdTime>2013-08-08 16:19:07 UTC</createdTime>
<ownerDesignName>BPM_Event_data_model_diagram</ownerDesignName>
<nullsAllowed>true</nullsAllowed>
<useDomainConstraints>false</useDomainConstraints>
<use>1</use>
<logicalDatatype>LOGDT007</logicalDatatype>
<dataTypeSize>7</dataTypeSize>
<autoIncrementCycle>false</autoIncrementCycle>
</Column>
<Column class="oracle.dbtools.crest.model.design.relational.Column" name="RESERVE_START_DATE" id="3E030AC5-12F2-3FEF-E5C2-27B21BAAA239">
<sourceConnName>nyecdrbk maxdat</sourceConnName>
<sourceObjSchema>PROCESS_BPM_QUEUE_JOB_BATCH</sourceObjSchema>
<sourceObjName>RESERVE_START_DATE</sourceObjName>
<createdBy>50472</createdBy>
<createdTime>2013-08-08 16:19:07 UTC</createdTime>
<ownerDesignName>BPM_Event_data_model_diagram</ownerDesignName>
<nullsAllowed>true</nullsAllowed>
<useDomainConstraints>false</useDomainConstraints>
<use>1</use>
<logicalDatatype>LOGDT007</logicalDatatype>
<dataTypeSize>7</dataTypeSize>
<autoIncrementCycle>false</autoIncrementCycle>
</Column>
<Column class="oracle.dbtools.crest.model.design.relational.Column" name="RESERVE_END_DATE" id="0873CF1A-40FF-73C7-FF3D-A7CF700E9B5B">
<sourceConnName>nyecdrbk maxdat</sourceConnName>
<sourceObjSchema>PROCESS_BPM_QUEUE_JOB_BATCH</sourceObjSchema>
<sourceObjName>RESERVE_END_DATE</sourceObjName>
<createdBy>50472</createdBy>
<createdTime>2013-08-08 16:19:07 UTC</createdTime>
<ownerDesignName>BPM_Event_data_model_diagram</ownerDesignName>
<nullsAllowed>true</nullsAllowed>
<useDomainConstraints>false</useDomainConstraints>
<use>1</use>
<logicalDatatype>LOGDT007</logicalDatatype>
<dataTypeSize>7</dataTypeSize>
<autoIncrementCycle>false</autoIncrementCycle>
</Column>
<Column class="oracle.dbtools.crest.model.design.relational.Column" name="PROC_XML_START_DATE" id="D9676F02-1C4F-9557-2C8F-F341B4FD9111">
<sourceConnName>nyecdrbk maxdat</sourceConnName>
<sourceObjSchema>PROCESS_BPM_QUEUE_JOB_BATCH</sourceObjSchema>
<sourceObjName>PROC_XML_START_DATE</sourceObjName>
<createdBy>50472</createdBy>
<createdTime>2013-08-08 16:19:07 UTC</createdTime>
<ownerDesignName>BPM_Event_data_model_diagram</ownerDesignName>
<nullsAllowed>true</nullsAllowed>
<useDomainConstraints>false</useDomainConstraints>
<use>1</use>
<logicalDatatype>LOGDT007</logicalDatatype>
<dataTypeSize>7</dataTypeSize>
<autoIncrementCycle>false</autoIncrementCycle>
</Column>
<Column class="oracle.dbtools.crest.model.design.relational.Column" name="PROC_XML_END_DATE" id="C93B3654-BA41-5D64-AA8F-8708A1CAB200">
<sourceConnName>nyecdrbk maxdat</sourceConnName>
<sourceObjSchema>PROCESS_BPM_QUEUE_JOB_BATCH</sourceObjSchema>
<sourceObjName>PROC_XML_END_DATE</sourceObjName>
<createdBy>50472</createdBy>
<createdTime>2013-08-08 16:19:07 UTC</createdTime>
<ownerDesignName>BPM_Event_data_model_diagram</ownerDesignName>
<nullsAllowed>true</nullsAllowed>
<useDomainConstraints>false</useDomainConstraints>
<use>1</use>
<logicalDatatype>LOGDT007</logicalDatatype>
<dataTypeSize>7</dataTypeSize>
<autoIncrementCycle>false</autoIncrementCycle>
</Column>
<Column class="oracle.dbtools.crest.model.design.relational.Column" name="NUM_SLEEP_SECONDS" id="F11F870D-12B4-F32F-7A5E-F3D83A643CE3">
<sourceConnName>nyecdrbk maxdat</sourceConnName>
<sourceObjSchema>PROCESS_BPM_QUEUE_JOB_BATCH</sourceObjSchema>
<sourceObjName>NUM_SLEEP_SECONDS</sourceObjName>
<createdBy>50472</createdBy>
<createdTime>2013-08-08 16:19:07 UTC</createdTime>
<ownerDesignName>BPM_Event_data_model_diagram</ownerDesignName>
<useDomainConstraints>false</useDomainConstraints>
<defaultValue>(0)</defaultValue>
<use>1</use>
<logicalDatatype>LOGDT019</logicalDatatype>
<dataTypeSize>22</dataTypeSize>
<autoIncrementCycle>false</autoIncrementCycle>
</Column>
<Column class="oracle.dbtools.crest.model.design.relational.Column" name="NUM_QUEUE_ROWS_IN_BATCH" id="E2E62EE9-7A61-02C1-B779-2BAEF9F7880A">
<sourceConnName>nyecdrbk maxdat</sourceConnName>
<sourceObjSchema>PROCESS_BPM_QUEUE_JOB_BATCH</sourceObjSchema>
<sourceObjName>NUM_QUEUE_ROWS_IN_BATCH</sourceObjName>
<createdBy>50472</createdBy>
<createdTime>2013-08-08 16:19:07 UTC</createdTime>
<ownerDesignName>BPM_Event_data_model_diagram</ownerDesignName>
<useDomainConstraints>false</useDomainConstraints>
<defaultValue>(0)</defaultValue>
<use>1</use>
<logicalDatatype>LOGDT019</logicalDatatype>
<dataTypeSize>22</dataTypeSize>
<autoIncrementCycle>false</autoIncrementCycle>
</Column>
<Column class="oracle.dbtools.crest.model.design.relational.Column" name="NUM_BPM_EVENT_INSERT" id="6975D79E-BCB4-B97F-BAA7-B48F917B64B6">
<sourceConnName>nyecdrbk maxdat</sourceConnName>
<sourceObjSchema>PROCESS_BPM_QUEUE_JOB_BATCH</sourceObjSchema>
<sourceObjName>NUM_BPM_EVENT_INSERT</sourceObjName>
<createdBy>50472</createdBy>
<createdTime>2013-08-08 16:19:07 UTC</createdTime>
<ownerDesignName>BPM_Event_data_model_diagram</ownerDesignName>
<useDomainConstraints>false</useDomainConstraints>
<defaultValue>(0)</defaultValue>
<use>1</use>
<logicalDatatype>LOGDT019</logicalDatatype>
<dataTypeSize>22</dataTypeSize>
<autoIncrementCycle>false</autoIncrementCycle>
</Column>
<Column class="oracle.dbtools.crest.model.design.relational.Column" name="NUM_BPM_EVENT_UPDATE" id="E9AB7E97-B2C2-F129-13FA-72281BD863D5">
<sourceConnName>nyecdrbk maxdat</sourceConnName>
<sourceObjSchema>PROCESS_BPM_QUEUE_JOB_BATCH</sourceObjSchema>
<sourceObjName>NUM_BPM_EVENT_UPDATE</sourceObjName>
<createdBy>50472</createdBy>
<createdTime>2013-08-08 16:19:07 UTC</createdTime>
<ownerDesignName>BPM_Event_data_model_diagram</ownerDesignName>
<useDomainConstraints>false</useDomainConstraints>
<defaultValue>(0)</defaultValue>
<use>1</use>
<logicalDatatype>LOGDT019</logicalDatatype>
<dataTypeSize>22</dataTypeSize>
<autoIncrementCycle>false</autoIncrementCycle>
</Column>
<Column class="oracle.dbtools.crest.model.design.relational.Column" name="NUM_BPM_SEMANTIC_INSERT" id="BCF9A45D-5CA1-FAC1-AA41-7F718DF9C7AF">
<sourceConnName>nyecdrbk maxdat</sourceConnName>
<sourceObjSchema>PROCESS_BPM_QUEUE_JOB_BATCH</sourceObjSchema>
<sourceObjName>NUM_BPM_SEMANTIC_INSERT</sourceObjName>
<createdBy>50472</createdBy>
<createdTime>2013-08-08 16:19:07 UTC</createdTime>
<ownerDesignName>BPM_Event_data_model_diagram</ownerDesignName>
<useDomainConstraints>false</useDomainConstraints>
<defaultValue>(0)</defaultValue>
<use>1</use>
<logicalDatatype>LOGDT019</logicalDatatype>
<dataTypeSize>22</dataTypeSize>
<autoIncrementCycle>false</autoIncrementCycle>
</Column>
<Column class="oracle.dbtools.crest.model.design.relational.Column" name="NUM_BPM_SEMANTIC_UPDATE" id="44A38C01-8E58-5B43-743D-CA59DB144985">
<sourceConnName>nyecdrbk maxdat</sourceConnName>
<sourceObjSchema>PROCESS_BPM_QUEUE_JOB_BATCH</sourceObjSchema>
<sourceObjName>NUM_BPM_SEMANTIC_UPDATE</sourceObjName>
<createdBy>50472</createdBy>
<createdTime>2013-08-08 16:19:07 UTC</createdTime>
<ownerDesignName>BPM_Event_data_model_diagram</ownerDesignName>
<useDomainConstraints>false</useDomainConstraints>
<defaultValue>(0)</defaultValue>
<use>1</use>
<logicalDatatype>LOGDT019</logicalDatatype>
<dataTypeSize>22</dataTypeSize>
<autoIncrementCycle>false</autoIncrementCycle>
</Column>
<Column class="oracle.dbtools.crest.model.design.relational.Column" name="STATUS_DATE" id="EAA54284-AD35-8E43-8E3B-14F4DEE6A0BD">
<sourceConnName>nyecdrbk maxdat</sourceConnName>
<sourceObjSchema>PROCESS_BPM_QUEUE_JOB_BATCH</sourceObjSchema>
<sourceObjName>STATUS_DATE</sourceObjName>
<createdBy>50472</createdBy>
<createdTime>2013-08-08 16:19:07 UTC</createdTime>
<ownerDesignName>BPM_Event_data_model_diagram</ownerDesignName>
<useDomainConstraints>false</useDomainConstraints>
<use>1</use>
<logicalDatatype>LOGDT007</logicalDatatype>
<dataTypeSize>7</dataTypeSize>
<autoIncrementCycle>false</autoIncrementCycle>
</Column>
</columns>
<indexes>
<ind_PK_UK class="oracle.dbtools.crest.model.design.relational.Index" id="BD393CE5-F227-C5DE-0511-49E5BD7F609B" name="PBQJB_PK">
<sourceConnName>nyecdrbk maxdat</sourceConnName>
<sourceObjSchema>MAXDAT</sourceObjSchema>
<sourceObjName>PBQJB_PK</sourceObjName>
<createdBy>50472</createdBy>
<createdTime>2013-08-08 16:19:09 UTC</createdTime>
<ownerDesignName>BPM_Event_data_model_diagram</ownerDesignName>
<pk>true</pk>
<indexState>Primary Constraint</indexState>
<indexColumnUsage>
<colUsage columnID="EE6FEB9F-846E-D429-55B6-D39753C19734"/>
</indexColumnUsage>
</ind_PK_UK>
<ind_PK_UK class="oracle.dbtools.crest.model.design.relational.Index" id="DB19DD8F-F26F-CAB0-058F-64ED6221FD48" name="PBQJB_PK">
<sourceConnName>nyecdrbk maxdat</sourceConnName>
<sourceObjSchema>MAXDAT</sourceObjSchema>
<sourceObjName>PBQJB_PK</sourceObjName>
<createdBy>50472</createdBy>
<createdTime>2013-08-08 16:19:08 UTC</createdTime>
<ownerDesignName>BPM_Event_data_model_diagram</ownerDesignName>
<schemaObject>0EBF03F6-AD2B-6345-8998-B45AA35F30F6</schemaObject>
<indexState>Unique Plain Index</indexState>
<indexColumnUsage>
<colUsage columnID="EE6FEB9F-846E-D429-55B6-D39753C19734"/>
</indexColumnUsage>
</ind_PK_UK>
<ind_PK_UK class="oracle.dbtools.crest.model.design.relational.Index" id="CE42D33E-0478-B017-D837-E8AE5FFDB516" name="PBQJB_LX1">
<sourceConnName>nyecdrbk maxdat</sourceConnName>
<sourceObjSchema>MAXDAT</sourceObjSchema>
<sourceObjName>PBQJB_LX1</sourceObjName>
<createdBy>50472</createdBy>
<createdTime>2013-08-08 16:19:08 UTC</createdTime>
<ownerDesignName>BPM_Event_data_model_diagram</ownerDesignName>
<schemaObject>0EBF03F6-AD2B-6345-8998-B45AA35F30F6</schemaObject>
<indexColumnUsage>
<colUsage columnID="FE1ED7F8-3C88-8DA2-8F8D-41A009212AF9"/>
</indexColumnUsage>
</ind_PK_UK>
<ind_PK_UK class="oracle.dbtools.crest.model.design.relational.Index" id="DCBE8503-446B-0579-916E-66E981CDC82D" name="PBQJB_LX2">
<sourceConnName>nyecdrbk maxdat</sourceConnName>
<sourceObjSchema>MAXDAT</sourceObjSchema>
<sourceObjName>PBQJB_LX2</sourceObjName>
<createdBy>50472</createdBy>
<createdTime>2013-08-08 16:19:08 UTC</createdTime>
<ownerDesignName>BPM_Event_data_model_diagram</ownerDesignName>
<schemaObject>0EBF03F6-AD2B-6345-8998-B45AA35F30F6</schemaObject>
<indexColumnUsage>
<colUsage columnID="48E13C84-EB95-FC16-7E28-06EB07C2516D"/>
</indexColumnUsage>
</ind_PK_UK>
<ind_PK_UK class="oracle.dbtools.crest.model.design.relational.Index" id="6C0F2326-9D60-46E5-5D52-4997CC858754" name="PBQJB_PBQJ_ID_FK">
<createdBy>50472</createdBy>
<createdTime>2013-08-08 21:48:44 UTC</createdTime>
<ownerDesignName>BPM_Event_data_model_diagram</ownerDesignName>
<indexState>Foreign Key</indexState>
<indexColumnUsage>
<colUsage columnID="FE1ED7F8-3C88-8DA2-8F8D-41A009212AF9"/>
</indexColumnUsage>
</ind_PK_UK>
</indexes>
</Table>