<?xml version = '1.0' encoding = 'UTF-8'?>
<Table class="oracle.dbtools.crest.model.design.relational.Table" id="5FB09B04-8355-8A86-E54B-F5AD7F6C3C0A" directorySegmentName="seg_0" name="BPM_ACTIVITY_EVENT_TYPE_LKUP">
<sourceConnName>nyecdrbk maxdat</sourceConnName>
<sourceObjSchema>MAXDAT</sourceObjSchema>
<sourceObjName>BPM_ACTIVITY_EVENT_TYPE_LKUP</sourceObjName>
<createdBy>50472</createdBy>
<createdTime>2013-08-08 16:19:06 UTC</createdTime>
<ownerDesignName>BPM_Event_data_model_diagram</ownerDesignName>
<schemaObject>0EBF03F6-AD2B-6345-8998-B45AA35F30F6</schemaObject>
<pkName>BPM_ACT_EVENT_TYPE_LKUP_PK</pkName>
<fonts>
<FontObject class="oracle.dbtools.crest.model.design.FontObjectWr">
<foType>Title</foType>
<fontStyle>1</fontStyle>
<colorRGB>-16776961</colorRGB>
</FontObject>
<FontObject class="oracle.dbtools.crest.model.design.FontObjectWr">
<foType>Column</foType>
<colorRGB>-16777216</colorRGB>
</FontObject>
<FontObject class="oracle.dbtools.crest.model.design.FontObjectWr">
<foType>Datatype</foType>
<colorRGB>-16744448</colorRGB>
</FontObject>
<FontObject class="oracle.dbtools.crest.model.design.FontObjectWr">
<foType>PK Element</foType>
<colorRGB>-16776961</colorRGB>
</FontObject>
<FontObject class="oracle.dbtools.crest.model.design.FontObjectWr">
<foType>FK Element</foType>
<colorRGB>-16777216</colorRGB>
</FontObject>
<FontObject class="oracle.dbtools.crest.model.design.FontObjectWr">
<foType>UK Element</foType>
<colorRGB>-16776961</colorRGB>
</FontObject>
<FontObject class="oracle.dbtools.crest.model.design.FontObjectWr">
<foType>Not Null</foType>
<colorRGB>-65536</colorRGB>
</FontObject>
<FontObject class="oracle.dbtools.crest.model.design.FontObjectWr">
<foType>Key</foType>
<colorRGB>-16777216</colorRGB>
</FontObject>
</fonts>
<columns>
<Column class="oracle.dbtools.crest.model.design.relational.Column" name="BACETL_ID" id="1200B89C-9C17-F628-C23E-2EAD6298E36D">
<sourceConnName>nyecdrbk maxdat</sourceConnName>
<sourceObjSchema>BPM_ACTIVITY_EVENT_TYPE_LKUP</sourceObjSchema>
<sourceObjName>BACETL_ID</sourceObjName>
<createdBy>50472</createdBy>
<createdTime>2013-08-08 16:19:07 UTC</createdTime>
<ownerDesignName>BPM_Event_data_model_diagram</ownerDesignName>
<useDomainConstraints>false</useDomainConstraints>
<use>1</use>
<logicalDatatype>LOGDT019</logicalDatatype>
<dataTypeSize>22</dataTypeSize>
<autoIncrementCycle>false</autoIncrementCycle>
</Column>
<Column class="oracle.dbtools.crest.model.design.relational.Column" name="EVENT_TYPE_NAME" id="ED6AA0A3-F2BB-963B-A454-6EC302F25F95">
<sourceConnName>nyecdrbk maxdat</sourceConnName>
<sourceObjSchema>BPM_ACTIVITY_EVENT_TYPE_LKUP</sourceObjSchema>
<sourceObjName>EVENT_TYPE_NAME</sourceObjName>
<createdBy>50472</createdBy>
<createdTime>2013-08-08 16:19:07 UTC</createdTime>
<ownerDesignName>BPM_Event_data_model_diagram</ownerDesignName>
<useDomainConstraints>false</useDomainConstraints>
<use>1</use>
<logicalDatatype>LOGDT024</logicalDatatype>
<dataTypeSize>20 BYTE</dataTypeSize>
<autoIncrementCycle>false</autoIncrementCycle>
</Column>
<Column class="oracle.dbtools.crest.model.design.relational.Column" name="EVENT_TYPE_ORDER" id="2F141E36-2BF9-2510-84A1-AAFB5E2DD8F1">
<sourceConnName>nyecdrbk maxdat</sourceConnName>
<sourceObjSchema>BPM_ACTIVITY_EVENT_TYPE_LKUP</sourceObjSchema>
<sourceObjName>EVENT_TYPE_ORDER</sourceObjName>
<createdBy>50472</createdBy>
<createdTime>2013-08-08 16:19:07 UTC</createdTime>
<ownerDesignName>BPM_Event_data_model_diagram</ownerDesignName>
<useDomainConstraints>false</useDomainConstraints>
<use>1</use>
<logicalDatatype>LOGDT019</logicalDatatype>
<dataTypeSize>22</dataTypeSize>
<autoIncrementCycle>false</autoIncrementCycle>
</Column>
</columns>
<indexes>
<ind_PK_UK class="oracle.dbtools.crest.model.design.relational.Index" id="7E80142C-6752-A0E9-B1A3-0EF9EF202C63" name="BPM_ACT_EVENT_TYPE_LKUP_PK">
<sourceConnName>nyecdrbk maxdat</sourceConnName>
<sourceObjSchema>MAXDAT</sourceObjSchema>
<sourceObjName>BPM_ACT_EVENT_TYPE_LKUP_PK</sourceObjName>
<createdBy>50472</createdBy>
<createdTime>2013-08-08 16:19:09 UTC</createdTime>
<ownerDesignName>BPM_Event_data_model_diagram</ownerDesignName>
<pk>true</pk>
<indexState>Primary Constraint</indexState>
<indexColumnUsage>
<colUsage columnID="1200B89C-9C17-F628-C23E-2EAD6298E36D"/>
</indexColumnUsage>
</ind_PK_UK>
<ind_PK_UK class="oracle.dbtools.crest.model.design.relational.Index" id="D8A7A081-11E4-417C-B87A-D3CF66846197" name="BAETL_UNK">
<sourceConnName>nyecdrbk maxdat</sourceConnName>
<sourceObjSchema>MAXDAT</sourceObjSchema>
<sourceObjName>BAETL_UNK</sourceObjName>
<createdBy>50472</createdBy>
<createdTime>2013-08-08 16:19:09 UTC</createdTime>
<ownerDesignName>BPM_Event_data_model_diagram</ownerDesignName>
<indexState>Unique Constraint</indexState>
<indexColumnUsage>
<colUsage columnID="ED6AA0A3-F2BB-963B-A454-6EC302F25F95"/>
</indexColumnUsage>
</ind_PK_UK>
<ind_PK_UK class="oracle.dbtools.crest.model.design.relational.Index" id="000AE6CE-A32C-8931-F2E4-1844C1A02E4C" name="BPM_ACT_EVENT_TYPE_LKUP_PK">
<sourceConnName>nyecdrbk maxdat</sourceConnName>
<sourceObjSchema>MAXDAT</sourceObjSchema>
<sourceObjName>BPM_ACT_EVENT_TYPE_LKUP_PK</sourceObjName>
<createdBy>50472</createdBy>
<createdTime>2013-08-08 16:19:08 UTC</createdTime>
<ownerDesignName>BPM_Event_data_model_diagram</ownerDesignName>
<schemaObject>0EBF03F6-AD2B-6345-8998-B45AA35F30F6</schemaObject>
<indexState>Unique Plain Index</indexState>
<indexColumnUsage>
<colUsage columnID="1200B89C-9C17-F628-C23E-2EAD6298E36D"/>
</indexColumnUsage>
</ind_PK_UK>
<ind_PK_UK class="oracle.dbtools.crest.model.design.relational.Index" id="2B8BECB0-2959-3416-36B2-6E9E6031229B" name="BAETL_UNK">
<sourceConnName>nyecdrbk maxdat</sourceConnName>
<sourceObjSchema>MAXDAT</sourceObjSchema>
<sourceObjName>BAETL_UNK</sourceObjName>
<createdBy>50472</createdBy>
<createdTime>2013-08-08 16:19:08 UTC</createdTime>
<ownerDesignName>BPM_Event_data_model_diagram</ownerDesignName>
<schemaObject>0EBF03F6-AD2B-6345-8998-B45AA35F30F6</schemaObject>
<indexState>Unique Plain Index</indexState>
<indexColumnUsage>
<colUsage columnID="ED6AA0A3-F2BB-963B-A454-6EC302F25F95"/>
</indexColumnUsage>
</ind_PK_UK>
</indexes>
</Table>