<?xml version = '1.0' encoding = 'UTF-8'?>
<Table class="oracle.dbtools.crest.model.design.relational.Table" id="8E071099-307C-A79A-901E-4332B33DA2C8" directorySegmentName="seg_0" name="BPM_ACTIVITY_ATTRIBUTE">
<sourceConnName>nyecdrbk maxdat</sourceConnName>
<sourceObjSchema>MAXDAT</sourceObjSchema>
<sourceObjName>BPM_ACTIVITY_ATTRIBUTE</sourceObjName>
<createdBy>50472</createdBy>
<createdTime>2013-08-08 16:19:06 UTC</createdTime>
<ownerDesignName>BPM_Event_data_model_diagram</ownerDesignName>
<schemaObject>0EBF03F6-AD2B-6345-8998-B45AA35F30F6</schemaObject>
<pkName>BPM_ACTIVITY_ATTRIBUTE_PK</pkName>
<fonts>
<FontObject class="oracle.dbtools.crest.model.design.FontObjectWr">
<foType>Title</foType>
<fontStyle>1</fontStyle>
<colorRGB>-16776961</colorRGB>
</FontObject>
<FontObject class="oracle.dbtools.crest.model.design.FontObjectWr">
<foType>Column</foType>
<colorRGB>-16777216</colorRGB>
</FontObject>
<FontObject class="oracle.dbtools.crest.model.design.FontObjectWr">
<foType>Datatype</foType>
<colorRGB>-16744448</colorRGB>
</FontObject>
<FontObject class="oracle.dbtools.crest.model.design.FontObjectWr">
<foType>PK Element</foType>
<colorRGB>-16776961</colorRGB>
</FontObject>
<FontObject class="oracle.dbtools.crest.model.design.FontObjectWr">
<foType>FK Element</foType>
<colorRGB>-16777216</colorRGB>
</FontObject>
<FontObject class="oracle.dbtools.crest.model.design.FontObjectWr">
<foType>UK Element</foType>
<colorRGB>-16776961</colorRGB>
</FontObject>
<FontObject class="oracle.dbtools.crest.model.design.FontObjectWr">
<foType>Not Null</foType>
<colorRGB>-65536</colorRGB>
</FontObject>
<FontObject class="oracle.dbtools.crest.model.design.FontObjectWr">
<foType>Key</foType>
<colorRGB>-16777216</colorRGB>
</FontObject>
</fonts>
<columns>
<Column class="oracle.dbtools.crest.model.design.relational.Column" name="BACA_ID" id="6F854F3E-4E5F-F1B7-91BC-24EB7AB8187B">
<sourceConnName>nyecdrbk maxdat</sourceConnName>
<sourceObjSchema>BPM_ACTIVITY_ATTRIBUTE</sourceObjSchema>
<sourceObjName>BACA_ID</sourceObjName>
<createdBy>50472</createdBy>
<createdTime>2013-08-08 16:19:06 UTC</createdTime>
<ownerDesignName>BPM_Event_data_model_diagram</ownerDesignName>
<useDomainConstraints>false</useDomainConstraints>
<use>1</use>
<logicalDatatype>LOGDT019</logicalDatatype>
<dataTypeSize>22</dataTypeSize>
<autoIncrementCycle>false</autoIncrementCycle>
</Column>
<Column class="oracle.dbtools.crest.model.design.relational.Column" name="BEM_ID" id="FCAA0AD7-25F5-386D-183C-E469B91F56C3">
<sourceConnName>nyecdrbk maxdat</sourceConnName>
<sourceObjSchema>BPM_ACTIVITY_ATTRIBUTE</sourceObjSchema>
<sourceObjName>BEM_ID</sourceObjName>
<createdBy>50472</createdBy>
<createdTime>2013-08-08 16:19:07 UTC</createdTime>
<ownerDesignName>BPM_Event_data_model_diagram</ownerDesignName>
<useDomainConstraints>false</useDomainConstraints>
<use>1</use>
<logicalDatatype>LOGDT019</logicalDatatype>
<dataTypeSize>22</dataTypeSize>
<delegate>ECB1D75B-BE72-E8F3-124C-29003D0E3364</delegate>
<autoIncrementCycle>false</autoIncrementCycle>
<associations>
<colAssociation fkAssociation="48E1BC20-E72B-80DF-0669-8937CDEDA498" referredColumn="ECB1D75B-BE72-E8F3-124C-29003D0E3364"/>
</associations>
</Column>
<Column class="oracle.dbtools.crest.model.design.relational.Column" name="BACL_ID" id="72409C5F-F24A-CB0F-BA4B-51524B293E8A">
<sourceConnName>nyecdrbk maxdat</sourceConnName>
<sourceObjSchema>BPM_ACTIVITY_ATTRIBUTE</sourceObjSchema>
<sourceObjName>BACL_ID</sourceObjName>
<createdBy>50472</createdBy>
<createdTime>2013-08-08 16:19:07 UTC</createdTime>
<ownerDesignName>BPM_Event_data_model_diagram</ownerDesignName>
<useDomainConstraints>false</useDomainConstraints>
<use>1</use>
<logicalDatatype>LOGDT019</logicalDatatype>
<dataTypeSize>22</dataTypeSize>
<delegate>4C4D50A0-7852-3BCF-2D3C-E0E8616A6185</delegate>
<autoIncrementCycle>false</autoIncrementCycle>
<associations>
<colAssociation fkAssociation="8593582B-4C69-C218-B998-F14488CFDDC8" referredColumn="4C4D50A0-7852-3BCF-2D3C-E0E8616A6185"/>
</associations>
</Column>
<Column class="oracle.dbtools.crest.model.design.relational.Column" name="ACTIVITY_FLAG_NAME" id="A400B308-2D7C-B496-6C07-86C41A78E1A8">
<sourceConnName>nyecdrbk maxdat</sourceConnName>
<sourceObjSchema>BPM_ACTIVITY_ATTRIBUTE</sourceObjSchema>
<sourceObjName>ACTIVITY_FLAG_NAME</sourceObjName>
<createdBy>50472</createdBy>
<createdTime>2013-08-08 16:19:07 UTC</createdTime>
<ownerDesignName>BPM_Event_data_model_diagram</ownerDesignName>
<nullsAllowed>true</nullsAllowed>
<useDomainConstraints>false</useDomainConstraints>
<use>1</use>
<logicalDatatype>LOGDT024</logicalDatatype>
<dataTypeSize>30 BYTE</dataTypeSize>
<autoIncrementCycle>false</autoIncrementCycle>
</Column>
<Column class="oracle.dbtools.crest.model.design.relational.Column" name="VALUE_ON_COMPLETE" id="E02C1F78-1CD9-0E83-28FF-C2D8B84D401B">
<sourceConnName>nyecdrbk maxdat</sourceConnName>
<sourceObjSchema>BPM_ACTIVITY_ATTRIBUTE</sourceObjSchema>
<sourceObjName>VALUE_ON_COMPLETE</sourceObjName>
<createdBy>50472</createdBy>
<createdTime>2013-08-08 16:19:07 UTC</createdTime>
<ownerDesignName>BPM_Event_data_model_diagram</ownerDesignName>
<useDomainConstraints>false</useDomainConstraints>
<use>1</use>
<logicalDatatype>LOGDT024</logicalDatatype>
<dataTypeSize>30 BYTE</dataTypeSize>
<autoIncrementCycle>false</autoIncrementCycle>
</Column>
<Column class="oracle.dbtools.crest.model.design.relational.Column" name="FLOW_ORDER" id="93AE50F0-B48D-3905-C91A-032ADC91722D">
<sourceConnName>nyecdrbk maxdat</sourceConnName>
<sourceObjSchema>BPM_ACTIVITY_ATTRIBUTE</sourceObjSchema>
<sourceObjName>FLOW_ORDER</sourceObjName>
<createdBy>50472</createdBy>
<createdTime>2013-08-08 16:19:07 UTC</createdTime>
<ownerDesignName>BPM_Event_data_model_diagram</ownerDesignName>
<useDomainConstraints>false</useDomainConstraints>
<use>1</use>
<logicalDatatype>LOGDT019</logicalDatatype>
<dataTypeSize>22</dataTypeSize>
<autoIncrementCycle>false</autoIncrementCycle>
</Column>
</columns>
<indexes>
<ind_PK_UK class="oracle.dbtools.crest.model.design.relational.Index" id="054621B5-D7A4-2312-3F81-5B2DEBC74D94" name="BPM_ACTIVITY_ATTRIBUTE_PK">
<sourceConnName>nyecdrbk maxdat</sourceConnName>
<sourceObjSchema>MAXDAT</sourceObjSchema>
<sourceObjName>BPM_ACTIVITY_ATTRIBUTE_PK</sourceObjName>
<createdBy>50472</createdBy>
<createdTime>2013-08-08 16:19:09 UTC</createdTime>
<ownerDesignName>BPM_Event_data_model_diagram</ownerDesignName>
<pk>true</pk>
<indexState>Primary Constraint</indexState>
<indexColumnUsage>
<colUsage columnID="6F854F3E-4E5F-F1B7-91BC-24EB7AB8187B"/>
</indexColumnUsage>
</ind_PK_UK>
<ind_PK_UK class="oracle.dbtools.crest.model.design.relational.Index" id="399CD0BF-7DBC-FB45-5D97-5544EB4FB54A" name="BACA_UNK">
<sourceConnName>nyecdrbk maxdat</sourceConnName>
<sourceObjSchema>MAXDAT</sourceObjSchema>
<sourceObjName>BACA_UNK</sourceObjName>
<createdBy>50472</createdBy>
<createdTime>2013-08-08 16:19:09 UTC</createdTime>
<ownerDesignName>BPM_Event_data_model_diagram</ownerDesignName>
<indexState>Unique Constraint</indexState>
<indexColumnUsage>
<colUsage columnID="FCAA0AD7-25F5-386D-183C-E469B91F56C3"/>
<colUsage columnID="72409C5F-F24A-CB0F-BA4B-51524B293E8A"/>
</indexColumnUsage>
</ind_PK_UK>
<ind_PK_UK class="oracle.dbtools.crest.model.design.relational.Index" id="0EDB452B-F32A-56F1-1095-63433B95AD8F" name="BPM_ACTIVITY_ATTRIBUTE_PK">
<sourceConnName>nyecdrbk maxdat</sourceConnName>
<sourceObjSchema>MAXDAT</sourceObjSchema>
<sourceObjName>BPM_ACTIVITY_ATTRIBUTE_PK</sourceObjName>
<createdBy>50472</createdBy>
<createdTime>2013-08-08 16:19:08 UTC</createdTime>
<ownerDesignName>BPM_Event_data_model_diagram</ownerDesignName>
<schemaObject>0EBF03F6-AD2B-6345-8998-B45AA35F30F6</schemaObject>
<indexState>Unique Plain Index</indexState>
<indexColumnUsage>
<colUsage columnID="6F854F3E-4E5F-F1B7-91BC-24EB7AB8187B"/>
</indexColumnUsage>
</ind_PK_UK>
<ind_PK_UK class="oracle.dbtools.crest.model.design.relational.Index" id="15379403-6DF2-5B5F-A3BC-2EB854FE06A7" name="BACA_UNK">
<sourceConnName>nyecdrbk maxdat</sourceConnName>
<sourceObjSchema>MAXDAT</sourceObjSchema>
<sourceObjName>BACA_UNK</sourceObjName>
<createdBy>50472</createdBy>
<createdTime>2013-08-08 16:19:08 UTC</createdTime>
<ownerDesignName>BPM_Event_data_model_diagram</ownerDesignName>
<schemaObject>0EBF03F6-AD2B-6345-8998-B45AA35F30F6</schemaObject>
<indexState>Unique Plain Index</indexState>
<indexColumnUsage>
<colUsage columnID="FCAA0AD7-25F5-386D-183C-E469B91F56C3"/>
<colUsage columnID="72409C5F-F24A-CB0F-BA4B-51524B293E8A"/>
</indexColumnUsage>
</ind_PK_UK>
<ind_PK_UK class="oracle.dbtools.crest.model.design.relational.Index" id="EB40A8B3-2898-1087-2D16-73CD5D090E48" name="BAA_BEM_FK">
<createdBy>50472</createdBy>
<createdTime>2013-08-08 16:19:10 UTC</createdTime>
<ownerDesignName>BPM_Event_data_model_diagram</ownerDesignName>
<indexState>Foreign Key</indexState>
<indexColumnUsage>
<colUsage columnID="FCAA0AD7-25F5-386D-183C-E469B91F56C3"/>
</indexColumnUsage>
</ind_PK_UK>
<ind_PK_UK class="oracle.dbtools.crest.model.design.relational.Index" id="B8EB5BB9-2154-5597-6803-1C39D3A22856" name="BACA_BACL_FK">
<createdBy>50472</createdBy>
<createdTime>2013-08-08 16:19:10 UTC</createdTime>
<ownerDesignName>BPM_Event_data_model_diagram</ownerDesignName>
<indexState>Foreign Key</indexState>
<indexColumnUsage>
<colUsage columnID="72409C5F-F24A-CB0F-BA4B-51524B293E8A"/>
</indexColumnUsage>
</ind_PK_UK>
</indexes>
</Table>