<?xml version = '1.0' encoding = 'UTF-8'?>
<Table class="oracle.dbtools.crest.model.design.relational.Table" id="A17346F9-5F29-D46F-DF96-405E82C2F2C5" directorySegmentName="seg_0" name="BPM_UPDATE_EVENT_QUEUE">
<sourceConnName>nyecdrbk maxdat</sourceConnName>
<sourceObjSchema>MAXDAT</sourceObjSchema>
<sourceObjName>BPM_UPDATE_EVENT_QUEUE</sourceObjName>
<createdBy>50472</createdBy>
<createdTime>2013-08-08 16:19:06 UTC</createdTime>
<ownerDesignName>BPM_Event_data_model_diagram</ownerDesignName>
<schemaObject>0EBF03F6-AD2B-6345-8998-B45AA35F30F6</schemaObject>
<pkName>BUEQ_PK</pkName>
<fonts>
<FontObject class="oracle.dbtools.crest.model.design.FontObjectWr">
<foType>Title</foType>
<fontStyle>1</fontStyle>
<colorRGB>-16776961</colorRGB>
</FontObject>
<FontObject class="oracle.dbtools.crest.model.design.FontObjectWr">
<foType>Column</foType>
<colorRGB>-16777216</colorRGB>
</FontObject>
<FontObject class="oracle.dbtools.crest.model.design.FontObjectWr">
<foType>Datatype</foType>
<colorRGB>-16744448</colorRGB>
</FontObject>
<FontObject class="oracle.dbtools.crest.model.design.FontObjectWr">
<foType>PK Element</foType>
<colorRGB>-16776961</colorRGB>
</FontObject>
<FontObject class="oracle.dbtools.crest.model.design.FontObjectWr">
<foType>FK Element</foType>
<colorRGB>-16777216</colorRGB>
</FontObject>
<FontObject class="oracle.dbtools.crest.model.design.FontObjectWr">
<foType>UK Element</foType>
<colorRGB>-16776961</colorRGB>
</FontObject>
<FontObject class="oracle.dbtools.crest.model.design.FontObjectWr">
<foType>Not Null</foType>
<colorRGB>-65536</colorRGB>
</FontObject>
<FontObject class="oracle.dbtools.crest.model.design.FontObjectWr">
<foType>Key</foType>
<colorRGB>-16777216</colorRGB>
</FontObject>
</fonts>
<columns>
<Column class="oracle.dbtools.crest.model.design.relational.Column" name="BUEQ_ID" id="E17BC99E-7251-E74F-9976-E6296A03B08F">
<sourceConnName>nyecdrbk maxdat</sourceConnName>
<sourceObjSchema>BPM_UPDATE_EVENT_QUEUE</sourceObjSchema>
<sourceObjName>BUEQ_ID</sourceObjName>
<createdBy>50472</createdBy>
<createdTime>2013-08-08 16:19:07 UTC</createdTime>
<ownerDesignName>BPM_Event_data_model_diagram</ownerDesignName>
<useDomainConstraints>false</useDomainConstraints>
<use>1</use>
<logicalDatatype>LOGDT019</logicalDatatype>
<dataTypeSize>22</dataTypeSize>
<autoIncrementCycle>false</autoIncrementCycle>
</Column>
<Column class="oracle.dbtools.crest.model.design.relational.Column" name="BSL_ID" id="154F7450-D350-2276-8F47-9F754507CEBA">
<sourceConnName>nyecdrbk maxdat</sourceConnName>
<sourceObjSchema>BPM_UPDATE_EVENT_QUEUE</sourceObjSchema>
<sourceObjName>BSL_ID</sourceObjName>
<createdBy>50472</createdBy>
<createdTime>2013-08-08 16:19:07 UTC</createdTime>
<ownerDesignName>BPM_Event_data_model_diagram</ownerDesignName>
<useDomainConstraints>false</useDomainConstraints>
<use>1</use>
<logicalDatatype>LOGDT019</logicalDatatype>
<dataTypeSize>22</dataTypeSize>
<delegate>4295EAB4-D48C-480D-B147-6852DFAA2E59</delegate>
<autoIncrementCycle>false</autoIncrementCycle>
<associations>
<colAssociation fkAssociation="3060A46C-990B-FC59-BC46-B4875A318B1A" referredColumn="4295EAB4-D48C-480D-B147-6852DFAA2E59"/>
</associations>
</Column>
<Column class="oracle.dbtools.crest.model.design.relational.Column" name="BIL_ID" id="2FCB9359-724C-4C34-7F08-484CD4D7B751">
<sourceConnName>nyecdrbk maxdat</sourceConnName>
<sourceObjSchema>BPM_UPDATE_EVENT_QUEUE</sourceObjSchema>
<sourceObjName>BIL_ID</sourceObjName>
<createdBy>50472</createdBy>
<createdTime>2013-08-08 16:19:07 UTC</createdTime>
<ownerDesignName>BPM_Event_data_model_diagram</ownerDesignName>
<useDomainConstraints>false</useDomainConstraints>
<use>1</use>
<logicalDatatype>LOGDT019</logicalDatatype>
<dataTypeSize>22</dataTypeSize>
<delegate>5754A05C-E54B-31D2-8BF0-A19645F3F66F</delegate>
<autoIncrementCycle>false</autoIncrementCycle>
<associations>
<colAssociation fkAssociation="6B6D80B3-BA13-1EF5-4606-87B212A718B2" referredColumn="5754A05C-E54B-31D2-8BF0-A19645F3F66F"/>
</associations>
</Column>
<Column class="oracle.dbtools.crest.model.design.relational.Column" name="IDENTIFIER" id="010026EE-DE78-C701-C969-4A32963219B3">
<sourceConnName>nyecdrbk maxdat</sourceConnName>
<sourceObjSchema>BPM_UPDATE_EVENT_QUEUE</sourceObjSchema>
<sourceObjName>IDENTIFIER</sourceObjName>
<createdBy>50472</createdBy>
<createdTime>2013-08-08 16:19:07 UTC</createdTime>
<ownerDesignName>BPM_Event_data_model_diagram</ownerDesignName>
<useDomainConstraints>false</useDomainConstraints>
<use>1</use>
<logicalDatatype>LOGDT024</logicalDatatype>
<dataTypeSize>35 BYTE</dataTypeSize>
<autoIncrementCycle>false</autoIncrementCycle>
</Column>
<Column class="oracle.dbtools.crest.model.design.relational.Column" name="EVENT_DATE" id="7ECE033C-6AC9-4EA4-9CA7-21B510F80E55">
<sourceConnName>nyecdrbk maxdat</sourceConnName>
<sourceObjSchema>BPM_UPDATE_EVENT_QUEUE</sourceObjSchema>
<sourceObjName>EVENT_DATE</sourceObjName>
<createdBy>50472</createdBy>
<createdTime>2013-08-08 16:19:07 UTC</createdTime>
<ownerDesignName>BPM_Event_data_model_diagram</ownerDesignName>
<useDomainConstraints>false</useDomainConstraints>
<use>1</use>
<logicalDatatype>LOGDT007</logicalDatatype>
<dataTypeSize>7</dataTypeSize>
<autoIncrementCycle>false</autoIncrementCycle>
</Column>
<Column class="oracle.dbtools.crest.model.design.relational.Column" name="QUEUE_DATE" id="534E3978-FC37-FE0C-9161-00B73043D5D6">
<sourceConnName>nyecdrbk maxdat</sourceConnName>
<sourceObjSchema>BPM_UPDATE_EVENT_QUEUE</sourceObjSchema>
<sourceObjName>QUEUE_DATE</sourceObjName>
<createdBy>50472</createdBy>
<createdTime>2013-08-08 16:19:07 UTC</createdTime>
<ownerDesignName>BPM_Event_data_model_diagram</ownerDesignName>
<useDomainConstraints>false</useDomainConstraints>
<use>1</use>
<logicalDatatype>LOGDT007</logicalDatatype>
<dataTypeSize>7</dataTypeSize>
<autoIncrementCycle>false</autoIncrementCycle>
</Column>
<Column class="oracle.dbtools.crest.model.design.relational.Column" name="PROCESS_BUEQ_ID" id="503FAABB-654B-01D0-0D25-5001E1D4E3A6">
<sourceConnName>nyecdrbk maxdat</sourceConnName>
<sourceObjSchema>BPM_UPDATE_EVENT_QUEUE</sourceObjSchema>
<sourceObjName>PROCESS_BUEQ_ID</sourceObjName>
<createdBy>50472</createdBy>
<createdTime>2013-08-08 16:19:07 UTC</createdTime>
<ownerDesignName>BPM_Event_data_model_diagram</ownerDesignName>
<nullsAllowed>true</nullsAllowed>
<useDomainConstraints>false</useDomainConstraints>
<use>1</use>
<logicalDatatype>LOGDT019</logicalDatatype>
<dataTypeSize>22</dataTypeSize>
<autoIncrementCycle>false</autoIncrementCycle>
</Column>
<Column class="oracle.dbtools.crest.model.design.relational.Column" name="BUE_ID" id="3D882263-074E-F3BA-3DAC-49E3E36F8F79">
<sourceConnName>nyecdrbk maxdat</sourceConnName>
<sourceObjSchema>BPM_UPDATE_EVENT_QUEUE</sourceObjSchema>
<sourceObjName>BUE_ID</sourceObjName>
<createdBy>50472</createdBy>
<createdTime>2013-08-08 16:19:07 UTC</createdTime>
<ownerDesignName>BPM_Event_data_model_diagram</ownerDesignName>
<nullsAllowed>true</nullsAllowed>
<useDomainConstraints>false</useDomainConstraints>
<use>1</use>
<logicalDatatype>LOGDT019</logicalDatatype>
<dataTypeSize>22</dataTypeSize>
<delegate>B03C713F-C86B-22F3-644C-CA51B37C0F86</delegate>
<autoIncrementCycle>false</autoIncrementCycle>
<associations>
<colAssociation fkAssociation="2886F5A8-BEFF-5C8A-42E4-B5B14DA042A6" referredColumn="B03C713F-C86B-22F3-644C-CA51B37C0F86"/>
</associations>
</Column>
<Column class="oracle.dbtools.crest.model.design.relational.Column" name="WROTE_BPM_EVENT_DATE" id="55BB8B23-215A-39FF-E7DC-5EE10FD44759">
<sourceConnName>nyecdrbk maxdat</sourceConnName>
<sourceObjSchema>BPM_UPDATE_EVENT_QUEUE</sourceObjSchema>
<sourceObjName>WROTE_BPM_EVENT_DATE</sourceObjName>
<createdBy>50472</createdBy>
<createdTime>2013-08-08 16:19:07 UTC</createdTime>
<ownerDesignName>BPM_Event_data_model_diagram</ownerDesignName>
<nullsAllowed>true</nullsAllowed>
<useDomainConstraints>false</useDomainConstraints>
<use>1</use>
<logicalDatatype>LOGDT007</logicalDatatype>
<dataTypeSize>7</dataTypeSize>
<autoIncrementCycle>false</autoIncrementCycle>
</Column>
<Column class="oracle.dbtools.crest.model.design.relational.Column" name="WROTE_BPM_SEMANTIC_DATE" id="3DF0739A-557C-4A76-2CAE-0B207EEE7399">
<sourceConnName>nyecdrbk maxdat</sourceConnName>
<sourceObjSchema>BPM_UPDATE_EVENT_QUEUE</sourceObjSchema>
<sourceObjName>WROTE_BPM_SEMANTIC_DATE</sourceObjName>
<createdBy>50472</createdBy>
<createdTime>2013-08-08 16:19:07 UTC</createdTime>
<ownerDesignName>BPM_Event_data_model_diagram</ownerDesignName>
<nullsAllowed>true</nullsAllowed>
<useDomainConstraints>false</useDomainConstraints>
<use>1</use>
<logicalDatatype>LOGDT007</logicalDatatype>
<dataTypeSize>7</dataTypeSize>
<autoIncrementCycle>false</autoIncrementCycle>
</Column>
<Column class="oracle.dbtools.crest.model.design.relational.Column" name="DATA_VERSION" id="AD7B643F-2785-EF0F-EB56-6CEAAE6B4C77">
<sourceConnName>nyecdrbk maxdat</sourceConnName>
<sourceObjSchema>BPM_UPDATE_EVENT_QUEUE</sourceObjSchema>
<sourceObjName>DATA_VERSION</sourceObjName>
<createdBy>50472</createdBy>
<createdTime>2013-08-08 16:19:07 UTC</createdTime>
<ownerDesignName>BPM_Event_data_model_diagram</ownerDesignName>
<useDomainConstraints>false</useDomainConstraints>
<use>1</use>
<logicalDatatype>LOGDT019</logicalDatatype>
<dataTypeSize>22</dataTypeSize>
<autoIncrementCycle>false</autoIncrementCycle>
</Column>
<Column class="oracle.dbtools.crest.model.design.relational.Column" name="OLD_DATA" id="B2E6A2A6-A294-4706-562A-3AFB299D43DE">
<sourceConnName>nyecdrbk maxdat</sourceConnName>
<sourceObjSchema>BPM_UPDATE_EVENT_QUEUE</sourceObjSchema>
<sourceObjName>OLD_DATA</sourceObjName>
<createdBy>50472</createdBy>
<createdTime>2013-08-08 16:19:07 UTC</createdTime>
<ownerDesignName>BPM_Event_data_model_diagram</ownerDesignName>
<nullsAllowed>true</nullsAllowed>
<useDomainConstraints>false</useDomainConstraints>
<use>1</use>
<logicalDatatype>LOGDT050</logicalDatatype>
<dataTypeSize>2000</dataTypeSize>
<computed>true</computed>
<autoIncrementCycle>false</autoIncrementCycle>
</Column>
<Column class="oracle.dbtools.crest.model.design.relational.Column" name="NEW_DATA" id="31C05008-F9CD-C33A-C9D3-F54A65EE15C2">
<sourceConnName>nyecdrbk maxdat</sourceConnName>
<sourceObjSchema>BPM_UPDATE_EVENT_QUEUE</sourceObjSchema>
<sourceObjName>NEW_DATA</sourceObjName>
<createdBy>50472</createdBy>
<createdTime>2013-08-08 16:19:07 UTC</createdTime>
<ownerDesignName>BPM_Event_data_model_diagram</ownerDesignName>
<useDomainConstraints>false</useDomainConstraints>
<use>1</use>
<logicalDatatype>LOGDT050</logicalDatatype>
<dataTypeSize>2000</dataTypeSize>
<computed>true</computed>
<autoIncrementCycle>false</autoIncrementCycle>
</Column>
</columns>
<indexes>
<ind_PK_UK class="oracle.dbtools.crest.model.design.relational.Index" id="BBC5C1A0-B963-1100-2A52-C9DCA7A5A909" name="BUEQ_PK">
<sourceConnName>nyecdrbk maxdat</sourceConnName>
<sourceObjSchema>MAXDAT</sourceObjSchema>
<sourceObjName>BUEQ_PK</sourceObjName>
<createdBy>50472</createdBy>
<createdTime>2013-08-08 16:19:09 UTC</createdTime>
<ownerDesignName>BPM_Event_data_model_diagram</ownerDesignName>
<pk>true</pk>
<indexState>Primary Constraint</indexState>
<indexColumnUsage>
<colUsage columnID="E17BC99E-7251-E74F-9976-E6296A03B08F"/>
</indexColumnUsage>
</ind_PK_UK>
<ind_PK_UK class="oracle.dbtools.crest.model.design.relational.Index" id="DE93F309-26E1-1F28-4524-680F32E8BD92" name="BUEQ_LX1">
<sourceConnName>nyecdrbk maxdat</sourceConnName>
<sourceObjSchema>MAXDAT</sourceObjSchema>
<sourceObjName>BUEQ_LX1</sourceObjName>
<createdBy>50472</createdBy>
<createdTime>2013-08-08 16:19:08 UTC</createdTime>
<ownerDesignName>BPM_Event_data_model_diagram</ownerDesignName>
<schemaObject>0EBF03F6-AD2B-6345-8998-B45AA35F30F6</schemaObject>
<indexColumnUsage>
<colUsage columnID="7ECE033C-6AC9-4EA4-9CA7-21B510F80E55"/>
</indexColumnUsage>
</ind_PK_UK>
<ind_PK_UK class="oracle.dbtools.crest.model.design.relational.Index" id="1FC0F256-3849-4702-EE78-8108CD69DB17" name="BUEQ_LX2">
<sourceConnName>nyecdrbk maxdat</sourceConnName>
<sourceObjSchema>MAXDAT</sourceObjSchema>
<sourceObjName>BUEQ_LX2</sourceObjName>
<createdBy>50472</createdBy>
<createdTime>2013-08-08 16:19:08 UTC</createdTime>
<ownerDesignName>BPM_Event_data_model_diagram</ownerDesignName>
<schemaObject>0EBF03F6-AD2B-6345-8998-B45AA35F30F6</schemaObject>
<indexColumnUsage>
<colUsage columnID="503FAABB-654B-01D0-0D25-5001E1D4E3A6"/>
</indexColumnUsage>
</ind_PK_UK>
<ind_PK_UK class="oracle.dbtools.crest.model.design.relational.Index" id="BCAC91F1-F104-1334-00C1-EA351382A00E" name="BUEQ_LX3">
<sourceConnName>nyecdrbk maxdat</sourceConnName>
<sourceObjSchema>MAXDAT</sourceObjSchema>
<sourceObjName>BUEQ_LX3</sourceObjName>
<createdBy>50472</createdBy>
<createdTime>2013-08-08 16:19:08 UTC</createdTime>
<ownerDesignName>BPM_Event_data_model_diagram</ownerDesignName>
<schemaObject>0EBF03F6-AD2B-6345-8998-B45AA35F30F6</schemaObject>
<indexColumnUsage>
<colUsage columnID="010026EE-DE78-C701-C969-4A32963219B3"/>
</indexColumnUsage>
</ind_PK_UK>
<ind_PK_UK class="oracle.dbtools.crest.model.design.relational.Index" id="E2E9A0DA-C166-19AD-9B38-49D4FE2855E6" name="BUEQ_LX4">
<sourceConnName>nyecdrbk maxdat</sourceConnName>
<sourceObjSchema>MAXDAT</sourceObjSchema>
<sourceObjName>BUEQ_LX4</sourceObjName>
<createdBy>50472</createdBy>
<createdTime>2013-08-08 16:19:08 UTC</createdTime>
<ownerDesignName>BPM_Event_data_model_diagram</ownerDesignName>
<schemaObject>0EBF03F6-AD2B-6345-8998-B45AA35F30F6</schemaObject>
<indexColumnUsage>
<colUsage columnID="55BB8B23-215A-39FF-E7DC-5EE10FD44759"/>
</indexColumnUsage>
</ind_PK_UK>
<ind_PK_UK class="oracle.dbtools.crest.model.design.relational.Index" id="469D2283-C07A-0841-2349-47F05D274C4F" name="BUEQ_LX5">
<sourceConnName>nyecdrbk maxdat</sourceConnName>
<sourceObjSchema>MAXDAT</sourceObjSchema>
<sourceObjName>BUEQ_LX5</sourceObjName>
<createdBy>50472</createdBy>
<createdTime>2013-08-08 16:19:08 UTC</createdTime>
<ownerDesignName>BPM_Event_data_model_diagram</ownerDesignName>
<schemaObject>0EBF03F6-AD2B-6345-8998-B45AA35F30F6</schemaObject>
<indexColumnUsage>
<colUsage columnID="3DF0739A-557C-4A76-2CAE-0B207EEE7399"/>
</indexColumnUsage>
</ind_PK_UK>
<ind_PK_UK class="oracle.dbtools.crest.model.design.relational.Index" id="4C779A80-3475-D6B8-8050-0018FD88DB75" name="BUEQ_LX6">
<sourceConnName>nyecdrbk maxdat</sourceConnName>
<sourceObjSchema>MAXDAT</sourceObjSchema>
<sourceObjName>BUEQ_LX6</sourceObjName>
<createdBy>50472</createdBy>
<createdTime>2013-08-08 16:19:08 UTC</createdTime>
<ownerDesignName>BPM_Event_data_model_diagram</ownerDesignName>
<schemaObject>0EBF03F6-AD2B-6345-8998-B45AA35F30F6</schemaObject>
<indexColumnUsage>
<colUsage columnID="3D882263-074E-F3BA-3DAC-49E3E36F8F79"/>
</indexColumnUsage>
</ind_PK_UK>
<ind_PK_UK class="oracle.dbtools.crest.model.design.relational.Index" id="3C3B5F0E-4B91-C0BD-0D26-557F6FA6A836" name="BUEQ_PK">
<sourceConnName>nyecdrbk maxdat</sourceConnName>
<sourceObjSchema>MAXDAT</sourceObjSchema>
<sourceObjName>BUEQ_PK</sourceObjName>
<createdBy>50472</createdBy>
<createdTime>2013-08-08 16:19:08 UTC</createdTime>
<ownerDesignName>BPM_Event_data_model_diagram</ownerDesignName>
<schemaObject>0EBF03F6-AD2B-6345-8998-B45AA35F30F6</schemaObject>
<indexState>Unique Plain Index</indexState>
<indexColumnUsage>
<colUsage columnID="E17BC99E-7251-E74F-9976-E6296A03B08F"/>
</indexColumnUsage>
</ind_PK_UK>
<ind_PK_UK class="oracle.dbtools.crest.model.design.relational.Index" id="0F1F88A3-D191-46FD-179B-21375778C7F6" name="BUEQ_IX1">
<sourceConnName>nyecdrbk maxdat</sourceConnName>
<sourceObjSchema>MAXDAT</sourceObjSchema>
<sourceObjName>BUEQ_IX1</sourceObjName>
<createdBy>50472</createdBy>
<createdTime>2013-08-08 16:19:08 UTC</createdTime>
<ownerDesignName>BPM_Event_data_model_diagram</ownerDesignName>
<schemaObject>0EBF03F6-AD2B-6345-8998-B45AA35F30F6</schemaObject>
<indexColumnUsage>
<colUsage columnID="154F7450-D350-2276-8F47-9F754507CEBA"/>
<colUsage columnID="7ECE033C-6AC9-4EA4-9CA7-21B510F80E55"/>
</indexColumnUsage>
</ind_PK_UK>
<ind_PK_UK class="oracle.dbtools.crest.model.design.relational.Index" id="189C89A8-D252-A9F8-46A1-89BB6F0A6154" name="BUEQ_BIL_ID_FK">
<createdBy>50472</createdBy>
<createdTime>2013-08-08 16:19:10 UTC</createdTime>
<ownerDesignName>BPM_Event_data_model_diagram</ownerDesignName>
<indexState>Foreign Key</indexState>
<indexColumnUsage>
<colUsage columnID="2FCB9359-724C-4C34-7F08-484CD4D7B751"/>
</indexColumnUsage>
</ind_PK_UK>
<ind_PK_UK class="oracle.dbtools.crest.model.design.relational.Index" id="DA5EB5B8-FDDE-8588-8327-1AA57D12D928" name="BUEQ_BSL_ID_FK">
<createdBy>50472</createdBy>
<createdTime>2013-08-08 16:19:10 UTC</createdTime>
<ownerDesignName>BPM_Event_data_model_diagram</ownerDesignName>
<indexState>Foreign Key</indexState>
<indexColumnUsage>
<colUsage columnID="154F7450-D350-2276-8F47-9F754507CEBA"/>
</indexColumnUsage>
</ind_PK_UK>
<ind_PK_UK class="oracle.dbtools.crest.model.design.relational.Index" id="7ACFAD5D-C9D1-A059-A005-5E9A353B922D" name="BUEQ_BUE_ID_FK">
<createdBy>50472</createdBy>
<createdTime>2013-08-08 16:19:10 UTC</createdTime>
<ownerDesignName>BPM_Event_data_model_diagram</ownerDesignName>
<indexState>Foreign Key</indexState>
<indexColumnUsage>
<colUsage columnID="3D882263-074E-F3BA-3DAC-49E3E36F8F79"/>
</indexColumnUsage>
</ind_PK_UK>
</indexes>
</Table>