<?xml version = '1.0' encoding = 'UTF-8'?>
<Table class="oracle.dbtools.crest.model.design.relational.Table" id="A9399AEF-828A-8835-BBCB-9587730F3E89" directorySegmentName="seg_0" name="BPM_UPDATE_EVENT_QUEUE_ARCHIVE">
<sourceConnName>nyecdrbk maxdat</sourceConnName>
<sourceObjSchema>MAXDAT</sourceObjSchema>
<sourceObjName>BPM_UPDATE_EVENT_QUEUE_ARCHIVE</sourceObjName>
<createdBy>50472</createdBy>
<createdTime>2013-08-08 16:19:06 UTC</createdTime>
<ownerDesignName>BPM_Event_data_model_diagram</ownerDesignName>
<schemaObject>0EBF03F6-AD2B-6345-8998-B45AA35F30F6</schemaObject>
<pkName>BUEQA_PK</pkName>
<fonts>
<FontObject class="oracle.dbtools.crest.model.design.FontObjectWr">
<foType>Title</foType>
<fontStyle>1</fontStyle>
<colorRGB>-16776961</colorRGB>
</FontObject>
<FontObject class="oracle.dbtools.crest.model.design.FontObjectWr">
<foType>Column</foType>
<colorRGB>-16777216</colorRGB>
</FontObject>
<FontObject class="oracle.dbtools.crest.model.design.FontObjectWr">
<foType>Datatype</foType>
<colorRGB>-16744448</colorRGB>
</FontObject>
<FontObject class="oracle.dbtools.crest.model.design.FontObjectWr">
<foType>PK Element</foType>
<colorRGB>-16776961</colorRGB>
</FontObject>
<FontObject class="oracle.dbtools.crest.model.design.FontObjectWr">
<foType>FK Element</foType>
<colorRGB>-16777216</colorRGB>
</FontObject>
<FontObject class="oracle.dbtools.crest.model.design.FontObjectWr">
<foType>UK Element</foType>
<colorRGB>-16776961</colorRGB>
</FontObject>
<FontObject class="oracle.dbtools.crest.model.design.FontObjectWr">
<foType>Not Null</foType>
<colorRGB>-65536</colorRGB>
</FontObject>
<FontObject class="oracle.dbtools.crest.model.design.FontObjectWr">
<foType>Key</foType>
<colorRGB>-16777216</colorRGB>
</FontObject>
</fonts>
<columns>
<Column class="oracle.dbtools.crest.model.design.relational.Column" name="BUEQ_ID" id="D75F9CF1-6B1D-D9FA-F7D0-C8728C416082">
<sourceConnName>nyecdrbk maxdat</sourceConnName>
<sourceObjSchema>BPM_UPDATE_EVENT_QUEUE_ARCHIVE</sourceObjSchema>
<sourceObjName>BUEQ_ID</sourceObjName>
<createdBy>50472</createdBy>
<createdTime>2013-08-08 16:19:07 UTC</createdTime>
<ownerDesignName>BPM_Event_data_model_diagram</ownerDesignName>
<useDomainConstraints>false</useDomainConstraints>
<use>1</use>
<logicalDatatype>LOGDT019</logicalDatatype>
<dataTypeSize>22</dataTypeSize>
<autoIncrementCycle>false</autoIncrementCycle>
</Column>
<Column class="oracle.dbtools.crest.model.design.relational.Column" name="BSL_ID" id="0EB5DF01-041F-FD00-D37C-AF392172F2DB">
<sourceConnName>nyecdrbk maxdat</sourceConnName>
<sourceObjSchema>BPM_UPDATE_EVENT_QUEUE_ARCHIVE</sourceObjSchema>
<sourceObjName>BSL_ID</sourceObjName>
<createdBy>50472</createdBy>
<createdTime>2013-08-08 16:19:07 UTC</createdTime>
<ownerDesignName>BPM_Event_data_model_diagram</ownerDesignName>
<useDomainConstraints>false</useDomainConstraints>
<use>1</use>
<logicalDatatype>LOGDT019</logicalDatatype>
<dataTypeSize>22</dataTypeSize>
<autoIncrementCycle>false</autoIncrementCycle>
</Column>
<Column class="oracle.dbtools.crest.model.design.relational.Column" name="BIL_ID" id="1BBB91A6-3857-FC17-65FD-34E930D2F90D">
<sourceConnName>nyecdrbk maxdat</sourceConnName>
<sourceObjSchema>BPM_UPDATE_EVENT_QUEUE_ARCHIVE</sourceObjSchema>
<sourceObjName>BIL_ID</sourceObjName>
<createdBy>50472</createdBy>
<createdTime>2013-08-08 16:19:07 UTC</createdTime>
<ownerDesignName>BPM_Event_data_model_diagram</ownerDesignName>
<useDomainConstraints>false</useDomainConstraints>
<use>1</use>
<logicalDatatype>LOGDT019</logicalDatatype>
<dataTypeSize>22</dataTypeSize>
<autoIncrementCycle>false</autoIncrementCycle>
</Column>
<Column class="oracle.dbtools.crest.model.design.relational.Column" name="IDENTIFIER" id="F5F6C050-6C24-C78C-B70D-FE996AB49E88">
<sourceConnName>nyecdrbk maxdat</sourceConnName>
<sourceObjSchema>BPM_UPDATE_EVENT_QUEUE_ARCHIVE</sourceObjSchema>
<sourceObjName>IDENTIFIER</sourceObjName>
<createdBy>50472</createdBy>
<createdTime>2013-08-08 16:19:07 UTC</createdTime>
<ownerDesignName>BPM_Event_data_model_diagram</ownerDesignName>
<useDomainConstraints>false</useDomainConstraints>
<use>1</use>
<logicalDatatype>LOGDT024</logicalDatatype>
<dataTypeSize>35 BYTE</dataTypeSize>
<autoIncrementCycle>false</autoIncrementCycle>
</Column>
<Column class="oracle.dbtools.crest.model.design.relational.Column" name="EVENT_DATE" id="96E0D998-B5B9-8D51-3E62-1DEE7C64C764">
<sourceConnName>nyecdrbk maxdat</sourceConnName>
<sourceObjSchema>BPM_UPDATE_EVENT_QUEUE_ARCHIVE</sourceObjSchema>
<sourceObjName>EVENT_DATE</sourceObjName>
<createdBy>50472</createdBy>
<createdTime>2013-08-08 16:19:07 UTC</createdTime>
<ownerDesignName>BPM_Event_data_model_diagram</ownerDesignName>
<useDomainConstraints>false</useDomainConstraints>
<use>1</use>
<logicalDatatype>LOGDT007</logicalDatatype>
<dataTypeSize>7</dataTypeSize>
<autoIncrementCycle>false</autoIncrementCycle>
</Column>
<Column class="oracle.dbtools.crest.model.design.relational.Column" name="QUEUE_DATE" id="F547ADFE-1347-DA4B-4201-E2BD8C1F7961">
<sourceConnName>nyecdrbk maxdat</sourceConnName>
<sourceObjSchema>BPM_UPDATE_EVENT_QUEUE_ARCHIVE</sourceObjSchema>
<sourceObjName>QUEUE_DATE</sourceObjName>
<createdBy>50472</createdBy>
<createdTime>2013-08-08 16:19:07 UTC</createdTime>
<ownerDesignName>BPM_Event_data_model_diagram</ownerDesignName>
<useDomainConstraints>false</useDomainConstraints>
<use>1</use>
<logicalDatatype>LOGDT007</logicalDatatype>
<dataTypeSize>7</dataTypeSize>
<autoIncrementCycle>false</autoIncrementCycle>
</Column>
<Column class="oracle.dbtools.crest.model.design.relational.Column" name="PROCESS_BUEQ_ID" id="D63BEC94-6D71-3FCF-A2C6-19A80D8BABD3">
<sourceConnName>nyecdrbk maxdat</sourceConnName>
<sourceObjSchema>BPM_UPDATE_EVENT_QUEUE_ARCHIVE</sourceObjSchema>
<sourceObjName>PROCESS_BUEQ_ID</sourceObjName>
<createdBy>50472</createdBy>
<createdTime>2013-08-08 16:19:07 UTC</createdTime>
<ownerDesignName>BPM_Event_data_model_diagram</ownerDesignName>
<nullsAllowed>true</nullsAllowed>
<useDomainConstraints>false</useDomainConstraints>
<use>1</use>
<logicalDatatype>LOGDT019</logicalDatatype>
<dataTypeSize>22</dataTypeSize>
<autoIncrementCycle>false</autoIncrementCycle>
</Column>
<Column class="oracle.dbtools.crest.model.design.relational.Column" name="BUE_ID" id="9FC2CCC4-8EA0-B557-38C3-F1256222FCBA">
<sourceConnName>nyecdrbk maxdat</sourceConnName>
<sourceObjSchema>BPM_UPDATE_EVENT_QUEUE_ARCHIVE</sourceObjSchema>
<sourceObjName>BUE_ID</sourceObjName>
<createdBy>50472</createdBy>
<createdTime>2013-08-08 16:19:07 UTC</createdTime>
<ownerDesignName>BPM_Event_data_model_diagram</ownerDesignName>
<nullsAllowed>true</nullsAllowed>
<useDomainConstraints>false</useDomainConstraints>
<use>1</use>
<logicalDatatype>LOGDT019</logicalDatatype>
<dataTypeSize>22</dataTypeSize>
<autoIncrementCycle>false</autoIncrementCycle>
</Column>
<Column class="oracle.dbtools.crest.model.design.relational.Column" name="WROTE_BPM_EVENT_DATE" id="3BBB0A3E-FE51-1D75-0976-72C8CE057B6C">
<sourceConnName>nyecdrbk maxdat</sourceConnName>
<sourceObjSchema>BPM_UPDATE_EVENT_QUEUE_ARCHIVE</sourceObjSchema>
<sourceObjName>WROTE_BPM_EVENT_DATE</sourceObjName>
<createdBy>50472</createdBy>
<createdTime>2013-08-08 16:19:07 UTC</createdTime>
<ownerDesignName>BPM_Event_data_model_diagram</ownerDesignName>
<nullsAllowed>true</nullsAllowed>
<useDomainConstraints>false</useDomainConstraints>
<use>1</use>
<logicalDatatype>LOGDT007</logicalDatatype>
<dataTypeSize>7</dataTypeSize>
<autoIncrementCycle>false</autoIncrementCycle>
</Column>
<Column class="oracle.dbtools.crest.model.design.relational.Column" name="WROTE_BPM_SEMANTIC_DATE" id="A8B6C97C-2359-C80E-078B-E0DED7EB51C1">
<sourceConnName>nyecdrbk maxdat</sourceConnName>
<sourceObjSchema>BPM_UPDATE_EVENT_QUEUE_ARCHIVE</sourceObjSchema>
<sourceObjName>WROTE_BPM_SEMANTIC_DATE</sourceObjName>
<createdBy>50472</createdBy>
<createdTime>2013-08-08 16:19:07 UTC</createdTime>
<ownerDesignName>BPM_Event_data_model_diagram</ownerDesignName>
<nullsAllowed>true</nullsAllowed>
<useDomainConstraints>false</useDomainConstraints>
<use>1</use>
<logicalDatatype>LOGDT007</logicalDatatype>
<dataTypeSize>7</dataTypeSize>
<autoIncrementCycle>false</autoIncrementCycle>
</Column>
<Column class="oracle.dbtools.crest.model.design.relational.Column" name="DATA_VERSION" id="157A63DE-CE55-289B-9785-E9304755AD7D">
<sourceConnName>nyecdrbk maxdat</sourceConnName>
<sourceObjSchema>BPM_UPDATE_EVENT_QUEUE_ARCHIVE</sourceObjSchema>
<sourceObjName>DATA_VERSION</sourceObjName>
<createdBy>50472</createdBy>
<createdTime>2013-08-08 16:19:07 UTC</createdTime>
<ownerDesignName>BPM_Event_data_model_diagram</ownerDesignName>
<useDomainConstraints>false</useDomainConstraints>
<use>1</use>
<logicalDatatype>LOGDT019</logicalDatatype>
<dataTypeSize>22</dataTypeSize>
<autoIncrementCycle>false</autoIncrementCycle>
</Column>
<Column class="oracle.dbtools.crest.model.design.relational.Column" name="OLD_DATA" id="DFDE09BA-C76D-8890-2477-020EC5A25BFE">
<sourceConnName>nyecdrbk maxdat</sourceConnName>
<sourceObjSchema>BPM_UPDATE_EVENT_QUEUE_ARCHIVE</sourceObjSchema>
<sourceObjName>OLD_DATA</sourceObjName>
<createdBy>50472</createdBy>
<createdTime>2013-08-08 16:19:07 UTC</createdTime>
<ownerDesignName>BPM_Event_data_model_diagram</ownerDesignName>
<nullsAllowed>true</nullsAllowed>
<useDomainConstraints>false</useDomainConstraints>
<use>1</use>
<logicalDatatype>LOGDT050</logicalDatatype>
<dataTypeSize>2000</dataTypeSize>
<computed>true</computed>
<autoIncrementCycle>false</autoIncrementCycle>
</Column>
<Column class="oracle.dbtools.crest.model.design.relational.Column" name="NEW_DATA" id="21273DED-D68E-164B-6471-E12C23F2F37E">
<sourceConnName>nyecdrbk maxdat</sourceConnName>
<sourceObjSchema>BPM_UPDATE_EVENT_QUEUE_ARCHIVE</sourceObjSchema>
<sourceObjName>NEW_DATA</sourceObjName>
<createdBy>50472</createdBy>
<createdTime>2013-08-08 16:19:07 UTC</createdTime>
<ownerDesignName>BPM_Event_data_model_diagram</ownerDesignName>
<useDomainConstraints>false</useDomainConstraints>
<use>1</use>
<logicalDatatype>LOGDT050</logicalDatatype>
<dataTypeSize>2000</dataTypeSize>
<computed>true</computed>
<autoIncrementCycle>false</autoIncrementCycle>
</Column>
</columns>
<indexes>
<ind_PK_UK class="oracle.dbtools.crest.model.design.relational.Index" id="A1C22184-6BE3-FA15-BCDC-EB1828246821" name="BUEQA_PK">
<sourceConnName>nyecdrbk maxdat</sourceConnName>
<sourceObjSchema>MAXDAT</sourceObjSchema>
<sourceObjName>BUEQA_PK</sourceObjName>
<createdBy>50472</createdBy>
<createdTime>2013-08-08 16:19:09 UTC</createdTime>
<ownerDesignName>BPM_Event_data_model_diagram</ownerDesignName>
<pk>true</pk>
<indexState>Primary Constraint</indexState>
<indexColumnUsage>
<colUsage columnID="D75F9CF1-6B1D-D9FA-F7D0-C8728C416082"/>
</indexColumnUsage>
</ind_PK_UK>
<ind_PK_UK class="oracle.dbtools.crest.model.design.relational.Index" id="E6FCDE6D-DDB6-7C76-681A-D23D4E02B6B2" name="BUEQA_PK">
<sourceConnName>nyecdrbk maxdat</sourceConnName>
<sourceObjSchema>MAXDAT</sourceObjSchema>
<sourceObjName>BUEQA_PK</sourceObjName>
<createdBy>50472</createdBy>
<createdTime>2013-08-08 16:19:08 UTC</createdTime>
<ownerDesignName>BPM_Event_data_model_diagram</ownerDesignName>
<schemaObject>0EBF03F6-AD2B-6345-8998-B45AA35F30F6</schemaObject>
<indexState>Unique Plain Index</indexState>
<indexColumnUsage>
<colUsage columnID="D75F9CF1-6B1D-D9FA-F7D0-C8728C416082"/>
</indexColumnUsage>
</ind_PK_UK>
</indexes>
</Table>