<?xml version = '1.0' encoding = 'UTF-8'?>
<Table class="oracle.dbtools.crest.model.design.relational.Table" id="AA6AF9CE-2CB3-986C-CE3E-E17DB5B80CFC" directorySegmentName="seg_0" name="BPM_INSTANCE">
<sourceConnName>nyecdrbk maxdat</sourceConnName>
<sourceObjSchema>MAXDAT</sourceObjSchema>
<sourceObjName>BPM_INSTANCE</sourceObjName>
<createdBy>50472</createdBy>
<createdTime>2013-08-08 16:19:06 UTC</createdTime>
<ownerDesignName>BPM_Event_data_model_diagram</ownerDesignName>
<schemaObject>0EBF03F6-AD2B-6345-8998-B45AA35F30F6</schemaObject>
<pkName>BPM_INSTANCE_PK</pkName>
<fonts>
<FontObject class="oracle.dbtools.crest.model.design.FontObjectWr">
<foType>Title</foType>
<fontStyle>1</fontStyle>
<colorRGB>-16776961</colorRGB>
</FontObject>
<FontObject class="oracle.dbtools.crest.model.design.FontObjectWr">
<foType>Column</foType>
<colorRGB>-16777216</colorRGB>
</FontObject>
<FontObject class="oracle.dbtools.crest.model.design.FontObjectWr">
<foType>Datatype</foType>
<colorRGB>-16744448</colorRGB>
</FontObject>
<FontObject class="oracle.dbtools.crest.model.design.FontObjectWr">
<foType>PK Element</foType>
<colorRGB>-16776961</colorRGB>
</FontObject>
<FontObject class="oracle.dbtools.crest.model.design.FontObjectWr">
<foType>FK Element</foType>
<colorRGB>-16777216</colorRGB>
</FontObject>
<FontObject class="oracle.dbtools.crest.model.design.FontObjectWr">
<foType>UK Element</foType>
<colorRGB>-16776961</colorRGB>
</FontObject>
<FontObject class="oracle.dbtools.crest.model.design.FontObjectWr">
<foType>Not Null</foType>
<colorRGB>-65536</colorRGB>
</FontObject>
<FontObject class="oracle.dbtools.crest.model.design.FontObjectWr">
<foType>Key</foType>
<colorRGB>-16777216</colorRGB>
</FontObject>
</fonts>
<columns>
<Column class="oracle.dbtools.crest.model.design.relational.Column" name="BI_ID" id="EA5A91B5-78AE-75A4-B20B-17F430B58AFE">
<sourceConnName>nyecdrbk maxdat</sourceConnName>
<sourceObjSchema>BPM_INSTANCE</sourceObjSchema>
<sourceObjName>BI_ID</sourceObjName>
<createdBy>50472</createdBy>
<createdTime>2013-08-08 16:19:07 UTC</createdTime>
<ownerDesignName>BPM_Event_data_model_diagram</ownerDesignName>
<useDomainConstraints>false</useDomainConstraints>
<use>1</use>
<logicalDatatype>LOGDT019</logicalDatatype>
<dataTypeSize>22</dataTypeSize>
<autoIncrementCycle>false</autoIncrementCycle>
</Column>
<Column class="oracle.dbtools.crest.model.design.relational.Column" name="BEM_ID" id="5ECB1B2B-8F0A-97DA-8439-1C86C0040478">
<sourceConnName>nyecdrbk maxdat</sourceConnName>
<sourceObjSchema>BPM_INSTANCE</sourceObjSchema>
<sourceObjName>BEM_ID</sourceObjName>
<createdBy>50472</createdBy>
<createdTime>2013-08-08 16:19:07 UTC</createdTime>
<ownerDesignName>BPM_Event_data_model_diagram</ownerDesignName>
<useDomainConstraints>false</useDomainConstraints>
<use>1</use>
<logicalDatatype>LOGDT019</logicalDatatype>
<dataTypeSize>22</dataTypeSize>
<delegate>ECB1D75B-BE72-E8F3-124C-29003D0E3364</delegate>
<autoIncrementCycle>false</autoIncrementCycle>
<associations>
<colAssociation fkAssociation="7C6BFD58-925E-7776-719B-AEF3E010A8CB" referredColumn="ECB1D75B-BE72-E8F3-124C-29003D0E3364"/>
</associations>
</Column>
<Column class="oracle.dbtools.crest.model.design.relational.Column" name="IDENTIFIER" id="62D6B3A1-95F0-6B58-74C9-B4D9010DB416">
<sourceConnName>nyecdrbk maxdat</sourceConnName>
<sourceObjSchema>BPM_INSTANCE</sourceObjSchema>
<sourceObjName>IDENTIFIER</sourceObjName>
<createdBy>50472</createdBy>
<createdTime>2013-08-08 16:19:07 UTC</createdTime>
<ownerDesignName>BPM_Event_data_model_diagram</ownerDesignName>
<nullsAllowed>true</nullsAllowed>
<useDomainConstraints>false</useDomainConstraints>
<use>1</use>
<logicalDatatype>LOGDT024</logicalDatatype>
<dataTypeSize>35 BYTE</dataTypeSize>
<autoIncrementCycle>false</autoIncrementCycle>
</Column>
<Column class="oracle.dbtools.crest.model.design.relational.Column" name="BIL_ID" id="2A4CCFB7-D6BA-09E0-1A71-FEC68958AE8E">
<sourceConnName>nyecdrbk maxdat</sourceConnName>
<sourceObjSchema>BPM_INSTANCE</sourceObjSchema>
<sourceObjName>BIL_ID</sourceObjName>
<createdBy>50472</createdBy>
<createdTime>2013-08-08 16:19:07 UTC</createdTime>
<ownerDesignName>BPM_Event_data_model_diagram</ownerDesignName>
<useDomainConstraints>false</useDomainConstraints>
<use>1</use>
<logicalDatatype>LOGDT019</logicalDatatype>
<dataTypeSize>22</dataTypeSize>
<delegate>5754A05C-E54B-31D2-8BF0-A19645F3F66F</delegate>
<autoIncrementCycle>false</autoIncrementCycle>
<associations>
<colAssociation fkAssociation="C89B769B-90C7-B151-F5F1-629B94178AD0" referredColumn="5754A05C-E54B-31D2-8BF0-A19645F3F66F"/>
</associations>
</Column>
<Column class="oracle.dbtools.crest.model.design.relational.Column" name="BSL_ID" id="FF629565-A5C5-F0CB-CFC1-D18F1D3474EA">
<sourceConnName>nyecdrbk maxdat</sourceConnName>
<sourceObjSchema>BPM_INSTANCE</sourceObjSchema>
<sourceObjName>BSL_ID</sourceObjName>
<createdBy>50472</createdBy>
<createdTime>2013-08-08 16:19:07 UTC</createdTime>
<ownerDesignName>BPM_Event_data_model_diagram</ownerDesignName>
<useDomainConstraints>false</useDomainConstraints>
<use>1</use>
<logicalDatatype>LOGDT019</logicalDatatype>
<dataTypeSize>22</dataTypeSize>
<delegate>4295EAB4-D48C-480D-B147-6852DFAA2E59</delegate>
<autoIncrementCycle>false</autoIncrementCycle>
<associations>
<colAssociation fkAssociation="7C36624E-1D17-C7FF-AD1B-B2994EBCE4A5" referredColumn="4295EAB4-D48C-480D-B147-6852DFAA2E59"/>
</associations>
</Column>
<Column class="oracle.dbtools.crest.model.design.relational.Column" name="START_DATE" id="1C9E89FB-4BEA-0D2A-1198-43E4374BFA59">
<sourceConnName>nyecdrbk maxdat</sourceConnName>
<sourceObjSchema>BPM_INSTANCE</sourceObjSchema>
<sourceObjName>START_DATE</sourceObjName>
<createdBy>50472</createdBy>
<createdTime>2013-08-08 16:19:07 UTC</createdTime>
<ownerDesignName>BPM_Event_data_model_diagram</ownerDesignName>
<useDomainConstraints>false</useDomainConstraints>
<use>1</use>
<logicalDatatype>LOGDT007</logicalDatatype>
<dataTypeSize>7</dataTypeSize>
<autoIncrementCycle>false</autoIncrementCycle>
</Column>
<Column class="oracle.dbtools.crest.model.design.relational.Column" name="END_DATE" id="A240039E-9C58-AF66-8D77-B075E12CAF0B">
<sourceConnName>nyecdrbk maxdat</sourceConnName>
<sourceObjSchema>BPM_INSTANCE</sourceObjSchema>
<sourceObjName>END_DATE</sourceObjName>
<createdBy>50472</createdBy>
<createdTime>2013-08-08 16:19:07 UTC</createdTime>
<ownerDesignName>BPM_Event_data_model_diagram</ownerDesignName>
<nullsAllowed>true</nullsAllowed>
<useDomainConstraints>false</useDomainConstraints>
<use>1</use>
<logicalDatatype>LOGDT007</logicalDatatype>
<dataTypeSize>7</dataTypeSize>
<autoIncrementCycle>false</autoIncrementCycle>
</Column>
<Column class="oracle.dbtools.crest.model.design.relational.Column" name="SOURCE_ID" id="CF5E03BD-F65C-0B07-13D2-FB78DAA78984">
<sourceConnName>nyecdrbk maxdat</sourceConnName>
<sourceObjSchema>BPM_INSTANCE</sourceObjSchema>
<sourceObjName>SOURCE_ID</sourceObjName>
<createdBy>50472</createdBy>
<createdTime>2013-08-08 16:19:07 UTC</createdTime>
<ownerDesignName>BPM_Event_data_model_diagram</ownerDesignName>
<nullsAllowed>true</nullsAllowed>
<useDomainConstraints>false</useDomainConstraints>
<use>1</use>
<logicalDatatype>LOGDT024</logicalDatatype>
<dataTypeSize>100 BYTE</dataTypeSize>
<autoIncrementCycle>false</autoIncrementCycle>
</Column>
<Column class="oracle.dbtools.crest.model.design.relational.Column" name="CREATION_DATE" id="62D77C3C-34FA-B09B-867F-729BF46ED703">
<sourceConnName>nyecdrbk maxdat</sourceConnName>
<sourceObjSchema>BPM_INSTANCE</sourceObjSchema>
<sourceObjName>CREATION_DATE</sourceObjName>
<createdBy>50472</createdBy>
<createdTime>2013-08-08 16:19:07 UTC</createdTime>
<ownerDesignName>BPM_Event_data_model_diagram</ownerDesignName>
<nullsAllowed>true</nullsAllowed>
<useDomainConstraints>false</useDomainConstraints>
<use>1</use>
<logicalDatatype>LOGDT007</logicalDatatype>
<dataTypeSize>7</dataTypeSize>
<autoIncrementCycle>false</autoIncrementCycle>
</Column>
<Column class="oracle.dbtools.crest.model.design.relational.Column" name="LAST_UPDATE_DATE" id="FDBD7F18-BA7F-5CA2-0387-5E006339FD8E">
<sourceConnName>nyecdrbk maxdat</sourceConnName>
<sourceObjSchema>BPM_INSTANCE</sourceObjSchema>
<sourceObjName>LAST_UPDATE_DATE</sourceObjName>
<createdBy>50472</createdBy>
<createdTime>2013-08-08 16:19:07 UTC</createdTime>
<ownerDesignName>BPM_Event_data_model_diagram</ownerDesignName>
<useDomainConstraints>false</useDomainConstraints>
<use>1</use>
<logicalDatatype>LOGDT007</logicalDatatype>
<dataTypeSize>7</dataTypeSize>
<autoIncrementCycle>false</autoIncrementCycle>
</Column>
</columns>
<indexes>
<ind_PK_UK class="oracle.dbtools.crest.model.design.relational.Index" id="32B2B6B7-75BF-5488-3FE4-254544CF776E" name="BPM_INSTANCE_PK">
<sourceConnName>nyecdrbk maxdat</sourceConnName>
<sourceObjSchema>MAXDAT</sourceObjSchema>
<sourceObjName>BPM_INSTANCE_PK</sourceObjName>
<createdBy>50472</createdBy>
<createdTime>2013-08-08 16:19:09 UTC</createdTime>
<ownerDesignName>BPM_Event_data_model_diagram</ownerDesignName>
<pk>true</pk>
<indexState>Primary Constraint</indexState>
<indexColumnUsage>
<colUsage columnID="EA5A91B5-78AE-75A4-B20B-17F430B58AFE"/>
</indexColumnUsage>
</ind_PK_UK>
<ind_PK_UK class="oracle.dbtools.crest.model.design.relational.Index" id="E3B09889-1F84-BBC6-0FBC-8B40A51B0F2D" name="BPM_INSTANCE_PK">
<sourceConnName>nyecdrbk maxdat</sourceConnName>
<sourceObjSchema>MAXDAT</sourceObjSchema>
<sourceObjName>BPM_INSTANCE_PK</sourceObjName>
<createdBy>50472</createdBy>
<createdTime>2013-08-08 16:19:08 UTC</createdTime>
<ownerDesignName>BPM_Event_data_model_diagram</ownerDesignName>
<schemaObject>0EBF03F6-AD2B-6345-8998-B45AA35F30F6</schemaObject>
<indexState>Unique Plain Index</indexState>
<indexColumnUsage>
<colUsage columnID="EA5A91B5-78AE-75A4-B20B-17F430B58AFE"/>
</indexColumnUsage>
</ind_PK_UK>
<ind_PK_UK class="oracle.dbtools.crest.model.design.relational.Index" id="7EF8F599-F7C7-4C2F-B41F-CB7EDABEA27A" name="BPM_INSTANCE_UNK1">
<sourceConnName>nyecdrbk maxdat</sourceConnName>
<sourceObjSchema>MAXDAT</sourceObjSchema>
<sourceObjName>BPM_INSTANCE_UNK1</sourceObjName>
<createdBy>50472</createdBy>
<createdTime>2013-08-08 16:19:08 UTC</createdTime>
<ownerDesignName>BPM_Event_data_model_diagram</ownerDesignName>
<schemaObject>0EBF03F6-AD2B-6345-8998-B45AA35F30F6</schemaObject>
<indexState>Unique Plain Index</indexState>
<indexColumnUsage>
<colUsage columnID="62D6B3A1-95F0-6B58-74C9-B4D9010DB416"/>
<colUsage columnID="5ECB1B2B-8F0A-97DA-8439-1C86C0040478"/>
<colUsage columnID="2A4CCFB7-D6BA-09E0-1A71-FEC68958AE8E"/>
<colUsage columnID="FF629565-A5C5-F0CB-CFC1-D18F1D3474EA"/>
</indexColumnUsage>
</ind_PK_UK>
<ind_PK_UK class="oracle.dbtools.crest.model.design.relational.Index" id="02C9C8ED-040D-88A9-C954-6BD5CFF11794" name="BI_BEM_FK">
<createdBy>50472</createdBy>
<createdTime>2013-08-08 16:19:10 UTC</createdTime>
<ownerDesignName>BPM_Event_data_model_diagram</ownerDesignName>
<indexState>Foreign Key</indexState>
<indexColumnUsage>
<colUsage columnID="5ECB1B2B-8F0A-97DA-8439-1C86C0040478"/>
</indexColumnUsage>
</ind_PK_UK>
<ind_PK_UK class="oracle.dbtools.crest.model.design.relational.Index" id="57851C6E-100C-1A16-1071-A07CCC3231E9" name="BI_BIL_FK">
<createdBy>50472</createdBy>
<createdTime>2013-08-08 16:19:10 UTC</createdTime>
<ownerDesignName>BPM_Event_data_model_diagram</ownerDesignName>
<indexState>Foreign Key</indexState>
<indexColumnUsage>
<colUsage columnID="2A4CCFB7-D6BA-09E0-1A71-FEC68958AE8E"/>
</indexColumnUsage>
</ind_PK_UK>
<ind_PK_UK class="oracle.dbtools.crest.model.design.relational.Index" id="155AB8CC-76DE-3404-7196-F5D9CE4937D1" name="BI_BSL_FK">
<createdBy>50472</createdBy>
<createdTime>2013-08-08 16:19:10 UTC</createdTime>
<ownerDesignName>BPM_Event_data_model_diagram</ownerDesignName>
<indexState>Foreign Key</indexState>
<indexColumnUsage>
<colUsage columnID="FF629565-A5C5-F0CB-CFC1-D18F1D3474EA"/>
</indexColumnUsage>
</ind_PK_UK>
</indexes>
</Table>