<?xml version = '1.0' encoding = 'UTF-8'?>
<Table class="oracle.dbtools.crest.model.design.relational.Table" id="C6B39CCA-D764-1386-B89B-A724D5E6E745" directorySegmentName="seg_0" name="BPM_EVENT_MASTER">
<sourceConnName>nyecdrbk maxdat</sourceConnName>
<sourceObjSchema>MAXDAT</sourceObjSchema>
<sourceObjName>BPM_EVENT_MASTER</sourceObjName>
<createdBy>50472</createdBy>
<createdTime>2013-08-08 16:19:06 UTC</createdTime>
<ownerDesignName>BPM_Event_data_model_diagram</ownerDesignName>
<schemaObject>0EBF03F6-AD2B-6345-8998-B45AA35F30F6</schemaObject>
<pkName>BPM_EVENT_MASTER_PK</pkName>
<fonts>
<FontObject class="oracle.dbtools.crest.model.design.FontObjectWr">
<foType>Title</foType>
<fontStyle>1</fontStyle>
<colorRGB>-16776961</colorRGB>
</FontObject>
<FontObject class="oracle.dbtools.crest.model.design.FontObjectWr">
<foType>Column</foType>
<colorRGB>-16777216</colorRGB>
</FontObject>
<FontObject class="oracle.dbtools.crest.model.design.FontObjectWr">
<foType>Datatype</foType>
<colorRGB>-16744448</colorRGB>
</FontObject>
<FontObject class="oracle.dbtools.crest.model.design.FontObjectWr">
<foType>PK Element</foType>
<colorRGB>-16776961</colorRGB>
</FontObject>
<FontObject class="oracle.dbtools.crest.model.design.FontObjectWr">
<foType>FK Element</foType>
<colorRGB>-16777216</colorRGB>
</FontObject>
<FontObject class="oracle.dbtools.crest.model.design.FontObjectWr">
<foType>UK Element</foType>
<colorRGB>-16776961</colorRGB>
</FontObject>
<FontObject class="oracle.dbtools.crest.model.design.FontObjectWr">
<foType>Not Null</foType>
<colorRGB>-65536</colorRGB>
</FontObject>
<FontObject class="oracle.dbtools.crest.model.design.FontObjectWr">
<foType>Key</foType>
<colorRGB>-16777216</colorRGB>
</FontObject>
</fonts>
<columns>
<Column class="oracle.dbtools.crest.model.design.relational.Column" name="BEM_ID" id="ECB1D75B-BE72-E8F3-124C-29003D0E3364">
<sourceConnName>nyecdrbk maxdat</sourceConnName>
<sourceObjSchema>BPM_EVENT_MASTER</sourceObjSchema>
<sourceObjName>BEM_ID</sourceObjName>
<createdBy>50472</createdBy>
<createdTime>2013-08-08 16:19:07 UTC</createdTime>
<commentInRDBMS>Surrogate ID Populated by Sequence value</commentInRDBMS>
<ownerDesignName>BPM_Event_data_model_diagram</ownerDesignName>
<useDomainConstraints>false</useDomainConstraints>
<use>1</use>
<logicalDatatype>LOGDT019</logicalDatatype>
<dataTypeSize>22</dataTypeSize>
<autoIncrementCycle>false</autoIncrementCycle>
</Column>
<Column class="oracle.dbtools.crest.model.design.relational.Column" name="BRL_ID" id="6C0DEA33-A25F-7D5A-EF81-10E595635AE4">
<sourceConnName>nyecdrbk maxdat</sourceConnName>
<sourceObjSchema>BPM_EVENT_MASTER</sourceObjSchema>
<sourceObjName>BRL_ID</sourceObjName>
<createdBy>50472</createdBy>
<createdTime>2013-08-08 16:19:07 UTC</createdTime>
<ownerDesignName>BPM_Event_data_model_diagram</ownerDesignName>
<useDomainConstraints>false</useDomainConstraints>
<use>1</use>
<logicalDatatype>LOGDT019</logicalDatatype>
<dataTypeSize>22</dataTypeSize>
<delegate>9D4F1788-E80E-8F4A-6304-8B18EC6E42DD</delegate>
<autoIncrementCycle>false</autoIncrementCycle>
<associations>
<colAssociation fkAssociation="C2ABBEC4-1677-CE95-0CD5-23530B459978" referredColumn="9D4F1788-E80E-8F4A-6304-8B18EC6E42DD"/>
</associations>
</Column>
<Column class="oracle.dbtools.crest.model.design.relational.Column" name="BPRJ_ID" id="01F9909F-3A03-107B-94A2-000F57CFDE10">
<sourceConnName>nyecdrbk maxdat</sourceConnName>
<sourceObjSchema>BPM_EVENT_MASTER</sourceObjSchema>
<sourceObjName>BPRJ_ID</sourceObjName>
<createdBy>50472</createdBy>
<createdTime>2013-08-08 16:19:07 UTC</createdTime>
<ownerDesignName>BPM_Event_data_model_diagram</ownerDesignName>
<useDomainConstraints>false</useDomainConstraints>
<use>1</use>
<logicalDatatype>LOGDT019</logicalDatatype>
<dataTypeSize>22</dataTypeSize>
<delegate>8378F02C-A990-5FD3-F9D7-4AD1BC41DE68</delegate>
<autoIncrementCycle>false</autoIncrementCycle>
<associations>
<colAssociation fkAssociation="B381B697-5C8C-58B8-76C3-F3976B01A5B7" referredColumn="8378F02C-A990-5FD3-F9D7-4AD1BC41DE68"/>
</associations>
</Column>
<Column class="oracle.dbtools.crest.model.design.relational.Column" name="BPRG_ID" id="35747C94-71C4-E953-4496-9F854BFA73E8">
<sourceConnName>nyecdrbk maxdat</sourceConnName>
<sourceObjSchema>BPM_EVENT_MASTER</sourceObjSchema>
<sourceObjName>BPRG_ID</sourceObjName>
<createdBy>50472</createdBy>
<createdTime>2013-08-08 16:19:07 UTC</createdTime>
<ownerDesignName>BPM_Event_data_model_diagram</ownerDesignName>
<useDomainConstraints>false</useDomainConstraints>
<use>1</use>
<logicalDatatype>LOGDT019</logicalDatatype>
<dataTypeSize>22</dataTypeSize>
<delegate>A91B5453-61BB-78AD-E1F7-0B0554C7D328</delegate>
<autoIncrementCycle>false</autoIncrementCycle>
<associations>
<colAssociation fkAssociation="10263619-7D25-FEE0-F50B-523334B2411B" referredColumn="A91B5453-61BB-78AD-E1F7-0B0554C7D328"/>
</associations>
</Column>
<Column class="oracle.dbtools.crest.model.design.relational.Column" name="BPROL_ID" id="C15E4CAD-971F-E4AC-4613-C22139562208">
<sourceConnName>nyecdrbk maxdat</sourceConnName>
<sourceObjSchema>BPM_EVENT_MASTER</sourceObjSchema>
<sourceObjName>BPROL_ID</sourceObjName>
<createdBy>50472</createdBy>
<createdTime>2013-08-08 16:19:07 UTC</createdTime>
<ownerDesignName>BPM_Event_data_model_diagram</ownerDesignName>
<useDomainConstraints>false</useDomainConstraints>
<use>1</use>
<logicalDatatype>LOGDT019</logicalDatatype>
<dataTypeSize>22</dataTypeSize>
<delegate>DA023A2A-7E43-FB54-E75A-B08845F2D13A</delegate>
<autoIncrementCycle>false</autoIncrementCycle>
<associations>
<colAssociation fkAssociation="ECC18FF0-152B-D20F-A42B-31AD0F4C131B" referredColumn="DA023A2A-7E43-FB54-E75A-B08845F2D13A"/>
</associations>
</Column>
<Column class="oracle.dbtools.crest.model.design.relational.Column" name="NAME" id="27CCD16D-7CB0-EC4D-B063-DF9C8B5CBE28">
<sourceConnName>nyecdrbk maxdat</sourceConnName>
<sourceObjSchema>BPM_EVENT_MASTER</sourceObjSchema>
<sourceObjName>NAME</sourceObjName>
<createdBy>50472</createdBy>
<createdTime>2013-08-08 16:19:07 UTC</createdTime>
<ownerDesignName>BPM_Event_data_model_diagram</ownerDesignName>
<nullsAllowed>true</nullsAllowed>
<useDomainConstraints>false</useDomainConstraints>
<use>1</use>
<logicalDatatype>LOGDT024</logicalDatatype>
<dataTypeSize>50 BYTE</dataTypeSize>
<autoIncrementCycle>false</autoIncrementCycle>
</Column>
<Column class="oracle.dbtools.crest.model.design.relational.Column" name="DESCRIPTION" id="708CBAD2-DCDA-8A2C-B73A-C618CE97F778">
<sourceConnName>nyecdrbk maxdat</sourceConnName>
<sourceObjSchema>BPM_EVENT_MASTER</sourceObjSchema>
<sourceObjName>DESCRIPTION</sourceObjName>
<createdBy>50472</createdBy>
<createdTime>2013-08-08 16:19:07 UTC</createdTime>
<ownerDesignName>BPM_Event_data_model_diagram</ownerDesignName>
<useDomainConstraints>false</useDomainConstraints>
<use>1</use>
<logicalDatatype>LOGDT024</logicalDatatype>
<dataTypeSize>1000 BYTE</dataTypeSize>
<autoIncrementCycle>false</autoIncrementCycle>
</Column>
<Column class="oracle.dbtools.crest.model.design.relational.Column" name="EFFECTIVE_DATE" id="2DB74FE0-0EBE-CD46-42FA-3C3A8397C1B5">
<sourceConnName>nyecdrbk maxdat</sourceConnName>
<sourceObjSchema>BPM_EVENT_MASTER</sourceObjSchema>
<sourceObjName>EFFECTIVE_DATE</sourceObjName>
<createdBy>50472</createdBy>
<createdTime>2013-08-08 16:19:07 UTC</createdTime>
<ownerDesignName>BPM_Event_data_model_diagram</ownerDesignName>
<useDomainConstraints>false</useDomainConstraints>
<use>1</use>
<logicalDatatype>LOGDT007</logicalDatatype>
<dataTypeSize>7</dataTypeSize>
<autoIncrementCycle>false</autoIncrementCycle>
</Column>
<Column class="oracle.dbtools.crest.model.design.relational.Column" name="END_DATE" id="37D7F77F-9D6D-6196-8E3A-35767339D182">
<sourceConnName>nyecdrbk maxdat</sourceConnName>
<sourceObjSchema>BPM_EVENT_MASTER</sourceObjSchema>
<sourceObjName>END_DATE</sourceObjName>
<createdBy>50472</createdBy>
<createdTime>2013-08-08 16:19:07 UTC</createdTime>
<ownerDesignName>BPM_Event_data_model_diagram</ownerDesignName>
<useDomainConstraints>false</useDomainConstraints>
<use>1</use>
<logicalDatatype>LOGDT007</logicalDatatype>
<dataTypeSize>7</dataTypeSize>
<autoIncrementCycle>false</autoIncrementCycle>
</Column>
</columns>
<indexes>
<ind_PK_UK class="oracle.dbtools.crest.model.design.relational.Index" id="B6FE5EA1-1B28-0325-3344-120CDCFF1784" name="BPM_EVENT_MASTER_PK">
<sourceConnName>nyecdrbk maxdat</sourceConnName>
<sourceObjSchema>MAXDAT</sourceObjSchema>
<sourceObjName>BPM_EVENT_MASTER_PK</sourceObjName>
<createdBy>50472</createdBy>
<createdTime>2013-08-08 16:19:09 UTC</createdTime>
<ownerDesignName>BPM_Event_data_model_diagram</ownerDesignName>
<pk>true</pk>
<indexState>Primary Constraint</indexState>
<indexColumnUsage>
<colUsage columnID="ECB1D75B-BE72-E8F3-124C-29003D0E3364"/>
</indexColumnUsage>
</ind_PK_UK>
<ind_PK_UK class="oracle.dbtools.crest.model.design.relational.Index" id="518BBCD5-6B4C-8D54-A250-375F0FD862C6" name="BPM_EVENT_MASTER">
<sourceConnName>nyecdrbk maxdat</sourceConnName>
<sourceObjSchema>MAXDAT</sourceObjSchema>
<sourceObjName>BPM_EVENT_MASTER</sourceObjName>
<createdBy>50472</createdBy>
<createdTime>2013-08-08 16:19:09 UTC</createdTime>
<ownerDesignName>BPM_Event_data_model_diagram</ownerDesignName>
<indexState>Unique Constraint</indexState>
<indexColumnUsage>
<colUsage columnID="6C0DEA33-A25F-7D5A-EF81-10E595635AE4"/>
<colUsage columnID="01F9909F-3A03-107B-94A2-000F57CFDE10"/>
<colUsage columnID="35747C94-71C4-E953-4496-9F854BFA73E8"/>
<colUsage columnID="C15E4CAD-971F-E4AC-4613-C22139562208"/>
</indexColumnUsage>
</ind_PK_UK>
<ind_PK_UK class="oracle.dbtools.crest.model.design.relational.Index" id="714BE4FB-1700-2260-A82B-4C0E14CD5EE9" name="BPM_EVENT_MASTER_PK">
<sourceConnName>nyecdrbk maxdat</sourceConnName>
<sourceObjSchema>MAXDAT</sourceObjSchema>
<sourceObjName>BPM_EVENT_MASTER_PK</sourceObjName>
<createdBy>50472</createdBy>
<createdTime>2013-08-08 16:19:08 UTC</createdTime>
<ownerDesignName>BPM_Event_data_model_diagram</ownerDesignName>
<schemaObject>0EBF03F6-AD2B-6345-8998-B45AA35F30F6</schemaObject>
<indexState>Unique Plain Index</indexState>
<indexColumnUsage>
<colUsage columnID="ECB1D75B-BE72-E8F3-124C-29003D0E3364"/>
</indexColumnUsage>
</ind_PK_UK>
<ind_PK_UK class="oracle.dbtools.crest.model.design.relational.Index" id="0BF3840C-90DA-BA4E-2C80-AAD3883B30FE" name="BPM_EVENT_MASTER">
<sourceConnName>nyecdrbk maxdat</sourceConnName>
<sourceObjSchema>MAXDAT</sourceObjSchema>
<sourceObjName>BPM_EVENT_MASTER</sourceObjName>
<createdBy>50472</createdBy>
<createdTime>2013-08-08 16:19:08 UTC</createdTime>
<ownerDesignName>BPM_Event_data_model_diagram</ownerDesignName>
<schemaObject>0EBF03F6-AD2B-6345-8998-B45AA35F30F6</schemaObject>
<indexState>Unique Plain Index</indexState>
<indexColumnUsage>
<colUsage columnID="6C0DEA33-A25F-7D5A-EF81-10E595635AE4"/>
<colUsage columnID="01F9909F-3A03-107B-94A2-000F57CFDE10"/>
<colUsage columnID="35747C94-71C4-E953-4496-9F854BFA73E8"/>
<colUsage columnID="C15E4CAD-971F-E4AC-4613-C22139562208"/>
</indexColumnUsage>
</ind_PK_UK>
<ind_PK_UK class="oracle.dbtools.crest.model.design.relational.Index" id="1853900F-C2F7-ABF6-14CC-675BE1AB7A60" name="BEM_BPRG_FK">
<createdBy>50472</createdBy>
<createdTime>2013-08-08 16:19:10 UTC</createdTime>
<ownerDesignName>BPM_Event_data_model_diagram</ownerDesignName>
<indexState>Foreign Key</indexState>
<indexColumnUsage>
<colUsage columnID="35747C94-71C4-E953-4496-9F854BFA73E8"/>
</indexColumnUsage>
</ind_PK_UK>
<ind_PK_UK class="oracle.dbtools.crest.model.design.relational.Index" id="528F727D-DC2A-AAE9-F64D-6D93B5B85E67" name="BEM_BPRJ_FK">
<createdBy>50472</createdBy>
<createdTime>2013-08-08 16:19:10 UTC</createdTime>
<ownerDesignName>BPM_Event_data_model_diagram</ownerDesignName>
<indexState>Foreign Key</indexState>
<indexColumnUsage>
<colUsage columnID="01F9909F-3A03-107B-94A2-000F57CFDE10"/>
</indexColumnUsage>
</ind_PK_UK>
<ind_PK_UK class="oracle.dbtools.crest.model.design.relational.Index" id="C8940B2B-ABC6-2E69-15A2-C0DE76059B9C" name="BEM_BRL_FK">
<createdBy>50472</createdBy>
<createdTime>2013-08-08 16:19:10 UTC</createdTime>
<ownerDesignName>BPM_Event_data_model_diagram</ownerDesignName>
<indexState>Foreign Key</indexState>
<indexColumnUsage>
<colUsage columnID="6C0DEA33-A25F-7D5A-EF81-10E595635AE4"/>
</indexColumnUsage>
</ind_PK_UK>
<ind_PK_UK class="oracle.dbtools.crest.model.design.relational.Index" id="6FD598AE-BCA9-9CA1-C542-03479CF6EF83" name="BEM_BPROL_FK">
<createdBy>50472</createdBy>
<createdTime>2013-08-08 20:14:06 UTC</createdTime>
<ownerDesignName>BPM_Event_data_model_diagram</ownerDesignName>
<indexState>Foreign Key</indexState>
<indexColumnUsage>
<colUsage columnID="C15E4CAD-971F-E4AC-4613-C22139562208"/>
</indexColumnUsage>
</ind_PK_UK>
</indexes>
</Table>