<?xml version = '1.0' encoding = 'UTF-8'?>
<Table class="oracle.dbtools.crest.model.design.relational.Table" id="D08B3768-F01C-3DDD-87C3-9F49C42A730B" directorySegmentName="seg_0" name="BPM_IDENTIFIER_TYPE_LKUP">
<sourceConnName>nyecdrbk maxdat</sourceConnName>
<sourceObjSchema>MAXDAT</sourceObjSchema>
<sourceObjName>BPM_IDENTIFIER_TYPE_LKUP</sourceObjName>
<createdBy>50472</createdBy>
<createdTime>2013-08-08 16:19:06 UTC</createdTime>
<ownerDesignName>BPM_Event_data_model_diagram</ownerDesignName>
<schemaObject>0EBF03F6-AD2B-6345-8998-B45AA35F30F6</schemaObject>
<pkName>BPM_IDENTIFIER_LKUP_PK</pkName>
<fonts>
<FontObject class="oracle.dbtools.crest.model.design.FontObjectWr">
<foType>Title</foType>
<fontStyle>1</fontStyle>
<colorRGB>-16776961</colorRGB>
</FontObject>
<FontObject class="oracle.dbtools.crest.model.design.FontObjectWr">
<foType>Column</foType>
<colorRGB>-16777216</colorRGB>
</FontObject>
<FontObject class="oracle.dbtools.crest.model.design.FontObjectWr">
<foType>Datatype</foType>
<colorRGB>-16744448</colorRGB>
</FontObject>
<FontObject class="oracle.dbtools.crest.model.design.FontObjectWr">
<foType>PK Element</foType>
<colorRGB>-16776961</colorRGB>
</FontObject>
<FontObject class="oracle.dbtools.crest.model.design.FontObjectWr">
<foType>FK Element</foType>
<colorRGB>-16777216</colorRGB>
</FontObject>
<FontObject class="oracle.dbtools.crest.model.design.FontObjectWr">
<foType>UK Element</foType>
<colorRGB>-16776961</colorRGB>
</FontObject>
<FontObject class="oracle.dbtools.crest.model.design.FontObjectWr">
<foType>Not Null</foType>
<colorRGB>-65536</colorRGB>
</FontObject>
<FontObject class="oracle.dbtools.crest.model.design.FontObjectWr">
<foType>Key</foType>
<colorRGB>-16777216</colorRGB>
</FontObject>
</fonts>
<columns>
<Column class="oracle.dbtools.crest.model.design.relational.Column" name="BIL_ID" id="5754A05C-E54B-31D2-8BF0-A19645F3F66F">
<sourceConnName>nyecdrbk maxdat</sourceConnName>
<sourceObjSchema>BPM_IDENTIFIER_TYPE_LKUP</sourceObjSchema>
<sourceObjName>BIL_ID</sourceObjName>
<createdBy>50472</createdBy>
<createdTime>2013-08-08 16:19:07 UTC</createdTime>
<ownerDesignName>BPM_Event_data_model_diagram</ownerDesignName>
<useDomainConstraints>false</useDomainConstraints>
<use>1</use>
<logicalDatatype>LOGDT019</logicalDatatype>
<dataTypeSize>22</dataTypeSize>
<autoIncrementCycle>false</autoIncrementCycle>
</Column>
<Column class="oracle.dbtools.crest.model.design.relational.Column" name="NAME" id="29130C42-05DE-EF09-BBE2-76B3ECC8B26E">
<sourceConnName>nyecdrbk maxdat</sourceConnName>
<sourceObjSchema>BPM_IDENTIFIER_TYPE_LKUP</sourceObjSchema>
<sourceObjName>NAME</sourceObjName>
<createdBy>50472</createdBy>
<createdTime>2013-08-08 16:19:07 UTC</createdTime>
<ownerDesignName>BPM_Event_data_model_diagram</ownerDesignName>
<useDomainConstraints>false</useDomainConstraints>
<use>1</use>
<logicalDatatype>LOGDT024</logicalDatatype>
<dataTypeSize>35 BYTE</dataTypeSize>
<autoIncrementCycle>false</autoIncrementCycle>
</Column>
</columns>
<indexes>
<ind_PK_UK class="oracle.dbtools.crest.model.design.relational.Index" id="2B5456D6-9CBF-B42C-0FD7-A02EF81C6EEB" name="BPM_IDENTIFIER_LKUP_PK">
<sourceConnName>nyecdrbk maxdat</sourceConnName>
<sourceObjSchema>MAXDAT</sourceObjSchema>
<sourceObjName>BPM_IDENTIFIER_LKUP_PK</sourceObjName>
<createdBy>50472</createdBy>
<createdTime>2013-08-08 16:19:09 UTC</createdTime>
<ownerDesignName>BPM_Event_data_model_diagram</ownerDesignName>
<pk>true</pk>
<indexState>Primary Constraint</indexState>
<indexColumnUsage>
<colUsage columnID="5754A05C-E54B-31D2-8BF0-A19645F3F66F"/>
</indexColumnUsage>
</ind_PK_UK>
<ind_PK_UK class="oracle.dbtools.crest.model.design.relational.Index" id="E7EC9570-4BB0-C6B2-AFF7-9B0B46C4BEC3" name="BPM_IDENTIFIER_LKUP_UNK">
<sourceConnName>nyecdrbk maxdat</sourceConnName>
<sourceObjSchema>MAXDAT</sourceObjSchema>
<sourceObjName>BPM_IDENTIFIER_LKUP_UNK</sourceObjName>
<createdBy>50472</createdBy>
<createdTime>2013-08-08 16:19:09 UTC</createdTime>
<ownerDesignName>BPM_Event_data_model_diagram</ownerDesignName>
<indexState>Unique Constraint</indexState>
<indexColumnUsage>
<colUsage columnID="29130C42-05DE-EF09-BBE2-76B3ECC8B26E"/>
</indexColumnUsage>
</ind_PK_UK>
<ind_PK_UK class="oracle.dbtools.crest.model.design.relational.Index" id="36353F1C-DFFF-89D8-82E6-BB4A4655E413" name="BPM_IDENTIFIER_LKUP_PK">
<sourceConnName>nyecdrbk maxdat</sourceConnName>
<sourceObjSchema>MAXDAT</sourceObjSchema>
<sourceObjName>BPM_IDENTIFIER_LKUP_PK</sourceObjName>
<createdBy>50472</createdBy>
<createdTime>2013-08-08 16:19:08 UTC</createdTime>
<ownerDesignName>BPM_Event_data_model_diagram</ownerDesignName>
<schemaObject>0EBF03F6-AD2B-6345-8998-B45AA35F30F6</schemaObject>
<indexState>Unique Plain Index</indexState>
<indexColumnUsage>
<colUsage columnID="5754A05C-E54B-31D2-8BF0-A19645F3F66F"/>
</indexColumnUsage>
</ind_PK_UK>
<ind_PK_UK class="oracle.dbtools.crest.model.design.relational.Index" id="FA03F252-32E6-6C59-CF99-CA0ECE5AE7A5" name="BPM_IDENTIFIER_LKUP_UNK">
<sourceConnName>nyecdrbk maxdat</sourceConnName>
<sourceObjSchema>MAXDAT</sourceObjSchema>
<sourceObjName>BPM_IDENTIFIER_LKUP_UNK</sourceObjName>
<createdBy>50472</createdBy>
<createdTime>2013-08-08 16:19:08 UTC</createdTime>
<ownerDesignName>BPM_Event_data_model_diagram</ownerDesignName>
<schemaObject>0EBF03F6-AD2B-6345-8998-B45AA35F30F6</schemaObject>
<indexState>Unique Plain Index</indexState>
<indexColumnUsage>
<colUsage columnID="29130C42-05DE-EF09-BBE2-76B3ECC8B26E"/>
</indexColumnUsage>
</ind_PK_UK>
</indexes>
</Table>