<?xml version = '1.0' encoding = 'UTF-8'?>
<Table class="oracle.dbtools.crest.model.design.relational.Table" id="DF313110-61C5-96CE-2AF2-CE68481FF30D" directorySegmentName="seg_0" name="PROCESS_BPM_QUEUE_JOB_CONFIG">
<sourceConnName>nyecdrbk maxdat</sourceConnName>
<sourceObjSchema>MAXDAT</sourceObjSchema>
<sourceObjName>PROCESS_BPM_QUEUE_JOB_CONFIG</sourceObjName>
<createdBy>50472</createdBy>
<createdTime>2013-08-08 16:19:06 UTC</createdTime>
<ownerDesignName>BPM_Event_data_model_diagram</ownerDesignName>
<schemaObject>0EBF03F6-AD2B-6345-8998-B45AA35F30F6</schemaObject>
<pkName>PBQJC_PK</pkName>
<fonts>
<FontObject class="oracle.dbtools.crest.model.design.FontObjectWr">
<foType>Title</foType>
<fontStyle>1</fontStyle>
<colorRGB>-16776961</colorRGB>
</FontObject>
<FontObject class="oracle.dbtools.crest.model.design.FontObjectWr">
<foType>Column</foType>
<colorRGB>-16777216</colorRGB>
</FontObject>
<FontObject class="oracle.dbtools.crest.model.design.FontObjectWr">
<foType>Datatype</foType>
<colorRGB>-16744448</colorRGB>
</FontObject>
<FontObject class="oracle.dbtools.crest.model.design.FontObjectWr">
<foType>PK Element</foType>
<colorRGB>-16776961</colorRGB>
</FontObject>
<FontObject class="oracle.dbtools.crest.model.design.FontObjectWr">
<foType>FK Element</foType>
<colorRGB>-16777216</colorRGB>
</FontObject>
<FontObject class="oracle.dbtools.crest.model.design.FontObjectWr">
<foType>UK Element</foType>
<colorRGB>-16776961</colorRGB>
</FontObject>
<FontObject class="oracle.dbtools.crest.model.design.FontObjectWr">
<foType>Not Null</foType>
<colorRGB>-65536</colorRGB>
</FontObject>
<FontObject class="oracle.dbtools.crest.model.design.FontObjectWr">
<foType>Key</foType>
<colorRGB>-16777216</colorRGB>
</FontObject>
</fonts>
<columns>
<Column class="oracle.dbtools.crest.model.design.relational.Column" name="PBQJC_ID" id="D9C82E07-F62B-101C-893C-479CDA1787F9">
<sourceConnName>nyecdrbk maxdat</sourceConnName>
<sourceObjSchema>PROCESS_BPM_QUEUE_JOB_CONFIG</sourceObjSchema>
<sourceObjName>PBQJC_ID</sourceObjName>
<createdBy>50472</createdBy>
<createdTime>2013-08-08 16:19:07 UTC</createdTime>
<ownerDesignName>BPM_Event_data_model_diagram</ownerDesignName>
<useDomainConstraints>false</useDomainConstraints>
<use>1</use>
<logicalDatatype>LOGDT019</logicalDatatype>
<dataTypeSize>22</dataTypeSize>
<autoIncrementCycle>false</autoIncrementCycle>
</Column>
<Column class="oracle.dbtools.crest.model.design.relational.Column" name="BSL_ID" id="0F78BF83-206A-2FFE-3362-E7DAAA4D3B33">
<sourceConnName>nyecdrbk maxdat</sourceConnName>
<sourceObjSchema>PROCESS_BPM_QUEUE_JOB_CONFIG</sourceObjSchema>
<sourceObjName>BSL_ID</sourceObjName>
<createdBy>50472</createdBy>
<createdTime>2013-08-08 16:19:07 UTC</createdTime>
<ownerDesignName>BPM_Event_data_model_diagram</ownerDesignName>
<useDomainConstraints>false</useDomainConstraints>
<use>1</use>
<logicalDatatype>LOGDT019</logicalDatatype>
<dataTypeSize>22</dataTypeSize>
<autoIncrementCycle>false</autoIncrementCycle>
</Column>
<Column class="oracle.dbtools.crest.model.design.relational.Column" name="BDM_ID" id="893CC45E-67A2-BBB0-82B3-E4CC8FCFF0FA">
<sourceConnName>nyecdrbk maxdat</sourceConnName>
<sourceObjSchema>PROCESS_BPM_QUEUE_JOB_CONFIG</sourceObjSchema>
<sourceObjName>BDM_ID</sourceObjName>
<createdBy>50472</createdBy>
<createdTime>2013-08-08 16:19:07 UTC</createdTime>
<ownerDesignName>BPM_Event_data_model_diagram</ownerDesignName>
<useDomainConstraints>false</useDomainConstraints>
<use>1</use>
<logicalDatatype>LOGDT019</logicalDatatype>
<dataTypeSize>22</dataTypeSize>
<autoIncrementCycle>false</autoIncrementCycle>
</Column>
<Column class="oracle.dbtools.crest.model.design.relational.Column" name="MIN_NUM_JOBS" id="F11E4A41-2363-461B-FB78-7BF92AACF99A">
<sourceConnName>nyecdrbk maxdat</sourceConnName>
<sourceObjSchema>PROCESS_BPM_QUEUE_JOB_CONFIG</sourceObjSchema>
<sourceObjName>MIN_NUM_JOBS</sourceObjName>
<createdBy>50472</createdBy>
<createdTime>2013-08-08 16:19:07 UTC</createdTime>
<ownerDesignName>BPM_Event_data_model_diagram</ownerDesignName>
<constraintName>PBQJC_MIN_NUM_JOBS_CK</constraintName>
<nullsAllowed>true</nullsAllowed>
<useDomainConstraints>false</useDomainConstraints>
<use>1</use>
<logicalDatatype>LOGDT019</logicalDatatype>
<dataTypePrecision>3</dataTypePrecision>
<checkConstraint>
<implementationDef dbType="Oracle Database 11g" definition="MIN_NUM_JOBS is null or MIN_NUM_JOBS &gt;= 0"/>
</checkConstraint>
<autoIncrementCycle>false</autoIncrementCycle>
</Column>
<Column class="oracle.dbtools.crest.model.design.relational.Column" name="INIT_NUM_JOBS" id="6DC62CF7-2F42-E6A4-043F-722D441D8547">
<sourceConnName>nyecdrbk maxdat</sourceConnName>
<sourceObjSchema>PROCESS_BPM_QUEUE_JOB_CONFIG</sourceObjSchema>
<sourceObjName>INIT_NUM_JOBS</sourceObjName>
<createdBy>50472</createdBy>
<createdTime>2013-08-08 16:19:07 UTC</createdTime>
<ownerDesignName>BPM_Event_data_model_diagram</ownerDesignName>
<nullsAllowed>true</nullsAllowed>
<useDomainConstraints>false</useDomainConstraints>
<use>1</use>
<logicalDatatype>LOGDT019</logicalDatatype>
<dataTypePrecision>3</dataTypePrecision>
<autoIncrementCycle>false</autoIncrementCycle>
</Column>
<Column class="oracle.dbtools.crest.model.design.relational.Column" name="MAX_NUM_JOBS" id="56CBFC9A-BA17-B534-4063-C50EC7152C7E">
<sourceConnName>nyecdrbk maxdat</sourceConnName>
<sourceObjSchema>PROCESS_BPM_QUEUE_JOB_CONFIG</sourceObjSchema>
<sourceObjName>MAX_NUM_JOBS</sourceObjName>
<createdBy>50472</createdBy>
<createdTime>2013-08-08 16:19:07 UTC</createdTime>
<ownerDesignName>BPM_Event_data_model_diagram</ownerDesignName>
<nullsAllowed>true</nullsAllowed>
<useDomainConstraints>false</useDomainConstraints>
<use>1</use>
<logicalDatatype>LOGDT019</logicalDatatype>
<dataTypePrecision>3</dataTypePrecision>
<autoIncrementCycle>false</autoIncrementCycle>
</Column>
<Column class="oracle.dbtools.crest.model.design.relational.Column" name="BATCH_SIZE" id="5B1F65D7-7B69-7394-BD95-AA4782AAEF1D">
<sourceConnName>nyecdrbk maxdat</sourceConnName>
<sourceObjSchema>PROCESS_BPM_QUEUE_JOB_CONFIG</sourceObjSchema>
<sourceObjName>BATCH_SIZE</sourceObjName>
<createdBy>50472</createdBy>
<createdTime>2013-08-08 16:19:07 UTC</createdTime>
<ownerDesignName>BPM_Event_data_model_diagram</ownerDesignName>
<constraintName>PBQJC_BATCH_SIZE_CK</constraintName>
<nullsAllowed>true</nullsAllowed>
<useDomainConstraints>false</useDomainConstraints>
<use>1</use>
<logicalDatatype>LOGDT019</logicalDatatype>
<dataTypePrecision>5</dataTypePrecision>
<checkConstraint>
<implementationDef dbType="Oracle Database 11g" definition="BATCH_SIZE is null or BATCH_SIZE &gt;= 0"/>
</checkConstraint>
<autoIncrementCycle>false</autoIncrementCycle>
</Column>
<Column class="oracle.dbtools.crest.model.design.relational.Column" name="ENABLED" id="D36D415D-4DC4-B88B-E81A-6C8C208D27EE">
<sourceConnName>nyecdrbk maxdat</sourceConnName>
<sourceObjSchema>PROCESS_BPM_QUEUE_JOB_CONFIG</sourceObjSchema>
<sourceObjName>ENABLED</sourceObjName>
<createdBy>50472</createdBy>
<createdTime>2013-08-08 16:19:07 UTC</createdTime>
<ownerDesignName>BPM_Event_data_model_diagram</ownerDesignName>
<constraintName>PBQJC_ENABLED_CK</constraintName>
<useDomainConstraints>false</useDomainConstraints>
<use>1</use>
<logicalDatatype>LOGDT024</logicalDatatype>
<dataTypeSize>1 BYTE</dataTypeSize>
<listOfValues>
<valueDef value="&apos;N&apos;" description=""/>
<valueDef value="&apos;Y&apos;" description=""/>
</listOfValues>
<autoIncrementCycle>false</autoIncrementCycle>
</Column>
</columns>
<indexes>
<ind_PK_UK class="oracle.dbtools.crest.model.design.relational.Index" id="C0B9BEDA-8687-5AA1-CAD1-8289BFF50FD6" name="PBQJC_PK">
<sourceConnName>nyecdrbk maxdat</sourceConnName>
<sourceObjSchema>MAXDAT</sourceObjSchema>
<sourceObjName>PBQJC_PK</sourceObjName>
<createdBy>50472</createdBy>
<createdTime>2013-08-08 16:19:09 UTC</createdTime>
<ownerDesignName>BPM_Event_data_model_diagram</ownerDesignName>
<pk>true</pk>
<indexState>Primary Constraint</indexState>
<indexColumnUsage>
<colUsage columnID="D9C82E07-F62B-101C-893C-479CDA1787F9"/>
</indexColumnUsage>
</ind_PK_UK>
<ind_PK_UK class="oracle.dbtools.crest.model.design.relational.Index" id="8DB4C0C4-3CA3-3FCD-4F36-5AE3954E4157" name="PBQJC_PK">
<sourceConnName>nyecdrbk maxdat</sourceConnName>
<sourceObjSchema>MAXDAT</sourceObjSchema>
<sourceObjName>PBQJC_PK</sourceObjName>
<createdBy>50472</createdBy>
<createdTime>2013-08-08 16:19:08 UTC</createdTime>
<ownerDesignName>BPM_Event_data_model_diagram</ownerDesignName>
<schemaObject>0EBF03F6-AD2B-6345-8998-B45AA35F30F6</schemaObject>
<indexState>Unique Plain Index</indexState>
<indexColumnUsage>
<colUsage columnID="D9C82E07-F62B-101C-893C-479CDA1787F9"/>
</indexColumnUsage>
</ind_PK_UK>
<ind_PK_UK class="oracle.dbtools.crest.model.design.relational.Index" id="735E6B6D-03FD-04FE-0EFC-4C426A736A9C" name="PBQJC_UX1">
<sourceConnName>nyecdrbk maxdat</sourceConnName>
<sourceObjSchema>MAXDAT</sourceObjSchema>
<sourceObjName>PBQJC_UX1</sourceObjName>
<createdBy>50472</createdBy>
<createdTime>2013-08-08 16:19:08 UTC</createdTime>
<ownerDesignName>BPM_Event_data_model_diagram</ownerDesignName>
<schemaObject>0EBF03F6-AD2B-6345-8998-B45AA35F30F6</schemaObject>
<indexState>Unique Plain Index</indexState>
<indexColumnUsage>
<colUsage columnID="0F78BF83-206A-2FFE-3362-E7DAAA4D3B33"/>
<colUsage columnID="893CC45E-67A2-BBB0-82B3-E4CC8FCFF0FA"/>
</indexColumnUsage>
</ind_PK_UK>
</indexes>
<tableCheckConstraints>
<tableCheckConstraint class="oracle.dbtools.crest.model.design.constraint.TableLevelConstraint" name="PBQJC_INT_NUM_JOBS_CK" id="CAFA13B9-3B5D-A9A4-088D-574C66AAD179" directorySegmentName="seg_0">
<sourceConnName>nyecdrbk maxdat</sourceConnName>
<sourceObjSchema>MAXDAT</sourceObjSchema>
<sourceObjName>PBQJC_INT_NUM_JOBS_CK</sourceObjName>
<createdBy>50472</createdBy>
<createdTime>2013-08-08 16:19:09 UTC</createdTime>
<ownerDesignName>BPM_Event_data_model_diagram</ownerDesignName>
<rule>INIT_NUM_JOBS is null or (INIT_NUM_JOBS &gt;= 0 and (MIN_NUM_JOBS is null or INIT_NUM_JOBS &gt;= MIN_NUM_JOBS))</rule>
</tableCheckConstraint>
<tableCheckConstraint class="oracle.dbtools.crest.model.design.constraint.TableLevelConstraint" name="PBQJC_MAX_NUM_JOBS_CK" id="99D24188-1FCC-FFA3-7BC9-404743D15464" directorySegmentName="seg_0">
<sourceConnName>nyecdrbk maxdat</sourceConnName>
<sourceObjSchema>MAXDAT</sourceObjSchema>
<sourceObjName>PBQJC_MAX_NUM_JOBS_CK</sourceObjName>
<createdBy>50472</createdBy>
<createdTime>2013-08-08 16:19:09 UTC</createdTime>
<ownerDesignName>BPM_Event_data_model_diagram</ownerDesignName>
<rule>MAX_NUM_JOBS is null or (MAX_NUM_JOBS &gt;= 0 &lt;br/&gt;  and (MIN_NUM_JOBS is null or MAX_NUM_JOBS &gt;= MIN_NUM_JOBS)&lt;br/&gt;  and (INIT_NUM_JOBS is null or MAX_NUM_JOBS &gt;= INIT_NUM_JOBS))</rule>
</tableCheckConstraint>
</tableCheckConstraints>
</Table>