<?xml version = '1.0' encoding = 'UTF-8'?>
<Table class="oracle.dbtools.crest.model.design.relational.Table" id="ED6453DC-BD0C-6056-32CF-3C36292B1667" directorySegmentName="seg_0" name="BPM_INSTANCE_ATTRIBUTE">
<sourceConnName>nyecdrbk maxdat</sourceConnName>
<sourceObjSchema>MAXDAT</sourceObjSchema>
<sourceObjName>BPM_INSTANCE_ATTRIBUTE</sourceObjName>
<createdBy>50472</createdBy>
<createdTime>2013-08-08 16:19:06 UTC</createdTime>
<ownerDesignName>BPM_Event_data_model_diagram</ownerDesignName>
<schemaObject>0EBF03F6-AD2B-6345-8998-B45AA35F30F6</schemaObject>
<pkName>BPM_INSTANCE_ATTRIBUTE_PK</pkName>
<fonts>
<FontObject class="oracle.dbtools.crest.model.design.FontObjectWr">
<foType>Title</foType>
<fontStyle>1</fontStyle>
<colorRGB>-16776961</colorRGB>
</FontObject>
<FontObject class="oracle.dbtools.crest.model.design.FontObjectWr">
<foType>Column</foType>
<colorRGB>-16777216</colorRGB>
</FontObject>
<FontObject class="oracle.dbtools.crest.model.design.FontObjectWr">
<foType>Datatype</foType>
<colorRGB>-16744448</colorRGB>
</FontObject>
<FontObject class="oracle.dbtools.crest.model.design.FontObjectWr">
<foType>PK Element</foType>
<colorRGB>-16776961</colorRGB>
</FontObject>
<FontObject class="oracle.dbtools.crest.model.design.FontObjectWr">
<foType>FK Element</foType>
<colorRGB>-16777216</colorRGB>
</FontObject>
<FontObject class="oracle.dbtools.crest.model.design.FontObjectWr">
<foType>UK Element</foType>
<colorRGB>-16776961</colorRGB>
</FontObject>
<FontObject class="oracle.dbtools.crest.model.design.FontObjectWr">
<foType>Not Null</foType>
<colorRGB>-65536</colorRGB>
</FontObject>
<FontObject class="oracle.dbtools.crest.model.design.FontObjectWr">
<foType>Key</foType>
<colorRGB>-16777216</colorRGB>
</FontObject>
</fonts>
<columns>
<Column class="oracle.dbtools.crest.model.design.relational.Column" name="BIA_ID" id="DD318E43-F4C7-D536-8443-838568BAA3C4">
<sourceConnName>nyecdrbk maxdat</sourceConnName>
<sourceObjSchema>BPM_INSTANCE_ATTRIBUTE</sourceObjSchema>
<sourceObjName>BIA_ID</sourceObjName>
<createdBy>50472</createdBy>
<createdTime>2013-08-08 16:19:07 UTC</createdTime>
<ownerDesignName>BPM_Event_data_model_diagram</ownerDesignName>
<useDomainConstraints>false</useDomainConstraints>
<use>1</use>
<logicalDatatype>LOGDT019</logicalDatatype>
<dataTypeSize>22</dataTypeSize>
<autoIncrementCycle>false</autoIncrementCycle>
</Column>
<Column class="oracle.dbtools.crest.model.design.relational.Column" name="BI_ID" id="2E506361-8479-FD1B-3EB8-DD5C35CCF80C">
<sourceConnName>nyecdrbk maxdat</sourceConnName>
<sourceObjSchema>BPM_INSTANCE_ATTRIBUTE</sourceObjSchema>
<sourceObjName>BI_ID</sourceObjName>
<createdBy>50472</createdBy>
<createdTime>2013-08-08 16:19:07 UTC</createdTime>
<ownerDesignName>BPM_Event_data_model_diagram</ownerDesignName>
<useDomainConstraints>false</useDomainConstraints>
<use>1</use>
<logicalDatatype>LOGDT019</logicalDatatype>
<dataTypeSize>22</dataTypeSize>
<delegate>EA5A91B5-78AE-75A4-B20B-17F430B58AFE</delegate>
<autoIncrementCycle>false</autoIncrementCycle>
<associations>
<colAssociation fkAssociation="5E737C25-C136-E65E-D908-32350637D036" referredColumn="EA5A91B5-78AE-75A4-B20B-17F430B58AFE"/>
</associations>
</Column>
<Column class="oracle.dbtools.crest.model.design.relational.Column" name="BA_ID" id="297CF9C2-2D43-6739-D690-DB0F0B4FBAD9">
<sourceConnName>nyecdrbk maxdat</sourceConnName>
<sourceObjSchema>BPM_INSTANCE_ATTRIBUTE</sourceObjSchema>
<sourceObjName>BA_ID</sourceObjName>
<createdBy>50472</createdBy>
<createdTime>2013-08-08 16:19:07 UTC</createdTime>
<ownerDesignName>BPM_Event_data_model_diagram</ownerDesignName>
<useDomainConstraints>false</useDomainConstraints>
<use>1</use>
<logicalDatatype>LOGDT019</logicalDatatype>
<dataTypeSize>22</dataTypeSize>
<delegate>2FC78883-5B19-1442-BCBD-78B73DE48332</delegate>
<autoIncrementCycle>false</autoIncrementCycle>
<associations>
<colAssociation fkAssociation="2DEF8FC4-1CBF-02D2-3F59-8396B0BAA78F" referredColumn="2FC78883-5B19-1442-BCBD-78B73DE48332"/>
</associations>
</Column>
<Column class="oracle.dbtools.crest.model.design.relational.Column" name="VALUE_NUMBER" id="6F9B7620-D457-5075-F33B-9049248B7E75">
<sourceConnName>nyecdrbk maxdat</sourceConnName>
<sourceObjSchema>BPM_INSTANCE_ATTRIBUTE</sourceObjSchema>
<sourceObjName>VALUE_NUMBER</sourceObjName>
<createdBy>50472</createdBy>
<createdTime>2013-08-08 16:19:07 UTC</createdTime>
<ownerDesignName>BPM_Event_data_model_diagram</ownerDesignName>
<nullsAllowed>true</nullsAllowed>
<useDomainConstraints>false</useDomainConstraints>
<use>1</use>
<logicalDatatype>LOGDT019</logicalDatatype>
<dataTypeSize>22</dataTypeSize>
<autoIncrementCycle>false</autoIncrementCycle>
</Column>
<Column class="oracle.dbtools.crest.model.design.relational.Column" name="VALUE_DATE" id="3E5E4919-6B8A-DE3D-B384-2263FF9EE170">
<sourceConnName>nyecdrbk maxdat</sourceConnName>
<sourceObjSchema>BPM_INSTANCE_ATTRIBUTE</sourceObjSchema>
<sourceObjName>VALUE_DATE</sourceObjName>
<createdBy>50472</createdBy>
<createdTime>2013-08-08 16:19:07 UTC</createdTime>
<ownerDesignName>BPM_Event_data_model_diagram</ownerDesignName>
<nullsAllowed>true</nullsAllowed>
<useDomainConstraints>false</useDomainConstraints>
<use>1</use>
<logicalDatatype>LOGDT007</logicalDatatype>
<dataTypeSize>7</dataTypeSize>
<autoIncrementCycle>false</autoIncrementCycle>
</Column>
<Column class="oracle.dbtools.crest.model.design.relational.Column" name="VALUE_CHAR" id="8AE44825-AB6E-3505-4344-0B920F8BBAEB">
<sourceConnName>nyecdrbk maxdat</sourceConnName>
<sourceObjSchema>BPM_INSTANCE_ATTRIBUTE</sourceObjSchema>
<sourceObjName>VALUE_CHAR</sourceObjName>
<createdBy>50472</createdBy>
<createdTime>2013-08-08 16:19:07 UTC</createdTime>
<ownerDesignName>BPM_Event_data_model_diagram</ownerDesignName>
<nullsAllowed>true</nullsAllowed>
<useDomainConstraints>false</useDomainConstraints>
<use>1</use>
<logicalDatatype>LOGDT024</logicalDatatype>
<dataTypeSize>100 BYTE</dataTypeSize>
<autoIncrementCycle>false</autoIncrementCycle>
</Column>
<Column class="oracle.dbtools.crest.model.design.relational.Column" name="START_DATE" id="58AA7DB9-358E-555B-B998-4CFE0DA6E21F">
<sourceConnName>nyecdrbk maxdat</sourceConnName>
<sourceObjSchema>BPM_INSTANCE_ATTRIBUTE</sourceObjSchema>
<sourceObjName>START_DATE</sourceObjName>
<createdBy>50472</createdBy>
<createdTime>2013-08-08 16:19:07 UTC</createdTime>
<ownerDesignName>BPM_Event_data_model_diagram</ownerDesignName>
<useDomainConstraints>false</useDomainConstraints>
<use>1</use>
<logicalDatatype>LOGDT007</logicalDatatype>
<dataTypeSize>7</dataTypeSize>
<autoIncrementCycle>false</autoIncrementCycle>
</Column>
<Column class="oracle.dbtools.crest.model.design.relational.Column" name="END_DATE" id="ED2542DF-1707-7FEE-E842-6C5B24190E34">
<sourceConnName>nyecdrbk maxdat</sourceConnName>
<sourceObjSchema>BPM_INSTANCE_ATTRIBUTE</sourceObjSchema>
<sourceObjName>END_DATE</sourceObjName>
<createdBy>50472</createdBy>
<createdTime>2013-08-08 16:19:07 UTC</createdTime>
<ownerDesignName>BPM_Event_data_model_diagram</ownerDesignName>
<nullsAllowed>true</nullsAllowed>
<useDomainConstraints>false</useDomainConstraints>
<use>1</use>
<logicalDatatype>LOGDT007</logicalDatatype>
<dataTypeSize>7</dataTypeSize>
<autoIncrementCycle>false</autoIncrementCycle>
</Column>
<Column class="oracle.dbtools.crest.model.design.relational.Column" name="BUE_ID" id="7D229E3D-AEF8-65A4-0EE1-1975802E7786">
<sourceConnName>nyecdrbk maxdat</sourceConnName>
<sourceObjSchema>BPM_INSTANCE_ATTRIBUTE</sourceObjSchema>
<sourceObjName>BUE_ID</sourceObjName>
<createdBy>50472</createdBy>
<createdTime>2013-08-08 16:19:07 UTC</createdTime>
<ownerDesignName>BPM_Event_data_model_diagram</ownerDesignName>
<useDomainConstraints>false</useDomainConstraints>
<use>1</use>
<logicalDatatype>LOGDT019</logicalDatatype>
<dataTypeSize>22</dataTypeSize>
<delegate>B03C713F-C86B-22F3-644C-CA51B37C0F86</delegate>
<autoIncrementCycle>false</autoIncrementCycle>
<associations>
<colAssociation fkAssociation="D5E60C6D-D0FE-1DA8-DF32-2DFF49A8F076" referredColumn="B03C713F-C86B-22F3-644C-CA51B37C0F86"/>
</associations>
</Column>
</columns>
<indexes>
<ind_PK_UK class="oracle.dbtools.crest.model.design.relational.Index" id="3C79DE8D-0B5B-5846-3617-6CE82EB6B421" name="BPM_INSTANCE_ATTRIBUTE_PK">
<sourceConnName>nyecdrbk maxdat</sourceConnName>
<sourceObjSchema>MAXDAT</sourceObjSchema>
<sourceObjName>BPM_INSTANCE_ATTRIBUTE_PK</sourceObjName>
<createdBy>50472</createdBy>
<createdTime>2013-08-08 16:19:09 UTC</createdTime>
<ownerDesignName>BPM_Event_data_model_diagram</ownerDesignName>
<pk>true</pk>
<indexState>Primary Constraint</indexState>
<indexColumnUsage>
<colUsage columnID="DD318E43-F4C7-D536-8443-838568BAA3C4"/>
</indexColumnUsage>
</ind_PK_UK>
<ind_PK_UK class="oracle.dbtools.crest.model.design.relational.Index" id="FF9B6D01-FECD-F496-AAA4-9BEC4328F422" name="BPM_INSTANCE_ATTRIBUTE_PK">
<sourceConnName>nyecdrbk maxdat</sourceConnName>
<sourceObjSchema>MAXDAT</sourceObjSchema>
<sourceObjName>BPM_INSTANCE_ATTRIBUTE_PK</sourceObjName>
<createdBy>50472</createdBy>
<createdTime>2013-08-08 16:19:08 UTC</createdTime>
<ownerDesignName>BPM_Event_data_model_diagram</ownerDesignName>
<schemaObject>0EBF03F6-AD2B-6345-8998-B45AA35F30F6</schemaObject>
<indexState>Unique Plain Index</indexState>
<indexColumnUsage>
<colUsage columnID="DD318E43-F4C7-D536-8443-838568BAA3C4"/>
</indexColumnUsage>
</ind_PK_UK>
<ind_PK_UK class="oracle.dbtools.crest.model.design.relational.Index" id="8FF4FF9A-4160-6351-2AEF-B081CB8087F5" name="BPM_INSTANCE_ATTRIBUTE_UNK1">
<sourceConnName>nyecdrbk maxdat</sourceConnName>
<sourceObjSchema>MAXDAT</sourceObjSchema>
<sourceObjName>BPM_INSTANCE_ATTRIBUTE_UNK1</sourceObjName>
<createdBy>50472</createdBy>
<createdTime>2013-08-08 16:19:08 UTC</createdTime>
<ownerDesignName>BPM_Event_data_model_diagram</ownerDesignName>
<schemaObject>0EBF03F6-AD2B-6345-8998-B45AA35F30F6</schemaObject>
<indexState>Unique Plain Index</indexState>
<indexColumnUsage>
<colUsage columnID="2E506361-8479-FD1B-3EB8-DD5C35CCF80C"/>
<colUsage columnID="297CF9C2-2D43-6739-D690-DB0F0B4FBAD9"/>
<colUsage columnID="58AA7DB9-358E-555B-B998-4CFE0DA6E21F"/>
<colUsage columnID="ED2542DF-1707-7FEE-E842-6C5B24190E34"/>
<colUsage columnID="7D229E3D-AEF8-65A4-0EE1-1975802E7786"/>
</indexColumnUsage>
</ind_PK_UK>
<ind_PK_UK class="oracle.dbtools.crest.model.design.relational.Index" id="12CE256B-0833-92F8-F3CB-F16B81D9D25E" name="BPM_INSTANCE_ATTRIBUTE_IX1">
<sourceConnName>nyecdrbk maxdat</sourceConnName>
<sourceObjSchema>MAXDAT</sourceObjSchema>
<sourceObjName>BPM_INSTANCE_ATTRIBUTE_IX1</sourceObjName>
<createdBy>50472</createdBy>
<createdTime>2013-08-08 16:19:08 UTC</createdTime>
<ownerDesignName>BPM_Event_data_model_diagram</ownerDesignName>
<schemaObject>0EBF03F6-AD2B-6345-8998-B45AA35F30F6</schemaObject>
<indexColumnUsage>
<colUsage columnID="2E506361-8479-FD1B-3EB8-DD5C35CCF80C"/>
<colUsage columnID="297CF9C2-2D43-6739-D690-DB0F0B4FBAD9"/>
<colUsage columnID="ED2542DF-1707-7FEE-E842-6C5B24190E34"/>
</indexColumnUsage>
</ind_PK_UK>
<ind_PK_UK class="oracle.dbtools.crest.model.design.relational.Index" id="7EDAC3C5-E2F7-B047-0C9A-97AC3D07A9BA" name="BPM_INSTANCE_ATTRIBUTE_IX2">
<sourceConnName>nyecdrbk maxdat</sourceConnName>
<sourceObjSchema>MAXDAT</sourceObjSchema>
<sourceObjName>BPM_INSTANCE_ATTRIBUTE_IX2</sourceObjName>
<createdBy>50472</createdBy>
<createdTime>2013-08-08 16:19:08 UTC</createdTime>
<ownerDesignName>BPM_Event_data_model_diagram</ownerDesignName>
<schemaObject>0EBF03F6-AD2B-6345-8998-B45AA35F30F6</schemaObject>
<indexColumnUsage>
<colUsage columnID="7D229E3D-AEF8-65A4-0EE1-1975802E7786"/>
</indexColumnUsage>
</ind_PK_UK>
<ind_PK_UK class="oracle.dbtools.crest.model.design.relational.Index" id="3D3C8916-5D88-7858-86E1-7563E638BCA6" name="BPM_INSTANCE_ATTRIBUTE_LX1">
<sourceConnName>nyecdrbk maxdat</sourceConnName>
<sourceObjSchema>MAXDAT</sourceObjSchema>
<sourceObjName>BPM_INSTANCE_ATTRIBUTE_LX1</sourceObjName>
<createdBy>50472</createdBy>
<createdTime>2013-08-08 16:19:08 UTC</createdTime>
<ownerDesignName>BPM_Event_data_model_diagram</ownerDesignName>
<schemaObject>0EBF03F6-AD2B-6345-8998-B45AA35F30F6</schemaObject>
<indexColumnUsage>
<colUsage columnID="2E506361-8479-FD1B-3EB8-DD5C35CCF80C"/>
</indexColumnUsage>
</ind_PK_UK>
<ind_PK_UK class="oracle.dbtools.crest.model.design.relational.Index" id="04723096-B664-2E07-F2A1-3A9082A1178C" name="BIA_BA_FK">
<createdBy>50472</createdBy>
<createdTime>2013-08-08 16:19:10 UTC</createdTime>
<ownerDesignName>BPM_Event_data_model_diagram</ownerDesignName>
<indexState>Foreign Key</indexState>
<indexColumnUsage>
<colUsage columnID="297CF9C2-2D43-6739-D690-DB0F0B4FBAD9"/>
</indexColumnUsage>
</ind_PK_UK>
<ind_PK_UK class="oracle.dbtools.crest.model.design.relational.Index" id="8A2ED8A1-39AF-438A-C4A3-DDAA0FA290EC" name="BIA_BI_FK">
<createdBy>50472</createdBy>
<createdTime>2013-08-08 16:19:10 UTC</createdTime>
<ownerDesignName>BPM_Event_data_model_diagram</ownerDesignName>
<indexState>Foreign Key</indexState>
<indexColumnUsage>
<colUsage columnID="2E506361-8479-FD1B-3EB8-DD5C35CCF80C"/>
</indexColumnUsage>
</ind_PK_UK>
<ind_PK_UK class="oracle.dbtools.crest.model.design.relational.Index" id="AAC8E3E6-C89E-BB66-D60B-15E8D8A644D2" name="BIA_BUE_FK">
<createdBy>50472</createdBy>
<createdTime>2013-08-08 16:19:10 UTC</createdTime>
<ownerDesignName>BPM_Event_data_model_diagram</ownerDesignName>
<indexState>Foreign Key</indexState>
<indexColumnUsage>
<colUsage columnID="7D229E3D-AEF8-65A4-0EE1-1975802E7786"/>
</indexColumnUsage>
</ind_PK_UK>
</indexes>
</Table>