<?xml version = '1.0' encoding = 'UTF-8'?>
<Table class="oracle.dbtools.crest.model.design.relational.Table" id="F898DF32-C625-ADCD-64E8-30BAB089C3F4" directorySegmentName="seg_0" name="BPM_LOGGING">
<sourceConnName>nyecdrbk maxdat</sourceConnName>
<sourceObjSchema>MAXDAT</sourceObjSchema>
<sourceObjName>BPM_LOGGING</sourceObjName>
<createdBy>50472</createdBy>
<createdTime>2013-08-08 16:19:06 UTC</createdTime>
<ownerDesignName>BPM_Event_data_model_diagram</ownerDesignName>
<schemaObject>0EBF03F6-AD2B-6345-8998-B45AA35F30F6</schemaObject>
<pkName>BPM_LOGGING_PK</pkName>
<fonts>
<FontObject class="oracle.dbtools.crest.model.design.FontObjectWr">
<foType>Title</foType>
<fontStyle>1</fontStyle>
<colorRGB>-16776961</colorRGB>
</FontObject>
<FontObject class="oracle.dbtools.crest.model.design.FontObjectWr">
<foType>Column</foType>
<colorRGB>-16777216</colorRGB>
</FontObject>
<FontObject class="oracle.dbtools.crest.model.design.FontObjectWr">
<foType>Datatype</foType>
<colorRGB>-16744448</colorRGB>
</FontObject>
<FontObject class="oracle.dbtools.crest.model.design.FontObjectWr">
<foType>PK Element</foType>
<colorRGB>-16776961</colorRGB>
</FontObject>
<FontObject class="oracle.dbtools.crest.model.design.FontObjectWr">
<foType>FK Element</foType>
<colorRGB>-16777216</colorRGB>
</FontObject>
<FontObject class="oracle.dbtools.crest.model.design.FontObjectWr">
<foType>UK Element</foType>
<colorRGB>-16776961</colorRGB>
</FontObject>
<FontObject class="oracle.dbtools.crest.model.design.FontObjectWr">
<foType>Not Null</foType>
<colorRGB>-65536</colorRGB>
</FontObject>
<FontObject class="oracle.dbtools.crest.model.design.FontObjectWr">
<foType>Key</foType>
<colorRGB>-16777216</colorRGB>
</FontObject>
</fonts>
<columns>
<Column class="oracle.dbtools.crest.model.design.relational.Column" name="BL_ID" id="63E08DB2-BEA7-EF52-281F-1F9A7E0570B7">
<sourceConnName>nyecdrbk maxdat</sourceConnName>
<sourceObjSchema>BPM_LOGGING</sourceObjSchema>
<sourceObjName>BL_ID</sourceObjName>
<createdBy>50472</createdBy>
<createdTime>2013-08-08 16:19:07 UTC</createdTime>
<ownerDesignName>BPM_Event_data_model_diagram</ownerDesignName>
<useDomainConstraints>false</useDomainConstraints>
<use>1</use>
<logicalDatatype>LOGDT019</logicalDatatype>
<dataTypeSize>22</dataTypeSize>
<autoIncrementCycle>false</autoIncrementCycle>
</Column>
<Column class="oracle.dbtools.crest.model.design.relational.Column" name="LOG_DATE" id="6DBB6E67-44F2-279C-F529-0D4767A11A38">
<sourceConnName>nyecdrbk maxdat</sourceConnName>
<sourceObjSchema>BPM_LOGGING</sourceObjSchema>
<sourceObjName>LOG_DATE</sourceObjName>
<createdBy>50472</createdBy>
<createdTime>2013-08-08 16:19:07 UTC</createdTime>
<ownerDesignName>BPM_Event_data_model_diagram</ownerDesignName>
<useDomainConstraints>false</useDomainConstraints>
<use>1</use>
<logicalDatatype>LOGDT007</logicalDatatype>
<dataTypeSize>7</dataTypeSize>
<autoIncrementCycle>false</autoIncrementCycle>
</Column>
<Column class="oracle.dbtools.crest.model.design.relational.Column" name="LOG_LEVEL" id="12828A8B-0540-0A54-F1E6-0144FB8D5D9E">
<sourceConnName>nyecdrbk maxdat</sourceConnName>
<sourceObjSchema>BPM_LOGGING</sourceObjSchema>
<sourceObjName>LOG_LEVEL</sourceObjName>
<createdBy>50472</createdBy>
<createdTime>2013-08-08 16:19:07 UTC</createdTime>
<ownerDesignName>BPM_Event_data_model_diagram</ownerDesignName>
<constraintName>BPM_LOGGING_LOG_LEVEL_CK</constraintName>
<useDomainConstraints>false</useDomainConstraints>
<use>1</use>
<logicalDatatype>LOGDT024</logicalDatatype>
<dataTypeSize>7 BYTE</dataTypeSize>
<listOfValues>
<valueDef value="&apos;CONFIG&apos;" description=""/>
<valueDef value="&apos;FINE&apos;" description=""/>
<valueDef value="&apos;FINER&apos;" description=""/>
<valueDef value="&apos;FINEST&apos;" description=""/>
<valueDef value="&apos;INFO&apos;" description=""/>
<valueDef value="&apos;SEVERE&apos;" description=""/>
<valueDef value="&apos;WARNING&apos;" description=""/>
</listOfValues>
<autoIncrementCycle>false</autoIncrementCycle>
</Column>
<Column class="oracle.dbtools.crest.model.design.relational.Column" name="PBQJ_ID" id="0777B888-36E8-87BB-2EF7-583656F507E7">
<sourceConnName>nyecdrbk maxdat</sourceConnName>
<sourceObjSchema>BPM_LOGGING</sourceObjSchema>
<sourceObjName>PBQJ_ID</sourceObjName>
<createdBy>50472</createdBy>
<createdTime>2013-08-08 16:19:07 UTC</createdTime>
<ownerDesignName>BPM_Event_data_model_diagram</ownerDesignName>
<nullsAllowed>true</nullsAllowed>
<useDomainConstraints>false</useDomainConstraints>
<use>1</use>
<logicalDatatype>LOGDT019</logicalDatatype>
<dataTypeSize>22</dataTypeSize>
<autoIncrementCycle>false</autoIncrementCycle>
</Column>
<Column class="oracle.dbtools.crest.model.design.relational.Column" name="RUN_DATA_OBJECT" id="4F96CB26-9B97-E971-EF3F-F2193C439FF8">
<sourceConnName>nyecdrbk maxdat</sourceConnName>
<sourceObjSchema>BPM_LOGGING</sourceObjSchema>
<sourceObjName>RUN_DATA_OBJECT</sourceObjName>
<createdBy>50472</createdBy>
<createdTime>2013-08-08 16:19:07 UTC</createdTime>
<ownerDesignName>BPM_Event_data_model_diagram</ownerDesignName>
<nullsAllowed>true</nullsAllowed>
<useDomainConstraints>false</useDomainConstraints>
<use>1</use>
<logicalDatatype>LOGDT024</logicalDatatype>
<dataTypeSize>61 BYTE</dataTypeSize>
<autoIncrementCycle>false</autoIncrementCycle>
</Column>
<Column class="oracle.dbtools.crest.model.design.relational.Column" name="BSL_ID" id="01EC3E27-CE05-F88C-6D5C-36E81DCD4EEB">
<sourceConnName>nyecdrbk maxdat</sourceConnName>
<sourceObjSchema>BPM_LOGGING</sourceObjSchema>
<sourceObjName>BSL_ID</sourceObjName>
<createdBy>50472</createdBy>
<createdTime>2013-08-08 16:19:07 UTC</createdTime>
<ownerDesignName>BPM_Event_data_model_diagram</ownerDesignName>
<nullsAllowed>true</nullsAllowed>
<useDomainConstraints>false</useDomainConstraints>
<use>1</use>
<logicalDatatype>LOGDT019</logicalDatatype>
<dataTypeSize>22</dataTypeSize>
<autoIncrementCycle>false</autoIncrementCycle>
</Column>
<Column class="oracle.dbtools.crest.model.design.relational.Column" name="BIL_ID" id="E3459824-1F14-6662-1035-3DDDD8DB1BD9">
<sourceConnName>nyecdrbk maxdat</sourceConnName>
<sourceObjSchema>BPM_LOGGING</sourceObjSchema>
<sourceObjName>BIL_ID</sourceObjName>
<createdBy>50472</createdBy>
<createdTime>2013-08-08 16:19:07 UTC</createdTime>
<ownerDesignName>BPM_Event_data_model_diagram</ownerDesignName>
<nullsAllowed>true</nullsAllowed>
<useDomainConstraints>false</useDomainConstraints>
<use>1</use>
<logicalDatatype>LOGDT019</logicalDatatype>
<dataTypeSize>22</dataTypeSize>
<autoIncrementCycle>false</autoIncrementCycle>
</Column>
<Column class="oracle.dbtools.crest.model.design.relational.Column" name="IDENTIFIER" id="A304CA7B-2214-27F5-443C-18154A62EA9D">
<sourceConnName>nyecdrbk maxdat</sourceConnName>
<sourceObjSchema>BPM_LOGGING</sourceObjSchema>
<sourceObjName>IDENTIFIER</sourceObjName>
<createdBy>50472</createdBy>
<createdTime>2013-08-08 16:19:07 UTC</createdTime>
<ownerDesignName>BPM_Event_data_model_diagram</ownerDesignName>
<nullsAllowed>true</nullsAllowed>
<useDomainConstraints>false</useDomainConstraints>
<use>1</use>
<logicalDatatype>LOGDT024</logicalDatatype>
<dataTypeSize>35 BYTE</dataTypeSize>
<autoIncrementCycle>false</autoIncrementCycle>
</Column>
<Column class="oracle.dbtools.crest.model.design.relational.Column" name="BI_ID" id="180786BA-2024-D71E-CEDF-799213D719FC">
<sourceConnName>nyecdrbk maxdat</sourceConnName>
<sourceObjSchema>BPM_LOGGING</sourceObjSchema>
<sourceObjName>BI_ID</sourceObjName>
<createdBy>50472</createdBy>
<createdTime>2013-08-08 16:19:07 UTC</createdTime>
<ownerDesignName>BPM_Event_data_model_diagram</ownerDesignName>
<nullsAllowed>true</nullsAllowed>
<useDomainConstraints>false</useDomainConstraints>
<use>1</use>
<logicalDatatype>LOGDT019</logicalDatatype>
<dataTypeSize>22</dataTypeSize>
<autoIncrementCycle>false</autoIncrementCycle>
</Column>
<Column class="oracle.dbtools.crest.model.design.relational.Column" name="BA_ID" id="2B9FEB5D-8EC7-6C65-1335-257046530EBF">
<sourceConnName>nyecdrbk maxdat</sourceConnName>
<sourceObjSchema>BPM_LOGGING</sourceObjSchema>
<sourceObjName>BA_ID</sourceObjName>
<createdBy>50472</createdBy>
<createdTime>2013-08-08 16:19:07 UTC</createdTime>
<ownerDesignName>BPM_Event_data_model_diagram</ownerDesignName>
<nullsAllowed>true</nullsAllowed>
<useDomainConstraints>false</useDomainConstraints>
<use>1</use>
<logicalDatatype>LOGDT019</logicalDatatype>
<dataTypeSize>22</dataTypeSize>
<autoIncrementCycle>false</autoIncrementCycle>
</Column>
<Column class="oracle.dbtools.crest.model.design.relational.Column" name="MESSAGE" id="C0267FD1-111E-8A7A-9E23-E655027ADAF1">
<sourceConnName>nyecdrbk maxdat</sourceConnName>
<sourceObjSchema>BPM_LOGGING</sourceObjSchema>
<sourceObjName>MESSAGE</sourceObjName>
<createdBy>50472</createdBy>
<createdTime>2013-08-08 16:19:07 UTC</createdTime>
<ownerDesignName>BPM_Event_data_model_diagram</ownerDesignName>
<nullsAllowed>true</nullsAllowed>
<useDomainConstraints>false</useDomainConstraints>
<use>1</use>
<logicalDatatype>LOGDT028</logicalDatatype>
<dataTypeSize>4000</dataTypeSize>
<autoIncrementCycle>false</autoIncrementCycle>
</Column>
<Column class="oracle.dbtools.crest.model.design.relational.Column" name="ERROR_NUMBER" id="BFA912A3-78E1-55BD-4146-39D03E78C1A8">
<sourceConnName>nyecdrbk maxdat</sourceConnName>
<sourceObjSchema>BPM_LOGGING</sourceObjSchema>
<sourceObjName>ERROR_NUMBER</sourceObjName>
<createdBy>50472</createdBy>
<createdTime>2013-08-08 16:19:07 UTC</createdTime>
<ownerDesignName>BPM_Event_data_model_diagram</ownerDesignName>
<nullsAllowed>true</nullsAllowed>
<useDomainConstraints>false</useDomainConstraints>
<use>1</use>
<logicalDatatype>LOGDT019</logicalDatatype>
<dataTypeSize>22</dataTypeSize>
<autoIncrementCycle>false</autoIncrementCycle>
</Column>
<Column class="oracle.dbtools.crest.model.design.relational.Column" name="BACKTRACE" id="53FDE7B1-94F0-6EF5-3BBC-D495CB30F50F">
<sourceConnName>nyecdrbk maxdat</sourceConnName>
<sourceObjSchema>BPM_LOGGING</sourceObjSchema>
<sourceObjName>BACKTRACE</sourceObjName>
<createdBy>50472</createdBy>
<createdTime>2013-08-08 16:19:07 UTC</createdTime>
<ownerDesignName>BPM_Event_data_model_diagram</ownerDesignName>
<nullsAllowed>true</nullsAllowed>
<useDomainConstraints>false</useDomainConstraints>
<use>1</use>
<logicalDatatype>LOGDT028</logicalDatatype>
<dataTypeSize>4000</dataTypeSize>
<autoIncrementCycle>false</autoIncrementCycle>
</Column>
</columns>
<indexes>
<ind_PK_UK class="oracle.dbtools.crest.model.design.relational.Index" id="952582E6-5290-F078-D56D-445F56742F25" name="BPM_LOGGING_PK">
<sourceConnName>nyecdrbk maxdat</sourceConnName>
<sourceObjSchema>MAXDAT</sourceObjSchema>
<sourceObjName>BPM_LOGGING_PK</sourceObjName>
<createdBy>50472</createdBy>
<createdTime>2013-08-08 16:19:09 UTC</createdTime>
<ownerDesignName>BPM_Event_data_model_diagram</ownerDesignName>
<pk>true</pk>
<indexState>Primary Constraint</indexState>
<indexColumnUsage>
<colUsage columnID="63E08DB2-BEA7-EF52-281F-1F9A7E0570B7"/>
</indexColumnUsage>
</ind_PK_UK>
<ind_PK_UK class="oracle.dbtools.crest.model.design.relational.Index" id="2D983B4B-CFC7-AC1E-590E-0C843D08DA50" name="BPM_LOGGING_PK">
<sourceConnName>nyecdrbk maxdat</sourceConnName>
<sourceObjSchema>MAXDAT</sourceObjSchema>
<sourceObjName>BPM_LOGGING_PK</sourceObjName>
<createdBy>50472</createdBy>
<createdTime>2013-08-08 16:19:08 UTC</createdTime>
<ownerDesignName>BPM_Event_data_model_diagram</ownerDesignName>
<schemaObject>0EBF03F6-AD2B-6345-8998-B45AA35F30F6</schemaObject>
<indexState>Unique Plain Index</indexState>
<indexColumnUsage>
<colUsage columnID="63E08DB2-BEA7-EF52-281F-1F9A7E0570B7"/>
</indexColumnUsage>
</ind_PK_UK>
<ind_PK_UK class="oracle.dbtools.crest.model.design.relational.Index" id="F72CF171-2560-E50A-4C2D-1736684AD75B" name="BPM_LOGGING_LX1">
<sourceConnName>nyecdrbk maxdat</sourceConnName>
<sourceObjSchema>MAXDAT</sourceObjSchema>
<sourceObjName>BPM_LOGGING_LX1</sourceObjName>
<createdBy>50472</createdBy>
<createdTime>2013-08-08 16:19:08 UTC</createdTime>
<ownerDesignName>BPM_Event_data_model_diagram</ownerDesignName>
<schemaObject>0EBF03F6-AD2B-6345-8998-B45AA35F30F6</schemaObject>
<indexColumnUsage>
<colUsage columnID="6DBB6E67-44F2-279C-F529-0D4767A11A38"/>
</indexColumnUsage>
</ind_PK_UK>
</indexes>
</Table>