<?xml version = '1.0' encoding = 'UTF-8'?>
<Table class="oracle.dbtools.crest.model.design.relational.Table" id="F9191379-A633-15D4-112E-17E3CB31A468" directorySegmentName="seg_0" name="BPM_ATTRIBUTE">
<sourceConnName>nyecdrbk maxdat</sourceConnName>
<sourceObjSchema>MAXDAT</sourceObjSchema>
<sourceObjName>BPM_ATTRIBUTE</sourceObjName>
<createdBy>50472</createdBy>
<createdTime>2013-08-08 16:19:06 UTC</createdTime>
<ownerDesignName>BPM_Event_data_model_diagram</ownerDesignName>
<schemaObject>0EBF03F6-AD2B-6345-8998-B45AA35F30F6</schemaObject>
<pkName>BPM_ATTRIBUTE_PK</pkName>
<fonts>
<FontObject class="oracle.dbtools.crest.model.design.FontObjectWr">
<foType>Title</foType>
<fontStyle>1</fontStyle>
<colorRGB>-16776961</colorRGB>
</FontObject>
<FontObject class="oracle.dbtools.crest.model.design.FontObjectWr">
<foType>Column</foType>
<colorRGB>-16777216</colorRGB>
</FontObject>
<FontObject class="oracle.dbtools.crest.model.design.FontObjectWr">
<foType>Datatype</foType>
<colorRGB>-16744448</colorRGB>
</FontObject>
<FontObject class="oracle.dbtools.crest.model.design.FontObjectWr">
<foType>PK Element</foType>
<colorRGB>-16776961</colorRGB>
</FontObject>
<FontObject class="oracle.dbtools.crest.model.design.FontObjectWr">
<foType>FK Element</foType>
<colorRGB>-16777216</colorRGB>
</FontObject>
<FontObject class="oracle.dbtools.crest.model.design.FontObjectWr">
<foType>UK Element</foType>
<colorRGB>-16776961</colorRGB>
</FontObject>
<FontObject class="oracle.dbtools.crest.model.design.FontObjectWr">
<foType>Not Null</foType>
<colorRGB>-65536</colorRGB>
</FontObject>
<FontObject class="oracle.dbtools.crest.model.design.FontObjectWr">
<foType>Key</foType>
<colorRGB>-16777216</colorRGB>
</FontObject>
</fonts>
<columns>
<Column class="oracle.dbtools.crest.model.design.relational.Column" name="BA_ID" id="2FC78883-5B19-1442-BCBD-78B73DE48332">
<sourceConnName>nyecdrbk maxdat</sourceConnName>
<sourceObjSchema>BPM_ATTRIBUTE</sourceObjSchema>
<sourceObjName>BA_ID</sourceObjName>
<createdBy>50472</createdBy>
<createdTime>2013-08-08 16:19:07 UTC</createdTime>
<ownerDesignName>BPM_Event_data_model_diagram</ownerDesignName>
<useDomainConstraints>false</useDomainConstraints>
<use>1</use>
<logicalDatatype>LOGDT019</logicalDatatype>
<dataTypeSize>22</dataTypeSize>
<autoIncrementCycle>false</autoIncrementCycle>
</Column>
<Column class="oracle.dbtools.crest.model.design.relational.Column" name="BAL_ID" id="A6C33F18-670B-95FA-E933-EBF2F9841E8A">
<sourceConnName>nyecdrbk maxdat</sourceConnName>
<sourceObjSchema>BPM_ATTRIBUTE</sourceObjSchema>
<sourceObjName>BAL_ID</sourceObjName>
<createdBy>50472</createdBy>
<createdTime>2013-08-08 16:19:07 UTC</createdTime>
<ownerDesignName>BPM_Event_data_model_diagram</ownerDesignName>
<useDomainConstraints>false</useDomainConstraints>
<use>1</use>
<logicalDatatype>LOGDT019</logicalDatatype>
<dataTypeSize>22</dataTypeSize>
<delegate>4B75B903-14C4-999D-640C-FA3AB1A6C777</delegate>
<autoIncrementCycle>false</autoIncrementCycle>
<associations>
<colAssociation fkAssociation="1A860A14-3FDD-5DD9-AA20-0FD17A7DF8A1" referredColumn="4B75B903-14C4-999D-640C-FA3AB1A6C777"/>
</associations>
</Column>
<Column class="oracle.dbtools.crest.model.design.relational.Column" name="BEM_ID" id="82650E34-E82E-C004-F398-896D79B9F7D3">
<sourceConnName>nyecdrbk maxdat</sourceConnName>
<sourceObjSchema>BPM_ATTRIBUTE</sourceObjSchema>
<sourceObjName>BEM_ID</sourceObjName>
<createdBy>50472</createdBy>
<createdTime>2013-08-08 16:19:07 UTC</createdTime>
<ownerDesignName>BPM_Event_data_model_diagram</ownerDesignName>
<useDomainConstraints>false</useDomainConstraints>
<use>1</use>
<logicalDatatype>LOGDT019</logicalDatatype>
<dataTypeSize>22</dataTypeSize>
<delegate>ECB1D75B-BE72-E8F3-124C-29003D0E3364</delegate>
<autoIncrementCycle>false</autoIncrementCycle>
<associations>
<colAssociation fkAssociation="EB95C01E-F672-D0B5-015D-3121B54B9E8A" referredColumn="ECB1D75B-BE72-E8F3-124C-29003D0E3364"/>
</associations>
</Column>
<Column class="oracle.dbtools.crest.model.design.relational.Column" name="WHEN_POPULATED" id="68B22ACC-8621-226F-A1D1-15E3360B9FA0">
<sourceConnName>nyecdrbk maxdat</sourceConnName>
<sourceObjSchema>BPM_ATTRIBUTE</sourceObjSchema>
<sourceObjName>WHEN_POPULATED</sourceObjName>
<createdBy>50472</createdBy>
<createdTime>2013-08-08 16:19:07 UTC</createdTime>
<ownerDesignName>BPM_Event_data_model_diagram</ownerDesignName>
<constraintName>BPM_ATTRIBUTE_CK0</constraintName>
<useDomainConstraints>false</useDomainConstraints>
<use>1</use>
<logicalDatatype>LOGDT024</logicalDatatype>
<dataTypeSize>30 BYTE</dataTypeSize>
<listOfValues>
<valueDef value="&apos;BOTH&apos;" description=""/>
<valueDef value="&apos;CREATE&apos;" description=""/>
<valueDef value="&apos;UPDATE&apos;" description=""/>
</listOfValues>
<autoIncrementCycle>false</autoIncrementCycle>
</Column>
<Column class="oracle.dbtools.crest.model.design.relational.Column" name="EFFECTIVE_DATE" id="CC7A31A4-ACBF-DC75-FA58-822D7A9FF273">
<sourceConnName>nyecdrbk maxdat</sourceConnName>
<sourceObjSchema>BPM_ATTRIBUTE</sourceObjSchema>
<sourceObjName>EFFECTIVE_DATE</sourceObjName>
<createdBy>50472</createdBy>
<createdTime>2013-08-08 16:19:07 UTC</createdTime>
<ownerDesignName>BPM_Event_data_model_diagram</ownerDesignName>
<useDomainConstraints>false</useDomainConstraints>
<use>1</use>
<logicalDatatype>LOGDT007</logicalDatatype>
<dataTypeSize>7</dataTypeSize>
<autoIncrementCycle>false</autoIncrementCycle>
</Column>
<Column class="oracle.dbtools.crest.model.design.relational.Column" name="END_DATE" id="FDABDD06-FEEA-8999-635E-CF58994228D3">
<sourceConnName>nyecdrbk maxdat</sourceConnName>
<sourceObjSchema>BPM_ATTRIBUTE</sourceObjSchema>
<sourceObjName>END_DATE</sourceObjName>
<createdBy>50472</createdBy>
<createdTime>2013-08-08 16:19:07 UTC</createdTime>
<ownerDesignName>BPM_Event_data_model_diagram</ownerDesignName>
<useDomainConstraints>false</useDomainConstraints>
<use>1</use>
<logicalDatatype>LOGDT007</logicalDatatype>
<dataTypeSize>7</dataTypeSize>
<autoIncrementCycle>false</autoIncrementCycle>
</Column>
<Column class="oracle.dbtools.crest.model.design.relational.Column" name="RETAIN_HISTORY_FLAG" id="203AE162-0EAD-D593-8B16-45CA0BA3104A">
<sourceConnName>nyecdrbk maxdat</sourceConnName>
<sourceObjSchema>BPM_ATTRIBUTE</sourceObjSchema>
<sourceObjName>RETAIN_HISTORY_FLAG</sourceObjName>
<createdBy>50472</createdBy>
<createdTime>2013-08-08 16:19:07 UTC</createdTime>
<ownerDesignName>BPM_Event_data_model_diagram</ownerDesignName>
<constraintName>BA_RETAIN_HISTORY_FLAG_CK</constraintName>
<nullsAllowed>true</nullsAllowed>
<useDomainConstraints>false</useDomainConstraints>
<use>1</use>
<logicalDatatype>LOGDT024</logicalDatatype>
<dataTypeSize>1 BYTE</dataTypeSize>
<listOfValues>
<valueDef value="&apos;N&apos;" description=""/>
<valueDef value="&apos;Y&apos;" description=""/>
</listOfValues>
<autoIncrementCycle>false</autoIncrementCycle>
</Column>
</columns>
<indexes>
<ind_PK_UK class="oracle.dbtools.crest.model.design.relational.Index" id="021A6F03-4972-2CE5-2A10-1C80E959501A" name="BPM_ATTRIBUTE_PK">
<sourceConnName>nyecdrbk maxdat</sourceConnName>
<sourceObjSchema>MAXDAT</sourceObjSchema>
<sourceObjName>BPM_ATTRIBUTE_PK</sourceObjName>
<createdBy>50472</createdBy>
<createdTime>2013-08-08 16:19:09 UTC</createdTime>
<ownerDesignName>BPM_Event_data_model_diagram</ownerDesignName>
<pk>true</pk>
<indexState>Primary Constraint</indexState>
<indexColumnUsage>
<colUsage columnID="2FC78883-5B19-1442-BCBD-78B73DE48332"/>
</indexColumnUsage>
</ind_PK_UK>
<ind_PK_UK class="oracle.dbtools.crest.model.design.relational.Index" id="1E0F42F2-4BBA-70F7-19CC-D716FE59F588" name="BPM_ATTRIBUTE_UNK">
<sourceConnName>nyecdrbk maxdat</sourceConnName>
<sourceObjSchema>MAXDAT</sourceObjSchema>
<sourceObjName>BPM_ATTRIBUTE_UNK</sourceObjName>
<createdBy>50472</createdBy>
<createdTime>2013-08-08 16:19:09 UTC</createdTime>
<ownerDesignName>BPM_Event_data_model_diagram</ownerDesignName>
<indexState>Unique Constraint</indexState>
<indexColumnUsage>
<colUsage columnID="A6C33F18-670B-95FA-E933-EBF2F9841E8A"/>
<colUsage columnID="82650E34-E82E-C004-F398-896D79B9F7D3"/>
<colUsage columnID="CC7A31A4-ACBF-DC75-FA58-822D7A9FF273"/>
</indexColumnUsage>
</ind_PK_UK>
<ind_PK_UK class="oracle.dbtools.crest.model.design.relational.Index" id="0DDE5FD4-4F45-35B0-101B-D57FCE7B9AD4" name="BPM_ATTRIBUTE_PK">
<sourceConnName>nyecdrbk maxdat</sourceConnName>
<sourceObjSchema>MAXDAT</sourceObjSchema>
<sourceObjName>BPM_ATTRIBUTE_PK</sourceObjName>
<createdBy>50472</createdBy>
<createdTime>2013-08-08 16:19:08 UTC</createdTime>
<ownerDesignName>BPM_Event_data_model_diagram</ownerDesignName>
<schemaObject>0EBF03F6-AD2B-6345-8998-B45AA35F30F6</schemaObject>
<indexState>Unique Plain Index</indexState>
<indexColumnUsage>
<colUsage columnID="2FC78883-5B19-1442-BCBD-78B73DE48332"/>
</indexColumnUsage>
</ind_PK_UK>
<ind_PK_UK class="oracle.dbtools.crest.model.design.relational.Index" id="21CCC6B4-5900-4629-4D26-9AC2F599BE17" name="BPM_ATTRIBUTE_UNK">
<sourceConnName>nyecdrbk maxdat</sourceConnName>
<sourceObjSchema>MAXDAT</sourceObjSchema>
<sourceObjName>BPM_ATTRIBUTE_UNK</sourceObjName>
<createdBy>50472</createdBy>
<createdTime>2013-08-08 16:19:08 UTC</createdTime>
<ownerDesignName>BPM_Event_data_model_diagram</ownerDesignName>
<schemaObject>0EBF03F6-AD2B-6345-8998-B45AA35F30F6</schemaObject>
<indexState>Unique Plain Index</indexState>
<indexColumnUsage>
<colUsage columnID="A6C33F18-670B-95FA-E933-EBF2F9841E8A"/>
<colUsage columnID="82650E34-E82E-C004-F398-896D79B9F7D3"/>
<colUsage columnID="CC7A31A4-ACBF-DC75-FA58-822D7A9FF273"/>
</indexColumnUsage>
</ind_PK_UK>
<ind_PK_UK class="oracle.dbtools.crest.model.design.relational.Index" id="EC2BE569-4789-E2ED-5BD2-4FE028F1563C" name="BA_BAL_FK">
<createdBy>50472</createdBy>
<createdTime>2013-08-08 16:19:10 UTC</createdTime>
<ownerDesignName>BPM_Event_data_model_diagram</ownerDesignName>
<indexState>Foreign Key</indexState>
<indexColumnUsage>
<colUsage columnID="A6C33F18-670B-95FA-E933-EBF2F9841E8A"/>
</indexColumnUsage>
</ind_PK_UK>
<ind_PK_UK class="oracle.dbtools.crest.model.design.relational.Index" id="335CD76E-B842-6FE7-6558-F425FC20F2EF" name="BA_BEM_FK">
<createdBy>50472</createdBy>
<createdTime>2013-08-08 16:19:10 UTC</createdTime>
<ownerDesignName>BPM_Event_data_model_diagram</ownerDesignName>
<indexState>Foreign Key</indexState>
<indexColumnUsage>
<colUsage columnID="82650E34-E82E-C004-F398-896D79B9F7D3"/>
</indexColumnUsage>
</ind_PK_UK>
</indexes>
</Table>