<?xml version = '1.0' encoding = 'UTF-8'?>
<Table class="oracle.dbtools.crest.model.design.relational.Table" id="FFDB8D34-82C2-E8CD-9F35-A6B6FAFD8DD5" directorySegmentName="seg_0" name="PROCESS_BPM_QUEUE_JOB_CTRL_CFG">
<sourceConnName>nyecdrbk maxdat</sourceConnName>
<sourceObjSchema>MAXDAT</sourceObjSchema>
<sourceObjName>PROCESS_BPM_QUEUE_JOB_CTRL_CFG</sourceObjName>
<createdBy>50472</createdBy>
<createdTime>2013-08-08 16:19:06 UTC</createdTime>
<ownerDesignName>BPM_Event_data_model_diagram</ownerDesignName>
<schemaObject>0EBF03F6-AD2B-6345-8998-B45AA35F30F6</schemaObject>
<fonts>
<FontObject class="oracle.dbtools.crest.model.design.FontObjectWr">
<foType>Title</foType>
<fontStyle>1</fontStyle>
<colorRGB>-16776961</colorRGB>
</FontObject>
<FontObject class="oracle.dbtools.crest.model.design.FontObjectWr">
<foType>Column</foType>
<colorRGB>-16777216</colorRGB>
</FontObject>
<FontObject class="oracle.dbtools.crest.model.design.FontObjectWr">
<foType>Datatype</foType>
<colorRGB>-16744448</colorRGB>
</FontObject>
<FontObject class="oracle.dbtools.crest.model.design.FontObjectWr">
<foType>PK Element</foType>
<colorRGB>-16776961</colorRGB>
</FontObject>
<FontObject class="oracle.dbtools.crest.model.design.FontObjectWr">
<foType>FK Element</foType>
<colorRGB>-16777216</colorRGB>
</FontObject>
<FontObject class="oracle.dbtools.crest.model.design.FontObjectWr">
<foType>UK Element</foType>
<colorRGB>-16776961</colorRGB>
</FontObject>
<FontObject class="oracle.dbtools.crest.model.design.FontObjectWr">
<foType>Not Null</foType>
<colorRGB>-65536</colorRGB>
</FontObject>
<FontObject class="oracle.dbtools.crest.model.design.FontObjectWr">
<foType>Key</foType>
<colorRGB>-16777216</colorRGB>
</FontObject>
</fonts>
<columns>
<Column class="oracle.dbtools.crest.model.design.relational.Column" name="MAX_TOTAL_NUM_JOBS" id="0D62560F-BB53-AB6D-0573-3B0F83B70C18">
<sourceConnName>nyecdrbk maxdat</sourceConnName>
<sourceObjSchema>PROCESS_BPM_QUEUE_JOB_CTRL_CFG</sourceObjSchema>
<sourceObjName>MAX_TOTAL_NUM_JOBS</sourceObjName>
<createdBy>50472</createdBy>
<createdTime>2013-08-08 16:19:07 UTC</createdTime>
<ownerDesignName>BPM_Event_data_model_diagram</ownerDesignName>
<constraintName>PBQJCC_TOTAL_MAX_NUM_JOBS_CK</constraintName>
<useDomainConstraints>false</useDomainConstraints>
<use>1</use>
<logicalDatatype>LOGDT019</logicalDatatype>
<dataTypePrecision>4</dataTypePrecision>
<checkConstraint>
<implementationDef dbType="Oracle Database 11g" definition="MAX_TOTAL_NUM_JOBS &gt;= 0"/>
</checkConstraint>
<autoIncrementCycle>false</autoIncrementCycle>
</Column>
<Column class="oracle.dbtools.crest.model.design.relational.Column" name="NUM_JOBS_TO_DEL_DURING_ADJUST" id="11EB7019-454C-650B-D4F9-19DDE4491DBC">
<sourceConnName>nyecdrbk maxdat</sourceConnName>
<sourceObjSchema>PROCESS_BPM_QUEUE_JOB_CTRL_CFG</sourceObjSchema>
<sourceObjName>NUM_JOBS_TO_DEL_DURING_ADJUST</sourceObjName>
<createdBy>50472</createdBy>
<createdTime>2013-08-08 16:19:07 UTC</createdTime>
<ownerDesignName>BPM_Event_data_model_diagram</ownerDesignName>
<constraintName>PBQJCC_NUM_JOBS_TO_DEL_ADJ_CK</constraintName>
<useDomainConstraints>false</useDomainConstraints>
<use>1</use>
<logicalDatatype>LOGDT019</logicalDatatype>
<dataTypePrecision>3</dataTypePrecision>
<checkConstraint>
<implementationDef dbType="Oracle Database 11g" definition="NUM_JOBS_TO_DEL_DURING_ADJUST &gt;= 0"/>
</checkConstraint>
<autoIncrementCycle>false</autoIncrementCycle>
</Column>
<Column class="oracle.dbtools.crest.model.design.relational.Column" name="NUM_JOBS_TO_ADD_DURING_ADJUST" id="8BA20BAA-568F-E710-045A-DA1921F771B2">
<sourceConnName>nyecdrbk maxdat</sourceConnName>
<sourceObjSchema>PROCESS_BPM_QUEUE_JOB_CTRL_CFG</sourceObjSchema>
<sourceObjName>NUM_JOBS_TO_ADD_DURING_ADJUST</sourceObjName>
<createdBy>50472</createdBy>
<createdTime>2013-08-08 16:19:07 UTC</createdTime>
<ownerDesignName>BPM_Event_data_model_diagram</ownerDesignName>
<constraintName>PBQJCC_NUM_JOBS_TO_ADD_ADJ_CK</constraintName>
<useDomainConstraints>false</useDomainConstraints>
<use>1</use>
<logicalDatatype>LOGDT019</logicalDatatype>
<dataTypePrecision>3</dataTypePrecision>
<checkConstraint>
<implementationDef dbType="Oracle Database 11g" definition="NUM_JOBS_TO_ADD_DURING_ADJUST &gt;= 0"/>
</checkConstraint>
<autoIncrementCycle>false</autoIncrementCycle>
</Column>
<Column class="oracle.dbtools.crest.model.design.relational.Column" name="NUM_GROUP_CYCLES_BEFORE_ADD" id="EA0692EF-907C-165C-23F5-9DF0BDD9D1E7">
<sourceConnName>nyecdrbk maxdat</sourceConnName>
<sourceObjSchema>PROCESS_BPM_QUEUE_JOB_CTRL_CFG</sourceObjSchema>
<sourceObjName>NUM_GROUP_CYCLES_BEFORE_ADD</sourceObjName>
<createdBy>50472</createdBy>
<createdTime>2013-08-08 16:19:07 UTC</createdTime>
<ownerDesignName>BPM_Event_data_model_diagram</ownerDesignName>
<constraintName>PBQJCC_NUM_GC_BEFORE_ADD_CK</constraintName>
<useDomainConstraints>false</useDomainConstraints>
<use>1</use>
<logicalDatatype>LOGDT019</logicalDatatype>
<dataTypePrecision>3</dataTypePrecision>
<checkConstraint>
<implementationDef dbType="Oracle Database 11g" definition="NUM_GROUP_CYCLES_BEFORE_ADD &gt;= 0"/>
</checkConstraint>
<autoIncrementCycle>false</autoIncrementCycle>
</Column>
<Column class="oracle.dbtools.crest.model.design.relational.Column" name="CONTROL_JOB_SLEEP_SECONDS" id="9FDE7B83-D14C-C249-8B28-305E7E451E1D">
<sourceConnName>nyecdrbk maxdat</sourceConnName>
<sourceObjSchema>PROCESS_BPM_QUEUE_JOB_CTRL_CFG</sourceObjSchema>
<sourceObjName>CONTROL_JOB_SLEEP_SECONDS</sourceObjName>
<createdBy>50472</createdBy>
<createdTime>2013-08-08 16:19:07 UTC</createdTime>
<ownerDesignName>BPM_Event_data_model_diagram</ownerDesignName>
<useDomainConstraints>false</useDomainConstraints>
<use>1</use>
<logicalDatatype>LOGDT019</logicalDatatype>
<dataTypePrecision>5</dataTypePrecision>
<autoIncrementCycle>false</autoIncrementCycle>
</Column>
<Column class="oracle.dbtools.crest.model.design.relational.Column" name="LOCK_TIMEOUT_SECONDS" id="9BD64A9F-1BF9-0C68-33A1-AFC03983292C">
<sourceConnName>nyecdrbk maxdat</sourceConnName>
<sourceObjSchema>PROCESS_BPM_QUEUE_JOB_CTRL_CFG</sourceObjSchema>
<sourceObjName>LOCK_TIMEOUT_SECONDS</sourceObjName>
<createdBy>50472</createdBy>
<createdTime>2013-08-08 16:19:07 UTC</createdTime>
<ownerDesignName>BPM_Event_data_model_diagram</ownerDesignName>
<constraintName>PBQJCC_LOCK_TIMEOUT_SECONDS_CK</constraintName>
<useDomainConstraints>false</useDomainConstraints>
<use>1</use>
<logicalDatatype>LOGDT019</logicalDatatype>
<dataTypePrecision>5</dataTypePrecision>
<checkConstraint>
<implementationDef dbType="Oracle Database 11g" definition="LOCK_TIMEOUT_SECONDS &gt;= 0"/>
</checkConstraint>
<autoIncrementCycle>false</autoIncrementCycle>
</Column>
<Column class="oracle.dbtools.crest.model.design.relational.Column" name="PROCESS_SLEEP_SECONDS" id="0AEB8A84-95F3-A056-6DC2-103D68366491">
<sourceConnName>nyecdrbk maxdat</sourceConnName>
<sourceObjSchema>PROCESS_BPM_QUEUE_JOB_CTRL_CFG</sourceObjSchema>
<sourceObjName>PROCESS_SLEEP_SECONDS</sourceObjName>
<createdBy>50472</createdBy>
<createdTime>2013-08-08 16:19:07 UTC</createdTime>
<ownerDesignName>BPM_Event_data_model_diagram</ownerDesignName>
<constraintName>PBQJCC_PROC_SLEEP_SECONDS_CK</constraintName>
<useDomainConstraints>false</useDomainConstraints>
<use>1</use>
<logicalDatatype>LOGDT019</logicalDatatype>
<dataTypePrecision>5</dataTypePrecision>
<checkConstraint>
<implementationDef dbType="Oracle Database 11g" definition="PROCESS_SLEEP_SECONDS &gt;= 0"/>
</checkConstraint>
<autoIncrementCycle>false</autoIncrementCycle>
</Column>
<Column class="oracle.dbtools.crest.model.design.relational.Column" name="PROCESS_BATCH_SECONDS" id="C655E481-4063-1953-37CA-71BEA316FB03">
<sourceConnName>nyecdrbk maxdat</sourceConnName>
<sourceObjSchema>PROCESS_BPM_QUEUE_JOB_CTRL_CFG</sourceObjSchema>
<sourceObjName>PROCESS_BATCH_SECONDS</sourceObjName>
<createdBy>50472</createdBy>
<createdTime>2013-08-08 16:19:07 UTC</createdTime>
<ownerDesignName>BPM_Event_data_model_diagram</ownerDesignName>
<constraintName>PBQJCC_PROC_BATCH_SECONDS_CK</constraintName>
<useDomainConstraints>false</useDomainConstraints>
<use>1</use>
<logicalDatatype>LOGDT019</logicalDatatype>
<dataTypePrecision>5</dataTypePrecision>
<checkConstraint>
<implementationDef dbType="Oracle Database 11g" definition="PROCESS_BATCH_SECONDS &gt;= 0"/>
</checkConstraint>
<autoIncrementCycle>false</autoIncrementCycle>
</Column>
<Column class="oracle.dbtools.crest.model.design.relational.Column" name="START_DELAY_SECONDS" id="63C62CFD-134C-D55A-B75E-98BE1011E020">
<sourceConnName>nyecdrbk maxdat</sourceConnName>
<sourceObjSchema>PROCESS_BPM_QUEUE_JOB_CTRL_CFG</sourceObjSchema>
<sourceObjName>START_DELAY_SECONDS</sourceObjName>
<createdBy>50472</createdBy>
<createdTime>2013-08-08 16:19:07 UTC</createdTime>
<ownerDesignName>BPM_Event_data_model_diagram</ownerDesignName>
<constraintName>PBQJCC_START_DELAY_SECONDS_CK</constraintName>
<useDomainConstraints>false</useDomainConstraints>
<use>1</use>
<logicalDatatype>LOGDT019</logicalDatatype>
<dataTypePrecision>5</dataTypePrecision>
<checkConstraint>
<implementationDef dbType="Oracle Database 11g" definition="START_DELAY_SECONDS &gt;= 0"/>
</checkConstraint>
<autoIncrementCycle>false</autoIncrementCycle>
</Column>
<Column class="oracle.dbtools.crest.model.design.relational.Column" name="STOP_DELAY_SECONDS" id="3A3E6DF0-2552-5917-B910-C8E0C25880AD">
<sourceConnName>nyecdrbk maxdat</sourceConnName>
<sourceObjSchema>PROCESS_BPM_QUEUE_JOB_CTRL_CFG</sourceObjSchema>
<sourceObjName>STOP_DELAY_SECONDS</sourceObjName>
<createdBy>50472</createdBy>
<createdTime>2013-08-08 16:19:07 UTC</createdTime>
<ownerDesignName>BPM_Event_data_model_diagram</ownerDesignName>
<constraintName>PBQJCC_STOP_DELAY_SECONDS_CK</constraintName>
<useDomainConstraints>false</useDomainConstraints>
<use>1</use>
<logicalDatatype>LOGDT019</logicalDatatype>
<dataTypePrecision>5</dataTypePrecision>
<checkConstraint>
<implementationDef dbType="Oracle Database 11g" definition="STOP_DELAY_SECONDS &gt;= 0"/>
</checkConstraint>
<autoIncrementCycle>false</autoIncrementCycle>
</Column>
<Column class="oracle.dbtools.crest.model.design.relational.Column" name="PROCESSING_ENABLED" id="681D3A1A-07CB-CCDD-FB05-C9A5A17BF667">
<sourceConnName>nyecdrbk maxdat</sourceConnName>
<sourceObjSchema>PROCESS_BPM_QUEUE_JOB_CTRL_CFG</sourceObjSchema>
<sourceObjName>PROCESSING_ENABLED</sourceObjName>
<createdBy>50472</createdBy>
<createdTime>2013-08-08 16:19:07 UTC</createdTime>
<ownerDesignName>BPM_Event_data_model_diagram</ownerDesignName>
<useDomainConstraints>false</useDomainConstraints>
<use>1</use>
<logicalDatatype>LOGDT024</logicalDatatype>
<dataTypeSize>1 BYTE</dataTypeSize>
<autoIncrementCycle>false</autoIncrementCycle>
</Column>
</columns>
</Table>