<?xml version = '1.0' encoding = 'UTF-8'?>
<relationalModel class="oracle.dbtools.crest.model.design.relational.RelationalDesign" name="ILEBMXDD" id="297CB3F3-5A68-06DA-3266-93591395503E" mainViewID="04F657FE-E38D-2127-B152-7CE91BFE2D0E">
<createdBy>ro38606</createdBy>
<createdTime>2013-04-09 20:20:28 UTC</createdTime>
<ownerDesignName>ILEBBPMSemanticModel</ownerDesignName>
<shouldBeOpen>true</shouldBeOpen>
<selectedRDBMSSite>32076570-2523-435C-2E92-BF29817DFF70</selectedRDBMSSite>
<importConnectionStamps>
<importConnectionStamp class="oracle.dbtools.crest.imports.DBConnectionStamp">
<connName>ILEBMXDD</connName>
<connUrl>jdbc:oracle:thin:@rcmxdb4d.maximus.com:1555:ilebmxdd</connUrl>
<connUser>ro38606 [MAXDAT]</connUser>
<connType>1</connType>
</importConnectionStamp>
<importConnectionStamp class="oracle.dbtools.crest.imports.DBConnectionStamp">
<connName>MAXDTDEV</connName>
<connUrl>jdbc:oracle:thin:@rcmxdb4d.maximus.com:1542:maxdtdev</connUrl>
<connUser>MB56142</connUser>
<connType>1</connType>
</importConnectionStamp>
<importConnectionStamp class="oracle.dbtools.crest.imports.DBConnectionStamp">
<connName>ILEBMXDU</connName>
<connUrl>jdbc:oracle:thin:@rcmxdb01.maximus.com:1555:ilebmxdu</connUrl>
<connUser>MB56142</connUser>
<connType>1</connType>
</importConnectionStamp>
</importConnectionStamps>
</relationalModel>