<?xml version = '1.0' encoding = 'UTF-8'?>
<Diagram class="oracle.dbtools.crest.swingui.relational.DPVRelational" name="ILEBMXDD" id="04F657FE-E38D-2127-B152-7CE91BFE2D0E">
<createdBy>ro38606</createdBy>
<createdTime>2013-04-09 20:20:28 UTC</createdTime>
<autoRoute>false</autoRoute>
<boxInbox>true</boxInbox>
<showLegend>false</showLegend>
<showLabels>false</showLabels>
<showRelAttributes>false</showRelAttributes>
<showGrid>false</showGrid>
<diagramColor>-1</diagramColor>
<display>false</display>
<notation>1</notation>
<objectViews>
<OView class="oracle.dbtools.crest.swingui.relational.TVTable" oid="00E04614-0DCB-0544-032A-5214F427F8BB" otype="Table" vid="B9BC76D1-A7B1-F42E-2C22-F976C45E17BC">
<hideElementsInCurrentOnly>false</hideElementsInCurrentOnly>
<bounds x="1184" y="736" width="236" height="108"/>
</OView>
<OView class="oracle.dbtools.crest.swingui.relational.TVTable" oid="0317F283-8229-0D6D-83D4-0622ED41084B" otype="Table" vid="DF337C57-6977-3451-5BFE-1159C2591D50">
<hideElementsInCurrentOnly>false</hideElementsInCurrentOnly>
<bounds x="357" y="86" width="355" height="760"/>
</OView>
<OView class="oracle.dbtools.crest.swingui.relational.TVTable" oid="07FBF2B6-F0EA-ADCA-AD12-C315F41BFC9D" otype="Table" vid="4614A6A0-E01A-3C01-371D-2844039DB9A0">
<hideElementsInCurrentOnly>false</hideElementsInCurrentOnly>
<bounds x="15" y="210" width="247" height="108"/>
</OView>
<OView class="oracle.dbtools.crest.swingui.relational.TVTable" oid="0B45A501-CFA1-F65E-7DB2-1B7A5E877BC4" otype="Table" vid="F9F232EA-A789-0AD9-55B7-036B8A32168C">
<hideElementsInCurrentOnly>false</hideElementsInCurrentOnly>
<bounds x="763" y="85" width="334" height="766"/>
</OView>
<OView class="oracle.dbtools.crest.swingui.relational.TVView" oid="1872E1F8-C349-ABC4-16A5-FB9ED331102D" otype="View" vid="30EB4917-87BE-6ADB-B792-7BB55EEEF9F4">
<hideElementsInCurrentOnly>false</hideElementsInCurrentOnly>
<bounds x="1450" y="1613" width="278" height="124"/>
</OView>
<OView class="oracle.dbtools.crest.swingui.relational.TVTable" oid="1DBD102D-34C8-2132-0990-937C13EC51AE" otype="Table" vid="0DC86977-F103-FB73-9AEE-BE9F086C123E">
<hideElementsInCurrentOnly>false</hideElementsInCurrentOnly>
<bounds x="5" y="3225" width="278" height="122"/>
</OView>
<OView class="oracle.dbtools.crest.swingui.relational.TVTable" oid="23FD517B-844C-5B5B-3898-C38E7BE59AD3" otype="Table" vid="A920E143-B469-7BCE-B896-570282532D1B">
<hideElementsInCurrentOnly>false</hideElementsInCurrentOnly>
<bounds x="11" y="4462" width="320" height="108"/>
</OView>
<OView class="oracle.dbtools.crest.swingui.relational.TVTable" oid="309B789B-4EAD-F595-7B45-A8D9666783FF" otype="Table" vid="68092059-02F1-99DA-2BFB-D50ACDED0FED">
<hideElementsInCurrentOnly>false</hideElementsInCurrentOnly>
<bounds x="1176" y="8" width="237" height="108"/>
</OView>
<OView class="oracle.dbtools.crest.swingui.relational.TVTable" oid="37F3B011-A181-5673-1A25-3CC16415BE96" otype="Table" vid="3BFCF4E4-B7EF-4110-CADB-40E107B22622">
<hideElementsInCurrentOnly>false</hideElementsInCurrentOnly>
<bounds x="819" y="4461" width="372" height="1606"/>
</OView>
<OView class="oracle.dbtools.crest.swingui.relational.TVTable" oid="3AE3600F-B330-7E98-E9FF-EA4397B14372" otype="Table" vid="A47A68B4-8FA5-2075-FE53-A17A56CC30EB">
<hideElementsInCurrentOnly>false</hideElementsInCurrentOnly>
<bounds x="1175" y="127" width="243" height="108"/>
</OView>
<OView class="oracle.dbtools.crest.swingui.relational.TVTable" oid="3B782934-5669-F921-29A6-5B22CBD2DAFA" otype="Table" vid="DF63075C-4B35-628D-8F90-FD4E241EC1B1">
<hideElementsInCurrentOnly>false</hideElementsInCurrentOnly>
<bounds x="405" y="3224" width="284" height="843"/>
</OView>
<OView class="oracle.dbtools.crest.swingui.relational.TVTable" oid="3C9E8FFD-9B16-F286-BB07-F66069B7483F" otype="Table" vid="BD8642B1-6180-FA7A-066B-DA86F4C0A60A">
<hideElementsInCurrentOnly>false</hideElementsInCurrentOnly>
<bounds x="13" y="1056" width="303" height="108"/>
</OView>
<OView class="oracle.dbtools.crest.swingui.relational.TVTable" oid="3D51AF4F-C919-9991-450A-0D9E9135BCE9" otype="Table" vid="5FAEE584-59AC-B59F-AA9B-403EBF7F84B3">
<hideElementsInCurrentOnly>false</hideElementsInCurrentOnly>
<bounds x="1520" y="4165" width="179" height="108"/>
</OView>
<OView class="oracle.dbtools.crest.swingui.relational.TVTable" oid="4288F01F-62E1-FD80-28D4-6FDD0F43DE3D" otype="Table" vid="C6574C0C-431F-C1EA-29CB-A92327C4A095">
<hideElementsInCurrentOnly>false</hideElementsInCurrentOnly>
<bounds x="14" y="86" width="265" height="108"/>
</OView>
<OView class="oracle.dbtools.crest.swingui.relational.TVTable" oid="43D0B4E9-2C90-4088-2452-99E99EDBFA6B" otype="Table" vid="5038ADB5-BF2A-87D2-A52C-74794525EE97">
<hideElementsInCurrentOnly>false</hideElementsInCurrentOnly>
<bounds x="1888" y="1294" width="377" height="682"/>
</OView>
<OView class="oracle.dbtools.crest.swingui.relational.TVTable" oid="49698739-1B16-A1AE-1663-9D33E0D3EC7C" otype="Table" vid="76BAE813-6341-1B76-76FC-D83178E3E043">
<hideElementsInCurrentOnly>false</hideElementsInCurrentOnly>
<bounds x="1522" y="4293" width="221" height="108"/>
</OView>
<OView class="oracle.dbtools.crest.swingui.relational.TVTable" oid="4A67BD5B-2A11-0C05-EC21-A80E0EBD7C41" otype="Table" vid="3ADD8794-24D2-7D6F-3CE1-27742886323D">
<hideElementsInCurrentOnly>false</hideElementsInCurrentOnly>
<bounds x="7" y="3664" width="274" height="108"/>
</OView>
<OView class="oracle.dbtools.crest.swingui.relational.TVView" oid="5157C547-0111-1660-B709-28C0F8828953" otype="View" vid="3548B550-0D5F-6AB4-B95C-0758275A49FF">
<hideElementsInCurrentOnly>false</hideElementsInCurrentOnly>
<bounds x="1823" y="2502" width="291" height="390"/>
</OView>
<OView class="oracle.dbtools.crest.swingui.relational.TVTable" oid="5C7518C2-53A4-47F3-BC80-3271EB51AE8D" otype="Table" vid="03EFAD48-1E0A-9328-5F57-3B930033D5D2">
<hideElementsInCurrentOnly>false</hideElementsInCurrentOnly>
<bounds x="1180" y="367" width="235" height="108"/>
</OView>
<OView class="oracle.dbtools.crest.swingui.relational.TVTable" oid="5F4CC6EB-7315-276C-43F2-707E3942790B" otype="Table" vid="343D9844-91E4-E941-93F9-5CDE08409BD1">
<hideElementsInCurrentOnly>false</hideElementsInCurrentOnly>
<bounds x="1543" y="5" width="328" height="959"/>
</OView>
<OView class="oracle.dbtools.crest.swingui.relational.TVTable" oid="627EA8B3-C812-D80A-BA2A-6702EC08C1B7" otype="Table" vid="6F3A9D64-7C20-A1D4-FEA0-10FB0A555032">
<hideElementsInCurrentOnly>false</hideElementsInCurrentOnly>
<bounds x="2363" y="3728" width="375" height="2558"/>
</OView>
<OView class="oracle.dbtools.crest.swingui.relational.TVTable" oid="66854592-9AAF-AB1B-3CF5-9EA9D0A580B3" otype="Table" vid="4E0B12A5-8AD3-D3E6-2148-8420596DA9B4">
<hideElementsInCurrentOnly>false</hideElementsInCurrentOnly>
<bounds x="1786" y="2167" width="349" height="304"/>
</OView>
<OView class="oracle.dbtools.crest.swingui.relational.TVView" oid="6C4A05A6-DBEE-4FA3-EAE6-7BD6B2638D3B" otype="View" vid="D56E208C-B03B-1FE3-6B1E-496A33704468">
<hideElementsInCurrentOnly>false</hideElementsInCurrentOnly>
<bounds x="1828" y="2952" width="284" height="166"/>
</OView>
<OView class="oracle.dbtools.crest.swingui.relational.TVTable" oid="6F9B2D2A-B44C-7B98-413D-1981B4CD82FA" otype="Table" vid="BFB60834-2B20-F927-4834-FEF6C65A6F6C">
<hideElementsInCurrentOnly>false</hideElementsInCurrentOnly>
<bounds x="815" y="3228" width="321" height="696"/>
</OView>
<OView class="oracle.dbtools.crest.swingui.relational.TVTable" oid="75CCF750-403B-C96E-E25C-5A1390E42C30" otype="Table" vid="0171B759-3F24-0E1E-B05A-30D665DE5C53">
<hideElementsInCurrentOnly>false</hideElementsInCurrentOnly>
<bounds x="407" y="4461" width="334" height="304"/>
</OView>
<OView class="oracle.dbtools.crest.swingui.relational.TVTable" oid="76B6B92A-5836-3410-2380-2A2A929F815A" otype="Table" vid="40282B37-711C-0977-DBF8-6C193A98DFCB">
<hideElementsInCurrentOnly>false</hideElementsInCurrentOnly>
<bounds x="1185" y="870" width="274" height="108"/>
</OView>
<OView class="oracle.dbtools.crest.swingui.relational.TVView" oid="77769FC6-BCAF-D83C-0B52-5DAEF2A8B066" otype="View" vid="876858B8-E3E8-348B-A2AB-B5D8327BB77F">
<hideElementsInCurrentOnly>false</hideElementsInCurrentOnly>
<bounds x="1831" y="3185" width="289" height="220"/>
</OView>
<OView class="oracle.dbtools.crest.swingui.relational.TVTable" oid="7786A681-0864-CC00-2F5A-AEC17B81F0BC" otype="Table" vid="40AB645E-FC0F-848E-CC72-FDA0A2571E8D">
<hideElementsInCurrentOnly>false</hideElementsInCurrentOnly>
<bounds x="11" y="4114" width="725" height="192"/>
</OView>
<OView class="oracle.dbtools.crest.swingui.relational.TVTable" oid="8689B214-0CBA-AF5E-54D4-6046745F16F2" otype="Table" vid="34809CD9-BB96-8338-50F9-8A1698892F87">
<hideElementsInCurrentOnly>false</hideElementsInCurrentOnly>
<bounds x="16" y="722" width="238" height="108"/>
</OView>
<OView class="oracle.dbtools.crest.swingui.relational.TVTable" oid="8A420213-91EC-1771-0293-F49A57916DBD" otype="Table" vid="93774EC3-3730-029C-3A89-C4B91D3C8D87">
<hideElementsInCurrentOnly>false</hideElementsInCurrentOnly>
<bounds x="16" y="332" width="239" height="122"/>
</OView>
<OView class="oracle.dbtools.crest.swingui.relational.TVTable" oid="90F64F3A-DB05-5BE0-C6EA-CDA8C7B91B23" otype="Table" vid="46BA8F4D-A913-33DD-9D72-351B3DDEBFFD">
<hideElementsInCurrentOnly>false</hideElementsInCurrentOnly>
<bounds x="1183" y="488" width="151" height="108"/>
</OView>
<OView class="oracle.dbtools.crest.swingui.relational.TVView" oid="A5CF99D4-DFB1-E42D-C327-634DF29E5857" otype="View" vid="28DA3AC2-F6C4-D429-A6C8-25931772A868">
<hideElementsInCurrentOnly>false</hideElementsInCurrentOnly>
<bounds x="1451" y="1786" width="286" height="152"/>
</OView>
<OView class="oracle.dbtools.crest.swingui.relational.TVTable" oid="A916831B-6EBF-E20F-D73E-D380362693E1" otype="Table" vid="3D5B5FA3-E79E-190A-2AC7-3AE7FB7734CF">
<hideElementsInCurrentOnly>false</hideElementsInCurrentOnly>
<bounds x="1182" y="611" width="250" height="108"/>
</OView>
<OView class="oracle.dbtools.crest.swingui.relational.TVTable" oid="AAE55709-4EF8-AB08-5C77-4E7CAFCE32D8" otype="Table" vid="8CC3BBF6-78D9-A509-C31D-CC4BFE4B8FF1">
<hideElementsInCurrentOnly>false</hideElementsInCurrentOnly>
<bounds x="1520" y="4037" width="333" height="108"/>
</OView>
<OView class="oracle.dbtools.crest.swingui.relational.TVTable" oid="B38B9170-D518-653E-77FA-E9FB25E136EE" otype="Table" vid="E65CDA1C-681E-D5E6-D692-FF885FB6C630">
<hideElementsInCurrentOnly>false</hideElementsInCurrentOnly>
<bounds x="15" y="591" width="242" height="108"/>
</OView>
<OView class="oracle.dbtools.crest.swingui.relational.TVTable" oid="B49F9DEF-7F3A-1A82-2FC8-D3020B0C35BB" otype="Table" vid="E11B223A-BD0F-621E-8353-646DFEE0432B">
<hideElementsInCurrentOnly>false</hideElementsInCurrentOnly>
<bounds x="2216" y="2168" width="384" height="1396"/>
</OView>
<OView class="oracle.dbtools.crest.swingui.relational.TVTable" oid="BBD114DC-47BF-3A1A-2D25-D4669CF0C8DB" otype="Table" vid="5E583F95-F7C3-99E2-477F-3399189DD2C2">
<hideElementsInCurrentOnly>false</hideElementsInCurrentOnly>
<bounds x="11" y="3798" width="221" height="108"/>
</OView>
<OView class="oracle.dbtools.crest.swingui.relational.TVTable" oid="C4097B32-8A10-0C26-8EFA-CF8BA6989287" otype="Table" vid="3A200576-43F2-8E98-3E63-DFB2637F22AE">
<hideElementsInCurrentOnly>false</hideElementsInCurrentOnly>
<bounds x="16" y="469" width="273" height="108"/>
</OView>
<OView class="oracle.dbtools.crest.swingui.relational.TVTable" oid="C74D7534-02DB-B983-1451-CD3009C42CE3" otype="Table" vid="BF75DA4E-E2B8-9E66-8B7D-0F9E2E4ADB5A">
<hideElementsInCurrentOnly>false</hideElementsInCurrentOnly>
<bounds x="1430" y="2172" width="260" height="108"/>
</OView>
<OView class="oracle.dbtools.crest.swingui.relational.TVTable" oid="CCE06162-706E-411C-A431-EFF1ABC281BA" otype="Table" vid="8F435E4E-B896-5BDF-0FAF-3F707A66D81A">
<hideElementsInCurrentOnly>false</hideElementsInCurrentOnly>
<bounds x="35" y="2049" width="255" height="108"/>
</OView>
<OView class="oracle.dbtools.crest.swingui.relational.TVTable" oid="CDB2F369-DC41-5333-A6DD-10C38F173F90" otype="Table" vid="9985CDF4-DCFB-05F6-AC0C-B9B4EA8FCB7F">
<hideElementsInCurrentOnly>false</hideElementsInCurrentOnly>
<bounds x="358" y="1054" width="333" height="346"/>
</OView>
<OView class="oracle.dbtools.crest.swingui.relational.TVTable" oid="D6F42B2D-2356-B325-C4A9-CB1D95F5F190" otype="Table" vid="25BBA34E-D2E4-2A75-7CBF-CC83C43E0F11">
<hideElementsInCurrentOnly>false</hideElementsInCurrentOnly>
<bounds x="769" y="1054" width="373" height="822"/>
</OView>
<OView class="oracle.dbtools.crest.swingui.relational.TVTable" oid="D97DF76F-121A-66D2-472D-49296E0956FA" otype="Table" vid="2E8818A3-DF55-5ED4-529A-326B64B14CF6">
<hideElementsInCurrentOnly>false</hideElementsInCurrentOnly>
<bounds x="1948" y="4036" width="303" height="315"/>
</OView>
<OView class="oracle.dbtools.crest.swingui.relational.TVTable" oid="DAA57FEE-A1B7-8497-465A-26D9C652B862" otype="Table" vid="5CD0E27B-510D-887C-920A-5C15EE1F3E74">
<hideElementsInCurrentOnly>false</hideElementsInCurrentOnly>
<bounds x="366" y="2045" width="331" height="304"/>
</OView>
<OView class="oracle.dbtools.crest.swingui.relational.TVTable" oid="DE22F01F-42E1-4EDC-2767-72B31C7773AF" otype="Table" vid="4EA863DF-EF13-0606-EAA8-188D176FAEC5">
<hideElementsInCurrentOnly>false</hideElementsInCurrentOnly>
<bounds x="1958" y="6" width="321" height="1200"/>
</OView>
<OView class="oracle.dbtools.crest.swingui.relational.TVTable" oid="EE0AC83A-ED88-DEC6-87AF-20A7E6CB5A47" otype="Table" vid="CF08823F-BFED-A8A6-5284-649F30A3DCDC">
<hideElementsInCurrentOnly>false</hideElementsInCurrentOnly>
<bounds x="4" y="3374" width="276" height="122"/>
</OView>
<OView class="oracle.dbtools.crest.swingui.relational.TVTable" oid="F026A3C9-8F72-6A13-FDE2-1F0F1F79D4DD" otype="Table" vid="1A185564-77A0-5277-4C79-FEE13AE66506">
<hideElementsInCurrentOnly>false</hideElementsInCurrentOnly>
<bounds x="1440" y="1297" width="335" height="262"/>
</OView>
<OView class="oracle.dbtools.crest.swingui.relational.TVTable" oid="F8E1586C-C590-62D4-511B-9D426325A5F1" otype="Table" vid="34A5B374-D51A-FDDB-7493-AD3D03A68837">
<hideElementsInCurrentOnly>false</hideElementsInCurrentOnly>
<bounds x="6" y="3530" width="276" height="108"/>
</OView>
<OView class="oracle.dbtools.crest.swingui.relational.TVTable" oid="FBE1389D-4B9E-B9BE-32B0-D32EE6C67490" otype="Table" vid="4A999ED8-66A2-085E-D391-D7F6CAA3936C">
<hideElementsInCurrentOnly>false</hideElementsInCurrentOnly>
<bounds x="1178" y="247" width="238" height="108"/>
</OView>
<OView class="oracle.dbtools.crest.swingui.relational.TVTable" oid="FC36493F-9561-84AA-F75A-1CC2567D9F2F" otype="Table" vid="B967A071-64B8-D938-62BD-0CA9135EB0D6">
<hideElementsInCurrentOnly>false</hideElementsInCurrentOnly>
<bounds x="789" y="2043" width="379" height="962"/>
</OView>
</objectViews>
<connectors>
<Connector class="oracle.dbtools.crest.swingui.relational.TVFKRelation" oid="066F7E18-6C14-3511-09CC-69860B1B801B" otype="FKIndexAssociation" vid_source="3D5B5FA3-E79E-190A-2AC7-3AE7FB7734CF" vid_target="343D9844-91E4-E941-93F9-5CDE08409BD1">
<hideElementsInCurrentOnly>false</hideElementsInCurrentOnly>
<lineWidth>1</lineWidth>
<points>
<point x="1432" y="665"/>
<point x="1543" y="665"/>
</points>
</Connector>
<Connector class="oracle.dbtools.crest.swingui.relational.TVFKRelation" oid="14398025-43F2-2D80-2005-68C8D26D9C6A" otype="FKIndexAssociation" vid_source="25BBA34E-D2E4-2A75-7CBF-CC83C43E0F11" vid_target="9985CDF4-DCFB-05F6-AC0C-B9B4EA8FCB7F">
<hideElementsInCurrentOnly>false</hideElementsInCurrentOnly>
<lineWidth>1</lineWidth>
<points>
<point x="769" y="1227"/>
<point x="691" y="1227"/>
</points>
</Connector>
<Connector class="oracle.dbtools.crest.swingui.relational.TVFKRelation" oid="1887B4BE-D86D-3EC8-E2D5-352F1658EAA9" otype="FKIndexAssociation" vid_source="6F3A9D64-7C20-A1D4-FEA0-10FB0A555032" vid_target="2E8818A3-DF55-5ED4-529A-326B64B14CF6">
<hideElementsInCurrentOnly>false</hideElementsInCurrentOnly>
<lineWidth>1</lineWidth>
<points>
<point x="2363" y="4280"/>
<point x="1948" y="4280"/>
</points>
</Connector>
<Connector class="oracle.dbtools.crest.swingui.relational.TVFKRelation" oid="1F36DF11-AE55-45BE-4049-777253390952" otype="FKIndexAssociation" vid_source="BD8642B1-6180-FA7A-066B-DA86F4C0A60A" vid_target="9985CDF4-DCFB-05F6-AC0C-B9B4EA8FCB7F">
<hideElementsInCurrentOnly>false</hideElementsInCurrentOnly>
<lineWidth>1</lineWidth>
<points>
<point x="316" y="1110"/>
<point x="358" y="1110"/>
</points>
</Connector>
<Connector class="oracle.dbtools.crest.swingui.relational.TVFKRelation" oid="2AEFB5E5-E1F0-93C7-7F09-0728D077C0B5" otype="FKIndexAssociation" vid_source="46BA8F4D-A913-33DD-9D72-351B3DDEBFFD" vid_target="343D9844-91E4-E941-93F9-5CDE08409BD1">
<hideElementsInCurrentOnly>false</hideElementsInCurrentOnly>
<lineWidth>1</lineWidth>
<points>
<point x="1334" y="542"/>
<point x="1543" y="542"/>
</points>
</Connector>
<Connector class="oracle.dbtools.crest.swingui.relational.TVFKRelation" oid="378C6E04-7DF3-69A2-7A8A-8369E490C90E" otype="FKIndexAssociation" vid_source="40AB645E-FC0F-848E-CC72-FDA0A2571E8D" vid_target="DF63075C-4B35-628D-8F90-FD4E241EC1B1">
<hideElementsInCurrentOnly>false</hideElementsInCurrentOnly>
<lineWidth>1</lineWidth>
<points>
<point x="547" y="4114"/>
<point x="547" y="4067"/>
</points>
</Connector>
<Connector class="oracle.dbtools.crest.swingui.relational.TVFKRelation" oid="3B71C3B2-8342-97C3-F812-DAB04FE35589" otype="FKIndexAssociation" vid_source="4A999ED8-66A2-085E-D391-D7F6CAA3936C" vid_target="343D9844-91E4-E941-93F9-5CDE08409BD1">
<hideElementsInCurrentOnly>false</hideElementsInCurrentOnly>
<lineWidth>1</lineWidth>
<points>
<point x="1416" y="301"/>
<point x="1543" y="301"/>
</points>
</Connector>
<Connector class="oracle.dbtools.crest.swingui.relational.TVFKRelation" oid="3CA4C6D9-44AD-95DA-07E6-FDEE002C535D" otype="FKIndexAssociation" vid_source="B967A071-64B8-D938-62BD-0CA9135EB0D6" vid_target="5CD0E27B-510D-887C-920A-5C15EE1F3E74">
<hideElementsInCurrentOnly>false</hideElementsInCurrentOnly>
<lineWidth>1</lineWidth>
<points>
<point x="789" y="2197"/>
<point x="697" y="2197"/>
</points>
</Connector>
<Connector class="oracle.dbtools.crest.swingui.relational.TVFKRelation" oid="3FC7527B-A878-9CBA-12CB-6AE7A1EEFC16" otype="FKIndexAssociation" vid_source="68092059-02F1-99DA-2BFB-D50ACDED0FED" vid_target="343D9844-91E4-E941-93F9-5CDE08409BD1">
<hideElementsInCurrentOnly>false</hideElementsInCurrentOnly>
<lineWidth>1</lineWidth>
<points>
<point x="1413" y="62"/>
<point x="1543" y="62"/>
</points>
</Connector>
<Connector class="oracle.dbtools.crest.swingui.relational.TVFKRelation" oid="3FE82887-870C-7CC1-F46B-A4F9A4ED3821" otype="FKIndexAssociation" vid_source="E11B223A-BD0F-621E-8353-646DFEE0432B" vid_target="4E0B12A5-8AD3-D3E6-2148-8420596DA9B4">
<hideElementsInCurrentOnly>false</hideElementsInCurrentOnly>
<lineWidth>1</lineWidth>
<points>
<point x="2216" y="2319"/>
<point x="2135" y="2319"/>
</points>
</Connector>
<Connector class="oracle.dbtools.crest.swingui.relational.TVFKRelation" oid="45E31D60-87AD-C5F2-9173-59A145C03B7D" otype="FKIndexAssociation" vid_source="A920E143-B469-7BCE-B896-570282532D1B" vid_target="0171B759-3F24-0E1E-B05A-30D665DE5C53">
<hideElementsInCurrentOnly>false</hideElementsInCurrentOnly>
<lineWidth>1</lineWidth>
<points>
<point x="331" y="4516"/>
<point x="407" y="4516"/>
</points>
</Connector>
<Connector class="oracle.dbtools.crest.swingui.relational.TVFKRelation" oid="47A1B251-3648-0615-4F21-CB78411618E4" otype="FKIndexAssociation" vid_source="3BFCF4E4-B7EF-4110-CADB-40E107B22622" vid_target="0171B759-3F24-0E1E-B05A-30D665DE5C53">
<hideElementsInCurrentOnly>false</hideElementsInCurrentOnly>
<lineWidth>1</lineWidth>
<points>
<point x="819" y="4613"/>
<point x="741" y="4613"/>
</points>
</Connector>
<Connector class="oracle.dbtools.crest.swingui.relational.TVFKRelation" oid="4EBA8A10-E9DE-4823-F811-1FDC77E0EA3E" otype="FKIndexAssociation" vid_source="76BAE813-6341-1B76-76FC-D83178E3E043" vid_target="2E8818A3-DF55-5ED4-529A-326B64B14CF6">
<hideElementsInCurrentOnly>false</hideElementsInCurrentOnly>
<lineWidth>1</lineWidth>
<points>
<point x="1743" y="4322"/>
<point x="1948" y="4322"/>
</points>
</Connector>
<Connector class="oracle.dbtools.crest.swingui.relational.TVFKRelation" oid="54032679-AE79-3D8C-F6DD-A4DF6A056A6C" otype="FKIndexAssociation" vid_source="8CC3BBF6-78D9-A509-C31D-CC4BFE4B8FF1" vid_target="2E8818A3-DF55-5ED4-529A-326B64B14CF6">
<hideElementsInCurrentOnly>false</hideElementsInCurrentOnly>
<lineWidth>1</lineWidth>
<points>
<point x="1853" y="4091"/>
<point x="1948" y="4091"/>
</points>
</Connector>
<Connector class="oracle.dbtools.crest.swingui.relational.TVFKRelation" oid="56848F03-7B91-0D5E-4DBE-42EA62CBA748" otype="FKIndexAssociation" vid_source="03EFAD48-1E0A-9328-5F57-3B930033D5D2" vid_target="343D9844-91E4-E941-93F9-5CDE08409BD1">
<hideElementsInCurrentOnly>false</hideElementsInCurrentOnly>
<lineWidth>1</lineWidth>
<points>
<point x="1415" y="421"/>
<point x="1543" y="421"/>
</points>
</Connector>
<Connector class="oracle.dbtools.crest.swingui.relational.TVFKRelation" oid="5DC80E7A-4679-2042-7C1B-49D1545E8A27" otype="FKIndexAssociation" vid_source="8F435E4E-B896-5BDF-0FAF-3F707A66D81A" vid_target="5CD0E27B-510D-887C-920A-5C15EE1F3E74">
<hideElementsInCurrentOnly>false</hideElementsInCurrentOnly>
<lineWidth>1</lineWidth>
<points>
<point x="290" y="2103"/>
<point x="366" y="2103"/>
</points>
</Connector>
<Connector class="oracle.dbtools.crest.swingui.relational.TVFKRelation" oid="681C29B3-E4DF-384B-ACAE-F822D20AC0B5" otype="FKIndexAssociation" vid_source="5E583F95-F7C3-99E2-477F-3399189DD2C2" vid_target="DF63075C-4B35-628D-8F90-FD4E241EC1B1">
<hideElementsInCurrentOnly>false</hideElementsInCurrentOnly>
<lineWidth>1</lineWidth>
<points>
<point x="232" y="3852"/>
<point x="405" y="3852"/>
</points>
</Connector>
<Connector class="oracle.dbtools.crest.swingui.relational.TVFKRelation" oid="6D2BBBEF-18BF-24CF-2DE9-BBE9079A7698" otype="FKIndexAssociation" vid_source="34809CD9-BB96-8338-50F9-8A1698892F87" vid_target="DF337C57-6977-3451-5BFE-1159C2591D50">
<hideElementsInCurrentOnly>false</hideElementsInCurrentOnly>
<lineWidth>1</lineWidth>
<points>
<point x="254" y="776"/>
<point x="357" y="776"/>
</points>
</Connector>
<Connector class="oracle.dbtools.crest.swingui.relational.TVFKRelation" oid="87B502BD-5EBD-1AF8-EA81-C732733C4113" otype="FKIndexAssociation" vid_source="BFB60834-2B20-F927-4834-FEF6C65A6F6C" vid_target="DF63075C-4B35-628D-8F90-FD4E241EC1B1">
<hideElementsInCurrentOnly>false</hideElementsInCurrentOnly>
<lineWidth>1</lineWidth>
<points>
<point x="815" y="3576"/>
<point x="689" y="3576"/>
</points>
</Connector>
<Connector class="oracle.dbtools.crest.swingui.relational.TVFKRelation" oid="8AF70B39-A976-48BB-F448-9DCC3C3ADE23" otype="FKIndexAssociation" vid_source="40282B37-711C-0977-DBF8-6C193A98DFCB" vid_target="343D9844-91E4-E941-93F9-5CDE08409BD1">
<hideElementsInCurrentOnly>false</hideElementsInCurrentOnly>
<lineWidth>1</lineWidth>
<points>
<point x="1459" y="917"/>
<point x="1543" y="917"/>
</points>
</Connector>
<Connector class="oracle.dbtools.crest.swingui.relational.TVFKRelation" oid="9BF38B09-DF93-B018-B4C4-8F8BA286BCEC" otype="FKIndexAssociation" vid_source="F9F232EA-A789-0AD9-55B7-036B8A32168C" vid_target="DF337C57-6977-3451-5BFE-1159C2591D50">
<hideElementsInCurrentOnly>false</hideElementsInCurrentOnly>
<lineWidth>1</lineWidth>
<points>
<point x="763" y="466"/>
<point x="712" y="466"/>
</points>
</Connector>
<Connector class="oracle.dbtools.crest.swingui.relational.TVFKRelation" oid="A717C8C3-CFE5-F815-2DA3-BAA44AEAD117" otype="FKIndexAssociation" vid_source="E65CDA1C-681E-D5E6-D692-FF885FB6C630" vid_target="DF337C57-6977-3451-5BFE-1159C2591D50">
<hideElementsInCurrentOnly>false</hideElementsInCurrentOnly>
<lineWidth>1</lineWidth>
<points>
<point x="257" y="645"/>
<point x="357" y="645"/>
</points>
</Connector>
<Connector class="oracle.dbtools.crest.swingui.relational.TVFKRelation" oid="B5447681-3295-EB2B-B093-5E81C37AA222" otype="FKIndexAssociation" vid_source="3A200576-43F2-8E98-3E63-DFB2637F22AE" vid_target="DF337C57-6977-3451-5BFE-1159C2591D50">
<hideElementsInCurrentOnly>false</hideElementsInCurrentOnly>
<lineWidth>1</lineWidth>
<points>
<point x="289" y="523"/>
<point x="357" y="523"/>
</points>
</Connector>
<Connector class="oracle.dbtools.crest.swingui.relational.TVFKRelation" oid="B9053599-11F8-79BF-9A88-170D9A3F54B9" otype="FKIndexAssociation" vid_source="34A5B374-D51A-FDDB-7493-AD3D03A68837" vid_target="DF63075C-4B35-628D-8F90-FD4E241EC1B1">
<hideElementsInCurrentOnly>false</hideElementsInCurrentOnly>
<lineWidth>1</lineWidth>
<points>
<point x="282" y="3594"/>
<point x="405" y="3594"/>
</points>
</Connector>
<Connector class="oracle.dbtools.crest.swingui.relational.TVFKRelation" oid="BA966B53-8018-579A-A2D2-17B73844CD71" otype="FKIndexAssociation" vid_source="CF08823F-BFED-A8A6-5284-649F30A3DCDC" vid_target="DF63075C-4B35-628D-8F90-FD4E241EC1B1">
<hideElementsInCurrentOnly>false</hideElementsInCurrentOnly>
<lineWidth>1</lineWidth>
<points>
<point x="280" y="3445"/>
<point x="405" y="3445"/>
</points>
</Connector>
<Connector class="oracle.dbtools.crest.swingui.relational.TVFKRelation" oid="C18CB1F7-60FA-E278-9331-B8DF6DDA38AE" otype="FKIndexAssociation" vid_source="A47A68B4-8FA5-2075-FE53-A17A56CC30EB" vid_target="343D9844-91E4-E941-93F9-5CDE08409BD1">
<hideElementsInCurrentOnly>false</hideElementsInCurrentOnly>
<lineWidth>1</lineWidth>
<points>
<point x="1418" y="181"/>
<point x="1543" y="181"/>
</points>
</Connector>
<Connector class="oracle.dbtools.crest.swingui.relational.TVFKRelation" oid="C6DC7E39-DE12-1353-A69C-C9E3165D09F2" otype="FKIndexAssociation" vid_source="4EA863DF-EF13-0606-EAA8-188D176FAEC5" vid_target="343D9844-91E4-E941-93F9-5CDE08409BD1">
<hideElementsInCurrentOnly>false</hideElementsInCurrentOnly>
<lineWidth>1</lineWidth>
<points>
<point x="1958" y="485"/>
<point x="1871" y="485"/>
</points>
</Connector>
<Connector class="oracle.dbtools.crest.swingui.relational.TVFKRelation" oid="CA0F1DA5-84A8-66A3-97E6-A3A30012EF43" otype="FKIndexAssociation" vid_source="5038ADB5-BF2A-87D2-A52C-74794525EE97" vid_target="1A185564-77A0-5277-4C79-FEE13AE66506">
<hideElementsInCurrentOnly>false</hideElementsInCurrentOnly>
<lineWidth>1</lineWidth>
<points>
<point x="1888" y="1428"/>
<point x="1775" y="1428"/>
</points>
</Connector>
<Connector class="oracle.dbtools.crest.swingui.relational.TVFKRelation" oid="CF502E3A-2F0B-5667-9435-76F478016D54" otype="FKIndexAssociation" vid_source="93774EC3-3730-029C-3A89-C4B91D3C8D87" vid_target="DF337C57-6977-3451-5BFE-1159C2591D50">
<hideElementsInCurrentOnly>false</hideElementsInCurrentOnly>
<lineWidth>1</lineWidth>
<points>
<point x="255" y="393"/>
<point x="357" y="393"/>
</points>
</Connector>
<Connector class="oracle.dbtools.crest.swingui.relational.TVFKRelation" oid="DC3F3E0A-7C8C-3D85-C108-B2601765E27D" otype="FKIndexAssociation" vid_source="B9BC76D1-A7B1-F42E-2C22-F976C45E17BC" vid_target="343D9844-91E4-E941-93F9-5CDE08409BD1">
<hideElementsInCurrentOnly>false</hideElementsInCurrentOnly>
<lineWidth>1</lineWidth>
<points>
<point x="1420" y="790"/>
<point x="1543" y="790"/>
</points>
</Connector>
<Connector class="oracle.dbtools.crest.swingui.relational.TVFKRelation" oid="DF6D2C31-6C91-D281-A80B-D6B2AFA39A61" otype="FKIndexAssociation" vid_source="0DC86977-F103-FB73-9AEE-BE9F086C123E" vid_target="DF63075C-4B35-628D-8F90-FD4E241EC1B1">
<hideElementsInCurrentOnly>false</hideElementsInCurrentOnly>
<lineWidth>1</lineWidth>
<points>
<point x="283" y="3276"/>
<point x="405" y="3276"/>
</points>
</Connector>
<Connector class="oracle.dbtools.crest.swingui.relational.TVFKRelation" oid="E88C88F6-CCB2-6762-B8BC-9026D38F3726" otype="FKIndexAssociation" vid_source="BF75DA4E-E2B8-9E66-8B7D-0F9E2E4ADB5A" vid_target="4E0B12A5-8AD3-D3E6-2148-8420596DA9B4">
<hideElementsInCurrentOnly>false</hideElementsInCurrentOnly>
<lineWidth>1</lineWidth>
<points>
<point x="1690" y="2226"/>
<point x="1786" y="2226"/>
</points>
</Connector>
<Connector class="oracle.dbtools.crest.swingui.relational.TVFKRelation" oid="EF6D5369-CD73-8451-2366-96DBCF6B3978" otype="FKIndexAssociation" vid_source="4614A6A0-E01A-3C01-371D-2844039DB9A0" vid_target="DF337C57-6977-3451-5BFE-1159C2591D50">
<hideElementsInCurrentOnly>false</hideElementsInCurrentOnly>
<lineWidth>1</lineWidth>
<points>
<point x="262" y="264"/>
<point x="357" y="264"/>
</points>
</Connector>
<Connector class="oracle.dbtools.crest.swingui.relational.TVFKRelation" oid="EFF631B8-305D-2AB2-3A4D-8E8284787BE6" otype="FKIndexAssociation" vid_source="5FAEE584-59AC-B59F-AA9B-403EBF7F84B3" vid_target="2E8818A3-DF55-5ED4-529A-326B64B14CF6">
<hideElementsInCurrentOnly>false</hideElementsInCurrentOnly>
<lineWidth>1</lineWidth>
<points>
<point x="1699" y="4219"/>
<point x="1948" y="4219"/>
</points>
</Connector>
<Connector class="oracle.dbtools.crest.swingui.relational.TVFKRelation" oid="FD00EEE1-4E50-155B-0955-98E021914A0B" otype="FKIndexAssociation" vid_source="3ADD8794-24D2-7D6F-3CE1-27742886323D" vid_target="DF63075C-4B35-628D-8F90-FD4E241EC1B1">
<hideElementsInCurrentOnly>false</hideElementsInCurrentOnly>
<lineWidth>1</lineWidth>
<points>
<point x="281" y="3728"/>
<point x="405" y="3728"/>
</points>
</Connector>
<Connector class="oracle.dbtools.crest.swingui.relational.TVFKRelation" oid="FF9DB749-0559-7D6D-D848-C5511BCDFD33" otype="FKIndexAssociation" vid_source="C6574C0C-431F-C1EA-29CB-A92327C4A095" vid_target="DF337C57-6977-3451-5BFE-1159C2591D50">
<hideElementsInCurrentOnly>false</hideElementsInCurrentOnly>
<lineWidth>1</lineWidth>
<points>
<point x="279" y="140"/>
<point x="357" y="140"/>
</points>
</Connector>
</connectors>
</Diagram>