<?xml version = '1.0' encoding = 'UTF-8'?>
<StorageDesignSqlServerv2k12 class="oracle.dbtools.crest.model.design.storage.sqlserver.v2k12.StorageDesignSqlServerv2k12" name="SQL Server 2012" id="B2B77EDD-F651-FE9F-443C-B5981FAC5E61" siteID="980FCE9E-D688-BDF0-C89A-C9FB2DCAED45" siteName="SQL Server 2012" siteType="13">
<createdBy>88641</createdBy>
<createdTime>2018-02-22 22:55:02 UTC</createdTime>
<ownerDesignName>My_Test_1</ownerDesignName>
<dtdialogVisible>false</dtdialogVisible>
<imported>false</imported>
</StorageDesignSqlServerv2k12>