<?xml version = '1.0' encoding = 'UTF-8'?>
<Diagram class="oracle.dbtools.crest.swingui.relational.DPVRelational" name="BPM_Event_data_model" id="DB85ADBE-F300-3BDF-E703-93407D7D90B5">
<createdBy>50472</createdBy>
<createdTime>2013-08-08 16:19:03 UTC</createdTime>
<autoRoute>false</autoRoute>
<boxInbox>true</boxInbox>
<showLegend>false</showLegend>
<showLabels>false</showLabels>
<showGrid>false</showGrid>
<diagramColor>-1</diagramColor>
<display>false</display>
<notation>1</notation>
<showSchemaName>false</showSchemaName>
<objectViews>
<OView class="oracle.dbtools.crest.swingui.relational.TVTable" oid="052F792C-FCCF-124C-4CC2-BD8B66FB7FF2" otype="Table" vid="B16258E0-691D-8978-0E50-1389AF57B574">
<bounds x="960" y="926" width="245" height="148"/>
</OView>
<OView class="oracle.dbtools.crest.swingui.relational.TVTable" oid="16AB0FE5-76B1-E810-B282-7726DCB813AB" otype="Table" vid="62723F07-18A2-DC94-6108-5BE326E92B88">
<bounds x="305" y="1549" width="283" height="296"/>
</OView>
<OView class="oracle.dbtools.crest.swingui.relational.TVTable" oid="2462985C-5F37-749E-842C-9200F22184E1" otype="Table" vid="8F790BC9-DB5B-1E03-8B3C-B80EB06B0DD9">
<bounds x="898" y="1560" width="304" height="89"/>
</OView>
<OView class="oracle.dbtools.crest.swingui.relational.TVTable" oid="25F35553-9BEB-7AFC-75D1-1E7362B5E30C" otype="Table" vid="711084F7-4FAC-1537-C98F-5D3029E78FD2">
<bounds x="302" y="291" width="203" height="132"/>
</OView>
<OView class="oracle.dbtools.crest.swingui.relational.TVTable" oid="28782BF2-780D-6708-2D18-BF8E7FE36215" otype="Table" vid="822C285B-40A8-23C8-734B-4735A22BDB09">
<bounds x="14" y="558" width="223" height="89"/>
</OView>
<OView class="oracle.dbtools.crest.swingui.relational.TVTable" oid="31DC3762-421F-18DB-C917-68FDDD7F72BB" otype="Table" vid="1383D6A5-FDA3-9E66-9D22-C08133603DE6">
<bounds x="631" y="2136" width="164" height="74"/>
</OView>
<OView class="oracle.dbtools.crest.swingui.relational.TVTable" oid="3A61B59C-3DF7-7609-CD68-F54CAD7C1291" otype="Table" vid="11289878-4479-76F3-372C-0FC6E42CD09C">
<bounds x="14" y="15" width="191" height="117"/>
</OView>
<OView class="oracle.dbtools.crest.swingui.relational.TVTable" oid="3F53C043-054B-EB65-6082-83F1C23A54BE" otype="Table" vid="1D245278-1934-6B4A-7638-AA11A7297AE5">
<bounds x="16" y="397" width="220" height="133"/>
</OView>
<OView class="oracle.dbtools.crest.swingui.relational.TVTable" oid="41F9781F-2707-A7A9-5733-64F1CE024CC5" otype="Table" vid="CC436C3D-7D19-1A91-3C0D-7BDABE5A2F20">
<bounds x="15" y="271" width="198" height="117"/>
</OView>
<OView class="oracle.dbtools.crest.swingui.relational.TVTable" oid="458C419E-B7FC-1FD4-854E-A5AA32656577" otype="Table" vid="50CF1772-A095-4A23-14A1-404354248D09">
<bounds x="990" y="1129" width="217" height="117"/>
</OView>
<OView class="oracle.dbtools.crest.swingui.relational.TVTable" oid="54503BC2-5A96-C830-CA04-0DE4C80BEA7A" otype="Table" vid="791CAC2D-FADC-365C-B4BC-674BA4CBB284">
<bounds x="349" y="1919" width="244" height="372"/>
</OView>
<OView class="oracle.dbtools.crest.swingui.relational.TVTable" oid="54F05777-63B1-5EA0-C3C2-29F0B9BFB99F" otype="Table" vid="98D9F44E-B0B7-B6AA-4B8F-B080CAC852F3">
<bounds x="20" y="2179" width="290" height="163"/>
</OView>
<OView class="oracle.dbtools.crest.swingui.relational.TVTable" oid="5FB09B04-8355-8A86-E54B-F5AD7F6C3C0A" otype="Table" vid="E178AACC-BF13-B4F7-0592-2115FFEC0E17">
<bounds x="540" y="941" width="254" height="132"/>
</OView>
<OView class="oracle.dbtools.crest.swingui.relational.TVTable" oid="60CD1CF4-603E-9B52-ED63-2F99EFA9D4B1" otype="Table" vid="73F31982-141A-C648-B994-82929C043A2D">
<bounds x="32" y="975" width="290" height="132"/>
</OView>
<OView class="oracle.dbtools.crest.swingui.relational.TVTable" oid="84F62E1B-0263-198E-522D-BE08A9B00152" otype="Table" vid="858E2E8A-C14F-3C0B-95E1-2B9BB3FA4387">
<bounds x="651" y="1707" width="323" height="133"/>
</OView>
<OView class="oracle.dbtools.crest.swingui.relational.TVTable" oid="8E071099-307C-A79A-901E-4332B33DA2C8" otype="Table" vid="84BE8ABA-DF8A-F646-42B1-7115D3A62C07">
<bounds x="327" y="699" width="260" height="177"/>
</OView>
<OView class="oracle.dbtools.crest.swingui.relational.TVTable" oid="95F8A368-3186-606C-DD67-748509BD232C" otype="Table" vid="C77A4542-F85E-67C5-58F1-A2230FDA4E0A">
<bounds x="190" y="1165" width="334" height="132"/>
</OView>
<OView class="oracle.dbtools.crest.swingui.relational.TVTable" oid="9BF8C188-C299-9DC7-A585-D83E5008240D" otype="Table" vid="064AC749-615E-2543-8846-AFB723504F64">
<bounds x="1004" y="179" width="235" height="147"/>
</OView>
<OView class="oracle.dbtools.crest.swingui.relational.TVTable" oid="9C2037DA-CDCD-8C67-FF42-5E64B575F36F" otype="Table" vid="FF24F6A7-503A-2DCC-2F34-A4483FF947D4">
<bounds x="628" y="1867" width="255" height="254"/>
</OView>
<OView class="oracle.dbtools.crest.swingui.relational.TVTable" oid="A17346F9-5F29-D46F-DF96-405E82C2F2C5" otype="Table" vid="213CDBF3-9390-5485-F5F4-ED111488C0C3">
<bounds x="597" y="1162" width="298" height="352"/>
</OView>
<OView class="oracle.dbtools.crest.swingui.relational.TVTable" oid="A89A1E58-3158-86D1-F39C-F09804666E53" otype="Table" vid="0B140D01-C21E-A70A-E7C0-6266ED9F7BBC">
<bounds x="21" y="805" width="238" height="132"/>
</OView>
<OView class="oracle.dbtools.crest.swingui.relational.TVTable" oid="A9399AEF-828A-8835-BBCB-9587730F3E89" otype="Table" vid="BE6BC630-3365-67A5-65A5-3765415AEC21">
<bounds x="922" y="1263" width="291" height="254"/>
</OView>
<OView class="oracle.dbtools.crest.swingui.relational.TVTable" oid="AA6AF9CE-2CB3-986C-CE3E-E17DB5B80CFC" otype="Table" vid="FE105D3A-64C4-9D02-871A-9316B6BA3CE3">
<bounds x="583" y="406" width="291" height="223"/>
</OView>
<OView class="oracle.dbtools.crest.swingui.relational.TVTable" oid="AB2E5589-C2AE-5212-556A-5EE24D398D91" otype="Table" vid="C18A7BF4-83C1-260A-8208-2E558B387D20">
<bounds x="647" y="699" width="235" height="177"/>
</OView>
<OView class="oracle.dbtools.crest.swingui.relational.TVTable" oid="B8866699-C5EF-002D-25EA-6D157B1E96CC" otype="Table" vid="10B4DAFB-182A-DB1F-3ADF-55AF38F55831">
<bounds x="14" y="1523" width="262" height="133"/>
</OView>
<OView class="oracle.dbtools.crest.swingui.relational.TVTable" oid="BE49A910-1C85-8700-4BBB-8A7680E1B78E" otype="Table" vid="4AF20396-80EA-CCC7-164E-BD9B6B72794C">
<bounds x="643" y="1557" width="190" height="104"/>
</OView>
<OView class="oracle.dbtools.crest.swingui.relational.TVTable" oid="C5140603-2685-F5BD-32D0-814427B0F1C9" otype="Table" vid="F2097BC1-5EBA-A72D-7C1C-13D6F5DFC52D">
<bounds x="1031" y="31" width="209" height="117"/>
</OView>
<OView class="oracle.dbtools.crest.swingui.relational.TVTable" oid="C6B39CCA-D764-1386-B89B-A724D5E6E745" otype="Table" vid="B42C3921-0AFE-1C5D-9B59-C98CDD6F36F3">
<bounds x="301" y="19" width="309" height="222"/>
</OView>
<OView class="oracle.dbtools.crest.swingui.relational.TVTable" oid="C876EF33-0A4D-1398-E017-DFDB9301E483" otype="Table" vid="CEE8E8FE-46C1-1693-9338-14497DF4C9EE">
<bounds x="16" y="145" width="200" height="117"/>
</OView>
<OView class="oracle.dbtools.crest.swingui.relational.TVTable" oid="D08B3768-F01C-3DDD-87C3-9F49C42A730B" otype="Table" vid="40554644-D9A6-BB04-ED22-DCED8AB529F1">
<bounds x="17" y="670" width="201" height="117"/>
</OView>
<OView class="oracle.dbtools.crest.swingui.relational.TVTable" oid="D76E1762-DB82-9FD1-372E-2FBD40E059EF" otype="Table" vid="866C0098-79EF-C54E-0452-8B797684D578">
<bounds x="913" y="1865" width="268" height="207"/>
</OView>
<OView class="oracle.dbtools.crest.swingui.relational.TVTable" oid="DF313110-61C5-96CE-2AF2-CE68481FF30D" otype="Table" vid="47C54B1B-40C1-C883-A202-07F148ECCFDB">
<bounds x="15" y="1675" width="222" height="193"/>
</OView>
<OView class="oracle.dbtools.crest.swingui.relational.TVTable" oid="ED6453DC-BD0C-6056-32CF-3C36292B1667" otype="Table" vid="A7426FD2-5C42-6CE4-6D92-4872FCD48F67">
<bounds x="954" y="629" width="412" height="250"/>
</OView>
<OView class="oracle.dbtools.crest.swingui.relational.TVTable" oid="F898DF32-C625-ADCD-64E8-30BAB089C3F4" otype="Table" vid="B5BACDD2-8152-E6D9-8D6D-C2EB6986F75D">
<bounds x="17" y="1889" width="251" height="268"/>
</OView>
<OView class="oracle.dbtools.crest.swingui.relational.TVTable" oid="F8AE0F02-90C9-50BB-611B-9E9F673BB1CF" otype="Table" vid="E8AB9A11-05F9-2D05-D36C-AC572570C254">
<bounds x="687" y="28" width="283" height="133"/>
</OView>
<OView class="oracle.dbtools.crest.swingui.relational.TVTable" oid="F9191379-A633-15D4-112E-17E3CB31A468" otype="Table" vid="0822A0D8-5209-3CF5-C768-1440A37D5BA0">
<bounds x="925" y="368" width="296" height="192"/>
</OView>
<OView class="oracle.dbtools.crest.swingui.relational.TVTable" oid="FFDB8D34-82C2-E8CD-9F35-A6B6FAFD8DD5" otype="Table" vid="04844FE8-79EA-001A-E804-BAF614CAF222">
<bounds x="14" y="1316" width="322" height="190"/>
</OView>
</objectViews>
<connectors>
<Connector class="oracle.dbtools.crest.swingui.relational.TVFKRelation" oid="10263619-7D25-FEE0-F50B-523334B2411B" otype="FKIndexAssociation" vid_source="CEE8E8FE-46C1-1693-9338-14497DF4C9EE" vid_target="B42C3921-0AFE-1C5D-9B59-C98CDD6F36F3">
<lineWidth>1</lineWidth>
<points>
<point x="216" y="193"/>
<point x="301" y="103"/>
</points>
</Connector>
<Connector class="oracle.dbtools.crest.swingui.relational.TVFKRelation" oid="1A860A14-3FDD-5DD9-AA20-0FD17A7DF8A1" otype="FKIndexAssociation" vid_source="064AC749-615E-2543-8846-AFB723504F64" vid_target="0822A0D8-5209-3CF5-C768-1440A37D5BA0">
<lineWidth>1</lineWidth>
<points>
<point x="1112" y="326"/>
<point x="1112" y="368"/>
</points>
</Connector>
<Connector class="oracle.dbtools.crest.swingui.relational.TVFKRelation" oid="270E519E-0EAB-9BF0-55D7-92AAEDE2493F" otype="FKIndexAssociation" vid_source="50CF1772-A095-4A23-14A1-404354248D09" vid_target="B16258E0-691D-8978-0E50-1389AF57B574">
<lineWidth>1</lineWidth>
<points>
<point x="1097" y="1129"/>
<point x="1097" y="1074"/>
</points>
</Connector>
<Connector class="oracle.dbtools.crest.swingui.relational.TVFKRelation" oid="2886F5A8-BEFF-5C8A-42E4-B5B14DA042A6" otype="FKIndexAssociation" vid_source="B16258E0-691D-8978-0E50-1389AF57B574" vid_target="213CDBF3-9390-5485-F5F4-ED111488C0C3">
<lineWidth>1</lineWidth>
<points>
<point x="960" y="1013"/>
<point x="821" y="1162"/>
</points>
</Connector>
<Connector class="oracle.dbtools.crest.swingui.relational.TVFKRelation" oid="2DEF8FC4-1CBF-02D2-3F59-8396B0BAA78F" otype="FKIndexAssociation" vid_source="0822A0D8-5209-3CF5-C768-1440A37D5BA0" vid_target="A7426FD2-5C42-6CE4-6D92-4872FCD48F67">
<lineWidth>1</lineWidth>
<points>
<point x="1087" y="560"/>
<point x="1087" y="629"/>
</points>
</Connector>
<Connector class="oracle.dbtools.crest.swingui.relational.TVFKRelation" oid="3060A46C-990B-FC59-BC46-B4875A318B1A" otype="FKIndexAssociation" vid_source="711084F7-4FAC-1537-C98F-5D3029E78FD2" vid_target="213CDBF3-9390-5485-F5F4-ED111488C0C3">
<lineWidth>1</lineWidth>
<points>
<point x="433" y="423"/>
<point x="746" y="1162"/>
</points>
</Connector>
<Connector class="oracle.dbtools.crest.swingui.relational.TVFKRelation" oid="427423C1-69FD-3FF1-C61D-8430B4A82064" otype="FKIndexAssociation" vid_source="858E2E8A-C14F-3C0B-95E1-2B9BB3FA4387" vid_target="62723F07-18A2-DC94-6108-5BE326E92B88">
<lineWidth>1</lineWidth>
<points>
<point x="651" y="1773"/>
<point x="588" y="1773"/>
</points>
</Connector>
<Connector class="oracle.dbtools.crest.swingui.relational.TVFKRelation" oid="48E1BC20-E72B-80DF-0669-8937CDEDA498" otype="FKIndexAssociation" vid_source="B42C3921-0AFE-1C5D-9B59-C98CDD6F36F3" vid_target="84BE8ABA-DF8A-F646-42B1-7115D3A62C07">
<lineWidth>1</lineWidth>
<points>
<point x="457" y="241"/>
<point x="457" y="699"/>
</points>
</Connector>
<Connector class="oracle.dbtools.crest.swingui.relational.TVFKRelation" oid="4B921C69-CA84-2FE6-B4E6-9EB75D0727EF" otype="FKIndexAssociation" vid_source="84BE8ABA-DF8A-F646-42B1-7115D3A62C07" vid_target="C18A7BF4-83C1-260A-8208-2E558B387D20">
<lineWidth>1</lineWidth>
<points>
<point x="587" y="787"/>
<point x="647" y="787"/>
</points>
</Connector>
<Connector class="oracle.dbtools.crest.swingui.relational.TVFKRelation" oid="5E737C25-C136-E65E-D908-32350637D036" otype="FKIndexAssociation" vid_source="FE105D3A-64C4-9D02-871A-9316B6BA3CE3" vid_target="A7426FD2-5C42-6CE4-6D92-4872FCD48F67">
<lineWidth>1</lineWidth>
<points>
<point x="874" y="531"/>
<point x="954" y="629"/>
</points>
</Connector>
<Connector class="oracle.dbtools.crest.swingui.relational.TVFKRelation" oid="61FE4D0E-A1EF-9123-0F4F-71FC4C5189F9" otype="FKIndexAssociation" vid_source="711084F7-4FAC-1537-C98F-5D3029E78FD2" vid_target="E8AB9A11-05F9-2D05-D36C-AC572570C254">
<lineWidth>1</lineWidth>
<points>
<point x="505" y="337"/>
<point x="828" y="161"/>
</points>
</Connector>
<Connector class="oracle.dbtools.crest.swingui.relational.TVFKRelation" oid="635C67A5-D2CE-FE46-03AD-705118886591" otype="FKIndexAssociation" vid_source="F2097BC1-5EBA-A72D-7C1C-13D6F5DFC52D" vid_target="064AC749-615E-2543-8846-AFB723504F64">
<lineWidth>1</lineWidth>
<points>
<point x="1135" y="148"/>
<point x="1135" y="179"/>
</points>
</Connector>
<Connector class="oracle.dbtools.crest.swingui.relational.TVFKRelation" oid="6B6D80B3-BA13-1EF5-4606-87B212A718B2" otype="FKIndexAssociation" vid_source="40554644-D9A6-BB04-ED22-DCED8AB529F1" vid_target="213CDBF3-9390-5485-F5F4-ED111488C0C3">
<lineWidth>1</lineWidth>
<points>
<point x="218" y="752"/>
<point x="597" y="1238"/>
</points>
</Connector>
<Connector class="oracle.dbtools.crest.swingui.relational.TVFKRelation" oid="6D4D35A0-0279-DC64-68CF-67B9E4966ED5" otype="FKIndexAssociation" vid_source="FE105D3A-64C4-9D02-871A-9316B6BA3CE3" vid_target="B16258E0-691D-8978-0E50-1389AF57B574">
<lineWidth>1</lineWidth>
<points>
<point x="874" y="606"/>
<point x="960" y="952"/>
</points>
</Connector>
<Connector class="oracle.dbtools.crest.swingui.relational.TVFKRelation" oid="7C36624E-1D17-C7FF-AD1B-B2994EBCE4A5" otype="FKIndexAssociation" vid_source="711084F7-4FAC-1537-C98F-5D3029E78FD2" vid_target="FE105D3A-64C4-9D02-871A-9316B6BA3CE3">
<lineWidth>1</lineWidth>
<points>
<point x="505" y="366"/>
<point x="583" y="475"/>
</points>
</Connector>
<Connector class="oracle.dbtools.crest.swingui.relational.TVFKRelation" oid="7C6BFD58-925E-7776-719B-AEF3E010A8CB" otype="FKIndexAssociation" vid_source="B42C3921-0AFE-1C5D-9B59-C98CDD6F36F3" vid_target="FE105D3A-64C4-9D02-871A-9316B6BA3CE3">
<lineWidth>1</lineWidth>
<points>
<point x="596" y="241"/>
<point x="596" y="406"/>
</points>
</Connector>
<Connector class="oracle.dbtools.crest.swingui.relational.TVFKRelation" oid="7FF9B7E9-C37D-24D1-C4AA-96F977D2AA35" otype="FKIndexAssociation" vid_source="73F31982-141A-C648-B994-82929C043A2D" vid_target="0B140D01-C21E-A70A-E7C0-6266ED9F7BBC">
<lineWidth>1</lineWidth>
<points>
<point x="145" y="975"/>
<point x="145" y="937"/>
</points>
</Connector>
<Connector class="oracle.dbtools.crest.swingui.relational.TVFKRelation" oid="805F4562-8639-4708-F7B8-D189204EBD5F" otype="FKIndexAssociation" vid_source="822C285B-40A8-23C8-734B-4735A22BDB09" vid_target="711084F7-4FAC-1537-C98F-5D3029E78FD2">
<lineWidth>1</lineWidth>
<points>
<point x="237" y="600"/>
<point x="351" y="423"/>
</points>
</Connector>
<Connector class="oracle.dbtools.crest.swingui.relational.TVFKRelation" oid="8593582B-4C69-C218-B998-F14488CFDDC8" otype="FKIndexAssociation" vid_source="0B140D01-C21E-A70A-E7C0-6266ED9F7BBC" vid_target="84BE8ABA-DF8A-F646-42B1-7115D3A62C07">
<lineWidth>1</lineWidth>
<points>
<point x="259" y="840"/>
<point x="327" y="840"/>
</points>
</Connector>
<Connector class="oracle.dbtools.crest.swingui.relational.TVFKRelation" oid="8B1E15C8-22DC-A2FE-527F-09C4BB0C072D" otype="FKIndexAssociation" vid_source="84BE8ABA-DF8A-F646-42B1-7115D3A62C07" vid_target="C77A4542-F85E-67C5-58F1-A2230FDA4E0A">
<lineWidth>1</lineWidth>
<points>
<point x="425" y="876"/>
<point x="425" y="1165"/>
</points>
</Connector>
<Connector class="oracle.dbtools.crest.swingui.relational.TVFKRelation" oid="9AC62150-727B-39FD-3A22-D1F9EFE0462C" otype="FKIndexAssociation" vid_source="62723F07-18A2-DC94-6108-5BE326E92B88" vid_target="791CAC2D-FADC-365C-B4BC-674BA4CBB284">
<lineWidth>1</lineWidth>
<points>
<point x="468" y="1845"/>
<point x="468" y="1919"/>
</points>
</Connector>
<Connector class="oracle.dbtools.crest.swingui.relational.TVFKRelation" oid="B381B697-5C8C-58B8-76C3-F3976B01A5B7" otype="FKIndexAssociation" vid_source="CC436C3D-7D19-1A91-3C0D-7BDABE5A2F20" vid_target="B42C3921-0AFE-1C5D-9B59-C98CDD6F36F3">
<lineWidth>1</lineWidth>
<points>
<point x="213" y="329"/>
<point x="301" y="130"/>
</points>
</Connector>
<Connector class="oracle.dbtools.crest.swingui.relational.TVFKRelation" oid="C242BE48-3D4F-A8CE-6450-8569095A0BF8" otype="FKIndexAssociation" vid_source="0822A0D8-5209-3CF5-C768-1440A37D5BA0" vid_target="E8AB9A11-05F9-2D05-D36C-AC572570C254">
<lineWidth>1</lineWidth>
<points>
<point x="947" y="368"/>
<point x="947" y="161"/>
</points>
</Connector>
<Connector class="oracle.dbtools.crest.swingui.relational.TVFKRelation" oid="C2ABBEC4-1677-CE95-0CD5-23530B459978" otype="FKIndexAssociation" vid_source="11289878-4479-76F3-372C-0FC6E42CD09C" vid_target="B42C3921-0AFE-1C5D-9B59-C98CDD6F36F3">
<lineWidth>1</lineWidth>
<points>
<point x="205" y="75"/>
<point x="301" y="75"/>
</points>
</Connector>
<Connector class="oracle.dbtools.crest.swingui.relational.TVFKRelation" oid="C89B769B-90C7-B151-F5F1-629B94178AD0" otype="FKIndexAssociation" vid_source="40554644-D9A6-BB04-ED22-DCED8AB529F1" vid_target="FE105D3A-64C4-9D02-871A-9316B6BA3CE3">
<lineWidth>1</lineWidth>
<points>
<point x="218" y="728"/>
<point x="583" y="517"/>
</points>
</Connector>
<Connector class="oracle.dbtools.crest.swingui.relational.TVFKRelation" oid="D5E60C6D-D0FE-1DA8-DF32-2DFF49A8F076" otype="FKIndexAssociation" vid_source="B16258E0-691D-8978-0E50-1389AF57B574" vid_target="A7426FD2-5C42-6CE4-6D92-4872FCD48F67">
<lineWidth>1</lineWidth>
<points>
<point x="1082" y="926"/>
<point x="1082" y="879"/>
</points>
</Connector>
<Connector class="oracle.dbtools.crest.swingui.relational.TVFKRelation" oid="D6BBCB28-A500-9908-62BB-A3FFBE6F1337" otype="FKIndexAssociation" vid_source="84BE8ABA-DF8A-F646-42B1-7115D3A62C07" vid_target="C77A4542-F85E-67C5-58F1-A2230FDA4E0A">
<lineWidth>1</lineWidth>
<points>
<point x="435" y="876"/>
<point x="435" y="1165"/>
</points>
</Connector>
<Connector class="oracle.dbtools.crest.swingui.relational.TVFKRelation" oid="DA980740-0B26-9E65-F4E2-75C1AEAB003E" otype="FKIndexAssociation" vid_source="858E2E8A-C14F-3C0B-95E1-2B9BB3FA4387" vid_target="62723F07-18A2-DC94-6108-5BE326E92B88">
<lineWidth>1</lineWidth>
<points>
<point x="651" y="1763"/>
<point x="588" y="1763"/>
</points>
</Connector>
<Connector class="oracle.dbtools.crest.swingui.relational.TVFKRelation" oid="E16F1FBB-3E83-F397-566F-10D74EC70DA3" otype="FKIndexAssociation" vid_source="E178AACC-BF13-B4F7-0592-2115FFEC0E17" vid_target="C18A7BF4-83C1-260A-8208-2E558B387D20">
<lineWidth>1</lineWidth>
<points>
<point x="720" y="941"/>
<point x="720" y="876"/>
</points>
</Connector>
<Connector class="oracle.dbtools.crest.swingui.relational.TVFKRelation" oid="E540CC05-F37D-829B-4E26-D38ACA73F1C7" otype="FKIndexAssociation" vid_source="4AF20396-80EA-CCC7-164E-BD9B6B72794C" vid_target="62723F07-18A2-DC94-6108-5BE326E92B88">
<lineWidth>1</lineWidth>
<points>
<point x="643" y="1609"/>
<point x="588" y="1609"/>
</points>
</Connector>
<Connector class="oracle.dbtools.crest.swingui.relational.TVFKRelation" oid="E8CEB751-B52F-35A3-DD37-C13DFC578519" otype="FKIndexAssociation" vid_source="FE105D3A-64C4-9D02-871A-9316B6BA3CE3" vid_target="C18A7BF4-83C1-260A-8208-2E558B387D20">
<lineWidth>1</lineWidth>
<points>
<point x="760" y="629"/>
<point x="760" y="699"/>
</points>
</Connector>
<Connector class="oracle.dbtools.crest.swingui.relational.TVFKRelation" oid="EB95C01E-F672-D0B5-015D-3121B54B9E8A" otype="FKIndexAssociation" vid_source="B42C3921-0AFE-1C5D-9B59-C98CDD6F36F3" vid_target="0822A0D8-5209-3CF5-C768-1440A37D5BA0">
<lineWidth>1</lineWidth>
<points>
<point x="610" y="130"/>
<point x="925" y="422"/>
</points>
</Connector>
<Connector class="oracle.dbtools.crest.swingui.relational.TVFKRelation" oid="ECC18FF0-152B-D20F-A42B-31AD0F4C131B" otype="FKIndexAssociation" vid_source="1D245278-1934-6B4A-7638-AA11A7297AE5" vid_target="B42C3921-0AFE-1C5D-9B59-C98CDD6F36F3">
<lineWidth>1</lineWidth>
<points>
<point x="236" y="472"/>
<point x="301" y="211"/>
</points>
</Connector>
<Connector class="oracle.dbtools.crest.swingui.relational.TVFKRelation" oid="F9A069A2-C8A0-729E-723A-7556B942669F" otype="FKIndexAssociation" vid_source="711084F7-4FAC-1537-C98F-5D3029E78FD2" vid_target="62723F07-18A2-DC94-6108-5BE326E92B88">
<lineWidth>1</lineWidth>
<points>
<point x="415" y="423"/>
<point x="415" y="1549"/>
</points>
</Connector>
</connectors>
</Diagram>